"","Fantasy","Empathic Concern","Perspective Taking","Personal Distress","Total IRI","Mean Judgment"
"Fantasy",1,0.431962379839315,0.481632958602491,0.480212559948294,0.792686506108952,0.0618364780261242
"Empathic Concern",0.431962379839315,1,0.453696819856351,0.640591903041109,0.79879328658063,-0.00269608804483785
"Perspective Taking",0.481632958602491,0.453696819856351,1,0.300822293422975,0.74382067006855,0.162044686769898
"Personal Distress",0.480212559948294,0.640591903041109,0.300822293422975,1,0.755559060768177,-0.0088075871677505
"Total IRI",0.792686506108952,0.79879328658063,0.74382067006855,0.755559060768177,1,0.0751753781748511
"Mean Judgment",0.0618364780261242,-0.00269608804483785,0.162044686769898,-0.0088075871677505,0.0751753781748511,1
