"","Fantasy","Empathic Concern","Perspective Taking","Personal Distress","Total IRI","Mean Judgment"
"Fantasy",1,0.500392459865893,0.553570264849159,0.508588094776173,0.829963695140075,-0.0304964449624481
"Empathic Concern",0.500392459865893,1,0.424190899937537,0.648732478407846,0.817862632529671,-0.116439414520078
"Perspective Taking",0.553570264849159,0.424190899937537,1,0.301151658164631,0.73040835108562,0.0739676778709957
"Personal Distress",0.508588094776173,0.648732478407846,0.301151658164631,1,0.76179683657758,-0.00983424627050008
"Total IRI",0.829963695140075,0.817862632529671,0.73040835108562,0.76179683657758,1,-0.0289389088774708
"Mean Judgment",-0.0304964449624481,-0.116439414520078,0.0739676778709957,-0.00983424627050008,-0.0289389088774708,1
