"Scale","Mean","SD"
"IRI total",2.23005565862709,0.451623663561419
"Fantasy",1.96660482374768,0.644690828363651
"Empathic concern",2.33603896103896,0.481252025055437
"Perspective taking",2.57513914656772,0.629123999248744
"Personal distress",1.99350649350649,0.599367087262503
