"Scale","Mean","SD"
"IRI total",2.23510409188801,0.469860401702349
"Fantasy",2,0.661233269905135
"Empathic concern",2.29899497487437,0.545689254613725
"Perspective taking",2.53553481694185,0.587388693994334
"Personal distress",2.07370184254606,0.599649802769746
