"Scale","Items","Mean","SD","Min","Max","Alpha"
"IRI total",28,2.19552860932171,0.447982720744849,1.03571428571429,3.25,0.767052222983332
"Fantasy",7,2.11083743842365,0.722530414162685,0.285714285714286,4,0.6438332407068
"Empathic concern",8,2.22198275862069,0.484995875959291,1.125,3.125,0.299082956117926
"Perspective taking",7,2.48768472906404,0.664713114861464,0.571428571428571,3.71428571428571,0.59731846801535
"Personal distress",6,1.91781609195402,0.634708126724614,0,3,0.520976111849723
