"session","id","id_case","stage","role","age","ses","sex_female","faculty_player","iri_fs","iri_ec","iri_pt","iri_pd","target","judgement","decision_target","decision_other","faculty_target","faculty_other","faculty_victim","group_target","group_other","n_match","obs_group","source_row_number"
1,1,"1s1",1,0,22,4,0,1,1.42857142857143,0.857142857142857,1.28571428571429,1.42857142857143,1,-9,1,0,0,0,1,0,0,1,1,1
1,1,"1s1",1,0,22,4,0,1,1.42857142857143,0.857142857142857,1.28571428571429,1.42857142857143,2,9,0,1,0,0,1,0,0,1,1,2
1,1,"1s2",2,0,22,4,0,1,1.42857142857143,0.857142857142857,1.28571428571429,1.42857142857143,1,9,0,1,1,1,2,1,1,1,2,3
1,1,"1s2",2,0,22,4,0,1,1.42857142857143,0.857142857142857,1.28571428571429,1.42857142857143,2,9,1,0,1,1,2,1,1,1,2,4
1,1,"1s3",3,0,22,4,0,1,1.42857142857143,0.857142857142857,1.28571428571429,1.42857142857143,1,-9,1,0,0,0,2,0,0,1,2,5
1,1,"1s3",3,0,22,4,0,1,1.42857142857143,0.857142857142857,1.28571428571429,1.42857142857143,2,9,0,1,0,0,2,0,0,1,2,6
1,1,"1s4",4,0,22,4,0,1,1.42857142857143,0.857142857142857,1.28571428571429,1.42857142857143,1,9,0,1,0,0,2,0,0,1,2,7
1,1,"1s4",4,0,22,4,0,1,1.42857142857143,0.857142857142857,1.28571428571429,1.42857142857143,2,9,1,0,0,0,2,0,0,1,2,8
1,1,"1s5",5,0,22,4,0,1,1.42857142857143,0.857142857142857,1.28571428571429,1.42857142857143,1,9,0,0,2,2,2,2,2,1,2,9
1,1,"1s5",5,0,22,4,0,1,1.42857142857143,0.857142857142857,1.28571428571429,1.42857142857143,2,9,0,0,2,2,2,2,2,1,2,10
1,1,"1s6",6,1,22,4,0,1,1.42857142857143,0.857142857142857,1.28571428571429,1.42857142857143,1,9,0,1,2,0,,2,0,0,,11
1,1,"1s6",6,1,22,4,0,1,1.42857142857143,0.857142857142857,1.28571428571429,1.42857142857143,2,-9,1,0,0,2,,0,2,0,,12
1,1,"1s7",7,1,22,4,0,1,1.42857142857143,0.857142857142857,1.28571428571429,1.42857142857143,1,-9,1,0,2,1,,2,1,0,,13
1,1,"1s7",7,1,22,4,0,1,1.42857142857143,0.857142857142857,1.28571428571429,1.42857142857143,2,9,0,1,1,2,,1,2,0,,14
1,1,"1s8",8,1,22,4,0,1,1.42857142857143,0.857142857142857,1.28571428571429,1.42857142857143,1,0,1,0,2,0,,2,0,0,,15
1,1,"1s8",8,1,22,4,0,1,1.42857142857143,0.857142857142857,1.28571428571429,1.42857142857143,2,0,0,1,0,2,,0,2,0,,16
1,1,"1s9",9,1,22,4,0,1,1.42857142857143,0.857142857142857,1.28571428571429,1.42857142857143,1,1,0,1,0,2,,0,2,0,,17
1,1,"1s9",9,1,22,4,0,1,1.42857142857143,0.857142857142857,1.28571428571429,1.42857142857143,2,-9,1,0,2,0,,2,0,0,,18
1,1,"1s10",10,1,22,4,0,1,1.42857142857143,0.857142857142857,1.28571428571429,1.42857142857143,1,9,0,0,2,2,,2,2,1,,19
1,1,"1s10",10,1,22,4,0,1,1.42857142857143,0.857142857142857,1.28571428571429,1.42857142857143,2,9,0,0,2,2,,2,2,1,,20
1,2,"2s1",1,0,18,2,1,1,2.57142857142857,2.71428571428571,2.71428571428571,1.71428571428571,1,5,0,1,2,2,1,2,2,1,1,21
1,2,"2s1",1,0,18,2,1,1,2.57142857142857,2.71428571428571,2.71428571428571,1.71428571428571,2,5,1,0,2,2,1,2,2,1,1,22
1,2,"2s2",2,0,18,2,1,1,2.57142857142857,2.71428571428571,2.71428571428571,1.71428571428571,1,9,0,0,1,2,2,1,2,0,2,23
1,2,"2s2",2,0,18,2,1,1,2.57142857142857,2.71428571428571,2.71428571428571,1.71428571428571,2,9,0,0,2,1,2,2,1,0,2,24
1,2,"2s3",3,0,18,2,1,1,2.57142857142857,2.71428571428571,2.71428571428571,1.71428571428571,1,-3,1,1,0,2,1,0,2,0,1,25
1,2,"2s3",3,0,18,2,1,1,2.57142857142857,2.71428571428571,2.71428571428571,1.71428571428571,2,-3,1,1,2,0,1,2,0,0,1,26
1,2,"2s4",4,0,18,2,1,1,2.57142857142857,2.71428571428571,2.71428571428571,1.71428571428571,1,4,1,0,0,2,1,0,2,0,1,27
1,2,"2s4",4,0,18,2,1,1,2.57142857142857,2.71428571428571,2.71428571428571,1.71428571428571,2,-5,0,1,2,0,1,2,0,0,1,28
1,2,"2s5",5,0,18,2,1,1,2.57142857142857,2.71428571428571,2.71428571428571,1.71428571428571,1,3,0,1,2,0,1,2,0,0,1,29
1,2,"2s5",5,0,18,2,1,1,2.57142857142857,2.71428571428571,2.71428571428571,1.71428571428571,2,-5,1,0,0,2,1,0,2,0,1,30
1,2,"2s6",6,1,18,2,1,1,2.57142857142857,2.71428571428571,2.71428571428571,1.71428571428571,1,-5,0,1,0,0,,0,0,1,,31
1,2,"2s6",6,1,18,2,1,1,2.57142857142857,2.71428571428571,2.71428571428571,1.71428571428571,2,-5,1,0,0,0,,0,0,1,,32
1,2,"2s7",7,1,18,2,1,1,2.57142857142857,2.71428571428571,2.71428571428571,1.71428571428571,1,-9,0,0,0,2,,0,2,0,,33
1,2,"2s7",7,1,18,2,1,1,2.57142857142857,2.71428571428571,2.71428571428571,1.71428571428571,2,-9,0,0,2,0,,2,0,0,,34
1,2,"2s8",8,1,18,2,1,1,2.57142857142857,2.71428571428571,2.71428571428571,1.71428571428571,1,9,1,0,1,1,,1,1,1,,35
1,2,"2s8",8,1,18,2,1,1,2.57142857142857,2.71428571428571,2.71428571428571,1.71428571428571,2,9,0,1,1,1,,1,1,1,,36
1,2,"2s9",9,1,18,2,1,1,2.57142857142857,2.71428571428571,2.71428571428571,1.71428571428571,1,1,0,1,0,1,,0,1,0,,37
1,2,"2s9",9,1,18,2,1,1,2.57142857142857,2.71428571428571,2.71428571428571,1.71428571428571,2,-4,1,0,1,0,,1,0,0,,38
1,2,"2s10",10,1,18,2,1,1,2.57142857142857,2.71428571428571,2.71428571428571,1.71428571428571,1,5,0,0,2,1,,2,1,0,,39
1,2,"2s10",10,1,18,2,1,1,2.57142857142857,2.71428571428571,2.71428571428571,1.71428571428571,2,5,0,0,1,2,,1,2,0,,40
1,3,"3s1",1,1,18,3,1,1,3.71428571428571,2,0.857142857142857,2.28571428571429,1,5,0,1,1,1,,1,1,1,,41
1,3,"3s1",1,1,18,3,1,1,3.71428571428571,2,0.857142857142857,2.28571428571429,2,-5,1,0,1,1,,1,1,1,,42
1,3,"3s2",2,1,18,3,1,1,3.71428571428571,2,0.857142857142857,2.28571428571429,1,0,1,1,2,2,,2,2,1,,43
1,3,"3s2",2,1,18,3,1,1,3.71428571428571,2,0.857142857142857,2.28571428571429,2,0,1,1,2,2,,2,2,1,,44
1,3,"3s3",3,1,18,3,1,1,3.71428571428571,2,0.857142857142857,2.28571428571429,1,9,0,1,2,0,,2,0,0,,45
1,3,"3s3",3,1,18,3,1,1,3.71428571428571,2,0.857142857142857,2.28571428571429,2,-9,1,0,0,2,,0,2,0,,46
1,3,"3s4",4,1,18,3,1,1,3.71428571428571,2,0.857142857142857,2.28571428571429,1,-9,1,0,2,0,,2,0,0,,47
1,3,"3s4",4,1,18,3,1,1,3.71428571428571,2,0.857142857142857,2.28571428571429,2,9,0,1,0,2,,0,2,0,,48
1,3,"3s5",5,1,18,3,1,1,3.71428571428571,2,0.857142857142857,2.28571428571429,1,9,0,0,1,2,,1,2,0,,49
1,3,"3s5",5,1,18,3,1,1,3.71428571428571,2,0.857142857142857,2.28571428571429,2,9,0,0,2,1,,2,1,0,,50
1,3,"3s6",6,0,18,3,1,1,3.71428571428571,2,0.857142857142857,2.28571428571429,1,9,0,1,0,2,1,0,2,0,1,51
1,3,"3s6",6,0,18,3,1,1,3.71428571428571,2,0.857142857142857,2.28571428571429,2,9,1,0,2,0,1,2,0,0,1,52
1,3,"3s7",7,0,18,3,1,1,3.71428571428571,2,0.857142857142857,2.28571428571429,1,9,0,1,0,0,2,0,0,1,2,53
1,3,"3s7",7,0,18,3,1,1,3.71428571428571,2,0.857142857142857,2.28571428571429,2,9,1,0,0,0,2,0,0,1,2,54
1,3,"3s8",8,0,18,3,1,1,3.71428571428571,2,0.857142857142857,2.28571428571429,1,9,0,0,1,0,1,1,0,0,1,55
1,3,"3s8",8,0,18,3,1,1,3.71428571428571,2,0.857142857142857,2.28571428571429,2,9,0,0,0,1,1,0,1,0,1,56
1,3,"3s9",9,0,18,3,1,1,3.71428571428571,2,0.857142857142857,2.28571428571429,1,9,0,1,2,1,2,2,1,0,2,57
1,3,"3s9",9,0,18,3,1,1,3.71428571428571,2,0.857142857142857,2.28571428571429,2,-9,1,0,1,2,2,1,2,0,2,58
1,3,"3s10",10,0,18,3,1,1,3.71428571428571,2,0.857142857142857,2.28571428571429,1,9,1,1,2,0,1,2,0,0,1,59
1,3,"3s10",10,0,18,3,1,1,3.71428571428571,2,0.857142857142857,2.28571428571429,2,9,1,1,0,2,1,0,2,0,1,60
1,4,"4s1",1,1,45,2,1,1,2.28571428571429,3.71428571428571,2.85714285714286,2.28571428571429,1,-9,1,1,2,0,,2,0,0,,61
1,4,"4s1",1,1,45,2,1,1,2.28571428571429,3.71428571428571,2.85714285714286,2.28571428571429,2,-9,1,1,0,2,,0,2,0,,62
1,4,"4s2",2,1,45,2,1,1,2.28571428571429,3.71428571428571,2.85714285714286,2.28571428571429,1,9,0,0,0,0,,0,0,1,,63
1,4,"4s2",2,1,45,2,1,1,2.28571428571429,3.71428571428571,2.85714285714286,2.28571428571429,2,9,0,0,0,0,,0,0,1,,64
1,4,"4s3",3,1,45,2,1,1,2.28571428571429,3.71428571428571,2.85714285714286,2.28571428571429,1,9,0,0,2,1,,2,1,0,,65
1,4,"4s3",3,1,45,2,1,1,2.28571428571429,3.71428571428571,2.85714285714286,2.28571428571429,2,9,0,0,1,2,,1,2,0,,66
1,4,"4s4",4,1,45,2,1,1,2.28571428571429,3.71428571428571,2.85714285714286,2.28571428571429,1,9,0,0,0,1,,0,1,0,,67
1,4,"4s4",4,1,45,2,1,1,2.28571428571429,3.71428571428571,2.85714285714286,2.28571428571429,2,9,0,0,1,0,,1,0,0,,68
1,4,"4s5",5,1,45,2,1,1,2.28571428571429,3.71428571428571,2.85714285714286,2.28571428571429,1,9,0,1,1,2,,1,2,0,,69
1,4,"4s5",5,1,45,2,1,1,2.28571428571429,3.71428571428571,2.85714285714286,2.28571428571429,2,-9,1,0,2,1,,2,1,0,,70
1,4,"4s6",6,0,45,2,1,1,2.28571428571429,3.71428571428571,2.85714285714286,2.28571428571429,1,9,0,0,1,0,2,1,0,0,2,71
1,4,"4s6",6,0,45,2,1,1,2.28571428571429,3.71428571428571,2.85714285714286,2.28571428571429,2,9,0,0,0,1,2,0,1,0,2,72
1,4,"4s7",7,0,45,2,1,1,2.28571428571429,3.71428571428571,2.85714285714286,2.28571428571429,1,9,0,0,1,0,1,1,0,0,1,73
1,4,"4s7",7,0,45,2,1,1,2.28571428571429,3.71428571428571,2.85714285714286,2.28571428571429,2,9,0,0,0,1,1,0,1,0,1,74
1,4,"4s8",8,0,45,2,1,1,2.28571428571429,3.71428571428571,2.85714285714286,2.28571428571429,1,9,0,0,1,1,1,1,1,1,1,75
1,4,"4s8",8,0,45,2,1,1,2.28571428571429,3.71428571428571,2.85714285714286,2.28571428571429,2,9,0,0,1,1,1,1,1,1,1,76
1,4,"4s9",9,0,45,2,1,1,2.28571428571429,3.71428571428571,2.85714285714286,2.28571428571429,1,9,0,1,2,2,1,2,2,1,1,77
1,4,"4s9",9,0,45,2,1,1,2.28571428571429,3.71428571428571,2.85714285714286,2.28571428571429,2,-9,1,0,2,2,1,2,2,1,1,78
1,4,"4s10",10,0,45,2,1,1,2.28571428571429,3.71428571428571,2.85714285714286,2.28571428571429,1,-9,1,0,1,2,2,1,2,0,2,79
1,4,"4s10",10,0,45,2,1,1,2.28571428571429,3.71428571428571,2.85714285714286,2.28571428571429,2,9,0,1,2,1,2,2,1,0,2,80
1,5,"5s1",1,0,28,3,0,1,2,3.28571428571429,2.71428571428571,1.85714285714286,1,-1,0,1,0,2,2,0,2,0,2,81
1,5,"5s1",1,0,28,3,0,1,2,3.28571428571429,2.71428571428571,1.85714285714286,2,-1,1,0,2,0,2,2,0,0,2,82
1,5,"5s2",2,0,28,3,0,1,2,3.28571428571429,2.71428571428571,1.85714285714286,1,-2,1,0,0,0,2,0,0,1,2,83
1,5,"5s2",2,0,28,3,0,1,2,3.28571428571429,2.71428571428571,1.85714285714286,2,1,0,1,0,0,2,0,0,1,2,84
1,5,"5s3",3,0,28,3,0,1,2,3.28571428571429,2.71428571428571,1.85714285714286,1,4,0,0,1,0,1,1,0,0,1,85
1,5,"5s3",3,0,28,3,0,1,2,3.28571428571429,2.71428571428571,1.85714285714286,2,4,0,0,0,1,1,0,1,0,1,86
1,5,"5s4",4,0,28,3,0,1,2,3.28571428571429,2.71428571428571,1.85714285714286,1,3,0,0,0,2,2,0,2,0,2,87
1,5,"5s4",4,0,28,3,0,1,2,3.28571428571429,2.71428571428571,1.85714285714286,2,3,0,0,2,0,2,2,0,0,2,88
1,5,"5s5",5,0,28,3,0,1,2,3.28571428571429,2.71428571428571,1.85714285714286,1,-4,0,1,2,0,1,2,0,0,1,89
1,5,"5s5",5,0,28,3,0,1,2,3.28571428571429,2.71428571428571,1.85714285714286,2,-4,1,0,0,2,1,0,2,0,1,90
1,5,"5s6",6,1,28,3,0,1,2,3.28571428571429,2.71428571428571,1.85714285714286,1,-3,1,0,0,0,,0,0,1,,91
1,5,"5s6",6,1,28,3,0,1,2,3.28571428571429,2.71428571428571,1.85714285714286,2,3,0,1,0,0,,0,0,1,,92
1,5,"5s7",7,1,28,3,0,1,2,3.28571428571429,2.71428571428571,1.85714285714286,1,5,0,0,2,1,,2,1,0,,93
1,5,"5s7",7,1,28,3,0,1,2,3.28571428571429,2.71428571428571,1.85714285714286,2,5,0,0,1,2,,1,2,0,,94
1,5,"5s8",8,1,28,3,0,1,2,3.28571428571429,2.71428571428571,1.85714285714286,1,-2,1,1,2,1,,2,1,0,,95
1,5,"5s8",8,1,28,3,0,1,2,3.28571428571429,2.71428571428571,1.85714285714286,2,-2,1,1,1,2,,1,2,0,,96
1,5,"5s9",9,1,28,3,0,1,2,3.28571428571429,2.71428571428571,1.85714285714286,1,-5,1,0,2,0,,2,0,0,,97
1,5,"5s9",9,1,28,3,0,1,2,3.28571428571429,2.71428571428571,1.85714285714286,2,4,0,1,0,2,,0,2,0,,98
1,5,"5s10",10,1,28,3,0,1,2,3.28571428571429,2.71428571428571,1.85714285714286,1,3,0,1,2,1,,2,1,0,,99
1,5,"5s10",10,1,28,3,0,1,2,3.28571428571429,2.71428571428571,1.85714285714286,2,-3,1,0,1,2,,1,2,0,,100
1,6,"6s1",1,0,19,3,1,1,2.28571428571429,2.85714285714286,3,2,1,-5,0,1,0,2,2,0,2,0,2,101
1,6,"6s1",1,0,19,3,1,1,2.28571428571429,2.85714285714286,3,2,2,-5,1,0,2,0,2,2,0,0,2,102
1,6,"6s2",2,0,19,3,1,1,2.28571428571429,2.85714285714286,3,2,1,5,1,1,2,0,1,2,0,0,1,103
1,6,"6s2",2,0,19,3,1,1,2.28571428571429,2.85714285714286,3,2,2,5,1,1,0,2,1,0,2,0,1,104
1,6,"6s3",3,0,19,3,1,1,2.28571428571429,2.85714285714286,3,2,1,9,0,0,0,2,1,0,2,0,1,105
1,6,"6s3",3,0,19,3,1,1,2.28571428571429,2.85714285714286,3,2,2,9,0,0,2,0,1,2,0,0,1,106
1,6,"6s4",4,0,19,3,1,1,2.28571428571429,2.85714285714286,3,2,1,-5,0,1,1,0,2,1,0,0,2,107
1,6,"6s4",4,0,19,3,1,1,2.28571428571429,2.85714285714286,3,2,2,9,1,0,0,1,2,0,1,0,2,108
1,6,"6s5",5,0,19,3,1,1,2.28571428571429,2.85714285714286,3,2,1,9,0,0,0,1,1,0,1,0,1,109
1,6,"6s5",5,0,19,3,1,1,2.28571428571429,2.85714285714286,3,2,2,9,0,0,1,0,1,1,0,0,1,110
1,6,"6s6",6,1,19,3,1,1,2.28571428571429,2.85714285714286,3,2,1,-9,1,1,1,0,,1,0,0,,111
1,6,"6s6",6,1,19,3,1,1,2.28571428571429,2.85714285714286,3,2,2,-9,1,1,0,1,,0,1,0,,112
1,6,"6s7",7,1,19,3,1,1,2.28571428571429,2.85714285714286,3,2,1,9,0,1,2,2,,2,2,1,,113
1,6,"6s7",7,1,19,3,1,1,2.28571428571429,2.85714285714286,3,2,2,-9,1,0,2,2,,2,2,1,,114
1,6,"6s8",8,1,19,3,1,1,2.28571428571429,2.85714285714286,3,2,1,9,0,1,1,2,,1,2,0,,115
1,6,"6s8",8,1,19,3,1,1,2.28571428571429,2.85714285714286,3,2,2,-9,1,0,2,1,,2,1,0,,116
1,6,"6s9",9,1,19,3,1,1,2.28571428571429,2.85714285714286,3,2,1,9,0,0,1,1,,1,1,1,,117
1,6,"6s9",9,1,19,3,1,1,2.28571428571429,2.85714285714286,3,2,2,9,0,0,1,1,,1,1,1,,118
1,6,"6s10",10,1,19,3,1,1,2.28571428571429,2.85714285714286,3,2,1,9,0,1,2,2,,2,2,1,,119
1,6,"6s10",10,1,19,3,1,1,2.28571428571429,2.85714285714286,3,2,2,-9,1,0,2,2,,2,2,1,,120
1,7,"7s1",1,1,19,3,1,1,3.42857142857143,3.14285714285714,2.71428571428571,2.28571428571429,1,9,0,0,1,2,,1,2,0,,121
1,7,"7s1",1,1,19,3,1,1,3.42857142857143,3.14285714285714,2.71428571428571,2.28571428571429,2,9,0,0,2,1,,2,1,0,,122
1,7,"7s2",2,1,19,3,1,1,3.42857142857143,3.14285714285714,2.71428571428571,2.28571428571429,1,9,0,1,0,0,,0,0,1,,123
1,7,"7s2",2,1,19,3,1,1,3.42857142857143,3.14285714285714,2.71428571428571,2.28571428571429,2,-5,1,0,0,0,,0,0,1,,124
1,7,"7s3",3,1,19,3,1,1,3.42857142857143,3.14285714285714,2.71428571428571,2.28571428571429,1,9,0,0,1,0,,1,0,0,,125
1,7,"7s3",3,1,19,3,1,1,3.42857142857143,3.14285714285714,2.71428571428571,2.28571428571429,2,9,0,0,0,1,,0,1,0,,126
1,7,"7s4",4,1,19,3,1,1,3.42857142857143,3.14285714285714,2.71428571428571,2.28571428571429,1,9,1,0,0,2,,0,2,0,,127
1,7,"7s4",4,1,19,3,1,1,3.42857142857143,3.14285714285714,2.71428571428571,2.28571428571429,2,-9,0,1,2,0,,2,0,0,,128
1,7,"7s5",5,1,19,3,1,1,3.42857142857143,3.14285714285714,2.71428571428571,2.28571428571429,1,-9,1,1,0,1,,0,1,0,,129
1,7,"7s5",5,1,19,3,1,1,3.42857142857143,3.14285714285714,2.71428571428571,2.28571428571429,2,-9,1,1,1,0,,1,0,0,,130
1,7,"7s6",6,0,19,3,1,1,3.42857142857143,3.14285714285714,2.71428571428571,2.28571428571429,1,9,0,0,1,1,2,1,1,1,2,131
1,7,"7s6",6,0,19,3,1,1,3.42857142857143,3.14285714285714,2.71428571428571,2.28571428571429,2,9,0,0,1,1,2,1,1,1,2,132
1,7,"7s7",7,0,19,3,1,1,3.42857142857143,3.14285714285714,2.71428571428571,2.28571428571429,1,9,1,0,2,1,2,2,1,0,2,133
1,7,"7s7",7,0,19,3,1,1,3.42857142857143,3.14285714285714,2.71428571428571,2.28571428571429,2,-9,0,1,1,2,2,1,2,0,2,134
1,7,"7s8",8,0,19,3,1,1,3.42857142857143,3.14285714285714,2.71428571428571,2.28571428571429,1,9,0,1,1,0,2,1,0,0,2,135
1,7,"7s8",8,0,19,3,1,1,3.42857142857143,3.14285714285714,2.71428571428571,2.28571428571429,2,-9,1,0,0,1,2,0,1,0,2,136
1,7,"7s9",9,0,19,3,1,1,3.42857142857143,3.14285714285714,2.71428571428571,2.28571428571429,1,9,1,0,1,0,2,1,0,0,2,137
1,7,"7s9",9,0,19,3,1,1,3.42857142857143,3.14285714285714,2.71428571428571,2.28571428571429,2,9,0,1,0,1,2,0,1,0,2,138
1,7,"7s10",10,0,19,3,1,1,3.42857142857143,3.14285714285714,2.71428571428571,2.28571428571429,1,9,1,1,0,2,1,0,2,0,1,139
1,7,"7s10",10,0,19,3,1,1,3.42857142857143,3.14285714285714,2.71428571428571,2.28571428571429,2,9,1,1,2,0,1,2,0,0,1,140
1,8,"8s1",1,1,19,1,0,1,1.28571428571429,2.71428571428571,2.14285714285714,0.857142857142857,1,2,0,0,2,0,,2,0,0,,141
1,8,"8s1",1,1,19,1,0,1,1.28571428571429,2.71428571428571,2.14285714285714,0.857142857142857,2,2,0,0,0,2,,0,2,0,,142
1,8,"8s2",2,1,19,1,0,1,1.28571428571429,2.71428571428571,2.14285714285714,0.857142857142857,1,2,0,0,2,2,,2,2,1,,143
1,8,"8s2",2,1,19,1,0,1,1.28571428571429,2.71428571428571,2.14285714285714,0.857142857142857,2,2,0,0,2,2,,2,2,1,,144
1,8,"8s3",3,1,19,1,0,1,1.28571428571429,2.71428571428571,2.14285714285714,0.857142857142857,1,4,1,0,2,2,,2,2,1,,145
1,8,"8s3",3,1,19,1,0,1,1.28571428571429,2.71428571428571,2.14285714285714,0.857142857142857,2,2,0,1,2,2,,2,2,1,,146
1,8,"8s4",4,1,19,1,0,1,1.28571428571429,2.71428571428571,2.14285714285714,0.857142857142857,1,5,1,1,2,2,,2,2,1,,147
1,8,"8s4",4,1,19,1,0,1,1.28571428571429,2.71428571428571,2.14285714285714,0.857142857142857,2,5,1,1,2,2,,2,2,1,,148
1,8,"8s5",5,1,19,1,0,1,1.28571428571429,2.71428571428571,2.14285714285714,0.857142857142857,1,4,1,0,2,2,,2,2,1,,149
1,8,"8s5",5,1,19,1,0,1,1.28571428571429,2.71428571428571,2.14285714285714,0.857142857142857,2,2,0,1,2,2,,2,2,1,,150
1,8,"8s6",6,0,19,1,0,1,1.28571428571429,2.71428571428571,2.14285714285714,0.857142857142857,1,2,0,1,2,2,1,2,2,1,1,151
1,8,"8s6",6,0,19,1,0,1,1.28571428571429,2.71428571428571,2.14285714285714,0.857142857142857,2,1,1,0,2,2,1,2,2,1,1,152
1,8,"8s7",7,0,19,1,0,1,1.28571428571429,2.71428571428571,2.14285714285714,0.857142857142857,1,1,1,0,2,0,1,2,0,0,1,153
1,8,"8s7",7,0,19,1,0,1,1.28571428571429,2.71428571428571,2.14285714285714,0.857142857142857,2,2,0,1,0,2,1,0,2,0,1,154
1,8,"8s8",8,0,19,1,0,1,1.28571428571429,2.71428571428571,2.14285714285714,0.857142857142857,1,9,0,0,0,2,2,0,2,0,2,155
1,8,"8s8",8,0,19,1,0,1,1.28571428571429,2.71428571428571,2.14285714285714,0.857142857142857,2,9,0,0,2,0,2,2,0,0,2,156
1,8,"8s9",9,0,19,1,0,1,1.28571428571429,2.71428571428571,2.14285714285714,0.857142857142857,1,4,1,1,0,1,2,0,1,0,2,157
1,8,"8s9",9,0,19,1,0,1,1.28571428571429,2.71428571428571,2.14285714285714,0.857142857142857,2,4,1,1,1,0,2,1,0,0,2,158
1,8,"8s10",10,0,19,1,0,1,1.28571428571429,2.71428571428571,2.14285714285714,0.857142857142857,1,1,1,1,1,0,2,1,0,0,2,159
1,8,"8s10",10,0,19,1,0,1,1.28571428571429,2.71428571428571,2.14285714285714,0.857142857142857,2,1,1,1,0,1,2,0,1,0,2,160
1,9,"9s1",1,0,18,3,0,1,3.14285714285714,2.85714285714286,2.57142857142857,3.14285714285714,1,9,0,0,0,0,2,0,0,1,2,161
1,9,"9s1",1,0,18,3,0,1,3.14285714285714,2.85714285714286,2.57142857142857,3.14285714285714,2,9,0,0,0,0,2,0,0,1,2,162
1,9,"9s2",2,0,18,3,0,1,3.14285714285714,2.85714285714286,2.57142857142857,3.14285714285714,1,-9,0,1,1,0,2,1,0,0,2,163
1,9,"9s2",2,0,18,3,0,1,3.14285714285714,2.85714285714286,2.57142857142857,3.14285714285714,2,9,1,0,0,1,2,0,1,0,2,164
1,9,"9s3",3,0,18,3,0,1,3.14285714285714,2.85714285714286,2.57142857142857,3.14285714285714,1,9,1,0,1,2,1,1,2,0,1,165
1,9,"9s3",3,0,18,3,0,1,3.14285714285714,2.85714285714286,2.57142857142857,3.14285714285714,2,-9,0,1,2,1,1,2,1,0,1,166
1,9,"9s4",4,0,18,3,0,1,3.14285714285714,2.85714285714286,2.57142857142857,3.14285714285714,1,9,0,0,2,0,1,2,0,0,1,167
1,9,"9s4",4,0,18,3,0,1,3.14285714285714,2.85714285714286,2.57142857142857,3.14285714285714,2,9,0,0,0,2,1,0,2,0,1,168
1,9,"9s5",5,0,18,3,0,1,3.14285714285714,2.85714285714286,2.57142857142857,3.14285714285714,1,9,1,0,1,1,2,1,1,1,2,169
1,9,"9s5",5,0,18,3,0,1,3.14285714285714,2.85714285714286,2.57142857142857,3.14285714285714,2,-9,0,1,1,1,2,1,1,1,2,170
1,9,"9s6",6,1,18,3,0,1,3.14285714285714,2.85714285714286,2.57142857142857,3.14285714285714,1,9,1,0,1,0,,1,0,0,,171
1,9,"9s6",6,1,18,3,0,1,3.14285714285714,2.85714285714286,2.57142857142857,3.14285714285714,2,-9,0,1,0,1,,0,1,0,,172
1,9,"9s7",7,1,18,3,0,1,3.14285714285714,2.85714285714286,2.57142857142857,3.14285714285714,1,9,0,0,0,1,,0,1,0,,173
1,9,"9s7",7,1,18,3,0,1,3.14285714285714,2.85714285714286,2.57142857142857,3.14285714285714,2,9,0,0,1,0,,1,0,0,,174
1,9,"9s8",8,1,18,3,0,1,3.14285714285714,2.85714285714286,2.57142857142857,3.14285714285714,1,9,1,0,2,0,,2,0,0,,175
1,9,"9s8",8,1,18,3,0,1,3.14285714285714,2.85714285714286,2.57142857142857,3.14285714285714,2,-9,0,1,0,2,,0,2,0,,176
1,9,"9s9",9,1,18,3,0,1,3.14285714285714,2.85714285714286,2.57142857142857,3.14285714285714,1,9,1,0,0,0,,0,0,1,,177
1,9,"9s9",9,1,18,3,0,1,3.14285714285714,2.85714285714286,2.57142857142857,3.14285714285714,2,-9,0,1,0,0,,0,0,1,,178
1,9,"9s10",10,1,18,3,0,1,3.14285714285714,2.85714285714286,2.57142857142857,3.14285714285714,1,9,0,0,0,0,,0,0,1,,179
1,9,"9s10",10,1,18,3,0,1,3.14285714285714,2.85714285714286,2.57142857142857,3.14285714285714,2,9,0,0,0,0,,0,0,1,,180
1,10,"10s1",1,0,21,3,1,1,3,3.14285714285714,3.28571428571429,1.28571428571429,1,-9,1,1,2,1,2,2,1,0,2,181
1,10,"10s1",1,0,21,3,1,1,3,3.14285714285714,3.28571428571429,1.28571428571429,2,-9,1,1,1,2,2,1,2,0,2,182
1,10,"10s2",2,0,21,3,1,1,3,3.14285714285714,3.28571428571429,1.28571428571429,1,-9,1,1,1,2,2,1,2,0,2,183
1,10,"10s2",2,0,21,3,1,1,3,3.14285714285714,3.28571428571429,1.28571428571429,2,-9,1,1,2,1,2,2,1,0,2,184
1,10,"10s3",3,0,21,3,1,1,3,3.14285714285714,3.28571428571429,1.28571428571429,1,-9,1,0,2,2,2,2,2,1,2,185
1,10,"10s3",3,0,21,3,1,1,3,3.14285714285714,3.28571428571429,1.28571428571429,2,9,0,1,2,2,2,2,2,1,2,186
1,10,"10s4",4,0,21,3,1,1,3,3.14285714285714,3.28571428571429,1.28571428571429,1,9,0,0,1,1,2,1,1,1,2,187
1,10,"10s4",4,0,21,3,1,1,3,3.14285714285714,3.28571428571429,1.28571428571429,2,9,0,0,1,1,2,1,1,1,2,188
1,10,"10s5",5,0,21,3,1,1,3,3.14285714285714,3.28571428571429,1.28571428571429,1,-9,1,0,0,0,2,0,0,1,2,189
1,10,"10s5",5,0,21,3,1,1,3,3.14285714285714,3.28571428571429,1.28571428571429,2,9,0,1,0,0,2,0,0,1,2,190
1,10,"10s6",6,1,21,3,1,1,3,3.14285714285714,3.28571428571429,1.28571428571429,1,9,0,0,0,1,,0,1,0,,191
1,10,"10s6",6,1,21,3,1,1,3,3.14285714285714,3.28571428571429,1.28571428571429,2,9,0,0,1,0,,1,0,0,,192
1,10,"10s7",7,1,21,3,1,1,3,3.14285714285714,3.28571428571429,1.28571428571429,1,9,0,0,1,0,,1,0,0,,193
1,10,"10s7",7,1,21,3,1,1,3,3.14285714285714,3.28571428571429,1.28571428571429,2,9,0,0,0,1,,0,1,0,,194
1,10,"10s8",8,1,21,3,1,1,3,3.14285714285714,3.28571428571429,1.28571428571429,1,9,0,0,2,0,,2,0,0,,195
1,10,"10s8",8,1,21,3,1,1,3,3.14285714285714,3.28571428571429,1.28571428571429,2,9,0,0,0,2,,0,2,0,,196
1,10,"10s9",9,1,21,3,1,1,3,3.14285714285714,3.28571428571429,1.28571428571429,1,9,0,0,0,0,,0,0,1,,197
1,10,"10s9",9,1,21,3,1,1,3,3.14285714285714,3.28571428571429,1.28571428571429,2,9,0,0,0,0,,0,0,1,,198
1,10,"10s10",10,1,21,3,1,1,3,3.14285714285714,3.28571428571429,1.28571428571429,1,9,0,0,1,1,,1,1,1,,199
1,10,"10s10",10,1,21,3,1,1,3,3.14285714285714,3.28571428571429,1.28571428571429,2,9,0,0,1,1,,1,1,1,,200
1,11,"11s1",1,0,20,3,1,1,3.42857142857143,2.85714285714286,3,2.14285714285714,1,1,1,1,0,1,1,0,1,0,1,201
1,11,"11s1",1,0,20,3,1,1,3.42857142857143,2.85714285714286,3,2.14285714285714,2,1,1,1,1,0,1,1,0,0,1,202
1,11,"11s2",2,0,20,3,1,1,3.42857142857143,2.85714285714286,3,2.14285714285714,1,3,0,0,0,0,1,0,0,1,1,203
1,11,"11s2",2,0,20,3,1,1,3.42857142857143,2.85714285714286,3,2.14285714285714,2,3,0,0,0,0,1,0,0,1,1,204
1,11,"11s3",3,0,20,3,1,1,3.42857142857143,2.85714285714286,3,2.14285714285714,1,5,0,1,0,2,2,0,2,0,2,205
1,11,"11s3",3,0,20,3,1,1,3.42857142857143,2.85714285714286,3,2.14285714285714,2,1,1,0,2,0,2,2,0,0,2,206
1,11,"11s4",4,0,20,3,1,1,3.42857142857143,2.85714285714286,3,2.14285714285714,1,5,0,0,0,2,1,0,2,0,1,207
1,11,"11s4",4,0,20,3,1,1,3.42857142857143,2.85714285714286,3,2.14285714285714,2,5,0,0,2,0,1,2,0,0,1,208
1,11,"11s5",5,0,20,3,1,1,3.42857142857143,2.85714285714286,3,2.14285714285714,1,5,0,0,1,0,1,1,0,0,1,209
1,11,"11s5",5,0,20,3,1,1,3.42857142857143,2.85714285714286,3,2.14285714285714,2,5,0,0,0,1,1,0,1,0,1,210
1,11,"11s6",6,1,20,3,1,1,3.42857142857143,2.85714285714286,3,2.14285714285714,1,1,1,1,2,0,,2,0,0,,211
1,11,"11s6",6,1,20,3,1,1,3.42857142857143,2.85714285714286,3,2.14285714285714,2,1,1,1,0,2,,0,2,0,,212
1,11,"11s7",7,1,20,3,1,1,3.42857142857143,2.85714285714286,3,2.14285714285714,1,5,0,1,0,0,,0,0,1,,213
1,11,"11s7",7,1,20,3,1,1,3.42857142857143,2.85714285714286,3,2.14285714285714,2,1,1,0,0,0,,0,0,1,,214
1,11,"11s8",8,1,20,3,1,1,3.42857142857143,2.85714285714286,3,2.14285714285714,1,5,0,1,1,2,,1,2,0,,215
1,11,"11s8",8,1,20,3,1,1,3.42857142857143,2.85714285714286,3,2.14285714285714,2,1,1,0,2,1,,2,1,0,,216
1,11,"11s9",9,1,20,3,1,1,3.42857142857143,2.85714285714286,3,2.14285714285714,1,3,0,0,0,1,,0,1,0,,217
1,11,"11s9",9,1,20,3,1,1,3.42857142857143,2.85714285714286,3,2.14285714285714,2,3,0,0,1,0,,1,0,0,,218
1,11,"11s10",10,1,20,3,1,1,3.42857142857143,2.85714285714286,3,2.14285714285714,1,5,0,1,1,0,,1,0,0,,219
1,11,"11s10",10,1,20,3,1,1,3.42857142857143,2.85714285714286,3,2.14285714285714,2,1,1,0,0,1,,0,1,0,,220
1,12,"12s1",1,1,18,2,0,1,0,2.14285714285714,3.28571428571429,0.142857142857143,1,0,1,1,0,1,,0,1,0,,221
1,12,"12s1",1,1,18,2,0,1,0,2.14285714285714,3.28571428571429,0.142857142857143,2,0,1,1,1,0,,1,0,0,,222
1,12,"12s2",2,1,18,2,0,1,0,2.14285714285714,3.28571428571429,0.142857142857143,1,-5,1,1,2,0,,2,0,0,,223
1,12,"12s2",2,1,18,2,0,1,0,2.14285714285714,3.28571428571429,0.142857142857143,2,-5,1,1,0,2,,0,2,0,,224
1,12,"12s3",3,1,18,2,0,1,0,2.14285714285714,3.28571428571429,0.142857142857143,1,9,0,1,0,2,,0,2,0,,225
1,12,"12s3",3,1,18,2,0,1,0,2.14285714285714,3.28571428571429,0.142857142857143,2,-9,1,0,2,0,,2,0,0,,226
1,12,"12s4",4,1,18,2,0,1,0,2.14285714285714,3.28571428571429,0.142857142857143,1,9,0,1,1,1,,1,1,1,,227
1,12,"12s4",4,1,18,2,0,1,0,2.14285714285714,3.28571428571429,0.142857142857143,2,-5,1,0,1,1,,1,1,1,,228
1,12,"12s5",5,1,18,2,0,1,0,2.14285714285714,3.28571428571429,0.142857142857143,1,-9,1,0,2,0,,2,0,0,,229
1,12,"12s5",5,1,18,2,0,1,0,2.14285714285714,3.28571428571429,0.142857142857143,2,9,0,1,0,2,,0,2,0,,230
1,12,"12s6",6,0,18,2,0,1,0,2.14285714285714,3.28571428571429,0.142857142857143,1,-9,1,1,0,0,2,0,0,1,2,231
1,12,"12s6",6,0,18,2,0,1,0,2.14285714285714,3.28571428571429,0.142857142857143,2,-9,1,1,0,0,2,0,0,1,2,232
1,12,"12s7",7,0,18,2,0,1,0,2.14285714285714,3.28571428571429,0.142857142857143,1,-9,0,1,1,2,1,1,2,0,1,233
1,12,"12s7",7,0,18,2,0,1,0,2.14285714285714,3.28571428571429,0.142857142857143,2,-9,1,0,2,1,1,2,1,0,1,234
1,12,"12s8",8,0,18,2,0,1,0,2.14285714285714,3.28571428571429,0.142857142857143,1,9,0,0,1,2,2,1,2,0,2,235
1,12,"12s8",8,0,18,2,0,1,0,2.14285714285714,3.28571428571429,0.142857142857143,2,9,0,0,2,1,2,2,1,0,2,236
1,12,"12s9",9,0,18,2,0,1,0,2.14285714285714,3.28571428571429,0.142857142857143,1,9,0,0,0,2,2,0,2,0,2,237
1,12,"12s9",9,0,18,2,0,1,0,2.14285714285714,3.28571428571429,0.142857142857143,2,9,0,0,2,0,2,2,0,0,2,238
1,12,"12s10",10,0,18,2,0,1,0,2.14285714285714,3.28571428571429,0.142857142857143,1,-5,0,1,2,0,2,2,0,0,2,239
1,12,"12s10",10,0,18,2,0,1,0,2.14285714285714,3.28571428571429,0.142857142857143,2,-5,1,0,0,2,2,0,2,0,2,240
1,13,"13s1",1,1,19,4,1,1,1.71428571428571,3.28571428571429,3.42857142857143,1,1,1,1,1,1,0,,1,0,0,,241
1,13,"13s1",1,1,19,4,1,1,1.71428571428571,3.28571428571429,3.42857142857143,1,2,1,1,1,0,1,,0,1,0,,242
1,13,"13s2",2,1,19,4,1,1,1.71428571428571,3.28571428571429,3.42857142857143,1,1,0,1,0,1,2,,1,2,0,,243
1,13,"13s2",2,1,19,4,1,1,1.71428571428571,3.28571428571429,3.42857142857143,1,2,1,0,1,2,1,,2,1,0,,244
1,13,"13s3",3,1,19,4,1,1,1.71428571428571,3.28571428571429,3.42857142857143,1,1,1,0,1,0,1,,0,1,0,,245
1,13,"13s3",3,1,19,4,1,1,1.71428571428571,3.28571428571429,3.42857142857143,1,2,0,1,0,1,0,,1,0,0,,246
1,13,"13s4",4,1,19,4,1,1,1.71428571428571,3.28571428571429,3.42857142857143,1,1,-1,1,0,1,1,,1,1,1,,247
1,13,"13s4",4,1,19,4,1,1,1.71428571428571,3.28571428571429,3.42857142857143,1,2,1,0,1,1,1,,1,1,1,,248
1,13,"13s5",5,1,19,4,1,1,1.71428571428571,3.28571428571429,3.42857142857143,1,1,-1,1,1,1,1,,1,1,1,,249
1,13,"13s5",5,1,19,4,1,1,1.71428571428571,3.28571428571429,3.42857142857143,1,2,-1,1,1,1,1,,1,1,1,,250
1,13,"13s6",6,0,19,4,1,1,1.71428571428571,3.28571428571429,3.42857142857143,1,1,-1,1,1,0,1,1,0,1,0,1,251
1,13,"13s6",6,0,19,4,1,1,1.71428571428571,3.28571428571429,3.42857142857143,1,2,-1,1,1,1,0,1,1,0,0,1,252
1,13,"13s7",7,0,19,4,1,1,1.71428571428571,3.28571428571429,3.42857142857143,1,1,1,0,0,2,1,2,2,1,0,2,253
1,13,"13s7",7,0,19,4,1,1,1.71428571428571,3.28571428571429,3.42857142857143,1,2,1,0,0,1,2,2,1,2,0,2,254
1,13,"13s8",8,0,19,4,1,1,1.71428571428571,3.28571428571429,3.42857142857143,1,1,-1,1,0,0,2,1,0,2,0,1,255
1,13,"13s8",8,0,19,4,1,1,1.71428571428571,3.28571428571429,3.42857142857143,1,2,1,0,1,2,0,1,2,0,0,1,256
1,13,"13s9",9,0,19,4,1,1,1.71428571428571,3.28571428571429,3.42857142857143,1,1,1,0,0,1,1,1,1,1,1,1,257
1,13,"13s9",9,0,19,4,1,1,1.71428571428571,3.28571428571429,3.42857142857143,1,2,1,0,0,1,1,1,1,1,1,1,258
1,13,"13s10",10,0,19,4,1,1,1.71428571428571,3.28571428571429,3.42857142857143,1,1,-1,1,1,2,2,2,2,2,1,2,259
1,13,"13s10",10,0,19,4,1,1,1.71428571428571,3.28571428571429,3.42857142857143,1,2,-1,1,1,2,2,2,2,2,1,2,260
1,14,"14s1",1,0,24,2,1,1,2.57142857142857,3.57142857142857,2.85714285714286,1.28571428571429,1,-1,1,0,1,2,1,1,2,0,1,261
1,14,"14s1",1,0,24,2,1,1,2.57142857142857,3.57142857142857,2.85714285714286,1.28571428571429,2,2,0,1,2,1,1,2,1,0,1,262
1,14,"14s2",2,0,24,2,1,1,2.57142857142857,3.57142857142857,2.85714285714286,1.28571428571429,1,-2,1,0,1,0,2,1,0,0,2,263
1,14,"14s2",2,0,24,2,1,1,2.57142857142857,3.57142857142857,2.85714285714286,1.28571428571429,2,2,0,1,0,1,2,0,1,0,2,264
1,14,"14s3",3,0,24,2,1,1,2.57142857142857,3.57142857142857,2.85714285714286,1.28571428571429,1,6,0,0,1,2,1,1,2,0,1,265
1,14,"14s3",3,0,24,2,1,1,2.57142857142857,3.57142857142857,2.85714285714286,1.28571428571429,2,6,0,0,2,1,1,2,1,0,1,266
1,14,"14s4",4,0,24,2,1,1,2.57142857142857,3.57142857142857,2.85714285714286,1.28571428571429,1,3,1,0,0,0,2,0,0,1,2,267
1,14,"14s4",4,0,24,2,1,1,2.57142857142857,3.57142857142857,2.85714285714286,1.28571428571429,2,-3,0,1,0,0,2,0,0,1,2,268
1,14,"14s5",5,0,24,2,1,1,2.57142857142857,3.57142857142857,2.85714285714286,1.28571428571429,1,-2,1,0,0,0,2,0,0,1,2,269
1,14,"14s5",5,0,24,2,1,1,2.57142857142857,3.57142857142857,2.85714285714286,1.28571428571429,2,2,0,1,0,0,2,0,0,1,2,270
1,14,"14s6",6,1,24,2,1,1,2.57142857142857,3.57142857142857,2.85714285714286,1.28571428571429,1,9,0,0,2,0,,2,0,0,,271
1,14,"14s6",6,1,24,2,1,1,2.57142857142857,3.57142857142857,2.85714285714286,1.28571428571429,2,9,0,0,0,2,,0,2,0,,272
1,14,"14s7",7,1,24,2,1,1,2.57142857142857,3.57142857142857,2.85714285714286,1.28571428571429,1,-6,1,0,2,0,,2,0,0,,273
1,14,"14s7",7,1,24,2,1,1,2.57142857142857,3.57142857142857,2.85714285714286,1.28571428571429,2,7,0,1,0,2,,0,2,0,,274
1,14,"14s8",8,1,24,2,1,1,2.57142857142857,3.57142857142857,2.85714285714286,1.28571428571429,1,9,0,0,0,1,,0,1,0,,275
1,14,"14s8",8,1,24,2,1,1,2.57142857142857,3.57142857142857,2.85714285714286,1.28571428571429,2,9,0,0,1,0,,1,0,0,,276
1,14,"14s9",9,1,24,2,1,1,2.57142857142857,3.57142857142857,2.85714285714286,1.28571428571429,1,-9,1,1,0,2,,0,2,0,,277
1,14,"14s9",9,1,24,2,1,1,2.57142857142857,3.57142857142857,2.85714285714286,1.28571428571429,2,-9,1,1,2,0,,2,0,0,,278
1,14,"14s10",10,1,24,2,1,1,2.57142857142857,3.57142857142857,2.85714285714286,1.28571428571429,1,-3,1,1,0,2,,0,2,0,,279
1,14,"14s10",10,1,24,2,1,1,2.57142857142857,3.57142857142857,2.85714285714286,1.28571428571429,2,-3,1,1,2,0,,2,0,0,,280
2,15,"15s1",1,1,19,3,0,2,1.28571428571429,2.42857142857143,2,1.28571428571429,1,9,0,1,2,2,,1,1,1,,281
2,15,"15s1",1,1,19,3,0,2,1.28571428571429,2.42857142857143,2,1.28571428571429,2,-9,1,0,2,2,,1,1,1,,282
2,15,"15s2",2,1,19,3,0,2,1.28571428571429,2.42857142857143,2,1.28571428571429,1,9,0,1,0,2,,0,1,0,,283
2,15,"15s2",2,1,19,3,0,2,1.28571428571429,2.42857142857143,2,1.28571428571429,2,-9,1,0,2,0,,1,0,0,,284
2,15,"15s3",3,1,19,3,0,2,1.28571428571429,2.42857142857143,2,1.28571428571429,1,-9,1,0,0,1,,0,2,0,,285
2,15,"15s3",3,1,19,3,0,2,1.28571428571429,2.42857142857143,2,1.28571428571429,2,9,0,1,1,0,,2,0,0,,286
2,15,"15s4",4,1,19,3,0,2,1.28571428571429,2.42857142857143,2,1.28571428571429,1,-9,1,1,1,2,,2,1,0,,287
2,15,"15s4",4,1,19,3,0,2,1.28571428571429,2.42857142857143,2,1.28571428571429,2,-9,1,1,2,1,,1,2,0,,288
2,15,"15s5",5,1,19,3,0,2,1.28571428571429,2.42857142857143,2,1.28571428571429,1,9,0,0,1,0,,2,0,0,,289
2,15,"15s5",5,1,19,3,0,2,1.28571428571429,2.42857142857143,2,1.28571428571429,2,9,0,0,0,1,,0,2,0,,290
2,15,"15s6",6,0,19,3,0,2,1.28571428571429,2.42857142857143,2,1.28571428571429,1,-9,1,0,2,2,2,1,1,1,1,291
2,15,"15s6",6,0,19,3,0,2,1.28571428571429,2.42857142857143,2,1.28571428571429,2,9,0,1,2,2,2,1,1,1,1,292
2,15,"15s7",7,0,19,3,0,2,1.28571428571429,2.42857142857143,2,1.28571428571429,1,-9,1,0,1,2,2,2,1,0,1,293
2,15,"15s7",7,0,19,3,0,2,1.28571428571429,2.42857142857143,2,1.28571428571429,2,9,0,1,2,1,2,1,2,0,1,294
2,15,"15s8",8,0,19,3,0,2,1.28571428571429,2.42857142857143,2,1.28571428571429,1,9,0,1,0,0,2,0,0,1,1,295
2,15,"15s8",8,0,19,3,0,2,1.28571428571429,2.42857142857143,2,1.28571428571429,2,-9,1,0,0,0,2,0,0,1,1,296
2,15,"15s9",9,0,19,3,0,2,1.28571428571429,2.42857142857143,2,1.28571428571429,1,9,0,1,1,0,1,2,0,0,2,297
2,15,"15s9",9,0,19,3,0,2,1.28571428571429,2.42857142857143,2,1.28571428571429,2,-9,1,0,0,1,1,0,2,0,2,298
2,15,"15s10",10,0,19,3,0,2,1.28571428571429,2.42857142857143,2,1.28571428571429,1,9,0,1,2,0,1,1,0,0,2,299
2,15,"15s10",10,0,19,3,0,2,1.28571428571429,2.42857142857143,2,1.28571428571429,2,-9,1,0,0,2,1,0,1,0,2,300
2,16,"16s1",1,0,35,3,0,1,3.42857142857143,3.14285714285714,2.71428571428571,0.428571428571428,1,9,0,0,2,0,2,2,0,0,2,301
2,16,"16s1",1,0,35,3,0,1,3.42857142857143,3.14285714285714,2.71428571428571,0.428571428571428,2,9,0,0,0,2,2,0,2,0,2,302
2,16,"16s2",2,0,35,3,0,1,3.42857142857143,3.14285714285714,2.71428571428571,0.428571428571428,1,9,1,0,1,0,1,1,0,0,1,303
2,16,"16s2",2,0,35,3,0,1,3.42857142857143,3.14285714285714,2.71428571428571,0.428571428571428,2,9,0,1,0,1,1,0,1,0,1,304
2,16,"16s3",3,0,35,3,0,1,3.42857142857143,3.14285714285714,2.71428571428571,0.428571428571428,1,9,1,1,0,1,1,0,1,0,1,305
2,16,"16s3",3,0,35,3,0,1,3.42857142857143,3.14285714285714,2.71428571428571,0.428571428571428,2,9,1,1,1,0,1,1,0,0,1,306
2,16,"16s4",4,0,35,3,0,1,3.42857142857143,3.14285714285714,2.71428571428571,0.428571428571428,1,9,0,0,1,1,1,1,1,1,1,307
2,16,"16s4",4,0,35,3,0,1,3.42857142857143,3.14285714285714,2.71428571428571,0.428571428571428,2,9,0,0,1,1,1,1,1,1,1,308
2,16,"16s5",5,0,35,3,0,1,3.42857142857143,3.14285714285714,2.71428571428571,0.428571428571428,1,9,1,1,2,1,1,2,1,0,1,309
2,16,"16s5",5,0,35,3,0,1,3.42857142857143,3.14285714285714,2.71428571428571,0.428571428571428,2,9,1,1,1,2,1,1,2,0,1,310
2,16,"16s6",6,1,35,3,0,1,3.42857142857143,3.14285714285714,2.71428571428571,0.428571428571428,1,9,0,1,2,2,,2,2,1,,311
2,16,"16s6",6,1,35,3,0,1,3.42857142857143,3.14285714285714,2.71428571428571,0.428571428571428,2,-9,1,0,2,2,,2,2,1,,312
2,16,"16s7",7,1,35,3,0,1,3.42857142857143,3.14285714285714,2.71428571428571,0.428571428571428,1,9,0,1,0,2,,0,2,0,,313
2,16,"16s7",7,1,35,3,0,1,3.42857142857143,3.14285714285714,2.71428571428571,0.428571428571428,2,-9,1,0,2,0,,2,0,0,,314
2,16,"16s8",8,1,35,3,0,1,3.42857142857143,3.14285714285714,2.71428571428571,0.428571428571428,1,9,0,1,1,0,,1,0,0,,315
2,16,"16s8",8,1,35,3,0,1,3.42857142857143,3.14285714285714,2.71428571428571,0.428571428571428,2,-9,1,0,0,1,,0,1,0,,316
2,16,"16s9",9,1,35,3,0,1,3.42857142857143,3.14285714285714,2.71428571428571,0.428571428571428,1,-9,1,1,1,0,,1,0,0,,317
2,16,"16s9",9,1,35,3,0,1,3.42857142857143,3.14285714285714,2.71428571428571,0.428571428571428,2,-9,1,1,0,1,,0,1,0,,318
2,16,"16s10",10,1,35,3,0,1,3.42857142857143,3.14285714285714,2.71428571428571,0.428571428571428,1,9,0,0,1,0,,1,0,0,,319
2,16,"16s10",10,1,35,3,0,1,3.42857142857143,3.14285714285714,2.71428571428571,0.428571428571428,2,9,0,0,0,1,,0,1,0,,320
2,17,"17s1",1,0,20,1,1,1,3.85714285714286,4,3.42857142857143,0.571428571428571,1,-9,1,0,0,0,2,0,0,1,2,321
2,17,"17s1",1,0,20,1,1,1,3.85714285714286,4,3.42857142857143,0.571428571428571,2,9,0,1,0,0,2,0,0,1,2,322
2,17,"17s2",2,0,20,1,1,1,3.85714285714286,4,3.42857142857143,0.571428571428571,1,9,0,0,0,1,1,0,1,0,1,323
2,17,"17s2",2,0,20,1,1,1,3.85714285714286,4,3.42857142857143,0.571428571428571,2,9,0,0,1,0,1,1,0,0,1,324
2,17,"17s3",3,0,20,1,1,1,3.85714285714286,4,3.42857142857143,0.571428571428571,1,-9,1,0,0,2,2,0,2,0,2,325
2,17,"17s3",3,0,20,1,1,1,3.85714285714286,4,3.42857142857143,0.571428571428571,2,9,0,1,2,0,2,2,0,0,2,326
2,17,"17s4",4,0,20,1,1,1,3.85714285714286,4,3.42857142857143,0.571428571428571,1,9,0,1,2,1,2,2,1,0,2,327
2,17,"17s4",4,0,20,1,1,1,3.85714285714286,4,3.42857142857143,0.571428571428571,2,-9,1,0,1,2,2,1,2,0,2,328
2,17,"17s5",5,0,20,1,1,1,3.85714285714286,4,3.42857142857143,0.571428571428571,1,9,0,1,0,2,2,0,2,0,2,329
2,17,"17s5",5,0,20,1,1,1,3.85714285714286,4,3.42857142857143,0.571428571428571,2,-9,1,0,2,0,2,2,0,0,2,330
2,17,"17s6",6,1,20,1,1,1,3.85714285714286,4,3.42857142857143,0.571428571428571,1,9,0,1,2,2,,2,2,1,,331
2,17,"17s6",6,1,20,1,1,1,3.85714285714286,4,3.42857142857143,0.571428571428571,2,-9,1,0,2,2,,2,2,1,,332
2,17,"17s7",7,1,20,1,1,1,3.85714285714286,4,3.42857142857143,0.571428571428571,1,-9,1,1,2,0,,2,0,0,,333
2,17,"17s7",7,1,20,1,1,1,3.85714285714286,4,3.42857142857143,0.571428571428571,2,-9,1,1,0,2,,0,2,0,,334
2,17,"17s8",8,1,20,1,1,1,3.85714285714286,4,3.42857142857143,0.571428571428571,1,9,0,1,2,1,,2,1,0,,335
2,17,"17s8",8,1,20,1,1,1,3.85714285714286,4,3.42857142857143,0.571428571428571,2,-9,1,0,1,2,,1,2,0,,336
2,17,"17s9",9,1,20,1,1,1,3.85714285714286,4,3.42857142857143,0.571428571428571,1,-9,1,1,1,0,,1,0,0,,337
2,17,"17s9",9,1,20,1,1,1,3.85714285714286,4,3.42857142857143,0.571428571428571,2,-9,1,1,0,1,,0,1,0,,338
2,17,"17s10",10,1,20,1,1,1,3.85714285714286,4,3.42857142857143,0.571428571428571,1,9,0,1,2,0,,2,0,0,,339
2,17,"17s10",10,1,20,1,1,1,3.85714285714286,4,3.42857142857143,0.571428571428571,2,-9,1,0,0,2,,0,2,0,,340
2,18,"18s1",1,0,18,2,1,1,2.28571428571429,3.14285714285714,2.85714285714286,1.42857142857143,1,2,0,1,0,0,2,0,0,1,2,341
2,18,"18s1",1,0,18,2,1,1,2.28571428571429,3.14285714285714,2.85714285714286,1.42857142857143,2,-2,1,0,0,0,2,0,0,1,2,342
2,18,"18s2",2,0,18,2,1,1,2.28571428571429,3.14285714285714,2.85714285714286,1.42857142857143,1,-2,1,1,2,1,2,2,1,0,2,343
2,18,"18s2",2,0,18,2,1,1,2.28571428571429,3.14285714285714,2.85714285714286,1.42857142857143,2,-2,1,1,1,2,2,1,2,0,2,344
2,18,"18s3",3,0,18,2,1,1,2.28571428571429,3.14285714285714,2.85714285714286,1.42857142857143,1,-2,1,1,1,0,1,1,0,0,1,345
2,18,"18s3",3,0,18,2,1,1,2.28571428571429,3.14285714285714,2.85714285714286,1.42857142857143,2,-2,1,1,0,1,1,0,1,0,1,346
2,18,"18s4",4,0,18,2,1,1,2.28571428571429,3.14285714285714,2.85714285714286,1.42857142857143,1,-4,1,1,0,1,2,0,1,0,2,347
2,18,"18s4",4,0,18,2,1,1,2.28571428571429,3.14285714285714,2.85714285714286,1.42857142857143,2,-4,1,1,1,0,2,1,0,0,2,348
2,18,"18s5",5,0,18,2,1,1,2.28571428571429,3.14285714285714,2.85714285714286,1.42857142857143,1,-6,1,0,1,0,1,1,0,0,1,349
2,18,"18s5",5,0,18,2,1,1,2.28571428571429,3.14285714285714,2.85714285714286,1.42857142857143,2,4,0,1,0,1,1,0,1,0,1,350
2,18,"18s6",6,1,18,2,1,1,2.28571428571429,3.14285714285714,2.85714285714286,1.42857142857143,1,6,0,0,1,1,,1,1,1,,351
2,18,"18s6",6,1,18,2,1,1,2.28571428571429,3.14285714285714,2.85714285714286,1.42857142857143,2,6,0,0,1,1,,1,1,1,,352
2,18,"18s7",7,1,18,2,1,1,2.28571428571429,3.14285714285714,2.85714285714286,1.42857142857143,1,-7,1,1,0,2,,0,2,0,,353
2,18,"18s7",7,1,18,2,1,1,2.28571428571429,3.14285714285714,2.85714285714286,1.42857142857143,2,-7,1,1,2,0,,2,0,0,,354
2,18,"18s8",8,1,18,2,1,1,2.28571428571429,3.14285714285714,2.85714285714286,1.42857142857143,1,-6,1,0,1,0,,1,0,0,,355
2,18,"18s8",8,1,18,2,1,1,2.28571428571429,3.14285714285714,2.85714285714286,1.42857142857143,2,6,0,1,0,1,,0,1,0,,356
2,18,"18s9",9,1,18,2,1,1,2.28571428571429,3.14285714285714,2.85714285714286,1.42857142857143,1,6,0,1,0,1,,0,1,0,,357
2,18,"18s9",9,1,18,2,1,1,2.28571428571429,3.14285714285714,2.85714285714286,1.42857142857143,2,-6,1,0,1,0,,1,0,0,,358
2,18,"18s10",10,1,18,2,1,1,2.28571428571429,3.14285714285714,2.85714285714286,1.42857142857143,1,8,0,0,1,2,,1,2,0,,359
2,18,"18s10",10,1,18,2,1,1,2.28571428571429,3.14285714285714,2.85714285714286,1.42857142857143,2,8,0,0,2,1,,2,1,0,,360
2,19,"19s1",1,1,19,2,0,2,3.57142857142857,2.85714285714286,3.42857142857143,1,1,9,0,1,2,1,,1,2,0,,361
2,19,"19s1",1,1,19,2,0,2,3.57142857142857,2.85714285714286,3.42857142857143,1,2,-9,1,0,1,2,,2,1,0,,362
2,19,"19s2",2,1,19,2,0,2,3.57142857142857,2.85714285714286,3.42857142857143,1,1,9,0,1,0,1,,0,2,0,,363
2,19,"19s2",2,1,19,2,0,2,3.57142857142857,2.85714285714286,3.42857142857143,1,2,-9,1,0,1,0,,2,0,0,,364
2,19,"19s3",3,1,19,2,0,2,3.57142857142857,2.85714285714286,3.42857142857143,1,1,9,0,1,2,0,,1,0,0,,365
2,19,"19s3",3,1,19,2,0,2,3.57142857142857,2.85714285714286,3.42857142857143,1,2,-9,1,0,0,2,,0,1,0,,366
2,19,"19s4",4,1,19,2,0,2,3.57142857142857,2.85714285714286,3.42857142857143,1,1,9,0,0,1,0,,2,0,0,,367
2,19,"19s4",4,1,19,2,0,2,3.57142857142857,2.85714285714286,3.42857142857143,1,2,9,0,0,0,1,,0,2,0,,368
2,19,"19s5",5,1,19,2,0,2,3.57142857142857,2.85714285714286,3.42857142857143,1,1,-9,1,0,0,2,,0,1,0,,369
2,19,"19s5",5,1,19,2,0,2,3.57142857142857,2.85714285714286,3.42857142857143,1,2,9,0,1,2,0,,1,0,0,,370
2,19,"19s6",6,0,19,2,0,2,3.57142857142857,2.85714285714286,3.42857142857143,1,1,-9,1,0,0,1,2,0,2,0,1,371
2,19,"19s6",6,0,19,2,0,2,3.57142857142857,2.85714285714286,3.42857142857143,1,2,9,0,1,1,0,2,2,0,0,1,372
2,19,"19s7",7,0,19,2,0,2,3.57142857142857,2.85714285714286,3.42857142857143,1,1,-9,1,1,1,2,2,2,1,0,1,373
2,19,"19s7",7,0,19,2,0,2,3.57142857142857,2.85714285714286,3.42857142857143,1,2,-9,1,1,2,1,2,1,2,0,1,374
2,19,"19s8",8,0,19,2,0,2,3.57142857142857,2.85714285714286,3.42857142857143,1,1,-9,1,0,2,0,2,1,0,0,1,375
2,19,"19s8",8,0,19,2,0,2,3.57142857142857,2.85714285714286,3.42857142857143,1,2,9,0,1,0,2,2,0,1,0,1,376
2,19,"19s9",9,0,19,2,0,2,3.57142857142857,2.85714285714286,3.42857142857143,1,1,9,0,0,1,1,1,2,2,1,2,377
2,19,"19s9",9,0,19,2,0,2,3.57142857142857,2.85714285714286,3.42857142857143,1,2,9,0,0,1,1,1,2,2,1,2,378
2,19,"19s10",10,0,19,2,0,2,3.57142857142857,2.85714285714286,3.42857142857143,1,1,-9,1,1,0,0,1,0,0,1,2,379
2,19,"19s10",10,0,19,2,0,2,3.57142857142857,2.85714285714286,3.42857142857143,1,2,-9,1,1,0,0,1,0,0,1,2,380
2,20,"20s1",1,0,19,1,0,1,1.14285714285714,1.71428571428571,3.28571428571429,1.14285714285714,1,9,0,0,2,1,2,2,1,0,2,381
2,20,"20s1",1,0,19,1,0,1,1.14285714285714,1.71428571428571,3.28571428571429,1.14285714285714,2,9,0,0,1,2,2,1,2,0,2,382
2,20,"20s2",2,0,19,1,0,1,1.14285714285714,1.71428571428571,3.28571428571429,1.14285714285714,1,9,0,0,0,1,2,0,1,0,2,383
2,20,"20s2",2,0,19,1,0,1,1.14285714285714,1.71428571428571,3.28571428571429,1.14285714285714,2,9,0,0,1,0,2,1,0,0,2,384
2,20,"20s3",3,0,19,1,0,1,1.14285714285714,1.71428571428571,3.28571428571429,1.14285714285714,1,-9,1,0,0,2,2,0,2,0,2,385
2,20,"20s3",3,0,19,1,0,1,1.14285714285714,1.71428571428571,3.28571428571429,1.14285714285714,2,9,0,1,2,0,2,2,0,0,2,386
2,20,"20s4",4,0,19,1,0,1,1.14285714285714,1.71428571428571,3.28571428571429,1.14285714285714,1,-9,1,1,0,1,1,0,1,0,1,387
2,20,"20s4",4,0,19,1,0,1,1.14285714285714,1.71428571428571,3.28571428571429,1.14285714285714,2,-9,1,1,1,0,1,1,0,0,1,388
2,20,"20s5",5,0,19,1,0,1,1.14285714285714,1.71428571428571,3.28571428571429,1.14285714285714,1,0,1,1,2,2,2,2,2,1,2,389
2,20,"20s5",5,0,19,1,0,1,1.14285714285714,1.71428571428571,3.28571428571429,1.14285714285714,2,0,1,1,2,2,2,2,2,1,2,390
2,20,"20s6",6,1,19,1,0,1,1.14285714285714,1.71428571428571,3.28571428571429,1.14285714285714,1,9,0,0,2,0,,2,0,0,,391
2,20,"20s6",6,1,19,1,0,1,1.14285714285714,1.71428571428571,3.28571428571429,1.14285714285714,2,9,0,0,0,2,,0,2,0,,392
2,20,"20s7",7,1,19,1,0,1,1.14285714285714,1.71428571428571,3.28571428571429,1.14285714285714,1,-9,0,1,0,1,,0,1,0,,393
2,20,"20s7",7,1,19,1,0,1,1.14285714285714,1.71428571428571,3.28571428571429,1.14285714285714,2,9,1,0,1,0,,1,0,0,,394
2,20,"20s8",8,1,19,1,0,1,1.14285714285714,1.71428571428571,3.28571428571429,1.14285714285714,1,9,0,1,1,1,,1,1,1,,395
2,20,"20s8",8,1,19,1,0,1,1.14285714285714,1.71428571428571,3.28571428571429,1.14285714285714,2,-9,1,0,1,1,,1,1,1,,396
2,20,"20s9",9,1,19,1,0,1,1.14285714285714,1.71428571428571,3.28571428571429,1.14285714285714,1,0,1,1,0,2,,0,2,0,,397
2,20,"20s9",9,1,19,1,0,1,1.14285714285714,1.71428571428571,3.28571428571429,1.14285714285714,2,0,1,1,2,0,,2,0,0,,398
2,20,"20s10",10,1,19,1,0,1,1.14285714285714,1.71428571428571,3.28571428571429,1.14285714285714,1,9,0,0,2,2,,2,2,1,,399
2,20,"20s10",10,1,19,1,0,1,1.14285714285714,1.71428571428571,3.28571428571429,1.14285714285714,2,9,0,0,2,2,,2,2,1,,400
2,21,"21s1",1,1,19,2,0,2,1.85714285714286,2,2.28571428571429,1.85714285714286,1,-3,1,1,2,2,,1,1,1,,401
2,21,"21s1",1,1,19,2,0,2,1.85714285714286,2,2.28571428571429,1.85714285714286,2,-3,1,1,2,2,,1,1,1,,402
2,21,"21s2",2,1,19,2,0,2,1.85714285714286,2,2.28571428571429,1.85714285714286,1,3,0,0,2,2,,1,1,1,,403
2,21,"21s2",2,1,19,2,0,2,1.85714285714286,2,2.28571428571429,1.85714285714286,2,3,0,0,2,2,,1,1,1,,404
2,21,"21s3",3,1,19,2,0,2,1.85714285714286,2,2.28571428571429,1.85714285714286,1,5,0,1,2,0,,1,0,0,,405
2,21,"21s3",3,1,19,2,0,2,1.85714285714286,2,2.28571428571429,1.85714285714286,2,-5,1,0,0,2,,0,1,0,,406
2,21,"21s4",4,1,19,2,0,2,1.85714285714286,2,2.28571428571429,1.85714285714286,1,-5,1,0,0,2,,0,1,0,,407
2,21,"21s4",4,1,19,2,0,2,1.85714285714286,2,2.28571428571429,1.85714285714286,2,5,0,1,2,0,,1,0,0,,408
2,21,"21s5",5,1,19,2,0,2,1.85714285714286,2,2.28571428571429,1.85714285714286,1,-5,1,0,0,0,,0,0,1,,409
2,21,"21s5",5,1,19,2,0,2,1.85714285714286,2,2.28571428571429,1.85714285714286,2,5,0,1,0,0,,0,0,1,,410
2,21,"21s6",6,0,19,2,0,2,1.85714285714286,2,2.28571428571429,1.85714285714286,1,-3,1,0,0,0,1,0,0,1,2,411
2,21,"21s6",6,0,19,2,0,2,1.85714285714286,2,2.28571428571429,1.85714285714286,2,3,0,1,0,0,1,0,0,1,2,412
2,21,"21s7",7,0,19,2,0,2,1.85714285714286,2,2.28571428571429,1.85714285714286,1,-5,1,0,1,1,1,2,2,1,2,413
2,21,"21s7",7,0,19,2,0,2,1.85714285714286,2,2.28571428571429,1.85714285714286,2,5,0,1,1,1,1,2,2,1,2,414
2,21,"21s8",8,0,19,2,0,2,1.85714285714286,2,2.28571428571429,1.85714285714286,1,-5,1,1,1,2,2,2,1,0,1,415
2,21,"21s8",8,0,19,2,0,2,1.85714285714286,2,2.28571428571429,1.85714285714286,2,-3,1,1,2,1,2,1,2,0,1,416
2,21,"21s9",9,0,19,2,0,2,1.85714285714286,2,2.28571428571429,1.85714285714286,1,5,0,0,2,0,2,1,0,0,1,417
2,21,"21s9",9,0,19,2,0,2,1.85714285714286,2,2.28571428571429,1.85714285714286,2,5,0,0,0,2,2,0,1,0,1,418
2,21,"21s10",10,0,19,2,0,2,1.85714285714286,2,2.28571428571429,1.85714285714286,1,5,0,1,0,0,1,0,0,1,2,419
2,21,"21s10",10,0,19,2,0,2,1.85714285714286,2,2.28571428571429,1.85714285714286,2,-5,1,0,0,0,1,0,0,1,2,420
2,22,"22s1",1,0,18,3,0,2,1.57142857142857,3,4,0.857142857142857,1,9,0,0,2,1,2,1,2,0,1,421
2,22,"22s1",1,0,18,3,0,2,1.57142857142857,3,4,0.857142857142857,2,9,0,0,1,2,2,2,1,0,1,422
2,22,"22s2",2,0,18,3,0,2,1.57142857142857,3,4,0.857142857142857,1,-9,1,1,1,2,2,2,1,0,1,423
2,22,"22s2",2,0,18,3,0,2,1.57142857142857,3,4,0.857142857142857,2,-9,1,1,2,1,2,1,2,0,1,424
2,22,"22s3",3,0,18,3,0,2,1.57142857142857,3,4,0.857142857142857,1,-9,1,0,2,2,2,1,1,1,1,425
2,22,"22s3",3,0,18,3,0,2,1.57142857142857,3,4,0.857142857142857,2,9,0,1,2,2,2,1,1,1,1,426
2,22,"22s4",4,0,18,3,0,2,1.57142857142857,3,4,0.857142857142857,1,9,0,0,2,0,2,1,0,0,1,427
2,22,"22s4",4,0,18,3,0,2,1.57142857142857,3,4,0.857142857142857,2,9,0,0,0,2,2,0,1,0,1,428
2,22,"22s5",5,0,18,3,0,2,1.57142857142857,3,4,0.857142857142857,1,9,0,0,2,2,1,1,1,1,2,429
2,22,"22s5",5,0,18,3,0,2,1.57142857142857,3,4,0.857142857142857,2,9,0,0,2,2,1,1,1,1,2,430
2,22,"22s6",6,1,18,3,0,2,1.57142857142857,3,4,0.857142857142857,1,9,0,0,1,1,,2,2,1,,431
2,22,"22s6",6,1,18,3,0,2,1.57142857142857,3,4,0.857142857142857,2,9,0,0,1,1,,2,2,1,,432
2,22,"22s7",7,1,18,3,0,2,1.57142857142857,3,4,0.857142857142857,1,9,0,0,2,1,,1,2,0,,433
2,22,"22s7",7,1,18,3,0,2,1.57142857142857,3,4,0.857142857142857,2,9,0,0,1,2,,2,1,0,,434
2,22,"22s8",8,1,18,3,0,2,1.57142857142857,3,4,0.857142857142857,1,-9,1,1,0,2,,0,1,0,,435
2,22,"22s8",8,1,18,3,0,2,1.57142857142857,3,4,0.857142857142857,2,-9,1,1,2,0,,1,0,0,,436
2,22,"22s9",9,1,18,3,0,2,1.57142857142857,3,4,0.857142857142857,1,-9,1,0,0,1,,0,2,0,,437
2,22,"22s9",9,1,18,3,0,2,1.57142857142857,3,4,0.857142857142857,2,9,0,1,1,0,,2,0,0,,438
2,22,"22s10",10,1,18,3,0,2,1.57142857142857,3,4,0.857142857142857,1,-9,1,1,0,2,,0,1,0,,439
2,22,"22s10",10,1,18,3,0,2,1.57142857142857,3,4,0.857142857142857,2,-9,1,1,2,0,,1,0,0,,440
2,23,"23s1",1,0,18,3,1,2,2.28571428571429,1.71428571428571,1.85714285714286,1.57142857142857,1,3,1,0,2,2,2,1,1,1,1,441
2,23,"23s1",1,0,18,3,1,2,2.28571428571429,1.71428571428571,1.85714285714286,1.57142857142857,2,4,0,1,2,2,2,1,1,1,1,442
2,23,"23s2",2,0,18,3,1,2,2.28571428571429,1.71428571428571,1.85714285714286,1.57142857142857,1,7,0,0,0,1,1,0,2,0,2,443
2,23,"23s2",2,0,18,3,1,2,2.28571428571429,1.71428571428571,1.85714285714286,1.57142857142857,2,7,0,0,1,0,1,2,0,0,2,444
2,23,"23s3",3,0,18,3,1,2,2.28571428571429,1.71428571428571,1.85714285714286,1.57142857142857,1,2,1,1,0,0,1,0,0,1,2,445
2,23,"23s3",3,0,18,3,1,2,2.28571428571429,1.71428571428571,1.85714285714286,1.57142857142857,2,2,1,1,0,0,1,0,0,1,2,446
2,23,"23s4",4,0,18,3,1,2,2.28571428571429,1.71428571428571,1.85714285714286,1.57142857142857,1,0,0,0,1,0,2,2,0,0,1,447
2,23,"23s4",4,0,18,3,1,2,2.28571428571429,1.71428571428571,1.85714285714286,1.57142857142857,2,0,0,0,0,1,2,0,2,0,1,448
2,23,"23s5",5,0,18,3,1,2,2.28571428571429,1.71428571428571,1.85714285714286,1.57142857142857,1,6,1,1,2,2,2,1,1,1,1,449
2,23,"23s5",5,0,18,3,1,2,2.28571428571429,1.71428571428571,1.85714285714286,1.57142857142857,2,6,1,1,2,2,2,1,1,1,1,450
2,23,"23s6",6,1,18,3,1,2,2.28571428571429,1.71428571428571,1.85714285714286,1.57142857142857,1,4,0,1,1,1,,2,2,1,,451
2,23,"23s6",6,1,18,3,1,2,2.28571428571429,1.71428571428571,1.85714285714286,1.57142857142857,2,7,1,0,1,1,,2,2,1,,452
2,23,"23s7",7,1,18,3,1,2,2.28571428571429,1.71428571428571,1.85714285714286,1.57142857142857,1,8,1,1,2,1,,1,2,0,,453
2,23,"23s7",7,1,18,3,1,2,2.28571428571429,1.71428571428571,1.85714285714286,1.57142857142857,2,8,1,1,1,2,,2,1,0,,454
2,23,"23s8",8,1,18,3,1,2,2.28571428571429,1.71428571428571,1.85714285714286,1.57142857142857,1,-3,0,0,2,1,,1,2,0,,455
2,23,"23s8",8,1,18,3,1,2,2.28571428571429,1.71428571428571,1.85714285714286,1.57142857142857,2,-3,0,0,1,2,,2,1,0,,456
2,23,"23s9",9,1,18,3,1,2,2.28571428571429,1.71428571428571,1.85714285714286,1.57142857142857,1,-1,0,1,0,0,,0,0,1,,457
2,23,"23s9",9,1,18,3,1,2,2.28571428571429,1.71428571428571,1.85714285714286,1.57142857142857,2,5,1,0,0,0,,0,0,1,,458
2,23,"23s10",10,1,18,3,1,2,2.28571428571429,1.71428571428571,1.85714285714286,1.57142857142857,1,8,1,1,2,0,,1,0,0,,459
2,23,"23s10",10,1,18,3,1,2,2.28571428571429,1.71428571428571,1.85714285714286,1.57142857142857,2,8,1,1,0,2,,0,1,0,,460
2,24,"24s1",1,0,19,2,0,2,1.42857142857143,2.28571428571429,2.14285714285714,1.28571428571429,1,-5,1,0,1,2,2,2,1,0,1,461
2,24,"24s1",1,0,19,2,0,2,1.42857142857143,2.28571428571429,2.14285714285714,1.28571428571429,2,9,0,1,2,1,2,1,2,0,1,462
2,24,"24s2",2,0,19,2,0,2,1.42857142857143,2.28571428571429,2.14285714285714,1.28571428571429,1,9,0,0,0,0,1,0,0,1,2,463
2,24,"24s2",2,0,19,2,0,2,1.42857142857143,2.28571428571429,2.14285714285714,1.28571428571429,2,9,0,0,0,0,1,0,0,1,2,464
2,24,"24s3",3,0,19,2,0,2,1.42857142857143,2.28571428571429,2.14285714285714,1.28571428571429,1,-9,1,0,0,2,1,0,1,0,2,465
2,24,"24s3",3,0,19,2,0,2,1.42857142857143,2.28571428571429,2.14285714285714,1.28571428571429,2,9,0,1,2,0,1,1,0,0,2,466
2,24,"24s4",4,0,19,2,0,2,1.42857142857143,2.28571428571429,2.14285714285714,1.28571428571429,1,-9,1,0,2,2,2,1,1,1,1,467
2,24,"24s4",4,0,19,2,0,2,1.42857142857143,2.28571428571429,2.14285714285714,1.28571428571429,2,9,0,1,2,2,2,1,1,1,1,468
2,24,"24s5",5,0,19,2,0,2,1.42857142857143,2.28571428571429,2.14285714285714,1.28571428571429,1,9,0,0,1,2,1,2,1,0,2,469
2,24,"24s5",5,0,19,2,0,2,1.42857142857143,2.28571428571429,2.14285714285714,1.28571428571429,2,9,0,0,2,1,1,1,2,0,2,470
2,24,"24s6",6,1,19,2,0,2,1.42857142857143,2.28571428571429,2.14285714285714,1.28571428571429,1,9,0,0,2,2,,1,1,1,,471
2,24,"24s6",6,1,19,2,0,2,1.42857142857143,2.28571428571429,2.14285714285714,1.28571428571429,2,9,0,0,2,2,,1,1,1,,472
2,24,"24s7",7,1,19,2,0,2,1.42857142857143,2.28571428571429,2.14285714285714,1.28571428571429,1,-9,1,1,1,0,,2,0,0,,473
2,24,"24s7",7,1,19,2,0,2,1.42857142857143,2.28571428571429,2.14285714285714,1.28571428571429,2,-9,1,1,0,1,,0,2,0,,474
2,24,"24s8",8,1,19,2,0,2,1.42857142857143,2.28571428571429,2.14285714285714,1.28571428571429,1,-9,1,0,1,2,,2,1,0,,475
2,24,"24s8",8,1,19,2,0,2,1.42857142857143,2.28571428571429,2.14285714285714,1.28571428571429,2,9,0,1,2,1,,1,2,0,,476
2,24,"24s9",9,1,19,2,0,2,1.42857142857143,2.28571428571429,2.14285714285714,1.28571428571429,1,9,0,0,0,0,,0,0,1,,477
2,24,"24s9",9,1,19,2,0,2,1.42857142857143,2.28571428571429,2.14285714285714,1.28571428571429,2,9,0,0,0,0,,0,0,1,,478
2,24,"24s10",10,1,19,2,0,2,1.42857142857143,2.28571428571429,2.14285714285714,1.28571428571429,1,-9,1,1,0,2,,0,1,0,,479
2,24,"24s10",10,1,19,2,0,2,1.42857142857143,2.28571428571429,2.14285714285714,1.28571428571429,2,-9,1,1,2,0,,1,0,0,,480
3,25,"25s1",1,1,18,2,1,2,3,3.42857142857143,3.42857142857143,2,1,9,0,0,2,2,,1,1,1,,481
3,25,"25s1",1,1,18,2,1,2,3,3.42857142857143,3.42857142857143,2,2,9,0,0,2,2,,1,1,1,,482
3,25,"25s2",2,1,18,2,1,2,3,3.42857142857143,3.42857142857143,2,1,9,0,1,0,0,,0,0,1,,483
3,25,"25s2",2,1,18,2,1,2,3,3.42857142857143,3.42857142857143,2,2,0,1,0,0,0,,0,0,1,,484
3,25,"25s3",3,1,18,2,1,2,3,3.42857142857143,3.42857142857143,2,1,0,1,0,2,1,,1,2,0,,485
3,25,"25s3",3,1,18,2,1,2,3,3.42857142857143,3.42857142857143,2,2,9,0,1,1,2,,2,1,0,,486
3,25,"25s4",4,1,18,2,1,2,3,3.42857142857143,3.42857142857143,2,1,9,0,0,2,0,,1,0,0,,487
3,25,"25s4",4,1,18,2,1,2,3,3.42857142857143,3.42857142857143,2,2,9,0,0,0,2,,0,1,0,,488
3,25,"25s5",5,1,18,2,1,2,3,3.42857142857143,3.42857142857143,2,1,9,0,1,2,1,,1,2,0,,489
3,25,"25s5",5,1,18,2,1,2,3,3.42857142857143,3.42857142857143,2,2,0,1,0,1,2,,2,1,0,,490
3,25,"25s6",6,0,18,2,1,2,3,3.42857142857143,3.42857142857143,2,1,0,1,0,0,2,2,0,1,0,1,491
3,25,"25s6",6,0,18,2,1,2,3,3.42857142857143,3.42857142857143,2,2,9,0,1,2,0,2,1,0,0,1,492
3,25,"25s7",7,0,18,2,1,2,3,3.42857142857143,3.42857142857143,2,1,9,0,0,1,2,2,2,1,0,1,493
3,25,"25s7",7,0,18,2,1,2,3,3.42857142857143,3.42857142857143,2,2,9,0,0,2,1,2,1,2,0,1,494
3,25,"25s8",8,0,18,2,1,2,3,3.42857142857143,3.42857142857143,2,1,0,1,1,0,2,1,0,1,0,2,495
3,25,"25s8",8,0,18,2,1,2,3,3.42857142857143,3.42857142857143,2,2,0,1,1,2,0,1,1,0,0,2,496
3,25,"25s9",9,0,18,2,1,2,3,3.42857142857143,3.42857142857143,2,1,9,0,1,1,2,1,2,1,0,2,497
3,25,"25s9",9,0,18,2,1,2,3,3.42857142857143,3.42857142857143,2,2,0,1,0,2,1,1,1,2,0,2,498
3,25,"25s10",10,0,18,2,1,2,3,3.42857142857143,3.42857142857143,2,1,9,0,0,1,0,1,2,0,0,2,499
3,25,"25s10",10,0,18,2,1,2,3,3.42857142857143,3.42857142857143,2,2,9,0,0,0,1,1,0,2,0,2,500
3,26,"26s1",1,0,18,2,1,1,2.71428571428571,3.42857142857143,3.28571428571429,1.28571428571429,1,8,0,1,2,0,1,2,0,0,1,501
3,26,"26s1",1,0,18,2,1,1,2.71428571428571,3.42857142857143,3.28571428571429,1.28571428571429,2,-8,1,0,0,2,1,0,2,0,1,502
3,26,"26s2",2,0,18,2,1,1,2.71428571428571,3.42857142857143,3.28571428571429,1.28571428571429,1,9,0,1,1,0,2,1,0,0,2,503
3,26,"26s2",2,0,18,2,1,1,2.71428571428571,3.42857142857143,3.28571428571429,1.28571428571429,2,-8,1,0,0,1,2,0,1,0,2,504
3,26,"26s3",3,0,18,2,1,1,2.71428571428571,3.42857142857143,3.28571428571429,1.28571428571429,1,-5,1,1,2,2,2,2,2,1,2,505
3,26,"26s3",3,0,18,2,1,1,2.71428571428571,3.42857142857143,3.28571428571429,1.28571428571429,2,-5,1,1,2,2,2,2,2,1,2,506
3,26,"26s4",4,0,18,2,1,1,2.71428571428571,3.42857142857143,3.28571428571429,1.28571428571429,1,-5,1,0,2,0,1,2,0,0,1,507
3,26,"26s4",4,0,18,2,1,1,2.71428571428571,3.42857142857143,3.28571428571429,1.28571428571429,2,8,0,1,0,2,1,0,2,0,1,508
3,26,"26s5",5,0,18,2,1,1,2.71428571428571,3.42857142857143,3.28571428571429,1.28571428571429,1,7,0,1,0,0,1,0,0,1,1,509
3,26,"26s5",5,0,18,2,1,1,2.71428571428571,3.42857142857143,3.28571428571429,1.28571428571429,2,-7,1,0,0,0,1,0,0,1,1,510
3,26,"26s6",6,1,18,2,1,1,2.71428571428571,3.42857142857143,3.28571428571429,1.28571428571429,1,9,0,1,0,1,,0,1,0,,511
3,26,"26s6",6,1,18,2,1,1,2.71428571428571,3.42857142857143,3.28571428571429,1.28571428571429,2,-8,1,0,1,0,,1,0,0,,512
3,26,"26s7",7,1,18,2,1,1,2.71428571428571,3.42857142857143,3.28571428571429,1.28571428571429,1,-5,1,1,0,1,,0,1,0,,513
3,26,"26s7",7,1,18,2,1,1,2.71428571428571,3.42857142857143,3.28571428571429,1.28571428571429,2,-5,1,1,1,0,,1,0,0,,514
3,26,"26s8",8,1,18,2,1,1,2.71428571428571,3.42857142857143,3.28571428571429,1.28571428571429,1,9,0,0,1,0,,1,0,0,,515
3,26,"26s8",8,1,18,2,1,1,2.71428571428571,3.42857142857143,3.28571428571429,1.28571428571429,2,9,0,0,0,1,,0,1,0,,516
3,26,"26s9",9,1,18,2,1,1,2.71428571428571,3.42857142857143,3.28571428571429,1.28571428571429,1,-9,1,1,0,0,,0,0,1,,517
3,26,"26s9",9,1,18,2,1,1,2.71428571428571,3.42857142857143,3.28571428571429,1.28571428571429,2,-9,1,1,0,0,,0,0,1,,518
3,26,"26s10",10,1,18,2,1,1,2.71428571428571,3.42857142857143,3.28571428571429,1.28571428571429,1,-8,1,0,1,2,,1,2,0,,519
3,26,"26s10",10,1,18,2,1,1,2.71428571428571,3.42857142857143,3.28571428571429,1.28571428571429,2,8,0,1,2,1,,2,1,0,,520
3,27,"27s1",1,1,18,3,0,2,3.57142857142857,1.42857142857143,2.85714285714286,0,1,9,0,0,0,1,,0,2,0,,521
3,27,"27s1",1,1,18,3,0,2,3.57142857142857,1.42857142857143,2.85714285714286,0,2,9,0,0,1,0,,2,0,0,,522
3,27,"27s2",2,1,18,3,0,2,3.57142857142857,1.42857142857143,2.85714285714286,0,1,-9,1,0,2,0,,1,0,0,,523
3,27,"27s2",2,1,18,3,0,2,3.57142857142857,1.42857142857143,2.85714285714286,0,2,9,0,1,0,2,,0,1,0,,524
3,27,"27s3",3,1,18,3,0,2,3.57142857142857,1.42857142857143,2.85714285714286,0,1,-9,1,1,1,1,,2,2,1,,525
3,27,"27s3",3,1,18,3,0,2,3.57142857142857,1.42857142857143,2.85714285714286,0,2,-9,1,1,1,1,,2,2,1,,526
3,27,"27s4",4,1,18,3,0,2,3.57142857142857,1.42857142857143,2.85714285714286,0,1,9,0,1,0,1,,0,2,0,,527
3,27,"27s4",4,1,18,3,0,2,3.57142857142857,1.42857142857143,2.85714285714286,0,2,-9,1,0,1,0,,2,0,0,,528
3,27,"27s5",5,1,18,3,0,2,3.57142857142857,1.42857142857143,2.85714285714286,0,1,-9,1,1,0,0,,0,0,1,,529
3,27,"27s5",5,1,18,3,0,2,3.57142857142857,1.42857142857143,2.85714285714286,0,2,-9,1,1,0,0,,0,0,1,,530
3,27,"27s6",6,0,18,3,0,2,3.57142857142857,1.42857142857143,2.85714285714286,0,1,0,1,1,0,2,2,0,1,0,1,531
3,27,"27s6",6,0,18,3,0,2,3.57142857142857,1.42857142857143,2.85714285714286,0,2,0,1,1,2,0,2,1,0,0,1,532
3,27,"27s7",7,0,18,3,0,2,3.57142857142857,1.42857142857143,2.85714285714286,0,1,0,1,0,1,1,2,2,2,1,1,533
3,27,"27s7",7,0,18,3,0,2,3.57142857142857,1.42857142857143,2.85714285714286,0,2,0,0,1,1,1,2,2,2,1,1,534
3,27,"27s8",8,0,18,3,0,2,3.57142857142857,1.42857142857143,2.85714285714286,0,1,0,1,1,0,2,1,0,1,0,2,535
3,27,"27s8",8,0,18,3,0,2,3.57142857142857,1.42857142857143,2.85714285714286,0,2,0,1,1,2,0,1,1,0,0,2,536
3,27,"27s9",9,0,18,3,0,2,3.57142857142857,1.42857142857143,2.85714285714286,0,1,0,0,0,2,2,2,1,1,1,1,537
3,27,"27s9",9,0,18,3,0,2,3.57142857142857,1.42857142857143,2.85714285714286,0,2,0,0,0,2,2,2,1,1,1,1,538
3,27,"27s10",10,0,18,3,0,2,3.57142857142857,1.42857142857143,2.85714285714286,0,1,0,1,0,0,0,2,0,0,1,1,539
3,27,"27s10",10,0,18,3,0,2,3.57142857142857,1.42857142857143,2.85714285714286,0,2,0,0,1,0,0,2,0,0,1,1,540
3,28,"28s1",1,1,18,2,1,2,1.57142857142857,2.28571428571429,0.857142857142857,2.14285714285714,1,7,0,1,2,2,,1,1,1,,541
3,28,"28s1",1,1,18,2,1,2,1.57142857142857,2.28571428571429,0.857142857142857,2.14285714285714,2,-6,1,0,2,2,,1,1,1,,542
3,28,"28s2",2,1,18,2,1,2,1.57142857142857,2.28571428571429,0.857142857142857,2.14285714285714,1,4,1,1,2,1,,1,2,0,,543
3,28,"28s2",2,1,18,2,1,2,1.57142857142857,2.28571428571429,0.857142857142857,2.14285714285714,2,4,1,1,1,2,,2,1,0,,544
3,28,"28s3",3,1,18,2,1,2,1.57142857142857,2.28571428571429,0.857142857142857,2.14285714285714,1,6,0,1,1,1,,2,2,1,,545
3,28,"28s3",3,1,18,2,1,2,1.57142857142857,2.28571428571429,0.857142857142857,2.14285714285714,2,-3,1,0,1,1,,2,2,1,,546
3,28,"28s4",4,1,18,2,1,2,1.57142857142857,2.28571428571429,0.857142857142857,2.14285714285714,1,5,1,1,0,2,,0,1,0,,547
3,28,"28s4",4,1,18,2,1,2,1.57142857142857,2.28571428571429,0.857142857142857,2.14285714285714,2,5,1,1,2,0,,1,0,0,,548
3,28,"28s5",5,1,18,2,1,2,1.57142857142857,2.28571428571429,0.857142857142857,2.14285714285714,1,6,0,1,1,1,,2,2,1,,549
3,28,"28s5",5,1,18,2,1,2,1.57142857142857,2.28571428571429,0.857142857142857,2.14285714285714,2,-3,1,0,1,1,,2,2,1,,550
3,28,"28s6",6,0,18,2,1,2,1.57142857142857,2.28571428571429,0.857142857142857,2.14285714285714,1,-5,1,0,1,0,2,2,0,0,1,551
3,28,"28s6",6,0,18,2,1,2,1.57142857142857,2.28571428571429,0.857142857142857,2.14285714285714,2,5,0,1,0,1,2,0,2,0,1,552
3,28,"28s7",7,0,18,2,1,2,1.57142857142857,2.28571428571429,0.857142857142857,2.14285714285714,1,6,0,1,1,1,1,2,2,1,2,553
3,28,"28s7",7,0,18,2,1,2,1.57142857142857,2.28571428571429,0.857142857142857,2.14285714285714,2,-4,1,0,1,1,1,2,2,1,2,554
3,28,"28s8",8,0,18,2,1,2,1.57142857142857,2.28571428571429,0.857142857142857,2.14285714285714,1,4,0,1,1,0,1,2,0,0,2,555
3,28,"28s8",8,0,18,2,1,2,1.57142857142857,2.28571428571429,0.857142857142857,2.14285714285714,2,-3,1,0,0,1,1,0,2,0,2,556
3,28,"28s9",9,0,18,2,1,2,1.57142857142857,2.28571428571429,0.857142857142857,2.14285714285714,1,-6,1,0,1,1,1,2,2,1,2,557
3,28,"28s9",9,0,18,2,1,2,1.57142857142857,2.28571428571429,0.857142857142857,2.14285714285714,2,7,0,1,1,1,1,2,2,1,2,558
3,28,"28s10",10,0,18,2,1,2,1.57142857142857,2.28571428571429,0.857142857142857,2.14285714285714,1,-6,1,0,0,0,2,0,0,1,1,559
3,28,"28s10",10,0,18,2,1,2,1.57142857142857,2.28571428571429,0.857142857142857,2.14285714285714,2,5,0,1,0,0,2,0,0,1,1,560
3,29,"29s1",1,0,18,2,0,1,2.57142857142857,1.85714285714286,3.28571428571429,0.857142857142857,1,-4,0,0,1,1,1,1,1,1,1,561
3,29,"29s1",1,0,18,2,0,1,2.57142857142857,1.85714285714286,3.28571428571429,0.857142857142857,2,9,0,0,1,1,1,1,1,1,1,562
3,29,"29s2",2,0,18,2,0,1,2.57142857142857,1.85714285714286,3.28571428571429,0.857142857142857,1,-4,1,0,2,2,1,2,2,1,1,563
3,29,"29s2",2,0,18,2,0,1,2.57142857142857,1.85714285714286,3.28571428571429,0.857142857142857,2,9,0,1,2,2,1,2,2,1,1,564
3,29,"29s3",3,0,18,2,0,1,2.57142857142857,1.85714285714286,3.28571428571429,0.857142857142857,1,9,0,0,2,1,2,2,1,0,2,565
3,29,"29s3",3,0,18,2,0,1,2.57142857142857,1.85714285714286,3.28571428571429,0.857142857142857,2,9,0,0,1,2,2,1,2,0,2,566
3,29,"29s4",4,0,18,2,0,1,2.57142857142857,1.85714285714286,3.28571428571429,0.857142857142857,1,-9,1,1,2,1,2,2,1,0,2,567
3,29,"29s4",4,0,18,2,0,1,2.57142857142857,1.85714285714286,3.28571428571429,0.857142857142857,2,-9,1,1,1,2,2,1,2,0,2,568
3,29,"29s5",5,0,18,2,0,1,2.57142857142857,1.85714285714286,3.28571428571429,0.857142857142857,1,9,0,0,0,1,1,0,1,0,1,569
3,29,"29s5",5,0,18,2,0,1,2.57142857142857,1.85714285714286,3.28571428571429,0.857142857142857,2,9,0,0,1,0,1,1,0,0,1,570
3,29,"29s6",6,1,18,2,0,1,2.57142857142857,1.85714285714286,3.28571428571429,0.857142857142857,1,9,0,0,0,0,,0,0,1,,571
3,29,"29s6",6,1,18,2,0,1,2.57142857142857,1.85714285714286,3.28571428571429,0.857142857142857,2,9,0,0,0,0,,0,0,1,,572
3,29,"29s7",7,1,18,2,0,1,2.57142857142857,1.85714285714286,3.28571428571429,0.857142857142857,1,-9,1,0,2,1,,2,1,0,,573
3,29,"29s7",7,1,18,2,0,1,2.57142857142857,1.85714285714286,3.28571428571429,0.857142857142857,2,9,0,1,1,2,,1,2,0,,574
3,29,"29s8",8,1,18,2,0,1,2.57142857142857,1.85714285714286,3.28571428571429,0.857142857142857,1,-9,1,1,1,0,,1,0,0,,575
3,29,"29s8",8,1,18,2,0,1,2.57142857142857,1.85714285714286,3.28571428571429,0.857142857142857,2,-9,1,1,0,1,,0,1,0,,576
3,29,"29s9",9,1,18,2,0,1,2.57142857142857,1.85714285714286,3.28571428571429,0.857142857142857,1,9,0,0,1,2,,1,2,0,,577
3,29,"29s9",9,1,18,2,0,1,2.57142857142857,1.85714285714286,3.28571428571429,0.857142857142857,2,9,0,0,2,1,,2,1,0,,578
3,29,"29s10",10,1,18,2,0,1,2.57142857142857,1.85714285714286,3.28571428571429,0.857142857142857,1,-9,1,0,1,1,,1,1,1,,579
3,29,"29s10",10,1,18,2,0,1,2.57142857142857,1.85714285714286,3.28571428571429,0.857142857142857,2,9,0,1,1,1,,1,1,1,,580
3,30,"30s1",1,0,18,3,1,1,1.57142857142857,2,1.57142857142857,1.71428571428571,1,2,0,1,2,2,1,2,2,1,1,581
3,30,"30s1",1,0,18,3,1,1,1.57142857142857,2,1.57142857142857,1.71428571428571,2,5,1,0,2,2,1,2,2,1,1,582
3,30,"30s2",2,0,18,3,1,1,1.57142857142857,2,1.57142857142857,1.71428571428571,1,1,1,1,1,0,1,1,0,0,1,583
3,30,"30s2",2,0,18,3,1,1,1.57142857142857,2,1.57142857142857,1.71428571428571,2,1,1,1,0,1,1,0,1,0,1,584
3,30,"30s3",3,0,18,3,1,1,1.57142857142857,2,1.57142857142857,1.71428571428571,1,1,1,0,2,2,1,2,2,1,1,585
3,30,"30s3",3,0,18,3,1,1,1.57142857142857,2,1.57142857142857,1.71428571428571,2,5,0,1,2,2,1,2,2,1,1,586
3,30,"30s4",4,0,18,3,1,1,1.57142857142857,2,1.57142857142857,1.71428571428571,1,1,1,1,2,1,2,2,1,0,2,587
3,30,"30s4",4,0,18,3,1,1,1.57142857142857,2,1.57142857142857,1.71428571428571,2,1,1,1,1,2,2,1,2,0,2,588
3,30,"30s5",5,0,18,3,1,1,1.57142857142857,2,1.57142857142857,1.71428571428571,1,7,0,0,2,0,1,2,0,0,1,589
3,30,"30s5",5,0,18,3,1,1,1.57142857142857,2,1.57142857142857,1.71428571428571,2,7,0,0,0,2,1,0,2,0,1,590
3,30,"30s6",6,1,18,3,1,1,1.57142857142857,2,1.57142857142857,1.71428571428571,1,7,0,0,2,0,,2,0,0,,591
3,30,"30s6",6,1,18,3,1,1,1.57142857142857,2,1.57142857142857,1.71428571428571,2,7,0,0,0,2,,0,2,0,,592
3,30,"30s7",7,1,18,3,1,1,1.57142857142857,2,1.57142857142857,1.71428571428571,1,-1,1,1,2,0,,2,0,0,,593
3,30,"30s7",7,1,18,3,1,1,1.57142857142857,2,1.57142857142857,1.71428571428571,2,-1,1,1,0,2,,0,2,0,,594
3,30,"30s8",8,1,18,3,1,1,1.57142857142857,2,1.57142857142857,1.71428571428571,1,6,0,1,2,0,,2,0,0,,595
3,30,"30s8",8,1,18,3,1,1,1.57142857142857,2,1.57142857142857,1.71428571428571,2,1,1,0,0,2,,0,2,0,,596
3,30,"30s9",9,1,18,3,1,1,1.57142857142857,2,1.57142857142857,1.71428571428571,1,7,0,0,2,1,,2,1,0,,597
3,30,"30s9",9,1,18,3,1,1,1.57142857142857,2,1.57142857142857,1.71428571428571,2,7,0,0,1,2,,1,2,0,,598
3,30,"30s10",10,1,18,3,1,1,1.57142857142857,2,1.57142857142857,1.71428571428571,1,1,1,0,2,1,,2,1,0,,599
3,30,"30s10",10,1,18,3,1,1,1.57142857142857,2,1.57142857142857,1.71428571428571,2,7,0,1,1,2,,1,2,0,,600
3,31,"31s1",1,0,19,2,0,2,3.42857142857143,2.14285714285714,2.42857142857143,1.28571428571429,1,-9,1,0,1,1,1,2,2,1,2,601
3,31,"31s1",1,0,19,2,0,2,3.42857142857143,2.14285714285714,2.42857142857143,1.28571428571429,2,9,0,1,1,1,1,2,2,1,2,602
3,31,"31s2",2,0,19,2,0,2,3.42857142857143,2.14285714285714,2.42857142857143,1.28571428571429,1,9,0,0,2,1,1,1,2,0,2,603
3,31,"31s2",2,0,19,2,0,2,3.42857142857143,2.14285714285714,2.42857142857143,1.28571428571429,2,9,0,0,1,2,1,2,1,0,2,604
3,31,"31s3",3,0,19,2,0,2,3.42857142857143,2.14285714285714,2.42857142857143,1.28571428571429,1,-9,1,1,0,1,1,0,2,0,2,605
3,31,"31s3",3,0,19,2,0,2,3.42857142857143,2.14285714285714,2.42857142857143,1.28571428571429,2,-9,1,1,1,0,1,2,0,0,2,606
3,31,"31s4",4,0,19,2,0,2,3.42857142857143,2.14285714285714,2.42857142857143,1.28571428571429,1,-9,1,1,0,1,1,0,2,0,2,607
3,31,"31s4",4,0,19,2,0,2,3.42857142857143,2.14285714285714,2.42857142857143,1.28571428571429,2,-9,1,1,1,0,1,2,0,0,2,608
3,31,"31s5",5,0,19,2,0,2,3.42857142857143,2.14285714285714,2.42857142857143,1.28571428571429,1,9,0,0,2,2,2,1,1,1,1,609
3,31,"31s5",5,0,19,2,0,2,3.42857142857143,2.14285714285714,2.42857142857143,1.28571428571429,2,9,0,0,2,2,2,1,1,1,1,610
3,31,"31s6",6,1,19,2,0,2,3.42857142857143,2.14285714285714,2.42857142857143,1.28571428571429,1,9,0,1,0,0,,0,0,1,,611
3,31,"31s6",6,1,19,2,0,2,3.42857142857143,2.14285714285714,2.42857142857143,1.28571428571429,2,-9,1,0,0,0,,0,0,1,,612
3,31,"31s7",7,1,19,2,0,2,3.42857142857143,2.14285714285714,2.42857142857143,1.28571428571429,1,-9,1,1,1,1,,2,2,1,,613
3,31,"31s7",7,1,19,2,0,2,3.42857142857143,2.14285714285714,2.42857142857143,1.28571428571429,2,-9,1,1,1,1,,2,2,1,,614
3,31,"31s8",8,1,19,2,0,2,3.42857142857143,2.14285714285714,2.42857142857143,1.28571428571429,1,9,0,1,2,0,,1,0,0,,615
3,31,"31s8",8,1,19,2,0,2,3.42857142857143,2.14285714285714,2.42857142857143,1.28571428571429,2,-9,1,0,0,2,,0,1,0,,616
3,31,"31s9",9,1,19,2,0,2,3.42857142857143,2.14285714285714,2.42857142857143,1.28571428571429,1,-9,1,1,0,2,,0,1,0,,617
3,31,"31s9",9,1,19,2,0,2,3.42857142857143,2.14285714285714,2.42857142857143,1.28571428571429,2,-9,1,1,2,0,,1,0,0,,618
3,31,"31s10",10,1,19,2,0,2,3.42857142857143,2.14285714285714,2.42857142857143,1.28571428571429,1,-9,1,1,2,0,,1,0,0,,619
3,31,"31s10",10,1,19,2,0,2,3.42857142857143,2.14285714285714,2.42857142857143,1.28571428571429,2,-9,1,1,0,2,,0,1,0,,620
3,32,"32s1",1,1,18,3,1,1,3.42857142857143,3.14285714285714,3.57142857142857,2.85714285714286,1,0,1,1,1,1,,1,1,1,,621
3,32,"32s1",1,1,18,3,1,1,3.42857142857143,3.14285714285714,3.57142857142857,2.85714285714286,2,0,1,1,1,1,,1,1,1,,622
3,32,"32s2",2,1,18,3,1,1,3.42857142857143,3.14285714285714,3.57142857142857,2.85714285714286,1,-1,1,1,0,0,,0,0,1,,623
3,32,"32s2",2,1,18,3,1,1,3.42857142857143,3.14285714285714,3.57142857142857,2.85714285714286,2,-1,1,1,0,0,,0,0,1,,624
3,32,"32s3",3,1,18,3,1,1,3.42857142857143,3.14285714285714,3.57142857142857,2.85714285714286,1,0,1,1,2,2,,2,2,1,,625
3,32,"32s3",3,1,18,3,1,1,3.42857142857143,3.14285714285714,3.57142857142857,2.85714285714286,2,0,1,1,2,2,,2,2,1,,626
3,32,"32s4",4,1,18,3,1,1,3.42857142857143,3.14285714285714,3.57142857142857,2.85714285714286,1,1,0,0,2,2,,2,2,1,,627
3,32,"32s4",4,1,18,3,1,1,3.42857142857143,3.14285714285714,3.57142857142857,2.85714285714286,2,1,0,0,2,2,,2,2,1,,628
3,32,"32s5",5,1,18,3,1,1,3.42857142857143,3.14285714285714,3.57142857142857,2.85714285714286,1,-1,1,0,0,1,,0,1,0,,629
3,32,"32s5",5,1,18,3,1,1,3.42857142857143,3.14285714285714,3.57142857142857,2.85714285714286,2,2,0,1,1,0,,1,0,0,,630
3,32,"32s6",6,0,18,3,1,1,3.42857142857143,3.14285714285714,3.57142857142857,2.85714285714286,1,2,0,1,2,1,1,2,1,0,1,631
3,32,"32s6",6,0,18,3,1,1,3.42857142857143,3.14285714285714,3.57142857142857,2.85714285714286,2,-2,1,0,1,2,1,1,2,0,1,632
3,32,"32s7",7,0,18,3,1,1,3.42857142857143,3.14285714285714,3.57142857142857,2.85714285714286,1,2,0,1,0,2,1,0,2,0,1,633
3,32,"32s7",7,0,18,3,1,1,3.42857142857143,3.14285714285714,3.57142857142857,2.85714285714286,2,-2,1,0,2,0,1,2,0,0,1,634
3,32,"32s8",8,0,18,3,1,1,3.42857142857143,3.14285714285714,3.57142857142857,2.85714285714286,1,2,0,1,2,0,1,2,0,0,1,635
3,32,"32s8",8,0,18,3,1,1,3.42857142857143,3.14285714285714,3.57142857142857,2.85714285714286,2,-2,1,0,0,2,1,0,2,0,1,636
3,32,"32s9",9,0,18,3,1,1,3.42857142857143,3.14285714285714,3.57142857142857,2.85714285714286,1,-2,1,0,1,0,1,1,0,0,1,637
3,32,"32s9",9,0,18,3,1,1,3.42857142857143,3.14285714285714,3.57142857142857,2.85714285714286,2,2,0,1,0,1,1,0,1,0,1,638
3,32,"32s10",10,0,18,3,1,1,3.42857142857143,3.14285714285714,3.57142857142857,2.85714285714286,1,-3,1,0,0,1,1,0,1,0,1,639
3,32,"32s10",10,0,18,3,1,1,3.42857142857143,3.14285714285714,3.57142857142857,2.85714285714286,2,2,0,1,1,0,1,1,0,0,1,640
3,33,"33s1",1,0,23,3,0,1,3.14285714285714,2,2.14285714285714,2.57142857142857,1,9,1,0,2,0,1,2,0,0,1,641
3,33,"33s1",1,0,23,3,0,1,3.14285714285714,2,2.14285714285714,2.57142857142857,2,-9,0,1,0,2,1,0,2,0,1,642
3,33,"33s2",2,0,23,3,0,1,3.14285714285714,2,2.14285714285714,2.57142857142857,1,-9,0,1,2,0,2,2,0,0,2,643
3,33,"33s2",2,0,23,3,0,1,3.14285714285714,2,2.14285714285714,2.57142857142857,2,9,1,0,0,2,2,0,2,0,2,644
3,33,"33s3",3,0,23,3,0,1,3.14285714285714,2,2.14285714285714,2.57142857142857,1,-9,1,1,0,0,1,0,0,1,1,645
3,33,"33s3",3,0,23,3,0,1,3.14285714285714,2,2.14285714285714,2.57142857142857,2,-9,1,1,0,0,1,0,0,1,1,646
3,33,"33s4",4,0,23,3,0,1,3.14285714285714,2,2.14285714285714,2.57142857142857,1,-9,1,0,0,2,2,0,2,0,2,647
3,33,"33s4",4,0,23,3,0,1,3.14285714285714,2,2.14285714285714,2.57142857142857,2,9,0,1,2,0,2,2,0,0,2,648
3,33,"33s5",5,0,23,3,0,1,3.14285714285714,2,2.14285714285714,2.57142857142857,1,9,0,0,2,1,1,2,1,0,1,649
3,33,"33s5",5,0,23,3,0,1,3.14285714285714,2,2.14285714285714,2.57142857142857,2,9,0,0,1,2,1,1,2,0,1,650
3,33,"33s6",6,1,23,3,0,1,3.14285714285714,2,2.14285714285714,2.57142857142857,1,9,0,1,1,2,,1,2,0,,651
3,33,"33s6",6,1,23,3,0,1,3.14285714285714,2,2.14285714285714,2.57142857142857,2,-9,1,0,2,1,,2,1,0,,652
3,33,"33s7",7,1,23,3,0,1,3.14285714285714,2,2.14285714285714,2.57142857142857,1,-9,1,0,0,1,,0,1,0,,653
3,33,"33s7",7,1,23,3,0,1,3.14285714285714,2,2.14285714285714,2.57142857142857,2,9,0,1,1,0,,1,0,0,,654
3,33,"33s8",8,1,23,3,0,1,3.14285714285714,2,2.14285714285714,2.57142857142857,1,-9,1,1,0,0,,0,0,1,,655
3,33,"33s8",8,1,23,3,0,1,3.14285714285714,2,2.14285714285714,2.57142857142857,2,-9,1,1,0,0,,0,0,1,,656
3,33,"33s9",9,1,23,3,0,1,3.14285714285714,2,2.14285714285714,2.57142857142857,1,9,0,0,2,0,,2,0,0,,657
3,33,"33s9",9,1,23,3,0,1,3.14285714285714,2,2.14285714285714,2.57142857142857,2,9,0,0,0,2,,0,2,0,,658
3,33,"33s10",10,1,23,3,0,1,3.14285714285714,2,2.14285714285714,2.57142857142857,1,9,0,0,2,0,,2,0,0,,659
3,33,"33s10",10,1,23,3,0,1,3.14285714285714,2,2.14285714285714,2.57142857142857,2,9,0,0,0,2,,0,2,0,,660
3,34,"34s1",1,1,28,1,0,1,1.28571428571429,3.14285714285714,2.71428571428571,0.571428571428571,1,4,1,1,0,0,,0,0,1,,661
3,34,"34s1",1,1,28,1,0,1,1.28571428571429,3.14285714285714,2.71428571428571,0.571428571428571,2,4,1,1,0,0,,0,0,1,,662
3,34,"34s2",2,1,28,1,0,1,1.28571428571429,3.14285714285714,2.71428571428571,0.571428571428571,1,4,1,0,2,2,,2,2,1,,663
3,34,"34s2",2,1,28,1,0,1,1.28571428571429,3.14285714285714,2.71428571428571,0.571428571428571,2,-1,0,1,2,2,,2,2,1,,664
3,34,"34s3",3,1,28,1,0,1,1.28571428571429,3.14285714285714,2.71428571428571,0.571428571428571,1,5,1,0,2,0,,2,0,0,,665
3,34,"34s3",3,1,28,1,0,1,1.28571428571429,3.14285714285714,2.71428571428571,0.571428571428571,2,5,0,1,0,2,,0,2,0,,666
3,34,"34s4",4,1,28,1,0,1,1.28571428571429,3.14285714285714,2.71428571428571,0.571428571428571,1,6,0,0,0,0,,0,0,1,,667
3,34,"34s4",4,1,28,1,0,1,1.28571428571429,3.14285714285714,2.71428571428571,0.571428571428571,2,6,0,0,0,0,,0,0,1,,668
3,34,"34s5",5,1,28,1,0,1,1.28571428571429,3.14285714285714,2.71428571428571,0.571428571428571,1,1,1,0,1,1,,1,1,1,,669
3,34,"34s5",5,1,28,1,0,1,1.28571428571429,3.14285714285714,2.71428571428571,0.571428571428571,2,6,0,1,1,1,,1,1,1,,670
3,34,"34s6",6,0,28,1,0,1,1.28571428571429,3.14285714285714,2.71428571428571,0.571428571428571,1,6,1,1,1,0,2,1,0,0,2,671
3,34,"34s6",6,0,28,1,0,1,1.28571428571429,3.14285714285714,2.71428571428571,0.571428571428571,2,6,1,1,0,1,2,0,1,0,2,672
3,34,"34s7",7,0,28,1,0,1,1.28571428571429,3.14285714285714,2.71428571428571,0.571428571428571,1,6,0,0,2,2,1,2,2,1,1,673
3,34,"34s7",7,0,28,1,0,1,1.28571428571429,3.14285714285714,2.71428571428571,0.571428571428571,2,6,0,0,2,2,1,2,2,1,1,674
3,34,"34s8",8,0,28,1,0,1,1.28571428571429,3.14285714285714,2.71428571428571,0.571428571428571,1,8,0,0,2,2,2,2,2,1,2,675
3,34,"34s8",8,0,28,1,0,1,1.28571428571429,3.14285714285714,2.71428571428571,0.571428571428571,2,8,0,0,2,2,2,2,2,1,2,676
3,34,"34s9",9,0,28,1,0,1,1.28571428571429,3.14285714285714,2.71428571428571,0.571428571428571,1,7,0,1,2,2,2,2,2,1,2,677
3,34,"34s9",9,0,28,1,0,1,1.28571428571429,3.14285714285714,2.71428571428571,0.571428571428571,2,1,1,0,2,2,2,2,2,1,2,678
3,34,"34s10",10,0,28,1,0,1,1.28571428571429,3.14285714285714,2.71428571428571,0.571428571428571,1,1,1,1,0,0,2,0,0,1,2,679
3,34,"34s10",10,0,28,1,0,1,1.28571428571429,3.14285714285714,2.71428571428571,0.571428571428571,2,1,1,1,0,0,2,0,0,1,2,680
3,35,"35s1",1,0,22,2,0,2,1.71428571428571,2.28571428571429,2.28571428571429,1.57142857142857,1,0,1,0,0,1,1,0,2,0,2,681
3,35,"35s1",1,0,22,2,0,2,1.71428571428571,2.28571428571429,2.28571428571429,1.57142857142857,2,9,0,1,1,0,1,2,0,0,2,682
3,35,"35s2",2,0,22,2,0,2,1.71428571428571,2.28571428571429,2.28571428571429,1.57142857142857,1,9,1,0,0,0,2,0,0,1,1,683
3,35,"35s2",2,0,22,2,0,2,1.71428571428571,2.28571428571429,2.28571428571429,1.57142857142857,2,0,0,1,0,0,2,0,0,1,1,684
3,35,"35s3",3,0,22,2,0,2,1.71428571428571,2.28571428571429,2.28571428571429,1.57142857142857,1,0,0,1,0,0,1,0,0,1,2,685
3,35,"35s3",3,0,22,2,0,2,1.71428571428571,2.28571428571429,2.28571428571429,1.57142857142857,2,9,1,0,0,0,1,0,0,1,2,686
3,35,"35s4",4,0,22,2,0,2,1.71428571428571,2.28571428571429,2.28571428571429,1.57142857142857,1,9,0,0,0,0,1,0,0,1,2,687
3,35,"35s4",4,0,22,2,0,2,1.71428571428571,2.28571428571429,2.28571428571429,1.57142857142857,2,9,0,0,0,0,1,0,0,1,2,688
3,35,"35s5",5,0,22,2,0,2,1.71428571428571,2.28571428571429,2.28571428571429,1.57142857142857,1,9,0,0,0,1,1,0,2,0,2,689
3,35,"35s5",5,0,22,2,0,2,1.71428571428571,2.28571428571429,2.28571428571429,1.57142857142857,2,9,0,0,1,0,1,2,0,0,2,690
3,35,"35s6",6,1,22,2,0,2,1.71428571428571,2.28571428571429,2.28571428571429,1.57142857142857,1,9,1,1,0,0,,0,0,1,,691
3,35,"35s6",6,1,22,2,0,2,1.71428571428571,2.28571428571429,2.28571428571429,1.57142857142857,2,9,1,1,0,0,,0,0,1,,692
3,35,"35s7",7,1,22,2,0,2,1.71428571428571,2.28571428571429,2.28571428571429,1.57142857142857,1,-9,1,1,2,2,,1,1,1,,693
3,35,"35s7",7,1,22,2,0,2,1.71428571428571,2.28571428571429,2.28571428571429,1.57142857142857,2,-9,1,1,2,2,,1,1,1,,694
3,35,"35s8",8,1,22,2,0,2,1.71428571428571,2.28571428571429,2.28571428571429,1.57142857142857,1,-9,1,0,0,1,,0,2,0,,695
3,35,"35s8",8,1,22,2,0,2,1.71428571428571,2.28571428571429,2.28571428571429,1.57142857142857,2,9,0,1,1,0,,2,0,0,,696
3,35,"35s9",9,1,22,2,0,2,1.71428571428571,2.28571428571429,2.28571428571429,1.57142857142857,1,0,1,0,2,2,,1,1,1,,697
3,35,"35s9",9,1,22,2,0,2,1.71428571428571,2.28571428571429,2.28571428571429,1.57142857142857,2,0,0,1,2,2,,1,1,1,,698
3,35,"35s10",10,1,22,2,0,2,1.71428571428571,2.28571428571429,2.28571428571429,1.57142857142857,1,9,0,1,1,2,,2,1,0,,699
3,35,"35s10",10,1,22,2,0,2,1.71428571428571,2.28571428571429,2.28571428571429,1.57142857142857,2,-9,1,0,2,1,,1,2,0,,700
3,36,"36s1",1,1,18,2,0,2,1.57142857142857,2.28571428571429,2,1,1,1,1,1,1,0,,2,0,0,,701
3,36,"36s1",1,1,18,2,0,2,1.57142857142857,2.28571428571429,2,1,2,1,1,1,0,1,,0,2,0,,702
3,36,"36s2",2,1,18,2,0,2,1.57142857142857,2.28571428571429,2,1,1,9,0,0,2,1,,1,2,0,,703
3,36,"36s2",2,1,18,2,0,2,1.57142857142857,2.28571428571429,2,1,2,9,0,0,1,2,,2,1,0,,704
3,36,"36s3",3,1,18,2,0,2,1.57142857142857,2.28571428571429,2,1,1,9,0,0,2,1,,1,2,0,,705
3,36,"36s3",3,1,18,2,0,2,1.57142857142857,2.28571428571429,2,1,2,9,0,0,1,2,,2,1,0,,706
3,36,"36s4",4,1,18,2,0,2,1.57142857142857,2.28571428571429,2,1,1,9,0,0,0,2,,0,1,0,,707
3,36,"36s4",4,1,18,2,0,2,1.57142857142857,2.28571428571429,2,1,2,9,0,0,2,0,,1,0,0,,708
3,36,"36s5",5,1,18,2,0,2,1.57142857142857,2.28571428571429,2,1,1,9,0,1,1,2,,2,1,0,,709
3,36,"36s5",5,1,18,2,0,2,1.57142857142857,2.28571428571429,2,1,2,1,1,0,2,1,,1,2,0,,710
3,36,"36s6",6,0,18,2,0,2,1.57142857142857,2.28571428571429,2,1,1,9,0,1,0,0,2,0,0,1,1,711
3,36,"36s6",6,0,18,2,0,2,1.57142857142857,2.28571428571429,2,1,2,1,1,0,0,0,2,0,0,1,1,712
3,36,"36s7",7,0,18,2,0,2,1.57142857142857,2.28571428571429,2,1,1,1,1,1,0,2,1,0,1,0,2,713
3,36,"36s7",7,0,18,2,0,2,1.57142857142857,2.28571428571429,2,1,2,1,1,1,2,0,1,1,0,0,2,714
3,36,"36s8",8,0,18,2,0,2,1.57142857142857,2.28571428571429,2,1,1,9,0,0,1,2,2,2,1,0,1,715
3,36,"36s8",8,0,18,2,0,2,1.57142857142857,2.28571428571429,2,1,2,9,0,0,2,1,2,1,2,0,1,716
3,36,"36s9",9,0,18,2,0,2,1.57142857142857,2.28571428571429,2,1,1,1,1,1,1,2,2,2,1,0,1,717
3,36,"36s9",9,0,18,2,0,2,1.57142857142857,2.28571428571429,2,1,2,1,1,1,2,1,2,1,2,0,1,718
3,36,"36s10",10,0,18,2,0,2,1.57142857142857,2.28571428571429,2,1,1,1,1,1,2,2,2,1,1,1,1,719
3,36,"36s10",10,0,18,2,0,2,1.57142857142857,2.28571428571429,2,1,2,1,1,1,2,2,2,1,1,1,1,720
4,37,"37s1",1,0,18,3,0,2,2.14285714285714,2.85714285714286,1.85714285714286,1,1,5,0,1,1,1,1,2,2,1,2,721
4,37,"37s1",1,0,18,3,0,2,2.14285714285714,2.85714285714286,1.85714285714286,1,2,-5,1,0,1,1,1,2,2,1,2,722
4,37,"37s2",2,0,18,3,0,2,2.14285714285714,2.85714285714286,1.85714285714286,1,1,-6,1,0,1,1,1,2,2,1,2,723
4,37,"37s2",2,0,18,3,0,2,2.14285714285714,2.85714285714286,1.85714285714286,1,2,5,0,1,1,1,1,2,2,1,2,724
4,37,"37s3",3,0,18,3,0,2,2.14285714285714,2.85714285714286,1.85714285714286,1,1,7,0,1,1,0,2,2,0,0,1,725
4,37,"37s3",3,0,18,3,0,2,2.14285714285714,2.85714285714286,1.85714285714286,1,2,-7,1,0,0,1,2,0,2,0,1,726
4,37,"37s4",4,0,18,3,0,2,2.14285714285714,2.85714285714286,1.85714285714286,1,1,5,0,1,2,0,2,1,0,0,1,727
4,37,"37s4",4,0,18,3,0,2,2.14285714285714,2.85714285714286,1.85714285714286,1,2,-6,1,0,0,2,2,0,1,0,1,728
4,37,"37s5",5,0,18,3,0,2,2.14285714285714,2.85714285714286,1.85714285714286,1,1,-6,1,0,2,2,1,1,1,1,2,729
4,37,"37s5",5,0,18,3,0,2,2.14285714285714,2.85714285714286,1.85714285714286,1,2,7,0,1,2,2,1,1,1,1,2,730
4,37,"37s6",6,1,18,3,0,2,2.14285714285714,2.85714285714286,1.85714285714286,1,1,-7,1,1,2,2,,1,1,1,,731
4,37,"37s6",6,1,18,3,0,2,2.14285714285714,2.85714285714286,1.85714285714286,1,2,-7,1,1,2,2,,1,1,1,,732
4,37,"37s7",7,1,18,3,0,2,2.14285714285714,2.85714285714286,1.85714285714286,1,1,-8,1,0,1,1,,2,2,1,,733
4,37,"37s7",7,1,18,3,0,2,2.14285714285714,2.85714285714286,1.85714285714286,1,2,7,0,1,1,1,,2,2,1,,734
4,37,"37s8",8,1,18,3,0,2,2.14285714285714,2.85714285714286,1.85714285714286,1,1,7,0,1,1,1,,2,2,1,,735
4,37,"37s8",8,1,18,3,0,2,2.14285714285714,2.85714285714286,1.85714285714286,1,2,-8,1,0,1,1,,2,2,1,,736
4,37,"37s9",9,1,18,3,0,2,2.14285714285714,2.85714285714286,1.85714285714286,1,1,-9,1,0,0,1,,0,2,0,,737
4,37,"37s9",9,1,18,3,0,2,2.14285714285714,2.85714285714286,1.85714285714286,1,2,9,0,1,1,0,,2,0,0,,738
4,37,"37s10",10,1,18,3,0,2,2.14285714285714,2.85714285714286,1.85714285714286,1,1,9,0,1,2,0,,1,0,0,,739
4,37,"37s10",10,1,18,3,0,2,2.14285714285714,2.85714285714286,1.85714285714286,1,2,-8,1,0,0,2,,0,1,0,,740
4,38,"38s1",1,1,18,2,0,2,2.71428571428571,2.57142857142857,2.57142857142857,1.85714285714286,1,7,0,0,1,1,,2,2,1,,741
4,38,"38s1",1,1,18,2,0,2,2.71428571428571,2.57142857142857,2.57142857142857,1.85714285714286,2,7,0,0,1,1,,2,2,1,,742
4,38,"38s2",2,1,18,2,0,2,2.71428571428571,2.57142857142857,2.57142857142857,1.85714285714286,1,7,0,0,1,1,,2,2,1,,743
4,38,"38s2",2,1,18,2,0,2,2.71428571428571,2.57142857142857,2.57142857142857,1.85714285714286,2,7,0,0,1,1,,2,2,1,,744
4,38,"38s3",3,1,18,2,0,2,2.71428571428571,2.57142857142857,2.57142857142857,1.85714285714286,1,4,1,1,2,0,,1,0,0,,745
4,38,"38s3",3,1,18,2,0,2,2.71428571428571,2.57142857142857,2.57142857142857,1.85714285714286,2,4,1,1,0,2,,0,1,0,,746
4,38,"38s4",4,1,18,2,0,2,2.71428571428571,2.57142857142857,2.57142857142857,1.85714285714286,1,2,1,1,0,0,,0,0,1,,747
4,38,"38s4",4,1,18,2,0,2,2.71428571428571,2.57142857142857,2.57142857142857,1.85714285714286,2,2,1,1,0,0,,0,0,1,,748
4,38,"38s5",5,1,18,2,0,2,2.71428571428571,2.57142857142857,2.57142857142857,1.85714285714286,1,4,0,1,0,0,,0,0,1,,749
4,38,"38s5",5,1,18,2,0,2,2.71428571428571,2.57142857142857,2.57142857142857,1.85714285714286,2,-2,1,0,0,0,,0,0,1,,750
4,38,"38s6",6,0,18,2,0,2,2.71428571428571,2.57142857142857,2.57142857142857,1.85714285714286,1,-3,1,1,0,0,2,0,0,1,1,751
4,38,"38s6",6,0,18,2,0,2,2.71428571428571,2.57142857142857,2.57142857142857,1.85714285714286,2,-3,1,1,0,0,2,0,0,1,1,752
4,38,"38s7",7,0,18,2,0,2,2.71428571428571,2.57142857142857,2.57142857142857,1.85714285714286,1,7,0,0,2,1,2,1,2,0,1,753
4,38,"38s7",7,0,18,2,0,2,2.71428571428571,2.57142857142857,2.57142857142857,1.85714285714286,2,7,0,0,1,2,2,2,1,0,1,754
4,38,"38s8",8,0,18,2,0,2,2.71428571428571,2.57142857142857,2.57142857142857,1.85714285714286,1,-2,1,0,2,0,1,1,0,0,2,755
4,38,"38s8",8,0,18,2,0,2,2.71428571428571,2.57142857142857,2.57142857142857,1.85714285714286,2,5,0,1,0,2,1,0,1,0,2,756
4,38,"38s9",9,0,18,2,0,2,2.71428571428571,2.57142857142857,2.57142857142857,1.85714285714286,1,2,1,1,1,0,1,2,0,0,2,757
4,38,"38s9",9,0,18,2,0,2,2.71428571428571,2.57142857142857,2.57142857142857,1.85714285714286,2,2,1,1,0,1,1,0,2,0,2,758
4,38,"38s10",10,0,18,2,0,2,2.71428571428571,2.57142857142857,2.57142857142857,1.85714285714286,1,-2,1,1,0,1,2,0,2,0,1,759
4,38,"38s10",10,0,18,2,0,2,2.71428571428571,2.57142857142857,2.57142857142857,1.85714285714286,2,-2,1,1,1,0,2,2,0,0,1,760
4,39,"39s1",1,1,18,4,0,2,0.857142857142857,1.85714285714286,2.42857142857143,0.285714285714286,1,6,1,1,0,1,,0,2,0,,761
4,39,"39s1",1,1,18,4,0,2,0.857142857142857,1.85714285714286,2.42857142857143,0.285714285714286,2,6,1,1,1,0,,2,0,0,,762
4,39,"39s2",2,1,18,4,0,2,0.857142857142857,1.85714285714286,2.42857142857143,0.285714285714286,1,6,1,1,0,1,,0,2,0,,763
4,39,"39s2",2,1,18,4,0,2,0.857142857142857,1.85714285714286,2.42857142857143,0.285714285714286,2,6,1,1,1,0,,2,0,0,,764
4,39,"39s3",3,1,18,4,0,2,0.857142857142857,1.85714285714286,2.42857142857143,0.285714285714286,1,6,1,1,0,2,,0,1,0,,765
4,39,"39s3",3,1,18,4,0,2,0.857142857142857,1.85714285714286,2.42857142857143,0.285714285714286,2,-2,1,1,2,0,,1,0,0,,766
4,39,"39s4",4,1,18,4,0,2,0.857142857142857,1.85714285714286,2.42857142857143,0.285714285714286,1,9,0,0,0,0,,0,0,1,,767
4,39,"39s4",4,1,18,4,0,2,0.857142857142857,1.85714285714286,2.42857142857143,0.285714285714286,2,9,0,0,0,0,,0,0,1,,768
4,39,"39s5",5,1,18,4,0,2,0.857142857142857,1.85714285714286,2.42857142857143,0.285714285714286,1,3,1,1,1,1,,2,2,1,,769
4,39,"39s5",5,1,18,4,0,2,0.857142857142857,1.85714285714286,2.42857142857143,0.285714285714286,2,3,1,1,1,1,,2,2,1,,770
4,39,"39s6",6,0,18,4,0,2,0.857142857142857,1.85714285714286,2.42857142857143,0.285714285714286,1,-3,0,0,1,0,1,2,0,0,2,771
4,39,"39s6",6,0,18,4,0,2,0.857142857142857,1.85714285714286,2.42857142857143,0.285714285714286,2,5,0,0,0,1,1,0,2,0,2,772
4,39,"39s7",7,0,18,4,0,2,0.857142857142857,1.85714285714286,2.42857142857143,0.285714285714286,1,5,0,1,1,1,1,2,2,1,2,773
4,39,"39s7",7,0,18,4,0,2,0.857142857142857,1.85714285714286,2.42857142857143,0.285714285714286,2,-4,1,0,1,1,1,2,2,1,2,774
4,39,"39s8",8,0,18,4,0,2,0.857142857142857,1.85714285714286,2.42857142857143,0.285714285714286,1,9,0,0,0,1,2,0,2,0,1,775
4,39,"39s8",8,0,18,4,0,2,0.857142857142857,1.85714285714286,2.42857142857143,0.285714285714286,2,5,0,0,1,0,2,2,0,0,1,776
4,39,"39s9",9,0,18,4,0,2,0.857142857142857,1.85714285714286,2.42857142857143,0.285714285714286,1,8,0,0,2,1,2,1,2,0,1,777
4,39,"39s9",9,0,18,4,0,2,0.857142857142857,1.85714285714286,2.42857142857143,0.285714285714286,2,2,0,0,1,2,2,2,1,0,1,778
4,39,"39s10",10,0,18,4,0,2,0.857142857142857,1.85714285714286,2.42857142857143,0.285714285714286,1,6,0,1,2,2,2,1,1,1,1,779
4,39,"39s10",10,0,18,4,0,2,0.857142857142857,1.85714285714286,2.42857142857143,0.285714285714286,2,-2,1,0,2,2,2,1,1,1,1,780
4,40,"40s1",1,1,19,3,0,1,0.714285714285714,1.57142857142857,0.571428571428571,1.28571428571429,1,-8,1,0,0,2,,0,2,0,,781
4,40,"40s1",1,1,19,3,0,1,0.714285714285714,1.57142857142857,0.571428571428571,1.28571428571429,2,8,0,1,2,0,,2,0,0,,782
4,40,"40s2",2,1,19,3,0,1,0.714285714285714,1.57142857142857,0.571428571428571,1.28571428571429,1,9,0,1,1,0,,1,0,0,,783
4,40,"40s2",2,1,19,3,0,1,0.714285714285714,1.57142857142857,0.571428571428571,1.28571428571429,2,-9,1,0,0,1,,0,1,0,,784
4,40,"40s3",3,1,19,3,0,1,0.714285714285714,1.57142857142857,0.571428571428571,1.28571428571429,1,-9,1,1,1,1,,1,1,1,,785
4,40,"40s3",3,1,19,3,0,1,0.714285714285714,1.57142857142857,0.571428571428571,1.28571428571429,2,-9,1,1,1,1,,1,1,1,,786
4,40,"40s4",4,1,19,3,0,1,0.714285714285714,1.57142857142857,0.571428571428571,1.28571428571429,1,-9,1,0,1,0,,1,0,0,,787
4,40,"40s4",4,1,19,3,0,1,0.714285714285714,1.57142857142857,0.571428571428571,1.28571428571429,2,9,0,1,0,1,,0,1,0,,788
4,40,"40s5",5,1,19,3,0,1,0.714285714285714,1.57142857142857,0.571428571428571,1.28571428571429,1,-9,1,1,2,2,,2,2,1,,789
4,40,"40s5",5,1,19,3,0,1,0.714285714285714,1.57142857142857,0.571428571428571,1.28571428571429,2,-9,1,1,2,2,,2,2,1,,790
4,40,"40s6",6,0,19,3,0,1,0.714285714285714,1.57142857142857,0.571428571428571,1.28571428571429,1,-4,0,1,2,2,2,2,2,1,2,791
4,40,"40s6",6,0,19,3,0,1,0.714285714285714,1.57142857142857,0.571428571428571,1.28571428571429,2,-4,1,0,2,2,2,2,2,1,2,792
4,40,"40s7",7,0,19,3,0,1,0.714285714285714,1.57142857142857,0.571428571428571,1.28571428571429,1,-4,1,1,0,1,2,0,1,0,2,793
4,40,"40s7",7,0,19,3,0,1,0.714285714285714,1.57142857142857,0.571428571428571,1.28571428571429,2,-4,1,1,1,0,2,1,0,0,2,794
4,40,"40s8",8,0,19,3,0,1,0.714285714285714,1.57142857142857,0.571428571428571,1.28571428571429,1,-9,1,0,1,0,1,1,0,0,1,795
4,40,"40s8",8,0,19,3,0,1,0.714285714285714,1.57142857142857,0.571428571428571,1.28571428571429,2,9,0,1,0,1,1,0,1,0,1,796
4,40,"40s9",9,0,19,3,0,1,0.714285714285714,1.57142857142857,0.571428571428571,1.28571428571429,1,-5,1,1,2,0,1,2,0,0,1,797
4,40,"40s9",9,0,19,3,0,1,0.714285714285714,1.57142857142857,0.571428571428571,1.28571428571429,2,-5,1,1,0,2,1,0,2,0,1,798
4,40,"40s10",10,0,19,3,0,1,0.714285714285714,1.57142857142857,0.571428571428571,1.28571428571429,1,9,0,0,2,1,2,2,1,0,2,799
4,40,"40s10",10,0,19,3,0,1,0.714285714285714,1.57142857142857,0.571428571428571,1.28571428571429,2,9,0,0,1,2,2,1,2,0,2,800
4,41,"41s1",1,1,19,0,1,2,2.42857142857143,1.85714285714286,2.66666666666667,2.16666666666667,1,9,0,0,2,1,,1,2,0,,801
4,41,"41s1",1,1,19,0,1,2,2.42857142857143,1.85714285714286,2.66666666666667,2.16666666666667,2,9,0,0,1,2,,2,1,0,,802
4,41,"41s2",2,1,19,0,1,2,2.42857142857143,1.85714285714286,2.66666666666667,2.16666666666667,1,9,0,1,0,0,,0,0,1,,803
4,41,"41s2",2,1,19,0,1,2,2.42857142857143,1.85714285714286,2.66666666666667,2.16666666666667,2,4,1,0,0,0,,0,0,1,,804
4,41,"41s3",3,1,19,0,1,2,2.42857142857143,1.85714285714286,2.66666666666667,2.16666666666667,1,9,0,1,2,0,,1,0,0,,805
4,41,"41s3",3,1,19,0,1,2,2.42857142857143,1.85714285714286,2.66666666666667,2.16666666666667,2,3,1,0,0,2,,0,1,0,,806
4,41,"41s4",4,1,19,0,1,2,2.42857142857143,1.85714285714286,2.66666666666667,2.16666666666667,1,9,0,0,1,0,,2,0,0,,807
4,41,"41s4",4,1,19,0,1,2,2.42857142857143,1.85714285714286,2.66666666666667,2.16666666666667,2,9,0,0,0,1,,0,2,0,,808
4,41,"41s5",5,1,19,0,1,2,2.42857142857143,1.85714285714286,2.66666666666667,2.16666666666667,1,9,0,1,2,2,,1,1,1,,809
4,41,"41s5",5,1,19,0,1,2,2.42857142857143,1.85714285714286,2.66666666666667,2.16666666666667,2,0,1,0,2,2,,1,1,1,,810
4,41,"41s6",6,0,19,0,1,2,2.42857142857143,1.85714285714286,2.66666666666667,2.16666666666667,1,0,1,0,2,0,2,1,0,0,1,811
4,41,"41s6",6,0,19,0,1,2,2.42857142857143,1.85714285714286,2.66666666666667,2.16666666666667,2,9,0,1,0,2,2,0,1,0,1,812
4,41,"41s7",7,0,19,0,1,2,2.42857142857143,1.85714285714286,2.66666666666667,2.16666666666667,1,0,1,1,2,1,1,1,2,0,2,813
4,41,"41s7",7,0,19,0,1,2,2.42857142857143,1.85714285714286,2.66666666666667,2.16666666666667,2,0,1,1,1,2,1,2,1,0,2,814
4,41,"41s8",8,0,19,0,1,2,2.42857142857143,1.85714285714286,2.66666666666667,2.16666666666667,1,9,0,0,2,2,1,1,1,1,2,815
4,41,"41s8",8,0,19,0,1,2,2.42857142857143,1.85714285714286,2.66666666666667,2.16666666666667,2,9,0,0,2,2,1,1,1,1,2,816
4,41,"41s9",9,0,19,0,1,2,2.42857142857143,1.85714285714286,2.66666666666667,2.16666666666667,1,9,0,0,0,0,2,0,0,1,1,817
4,41,"41s9",9,0,19,0,1,2,2.42857142857143,1.85714285714286,2.66666666666667,2.16666666666667,2,9,0,0,0,0,2,0,0,1,1,818
4,41,"41s10",10,0,19,0,1,2,2.42857142857143,1.85714285714286,2.66666666666667,2.16666666666667,1,0,1,0,1,0,1,2,0,0,2,819
4,41,"41s10",10,0,19,0,1,2,2.42857142857143,1.85714285714286,2.66666666666667,2.16666666666667,2,9,0,1,0,1,1,0,2,0,2,820
4,42,"42s1",1,0,18,4,0,2,1.57142857142857,2,2.57142857142857,1.71428571428571,1,5,0,0,2,0,1,1,0,0,2,821
4,42,"42s1",1,0,18,4,0,2,1.57142857142857,2,2.57142857142857,1.71428571428571,2,5,0,0,0,2,1,0,1,0,2,822
4,42,"42s2",2,0,18,4,0,2,1.57142857142857,2,2.57142857142857,1.71428571428571,1,0,1,1,2,2,1,1,1,1,2,823
4,42,"42s2",2,0,18,4,0,2,1.57142857142857,2,2.57142857142857,1.71428571428571,2,0,1,1,2,2,1,1,1,1,2,824
4,42,"42s3",3,0,18,4,0,2,1.57142857142857,2,2.57142857142857,1.71428571428571,1,0,1,1,2,2,1,1,1,1,2,825
4,42,"42s3",3,0,18,4,0,2,1.57142857142857,2,2.57142857142857,1.71428571428571,2,0,1,1,2,2,1,1,1,1,2,826
4,42,"42s4",4,0,18,4,0,2,1.57142857142857,2,2.57142857142857,1.71428571428571,1,5,0,0,0,2,2,0,1,0,1,827
4,42,"42s4",4,0,18,4,0,2,1.57142857142857,2,2.57142857142857,1.71428571428571,2,5,0,0,2,0,2,1,0,0,1,828
4,42,"42s5",5,0,18,4,0,2,1.57142857142857,2,2.57142857142857,1.71428571428571,1,0,1,1,1,0,2,2,0,0,1,829
4,42,"42s5",5,0,18,4,0,2,1.57142857142857,2,2.57142857142857,1.71428571428571,2,0,1,1,0,1,2,0,2,0,1,830
4,42,"42s6",6,1,18,4,0,2,1.57142857142857,2,2.57142857142857,1.71428571428571,1,5,0,1,2,1,,1,2,0,,831
4,42,"42s6",6,1,18,4,0,2,1.57142857142857,2,2.57142857142857,1.71428571428571,2,0,1,0,1,2,,2,1,0,,832
4,42,"42s7",7,1,18,4,0,2,1.57142857142857,2,2.57142857142857,1.71428571428571,1,0,1,0,0,2,,0,1,0,,833
4,42,"42s7",7,1,18,4,0,2,1.57142857142857,2,2.57142857142857,1.71428571428571,2,5,0,1,2,0,,1,0,0,,834
4,42,"42s8",8,1,18,4,0,2,1.57142857142857,2,2.57142857142857,1.71428571428571,1,0,0,1,1,1,,2,2,1,,835
4,42,"42s8",8,1,18,4,0,2,1.57142857142857,2,2.57142857142857,1.71428571428571,2,0,1,0,1,1,,2,2,1,,836
4,42,"42s9",9,1,18,4,0,2,1.57142857142857,2,2.57142857142857,1.71428571428571,1,5,0,1,0,2,,0,1,0,,837
4,42,"42s9",9,1,18,4,0,2,1.57142857142857,2,2.57142857142857,1.71428571428571,2,0,1,0,2,0,,1,0,0,,838
4,42,"42s10",10,1,18,4,0,2,1.57142857142857,2,2.57142857142857,1.71428571428571,1,5,0,0,0,0,,0,0,1,,839
4,42,"42s10",10,1,18,4,0,2,1.57142857142857,2,2.57142857142857,1.71428571428571,2,5,0,0,0,0,,0,0,1,,840
5,43,"43s1",1,0,27,4,1,1,3,3.28571428571429,1.57142857142857,1.71428571428571,1,-5,1,1,1,2,1,1,2,0,1,841
5,43,"43s1",1,0,27,4,1,1,3,3.28571428571429,1.57142857142857,1.71428571428571,2,0,1,1,2,1,1,2,1,0,1,842
5,43,"43s2",2,0,27,4,1,1,3,3.28571428571429,1.57142857142857,1.71428571428571,1,-1,0,0,2,1,2,2,1,0,2,843
5,43,"43s2",2,0,27,4,1,1,3,3.28571428571429,1.57142857142857,1.71428571428571,2,1,0,0,1,2,2,1,2,0,2,844
5,43,"43s3",3,0,27,4,1,1,3,3.28571428571429,1.57142857142857,1.71428571428571,1,2,0,1,1,1,1,1,1,1,1,845
5,43,"43s3",3,0,27,4,1,1,3,3.28571428571429,1.57142857142857,1.71428571428571,2,-2,1,0,1,1,1,1,1,1,1,846
5,43,"43s4",4,0,27,4,1,1,3,3.28571428571429,1.57142857142857,1.71428571428571,1,-2,1,0,2,2,2,2,2,1,2,847
5,43,"43s4",4,0,27,4,1,1,3,3.28571428571429,1.57142857142857,1.71428571428571,2,3,0,1,2,2,2,2,2,1,2,848
5,43,"43s5",5,0,27,4,1,1,3,3.28571428571429,1.57142857142857,1.71428571428571,1,4,0,0,0,0,1,0,0,1,1,849
5,43,"43s5",5,0,27,4,1,1,3,3.28571428571429,1.57142857142857,1.71428571428571,2,4,0,0,0,0,1,0,0,1,1,850
5,43,"43s6",6,1,27,4,1,1,3,3.28571428571429,1.57142857142857,1.71428571428571,1,-3,1,0,2,1,,2,1,0,,851
5,43,"43s6",6,1,27,4,1,1,3,3.28571428571429,1.57142857142857,1.71428571428571,2,0,0,1,1,2,,1,2,0,,852
5,43,"43s7",7,1,27,4,1,1,3,3.28571428571429,1.57142857142857,1.71428571428571,1,-1,1,1,0,2,,0,2,0,,853
5,43,"43s7",7,1,27,4,1,1,3,3.28571428571429,1.57142857142857,1.71428571428571,2,-1,1,1,2,0,,2,0,0,,854
5,43,"43s8",8,1,27,4,1,1,3,3.28571428571429,1.57142857142857,1.71428571428571,1,0,0,1,2,0,,2,0,0,,855
5,43,"43s8",8,1,27,4,1,1,3,3.28571428571429,1.57142857142857,1.71428571428571,2,-2,1,0,0,2,,0,2,0,,856
5,43,"43s9",9,1,27,4,1,1,3,3.28571428571429,1.57142857142857,1.71428571428571,1,-2,1,0,1,1,,1,1,1,,857
5,43,"43s9",9,1,27,4,1,1,3,3.28571428571429,1.57142857142857,1.71428571428571,2,2,0,1,1,1,,1,1,1,,858
5,43,"43s10",10,1,27,4,1,1,3,3.28571428571429,1.57142857142857,1.71428571428571,1,-3,1,0,2,2,,2,2,1,,859
5,43,"43s10",10,1,27,4,1,1,3,3.28571428571429,1.57142857142857,1.71428571428571,2,2,0,1,2,2,,2,2,1,,860
5,44,"44s1",1,0,18,4,1,2,1.14285714285714,2,3,1.42857142857143,1,-6,1,0,1,1,2,2,2,1,1,861
5,44,"44s1",1,0,18,4,1,2,1.14285714285714,2,3,1.42857142857143,2,-6,0,1,1,1,2,2,2,1,1,862
5,44,"44s2",2,0,18,4,1,2,1.14285714285714,2,3,1.42857142857143,1,-5,0,1,0,2,1,0,1,0,2,863
5,44,"44s2",2,0,18,4,1,2,1.14285714285714,2,3,1.42857142857143,2,-5,1,0,2,0,1,1,0,0,2,864
5,44,"44s3",3,0,18,4,1,2,1.14285714285714,2,3,1.42857142857143,1,9,1,1,1,0,2,2,0,0,1,865
5,44,"44s3",3,0,18,4,1,2,1.14285714285714,2,3,1.42857142857143,2,9,1,1,0,1,2,0,2,0,1,866
5,44,"44s4",4,0,18,4,1,2,1.14285714285714,2,3,1.42857142857143,1,9,0,0,1,1,2,2,2,1,1,867
5,44,"44s4",4,0,18,4,1,2,1.14285714285714,2,3,1.42857142857143,2,9,0,0,1,1,2,2,2,1,1,868
5,44,"44s5",5,0,18,4,1,2,1.14285714285714,2,3,1.42857142857143,1,-9,1,0,1,2,1,2,1,0,2,869
5,44,"44s5",5,0,18,4,1,2,1.14285714285714,2,3,1.42857142857143,2,-6,0,1,2,1,1,1,2,0,2,870
5,44,"44s6",6,1,18,4,1,2,1.14285714285714,2,3,1.42857142857143,1,-9,1,1,0,2,,0,1,0,,871
5,44,"44s6",6,1,18,4,1,2,1.14285714285714,2,3,1.42857142857143,2,-9,1,1,2,0,,1,0,0,,872
5,44,"44s7",7,1,18,4,1,2,1.14285714285714,2,3,1.42857142857143,1,-9,1,0,0,1,,0,2,0,,873
5,44,"44s7",7,1,18,4,1,2,1.14285714285714,2,3,1.42857142857143,2,-9,0,1,1,0,,2,0,0,,874
5,44,"44s8",8,1,18,4,1,2,1.14285714285714,2,3,1.42857142857143,1,-9,1,0,0,1,,0,2,0,,875
5,44,"44s8",8,1,18,4,1,2,1.14285714285714,2,3,1.42857142857143,2,-9,0,1,1,0,,2,0,0,,876
5,44,"44s9",9,1,18,4,1,2,1.14285714285714,2,3,1.42857142857143,1,9,0,0,0,2,,0,1,0,,877
5,44,"44s9",9,1,18,4,1,2,1.14285714285714,2,3,1.42857142857143,2,9,0,0,2,0,,1,0,0,,878
5,44,"44s10",10,1,18,4,1,2,1.14285714285714,2,3,1.42857142857143,1,9,0,0,1,2,,2,1,0,,879
5,44,"44s10",10,1,18,4,1,2,1.14285714285714,2,3,1.42857142857143,2,9,0,0,2,1,,1,2,0,,880
5,45,"45s1",1,0,19,2,0,2,1.14285714285714,2.14285714285714,3.42857142857143,1.42857142857143,1,-5,1,0,2,1,1,1,2,0,2,881
5,45,"45s1",1,0,19,2,0,2,1.14285714285714,2.14285714285714,3.42857142857143,1.42857142857143,2,9,0,1,1,2,1,2,1,0,2,882
5,45,"45s2",2,0,19,2,0,2,1.14285714285714,2.14285714285714,3.42857142857143,1.42857142857143,1,9,0,0,1,1,1,2,2,1,2,883
5,45,"45s2",2,0,19,2,0,2,1.14285714285714,2.14285714285714,3.42857142857143,1.42857142857143,2,9,0,0,1,1,1,2,2,1,2,884
5,45,"45s3",3,0,19,2,0,2,1.14285714285714,2.14285714285714,3.42857142857143,1.42857142857143,1,-5,1,0,1,1,2,2,2,1,1,885
5,45,"45s3",3,0,19,2,0,2,1.14285714285714,2.14285714285714,3.42857142857143,1.42857142857143,2,8,0,1,1,1,2,2,2,1,1,886
5,45,"45s4",4,0,19,2,0,2,1.14285714285714,2.14285714285714,3.42857142857143,1.42857142857143,1,-3,1,1,2,2,2,1,1,1,1,887
5,45,"45s4",4,0,19,2,0,2,1.14285714285714,2.14285714285714,3.42857142857143,1.42857142857143,2,-3,1,1,2,2,2,1,1,1,1,888
5,45,"45s5",5,0,19,2,0,2,1.14285714285714,2.14285714285714,3.42857142857143,1.42857142857143,1,-5,1,0,0,2,1,0,1,0,2,889
5,45,"45s5",5,0,19,2,0,2,1.14285714285714,2.14285714285714,3.42857142857143,1.42857142857143,2,8,0,1,2,0,1,1,0,0,2,890
5,45,"45s6",6,1,19,2,0,2,1.14285714285714,2.14285714285714,3.42857142857143,1.42857142857143,1,5,0,0,2,0,,1,0,0,,891
5,45,"45s6",6,1,19,2,0,2,1.14285714285714,2.14285714285714,3.42857142857143,1.42857142857143,2,5,0,0,0,2,,0,1,0,,892
5,45,"45s7",7,1,19,2,0,2,1.14285714285714,2.14285714285714,3.42857142857143,1.42857142857143,1,5,0,1,2,0,,1,0,0,,893
5,45,"45s7",7,1,19,2,0,2,1.14285714285714,2.14285714285714,3.42857142857143,1.42857142857143,2,-5,1,0,0,2,,0,1,0,,894
5,45,"45s8",8,1,19,2,0,2,1.14285714285714,2.14285714285714,3.42857142857143,1.42857142857143,1,6,0,1,1,0,,2,0,0,,895
5,45,"45s8",8,1,19,2,0,2,1.14285714285714,2.14285714285714,3.42857142857143,1.42857142857143,2,-6,1,0,0,1,,0,2,0,,896
5,45,"45s9",9,1,19,2,0,2,1.14285714285714,2.14285714285714,3.42857142857143,1.42857142857143,1,-5,1,0,2,0,,1,0,0,,897
5,45,"45s9",9,1,19,2,0,2,1.14285714285714,2.14285714285714,3.42857142857143,1.42857142857143,2,5,0,1,0,2,,0,1,0,,898
5,45,"45s10",10,1,19,2,0,2,1.14285714285714,2.14285714285714,3.42857142857143,1.42857142857143,1,-5,1,0,1,1,,2,2,1,,899
5,45,"45s10",10,1,19,2,0,2,1.14285714285714,2.14285714285714,3.42857142857143,1.42857142857143,2,8,0,1,1,1,,2,2,1,,900
5,46,"46s1",1,1,18,2,0,2,2.14285714285714,2.28571428571429,2,1.14285714285714,1,4,1,1,2,2,,1,1,1,,901
5,46,"46s1",1,1,18,2,0,2,2.14285714285714,2.28571428571429,2,1.14285714285714,2,4,1,1,2,2,,1,1,1,,902
5,46,"46s2",2,1,18,2,0,2,2.14285714285714,2.28571428571429,2,1.14285714285714,1,7,0,0,1,0,,2,0,0,,903
5,46,"46s2",2,1,18,2,0,2,2.14285714285714,2.28571428571429,2,1.14285714285714,2,5,0,0,0,1,,0,2,0,,904
5,46,"46s3",3,1,18,2,0,2,2.14285714285714,2.28571428571429,2,1.14285714285714,1,0,0,1,0,2,,0,1,0,,905
5,46,"46s3",3,1,18,2,0,2,2.14285714285714,2.28571428571429,2,1.14285714285714,2,-2,1,0,2,0,,1,0,0,,906
5,46,"46s4",4,1,18,2,0,2,2.14285714285714,2.28571428571429,2,1.14285714285714,1,3,0,1,2,1,,1,2,0,,907
5,46,"46s4",4,1,18,2,0,2,2.14285714285714,2.28571428571429,2,1.14285714285714,2,0,1,0,1,2,,2,1,0,,908
5,46,"46s5",5,1,18,2,0,2,2.14285714285714,2.28571428571429,2,1.14285714285714,1,5,0,0,1,0,,2,0,0,,909
5,46,"46s5",5,1,18,2,0,2,2.14285714285714,2.28571428571429,2,1.14285714285714,2,3,0,0,0,1,,0,2,0,,910
5,46,"46s6",6,0,18,2,0,2,2.14285714285714,2.28571428571429,2,1.14285714285714,1,2,1,0,1,2,1,2,1,0,2,911
5,46,"46s6",6,0,18,2,0,2,2.14285714285714,2.28571428571429,2,1.14285714285714,2,5,0,1,2,1,1,1,2,0,2,912
5,46,"46s7",7,0,18,2,0,2,2.14285714285714,2.28571428571429,2,1.14285714285714,1,5,0,0,1,0,1,2,0,0,2,913
5,46,"46s7",7,0,18,2,0,2,2.14285714285714,2.28571428571429,2,1.14285714285714,2,5,0,0,0,1,1,0,2,0,2,914
5,46,"46s8",8,0,18,2,0,2,2.14285714285714,2.28571428571429,2,1.14285714285714,1,4,0,0,2,0,1,1,0,0,2,915
5,46,"46s8",8,0,18,2,0,2,2.14285714285714,2.28571428571429,2,1.14285714285714,2,4,0,0,0,2,1,0,1,0,2,916
5,46,"46s9",9,0,18,2,0,2,2.14285714285714,2.28571428571429,2,1.14285714285714,1,5,0,0,2,1,2,1,2,0,1,917
5,46,"46s9",9,0,18,2,0,2,2.14285714285714,2.28571428571429,2,1.14285714285714,2,5,0,0,1,2,2,2,1,0,1,918
5,46,"46s10",10,0,18,2,0,2,2.14285714285714,2.28571428571429,2,1.14285714285714,1,4,0,0,2,2,2,1,1,1,1,919
5,46,"46s10",10,0,18,2,0,2,2.14285714285714,2.28571428571429,2,1.14285714285714,2,4,0,0,2,2,2,1,1,1,1,920
5,47,"47s1",1,1,18,2,0,2,1.57142857142857,2.42857142857143,2.57142857142857,1.28571428571429,1,9,0,0,1,2,,2,1,0,,921
5,47,"47s1",1,1,18,2,0,2,1.57142857142857,2.42857142857143,2.57142857142857,1.28571428571429,2,9,0,0,2,1,,1,2,0,,922
5,47,"47s2",2,1,18,2,0,2,1.57142857142857,2.42857142857143,2.57142857142857,1.28571428571429,1,6,0,1,1,0,,2,0,0,,923
5,47,"47s2",2,1,18,2,0,2,1.57142857142857,2.42857142857143,2.57142857142857,1.28571428571429,2,-6,1,0,0,1,,0,2,0,,924
5,47,"47s3",3,1,18,2,0,2,1.57142857142857,2.42857142857143,2.57142857142857,1.28571428571429,1,6,0,1,2,0,,1,0,0,,925
5,47,"47s3",3,1,18,2,0,2,1.57142857142857,2.42857142857143,2.57142857142857,1.28571428571429,2,-6,1,0,0,2,,0,1,0,,926
5,47,"47s4",4,1,18,2,0,2,1.57142857142857,2.42857142857143,2.57142857142857,1.28571428571429,1,9,0,0,0,1,,0,2,0,,927
5,47,"47s4",4,1,18,2,0,2,1.57142857142857,2.42857142857143,2.57142857142857,1.28571428571429,2,9,0,0,1,0,,2,0,0,,928
5,47,"47s5",5,1,18,2,0,2,1.57142857142857,2.42857142857143,2.57142857142857,1.28571428571429,1,-9,1,0,0,2,,0,1,0,,929
5,47,"47s5",5,1,18,2,0,2,1.57142857142857,2.42857142857143,2.57142857142857,1.28571428571429,2,9,0,1,2,0,,1,0,0,,930
5,47,"47s6",6,0,18,2,0,2,1.57142857142857,2.42857142857143,2.57142857142857,1.28571428571429,1,9,0,1,1,0,2,2,0,0,1,931
5,47,"47s6",6,0,18,2,0,2,1.57142857142857,2.42857142857143,2.57142857142857,1.28571428571429,2,-9,1,0,0,1,2,0,2,0,1,932
5,47,"47s7",7,0,18,2,0,2,1.57142857142857,2.42857142857143,2.57142857142857,1.28571428571429,1,9,0,0,1,0,1,2,0,0,2,933
5,47,"47s7",7,0,18,2,0,2,1.57142857142857,2.42857142857143,2.57142857142857,1.28571428571429,2,9,0,0,0,1,1,0,2,0,2,934
5,47,"47s8",8,0,18,2,0,2,1.57142857142857,2.42857142857143,2.57142857142857,1.28571428571429,1,-9,1,1,0,1,1,0,2,0,2,935
5,47,"47s8",8,0,18,2,0,2,1.57142857142857,2.42857142857143,2.57142857142857,1.28571428571429,2,-9,1,1,1,0,1,2,0,0,2,936
5,47,"47s9",9,0,18,2,0,2,1.57142857142857,2.42857142857143,2.57142857142857,1.28571428571429,1,-9,1,0,1,2,1,2,1,0,2,937
5,47,"47s9",9,0,18,2,0,2,1.57142857142857,2.42857142857143,2.57142857142857,1.28571428571429,2,9,0,1,2,1,1,1,2,0,2,938
5,47,"47s10",10,0,18,2,0,2,1.57142857142857,2.42857142857143,2.57142857142857,1.28571428571429,1,9,0,0,2,1,2,1,2,0,1,939
5,47,"47s10",10,0,18,2,0,2,1.57142857142857,2.42857142857143,2.57142857142857,1.28571428571429,2,9,0,0,1,2,2,2,1,0,1,940
5,48,"48s1",1,0,18,1,0,2,0.857142857142857,1.57142857142857,1.71428571428571,2.42857142857143,1,3,0,1,2,1,2,1,2,0,1,941
5,48,"48s1",1,0,18,1,0,2,0.857142857142857,1.57142857142857,1.71428571428571,2.42857142857143,2,3,1,0,1,2,2,2,1,0,1,942
5,48,"48s2",2,0,18,1,0,2,0.857142857142857,1.57142857142857,1.71428571428571,2.42857142857143,1,3,0,1,1,0,2,2,0,0,1,943
5,48,"48s2",2,0,18,1,0,2,0.857142857142857,1.57142857142857,1.71428571428571,2.42857142857143,2,3,1,0,0,1,2,0,2,0,1,944
5,48,"48s3",3,0,18,1,0,2,0.857142857142857,1.57142857142857,1.71428571428571,2.42857142857143,1,4,0,1,0,2,2,0,1,0,1,945
5,48,"48s3",3,0,18,1,0,2,0.857142857142857,1.57142857142857,1.71428571428571,2.42857142857143,2,4,1,0,2,0,2,1,0,0,1,946
5,48,"48s4",4,0,18,1,0,2,0.857142857142857,1.57142857142857,1.71428571428571,2.42857142857143,1,3,0,0,1,0,1,2,0,0,2,947
5,48,"48s4",4,0,18,1,0,2,0.857142857142857,1.57142857142857,1.71428571428571,2.42857142857143,2,3,0,0,0,1,1,0,2,0,2,948
5,48,"48s5",5,0,18,1,0,2,0.857142857142857,1.57142857142857,1.71428571428571,2.42857142857143,1,9,0,0,1,1,1,2,2,1,2,949
5,48,"48s5",5,0,18,1,0,2,0.857142857142857,1.57142857142857,1.71428571428571,2.42857142857143,2,9,0,0,1,1,1,2,2,1,2,950
5,48,"48s6",6,1,18,1,0,2,0.857142857142857,1.57142857142857,1.71428571428571,2.42857142857143,1,5,1,1,2,2,,1,1,1,,951
5,48,"48s6",6,1,18,1,0,2,0.857142857142857,1.57142857142857,1.71428571428571,2.42857142857143,2,5,1,1,2,2,,1,1,1,,952
5,48,"48s7",7,1,18,1,0,2,0.857142857142857,1.57142857142857,1.71428571428571,2.42857142857143,1,5,1,1,0,0,,0,0,1,,953
5,48,"48s7",7,1,18,1,0,2,0.857142857142857,1.57142857142857,1.71428571428571,2.42857142857143,2,5,1,1,0,0,,0,0,1,,954
5,48,"48s8",8,1,18,1,0,2,0.857142857142857,1.57142857142857,1.71428571428571,2.42857142857143,1,5,1,1,1,1,,2,2,1,,955
5,48,"48s8",8,1,18,1,0,2,0.857142857142857,1.57142857142857,1.71428571428571,2.42857142857143,2,5,1,1,1,1,,2,2,1,,956
5,48,"48s9",9,1,18,1,0,2,0.857142857142857,1.57142857142857,1.71428571428571,2.42857142857143,1,5,0,0,2,2,,1,1,1,,957
5,48,"48s9",9,1,18,1,0,2,0.857142857142857,1.57142857142857,1.71428571428571,2.42857142857143,2,5,0,0,2,2,,1,1,1,,958
5,48,"48s10",10,1,18,1,0,2,0.857142857142857,1.57142857142857,1.71428571428571,2.42857142857143,1,4,0,1,1,2,,2,1,0,,959
5,48,"48s10",10,1,18,1,0,2,0.857142857142857,1.57142857142857,1.71428571428571,2.42857142857143,2,4,1,0,2,1,,1,2,0,,960
5,49,"49s1",1,1,18,3,0,2,1.85714285714286,3.71428571428571,3.28571428571429,2.14285714285714,1,-8,1,1,1,2,,2,1,0,,961
5,49,"49s1",1,1,18,3,0,2,1.85714285714286,3.71428571428571,3.28571428571429,2.14285714285714,2,-8,1,1,2,1,,1,2,0,,962
5,49,"49s2",2,1,18,3,0,2,1.85714285714286,3.71428571428571,3.28571428571429,2.14285714285714,1,-8,1,1,2,1,,1,2,0,,963
5,49,"49s2",2,1,18,3,0,2,1.85714285714286,3.71428571428571,3.28571428571429,2.14285714285714,2,-8,1,1,1,2,,2,1,0,,964
5,49,"49s3",3,1,18,3,0,2,1.85714285714286,3.71428571428571,3.28571428571429,2.14285714285714,1,-8,1,0,0,0,,0,0,1,,965
5,49,"49s3",3,1,18,3,0,2,1.85714285714286,3.71428571428571,3.28571428571429,2.14285714285714,2,6,0,1,0,0,,0,0,1,,966
5,49,"49s4",4,1,18,3,0,2,1.85714285714286,3.71428571428571,3.28571428571429,2.14285714285714,1,8,0,0,1,0,,2,0,0,,967
5,49,"49s4",4,1,18,3,0,2,1.85714285714286,3.71428571428571,3.28571428571429,2.14285714285714,2,8,0,0,0,1,,0,2,0,,968
5,49,"49s5",5,1,18,3,0,2,1.85714285714286,3.71428571428571,3.28571428571429,2.14285714285714,1,-8,0,1,1,1,,2,2,1,,969
5,49,"49s5",5,1,18,3,0,2,1.85714285714286,3.71428571428571,3.28571428571429,2.14285714285714,2,8,1,0,1,1,,2,2,1,,970
5,49,"49s6",6,0,18,3,0,2,1.85714285714286,3.71428571428571,3.28571428571429,2.14285714285714,1,8,0,0,1,0,2,2,0,0,1,971
5,49,"49s6",6,0,18,3,0,2,1.85714285714286,3.71428571428571,3.28571428571429,2.14285714285714,2,8,0,0,0,1,2,0,2,0,1,972
5,49,"49s7",7,0,18,3,0,2,1.85714285714286,3.71428571428571,3.28571428571429,2.14285714285714,1,-7,1,1,0,2,2,0,1,0,1,973
5,49,"49s7",7,0,18,3,0,2,1.85714285714286,3.71428571428571,3.28571428571429,2.14285714285714,2,-7,1,1,2,0,2,1,0,0,1,974
5,49,"49s8",8,0,18,3,0,2,1.85714285714286,3.71428571428571,3.28571428571429,2.14285714285714,1,-8,1,0,2,2,1,1,1,1,2,975
5,49,"49s8",8,0,18,3,0,2,1.85714285714286,3.71428571428571,3.28571428571429,2.14285714285714,2,9,0,1,2,2,1,1,1,1,2,976
5,49,"49s9",9,0,18,3,0,2,1.85714285714286,3.71428571428571,3.28571428571429,2.14285714285714,1,-9,1,0,2,0,1,1,0,0,2,977
5,49,"49s9",9,0,18,3,0,2,1.85714285714286,3.71428571428571,3.28571428571429,2.14285714285714,2,9,0,1,0,2,1,0,1,0,2,978
5,49,"49s10",10,0,18,3,0,2,1.85714285714286,3.71428571428571,3.28571428571429,2.14285714285714,1,-9,1,1,2,1,1,1,2,0,2,979
5,49,"49s10",10,0,18,3,0,2,1.85714285714286,3.71428571428571,3.28571428571429,2.14285714285714,2,-9,1,1,1,2,1,2,1,0,2,980
6,50,"50s1",1,0,18,2,0,2,3,3,3,0.142857142857143,1,9,0,1,0,0,1,0,0,1,2,981
6,50,"50s1",1,0,18,2,0,2,3,3,3,0.142857142857143,2,0,1,0,0,0,1,0,0,1,2,982
6,50,"50s2",2,0,18,2,0,2,3,3,3,0.142857142857143,1,9,0,1,2,0,2,1,0,0,1,983
6,50,"50s2",2,0,18,2,0,2,3,3,3,0.142857142857143,2,0,1,0,0,2,2,0,1,0,1,984
6,50,"50s3",3,0,18,2,0,2,3,3,3,0.142857142857143,1,9,0,0,2,0,1,1,0,0,2,985
6,50,"50s3",3,0,18,2,0,2,3,3,3,0.142857142857143,2,9,0,0,0,2,1,0,1,0,2,986
6,50,"50s4",4,0,18,2,0,2,3,3,3,0.142857142857143,1,9,0,0,2,0,1,1,0,0,2,987
6,50,"50s4",4,0,18,2,0,2,3,3,3,0.142857142857143,2,9,0,0,0,2,1,0,1,0,2,988
6,50,"50s5",5,0,18,2,0,2,3,3,3,0.142857142857143,1,9,0,0,2,0,2,1,0,0,1,989
6,50,"50s5",5,0,18,2,0,2,3,3,3,0.142857142857143,2,9,0,0,0,2,2,0,1,0,1,990
6,50,"50s6",6,1,18,2,0,2,3,3,3,0.142857142857143,1,0,1,1,1,1,,2,2,1,,991
6,50,"50s6",6,1,18,2,0,2,3,3,3,0.142857142857143,2,0,1,1,1,1,,2,2,1,,992
6,50,"50s7",7,1,18,2,0,2,3,3,3,0.142857142857143,1,0,1,1,1,2,,2,1,0,,993
6,50,"50s7",7,1,18,2,0,2,3,3,3,0.142857142857143,2,0,1,1,2,1,,1,2,0,,994
6,50,"50s8",8,1,18,2,0,2,3,3,3,0.142857142857143,1,9,0,0,2,0,,1,0,0,,995
6,50,"50s8",8,1,18,2,0,2,3,3,3,0.142857142857143,2,9,0,0,0,2,,0,1,0,,996
6,50,"50s9",9,1,18,2,0,2,3,3,3,0.142857142857143,1,9,0,0,1,0,,2,0,0,,997
6,50,"50s9",9,1,18,2,0,2,3,3,3,0.142857142857143,2,9,0,0,0,1,,0,2,0,,998
6,50,"50s10",10,1,18,2,0,2,3,3,3,0.142857142857143,1,0,1,0,0,2,,0,1,0,,999
6,50,"50s10",10,1,18,2,0,2,3,3,3,0.142857142857143,2,9,0,1,2,0,,1,0,0,,1000
6,51,"51s1",1,1,18,2,1,2,3.14285714285714,3,3,1.71428571428571,1,2,1,0,0,0,,0,0,1,,1001
6,51,"51s1",1,1,18,2,1,2,3.14285714285714,3,3,1.71428571428571,2,8,0,1,0,0,,0,0,1,,1002
6,51,"51s2",2,1,18,2,1,2,3.14285714285714,3,3,1.71428571428571,1,8,0,1,1,2,,2,1,0,,1003
6,51,"51s2",2,1,18,2,1,2,3.14285714285714,3,3,1.71428571428571,2,-1,1,0,2,1,,1,2,0,,1004
6,51,"51s3",3,1,18,2,1,2,3.14285714285714,3,3,1.71428571428571,1,-3,1,1,2,1,,1,2,0,,1005
6,51,"51s3",3,1,18,2,1,2,3.14285714285714,3,3,1.71428571428571,2,-3,1,1,1,2,,2,1,0,,1006
6,51,"51s4",4,1,18,2,1,2,3.14285714285714,3,3,1.71428571428571,1,-4,1,1,2,1,,1,2,0,,1007
6,51,"51s4",4,1,18,2,1,2,3.14285714285714,3,3,1.71428571428571,2,-4,1,1,1,2,,2,1,0,,1008
6,51,"51s5",5,1,18,2,1,2,3.14285714285714,3,3,1.71428571428571,1,9,0,1,2,0,,1,0,0,,1009
6,51,"51s5",5,1,18,2,1,2,3.14285714285714,3,3,1.71428571428571,2,-3,1,0,0,2,,0,1,0,,1010
6,51,"51s6",6,0,18,2,1,2,3.14285714285714,3,3,1.71428571428571,1,8,0,0,2,0,2,1,0,0,1,1011
6,51,"51s6",6,0,18,2,1,2,3.14285714285714,3,3,1.71428571428571,2,8,0,0,0,2,2,0,1,0,1,1012
6,51,"51s7",7,0,18,2,1,2,3.14285714285714,3,3,1.71428571428571,1,8,0,1,1,2,1,2,1,0,2,1013
6,51,"51s7",7,0,18,2,1,2,3.14285714285714,3,3,1.71428571428571,2,-3,1,0,2,1,1,1,2,0,2,1014
6,51,"51s8",8,0,18,2,1,2,3.14285714285714,3,3,1.71428571428571,1,-5,1,1,1,1,2,2,2,1,1,1015
6,51,"51s8",8,0,18,2,1,2,3.14285714285714,3,3,1.71428571428571,2,-5,1,1,1,1,2,2,2,1,1,1016
6,51,"51s9",9,0,18,2,1,2,3.14285714285714,3,3,1.71428571428571,1,-6,1,1,1,2,1,2,1,0,2,1017
6,51,"51s9",9,0,18,2,1,2,3.14285714285714,3,3,1.71428571428571,2,-6,1,1,2,1,1,1,2,0,2,1018
6,51,"51s10",10,0,18,2,1,2,3.14285714285714,3,3,1.71428571428571,1,9,0,0,1,2,2,2,1,0,1,1019
6,51,"51s10",10,0,18,2,1,2,3.14285714285714,3,3,1.71428571428571,2,9,0,0,2,1,2,1,2,0,1,1020
6,52,"52s1",1,1,18,2,1,2,1.42857142857143,3.42857142857143,2,1.42857142857143,1,9,0,0,2,2,,1,1,1,,1021
6,52,"52s1",1,1,18,2,1,2,1.42857142857143,3.42857142857143,2,1.42857142857143,2,9,0,0,2,2,,1,1,1,,1022
6,52,"52s2",2,1,18,2,1,2,1.42857142857143,3.42857142857143,2,1.42857142857143,1,9,0,0,2,1,,1,2,0,,1023
6,52,"52s2",2,1,18,2,1,2,1.42857142857143,3.42857142857143,2,1.42857142857143,2,9,0,0,1,2,,2,1,0,,1024
6,52,"52s3",3,1,18,2,1,2,1.42857142857143,3.42857142857143,2,1.42857142857143,1,9,0,1,2,0,,1,0,0,,1025
6,52,"52s3",3,1,18,2,1,2,1.42857142857143,3.42857142857143,2,1.42857142857143,2,-9,1,0,0,2,,0,1,0,,1026
6,52,"52s4",4,1,18,2,1,2,1.42857142857143,3.42857142857143,2,1.42857142857143,1,-5,1,1,1,2,,2,1,0,,1027
6,52,"52s4",4,1,18,2,1,2,1.42857142857143,3.42857142857143,2,1.42857142857143,2,-9,1,1,2,1,,1,2,0,,1028
6,52,"52s5",5,1,18,2,1,2,1.42857142857143,3.42857142857143,2,1.42857142857143,1,9,0,1,0,1,,0,2,0,,1029
6,52,"52s5",5,1,18,2,1,2,1.42857142857143,3.42857142857143,2,1.42857142857143,2,-9,1,0,1,0,,2,0,0,,1030
6,52,"52s6",6,0,18,2,1,2,1.42857142857143,3.42857142857143,2,1.42857142857143,1,9,0,0,1,1,1,2,2,1,2,1031
6,52,"52s6",6,0,18,2,1,2,1.42857142857143,3.42857142857143,2,1.42857142857143,2,9,0,0,1,1,1,2,2,1,2,1032
6,52,"52s7",7,0,18,2,1,2,1.42857142857143,3.42857142857143,2,1.42857142857143,1,9,0,1,1,1,2,2,2,1,1,1033
6,52,"52s7",7,0,18,2,1,2,1.42857142857143,3.42857142857143,2,1.42857142857143,2,-4,1,0,1,1,2,2,2,1,1,1034
6,52,"52s8",8,0,18,2,1,2,1.42857142857143,3.42857142857143,2,1.42857142857143,1,-3,1,1,2,2,2,1,1,1,1,1035
6,52,"52s8",8,0,18,2,1,2,1.42857142857143,3.42857142857143,2,1.42857142857143,2,-3,1,1,2,2,2,1,1,1,1,1036
6,52,"52s9",9,0,18,2,1,2,1.42857142857143,3.42857142857143,2,1.42857142857143,1,-3,1,0,0,0,2,0,0,1,1,1037
6,52,"52s9",9,0,18,2,1,2,1.42857142857143,3.42857142857143,2,1.42857142857143,2,5,0,1,0,0,2,0,0,1,1,1038
6,52,"52s10",10,0,18,2,1,2,1.42857142857143,3.42857142857143,2,1.42857142857143,1,-3,1,0,0,0,1,0,0,1,2,1039
6,52,"52s10",10,0,18,2,1,2,1.42857142857143,3.42857142857143,2,1.42857142857143,2,5,0,1,0,0,1,0,0,1,2,1040
7,53,"53s1",1,0,18,4,0,2,2,1.42857142857143,0.428571428571428,3,1,-5,1,0,0,1,1,0,2,0,2,1041
7,53,"53s1",1,0,18,4,0,2,2,1.42857142857143,0.428571428571428,3,2,7,0,1,1,0,1,2,0,0,2,1042
7,53,"53s2",2,0,18,4,0,2,2,1.42857142857143,0.428571428571428,3,1,2,0,1,0,0,1,0,0,1,2,1043
7,53,"53s2",2,0,18,4,0,2,2,1.42857142857143,0.428571428571428,3,2,-3,1,0,0,0,1,0,0,1,2,1044
7,53,"53s3",3,0,18,4,0,2,2,1.42857142857143,0.428571428571428,3,1,4,0,1,2,2,1,1,1,1,2,1045
7,53,"53s3",3,0,18,4,0,2,2,1.42857142857143,0.428571428571428,3,2,-5,1,0,2,2,1,1,1,1,2,1046
7,53,"53s4",4,0,18,4,0,2,2,1.42857142857143,0.428571428571428,3,1,-6,1,1,0,2,1,0,1,0,2,1047
7,53,"53s4",4,0,18,4,0,2,2,1.42857142857143,0.428571428571428,3,2,-6,1,1,2,0,1,1,0,0,2,1048
7,53,"53s5",5,0,18,4,0,2,2,1.42857142857143,0.428571428571428,3,1,-5,1,1,0,1,2,0,2,0,1,1049
7,53,"53s5",5,0,18,4,0,2,2,1.42857142857143,0.428571428571428,3,2,-5,1,1,1,0,2,2,0,0,1,1050
7,53,"53s6",6,1,18,4,0,2,2,1.42857142857143,0.428571428571428,3,1,5,0,0,1,1,,2,2,1,,1051
7,53,"53s6",6,1,18,4,0,2,2,1.42857142857143,0.428571428571428,3,2,5,0,0,1,1,,2,2,1,,1052
7,53,"53s7",7,1,18,4,0,2,2,1.42857142857143,0.428571428571428,3,1,-5,1,0,0,1,,0,2,0,,1053
7,53,"53s7",7,1,18,4,0,2,2,1.42857142857143,0.428571428571428,3,2,5,0,1,1,0,,2,0,0,,1054
7,53,"53s8",8,1,18,4,0,2,2,1.42857142857143,0.428571428571428,3,1,-5,1,0,2,0,,1,0,0,,1055
7,53,"53s8",8,1,18,4,0,2,2,1.42857142857143,0.428571428571428,3,2,5,0,1,0,2,,0,1,0,,1056
7,53,"53s9",9,1,18,4,0,2,2,1.42857142857143,0.428571428571428,3,1,5,0,0,2,1,,1,2,0,,1057
7,53,"53s9",9,1,18,4,0,2,2,1.42857142857143,0.428571428571428,3,2,5,0,0,1,2,,2,1,0,,1058
7,53,"53s10",10,1,18,4,0,2,2,1.42857142857143,0.428571428571428,3,1,5,0,1,0,1,,0,2,0,,1059
7,53,"53s10",10,1,18,4,0,2,2,1.42857142857143,0.428571428571428,3,2,-6,1,0,1,0,,2,0,0,,1060
7,54,"54s1",1,1,18,4,0,2,1.42857142857143,2.42857142857143,2.28571428571429,1.14285714285714,1,-4,1,1,1,0,,2,0,0,,1061
7,54,"54s1",1,1,18,4,0,2,1.42857142857143,2.42857142857143,2.28571428571429,1.14285714285714,2,-9,1,1,0,1,,0,2,0,,1062
7,54,"54s2",2,1,18,4,0,2,1.42857142857143,2.42857142857143,2.28571428571429,1.14285714285714,1,-9,1,0,0,1,,0,2,0,,1063
7,54,"54s2",2,1,18,4,0,2,1.42857142857143,2.42857142857143,2.28571428571429,1.14285714285714,2,9,0,1,1,0,,2,0,0,,1064
7,54,"54s3",3,1,18,4,0,2,1.42857142857143,2.42857142857143,2.28571428571429,1.14285714285714,1,-9,1,0,1,0,,2,0,0,,1065
7,54,"54s3",3,1,18,4,0,2,1.42857142857143,2.42857142857143,2.28571428571429,1.14285714285714,2,9,0,1,0,1,,0,2,0,,1066
7,54,"54s4",4,1,18,4,0,2,1.42857142857143,2.42857142857143,2.28571428571429,1.14285714285714,1,9,0,0,1,2,,2,1,0,,1067
7,54,"54s4",4,1,18,4,0,2,1.42857142857143,2.42857142857143,2.28571428571429,1.14285714285714,2,9,0,0,2,1,,1,2,0,,1068
7,54,"54s5",5,1,18,4,0,2,1.42857142857143,2.42857142857143,2.28571428571429,1.14285714285714,1,-9,1,1,2,1,,1,2,0,,1069
7,54,"54s5",5,1,18,4,0,2,1.42857142857143,2.42857142857143,2.28571428571429,1.14285714285714,2,-9,1,1,1,2,,2,1,0,,1070
7,54,"54s6",6,0,18,4,0,2,1.42857142857143,2.42857142857143,2.28571428571429,1.14285714285714,1,-9,1,0,2,1,2,1,2,0,1,1071
7,54,"54s6",6,0,18,4,0,2,1.42857142857143,2.42857142857143,2.28571428571429,1.14285714285714,2,9,0,1,1,2,2,2,1,0,1,1072
7,54,"54s7",7,0,18,4,0,2,1.42857142857143,2.42857142857143,2.28571428571429,1.14285714285714,1,-9,1,1,2,1,2,1,2,0,1,1073
7,54,"54s7",7,0,18,4,0,2,1.42857142857143,2.42857142857143,2.28571428571429,1.14285714285714,2,-9,1,1,1,2,2,2,1,0,1,1074
7,54,"54s8",8,0,18,4,0,2,1.42857142857143,2.42857142857143,2.28571428571429,1.14285714285714,1,-9,1,0,0,1,2,0,2,0,1,1075
7,54,"54s8",8,0,18,4,0,2,1.42857142857143,2.42857142857143,2.28571428571429,1.14285714285714,2,9,0,1,1,0,2,2,0,0,1,1076
7,54,"54s9",9,0,18,4,0,2,1.42857142857143,2.42857142857143,2.28571428571429,1.14285714285714,1,9,0,0,2,1,2,1,2,0,1,1077
7,54,"54s9",9,0,18,4,0,2,1.42857142857143,2.42857142857143,2.28571428571429,1.14285714285714,2,9,0,0,1,2,2,2,1,0,1,1078
7,54,"54s10",10,0,18,4,0,2,1.42857142857143,2.42857142857143,2.28571428571429,1.14285714285714,1,-9,1,1,2,0,1,1,0,0,2,1079
7,54,"54s10",10,0,18,4,0,2,1.42857142857143,2.42857142857143,2.28571428571429,1.14285714285714,2,-9,1,1,0,2,1,0,1,0,2,1080
7,55,"55s1",1,1,18,4,1,2,3.14285714285714,2.71428571428571,2,1.57142857142857,1,5,0,1,0,2,,0,1,0,,1081
7,55,"55s1",1,1,18,4,1,2,3.14285714285714,2.71428571428571,2,1.57142857142857,2,-5,1,0,2,0,,1,0,0,,1082
7,55,"55s2",2,1,18,4,1,2,3.14285714285714,2.71428571428571,2,1.57142857142857,1,9,0,0,2,1,,1,2,0,,1083
7,55,"55s2",2,1,18,4,1,2,3.14285714285714,2.71428571428571,2,1.57142857142857,2,9,0,0,1,2,,2,1,0,,1084
7,55,"55s3",3,1,18,4,1,2,3.14285714285714,2.71428571428571,2,1.57142857142857,1,9,0,0,1,1,,2,2,1,,1085
7,55,"55s3",3,1,18,4,1,2,3.14285714285714,2.71428571428571,2,1.57142857142857,2,9,0,0,1,1,,2,2,1,,1086
7,55,"55s4",4,1,18,4,1,2,3.14285714285714,2.71428571428571,2,1.57142857142857,1,9,0,0,2,0,,1,0,0,,1087
7,55,"55s4",4,1,18,4,1,2,3.14285714285714,2.71428571428571,2,1.57142857142857,2,9,0,0,0,2,,0,1,0,,1088
7,55,"55s5",5,1,18,4,1,2,3.14285714285714,2.71428571428571,2,1.57142857142857,1,-5,1,0,0,0,,0,0,1,,1089
7,55,"55s5",5,1,18,4,1,2,3.14285714285714,2.71428571428571,2,1.57142857142857,2,5,0,1,0,0,,0,0,1,,1090
7,55,"55s6",6,0,18,4,1,2,3.14285714285714,2.71428571428571,2,1.57142857142857,1,-5,1,1,1,2,1,2,1,0,2,1091
7,55,"55s6",6,0,18,4,1,2,3.14285714285714,2.71428571428571,2,1.57142857142857,2,-5,1,1,2,1,1,1,2,0,2,1092
7,55,"55s7",7,0,18,4,1,2,3.14285714285714,2.71428571428571,2,1.57142857142857,1,5,0,1,1,1,2,2,2,1,1,1093
7,55,"55s7",7,0,18,4,1,2,3.14285714285714,2.71428571428571,2,1.57142857142857,2,-5,1,0,1,1,2,2,2,1,1,1094
7,55,"55s8",8,0,18,4,1,2,3.14285714285714,2.71428571428571,2,1.57142857142857,1,9,0,0,2,1,2,1,2,0,1,1095
7,55,"55s8",8,0,18,4,1,2,3.14285714285714,2.71428571428571,2,1.57142857142857,2,9,0,0,1,2,2,2,1,0,1,1096
7,55,"55s9",9,0,18,4,1,2,3.14285714285714,2.71428571428571,2,1.57142857142857,1,5,0,1,1,2,2,2,1,0,1,1097
7,55,"55s9",9,0,18,4,1,2,3.14285714285714,2.71428571428571,2,1.57142857142857,2,-5,1,0,2,1,2,1,2,0,1,1098
7,55,"55s10",10,0,18,4,1,2,3.14285714285714,2.71428571428571,2,1.57142857142857,1,-9,1,1,0,2,1,0,1,0,2,1099
7,55,"55s10",10,0,18,4,1,2,3.14285714285714,2.71428571428571,2,1.57142857142857,2,-9,1,1,2,0,1,1,0,0,2,1100
7,56,"56s1",1,0,18,4,1,2,1.14285714285714,2.28571428571429,3.14285714285714,1.71428571428571,1,9,0,1,1,2,2,2,1,0,1,1101
7,56,"56s1",1,0,18,4,1,2,1.14285714285714,2.28571428571429,3.14285714285714,1.71428571428571,2,-9,1,0,2,1,2,1,2,0,1,1102
7,56,"56s2",2,0,18,4,1,2,1.14285714285714,2.28571428571429,3.14285714285714,1.71428571428571,1,9,0,1,1,2,2,2,1,0,1,1103
7,56,"56s2",2,0,18,4,1,2,1.14285714285714,2.28571428571429,3.14285714285714,1.71428571428571,2,-9,1,0,2,1,2,1,2,0,1,1104
7,56,"56s3",3,0,18,4,1,2,1.14285714285714,2.28571428571429,3.14285714285714,1.71428571428571,1,-9,1,1,1,0,1,2,0,0,2,1105
7,56,"56s3",3,0,18,4,1,2,1.14285714285714,2.28571428571429,3.14285714285714,1.71428571428571,2,-9,1,1,0,1,1,0,2,0,2,1106
7,56,"56s4",4,0,18,4,1,2,1.14285714285714,2.28571428571429,3.14285714285714,1.71428571428571,1,9,0,1,0,0,1,0,0,1,2,1107
7,56,"56s4",4,0,18,4,1,2,1.14285714285714,2.28571428571429,3.14285714285714,1.71428571428571,2,-9,1,0,0,0,1,0,0,1,2,1108
7,56,"56s5",5,0,18,4,1,2,1.14285714285714,2.28571428571429,3.14285714285714,1.71428571428571,1,-9,1,1,1,1,2,2,2,1,1,1109
7,56,"56s5",5,0,18,4,1,2,1.14285714285714,2.28571428571429,3.14285714285714,1.71428571428571,2,-9,1,1,1,1,2,2,2,1,1,1110
7,56,"56s6",6,1,18,4,1,2,1.14285714285714,2.28571428571429,3.14285714285714,1.71428571428571,1,-9,1,0,2,2,,1,1,1,,1111
7,56,"56s6",6,1,18,4,1,2,1.14285714285714,2.28571428571429,3.14285714285714,1.71428571428571,2,9,0,1,2,2,,1,1,1,,1112
7,56,"56s7",7,1,18,4,1,2,1.14285714285714,2.28571428571429,3.14285714285714,1.71428571428571,1,6,0,1,1,0,,2,0,0,,1113
7,56,"56s7",7,1,18,4,1,2,1.14285714285714,2.28571428571429,3.14285714285714,1.71428571428571,2,-7,1,0,0,1,,0,2,0,,1114
7,56,"56s8",8,1,18,4,1,2,1.14285714285714,2.28571428571429,3.14285714285714,1.71428571428571,1,9,0,0,1,0,,2,0,0,,1115
7,56,"56s8",8,1,18,4,1,2,1.14285714285714,2.28571428571429,3.14285714285714,1.71428571428571,2,9,0,0,0,1,,0,2,0,,1116
7,56,"56s9",9,1,18,4,1,2,1.14285714285714,2.28571428571429,3.14285714285714,1.71428571428571,1,9,0,0,1,1,,2,2,1,,1117
7,56,"56s9",9,1,18,4,1,2,1.14285714285714,2.28571428571429,3.14285714285714,1.71428571428571,2,9,0,0,1,1,,2,2,1,,1118
7,56,"56s10",10,1,18,4,1,2,1.14285714285714,2.28571428571429,3.14285714285714,1.71428571428571,1,0,1,1,1,1,,2,2,1,,1119
7,56,"56s10",10,1,18,4,1,2,1.14285714285714,2.28571428571429,3.14285714285714,1.71428571428571,2,0,1,1,1,1,,2,2,1,,1120
7,57,"57s1",1,0,21,2,1,1,2,2.42857142857143,1.71428571428571,2.14285714285714,1,9,0,0,1,1,1,1,1,1,1,1121
7,57,"57s1",1,0,21,2,1,1,2,2.42857142857143,1.71428571428571,2.14285714285714,2,9,0,0,1,1,1,1,1,1,1,1122
7,57,"57s2",2,0,21,2,1,1,2,2.42857142857143,1.71428571428571,2.14285714285714,1,3,1,1,2,1,2,2,1,0,2,1123
7,57,"57s2",2,0,21,2,1,1,2,2.42857142857143,1.71428571428571,2.14285714285714,2,3,1,1,1,2,2,1,2,0,2,1124
7,57,"57s3",3,0,21,2,1,1,2,2.42857142857143,1.71428571428571,2.14285714285714,1,8,0,1,2,0,1,2,0,0,1,1125
7,57,"57s3",3,0,21,2,1,1,2,2.42857142857143,1.71428571428571,2.14285714285714,2,-1,1,0,0,2,1,0,2,0,1,1126
7,57,"57s4",4,0,21,2,1,1,2,2.42857142857143,1.71428571428571,2.14285714285714,1,-2,1,1,1,1,2,1,1,1,2,1127
7,57,"57s4",4,0,21,2,1,1,2,2.42857142857143,1.71428571428571,2.14285714285714,2,-1,1,1,1,1,2,1,1,1,2,1128
7,57,"57s5",5,0,21,2,1,1,2,2.42857142857143,1.71428571428571,2.14285714285714,1,-2,1,1,1,0,1,1,0,0,1,1129
7,57,"57s5",5,0,21,2,1,1,2,2.42857142857143,1.71428571428571,2.14285714285714,2,-1,1,1,0,1,1,0,1,0,1,1130
7,57,"57s6",6,1,21,2,1,1,2,2.42857142857143,1.71428571428571,2.14285714285714,1,-5,1,0,0,0,,0,0,1,,1131
7,57,"57s6",6,1,21,2,1,1,2,2.42857142857143,1.71428571428571,2.14285714285714,2,9,0,1,0,0,,0,0,1,,1132
7,57,"57s7",7,1,21,2,1,1,2,2.42857142857143,1.71428571428571,2.14285714285714,1,-7,1,1,1,1,,1,1,1,,1133
7,57,"57s7",7,1,21,2,1,1,2,2.42857142857143,1.71428571428571,2.14285714285714,2,-5,1,1,1,1,,1,1,1,,1134
7,57,"57s8",8,1,21,2,1,1,2,2.42857142857143,1.71428571428571,2.14285714285714,1,-7,1,1,1,0,,1,0,0,,1135
7,57,"57s8",8,1,21,2,1,1,2,2.42857142857143,1.71428571428571,2.14285714285714,2,-5,1,1,0,1,,0,1,0,,1136
7,57,"57s9",9,1,21,2,1,1,2,2.42857142857143,1.71428571428571,2.14285714285714,1,-7,1,1,1,0,,1,0,0,,1137
7,57,"57s9",9,1,21,2,1,1,2,2.42857142857143,1.71428571428571,2.14285714285714,2,-5,1,1,0,1,,0,1,0,,1138
7,57,"57s10",10,1,21,2,1,1,2,2.42857142857143,1.71428571428571,2.14285714285714,1,-7,1,0,2,0,,2,0,0,,1139
7,57,"57s10",10,1,21,2,1,1,2,2.42857142857143,1.71428571428571,2.14285714285714,2,7,0,1,0,2,,0,2,0,,1140
7,58,"58s1",1,1,18,5,0,2,1.57142857142857,2.71428571428571,2.42857142857143,2.28571428571429,1,0,1,1,2,1,,1,2,0,,1141
7,58,"58s1",1,1,18,5,0,2,1.57142857142857,2.71428571428571,2.42857142857143,2.28571428571429,2,0,1,1,1,2,,2,1,0,,1142
7,58,"58s2",2,1,18,5,0,2,1.57142857142857,2.71428571428571,2.42857142857143,2.28571428571429,1,-5,1,0,2,2,,1,1,1,,1143
7,58,"58s2",2,1,18,5,0,2,1.57142857142857,2.71428571428571,2.42857142857143,2.28571428571429,2,5,0,1,2,2,,1,1,1,,1144
7,58,"58s3",3,1,18,5,0,2,1.57142857142857,2.71428571428571,2.42857142857143,2.28571428571429,1,0,1,0,1,0,,2,0,0,,1145
7,58,"58s3",3,1,18,5,0,2,1.57142857142857,2.71428571428571,2.42857142857143,2.28571428571429,2,5,0,1,0,1,,0,2,0,,1146
7,58,"58s4",4,1,18,5,0,2,1.57142857142857,2.71428571428571,2.42857142857143,2.28571428571429,1,-5,1,0,2,1,,1,2,0,,1147
7,58,"58s4",4,1,18,5,0,2,1.57142857142857,2.71428571428571,2.42857142857143,2.28571428571429,2,5,0,1,1,2,,2,1,0,,1148
7,58,"58s5",5,1,18,5,0,2,1.57142857142857,2.71428571428571,2.42857142857143,2.28571428571429,1,5,0,1,2,1,,1,2,0,,1149
7,58,"58s5",5,1,18,5,0,2,1.57142857142857,2.71428571428571,2.42857142857143,2.28571428571429,2,-5,1,0,1,2,,2,1,0,,1150
7,58,"58s6",6,0,18,5,0,2,1.57142857142857,2.71428571428571,2.42857142857143,2.28571428571429,1,5,0,0,0,2,1,0,1,0,2,1151
7,58,"58s6",6,0,18,5,0,2,1.57142857142857,2.71428571428571,2.42857142857143,2.28571428571429,2,5,0,0,2,0,1,1,0,0,2,1152
7,58,"58s7",7,0,18,5,0,2,1.57142857142857,2.71428571428571,2.42857142857143,2.28571428571429,1,5,0,1,2,2,2,1,1,1,1,1153
7,58,"58s7",7,0,18,5,0,2,1.57142857142857,2.71428571428571,2.42857142857143,2.28571428571429,2,-5,1,0,2,2,2,1,1,1,1,1154
7,58,"58s8",8,0,18,5,0,2,1.57142857142857,2.71428571428571,2.42857142857143,2.28571428571429,1,9,0,1,2,2,2,1,1,1,1,1155
7,58,"58s8",8,0,18,5,0,2,1.57142857142857,2.71428571428571,2.42857142857143,2.28571428571429,2,9,1,0,2,2,2,1,1,1,1,1156
7,58,"58s9",9,0,18,5,0,2,1.57142857142857,2.71428571428571,2.42857142857143,2.28571428571429,1,9,0,0,1,1,1,2,2,1,2,1157
7,58,"58s9",9,0,18,5,0,2,1.57142857142857,2.71428571428571,2.42857142857143,2.28571428571429,2,9,0,0,1,1,1,2,2,1,2,1158
7,58,"58s10",10,0,18,5,0,2,1.57142857142857,2.71428571428571,2.42857142857143,2.28571428571429,1,5,0,0,2,0,1,1,0,0,2,1159
7,58,"58s10",10,0,18,5,0,2,1.57142857142857,2.71428571428571,2.42857142857143,2.28571428571429,2,5,0,0,0,2,1,0,1,0,2,1160
7,59,"59s1",1,0,19,4,1,1,2.28571428571429,2.85714285714286,1.71428571428571,1.85714285714286,1,-3,1,0,2,2,2,2,2,1,2,1161
7,59,"59s1",1,0,19,4,1,1,2.28571428571429,2.85714285714286,1.71428571428571,1.85714285714286,2,1,0,1,2,2,2,2,2,1,2,1162
7,59,"59s2",2,0,19,4,1,1,2.28571428571429,2.85714285714286,1.71428571428571,1.85714285714286,1,1,0,1,0,1,2,0,1,0,2,1163
7,59,"59s2",2,0,19,4,1,1,2.28571428571429,2.85714285714286,1.71428571428571,1.85714285714286,2,-1,1,0,1,0,2,1,0,0,2,1164
7,59,"59s3",3,0,19,4,1,1,2.28571428571429,2.85714285714286,1.71428571428571,1.85714285714286,1,-1,0,0,2,0,2,2,0,0,2,1165
7,59,"59s3",3,0,19,4,1,1,2.28571428571429,2.85714285714286,1.71428571428571,1.85714285714286,2,1,0,0,0,2,2,0,2,0,2,1166
7,59,"59s4",4,0,19,4,1,1,2.28571428571429,2.85714285714286,1.71428571428571,1.85714285714286,1,1,0,0,2,1,1,2,1,0,1,1167
7,59,"59s4",4,0,19,4,1,1,2.28571428571429,2.85714285714286,1.71428571428571,1.85714285714286,2,-1,0,0,1,2,1,1,2,0,1,1168
7,59,"59s5",5,0,19,4,1,1,2.28571428571429,2.85714285714286,1.71428571428571,1.85714285714286,1,-2,0,0,2,0,2,2,0,0,2,1169
7,59,"59s5",5,0,19,4,1,1,2.28571428571429,2.85714285714286,1.71428571428571,1.85714285714286,2,1,0,0,0,2,2,0,2,0,2,1170
7,59,"59s6",6,1,19,4,1,1,2.28571428571429,2.85714285714286,1.71428571428571,1.85714285714286,1,-6,1,1,1,2,,1,2,0,,1171
7,59,"59s6",6,1,19,4,1,1,2.28571428571429,2.85714285714286,1.71428571428571,1.85714285714286,2,1,1,1,2,1,,2,1,0,,1172
7,59,"59s7",7,1,19,4,1,1,2.28571428571429,2.85714285714286,1.71428571428571,1.85714285714286,1,0,1,1,0,1,,0,1,0,,1173
7,59,"59s7",7,1,19,4,1,1,2.28571428571429,2.85714285714286,1.71428571428571,1.85714285714286,2,-4,1,1,1,0,,1,0,0,,1174
7,59,"59s8",8,1,19,4,1,1,2.28571428571429,2.85714285714286,1.71428571428571,1.85714285714286,1,1,1,1,2,1,,2,1,0,,1175
7,59,"59s8",8,1,19,4,1,1,2.28571428571429,2.85714285714286,1.71428571428571,1.85714285714286,2,-1,1,1,1,2,,1,2,0,,1176
7,59,"59s9",9,1,19,4,1,1,2.28571428571429,2.85714285714286,1.71428571428571,1.85714285714286,1,4,0,1,1,2,,1,2,0,,1177
7,59,"59s9",9,1,19,4,1,1,2.28571428571429,2.85714285714286,1.71428571428571,1.85714285714286,2,-1,1,0,2,1,,2,1,0,,1178
7,59,"59s10",10,1,19,4,1,1,2.28571428571429,2.85714285714286,1.71428571428571,1.85714285714286,1,8,0,0,1,1,,1,1,1,,1179
7,59,"59s10",10,1,19,4,1,1,2.28571428571429,2.85714285714286,1.71428571428571,1.85714285714286,2,8,0,0,1,1,,1,1,1,,1180
7,60,"60s1",1,1,32,1,1,1,2.57142857142857,3.28571428571429,1.57142857142857,2.14285714285714,1,-9,1,1,0,1,,0,1,0,,1181
7,60,"60s1",1,1,32,1,1,1,2.57142857142857,3.28571428571429,1.57142857142857,2.14285714285714,2,-9,1,1,1,0,,1,0,0,,1182
7,60,"60s2",2,1,32,1,1,1,2.57142857142857,3.28571428571429,1.57142857142857,2.14285714285714,1,-9,0,1,0,2,,0,2,0,,1183
7,60,"60s2",2,1,32,1,1,1,2.57142857142857,3.28571428571429,1.57142857142857,2.14285714285714,2,-9,1,0,2,0,,2,0,0,,1184
7,60,"60s3",3,1,32,1,1,1,2.57142857142857,3.28571428571429,1.57142857142857,2.14285714285714,1,-9,1,0,2,1,,2,1,0,,1185
7,60,"60s3",3,1,32,1,1,1,2.57142857142857,3.28571428571429,1.57142857142857,2.14285714285714,2,-6,0,1,1,2,,1,2,0,,1186
7,60,"60s4",4,1,32,1,1,1,2.57142857142857,3.28571428571429,1.57142857142857,2.14285714285714,1,-9,1,1,2,1,,2,1,0,,1187
7,60,"60s4",4,1,32,1,1,1,2.57142857142857,3.28571428571429,1.57142857142857,2.14285714285714,2,-9,1,1,1,2,,1,2,0,,1188
7,60,"60s5",5,1,32,1,1,1,2.57142857142857,3.28571428571429,1.57142857142857,2.14285714285714,1,-9,1,0,1,0,,1,0,0,,1189
7,60,"60s5",5,1,32,1,1,1,2.57142857142857,3.28571428571429,1.57142857142857,2.14285714285714,2,-3,0,1,0,1,,0,1,0,,1190
7,60,"60s6",6,0,32,1,1,1,2.57142857142857,3.28571428571429,1.57142857142857,2.14285714285714,1,-2,1,0,0,1,2,0,1,0,2,1191
7,60,"60s6",6,0,32,1,1,1,2.57142857142857,3.28571428571429,1.57142857142857,2.14285714285714,2,9,0,1,1,0,2,1,0,0,2,1192
7,60,"60s7",7,0,32,1,1,1,2.57142857142857,3.28571428571429,1.57142857142857,2.14285714285714,1,-2,1,0,0,0,2,0,0,1,2,1193
7,60,"60s7",7,0,32,1,1,1,2.57142857142857,3.28571428571429,1.57142857142857,2.14285714285714,2,2,0,1,0,0,2,0,0,1,2,1194
7,60,"60s8",8,0,32,1,1,1,2.57142857142857,3.28571428571429,1.57142857142857,2.14285714285714,1,-2,1,0,1,2,1,1,2,0,1,1195
7,60,"60s8",8,0,32,1,1,1,2.57142857142857,3.28571428571429,1.57142857142857,2.14285714285714,2,2,0,1,2,1,1,2,1,0,1,1196
7,60,"60s9",9,0,32,1,1,1,2.57142857142857,3.28571428571429,1.57142857142857,2.14285714285714,1,9,0,0,1,0,2,1,0,0,2,1197
7,60,"60s9",9,0,32,1,1,1,2.57142857142857,3.28571428571429,1.57142857142857,2.14285714285714,2,9,0,0,0,1,2,0,1,0,2,1198
7,60,"60s10",10,0,32,1,1,1,2.57142857142857,3.28571428571429,1.57142857142857,2.14285714285714,1,-2,1,0,0,2,2,0,2,0,2,1199
7,60,"60s10",10,0,32,1,1,1,2.57142857142857,3.28571428571429,1.57142857142857,2.14285714285714,2,2,0,1,2,0,2,2,0,0,2,1200
7,61,"61s1",1,1,18,1,1,1,1.71428571428571,2.57142857142857,2.57142857142857,1.14285714285714,1,8,0,0,0,1,,0,1,0,,1201
7,61,"61s1",1,1,18,1,1,1,1.71428571428571,2.57142857142857,2.57142857142857,1.14285714285714,2,8,0,0,1,0,,1,0,0,,1202
7,61,"61s2",2,1,18,1,1,1,1.71428571428571,2.57142857142857,2.57142857142857,1.14285714285714,1,-9,1,0,1,2,,1,2,0,,1203
7,61,"61s2",2,1,18,1,1,1,1.71428571428571,2.57142857142857,2.57142857142857,1.14285714285714,2,9,0,1,2,1,,2,1,0,,1204
7,61,"61s3",3,1,18,1,1,1,1.71428571428571,2.57142857142857,2.57142857142857,1.14285714285714,1,-9,1,0,2,1,,2,1,0,,1205
7,61,"61s3",3,1,18,1,1,1,1.71428571428571,2.57142857142857,2.57142857142857,1.14285714285714,2,9,0,1,1,2,,1,2,0,,1206
7,61,"61s4",4,1,18,1,1,1,1.71428571428571,2.57142857142857,2.57142857142857,1.14285714285714,1,-9,1,0,2,0,,2,0,0,,1207
7,61,"61s4",4,1,18,1,1,1,1.71428571428571,2.57142857142857,2.57142857142857,1.14285714285714,2,9,0,1,0,2,,0,2,0,,1208
7,61,"61s5",5,1,18,1,1,1,1.71428571428571,2.57142857142857,2.57142857142857,1.14285714285714,1,9,0,0,1,1,,1,1,1,,1209
7,61,"61s5",5,1,18,1,1,1,1.71428571428571,2.57142857142857,2.57142857142857,1.14285714285714,2,9,0,0,1,1,,1,1,1,,1210
7,61,"61s6",6,0,18,1,1,1,1.71428571428571,2.57142857142857,2.57142857142857,1.14285714285714,1,-9,1,0,2,2,1,2,2,1,1,1211
7,61,"61s6",6,0,18,1,1,1,1.71428571428571,2.57142857142857,2.57142857142857,1.14285714285714,2,8,0,1,2,2,1,2,2,1,1,1212
7,61,"61s7",7,0,18,1,1,1,1.71428571428571,2.57142857142857,2.57142857142857,1.14285714285714,1,-9,1,1,0,1,1,0,1,0,1,1213
7,61,"61s7",7,0,18,1,1,1,1.71428571428571,2.57142857142857,2.57142857142857,1.14285714285714,2,-9,1,1,1,0,1,1,0,0,1,1214
7,61,"61s8",8,0,18,1,1,1,1.71428571428571,2.57142857142857,2.57142857142857,1.14285714285714,1,9,0,0,1,0,2,1,0,0,2,1215
7,61,"61s8",8,0,18,1,1,1,1.71428571428571,2.57142857142857,2.57142857142857,1.14285714285714,2,9,0,0,0,1,2,0,1,0,2,1216
7,61,"61s9",9,0,18,1,1,1,1.71428571428571,2.57142857142857,2.57142857142857,1.14285714285714,1,-9,1,0,0,1,2,0,1,0,2,1217
7,61,"61s9",9,0,18,1,1,1,1.71428571428571,2.57142857142857,2.57142857142857,1.14285714285714,2,9,0,1,1,0,2,1,0,0,2,1218
7,61,"61s10",10,0,18,1,1,1,1.71428571428571,2.57142857142857,2.57142857142857,1.14285714285714,1,-9,1,1,0,1,2,0,1,0,2,1219
7,61,"61s10",10,0,18,1,1,1,1.71428571428571,2.57142857142857,2.57142857142857,1.14285714285714,2,-9,1,1,1,0,2,1,0,0,2,1220
7,62,"62s1",1,0,18,2,1,1,1.71428571428571,3.28571428571429,2.71428571428571,2.85714285714286,1,4,0,0,0,1,1,0,1,0,1,1221
7,62,"62s1",1,0,18,2,1,1,1.71428571428571,3.28571428571429,2.71428571428571,2.85714285714286,2,4,0,0,1,0,1,1,0,0,1,1222
7,62,"62s2",2,0,18,2,1,1,1.71428571428571,3.28571428571429,2.71428571428571,2.85714285714286,1,3,1,1,1,0,2,1,0,0,2,1223
7,62,"62s2",2,0,18,2,1,1,1.71428571428571,3.28571428571429,2.71428571428571,2.85714285714286,2,3,1,1,0,1,2,0,1,0,2,1224
7,62,"62s3",3,0,18,2,1,1,1.71428571428571,3.28571428571429,2.71428571428571,2.85714285714286,1,-5,1,0,1,0,2,1,0,0,2,1225
7,62,"62s3",3,0,18,2,1,1,1.71428571428571,3.28571428571429,2.71428571428571,2.85714285714286,2,4,0,1,0,1,2,0,1,0,2,1226
7,62,"62s4",4,0,18,2,1,1,1.71428571428571,3.28571428571429,2.71428571428571,2.85714285714286,1,-6,1,0,1,0,2,1,0,0,2,1227
7,62,"62s4",4,0,18,2,1,1,1.71428571428571,3.28571428571429,2.71428571428571,2.85714285714286,2,5,0,1,0,1,2,0,1,0,2,1228
7,62,"62s5",5,0,18,2,1,1,1.71428571428571,3.28571428571429,2.71428571428571,2.85714285714286,1,9,0,0,2,2,2,2,2,1,2,1229
7,62,"62s5",5,0,18,2,1,1,1.71428571428571,3.28571428571429,2.71428571428571,2.85714285714286,2,9,0,0,2,2,2,2,2,1,2,1230
7,62,"62s6",6,1,18,2,1,1,1.71428571428571,3.28571428571429,2.71428571428571,2.85714285714286,1,-2,1,0,0,1,,0,1,0,,1231
7,62,"62s6",6,1,18,2,1,1,1.71428571428571,3.28571428571429,2.71428571428571,2.85714285714286,2,4,0,1,1,0,,1,0,0,,1232
7,62,"62s7",7,1,18,2,1,1,1.71428571428571,3.28571428571429,2.71428571428571,2.85714285714286,1,4,0,1,1,1,,1,1,1,,1233
7,62,"62s7",7,1,18,2,1,1,1.71428571428571,3.28571428571429,2.71428571428571,2.85714285714286,2,-3,1,0,1,1,,1,1,1,,1234
7,62,"62s8",8,1,18,2,1,1,1.71428571428571,3.28571428571429,2.71428571428571,2.85714285714286,1,-5,1,1,1,2,,1,2,0,,1235
7,62,"62s8",8,1,18,2,1,1,1.71428571428571,3.28571428571429,2.71428571428571,2.85714285714286,2,-5,1,1,2,1,,2,1,0,,1236
7,62,"62s9",9,1,18,2,1,1,1.71428571428571,3.28571428571429,2.71428571428571,2.85714285714286,1,-4,1,0,1,2,,1,2,0,,1237
7,62,"62s9",9,1,18,2,1,1,1.71428571428571,3.28571428571429,2.71428571428571,2.85714285714286,2,4,0,1,2,1,,2,1,0,,1238
7,62,"62s10",10,1,18,2,1,1,1.71428571428571,3.28571428571429,2.71428571428571,2.85714285714286,1,7,0,1,2,0,,2,0,0,,1239
7,62,"62s10",10,1,18,2,1,1,1.71428571428571,3.28571428571429,2.71428571428571,2.85714285714286,2,-5,1,0,0,2,,0,2,0,,1240
7,63,"63s1",1,1,25,2,0,1,1.42857142857143,2.85714285714286,1.85714285714286,1.42857142857143,1,0,1,1,1,2,,1,2,0,,1241
7,63,"63s1",1,1,25,2,0,1,1.42857142857143,2.85714285714286,1.85714285714286,1.42857142857143,2,0,1,1,2,1,,2,1,0,,1242
7,63,"63s2",2,1,25,2,0,1,1.42857142857143,2.85714285714286,1.85714285714286,1.42857142857143,1,-9,0,0,2,1,,2,1,0,,1243
7,63,"63s2",2,1,25,2,0,1,1.42857142857143,2.85714285714286,1.85714285714286,1.42857142857143,2,9,0,0,1,2,,1,2,0,,1244
7,63,"63s3",3,1,25,2,0,1,1.42857142857143,2.85714285714286,1.85714285714286,1.42857142857143,1,9,0,0,1,1,,1,1,1,,1245
7,63,"63s3",3,1,25,2,0,1,1.42857142857143,2.85714285714286,1.85714285714286,1.42857142857143,2,-9,0,0,1,1,,1,1,1,,1246
7,63,"63s4",4,1,25,2,0,1,1.42857142857143,2.85714285714286,1.85714285714286,1.42857142857143,1,-4,0,0,2,2,,2,2,1,,1247
7,63,"63s4",4,1,25,2,0,1,1.42857142857143,2.85714285714286,1.85714285714286,1.42857142857143,2,7,0,0,2,2,,2,2,1,,1248
7,63,"63s5",5,1,25,2,0,1,1.42857142857143,2.85714285714286,1.85714285714286,1.42857142857143,1,8,1,1,0,1,,0,1,0,,1249
7,63,"63s5",5,1,25,2,0,1,1.42857142857143,2.85714285714286,1.85714285714286,1.42857142857143,2,-8,1,1,1,0,,1,0,0,,1250
7,63,"63s6",6,0,25,2,0,1,1.42857142857143,2.85714285714286,1.85714285714286,1.42857142857143,1,0,0,0,2,0,2,2,0,0,2,1251
7,63,"63s6",6,0,25,2,0,1,1.42857142857143,2.85714285714286,1.85714285714286,1.42857142857143,2,0,0,0,0,2,2,0,2,0,2,1252
7,63,"63s7",7,0,25,2,0,1,1.42857142857143,2.85714285714286,1.85714285714286,1.42857142857143,1,9,1,0,0,0,1,0,0,1,1,1253
7,63,"63s7",7,0,25,2,0,1,1.42857142857143,2.85714285714286,1.85714285714286,1.42857142857143,2,-9,0,1,0,0,1,0,0,1,1,1254
7,63,"63s8",8,0,25,2,0,1,1.42857142857143,2.85714285714286,1.85714285714286,1.42857142857143,1,-9,1,0,2,0,1,2,0,0,1,1255
7,63,"63s8",8,0,25,2,0,1,1.42857142857143,2.85714285714286,1.85714285714286,1.42857142857143,2,3,0,1,0,2,1,0,2,0,1,1256
7,63,"63s9",9,0,25,2,0,1,1.42857142857143,2.85714285714286,1.85714285714286,1.42857142857143,1,0,0,1,1,1,1,1,1,1,1,1257
7,63,"63s9",9,0,25,2,0,1,1.42857142857143,2.85714285714286,1.85714285714286,1.42857142857143,2,0,1,0,1,1,1,1,1,1,1,1258
7,63,"63s10",10,0,25,2,0,1,1.42857142857143,2.85714285714286,1.85714285714286,1.42857142857143,1,9,1,1,0,1,1,0,1,0,1,1259
7,63,"63s10",10,0,25,2,0,1,1.42857142857143,2.85714285714286,1.85714285714286,1.42857142857143,2,-9,1,1,1,0,1,1,0,0,1,1260
8,64,"64s1",1,1,18,1,0,1,3.85714285714286,4,3.28571428571429,2,1,9,0,0,1,1,,1,1,1,,1261
8,64,"64s1",1,1,18,1,0,1,3.85714285714286,4,3.28571428571429,2,2,9,0,0,1,1,,1,1,1,,1262
8,64,"64s2",2,1,18,1,0,1,3.85714285714286,4,3.28571428571429,2,1,-9,1,1,2,2,,2,2,1,,1263
8,64,"64s2",2,1,18,1,0,1,3.85714285714286,4,3.28571428571429,2,2,-9,1,1,2,2,,2,2,1,,1264
8,64,"64s3",3,1,18,1,0,1,3.85714285714286,4,3.28571428571429,2,1,9,0,1,0,1,,0,1,0,,1265
8,64,"64s3",3,1,18,1,0,1,3.85714285714286,4,3.28571428571429,2,2,-9,1,0,1,0,,1,0,0,,1266
8,64,"64s4",4,1,18,1,0,1,3.85714285714286,4,3.28571428571429,2,1,-9,1,1,1,0,,1,0,0,,1267
8,64,"64s4",4,1,18,1,0,1,3.85714285714286,4,3.28571428571429,2,2,-9,1,1,0,1,,0,1,0,,1268
8,64,"64s5",5,1,18,1,0,1,3.85714285714286,4,3.28571428571429,2,1,-9,1,1,0,0,,0,0,1,,1269
8,64,"64s5",5,1,18,1,0,1,3.85714285714286,4,3.28571428571429,2,2,-9,1,1,0,0,,0,0,1,,1270
8,64,"64s6",6,0,18,1,0,1,3.85714285714286,4,3.28571428571429,2,1,9,0,0,2,1,2,2,1,0,2,1271
8,64,"64s6",6,0,18,1,0,1,3.85714285714286,4,3.28571428571429,2,2,9,0,0,1,2,2,1,2,0,2,1272
8,64,"64s7",7,0,18,1,0,1,3.85714285714286,4,3.28571428571429,2,1,9,0,1,2,1,1,2,1,0,1,1273
8,64,"64s7",7,0,18,1,0,1,3.85714285714286,4,3.28571428571429,2,2,-9,1,0,1,2,1,1,2,0,1,1274
8,64,"64s8",8,0,18,1,0,1,3.85714285714286,4,3.28571428571429,2,1,-9,1,1,1,0,2,1,0,0,2,1275
8,64,"64s8",8,0,18,1,0,1,3.85714285714286,4,3.28571428571429,2,2,-9,1,1,0,1,2,0,1,0,2,1276
8,64,"64s9",9,0,18,1,0,1,3.85714285714286,4,3.28571428571429,2,1,9,0,1,1,2,1,1,2,0,1,1277
8,64,"64s9",9,0,18,1,0,1,3.85714285714286,4,3.28571428571429,2,2,-9,1,0,2,1,1,2,1,0,1,1278
8,64,"64s10",10,0,18,1,0,1,3.85714285714286,4,3.28571428571429,2,1,-9,1,1,2,0,1,2,0,0,1,1279
8,64,"64s10",10,0,18,1,0,1,3.85714285714286,4,3.28571428571429,2,2,-9,1,1,0,2,1,0,2,0,1,1280
8,65,"65s1",1,0,42,2,0,1,3.14285714285714,3.71428571428571,3.71428571428571,0.714285714285714,1,9,1,0,2,0,2,2,0,0,2,1281
8,65,"65s1",1,0,42,2,0,1,3.14285714285714,3.71428571428571,3.71428571428571,0.714285714285714,2,0,0,1,0,2,2,0,2,0,2,1282
8,65,"65s2",2,0,42,2,0,1,3.14285714285714,3.71428571428571,3.71428571428571,0.714285714285714,1,9,0,0,1,0,2,1,0,0,2,1283
8,65,"65s2",2,0,42,2,0,1,3.14285714285714,3.71428571428571,3.71428571428571,0.714285714285714,2,9,0,0,0,1,2,0,1,0,2,1284
8,65,"65s3",3,0,42,2,0,1,3.14285714285714,3.71428571428571,3.71428571428571,0.714285714285714,1,6,1,0,1,2,2,1,2,0,2,1285
8,65,"65s3",3,0,42,2,0,1,3.14285714285714,3.71428571428571,3.71428571428571,0.714285714285714,2,2,0,1,2,1,2,2,1,0,2,1286
8,65,"65s4",4,0,42,2,0,1,3.14285714285714,3.71428571428571,3.71428571428571,0.714285714285714,1,0,0,0,1,0,1,1,0,0,1,1287
8,65,"65s4",4,0,42,2,0,1,3.14285714285714,3.71428571428571,3.71428571428571,0.714285714285714,2,5,0,0,0,1,1,0,1,0,1,1288
8,65,"65s5",5,0,42,2,0,1,3.14285714285714,3.71428571428571,3.71428571428571,0.714285714285714,1,9,0,0,2,1,2,2,1,0,2,1289
8,65,"65s5",5,0,42,2,0,1,3.14285714285714,3.71428571428571,3.71428571428571,0.714285714285714,2,9,0,0,1,2,2,1,2,0,2,1290
8,65,"65s6",6,1,42,2,0,1,3.14285714285714,3.71428571428571,3.71428571428571,0.714285714285714,1,9,1,1,1,2,,1,2,0,,1291
8,65,"65s6",6,1,42,2,0,1,3.14285714285714,3.71428571428571,3.71428571428571,0.714285714285714,2,9,1,1,2,1,,2,1,0,,1292
8,65,"65s7",7,1,42,2,0,1,3.14285714285714,3.71428571428571,3.71428571428571,0.714285714285714,1,9,0,0,0,2,,0,2,0,,1293
8,65,"65s7",7,1,42,2,0,1,3.14285714285714,3.71428571428571,3.71428571428571,0.714285714285714,2,9,0,0,2,0,,2,0,0,,1294
8,65,"65s8",8,1,42,2,0,1,3.14285714285714,3.71428571428571,3.71428571428571,0.714285714285714,1,9,1,0,1,2,,1,2,0,,1295
8,65,"65s8",8,1,42,2,0,1,3.14285714285714,3.71428571428571,3.71428571428571,0.714285714285714,2,-3,0,1,2,1,,2,1,0,,1296
8,65,"65s9",9,1,42,2,0,1,3.14285714285714,3.71428571428571,3.71428571428571,0.714285714285714,1,-2,0,1,2,0,,2,0,0,,1297
8,65,"65s9",9,1,42,2,0,1,3.14285714285714,3.71428571428571,3.71428571428571,0.714285714285714,2,8,1,0,0,2,,0,2,0,,1298
8,65,"65s10",10,1,42,2,0,1,3.14285714285714,3.71428571428571,3.71428571428571,0.714285714285714,1,-3,1,0,2,1,,2,1,0,,1299
8,65,"65s10",10,1,42,2,0,1,3.14285714285714,3.71428571428571,3.71428571428571,0.714285714285714,2,7,0,1,1,2,,1,2,0,,1300
8,66,"66s1",1,1,18,3,1,1,3.14285714285714,3,2.57142857142857,1.85714285714286,1,9,0,0,2,1,,2,1,0,,1301
8,66,"66s1",1,1,18,3,1,1,3.14285714285714,3,2.57142857142857,1.85714285714286,2,9,0,0,1,2,,1,2,0,,1302
8,66,"66s2",2,1,18,3,1,1,3.14285714285714,3,2.57142857142857,1.85714285714286,1,-3,1,1,1,0,,1,0,0,,1303
8,66,"66s2",2,1,18,3,1,1,3.14285714285714,3,2.57142857142857,1.85714285714286,2,-3,1,1,0,1,,0,1,0,,1304
8,66,"66s3",3,1,18,3,1,1,3.14285714285714,3,2.57142857142857,1.85714285714286,1,-7,1,0,2,1,,2,1,0,,1305
8,66,"66s3",3,1,18,3,1,1,3.14285714285714,3,2.57142857142857,1.85714285714286,2,9,0,1,1,2,,1,2,0,,1306
8,66,"66s4",4,1,18,3,1,1,3.14285714285714,3,2.57142857142857,1.85714285714286,1,9,0,1,1,0,,1,0,0,,1307
8,66,"66s4",4,1,18,3,1,1,3.14285714285714,3,2.57142857142857,1.85714285714286,2,-5,1,0,0,1,,0,1,0,,1308
8,66,"66s5",5,1,18,3,1,1,3.14285714285714,3,2.57142857142857,1.85714285714286,1,-9,1,1,2,0,,2,0,0,,1309
8,66,"66s5",5,1,18,3,1,1,3.14285714285714,3,2.57142857142857,1.85714285714286,2,-9,1,1,0,2,,0,2,0,,1310
8,66,"66s6",6,0,18,3,1,1,3.14285714285714,3,2.57142857142857,1.85714285714286,1,-8,1,0,0,2,1,0,2,0,1,1311
8,66,"66s6",6,0,18,3,1,1,3.14285714285714,3,2.57142857142857,1.85714285714286,2,9,0,1,2,0,1,2,0,0,1,1312
8,66,"66s7",7,0,18,3,1,1,3.14285714285714,3,2.57142857142857,1.85714285714286,1,-9,1,1,0,0,1,0,0,1,1,1313
8,66,"66s7",7,0,18,3,1,1,3.14285714285714,3,2.57142857142857,1.85714285714286,2,-9,1,1,0,0,1,0,0,1,1,1314
8,66,"66s8",8,0,18,3,1,1,3.14285714285714,3,2.57142857142857,1.85714285714286,1,-9,1,1,1,2,1,1,2,0,1,1315
8,66,"66s8",8,0,18,3,1,1,3.14285714285714,3,2.57142857142857,1.85714285714286,2,-9,1,1,2,1,1,2,1,0,1,1316
8,66,"66s9",9,0,18,3,1,1,3.14285714285714,3,2.57142857142857,1.85714285714286,1,-9,1,1,2,0,2,2,0,0,2,1317
8,66,"66s9",9,0,18,3,1,1,3.14285714285714,3,2.57142857142857,1.85714285714286,2,-9,1,1,0,2,2,0,2,0,2,1318
8,66,"66s10",10,0,18,3,1,1,3.14285714285714,3,2.57142857142857,1.85714285714286,1,9,0,1,1,1,1,1,1,1,1,1319
8,66,"66s10",10,0,18,3,1,1,3.14285714285714,3,2.57142857142857,1.85714285714286,2,-9,1,0,1,1,1,1,1,1,1,1320
8,67,"67s1",1,0,18,1,1,2,3.28571428571429,3,2.57142857142857,2.14285714285714,1,5,1,1,0,0,2,0,0,1,1,1321
8,67,"67s1",1,0,18,1,1,2,3.28571428571429,3,2.57142857142857,2.14285714285714,2,5,1,1,0,0,2,0,0,1,1,1322
8,67,"67s2",2,0,18,1,1,2,3.28571428571429,3,2.57142857142857,2.14285714285714,1,9,0,0,1,0,2,2,0,0,1,1323
8,67,"67s2",2,0,18,1,1,2,3.28571428571429,3,2.57142857142857,2.14285714285714,2,9,0,0,0,1,2,0,2,0,1,1324
8,67,"67s3",3,0,18,1,1,2,3.28571428571429,3,2.57142857142857,2.14285714285714,1,4,1,1,1,2,2,2,1,0,1,1325
8,67,"67s3",3,0,18,1,1,2,3.28571428571429,3,2.57142857142857,2.14285714285714,2,4,1,1,2,1,2,1,2,0,1,1326
8,67,"67s4",4,0,18,1,1,2,3.28571428571429,3,2.57142857142857,2.14285714285714,1,0,1,0,0,0,1,0,0,1,2,1327
8,67,"67s4",4,0,18,1,1,2,3.28571428571429,3,2.57142857142857,2.14285714285714,2,9,0,1,0,0,1,0,0,1,2,1328
8,67,"67s5",5,0,18,1,1,2,3.28571428571429,3,2.57142857142857,2.14285714285714,1,9,0,1,0,2,2,0,1,0,1,1329
8,67,"67s5",5,0,18,1,1,2,3.28571428571429,3,2.57142857142857,2.14285714285714,2,0,1,0,2,0,2,1,0,0,1,1330
8,67,"67s6",6,1,18,1,1,2,3.28571428571429,3,2.57142857142857,2.14285714285714,1,9,0,1,1,1,,2,2,1,,1331
8,67,"67s6",6,1,18,1,1,2,3.28571428571429,3,2.57142857142857,2.14285714285714,2,-3,1,0,1,1,,2,2,1,,1332
8,67,"67s7",7,1,18,1,1,2,3.28571428571429,3,2.57142857142857,2.14285714285714,1,9,0,0,2,1,,1,2,0,,1333
8,67,"67s7",7,1,18,1,1,2,3.28571428571429,3,2.57142857142857,2.14285714285714,2,9,0,0,1,2,,2,1,0,,1334
8,67,"67s8",8,1,18,1,1,2,3.28571428571429,3,2.57142857142857,2.14285714285714,1,-3,1,1,1,2,,2,1,0,,1335
8,67,"67s8",8,1,18,1,1,2,3.28571428571429,3,2.57142857142857,2.14285714285714,2,-3,1,1,2,1,,1,2,0,,1336
8,67,"67s9",9,1,18,1,1,2,3.28571428571429,3,2.57142857142857,2.14285714285714,1,9,0,0,0,0,,0,0,1,,1337
8,67,"67s9",9,1,18,1,1,2,3.28571428571429,3,2.57142857142857,2.14285714285714,2,9,0,0,0,0,,0,0,1,,1338
8,67,"67s10",10,1,18,1,1,2,3.28571428571429,3,2.57142857142857,2.14285714285714,1,9,0,0,1,0,,2,0,0,,1339
8,67,"67s10",10,1,18,1,1,2,3.28571428571429,3,2.57142857142857,2.14285714285714,2,9,0,0,0,1,,0,2,0,,1340
8,68,"68s1",1,1,18,3,0,2,1.57142857142857,2.57142857142857,1.57142857142857,1.71428571428571,1,1,1,0,0,2,,0,1,0,,1341
8,68,"68s1",1,1,18,3,0,2,1.57142857142857,2.57142857142857,1.57142857142857,1.71428571428571,2,9,0,1,2,0,,1,0,0,,1342
8,68,"68s2",2,1,18,3,0,2,1.57142857142857,2.57142857142857,1.57142857142857,1.71428571428571,1,9,0,1,2,2,,1,1,1,,1343
8,68,"68s2",2,1,18,3,0,2,1.57142857142857,2.57142857142857,1.57142857142857,1.71428571428571,2,1,1,0,2,2,,1,1,1,,1344
8,68,"68s3",3,1,18,3,0,2,1.57142857142857,2.57142857142857,1.57142857142857,1.71428571428571,1,9,0,0,0,0,,0,0,1,,1345
8,68,"68s3",3,1,18,3,0,2,1.57142857142857,2.57142857142857,1.57142857142857,1.71428571428571,2,9,0,0,0,0,,0,0,1,,1346
8,68,"68s4",4,1,18,3,0,2,1.57142857142857,2.57142857142857,1.57142857142857,1.71428571428571,1,1,1,1,1,1,,2,2,1,,1347
8,68,"68s4",4,1,18,3,0,2,1.57142857142857,2.57142857142857,1.57142857142857,1.71428571428571,2,1,1,1,1,1,,2,2,1,,1348
8,68,"68s5",5,1,18,3,0,2,1.57142857142857,2.57142857142857,1.57142857142857,1.71428571428571,1,9,0,0,1,2,,2,1,0,,1349
8,68,"68s5",5,1,18,3,0,2,1.57142857142857,2.57142857142857,1.57142857142857,1.71428571428571,2,9,0,0,2,1,,1,2,0,,1350
8,68,"68s6",6,0,18,3,0,2,1.57142857142857,2.57142857142857,1.57142857142857,1.71428571428571,1,2,1,0,0,0,2,0,0,1,1,1351
8,68,"68s6",6,0,18,3,0,2,1.57142857142857,2.57142857142857,1.57142857142857,1.71428571428571,2,9,0,1,0,0,2,0,0,1,1,1352
8,68,"68s7",7,0,18,3,0,2,1.57142857142857,2.57142857142857,1.57142857142857,1.71428571428571,1,9,0,0,1,1,2,2,2,1,1,1353
8,68,"68s7",7,0,18,3,0,2,1.57142857142857,2.57142857142857,1.57142857142857,1.71428571428571,2,9,0,0,1,1,2,2,2,1,1,1354
8,68,"68s8",8,0,18,3,0,2,1.57142857142857,2.57142857142857,1.57142857142857,1.71428571428571,1,2,1,1,1,0,2,2,0,0,1,1355
8,68,"68s8",8,0,18,3,0,2,1.57142857142857,2.57142857142857,1.57142857142857,1.71428571428571,2,2,1,1,0,1,2,0,2,0,1,1356
8,68,"68s9",9,0,18,3,0,2,1.57142857142857,2.57142857142857,1.57142857142857,1.71428571428571,1,9,0,1,2,2,1,1,1,1,2,1357
8,68,"68s9",9,0,18,3,0,2,1.57142857142857,2.57142857142857,1.57142857142857,1.71428571428571,2,2,1,0,2,2,1,1,1,1,2,1358
8,68,"68s10",10,0,18,3,0,2,1.57142857142857,2.57142857142857,1.57142857142857,1.71428571428571,1,8,0,0,2,2,2,1,1,1,1,1359
8,68,"68s10",10,0,18,3,0,2,1.57142857142857,2.57142857142857,1.57142857142857,1.71428571428571,2,8,0,0,2,2,2,1,1,1,1,1360
8,69,"69s1",1,0,18,3,1,2,1.85714285714286,2.28571428571429,3.57142857142857,2.14285714285714,1,5,1,1,0,2,2,0,1,0,1,1361
8,69,"69s1",1,0,18,3,1,2,1.85714285714286,2.28571428571429,3.57142857142857,2.14285714285714,2,5,1,1,2,0,2,1,0,0,1,1362
8,69,"69s2",2,0,18,3,1,2,1.85714285714286,2.28571428571429,3.57142857142857,2.14285714285714,1,5,0,1,2,2,2,1,1,1,1,1363
8,69,"69s2",2,0,18,3,1,2,1.85714285714286,2.28571428571429,3.57142857142857,2.14285714285714,2,5,1,0,2,2,2,1,1,1,1,1364
8,69,"69s3",3,0,18,3,1,2,1.85714285714286,2.28571428571429,3.57142857142857,2.14285714285714,1,5,0,1,0,0,1,0,0,1,2,1365
8,69,"69s3",3,0,18,3,1,2,1.85714285714286,2.28571428571429,3.57142857142857,2.14285714285714,2,5,1,0,0,0,1,0,0,1,2,1366
8,69,"69s4",4,0,18,3,1,2,1.85714285714286,2.28571428571429,3.57142857142857,2.14285714285714,1,7,0,0,0,2,1,0,1,0,2,1367
8,69,"69s4",4,0,18,3,1,2,1.85714285714286,2.28571428571429,3.57142857142857,2.14285714285714,2,7,0,0,2,0,1,1,0,0,2,1368
8,69,"69s5",5,0,18,3,1,2,1.85714285714286,2.28571428571429,3.57142857142857,2.14285714285714,1,9,1,0,1,1,2,2,2,1,1,1369
8,69,"69s5",5,0,18,3,1,2,1.85714285714286,2.28571428571429,3.57142857142857,2.14285714285714,2,4,0,1,1,1,2,2,2,1,1,1370
8,69,"69s6",6,1,18,3,1,2,1.85714285714286,2.28571428571429,3.57142857142857,2.14285714285714,1,5,0,1,1,1,,2,2,1,,1371
8,69,"69s6",6,1,18,3,1,2,1.85714285714286,2.28571428571429,3.57142857142857,2.14285714285714,2,9,1,0,1,1,,2,2,1,,1372
8,69,"69s7",7,1,18,3,1,2,1.85714285714286,2.28571428571429,3.57142857142857,2.14285714285714,1,9,0,0,1,2,,2,1,0,,1373
8,69,"69s7",7,1,18,3,1,2,1.85714285714286,2.28571428571429,3.57142857142857,2.14285714285714,2,9,0,0,2,1,,1,2,0,,1374
8,69,"69s8",8,1,18,3,1,2,1.85714285714286,2.28571428571429,3.57142857142857,2.14285714285714,1,5,0,1,1,2,,2,1,0,,1375
8,69,"69s8",8,1,18,3,1,2,1.85714285714286,2.28571428571429,3.57142857142857,2.14285714285714,2,8,1,0,2,1,,1,2,0,,1376
8,69,"69s9",9,1,18,3,1,2,1.85714285714286,2.28571428571429,3.57142857142857,2.14285714285714,1,8,1,0,0,1,,0,2,0,,1377
8,69,"69s9",9,1,18,3,1,2,1.85714285714286,2.28571428571429,3.57142857142857,2.14285714285714,2,6,0,1,1,0,,2,0,0,,1378
8,69,"69s10",10,1,18,3,1,2,1.85714285714286,2.28571428571429,3.57142857142857,2.14285714285714,1,5,0,1,0,0,,0,0,1,,1379
8,69,"69s10",10,1,18,3,1,2,1.85714285714286,2.28571428571429,3.57142857142857,2.14285714285714,2,7,1,0,0,0,,0,0,1,,1380
8,70,"70s1",1,1,18,2,1,2,3,2.57142857142857,3.42857142857143,2,1,-5,1,0,1,0,,2,0,0,,1381
8,70,"70s1",1,1,18,2,1,2,3,2.57142857142857,3.42857142857143,2,2,9,0,1,0,1,,0,2,0,,1382
8,70,"70s2",2,1,18,2,1,2,3,2.57142857142857,3.42857142857143,2,1,9,0,0,2,2,,1,1,1,,1383
8,70,"70s2",2,1,18,2,1,2,3,2.57142857142857,3.42857142857143,2,2,9,0,0,2,2,,1,1,1,,1384
8,70,"70s3",3,1,18,2,1,2,3,2.57142857142857,3.42857142857143,2,1,9,0,1,0,0,,0,0,1,,1385
8,70,"70s3",3,1,18,2,1,2,3,2.57142857142857,3.42857142857143,2,2,-9,1,0,0,0,,0,0,1,,1386
8,70,"70s4",4,1,18,2,1,2,3,2.57142857142857,3.42857142857143,2,1,9,0,1,1,1,,2,2,1,,1387
8,70,"70s4",4,1,18,2,1,2,3,2.57142857142857,3.42857142857143,2,2,-9,1,0,1,1,,2,2,1,,1388
8,70,"70s5",5,1,18,2,1,2,3,2.57142857142857,3.42857142857143,2,1,-7,1,0,0,1,,0,2,0,,1389
8,70,"70s5",5,1,18,2,1,2,3,2.57142857142857,3.42857142857143,2,2,7,0,1,1,0,,2,0,0,,1390
8,70,"70s6",6,0,18,2,1,2,3,2.57142857142857,3.42857142857143,2,1,-9,1,1,2,1,2,1,2,0,1,1391
8,70,"70s6",6,0,18,2,1,2,3,2.57142857142857,3.42857142857143,2,2,-9,1,1,1,2,2,2,1,0,1,1392
8,70,"70s7",7,0,18,2,1,2,3,2.57142857142857,3.42857142857143,2,1,9,0,0,1,0,2,2,0,0,1,1393
8,70,"70s7",7,0,18,2,1,2,3,2.57142857142857,3.42857142857143,2,2,9,0,0,0,1,2,0,2,0,1,1394
8,70,"70s8",8,0,18,2,1,2,3,2.57142857142857,3.42857142857143,2,1,-9,1,1,2,0,1,1,0,0,2,1395
8,70,"70s8",8,0,18,2,1,2,3,2.57142857142857,3.42857142857143,2,2,-9,1,1,0,2,1,0,1,0,2,1396
8,70,"70s9",9,0,18,2,1,2,3,2.57142857142857,3.42857142857143,2,1,3,1,0,2,2,2,1,1,1,1,1397
8,70,"70s9",9,0,18,2,1,2,3,2.57142857142857,3.42857142857143,2,2,9,0,1,2,2,2,1,1,1,1,1398
8,70,"70s10",10,0,18,2,1,2,3,2.57142857142857,3.42857142857143,2,1,-7,1,0,1,0,1,2,0,0,2,1399
8,70,"70s10",10,0,18,2,1,2,3,2.57142857142857,3.42857142857143,2,2,6,0,1,0,1,1,0,2,0,2,1400
8,71,"71s1",1,1,18,3,0,2,1.57142857142857,1.28571428571429,2.28571428571429,0.571428571428571,1,0,0,0,1,2,,2,1,0,,1401
8,71,"71s1",1,1,18,3,0,2,1.57142857142857,1.28571428571429,2.28571428571429,0.571428571428571,2,0,0,0,2,1,,1,2,0,,1402
8,71,"71s2",2,1,18,3,0,2,1.57142857142857,1.28571428571429,2.28571428571429,0.571428571428571,1,0,0,1,2,1,,1,2,0,,1403
8,71,"71s2",2,1,18,3,0,2,1.57142857142857,1.28571428571429,2.28571428571429,0.571428571428571,2,0,1,0,1,2,,2,1,0,,1404
8,71,"71s3",3,1,18,3,0,2,1.57142857142857,1.28571428571429,2.28571428571429,0.571428571428571,1,0,0,0,0,0,,0,0,1,,1405
8,71,"71s3",3,1,18,3,0,2,1.57142857142857,1.28571428571429,2.28571428571429,0.571428571428571,2,0,0,0,0,0,,0,0,1,,1406
8,71,"71s4",4,1,18,3,0,2,1.57142857142857,1.28571428571429,2.28571428571429,0.571428571428571,1,0,0,0,2,1,,1,2,0,,1407
8,71,"71s4",4,1,18,3,0,2,1.57142857142857,1.28571428571429,2.28571428571429,0.571428571428571,2,0,0,0,1,2,,2,1,0,,1408
8,71,"71s5",5,1,18,3,0,2,1.57142857142857,1.28571428571429,2.28571428571429,0.571428571428571,1,0,0,1,1,1,,2,2,1,,1409
8,71,"71s5",5,1,18,3,0,2,1.57142857142857,1.28571428571429,2.28571428571429,0.571428571428571,2,0,1,0,1,1,,2,2,1,,1410
8,71,"71s6",6,0,18,3,0,2,1.57142857142857,1.28571428571429,2.28571428571429,0.571428571428571,1,0,0,1,2,2,2,1,1,1,1,1411
8,71,"71s6",6,0,18,3,0,2,1.57142857142857,1.28571428571429,2.28571428571429,0.571428571428571,2,0,1,0,2,2,2,1,1,1,1,1412
8,71,"71s7",7,0,18,3,0,2,1.57142857142857,1.28571428571429,2.28571428571429,0.571428571428571,1,0,1,0,0,1,2,0,2,0,1,1413
8,71,"71s7",7,0,18,3,0,2,1.57142857142857,1.28571428571429,2.28571428571429,0.571428571428571,2,0,0,1,1,0,2,2,0,0,1,1414
8,71,"71s8",8,0,18,3,0,2,1.57142857142857,1.28571428571429,2.28571428571429,0.571428571428571,1,0,0,1,0,2,1,0,1,0,2,1415
8,71,"71s8",8,0,18,3,0,2,1.57142857142857,1.28571428571429,2.28571428571429,0.571428571428571,2,0,1,0,2,0,1,1,0,0,2,1416
8,71,"71s9",9,0,18,3,0,2,1.57142857142857,1.28571428571429,2.28571428571429,0.571428571428571,1,0,1,0,1,0,2,2,0,0,1,1417
8,71,"71s9",9,0,18,3,0,2,1.57142857142857,1.28571428571429,2.28571428571429,0.571428571428571,2,0,0,1,0,1,2,0,2,0,1,1418
8,71,"71s10",10,0,18,3,0,2,1.57142857142857,1.28571428571429,2.28571428571429,0.571428571428571,1,0,1,0,2,0,2,1,0,0,1,1419
8,71,"71s10",10,0,18,3,0,2,1.57142857142857,1.28571428571429,2.28571428571429,0.571428571428571,2,0,0,1,0,2,2,0,1,0,1,1420
8,72,"72s1",1,0,18,1,1,2,1,2,2.85714285714286,0.857142857142857,1,-9,1,0,1,0,1,2,0,0,2,1421
8,72,"72s1",1,0,18,1,1,2,1,2,2.85714285714286,0.857142857142857,2,-9,0,1,0,1,1,0,2,0,2,1422
8,72,"72s2",2,0,18,1,1,2,1,2,2.85714285714286,0.857142857142857,1,-9,1,0,1,2,2,2,1,0,1,1423
8,72,"72s2",2,0,18,1,1,2,1,2,2.85714285714286,0.857142857142857,2,9,0,1,2,1,2,1,2,0,1,1424
8,72,"72s3",3,0,18,1,1,2,1,2,2.85714285714286,0.857142857142857,1,6,0,1,0,0,2,0,0,1,1,1425
8,72,"72s3",3,0,18,1,1,2,1,2,2.85714285714286,0.857142857142857,2,-5,1,0,0,0,2,0,0,1,1,1426
8,72,"72s4",4,0,18,1,1,2,1,2,2.85714285714286,0.857142857142857,1,9,0,1,1,1,2,2,2,1,1,1427
8,72,"72s4",4,0,18,1,1,2,1,2,2.85714285714286,0.857142857142857,2,-9,1,0,1,1,2,2,2,1,1,1428
8,72,"72s5",5,0,18,1,1,2,1,2,2.85714285714286,0.857142857142857,1,9,0,0,1,0,2,2,0,0,1,1429
8,72,"72s5",5,0,18,1,1,2,1,2,2.85714285714286,0.857142857142857,2,9,0,0,0,1,2,0,2,0,1,1430
8,72,"72s6",6,1,18,1,1,2,1,2,2.85714285714286,0.857142857142857,1,7,0,1,1,0,,2,0,0,,1431
8,72,"72s6",6,1,18,1,1,2,1,2,2.85714285714286,0.857142857142857,2,-7,1,0,0,1,,0,2,0,,1432
8,72,"72s7",7,1,18,1,1,2,1,2,2.85714285714286,0.857142857142857,1,-8,1,1,0,1,,0,2,0,,1433
8,72,"72s7",7,1,18,1,1,2,1,2,2.85714285714286,0.857142857142857,2,-8,1,1,1,0,,2,0,0,,1434
8,72,"72s8",8,1,18,1,1,2,1,2,2.85714285714286,0.857142857142857,1,9,0,0,1,2,,2,1,0,,1435
8,72,"72s8",8,1,18,1,1,2,1,2,2.85714285714286,0.857142857142857,2,9,0,0,2,1,,1,2,0,,1436
8,72,"72s9",9,1,18,1,1,2,1,2,2.85714285714286,0.857142857142857,1,9,0,1,2,1,,1,2,0,,1437
8,72,"72s9",9,1,18,1,1,2,1,2,2.85714285714286,0.857142857142857,2,-9,1,0,1,2,,2,1,0,,1438
8,72,"72s10",10,1,18,1,1,2,1,2,2.85714285714286,0.857142857142857,1,-9,1,0,2,2,,1,1,1,,1439
8,72,"72s10",10,1,18,1,1,2,1,2,2.85714285714286,0.857142857142857,2,9,0,1,2,2,,1,1,1,,1440
8,73,"73s1",1,1,18,4,1,2,1.28571428571429,2.14285714285714,2.14285714285714,1.85714285714286,1,0,0,0,1,2,,2,1,0,,1441
8,73,"73s1",1,1,18,4,1,2,1.28571428571429,2.14285714285714,2.14285714285714,1.85714285714286,2,0,0,0,2,1,,1,2,0,,1442
8,73,"73s2",2,1,18,4,1,2,1.28571428571429,2.14285714285714,2.14285714285714,1.85714285714286,1,-3,1,1,2,2,,1,1,1,,1443
8,73,"73s2",2,1,18,4,1,2,1.28571428571429,2.14285714285714,2.14285714285714,1.85714285714286,2,-3,1,1,2,2,,1,1,1,,1444
8,73,"73s3",3,1,18,4,1,2,1.28571428571429,2.14285714285714,2.14285714285714,1.85714285714286,1,9,0,0,1,1,,2,2,1,,1445
8,73,"73s3",3,1,18,4,1,2,1.28571428571429,2.14285714285714,2.14285714285714,1.85714285714286,2,9,0,0,1,1,,2,2,1,,1446
8,73,"73s4",4,1,18,4,1,2,1.28571428571429,2.14285714285714,2.14285714285714,1.85714285714286,1,9,0,0,0,2,,0,1,0,,1447
8,73,"73s4",4,1,18,4,1,2,1.28571428571429,2.14285714285714,2.14285714285714,1.85714285714286,2,9,0,0,2,0,,1,0,0,,1448
8,73,"73s5",5,1,18,4,1,2,1.28571428571429,2.14285714285714,2.14285714285714,1.85714285714286,1,9,0,0,0,2,,0,1,0,,1449
8,73,"73s5",5,1,18,4,1,2,1.28571428571429,2.14285714285714,2.14285714285714,1.85714285714286,2,9,0,0,2,0,,1,0,0,,1450
8,73,"73s6",6,0,18,4,1,2,1.28571428571429,2.14285714285714,2.14285714285714,1.85714285714286,1,-5,1,0,2,2,2,1,1,1,1,1451
8,73,"73s6",6,0,18,4,1,2,1.28571428571429,2.14285714285714,2.14285714285714,1.85714285714286,2,5,0,1,2,2,2,1,1,1,1,1452
8,73,"73s7",7,0,18,4,1,2,1.28571428571429,2.14285714285714,2.14285714285714,1.85714285714286,1,-5,1,1,2,2,2,1,1,1,1,1453
8,73,"73s7",7,0,18,4,1,2,1.28571428571429,2.14285714285714,2.14285714285714,1.85714285714286,2,-5,1,1,2,2,2,1,1,1,1,1454
8,73,"73s8",8,0,18,4,1,2,1.28571428571429,2.14285714285714,2.14285714285714,1.85714285714286,1,5,0,1,0,2,1,0,1,0,2,1455
8,73,"73s8",8,0,18,4,1,2,1.28571428571429,2.14285714285714,2.14285714285714,1.85714285714286,2,-5,1,0,2,0,1,1,0,0,2,1456
8,73,"73s9",9,0,18,4,1,2,1.28571428571429,2.14285714285714,2.14285714285714,1.85714285714286,1,-5,1,1,0,0,2,0,0,1,1,1457
8,73,"73s9",9,0,18,4,1,2,1.28571428571429,2.14285714285714,2.14285714285714,1.85714285714286,2,-5,1,1,0,0,2,0,0,1,1,1458
8,73,"73s10",10,0,18,4,1,2,1.28571428571429,2.14285714285714,2.14285714285714,1.85714285714286,1,-5,1,1,0,2,2,0,1,0,1,1459
8,73,"73s10",10,0,18,4,1,2,1.28571428571429,2.14285714285714,2.14285714285714,1.85714285714286,2,-6,1,1,2,0,2,1,0,0,1,1460
8,74,"74s1",1,0,20,1,0,1,2,2.85714285714286,2.42857142857143,1.57142857142857,1,7,0,1,1,2,2,1,2,0,2,1461
8,74,"74s1",1,0,20,1,0,1,2,2.85714285714286,2.42857142857143,1.57142857142857,2,-5,1,0,2,1,2,2,1,0,2,1462
8,74,"74s2",2,0,20,1,0,1,2,2.85714285714286,2.42857142857143,1.57142857142857,1,9,0,0,0,0,2,0,0,1,2,1463
8,74,"74s2",2,0,20,1,0,1,2,2.85714285714286,2.42857142857143,1.57142857142857,2,9,0,0,0,0,2,0,0,1,2,1464
8,74,"74s3",3,0,20,1,0,1,2,2.85714285714286,2.42857142857143,1.57142857142857,1,-8,1,0,1,2,1,1,2,0,1,1465
8,74,"74s3",3,0,20,1,0,1,2,2.85714285714286,2.42857142857143,1.57142857142857,2,8,0,1,2,1,1,2,1,0,1,1466
8,74,"74s4",4,0,20,1,0,1,2,2.85714285714286,2.42857142857143,1.57142857142857,1,4,0,1,1,1,2,1,1,1,2,1467
8,74,"74s4",4,0,20,1,0,1,2,2.85714285714286,2.42857142857143,1.57142857142857,2,-5,1,0,1,1,2,1,1,1,2,1468
8,74,"74s5",5,0,20,1,0,1,2,2.85714285714286,2.42857142857143,1.57142857142857,1,-8,1,0,1,2,2,1,2,0,2,1469
8,74,"74s5",5,0,20,1,0,1,2,2.85714285714286,2.42857142857143,1.57142857142857,2,8,0,1,2,1,2,2,1,0,2,1470
8,74,"74s6",6,1,20,1,0,1,2,2.85714285714286,2.42857142857143,1.57142857142857,1,-9,1,1,0,0,,0,0,1,,1471
8,74,"74s6",6,1,20,1,0,1,2,2.85714285714286,2.42857142857143,1.57142857142857,2,-9,1,1,0,0,,0,0,1,,1472
8,74,"74s7",7,1,20,1,0,1,2,2.85714285714286,2.42857142857143,1.57142857142857,1,-9,1,1,2,1,,2,1,0,,1473
8,74,"74s7",7,1,20,1,0,1,2,2.85714285714286,2.42857142857143,1.57142857142857,2,-9,1,1,1,2,,1,2,0,,1474
8,74,"74s8",8,1,20,1,0,1,2,2.85714285714286,2.42857142857143,1.57142857142857,1,-9,1,0,1,1,,1,1,1,,1475
8,74,"74s8",8,1,20,1,0,1,2,2.85714285714286,2.42857142857143,1.57142857142857,2,-9,0,1,1,1,,1,1,1,,1476
8,74,"74s9",9,1,20,1,0,1,2,2.85714285714286,2.42857142857143,1.57142857142857,1,9,0,0,0,1,,0,1,0,,1477
8,74,"74s9",9,1,20,1,0,1,2,2.85714285714286,2.42857142857143,1.57142857142857,2,9,0,0,1,0,,1,0,0,,1478
8,74,"74s10",10,1,20,1,0,1,2,2.85714285714286,2.42857142857143,1.57142857142857,1,-9,1,1,1,1,,1,1,1,,1479
8,74,"74s10",10,1,20,1,0,1,2,2.85714285714286,2.42857142857143,1.57142857142857,2,-9,1,1,1,1,,1,1,1,,1480
8,75,"75s1",1,1,18,1,0,2,0.571428571428571,3.14285714285714,2.14285714285714,2.14285714285714,1,-6,0,1,1,2,,2,1,0,,1481
8,75,"75s1",1,1,18,1,0,2,0.571428571428571,3.14285714285714,2.14285714285714,2.14285714285714,2,0,1,0,2,1,,1,2,0,,1482
8,75,"75s2",2,1,18,1,0,2,0.571428571428571,3.14285714285714,2.14285714285714,2.14285714285714,1,9,0,0,0,1,,0,2,0,,1483
8,75,"75s2",2,1,18,1,0,2,0.571428571428571,3.14285714285714,2.14285714285714,2.14285714285714,2,9,0,0,1,0,,2,0,0,,1484
8,75,"75s3",3,1,18,1,0,2,0.571428571428571,3.14285714285714,2.14285714285714,2.14285714285714,1,-9,1,1,2,1,,1,2,0,,1485
8,75,"75s3",3,1,18,1,0,2,0.571428571428571,3.14285714285714,2.14285714285714,2.14285714285714,2,-9,1,1,1,2,,2,1,0,,1486
8,75,"75s4",4,1,18,1,0,2,0.571428571428571,3.14285714285714,2.14285714285714,2.14285714285714,1,9,0,1,1,2,,2,1,0,,1487
8,75,"75s4",4,1,18,1,0,2,0.571428571428571,3.14285714285714,2.14285714285714,2.14285714285714,2,-9,1,0,2,1,,1,2,0,,1488
8,75,"75s5",5,1,18,1,0,2,0.571428571428571,3.14285714285714,2.14285714285714,2.14285714285714,1,-9,1,1,0,1,,0,2,0,,1489
8,75,"75s5",5,1,18,1,0,2,0.571428571428571,3.14285714285714,2.14285714285714,2.14285714285714,2,-9,1,1,1,0,,2,0,0,,1490
8,75,"75s6",6,0,18,1,0,2,0.571428571428571,3.14285714285714,2.14285714285714,2.14285714285714,1,-9,1,0,0,2,1,0,1,0,2,1491
8,75,"75s6",6,0,18,1,0,2,0.571428571428571,3.14285714285714,2.14285714285714,2.14285714285714,2,9,0,1,2,0,1,1,0,0,2,1492
8,75,"75s7",7,0,18,1,0,2,0.571428571428571,3.14285714285714,2.14285714285714,2.14285714285714,1,-9,1,0,1,1,2,2,2,1,1,1493
8,75,"75s7",7,0,18,1,0,2,0.571428571428571,3.14285714285714,2.14285714285714,2.14285714285714,2,9,0,1,1,1,2,2,2,1,1,1494
8,75,"75s8",8,0,18,1,0,2,0.571428571428571,3.14285714285714,2.14285714285714,2.14285714285714,1,-9,1,1,1,2,2,2,1,0,1,1495
8,75,"75s8",8,0,18,1,0,2,0.571428571428571,3.14285714285714,2.14285714285714,2.14285714285714,2,-9,1,1,2,1,2,1,2,0,1,1496
8,75,"75s9",9,0,18,1,0,2,0.571428571428571,3.14285714285714,2.14285714285714,2.14285714285714,1,9,0,0,1,0,2,2,0,0,1,1497
8,75,"75s9",9,0,18,1,0,2,0.571428571428571,3.14285714285714,2.14285714285714,2.14285714285714,2,9,0,0,0,1,2,0,2,0,1,1498
8,75,"75s10",10,0,18,1,0,2,0.571428571428571,3.14285714285714,2.14285714285714,2.14285714285714,1,9,0,0,2,0,2,1,0,0,1,1499
8,75,"75s10",10,0,18,1,0,2,0.571428571428571,3.14285714285714,2.14285714285714,2.14285714285714,2,9,0,0,0,2,2,0,1,0,1,1500
8,76,"76s1",1,0,19,3,0,2,2.71428571428571,1.57142857142857,2.14285714285714,0.142857142857143,1,9,1,0,1,1,2,2,2,1,1,1501
8,76,"76s1",1,0,19,3,0,2,2.71428571428571,1.57142857142857,2.14285714285714,0.142857142857143,2,9,0,1,1,1,2,2,2,1,1,1502
8,76,"76s2",2,0,19,3,0,2,2.71428571428571,1.57142857142857,2.14285714285714,0.142857142857143,1,9,0,0,0,0,2,0,0,1,1,1503
8,76,"76s2",2,0,19,3,0,2,2.71428571428571,1.57142857142857,2.14285714285714,0.142857142857143,2,9,0,0,0,0,2,0,0,1,1,1504
8,76,"76s3",3,0,19,3,0,2,2.71428571428571,1.57142857142857,2.14285714285714,0.142857142857143,1,5,0,0,2,2,2,1,1,1,1,1505
8,76,"76s3",3,0,19,3,0,2,2.71428571428571,1.57142857142857,2.14285714285714,0.142857142857143,2,5,0,0,2,2,2,1,1,1,1,1506
8,76,"76s4",4,0,19,3,0,2,2.71428571428571,1.57142857142857,2.14285714285714,0.142857142857143,1,9,0,0,2,0,2,1,0,0,1,1507
8,76,"76s4",4,0,19,3,0,2,2.71428571428571,1.57142857142857,2.14285714285714,0.142857142857143,2,9,0,0,0,2,2,0,1,0,1,1508
8,76,"76s5",5,0,19,3,0,2,2.71428571428571,1.57142857142857,2.14285714285714,0.142857142857143,1,8,1,1,2,2,2,1,1,1,1,1509
8,76,"76s5",5,0,19,3,0,2,2.71428571428571,1.57142857142857,2.14285714285714,0.142857142857143,2,8,1,1,2,2,2,1,1,1,1,1510
8,76,"76s6",6,1,19,3,0,2,2.71428571428571,1.57142857142857,2.14285714285714,0.142857142857143,1,7,1,0,1,1,,2,2,1,,1511
8,76,"76s6",6,1,19,3,0,2,2.71428571428571,1.57142857142857,2.14285714285714,0.142857142857143,2,7,0,1,1,1,,2,2,1,,1512
8,76,"76s7",7,1,19,3,0,2,2.71428571428571,1.57142857142857,2.14285714285714,0.142857142857143,1,8,1,1,2,0,,1,0,0,,1513
8,76,"76s7",7,1,19,3,0,2,2.71428571428571,1.57142857142857,2.14285714285714,0.142857142857143,2,8,1,1,0,2,,0,1,0,,1514
8,76,"76s8",8,1,19,3,0,2,2.71428571428571,1.57142857142857,2.14285714285714,0.142857142857143,1,8,1,0,0,2,,0,1,0,,1515
8,76,"76s8",8,1,19,3,0,2,2.71428571428571,1.57142857142857,2.14285714285714,0.142857142857143,2,8,0,1,2,0,,1,0,0,,1516
8,76,"76s9",9,1,19,3,0,2,2.71428571428571,1.57142857142857,2.14285714285714,0.142857142857143,1,9,0,0,0,2,,0,1,0,,1517
8,76,"76s9",9,1,19,3,0,2,2.71428571428571,1.57142857142857,2.14285714285714,0.142857142857143,2,9,0,0,2,0,,1,0,0,,1518
8,76,"76s10",10,1,19,3,0,2,2.71428571428571,1.57142857142857,2.14285714285714,0.142857142857143,1,8,1,0,1,2,,2,1,0,,1519
8,76,"76s10",10,1,19,3,0,2,2.71428571428571,1.57142857142857,2.14285714285714,0.142857142857143,2,8,0,1,2,1,,1,2,0,,1520
8,77,"77s1",1,1,19,2,0,2,1.42857142857143,2.14285714285714,2.71428571428571,0.285714285714286,1,-9,1,0,1,2,,2,1,0,,1521
8,77,"77s1",1,1,19,2,0,2,1.42857142857143,2.14285714285714,2.71428571428571,0.285714285714286,2,6,0,1,2,1,,1,2,0,,1522
8,77,"77s2",2,1,19,2,0,2,1.42857142857143,2.14285714285714,2.71428571428571,0.285714285714286,1,-6,0,1,1,1,,2,2,1,,1523
8,77,"77s2",2,1,19,2,0,2,1.42857142857143,2.14285714285714,2.71428571428571,0.285714285714286,2,7,1,0,1,1,,2,2,1,,1524
8,77,"77s3",3,1,19,2,0,2,1.42857142857143,2.14285714285714,2.71428571428571,0.285714285714286,1,-6,1,1,2,0,,1,0,0,,1525
8,77,"77s3",3,1,19,2,0,2,1.42857142857143,2.14285714285714,2.71428571428571,0.285714285714286,2,-6,1,1,0,2,,0,1,0,,1526
8,77,"77s4",4,1,19,2,0,2,1.42857142857143,2.14285714285714,2.71428571428571,0.285714285714286,1,-5,1,0,1,0,,2,0,0,,1527
8,77,"77s4",4,1,19,2,0,2,1.42857142857143,2.14285714285714,2.71428571428571,0.285714285714286,2,7,0,1,0,1,,0,2,0,,1528
8,77,"77s5",5,1,19,2,0,2,1.42857142857143,2.14285714285714,2.71428571428571,0.285714285714286,1,7,0,0,0,2,,0,1,0,,1529
8,77,"77s5",5,1,19,2,0,2,1.42857142857143,2.14285714285714,2.71428571428571,0.285714285714286,2,7,0,0,2,0,,1,0,0,,1530
8,77,"77s6",6,0,19,2,0,2,1.42857142857143,2.14285714285714,2.71428571428571,0.285714285714286,1,7,0,0,2,1,1,1,2,0,2,1531
8,77,"77s6",6,0,19,2,0,2,1.42857142857143,2.14285714285714,2.71428571428571,0.285714285714286,2,7,0,0,1,2,1,2,1,0,2,1532
8,77,"77s7",7,0,19,2,0,2,1.42857142857143,2.14285714285714,2.71428571428571,0.285714285714286,1,-7,1,0,0,1,2,0,2,0,1,1533
8,77,"77s7",7,0,19,2,0,2,1.42857142857143,2.14285714285714,2.71428571428571,0.285714285714286,2,6,0,1,1,0,2,2,0,0,1,1534
8,77,"77s8",8,0,19,2,0,2,1.42857142857143,2.14285714285714,2.71428571428571,0.285714285714286,1,7,0,0,2,0,1,1,0,0,2,1535
8,77,"77s8",8,0,19,2,0,2,1.42857142857143,2.14285714285714,2.71428571428571,0.285714285714286,2,7,0,0,0,2,1,0,1,0,2,1536
8,77,"77s9",9,0,19,2,0,2,1.42857142857143,2.14285714285714,2.71428571428571,0.285714285714286,1,-6,1,1,0,1,1,0,2,0,2,1537
8,77,"77s9",9,0,19,2,0,2,1.42857142857143,2.14285714285714,2.71428571428571,0.285714285714286,2,-6,1,1,1,0,1,2,0,0,2,1538
8,77,"77s10",10,0,19,2,0,2,1.42857142857143,2.14285714285714,2.71428571428571,0.285714285714286,1,-7,1,0,0,2,1,0,1,0,2,1539
8,77,"77s10",10,0,19,2,0,2,1.42857142857143,2.14285714285714,2.71428571428571,0.285714285714286,2,6,0,1,2,0,1,1,0,0,2,1540
8,78,"78s1",1,0,19,4,0,2,1,1.71428571428571,2.85714285714286,1.28571428571429,1,9,0,0,1,2,2,2,1,0,1,1541
8,78,"78s1",1,0,19,4,0,2,1,1.71428571428571,2.85714285714286,1.28571428571429,2,9,0,0,2,1,2,1,2,0,1,1542
8,78,"78s2",2,0,19,4,0,2,1,1.71428571428571,2.85714285714286,1.28571428571429,1,9,0,1,0,0,2,0,0,1,1,1543
8,78,"78s2",2,0,19,4,0,2,1,1.71428571428571,2.85714285714286,1.28571428571429,2,-9,1,0,0,0,2,0,0,1,1,1544
8,78,"78s3",3,0,19,4,0,2,1,1.71428571428571,2.85714285714286,1.28571428571429,1,-8,1,0,2,0,1,1,0,0,2,1545
8,78,"78s3",3,0,19,4,0,2,1,1.71428571428571,2.85714285714286,1.28571428571429,2,8,0,1,0,2,1,0,1,0,2,1546
8,78,"78s4",4,0,19,4,0,2,1,1.71428571428571,2.85714285714286,1.28571428571429,1,8,0,1,2,2,2,1,1,1,1,1547
8,78,"78s4",4,0,19,4,0,2,1,1.71428571428571,2.85714285714286,1.28571428571429,2,-9,1,0,2,2,2,1,1,1,1,1548
8,78,"78s5",5,0,19,4,0,2,1,1.71428571428571,2.85714285714286,1.28571428571429,1,-8,1,1,1,0,1,2,0,0,2,1549
8,78,"78s5",5,0,19,4,0,2,1,1.71428571428571,2.85714285714286,1.28571428571429,2,-8,1,1,0,1,1,0,2,0,2,1550
8,78,"78s6",6,1,19,4,0,2,1,1.71428571428571,2.85714285714286,1.28571428571429,1,9,0,1,0,2,,0,1,0,,1551
8,78,"78s6",6,1,19,4,0,2,1,1.71428571428571,2.85714285714286,1.28571428571429,2,-9,1,0,2,0,,1,0,0,,1552
8,78,"78s7",7,1,19,4,0,2,1,1.71428571428571,2.85714285714286,1.28571428571429,1,-9,1,1,1,1,,2,2,1,,1553
8,78,"78s7",7,1,19,4,0,2,1,1.71428571428571,2.85714285714286,1.28571428571429,2,-9,1,1,1,1,,2,2,1,,1554
8,78,"78s8",8,1,19,4,0,2,1,1.71428571428571,2.85714285714286,1.28571428571429,1,9,0,0,2,1,,1,2,0,,1555
8,78,"78s8",8,1,19,4,0,2,1,1.71428571428571,2.85714285714286,1.28571428571429,2,9,0,0,1,2,,2,1,0,,1556
8,78,"78s9",9,1,19,4,0,2,1,1.71428571428571,2.85714285714286,1.28571428571429,1,9,0,0,1,0,,2,0,0,,1557
8,78,"78s9",9,1,19,4,0,2,1,1.71428571428571,2.85714285714286,1.28571428571429,2,9,0,0,0,1,,0,2,0,,1558
8,78,"78s10",10,1,19,4,0,2,1,1.71428571428571,2.85714285714286,1.28571428571429,1,9,0,1,0,0,,0,0,1,,1559
8,78,"78s10",10,1,19,4,0,2,1,1.71428571428571,2.85714285714286,1.28571428571429,2,-9,1,0,0,0,,0,0,1,,1560
8,79,"79s1",1,1,19,3,1,2,1.85714285714286,3.14285714285714,3.28571428571429,1.14285714285714,1,9,0,0,1,2,,2,1,0,,1561
8,79,"79s1",1,1,19,3,1,2,1.85714285714286,3.14285714285714,3.28571428571429,1.14285714285714,2,9,0,0,2,1,,1,2,0,,1562
8,79,"79s2",2,1,19,3,1,2,1.85714285714286,3.14285714285714,3.28571428571429,1.14285714285714,1,9,0,0,2,2,,1,1,1,,1563
8,79,"79s2",2,1,19,3,1,2,1.85714285714286,3.14285714285714,3.28571428571429,1.14285714285714,2,9,0,0,2,2,,1,1,1,,1564
8,79,"79s3",3,1,19,3,1,2,1.85714285714286,3.14285714285714,3.28571428571429,1.14285714285714,1,9,0,0,1,0,,2,0,0,,1565
8,79,"79s3",3,1,19,3,1,2,1.85714285714286,3.14285714285714,3.28571428571429,1.14285714285714,2,9,0,0,0,1,,0,2,0,,1566
8,79,"79s4",4,1,19,3,1,2,1.85714285714286,3.14285714285714,3.28571428571429,1.14285714285714,1,9,0,0,1,2,,2,1,0,,1567
8,79,"79s4",4,1,19,3,1,2,1.85714285714286,3.14285714285714,3.28571428571429,1.14285714285714,2,9,0,0,2,1,,1,2,0,,1568
8,79,"79s5",5,1,19,3,1,2,1.85714285714286,3.14285714285714,3.28571428571429,1.14285714285714,1,9,0,0,1,1,,2,2,1,,1569
8,79,"79s5",5,1,19,3,1,2,1.85714285714286,3.14285714285714,3.28571428571429,1.14285714285714,2,9,0,0,1,1,,2,2,1,,1570
8,79,"79s6",6,0,19,3,1,2,1.85714285714286,3.14285714285714,3.28571428571429,1.14285714285714,1,-6,1,1,0,1,1,0,2,0,2,1571
8,79,"79s6",6,0,19,3,1,2,1.85714285714286,3.14285714285714,3.28571428571429,1.14285714285714,2,-6,1,1,1,0,1,2,0,0,2,1572
8,79,"79s7",7,0,19,3,1,2,1.85714285714286,3.14285714285714,3.28571428571429,1.14285714285714,1,-6,0,1,2,2,2,1,1,1,1,1573
8,79,"79s7",7,0,19,3,1,2,1.85714285714286,3.14285714285714,3.28571428571429,1.14285714285714,2,-6,1,0,2,2,2,1,1,1,1,1574
8,79,"79s8",8,0,19,3,1,2,1.85714285714286,3.14285714285714,3.28571428571429,1.14285714285714,1,9,1,0,2,1,2,1,2,0,1,1575
8,79,"79s8",8,0,19,3,1,2,1.85714285714286,3.14285714285714,3.28571428571429,1.14285714285714,2,-6,0,1,1,2,2,2,1,0,1,1576
8,79,"79s9",9,0,19,3,1,2,1.85714285714286,3.14285714285714,3.28571428571429,1.14285714285714,1,-6,1,1,0,2,2,0,1,0,1,1577
8,79,"79s9",9,0,19,3,1,2,1.85714285714286,3.14285714285714,3.28571428571429,1.14285714285714,2,-6,1,1,2,0,2,1,0,0,1,1578
8,79,"79s10",10,0,19,3,1,2,1.85714285714286,3.14285714285714,3.28571428571429,1.14285714285714,1,-6,1,1,1,0,1,2,0,0,2,1579
8,79,"79s10",10,0,19,3,1,2,1.85714285714286,3.14285714285714,3.28571428571429,1.14285714285714,2,-6,1,1,0,1,1,0,2,0,2,1580
8,80,"80s1",1,1,18,4,0,2,1.28571428571429,2.42857142857143,3.57142857142857,1.57142857142857,1,9,0,0,0,1,,0,2,0,,1581
8,80,"80s1",1,1,18,4,0,2,1.28571428571429,2.42857142857143,3.57142857142857,1.57142857142857,2,9,0,0,1,0,,2,0,0,,1582
8,80,"80s2",2,1,18,4,0,2,1.28571428571429,2.42857142857143,3.57142857142857,1.57142857142857,1,9,0,1,2,2,,1,1,1,,1583
8,80,"80s2",2,1,18,4,0,2,1.28571428571429,2.42857142857143,3.57142857142857,1.57142857142857,2,-7,1,0,2,2,,1,1,1,,1584
8,80,"80s3",3,1,18,4,0,2,1.28571428571429,2.42857142857143,3.57142857142857,1.57142857142857,1,9,0,1,0,0,,0,0,1,,1585
8,80,"80s3",3,1,18,4,0,2,1.28571428571429,2.42857142857143,3.57142857142857,1.57142857142857,2,-7,1,0,0,0,,0,0,1,,1586
8,80,"80s4",4,1,18,4,0,2,1.28571428571429,2.42857142857143,3.57142857142857,1.57142857142857,1,9,0,1,0,2,,0,1,0,,1587
8,80,"80s4",4,1,18,4,0,2,1.28571428571429,2.42857142857143,3.57142857142857,1.57142857142857,2,-7,1,0,2,0,,1,0,0,,1588
8,80,"80s5",5,1,18,4,0,2,1.28571428571429,2.42857142857143,3.57142857142857,1.57142857142857,1,9,0,1,2,2,,1,1,1,,1589
8,80,"80s5",5,1,18,4,0,2,1.28571428571429,2.42857142857143,3.57142857142857,1.57142857142857,2,-7,1,0,2,2,,1,1,1,,1590
8,80,"80s6",6,0,18,4,0,2,1.28571428571429,2.42857142857143,3.57142857142857,1.57142857142857,1,9,0,0,1,1,1,2,2,1,2,1591
8,80,"80s6",6,0,18,4,0,2,1.28571428571429,2.42857142857143,3.57142857142857,1.57142857142857,2,9,0,0,1,1,1,2,2,1,2,1592
8,80,"80s7",7,0,18,4,0,2,1.28571428571429,2.42857142857143,3.57142857142857,1.57142857142857,1,9,0,1,0,1,1,0,2,0,2,1593
8,80,"80s7",7,0,18,4,0,2,1.28571428571429,2.42857142857143,3.57142857142857,1.57142857142857,2,-7,1,0,1,0,1,2,0,0,2,1594
8,80,"80s8",8,0,18,4,0,2,1.28571428571429,2.42857142857143,3.57142857142857,1.57142857142857,1,-7,1,0,2,0,1,1,0,0,2,1595
8,80,"80s8",8,0,18,4,0,2,1.28571428571429,2.42857142857143,3.57142857142857,1.57142857142857,2,9,0,1,0,2,1,0,1,0,2,1596
8,80,"80s9",9,0,18,4,0,2,1.28571428571429,2.42857142857143,3.57142857142857,1.57142857142857,1,-7,1,0,1,1,1,2,2,1,2,1597
8,80,"80s9",9,0,18,4,0,2,1.28571428571429,2.42857142857143,3.57142857142857,1.57142857142857,2,-7,0,1,1,1,1,2,2,1,2,1598
8,80,"80s10",10,0,18,4,0,2,1.28571428571429,2.42857142857143,3.57142857142857,1.57142857142857,1,9,0,0,2,0,1,1,0,0,2,1599
8,80,"80s10",10,0,18,4,0,2,1.28571428571429,2.42857142857143,3.57142857142857,1.57142857142857,2,9,0,0,0,2,1,0,1,0,2,1600
9,81,"81s1",1,1,18,3,1,1,2.28571428571429,4,3.42857142857143,1.85714285714286,1,9,1,1,0,1,,0,1,0,,1601
9,81,"81s1",1,1,18,3,1,1,2.28571428571429,4,3.42857142857143,1.85714285714286,2,9,1,1,1,0,,1,0,0,,1602
9,81,"81s2",2,1,18,3,1,1,2.28571428571429,4,3.42857142857143,1.85714285714286,1,9,1,0,0,1,,0,1,0,,1603
9,81,"81s2",2,1,18,3,1,1,2.28571428571429,4,3.42857142857143,1.85714285714286,2,-9,0,1,1,0,,1,0,0,,1604
9,81,"81s3",3,1,18,3,1,1,2.28571428571429,4,3.42857142857143,1.85714285714286,1,9,1,1,2,1,,2,1,0,,1605
9,81,"81s3",3,1,18,3,1,1,2.28571428571429,4,3.42857142857143,1.85714285714286,2,9,1,1,1,2,,1,2,0,,1606
9,81,"81s4",4,1,18,3,1,1,2.28571428571429,4,3.42857142857143,1.85714285714286,1,9,0,0,0,0,,0,0,1,,1607
9,81,"81s4",4,1,18,3,1,1,2.28571428571429,4,3.42857142857143,1.85714285714286,2,-9,0,0,0,0,,0,0,1,,1608
9,81,"81s5",5,1,18,3,1,1,2.28571428571429,4,3.42857142857143,1.85714285714286,1,-9,0,1,0,0,,0,0,1,,1609
9,81,"81s5",5,1,18,3,1,1,2.28571428571429,4,3.42857142857143,1.85714285714286,2,9,1,0,0,0,,0,0,1,,1610
9,81,"81s6",6,0,18,3,1,1,2.28571428571429,4,3.42857142857143,1.85714285714286,1,9,1,1,2,2,2,2,2,1,2,1611
9,81,"81s6",6,0,18,3,1,1,2.28571428571429,4,3.42857142857143,1.85714285714286,2,9,1,1,2,2,2,2,2,1,2,1612
9,81,"81s7",7,0,18,3,1,1,2.28571428571429,4,3.42857142857143,1.85714285714286,1,9,0,1,1,2,2,1,2,0,2,1613
9,81,"81s7",7,0,18,3,1,1,2.28571428571429,4,3.42857142857143,1.85714285714286,2,-9,1,0,2,1,2,2,1,0,2,1614
9,81,"81s8",8,0,18,3,1,1,2.28571428571429,4,3.42857142857143,1.85714285714286,1,9,0,1,1,1,1,1,1,1,1,1615
9,81,"81s8",8,0,18,3,1,1,2.28571428571429,4,3.42857142857143,1.85714285714286,2,-9,1,0,1,1,1,1,1,1,1,1616
9,81,"81s9",9,0,18,3,1,1,2.28571428571429,4,3.42857142857143,1.85714285714286,1,9,1,1,1,1,2,1,1,1,2,1617
9,81,"81s9",9,0,18,3,1,1,2.28571428571429,4,3.42857142857143,1.85714285714286,2,9,1,1,1,1,2,1,1,1,2,1618
9,81,"81s10",10,0,18,3,1,1,2.28571428571429,4,3.42857142857143,1.85714285714286,1,9,0,1,1,0,1,1,0,0,1,1619
9,81,"81s10",10,0,18,3,1,1,2.28571428571429,4,3.42857142857143,1.85714285714286,2,-9,1,0,0,1,1,0,1,0,1,1620
9,82,"82s1",1,0,18,1,1,1,1.42857142857143,3.57142857142857,3.57142857142857,0.714285714285714,1,4,0,0,1,2,2,1,2,0,2,1621
9,82,"82s1",1,0,18,1,1,1,1.42857142857143,3.57142857142857,3.57142857142857,0.714285714285714,2,4,0,0,2,1,2,2,1,0,2,1622
9,82,"82s2",2,0,18,1,1,1,1.42857142857143,3.57142857142857,3.57142857142857,0.714285714285714,1,5,0,0,0,0,1,0,0,1,1,1623
9,82,"82s2",2,0,18,1,1,1,1.42857142857143,3.57142857142857,3.57142857142857,0.714285714285714,2,5,0,0,0,0,1,0,0,1,1,1624
9,82,"82s3",3,0,18,1,1,1,1.42857142857143,3.57142857142857,3.57142857142857,0.714285714285714,1,-5,1,1,1,1,1,1,1,1,1,1625
9,82,"82s3",3,0,18,1,1,1,1.42857142857143,3.57142857142857,3.57142857142857,0.714285714285714,2,-5,1,1,1,1,1,1,1,1,1,1626
9,82,"82s4",4,0,18,1,1,1,1.42857142857143,3.57142857142857,3.57142857142857,0.714285714285714,1,0,1,0,0,0,2,0,0,1,2,1627
9,82,"82s4",4,0,18,1,1,1,1.42857142857143,3.57142857142857,3.57142857142857,0.714285714285714,2,0,0,1,0,0,2,0,0,1,2,1628
9,82,"82s5",5,0,18,1,1,1,1.42857142857143,3.57142857142857,3.57142857142857,0.714285714285714,1,0,0,1,2,1,1,2,1,0,1,1629
9,82,"82s5",5,0,18,1,1,1,1.42857142857143,3.57142857142857,3.57142857142857,0.714285714285714,2,6,1,0,1,2,1,1,2,0,1,1630
9,82,"82s6",6,1,18,1,1,1,1.42857142857143,3.57142857142857,3.57142857142857,0.714285714285714,1,-6,1,0,1,1,,1,1,1,,1631
9,82,"82s6",6,1,18,1,1,1,1.42857142857143,3.57142857142857,3.57142857142857,0.714285714285714,2,2,0,1,1,1,,1,1,1,,1632
9,82,"82s7",7,1,18,1,1,1,1.42857142857143,3.57142857142857,3.57142857142857,0.714285714285714,1,-6,1,0,2,2,,2,2,1,,1633
9,82,"82s7",7,1,18,1,1,1,1.42857142857143,3.57142857142857,3.57142857142857,0.714285714285714,2,-6,0,1,2,2,,2,2,1,,1634
9,82,"82s8",8,1,18,1,1,1,1.42857142857143,3.57142857142857,3.57142857142857,0.714285714285714,1,0,0,1,1,2,,1,2,0,,1635
9,82,"82s8",8,1,18,1,1,1,1.42857142857143,3.57142857142857,3.57142857142857,0.714285714285714,2,-5,1,0,2,1,,2,1,0,,1636
9,82,"82s9",9,1,18,1,1,1,1.42857142857143,3.57142857142857,3.57142857142857,0.714285714285714,1,-5,1,1,0,0,,0,0,1,,1637
9,82,"82s9",9,1,18,1,1,1,1.42857142857143,3.57142857142857,3.57142857142857,0.714285714285714,2,-5,1,1,0,0,,0,0,1,,1638
9,82,"82s10",10,1,18,1,1,1,1.42857142857143,3.57142857142857,3.57142857142857,0.714285714285714,1,9,0,0,0,1,,0,1,0,,1639
9,82,"82s10",10,1,18,1,1,1,1.42857142857143,3.57142857142857,3.57142857142857,0.714285714285714,2,9,0,0,1,0,,1,0,0,,1640
9,83,"83s1",1,0,18,1,0,1,2.28571428571429,3.28571428571429,3.28571428571429,1.28571428571429,1,8,0,1,0,2,1,0,2,0,1,1641
9,83,"83s1",1,0,18,1,0,1,2.28571428571429,3.28571428571429,3.28571428571429,1.28571428571429,2,0,1,0,2,0,1,2,0,0,1,1642
9,83,"83s2",2,0,18,1,0,1,2.28571428571429,3.28571428571429,3.28571428571429,1.28571428571429,1,8,0,1,0,0,2,0,0,1,2,1643
9,83,"83s2",2,0,18,1,0,1,2.28571428571429,3.28571428571429,3.28571428571429,1.28571428571429,2,0,1,0,0,0,2,0,0,1,2,1644
9,83,"83s3",3,0,18,1,0,1,2.28571428571429,3.28571428571429,3.28571428571429,1.28571428571429,1,8,0,1,1,0,2,1,0,0,2,1645
9,83,"83s3",3,0,18,1,0,1,2.28571428571429,3.28571428571429,3.28571428571429,1.28571428571429,2,0,1,0,0,1,2,0,1,0,2,1646
9,83,"83s4",4,0,18,1,0,1,2.28571428571429,3.28571428571429,3.28571428571429,1.28571428571429,1,8,1,1,0,0,2,0,0,1,2,1647
9,83,"83s4",4,0,18,1,0,1,2.28571428571429,3.28571428571429,3.28571428571429,1.28571428571429,2,0,1,1,0,0,2,0,0,1,2,1648
9,83,"83s5",5,0,18,1,0,1,2.28571428571429,3.28571428571429,3.28571428571429,1.28571428571429,1,9,0,1,0,2,1,0,2,0,1,1649
9,83,"83s5",5,0,18,1,0,1,2.28571428571429,3.28571428571429,3.28571428571429,1.28571428571429,2,-9,1,0,2,0,1,2,0,0,1,1650
9,83,"83s6",6,1,18,1,0,1,2.28571428571429,3.28571428571429,3.28571428571429,1.28571428571429,1,9,0,0,2,1,,2,1,0,,1651
9,83,"83s6",6,1,18,1,0,1,2.28571428571429,3.28571428571429,3.28571428571429,1.28571428571429,2,9,0,0,1,2,,1,2,0,,1652
9,83,"83s7",7,1,18,1,0,1,2.28571428571429,3.28571428571429,3.28571428571429,1.28571428571429,1,9,0,1,1,1,,1,1,1,,1653
9,83,"83s7",7,1,18,1,0,1,2.28571428571429,3.28571428571429,3.28571428571429,1.28571428571429,2,-2,1,0,1,1,,1,1,1,,1654
9,83,"83s8",8,1,18,1,0,1,2.28571428571429,3.28571428571429,3.28571428571429,1.28571428571429,1,0,1,1,1,1,,1,1,1,,1655
9,83,"83s8",8,1,18,1,0,1,2.28571428571429,3.28571428571429,3.28571428571429,1.28571428571429,2,0,1,1,1,1,,1,1,1,,1656
9,83,"83s9",9,1,18,1,0,1,2.28571428571429,3.28571428571429,3.28571428571429,1.28571428571429,1,6,0,1,1,2,,1,2,0,,1657
9,83,"83s9",9,1,18,1,0,1,2.28571428571429,3.28571428571429,3.28571428571429,1.28571428571429,2,-7,1,0,2,1,,2,1,0,,1658
9,83,"83s10",10,1,18,1,0,1,2.28571428571429,3.28571428571429,3.28571428571429,1.28571428571429,1,0,1,1,1,2,,1,2,0,,1659
9,83,"83s10",10,1,18,1,0,1,2.28571428571429,3.28571428571429,3.28571428571429,1.28571428571429,2,0,1,1,2,1,,2,1,0,,1660
9,84,"84s1",1,0,19,4,1,1,1.57142857142857,2.42857142857143,3.28571428571429,1.57142857142857,1,3,1,1,1,2,1,1,2,0,1,1661
9,84,"84s1",1,0,19,4,1,1,1.57142857142857,2.42857142857143,3.28571428571429,1.57142857142857,2,3,1,1,2,1,1,2,1,0,1,1662
9,84,"84s2",2,0,19,4,1,1,1.57142857142857,2.42857142857143,3.28571428571429,1.57142857142857,1,6,0,1,0,1,1,0,1,0,1,1663
9,84,"84s2",2,0,19,4,1,1,1.57142857142857,2.42857142857143,3.28571428571429,1.57142857142857,2,-4,1,0,1,0,1,1,0,0,1,1664
9,84,"84s3",3,0,19,4,1,1,1.57142857142857,2.42857142857143,3.28571428571429,1.57142857142857,1,9,0,0,2,1,1,2,1,0,1,1665
9,84,"84s3",3,0,19,4,1,1,1.57142857142857,2.42857142857143,3.28571428571429,1.57142857142857,2,9,0,0,1,2,1,1,2,0,1,1666
9,84,"84s4",4,0,19,4,1,1,1.57142857142857,2.42857142857143,3.28571428571429,1.57142857142857,1,-2,1,1,1,1,2,1,1,1,2,1667
9,84,"84s4",4,0,19,4,1,1,1.57142857142857,2.42857142857143,3.28571428571429,1.57142857142857,2,-2,1,1,1,1,2,1,1,1,2,1668
9,84,"84s5",5,0,19,4,1,1,1.57142857142857,2.42857142857143,3.28571428571429,1.57142857142857,1,3,0,1,2,2,2,2,2,1,2,1669
9,84,"84s5",5,0,19,4,1,1,1.57142857142857,2.42857142857143,3.28571428571429,1.57142857142857,2,-3,1,0,2,2,2,2,2,1,2,1670
9,84,"84s6",6,1,19,4,1,1,1.57142857142857,2.42857142857143,3.28571428571429,1.57142857142857,1,-2,1,0,2,2,,2,2,1,,1671
9,84,"84s6",6,1,19,4,1,1,1.57142857142857,2.42857142857143,3.28571428571429,1.57142857142857,2,2,0,1,2,2,,2,2,1,,1672
9,84,"84s7",7,1,19,4,1,1,1.57142857142857,2.42857142857143,3.28571428571429,1.57142857142857,1,5,0,0,2,0,,2,0,0,,1673
9,84,"84s7",7,1,19,4,1,1,1.57142857142857,2.42857142857143,3.28571428571429,1.57142857142857,2,5,0,0,0,2,,0,2,0,,1674
9,84,"84s8",8,1,19,4,1,1,1.57142857142857,2.42857142857143,3.28571428571429,1.57142857142857,1,-2,1,1,1,1,,1,1,1,,1675
9,84,"84s8",8,1,19,4,1,1,1.57142857142857,2.42857142857143,3.28571428571429,1.57142857142857,2,-2,1,1,1,1,,1,1,1,,1676
9,84,"84s9",9,1,19,4,1,1,1.57142857142857,2.42857142857143,3.28571428571429,1.57142857142857,1,-2,1,0,1,2,,1,2,0,,1677
9,84,"84s9",9,1,19,4,1,1,1.57142857142857,2.42857142857143,3.28571428571429,1.57142857142857,2,5,0,1,2,1,,2,1,0,,1678
9,84,"84s10",10,1,19,4,1,1,1.57142857142857,2.42857142857143,3.28571428571429,1.57142857142857,1,-2,1,0,0,2,,0,2,0,,1679
9,84,"84s10",10,1,19,4,1,1,1.57142857142857,2.42857142857143,3.28571428571429,1.57142857142857,2,5,0,1,2,0,,2,0,0,,1680
9,85,"85s1",1,0,18,2,1,1,1.14285714285714,2.85714285714286,2.71428571428571,1.42857142857143,1,-4,1,1,0,2,1,0,2,0,1,1681
9,85,"85s1",1,0,18,2,1,1,1.14285714285714,2.85714285714286,2.71428571428571,1.42857142857143,2,-4,1,1,2,0,1,2,0,0,1,1682
9,85,"85s2",2,0,18,2,1,1,1.14285714285714,2.85714285714286,2.71428571428571,1.42857142857143,1,5,0,1,0,1,1,0,1,0,1,1683
9,85,"85s2",2,0,18,2,1,1,1.14285714285714,2.85714285714286,2.71428571428571,1.42857142857143,2,-5,1,0,1,0,1,1,0,0,1,1684
9,85,"85s3",3,0,18,2,1,1,1.14285714285714,2.85714285714286,2.71428571428571,1.42857142857143,1,-5,1,0,0,1,1,0,1,0,1,1685
9,85,"85s3",3,0,18,2,1,1,1.14285714285714,2.85714285714286,2.71428571428571,1.42857142857143,2,5,0,1,1,0,1,1,0,0,1,1686
9,85,"85s4",4,0,18,2,1,1,1.14285714285714,2.85714285714286,2.71428571428571,1.42857142857143,1,6,0,0,1,1,1,1,1,1,1,1687
9,85,"85s4",4,0,18,2,1,1,1.14285714285714,2.85714285714286,2.71428571428571,1.42857142857143,2,6,0,0,1,1,1,1,1,1,1,1688
9,85,"85s5",5,0,18,2,1,1,1.14285714285714,2.85714285714286,2.71428571428571,1.42857142857143,1,6,0,1,2,2,1,2,2,1,1,1689
9,85,"85s5",5,0,18,2,1,1,1.14285714285714,2.85714285714286,2.71428571428571,1.42857142857143,2,-5,1,0,2,2,1,2,2,1,1,1690
9,85,"85s6",6,1,18,2,1,1,1.14285714285714,2.85714285714286,2.71428571428571,1.42857142857143,1,-5,1,0,0,1,,0,1,0,,1691
9,85,"85s6",6,1,18,2,1,1,1.14285714285714,2.85714285714286,2.71428571428571,1.42857142857143,2,6,0,1,1,0,,1,0,0,,1692
9,85,"85s7",7,1,18,2,1,1,1.14285714285714,2.85714285714286,2.71428571428571,1.42857142857143,1,6,0,1,2,0,,2,0,0,,1693
9,85,"85s7",7,1,18,2,1,1,1.14285714285714,2.85714285714286,2.71428571428571,1.42857142857143,2,-5,1,0,0,2,,0,2,0,,1694
9,85,"85s8",8,1,18,2,1,1,1.14285714285714,2.85714285714286,2.71428571428571,1.42857142857143,1,6,0,0,2,0,,2,0,0,,1695
9,85,"85s8",8,1,18,2,1,1,1.14285714285714,2.85714285714286,2.71428571428571,1.42857142857143,2,6,0,0,0,2,,0,2,0,,1696
9,85,"85s9",9,1,18,2,1,1,1.14285714285714,2.85714285714286,2.71428571428571,1.42857142857143,1,-5,1,1,1,0,,1,0,0,,1697
9,85,"85s9",9,1,18,2,1,1,1.14285714285714,2.85714285714286,2.71428571428571,1.42857142857143,2,-5,1,1,0,1,,0,1,0,,1698
9,85,"85s10",10,1,18,2,1,1,1.14285714285714,2.85714285714286,2.71428571428571,1.42857142857143,1,-5,1,1,1,2,,1,2,0,,1699
9,85,"85s10",10,1,18,2,1,1,1.14285714285714,2.85714285714286,2.71428571428571,1.42857142857143,2,-5,1,1,2,1,,2,1,0,,1700
9,86,"86s1",1,0,20,2,1,1,1.28571428571429,3,3.71428571428571,0.285714285714286,1,9,0,0,2,1,2,2,1,0,2,1701
9,86,"86s1",1,0,20,2,1,1,1.28571428571429,3,3.71428571428571,0.285714285714286,2,9,0,0,1,2,2,1,2,0,2,1702
9,86,"86s2",2,0,20,2,1,1,1.28571428571429,3,3.71428571428571,0.285714285714286,1,9,0,0,2,1,2,2,1,0,2,1703
9,86,"86s2",2,0,20,2,1,1,1.28571428571429,3,3.71428571428571,0.285714285714286,2,9,0,0,1,2,2,1,2,0,2,1704
9,86,"86s3",3,0,20,2,1,1,1.28571428571429,3,3.71428571428571,0.285714285714286,1,9,0,1,2,1,1,2,1,0,1,1705
9,86,"86s3",3,0,20,2,1,1,1.28571428571429,3,3.71428571428571,0.285714285714286,2,-3,1,0,1,2,1,1,2,0,1,1706
9,86,"86s4",4,0,20,2,1,1,1.28571428571429,3,3.71428571428571,0.285714285714286,1,9,0,0,0,0,2,0,0,1,2,1707
9,86,"86s4",4,0,20,2,1,1,1.28571428571429,3,3.71428571428571,0.285714285714286,2,9,0,0,0,0,2,0,0,1,2,1708
9,86,"86s5",5,0,20,2,1,1,1.28571428571429,3,3.71428571428571,0.285714285714286,1,9,0,1,1,0,1,1,0,0,1,1709
9,86,"86s5",5,0,20,2,1,1,1.28571428571429,3,3.71428571428571,0.285714285714286,2,-3,1,0,0,1,1,0,1,0,1,1710
9,86,"86s6",6,1,20,2,1,1,1.28571428571429,3,3.71428571428571,0.285714285714286,1,9,0,1,1,0,,1,0,0,,1711
9,86,"86s6",6,1,20,2,1,1,1.28571428571429,3,3.71428571428571,0.285714285714286,2,-5,1,0,0,1,,0,1,0,,1712
9,86,"86s7",7,1,20,2,1,1,1.28571428571429,3,3.71428571428571,0.285714285714286,1,9,0,0,2,0,,2,0,0,,1713
9,86,"86s7",7,1,20,2,1,1,1.28571428571429,3,3.71428571428571,0.285714285714286,2,9,0,0,0,2,,0,2,0,,1714
9,86,"86s8",8,1,20,2,1,1,1.28571428571429,3,3.71428571428571,0.285714285714286,1,-5,1,0,0,0,,0,0,1,,1715
9,86,"86s8",8,1,20,2,1,1,1.28571428571429,3,3.71428571428571,0.285714285714286,2,9,0,1,0,0,,0,0,1,,1716
9,86,"86s9",9,1,20,2,1,1,1.28571428571429,3,3.71428571428571,0.285714285714286,1,-6,1,0,0,0,,0,0,1,,1717
9,86,"86s9",9,1,20,2,1,1,1.28571428571429,3,3.71428571428571,0.285714285714286,2,9,0,1,0,0,,0,0,1,,1718
9,86,"86s10",10,1,20,2,1,1,1.28571428571429,3,3.71428571428571,0.285714285714286,1,-5,1,0,2,2,,2,2,1,,1719
9,86,"86s10",10,1,20,2,1,1,1.28571428571429,3,3.71428571428571,0.285714285714286,2,9,0,1,2,2,,2,2,1,,1720
9,87,"87s1",1,0,23,3,0,2,1.28571428571429,3.42857142857143,3.71428571428571,1,1,0,0,1,1,2,2,2,1,0,1,1721
9,87,"87s1",1,0,23,3,0,2,1.28571428571429,3.42857142857143,3.71428571428571,1,2,0,1,0,2,1,2,1,2,0,1,1722
9,87,"87s2",2,0,23,3,0,2,1.28571428571429,3.42857142857143,3.71428571428571,1,1,0,1,1,1,2,1,2,1,0,2,1723
9,87,"87s2",2,0,23,3,0,2,1.28571428571429,3.42857142857143,3.71428571428571,1,2,0,1,1,2,1,1,1,2,0,2,1724
9,87,"87s3",3,0,23,3,0,2,1.28571428571429,3.42857142857143,3.71428571428571,1,1,0,1,1,1,2,2,2,1,0,1,1725
9,87,"87s3",3,0,23,3,0,2,1.28571428571429,3.42857142857143,3.71428571428571,1,2,0,1,1,2,1,2,1,2,0,1,1726
9,87,"87s4",4,0,23,3,0,2,1.28571428571429,3.42857142857143,3.71428571428571,1,1,0,0,1,1,2,1,2,1,0,2,1727
9,87,"87s4",4,0,23,3,0,2,1.28571428571429,3.42857142857143,3.71428571428571,1,2,0,1,0,2,1,1,1,2,0,2,1728
9,87,"87s5",5,0,23,3,0,2,1.28571428571429,3.42857142857143,3.71428571428571,1,1,0,0,0,2,2,2,1,1,1,1,1729
9,87,"87s5",5,0,23,3,0,2,1.28571428571429,3.42857142857143,3.71428571428571,1,2,0,0,0,2,2,2,1,1,1,1,1730
9,87,"87s6",6,1,23,3,0,2,1.28571428571429,3.42857142857143,3.71428571428571,1,1,0,0,0,0,1,,0,2,0,,1731
9,87,"87s6",6,1,23,3,0,2,1.28571428571429,3.42857142857143,3.71428571428571,1,2,0,0,0,1,0,,2,0,0,,1732
9,87,"87s7",7,1,23,3,0,2,1.28571428571429,3.42857142857143,3.71428571428571,1,1,0,0,0,2,1,,1,2,0,,1733
9,87,"87s7",7,1,23,3,0,2,1.28571428571429,3.42857142857143,3.71428571428571,1,2,0,0,0,1,2,,2,1,0,,1734
9,87,"87s8",8,1,23,3,0,2,1.28571428571429,3.42857142857143,3.71428571428571,1,1,0,1,0,0,2,,0,1,0,,1735
9,87,"87s8",8,1,23,3,0,2,1.28571428571429,3.42857142857143,3.71428571428571,1,2,0,0,1,2,0,,1,0,0,,1736
9,87,"87s9",9,1,23,3,0,2,1.28571428571429,3.42857142857143,3.71428571428571,1,1,0,1,0,0,1,,0,2,0,,1737
9,87,"87s9",9,1,23,3,0,2,1.28571428571429,3.42857142857143,3.71428571428571,1,2,0,0,1,1,0,,2,0,0,,1738
9,87,"87s10",10,1,23,3,0,2,1.28571428571429,3.42857142857143,3.71428571428571,1,1,0,0,1,0,1,,0,2,0,,1739
9,87,"87s10",10,1,23,3,0,2,1.28571428571429,3.42857142857143,3.71428571428571,1,2,0,1,0,1,0,,2,0,0,,1740
9,88,"88s1",1,0,20,1,0,1,3.14285714285714,2.42857142857143,2.85714285714286,1,1,7,0,1,0,1,2,0,1,0,2,1741
9,88,"88s1",1,0,20,1,0,1,3.14285714285714,2.42857142857143,2.85714285714286,1,2,-6,1,0,1,0,2,1,0,0,2,1742
9,88,"88s2",2,0,20,1,0,1,3.14285714285714,2.42857142857143,2.85714285714286,1,1,9,0,0,2,0,1,2,0,0,1,1743
9,88,"88s2",2,0,20,1,0,1,3.14285714285714,2.42857142857143,2.85714285714286,1,2,9,0,0,0,2,1,0,2,0,1,1744
9,88,"88s3",3,0,20,1,0,1,3.14285714285714,2.42857142857143,2.85714285714286,1,1,-9,1,1,2,0,1,2,0,0,1,1745
9,88,"88s3",3,0,20,1,0,1,3.14285714285714,2.42857142857143,2.85714285714286,1,2,-9,1,1,0,2,1,0,2,0,1,1746
9,88,"88s4",4,0,20,1,0,1,3.14285714285714,2.42857142857143,2.85714285714286,1,1,-9,1,0,2,1,2,2,1,0,2,1747
9,88,"88s4",4,0,20,1,0,1,3.14285714285714,2.42857142857143,2.85714285714286,1,2,9,0,1,1,2,2,1,2,0,2,1748
9,88,"88s5",5,0,20,1,0,1,3.14285714285714,2.42857142857143,2.85714285714286,1,1,-6,1,1,1,1,1,1,1,1,1,1749
9,88,"88s5",5,0,20,1,0,1,3.14285714285714,2.42857142857143,2.85714285714286,1,2,-6,1,1,1,1,1,1,1,1,1,1750
9,88,"88s6",6,1,20,1,0,1,3.14285714285714,2.42857142857143,2.85714285714286,1,1,9,0,1,1,1,,1,1,1,,1751
9,88,"88s6",6,1,20,1,0,1,3.14285714285714,2.42857142857143,2.85714285714286,1,2,-9,1,0,1,1,,1,1,1,,1752
9,88,"88s7",7,1,20,1,0,1,3.14285714285714,2.42857142857143,2.85714285714286,1,1,9,0,0,2,0,,2,0,0,,1753
9,88,"88s7",7,1,20,1,0,1,3.14285714285714,2.42857142857143,2.85714285714286,1,2,9,0,0,0,2,,0,2,0,,1754
9,88,"88s8",8,1,20,1,0,1,3.14285714285714,2.42857142857143,2.85714285714286,1,1,9,0,1,0,0,,0,0,1,,1755
9,88,"88s8",8,1,20,1,0,1,3.14285714285714,2.42857142857143,2.85714285714286,1,2,-9,1,0,0,0,,0,0,1,,1756
9,88,"88s9",9,1,20,1,0,1,3.14285714285714,2.42857142857143,2.85714285714286,1,1,9,0,1,1,1,,1,1,1,,1757
9,88,"88s9",9,1,20,1,0,1,3.14285714285714,2.42857142857143,2.85714285714286,1,2,-9,1,0,1,1,,1,1,1,,1758
9,88,"88s10",10,1,20,1,0,1,3.14285714285714,2.42857142857143,2.85714285714286,1,1,9,0,0,2,0,,2,0,0,,1759
9,88,"88s10",10,1,20,1,0,1,3.14285714285714,2.42857142857143,2.85714285714286,1,2,9,0,0,0,2,,0,2,0,,1760
9,89,"89s1",1,1,20,1,1,1,2.28571428571429,2.85714285714286,3.57142857142857,1,1,8,1,0,0,1,,0,1,0,,1761
9,89,"89s1",1,1,20,1,1,1,2.28571428571429,2.85714285714286,3.57142857142857,1,2,-8,0,1,1,0,,1,0,0,,1762
9,89,"89s2",2,1,20,1,1,1,2.28571428571429,2.85714285714286,3.57142857142857,1,1,9,0,1,1,1,,1,1,1,,1763
9,89,"89s2",2,1,20,1,1,1,2.28571428571429,2.85714285714286,3.57142857142857,1,2,-9,1,0,1,1,,1,1,1,,1764
9,89,"89s3",3,1,20,1,1,1,2.28571428571429,2.85714285714286,3.57142857142857,1,1,-9,1,0,0,1,,0,1,0,,1765
9,89,"89s3",3,1,20,1,1,1,2.28571428571429,2.85714285714286,3.57142857142857,1,2,9,0,1,1,0,,1,0,0,,1766
9,89,"89s4",4,1,20,1,1,1,2.28571428571429,2.85714285714286,3.57142857142857,1,1,-9,1,1,2,2,,2,2,1,,1767
9,89,"89s4",4,1,20,1,1,1,2.28571428571429,2.85714285714286,3.57142857142857,1,2,-9,1,1,2,2,,2,2,1,,1768
9,89,"89s5",5,1,20,1,1,1,2.28571428571429,2.85714285714286,3.57142857142857,1,1,-9,1,1,2,0,,2,0,0,,1769
9,89,"89s5",5,1,20,1,1,1,2.28571428571429,2.85714285714286,3.57142857142857,1,2,-9,1,1,0,2,,0,2,0,,1770
9,89,"89s6",6,0,20,1,1,1,2.28571428571429,2.85714285714286,3.57142857142857,1,1,9,0,1,2,1,2,2,1,0,2,1771
9,89,"89s6",6,0,20,1,1,1,2.28571428571429,2.85714285714286,3.57142857142857,1,2,-9,1,0,1,2,2,1,2,0,2,1772
9,89,"89s7",7,0,20,1,1,1,2.28571428571429,2.85714285714286,3.57142857142857,1,1,9,0,1,0,2,1,0,2,0,1,1773
9,89,"89s7",7,0,20,1,1,1,2.28571428571429,2.85714285714286,3.57142857142857,1,2,-9,1,0,2,0,1,2,0,0,1,1774
9,89,"89s8",8,0,20,1,1,1,2.28571428571429,2.85714285714286,3.57142857142857,1,1,-9,1,1,1,1,2,1,1,1,2,1775
9,89,"89s8",8,0,20,1,1,1,2.28571428571429,2.85714285714286,3.57142857142857,1,2,-9,1,1,1,1,2,1,1,1,2,1776
9,89,"89s9",9,0,20,1,1,1,2.28571428571429,2.85714285714286,3.57142857142857,1,1,-9,1,0,2,1,1,2,1,0,1,1777
9,89,"89s9",9,0,20,1,1,1,2.28571428571429,2.85714285714286,3.57142857142857,1,2,9,0,1,1,2,1,1,2,0,1,1778
9,89,"89s10",10,0,20,1,1,1,2.28571428571429,2.85714285714286,3.57142857142857,1,1,-9,1,1,0,1,2,0,1,0,2,1779
9,89,"89s10",10,0,20,1,1,1,2.28571428571429,2.85714285714286,3.57142857142857,1,2,-9,1,1,1,0,2,1,0,0,2,1780
9,90,"90s1",1,1,23,1,0,1,1.14285714285714,1.85714285714286,2.85714285714286,1.28571428571429,1,3,1,0,2,0,,2,0,0,,1781
9,90,"90s1",1,1,23,1,0,1,1.14285714285714,1.85714285714286,2.85714285714286,1.28571428571429,2,9,0,1,0,2,,0,2,0,,1782
9,90,"90s2",2,1,23,1,0,1,1.14285714285714,1.85714285714286,2.85714285714286,1.28571428571429,1,9,0,0,1,0,,1,0,0,,1783
9,90,"90s2",2,1,23,1,0,1,1.14285714285714,1.85714285714286,2.85714285714286,1.28571428571429,2,9,0,0,0,1,,0,1,0,,1784
9,90,"90s3",3,1,23,1,0,1,1.14285714285714,1.85714285714286,2.85714285714286,1.28571428571429,1,3,1,0,0,2,,0,2,0,,1785
9,90,"90s3",3,1,23,1,0,1,1.14285714285714,1.85714285714286,2.85714285714286,1.28571428571429,2,9,0,1,2,0,,2,0,0,,1786
9,90,"90s4",4,1,23,1,0,1,1.14285714285714,1.85714285714286,2.85714285714286,1.28571428571429,1,-1,1,1,0,0,,0,0,1,,1787
9,90,"90s4",4,1,23,1,0,1,1.14285714285714,1.85714285714286,2.85714285714286,1.28571428571429,2,-1,1,1,0,0,,0,0,1,,1788
9,90,"90s5",5,1,23,1,0,1,1.14285714285714,1.85714285714286,2.85714285714286,1.28571428571429,1,9,0,0,0,0,,0,0,1,,1789
9,90,"90s5",5,1,23,1,0,1,1.14285714285714,1.85714285714286,2.85714285714286,1.28571428571429,2,9,0,0,0,0,,0,0,1,,1790
9,90,"90s6",6,0,23,1,0,1,1.14285714285714,1.85714285714286,2.85714285714286,1.28571428571429,1,-1,1,1,1,1,2,1,1,1,2,1791
9,90,"90s6",6,0,23,1,0,1,1.14285714285714,1.85714285714286,2.85714285714286,1.28571428571429,2,-1,1,1,1,1,2,1,1,1,2,1792
9,90,"90s7",7,0,23,1,0,1,1.14285714285714,1.85714285714286,2.85714285714286,1.28571428571429,1,-1,1,1,0,2,2,0,2,0,2,1793
9,90,"90s7",7,0,23,1,0,1,1.14285714285714,1.85714285714286,2.85714285714286,1.28571428571429,2,-1,1,1,2,0,2,2,0,0,2,1794
9,90,"90s8",8,0,23,1,0,1,1.14285714285714,1.85714285714286,2.85714285714286,1.28571428571429,1,-1,1,0,1,0,2,1,0,0,2,1795
9,90,"90s8",8,0,23,1,0,1,1.14285714285714,1.85714285714286,2.85714285714286,1.28571428571429,2,2,0,1,0,1,2,0,1,0,2,1796
9,90,"90s9",9,0,23,1,0,1,1.14285714285714,1.85714285714286,2.85714285714286,1.28571428571429,1,-1,1,1,0,2,1,0,2,0,1,1797
9,90,"90s9",9,0,23,1,0,1,1.14285714285714,1.85714285714286,2.85714285714286,1.28571428571429,2,-1,1,1,2,0,1,2,0,0,1,1798
9,90,"90s10",10,0,23,1,0,1,1.14285714285714,1.85714285714286,2.85714285714286,1.28571428571429,1,3,0,1,0,1,2,0,1,0,2,1799
9,90,"90s10",10,0,23,1,0,1,1.14285714285714,1.85714285714286,2.85714285714286,1.28571428571429,2,-1,1,0,1,0,2,1,0,0,2,1800
9,91,"91s1",1,0,19,3,0,1,2,1.14285714285714,2.57142857142857,1.28571428571429,1,0,1,0,1,0,1,1,0,0,1,1801
9,91,"91s1",1,0,19,3,0,1,2,1.14285714285714,2.57142857142857,1.28571428571429,2,0,0,1,0,1,1,0,1,0,1,1802
9,91,"91s2",2,0,19,3,0,1,2,1.14285714285714,2.57142857142857,1.28571428571429,1,0,1,1,0,2,2,0,2,0,2,1803
9,91,"91s2",2,0,19,3,0,1,2,1.14285714285714,2.57142857142857,1.28571428571429,2,0,1,1,2,0,2,2,0,0,2,1804
9,91,"91s3",3,0,19,3,0,1,2,1.14285714285714,2.57142857142857,1.28571428571429,1,0,0,1,1,0,1,1,0,0,1,1805
9,91,"91s3",3,0,19,3,0,1,2,1.14285714285714,2.57142857142857,1.28571428571429,2,-2,1,0,0,1,1,0,1,0,1,1806
9,91,"91s4",4,0,19,3,0,1,2,1.14285714285714,2.57142857142857,1.28571428571429,1,9,0,0,0,2,2,0,2,0,2,1807
9,91,"91s4",4,0,19,3,0,1,2,1.14285714285714,2.57142857142857,1.28571428571429,2,9,0,0,2,0,2,2,0,0,2,1808
9,91,"91s5",5,0,19,3,0,1,2,1.14285714285714,2.57142857142857,1.28571428571429,1,9,0,0,1,2,1,1,2,0,1,1809
9,91,"91s5",5,0,19,3,0,1,2,1.14285714285714,2.57142857142857,1.28571428571429,2,9,0,0,2,1,1,2,1,0,1,1810
9,91,"91s6",6,1,19,3,0,1,2,1.14285714285714,2.57142857142857,1.28571428571429,1,1,0,1,1,1,,1,1,1,,1811
9,91,"91s6",6,1,19,3,0,1,2,1.14285714285714,2.57142857142857,1.28571428571429,2,-2,1,0,1,1,,1,1,1,,1812
9,91,"91s7",7,1,19,3,0,1,2,1.14285714285714,2.57142857142857,1.28571428571429,1,9,0,0,2,2,,2,2,1,,1813
9,91,"91s7",7,1,19,3,0,1,2,1.14285714285714,2.57142857142857,1.28571428571429,2,9,0,0,2,2,,2,2,1,,1814
9,91,"91s8",8,1,19,3,0,1,2,1.14285714285714,2.57142857142857,1.28571428571429,1,0,0,1,0,0,,0,0,1,,1815
9,91,"91s8",8,1,19,3,0,1,2,1.14285714285714,2.57142857142857,1.28571428571429,2,0,1,0,0,0,,0,0,1,,1816
9,91,"91s9",9,1,19,3,0,1,2,1.14285714285714,2.57142857142857,1.28571428571429,1,2,0,1,1,0,,1,0,0,,1817
9,91,"91s9",9,1,19,3,0,1,2,1.14285714285714,2.57142857142857,1.28571428571429,2,-3,1,0,0,1,,0,1,0,,1818
9,91,"91s10",10,1,19,3,0,1,2,1.14285714285714,2.57142857142857,1.28571428571429,1,9,0,0,0,1,,0,1,0,,1819
9,91,"91s10",10,1,19,3,0,1,2,1.14285714285714,2.57142857142857,1.28571428571429,2,9,0,0,1,0,,1,0,0,,1820
9,92,"92s1",1,0,18,3,0,1,1.85714285714286,2,2.28571428571429,1.71428571428571,1,4,0,1,0,2,2,0,2,0,2,1821
9,92,"92s1",1,0,18,3,0,1,1.85714285714286,2,2.28571428571429,1.71428571428571,2,2,1,0,2,0,2,2,0,0,2,1822
9,92,"92s2",2,0,18,3,0,1,1.85714285714286,2,2.28571428571429,1.71428571428571,1,-1,1,1,2,1,2,2,1,0,2,1823
9,92,"92s2",2,0,18,3,0,1,1.85714285714286,2,2.28571428571429,1.71428571428571,2,-1,1,1,1,2,2,1,2,0,2,1824
9,92,"92s3",3,0,18,3,0,1,1.85714285714286,2,2.28571428571429,1.71428571428571,1,4,0,1,0,1,1,0,1,0,1,1825
9,92,"92s3",3,0,18,3,0,1,1.85714285714286,2,2.28571428571429,1.71428571428571,2,2,1,0,1,0,1,1,0,0,1,1826
9,92,"92s4",4,0,18,3,0,1,1.85714285714286,2,2.28571428571429,1.71428571428571,1,9,0,0,1,2,1,1,2,0,1,1827
9,92,"92s4",4,0,18,3,0,1,1.85714285714286,2,2.28571428571429,1.71428571428571,2,9,0,0,2,1,1,2,1,0,1,1828
9,92,"92s5",5,0,18,3,0,1,1.85714285714286,2,2.28571428571429,1.71428571428571,1,-2,1,1,0,0,2,0,0,1,2,1829
9,92,"92s5",5,0,18,3,0,1,1.85714285714286,2,2.28571428571429,1.71428571428571,2,-2,1,1,0,0,2,0,0,1,2,1830
9,92,"92s6",6,1,18,3,0,1,1.85714285714286,2,2.28571428571429,1.71428571428571,1,-5,1,1,2,1,,2,1,0,,1831
9,92,"92s6",6,1,18,3,0,1,1.85714285714286,2,2.28571428571429,1.71428571428571,2,-5,1,1,1,2,,1,2,0,,1832
9,92,"92s7",7,1,18,3,0,1,1.85714285714286,2,2.28571428571429,1.71428571428571,1,-4,1,0,0,1,,0,1,0,,1833
9,92,"92s7",7,1,18,3,0,1,1.85714285714286,2,2.28571428571429,1.71428571428571,2,4,0,1,1,0,,1,0,0,,1834
9,92,"92s8",8,1,18,3,0,1,1.85714285714286,2,2.28571428571429,1.71428571428571,1,4,0,1,2,0,,2,0,0,,1835
9,92,"92s8",8,1,18,3,0,1,1.85714285714286,2,2.28571428571429,1.71428571428571,2,-4,1,0,0,2,,0,2,0,,1836
9,92,"92s9",9,1,18,3,0,1,1.85714285714286,2,2.28571428571429,1.71428571428571,1,9,0,0,1,1,,1,1,1,,1837
9,92,"92s9",9,1,18,3,0,1,1.85714285714286,2,2.28571428571429,1.71428571428571,2,9,0,0,1,1,,1,1,1,,1838
9,92,"92s10",10,1,18,3,0,1,1.85714285714286,2,2.28571428571429,1.71428571428571,1,-4,1,0,1,0,,1,0,0,,1839
9,92,"92s10",10,1,18,3,0,1,1.85714285714286,2,2.28571428571429,1.71428571428571,2,4,0,1,0,1,,0,1,0,,1840
9,93,"93s1",1,1,20,2,0,1,1.57142857142857,2.42857142857143,2.42857142857143,0.714285714285714,1,-5,1,1,2,0,,2,0,0,,1841
9,93,"93s1",1,1,20,2,0,1,1.57142857142857,2.42857142857143,2.42857142857143,0.714285714285714,2,-5,1,1,0,2,,0,2,0,,1842
9,93,"93s2",2,1,20,2,0,1,1.57142857142857,2.42857142857143,2.42857142857143,0.714285714285714,1,9,0,0,1,1,,1,1,1,,1843
9,93,"93s2",2,1,20,2,0,1,1.57142857142857,2.42857142857143,2.42857142857143,0.714285714285714,2,9,0,0,1,1,,1,1,1,,1844
9,93,"93s3",3,1,20,2,0,1,1.57142857142857,2.42857142857143,2.42857142857143,0.714285714285714,1,-5,1,0,1,2,,1,2,0,,1845
9,93,"93s3",3,1,20,2,0,1,1.57142857142857,2.42857142857143,2.42857142857143,0.714285714285714,2,7,0,1,2,1,,2,1,0,,1846
9,93,"93s4",4,1,20,2,0,1,1.57142857142857,2.42857142857143,2.42857142857143,0.714285714285714,1,8,0,1,1,2,,1,2,0,,1847
9,93,"93s4",4,1,20,2,0,1,1.57142857142857,2.42857142857143,2.42857142857143,0.714285714285714,2,-8,1,0,2,1,,2,1,0,,1848
9,93,"93s5",5,1,20,2,0,1,1.57142857142857,2.42857142857143,2.42857142857143,0.714285714285714,1,6,0,1,1,1,,1,1,1,,1849
9,93,"93s5",5,1,20,2,0,1,1.57142857142857,2.42857142857143,2.42857142857143,0.714285714285714,2,-5,1,0,1,1,,1,1,1,,1850
9,93,"93s6",6,0,20,2,0,1,1.57142857142857,2.42857142857143,2.42857142857143,0.714285714285714,1,5,0,0,1,0,2,1,0,0,2,1851
9,93,"93s6",6,0,20,2,0,1,1.57142857142857,2.42857142857143,2.42857142857143,0.714285714285714,2,5,0,0,0,1,2,0,1,0,2,1852
9,93,"93s7",7,0,20,2,0,1,1.57142857142857,2.42857142857143,2.42857142857143,0.714285714285714,1,5,0,0,1,2,1,1,2,0,1,1853
9,93,"93s7",7,0,20,2,0,1,1.57142857142857,2.42857142857143,2.42857142857143,0.714285714285714,2,5,0,0,2,1,1,2,1,0,1,1854
9,93,"93s8",8,0,20,2,0,1,1.57142857142857,2.42857142857143,2.42857142857143,0.714285714285714,1,-4,1,1,1,0,1,1,0,0,1,1855
9,93,"93s8",8,0,20,2,0,1,1.57142857142857,2.42857142857143,2.42857142857143,0.714285714285714,2,-4,1,1,0,1,1,0,1,0,1,1856
9,93,"93s9",9,0,20,2,0,1,1.57142857142857,2.42857142857143,2.42857142857143,0.714285714285714,1,5,0,1,0,2,2,0,2,0,2,1857
9,93,"93s9",9,0,20,2,0,1,1.57142857142857,2.42857142857143,2.42857142857143,0.714285714285714,2,-5,1,0,2,0,2,2,0,0,2,1858
9,93,"93s10",10,0,20,2,0,1,1.57142857142857,2.42857142857143,2.42857142857143,0.714285714285714,1,0,1,1,2,1,2,2,1,0,2,1859
9,93,"93s10",10,0,20,2,0,1,1.57142857142857,2.42857142857143,2.42857142857143,0.714285714285714,2,0,1,1,1,2,2,1,2,0,2,1860
9,94,"94s1",1,1,22,1,1,2,0.714285714285714,2.28571428571429,2.42857142857143,2,1,-5,1,1,0,2,,0,1,0,,1861
9,94,"94s1",1,1,22,1,1,2,0.714285714285714,2.28571428571429,2.42857142857143,2,2,-5,1,1,2,0,,1,0,0,,1862
9,94,"94s2",2,1,22,1,1,2,0.714285714285714,2.28571428571429,2.42857142857143,2,1,9,0,1,1,2,,2,1,0,,1863
9,94,"94s2",2,1,22,1,1,2,0.714285714285714,2.28571428571429,2.42857142857143,2,2,-5,1,0,2,1,,1,2,0,,1864
9,94,"94s3",3,1,22,1,1,2,0.714285714285714,2.28571428571429,2.42857142857143,2,1,9,0,0,2,2,,1,1,1,,1865
9,94,"94s3",3,1,22,1,1,2,0.714285714285714,2.28571428571429,2.42857142857143,2,2,9,0,0,2,2,,1,1,1,,1866
9,94,"94s4",4,1,22,1,1,2,0.714285714285714,2.28571428571429,2.42857142857143,2,1,-5,1,1,0,0,,0,0,1,,1867
9,94,"94s4",4,1,22,1,1,2,0.714285714285714,2.28571428571429,2.42857142857143,2,2,-5,1,1,0,0,,0,0,1,,1868
9,94,"94s5",5,1,22,1,1,2,0.714285714285714,2.28571428571429,2.42857142857143,2,1,9,0,1,2,0,,1,0,0,,1869
9,94,"94s5",5,1,22,1,1,2,0.714285714285714,2.28571428571429,2.42857142857143,2,2,-5,1,0,0,2,,0,1,0,,1870
9,94,"94s6",6,0,22,1,1,2,0.714285714285714,2.28571428571429,2.42857142857143,2,1,9,0,0,2,0,1,1,0,0,2,1871
9,94,"94s6",6,0,22,1,1,2,0.714285714285714,2.28571428571429,2.42857142857143,2,2,9,0,0,0,2,1,0,1,0,2,1872
9,94,"94s7",7,0,22,1,1,2,0.714285714285714,2.28571428571429,2.42857142857143,2,1,9,0,0,0,0,1,0,0,1,2,1873
9,94,"94s7",7,0,22,1,1,2,0.714285714285714,2.28571428571429,2.42857142857143,2,2,9,0,0,0,0,1,0,0,1,2,1874
9,94,"94s8",8,0,22,1,1,2,0.714285714285714,2.28571428571429,2.42857142857143,2,1,9,0,0,1,0,1,2,0,0,2,1875
9,94,"94s8",8,0,22,1,1,2,0.714285714285714,2.28571428571429,2.42857142857143,2,2,9,0,0,0,1,1,0,2,0,2,1876
9,94,"94s9",9,0,22,1,1,2,0.714285714285714,2.28571428571429,2.42857142857143,2,1,-5,1,1,0,1,2,0,2,0,1,1877
9,94,"94s9",9,0,22,1,1,2,0.714285714285714,2.28571428571429,2.42857142857143,2,2,-7,1,1,1,0,2,2,0,0,1,1878
9,94,"94s10",10,0,22,1,1,2,0.714285714285714,2.28571428571429,2.42857142857143,2,1,-6,1,0,2,0,1,1,0,0,2,1879
9,94,"94s10",10,0,22,1,1,2,0.714285714285714,2.28571428571429,2.42857142857143,2,2,9,0,1,0,2,1,0,1,0,2,1880
9,95,"95s1",1,0,18,3,1,1,1.71428571428571,2.85714285714286,2.42857142857143,2.14285714285714,1,-5,1,1,2,0,2,2,0,0,2,1881
9,95,"95s1",1,0,18,3,1,1,1.71428571428571,2.85714285714286,2.42857142857143,2.14285714285714,2,-5,1,1,0,2,2,0,2,0,2,1882
9,95,"95s2",2,0,18,3,1,1,1.71428571428571,2.85714285714286,2.42857142857143,2.14285714285714,1,-6,1,0,1,1,2,1,1,1,2,1883
9,95,"95s2",2,0,18,3,1,1,1.71428571428571,2.85714285714286,2.42857142857143,2.14285714285714,2,9,0,1,1,1,2,1,1,1,2,1884
9,95,"95s3",3,0,18,3,1,1,1.71428571428571,2.85714285714286,2.42857142857143,2.14285714285714,1,-6,1,0,0,2,2,0,2,0,2,1885
9,95,"95s3",3,0,18,3,1,1,1.71428571428571,2.85714285714286,2.42857142857143,2.14285714285714,2,9,0,1,2,0,2,2,0,0,2,1886
9,95,"95s4",4,0,18,3,1,1,1.71428571428571,2.85714285714286,2.42857142857143,2.14285714285714,1,9,0,0,0,2,2,0,2,0,2,1887
9,95,"95s4",4,0,18,3,1,1,1.71428571428571,2.85714285714286,2.42857142857143,2.14285714285714,2,9,0,0,2,0,2,2,0,0,2,1888
9,95,"95s5",5,0,18,3,1,1,1.71428571428571,2.85714285714286,2.42857142857143,2.14285714285714,1,-6,1,1,2,1,1,2,1,0,1,1889
9,95,"95s5",5,0,18,3,1,1,1.71428571428571,2.85714285714286,2.42857142857143,2.14285714285714,2,-6,1,1,1,2,1,1,2,0,1,1890
9,95,"95s6",6,1,18,3,1,1,1.71428571428571,2.85714285714286,2.42857142857143,2.14285714285714,1,9,0,1,2,1,,2,1,0,,1891
9,95,"95s6",6,1,18,3,1,1,1.71428571428571,2.85714285714286,2.42857142857143,2.14285714285714,2,-6,1,0,1,2,,1,2,0,,1892
9,95,"95s7",7,1,18,3,1,1,1.71428571428571,2.85714285714286,2.42857142857143,2.14285714285714,1,-6,1,1,2,1,,2,1,0,,1893
9,95,"95s7",7,1,18,3,1,1,1.71428571428571,2.85714285714286,2.42857142857143,2.14285714285714,2,-6,1,1,1,2,,1,2,0,,1894
9,95,"95s8",8,1,18,3,1,1,1.71428571428571,2.85714285714286,2.42857142857143,2.14285714285714,1,-6,1,0,2,1,,2,1,0,,1895
9,95,"95s8",8,1,18,3,1,1,1.71428571428571,2.85714285714286,2.42857142857143,2.14285714285714,2,9,0,1,1,2,,1,2,0,,1896
9,95,"95s9",9,1,18,3,1,1,1.71428571428571,2.85714285714286,2.42857142857143,2.14285714285714,1,9,0,0,0,1,,0,1,0,,1897
9,95,"95s9",9,1,18,3,1,1,1.71428571428571,2.85714285714286,2.42857142857143,2.14285714285714,2,9,0,0,1,0,,1,0,0,,1898
9,95,"95s10",10,1,18,3,1,1,1.71428571428571,2.85714285714286,2.42857142857143,2.14285714285714,1,-6,1,0,1,2,,1,2,0,,1899
9,95,"95s10",10,1,18,3,1,1,1.71428571428571,2.85714285714286,2.42857142857143,2.14285714285714,2,9,0,1,2,1,,2,1,0,,1900
9,96,"96s1",1,1,21,3,1,2,1.71428571428571,3,2.42857142857143,1.85714285714286,1,2,0,0,1,0,,2,0,0,,1901
9,96,"96s1",1,1,21,3,1,2,1.71428571428571,3,2.42857142857143,1.85714285714286,2,2,0,0,0,1,,0,2,0,,1902
9,96,"96s2",2,1,21,3,1,2,1.71428571428571,3,2.42857142857143,1.85714285714286,1,0,1,1,0,1,,0,2,0,,1903
9,96,"96s2",2,1,21,3,1,2,1.71428571428571,3,2.42857142857143,1.85714285714286,2,0,1,1,1,0,,2,0,0,,1904
9,96,"96s3",3,1,21,3,1,2,1.71428571428571,3,2.42857142857143,1.85714285714286,1,0,1,1,0,0,,0,0,1,,1905
9,96,"96s3",3,1,21,3,1,2,1.71428571428571,3,2.42857142857143,1.85714285714286,2,0,1,1,0,0,,0,0,1,,1906
9,96,"96s4",4,1,21,3,1,2,1.71428571428571,3,2.42857142857143,1.85714285714286,1,0,0,1,0,2,,0,1,0,,1907
9,96,"96s4",4,1,21,3,1,2,1.71428571428571,3,2.42857142857143,1.85714285714286,2,0,1,0,2,0,,1,0,0,,1908
9,96,"96s5",5,1,21,3,1,2,1.71428571428571,3,2.42857142857143,1.85714285714286,1,0,1,1,1,2,,2,1,0,,1909
9,96,"96s5",5,1,21,3,1,2,1.71428571428571,3,2.42857142857143,1.85714285714286,2,0,1,1,2,1,,1,2,0,,1910
9,96,"96s6",6,0,21,3,1,2,1.71428571428571,3,2.42857142857143,1.85714285714286,1,0,0,1,0,0,1,0,0,1,2,1911
9,96,"96s6",6,0,21,3,1,2,1.71428571428571,3,2.42857142857143,1.85714285714286,2,0,1,0,0,0,1,0,0,1,2,1912
9,96,"96s7",7,0,21,3,1,2,1.71428571428571,3,2.42857142857143,1.85714285714286,1,-1,1,0,2,0,2,1,0,0,1,1913
9,96,"96s7",7,0,21,3,1,2,1.71428571428571,3,2.42857142857143,1.85714285714286,2,-1,0,1,0,2,2,0,1,0,1,1914
9,96,"96s8",8,0,21,3,1,2,1.71428571428571,3,2.42857142857143,1.85714285714286,1,-1,0,1,0,0,2,0,0,1,1,1915
9,96,"96s8",8,0,21,3,1,2,1.71428571428571,3,2.42857142857143,1.85714285714286,2,-1,1,0,0,0,2,0,0,1,1,1916
9,96,"96s9",9,0,21,3,1,2,1.71428571428571,3,2.42857142857143,1.85714285714286,1,0,1,0,1,1,2,2,2,1,1,1917
9,96,"96s9",9,0,21,3,1,2,1.71428571428571,3,2.42857142857143,1.85714285714286,2,0,0,1,1,1,2,2,2,1,1,1918
9,96,"96s10",10,0,21,3,1,2,1.71428571428571,3,2.42857142857143,1.85714285714286,1,0,1,1,1,2,2,2,1,0,1,1919
9,96,"96s10",10,0,21,3,1,2,1.71428571428571,3,2.42857142857143,1.85714285714286,2,0,1,1,2,1,2,1,2,0,1,1920
9,97,"97s1",1,0,18,1,1,1,1.57142857142857,2.42857142857143,2.71428571428571,1.57142857142857,1,-5,0,1,1,2,2,1,2,0,2,1921
9,97,"97s1",1,0,18,1,1,1,1.57142857142857,2.42857142857143,2.71428571428571,1.57142857142857,2,-6,1,0,2,1,2,2,1,0,2,1922
9,97,"97s2",2,0,18,1,1,1,1.57142857142857,2.42857142857143,2.71428571428571,1.57142857142857,1,9,0,0,2,2,1,2,2,1,1,1923
9,97,"97s2",2,0,18,1,1,1,1.57142857142857,2.42857142857143,2.71428571428571,1.57142857142857,2,9,0,0,2,2,1,2,2,1,1,1924
9,97,"97s3",3,0,18,1,1,1,1.57142857142857,2.42857142857143,2.71428571428571,1.57142857142857,1,-5,0,1,0,1,1,0,1,0,1,1925
9,97,"97s3",3,0,18,1,1,1,1.57142857142857,2.42857142857143,2.71428571428571,1.57142857142857,2,-6,1,0,1,0,1,1,0,0,1,1926
9,97,"97s4",4,0,18,1,1,1,1.57142857142857,2.42857142857143,2.71428571428571,1.57142857142857,1,5,1,1,1,2,2,1,2,0,2,1927
9,97,"97s4",4,0,18,1,1,1,1.57142857142857,2.42857142857143,2.71428571428571,1.57142857142857,2,5,1,1,2,1,2,2,1,0,2,1928
9,97,"97s5",5,0,18,1,1,1,1.57142857142857,2.42857142857143,2.71428571428571,1.57142857142857,1,9,0,0,1,0,1,1,0,0,1,1929
9,97,"97s5",5,0,18,1,1,1,1.57142857142857,2.42857142857143,2.71428571428571,1.57142857142857,2,9,0,0,0,1,1,0,1,0,1,1930
9,97,"97s6",6,1,18,1,1,1,1.57142857142857,2.42857142857143,2.71428571428571,1.57142857142857,1,-5,1,0,2,1,,2,1,0,,1931
9,97,"97s6",6,1,18,1,1,1,1.57142857142857,2.42857142857143,2.71428571428571,1.57142857142857,2,-6,0,1,1,2,,1,2,0,,1932
9,97,"97s7",7,1,18,1,1,1,1.57142857142857,2.42857142857143,2.71428571428571,1.57142857142857,1,-7,1,0,2,0,,2,0,0,,1933
9,97,"97s7",7,1,18,1,1,1,1.57142857142857,2.42857142857143,2.71428571428571,1.57142857142857,2,4,0,1,0,2,,0,2,0,,1934
9,97,"97s8",8,1,18,1,1,1,1.57142857142857,2.42857142857143,2.71428571428571,1.57142857142857,1,-6,1,0,0,1,,0,1,0,,1935
9,97,"97s8",8,1,18,1,1,1,1.57142857142857,2.42857142857143,2.71428571428571,1.57142857142857,2,3,0,1,1,0,,1,0,0,,1936
9,97,"97s9",9,1,18,1,1,1,1.57142857142857,2.42857142857143,2.71428571428571,1.57142857142857,1,-5,1,1,1,0,,1,0,0,,1937
9,97,"97s9",9,1,18,1,1,1,1.57142857142857,2.42857142857143,2.71428571428571,1.57142857142857,2,-5,1,1,0,1,,0,1,0,,1938
9,97,"97s10",10,1,18,1,1,1,1.57142857142857,2.42857142857143,2.71428571428571,1.57142857142857,1,-5,1,1,2,2,,2,2,1,,1939
9,97,"97s10",10,1,18,1,1,1,1.57142857142857,2.42857142857143,2.71428571428571,1.57142857142857,2,-5,1,1,2,2,,2,2,1,,1940
9,98,"98s1",1,0,21,1,0,2,1.85714285714286,2.42857142857143,2.28571428571429,2.28571428571429,1,1,1,1,0,2,2,0,1,0,1,1941
9,98,"98s1",1,0,21,1,0,2,1.85714285714286,2.42857142857143,2.28571428571429,2.28571428571429,2,1,1,1,2,0,2,1,0,0,1,1942
9,98,"98s2",2,0,21,1,0,2,1.85714285714286,2.42857142857143,2.28571428571429,2.28571428571429,1,3,0,1,1,0,1,2,0,0,2,1943
9,98,"98s2",2,0,21,1,0,2,1.85714285714286,2.42857142857143,2.28571428571429,2.28571428571429,2,-1,1,0,0,1,1,0,2,0,2,1944
9,98,"98s3",3,0,21,1,0,2,1.85714285714286,2.42857142857143,2.28571428571429,2.28571428571429,1,-1,1,1,0,2,2,0,1,0,1,1945
9,98,"98s3",3,0,21,1,0,2,1.85714285714286,2.42857142857143,2.28571428571429,2.28571428571429,2,-1,1,1,2,0,2,1,0,0,1,1946
9,98,"98s4",4,0,21,1,0,2,1.85714285714286,2.42857142857143,2.28571428571429,2.28571428571429,1,-1,1,0,2,0,1,1,0,0,2,1947
9,98,"98s4",4,0,21,1,0,2,1.85714285714286,2.42857142857143,2.28571428571429,2.28571428571429,2,2,0,1,0,2,1,0,1,0,2,1948
9,98,"98s5",5,0,21,1,0,2,1.85714285714286,2.42857142857143,2.28571428571429,2.28571428571429,1,2,0,1,0,0,2,0,0,1,1,1949
9,98,"98s5",5,0,21,1,0,2,1.85714285714286,2.42857142857143,2.28571428571429,2.28571428571429,2,-2,1,0,0,0,2,0,0,1,1,1950
9,98,"98s6",6,1,21,1,0,2,1.85714285714286,2.42857142857143,2.28571428571429,2.28571428571429,1,-2,1,1,1,0,,2,0,0,,1951
9,98,"98s6",6,1,21,1,0,2,1.85714285714286,2.42857142857143,2.28571428571429,2.28571428571429,2,-2,1,1,0,1,,0,2,0,,1952
9,98,"98s7",7,1,21,1,0,2,1.85714285714286,2.42857142857143,2.28571428571429,2.28571428571429,1,-1,1,0,1,1,,2,2,1,,1953
9,98,"98s7",7,1,21,1,0,2,1.85714285714286,2.42857142857143,2.28571428571429,2.28571428571429,2,2,0,1,1,1,,2,2,1,,1954
9,98,"98s8",8,1,21,1,0,2,1.85714285714286,2.42857142857143,2.28571428571429,2.28571428571429,1,2,0,1,2,1,,1,2,0,,1955
9,98,"98s8",8,1,21,1,0,2,1.85714285714286,2.42857142857143,2.28571428571429,2.28571428571429,2,-1,1,0,1,2,,2,1,0,,1956
9,98,"98s9",9,1,21,1,0,2,1.85714285714286,2.42857142857143,2.28571428571429,2.28571428571429,1,2,0,1,2,1,,1,2,0,,1957
9,98,"98s9",9,1,21,1,0,2,1.85714285714286,2.42857142857143,2.28571428571429,2.28571428571429,2,-1,1,0,1,2,,2,1,0,,1958
9,98,"98s10",10,1,21,1,0,2,1.85714285714286,2.42857142857143,2.28571428571429,2.28571428571429,1,5,0,0,1,1,,2,2,1,,1959
9,98,"98s10",10,1,21,1,0,2,1.85714285714286,2.42857142857143,2.28571428571429,2.28571428571429,2,5,0,0,1,1,,2,2,1,,1960
9,99,"99s1",1,1,19,3,0,1,3.57142857142857,3.42857142857143,3.14285714285714,1.57142857142857,1,0,1,1,1,0,,1,0,0,,1961
9,99,"99s1",1,1,19,3,0,1,3.57142857142857,3.42857142857143,3.14285714285714,1.57142857142857,2,0,1,1,0,1,,0,1,0,,1962
9,99,"99s2",2,1,19,3,0,1,3.57142857142857,3.42857142857143,3.14285714285714,1.57142857142857,1,9,0,1,0,0,,0,0,1,,1963
9,99,"99s2",2,1,19,3,0,1,3.57142857142857,3.42857142857143,3.14285714285714,1.57142857142857,2,-3,1,0,0,0,,0,0,1,,1964
9,99,"99s3",3,1,19,3,0,1,3.57142857142857,3.42857142857143,3.14285714285714,1.57142857142857,1,9,0,1,0,0,,0,0,1,,1965
9,99,"99s3",3,1,19,3,0,1,3.57142857142857,3.42857142857143,3.14285714285714,1.57142857142857,2,-3,1,0,0,0,,0,0,1,,1966
9,99,"99s4",4,1,19,3,0,1,3.57142857142857,3.42857142857143,3.14285714285714,1.57142857142857,1,9,0,1,2,0,,2,0,0,,1967
9,99,"99s4",4,1,19,3,0,1,3.57142857142857,3.42857142857143,3.14285714285714,1.57142857142857,2,-3,1,0,0,2,,0,2,0,,1968
9,99,"99s5",5,1,19,3,0,1,3.57142857142857,3.42857142857143,3.14285714285714,1.57142857142857,1,9,0,0,1,2,,1,2,0,,1969
9,99,"99s5",5,1,19,3,0,1,3.57142857142857,3.42857142857143,3.14285714285714,1.57142857142857,2,9,0,0,2,1,,2,1,0,,1970
9,99,"99s6",6,0,19,3,0,1,3.57142857142857,3.42857142857143,3.14285714285714,1.57142857142857,1,-3,1,0,0,0,2,0,0,1,2,1971
9,99,"99s6",6,0,19,3,0,1,3.57142857142857,3.42857142857143,3.14285714285714,1.57142857142857,2,9,0,1,0,0,2,0,0,1,2,1972
9,99,"99s7",7,0,19,3,0,1,3.57142857142857,3.42857142857143,3.14285714285714,1.57142857142857,1,9,0,0,2,0,1,2,0,0,1,1973
9,99,"99s7",7,0,19,3,0,1,3.57142857142857,3.42857142857143,3.14285714285714,1.57142857142857,2,9,0,0,0,2,1,0,2,0,1,1974
9,99,"99s8",8,0,19,3,0,1,3.57142857142857,3.42857142857143,3.14285714285714,1.57142857142857,1,-3,1,1,1,2,2,1,2,0,2,1975
9,99,"99s8",8,0,19,3,0,1,3.57142857142857,3.42857142857143,3.14285714285714,1.57142857142857,2,-3,1,1,2,1,2,2,1,0,2,1976
9,99,"99s9",9,0,19,3,0,1,3.57142857142857,3.42857142857143,3.14285714285714,1.57142857142857,1,9,0,0,2,1,2,2,1,0,2,1977
9,99,"99s9",9,0,19,3,0,1,3.57142857142857,3.42857142857143,3.14285714285714,1.57142857142857,2,9,0,0,1,2,2,1,2,0,2,1978
9,99,"99s10",10,0,19,3,0,1,3.57142857142857,3.42857142857143,3.14285714285714,1.57142857142857,1,-3,1,0,2,0,1,2,0,0,1,1979
9,99,"99s10",10,0,19,3,0,1,3.57142857142857,3.42857142857143,3.14285714285714,1.57142857142857,2,9,0,1,0,2,1,0,2,0,1,1980
9,100,"100s1",1,1,19,1,0,1,1.57142857142857,2.57142857142857,2.71428571428571,0.571428571428571,1,-1,1,1,1,2,,1,2,0,,1981
9,100,"100s1",1,1,19,1,0,1,1.57142857142857,2.57142857142857,2.71428571428571,0.571428571428571,2,-1,1,1,2,1,,2,1,0,,1982
9,100,"100s2",2,1,19,1,0,1,1.57142857142857,2.57142857142857,2.71428571428571,0.571428571428571,1,-1,1,0,1,2,,1,2,0,,1983
9,100,"100s2",2,1,19,1,0,1,1.57142857142857,2.57142857142857,2.71428571428571,0.571428571428571,2,1,0,1,2,1,,2,1,0,,1984
9,100,"100s3",3,1,19,1,0,1,1.57142857142857,2.57142857142857,2.71428571428571,0.571428571428571,1,-1,1,1,0,2,,0,2,0,,1985
9,100,"100s3",3,1,19,1,0,1,1.57142857142857,2.57142857142857,2.71428571428571,0.571428571428571,2,-1,1,1,2,0,,2,0,0,,1986
9,100,"100s4",4,1,19,1,0,1,1.57142857142857,2.57142857142857,2.71428571428571,0.571428571428571,1,-1,1,1,0,0,,0,0,1,,1987
9,100,"100s4",4,1,19,1,0,1,1.57142857142857,2.57142857142857,2.71428571428571,0.571428571428571,2,-1,1,1,0,0,,0,0,1,,1988
9,100,"100s5",5,1,19,1,0,1,1.57142857142857,2.57142857142857,2.71428571428571,0.571428571428571,1,-1,1,1,2,1,,2,1,0,,1989
9,100,"100s5",5,1,19,1,0,1,1.57142857142857,2.57142857142857,2.71428571428571,0.571428571428571,2,-1,1,1,1,2,,1,2,0,,1990
9,100,"100s6",6,0,19,1,0,1,1.57142857142857,2.57142857142857,2.71428571428571,0.571428571428571,1,9,0,1,0,1,1,0,1,0,1,1991
9,100,"100s6",6,0,19,1,0,1,1.57142857142857,2.57142857142857,2.71428571428571,0.571428571428571,2,-1,1,0,1,0,1,1,0,0,1,1992
9,100,"100s7",7,0,19,1,0,1,1.57142857142857,2.57142857142857,2.71428571428571,0.571428571428571,1,9,0,0,1,1,1,1,1,1,1,1993
9,100,"100s7",7,0,19,1,0,1,1.57142857142857,2.57142857142857,2.71428571428571,0.571428571428571,2,9,0,0,1,1,1,1,1,1,1,1994
9,100,"100s8",8,0,19,1,0,1,1.57142857142857,2.57142857142857,2.71428571428571,0.571428571428571,1,-1,1,1,2,1,2,2,1,0,2,1995
9,100,"100s8",8,0,19,1,0,1,1.57142857142857,2.57142857142857,2.71428571428571,0.571428571428571,2,-1,1,1,1,2,2,1,2,0,2,1996
9,100,"100s9",9,0,19,1,0,1,1.57142857142857,2.57142857142857,2.71428571428571,0.571428571428571,1,9,0,0,2,2,2,2,2,1,2,1997
9,100,"100s9",9,0,19,1,0,1,1.57142857142857,2.57142857142857,2.71428571428571,0.571428571428571,2,9,0,0,2,2,2,2,2,1,2,1998
9,100,"100s10",10,0,19,1,0,1,1.57142857142857,2.57142857142857,2.71428571428571,0.571428571428571,1,-1,1,1,2,0,2,2,0,0,2,1999
9,100,"100s10",10,0,19,1,0,1,1.57142857142857,2.57142857142857,2.71428571428571,0.571428571428571,2,-1,1,1,0,2,2,0,2,0,2,2000
10,101,"101s1",1,1,18,1,0,2,1,2.57142857142857,2.85714285714286,0.857142857142857,1,9,0,0,1,2,,2,1,0,,2001
10,101,"101s1",1,1,18,1,0,2,1,2.57142857142857,2.85714285714286,0.857142857142857,2,9,0,0,2,1,,1,2,0,,2002
10,101,"101s2",2,1,18,1,0,2,1,2.57142857142857,2.85714285714286,0.857142857142857,1,9,0,1,1,2,,2,1,0,,2003
10,101,"101s2",2,1,18,1,0,2,1,2.57142857142857,2.85714285714286,0.857142857142857,2,-3,1,0,2,1,,1,2,0,,2004
10,101,"101s3",3,1,18,1,0,2,1,2.57142857142857,2.85714285714286,0.857142857142857,1,-9,1,1,1,0,,2,0,0,,2005
10,101,"101s3",3,1,18,1,0,2,1,2.57142857142857,2.85714285714286,0.857142857142857,2,-9,1,1,0,1,,0,2,0,,2006
10,101,"101s4",4,1,18,1,0,2,1,2.57142857142857,2.85714285714286,0.857142857142857,1,-9,1,1,0,1,,0,2,0,,2007
10,101,"101s4",4,1,18,1,0,2,1,2.57142857142857,2.85714285714286,0.857142857142857,2,-9,1,1,1,0,,2,0,0,,2008
10,101,"101s5",5,1,18,1,0,2,1,2.57142857142857,2.85714285714286,0.857142857142857,1,-9,1,0,2,1,,1,2,0,,2009
10,101,"101s5",5,1,18,1,0,2,1,2.57142857142857,2.85714285714286,0.857142857142857,2,9,0,1,1,2,,2,1,0,,2010
10,101,"101s6",6,0,18,1,0,2,1,2.57142857142857,2.85714285714286,0.857142857142857,1,-9,1,0,0,1,2,0,2,0,1,2011
10,101,"101s6",6,0,18,1,0,2,1,2.57142857142857,2.85714285714286,0.857142857142857,2,9,0,1,1,0,2,2,0,0,1,2012
10,101,"101s7",7,0,18,1,0,2,1,2.57142857142857,2.85714285714286,0.857142857142857,1,-9,1,0,1,2,2,2,1,0,1,2013
10,101,"101s7",7,0,18,1,0,2,1,2.57142857142857,2.85714285714286,0.857142857142857,2,9,0,1,2,1,2,1,2,0,1,2014
10,101,"101s8",8,0,18,1,0,2,1,2.57142857142857,2.85714285714286,0.857142857142857,1,9,0,0,1,2,2,2,1,0,1,2015
10,101,"101s8",8,0,18,1,0,2,1,2.57142857142857,2.85714285714286,0.857142857142857,2,9,0,0,2,1,2,1,2,0,1,2016
10,101,"101s9",9,0,18,1,0,2,1,2.57142857142857,2.85714285714286,0.857142857142857,1,-9,1,0,1,1,2,2,2,1,1,2017
10,101,"101s9",9,0,18,1,0,2,1,2.57142857142857,2.85714285714286,0.857142857142857,2,9,0,1,1,1,2,2,2,1,1,2018
10,101,"101s10",10,0,18,1,0,2,1,2.57142857142857,2.85714285714286,0.857142857142857,1,-9,1,0,2,1,1,1,2,0,2,2019
10,101,"101s10",10,0,18,1,0,2,1,2.57142857142857,2.85714285714286,0.857142857142857,2,9,0,1,1,2,1,2,1,0,2,2020
10,102,"102s1",1,0,18,3,0,2,0.714285714285714,2,2.14285714285714,2.85714285714286,1,2,1,0,1,1,2,2,2,1,1,2021
10,102,"102s1",1,0,18,3,0,2,0.714285714285714,2,2.14285714285714,2.85714285714286,2,4,0,1,1,1,2,2,2,1,1,2022
10,102,"102s2",2,0,18,3,0,2,0.714285714285714,2,2.14285714285714,2.85714285714286,1,6,0,1,0,2,1,0,1,0,2,2023
10,102,"102s2",2,0,18,3,0,2,0.714285714285714,2,2.14285714285714,2.85714285714286,2,2,1,0,2,0,1,1,0,0,2,2024
10,102,"102s3",3,0,18,3,0,2,0.714285714285714,2,2.14285714285714,2.85714285714286,1,2,1,0,1,2,2,2,1,0,1,2025
10,102,"102s3",3,0,18,3,0,2,0.714285714285714,2,2.14285714285714,2.85714285714286,2,6,0,1,2,1,2,1,2,0,1,2026
10,102,"102s4",4,0,18,3,0,2,0.714285714285714,2,2.14285714285714,2.85714285714286,1,6,0,1,2,2,2,1,1,1,1,2027
10,102,"102s4",4,0,18,3,0,2,0.714285714285714,2,2.14285714285714,2.85714285714286,2,2,1,0,2,2,2,1,1,1,1,2028
10,102,"102s5",5,0,18,3,0,2,0.714285714285714,2,2.14285714285714,2.85714285714286,1,2,1,1,2,1,1,1,2,0,2,2029
10,102,"102s5",5,0,18,3,0,2,0.714285714285714,2,2.14285714285714,2.85714285714286,2,2,1,1,1,2,1,2,1,0,2,2030
10,102,"102s6",6,1,18,3,0,2,0.714285714285714,2,2.14285714285714,2.85714285714286,1,-7,1,1,0,1,,0,2,0,,2031
10,102,"102s6",6,1,18,3,0,2,0.714285714285714,2,2.14285714285714,2.85714285714286,2,-7,1,1,1,0,,2,0,0,,2032
10,102,"102s7",7,1,18,3,0,2,0.714285714285714,2,2.14285714285714,2.85714285714286,1,-8,1,0,2,1,,1,2,0,,2033
10,102,"102s7",7,1,18,3,0,2,0.714285714285714,2,2.14285714285714,2.85714285714286,2,5,0,1,1,2,,2,1,0,,2034
10,102,"102s8",8,1,18,3,0,2,0.714285714285714,2,2.14285714285714,2.85714285714286,1,3,0,1,2,0,,1,0,0,,2035
10,102,"102s8",8,1,18,3,0,2,0.714285714285714,2,2.14285714285714,2.85714285714286,2,-5,1,0,0,2,,0,1,0,,2036
10,102,"102s9",9,1,18,3,0,2,0.714285714285714,2,2.14285714285714,2.85714285714286,1,2,0,1,1,1,,2,2,1,,2037
10,102,"102s9",9,1,18,3,0,2,0.714285714285714,2,2.14285714285714,2.85714285714286,2,-9,1,0,1,1,,2,2,1,,2038
10,102,"102s10",10,1,18,3,0,2,0.714285714285714,2,2.14285714285714,2.85714285714286,1,-8,1,0,1,2,,2,1,0,,2039
10,102,"102s10",10,1,18,3,0,2,0.714285714285714,2,2.14285714285714,2.85714285714286,2,3,0,1,2,1,,1,2,0,,2040
10,103,"103s1",1,0,27,1,1,1,2.71428571428571,3.71428571428571,2.85714285714286,2.42857142857143,1,3,1,0,1,1,1,1,1,1,1,2041
10,103,"103s1",1,0,27,1,1,1,2.71428571428571,3.71428571428571,2.85714285714286,2.42857142857143,2,9,0,1,1,1,1,1,1,1,1,2042
10,103,"103s2",2,0,27,1,1,1,2.71428571428571,3.71428571428571,2.85714285714286,2.42857142857143,1,9,0,1,0,0,1,0,0,1,1,2043
10,103,"103s2",2,0,27,1,1,1,2.71428571428571,3.71428571428571,2.85714285714286,2.42857142857143,2,3,1,0,0,0,1,0,0,1,1,2044
10,103,"103s3",3,0,27,1,1,1,2.71428571428571,3.71428571428571,2.85714285714286,2.42857142857143,1,9,0,0,1,2,2,1,2,0,2,2045
10,103,"103s3",3,0,27,1,1,1,2.71428571428571,3.71428571428571,2.85714285714286,2.42857142857143,2,9,0,0,2,1,2,2,1,0,2,2046
10,103,"103s4",4,0,27,1,1,1,2.71428571428571,3.71428571428571,2.85714285714286,2.42857142857143,1,9,0,1,0,1,1,0,1,0,1,2047
10,103,"103s4",4,0,27,1,1,1,2.71428571428571,3.71428571428571,2.85714285714286,2.42857142857143,2,3,1,0,1,0,1,1,0,0,1,2048
10,103,"103s5",5,0,27,1,1,1,2.71428571428571,3.71428571428571,2.85714285714286,2.42857142857143,1,9,0,1,2,2,1,2,2,1,1,2049
10,103,"103s5",5,0,27,1,1,1,2.71428571428571,3.71428571428571,2.85714285714286,2.42857142857143,2,3,1,0,2,2,1,2,2,1,1,2050
10,103,"103s6",6,1,27,1,1,1,2.71428571428571,3.71428571428571,2.85714285714286,2.42857142857143,1,9,0,0,0,0,,0,0,1,,2051
10,103,"103s6",6,1,27,1,1,1,2.71428571428571,3.71428571428571,2.85714285714286,2.42857142857143,2,9,0,0,0,0,,0,0,1,,2052
10,103,"103s7",7,1,27,1,1,1,2.71428571428571,3.71428571428571,2.85714285714286,2.42857142857143,1,9,0,0,1,0,,1,0,0,,2053
10,103,"103s7",7,1,27,1,1,1,2.71428571428571,3.71428571428571,2.85714285714286,2.42857142857143,2,9,0,0,0,1,,0,1,0,,2054
10,103,"103s8",8,1,27,1,1,1,2.71428571428571,3.71428571428571,2.85714285714286,2.42857142857143,1,3,1,1,2,1,,2,1,0,,2055
10,103,"103s8",8,1,27,1,1,1,2.71428571428571,3.71428571428571,2.85714285714286,2.42857142857143,2,3,1,1,1,2,,1,2,0,,2056
10,103,"103s9",9,1,27,1,1,1,2.71428571428571,3.71428571428571,2.85714285714286,2.42857142857143,1,3,1,1,2,1,,2,1,0,,2057
10,103,"103s9",9,1,27,1,1,1,2.71428571428571,3.71428571428571,2.85714285714286,2.42857142857143,2,3,1,1,1,2,,1,2,0,,2058
10,103,"103s10",10,1,27,1,1,1,2.71428571428571,3.71428571428571,2.85714285714286,2.42857142857143,1,3,1,1,1,1,,1,1,1,,2059
10,103,"103s10",10,1,27,1,1,1,2.71428571428571,3.71428571428571,2.85714285714286,2.42857142857143,2,3,1,1,1,1,,1,1,1,,2060
10,104,"104s1",1,1,22,4,1,2,2,4,3.57142857142857,1.14285714285714,1,-3,1,0,1,0,,2,0,0,,2061
10,104,"104s1",1,1,22,4,1,2,2,4,3.57142857142857,1.14285714285714,2,3,0,1,0,1,,0,2,0,,2062
10,104,"104s2",2,1,22,4,1,2,2,4,3.57142857142857,1.14285714285714,1,2,1,1,0,2,,0,1,0,,2063
10,104,"104s2",2,1,22,4,1,2,2,4,3.57142857142857,1.14285714285714,2,2,1,1,2,0,,1,0,0,,2064
10,104,"104s3",3,1,22,4,1,2,2,4,3.57142857142857,1.14285714285714,1,-3,1,1,2,0,,1,0,0,,2065
10,104,"104s3",3,1,22,4,1,2,2,4,3.57142857142857,1.14285714285714,2,-3,1,1,0,2,,0,1,0,,2066
10,104,"104s4",4,1,22,4,1,2,2,4,3.57142857142857,1.14285714285714,1,-4,1,1,2,1,,1,2,0,,2067
10,104,"104s4",4,1,22,4,1,2,2,4,3.57142857142857,1.14285714285714,2,-4,1,1,1,2,,2,1,0,,2068
10,104,"104s5",5,1,22,4,1,2,2,4,3.57142857142857,1.14285714285714,1,-6,1,1,2,0,,1,0,0,,2069
10,104,"104s5",5,1,22,4,1,2,2,4,3.57142857142857,1.14285714285714,2,-6,1,1,0,2,,0,1,0,,2070
10,104,"104s6",6,0,22,4,1,2,2,4,3.57142857142857,1.14285714285714,1,9,0,0,2,2,2,1,1,1,1,2071
10,104,"104s6",6,0,22,4,1,2,2,4,3.57142857142857,1.14285714285714,2,9,0,0,2,2,2,1,1,1,1,2072
10,104,"104s7",7,0,22,4,1,2,2,4,3.57142857142857,1.14285714285714,1,9,0,0,0,0,1,0,0,1,2,2073
10,104,"104s7",7,0,22,4,1,2,2,4,3.57142857142857,1.14285714285714,2,9,0,0,0,0,1,0,0,1,2,2074
10,104,"104s8",8,0,22,4,1,2,2,4,3.57142857142857,1.14285714285714,1,-9,1,0,1,1,2,2,2,1,1,2075
10,104,"104s8",8,0,22,4,1,2,2,4,3.57142857142857,1.14285714285714,2,9,0,1,1,1,2,2,2,1,1,2076
10,104,"104s9",9,0,22,4,1,2,2,4,3.57142857142857,1.14285714285714,1,9,0,0,1,1,1,2,2,1,2,2077
10,104,"104s9",9,0,22,4,1,2,2,4,3.57142857142857,1.14285714285714,2,9,0,0,1,1,1,2,2,1,2,2078
10,104,"104s10",10,0,22,4,1,2,2,4,3.57142857142857,1.14285714285714,1,-9,1,1,1,0,2,2,0,0,1,2079
10,104,"104s10",10,0,22,4,1,2,2,4,3.57142857142857,1.14285714285714,2,-9,1,1,0,1,2,0,2,0,1,2080
10,105,"105s1",1,1,21,1,1,2,2.14285714285714,3.28571428571429,3.14285714285714,1.85714285714286,1,9,0,0,2,2,,1,1,1,,2081
10,105,"105s1",1,1,21,1,1,2,2.14285714285714,3.28571428571429,3.14285714285714,1.85714285714286,2,9,0,0,2,2,,1,1,1,,2082
10,105,"105s2",2,1,21,1,1,2,2.14285714285714,3.28571428571429,3.14285714285714,1.85714285714286,1,-1,1,0,0,1,,0,2,0,,2083
10,105,"105s2",2,1,21,1,1,2,2.14285714285714,3.28571428571429,3.14285714285714,1.85714285714286,2,9,0,1,1,0,,2,0,0,,2084
10,105,"105s3",3,1,21,1,1,2,2.14285714285714,3.28571428571429,3.14285714285714,1.85714285714286,1,9,0,0,0,1,,0,2,0,,2085
10,105,"105s3",3,1,21,1,1,2,2.14285714285714,3.28571428571429,3.14285714285714,1.85714285714286,2,9,0,0,1,0,,2,0,0,,2086
10,105,"105s4",4,1,21,1,1,2,2.14285714285714,3.28571428571429,3.14285714285714,1.85714285714286,1,-2,1,0,0,0,,0,0,1,,2087
10,105,"105s4",4,1,21,1,1,2,2.14285714285714,3.28571428571429,3.14285714285714,1.85714285714286,2,9,0,1,0,0,,0,0,1,,2088
10,105,"105s5",5,1,21,1,1,2,2.14285714285714,3.28571428571429,3.14285714285714,1.85714285714286,1,9,0,0,2,0,,1,0,0,,2089
10,105,"105s5",5,1,21,1,1,2,2.14285714285714,3.28571428571429,3.14285714285714,1.85714285714286,2,9,0,0,0,2,,0,1,0,,2090
10,105,"105s6",6,0,21,1,1,2,2.14285714285714,3.28571428571429,3.14285714285714,1.85714285714286,1,9,0,0,2,2,2,1,1,1,1,2091
10,105,"105s6",6,0,21,1,1,2,2.14285714285714,3.28571428571429,3.14285714285714,1.85714285714286,2,9,0,0,2,2,2,1,1,1,1,2092
10,105,"105s7",7,0,21,1,1,2,2.14285714285714,3.28571428571429,3.14285714285714,1.85714285714286,1,9,0,1,2,2,2,1,1,1,1,2093
10,105,"105s7",7,0,21,1,1,2,2.14285714285714,3.28571428571429,3.14285714285714,1.85714285714286,2,-2,1,0,2,2,2,1,1,1,1,2094
10,105,"105s8",8,0,21,1,1,2,2.14285714285714,3.28571428571429,3.14285714285714,1.85714285714286,1,-3,1,0,1,0,1,2,0,0,2,2095
10,105,"105s8",8,0,21,1,1,2,2.14285714285714,3.28571428571429,3.14285714285714,1.85714285714286,2,9,0,1,0,1,1,0,2,0,2,2096
10,105,"105s9",9,0,21,1,1,2,2.14285714285714,3.28571428571429,3.14285714285714,1.85714285714286,1,-4,1,1,2,1,2,1,2,0,1,2097
10,105,"105s9",9,0,21,1,1,2,2.14285714285714,3.28571428571429,3.14285714285714,1.85714285714286,2,-4,1,1,1,2,2,2,1,0,1,2098
10,105,"105s10",10,0,21,1,1,2,2.14285714285714,3.28571428571429,3.14285714285714,1.85714285714286,1,9,0,0,2,1,1,1,2,0,2,2099
10,105,"105s10",10,0,21,1,1,2,2.14285714285714,3.28571428571429,3.14285714285714,1.85714285714286,2,9,0,0,1,2,1,2,1,0,2,2100
10,106,"106s1",1,0,21,1,0,2,1.57142857142857,3.14285714285714,3.57142857142857,1.42857142857143,1,-2,0,1,0,1,1,0,2,0,2,2101
10,106,"106s1",1,0,21,1,0,2,1.57142857142857,3.14285714285714,3.57142857142857,1.42857142857143,2,2,1,0,1,0,1,2,0,0,2,2102
10,106,"106s2",2,0,21,1,0,2,1.57142857142857,3.14285714285714,3.57142857142857,1.42857142857143,1,-3,0,1,0,1,1,0,2,0,2,2103
10,106,"106s2",2,0,21,1,0,2,1.57142857142857,3.14285714285714,3.57142857142857,1.42857142857143,2,2,1,0,1,0,1,2,0,0,2,2104
10,106,"106s3",3,0,21,1,0,2,1.57142857142857,3.14285714285714,3.57142857142857,1.42857142857143,1,3,1,1,1,2,2,2,1,0,1,2105
10,106,"106s3",3,0,21,1,0,2,1.57142857142857,3.14285714285714,3.57142857142857,1.42857142857143,2,3,1,1,2,1,2,1,2,0,1,2106
10,106,"106s4",4,0,21,1,0,2,1.57142857142857,3.14285714285714,3.57142857142857,1.42857142857143,1,3,1,1,2,0,1,1,0,0,2,2107
10,106,"106s4",4,0,21,1,0,2,1.57142857142857,3.14285714285714,3.57142857142857,1.42857142857143,2,3,1,1,0,2,1,0,1,0,2,2108
10,106,"106s5",5,0,21,1,0,2,1.57142857142857,3.14285714285714,3.57142857142857,1.42857142857143,1,4,1,1,0,1,2,0,2,0,1,2109
10,106,"106s5",5,0,21,1,0,2,1.57142857142857,3.14285714285714,3.57142857142857,1.42857142857143,2,4,1,1,1,0,2,2,0,0,1,2110
10,106,"106s6",6,1,21,1,0,2,1.57142857142857,3.14285714285714,3.57142857142857,1.42857142857143,1,-3,0,0,2,2,,1,1,1,,2111
10,106,"106s6",6,1,21,1,0,2,1.57142857142857,3.14285714285714,3.57142857142857,1.42857142857143,2,-3,0,0,2,2,,1,1,1,,2112
10,106,"106s7",7,1,21,1,0,2,1.57142857142857,3.14285714285714,3.57142857142857,1.42857142857143,1,1,0,0,0,0,,0,0,1,,2113
10,106,"106s7",7,1,21,1,0,2,1.57142857142857,3.14285714285714,3.57142857142857,1.42857142857143,2,1,0,0,0,0,,0,0,1,,2114
10,106,"106s8",8,1,21,1,0,2,1.57142857142857,3.14285714285714,3.57142857142857,1.42857142857143,1,-1,0,0,1,1,,2,2,1,,2115
10,106,"106s8",8,1,21,1,0,2,1.57142857142857,3.14285714285714,3.57142857142857,1.42857142857143,2,2,0,0,1,1,,2,2,1,,2116
10,106,"106s9",9,1,21,1,0,2,1.57142857142857,3.14285714285714,3.57142857142857,1.42857142857143,1,1,1,0,1,1,,2,2,1,,2117
10,106,"106s9",9,1,21,1,0,2,1.57142857142857,3.14285714285714,3.57142857142857,1.42857142857143,2,-2,0,1,1,1,,2,2,1,,2118
10,106,"106s10",10,1,21,1,0,2,1.57142857142857,3.14285714285714,3.57142857142857,1.42857142857143,1,1,1,1,1,2,,2,1,0,,2119
10,106,"106s10",10,1,21,1,0,2,1.57142857142857,3.14285714285714,3.57142857142857,1.42857142857143,2,1,1,1,2,1,,1,2,0,,2120
10,107,"107s1",1,0,20,2,0,2,2,2.71428571428571,2.14285714285714,1.42857142857143,1,9,0,0,0,2,1,0,1,0,2,2121
10,107,"107s1",1,0,20,2,0,2,2,2.71428571428571,2.14285714285714,1.42857142857143,2,9,0,0,2,0,1,1,0,0,2,2122
10,107,"107s2",2,0,20,2,0,2,2,2.71428571428571,2.14285714285714,1.42857142857143,1,-9,1,1,1,1,1,2,2,1,2,2123
10,107,"107s2",2,0,20,2,0,2,2,2.71428571428571,2.14285714285714,1.42857142857143,2,-9,1,1,1,1,1,2,2,1,2,2124
10,107,"107s3",3,0,20,2,0,2,2,2.71428571428571,2.14285714285714,1.42857142857143,1,9,0,0,2,2,2,1,1,1,1,2125
10,107,"107s3",3,0,20,2,0,2,2,2.71428571428571,2.14285714285714,1.42857142857143,2,9,0,0,2,2,2,1,1,1,1,2126
10,107,"107s4",4,0,20,2,0,2,2,2.71428571428571,2.14285714285714,1.42857142857143,1,9,0,1,0,1,1,0,2,0,2,2127
10,107,"107s4",4,0,20,2,0,2,2,2.71428571428571,2.14285714285714,1.42857142857143,2,-9,1,0,1,0,1,2,0,0,2,2128
10,107,"107s5",5,0,20,2,0,2,2,2.71428571428571,2.14285714285714,1.42857142857143,1,9,0,0,2,1,2,1,2,0,1,2129
10,107,"107s5",5,0,20,2,0,2,2,2.71428571428571,2.14285714285714,1.42857142857143,2,9,0,0,1,2,2,2,1,0,1,2130
10,107,"107s6",6,1,20,2,0,2,2,2.71428571428571,2.14285714285714,1.42857142857143,1,9,0,0,0,2,,0,1,0,,2131
10,107,"107s6",6,1,20,2,0,2,2,2.71428571428571,2.14285714285714,1.42857142857143,2,9,0,0,2,0,,1,0,0,,2132
10,107,"107s7",7,1,20,2,0,2,2,2.71428571428571,2.14285714285714,1.42857142857143,1,9,0,0,1,0,,2,0,0,,2133
10,107,"107s7",7,1,20,2,0,2,2,2.71428571428571,2.14285714285714,1.42857142857143,2,9,0,0,0,1,,0,2,0,,2134
10,107,"107s8",8,1,20,2,0,2,2,2.71428571428571,2.14285714285714,1.42857142857143,1,-9,1,0,2,0,,1,0,0,,2135
10,107,"107s8",8,1,20,2,0,2,2,2.71428571428571,2.14285714285714,1.42857142857143,2,9,0,1,0,2,,0,1,0,,2136
10,107,"107s9",9,1,20,2,0,2,2,2.71428571428571,2.14285714285714,1.42857142857143,1,-9,1,1,2,0,,1,0,0,,2137
10,107,"107s9",9,1,20,2,0,2,2,2.71428571428571,2.14285714285714,1.42857142857143,2,-9,1,1,0,2,,0,1,0,,2138
10,107,"107s10",10,1,20,2,0,2,2,2.71428571428571,2.14285714285714,1.42857142857143,1,-9,1,0,0,2,,0,1,0,,2139
10,107,"107s10",10,1,20,2,0,2,2,2.71428571428571,2.14285714285714,1.42857142857143,2,9,0,1,2,0,,1,0,0,,2140
10,108,"108s1",1,1,23,2,1,2,1.28571428571429,2.85714285714286,2.42857142857143,1.85714285714286,1,9,0,0,2,2,,1,1,1,,2141
10,108,"108s1",1,1,23,2,1,2,1.28571428571429,2.85714285714286,2.42857142857143,1.85714285714286,2,9,0,0,2,2,,1,1,1,,2142
10,108,"108s2",2,1,23,2,1,2,1.28571428571429,2.85714285714286,2.42857142857143,1.85714285714286,1,0,1,1,1,0,,2,0,0,,2143
10,108,"108s2",2,1,23,2,1,2,1.28571428571429,2.85714285714286,2.42857142857143,1.85714285714286,2,0,1,1,0,1,,0,2,0,,2144
10,108,"108s3",3,1,23,2,1,2,1.28571428571429,2.85714285714286,2.42857142857143,1.85714285714286,1,-5,1,1,0,0,,0,0,1,,2145
10,108,"108s3",3,1,23,2,1,2,1.28571428571429,2.85714285714286,2.42857142857143,1.85714285714286,2,-5,1,1,0,0,,0,0,1,,2146
10,108,"108s4",4,1,23,2,1,2,1.28571428571429,2.85714285714286,2.42857142857143,1.85714285714286,1,-5,1,0,0,2,,0,1,0,,2147
10,108,"108s4",4,1,23,2,1,2,1.28571428571429,2.85714285714286,2.42857142857143,1.85714285714286,2,9,0,1,2,0,,1,0,0,,2148
10,108,"108s5",5,1,23,2,1,2,1.28571428571429,2.85714285714286,2.42857142857143,1.85714285714286,1,-9,1,1,2,0,,1,0,0,,2149
10,108,"108s5",5,1,23,2,1,2,1.28571428571429,2.85714285714286,2.42857142857143,1.85714285714286,2,-9,1,1,0,2,,0,1,0,,2150
10,108,"108s6",6,0,23,2,1,2,1.28571428571429,2.85714285714286,2.42857142857143,1.85714285714286,1,-9,1,0,2,0,1,1,0,0,2,2151
10,108,"108s6",6,0,23,2,1,2,1.28571428571429,2.85714285714286,2.42857142857143,1.85714285714286,2,9,0,1,0,2,1,0,1,0,2,2152
10,108,"108s7",7,0,23,2,1,2,1.28571428571429,2.85714285714286,2.42857142857143,1.85714285714286,1,-9,1,1,2,2,2,1,1,1,1,2153
10,108,"108s7",7,0,23,2,1,2,1.28571428571429,2.85714285714286,2.42857142857143,1.85714285714286,2,-9,1,1,2,2,2,1,1,1,1,2154
10,108,"108s8",8,0,23,2,1,2,1.28571428571429,2.85714285714286,2.42857142857143,1.85714285714286,1,9,0,0,1,1,2,2,2,1,1,2155
10,108,"108s8",8,0,23,2,1,2,1.28571428571429,2.85714285714286,2.42857142857143,1.85714285714286,2,9,0,0,1,1,2,2,2,1,1,2156
10,108,"108s9",9,0,23,2,1,2,1.28571428571429,2.85714285714286,2.42857142857143,1.85714285714286,1,9,0,0,0,0,1,0,0,1,2,2157
10,108,"108s9",9,0,23,2,1,2,1.28571428571429,2.85714285714286,2.42857142857143,1.85714285714286,2,9,0,0,0,0,1,0,0,1,2,2158
10,108,"108s10",10,0,23,2,1,2,1.28571428571429,2.85714285714286,2.42857142857143,1.85714285714286,1,-9,1,0,0,1,2,0,2,0,1,2159
10,108,"108s10",10,0,23,2,1,2,1.28571428571429,2.85714285714286,2.42857142857143,1.85714285714286,2,9,0,1,1,0,2,2,0,0,1,2160
10,109,"109s1",1,1,19,1,0,2,0.857142857142857,2,1.57142857142857,1.42857142857143,1,0,1,1,0,1,,0,2,0,,2161
10,109,"109s1",1,1,19,1,0,2,0.857142857142857,2,1.57142857142857,1.42857142857143,2,0,1,1,1,0,,2,0,0,,2162
10,109,"109s2",2,1,19,1,0,2,0.857142857142857,2,1.57142857142857,1.42857142857143,1,0,0,1,2,2,,1,1,1,,2163
10,109,"109s2",2,1,19,1,0,2,0.857142857142857,2,1.57142857142857,1.42857142857143,2,0,1,0,2,2,,1,1,1,,2164
10,109,"109s3",3,1,19,1,0,2,0.857142857142857,2,1.57142857142857,1.42857142857143,1,0,1,1,2,0,,1,0,0,,2165
10,109,"109s3",3,1,19,1,0,2,0.857142857142857,2,1.57142857142857,1.42857142857143,2,0,1,1,0,2,,0,1,0,,2166
10,109,"109s4",4,1,19,1,0,2,0.857142857142857,2,1.57142857142857,1.42857142857143,1,0,0,1,0,2,,0,1,0,,2167
10,109,"109s4",4,1,19,1,0,2,0.857142857142857,2,1.57142857142857,1.42857142857143,2,0,1,0,2,0,,1,0,0,,2168
10,109,"109s5",5,1,19,1,0,2,0.857142857142857,2,1.57142857142857,1.42857142857143,1,0,1,1,0,1,,0,2,0,,2169
10,109,"109s5",5,1,19,1,0,2,0.857142857142857,2,1.57142857142857,1.42857142857143,2,0,1,1,1,0,,2,0,0,,2170
10,109,"109s6",6,0,19,1,0,2,0.857142857142857,2,1.57142857142857,1.42857142857143,1,0,0,1,2,1,2,1,2,0,1,2171
10,109,"109s6",6,0,19,1,0,2,0.857142857142857,2,1.57142857142857,1.42857142857143,2,0,1,0,1,2,2,2,1,0,1,2172
10,109,"109s7",7,0,19,1,0,2,0.857142857142857,2,1.57142857142857,1.42857142857143,1,9,0,0,1,1,1,2,2,1,2,2173
10,109,"109s7",7,0,19,1,0,2,0.857142857142857,2,1.57142857142857,1.42857142857143,2,9,0,0,1,1,1,2,2,1,2,2174
10,109,"109s8",8,0,19,1,0,2,0.857142857142857,2,1.57142857142857,1.42857142857143,1,0,0,1,0,1,2,0,2,0,1,2175
10,109,"109s8",8,0,19,1,0,2,0.857142857142857,2,1.57142857142857,1.42857142857143,2,0,1,0,1,0,2,2,0,0,1,2176
10,109,"109s9",9,0,19,1,0,2,0.857142857142857,2,1.57142857142857,1.42857142857143,1,0,1,0,0,1,2,0,2,0,1,2177
10,109,"109s9",9,0,19,1,0,2,0.857142857142857,2,1.57142857142857,1.42857142857143,2,0,0,1,1,0,2,2,0,0,1,2178
10,109,"109s10",10,0,19,1,0,2,0.857142857142857,2,1.57142857142857,1.42857142857143,1,0,1,0,0,1,2,0,2,0,1,2179
10,109,"109s10",10,0,19,1,0,2,0.857142857142857,2,1.57142857142857,1.42857142857143,2,0,0,1,1,0,2,2,0,0,1,2180
10,110,"110s1",1,0,18,1,0,2,1.85714285714286,2.57142857142857,2.85714285714286,1.28571428571429,1,-5,1,0,2,1,2,1,2,0,1,2181
10,110,"110s1",1,0,18,1,0,2,1.85714285714286,2.57142857142857,2.85714285714286,1.28571428571429,2,5,0,1,1,2,2,2,1,0,1,2182
10,110,"110s2",2,0,18,1,0,2,1.85714285714286,2.57142857142857,2.85714285714286,1.28571428571429,1,-2,1,0,0,0,2,0,0,1,1,2183
10,110,"110s2",2,0,18,1,0,2,1.85714285714286,2.57142857142857,2.85714285714286,1.28571428571429,2,2,0,1,0,0,2,0,0,1,1,2184
10,110,"110s3",3,0,18,1,0,2,1.85714285714286,2.57142857142857,2.85714285714286,1.28571428571429,1,4,0,1,1,1,1,2,2,1,2,2185
10,110,"110s3",3,0,18,1,0,2,1.85714285714286,2.57142857142857,2.85714285714286,1.28571428571429,2,-4,1,0,1,1,1,2,2,1,2,2186
10,110,"110s4",4,0,18,1,0,2,1.85714285714286,2.57142857142857,2.85714285714286,1.28571428571429,1,6,1,0,2,2,1,1,1,1,2,2187
10,110,"110s4",4,0,18,1,0,2,1.85714285714286,2.57142857142857,2.85714285714286,1.28571428571429,2,6,0,1,2,2,1,1,1,1,2,2188
10,110,"110s5",5,0,18,1,0,2,1.85714285714286,2.57142857142857,2.85714285714286,1.28571428571429,1,5,1,0,0,1,1,0,2,0,2,2189
10,110,"110s5",5,0,18,1,0,2,1.85714285714286,2.57142857142857,2.85714285714286,1.28571428571429,2,-5,0,1,1,0,1,2,0,0,2,2190
10,110,"110s6",6,1,18,1,0,2,1.85714285714286,2.57142857142857,2.85714285714286,1.28571428571429,1,9,0,0,1,1,,2,2,1,,2191
10,110,"110s6",6,1,18,1,0,2,1.85714285714286,2.57142857142857,2.85714285714286,1.28571428571429,2,9,0,0,1,1,,2,2,1,,2192
10,110,"110s7",7,1,18,1,0,2,1.85714285714286,2.57142857142857,2.85714285714286,1.28571428571429,1,-2,1,0,0,1,,0,2,0,,2193
10,110,"110s7",7,1,18,1,0,2,1.85714285714286,2.57142857142857,2.85714285714286,1.28571428571429,2,7,0,1,1,0,,2,0,0,,2194
10,110,"110s8",8,1,18,1,0,2,1.85714285714286,2.57142857142857,2.85714285714286,1.28571428571429,1,9,1,1,2,0,,1,0,0,,2195
10,110,"110s8",8,1,18,1,0,2,1.85714285714286,2.57142857142857,2.85714285714286,1.28571428571429,2,9,1,1,0,2,,0,1,0,,2196
10,110,"110s9",9,1,18,1,0,2,1.85714285714286,2.57142857142857,2.85714285714286,1.28571428571429,1,6,1,0,0,1,,0,2,0,,2197
10,110,"110s9",9,1,18,1,0,2,1.85714285714286,2.57142857142857,2.85714285714286,1.28571428571429,2,-3,0,1,1,0,,2,0,0,,2198
10,110,"110s10",10,1,18,1,0,2,1.85714285714286,2.57142857142857,2.85714285714286,1.28571428571429,1,5,1,0,0,0,,0,0,1,,2199
10,110,"110s10",10,1,18,1,0,2,1.85714285714286,2.57142857142857,2.85714285714286,1.28571428571429,2,-4,0,1,0,0,,0,0,1,,2200
10,111,"111s1",1,0,19,1,0,1,2.28571428571429,2.85714285714286,2.57142857142857,1.71428571428571,1,0,0,0,0,2,2,0,2,0,2,2201
10,111,"111s1",1,0,19,1,0,1,2.28571428571429,2.85714285714286,2.57142857142857,1.71428571428571,2,0,0,0,2,0,2,2,0,0,2,2202
10,111,"111s2",2,0,19,1,0,1,2.28571428571429,2.85714285714286,2.57142857142857,1.71428571428571,1,0,0,1,2,1,2,2,1,0,2,2203
10,111,"111s2",2,0,19,1,0,1,2.28571428571429,2.85714285714286,2.57142857142857,1.71428571428571,2,0,1,0,1,2,2,1,2,0,2,2204
10,111,"111s3",3,0,19,1,0,1,2.28571428571429,2.85714285714286,2.57142857142857,1.71428571428571,1,0,0,1,0,2,1,0,2,0,1,2205
10,111,"111s3",3,0,19,1,0,1,2.28571428571429,2.85714285714286,2.57142857142857,1.71428571428571,2,0,1,0,2,0,1,2,0,0,1,2206
10,111,"111s4",4,0,19,1,0,1,2.28571428571429,2.85714285714286,2.57142857142857,1.71428571428571,1,-1,1,1,1,2,1,1,2,0,1,2207
10,111,"111s4",4,0,19,1,0,1,2.28571428571429,2.85714285714286,2.57142857142857,1.71428571428571,2,-1,1,1,2,1,1,2,1,0,1,2208
10,111,"111s5",5,0,19,1,0,1,2.28571428571429,2.85714285714286,2.57142857142857,1.71428571428571,1,0,1,1,1,1,1,1,1,1,1,2209
10,111,"111s5",5,0,19,1,0,1,2.28571428571429,2.85714285714286,2.57142857142857,1.71428571428571,2,0,1,1,1,1,1,1,1,1,1,2210
10,111,"111s6",6,1,19,1,0,1,2.28571428571429,2.85714285714286,2.57142857142857,1.71428571428571,1,-2,1,0,1,0,,1,0,0,,2211
10,111,"111s6",6,1,19,1,0,1,2.28571428571429,2.85714285714286,2.57142857142857,1.71428571428571,2,2,0,1,0,1,,0,1,0,,2212
10,111,"111s7",7,1,19,1,0,1,2.28571428571429,2.85714285714286,2.57142857142857,1.71428571428571,1,1,0,0,2,2,,2,2,1,,2213
10,111,"111s7",7,1,19,1,0,1,2.28571428571429,2.85714285714286,2.57142857142857,1.71428571428571,2,1,0,0,2,2,,2,2,1,,2214
10,111,"111s8",8,1,19,1,0,1,2.28571428571429,2.85714285714286,2.57142857142857,1.71428571428571,1,1,0,0,1,2,,1,2,0,,2215
10,111,"111s8",8,1,19,1,0,1,2.28571428571429,2.85714285714286,2.57142857142857,1.71428571428571,2,1,0,0,2,1,,2,1,0,,2216
10,111,"111s9",9,1,19,1,0,1,2.28571428571429,2.85714285714286,2.57142857142857,1.71428571428571,1,2,0,0,1,2,,1,2,0,,2217
10,111,"111s9",9,1,19,1,0,1,2.28571428571429,2.85714285714286,2.57142857142857,1.71428571428571,2,2,0,0,2,1,,2,1,0,,2218
10,111,"111s10",10,1,19,1,0,1,2.28571428571429,2.85714285714286,2.57142857142857,1.71428571428571,1,-1,1,0,1,1,,1,1,1,,2219
10,111,"111s10",10,1,19,1,0,1,2.28571428571429,2.85714285714286,2.57142857142857,1.71428571428571,2,1,0,1,1,1,,1,1,1,,2220
10,112,"112s1",1,0,20,2,0,2,2.71428571428571,2.71428571428571,2.28571428571429,2.14285714285714,1,-9,1,0,2,0,1,1,0,0,2,2221
10,112,"112s1",1,0,20,2,0,2,2.71428571428571,2.71428571428571,2.28571428571429,2.14285714285714,2,9,0,1,0,2,1,0,1,0,2,2222
10,112,"112s2",2,0,20,2,0,2,2.71428571428571,2.71428571428571,2.28571428571429,2.14285714285714,1,9,0,1,0,1,2,0,2,0,1,2223
10,112,"112s2",2,0,20,2,0,2,2.71428571428571,2.71428571428571,2.28571428571429,2.14285714285714,2,-9,1,0,1,0,2,2,0,0,1,2224
10,112,"112s3",3,0,20,2,0,2,2.71428571428571,2.71428571428571,2.28571428571429,2.14285714285714,1,-9,1,0,2,1,2,1,2,0,1,2225
10,112,"112s3",3,0,20,2,0,2,2.71428571428571,2.71428571428571,2.28571428571429,2.14285714285714,2,9,0,1,1,2,2,2,1,0,1,2226
10,112,"112s4",4,0,20,2,0,2,2.71428571428571,2.71428571428571,2.28571428571429,2.14285714285714,1,9,0,0,0,0,2,0,0,1,1,2227
10,112,"112s4",4,0,20,2,0,2,2.71428571428571,2.71428571428571,2.28571428571429,2.14285714285714,2,9,0,0,0,0,2,0,0,1,1,2228
10,112,"112s5",5,0,20,2,0,2,2.71428571428571,2.71428571428571,2.28571428571429,2.14285714285714,1,9,0,0,0,1,2,0,2,0,1,2229
10,112,"112s5",5,0,20,2,0,2,2.71428571428571,2.71428571428571,2.28571428571429,2.14285714285714,2,9,0,0,1,0,2,2,0,0,1,2230
10,112,"112s6",6,1,20,2,0,2,2.71428571428571,2.71428571428571,2.28571428571429,2.14285714285714,1,-9,1,1,1,1,,2,2,1,,2231
10,112,"112s6",6,1,20,2,0,2,2.71428571428571,2.71428571428571,2.28571428571429,2.14285714285714,2,-9,1,1,1,1,,2,2,1,,2232
10,112,"112s7",7,1,20,2,0,2,2.71428571428571,2.71428571428571,2.28571428571429,2.14285714285714,1,9,0,1,2,2,,1,1,1,,2233
10,112,"112s7",7,1,20,2,0,2,2.71428571428571,2.71428571428571,2.28571428571429,2.14285714285714,2,-9,1,0,2,2,,1,1,1,,2234
10,112,"112s8",8,1,20,2,0,2,2.71428571428571,2.71428571428571,2.28571428571429,2.14285714285714,1,-9,1,1,1,0,,2,0,0,,2235
10,112,"112s8",8,1,20,2,0,2,2.71428571428571,2.71428571428571,2.28571428571429,2.14285714285714,2,-9,1,1,0,1,,0,2,0,,2236
10,112,"112s9",9,1,20,2,0,2,2.71428571428571,2.71428571428571,2.28571428571429,2.14285714285714,1,-9,1,1,0,2,,0,1,0,,2237
10,112,"112s9",9,1,20,2,0,2,2.71428571428571,2.71428571428571,2.28571428571429,2.14285714285714,2,-9,1,1,2,0,,1,0,0,,2238
10,112,"112s10",10,1,20,2,0,2,2.71428571428571,2.71428571428571,2.28571428571429,2.14285714285714,1,9,0,1,1,0,,2,0,0,,2239
10,112,"112s10",10,1,20,2,0,2,2.71428571428571,2.71428571428571,2.28571428571429,2.14285714285714,2,-9,1,0,0,1,,0,2,0,,2240
10,113,"113s1",1,0,18,2,0,2,2.14285714285714,3.14285714285714,2.71428571428571,2.71428571428571,1,9,0,1,2,0,2,1,0,0,1,2241
10,113,"113s1",1,0,18,2,0,2,2.14285714285714,3.14285714285714,2.71428571428571,2.71428571428571,2,-9,1,0,0,2,2,0,1,0,1,2242
10,113,"113s2",2,0,18,2,0,2,2.14285714285714,3.14285714285714,2.71428571428571,2.71428571428571,1,-9,1,1,0,1,2,0,2,0,1,2243
10,113,"113s2",2,0,18,2,0,2,2.14285714285714,3.14285714285714,2.71428571428571,2.71428571428571,2,-9,1,1,1,0,2,2,0,0,1,2244
10,113,"113s3",3,0,18,2,0,2,2.14285714285714,3.14285714285714,2.71428571428571,2.71428571428571,1,-4,1,0,2,1,1,1,2,0,2,2245
10,113,"113s3",3,0,18,2,0,2,2.14285714285714,3.14285714285714,2.71428571428571,2.71428571428571,2,4,0,1,1,2,1,2,1,0,2,2246
10,113,"113s4",4,0,18,2,0,2,2.14285714285714,3.14285714285714,2.71428571428571,2.71428571428571,1,-5,1,1,0,0,2,0,0,1,1,2247
10,113,"113s4",4,0,18,2,0,2,2.14285714285714,3.14285714285714,2.71428571428571,2.71428571428571,2,-5,1,1,0,0,2,0,0,1,1,2248
10,113,"113s5",5,0,18,2,0,2,2.14285714285714,3.14285714285714,2.71428571428571,2.71428571428571,1,9,0,0,1,0,2,2,0,0,1,2249
10,113,"113s5",5,0,18,2,0,2,2.14285714285714,3.14285714285714,2.71428571428571,2.71428571428571,2,9,0,0,0,1,2,0,2,0,1,2250
10,113,"113s6",6,1,18,2,0,2,2.14285714285714,3.14285714285714,2.71428571428571,2.71428571428571,1,-9,1,0,0,0,,0,0,1,,2251
10,113,"113s6",6,1,18,2,0,2,2.14285714285714,3.14285714285714,2.71428571428571,2.71428571428571,2,9,0,1,0,0,,0,0,1,,2252
10,113,"113s7",7,1,18,2,0,2,2.14285714285714,3.14285714285714,2.71428571428571,2.71428571428571,1,-9,1,1,2,0,,1,0,0,,2253
10,113,"113s7",7,1,18,2,0,2,2.14285714285714,3.14285714285714,2.71428571428571,2.71428571428571,2,-9,1,1,0,2,,0,1,0,,2254
10,113,"113s8",8,1,18,2,0,2,2.14285714285714,3.14285714285714,2.71428571428571,2.71428571428571,1,9,0,0,1,2,,2,1,0,,2255
10,113,"113s8",8,1,18,2,0,2,2.14285714285714,3.14285714285714,2.71428571428571,2.71428571428571,2,9,0,0,2,1,,1,2,0,,2256
10,113,"113s9",9,1,18,2,0,2,2.14285714285714,3.14285714285714,2.71428571428571,2.71428571428571,1,9,0,0,0,0,,0,0,1,,2257
10,113,"113s9",9,1,18,2,0,2,2.14285714285714,3.14285714285714,2.71428571428571,2.71428571428571,2,9,0,0,0,0,,0,0,1,,2258
10,113,"113s10",10,1,18,2,0,2,2.14285714285714,3.14285714285714,2.71428571428571,2.71428571428571,1,9,0,0,2,1,,1,2,0,,2259
10,113,"113s10",10,1,18,2,0,2,2.14285714285714,3.14285714285714,2.71428571428571,2.71428571428571,2,9,0,0,1,2,,2,1,0,,2260
10,114,"114s1",1,1,18,1,0,2,1.28571428571429,2.57142857142857,2.71428571428571,1.57142857142857,1,0,0,0,1,1,,2,2,1,,2261
10,114,"114s1",1,1,18,1,0,2,1.28571428571429,2.57142857142857,2.71428571428571,1.57142857142857,2,0,0,0,1,1,,2,2,1,,2262
10,114,"114s2",2,1,18,1,0,2,1.28571428571429,2.57142857142857,2.71428571428571,1.57142857142857,1,9,0,1,0,2,,0,1,0,,2263
10,114,"114s2",2,1,18,1,0,2,1.28571428571429,2.57142857142857,2.71428571428571,1.57142857142857,2,-9,1,0,2,0,,1,0,0,,2264
10,114,"114s3",3,1,18,1,0,2,1.28571428571429,2.57142857142857,2.71428571428571,1.57142857142857,1,9,0,0,1,0,,2,0,0,,2265
10,114,"114s3",3,1,18,1,0,2,1.28571428571429,2.57142857142857,2.71428571428571,1.57142857142857,2,9,0,0,0,1,,0,2,0,,2266
10,114,"114s4",4,1,18,1,0,2,1.28571428571429,2.57142857142857,2.71428571428571,1.57142857142857,1,9,0,0,0,0,,0,0,1,,2267
10,114,"114s4",4,1,18,1,0,2,1.28571428571429,2.57142857142857,2.71428571428571,1.57142857142857,2,9,0,0,0,0,,0,0,1,,2268
10,114,"114s5",5,1,18,1,0,2,1.28571428571429,2.57142857142857,2.71428571428571,1.57142857142857,1,-6,1,0,2,2,,1,1,1,,2269
10,114,"114s5",5,1,18,1,0,2,1.28571428571429,2.57142857142857,2.71428571428571,1.57142857142857,2,8,0,1,2,2,,1,1,1,,2270
10,114,"114s6",6,0,18,1,0,2,1.28571428571429,2.57142857142857,2.71428571428571,1.57142857142857,1,9,0,0,0,1,1,0,2,0,2,2271
10,114,"114s6",6,0,18,1,0,2,1.28571428571429,2.57142857142857,2.71428571428571,1.57142857142857,2,9,0,0,1,0,1,2,0,0,2,2272
10,114,"114s7",7,0,18,1,0,2,1.28571428571429,2.57142857142857,2.71428571428571,1.57142857142857,1,-5,0,1,2,0,1,1,0,0,2,2273
10,114,"114s7",7,0,18,1,0,2,1.28571428571429,2.57142857142857,2.71428571428571,1.57142857142857,2,5,1,0,0,2,1,0,1,0,2,2274
10,114,"114s8",8,0,18,1,0,2,1.28571428571429,2.57142857142857,2.71428571428571,1.57142857142857,1,-9,1,1,0,1,2,0,2,0,1,2275
10,114,"114s8",8,0,18,1,0,2,1.28571428571429,2.57142857142857,2.71428571428571,1.57142857142857,2,-9,1,1,1,0,2,2,0,0,1,2276
10,114,"114s9",9,0,18,1,0,2,1.28571428571429,2.57142857142857,2.71428571428571,1.57142857142857,1,-2,1,0,2,2,1,1,1,1,2,2277
10,114,"114s9",9,0,18,1,0,2,1.28571428571429,2.57142857142857,2.71428571428571,1.57142857142857,2,4,0,1,2,2,1,1,1,1,2,2278
10,114,"114s10",10,0,18,1,0,2,1.28571428571429,2.57142857142857,2.71428571428571,1.57142857142857,1,-6,1,1,0,1,2,0,2,0,1,2279
10,114,"114s10",10,0,18,1,0,2,1.28571428571429,2.57142857142857,2.71428571428571,1.57142857142857,2,-9,1,1,1,0,2,2,0,0,1,2280
10,115,"115s1",1,0,18,4,1,1,3,2.57142857142857,2.42857142857143,2.57142857142857,1,9,0,0,1,2,2,1,2,0,2,2281
10,115,"115s1",1,0,18,4,1,1,3,2.57142857142857,2.42857142857143,2.57142857142857,2,9,0,0,2,1,2,2,1,0,2,2282
10,115,"115s2",2,0,18,4,1,1,3,2.57142857142857,2.42857142857143,2.57142857142857,1,8,0,1,0,1,2,0,1,0,2,2283
10,115,"115s2",2,0,18,4,1,1,3,2.57142857142857,2.42857142857143,2.57142857142857,2,-7,1,0,1,0,2,1,0,0,2,2284
10,115,"115s3",3,0,18,4,1,1,3,2.57142857142857,2.42857142857143,2.57142857142857,1,-6,1,1,2,1,1,2,1,0,1,2285
10,115,"115s3",3,0,18,4,1,1,3,2.57142857142857,2.42857142857143,2.57142857142857,2,-6,1,1,1,2,1,1,2,0,1,2286
10,115,"115s4",4,0,18,4,1,1,3,2.57142857142857,2.42857142857143,2.57142857142857,1,-8,1,1,1,1,2,1,1,1,2,2287
10,115,"115s4",4,0,18,4,1,1,3,2.57142857142857,2.42857142857143,2.57142857142857,2,-8,1,1,1,1,2,1,1,1,2,2288
10,115,"115s5",5,0,18,4,1,1,3,2.57142857142857,2.42857142857143,2.57142857142857,1,8,0,0,0,2,2,0,2,0,2,2289
10,115,"115s5",5,0,18,4,1,1,3,2.57142857142857,2.42857142857143,2.57142857142857,2,8,0,0,2,0,2,2,0,0,2,2290
10,115,"115s6",6,1,18,4,1,1,3,2.57142857142857,2.42857142857143,2.57142857142857,1,8,0,1,1,0,,1,0,0,,2291
10,115,"115s6",6,1,18,4,1,1,3,2.57142857142857,2.42857142857143,2.57142857142857,2,-8,1,0,0,1,,0,1,0,,2292
10,115,"115s7",7,1,18,4,1,1,3,2.57142857142857,2.42857142857143,2.57142857142857,1,9,0,0,1,0,,1,0,0,,2293
10,115,"115s7",7,1,18,4,1,1,3,2.57142857142857,2.42857142857143,2.57142857142857,2,9,0,0,0,1,,0,1,0,,2294
10,115,"115s8",8,1,18,4,1,1,3,2.57142857142857,2.42857142857143,2.57142857142857,1,9,0,1,0,1,,0,1,0,,2295
10,115,"115s8",8,1,18,4,1,1,3,2.57142857142857,2.42857142857143,2.57142857142857,2,-8,1,0,1,0,,1,0,0,,2296
10,115,"115s9",9,1,18,4,1,1,3,2.57142857142857,2.42857142857143,2.57142857142857,1,-9,1,0,1,0,,1,0,0,,2297
10,115,"115s9",9,1,18,4,1,1,3,2.57142857142857,2.42857142857143,2.57142857142857,2,9,0,1,0,1,,0,1,0,,2298
10,115,"115s10",10,1,18,4,1,1,3,2.57142857142857,2.42857142857143,2.57142857142857,1,-9,1,1,0,2,,0,2,0,,2299
10,115,"115s10",10,1,18,4,1,1,3,2.57142857142857,2.42857142857143,2.57142857142857,2,-9,1,1,2,0,,2,0,0,,2300
10,116,"116s1",1,1,18,2,1,1,3,2,2.42857142857143,2.85714285714286,1,9,0,0,0,2,,0,2,0,,2301
10,116,"116s1",1,1,18,2,1,1,3,2,2.42857142857143,2.85714285714286,2,9,0,0,2,0,,2,0,0,,2302
10,116,"116s2",2,1,18,2,1,1,3,2,2.42857142857143,2.85714285714286,1,9,0,1,2,1,,2,1,0,,2303
10,116,"116s2",2,1,18,2,1,1,3,2,2.42857142857143,2.85714285714286,2,0,1,0,1,2,,1,2,0,,2304
10,116,"116s3",3,1,18,2,1,1,3,2,2.42857142857143,2.85714285714286,1,0,1,0,1,1,,1,1,1,,2305
10,116,"116s3",3,1,18,2,1,1,3,2,2.42857142857143,2.85714285714286,2,9,0,1,1,1,,1,1,1,,2306
10,116,"116s4",4,1,18,2,1,1,3,2,2.42857142857143,2.85714285714286,1,-9,1,1,0,0,,0,0,1,,2307
10,116,"116s4",4,1,18,2,1,1,3,2,2.42857142857143,2.85714285714286,2,-9,1,1,0,0,,0,0,1,,2308
10,116,"116s5",5,1,18,2,1,1,3,2,2.42857142857143,2.85714285714286,1,-9,1,0,1,0,,1,0,0,,2309
10,116,"116s5",5,1,18,2,1,1,3,2,2.42857142857143,2.85714285714286,2,9,0,1,0,1,,0,1,0,,2310
10,116,"116s6",6,0,18,2,1,1,3,2,2.42857142857143,2.85714285714286,1,9,0,0,0,2,2,0,2,0,2,2311
10,116,"116s6",6,0,18,2,1,1,3,2,2.42857142857143,2.85714285714286,2,9,0,0,2,0,2,2,0,0,2,2312
10,116,"116s7",7,0,18,2,1,1,3,2,2.42857142857143,2.85714285714286,1,-9,1,0,2,0,2,2,0,0,2,2313
10,116,"116s7",7,0,18,2,1,1,3,2,2.42857142857143,2.85714285714286,2,9,0,1,0,2,2,0,2,0,2,2314
10,116,"116s8",8,0,18,2,1,1,3,2,2.42857142857143,2.85714285714286,1,-9,1,0,0,0,2,0,0,1,2,2315
10,116,"116s8",8,0,18,2,1,1,3,2,2.42857142857143,2.85714285714286,2,9,0,1,0,0,2,0,0,1,2,2316
10,116,"116s9",9,0,18,2,1,1,3,2,2.42857142857143,2.85714285714286,1,9,0,0,1,0,2,1,0,0,2,2317
10,116,"116s9",9,0,18,2,1,1,3,2,2.42857142857143,2.85714285714286,2,9,0,0,0,1,2,0,1,0,2,2318
10,116,"116s10",10,0,18,2,1,1,3,2,2.42857142857143,2.85714285714286,1,0,1,1,2,2,2,2,2,1,2,2319
10,116,"116s10",10,0,18,2,1,1,3,2,2.42857142857143,2.85714285714286,2,0,1,1,2,2,2,2,2,1,2,2320
10,117,"117s1",1,0,19,3,1,2,2.85714285714286,3,2.42857142857143,3.28571428571429,1,9,0,0,0,2,1,0,1,0,2,2321
10,117,"117s1",1,0,19,3,1,2,2.85714285714286,3,2.42857142857143,3.28571428571429,2,9,0,0,2,0,1,1,0,0,2,2322
10,117,"117s2",2,0,19,3,1,2,2.85714285714286,3,2.42857142857143,3.28571428571429,1,-9,1,1,1,2,2,2,1,0,1,2323
10,117,"117s2",2,0,19,3,1,2,2.85714285714286,3,2.42857142857143,3.28571428571429,2,-9,1,1,2,1,2,1,2,0,1,2324
10,117,"117s3",3,0,19,3,1,2,2.85714285714286,3,2.42857142857143,3.28571428571429,1,-9,1,1,1,0,1,2,0,0,2,2325
10,117,"117s3",3,0,19,3,1,2,2.85714285714286,3,2.42857142857143,3.28571428571429,2,-9,1,1,0,1,1,0,2,0,2,2326
10,117,"117s4",4,0,19,3,1,2,2.85714285714286,3,2.42857142857143,3.28571428571429,1,-9,1,0,0,1,1,0,2,0,2,2327
10,117,"117s4",4,0,19,3,1,2,2.85714285714286,3,2.42857142857143,3.28571428571429,2,9,0,1,1,0,1,2,0,0,2,2328
10,117,"117s5",5,0,19,3,1,2,2.85714285714286,3,2.42857142857143,3.28571428571429,1,9,0,0,2,1,1,1,2,0,2,2329
10,117,"117s5",5,0,19,3,1,2,2.85714285714286,3,2.42857142857143,3.28571428571429,2,9,0,0,1,2,1,2,1,0,2,2330
10,117,"117s6",6,1,19,3,1,2,2.85714285714286,3,2.42857142857143,3.28571428571429,1,9,0,0,1,1,,2,2,1,,2331
10,117,"117s6",6,1,19,3,1,2,2.85714285714286,3,2.42857142857143,3.28571428571429,2,9,0,0,1,1,,2,2,1,,2332
10,117,"117s7",7,1,19,3,1,2,2.85714285714286,3,2.42857142857143,3.28571428571429,1,9,0,0,0,2,,0,1,0,,2333
10,117,"117s7",7,1,19,3,1,2,2.85714285714286,3,2.42857142857143,3.28571428571429,2,9,0,0,2,0,,1,0,0,,2334
10,117,"117s8",8,1,19,3,1,2,2.85714285714286,3,2.42857142857143,3.28571428571429,1,-9,1,1,2,2,,1,1,1,,2335
10,117,"117s8",8,1,19,3,1,2,2.85714285714286,3,2.42857142857143,3.28571428571429,2,-9,1,1,2,2,,1,1,1,,2336
10,117,"117s9",9,1,19,3,1,2,2.85714285714286,3,2.42857142857143,3.28571428571429,1,-9,1,1,2,1,,1,2,0,,2337
10,117,"117s9",9,1,19,3,1,2,2.85714285714286,3,2.42857142857143,3.28571428571429,2,-9,1,1,1,2,,2,1,0,,2338
10,117,"117s10",10,1,19,3,1,2,2.85714285714286,3,2.42857142857143,3.28571428571429,1,-9,1,0,1,2,,2,1,0,,2339
10,117,"117s10",10,1,19,3,1,2,2.85714285714286,3,2.42857142857143,3.28571428571429,2,9,0,1,2,1,,1,2,0,,2340
10,118,"118s1",1,1,19,3,0,2,2.28571428571429,3.14285714285714,3.42857142857143,2,1,8,0,1,2,0,,1,0,0,,2341
10,118,"118s1",1,1,19,3,0,2,2.28571428571429,3.14285714285714,3.42857142857143,2,2,5,1,0,0,2,,0,1,0,,2342
10,118,"118s2",2,1,19,3,0,2,2.28571428571429,3.14285714285714,3.42857142857143,2,1,9,0,0,2,2,,1,1,1,,2343
10,118,"118s2",2,1,19,3,0,2,2.28571428571429,3.14285714285714,3.42857142857143,2,2,9,0,0,2,2,,1,1,1,,2344
10,118,"118s3",3,1,19,3,0,2,2.28571428571429,3.14285714285714,3.42857142857143,2,1,5,0,1,0,0,,0,0,1,,2345
10,118,"118s3",3,1,19,3,0,2,2.28571428571429,3.14285714285714,3.42857142857143,2,2,8,1,0,0,0,,0,0,1,,2346
10,118,"118s4",4,1,19,3,0,2,2.28571428571429,3.14285714285714,3.42857142857143,2,1,8,0,1,2,0,,1,0,0,,2347
10,118,"118s4",4,1,19,3,0,2,2.28571428571429,3.14285714285714,3.42857142857143,2,2,4,1,0,0,2,,0,1,0,,2348
10,118,"118s5",5,1,19,3,0,2,2.28571428571429,3.14285714285714,3.42857142857143,2,1,9,0,0,1,2,,2,1,0,,2349
10,118,"118s5",5,1,19,3,0,2,2.28571428571429,3.14285714285714,3.42857142857143,2,2,9,0,0,2,1,,1,2,0,,2350
10,118,"118s6",6,0,19,3,0,2,2.28571428571429,3.14285714285714,3.42857142857143,2,1,5,1,1,0,2,1,0,1,0,2,2351
10,118,"118s6",6,0,19,3,0,2,2.28571428571429,3.14285714285714,3.42857142857143,2,2,5,1,1,2,0,1,1,0,0,2,2352
10,118,"118s7",7,0,19,3,0,2,2.28571428571429,3.14285714285714,3.42857142857143,2,1,4,1,0,1,2,1,2,1,0,2,2353
10,118,"118s7",7,0,19,3,0,2,2.28571428571429,3.14285714285714,3.42857142857143,2,2,8,0,1,2,1,1,1,2,0,2,2354
10,118,"118s8",8,0,19,3,0,2,2.28571428571429,3.14285714285714,3.42857142857143,2,1,4,1,0,1,0,2,2,0,0,1,2355
10,118,"118s8",8,0,19,3,0,2,2.28571428571429,3.14285714285714,3.42857142857143,2,2,8,0,1,0,1,2,0,2,0,1,2356
10,118,"118s9",9,0,19,3,0,2,2.28571428571429,3.14285714285714,3.42857142857143,2,1,4,1,1,0,0,2,0,0,1,1,2357
10,118,"118s9",9,0,19,3,0,2,2.28571428571429,3.14285714285714,3.42857142857143,2,2,4,1,1,0,0,2,0,0,1,1,2358
10,118,"118s10",10,0,19,3,0,2,2.28571428571429,3.14285714285714,3.42857142857143,2,1,4,1,0,1,1,1,2,2,1,2,2359
10,118,"118s10",10,0,19,3,0,2,2.28571428571429,3.14285714285714,3.42857142857143,2,2,8,0,1,1,1,1,2,2,1,2,2360
10,119,"119s1",1,0,18,4,0,2,1.71428571428571,2.28571428571429,1.85714285714286,1.28571428571429,1,-5,1,0,0,2,2,0,1,0,1,2361
10,119,"119s1",1,0,18,4,0,2,1.71428571428571,2.28571428571429,1.85714285714286,1.28571428571429,2,8,0,1,2,0,2,1,0,0,1,2362
10,119,"119s2",2,0,18,4,0,2,1.71428571428571,2.28571428571429,1.85714285714286,1.28571428571429,1,-8,1,1,1,0,1,2,0,0,2,2363
10,119,"119s2",2,0,18,4,0,2,1.71428571428571,2.28571428571429,1.85714285714286,1.28571428571429,2,-8,1,1,0,1,1,0,2,0,2,2364
10,119,"119s3",3,0,18,4,0,2,1.71428571428571,2.28571428571429,1.85714285714286,1.28571428571429,1,9,0,1,1,1,1,2,2,1,2,2365
10,119,"119s3",3,0,18,4,0,2,1.71428571428571,2.28571428571429,1.85714285714286,1.28571428571429,2,-9,1,0,1,1,1,2,2,1,2,2366
10,119,"119s4",4,0,18,4,0,2,1.71428571428571,2.28571428571429,1.85714285714286,1.28571428571429,1,-5,1,1,1,2,1,2,1,0,2,2367
10,119,"119s4",4,0,18,4,0,2,1.71428571428571,2.28571428571429,1.85714285714286,1.28571428571429,2,0,1,1,2,1,1,1,2,0,2,2368
10,119,"119s5",5,0,18,4,0,2,1.71428571428571,2.28571428571429,1.85714285714286,1.28571428571429,1,8,0,0,2,2,1,1,1,1,2,2369
10,119,"119s5",5,0,18,4,0,2,1.71428571428571,2.28571428571429,1.85714285714286,1.28571428571429,2,8,0,0,2,2,1,1,1,1,2,2370
10,119,"119s6",6,1,18,4,0,2,1.71428571428571,2.28571428571429,1.85714285714286,1.28571428571429,1,5,0,1,0,0,,0,0,1,,2371
10,119,"119s6",6,1,18,4,0,2,1.71428571428571,2.28571428571429,1.85714285714286,1.28571428571429,2,-8,1,0,0,0,,0,0,1,,2372
10,119,"119s7",7,1,18,4,0,2,1.71428571428571,2.28571428571429,1.85714285714286,1.28571428571429,1,8,0,1,1,2,,2,1,0,,2373
10,119,"119s7",7,1,18,4,0,2,1.71428571428571,2.28571428571429,1.85714285714286,1.28571428571429,2,-8,1,0,2,1,,1,2,0,,2374
10,119,"119s8",8,1,18,4,0,2,1.71428571428571,2.28571428571429,1.85714285714286,1.28571428571429,1,8,0,0,2,2,,1,1,1,,2375
10,119,"119s8",8,1,18,4,0,2,1.71428571428571,2.28571428571429,1.85714285714286,1.28571428571429,2,8,0,0,2,2,,1,1,1,,2376
10,119,"119s9",9,1,18,4,0,2,1.71428571428571,2.28571428571429,1.85714285714286,1.28571428571429,1,-8,1,1,2,2,,1,1,1,,2377
10,119,"119s9",9,1,18,4,0,2,1.71428571428571,2.28571428571429,1.85714285714286,1.28571428571429,2,-8,1,1,2,2,,1,1,1,,2378
10,119,"119s10",10,1,18,4,0,2,1.71428571428571,2.28571428571429,1.85714285714286,1.28571428571429,1,-8,1,0,0,0,,0,0,1,,2379
10,119,"119s10",10,1,18,4,0,2,1.71428571428571,2.28571428571429,1.85714285714286,1.28571428571429,2,8,0,1,0,0,,0,0,1,,2380
10,120,"120s1",1,1,21,3,0,2,1.71428571428571,3.14285714285714,2.85714285714286,1.57142857142857,1,-7,1,1,0,1,,0,2,0,,2381
10,120,"120s1",1,1,21,3,0,2,1.71428571428571,3.14285714285714,2.85714285714286,1.57142857142857,2,-7,1,1,1,0,,2,0,0,,2382
10,120,"120s2",2,1,21,3,0,2,1.71428571428571,3.14285714285714,2.85714285714286,1.57142857142857,1,-7,0,1,2,0,,1,0,0,,2383
10,120,"120s2",2,1,21,3,0,2,1.71428571428571,3.14285714285714,2.85714285714286,1.57142857142857,2,-7,1,0,0,2,,0,1,0,,2384
10,120,"120s3",3,1,21,3,0,2,1.71428571428571,3.14285714285714,2.85714285714286,1.57142857142857,1,9,0,0,1,0,,2,0,0,,2385
10,120,"120s3",3,1,21,3,0,2,1.71428571428571,3.14285714285714,2.85714285714286,1.57142857142857,2,9,0,0,0,1,,0,2,0,,2386
10,120,"120s4",4,1,21,3,0,2,1.71428571428571,3.14285714285714,2.85714285714286,1.57142857142857,1,9,0,1,2,1,,1,2,0,,2387
10,120,"120s4",4,1,21,3,0,2,1.71428571428571,3.14285714285714,2.85714285714286,1.57142857142857,2,-9,1,0,1,2,,2,1,0,,2388
10,120,"120s5",5,1,21,3,0,2,1.71428571428571,3.14285714285714,2.85714285714286,1.57142857142857,1,9,0,1,0,0,,0,0,1,,2389
10,120,"120s5",5,1,21,3,0,2,1.71428571428571,3.14285714285714,2.85714285714286,1.57142857142857,2,-9,1,0,0,0,,0,0,1,,2390
10,120,"120s6",6,0,21,3,0,2,1.71428571428571,3.14285714285714,2.85714285714286,1.57142857142857,1,9,0,0,2,2,2,1,1,1,1,2391
10,120,"120s6",6,0,21,3,0,2,1.71428571428571,3.14285714285714,2.85714285714286,1.57142857142857,2,9,0,0,2,2,2,1,1,1,1,2392
10,120,"120s7",7,0,21,3,0,2,1.71428571428571,3.14285714285714,2.85714285714286,1.57142857142857,1,9,0,0,1,0,1,2,0,0,2,2393
10,120,"120s7",7,0,21,3,0,2,1.71428571428571,3.14285714285714,2.85714285714286,1.57142857142857,2,9,0,0,0,1,1,0,2,0,2,2394
10,120,"120s8",8,0,21,3,0,2,1.71428571428571,3.14285714285714,2.85714285714286,1.57142857142857,1,9,0,0,2,1,2,1,2,0,1,2395
10,120,"120s8",8,0,21,3,0,2,1.71428571428571,3.14285714285714,2.85714285714286,1.57142857142857,2,9,0,0,1,2,2,2,1,0,1,2396
10,120,"120s9",9,0,21,3,0,2,1.71428571428571,3.14285714285714,2.85714285714286,1.57142857142857,1,-9,1,1,2,2,1,1,1,1,2,2397
10,120,"120s9",9,0,21,3,0,2,1.71428571428571,3.14285714285714,2.85714285714286,1.57142857142857,2,-9,1,1,2,2,1,1,1,1,2,2398
10,120,"120s10",10,0,21,3,0,2,1.71428571428571,3.14285714285714,2.85714285714286,1.57142857142857,1,-9,1,0,2,1,2,1,2,0,1,2399
10,120,"120s10",10,0,21,3,0,2,1.71428571428571,3.14285714285714,2.85714285714286,1.57142857142857,2,-9,0,1,1,2,2,2,1,0,1,2400
10,121,"121s1",1,0,21,3,0,2,1,2.71428571428571,3,1,1,-9,1,1,2,1,2,1,2,0,1,2401
10,121,"121s1",1,0,21,3,0,2,1,2.71428571428571,3,1,2,-9,1,1,1,2,2,2,1,0,1,2402
10,121,"121s2",2,0,21,3,0,2,1,2.71428571428571,3,1,1,9,0,1,0,0,1,0,0,1,2,2403
10,121,"121s2",2,0,21,3,0,2,1,2.71428571428571,3,1,2,-9,1,0,0,0,1,0,0,1,2,2404
10,121,"121s3",3,0,21,3,0,2,1,2.71428571428571,3,1,1,9,0,0,0,2,2,0,1,0,1,2405
10,121,"121s3",3,0,21,3,0,2,1,2.71428571428571,3,1,2,9,0,0,2,0,2,1,0,0,1,2406
10,121,"121s4",4,0,21,3,0,2,1,2.71428571428571,3,1,1,9,0,1,2,1,2,1,2,0,1,2407
10,121,"121s4",4,0,21,3,0,2,1,2.71428571428571,3,1,2,-9,1,0,1,2,2,2,1,0,1,2408
10,121,"121s5",5,0,21,3,0,2,1,2.71428571428571,3,1,1,-9,1,0,1,0,2,2,0,0,1,2409
10,121,"121s5",5,0,21,3,0,2,1,2.71428571428571,3,1,2,9,0,1,0,1,2,0,2,0,1,2410
10,121,"121s6",6,1,21,3,0,2,1,2.71428571428571,3,1,1,-9,1,1,2,0,,1,0,0,,2411
10,121,"121s6",6,1,21,3,0,2,1,2.71428571428571,3,1,2,-9,1,1,0,2,,0,1,0,,2412
10,121,"121s7",7,1,21,3,0,2,1,2.71428571428571,3,1,1,-9,1,1,1,1,,2,2,1,,2413
10,121,"121s7",7,1,21,3,0,2,1,2.71428571428571,3,1,2,-9,1,1,1,1,,2,2,1,,2414
10,121,"121s8",8,1,21,3,0,2,1,2.71428571428571,3,1,1,-9,1,0,0,2,,0,1,0,,2415
10,121,"121s8",8,1,21,3,0,2,1,2.71428571428571,3,1,2,9,0,1,2,0,,1,0,0,,2416
10,121,"121s9",9,1,21,3,0,2,1,2.71428571428571,3,1,1,-9,1,1,0,2,,0,1,0,,2417
10,121,"121s9",9,1,21,3,0,2,1,2.71428571428571,3,1,2,-9,1,1,2,0,,1,0,0,,2418
10,121,"121s10",10,1,21,3,0,2,1,2.71428571428571,3,1,1,9,0,1,1,2,,2,1,0,,2419
10,121,"121s10",10,1,21,3,0,2,1,2.71428571428571,3,1,2,-9,1,0,2,1,,1,2,0,,2420
10,122,"122s1",1,1,21,3,0,2,1.85714285714286,3,3.28571428571429,0.285714285714286,1,9,0,0,1,1,,2,2,1,,2421
10,122,"122s1",1,1,21,3,0,2,1.85714285714286,3,3.28571428571429,0.285714285714286,2,9,0,0,1,1,,2,2,1,,2422
10,122,"122s2",2,1,21,3,0,2,1.85714285714286,3,3.28571428571429,0.285714285714286,1,0,1,1,2,1,,1,2,0,,2423
10,122,"122s2",2,1,21,3,0,2,1.85714285714286,3,3.28571428571429,0.285714285714286,2,0,1,1,1,2,,2,1,0,,2424
10,122,"122s3",3,1,21,3,0,2,1.85714285714286,3,3.28571428571429,0.285714285714286,1,9,0,0,0,0,,0,0,1,,2425
10,122,"122s3",3,1,21,3,0,2,1.85714285714286,3,3.28571428571429,0.285714285714286,2,9,0,0,0,0,,0,0,1,,2426
10,122,"122s4",4,1,21,3,0,2,1.85714285714286,3,3.28571428571429,0.285714285714286,1,9,0,1,1,0,,2,0,0,,2427
10,122,"122s4",4,1,21,3,0,2,1.85714285714286,3,3.28571428571429,0.285714285714286,2,0,1,0,0,1,,0,2,0,,2428
10,122,"122s5",5,1,21,3,0,2,1.85714285714286,3,3.28571428571429,0.285714285714286,1,9,0,1,2,0,,1,0,0,,2429
10,122,"122s5",5,1,21,3,0,2,1.85714285714286,3,3.28571428571429,0.285714285714286,2,0,1,0,0,2,,0,1,0,,2430
10,122,"122s6",6,0,21,3,0,2,1.85714285714286,3,3.28571428571429,0.285714285714286,1,0,1,1,0,0,1,0,0,1,2,2431
10,122,"122s6",6,0,21,3,0,2,1.85714285714286,3,3.28571428571429,0.285714285714286,2,0,1,1,0,0,1,0,0,1,2,2432
10,122,"122s7",7,0,21,3,0,2,1.85714285714286,3,3.28571428571429,0.285714285714286,1,9,0,0,0,1,2,0,2,0,1,2433
10,122,"122s7",7,0,21,3,0,2,1.85714285714286,3,3.28571428571429,0.285714285714286,2,9,0,0,1,0,2,2,0,0,1,2434
10,122,"122s8",8,0,21,3,0,2,1.85714285714286,3,3.28571428571429,0.285714285714286,1,0,1,0,0,0,2,0,0,1,1,2435
10,122,"122s8",8,0,21,3,0,2,1.85714285714286,3,3.28571428571429,0.285714285714286,2,9,0,1,0,0,2,0,0,1,1,2436
10,122,"122s9",9,0,21,3,0,2,1.85714285714286,3,3.28571428571429,0.285714285714286,1,9,0,0,2,1,1,1,2,0,2,2437
10,122,"122s9",9,0,21,3,0,2,1.85714285714286,3,3.28571428571429,0.285714285714286,2,9,0,0,1,2,1,2,1,0,2,2438
10,122,"122s10",10,0,21,3,0,2,1.85714285714286,3,3.28571428571429,0.285714285714286,1,0,1,0,2,1,2,1,2,0,1,2439
10,122,"122s10",10,0,21,3,0,2,1.85714285714286,3,3.28571428571429,0.285714285714286,2,9,0,1,1,2,2,2,1,0,1,2440
10,123,"123s1",1,1,24,3,,1,2.57142857142857,3,1.57142857142857,2,1,5,1,1,2,0,,2,0,0,,2441
10,123,"123s1",1,1,24,3,,1,2.57142857142857,3,1.57142857142857,2,2,5,1,1,0,2,,0,2,0,,2442
10,123,"123s2",2,1,24,3,,1,2.57142857142857,3,1.57142857142857,2,1,9,1,1,1,2,,1,2,0,,2443
10,123,"123s2",2,1,24,3,,1,2.57142857142857,3,1.57142857142857,2,2,9,1,1,2,1,,2,1,0,,2444
10,123,"123s3",3,1,24,3,,1,2.57142857142857,3,1.57142857142857,2,1,9,1,1,0,2,,0,2,0,,2445
10,123,"123s3",3,1,24,3,,1,2.57142857142857,3,1.57142857142857,2,2,9,1,1,2,0,,2,0,0,,2446
10,123,"123s4",4,1,24,3,,1,2.57142857142857,3,1.57142857142857,2,1,9,0,1,1,1,,1,1,1,,2447
10,123,"123s4",4,1,24,3,,1,2.57142857142857,3,1.57142857142857,2,2,-9,1,0,1,1,,1,1,1,,2448
10,123,"123s5",5,1,24,3,,1,2.57142857142857,3,1.57142857142857,2,1,9,0,1,0,2,,0,2,0,,2449
10,123,"123s5",5,1,24,3,,1,2.57142857142857,3,1.57142857142857,2,2,9,1,0,2,0,,2,0,0,,2450
10,123,"123s6",6,0,24,3,,1,2.57142857142857,3,1.57142857142857,2,1,9,0,0,1,1,2,1,1,1,2,2451
10,123,"123s6",6,0,24,3,,1,2.57142857142857,3,1.57142857142857,2,2,9,0,0,1,1,2,1,1,1,2,2452
10,123,"123s7",7,0,24,3,,1,2.57142857142857,3,1.57142857142857,2,1,9,1,0,2,2,2,2,2,1,2,2453
10,123,"123s7",7,0,24,3,,1,2.57142857142857,3,1.57142857142857,2,2,-9,0,1,2,2,2,2,2,1,2,2454
10,123,"123s8",8,0,24,3,,1,2.57142857142857,3,1.57142857142857,2,1,9,1,0,1,2,2,1,2,0,2,2455
10,123,"123s8",8,0,24,3,,1,2.57142857142857,3,1.57142857142857,2,2,-9,0,1,2,1,2,2,1,0,2,2456
10,123,"123s9",9,0,24,3,,1,2.57142857142857,3,1.57142857142857,2,1,9,0,0,1,1,2,1,1,1,2,2457
10,123,"123s9",9,0,24,3,,1,2.57142857142857,3,1.57142857142857,2,2,9,0,0,1,1,2,1,1,1,2,2458
10,123,"123s10",10,0,24,3,,1,2.57142857142857,3,1.57142857142857,2,1,9,0,0,0,0,2,0,0,1,2,2459
10,123,"123s10",10,0,24,3,,1,2.57142857142857,3,1.57142857142857,2,2,9,0,0,0,0,2,0,0,1,2,2460
10,124,"124s1",1,0,19,1,0,2,1.42857142857143,1.85714285714286,1.42857142857143,1.85714285714286,1,-4,0,0,0,0,1,0,0,1,2,2461
10,124,"124s1",1,0,19,1,0,2,1.42857142857143,1.85714285714286,1.42857142857143,1.85714285714286,2,-4,0,0,0,0,1,0,0,1,2,2462
10,124,"124s2",2,0,19,1,0,2,1.42857142857143,1.85714285714286,1.42857142857143,1.85714285714286,1,3,0,1,0,1,1,0,2,0,2,2463
10,124,"124s2",2,0,19,1,0,2,1.42857142857143,1.85714285714286,1.42857142857143,1.85714285714286,2,3,1,0,1,0,1,2,0,0,2,2464
10,124,"124s3",3,0,19,1,0,2,1.42857142857143,1.85714285714286,1.42857142857143,1.85714285714286,1,-2,0,0,0,2,1,0,1,0,2,2465
10,124,"124s3",3,0,19,1,0,2,1.42857142857143,1.85714285714286,1.42857142857143,1.85714285714286,2,2,0,0,2,0,1,1,0,0,2,2466
10,124,"124s4",4,0,19,1,0,2,1.42857142857143,1.85714285714286,1.42857142857143,1.85714285714286,1,3,0,0,0,1,2,0,2,0,1,2467
10,124,"124s4",4,0,19,1,0,2,1.42857142857143,1.85714285714286,1.42857142857143,1.85714285714286,2,-3,0,0,1,0,2,2,0,0,1,2468
10,124,"124s5",5,0,19,1,0,2,1.42857142857143,1.85714285714286,1.42857142857143,1.85714285714286,1,-4,1,0,1,0,1,2,0,0,2,2469
10,124,"124s5",5,0,19,1,0,2,1.42857142857143,1.85714285714286,1.42857142857143,1.85714285714286,2,-5,0,1,0,1,1,0,2,0,2,2470
10,124,"124s6",6,1,19,1,0,2,1.42857142857143,1.85714285714286,1.42857142857143,1.85714285714286,1,-3,0,0,1,1,,2,2,1,,2471
10,124,"124s6",6,1,19,1,0,2,1.42857142857143,1.85714285714286,1.42857142857143,1.85714285714286,2,2,0,0,1,1,,2,2,1,,2472
10,124,"124s7",7,1,19,1,0,2,1.42857142857143,1.85714285714286,1.42857142857143,1.85714285714286,1,-4,0,0,0,2,,0,1,0,,2473
10,124,"124s7",7,1,19,1,0,2,1.42857142857143,1.85714285714286,1.42857142857143,1.85714285714286,2,-3,0,0,2,0,,1,0,0,,2474
10,124,"124s8",8,1,19,1,0,2,1.42857142857143,1.85714285714286,1.42857142857143,1.85714285714286,1,4,0,0,2,1,,1,2,0,,2475
10,124,"124s8",8,1,19,1,0,2,1.42857142857143,1.85714285714286,1.42857142857143,1.85714285714286,2,4,0,0,1,2,,2,1,0,,2476
10,124,"124s9",9,1,19,1,0,2,1.42857142857143,1.85714285714286,1.42857142857143,1.85714285714286,1,-5,1,0,2,2,,1,1,1,,2477
10,124,"124s9",9,1,19,1,0,2,1.42857142857143,1.85714285714286,1.42857142857143,1.85714285714286,2,-5,0,1,2,2,,1,1,1,,2478
10,124,"124s10",10,1,19,1,0,2,1.42857142857143,1.85714285714286,1.42857142857143,1.85714285714286,1,-3,0,1,1,1,,2,2,1,,2479
10,124,"124s10",10,1,19,1,0,2,1.42857142857143,1.85714285714286,1.42857142857143,1.85714285714286,2,3,1,0,1,1,,2,2,1,,2480
10,125,"125s1",1,0,21,3,0,2,2.14285714285714,2.57142857142857,3,2,1,0,1,0,1,2,2,2,1,0,1,2481
10,125,"125s1",1,0,21,3,0,2,2.14285714285714,2.57142857142857,3,2,2,9,0,1,2,1,2,1,2,0,1,2482
10,125,"125s2",2,0,21,3,0,2,2.14285714285714,2.57142857142857,3,2,1,9,0,1,1,2,2,2,1,0,1,2483
10,125,"125s2",2,0,21,3,0,2,2.14285714285714,2.57142857142857,3,2,2,0,1,0,2,1,2,1,2,0,1,2484
10,125,"125s3",3,0,21,3,0,2,2.14285714285714,2.57142857142857,3,2,1,9,0,0,2,0,2,1,0,0,1,2485
10,125,"125s3",3,0,21,3,0,2,2.14285714285714,2.57142857142857,3,2,2,9,0,0,0,2,2,0,1,0,1,2486
10,125,"125s4",4,0,21,3,0,2,2.14285714285714,2.57142857142857,3,2,1,9,0,1,2,0,2,1,0,0,1,2487
10,125,"125s4",4,0,21,3,0,2,2.14285714285714,2.57142857142857,3,2,2,0,1,0,0,2,2,0,1,0,1,2488
10,125,"125s5",5,0,21,3,0,2,2.14285714285714,2.57142857142857,3,2,1,9,0,1,0,1,2,0,2,0,1,2489
10,125,"125s5",5,0,21,3,0,2,2.14285714285714,2.57142857142857,3,2,2,0,1,0,1,0,2,2,0,0,1,2490
10,125,"125s6",6,1,21,3,0,2,2.14285714285714,2.57142857142857,3,2,1,0,1,1,0,1,,0,2,0,,2491
10,125,"125s6",6,1,21,3,0,2,2.14285714285714,2.57142857142857,3,2,2,0,1,1,1,0,,2,0,0,,2492
10,125,"125s7",7,1,21,3,0,2,2.14285714285714,2.57142857142857,3,2,1,9,0,0,1,1,,2,2,1,,2493
10,125,"125s7",7,1,21,3,0,2,2.14285714285714,2.57142857142857,3,2,2,9,0,0,1,1,,2,2,1,,2494
10,125,"125s8",8,1,21,3,0,2,2.14285714285714,2.57142857142857,3,2,1,0,1,1,0,1,,0,2,0,,2495
10,125,"125s8",8,1,21,3,0,2,2.14285714285714,2.57142857142857,3,2,2,0,1,1,1,0,,2,0,0,,2496
10,125,"125s9",9,1,21,3,0,2,2.14285714285714,2.57142857142857,3,2,1,0,1,1,0,0,,0,0,1,,2497
10,125,"125s9",9,1,21,3,0,2,2.14285714285714,2.57142857142857,3,2,2,0,1,1,0,0,,0,0,1,,2498
10,125,"125s10",10,1,21,3,0,2,2.14285714285714,2.57142857142857,3,2,1,9,0,0,1,0,,2,0,0,,2499
10,125,"125s10",10,1,21,3,0,2,2.14285714285714,2.57142857142857,3,2,2,9,0,0,0,1,,0,2,0,,2500
10,126,"126s1",1,1,21,2,0,2,2.28571428571429,2,1,1.28571428571429,1,-9,0,1,2,0,,1,0,0,,2501
10,126,"126s1",1,1,21,2,0,2,2.28571428571429,2,1,1.28571428571429,2,9,1,0,0,2,,0,1,0,,2502
10,126,"126s2",2,1,21,2,0,2,2.28571428571429,2,1,1.28571428571429,1,9,1,0,0,1,,0,2,0,,2503
10,126,"126s2",2,1,21,2,0,2,2.28571428571429,2,1,1.28571428571429,2,-9,0,1,1,0,,2,0,0,,2504
10,126,"126s3",3,1,21,2,0,2,2.28571428571429,2,1,1.28571428571429,1,-9,1,1,0,1,,0,2,0,,2505
10,126,"126s3",3,1,21,2,0,2,2.28571428571429,2,1,1.28571428571429,2,-9,1,1,1,0,,2,0,0,,2506
10,126,"126s4",4,1,21,2,0,2,2.28571428571429,2,1,1.28571428571429,1,9,0,0,1,0,,2,0,0,,2507
10,126,"126s4",4,1,21,2,0,2,2.28571428571429,2,1,1.28571428571429,2,9,0,0,0,1,,0,2,0,,2508
10,126,"126s5",5,1,21,2,0,2,2.28571428571429,2,1,1.28571428571429,1,9,0,0,0,1,,0,2,0,,2509
10,126,"126s5",5,1,21,2,0,2,2.28571428571429,2,1,1.28571428571429,2,9,0,0,1,0,,2,0,0,,2510
10,126,"126s6",6,0,21,2,0,2,2.28571428571429,2,1,1.28571428571429,1,9,0,0,1,1,1,2,2,1,2,2511
10,126,"126s6",6,0,21,2,0,2,2.28571428571429,2,1,1.28571428571429,2,9,0,0,1,1,1,2,2,1,2,2512
10,126,"126s7",7,0,21,2,0,2,2.28571428571429,2,1,1.28571428571429,1,-9,1,0,2,1,2,1,2,0,1,2513
10,126,"126s7",7,0,21,2,0,2,2.28571428571429,2,1,1.28571428571429,2,9,0,1,1,2,2,2,1,0,1,2514
10,126,"126s8",8,0,21,2,0,2,2.28571428571429,2,1,1.28571428571429,1,9,0,0,0,0,2,0,0,1,1,2515
10,126,"126s8",8,0,21,2,0,2,2.28571428571429,2,1,1.28571428571429,2,9,0,0,0,0,2,0,0,1,1,2516
10,126,"126s9",9,0,21,2,0,2,2.28571428571429,2,1,1.28571428571429,1,-9,1,0,0,1,1,0,2,0,2,2517
10,126,"126s9",9,0,21,2,0,2,2.28571428571429,2,1,1.28571428571429,2,9,0,1,1,0,1,2,0,0,2,2518
10,126,"126s10",10,0,21,2,0,2,2.28571428571429,2,1,1.28571428571429,1,-9,1,0,2,2,2,1,1,1,1,2519
10,126,"126s10",10,0,21,2,0,2,2.28571428571429,2,1,1.28571428571429,2,9,0,1,2,2,2,1,1,1,1,2520
10,127,"127s1",1,0,23,1,0,2,1.71428571428571,2.14285714285714,2.57142857142857,1.14285714285714,1,-1,1,1,0,0,1,0,0,1,2,2521
10,127,"127s1",1,0,23,1,0,2,1.71428571428571,2.14285714285714,2.57142857142857,1.14285714285714,2,-1,1,1,0,0,1,0,0,1,2,2522
10,127,"127s2",2,0,23,1,0,2,1.71428571428571,2.14285714285714,2.57142857142857,1.14285714285714,1,-1,1,1,2,1,2,1,2,0,1,2523
10,127,"127s2",2,0,23,1,0,2,1.71428571428571,2.14285714285714,2.57142857142857,1.14285714285714,2,-1,1,1,1,2,2,2,1,0,1,2524
10,127,"127s3",3,0,23,1,0,2,1.71428571428571,2.14285714285714,2.57142857142857,1.14285714285714,1,-1,1,1,0,1,1,0,2,0,2,2525
10,127,"127s3",3,0,23,1,0,2,1.71428571428571,2.14285714285714,2.57142857142857,1.14285714285714,2,-1,1,1,1,0,1,2,0,0,2,2526
10,127,"127s4",4,0,23,1,0,2,1.71428571428571,2.14285714285714,2.57142857142857,1.14285714285714,1,9,0,0,1,0,2,2,0,0,1,2527
10,127,"127s4",4,0,23,1,0,2,1.71428571428571,2.14285714285714,2.57142857142857,1.14285714285714,2,9,0,0,0,1,2,0,2,0,1,2528
10,127,"127s5",5,0,23,1,0,2,1.71428571428571,2.14285714285714,2.57142857142857,1.14285714285714,1,-1,1,1,0,2,1,0,1,0,2,2529
10,127,"127s5",5,0,23,1,0,2,1.71428571428571,2.14285714285714,2.57142857142857,1.14285714285714,2,-1,1,1,2,0,1,1,0,0,2,2530
10,127,"127s6",6,1,23,1,0,2,1.71428571428571,2.14285714285714,2.57142857142857,1.14285714285714,1,-4,1,1,0,0,,0,0,1,,2531
10,127,"127s6",6,1,23,1,0,2,1.71428571428571,2.14285714285714,2.57142857142857,1.14285714285714,2,-4,1,1,0,0,,0,0,1,,2532
10,127,"127s7",7,1,23,1,0,2,1.71428571428571,2.14285714285714,2.57142857142857,1.14285714285714,1,-4,0,1,1,0,,2,0,0,,2533
10,127,"127s7",7,1,23,1,0,2,1.71428571428571,2.14285714285714,2.57142857142857,1.14285714285714,2,-4,1,0,0,1,,0,2,0,,2534
10,127,"127s8",8,1,23,1,0,2,1.71428571428571,2.14285714285714,2.57142857142857,1.14285714285714,1,-4,1,0,2,1,,1,2,0,,2535
10,127,"127s8",8,1,23,1,0,2,1.71428571428571,2.14285714285714,2.57142857142857,1.14285714285714,2,-4,0,1,1,2,,2,1,0,,2536
10,127,"127s9",9,1,23,1,0,2,1.71428571428571,2.14285714285714,2.57142857142857,1.14285714285714,1,-4,1,0,1,0,,2,0,0,,2537
10,127,"127s9",9,1,23,1,0,2,1.71428571428571,2.14285714285714,2.57142857142857,1.14285714285714,2,5,0,1,0,1,,0,2,0,,2538
10,127,"127s10",10,1,23,1,0,2,1.71428571428571,2.14285714285714,2.57142857142857,1.14285714285714,1,7,0,0,2,0,,1,0,0,,2539
10,127,"127s10",10,1,23,1,0,2,1.71428571428571,2.14285714285714,2.57142857142857,1.14285714285714,2,7,0,0,0,2,,0,1,0,,2540
11,128,"128s1",1,1,21,1,0,2,1.57142857142857,2,1.42857142857143,2.14285714285714,1,4,1,0,2,1,,1,2,0,,2541
11,128,"128s1",1,1,21,1,0,2,1.57142857142857,2,1.42857142857143,2.14285714285714,2,-4,0,1,1,2,,2,1,0,,2542
11,128,"128s2",2,1,21,1,0,2,1.57142857142857,2,1.42857142857143,2.14285714285714,1,-9,1,1,1,1,,2,2,1,,2543
11,128,"128s2",2,1,21,1,0,2,1.57142857142857,2,1.42857142857143,2.14285714285714,2,-9,1,1,1,1,,2,2,1,,2544
11,128,"128s3",3,1,21,1,0,2,1.57142857142857,2,1.42857142857143,2.14285714285714,1,5,1,1,1,1,,2,2,1,,2545
11,128,"128s3",3,1,21,1,0,2,1.57142857142857,2,1.42857142857143,2.14285714285714,2,5,1,1,1,1,,2,2,1,,2546
11,128,"128s4",4,1,21,1,0,2,1.57142857142857,2,1.42857142857143,2.14285714285714,1,-4,0,1,1,1,,2,2,1,,2547
11,128,"128s4",4,1,21,1,0,2,1.57142857142857,2,1.42857142857143,2.14285714285714,2,7,1,0,1,1,,2,2,1,,2548
11,128,"128s5",5,1,21,1,0,2,1.57142857142857,2,1.42857142857143,2.14285714285714,1,-6,0,1,2,2,,1,1,1,,2549
11,128,"128s5",5,1,21,1,0,2,1.57142857142857,2,1.42857142857143,2.14285714285714,2,-5,1,0,2,2,,1,1,1,,2550
11,128,"128s6",6,0,21,1,0,2,1.57142857142857,2,1.42857142857143,2.14285714285714,1,-6,0,0,1,1,2,2,2,1,1,2551
11,128,"128s6",6,0,21,1,0,2,1.57142857142857,2,1.42857142857143,2.14285714285714,2,4,0,0,1,1,2,2,2,1,1,2552
11,128,"128s7",7,0,21,1,0,2,1.57142857142857,2,1.42857142857143,2.14285714285714,1,4,0,0,0,2,2,0,1,0,1,2553
11,128,"128s7",7,0,21,1,0,2,1.57142857142857,2,1.42857142857143,2.14285714285714,2,4,0,0,2,0,2,1,0,0,1,2554
11,128,"128s8",8,0,21,1,0,2,1.57142857142857,2,1.42857142857143,2.14285714285714,1,4,1,0,2,1,2,1,2,0,1,2555
11,128,"128s8",8,0,21,1,0,2,1.57142857142857,2,1.42857142857143,2.14285714285714,2,-3,0,1,1,2,2,2,1,0,1,2556
11,128,"128s9",9,0,21,1,0,2,1.57142857142857,2,1.42857142857143,2.14285714285714,1,0,0,0,2,0,1,1,0,0,2,2557
11,128,"128s9",9,0,21,1,0,2,1.57142857142857,2,1.42857142857143,2.14285714285714,2,0,0,0,0,2,1,0,1,0,2,2558
11,128,"128s10",10,0,21,1,0,2,1.57142857142857,2,1.42857142857143,2.14285714285714,1,-4,1,0,0,0,1,0,0,1,2,2559
11,128,"128s10",10,0,21,1,0,2,1.57142857142857,2,1.42857142857143,2.14285714285714,2,-3,0,1,0,0,1,0,0,1,2,2560
11,129,"129s1",1,0,21,3,0,2,0.857142857142857,1.85714285714286,1.85714285714286,0.857142857142857,1,9,0,0,1,1,2,2,2,1,1,2561
11,129,"129s1",1,0,21,3,0,2,0.857142857142857,1.85714285714286,1.85714285714286,0.857142857142857,2,9,0,0,1,1,2,2,2,1,1,2562
11,129,"129s2",2,0,21,3,0,2,0.857142857142857,1.85714285714286,1.85714285714286,0.857142857142857,1,9,0,1,2,1,1,1,2,0,2,2563
11,129,"129s2",2,0,21,3,0,2,0.857142857142857,1.85714285714286,1.85714285714286,0.857142857142857,2,-9,1,0,1,2,1,2,1,0,2,2564
11,129,"129s3",3,0,21,3,0,2,0.857142857142857,1.85714285714286,1.85714285714286,0.857142857142857,1,9,0,1,1,0,2,2,0,0,1,2565
11,129,"129s3",3,0,21,3,0,2,0.857142857142857,1.85714285714286,1.85714285714286,0.857142857142857,2,-9,1,0,0,1,2,0,2,0,1,2566
11,129,"129s4",4,0,21,3,0,2,0.857142857142857,1.85714285714286,1.85714285714286,0.857142857142857,1,9,0,0,2,0,1,1,0,0,2,2567
11,129,"129s4",4,0,21,3,0,2,0.857142857142857,1.85714285714286,1.85714285714286,0.857142857142857,2,9,0,0,0,2,1,0,1,0,2,2568
11,129,"129s5",5,0,21,3,0,2,0.857142857142857,1.85714285714286,1.85714285714286,0.857142857142857,1,9,0,1,2,1,2,1,2,0,1,2569
11,129,"129s5",5,0,21,3,0,2,0.857142857142857,1.85714285714286,1.85714285714286,0.857142857142857,2,-9,1,0,1,2,2,2,1,0,1,2570
11,129,"129s6",6,1,21,3,0,2,0.857142857142857,1.85714285714286,1.85714285714286,0.857142857142857,1,-9,1,0,1,2,,2,1,0,,2571
11,129,"129s6",6,1,21,3,0,2,0.857142857142857,1.85714285714286,1.85714285714286,0.857142857142857,2,9,0,1,2,1,,1,2,0,,2572
11,129,"129s7",7,1,21,3,0,2,0.857142857142857,1.85714285714286,1.85714285714286,0.857142857142857,1,-9,1,0,0,1,,0,2,0,,2573
11,129,"129s7",7,1,21,3,0,2,0.857142857142857,1.85714285714286,1.85714285714286,0.857142857142857,2,9,0,1,1,0,,2,0,0,,2574
11,129,"129s8",8,1,21,3,0,2,0.857142857142857,1.85714285714286,1.85714285714286,0.857142857142857,1,9,0,0,0,2,,0,1,0,,2575
11,129,"129s8",8,1,21,3,0,2,0.857142857142857,1.85714285714286,1.85714285714286,0.857142857142857,2,9,0,0,2,0,,1,0,0,,2576
11,129,"129s9",9,1,21,3,0,2,0.857142857142857,1.85714285714286,1.85714285714286,0.857142857142857,1,-9,1,1,1,2,,2,1,0,,2577
11,129,"129s9",9,1,21,3,0,2,0.857142857142857,1.85714285714286,1.85714285714286,0.857142857142857,2,-9,1,1,2,1,,1,2,0,,2578
11,129,"129s10",10,1,21,3,0,2,0.857142857142857,1.85714285714286,1.85714285714286,0.857142857142857,1,9,0,1,0,2,,0,1,0,,2579
11,129,"129s10",10,1,21,3,0,2,0.857142857142857,1.85714285714286,1.85714285714286,0.857142857142857,2,-9,1,0,2,0,,1,0,0,,2580
11,130,"130s1",1,1,19,2,0,2,1.57142857142857,2.28571428571429,3,0.857142857142857,1,5,0,1,2,1,,1,2,0,,2581
11,130,"130s1",1,1,19,2,0,2,1.57142857142857,2.28571428571429,3,0.857142857142857,2,-3,1,0,1,2,,2,1,0,,2582
11,130,"130s2",2,1,19,2,0,2,1.57142857142857,2.28571428571429,3,0.857142857142857,1,-5,1,1,1,0,,2,0,0,,2583
11,130,"130s2",2,1,19,2,0,2,1.57142857142857,2.28571428571429,3,0.857142857142857,2,-5,1,1,0,1,,0,2,0,,2584
11,130,"130s3",3,1,19,2,0,2,1.57142857142857,2.28571428571429,3,0.857142857142857,1,-4,1,0,2,0,,1,0,0,,2585
11,130,"130s3",3,1,19,2,0,2,1.57142857142857,2.28571428571429,3,0.857142857142857,2,6,0,1,0,2,,0,1,0,,2586
11,130,"130s4",4,1,19,2,0,2,1.57142857142857,2.28571428571429,3,0.857142857142857,1,-9,1,0,2,2,,1,1,1,,2587
11,130,"130s4",4,1,19,2,0,2,1.57142857142857,2.28571428571429,3,0.857142857142857,2,9,0,1,2,2,,1,1,1,,2588
11,130,"130s5",5,1,19,2,0,2,1.57142857142857,2.28571428571429,3,0.857142857142857,1,7,0,1,2,0,,1,0,0,,2589
11,130,"130s5",5,1,19,2,0,2,1.57142857142857,2.28571428571429,3,0.857142857142857,2,-4,1,0,0,2,,0,1,0,,2590
11,130,"130s6",6,0,19,2,0,2,1.57142857142857,2.28571428571429,3,0.857142857142857,1,5,0,0,0,2,1,0,1,0,2,2591
11,130,"130s6",6,0,19,2,0,2,1.57142857142857,2.28571428571429,3,0.857142857142857,2,5,0,0,2,0,1,1,0,0,2,2592
11,130,"130s7",7,0,19,2,0,2,1.57142857142857,2.28571428571429,3,0.857142857142857,1,5,0,0,0,2,2,0,1,0,1,2593
11,130,"130s7",7,0,19,2,0,2,1.57142857142857,2.28571428571429,3,0.857142857142857,2,5,0,0,2,0,2,1,0,0,1,2594
11,130,"130s8",8,0,19,2,0,2,1.57142857142857,2.28571428571429,3,0.857142857142857,1,5,0,1,2,1,2,1,2,0,1,2595
11,130,"130s8",8,0,19,2,0,2,1.57142857142857,2.28571428571429,3,0.857142857142857,2,-5,1,0,1,2,2,2,1,0,1,2596
11,130,"130s9",9,0,19,2,0,2,1.57142857142857,2.28571428571429,3,0.857142857142857,1,-9,1,0,2,0,2,1,0,0,1,2597
11,130,"130s9",9,0,19,2,0,2,1.57142857142857,2.28571428571429,3,0.857142857142857,2,9,0,1,0,2,2,0,1,0,1,2598
11,130,"130s10",10,0,19,2,0,2,1.57142857142857,2.28571428571429,3,0.857142857142857,1,8,0,1,0,1,2,0,2,0,1,2599
11,130,"130s10",10,0,19,2,0,2,1.57142857142857,2.28571428571429,3,0.857142857142857,2,-8,1,0,1,0,2,2,0,0,1,2600
11,131,"131s1",1,0,20,2,0,1,1.28571428571429,2,2.42857142857143,1,1,0,1,0,0,2,2,0,2,0,2,2601
11,131,"131s1",1,0,20,2,0,1,1.28571428571429,2,2.42857142857143,1,2,0,0,1,2,0,2,2,0,0,2,2602
11,131,"131s2",2,0,20,2,0,1,1.28571428571429,2,2.42857142857143,1,1,5,0,0,1,1,1,1,1,1,1,2603
11,131,"131s2",2,0,20,2,0,1,1.28571428571429,2,2.42857142857143,1,2,5,0,0,1,1,1,1,1,1,1,2604
11,131,"131s3",3,0,20,2,0,1,1.28571428571429,2,2.42857142857143,1,1,5,0,0,1,2,1,1,2,0,1,2605
11,131,"131s3",3,0,20,2,0,1,1.28571428571429,2,2.42857142857143,1,2,5,0,0,2,1,1,2,1,0,1,2606
11,131,"131s4",4,0,20,2,0,1,1.28571428571429,2,2.42857142857143,1,1,5,0,0,1,1,2,1,1,1,2,2607
11,131,"131s4",4,0,20,2,0,1,1.28571428571429,2,2.42857142857143,1,2,5,0,0,1,1,2,1,1,1,2,2608
11,131,"131s5",5,0,20,2,0,1,1.28571428571429,2,2.42857142857143,1,1,5,0,0,0,0,2,0,0,1,2,2609
11,131,"131s5",5,0,20,2,0,1,1.28571428571429,2,2.42857142857143,1,2,5,0,0,0,0,2,0,0,1,2,2610
11,131,"131s6",6,1,20,2,0,1,1.28571428571429,2,2.42857142857143,1,1,0,0,1,1,0,,1,0,0,,2611
11,131,"131s6",6,1,20,2,0,1,1.28571428571429,2,2.42857142857143,1,2,0,1,0,0,1,,0,1,0,,2612
11,131,"131s7",7,1,20,2,0,1,1.28571428571429,2,2.42857142857143,1,1,-5,1,0,1,1,,1,1,1,,2613
11,131,"131s7",7,1,20,2,0,1,1.28571428571429,2,2.42857142857143,1,2,-5,0,1,1,1,,1,1,1,,2614
11,131,"131s8",8,1,20,2,0,1,1.28571428571429,2,2.42857142857143,1,1,0,1,1,1,2,,1,2,0,,2615
11,131,"131s8",8,1,20,2,0,1,1.28571428571429,2,2.42857142857143,1,2,0,1,1,2,1,,2,1,0,,2616
11,131,"131s9",9,1,20,2,0,1,1.28571428571429,2,2.42857142857143,1,1,5,0,0,1,0,,1,0,0,,2617
11,131,"131s9",9,1,20,2,0,1,1.28571428571429,2,2.42857142857143,1,2,5,0,0,0,1,,0,1,0,,2618
11,131,"131s10",10,1,20,2,0,1,1.28571428571429,2,2.42857142857143,1,1,0,1,0,2,0,,2,0,0,,2619
11,131,"131s10",10,1,20,2,0,1,1.28571428571429,2,2.42857142857143,1,2,0,0,1,0,2,,0,2,0,,2620
11,132,"132s1",1,1,18,2,1,2,2.14285714285714,3.14285714285714,2,2.42857142857143,1,0,1,1,2,0,,1,0,0,,2621
11,132,"132s1",1,1,18,2,1,2,2.14285714285714,3.14285714285714,2,2.42857142857143,2,0,1,1,0,2,,0,1,0,,2622
11,132,"132s2",2,1,18,2,1,2,2.14285714285714,3.14285714285714,2,2.42857142857143,1,0,0,1,0,0,,0,0,1,,2623
11,132,"132s2",2,1,18,2,1,2,2.14285714285714,3.14285714285714,2,2.42857142857143,2,-9,1,0,0,0,,0,0,1,,2624
11,132,"132s3",3,1,18,2,1,2,2.14285714285714,3.14285714285714,2,2.42857142857143,1,-9,1,0,2,1,,1,2,0,,2625
11,132,"132s3",3,1,18,2,1,2,2.14285714285714,3.14285714285714,2,2.42857142857143,2,9,0,1,1,2,,2,1,0,,2626
11,132,"132s4",4,1,18,2,1,2,2.14285714285714,3.14285714285714,2,2.42857142857143,1,-9,1,1,2,0,,1,0,0,,2627
11,132,"132s4",4,1,18,2,1,2,2.14285714285714,3.14285714285714,2,2.42857142857143,2,-9,1,1,0,2,,0,1,0,,2628
11,132,"132s5",5,1,18,2,1,2,2.14285714285714,3.14285714285714,2,2.42857142857143,1,-9,1,0,2,0,,1,0,0,,2629
11,132,"132s5",5,1,18,2,1,2,2.14285714285714,3.14285714285714,2,2.42857142857143,2,0,0,1,0,2,,0,1,0,,2630
11,132,"132s6",6,0,18,2,1,2,2.14285714285714,3.14285714285714,2,2.42857142857143,1,9,0,0,2,1,1,1,2,0,2,2631
11,132,"132s6",6,0,18,2,1,2,2.14285714285714,3.14285714285714,2,2.42857142857143,2,9,0,0,1,2,1,2,1,0,2,2632
11,132,"132s7",7,0,18,2,1,2,2.14285714285714,3.14285714285714,2,2.42857142857143,1,0,0,1,0,1,1,0,2,0,2,2633
11,132,"132s7",7,0,18,2,1,2,2.14285714285714,3.14285714285714,2,2.42857142857143,2,-9,1,0,1,0,1,2,0,0,2,2634
11,132,"132s8",8,0,18,2,1,2,2.14285714285714,3.14285714285714,2,2.42857142857143,1,-7,1,0,2,0,1,1,0,0,2,2635
11,132,"132s8",8,0,18,2,1,2,2.14285714285714,3.14285714285714,2,2.42857142857143,2,0,0,1,0,2,1,0,1,0,2,2636
11,132,"132s9",9,0,18,2,1,2,2.14285714285714,3.14285714285714,2,2.42857142857143,1,-9,1,1,0,2,2,0,1,0,1,2637
11,132,"132s9",9,0,18,2,1,2,2.14285714285714,3.14285714285714,2,2.42857142857143,2,-9,1,1,2,0,2,1,0,0,1,2638
11,132,"132s10",10,0,18,2,1,2,2.14285714285714,3.14285714285714,2,2.42857142857143,1,-9,1,1,2,2,2,1,1,1,1,2639
11,132,"132s10",10,0,18,2,1,2,2.14285714285714,3.14285714285714,2,2.42857142857143,2,-9,1,1,2,2,2,1,1,1,1,2640
11,133,"133s1",1,1,21,1,0,1,1,2.28571428571429,3.14285714285714,0.571428571428571,1,-4,1,0,2,1,,2,1,0,,2641
11,133,"133s1",1,1,21,1,0,1,1,2.28571428571429,3.14285714285714,0.571428571428571,2,8,0,1,1,2,,1,2,0,,2642
11,133,"133s2",2,1,21,1,0,1,1,2.28571428571429,3.14285714285714,0.571428571428571,1,7,0,1,0,0,,0,0,1,,2643
11,133,"133s2",2,1,21,1,0,1,1,2.28571428571429,3.14285714285714,0.571428571428571,2,-7,1,0,0,0,,0,0,1,,2644
11,133,"133s3",3,1,21,1,0,1,1,2.28571428571429,3.14285714285714,0.571428571428571,1,0,1,1,1,1,,1,1,1,,2645
11,133,"133s3",3,1,21,1,0,1,1,2.28571428571429,3.14285714285714,0.571428571428571,2,0,1,1,1,1,,1,1,1,,2646
11,133,"133s4",4,1,21,1,0,1,1,2.28571428571429,3.14285714285714,0.571428571428571,1,5,0,0,1,0,,1,0,0,,2647
11,133,"133s4",4,1,21,1,0,1,1,2.28571428571429,3.14285714285714,0.571428571428571,2,5,0,0,0,1,,0,1,0,,2648
11,133,"133s5",5,1,21,1,0,1,1,2.28571428571429,3.14285714285714,0.571428571428571,1,-6,1,0,2,2,,2,2,1,,2649
11,133,"133s5",5,1,21,1,0,1,1,2.28571428571429,3.14285714285714,0.571428571428571,2,5,0,1,2,2,,2,2,1,,2650
11,133,"133s6",6,0,21,1,0,1,1,2.28571428571429,3.14285714285714,0.571428571428571,1,6,0,1,0,1,2,0,1,0,2,2651
11,133,"133s6",6,0,21,1,0,1,1,2.28571428571429,3.14285714285714,0.571428571428571,2,-6,1,0,1,0,2,1,0,0,2,2652
11,133,"133s7",7,0,21,1,0,1,1,2.28571428571429,3.14285714285714,0.571428571428571,1,-7,1,0,0,2,2,0,2,0,2,2653
11,133,"133s7",7,0,21,1,0,1,1,2.28571428571429,3.14285714285714,0.571428571428571,2,7,0,1,2,0,2,2,0,0,2,2654
11,133,"133s8",8,0,21,1,0,1,1,2.28571428571429,3.14285714285714,0.571428571428571,1,-5,1,1,1,1,2,1,1,1,2,2655
11,133,"133s8",8,0,21,1,0,1,1,2.28571428571429,3.14285714285714,0.571428571428571,2,-5,1,1,1,1,2,1,1,1,2,2656
11,133,"133s9",9,0,21,1,0,1,1,2.28571428571429,3.14285714285714,0.571428571428571,1,3,0,0,1,0,1,1,0,0,1,2657
11,133,"133s9",9,0,21,1,0,1,1,2.28571428571429,3.14285714285714,0.571428571428571,2,3,0,0,0,1,1,0,1,0,1,2658
11,133,"133s10",10,0,21,1,0,1,1,2.28571428571429,3.14285714285714,0.571428571428571,1,5,0,0,1,0,1,1,0,0,1,2659
11,133,"133s10",10,0,21,1,0,1,1,2.28571428571429,3.14285714285714,0.571428571428571,2,5,0,0,0,1,1,0,1,0,1,2660
11,134,"134s1",1,0,21,4,0,2,1.57142857142857,3.14285714285714,3.71428571428571,1.85714285714286,1,9,0,0,0,0,2,0,0,1,1,2661
11,134,"134s1",1,0,21,4,0,2,1.57142857142857,3.14285714285714,3.71428571428571,1.85714285714286,2,9,0,0,0,0,2,0,0,1,1,2662
11,134,"134s2",2,0,21,4,0,2,1.57142857142857,3.14285714285714,3.71428571428571,1.85714285714286,1,-9,1,1,0,2,1,0,1,0,2,2663
11,134,"134s2",2,0,21,4,0,2,1.57142857142857,3.14285714285714,3.71428571428571,1.85714285714286,2,-9,1,1,2,0,1,1,0,0,2,2664
11,134,"134s3",3,0,21,4,0,2,1.57142857142857,3.14285714285714,3.71428571428571,1.85714285714286,1,9,0,0,0,2,1,0,1,0,2,2665
11,134,"134s3",3,0,21,4,0,2,1.57142857142857,3.14285714285714,3.71428571428571,1.85714285714286,2,9,0,0,2,0,1,1,0,0,2,2666
11,134,"134s4",4,0,21,4,0,2,1.57142857142857,3.14285714285714,3.71428571428571,1.85714285714286,1,-9,1,0,2,2,2,1,1,1,1,2667
11,134,"134s4",4,0,21,4,0,2,1.57142857142857,3.14285714285714,3.71428571428571,1.85714285714286,2,9,0,1,2,2,2,1,1,1,1,2668
11,134,"134s5",5,0,21,4,0,2,1.57142857142857,3.14285714285714,3.71428571428571,1.85714285714286,1,-9,1,0,2,2,1,1,1,1,2,2669
11,134,"134s5",5,0,21,4,0,2,1.57142857142857,3.14285714285714,3.71428571428571,1.85714285714286,2,9,0,1,2,2,1,1,1,1,2,2670
11,134,"134s6",6,1,21,4,0,2,1.57142857142857,3.14285714285714,3.71428571428571,1.85714285714286,1,9,0,0,2,0,,1,0,0,,2671
11,134,"134s6",6,1,21,4,0,2,1.57142857142857,3.14285714285714,3.71428571428571,1.85714285714286,2,9,0,0,0,2,,0,1,0,,2672
11,134,"134s7",7,1,21,4,0,2,1.57142857142857,3.14285714285714,3.71428571428571,1.85714285714286,1,9,0,1,2,2,,1,1,1,,2673
11,134,"134s7",7,1,21,4,0,2,1.57142857142857,3.14285714285714,3.71428571428571,1.85714285714286,2,-9,1,0,2,2,,1,1,1,,2674
11,134,"134s8",8,1,21,4,0,2,1.57142857142857,3.14285714285714,3.71428571428571,1.85714285714286,1,-9,1,0,0,0,,0,0,1,,2675
11,134,"134s8",8,1,21,4,0,2,1.57142857142857,3.14285714285714,3.71428571428571,1.85714285714286,2,9,0,1,0,0,,0,0,1,,2676
11,134,"134s9",9,1,21,4,0,2,1.57142857142857,3.14285714285714,3.71428571428571,1.85714285714286,1,-9,1,0,2,0,,1,0,0,,2677
11,134,"134s9",9,1,21,4,0,2,1.57142857142857,3.14285714285714,3.71428571428571,1.85714285714286,2,9,0,1,0,2,,0,1,0,,2678
11,134,"134s10",10,1,21,4,0,2,1.57142857142857,3.14285714285714,3.71428571428571,1.85714285714286,1,-9,1,1,1,2,,2,1,0,,2679
11,134,"134s10",10,1,21,4,0,2,1.57142857142857,3.14285714285714,3.71428571428571,1.85714285714286,2,-9,1,1,2,1,,1,2,0,,2680
11,135,"135s1",1,0,21,3,1,2,2.28571428571429,3.42857142857143,2.28571428571429,2,1,-4,1,0,2,1,1,1,2,0,2,2681
11,135,"135s1",1,0,21,3,1,2,2.28571428571429,3.42857142857143,2.28571428571429,2,2,4,0,1,1,2,1,2,1,0,2,2682
11,135,"135s2",2,0,21,3,1,2,2.28571428571429,3.42857142857143,2.28571428571429,2,1,5,0,1,2,1,1,1,2,0,2,2683
11,135,"135s2",2,0,21,3,1,2,2.28571428571429,3.42857142857143,2.28571428571429,2,2,-5,1,0,1,2,1,2,1,0,2,2684
11,135,"135s3",3,0,21,3,1,2,2.28571428571429,3.42857142857143,2.28571428571429,2,1,0,0,0,0,1,1,0,2,0,2,2685
11,135,"135s3",3,0,21,3,1,2,2.28571428571429,3.42857142857143,2.28571428571429,2,2,0,0,0,1,0,1,2,0,0,2,2686
11,135,"135s4",4,0,21,3,1,2,2.28571428571429,3.42857142857143,2.28571428571429,2,1,-2,1,0,1,2,1,2,1,0,2,2687
11,135,"135s4",4,0,21,3,1,2,2.28571428571429,3.42857142857143,2.28571428571429,2,2,2,0,1,2,1,1,1,2,0,2,2688
11,135,"135s5",5,0,21,3,1,2,2.28571428571429,3.42857142857143,2.28571428571429,2,1,0,0,0,1,1,2,2,2,1,1,2689
11,135,"135s5",5,0,21,3,1,2,2.28571428571429,3.42857142857143,2.28571428571429,2,2,0,0,0,1,1,2,2,2,1,1,2690
11,135,"135s6",6,1,21,3,1,2,2.28571428571429,3.42857142857143,2.28571428571429,2,1,6,0,1,1,1,,2,2,1,,2691
11,135,"135s6",6,1,21,3,1,2,2.28571428571429,3.42857142857143,2.28571428571429,2,2,2,1,0,1,1,,2,2,1,,2692
11,135,"135s7",7,1,21,3,1,2,2.28571428571429,3.42857142857143,2.28571428571429,2,1,-1,1,0,1,0,,2,0,0,,2693
11,135,"135s7",7,1,21,3,1,2,2.28571428571429,3.42857142857143,2.28571428571429,2,2,6,0,1,0,1,,0,2,0,,2694
11,135,"135s8",8,1,21,3,1,2,2.28571428571429,3.42857142857143,2.28571428571429,2,1,1,1,0,2,2,,1,1,1,,2695
11,135,"135s8",8,1,21,3,1,2,2.28571428571429,3.42857142857143,2.28571428571429,2,2,4,0,1,2,2,,1,1,1,,2696
11,135,"135s9",9,1,21,3,1,2,2.28571428571429,3.42857142857143,2.28571428571429,2,1,-3,1,1,1,0,,2,0,0,,2697
11,135,"135s9",9,1,21,3,1,2,2.28571428571429,3.42857142857143,2.28571428571429,2,2,-3,1,1,0,1,,0,2,0,,2698
11,135,"135s10",10,1,21,3,1,2,2.28571428571429,3.42857142857143,2.28571428571429,2,1,1,0,0,1,0,,2,0,0,,2699
11,135,"135s10",10,1,21,3,1,2,2.28571428571429,3.42857142857143,2.28571428571429,2,2,1,0,0,0,1,,0,2,0,,2700
11,136,"136s1",1,1,18,2,0,1,1.57142857142857,2,2,1.57142857142857,1,-1,1,0,2,1,,2,1,0,,2701
11,136,"136s1",1,1,18,2,0,1,1.57142857142857,2,2,1.57142857142857,2,3,0,1,1,2,,1,2,0,,2702
11,136,"136s2",2,1,18,2,0,1,1.57142857142857,2,2,1.57142857142857,1,-7,1,1,2,0,,2,0,0,,2703
11,136,"136s2",2,1,18,2,0,1,1.57142857142857,2,2,1.57142857142857,2,-7,1,1,0,2,,0,2,0,,2704
11,136,"136s3",3,1,18,2,0,1,1.57142857142857,2,2,1.57142857142857,1,-6,1,1,0,2,,0,2,0,,2705
11,136,"136s3",3,1,18,2,0,1,1.57142857142857,2,2,1.57142857142857,2,-6,1,1,2,0,,2,0,0,,2706
11,136,"136s4",4,1,18,2,0,1,1.57142857142857,2,2,1.57142857142857,1,6,0,0,2,1,,2,1,0,,2707
11,136,"136s4",4,1,18,2,0,1,1.57142857142857,2,2,1.57142857142857,2,6,0,0,1,2,,1,2,0,,2708
11,136,"136s5",5,1,18,2,0,1,1.57142857142857,2,2,1.57142857142857,1,-6,1,0,1,1,,1,1,1,,2709
11,136,"136s5",5,1,18,2,0,1,1.57142857142857,2,2,1.57142857142857,2,6,0,1,1,1,,1,1,1,,2710
11,136,"136s6",6,0,18,2,0,1,1.57142857142857,2,2,1.57142857142857,1,0,1,1,0,2,1,0,2,0,1,2711
11,136,"136s6",6,0,18,2,0,1,1.57142857142857,2,2,1.57142857142857,2,0,1,1,2,0,1,2,0,0,1,2712
11,136,"136s7",7,0,18,2,0,1,1.57142857142857,2,2,1.57142857142857,1,0,1,1,1,2,2,1,2,0,2,2713
11,136,"136s7",7,0,18,2,0,1,1.57142857142857,2,2,1.57142857142857,2,0,1,1,2,1,2,2,1,0,2,2714
11,136,"136s8",8,0,18,2,0,1,1.57142857142857,2,2,1.57142857142857,1,-1,1,1,0,1,2,0,1,0,2,2715
11,136,"136s8",8,0,18,2,0,1,1.57142857142857,2,2,1.57142857142857,2,-1,1,1,1,0,2,1,0,0,2,2716
11,136,"136s9",9,0,18,2,0,1,1.57142857142857,2,2,1.57142857142857,1,-2,1,1,2,0,2,2,0,0,2,2717
11,136,"136s9",9,0,18,2,0,1,1.57142857142857,2,2,1.57142857142857,2,-2,1,1,0,2,2,0,2,0,2,2718
11,136,"136s10",10,0,18,2,0,1,1.57142857142857,2,2,1.57142857142857,1,6,0,0,1,2,2,1,2,0,2,2719
11,136,"136s10",10,0,18,2,0,1,1.57142857142857,2,2,1.57142857142857,2,6,0,0,2,1,2,2,1,0,2,2720
11,137,"137s1",1,1,20,4,1,2,1.42857142857143,2.85714285714286,2.71428571428571,2.14285714285714,1,4,0,1,0,1,,0,2,0,,2721
11,137,"137s1",1,1,20,4,1,2,1.42857142857143,2.85714285714286,2.71428571428571,2.14285714285714,2,-3,1,0,1,0,,2,0,0,,2722
11,137,"137s2",2,1,20,4,1,2,1.42857142857143,2.85714285714286,2.71428571428571,2.14285714285714,1,-5,1,0,0,1,,0,2,0,,2723
11,137,"137s2",2,1,20,4,1,2,1.42857142857143,2.85714285714286,2.71428571428571,2.14285714285714,2,2,0,1,1,0,,2,0,0,,2724
11,137,"137s3",3,1,20,4,1,2,1.42857142857143,2.85714285714286,2.71428571428571,2.14285714285714,1,4,0,0,0,0,,0,0,1,,2725
11,137,"137s3",3,1,20,4,1,2,1.42857142857143,2.85714285714286,2.71428571428571,2.14285714285714,2,4,0,0,0,0,,0,0,1,,2726
11,137,"137s4",4,1,20,4,1,2,1.42857142857143,2.85714285714286,2.71428571428571,2.14285714285714,1,-7,1,1,1,2,,2,1,0,,2727
11,137,"137s4",4,1,20,4,1,2,1.42857142857143,2.85714285714286,2.71428571428571,2.14285714285714,2,-7,1,1,2,1,,1,2,0,,2728
11,137,"137s5",5,1,20,4,1,2,1.42857142857143,2.85714285714286,2.71428571428571,2.14285714285714,1,3,0,1,0,1,,0,2,0,,2729
11,137,"137s5",5,1,20,4,1,2,1.42857142857143,2.85714285714286,2.71428571428571,2.14285714285714,2,-5,1,0,1,0,,2,0,0,,2730
11,137,"137s6",6,0,20,4,1,2,1.42857142857143,2.85714285714286,2.71428571428571,2.14285714285714,1,7,1,1,1,0,2,2,0,0,1,2731
11,137,"137s6",6,0,20,4,1,2,1.42857142857143,2.85714285714286,2.71428571428571,2.14285714285714,2,7,1,1,0,1,2,0,2,0,1,2732
11,137,"137s7",7,0,20,4,1,2,1.42857142857143,2.85714285714286,2.71428571428571,2.14285714285714,1,2,1,1,2,0,1,1,0,0,2,2733
11,137,"137s7",7,0,20,4,1,2,1.42857142857143,2.85714285714286,2.71428571428571,2.14285714285714,2,2,1,1,0,2,1,0,1,0,2,2734
11,137,"137s8",8,0,20,4,1,2,1.42857142857143,2.85714285714286,2.71428571428571,2.14285714285714,1,9,0,0,1,1,2,2,2,1,1,2735
11,137,"137s8",8,0,20,4,1,2,1.42857142857143,2.85714285714286,2.71428571428571,2.14285714285714,2,9,0,0,1,1,2,2,2,1,1,2736
11,137,"137s9",9,0,20,4,1,2,1.42857142857143,2.85714285714286,2.71428571428571,2.14285714285714,1,1,0,1,0,0,1,0,0,1,2,2737
11,137,"137s9",9,0,20,4,1,2,1.42857142857143,2.85714285714286,2.71428571428571,2.14285714285714,2,-5,1,0,0,0,1,0,0,1,2,2738
11,137,"137s10",10,0,20,4,1,2,1.42857142857143,2.85714285714286,2.71428571428571,2.14285714285714,1,-4,1,1,1,0,2,2,0,0,1,2739
11,137,"137s10",10,0,20,4,1,2,1.42857142857143,2.85714285714286,2.71428571428571,2.14285714285714,2,-4,1,1,0,1,2,0,2,0,1,2740
11,138,"138s1",1,1,21,2,1,2,1.42857142857143,2.28571428571429,3.14285714285714,2.71428571428571,1,-6,1,1,1,2,,2,1,0,,2741
11,138,"138s1",1,1,21,2,1,2,1.42857142857143,2.28571428571429,3.14285714285714,2.71428571428571,2,-6,1,1,2,1,,1,2,0,,2742
11,138,"138s2",2,1,21,2,1,2,1.42857142857143,2.28571428571429,3.14285714285714,2.71428571428571,1,9,0,0,2,0,,1,0,0,,2743
11,138,"138s2",2,1,21,2,1,2,1.42857142857143,2.28571428571429,3.14285714285714,2.71428571428571,2,9,0,0,0,2,,0,1,0,,2744
11,138,"138s3",3,1,21,2,1,2,1.42857142857143,2.28571428571429,3.14285714285714,2.71428571428571,1,-9,1,0,1,0,,2,0,0,,2745
11,138,"138s3",3,1,21,2,1,2,1.42857142857143,2.28571428571429,3.14285714285714,2.71428571428571,2,9,0,1,0,1,,0,2,0,,2746
11,138,"138s4",4,1,21,2,1,2,1.42857142857143,2.28571428571429,3.14285714285714,2.71428571428571,1,-9,1,0,0,2,,0,1,0,,2747
11,138,"138s4",4,1,21,2,1,2,1.42857142857143,2.28571428571429,3.14285714285714,2.71428571428571,2,9,0,1,2,0,,1,0,0,,2748
11,138,"138s5",5,1,21,2,1,2,1.42857142857143,2.28571428571429,3.14285714285714,2.71428571428571,1,-9,0,1,0,1,,0,2,0,,2749
11,138,"138s5",5,1,21,2,1,2,1.42857142857143,2.28571428571429,3.14285714285714,2.71428571428571,2,9,1,0,1,0,,2,0,0,,2750
11,138,"138s6",6,0,21,2,1,2,1.42857142857143,2.28571428571429,3.14285714285714,2.71428571428571,1,9,0,0,1,0,1,2,0,0,2,2751
11,138,"138s6",6,0,21,2,1,2,1.42857142857143,2.28571428571429,3.14285714285714,2.71428571428571,2,9,0,0,0,1,1,0,2,0,2,2752
11,138,"138s7",7,0,21,2,1,2,1.42857142857143,2.28571428571429,3.14285714285714,2.71428571428571,1,9,0,0,0,0,1,0,0,1,2,2753
11,138,"138s7",7,0,21,2,1,2,1.42857142857143,2.28571428571429,3.14285714285714,2.71428571428571,2,9,0,0,0,0,1,0,0,1,2,2754
11,138,"138s8",8,0,21,2,1,2,1.42857142857143,2.28571428571429,3.14285714285714,2.71428571428571,1,4,1,1,1,0,2,2,0,0,1,2755
11,138,"138s8",8,0,21,2,1,2,1.42857142857143,2.28571428571429,3.14285714285714,2.71428571428571,2,4,1,1,0,1,2,0,2,0,1,2756
11,138,"138s9",9,0,21,2,1,2,1.42857142857143,2.28571428571429,3.14285714285714,2.71428571428571,1,5,1,1,0,0,1,0,0,1,2,2757
11,138,"138s9",9,0,21,2,1,2,1.42857142857143,2.28571428571429,3.14285714285714,2.71428571428571,2,5,1,1,0,0,1,0,0,1,2,2758
11,138,"138s10",10,0,21,2,1,2,1.42857142857143,2.28571428571429,3.14285714285714,2.71428571428571,1,9,0,0,0,2,2,0,1,0,1,2759
11,138,"138s10",10,0,21,2,1,2,1.42857142857143,2.28571428571429,3.14285714285714,2.71428571428571,2,9,0,0,2,0,2,1,0,0,1,2760
11,139,"139s1",1,1,19,2,0,1,2.42857142857143,2.57142857142857,2.85714285714286,1.42857142857143,1,9,0,0,2,0,,2,0,0,,2761
11,139,"139s1",1,1,19,2,0,1,2.42857142857143,2.57142857142857,2.85714285714286,1.42857142857143,2,9,0,0,0,2,,0,2,0,,2762
11,139,"139s2",2,1,19,2,0,1,2.42857142857143,2.57142857142857,2.85714285714286,1.42857142857143,1,-5,1,0,0,1,,0,1,0,,2763
11,139,"139s2",2,1,19,2,0,1,2.42857142857143,2.57142857142857,2.85714285714286,1.42857142857143,2,6,0,1,1,0,,1,0,0,,2764
11,139,"139s3",3,1,19,2,0,1,2.42857142857143,2.57142857142857,2.85714285714286,1.42857142857143,1,-5,1,0,2,1,,2,1,0,,2765
11,139,"139s3",3,1,19,2,0,1,2.42857142857143,2.57142857142857,2.85714285714286,1.42857142857143,2,5,0,1,1,2,,1,2,0,,2766
11,139,"139s4",4,1,19,2,0,1,2.42857142857143,2.57142857142857,2.85714285714286,1.42857142857143,1,7,0,0,0,0,,0,0,1,,2767
11,139,"139s4",4,1,19,2,0,1,2.42857142857143,2.57142857142857,2.85714285714286,1.42857142857143,2,7,0,0,0,0,,0,0,1,,2768
11,139,"139s5",5,1,19,2,0,1,2.42857142857143,2.57142857142857,2.85714285714286,1.42857142857143,1,7,0,0,0,1,,0,1,0,,2769
11,139,"139s5",5,1,19,2,0,1,2.42857142857143,2.57142857142857,2.85714285714286,1.42857142857143,2,7,0,0,1,0,,1,0,0,,2770
11,139,"139s6",6,0,19,2,0,1,2.42857142857143,2.57142857142857,2.85714285714286,1.42857142857143,1,-3,0,1,1,1,2,1,1,1,2,2771
11,139,"139s6",6,0,19,2,0,1,2.42857142857143,2.57142857142857,2.85714285714286,1.42857142857143,2,5,1,0,1,1,2,1,1,1,2,2772
11,139,"139s7",7,0,19,2,0,1,2.42857142857143,2.57142857142857,2.85714285714286,1.42857142857143,1,-3,0,1,1,0,1,1,0,0,1,2773
11,139,"139s7",7,0,19,2,0,1,2.42857142857143,2.57142857142857,2.85714285714286,1.42857142857143,2,5,1,0,0,1,1,0,1,0,1,2774
11,139,"139s8",8,0,19,2,0,1,2.42857142857143,2.57142857142857,2.85714285714286,1.42857142857143,1,5,0,1,0,1,2,0,1,0,2,2775
11,139,"139s8",8,0,19,2,0,1,2.42857142857143,2.57142857142857,2.85714285714286,1.42857142857143,2,-3,1,0,1,0,2,1,0,0,2,2776
11,139,"139s9",9,0,19,2,0,1,2.42857142857143,2.57142857142857,2.85714285714286,1.42857142857143,1,-3,1,0,0,2,2,0,2,0,2,2777
11,139,"139s9",9,0,19,2,0,1,2.42857142857143,2.57142857142857,2.85714285714286,1.42857142857143,2,5,0,1,2,0,2,2,0,0,2,2778
11,139,"139s10",10,0,19,2,0,1,2.42857142857143,2.57142857142857,2.85714285714286,1.42857142857143,1,5,0,1,2,0,1,2,0,0,1,2779
11,139,"139s10",10,0,19,2,0,1,2.42857142857143,2.57142857142857,2.85714285714286,1.42857142857143,2,-3,1,0,0,2,1,0,2,0,1,2780
11,140,"140s1",1,0,19,1,1,2,3,4,4,1.71428571428571,1,5,1,1,2,1,2,1,2,0,1,2781
11,140,"140s1",1,0,19,1,1,2,3,4,4,1.71428571428571,2,5,1,1,1,2,2,2,1,0,1,2782
11,140,"140s2",2,0,19,1,1,2,3,4,4,1.71428571428571,1,9,0,0,2,0,1,1,0,0,2,2783
11,140,"140s2",2,0,19,1,1,2,3,4,4,1.71428571428571,2,9,0,0,0,2,1,0,1,0,2,2784
11,140,"140s3",3,0,19,1,1,2,3,4,4,1.71428571428571,1,-5,1,1,1,2,1,2,1,0,2,2785
11,140,"140s3",3,0,19,1,1,2,3,4,4,1.71428571428571,2,-5,1,1,2,1,1,1,2,0,2,2786
11,140,"140s4",4,0,19,1,1,2,3,4,4,1.71428571428571,1,-2,0,1,2,0,1,1,0,0,2,2787
11,140,"140s4",4,0,19,1,1,2,3,4,4,1.71428571428571,2,5,1,0,0,2,1,0,1,0,2,2788
11,140,"140s5",5,0,19,1,1,2,3,4,4,1.71428571428571,1,5,0,0,2,1,2,1,2,0,1,2789
11,140,"140s5",5,0,19,1,1,2,3,4,4,1.71428571428571,2,5,0,0,1,2,2,2,1,0,1,2790
11,140,"140s6",6,1,19,1,1,2,3,4,4,1.71428571428571,1,9,0,0,1,0,,2,0,0,,2791
11,140,"140s6",6,1,19,1,1,2,3,4,4,1.71428571428571,2,9,0,0,0,1,,0,2,0,,2792
11,140,"140s7",7,1,19,1,1,2,3,4,4,1.71428571428571,1,-1,1,0,1,0,,2,0,0,,2793
11,140,"140s7",7,1,19,1,1,2,3,4,4,1.71428571428571,2,1,0,1,0,1,,0,2,0,,2794
11,140,"140s8",8,1,19,1,1,2,3,4,4,1.71428571428571,1,1,0,1,2,2,,1,1,1,,2795
11,140,"140s8",8,1,19,1,1,2,3,4,4,1.71428571428571,2,-1,1,0,2,2,,1,1,1,,2796
11,140,"140s9",9,1,19,1,1,2,3,4,4,1.71428571428571,1,9,0,0,1,1,,2,2,1,,2797
11,140,"140s9",9,1,19,1,1,2,3,4,4,1.71428571428571,2,9,0,0,1,1,,2,2,1,,2798
11,140,"140s10",10,1,19,1,1,2,3,4,4,1.71428571428571,1,-5,1,0,2,1,,1,2,0,,2799
11,140,"140s10",10,1,19,1,1,2,3,4,4,1.71428571428571,2,0,0,1,1,2,,2,1,0,,2800
11,141,"141s1",1,1,20,2,0,2,1.71428571428571,2.85714285714286,3.14285714285714,1.28571428571429,1,5,0,1,0,1,,0,2,0,,2801
11,141,"141s1",1,1,20,2,0,2,1.71428571428571,2.85714285714286,3.14285714285714,1.28571428571429,2,5,1,0,1,0,,2,0,0,,2802
11,141,"141s2",2,1,20,2,0,2,1.71428571428571,2.85714285714286,3.14285714285714,1.28571428571429,1,5,1,0,1,0,,2,0,0,,2803
11,141,"141s2",2,1,20,2,0,2,1.71428571428571,2.85714285714286,3.14285714285714,1.28571428571429,2,5,0,1,0,1,,0,2,0,,2804
11,141,"141s3",3,1,20,2,0,2,1.71428571428571,2.85714285714286,3.14285714285714,1.28571428571429,1,9,0,0,0,1,,0,2,0,,2805
11,141,"141s3",3,1,20,2,0,2,1.71428571428571,2.85714285714286,3.14285714285714,1.28571428571429,2,9,0,0,1,0,,2,0,0,,2806
11,141,"141s4",4,1,20,2,0,2,1.71428571428571,2.85714285714286,3.14285714285714,1.28571428571429,1,5,0,0,1,0,,2,0,0,,2807
11,141,"141s4",4,1,20,2,0,2,1.71428571428571,2.85714285714286,3.14285714285714,1.28571428571429,2,5,0,0,0,1,,0,2,0,,2808
11,141,"141s5",5,1,20,2,0,2,1.71428571428571,2.85714285714286,3.14285714285714,1.28571428571429,1,6,1,0,2,0,,1,0,0,,2809
11,141,"141s5",5,1,20,2,0,2,1.71428571428571,2.85714285714286,3.14285714285714,1.28571428571429,2,-3,0,1,0,2,,0,1,0,,2810
11,141,"141s6",6,0,20,2,0,2,1.71428571428571,2.85714285714286,3.14285714285714,1.28571428571429,1,5,1,0,2,1,2,1,2,0,1,2811
11,141,"141s6",6,0,20,2,0,2,1.71428571428571,2.85714285714286,3.14285714285714,1.28571428571429,2,-4,0,1,1,2,2,2,1,0,1,2812
11,141,"141s7",7,0,20,2,0,2,1.71428571428571,2.85714285714286,3.14285714285714,1.28571428571429,1,-3,1,1,0,1,2,0,2,0,1,2813
11,141,"141s7",7,0,20,2,0,2,1.71428571428571,2.85714285714286,3.14285714285714,1.28571428571429,2,6,1,1,1,0,2,2,0,0,1,2814
11,141,"141s8",8,0,20,2,0,2,1.71428571428571,2.85714285714286,3.14285714285714,1.28571428571429,1,6,1,1,0,2,1,0,1,0,2,2815
11,141,"141s8",8,0,20,2,0,2,1.71428571428571,2.85714285714286,3.14285714285714,1.28571428571429,2,6,1,1,2,0,1,1,0,0,2,2816
11,141,"141s9",9,0,20,2,0,2,1.71428571428571,2.85714285714286,3.14285714285714,1.28571428571429,1,-3,0,0,1,2,2,2,1,0,1,2817
11,141,"141s9",9,0,20,2,0,2,1.71428571428571,2.85714285714286,3.14285714285714,1.28571428571429,2,-3,0,0,2,1,2,1,2,0,1,2818
11,141,"141s10",10,0,20,2,0,2,1.71428571428571,2.85714285714286,3.14285714285714,1.28571428571429,1,5,1,1,0,0,2,0,0,1,1,2819
11,141,"141s10",10,0,20,2,0,2,1.71428571428571,2.85714285714286,3.14285714285714,1.28571428571429,2,5,1,1,0,0,2,0,0,1,1,2820
11,142,"142s1",1,0,23,1,0,1,1.85714285714286,2.42857142857143,2.28571428571429,0,1,-9,1,1,1,2,2,1,2,0,2,2821
11,142,"142s1",1,0,23,1,0,1,1.85714285714286,2.42857142857143,2.28571428571429,0,2,-9,1,1,2,1,2,2,1,0,2,2822
11,142,"142s2",2,0,23,1,0,1,1.85714285714286,2.42857142857143,2.28571428571429,0,1,9,0,1,0,2,2,0,2,0,2,2823
11,142,"142s2",2,0,23,1,0,1,1.85714285714286,2.42857142857143,2.28571428571429,0,2,-9,1,0,2,0,2,2,0,0,2,2824
11,142,"142s3",3,0,23,1,0,1,1.85714285714286,2.42857142857143,2.28571428571429,0,1,9,0,0,1,2,2,1,2,0,2,2825
11,142,"142s3",3,0,23,1,0,1,1.85714285714286,2.42857142857143,2.28571428571429,0,2,9,0,0,2,1,2,2,1,0,2,2826
11,142,"142s4",4,0,23,1,0,1,1.85714285714286,2.42857142857143,2.28571428571429,0,1,-9,1,1,0,0,1,0,0,1,1,2827
11,142,"142s4",4,0,23,1,0,1,1.85714285714286,2.42857142857143,2.28571428571429,0,2,-9,1,1,0,0,1,0,0,1,1,2828
11,142,"142s5",5,0,23,1,0,1,1.85714285714286,2.42857142857143,2.28571428571429,0,1,-9,1,0,1,0,2,1,0,0,2,2829
11,142,"142s5",5,0,23,1,0,1,1.85714285714286,2.42857142857143,2.28571428571429,0,2,9,0,1,0,1,2,0,1,0,2,2830
11,142,"142s6",6,1,23,1,0,1,1.85714285714286,2.42857142857143,2.28571428571429,0,1,9,0,0,0,1,,0,1,0,,2831
11,142,"142s6",6,1,23,1,0,1,1.85714285714286,2.42857142857143,2.28571428571429,0,2,9,0,0,1,0,,1,0,0,,2832
11,142,"142s7",7,1,23,1,0,1,1.85714285714286,2.42857142857143,2.28571428571429,0,1,9,0,0,0,2,,0,2,0,,2833
11,142,"142s7",7,1,23,1,0,1,1.85714285714286,2.42857142857143,2.28571428571429,0,2,9,0,0,2,0,,2,0,0,,2834
11,142,"142s8",8,1,23,1,0,1,1.85714285714286,2.42857142857143,2.28571428571429,0,1,9,0,1,0,2,,0,2,0,,2835
11,142,"142s8",8,1,23,1,0,1,1.85714285714286,2.42857142857143,2.28571428571429,0,2,-9,1,0,2,0,,2,0,0,,2836
11,142,"142s9",9,1,23,1,0,1,1.85714285714286,2.42857142857143,2.28571428571429,0,1,-9,1,0,0,2,,0,2,0,,2837
11,142,"142s9",9,1,23,1,0,1,1.85714285714286,2.42857142857143,2.28571428571429,0,2,9,0,1,2,0,,2,0,0,,2838
11,142,"142s10",10,1,23,1,0,1,1.85714285714286,2.42857142857143,2.28571428571429,0,1,9,0,1,2,2,,2,2,1,,2839
11,142,"142s10",10,1,23,1,0,1,1.85714285714286,2.42857142857143,2.28571428571429,0,2,-9,1,0,2,2,,2,2,1,,2840
11,143,"143s1",1,0,19,1,1,2,3.28571428571429,3.57142857142857,3.71428571428571,1.71428571428571,1,0,0,0,1,2,2,2,1,0,1,2841
11,143,"143s1",1,0,19,1,1,2,3.28571428571429,3.57142857142857,3.71428571428571,1.71428571428571,2,0,0,0,2,1,2,1,2,0,1,2842
11,143,"143s2",2,0,19,1,1,2,3.28571428571429,3.57142857142857,3.71428571428571,1.71428571428571,1,-2,0,1,2,2,2,1,1,1,1,2843
11,143,"143s2",2,0,19,1,1,2,3.28571428571429,3.57142857142857,3.71428571428571,1.71428571428571,2,6,1,0,2,2,2,1,1,1,1,2844
11,143,"143s3",3,0,19,1,1,2,3.28571428571429,3.57142857142857,3.71428571428571,1.71428571428571,1,4,1,0,0,0,2,0,0,1,1,2845
11,143,"143s3",3,0,19,1,1,2,3.28571428571429,3.57142857142857,3.71428571428571,1.71428571428571,2,-2,0,1,0,0,2,0,0,1,1,2846
11,143,"143s4",4,0,19,1,1,2,3.28571428571429,3.57142857142857,3.71428571428571,1.71428571428571,1,-3,0,1,1,0,1,2,0,0,2,2847
11,143,"143s4",4,0,19,1,1,2,3.28571428571429,3.57142857142857,3.71428571428571,1.71428571428571,2,3,1,0,0,1,1,0,2,0,2,2848
11,143,"143s5",5,0,19,1,1,2,3.28571428571429,3.57142857142857,3.71428571428571,1.71428571428571,1,4,1,1,1,0,2,2,0,0,1,2849
11,143,"143s5",5,0,19,1,1,2,3.28571428571429,3.57142857142857,3.71428571428571,1.71428571428571,2,4,1,1,0,1,2,0,2,0,1,2850
11,143,"143s6",6,1,19,1,1,2,3.28571428571429,3.57142857142857,3.71428571428571,1.71428571428571,1,-3,0,1,1,0,,2,0,0,,2851
11,143,"143s6",6,1,19,1,1,2,3.28571428571429,3.57142857142857,3.71428571428571,1.71428571428571,2,6,1,0,0,1,,0,2,0,,2852
11,143,"143s7",7,1,19,1,1,2,3.28571428571429,3.57142857142857,3.71428571428571,1.71428571428571,1,-3,0,1,0,0,,0,0,1,,2853
11,143,"143s7",7,1,19,1,1,2,3.28571428571429,3.57142857142857,3.71428571428571,1.71428571428571,2,6,1,0,0,0,,0,0,1,,2854
11,143,"143s8",8,1,19,1,1,2,3.28571428571429,3.57142857142857,3.71428571428571,1.71428571428571,1,5,1,1,1,0,,2,0,0,,2855
11,143,"143s8",8,1,19,1,1,2,3.28571428571429,3.57142857142857,3.71428571428571,1.71428571428571,2,5,1,1,0,1,,0,2,0,,2856
11,143,"143s9",9,1,19,1,1,2,3.28571428571429,3.57142857142857,3.71428571428571,1.71428571428571,1,-3,0,1,1,0,,2,0,0,,2857
11,143,"143s9",9,1,19,1,1,2,3.28571428571429,3.57142857142857,3.71428571428571,1.71428571428571,2,5,1,0,0,1,,0,2,0,,2858
11,143,"143s10",10,1,19,1,1,2,3.28571428571429,3.57142857142857,3.71428571428571,1.71428571428571,1,0,0,0,1,1,,2,2,1,,2859
11,143,"143s10",10,1,19,1,1,2,3.28571428571429,3.57142857142857,3.71428571428571,1.71428571428571,2,0,0,0,1,1,,2,2,1,,2860
11,144,"144s1",1,0,18,2,0,1,2.14285714285714,2.71428571428571,2.42857142857143,0.428571428571428,1,-9,1,1,0,0,2,0,0,1,2,2861
11,144,"144s1",1,0,18,2,0,1,2.14285714285714,2.71428571428571,2.42857142857143,0.428571428571428,2,-9,1,1,0,0,2,0,0,1,2,2862
11,144,"144s2",2,0,18,2,0,1,2.14285714285714,2.71428571428571,2.42857142857143,0.428571428571428,1,9,0,0,1,2,1,1,2,0,1,2863
11,144,"144s2",2,0,18,2,0,1,2.14285714285714,2.71428571428571,2.42857142857143,0.428571428571428,2,9,0,0,2,1,1,2,1,0,1,2864
11,144,"144s3",3,0,18,2,0,1,2.14285714285714,2.71428571428571,2.42857142857143,0.428571428571428,1,-9,1,0,1,0,1,1,0,0,1,2865
11,144,"144s3",3,0,18,2,0,1,2.14285714285714,2.71428571428571,2.42857142857143,0.428571428571428,2,9,0,1,0,1,1,0,1,0,1,2866
11,144,"144s4",4,0,18,2,0,1,2.14285714285714,2.71428571428571,2.42857142857143,0.428571428571428,1,9,0,1,2,2,1,2,2,1,1,2867
11,144,"144s4",4,0,18,2,0,1,2.14285714285714,2.71428571428571,2.42857142857143,0.428571428571428,2,-9,1,0,2,2,1,2,2,1,1,2868
11,144,"144s5",5,0,18,2,0,1,2.14285714285714,2.71428571428571,2.42857142857143,0.428571428571428,1,-9,1,1,1,2,1,1,2,0,1,2869
11,144,"144s5",5,0,18,2,0,1,2.14285714285714,2.71428571428571,2.42857142857143,0.428571428571428,2,-9,1,1,2,1,1,2,1,0,1,2870
11,144,"144s6",6,1,18,2,0,1,2.14285714285714,2.71428571428571,2.42857142857143,0.428571428571428,1,-9,1,0,1,0,,1,0,0,,2871
11,144,"144s6",6,1,18,2,0,1,2.14285714285714,2.71428571428571,2.42857142857143,0.428571428571428,2,9,0,1,0,1,,0,1,0,,2872
11,144,"144s7",7,1,18,2,0,1,2.14285714285714,2.71428571428571,2.42857142857143,0.428571428571428,1,-9,1,1,1,2,,1,2,0,,2873
11,144,"144s7",7,1,18,2,0,1,2.14285714285714,2.71428571428571,2.42857142857143,0.428571428571428,2,-9,1,1,2,1,,2,1,0,,2874
11,144,"144s8",8,1,18,2,0,1,2.14285714285714,2.71428571428571,2.42857142857143,0.428571428571428,1,9,0,1,1,2,,1,2,0,,2875
11,144,"144s8",8,1,18,2,0,1,2.14285714285714,2.71428571428571,2.42857142857143,0.428571428571428,2,-9,1,0,2,1,,2,1,0,,2876
11,144,"144s9",9,1,18,2,0,1,2.14285714285714,2.71428571428571,2.42857142857143,0.428571428571428,1,-9,1,0,1,1,,1,1,1,,2877
11,144,"144s9",9,1,18,2,0,1,2.14285714285714,2.71428571428571,2.42857142857143,0.428571428571428,2,9,0,1,1,1,,1,1,1,,2878
11,144,"144s10",10,1,18,2,0,1,2.14285714285714,2.71428571428571,2.42857142857143,0.428571428571428,1,9,0,0,1,2,,1,2,0,,2879
11,144,"144s10",10,1,18,2,0,1,2.14285714285714,2.71428571428571,2.42857142857143,0.428571428571428,2,9,0,0,2,1,,2,1,0,,2880
11,145,"145s1",1,0,22,3,0,1,3.57142857142857,3.42857142857143,2.85714285714286,1.85714285714286,1,-9,1,1,2,2,1,2,2,1,1,2881
11,145,"145s1",1,0,22,3,0,1,3.57142857142857,3.42857142857143,2.85714285714286,1.85714285714286,2,-9,1,1,2,2,1,2,2,1,1,2882
11,145,"145s2",2,0,22,3,0,1,3.57142857142857,3.42857142857143,2.85714285714286,1.85714285714286,1,-9,1,1,2,0,2,2,0,0,2,2883
11,145,"145s2",2,0,22,3,0,1,3.57142857142857,3.42857142857143,2.85714285714286,1.85714285714286,2,-9,1,1,0,2,2,0,2,0,2,2884
11,145,"145s3",3,0,22,3,0,1,3.57142857142857,3.42857142857143,2.85714285714286,1.85714285714286,1,9,0,0,0,2,1,0,2,0,1,2885
11,145,"145s3",3,0,22,3,0,1,3.57142857142857,3.42857142857143,2.85714285714286,1.85714285714286,2,9,0,0,2,0,1,2,0,0,1,2886
11,145,"145s4",4,0,22,3,0,1,3.57142857142857,3.42857142857143,2.85714285714286,1.85714285714286,1,9,0,0,0,2,1,0,2,0,1,2887
11,145,"145s4",4,0,22,3,0,1,3.57142857142857,3.42857142857143,2.85714285714286,1.85714285714286,2,9,0,0,2,0,1,2,0,0,1,2888
11,145,"145s5",5,0,22,3,0,1,3.57142857142857,3.42857142857143,2.85714285714286,1.85714285714286,1,9,0,0,0,1,1,0,1,0,1,2889
11,145,"145s5",5,0,22,3,0,1,3.57142857142857,3.42857142857143,2.85714285714286,1.85714285714286,2,9,0,0,1,0,1,1,0,0,1,2890
11,145,"145s6",6,1,22,3,0,1,3.57142857142857,3.42857142857143,2.85714285714286,1.85714285714286,1,-9,1,0,0,2,,0,2,0,,2891
11,145,"145s6",6,1,22,3,0,1,3.57142857142857,3.42857142857143,2.85714285714286,1.85714285714286,2,9,0,1,2,0,,2,0,0,,2892
11,145,"145s7",7,1,22,3,0,1,3.57142857142857,3.42857142857143,2.85714285714286,1.85714285714286,1,9,0,1,1,0,,1,0,0,,2893
11,145,"145s7",7,1,22,3,0,1,3.57142857142857,3.42857142857143,2.85714285714286,1.85714285714286,2,-9,1,0,0,1,,0,1,0,,2894
11,145,"145s8",8,1,22,3,0,1,3.57142857142857,3.42857142857143,2.85714285714286,1.85714285714286,1,9,0,0,1,0,,1,0,0,,2895
11,145,"145s8",8,1,22,3,0,1,3.57142857142857,3.42857142857143,2.85714285714286,1.85714285714286,2,9,0,0,0,1,,0,1,0,,2896
11,145,"145s9",9,1,22,3,0,1,3.57142857142857,3.42857142857143,2.85714285714286,1.85714285714286,1,-9,1,1,2,1,,2,1,0,,2897
11,145,"145s9",9,1,22,3,0,1,3.57142857142857,3.42857142857143,2.85714285714286,1.85714285714286,2,-9,1,1,1,2,,1,2,0,,2898
11,145,"145s10",10,1,22,3,0,1,3.57142857142857,3.42857142857143,2.85714285714286,1.85714285714286,1,9,0,0,2,1,,2,1,0,,2899
11,145,"145s10",10,1,22,3,0,1,3.57142857142857,3.42857142857143,2.85714285714286,1.85714285714286,2,9,0,0,1,2,,1,2,0,,2900
11,146,"146s1",1,1,24,2,0,2,2.85714285714286,3.57142857142857,2.71428571428571,2.71428571428571,1,-9,1,0,2,0,,1,0,0,,2901
11,146,"146s1",1,1,24,2,0,2,2.85714285714286,3.57142857142857,2.71428571428571,2.71428571428571,2,9,0,1,0,2,,0,1,0,,2902
11,146,"146s2",2,1,24,2,0,2,2.85714285714286,3.57142857142857,2.71428571428571,2.71428571428571,1,9,0,0,1,2,,2,1,0,,2903
11,146,"146s2",2,1,24,2,0,2,2.85714285714286,3.57142857142857,2.71428571428571,2.71428571428571,2,9,0,0,2,1,,1,2,0,,2904
11,146,"146s3",3,1,24,2,0,2,2.85714285714286,3.57142857142857,2.71428571428571,2.71428571428571,1,9,0,0,2,0,,1,0,0,,2905
11,146,"146s3",3,1,24,2,0,2,2.85714285714286,3.57142857142857,2.71428571428571,2.71428571428571,2,9,0,0,0,2,,0,1,0,,2906
11,146,"146s4",4,1,24,2,0,2,2.85714285714286,3.57142857142857,2.71428571428571,2.71428571428571,1,-9,1,1,2,1,,1,2,0,,2907
11,146,"146s4",4,1,24,2,0,2,2.85714285714286,3.57142857142857,2.71428571428571,2.71428571428571,2,-9,1,1,1,2,,2,1,0,,2908
11,146,"146s5",5,1,24,2,0,2,2.85714285714286,3.57142857142857,2.71428571428571,2.71428571428571,1,9,0,1,0,1,,0,2,0,,2909
11,146,"146s5",5,1,24,2,0,2,2.85714285714286,3.57142857142857,2.71428571428571,2.71428571428571,2,-9,1,0,1,0,,2,0,0,,2910
11,146,"146s6",6,0,24,2,0,2,2.85714285714286,3.57142857142857,2.71428571428571,2.71428571428571,1,-9,1,0,2,0,1,1,0,0,2,2911
11,146,"146s6",6,0,24,2,0,2,2.85714285714286,3.57142857142857,2.71428571428571,2.71428571428571,2,9,0,1,0,2,1,0,1,0,2,2912
11,146,"146s7",7,0,24,2,0,2,2.85714285714286,3.57142857142857,2.71428571428571,2.71428571428571,1,-9,1,1,0,2,2,0,1,0,1,2913
11,146,"146s7",7,0,24,2,0,2,2.85714285714286,3.57142857142857,2.71428571428571,2.71428571428571,2,-9,1,1,2,0,2,1,0,0,1,2914
11,146,"146s8",8,0,24,2,0,2,2.85714285714286,3.57142857142857,2.71428571428571,2.71428571428571,1,-9,1,1,2,2,1,1,1,1,2,2915
11,146,"146s8",8,0,24,2,0,2,2.85714285714286,3.57142857142857,2.71428571428571,2.71428571428571,2,-9,1,1,2,2,1,1,1,1,2,2916
11,146,"146s9",9,0,24,2,0,2,2.85714285714286,3.57142857142857,2.71428571428571,2.71428571428571,1,9,0,0,0,2,2,0,1,0,1,2917
11,146,"146s9",9,0,24,2,0,2,2.85714285714286,3.57142857142857,2.71428571428571,2.71428571428571,2,9,0,0,2,0,2,1,0,0,1,2918
11,146,"146s10",10,0,24,2,0,2,2.85714285714286,3.57142857142857,2.71428571428571,2.71428571428571,1,-9,1,0,0,0,1,0,0,1,2,2919
11,146,"146s10",10,0,24,2,0,2,2.85714285714286,3.57142857142857,2.71428571428571,2.71428571428571,2,9,0,1,0,0,1,0,0,1,2,2920
11,147,"147s1",1,1,22,3,1,1,1.28571428571429,2.71428571428571,2.42857142857143,1.71428571428571,1,4,0,1,1,0,,1,0,0,,2921
11,147,"147s1",1,1,22,3,1,1,1.28571428571429,2.71428571428571,2.42857142857143,1.71428571428571,2,-3,1,0,0,1,,0,1,0,,2922
11,147,"147s2",2,1,22,3,1,1,1.28571428571429,2.71428571428571,2.42857142857143,1.71428571428571,1,5,0,0,0,2,,0,2,0,,2923
11,147,"147s2",2,1,22,3,1,1,1.28571428571429,2.71428571428571,2.42857142857143,1.71428571428571,2,5,0,0,2,0,,2,0,0,,2924
11,147,"147s3",3,1,22,3,1,1,1.28571428571429,2.71428571428571,2.42857142857143,1.71428571428571,1,7,0,0,1,2,,1,2,0,,2925
11,147,"147s3",3,1,22,3,1,1,1.28571428571429,2.71428571428571,2.42857142857143,1.71428571428571,2,7,0,0,2,1,,2,1,0,,2926
11,147,"147s4",4,1,22,3,1,1,1.28571428571429,2.71428571428571,2.42857142857143,1.71428571428571,1,9,0,1,2,0,,2,0,0,,2927
11,147,"147s4",4,1,22,3,1,1,1.28571428571429,2.71428571428571,2.42857142857143,1.71428571428571,2,9,1,0,0,2,,0,2,0,,2928
11,147,"147s5",5,1,22,3,1,1,1.28571428571429,2.71428571428571,2.42857142857143,1.71428571428571,1,-3,0,0,1,1,,1,1,1,,2929
11,147,"147s5",5,1,22,3,1,1,1.28571428571429,2.71428571428571,2.42857142857143,1.71428571428571,2,-3,0,0,1,1,,1,1,1,,2930
11,147,"147s6",6,0,22,3,1,1,1.28571428571429,2.71428571428571,2.42857142857143,1.71428571428571,1,-7,1,1,0,2,2,0,2,0,2,2931
11,147,"147s6",6,0,22,3,1,1,1.28571428571429,2.71428571428571,2.42857142857143,1.71428571428571,2,-7,1,1,2,0,2,2,0,0,2,2932
11,147,"147s7",7,0,22,3,1,1,1.28571428571429,2.71428571428571,2.42857142857143,1.71428571428571,1,7,0,0,1,2,2,1,2,0,2,2933
11,147,"147s7",7,0,22,3,1,1,1.28571428571429,2.71428571428571,2.42857142857143,1.71428571428571,2,7,0,0,2,1,2,2,1,0,2,2934
11,147,"147s8",8,0,22,3,1,1,1.28571428571429,2.71428571428571,2.42857142857143,1.71428571428571,1,-3,0,0,1,1,2,1,1,1,2,2935
11,147,"147s8",8,0,22,3,1,1,1.28571428571429,2.71428571428571,2.42857142857143,1.71428571428571,2,-3,0,0,1,1,2,1,1,1,2,2936
11,147,"147s9",9,0,22,3,1,1,1.28571428571429,2.71428571428571,2.42857142857143,1.71428571428571,1,-5,0,0,0,1,2,0,1,0,2,2937
11,147,"147s9",9,0,22,3,1,1,1.28571428571429,2.71428571428571,2.42857142857143,1.71428571428571,2,-5,0,0,1,0,2,1,0,0,2,2938
11,147,"147s10",10,0,22,3,1,1,1.28571428571429,2.71428571428571,2.42857142857143,1.71428571428571,1,-4,0,0,0,1,1,0,1,0,1,2939
11,147,"147s10",10,0,22,3,1,1,1.28571428571429,2.71428571428571,2.42857142857143,1.71428571428571,2,-4,0,0,1,0,1,1,0,0,1,2940
11,148,"148s1",1,0,23,3,1,1,1.42857142857143,2.71428571428571,2.42857142857143,1.42857142857143,1,7,1,0,1,0,2,1,0,0,2,2941
11,148,"148s1",1,0,23,3,1,1,1.42857142857143,2.71428571428571,2.42857142857143,1.42857142857143,2,7,0,1,0,1,2,0,1,0,2,2942
11,148,"148s2",2,0,23,3,1,1,1.42857142857143,2.71428571428571,2.42857142857143,1.42857142857143,1,7,1,0,1,0,2,1,0,0,2,2943
11,148,"148s2",2,0,23,3,1,1,1.42857142857143,2.71428571428571,2.42857142857143,1.42857142857143,2,7,0,1,0,1,2,0,1,0,2,2944
11,148,"148s3",3,0,23,3,1,1,1.42857142857143,2.71428571428571,2.42857142857143,1.42857142857143,1,9,0,0,0,2,1,0,2,0,1,2945
11,148,"148s3",3,0,23,3,1,1,1.42857142857143,2.71428571428571,2.42857142857143,1.42857142857143,2,9,0,0,2,0,1,2,0,0,1,2946
11,148,"148s4",4,0,23,3,1,1,1.42857142857143,2.71428571428571,2.42857142857143,1.42857142857143,1,9,0,0,1,0,2,1,0,0,2,2947
11,148,"148s4",4,0,23,3,1,1,1.42857142857143,2.71428571428571,2.42857142857143,1.42857142857143,2,9,0,0,0,1,2,0,1,0,2,2948
11,148,"148s5",5,0,23,3,1,1,1.42857142857143,2.71428571428571,2.42857142857143,1.42857142857143,1,7,1,0,2,0,2,2,0,0,2,2949
11,148,"148s5",5,0,23,3,1,1,1.42857142857143,2.71428571428571,2.42857142857143,1.42857142857143,2,7,0,1,0,2,2,0,2,0,2,2950
11,148,"148s6",6,1,23,3,1,1,1.42857142857143,2.71428571428571,2.42857142857143,1.42857142857143,1,5,1,0,1,0,,1,0,0,,2951
11,148,"148s6",6,1,23,3,1,1,1.42857142857143,2.71428571428571,2.42857142857143,1.42857142857143,2,5,0,1,0,1,,0,1,0,,2952
11,148,"148s7",7,1,23,3,1,1,1.42857142857143,2.71428571428571,2.42857142857143,1.42857142857143,1,5,1,1,1,0,,1,0,0,,2953
11,148,"148s7",7,1,23,3,1,1,1.42857142857143,2.71428571428571,2.42857142857143,1.42857142857143,2,5,1,1,0,1,,0,1,0,,2954
11,148,"148s8",8,1,23,3,1,1,1.42857142857143,2.71428571428571,2.42857142857143,1.42857142857143,1,6,1,0,0,0,,0,0,1,,2955
11,148,"148s8",8,1,23,3,1,1,1.42857142857143,2.71428571428571,2.42857142857143,1.42857142857143,2,6,0,1,0,0,,0,0,1,,2956
11,148,"148s9",9,1,23,3,1,1,1.42857142857143,2.71428571428571,2.42857142857143,1.42857142857143,1,6,1,0,2,2,,2,2,1,,2957
11,148,"148s9",9,1,23,3,1,1,1.42857142857143,2.71428571428571,2.42857142857143,1.42857142857143,2,6,0,1,2,2,,2,2,1,,2958
11,148,"148s10",10,1,23,3,1,1,1.42857142857143,2.71428571428571,2.42857142857143,1.42857142857143,1,6,1,0,0,2,,0,2,0,,2959
11,148,"148s10",10,1,23,3,1,1,1.42857142857143,2.71428571428571,2.42857142857143,1.42857142857143,2,6,0,1,2,0,,2,0,0,,2960
11,149,"149s1",1,1,21,3,0,2,1.42857142857143,2.42857142857143,3,1,1,-3,1,0,2,2,,1,1,1,,2961
11,149,"149s1",1,1,21,3,0,2,1.42857142857143,2.42857142857143,3,1,2,9,0,1,2,2,,1,1,1,,2962
11,149,"149s2",2,1,21,3,0,2,1.42857142857143,2.42857142857143,3,1,1,9,1,0,2,0,,1,0,0,,2963
11,149,"149s2",2,1,21,3,0,2,1.42857142857143,2.42857142857143,3,1,2,-3,0,1,0,2,,0,1,0,,2964
11,149,"149s3",3,1,21,3,0,2,1.42857142857143,2.42857142857143,3,1,1,-3,1,0,1,0,,2,0,0,,2965
11,149,"149s3",3,1,21,3,0,2,1.42857142857143,2.42857142857143,3,1,2,9,0,1,0,1,,0,2,0,,2966
11,149,"149s4",4,1,21,3,0,2,1.42857142857143,2.42857142857143,3,1,1,-4,1,0,1,1,,2,2,1,,2967
11,149,"149s4",4,1,21,3,0,2,1.42857142857143,2.42857142857143,3,1,2,6,0,1,1,1,,2,2,1,,2968
11,149,"149s5",5,1,21,3,0,2,1.42857142857143,2.42857142857143,3,1,1,-3,1,1,2,2,,1,1,1,,2969
11,149,"149s5",5,1,21,3,0,2,1.42857142857143,2.42857142857143,3,1,2,-3,1,1,2,2,,1,1,1,,2970
11,149,"149s6",6,0,21,3,0,2,1.42857142857143,2.42857142857143,3,1,1,0,0,0,2,1,2,1,2,0,1,2971
11,149,"149s6",6,0,21,3,0,2,1.42857142857143,2.42857142857143,3,1,2,0,0,0,1,2,2,2,1,0,1,2972
11,149,"149s7",7,0,21,3,0,2,1.42857142857143,2.42857142857143,3,1,1,0,0,0,1,1,2,2,2,1,1,2973
11,149,"149s7",7,0,21,3,0,2,1.42857142857143,2.42857142857143,3,1,2,0,0,0,1,1,2,2,2,1,1,2974
11,149,"149s8",8,0,21,3,0,2,1.42857142857143,2.42857142857143,3,1,1,0,0,0,1,1,2,2,2,1,1,2975
11,149,"149s8",8,0,21,3,0,2,1.42857142857143,2.42857142857143,3,1,2,0,0,0,1,1,2,2,2,1,1,2976
11,149,"149s9",9,0,21,3,0,2,1.42857142857143,2.42857142857143,3,1,1,-3,1,1,2,2,2,1,1,1,1,2977
11,149,"149s9",9,0,21,3,0,2,1.42857142857143,2.42857142857143,3,1,2,-3,1,1,2,2,2,1,1,1,1,2978
11,149,"149s10",10,0,21,3,0,2,1.42857142857143,2.42857142857143,3,1,1,0,0,0,1,0,2,2,0,0,1,2979
11,149,"149s10",10,0,21,3,0,2,1.42857142857143,2.42857142857143,3,1,2,0,0,0,0,1,2,0,2,0,1,2980
12,150,"150s1",1,0,21,3,1,2,2.85714285714286,3,2.28571428571429,1.14285714285714,1,3,0,1,2,1,1,1,2,0,2,2981
12,150,"150s1",1,0,21,3,1,2,2.85714285714286,3,2.28571428571429,1.14285714285714,2,-2,1,0,1,2,1,2,1,0,2,2982
12,150,"150s2",2,0,21,3,1,2,2.85714285714286,3,2.28571428571429,1.14285714285714,1,4,0,0,2,1,1,1,2,0,2,2983
12,150,"150s2",2,0,21,3,1,2,2.85714285714286,3,2.28571428571429,1.14285714285714,2,4,0,0,1,2,1,2,1,0,2,2984
12,150,"150s3",3,0,21,3,1,2,2.85714285714286,3,2.28571428571429,1.14285714285714,1,-3,1,1,1,2,2,2,1,0,1,2985
12,150,"150s3",3,0,21,3,1,2,2.85714285714286,3,2.28571428571429,1.14285714285714,2,-5,1,1,2,1,2,1,2,0,1,2986
12,150,"150s4",4,0,21,3,1,2,2.85714285714286,3,2.28571428571429,1.14285714285714,1,-5,1,0,2,1,2,1,2,0,1,2987
12,150,"150s4",4,0,21,3,1,2,2.85714285714286,3,2.28571428571429,1.14285714285714,2,-3,0,1,1,2,2,2,1,0,1,2988
12,150,"150s5",5,0,21,3,1,2,2.85714285714286,3,2.28571428571429,1.14285714285714,1,-3,1,0,1,2,1,2,1,0,2,2989
12,150,"150s5",5,0,21,3,1,2,2.85714285714286,3,2.28571428571429,1.14285714285714,2,4,0,1,2,1,1,1,2,0,2,2990
12,150,"150s6",6,1,21,3,1,2,2.85714285714286,3,2.28571428571429,1.14285714285714,1,6,0,1,0,1,,0,2,0,,2991
12,150,"150s6",6,1,21,3,1,2,2.85714285714286,3,2.28571428571429,1.14285714285714,2,-7,1,0,1,0,,2,0,0,,2992
12,150,"150s7",7,1,21,3,1,2,2.85714285714286,3,2.28571428571429,1.14285714285714,1,5,0,1,2,1,,1,2,0,,2993
12,150,"150s7",7,1,21,3,1,2,2.85714285714286,3,2.28571428571429,1.14285714285714,2,-6,1,0,1,2,,2,1,0,,2994
12,150,"150s8",8,1,21,3,1,2,2.85714285714286,3,2.28571428571429,1.14285714285714,1,-7,1,1,2,0,,1,0,0,,2995
12,150,"150s8",8,1,21,3,1,2,2.85714285714286,3,2.28571428571429,1.14285714285714,2,-4,1,1,0,2,,0,1,0,,2996
12,150,"150s9",9,1,21,3,1,2,2.85714285714286,3,2.28571428571429,1.14285714285714,1,4,0,1,1,0,,2,0,0,,2997
12,150,"150s9",9,1,21,3,1,2,2.85714285714286,3,2.28571428571429,1.14285714285714,2,-4,1,0,0,1,,0,2,0,,2998
12,150,"150s10",10,1,21,3,1,2,2.85714285714286,3,2.28571428571429,1.14285714285714,1,8,0,0,0,0,,0,0,1,,2999
12,150,"150s10",10,1,21,3,1,2,2.85714285714286,3,2.28571428571429,1.14285714285714,2,8,0,0,0,0,,0,0,1,,3000
12,151,"151s1",1,1,21,4,1,2,3.71428571428571,3.42857142857143,2.28571428571429,2.14285714285714,1,-9,1,1,0,0,,0,0,1,,3001
12,151,"151s1",1,1,21,4,1,2,3.71428571428571,3.42857142857143,2.28571428571429,2.14285714285714,2,-9,1,1,0,0,,0,0,1,,3002
12,151,"151s2",2,1,21,4,1,2,3.71428571428571,3.42857142857143,2.28571428571429,2.14285714285714,1,-2,1,1,2,1,,1,2,0,,3003
12,151,"151s2",2,1,21,4,1,2,3.71428571428571,3.42857142857143,2.28571428571429,2.14285714285714,2,-2,1,1,1,2,,2,1,0,,3004
12,151,"151s3",3,1,21,4,1,2,3.71428571428571,3.42857142857143,2.28571428571429,2.14285714285714,1,9,0,1,2,0,,1,0,0,,3005
12,151,"151s3",3,1,21,4,1,2,3.71428571428571,3.42857142857143,2.28571428571429,2.14285714285714,2,-9,1,0,0,2,,0,1,0,,3006
12,151,"151s4",4,1,21,4,1,2,3.71428571428571,3.42857142857143,2.28571428571429,2.14285714285714,1,-3,1,1,1,0,,2,0,0,,3007
12,151,"151s4",4,1,21,4,1,2,3.71428571428571,3.42857142857143,2.28571428571429,2.14285714285714,2,-3,1,1,0,1,,0,2,0,,3008
12,151,"151s5",5,1,21,4,1,2,3.71428571428571,3.42857142857143,2.28571428571429,2.14285714285714,1,6,0,1,0,0,,0,0,1,,3009
12,151,"151s5",5,1,21,4,1,2,3.71428571428571,3.42857142857143,2.28571428571429,2.14285714285714,2,-1,1,0,0,0,,0,0,1,,3010
12,151,"151s6",6,0,21,4,1,2,3.71428571428571,3.42857142857143,2.28571428571429,2.14285714285714,1,-5,1,0,2,2,2,1,1,1,1,3011
12,151,"151s6",6,0,21,4,1,2,3.71428571428571,3.42857142857143,2.28571428571429,2.14285714285714,2,0,0,1,2,2,2,1,1,1,1,3012
12,151,"151s7",7,0,21,4,1,2,3.71428571428571,3.42857142857143,2.28571428571429,2.14285714285714,1,-3,1,0,0,0,2,0,0,1,1,3013
12,151,"151s7",7,0,21,4,1,2,3.71428571428571,3.42857142857143,2.28571428571429,2.14285714285714,2,3,0,1,0,0,2,0,0,1,1,3014
12,151,"151s8",8,0,21,4,1,2,3.71428571428571,3.42857142857143,2.28571428571429,2.14285714285714,1,0,0,1,2,1,2,1,2,0,1,3015
12,151,"151s8",8,0,21,4,1,2,3.71428571428571,3.42857142857143,2.28571428571429,2.14285714285714,2,-2,1,0,1,2,2,2,1,0,1,3016
12,151,"151s9",9,0,21,4,1,2,3.71428571428571,3.42857142857143,2.28571428571429,2.14285714285714,1,-5,1,1,0,2,2,0,1,0,1,3017
12,151,"151s9",9,0,21,4,1,2,3.71428571428571,3.42857142857143,2.28571428571429,2.14285714285714,2,-5,1,1,2,0,2,1,0,0,1,3018
12,151,"151s10",10,0,21,4,1,2,3.71428571428571,3.42857142857143,2.28571428571429,2.14285714285714,1,1,0,1,0,1,1,0,2,0,2,3019
12,151,"151s10",10,0,21,4,1,2,3.71428571428571,3.42857142857143,2.28571428571429,2.14285714285714,2,-3,1,0,1,0,1,2,0,0,2,3020
12,152,"152s1",1,1,21,3,1,2,4,4,2.85714285714286,3.71428571428571,1,-8,1,0,0,1,,0,2,0,,3021
12,152,"152s1",1,1,21,3,1,2,4,4,2.85714285714286,3.71428571428571,2,9,0,1,1,0,,2,0,0,,3022
12,152,"152s2",2,1,21,3,1,2,4,4,2.85714285714286,3.71428571428571,1,-8,1,0,2,2,,1,1,1,,3023
12,152,"152s2",2,1,21,3,1,2,4,4,2.85714285714286,3.71428571428571,2,9,0,1,2,2,,1,1,1,,3024
12,152,"152s3",3,1,21,3,1,2,4,4,2.85714285714286,3.71428571428571,1,-8,1,0,2,2,,1,1,1,,3025
12,152,"152s3",3,1,21,3,1,2,4,4,2.85714285714286,3.71428571428571,2,9,0,1,2,2,,1,1,1,,3026
12,152,"152s4",4,1,21,3,1,2,4,4,2.85714285714286,3.71428571428571,1,-8,1,1,1,0,,2,0,0,,3027
12,152,"152s4",4,1,21,3,1,2,4,4,2.85714285714286,3.71428571428571,2,-8,1,1,0,1,,0,2,0,,3028
12,152,"152s5",5,1,21,3,1,2,4,4,2.85714285714286,3.71428571428571,1,-7,1,0,0,0,,0,0,1,,3029
12,152,"152s5",5,1,21,3,1,2,4,4,2.85714285714286,3.71428571428571,2,9,0,1,0,0,,0,0,1,,3030
12,152,"152s6",6,0,21,3,1,2,4,4,2.85714285714286,3.71428571428571,1,9,0,1,2,0,2,1,0,0,1,3031
12,152,"152s6",6,0,21,3,1,2,4,4,2.85714285714286,3.71428571428571,2,-8,1,0,0,2,2,0,1,0,1,3032
12,152,"152s7",7,0,21,3,1,2,4,4,2.85714285714286,3.71428571428571,1,9,0,1,0,0,1,0,0,1,2,3033
12,152,"152s7",7,0,21,3,1,2,4,4,2.85714285714286,3.71428571428571,2,-8,1,0,0,0,1,0,0,1,2,3034
12,152,"152s8",8,0,21,3,1,2,4,4,2.85714285714286,3.71428571428571,1,9,0,1,2,1,2,1,2,0,1,3035
12,152,"152s8",8,0,21,3,1,2,4,4,2.85714285714286,3.71428571428571,2,-8,1,0,1,2,2,2,1,0,1,3036
12,152,"152s9",9,0,21,3,1,2,4,4,2.85714285714286,3.71428571428571,1,-8,1,1,2,2,2,1,1,1,1,3037
12,152,"152s9",9,0,21,3,1,2,4,4,2.85714285714286,3.71428571428571,2,-8,1,1,2,2,2,1,1,1,1,3038
12,152,"152s10",10,0,21,3,1,2,4,4,2.85714285714286,3.71428571428571,1,-8,1,1,1,0,2,2,0,0,1,3039
12,152,"152s10",10,0,21,3,1,2,4,4,2.85714285714286,3.71428571428571,2,-8,1,1,0,1,2,0,2,0,1,3040
12,153,"153s1",1,1,20,4,0,2,2.42857142857143,2.57142857142857,2.71428571428571,1.28571428571429,1,9,0,0,2,2,,1,1,1,,3041
12,153,"153s1",1,1,20,4,0,2,2.42857142857143,2.57142857142857,2.71428571428571,1.28571428571429,2,9,0,0,2,2,,1,1,1,,3042
12,153,"153s2",2,1,20,4,0,2,2.42857142857143,2.57142857142857,2.71428571428571,1.28571428571429,1,9,0,1,1,2,,2,1,0,,3043
12,153,"153s2",2,1,20,4,0,2,2.42857142857143,2.57142857142857,2.71428571428571,1.28571428571429,2,-5,1,0,2,1,,1,2,0,,3044
12,153,"153s3",3,1,20,4,0,2,2.42857142857143,2.57142857142857,2.71428571428571,1.28571428571429,1,-5,1,1,0,2,,0,1,0,,3045
12,153,"153s3",3,1,20,4,0,2,2.42857142857143,2.57142857142857,2.71428571428571,1.28571428571429,2,-5,1,1,2,0,,1,0,0,,3046
12,153,"153s4",4,1,20,4,0,2,2.42857142857143,2.57142857142857,2.71428571428571,1.28571428571429,1,9,0,0,2,1,,1,2,0,,3047
12,153,"153s4",4,1,20,4,0,2,2.42857142857143,2.57142857142857,2.71428571428571,1.28571428571429,2,9,0,0,1,2,,2,1,0,,3048
12,153,"153s5",5,1,20,4,0,2,2.42857142857143,2.57142857142857,2.71428571428571,1.28571428571429,1,9,0,0,2,2,,1,1,1,,3049
12,153,"153s5",5,1,20,4,0,2,2.42857142857143,2.57142857142857,2.71428571428571,1.28571428571429,2,9,0,0,2,2,,1,1,1,,3050
12,153,"153s6",6,0,20,4,0,2,2.42857142857143,2.57142857142857,2.71428571428571,1.28571428571429,1,9,0,0,1,1,1,2,2,1,2,3051
12,153,"153s6",6,0,20,4,0,2,2.42857142857143,2.57142857142857,2.71428571428571,1.28571428571429,2,9,0,0,1,1,1,2,2,1,2,3052
12,153,"153s7",7,0,20,4,0,2,2.42857142857143,2.57142857142857,2.71428571428571,1.28571428571429,1,9,0,0,2,2,2,1,1,1,1,3053
12,153,"153s7",7,0,20,4,0,2,2.42857142857143,2.57142857142857,2.71428571428571,1.28571428571429,2,9,0,0,2,2,2,1,1,1,1,3054
12,153,"153s8",8,0,20,4,0,2,2.42857142857143,2.57142857142857,2.71428571428571,1.28571428571429,1,-5,1,1,0,1,1,0,2,0,2,3055
12,153,"153s8",8,0,20,4,0,2,2.42857142857143,2.57142857142857,2.71428571428571,1.28571428571429,2,-5,1,1,1,0,1,2,0,0,2,3056
12,153,"153s9",9,0,20,4,0,2,2.42857142857143,2.57142857142857,2.71428571428571,1.28571428571429,1,9,0,0,0,0,2,0,0,1,1,3057
12,153,"153s9",9,0,20,4,0,2,2.42857142857143,2.57142857142857,2.71428571428571,1.28571428571429,2,9,0,0,0,0,2,0,0,1,1,3058
12,153,"153s10",10,0,20,4,0,2,2.42857142857143,2.57142857142857,2.71428571428571,1.28571428571429,1,-6,1,0,0,1,2,0,2,0,1,3059
12,153,"153s10",10,0,20,4,0,2,2.42857142857143,2.57142857142857,2.71428571428571,1.28571428571429,2,9,0,1,1,0,2,2,0,0,1,3060
12,154,"154s1",1,1,20,4,0,2,1.14285714285714,1.85714285714286,2,1.85714285714286,1,9,0,0,0,1,,0,2,0,,3061
12,154,"154s1",1,1,20,4,0,2,1.14285714285714,1.85714285714286,2,1.85714285714286,2,9,0,0,1,0,,2,0,0,,3062
12,154,"154s2",2,1,20,4,0,2,1.14285714285714,1.85714285714286,2,1.85714285714286,1,9,0,0,1,0,,2,0,0,,3063
12,154,"154s2",2,1,20,4,0,2,1.14285714285714,1.85714285714286,2,1.85714285714286,2,9,0,0,0,1,,0,2,0,,3064
12,154,"154s3",3,1,20,4,0,2,1.14285714285714,1.85714285714286,2,1.85714285714286,1,7,0,1,2,0,,1,0,0,,3065
12,154,"154s3",3,1,20,4,0,2,1.14285714285714,1.85714285714286,2,1.85714285714286,2,-4,1,0,0,2,,0,1,0,,3066
12,154,"154s4",4,1,20,4,0,2,1.14285714285714,1.85714285714286,2,1.85714285714286,1,-9,1,1,2,2,,1,1,1,,3067
12,154,"154s4",4,1,20,4,0,2,1.14285714285714,1.85714285714286,2,1.85714285714286,2,-9,1,1,2,2,,1,1,1,,3068
12,154,"154s5",5,1,20,4,0,2,1.14285714285714,1.85714285714286,2,1.85714285714286,1,-5,1,0,1,0,,2,0,0,,3069
12,154,"154s5",5,1,20,4,0,2,1.14285714285714,1.85714285714286,2,1.85714285714286,2,9,0,1,0,1,,0,2,0,,3070
12,154,"154s6",6,0,20,4,0,2,1.14285714285714,1.85714285714286,2,1.85714285714286,1,9,0,0,2,0,1,1,0,0,2,3071
12,154,"154s6",6,0,20,4,0,2,1.14285714285714,1.85714285714286,2,1.85714285714286,2,9,0,0,0,2,1,0,1,0,2,3072
12,154,"154s7",7,0,20,4,0,2,1.14285714285714,1.85714285714286,2,1.85714285714286,1,9,0,1,0,2,2,0,1,0,1,3073
12,154,"154s7",7,0,20,4,0,2,1.14285714285714,1.85714285714286,2,1.85714285714286,2,-5,1,0,2,0,2,1,0,0,1,3074
12,154,"154s8",8,0,20,4,0,2,1.14285714285714,1.85714285714286,2,1.85714285714286,1,-9,1,1,0,0,2,0,0,1,1,3075
12,154,"154s8",8,0,20,4,0,2,1.14285714285714,1.85714285714286,2,1.85714285714286,2,-9,1,1,0,0,2,0,0,1,1,3076
12,154,"154s9",9,0,20,4,0,2,1.14285714285714,1.85714285714286,2,1.85714285714286,1,9,0,0,1,0,1,2,0,0,2,3077
12,154,"154s9",9,0,20,4,0,2,1.14285714285714,1.85714285714286,2,1.85714285714286,2,9,0,0,0,1,1,0,2,0,2,3078
12,154,"154s10",10,0,20,4,0,2,1.14285714285714,1.85714285714286,2,1.85714285714286,1,-9,1,0,2,0,1,1,0,0,2,3079
12,154,"154s10",10,0,20,4,0,2,1.14285714285714,1.85714285714286,2,1.85714285714286,2,9,0,1,0,2,1,0,1,0,2,3080
12,155,"155s1",1,0,20,4,0,2,2.14285714285714,2.42857142857143,2.57142857142857,2.28571428571429,1,9,0,1,2,2,2,1,1,1,1,3081
12,155,"155s1",1,0,20,4,0,2,2.14285714285714,2.42857142857143,2.57142857142857,2.28571428571429,2,-7,1,0,2,2,2,1,1,1,1,3082
12,155,"155s2",2,0,20,4,0,2,2.14285714285714,2.42857142857143,2.57142857142857,2.28571428571429,1,9,0,0,2,2,1,1,1,1,2,3083
12,155,"155s2",2,0,20,4,0,2,2.14285714285714,2.42857142857143,2.57142857142857,2.28571428571429,2,9,0,0,2,2,1,1,1,1,2,3084
12,155,"155s3",3,0,20,4,0,2,2.14285714285714,2.42857142857143,2.57142857142857,2.28571428571429,1,9,0,0,0,2,2,0,1,0,1,3085
12,155,"155s3",3,0,20,4,0,2,2.14285714285714,2.42857142857143,2.57142857142857,2.28571428571429,2,9,0,0,2,0,2,1,0,0,1,3086
12,155,"155s4",4,0,20,4,0,2,2.14285714285714,2.42857142857143,2.57142857142857,2.28571428571429,1,9,0,0,1,2,2,2,1,0,1,3087
12,155,"155s4",4,0,20,4,0,2,2.14285714285714,2.42857142857143,2.57142857142857,2.28571428571429,2,9,0,0,2,1,2,1,2,0,1,3088
12,155,"155s5",5,0,20,4,0,2,2.14285714285714,2.42857142857143,2.57142857142857,2.28571428571429,1,9,0,0,2,2,2,1,1,1,1,3089
12,155,"155s5",5,0,20,4,0,2,2.14285714285714,2.42857142857143,2.57142857142857,2.28571428571429,2,9,0,0,2,2,2,1,1,1,1,3090
12,155,"155s6",6,1,20,4,0,2,2.14285714285714,2.42857142857143,2.57142857142857,2.28571428571429,1,-9,1,1,1,1,,2,2,1,,3091
12,155,"155s6",6,1,20,4,0,2,2.14285714285714,2.42857142857143,2.57142857142857,2.28571428571429,2,-9,1,1,1,1,,2,2,1,,3092
12,155,"155s7",7,1,20,4,0,2,2.14285714285714,2.42857142857143,2.57142857142857,2.28571428571429,1,-7,1,0,0,0,,0,0,1,,3093
12,155,"155s7",7,1,20,4,0,2,2.14285714285714,2.42857142857143,2.57142857142857,2.28571428571429,2,8,0,1,0,0,,0,0,1,,3094
12,155,"155s8",8,1,20,4,0,2,2.14285714285714,2.42857142857143,2.57142857142857,2.28571428571429,1,8,0,1,2,0,,1,0,0,,3095
12,155,"155s8",8,1,20,4,0,2,2.14285714285714,2.42857142857143,2.57142857142857,2.28571428571429,2,-8,1,0,0,2,,0,1,0,,3096
12,155,"155s9",9,1,20,4,0,2,2.14285714285714,2.42857142857143,2.57142857142857,2.28571428571429,1,9,0,1,1,2,,2,1,0,,3097
12,155,"155s9",9,1,20,4,0,2,2.14285714285714,2.42857142857143,2.57142857142857,2.28571428571429,2,-9,1,0,2,1,,1,2,0,,3098
12,155,"155s10",10,1,20,4,0,2,2.14285714285714,2.42857142857143,2.57142857142857,2.28571428571429,1,8,0,1,0,0,,0,0,1,,3099
12,155,"155s10",10,1,20,4,0,2,2.14285714285714,2.42857142857143,2.57142857142857,2.28571428571429,2,-8,1,0,0,0,,0,0,1,,3100
12,156,"156s1",1,0,19,3,1,1,1.14285714285714,1.28571428571429,2.14285714285714,1.57142857142857,1,0,1,1,2,0,2,2,0,0,2,3101
12,156,"156s1",1,0,19,3,1,1,1.14285714285714,1.28571428571429,2.14285714285714,1.57142857142857,2,0,1,1,0,2,2,0,2,0,2,3102
12,156,"156s2",2,0,19,3,1,1,1.14285714285714,1.28571428571429,2.14285714285714,1.57142857142857,1,-2,1,0,2,0,2,2,0,0,2,3103
12,156,"156s2",2,0,19,3,1,1,1.14285714285714,1.28571428571429,2.14285714285714,1.57142857142857,2,5,0,1,0,2,2,0,2,0,2,3104
12,156,"156s3",3,0,19,3,1,1,1.14285714285714,1.28571428571429,2.14285714285714,1.57142857142857,1,-3,1,0,0,2,2,0,2,0,2,3105
12,156,"156s3",3,0,19,3,1,1,1.14285714285714,1.28571428571429,2.14285714285714,1.57142857142857,2,4,0,1,2,0,2,2,0,0,2,3106
12,156,"156s4",4,0,19,3,1,1,1.14285714285714,1.28571428571429,2.14285714285714,1.57142857142857,1,9,0,0,1,2,2,1,2,0,2,3107
12,156,"156s4",4,0,19,3,1,1,1.14285714285714,1.28571428571429,2.14285714285714,1.57142857142857,2,9,0,0,2,1,2,2,1,0,2,3108
12,156,"156s5",5,0,19,3,1,1,1.14285714285714,1.28571428571429,2.14285714285714,1.57142857142857,1,9,0,0,1,1,1,1,1,1,1,3109
12,156,"156s5",5,0,19,3,1,1,1.14285714285714,1.28571428571429,2.14285714285714,1.57142857142857,2,9,0,0,1,1,1,1,1,1,1,3110
12,156,"156s6",6,1,19,3,1,1,1.14285714285714,1.28571428571429,2.14285714285714,1.57142857142857,1,9,0,0,0,0,,0,0,1,,3111
12,156,"156s6",6,1,19,3,1,1,1.14285714285714,1.28571428571429,2.14285714285714,1.57142857142857,2,9,0,0,0,0,,0,0,1,,3112
12,156,"156s7",7,1,19,3,1,1,1.14285714285714,1.28571428571429,2.14285714285714,1.57142857142857,1,9,0,1,1,0,,1,0,0,,3113
12,156,"156s7",7,1,19,3,1,1,1.14285714285714,1.28571428571429,2.14285714285714,1.57142857142857,2,-9,1,0,0,1,,0,1,0,,3114
12,156,"156s8",8,1,19,3,1,1,1.14285714285714,1.28571428571429,2.14285714285714,1.57142857142857,1,5,0,1,0,0,,0,0,1,,3115
12,156,"156s8",8,1,19,3,1,1,1.14285714285714,1.28571428571429,2.14285714285714,1.57142857142857,2,-9,1,0,0,0,,0,0,1,,3116
12,156,"156s9",9,1,19,3,1,1,1.14285714285714,1.28571428571429,2.14285714285714,1.57142857142857,1,-9,1,0,0,2,,0,2,0,,3117
12,156,"156s9",9,1,19,3,1,1,1.14285714285714,1.28571428571429,2.14285714285714,1.57142857142857,2,9,0,1,2,0,,2,0,0,,3118
12,156,"156s10",10,1,19,3,1,1,1.14285714285714,1.28571428571429,2.14285714285714,1.57142857142857,1,9,0,0,0,2,,0,2,0,,3119
12,156,"156s10",10,1,19,3,1,1,1.14285714285714,1.28571428571429,2.14285714285714,1.57142857142857,2,9,0,0,2,0,,2,0,0,,3120
12,157,"157s1",1,0,20,2,0,1,1.42857142857143,2.57142857142857,2.14285714285714,1.42857142857143,1,9,0,0,2,0,1,2,0,0,1,3121
12,157,"157s1",1,0,20,2,0,1,1.42857142857143,2.57142857142857,2.14285714285714,1.42857142857143,2,9,0,0,0,2,1,0,2,0,1,3122
12,157,"157s2",2,0,20,2,0,1,1.42857142857143,2.57142857142857,2.14285714285714,1.42857142857143,1,-9,1,0,1,0,2,1,0,0,2,3123
12,157,"157s2",2,0,20,2,0,1,1.42857142857143,2.57142857142857,2.14285714285714,1.42857142857143,2,9,0,1,0,1,2,0,1,0,2,3124
12,157,"157s3",3,0,20,2,0,1,1.42857142857143,2.57142857142857,2.14285714285714,1.42857142857143,1,-9,1,1,2,0,2,2,0,0,2,3125
12,157,"157s3",3,0,20,2,0,1,1.42857142857143,2.57142857142857,2.14285714285714,1.42857142857143,2,-9,1,1,0,2,2,0,2,0,2,3126
12,157,"157s4",4,0,20,2,0,1,1.42857142857143,2.57142857142857,2.14285714285714,1.42857142857143,1,9,0,0,0,1,1,0,1,0,1,3127
12,157,"157s4",4,0,20,2,0,1,1.42857142857143,2.57142857142857,2.14285714285714,1.42857142857143,2,9,0,0,1,0,1,1,0,0,1,3128
12,157,"157s5",5,0,20,2,0,1,1.42857142857143,2.57142857142857,2.14285714285714,1.42857142857143,1,9,0,1,2,0,2,2,0,0,2,3129
12,157,"157s5",5,0,20,2,0,1,1.42857142857143,2.57142857142857,2.14285714285714,1.42857142857143,2,-9,1,0,0,2,2,0,2,0,2,3130
12,157,"157s6",6,1,20,2,0,1,1.42857142857143,2.57142857142857,2.14285714285714,1.42857142857143,1,9,0,1,2,1,,2,1,0,,3131
12,157,"157s6",6,1,20,2,0,1,1.42857142857143,2.57142857142857,2.14285714285714,1.42857142857143,2,-9,1,0,1,2,,1,2,0,,3132
12,157,"157s7",7,1,20,2,0,1,1.42857142857143,2.57142857142857,2.14285714285714,1.42857142857143,1,-9,1,0,0,0,,0,0,1,,3133
12,157,"157s7",7,1,20,2,0,1,1.42857142857143,2.57142857142857,2.14285714285714,1.42857142857143,2,9,0,1,0,0,,0,0,1,,3134
12,157,"157s8",8,1,20,2,0,1,1.42857142857143,2.57142857142857,2.14285714285714,1.42857142857143,1,-9,1,0,2,1,,2,1,0,,3135
12,157,"157s8",8,1,20,2,0,1,1.42857142857143,2.57142857142857,2.14285714285714,1.42857142857143,2,9,0,1,1,2,,1,2,0,,3136
12,157,"157s9",9,1,20,2,0,1,1.42857142857143,2.57142857142857,2.14285714285714,1.42857142857143,1,-9,1,1,2,2,,2,2,1,,3137
12,157,"157s9",9,1,20,2,0,1,1.42857142857143,2.57142857142857,2.14285714285714,1.42857142857143,2,-9,1,1,2,2,,2,2,1,,3138
12,157,"157s10",10,1,20,2,0,1,1.42857142857143,2.57142857142857,2.14285714285714,1.42857142857143,1,9,0,1,1,2,,1,2,0,,3139
12,157,"157s10",10,1,20,2,0,1,1.42857142857143,2.57142857142857,2.14285714285714,1.42857142857143,2,-9,1,0,2,1,,2,1,0,,3140
12,158,"158s1",1,1,18,0,0,1,0.857142857142857,1.71428571428571,1.28571428571429,1,1,-3,1,0,1,1,,1,1,1,,3141
12,158,"158s1",1,1,18,0,0,1,0.857142857142857,1.71428571428571,1.28571428571429,1,2,9,0,1,1,1,,1,1,1,,3142
12,158,"158s2",2,1,18,0,0,1,0.857142857142857,1.71428571428571,1.28571428571429,1,1,-5,1,1,0,1,,0,1,0,,3143
12,158,"158s2",2,1,18,0,0,1,0.857142857142857,1.71428571428571,1.28571428571429,1,2,-5,1,1,1,0,,1,0,0,,3144
12,158,"158s3",3,1,18,0,0,1,0.857142857142857,1.71428571428571,1.28571428571429,1,1,9,0,0,2,2,,2,2,1,,3145
12,158,"158s3",3,1,18,0,0,1,0.857142857142857,1.71428571428571,1.28571428571429,1,2,9,0,0,2,2,,2,2,1,,3146
12,158,"158s4",4,1,18,0,0,1,0.857142857142857,1.71428571428571,1.28571428571429,1,1,-5,1,1,1,0,,1,0,0,,3147
12,158,"158s4",4,1,18,0,0,1,0.857142857142857,1.71428571428571,1.28571428571429,1,2,-5,1,1,0,1,,0,1,0,,3148
12,158,"158s5",5,1,18,0,0,1,0.857142857142857,1.71428571428571,1.28571428571429,1,1,-6,1,1,2,0,,2,0,0,,3149
12,158,"158s5",5,1,18,0,0,1,0.857142857142857,1.71428571428571,1.28571428571429,1,2,-6,1,1,0,2,,0,2,0,,3150
12,158,"158s6",6,0,18,0,0,1,0.857142857142857,1.71428571428571,1.28571428571429,1,1,8,0,0,0,1,1,0,1,0,1,3151
12,158,"158s6",6,0,18,0,0,1,0.857142857142857,1.71428571428571,1.28571428571429,1,2,8,0,0,1,0,1,1,0,0,1,3152
12,158,"158s7",7,0,18,0,0,1,0.857142857142857,1.71428571428571,1.28571428571429,1,1,8,0,1,0,0,1,0,0,1,1,3153
12,158,"158s7",7,0,18,0,0,1,0.857142857142857,1.71428571428571,1.28571428571429,1,2,-6,1,0,0,0,1,0,0,1,1,3154
12,158,"158s8",8,0,18,0,0,1,0.857142857142857,1.71428571428571,1.28571428571429,1,1,-5,1,0,2,1,1,2,1,0,1,3155
12,158,"158s8",8,0,18,0,0,1,0.857142857142857,1.71428571428571,1.28571428571429,1,2,8,0,1,1,2,1,1,2,0,1,3156
12,158,"158s9",9,0,18,0,0,1,0.857142857142857,1.71428571428571,1.28571428571429,1,1,-5,1,0,2,1,2,2,1,0,2,3157
12,158,"158s9",9,0,18,0,0,1,0.857142857142857,1.71428571428571,1.28571428571429,1,2,9,0,1,1,2,2,1,2,0,2,3158
12,158,"158s10",10,0,18,0,0,1,0.857142857142857,1.71428571428571,1.28571428571429,1,1,-5,1,0,2,2,1,2,2,1,1,3159
12,158,"158s10",10,0,18,0,0,1,0.857142857142857,1.71428571428571,1.28571428571429,1,2,8,0,1,2,2,1,2,2,1,1,3160
12,159,"159s1",1,1,26,2,0,1,2.28571428571429,2.28571428571429,3,1,1,9,0,1,2,2,,2,2,1,,3161
12,159,"159s1",1,1,26,2,0,1,2.28571428571429,2.28571428571429,3,1,2,0,1,0,2,2,,2,2,1,,3162
12,159,"159s2",2,1,26,2,0,1,2.28571428571429,2.28571428571429,3,1,1,0,1,1,1,1,,1,1,1,,3163
12,159,"159s2",2,1,26,2,0,1,2.28571428571429,2.28571428571429,3,1,2,0,1,1,1,1,,1,1,1,,3164
12,159,"159s3",3,1,26,2,0,1,2.28571428571429,2.28571428571429,3,1,1,4,0,0,2,2,,2,2,1,,3165
12,159,"159s3",3,1,26,2,0,1,2.28571428571429,2.28571428571429,3,1,2,4,0,0,2,2,,2,2,1,,3166
12,159,"159s4",4,1,26,2,0,1,2.28571428571429,2.28571428571429,3,1,1,0,1,0,1,0,,1,0,0,,3167
12,159,"159s4",4,1,26,2,0,1,2.28571428571429,2.28571428571429,3,1,2,0,0,1,0,1,,0,1,0,,3168
12,159,"159s5",5,1,26,2,0,1,2.28571428571429,2.28571428571429,3,1,1,1,0,0,1,0,,1,0,0,,3169
12,159,"159s5",5,1,26,2,0,1,2.28571428571429,2.28571428571429,3,1,2,1,0,0,0,1,,0,1,0,,3170
12,159,"159s6",6,0,26,2,0,1,2.28571428571429,2.28571428571429,3,1,1,0,1,0,1,0,1,1,0,0,1,3171
12,159,"159s6",6,0,26,2,0,1,2.28571428571429,2.28571428571429,3,1,2,2,0,1,0,1,1,0,1,0,1,3172
12,159,"159s7",7,0,26,2,0,1,2.28571428571429,2.28571428571429,3,1,1,1,0,0,1,0,1,1,0,0,1,3173
12,159,"159s7",7,0,26,2,0,1,2.28571428571429,2.28571428571429,3,1,2,1,0,0,0,1,1,0,1,0,1,3174
12,159,"159s8",8,0,26,2,0,1,2.28571428571429,2.28571428571429,3,1,1,0,1,0,2,2,2,2,2,1,2,3175
12,159,"159s8",8,0,26,2,0,1,2.28571428571429,2.28571428571429,3,1,2,0,0,1,2,2,2,2,2,1,2,3176
12,159,"159s9",9,0,26,2,0,1,2.28571428571429,2.28571428571429,3,1,1,0,0,0,1,1,2,1,1,1,2,3177
12,159,"159s9",9,0,26,2,0,1,2.28571428571429,2.28571428571429,3,1,2,0,0,0,1,1,2,1,1,1,2,3178
12,159,"159s10",10,0,26,2,0,1,2.28571428571429,2.28571428571429,3,1,1,0,0,0,0,2,1,0,2,0,1,3179
12,159,"159s10",10,0,26,2,0,1,2.28571428571429,2.28571428571429,3,1,2,0,0,0,2,0,1,2,0,0,1,3180
12,160,"160s1",1,1,19,0,1,1,1.28571428571429,2.42857142857143,1.57142857142857,0.857142857142857,1,-9,1,0,2,0,,2,0,0,,3181
12,160,"160s1",1,1,19,0,1,1,1.28571428571429,2.42857142857143,1.57142857142857,0.857142857142857,2,9,0,1,0,2,,0,2,0,,3182
12,160,"160s2",2,1,19,0,1,1,1.28571428571429,2.42857142857143,1.57142857142857,0.857142857142857,1,9,0,1,2,2,,2,2,1,,3183
12,160,"160s2",2,1,19,0,1,1,1.28571428571429,2.42857142857143,1.57142857142857,0.857142857142857,2,-9,1,0,2,2,,2,2,1,,3184
12,160,"160s3",3,1,19,0,1,1,1.28571428571429,2.42857142857143,1.57142857142857,0.857142857142857,1,9,0,1,2,1,,2,1,0,,3185
12,160,"160s3",3,1,19,0,1,1,1.28571428571429,2.42857142857143,1.57142857142857,0.857142857142857,2,-9,1,0,1,2,,1,2,0,,3186
12,160,"160s4",4,1,19,0,1,1,1.28571428571429,2.42857142857143,1.57142857142857,0.857142857142857,1,-9,1,1,0,2,,0,2,0,,3187
12,160,"160s4",4,1,19,0,1,1,1.28571428571429,2.42857142857143,1.57142857142857,0.857142857142857,2,-9,1,1,2,0,,2,0,0,,3188
12,160,"160s5",5,1,19,0,1,1,1.28571428571429,2.42857142857143,1.57142857142857,0.857142857142857,1,9,0,1,0,2,,0,2,0,,3189
12,160,"160s5",5,1,19,0,1,1,1.28571428571429,2.42857142857143,1.57142857142857,0.857142857142857,2,-9,1,0,2,0,,2,0,0,,3190
12,160,"160s6",6,0,19,0,1,1,1.28571428571429,2.42857142857143,1.57142857142857,0.857142857142857,1,-9,1,0,0,1,2,0,1,0,2,3191
12,160,"160s6",6,0,19,0,1,1,1.28571428571429,2.42857142857143,1.57142857142857,0.857142857142857,2,9,0,1,1,0,2,1,0,0,2,3192
12,160,"160s7",7,0,19,0,1,1,1.28571428571429,2.42857142857143,1.57142857142857,0.857142857142857,1,-9,1,0,2,1,2,2,1,0,2,3193
12,160,"160s7",7,0,19,0,1,1,1.28571428571429,2.42857142857143,1.57142857142857,0.857142857142857,2,9,0,1,1,2,2,1,2,0,2,3194
12,160,"160s8",8,0,19,0,1,1,1.28571428571429,2.42857142857143,1.57142857142857,0.857142857142857,1,-9,1,0,0,0,2,0,0,1,2,3195
12,160,"160s8",8,0,19,0,1,1,1.28571428571429,2.42857142857143,1.57142857142857,0.857142857142857,2,9,0,1,0,0,2,0,0,1,2,3196
12,160,"160s9",9,0,19,0,1,1,1.28571428571429,2.42857142857143,1.57142857142857,0.857142857142857,1,9,0,0,2,0,1,2,0,0,1,3197
12,160,"160s9",9,0,19,0,1,1,1.28571428571429,2.42857142857143,1.57142857142857,0.857142857142857,2,9,0,0,0,2,1,0,2,0,1,3198
12,160,"160s10",10,0,19,0,1,1,1.28571428571429,2.42857142857143,1.57142857142857,0.857142857142857,1,-9,1,0,2,0,1,2,0,0,1,3199
12,160,"160s10",10,0,19,0,1,1,1.28571428571429,2.42857142857143,1.57142857142857,0.857142857142857,2,9,0,1,0,2,1,0,2,0,1,3200
12,161,"161s1",1,0,18,3,1,1,1.57142857142857,3.42857142857143,3.28571428571429,2,1,-3,1,1,2,1,2,2,1,0,2,3201
12,161,"161s1",1,0,18,3,1,1,1.57142857142857,3.42857142857143,3.28571428571429,2,2,-3,1,1,1,2,2,1,2,0,2,3202
12,161,"161s2",2,0,18,3,1,1,1.57142857142857,3.42857142857143,3.28571428571429,2,1,3,0,0,2,1,1,2,1,0,1,3203
12,161,"161s2",2,0,18,3,1,1,1.57142857142857,3.42857142857143,3.28571428571429,2,2,3,0,0,1,2,1,1,2,0,1,3204
12,161,"161s3",3,0,18,3,1,1,1.57142857142857,3.42857142857143,3.28571428571429,2,1,3,0,0,1,2,1,1,2,0,1,3205
12,161,"161s3",3,0,18,3,1,1,1.57142857142857,3.42857142857143,3.28571428571429,2,2,3,0,0,2,1,1,2,1,0,1,3206
12,161,"161s4",4,0,18,3,1,1,1.57142857142857,3.42857142857143,3.28571428571429,2,1,-5,1,0,2,0,1,2,0,0,1,3207
12,161,"161s4",4,0,18,3,1,1,1.57142857142857,3.42857142857143,3.28571428571429,2,2,2,0,1,0,2,1,0,2,0,1,3208
12,161,"161s5",5,0,18,3,1,1,1.57142857142857,3.42857142857143,3.28571428571429,2,1,-5,1,0,1,0,2,1,0,0,2,3209
12,161,"161s5",5,0,18,3,1,1,1.57142857142857,3.42857142857143,3.28571428571429,2,2,2,0,1,0,1,2,0,1,0,2,3210
12,161,"161s6",6,1,18,3,1,1,1.57142857142857,3.42857142857143,3.28571428571429,2,1,3,0,0,0,1,,0,1,0,,3211
12,161,"161s6",6,1,18,3,1,1,1.57142857142857,3.42857142857143,3.28571428571429,2,2,3,0,0,1,0,,1,0,0,,3212
12,161,"161s7",7,1,18,3,1,1,1.57142857142857,3.42857142857143,3.28571428571429,2,1,3,0,0,2,1,,2,1,0,,3213
12,161,"161s7",7,1,18,3,1,1,1.57142857142857,3.42857142857143,3.28571428571429,2,2,3,0,0,1,2,,1,2,0,,3214
12,161,"161s8",8,1,18,3,1,1,1.57142857142857,3.42857142857143,3.28571428571429,2,1,3,0,0,0,2,,0,2,0,,3215
12,161,"161s8",8,1,18,3,1,1,1.57142857142857,3.42857142857143,3.28571428571429,2,2,3,0,0,2,0,,2,0,0,,3216
12,161,"161s9",9,1,18,3,1,1,1.57142857142857,3.42857142857143,3.28571428571429,2,1,4,0,0,0,2,,0,2,0,,3217
12,161,"161s9",9,1,18,3,1,1,1.57142857142857,3.42857142857143,3.28571428571429,2,2,4,0,0,2,0,,2,0,0,,3218
12,161,"161s10",10,1,18,3,1,1,1.57142857142857,3.42857142857143,3.28571428571429,2,1,2,0,1,1,0,,1,0,0,,3219
12,161,"161s10",10,1,18,3,1,1,1.57142857142857,3.42857142857143,3.28571428571429,2,2,-3,1,0,0,1,,0,1,0,,3220
12,162,"162s1",1,0,22,2,1,2,3.42857142857143,2.85714285714286,3,2.14285714285714,1,9,0,0,0,0,2,0,0,1,1,3221
12,162,"162s1",1,0,22,2,1,2,3.42857142857143,2.85714285714286,3,2.14285714285714,2,9,0,0,0,0,2,0,0,1,1,3222
12,162,"162s2",2,0,22,2,1,2,3.42857142857143,2.85714285714286,3,2.14285714285714,1,-9,1,0,2,2,1,1,1,1,2,3223
12,162,"162s2",2,0,22,2,1,2,3.42857142857143,2.85714285714286,3,2.14285714285714,2,9,0,1,2,2,1,1,1,1,2,3224
12,162,"162s3",3,0,22,2,1,2,3.42857142857143,2.85714285714286,3,2.14285714285714,1,-9,1,0,1,2,2,2,1,0,1,3225
12,162,"162s3",3,0,22,2,1,2,3.42857142857143,2.85714285714286,3,2.14285714285714,2,9,0,1,2,1,2,1,2,0,1,3226
12,162,"162s4",4,0,22,2,1,2,3.42857142857143,2.85714285714286,3,2.14285714285714,1,9,0,0,0,1,2,0,2,0,1,3227
12,162,"162s4",4,0,22,2,1,2,3.42857142857143,2.85714285714286,3,2.14285714285714,2,9,0,0,1,0,2,2,0,0,1,3228
12,162,"162s5",5,0,22,2,1,2,3.42857142857143,2.85714285714286,3,2.14285714285714,1,9,0,1,1,1,1,2,2,1,2,3229
12,162,"162s5",5,0,22,2,1,2,3.42857142857143,2.85714285714286,3,2.14285714285714,2,-9,1,0,1,1,1,2,2,1,2,3230
12,162,"162s6",6,1,22,2,1,2,3.42857142857143,2.85714285714286,3,2.14285714285714,1,-9,1,1,1,0,,2,0,0,,3231
12,162,"162s6",6,1,22,2,1,2,3.42857142857143,2.85714285714286,3,2.14285714285714,2,-9,1,1,0,1,,0,2,0,,3232
12,162,"162s7",7,1,22,2,1,2,3.42857142857143,2.85714285714286,3,2.14285714285714,1,9,0,1,1,1,,2,2,1,,3233
12,162,"162s7",7,1,22,2,1,2,3.42857142857143,2.85714285714286,3,2.14285714285714,2,-9,1,0,1,1,,2,2,1,,3234
12,162,"162s8",8,1,22,2,1,2,3.42857142857143,2.85714285714286,3,2.14285714285714,1,9,0,1,0,1,,0,2,0,,3235
12,162,"162s8",8,1,22,2,1,2,3.42857142857143,2.85714285714286,3,2.14285714285714,2,-9,1,0,1,0,,2,0,0,,3236
12,162,"162s9",9,1,22,2,1,2,3.42857142857143,2.85714285714286,3,2.14285714285714,1,-9,1,1,2,0,,1,0,0,,3237
12,162,"162s9",9,1,22,2,1,2,3.42857142857143,2.85714285714286,3,2.14285714285714,2,-9,1,1,0,2,,0,1,0,,3238
12,162,"162s10",10,1,22,2,1,2,3.42857142857143,2.85714285714286,3,2.14285714285714,1,-9,1,0,0,0,,0,0,1,,3239
12,162,"162s10",10,1,22,2,1,2,3.42857142857143,2.85714285714286,3,2.14285714285714,2,9,0,1,0,0,,0,0,1,,3240
12,163,"163s1",1,1,20,0,0,2,2.71428571428571,3.28571428571429,2.42857142857143,2.71428571428571,1,-5,1,1,2,2,,1,1,1,,3241
12,163,"163s1",1,1,20,0,0,2,2.71428571428571,3.28571428571429,2.42857142857143,2.71428571428571,2,-5,1,1,2,2,,1,1,1,,3242
12,163,"163s2",2,1,20,0,0,2,2.71428571428571,3.28571428571429,2.42857142857143,2.71428571428571,1,-4,1,1,2,0,,1,0,0,,3243
12,163,"163s2",2,1,20,0,0,2,2.71428571428571,3.28571428571429,2.42857142857143,2.71428571428571,2,-4,1,1,0,2,,0,1,0,,3244
12,163,"163s3",3,1,20,0,0,2,2.71428571428571,3.28571428571429,2.42857142857143,2.71428571428571,1,-3,1,0,0,0,,0,0,1,,3245
12,163,"163s3",3,1,20,0,0,2,2.71428571428571,3.28571428571429,2.42857142857143,2.71428571428571,2,8,0,1,0,0,,0,0,1,,3246
12,163,"163s4",4,1,20,0,0,2,2.71428571428571,3.28571428571429,2.42857142857143,2.71428571428571,1,7,0,0,0,0,,0,0,1,,3247
12,163,"163s4",4,1,20,0,0,2,2.71428571428571,3.28571428571429,2.42857142857143,2.71428571428571,2,7,0,0,0,0,,0,0,1,,3248
12,163,"163s5",5,1,20,0,0,2,2.71428571428571,3.28571428571429,2.42857142857143,2.71428571428571,1,7,0,1,1,2,,2,1,0,,3249
12,163,"163s5",5,1,20,0,0,2,2.71428571428571,3.28571428571429,2.42857142857143,2.71428571428571,2,-4,1,0,2,1,,1,2,0,,3250
12,163,"163s6",6,0,20,0,0,2,2.71428571428571,3.28571428571429,2.42857142857143,2.71428571428571,1,7,0,0,1,0,2,2,0,0,1,3251
12,163,"163s6",6,0,20,0,0,2,2.71428571428571,3.28571428571429,2.42857142857143,2.71428571428571,2,7,0,0,0,1,2,0,2,0,1,3252
12,163,"163s7",7,0,20,0,0,2,2.71428571428571,3.28571428571429,2.42857142857143,2.71428571428571,1,7,0,1,2,1,2,1,2,0,1,3253
12,163,"163s7",7,0,20,0,0,2,2.71428571428571,3.28571428571429,2.42857142857143,2.71428571428571,2,-4,1,0,1,2,2,2,1,0,1,3254
12,163,"163s8",8,0,20,0,0,2,2.71428571428571,3.28571428571429,2.42857142857143,2.71428571428571,1,-4,1,1,2,2,2,1,1,1,1,3255
12,163,"163s8",8,0,20,0,0,2,2.71428571428571,3.28571428571429,2.42857142857143,2.71428571428571,2,-4,1,1,2,2,2,1,1,1,1,3256
12,163,"163s9",9,0,20,0,0,2,2.71428571428571,3.28571428571429,2.42857142857143,2.71428571428571,1,7,0,0,1,0,1,2,0,0,2,3257
12,163,"163s9",9,0,20,0,0,2,2.71428571428571,3.28571428571429,2.42857142857143,2.71428571428571,2,7,0,0,0,1,1,0,2,0,2,3258
12,163,"163s10",10,0,20,0,0,2,2.71428571428571,3.28571428571429,2.42857142857143,2.71428571428571,1,7,0,1,2,1,1,1,2,0,2,3259
12,163,"163s10",10,0,20,0,0,2,2.71428571428571,3.28571428571429,2.42857142857143,2.71428571428571,2,-4,1,0,1,2,1,2,1,0,2,3260
12,164,"164s1",1,1,19,1,0,2,1.57142857142857,2.71428571428571,2.85714285714286,2.14285714285714,1,9,0,0,1,2,,2,1,0,,3261
12,164,"164s1",1,1,19,1,0,2,1.57142857142857,2.71428571428571,2.85714285714286,2.14285714285714,2,9,0,0,2,1,,1,2,0,,3262
12,164,"164s2",2,1,19,1,0,2,1.57142857142857,2.71428571428571,2.85714285714286,2.14285714285714,1,9,0,0,2,2,,1,1,1,,3263
12,164,"164s2",2,1,19,1,0,2,1.57142857142857,2.71428571428571,2.85714285714286,2.14285714285714,2,9,0,0,2,2,,1,1,1,,3264
12,164,"164s3",3,1,19,1,0,2,1.57142857142857,2.71428571428571,2.85714285714286,2.14285714285714,1,6,1,1,0,2,,0,1,0,,3265
12,164,"164s3",3,1,19,1,0,2,1.57142857142857,2.71428571428571,2.85714285714286,2.14285714285714,2,6,1,1,2,0,,1,0,0,,3266
12,164,"164s4",4,1,19,1,0,2,1.57142857142857,2.71428571428571,2.85714285714286,2.14285714285714,1,9,0,0,1,1,,2,2,1,,3267
12,164,"164s4",4,1,19,1,0,2,1.57142857142857,2.71428571428571,2.85714285714286,2.14285714285714,2,9,0,0,1,1,,2,2,1,,3268
12,164,"164s5",5,1,19,1,0,2,1.57142857142857,2.71428571428571,2.85714285714286,2.14285714285714,1,9,0,1,1,0,,2,0,0,,3269
12,164,"164s5",5,1,19,1,0,2,1.57142857142857,2.71428571428571,2.85714285714286,2.14285714285714,2,6,1,0,0,1,,0,2,0,,3270
12,164,"164s6",6,0,19,1,0,2,1.57142857142857,2.71428571428571,2.85714285714286,2.14285714285714,1,9,0,1,1,0,2,2,0,0,1,3271
12,164,"164s6",6,0,19,1,0,2,1.57142857142857,2.71428571428571,2.85714285714286,2.14285714285714,2,6,1,0,0,1,2,0,2,0,1,3272
12,164,"164s7",7,0,19,1,0,2,1.57142857142857,2.71428571428571,2.85714285714286,2.14285714285714,1,5,1,1,1,0,2,2,0,0,1,3273
12,164,"164s7",7,0,19,1,0,2,1.57142857142857,2.71428571428571,2.85714285714286,2.14285714285714,2,5,1,1,0,1,2,0,2,0,1,3274
12,164,"164s8",8,0,19,1,0,2,1.57142857142857,2.71428571428571,2.85714285714286,2.14285714285714,1,6,1,1,1,0,1,2,0,0,2,3275
12,164,"164s8",8,0,19,1,0,2,1.57142857142857,2.71428571428571,2.85714285714286,2.14285714285714,2,6,1,1,0,1,1,0,2,0,2,3276
12,164,"164s9",9,0,19,1,0,2,1.57142857142857,2.71428571428571,2.85714285714286,2.14285714285714,1,9,0,1,0,2,2,0,1,0,1,3277
12,164,"164s9",9,0,19,1,0,2,1.57142857142857,2.71428571428571,2.85714285714286,2.14285714285714,2,5,1,0,2,0,2,1,0,0,1,3278
12,164,"164s10",10,0,19,1,0,2,1.57142857142857,2.71428571428571,2.85714285714286,2.14285714285714,1,9,0,1,1,0,1,2,0,0,2,3279
12,164,"164s10",10,0,19,1,0,2,1.57142857142857,2.71428571428571,2.85714285714286,2.14285714285714,2,6,1,0,0,1,1,0,2,0,2,3280
12,165,"165s1",1,0,22,2,1,2,2.14285714285714,3,2.28571428571429,2,1,4,1,1,0,0,2,0,0,1,1,3281
12,165,"165s1",1,0,22,2,1,2,2.14285714285714,3,2.28571428571429,2,2,4,1,1,0,0,2,0,0,1,1,3282
12,165,"165s2",2,0,22,2,1,2,2.14285714285714,3,2.28571428571429,2,1,5,0,1,2,2,1,1,1,1,2,3283
12,165,"165s2",2,0,22,2,1,2,2.14285714285714,3,2.28571428571429,2,2,-5,1,0,2,2,1,1,1,1,2,3284
12,165,"165s3",3,0,22,2,1,2,2.14285714285714,3,2.28571428571429,2,1,3,1,1,0,1,1,0,2,0,2,3285
12,165,"165s3",3,0,22,2,1,2,2.14285714285714,3,2.28571428571429,2,2,3,1,1,1,0,1,2,0,0,2,3286
12,165,"165s4",4,0,22,2,1,2,2.14285714285714,3,2.28571428571429,2,1,4,0,1,1,2,2,2,1,0,1,3287
12,165,"165s4",4,0,22,2,1,2,2.14285714285714,3,2.28571428571429,2,2,-3,1,0,2,1,2,1,2,0,1,3288
12,165,"165s5",5,0,22,2,1,2,2.14285714285714,3,2.28571428571429,2,1,4,1,1,1,0,2,2,0,0,1,3289
12,165,"165s5",5,0,22,2,1,2,2.14285714285714,3,2.28571428571429,2,2,4,1,1,0,1,2,0,2,0,1,3290
12,165,"165s6",6,1,22,2,1,2,2.14285714285714,3,2.28571428571429,2,1,-3,1,1,2,1,,1,2,0,,3291
12,165,"165s6",6,1,22,2,1,2,2.14285714285714,3,2.28571428571429,2,2,-3,1,1,1,2,,2,1,0,,3292
12,165,"165s7",7,1,22,2,1,2,2.14285714285714,3,2.28571428571429,2,1,-3,1,0,0,0,,0,0,1,,3293
12,165,"165s7",7,1,22,2,1,2,2.14285714285714,3,2.28571428571429,2,2,9,0,1,0,0,,0,0,1,,3294
12,165,"165s8",8,1,22,2,1,2,2.14285714285714,3,2.28571428571429,2,1,-3,1,0,0,0,,0,0,1,,3295
12,165,"165s8",8,1,22,2,1,2,2.14285714285714,3,2.28571428571429,2,2,9,0,1,0,0,,0,0,1,,3296
12,165,"165s9",9,1,22,2,1,2,2.14285714285714,3,2.28571428571429,2,1,4,1,1,0,1,,0,2,0,,3297
12,165,"165s9",9,1,22,2,1,2,2.14285714285714,3,2.28571428571429,2,2,4,1,1,1,0,,2,0,0,,3298
12,165,"165s10",10,1,22,2,1,2,2.14285714285714,3,2.28571428571429,2,1,9,0,1,0,2,,0,1,0,,3299
12,165,"165s10",10,1,22,2,1,2,2.14285714285714,3,2.28571428571429,2,2,-4,1,0,2,0,,1,0,0,,3300
12,166,"166s1",1,0,19,2,0,2,3.42857142857143,2.14285714285714,2.28571428571429,1.71428571428571,1,9,0,0,0,2,2,0,1,0,1,3301
12,166,"166s1",1,0,19,2,0,2,3.42857142857143,2.14285714285714,2.28571428571429,1.71428571428571,2,9,0,0,2,0,2,1,0,0,1,3302
12,166,"166s2",2,0,19,2,0,2,3.42857142857143,2.14285714285714,2.28571428571429,1.71428571428571,1,-5,1,1,0,0,1,0,0,1,2,3303
12,166,"166s2",2,0,19,2,0,2,3.42857142857143,2.14285714285714,2.28571428571429,1.71428571428571,2,-5,1,1,0,0,1,0,0,1,2,3304
12,166,"166s3",3,0,19,2,0,2,3.42857142857143,2.14285714285714,2.28571428571429,1.71428571428571,1,9,0,0,0,0,2,0,0,1,1,3305
12,166,"166s3",3,0,19,2,0,2,3.42857142857143,2.14285714285714,2.28571428571429,1.71428571428571,2,9,0,0,0,0,2,0,0,1,1,3306
12,166,"166s4",4,0,19,2,0,2,3.42857142857143,2.14285714285714,2.28571428571429,1.71428571428571,1,-6,1,1,2,2,1,1,1,1,2,3307
12,166,"166s4",4,0,19,2,0,2,3.42857142857143,2.14285714285714,2.28571428571429,1.71428571428571,2,-6,1,1,2,2,1,1,1,1,2,3308
12,166,"166s5",5,0,19,2,0,2,3.42857142857143,2.14285714285714,2.28571428571429,1.71428571428571,1,-5,1,1,0,2,2,0,1,0,1,3309
12,166,"166s5",5,0,19,2,0,2,3.42857142857143,2.14285714285714,2.28571428571429,1.71428571428571,2,-5,1,1,2,0,2,1,0,0,1,3310
12,166,"166s6",6,1,19,2,0,2,3.42857142857143,2.14285714285714,2.28571428571429,1.71428571428571,1,-5,1,1,2,1,,1,2,0,,3311
12,166,"166s6",6,1,19,2,0,2,3.42857142857143,2.14285714285714,2.28571428571429,1.71428571428571,2,-5,1,1,1,2,,2,1,0,,3312
12,166,"166s7",7,1,19,2,0,2,3.42857142857143,2.14285714285714,2.28571428571429,1.71428571428571,1,9,0,0,2,2,,1,1,1,,3313
12,166,"166s7",7,1,19,2,0,2,3.42857142857143,2.14285714285714,2.28571428571429,1.71428571428571,2,9,0,0,2,2,,1,1,1,,3314
12,166,"166s8",8,1,19,2,0,2,3.42857142857143,2.14285714285714,2.28571428571429,1.71428571428571,1,9,0,0,0,0,,0,0,1,,3315
12,166,"166s8",8,1,19,2,0,2,3.42857142857143,2.14285714285714,2.28571428571429,1.71428571428571,2,9,0,0,0,0,,0,0,1,,3316
12,166,"166s9",9,1,19,2,0,2,3.42857142857143,2.14285714285714,2.28571428571429,1.71428571428571,1,-6,1,1,0,2,,0,1,0,,3317
12,166,"166s9",9,1,19,2,0,2,3.42857142857143,2.14285714285714,2.28571428571429,1.71428571428571,2,-6,1,1,2,0,,1,0,0,,3318
12,166,"166s10",10,1,19,2,0,2,3.42857142857143,2.14285714285714,2.28571428571429,1.71428571428571,1,9,0,0,0,2,,0,1,0,,3319
12,166,"166s10",10,1,19,2,0,2,3.42857142857143,2.14285714285714,2.28571428571429,1.71428571428571,2,9,0,0,2,0,,1,0,0,,3320
12,167,"167s1",1,1,21,1,1,2,1.71428571428571,2.57142857142857,2.28571428571429,2,1,8,0,1,0,2,,0,1,0,,3321
12,167,"167s1",1,1,21,1,1,2,1.71428571428571,2.57142857142857,2.28571428571429,2,2,-3,1,0,2,0,,1,0,0,,3322
12,167,"167s2",2,1,21,1,1,2,1.71428571428571,2.57142857142857,2.28571428571429,2,1,-5,0,1,1,2,,2,1,0,,3323
12,167,"167s2",2,1,21,1,1,2,1.71428571428571,2.57142857142857,2.28571428571429,2,2,4,1,0,2,1,,1,2,0,,3324
12,167,"167s3",3,1,21,1,1,2,1.71428571428571,2.57142857142857,2.28571428571429,2,1,6,0,1,2,1,,1,2,0,,3325
12,167,"167s3",3,1,21,1,1,2,1.71428571428571,2.57142857142857,2.28571428571429,2,2,-5,1,0,1,2,,2,1,0,,3326
12,167,"167s4",4,1,21,1,1,2,1.71428571428571,2.57142857142857,2.28571428571429,2,1,5,0,1,0,2,,0,1,0,,3327
12,167,"167s4",4,1,21,1,1,2,1.71428571428571,2.57142857142857,2.28571428571429,2,2,-4,1,0,2,0,,1,0,0,,3328
12,167,"167s5",5,1,21,1,1,2,1.71428571428571,2.57142857142857,2.28571428571429,2,1,5,0,1,0,0,,0,0,1,,3329
12,167,"167s5",5,1,21,1,1,2,1.71428571428571,2.57142857142857,2.28571428571429,2,2,-3,1,0,0,0,,0,0,1,,3330
12,167,"167s6",6,0,21,1,1,2,1.71428571428571,2.57142857142857,2.28571428571429,2,1,0,1,0,1,2,2,2,1,0,1,3331
12,167,"167s6",6,0,21,1,1,2,1.71428571428571,2.57142857142857,2.28571428571429,2,2,0,0,1,2,1,2,1,2,0,1,3332
12,167,"167s7",7,0,21,1,1,2,1.71428571428571,2.57142857142857,2.28571428571429,2,1,0,1,0,1,0,2,2,0,0,1,3333
12,167,"167s7",7,0,21,1,1,2,1.71428571428571,2.57142857142857,2.28571428571429,2,2,0,0,1,0,1,2,0,2,0,1,3334
12,167,"167s8",8,0,21,1,1,2,1.71428571428571,2.57142857142857,2.28571428571429,2,1,0,1,1,0,1,1,0,2,0,2,3335
12,167,"167s8",8,0,21,1,1,2,1.71428571428571,2.57142857142857,2.28571428571429,2,2,0,1,1,1,0,1,2,0,0,2,3336
12,167,"167s9",9,0,21,1,1,2,1.71428571428571,2.57142857142857,2.28571428571429,2,1,-2,1,0,0,2,2,0,1,0,1,3337
12,167,"167s9",9,0,21,1,1,2,1.71428571428571,2.57142857142857,2.28571428571429,2,2,4,0,1,2,0,2,1,0,0,1,3338
12,167,"167s10",10,0,21,1,1,2,1.71428571428571,2.57142857142857,2.28571428571429,2,1,0,1,1,0,0,2,0,0,1,1,3339
12,167,"167s10",10,0,21,1,1,2,1.71428571428571,2.57142857142857,2.28571428571429,2,2,0,1,1,0,0,2,0,0,1,1,3340
12,168,"168s1",1,0,24,2,1,1,2.42857142857143,3.71428571428571,3.42857142857143,1.85714285714286,1,9,0,1,0,2,2,0,2,0,2,3341
12,168,"168s1",1,0,24,2,1,1,2.42857142857143,3.71428571428571,3.42857142857143,1.85714285714286,2,-9,1,0,2,0,2,2,0,0,2,3342
12,168,"168s2",2,0,24,2,1,1,2.42857142857143,3.71428571428571,3.42857142857143,1.85714285714286,1,9,0,0,2,1,1,2,1,0,1,3343
12,168,"168s2",2,0,24,2,1,1,2.42857142857143,3.71428571428571,3.42857142857143,1.85714285714286,2,9,0,0,1,2,1,1,2,0,1,3344
12,168,"168s3",3,0,24,2,1,1,2.42857142857143,3.71428571428571,3.42857142857143,1.85714285714286,1,-9,1,1,2,0,1,2,0,0,1,3345
12,168,"168s3",3,0,24,2,1,1,2.42857142857143,3.71428571428571,3.42857142857143,1.85714285714286,2,9,1,1,0,2,1,0,2,0,1,3346
12,168,"168s4",4,0,24,2,1,1,2.42857142857143,3.71428571428571,3.42857142857143,1.85714285714286,1,-9,1,0,2,0,1,2,0,0,1,3347
12,168,"168s4",4,0,24,2,1,1,2.42857142857143,3.71428571428571,3.42857142857143,1.85714285714286,2,9,0,1,0,2,1,0,2,0,1,3348
12,168,"168s5",5,0,24,2,1,1,2.42857142857143,3.71428571428571,3.42857142857143,1.85714285714286,1,-9,1,0,2,2,1,2,2,1,1,3349
12,168,"168s5",5,0,24,2,1,1,2.42857142857143,3.71428571428571,3.42857142857143,1.85714285714286,2,9,0,1,2,2,1,2,2,1,1,3350
12,168,"168s6",6,1,24,2,1,1,2.42857142857143,3.71428571428571,3.42857142857143,1.85714285714286,1,-9,1,1,0,2,,0,2,0,,3351
12,168,"168s6",6,1,24,2,1,1,2.42857142857143,3.71428571428571,3.42857142857143,1.85714285714286,2,-9,1,1,2,0,,2,0,0,,3352
12,168,"168s7",7,1,24,2,1,1,2.42857142857143,3.71428571428571,3.42857142857143,1.85714285714286,1,-9,1,0,1,1,,1,1,1,,3353
12,168,"168s7",7,1,24,2,1,1,2.42857142857143,3.71428571428571,3.42857142857143,1.85714285714286,2,9,0,1,1,1,,1,1,1,,3354
12,168,"168s8",8,1,24,2,1,1,2.42857142857143,3.71428571428571,3.42857142857143,1.85714285714286,1,-9,1,0,0,2,,0,2,0,,3355
12,168,"168s8",8,1,24,2,1,1,2.42857142857143,3.71428571428571,3.42857142857143,1.85714285714286,2,9,0,1,2,0,,2,0,0,,3356
12,168,"168s9",9,1,24,2,1,1,2.42857142857143,3.71428571428571,3.42857142857143,1.85714285714286,1,9,0,1,1,0,,1,0,0,,3357
12,168,"168s9",9,1,24,2,1,1,2.42857142857143,3.71428571428571,3.42857142857143,1.85714285714286,2,-9,1,0,0,1,,0,1,0,,3358
12,168,"168s10",10,1,24,2,1,1,2.42857142857143,3.71428571428571,3.42857142857143,1.85714285714286,1,9,0,0,2,0,,2,0,0,,3359
12,168,"168s10",10,1,24,2,1,1,2.42857142857143,3.71428571428571,3.42857142857143,1.85714285714286,2,9,0,0,0,2,,0,2,0,,3360
12,169,"169s1",1,1,18,1,0,2,1.57142857142857,2.57142857142857,3,1.71428571428571,1,9,0,0,2,1,,1,2,0,,3361
12,169,"169s1",1,1,18,1,0,2,1.57142857142857,2.57142857142857,3,1.71428571428571,2,9,0,0,1,2,,2,1,0,,3362
12,169,"169s2",2,1,18,1,0,2,1.57142857142857,2.57142857142857,3,1.71428571428571,1,9,0,1,2,1,,1,2,0,,3363
12,169,"169s2",2,1,18,1,0,2,1.57142857142857,2.57142857142857,3,1.71428571428571,2,-6,1,0,1,2,,2,1,0,,3364
12,169,"169s3",3,1,18,1,0,2,1.57142857142857,2.57142857142857,3,1.71428571428571,1,-8,1,1,1,0,,2,0,0,,3365
12,169,"169s3",3,1,18,1,0,2,1.57142857142857,2.57142857142857,3,1.71428571428571,2,-8,1,1,0,1,,0,2,0,,3366
12,169,"169s4",4,1,18,1,0,2,1.57142857142857,2.57142857142857,3,1.71428571428571,1,-8,1,0,0,2,,0,1,0,,3367
12,169,"169s4",4,1,18,1,0,2,1.57142857142857,2.57142857142857,3,1.71428571428571,2,8,0,1,2,0,,1,0,0,,3368
12,169,"169s5",5,1,18,1,0,2,1.57142857142857,2.57142857142857,3,1.71428571428571,1,-8,1,1,1,1,,2,2,1,,3369
12,169,"169s5",5,1,18,1,0,2,1.57142857142857,2.57142857142857,3,1.71428571428571,2,-8,1,1,1,1,,2,2,1,,3370
12,169,"169s6",6,0,18,1,0,2,1.57142857142857,2.57142857142857,3,1.71428571428571,1,-8,1,1,0,2,1,0,1,0,2,3371
12,169,"169s6",6,0,18,1,0,2,1.57142857142857,2.57142857142857,3,1.71428571428571,2,-6,1,1,2,0,1,1,0,0,2,3372
12,169,"169s7",7,0,18,1,0,2,1.57142857142857,2.57142857142857,3,1.71428571428571,1,-6,1,0,0,0,2,0,0,1,1,3373
12,169,"169s7",7,0,18,1,0,2,1.57142857142857,2.57142857142857,3,1.71428571428571,2,6,0,1,0,0,2,0,0,1,1,3374
12,169,"169s8",8,0,18,1,0,2,1.57142857142857,2.57142857142857,3,1.71428571428571,1,-7,1,1,0,1,2,0,2,0,1,3375
12,169,"169s8",8,0,18,1,0,2,1.57142857142857,2.57142857142857,3,1.71428571428571,2,-7,1,1,1,0,2,2,0,0,1,3376
12,169,"169s9",9,0,18,1,0,2,1.57142857142857,2.57142857142857,3,1.71428571428571,1,8,0,0,0,2,2,0,1,0,1,3377
12,169,"169s9",9,0,18,1,0,2,1.57142857142857,2.57142857142857,3,1.71428571428571,2,8,0,0,2,0,2,1,0,0,1,3378
12,169,"169s10",10,0,18,1,0,2,1.57142857142857,2.57142857142857,3,1.71428571428571,1,-6,1,0,2,0,2,1,0,0,1,3379
12,169,"169s10",10,0,18,1,0,2,1.57142857142857,2.57142857142857,3,1.71428571428571,2,8,0,1,0,2,2,0,1,0,1,3380
12,170,"170s1",1,0,18,3,0,2,0.714285714285714,2,1.85714285714286,1.57142857142857,1,5,0,1,0,1,2,0,2,0,1,3381
12,170,"170s1",1,0,18,3,0,2,0.714285714285714,2,1.85714285714286,1.57142857142857,2,-5,1,0,1,0,2,2,0,0,1,3382
12,170,"170s2",2,0,18,3,0,2,0.714285714285714,2,1.85714285714286,1.57142857142857,1,9,0,0,0,1,1,0,2,0,2,3383
12,170,"170s2",2,0,18,3,0,2,0.714285714285714,2,1.85714285714286,1.57142857142857,2,9,0,0,1,0,1,2,0,0,2,3384
12,170,"170s3",3,0,18,3,0,2,0.714285714285714,2,1.85714285714286,1.57142857142857,1,9,0,0,1,1,2,2,2,1,1,3385
12,170,"170s3",3,0,18,3,0,2,0.714285714285714,2,1.85714285714286,1.57142857142857,2,9,0,0,1,1,2,2,2,1,1,3386
12,170,"170s4",4,0,18,3,0,2,0.714285714285714,2,1.85714285714286,1.57142857142857,1,-7,1,1,1,0,1,2,0,0,2,3387
12,170,"170s4",4,0,18,3,0,2,0.714285714285714,2,1.85714285714286,1.57142857142857,2,-7,1,1,0,1,1,0,2,0,2,3388
12,170,"170s5",5,0,18,3,0,2,0.714285714285714,2,1.85714285714286,1.57142857142857,1,9,0,0,2,2,1,1,1,1,2,3389
12,170,"170s5",5,0,18,3,0,2,0.714285714285714,2,1.85714285714286,1.57142857142857,2,9,0,0,2,2,1,1,1,1,2,3390
12,170,"170s6",6,1,18,3,0,2,0.714285714285714,2,1.85714285714286,1.57142857142857,1,-7,1,0,0,1,,0,2,0,,3391
12,170,"170s6",6,1,18,3,0,2,0.714285714285714,2,1.85714285714286,1.57142857142857,2,8,0,1,1,0,,2,0,0,,3392
12,170,"170s7",7,1,18,3,0,2,0.714285714285714,2,1.85714285714286,1.57142857142857,1,9,0,0,2,0,,1,0,0,,3393
12,170,"170s7",7,1,18,3,0,2,0.714285714285714,2,1.85714285714286,1.57142857142857,2,9,0,0,0,2,,0,1,0,,3394
12,170,"170s8",8,1,18,3,0,2,0.714285714285714,2,1.85714285714286,1.57142857142857,1,-9,1,0,0,2,,0,1,0,,3395
12,170,"170s8",8,1,18,3,0,2,0.714285714285714,2,1.85714285714286,1.57142857142857,2,7,0,1,2,0,,1,0,0,,3396
12,170,"170s9",9,1,18,3,0,2,0.714285714285714,2,1.85714285714286,1.57142857142857,1,9,0,1,2,0,,1,0,0,,3397
12,170,"170s9",9,1,18,3,0,2,0.714285714285714,2,1.85714285714286,1.57142857142857,2,-5,1,0,0,2,,0,1,0,,3398
12,170,"170s10",10,1,18,3,0,2,0.714285714285714,2,1.85714285714286,1.57142857142857,1,-8,1,0,0,0,,0,0,1,,3399
12,170,"170s10",10,1,18,3,0,2,0.714285714285714,2,1.85714285714286,1.57142857142857,2,7,0,1,0,0,,0,0,1,,3400
12,171,"171s1",1,1,23,3,1,1,1.14285714285714,3.28571428571429,2.71428571428571,1.42857142857143,1,0,0,0,1,1,,1,1,1,,3401
12,171,"171s1",1,1,23,3,1,1,1.14285714285714,3.28571428571429,2.71428571428571,1.42857142857143,2,0,0,0,1,1,,1,1,1,,3402
12,171,"171s2",2,1,23,3,1,1,1.14285714285714,3.28571428571429,2.71428571428571,1.42857142857143,1,0,1,1,2,2,,2,2,1,,3403
12,171,"171s2",2,1,23,3,1,1,1.14285714285714,3.28571428571429,2.71428571428571,1.42857142857143,2,0,1,1,2,2,,2,2,1,,3404
12,171,"171s3",3,1,23,3,1,1,1.14285714285714,3.28571428571429,2.71428571428571,1.42857142857143,1,0,1,0,2,1,,2,1,0,,3405
12,171,"171s3",3,1,23,3,1,1,1.14285714285714,3.28571428571429,2.71428571428571,1.42857142857143,2,0,0,1,1,2,,1,2,0,,3406
12,171,"171s4",4,1,23,3,1,1,1.14285714285714,3.28571428571429,2.71428571428571,1.42857142857143,1,0,0,0,1,1,,1,1,1,,3407
12,171,"171s4",4,1,23,3,1,1,1.14285714285714,3.28571428571429,2.71428571428571,1.42857142857143,2,0,0,0,1,1,,1,1,1,,3408
12,171,"171s5",5,1,23,3,1,1,1.14285714285714,3.28571428571429,2.71428571428571,1.42857142857143,1,0,0,1,1,0,,1,0,0,,3409
12,171,"171s5",5,1,23,3,1,1,1.14285714285714,3.28571428571429,2.71428571428571,1.42857142857143,2,0,1,0,0,1,,0,1,0,,3410
12,171,"171s6",6,0,23,3,1,1,1.14285714285714,3.28571428571429,2.71428571428571,1.42857142857143,1,0,0,1,1,2,2,1,2,0,2,3411
12,171,"171s6",6,0,23,3,1,1,1.14285714285714,3.28571428571429,2.71428571428571,1.42857142857143,2,0,1,0,2,1,2,2,1,0,2,3412
12,171,"171s7",7,0,23,3,1,1,1.14285714285714,3.28571428571429,2.71428571428571,1.42857142857143,1,5,0,0,2,2,1,2,2,1,1,3413
12,171,"171s7",7,0,23,3,1,1,1.14285714285714,3.28571428571429,2.71428571428571,1.42857142857143,2,5,0,0,2,2,1,2,2,1,1,3414
12,171,"171s8",8,0,23,3,1,1,1.14285714285714,3.28571428571429,2.71428571428571,1.42857142857143,1,0,0,1,0,2,2,0,2,0,2,3415
12,171,"171s8",8,0,23,3,1,1,1.14285714285714,3.28571428571429,2.71428571428571,1.42857142857143,2,0,1,0,2,0,2,2,0,0,2,3416
12,171,"171s9",9,0,23,3,1,1,1.14285714285714,3.28571428571429,2.71428571428571,1.42857142857143,1,0,1,1,0,0,1,0,0,1,1,3417
12,171,"171s9",9,0,23,3,1,1,1.14285714285714,3.28571428571429,2.71428571428571,1.42857142857143,2,0,1,1,0,0,1,0,0,1,1,3418
12,171,"171s10",10,0,23,3,1,1,1.14285714285714,3.28571428571429,2.71428571428571,1.42857142857143,1,0,1,1,2,1,1,2,1,0,1,3419
12,171,"171s10",10,0,23,3,1,1,1.14285714285714,3.28571428571429,2.71428571428571,1.42857142857143,2,0,1,1,1,2,1,1,2,0,1,3420
12,172,"172s1",1,1,18,3,0,2,0.571428571428571,2.28571428571429,2.85714285714286,1.85714285714286,1,-5,0,1,0,1,,0,2,0,,3421
12,172,"172s1",1,1,18,3,0,2,0.571428571428571,2.28571428571429,2.85714285714286,1.85714285714286,2,5,1,0,1,0,,2,0,0,,3422
12,172,"172s2",2,1,18,3,0,2,0.571428571428571,2.28571428571429,2.85714285714286,1.85714285714286,1,9,0,1,0,1,,0,2,0,,3423
12,172,"172s2",2,1,18,3,0,2,0.571428571428571,2.28571428571429,2.85714285714286,1.85714285714286,2,9,1,0,1,0,,2,0,0,,3424
12,172,"172s3",3,1,18,3,0,2,0.571428571428571,2.28571428571429,2.85714285714286,1.85714285714286,1,9,0,0,2,2,,1,1,1,,3425
12,172,"172s3",3,1,18,3,0,2,0.571428571428571,2.28571428571429,2.85714285714286,1.85714285714286,2,9,0,0,2,2,,1,1,1,,3426
12,172,"172s4",4,1,18,3,0,2,0.571428571428571,2.28571428571429,2.85714285714286,1.85714285714286,1,-1,1,1,0,1,,0,2,0,,3427
12,172,"172s4",4,1,18,3,0,2,0.571428571428571,2.28571428571429,2.85714285714286,1.85714285714286,2,-1,1,1,1,0,,2,0,0,,3428
12,172,"172s5",5,1,18,3,0,2,0.571428571428571,2.28571428571429,2.85714285714286,1.85714285714286,1,1,0,0,2,0,,1,0,0,,3429
12,172,"172s5",5,1,18,3,0,2,0.571428571428571,2.28571428571429,2.85714285714286,1.85714285714286,2,1,0,0,0,2,,0,1,0,,3430
12,172,"172s6",6,0,18,3,0,2,0.571428571428571,2.28571428571429,2.85714285714286,1.85714285714286,1,2,0,0,2,1,2,1,2,0,1,3431
12,172,"172s6",6,0,18,3,0,2,0.571428571428571,2.28571428571429,2.85714285714286,1.85714285714286,2,2,0,0,1,2,2,2,1,0,1,3432
12,172,"172s7",7,0,18,3,0,2,0.571428571428571,2.28571428571429,2.85714285714286,1.85714285714286,1,2,0,1,2,1,1,1,2,0,2,3433
12,172,"172s7",7,0,18,3,0,2,0.571428571428571,2.28571428571429,2.85714285714286,1.85714285714286,2,-2,1,0,1,2,1,2,1,0,2,3434
12,172,"172s8",8,0,18,3,0,2,0.571428571428571,2.28571428571429,2.85714285714286,1.85714285714286,1,-1,1,1,0,2,1,0,1,0,2,3435
12,172,"172s8",8,0,18,3,0,2,0.571428571428571,2.28571428571429,2.85714285714286,1.85714285714286,2,-1,1,1,2,0,1,1,0,0,2,3436
12,172,"172s9",9,0,18,3,0,2,0.571428571428571,2.28571428571429,2.85714285714286,1.85714285714286,1,-1,1,1,0,2,1,0,1,0,2,3437
12,172,"172s9",9,0,18,3,0,2,0.571428571428571,2.28571428571429,2.85714285714286,1.85714285714286,2,-1,1,1,2,0,1,1,0,0,2,3438
12,172,"172s10",10,0,18,3,0,2,0.571428571428571,2.28571428571429,2.85714285714286,1.85714285714286,1,1,0,0,0,0,2,0,0,1,1,3439
12,172,"172s10",10,0,18,3,0,2,0.571428571428571,2.28571428571429,2.85714285714286,1.85714285714286,2,1,0,0,0,0,2,0,0,1,1,3440
12,173,"173s1",1,0,18,3,1,2,1.28571428571429,2.14285714285714,2.14285714285714,2.14285714285714,1,9,0,0,0,2,1,0,1,0,2,3441
12,173,"173s1",1,0,18,3,1,2,1.28571428571429,2.14285714285714,2.14285714285714,2.14285714285714,2,9,0,0,2,0,1,1,0,0,2,3442
12,173,"173s2",2,0,18,3,1,2,1.28571428571429,2.14285714285714,2.14285714285714,2.14285714285714,1,9,0,0,0,1,2,0,2,0,1,3443
12,173,"173s2",2,0,18,3,1,2,1.28571428571429,2.14285714285714,2.14285714285714,2.14285714285714,2,9,0,0,1,0,2,2,0,0,1,3444
12,173,"173s3",3,0,18,3,1,2,1.28571428571429,2.14285714285714,2.14285714285714,2.14285714285714,1,8,1,1,2,1,2,1,2,0,1,3445
12,173,"173s3",3,0,18,3,1,2,1.28571428571429,2.14285714285714,2.14285714285714,2.14285714285714,2,8,1,1,1,2,2,2,1,0,1,3446
12,173,"173s4",4,0,18,3,1,2,1.28571428571429,2.14285714285714,2.14285714285714,2.14285714285714,1,8,0,1,1,2,1,2,1,0,2,3447
12,173,"173s4",4,0,18,3,1,2,1.28571428571429,2.14285714285714,2.14285714285714,2.14285714285714,2,8,1,0,2,1,1,1,2,0,2,3448
12,173,"173s5",5,0,18,3,1,2,1.28571428571429,2.14285714285714,2.14285714285714,2.14285714285714,1,6,0,1,0,0,1,0,0,1,2,3449
12,173,"173s5",5,0,18,3,1,2,1.28571428571429,2.14285714285714,2.14285714285714,2.14285714285714,2,6,1,0,0,0,1,0,0,1,2,3450
12,173,"173s6",6,1,18,3,1,2,1.28571428571429,2.14285714285714,2.14285714285714,2.14285714285714,1,9,0,0,2,2,,1,1,1,,3451
12,173,"173s6",6,1,18,3,1,2,1.28571428571429,2.14285714285714,2.14285714285714,2.14285714285714,2,9,0,0,2,2,,1,1,1,,3452
12,173,"173s7",7,1,18,3,1,2,1.28571428571429,2.14285714285714,2.14285714285714,2.14285714285714,1,9,0,0,2,1,,1,2,0,,3453
12,173,"173s7",7,1,18,3,1,2,1.28571428571429,2.14285714285714,2.14285714285714,2.14285714285714,2,9,0,0,1,2,,2,1,0,,3454
12,173,"173s8",8,1,18,3,1,2,1.28571428571429,2.14285714285714,2.14285714285714,2.14285714285714,1,8,0,0,1,2,,2,1,0,,3455
12,173,"173s8",8,1,18,3,1,2,1.28571428571429,2.14285714285714,2.14285714285714,2.14285714285714,2,8,0,0,2,1,,1,2,0,,3456
12,173,"173s9",9,1,18,3,1,2,1.28571428571429,2.14285714285714,2.14285714285714,2.14285714285714,1,8,0,1,1,0,,2,0,0,,3457
12,173,"173s9",9,1,18,3,1,2,1.28571428571429,2.14285714285714,2.14285714285714,2.14285714285714,2,6,1,0,0,1,,0,2,0,,3458
12,173,"173s10",10,1,18,3,1,2,1.28571428571429,2.14285714285714,2.14285714285714,2.14285714285714,1,9,0,0,0,2,,0,1,0,,3459
12,173,"173s10",10,1,18,3,1,2,1.28571428571429,2.14285714285714,2.14285714285714,2.14285714285714,2,9,0,0,2,0,,1,0,0,,3460
12,174,"174s1",1,0,18,3,0,2,3.28571428571429,2.71428571428571,3,0.857142857142857,1,0,1,1,0,2,2,0,1,0,1,3461
12,174,"174s1",1,0,18,3,0,2,3.28571428571429,2.71428571428571,3,0.857142857142857,2,0,1,1,2,0,2,1,0,0,1,3462
12,174,"174s2",2,0,18,3,0,2,3.28571428571429,2.71428571428571,3,0.857142857142857,1,-1,1,0,2,0,2,1,0,0,1,3463
12,174,"174s2",2,0,18,3,0,2,3.28571428571429,2.71428571428571,3,0.857142857142857,2,0,0,1,0,2,2,0,1,0,1,3464
12,174,"174s3",3,0,18,3,0,2,3.28571428571429,2.71428571428571,3,0.857142857142857,1,0,0,1,1,1,2,2,2,1,1,3465
12,174,"174s3",3,0,18,3,0,2,3.28571428571429,2.71428571428571,3,0.857142857142857,2,-1,1,0,1,1,2,2,2,1,1,3466
12,174,"174s4",4,0,18,3,0,2,3.28571428571429,2.71428571428571,3,0.857142857142857,1,1,0,0,0,1,2,0,2,0,1,3467
12,174,"174s4",4,0,18,3,0,2,3.28571428571429,2.71428571428571,3,0.857142857142857,2,1,0,0,1,0,2,2,0,0,1,3468
12,174,"174s5",5,0,18,3,0,2,3.28571428571429,2.71428571428571,3,0.857142857142857,1,1,0,0,2,2,1,1,1,1,2,3469
12,174,"174s5",5,0,18,3,0,2,3.28571428571429,2.71428571428571,3,0.857142857142857,2,1,0,0,2,2,1,1,1,1,2,3470
12,174,"174s6",6,1,18,3,0,2,3.28571428571429,2.71428571428571,3,0.857142857142857,1,1,0,0,1,1,,2,2,1,,3471
12,174,"174s6",6,1,18,3,0,2,3.28571428571429,2.71428571428571,3,0.857142857142857,2,1,0,0,1,1,,2,2,1,,3472
12,174,"174s7",7,1,18,3,0,2,3.28571428571429,2.71428571428571,3,0.857142857142857,1,1,0,1,2,0,,1,0,0,,3473
12,174,"174s7",7,1,18,3,0,2,3.28571428571429,2.71428571428571,3,0.857142857142857,2,0,1,0,0,2,,0,1,0,,3474
12,174,"174s8",8,1,18,3,0,2,3.28571428571429,2.71428571428571,3,0.857142857142857,1,1,0,1,2,2,,1,1,1,,3475
12,174,"174s8",8,1,18,3,0,2,3.28571428571429,2.71428571428571,3,0.857142857142857,2,-1,1,0,2,2,,1,1,1,,3476
12,174,"174s9",9,1,18,3,0,2,3.28571428571429,2.71428571428571,3,0.857142857142857,1,-1,1,1,1,1,,2,2,1,,3477
12,174,"174s9",9,1,18,3,0,2,3.28571428571429,2.71428571428571,3,0.857142857142857,2,-1,1,1,1,1,,2,2,1,,3478
12,174,"174s10",10,1,18,3,0,2,3.28571428571429,2.71428571428571,3,0.857142857142857,1,1,0,1,2,1,,1,2,0,,3479
12,174,"174s10",10,1,18,3,0,2,3.28571428571429,2.71428571428571,3,0.857142857142857,2,-1,1,0,1,2,,2,1,0,,3480
12,175,"175s1",1,1,22,1,0,2,2.85714285714286,3.14285714285714,3,2.42857142857143,1,9,0,1,2,1,,1,2,0,,3481
12,175,"175s1",1,1,22,1,0,2,2.85714285714286,3.14285714285714,3,2.42857142857143,2,9,1,0,1,2,,2,1,0,,3482
12,175,"175s2",2,1,22,1,0,2,2.85714285714286,3.14285714285714,3,2.42857142857143,1,9,1,1,2,2,,1,1,1,,3483
12,175,"175s2",2,1,22,1,0,2,2.85714285714286,3.14285714285714,3,2.42857142857143,2,9,1,1,2,2,,1,1,1,,3484
12,175,"175s3",3,1,22,1,0,2,2.85714285714286,3.14285714285714,3,2.42857142857143,1,9,0,0,2,0,,1,0,0,,3485
12,175,"175s3",3,1,22,1,0,2,2.85714285714286,3.14285714285714,3,2.42857142857143,2,9,0,0,0,2,,0,1,0,,3486
12,175,"175s4",4,1,22,1,0,2,2.85714285714286,3.14285714285714,3,2.42857142857143,1,5,0,1,0,0,,0,0,1,,3487
12,175,"175s4",4,1,22,1,0,2,2.85714285714286,3.14285714285714,3,2.42857142857143,2,9,1,0,0,0,,0,0,1,,3488
12,175,"175s5",5,1,22,1,0,2,2.85714285714286,3.14285714285714,3,2.42857142857143,1,9,0,1,1,0,,2,0,0,,3489
12,175,"175s5",5,1,22,1,0,2,2.85714285714286,3.14285714285714,3,2.42857142857143,2,9,1,0,0,1,,0,2,0,,3490
12,175,"175s6",6,0,22,1,0,2,2.85714285714286,3.14285714285714,3,2.42857142857143,1,9,1,0,2,2,2,1,1,1,1,3491
12,175,"175s6",6,0,22,1,0,2,2.85714285714286,3.14285714285714,3,2.42857142857143,2,9,0,1,2,2,2,1,1,1,1,3492
12,175,"175s7",7,0,22,1,0,2,2.85714285714286,3.14285714285714,3,2.42857142857143,1,9,1,1,2,1,1,1,2,0,2,3493
12,175,"175s7",7,0,22,1,0,2,2.85714285714286,3.14285714285714,3,2.42857142857143,2,9,1,1,1,2,1,2,1,0,2,3494
12,175,"175s8",8,0,22,1,0,2,2.85714285714286,3.14285714285714,3,2.42857142857143,1,9,0,0,2,0,1,1,0,0,2,3495
12,175,"175s8",8,0,22,1,0,2,2.85714285714286,3.14285714285714,3,2.42857142857143,2,9,0,0,0,2,1,0,1,0,2,3496
12,175,"175s9",9,0,22,1,0,2,2.85714285714286,3.14285714285714,3,2.42857142857143,1,9,0,0,0,0,1,0,0,1,2,3497
12,175,"175s9",9,0,22,1,0,2,2.85714285714286,3.14285714285714,3,2.42857142857143,2,9,0,0,0,0,1,0,0,1,2,3498
12,175,"175s10",10,0,22,1,0,2,2.85714285714286,3.14285714285714,3,2.42857142857143,1,9,0,1,1,0,1,2,0,0,2,3499
12,175,"175s10",10,0,22,1,0,2,2.85714285714286,3.14285714285714,3,2.42857142857143,2,9,1,0,0,1,1,0,2,0,2,3500
12,176,"176s1",1,0,23,3,0,2,1.42857142857143,1.71428571428571,1.85714285714286,1.57142857142857,1,9,1,1,2,1,2,1,2,0,1,3501
12,176,"176s1",1,0,23,3,0,2,1.42857142857143,1.71428571428571,1.85714285714286,1.57142857142857,2,9,1,1,1,2,2,2,1,0,1,3502
12,176,"176s2",2,0,23,3,0,2,1.42857142857143,1.71428571428571,1.85714285714286,1.57142857142857,1,9,1,0,1,2,2,2,1,0,1,3503
12,176,"176s2",2,0,23,3,0,2,1.42857142857143,1.71428571428571,1.85714285714286,1.57142857142857,2,9,0,1,2,1,2,1,2,0,1,3504
12,176,"176s3",3,0,23,3,0,2,1.42857142857143,1.71428571428571,1.85714285714286,1.57142857142857,1,9,1,0,1,1,1,2,2,1,2,3505
12,176,"176s3",3,0,23,3,0,2,1.42857142857143,1.71428571428571,1.85714285714286,1.57142857142857,2,9,0,1,1,1,1,2,2,1,2,3506
12,176,"176s4",4,0,23,3,0,2,1.42857142857143,1.71428571428571,1.85714285714286,1.57142857142857,1,9,0,0,0,2,2,0,1,0,1,3507
12,176,"176s4",4,0,23,3,0,2,1.42857142857143,1.71428571428571,1.85714285714286,1.57142857142857,2,9,0,0,2,0,2,1,0,0,1,3508
12,176,"176s5",5,0,23,3,0,2,1.42857142857143,1.71428571428571,1.85714285714286,1.57142857142857,1,9,0,1,0,0,2,0,0,1,1,3509
12,176,"176s5",5,0,23,3,0,2,1.42857142857143,1.71428571428571,1.85714285714286,1.57142857142857,2,9,1,0,0,0,2,0,0,1,1,3510
12,176,"176s6",6,1,23,3,0,2,1.42857142857143,1.71428571428571,1.85714285714286,1.57142857142857,1,9,1,1,0,0,,0,0,1,,3511
12,176,"176s6",6,1,23,3,0,2,1.42857142857143,1.71428571428571,1.85714285714286,1.57142857142857,2,9,1,1,0,0,,0,0,1,,3512
12,176,"176s7",7,1,23,3,0,2,1.42857142857143,1.71428571428571,1.85714285714286,1.57142857142857,1,9,0,1,2,1,,1,2,0,,3513
12,176,"176s7",7,1,23,3,0,2,1.42857142857143,1.71428571428571,1.85714285714286,1.57142857142857,2,9,1,0,1,2,,2,1,0,,3514
12,176,"176s8",8,1,23,3,0,2,1.42857142857143,1.71428571428571,1.85714285714286,1.57142857142857,1,9,0,1,2,0,,1,0,0,,3515
12,176,"176s8",8,1,23,3,0,2,1.42857142857143,1.71428571428571,1.85714285714286,1.57142857142857,2,9,1,0,0,2,,0,1,0,,3516
12,176,"176s9",9,1,23,3,0,2,1.42857142857143,1.71428571428571,1.85714285714286,1.57142857142857,1,9,0,0,0,2,,0,1,0,,3517
12,176,"176s9",9,1,23,3,0,2,1.42857142857143,1.71428571428571,1.85714285714286,1.57142857142857,2,9,0,0,2,0,,1,0,0,,3518
12,176,"176s10",10,1,23,3,0,2,1.42857142857143,1.71428571428571,1.85714285714286,1.57142857142857,1,9,1,1,1,0,,2,0,0,,3519
12,176,"176s10",10,1,23,3,0,2,1.42857142857143,1.71428571428571,1.85714285714286,1.57142857142857,2,9,1,1,0,1,,0,2,0,,3520
12,177,"177s1",1,1,20,3,0,2,3.14285714285714,3.42857142857143,1.71428571428571,2.85714285714286,1,9,0,0,2,0,,1,0,0,,3521
12,177,"177s1",1,1,20,3,0,2,3.14285714285714,3.42857142857143,1.71428571428571,2.85714285714286,2,9,0,0,0,2,,0,1,0,,3522
12,177,"177s2",2,1,20,3,0,2,3.14285714285714,3.42857142857143,1.71428571428571,2.85714285714286,1,-2,1,1,0,0,,0,0,1,,3523
12,177,"177s2",2,1,20,3,0,2,3.14285714285714,3.42857142857143,1.71428571428571,2.85714285714286,2,-2,1,1,0,0,,0,0,1,,3524
12,177,"177s3",3,1,20,3,0,2,3.14285714285714,3.42857142857143,1.71428571428571,2.85714285714286,1,9,0,0,1,0,,2,0,0,,3525
12,177,"177s3",3,1,20,3,0,2,3.14285714285714,3.42857142857143,1.71428571428571,2.85714285714286,2,9,0,0,0,1,,0,2,0,,3526
12,177,"177s4",4,1,20,3,0,2,3.14285714285714,3.42857142857143,1.71428571428571,2.85714285714286,1,9,0,0,1,1,,2,2,1,,3527
12,177,"177s4",4,1,20,3,0,2,3.14285714285714,3.42857142857143,1.71428571428571,2.85714285714286,2,9,0,0,1,1,,2,2,1,,3528
12,177,"177s5",5,1,20,3,0,2,3.14285714285714,3.42857142857143,1.71428571428571,2.85714285714286,1,-2,1,1,1,2,,2,1,0,,3529
12,177,"177s5",5,1,20,3,0,2,3.14285714285714,3.42857142857143,1.71428571428571,2.85714285714286,2,-2,1,1,2,1,,1,2,0,,3530
12,177,"177s6",6,0,20,3,0,2,3.14285714285714,3.42857142857143,1.71428571428571,2.85714285714286,1,-2,1,0,1,2,1,2,1,0,2,3531
12,177,"177s6",6,0,20,3,0,2,3.14285714285714,3.42857142857143,1.71428571428571,2.85714285714286,2,9,0,1,2,1,1,1,2,0,2,3532
12,177,"177s7",7,0,20,3,0,2,3.14285714285714,3.42857142857143,1.71428571428571,2.85714285714286,1,-2,1,1,1,1,1,2,2,1,2,3533
12,177,"177s7",7,0,20,3,0,2,3.14285714285714,3.42857142857143,1.71428571428571,2.85714285714286,2,-2,1,1,1,1,1,2,2,1,2,3534
12,177,"177s8",8,0,20,3,0,2,3.14285714285714,3.42857142857143,1.71428571428571,2.85714285714286,1,9,0,0,0,2,1,0,1,0,2,3535
12,177,"177s8",8,0,20,3,0,2,3.14285714285714,3.42857142857143,1.71428571428571,2.85714285714286,2,9,0,0,2,0,1,1,0,0,2,3536
12,177,"177s9",9,0,20,3,0,2,3.14285714285714,3.42857142857143,1.71428571428571,2.85714285714286,1,9,0,1,1,0,1,2,0,0,2,3537
12,177,"177s9",9,0,20,3,0,2,3.14285714285714,3.42857142857143,1.71428571428571,2.85714285714286,2,-1,1,0,0,1,1,0,2,0,2,3538
12,177,"177s10",10,0,20,3,0,2,3.14285714285714,3.42857142857143,1.71428571428571,2.85714285714286,1,-1,0,1,2,2,1,1,1,1,2,3539
12,177,"177s10",10,0,20,3,0,2,3.14285714285714,3.42857142857143,1.71428571428571,2.85714285714286,2,-1,1,0,2,2,1,1,1,1,2,3540
12,178,"178s1",1,0,22,3,1,2,1,1.85714285714286,2.42857142857143,0.857142857142857,1,-9,1,1,0,1,1,0,2,0,2,3541
12,178,"178s1",1,0,22,3,1,2,1,1.85714285714286,2.42857142857143,0.857142857142857,2,-9,1,1,1,0,1,2,0,0,2,3542
12,178,"178s2",2,0,22,3,1,2,1,1.85714285714286,2.42857142857143,0.857142857142857,1,-9,1,0,1,2,1,2,1,0,2,3543
12,178,"178s2",2,0,22,3,1,2,1,1.85714285714286,2.42857142857143,0.857142857142857,2,9,0,1,2,1,1,1,2,0,2,3544
12,178,"178s3",3,0,22,3,1,2,1,1.85714285714286,2.42857142857143,0.857142857142857,1,9,0,1,0,2,2,0,1,0,1,3545
12,178,"178s3",3,0,22,3,1,2,1,1.85714285714286,2.42857142857143,0.857142857142857,2,-9,1,0,2,0,2,1,0,0,1,3546
12,178,"178s4",4,0,22,3,1,2,1,1.85714285714286,2.42857142857143,0.857142857142857,1,9,0,0,1,0,1,2,0,0,2,3547
12,178,"178s4",4,0,22,3,1,2,1,1.85714285714286,2.42857142857143,0.857142857142857,2,9,0,0,0,1,1,0,2,0,2,3548
12,178,"178s5",5,0,22,3,1,2,1,1.85714285714286,2.42857142857143,0.857142857142857,1,-9,1,1,0,1,1,0,2,0,2,3549
12,178,"178s5",5,0,22,3,1,2,1,1.85714285714286,2.42857142857143,0.857142857142857,2,-9,1,1,1,0,1,2,0,0,2,3550
12,178,"178s6",6,1,22,3,1,2,1,1.85714285714286,2.42857142857143,0.857142857142857,1,9,0,1,1,0,,2,0,0,,3551
12,178,"178s6",6,1,22,3,1,2,1,1.85714285714286,2.42857142857143,0.857142857142857,2,-9,1,0,0,1,,0,2,0,,3552
12,178,"178s7",7,1,22,3,1,2,1,1.85714285714286,2.42857142857143,0.857142857142857,1,0,1,1,2,0,,1,0,0,,3553
12,178,"178s7",7,1,22,3,1,2,1,1.85714285714286,2.42857142857143,0.857142857142857,2,0,1,1,0,2,,0,1,0,,3554
12,178,"178s8",8,1,22,3,1,2,1,1.85714285714286,2.42857142857143,0.857142857142857,1,5,0,1,1,1,,2,2,1,,3555
12,178,"178s8",8,1,22,3,1,2,1,1.85714285714286,2.42857142857143,0.857142857142857,2,-5,1,0,1,1,,2,2,1,,3556
12,178,"178s9",9,1,22,3,1,2,1,1.85714285714286,2.42857142857143,0.857142857142857,1,-5,1,0,1,0,,2,0,0,,3557
12,178,"178s9",9,1,22,3,1,2,1,1.85714285714286,2.42857142857143,0.857142857142857,2,6,0,1,0,1,,0,2,0,,3558
12,178,"178s10",10,1,22,3,1,2,1,1.85714285714286,2.42857142857143,0.857142857142857,1,9,0,1,0,1,,0,2,0,,3559
12,178,"178s10",10,1,22,3,1,2,1,1.85714285714286,2.42857142857143,0.857142857142857,2,-9,1,0,1,0,,2,0,0,,3560
13,179,"179s1",1,1,23,3,0,2,2.42857142857143,2.57142857142857,3.57142857142857,1.14285714285714,1,9,0,1,2,1,,1,2,0,,3561
13,179,"179s1",1,1,23,3,0,2,2.42857142857143,2.57142857142857,3.57142857142857,1.14285714285714,2,9,1,0,1,2,,2,1,0,,3562
13,179,"179s2",2,1,23,3,0,2,2.42857142857143,2.57142857142857,3.57142857142857,1.14285714285714,1,9,1,1,1,1,,2,2,1,,3563
13,179,"179s2",2,1,23,3,0,2,2.42857142857143,2.57142857142857,3.57142857142857,1.14285714285714,2,9,1,1,1,1,,2,2,1,,3564
13,179,"179s3",3,1,23,3,0,2,2.42857142857143,2.57142857142857,3.57142857142857,1.14285714285714,1,-2,1,1,0,2,,0,1,0,,3565
13,179,"179s3",3,1,23,3,0,2,2.42857142857143,2.57142857142857,3.57142857142857,1.14285714285714,2,-2,1,1,2,0,,1,0,0,,3566
13,179,"179s4",4,1,23,3,0,2,2.42857142857143,2.57142857142857,3.57142857142857,1.14285714285714,1,3,0,0,1,2,,2,1,0,,3567
13,179,"179s4",4,1,23,3,0,2,2.42857142857143,2.57142857142857,3.57142857142857,1.14285714285714,2,3,0,0,2,1,,1,2,0,,3568
13,179,"179s5",5,1,23,3,0,2,2.42857142857143,2.57142857142857,3.57142857142857,1.14285714285714,1,3,0,0,2,2,,1,1,1,,3569
13,179,"179s5",5,1,23,3,0,2,2.42857142857143,2.57142857142857,3.57142857142857,1.14285714285714,2,3,0,0,2,2,,1,1,1,,3570
13,179,"179s6",6,0,23,3,0,2,2.42857142857143,2.57142857142857,3.57142857142857,1.14285714285714,1,-3,1,0,1,2,2,2,1,0,1,3571
13,179,"179s6",6,0,23,3,0,2,2.42857142857143,2.57142857142857,3.57142857142857,1.14285714285714,2,3,0,1,2,1,2,1,2,0,1,3572
13,179,"179s7",7,0,23,3,0,2,2.42857142857143,2.57142857142857,3.57142857142857,1.14285714285714,1,-5,1,1,1,1,1,2,2,1,2,3573
13,179,"179s7",7,0,23,3,0,2,2.42857142857143,2.57142857142857,3.57142857142857,1.14285714285714,2,-5,1,1,1,1,1,2,2,1,2,3574
13,179,"179s8",8,0,23,3,0,2,2.42857142857143,2.57142857142857,3.57142857142857,1.14285714285714,1,-8,1,1,1,0,1,2,0,0,2,3575
13,179,"179s8",8,0,23,3,0,2,2.42857142857143,2.57142857142857,3.57142857142857,1.14285714285714,2,-8,1,1,0,1,1,0,2,0,2,3576
13,179,"179s9",9,0,23,3,0,2,2.42857142857143,2.57142857142857,3.57142857142857,1.14285714285714,1,-7,1,1,2,1,1,1,2,0,2,3577
13,179,"179s9",9,0,23,3,0,2,2.42857142857143,2.57142857142857,3.57142857142857,1.14285714285714,2,-7,1,1,1,2,1,2,1,0,2,3578
13,179,"179s10",10,0,23,3,0,2,2.42857142857143,2.57142857142857,3.57142857142857,1.14285714285714,1,8,0,1,2,0,2,1,0,0,1,3579
13,179,"179s10",10,0,23,3,0,2,2.42857142857143,2.57142857142857,3.57142857142857,1.14285714285714,2,-8,1,0,0,2,2,0,1,0,1,3580
13,180,"180s1",1,1,18,2,0,2,3,3.14285714285714,2.85714285714286,1.42857142857143,1,-6,1,1,2,0,,1,0,0,,3581
13,180,"180s1",1,1,18,2,0,2,3,3.14285714285714,2.85714285714286,1.42857142857143,2,-6,1,1,0,2,,0,1,0,,3582
13,180,"180s2",2,1,18,2,0,2,3,3.14285714285714,2.85714285714286,1.42857142857143,1,-4,0,1,2,2,,1,1,1,,3583
13,180,"180s2",2,1,18,2,0,2,3,3.14285714285714,2.85714285714286,1.42857142857143,2,-8,1,0,2,2,,1,1,1,,3584
13,180,"180s3",3,1,18,2,0,2,3,3.14285714285714,2.85714285714286,1.42857142857143,1,8,0,1,1,0,,2,0,0,,3585
13,180,"180s3",3,1,18,2,0,2,3,3.14285714285714,2.85714285714286,1.42857142857143,2,-9,1,0,0,1,,0,2,0,,3586
13,180,"180s4",4,1,18,2,0,2,3,3.14285714285714,2.85714285714286,1.42857142857143,1,-8,1,1,1,0,,2,0,0,,3587
13,180,"180s4",4,1,18,2,0,2,3,3.14285714285714,2.85714285714286,1.42857142857143,2,-8,1,1,0,1,,0,2,0,,3588
13,180,"180s5",5,1,18,2,0,2,3,3.14285714285714,2.85714285714286,1.42857142857143,1,9,0,0,0,0,,0,0,1,,3589
13,180,"180s5",5,1,18,2,0,2,3,3.14285714285714,2.85714285714286,1.42857142857143,2,9,0,0,0,0,,0,0,1,,3590
13,180,"180s6",6,0,18,2,0,2,3,3.14285714285714,2.85714285714286,1.42857142857143,1,8,0,1,2,1,1,1,2,0,2,3591
13,180,"180s6",6,0,18,2,0,2,3,3.14285714285714,2.85714285714286,1.42857142857143,2,-7,1,0,1,2,1,2,1,0,2,3592
13,180,"180s7",7,0,18,2,0,2,3,3.14285714285714,2.85714285714286,1.42857142857143,1,7,0,1,2,1,1,1,2,0,2,3593
13,180,"180s7",7,0,18,2,0,2,3,3.14285714285714,2.85714285714286,1.42857142857143,2,-6,1,0,1,2,1,2,1,0,2,3594
13,180,"180s8",8,0,18,2,0,2,3,3.14285714285714,2.85714285714286,1.42857142857143,1,8,0,1,1,0,1,2,0,0,2,3595
13,180,"180s8",8,0,18,2,0,2,3,3.14285714285714,2.85714285714286,1.42857142857143,2,-6,1,0,0,1,1,0,2,0,2,3596
13,180,"180s9",9,0,18,2,0,2,3,3.14285714285714,2.85714285714286,1.42857142857143,1,8,0,0,2,1,2,1,2,0,1,3597
13,180,"180s9",9,0,18,2,0,2,3,3.14285714285714,2.85714285714286,1.42857142857143,2,8,0,0,1,2,2,2,1,0,1,3598
13,180,"180s10",10,0,18,2,0,2,3,3.14285714285714,2.85714285714286,1.42857142857143,1,-7,1,1,1,0,1,2,0,0,2,3599
13,180,"180s10",10,0,18,2,0,2,3,3.14285714285714,2.85714285714286,1.42857142857143,2,-7,1,1,0,1,1,0,2,0,2,3600
13,181,"181s1",1,0,20,3,0,2,3.14285714285714,2.71428571428571,2.28571428571429,2.42857142857143,1,-1,1,0,1,2,1,2,1,0,2,3601
13,181,"181s1",1,0,20,3,0,2,3.14285714285714,2.71428571428571,2.28571428571429,2.42857142857143,2,-3,0,1,2,1,1,1,2,0,2,3602
13,181,"181s2",2,0,20,3,0,2,3.14285714285714,2.71428571428571,2.28571428571429,2.42857142857143,1,-3,0,1,2,1,1,1,2,0,2,3603
13,181,"181s2",2,0,20,3,0,2,3.14285714285714,2.71428571428571,2.28571428571429,2.42857142857143,2,-1,1,0,1,2,1,2,1,0,2,3604
13,181,"181s3",3,0,20,3,0,2,3.14285714285714,2.71428571428571,2.28571428571429,2.42857142857143,1,6,0,0,1,2,1,2,1,0,2,3605
13,181,"181s3",3,0,20,3,0,2,3.14285714285714,2.71428571428571,2.28571428571429,2.42857142857143,2,6,0,0,2,1,1,1,2,0,2,3606
13,181,"181s4",4,0,20,3,0,2,3.14285714285714,2.71428571428571,2.28571428571429,2.42857142857143,1,-3,1,1,0,2,1,0,1,0,2,3607
13,181,"181s4",4,0,20,3,0,2,3.14285714285714,2.71428571428571,2.28571428571429,2.42857142857143,2,-3,1,1,2,0,1,1,0,0,2,3608
13,181,"181s5",5,0,20,3,0,2,3.14285714285714,2.71428571428571,2.28571428571429,2.42857142857143,1,-4,1,0,0,2,2,0,1,0,1,3609
13,181,"181s5",5,0,20,3,0,2,3.14285714285714,2.71428571428571,2.28571428571429,2.42857142857143,2,-6,0,1,2,0,2,1,0,0,1,3610
13,181,"181s6",6,1,20,3,0,2,3.14285714285714,2.71428571428571,2.28571428571429,2.42857142857143,1,4,0,0,1,1,,2,2,1,,3611
13,181,"181s6",6,1,20,3,0,2,3.14285714285714,2.71428571428571,2.28571428571429,2.42857142857143,2,4,0,0,1,1,,2,2,1,,3612
13,181,"181s7",7,1,20,3,0,2,3.14285714285714,2.71428571428571,2.28571428571429,2.42857142857143,1,-9,1,1,0,1,,0,2,0,,3613
13,181,"181s7",7,1,20,3,0,2,3.14285714285714,2.71428571428571,2.28571428571429,2.42857142857143,2,-9,1,1,1,0,,2,0,0,,3614
13,181,"181s8",8,1,20,3,0,2,3.14285714285714,2.71428571428571,2.28571428571429,2.42857142857143,1,2,0,1,1,0,,2,0,0,,3615
13,181,"181s8",8,1,20,3,0,2,3.14285714285714,2.71428571428571,2.28571428571429,2.42857142857143,2,-5,1,0,0,1,,0,2,0,,3616
13,181,"181s9",9,1,20,3,0,2,3.14285714285714,2.71428571428571,2.28571428571429,2.42857142857143,1,2,0,1,1,0,,2,0,0,,3617
13,181,"181s9",9,1,20,3,0,2,3.14285714285714,2.71428571428571,2.28571428571429,2.42857142857143,2,-5,1,0,0,1,,0,2,0,,3618
13,181,"181s10",10,1,20,3,0,2,3.14285714285714,2.71428571428571,2.28571428571429,2.42857142857143,1,-5,1,0,2,2,,1,1,1,,3619
13,181,"181s10",10,1,20,3,0,2,3.14285714285714,2.71428571428571,2.28571428571429,2.42857142857143,2,2,0,1,2,2,,1,1,1,,3620
13,182,"182s1",1,0,19,3,0,1,1.28571428571429,1.85714285714286,2.42857142857143,0.857142857142857,1,-3,1,1,0,0,2,0,0,1,2,3621
13,182,"182s1",1,0,19,3,0,1,1.28571428571429,1.85714285714286,2.42857142857143,0.857142857142857,2,-3,1,1,0,0,2,0,0,1,2,3622
13,182,"182s2",2,0,19,3,0,1,1.28571428571429,1.85714285714286,2.42857142857143,0.857142857142857,1,9,0,0,2,2,2,2,2,1,2,3623
13,182,"182s2",2,0,19,3,0,1,1.28571428571429,1.85714285714286,2.42857142857143,0.857142857142857,2,9,0,0,2,2,2,2,2,1,2,3624
13,182,"182s3",3,0,19,3,0,1,1.28571428571429,1.85714285714286,2.42857142857143,0.857142857142857,1,-7,1,1,1,0,2,1,0,0,2,3625
13,182,"182s3",3,0,19,3,0,1,1.28571428571429,1.85714285714286,2.42857142857143,0.857142857142857,2,-4,1,1,0,1,2,0,1,0,2,3626
13,182,"182s4",4,0,19,3,0,1,1.28571428571429,1.85714285714286,2.42857142857143,0.857142857142857,1,9,0,0,1,1,1,1,1,1,1,3627
13,182,"182s4",4,0,19,3,0,1,1.28571428571429,1.85714285714286,2.42857142857143,0.857142857142857,2,9,0,0,1,1,1,1,1,1,1,3628
13,182,"182s5",5,0,19,3,0,1,1.28571428571429,1.85714285714286,2.42857142857143,0.857142857142857,1,9,0,1,2,1,2,2,1,0,2,3629
13,182,"182s5",5,0,19,3,0,1,1.28571428571429,1.85714285714286,2.42857142857143,0.857142857142857,2,-9,1,0,1,2,2,1,2,0,2,3630
13,182,"182s6",6,1,19,3,0,1,1.28571428571429,1.85714285714286,2.42857142857143,0.857142857142857,1,9,0,0,1,2,,1,2,0,,3631
13,182,"182s6",6,1,19,3,0,1,1.28571428571429,1.85714285714286,2.42857142857143,0.857142857142857,2,9,0,0,2,1,,2,1,0,,3632
13,182,"182s7",7,1,19,3,0,1,1.28571428571429,1.85714285714286,2.42857142857143,0.857142857142857,1,9,0,0,1,2,,1,2,0,,3633
13,182,"182s7",7,1,19,3,0,1,1.28571428571429,1.85714285714286,2.42857142857143,0.857142857142857,2,9,0,0,2,1,,2,1,0,,3634
13,182,"182s8",8,1,19,3,0,1,1.28571428571429,1.85714285714286,2.42857142857143,0.857142857142857,1,-9,1,0,2,0,,2,0,0,,3635
13,182,"182s8",8,1,19,3,0,1,1.28571428571429,1.85714285714286,2.42857142857143,0.857142857142857,2,9,0,1,0,2,,0,2,0,,3636
13,182,"182s9",9,1,19,3,0,1,1.28571428571429,1.85714285714286,2.42857142857143,0.857142857142857,1,-4,1,1,1,1,,1,1,1,,3637
13,182,"182s9",9,1,19,3,0,1,1.28571428571429,1.85714285714286,2.42857142857143,0.857142857142857,2,-4,1,1,1,1,,1,1,1,,3638
13,182,"182s10",10,1,19,3,0,1,1.28571428571429,1.85714285714286,2.42857142857143,0.857142857142857,1,9,0,1,0,1,,0,1,0,,3639
13,182,"182s10",10,1,19,3,0,1,1.28571428571429,1.85714285714286,2.42857142857143,0.857142857142857,2,-9,1,0,1,0,,1,0,0,,3640
13,183,"183s1",1,0,18,4,0,1,3,2.85714285714286,2.14285714285714,0.857142857142857,1,0,1,0,0,2,1,0,2,0,1,3641
13,183,"183s1",1,0,18,4,0,1,3,2.85714285714286,2.14285714285714,0.857142857142857,2,3,0,1,2,0,1,2,0,0,1,3642
13,183,"183s2",2,0,18,4,0,1,3,2.85714285714286,2.14285714285714,0.857142857142857,1,5,0,0,0,2,1,0,2,0,1,3643
13,183,"183s2",2,0,18,4,0,1,3,2.85714285714286,2.14285714285714,0.857142857142857,2,5,0,0,2,0,1,2,0,0,1,3644
13,183,"183s3",3,0,18,4,0,1,3,2.85714285714286,2.14285714285714,0.857142857142857,1,5,0,0,2,1,2,2,1,0,2,3645
13,183,"183s3",3,0,18,4,0,1,3,2.85714285714286,2.14285714285714,0.857142857142857,2,5,0,0,1,2,2,1,2,0,2,3646
13,183,"183s4",4,0,18,4,0,1,3,2.85714285714286,2.14285714285714,0.857142857142857,1,5,0,0,0,0,1,0,0,1,1,3647
13,183,"183s4",4,0,18,4,0,1,3,2.85714285714286,2.14285714285714,0.857142857142857,2,5,0,0,0,0,1,0,0,1,1,3648
13,183,"183s5",5,0,18,4,0,1,3,2.85714285714286,2.14285714285714,0.857142857142857,1,3,1,1,1,0,1,1,0,0,1,3649
13,183,"183s5",5,0,18,4,0,1,3,2.85714285714286,2.14285714285714,0.857142857142857,2,3,1,1,0,1,1,0,1,0,1,3650
13,183,"183s6",6,1,18,4,0,1,3,2.85714285714286,2.14285714285714,0.857142857142857,1,0,1,0,2,2,,2,2,1,,3651
13,183,"183s6",6,1,18,4,0,1,3,2.85714285714286,2.14285714285714,0.857142857142857,2,0,0,1,2,2,,2,2,1,,3652
13,183,"183s7",7,1,18,4,0,1,3,2.85714285714286,2.14285714285714,0.857142857142857,1,4,0,1,0,2,,0,2,0,,3653
13,183,"183s7",7,1,18,4,0,1,3,2.85714285714286,2.14285714285714,0.857142857142857,2,-2,1,0,2,0,,2,0,0,,3654
13,183,"183s8",8,1,18,4,0,1,3,2.85714285714286,2.14285714285714,0.857142857142857,1,4,0,1,0,2,,0,2,0,,3655
13,183,"183s8",8,1,18,4,0,1,3,2.85714285714286,2.14285714285714,0.857142857142857,2,-2,1,0,2,0,,2,0,0,,3656
13,183,"183s9",9,1,18,4,0,1,3,2.85714285714286,2.14285714285714,0.857142857142857,1,5,0,0,1,1,,1,1,1,,3657
13,183,"183s9",9,1,18,4,0,1,3,2.85714285714286,2.14285714285714,0.857142857142857,2,5,0,0,1,1,,1,1,1,,3658
13,183,"183s10",10,1,18,4,0,1,3,2.85714285714286,2.14285714285714,0.857142857142857,1,5,0,0,1,1,,1,1,1,,3659
13,183,"183s10",10,1,18,4,0,1,3,2.85714285714286,2.14285714285714,0.857142857142857,2,5,0,0,1,1,,1,1,1,,3660
13,184,"184s1",1,1,18,2,0,2,1.14285714285714,3.28571428571429,3.85714285714286,1.57142857142857,1,0,1,1,0,0,,0,0,1,,3661
13,184,"184s1",1,1,18,2,0,2,1.14285714285714,3.28571428571429,3.85714285714286,1.57142857142857,2,0,1,1,0,0,,0,0,1,,3662
13,184,"184s2",2,1,18,2,0,2,1.14285714285714,3.28571428571429,3.85714285714286,1.57142857142857,1,0,1,1,2,0,,1,0,0,,3663
13,184,"184s2",2,1,18,2,0,2,1.14285714285714,3.28571428571429,3.85714285714286,1.57142857142857,2,0,1,1,0,2,,0,1,0,,3664
13,184,"184s3",3,1,18,2,0,2,1.14285714285714,3.28571428571429,3.85714285714286,1.57142857142857,1,9,0,0,1,0,,2,0,0,,3665
13,184,"184s3",3,1,18,2,0,2,1.14285714285714,3.28571428571429,3.85714285714286,1.57142857142857,2,9,0,0,0,1,,0,2,0,,3666
13,184,"184s4",4,1,18,2,0,2,1.14285714285714,3.28571428571429,3.85714285714286,1.57142857142857,1,9,0,0,1,1,,2,2,1,,3667
13,184,"184s4",4,1,18,2,0,2,1.14285714285714,3.28571428571429,3.85714285714286,1.57142857142857,2,9,0,0,1,1,,2,2,1,,3668
13,184,"184s5",5,1,18,2,0,2,1.14285714285714,3.28571428571429,3.85714285714286,1.57142857142857,1,9,0,0,0,2,,0,1,0,,3669
13,184,"184s5",5,1,18,2,0,2,1.14285714285714,3.28571428571429,3.85714285714286,1.57142857142857,2,9,0,0,2,0,,1,0,0,,3670
13,184,"184s6",6,0,18,2,0,2,1.14285714285714,3.28571428571429,3.85714285714286,1.57142857142857,1,9,0,0,1,1,2,2,2,1,1,3671
13,184,"184s6",6,0,18,2,0,2,1.14285714285714,3.28571428571429,3.85714285714286,1.57142857142857,2,9,0,0,1,1,2,2,2,1,1,3672
13,184,"184s7",7,0,18,2,0,2,1.14285714285714,3.28571428571429,3.85714285714286,1.57142857142857,1,0,1,1,0,1,1,0,2,0,2,3673
13,184,"184s7",7,0,18,2,0,2,1.14285714285714,3.28571428571429,3.85714285714286,1.57142857142857,2,0,1,1,1,0,1,2,0,0,2,3674
13,184,"184s8",8,0,18,2,0,2,1.14285714285714,3.28571428571429,3.85714285714286,1.57142857142857,1,9,0,0,2,0,2,1,0,0,1,3675
13,184,"184s8",8,0,18,2,0,2,1.14285714285714,3.28571428571429,3.85714285714286,1.57142857142857,2,9,0,0,0,2,2,0,1,0,1,3676
13,184,"184s9",9,0,18,2,0,2,1.14285714285714,3.28571428571429,3.85714285714286,1.57142857142857,1,0,1,1,2,1,2,1,2,0,1,3677
13,184,"184s9",9,0,18,2,0,2,1.14285714285714,3.28571428571429,3.85714285714286,1.57142857142857,2,0,1,1,1,2,2,2,1,0,1,3678
13,184,"184s10",10,0,18,2,0,2,1.14285714285714,3.28571428571429,3.85714285714286,1.57142857142857,1,-4,1,0,2,2,1,1,1,1,2,3679
13,184,"184s10",10,0,18,2,0,2,1.14285714285714,3.28571428571429,3.85714285714286,1.57142857142857,2,9,0,1,2,2,1,1,1,1,2,3680
13,185,"185s1",1,1,20,2,0,2,1.42857142857143,1.71428571428571,2.71428571428571,0.571428571428571,1,-1,1,1,0,2,,0,1,0,,3681
13,185,"185s1",1,1,20,2,0,2,1.42857142857143,1.71428571428571,2.71428571428571,0.571428571428571,2,-1,1,1,2,0,,1,0,0,,3682
13,185,"185s2",2,1,20,2,0,2,1.42857142857143,1.71428571428571,2.71428571428571,0.571428571428571,1,-1,1,1,0,2,,0,1,0,,3683
13,185,"185s2",2,1,20,2,0,2,1.42857142857143,1.71428571428571,2.71428571428571,0.571428571428571,2,-1,1,1,2,0,,1,0,0,,3684
13,185,"185s3",3,1,20,2,0,2,1.42857142857143,1.71428571428571,2.71428571428571,0.571428571428571,1,5,0,1,0,2,,0,1,0,,3685
13,185,"185s3",3,1,20,2,0,2,1.42857142857143,1.71428571428571,2.71428571428571,0.571428571428571,2,-4,1,0,2,0,,1,0,0,,3686
13,185,"185s4",4,1,20,2,0,2,1.42857142857143,1.71428571428571,2.71428571428571,0.571428571428571,1,-2,1,1,2,0,,1,0,0,,3687
13,185,"185s4",4,1,20,2,0,2,1.42857142857143,1.71428571428571,2.71428571428571,0.571428571428571,2,-2,1,1,0,2,,0,1,0,,3688
13,185,"185s5",5,1,20,2,0,2,1.42857142857143,1.71428571428571,2.71428571428571,0.571428571428571,1,7,0,0,1,0,,2,0,0,,3689
13,185,"185s5",5,1,20,2,0,2,1.42857142857143,1.71428571428571,2.71428571428571,0.571428571428571,2,7,0,0,0,1,,0,2,0,,3690
13,185,"185s6",6,0,20,2,0,2,1.42857142857143,1.71428571428571,2.71428571428571,0.571428571428571,1,-3,1,1,2,0,1,1,0,0,2,3691
13,185,"185s6",6,0,20,2,0,2,1.42857142857143,1.71428571428571,2.71428571428571,0.571428571428571,2,-3,1,1,0,2,1,0,1,0,2,3692
13,185,"185s7",7,0,20,2,0,2,1.42857142857143,1.71428571428571,2.71428571428571,0.571428571428571,1,-5,1,0,1,2,2,2,1,0,1,3693
13,185,"185s7",7,0,20,2,0,2,1.42857142857143,1.71428571428571,2.71428571428571,0.571428571428571,2,5,0,1,2,1,2,1,2,0,1,3694
13,185,"185s8",8,0,20,2,0,2,1.42857142857143,1.71428571428571,2.71428571428571,0.571428571428571,1,4,0,1,0,0,1,0,0,1,2,3695
13,185,"185s8",8,0,20,2,0,2,1.42857142857143,1.71428571428571,2.71428571428571,0.571428571428571,2,-2,1,0,0,0,1,0,0,1,2,3696
13,185,"185s9",9,0,20,2,0,2,1.42857142857143,1.71428571428571,2.71428571428571,0.571428571428571,1,7,0,0,0,0,1,0,0,1,2,3697
13,185,"185s9",9,0,20,2,0,2,1.42857142857143,1.71428571428571,2.71428571428571,0.571428571428571,2,7,0,0,0,0,1,0,0,1,2,3698
13,185,"185s10",10,0,20,2,0,2,1.42857142857143,1.71428571428571,2.71428571428571,0.571428571428571,1,-3,1,0,0,1,1,0,2,0,2,3699
13,185,"185s10",10,0,20,2,0,2,1.42857142857143,1.71428571428571,2.71428571428571,0.571428571428571,2,3,0,1,1,0,1,2,0,0,2,3700
13,186,"186s1",1,1,18,2,0,2,2.85714285714286,3.85714285714286,3.42857142857143,2.57142857142857,1,9,0,0,1,0,,2,0,0,,3701
13,186,"186s1",1,1,18,2,0,2,2.85714285714286,3.85714285714286,3.42857142857143,2.57142857142857,2,9,0,0,0,1,,0,2,0,,3702
13,186,"186s2",2,1,18,2,0,2,2.85714285714286,3.85714285714286,3.42857142857143,2.57142857142857,1,9,0,0,0,1,,0,2,0,,3703
13,186,"186s2",2,1,18,2,0,2,2.85714285714286,3.85714285714286,3.42857142857143,2.57142857142857,2,9,0,0,1,0,,2,0,0,,3704
13,186,"186s3",3,1,18,2,0,2,2.85714285714286,3.85714285714286,3.42857142857143,2.57142857142857,1,5,0,0,2,0,,1,0,0,,3705
13,186,"186s3",3,1,18,2,0,2,2.85714285714286,3.85714285714286,3.42857142857143,2.57142857142857,2,5,0,0,0,2,,0,1,0,,3706
13,186,"186s4",4,1,18,2,0,2,2.85714285714286,3.85714285714286,3.42857142857143,2.57142857142857,1,8,0,1,0,0,,0,0,1,,3707
13,186,"186s4",4,1,18,2,0,2,2.85714285714286,3.85714285714286,3.42857142857143,2.57142857142857,2,-7,1,0,0,0,,0,0,1,,3708
13,186,"186s5",5,1,18,2,0,2,2.85714285714286,3.85714285714286,3.42857142857143,2.57142857142857,1,-7,1,1,0,1,,0,2,0,,3709
13,186,"186s5",5,1,18,2,0,2,2.85714285714286,3.85714285714286,3.42857142857143,2.57142857142857,2,-7,1,1,1,0,,2,0,0,,3710
13,186,"186s6",6,0,18,2,0,2,2.85714285714286,3.85714285714286,3.42857142857143,2.57142857142857,1,-5,1,0,0,0,2,0,0,1,1,3711
13,186,"186s6",6,0,18,2,0,2,2.85714285714286,3.85714285714286,3.42857142857143,2.57142857142857,2,5,0,1,0,0,2,0,0,1,1,3712
13,186,"186s7",7,0,18,2,0,2,2.85714285714286,3.85714285714286,3.42857142857143,2.57142857142857,1,-6,1,1,2,2,1,1,1,1,2,3713
13,186,"186s7",7,0,18,2,0,2,2.85714285714286,3.85714285714286,3.42857142857143,2.57142857142857,2,-6,1,1,2,2,1,1,1,1,2,3714
13,186,"186s8",8,0,18,2,0,2,2.85714285714286,3.85714285714286,3.42857142857143,2.57142857142857,1,-7,1,0,1,2,1,2,1,0,2,3715
13,186,"186s8",8,0,18,2,0,2,2.85714285714286,3.85714285714286,3.42857142857143,2.57142857142857,2,7,0,1,2,1,1,1,2,0,2,3716
13,186,"186s9",9,0,18,2,0,2,2.85714285714286,3.85714285714286,3.42857142857143,2.57142857142857,1,-7,1,0,1,0,1,2,0,0,2,3717
13,186,"186s9",9,0,18,2,0,2,2.85714285714286,3.85714285714286,3.42857142857143,2.57142857142857,2,7,0,1,0,1,1,0,2,0,2,3718
13,186,"186s10",10,0,18,2,0,2,2.85714285714286,3.85714285714286,3.42857142857143,2.57142857142857,1,8,0,0,2,2,1,1,1,1,2,3719
13,186,"186s10",10,0,18,2,0,2,2.85714285714286,3.85714285714286,3.42857142857143,2.57142857142857,2,8,0,0,2,2,1,1,1,1,2,3720
13,187,"187s1",1,0,18,2,0,2,3.28571428571429,3.57142857142857,2.14285714285714,2.85714285714286,1,9,0,0,0,0,1,0,0,1,2,3721
13,187,"187s1",1,0,18,2,0,2,3.28571428571429,3.57142857142857,2.14285714285714,2.85714285714286,2,9,0,0,0,0,1,0,0,1,2,3722
13,187,"187s2",2,0,18,2,0,2,3.28571428571429,3.57142857142857,2.14285714285714,2.85714285714286,1,-5,1,1,2,1,2,1,2,0,1,3723
13,187,"187s2",2,0,18,2,0,2,3.28571428571429,3.57142857142857,2.14285714285714,2.85714285714286,2,-6,1,1,1,2,2,2,1,0,1,3724
13,187,"187s3",3,0,18,2,0,2,3.28571428571429,3.57142857142857,2.14285714285714,2.85714285714286,1,9,0,0,0,1,1,0,2,0,2,3725
13,187,"187s3",3,0,18,2,0,2,3.28571428571429,3.57142857142857,2.14285714285714,2.85714285714286,2,9,0,0,1,0,1,2,0,0,2,3726
13,187,"187s4",4,0,18,2,0,2,3.28571428571429,3.57142857142857,2.14285714285714,2.85714285714286,1,9,0,1,0,2,2,0,1,0,1,3727
13,187,"187s4",4,0,18,2,0,2,3.28571428571429,3.57142857142857,2.14285714285714,2.85714285714286,2,-5,1,0,2,0,2,1,0,0,1,3728
13,187,"187s5",5,0,18,2,0,2,3.28571428571429,3.57142857142857,2.14285714285714,2.85714285714286,1,-5,1,1,0,1,2,0,2,0,1,3729
13,187,"187s5",5,0,18,2,0,2,3.28571428571429,3.57142857142857,2.14285714285714,2.85714285714286,2,-6,1,1,1,0,2,2,0,0,1,3730
13,187,"187s6",6,1,18,2,0,2,3.28571428571429,3.57142857142857,2.14285714285714,2.85714285714286,1,-5,1,0,2,1,,1,2,0,,3731
13,187,"187s6",6,1,18,2,0,2,3.28571428571429,3.57142857142857,2.14285714285714,2.85714285714286,2,9,0,1,1,2,,2,1,0,,3732
13,187,"187s7",7,1,18,2,0,2,3.28571428571429,3.57142857142857,2.14285714285714,2.85714285714286,1,-5,1,0,2,2,,1,1,1,,3733
13,187,"187s7",7,1,18,2,0,2,3.28571428571429,3.57142857142857,2.14285714285714,2.85714285714286,2,9,0,1,2,2,,1,1,1,,3734
13,187,"187s8",8,1,18,2,0,2,3.28571428571429,3.57142857142857,2.14285714285714,2.85714285714286,1,9,0,0,2,1,,1,2,0,,3735
13,187,"187s8",8,1,18,2,0,2,3.28571428571429,3.57142857142857,2.14285714285714,2.85714285714286,2,9,0,0,1,2,,2,1,0,,3736
13,187,"187s9",9,1,18,2,0,2,3.28571428571429,3.57142857142857,2.14285714285714,2.85714285714286,1,8,0,0,0,0,,0,0,1,,3737
13,187,"187s9",9,1,18,2,0,2,3.28571428571429,3.57142857142857,2.14285714285714,2.85714285714286,2,8,0,0,0,0,,0,0,1,,3738
13,187,"187s10",10,1,18,2,0,2,3.28571428571429,3.57142857142857,2.14285714285714,2.85714285714286,1,9,0,0,0,2,,0,1,0,,3739
13,187,"187s10",10,1,18,2,0,2,3.28571428571429,3.57142857142857,2.14285714285714,2.85714285714286,2,9,0,0,2,0,,1,0,0,,3740
13,188,"188s1",1,0,18,2,1,1,1.71428571428571,2.28571428571429,2.42857142857143,1.85714285714286,1,-3,1,1,0,1,2,0,1,0,2,3741
13,188,"188s1",1,0,18,2,1,1,1.71428571428571,2.28571428571429,2.42857142857143,1.85714285714286,2,-3,1,1,1,0,2,1,0,0,2,3742
13,188,"188s2",2,0,18,2,1,1,1.71428571428571,2.28571428571429,2.42857142857143,1.85714285714286,1,-3,1,0,2,1,1,2,1,0,1,3743
13,188,"188s2",2,0,18,2,1,1,1.71428571428571,2.28571428571429,2.42857142857143,1.85714285714286,2,3,0,1,1,2,1,1,2,0,1,3744
13,188,"188s3",3,0,18,2,1,1,1.71428571428571,2.28571428571429,2.42857142857143,1.85714285714286,1,3,0,0,0,0,2,0,0,1,2,3745
13,188,"188s3",3,0,18,2,1,1,1.71428571428571,2.28571428571429,2.42857142857143,1.85714285714286,2,0,0,0,0,0,2,0,0,1,2,3746
13,188,"188s4",4,0,18,2,1,1,1.71428571428571,2.28571428571429,2.42857142857143,1.85714285714286,1,-3,1,1,0,1,2,0,1,0,2,3747
13,188,"188s4",4,0,18,2,1,1,1.71428571428571,2.28571428571429,2.42857142857143,1.85714285714286,2,-3,1,1,1,0,2,1,0,0,2,3748
13,188,"188s5",5,0,18,2,1,1,1.71428571428571,2.28571428571429,2.42857142857143,1.85714285714286,1,-3,1,0,0,1,1,0,1,0,1,3749
13,188,"188s5",5,0,18,2,1,1,1.71428571428571,2.28571428571429,2.42857142857143,1.85714285714286,2,3,0,1,1,0,1,1,0,0,1,3750
13,188,"188s6",6,1,18,2,1,1,1.71428571428571,2.28571428571429,2.42857142857143,1.85714285714286,1,-3,1,1,2,0,,2,0,0,,3751
13,188,"188s6",6,1,18,2,1,1,1.71428571428571,2.28571428571429,2.42857142857143,1.85714285714286,2,-3,1,1,0,2,,0,2,0,,3752
13,188,"188s7",7,1,18,2,1,1,1.71428571428571,2.28571428571429,2.42857142857143,1.85714285714286,1,-3,1,1,1,1,,1,1,1,,3753
13,188,"188s7",7,1,18,2,1,1,1.71428571428571,2.28571428571429,2.42857142857143,1.85714285714286,2,-3,1,1,1,1,,1,1,1,,3754
13,188,"188s8",8,1,18,2,1,1,1.71428571428571,2.28571428571429,2.42857142857143,1.85714285714286,1,0,0,0,2,2,,2,2,1,,3755
13,188,"188s8",8,1,18,2,1,1,1.71428571428571,2.28571428571429,2.42857142857143,1.85714285714286,2,2,0,0,2,2,,2,2,1,,3756
13,188,"188s9",9,1,18,2,1,1,1.71428571428571,2.28571428571429,2.42857142857143,1.85714285714286,1,3,0,1,2,1,,2,1,0,,3757
13,188,"188s9",9,1,18,2,1,1,1.71428571428571,2.28571428571429,2.42857142857143,1.85714285714286,2,-3,1,0,1,2,,1,2,0,,3758
13,188,"188s10",10,1,18,2,1,1,1.71428571428571,2.28571428571429,2.42857142857143,1.85714285714286,1,3,0,1,1,2,,1,2,0,,3759
13,188,"188s10",10,1,18,2,1,1,1.71428571428571,2.28571428571429,2.42857142857143,1.85714285714286,2,-2,1,0,2,1,,2,1,0,,3760
13,189,"189s1",1,1,18,3,1,1,3.85714285714286,3.57142857142857,2.85714285714286,2.85714285714286,1,9,0,1,0,1,,0,1,0,,3761
13,189,"189s1",1,1,18,3,1,1,3.85714285714286,3.57142857142857,2.85714285714286,2.85714285714286,2,-1,1,0,1,0,,1,0,0,,3762
13,189,"189s2",2,1,18,3,1,1,3.85714285714286,3.57142857142857,2.85714285714286,2.85714285714286,1,-1,1,1,0,0,,0,0,1,,3763
13,189,"189s2",2,1,18,3,1,1,3.85714285714286,3.57142857142857,2.85714285714286,2.85714285714286,2,-1,1,1,0,0,,0,0,1,,3764
13,189,"189s3",3,1,18,3,1,1,3.85714285714286,3.57142857142857,2.85714285714286,2.85714285714286,1,8,0,0,2,2,,2,2,1,,3765
13,189,"189s3",3,1,18,3,1,1,3.85714285714286,3.57142857142857,2.85714285714286,2.85714285714286,2,8,0,0,2,2,,2,2,1,,3766
13,189,"189s4",4,1,18,3,1,1,3.85714285714286,3.57142857142857,2.85714285714286,2.85714285714286,1,9,0,0,0,1,,0,1,0,,3767
13,189,"189s4",4,1,18,3,1,1,3.85714285714286,3.57142857142857,2.85714285714286,2.85714285714286,2,9,0,0,1,0,,1,0,0,,3768
13,189,"189s5",5,1,18,3,1,1,3.85714285714286,3.57142857142857,2.85714285714286,2.85714285714286,1,-1,1,0,2,0,,2,0,0,,3769
13,189,"189s5",5,1,18,3,1,1,3.85714285714286,3.57142857142857,2.85714285714286,2.85714285714286,2,8,0,1,0,2,,0,2,0,,3770
13,189,"189s6",6,0,18,3,1,1,3.85714285714286,3.57142857142857,2.85714285714286,2.85714285714286,1,9,0,1,0,2,1,0,2,0,1,3771
13,189,"189s6",6,0,18,3,1,1,3.85714285714286,3.57142857142857,2.85714285714286,2.85714285714286,2,-1,1,0,2,0,1,2,0,0,1,3772
13,189,"189s7",7,0,18,3,1,1,3.85714285714286,3.57142857142857,2.85714285714286,2.85714285714286,1,-1,1,1,2,1,2,2,1,0,2,3773
13,189,"189s7",7,0,18,3,1,1,3.85714285714286,3.57142857142857,2.85714285714286,2.85714285714286,2,-1,1,1,1,2,2,1,2,0,2,3774
13,189,"189s8",8,0,18,3,1,1,3.85714285714286,3.57142857142857,2.85714285714286,2.85714285714286,1,-1,1,1,2,1,1,2,1,0,1,3775
13,189,"189s8",8,0,18,3,1,1,3.85714285714286,3.57142857142857,2.85714285714286,2.85714285714286,2,-1,1,1,1,2,1,1,2,0,1,3776
13,189,"189s9",9,0,18,3,1,1,3.85714285714286,3.57142857142857,2.85714285714286,2.85714285714286,1,-1,1,1,2,1,2,2,1,0,2,3777
13,189,"189s9",9,0,18,3,1,1,3.85714285714286,3.57142857142857,2.85714285714286,2.85714285714286,2,-1,1,1,1,2,2,1,2,0,2,3778
13,189,"189s10",10,0,18,3,1,1,3.85714285714286,3.57142857142857,2.85714285714286,2.85714285714286,1,-1,1,1,1,1,2,1,1,1,2,3779
13,189,"189s10",10,0,18,3,1,1,3.85714285714286,3.57142857142857,2.85714285714286,2.85714285714286,2,-1,1,1,1,1,2,1,1,1,2,3780
13,190,"190s1",1,1,18,2,0,1,1,2.42857142857143,2.42857142857143,2.42857142857143,1,5,1,1,0,2,,0,2,0,,3781
13,190,"190s1",1,1,18,2,0,1,1,2.42857142857143,2.42857142857143,2.42857142857143,2,5,1,1,2,0,,2,0,0,,3782
13,190,"190s2",2,1,18,2,0,1,1,2.42857142857143,2.42857142857143,2.42857142857143,1,-4,0,0,1,0,,1,0,0,,3783
13,190,"190s2",2,1,18,2,0,1,1,2.42857142857143,2.42857142857143,2.42857142857143,2,-4,0,0,0,1,,0,1,0,,3784
13,190,"190s3",3,1,18,2,0,1,1,2.42857142857143,2.42857142857143,2.42857142857143,1,-5,0,0,0,0,,0,0,1,,3785
13,190,"190s3",3,1,18,2,0,1,1,2.42857142857143,2.42857142857143,2.42857142857143,2,-5,0,0,0,0,,0,0,1,,3786
13,190,"190s4",4,1,18,2,0,1,1,2.42857142857143,2.42857142857143,2.42857142857143,1,-2,1,0,2,2,,2,2,1,,3787
13,190,"190s4",4,1,18,2,0,1,1,2.42857142857143,2.42857142857143,2.42857142857143,2,4,0,1,2,2,,2,2,1,,3788
13,190,"190s5",5,1,18,2,0,1,1,2.42857142857143,2.42857142857143,2.42857142857143,1,4,0,1,0,0,,0,0,1,,3789
13,190,"190s5",5,1,18,2,0,1,1,2.42857142857143,2.42857142857143,2.42857142857143,2,-2,1,0,0,0,,0,0,1,,3790
13,190,"190s6",6,0,18,2,0,1,1,2.42857142857143,2.42857142857143,2.42857142857143,1,-2,1,0,1,0,2,1,0,0,2,3791
13,190,"190s6",6,0,18,2,0,1,1,2.42857142857143,2.42857142857143,2.42857142857143,2,2,0,1,0,1,2,0,1,0,2,3792
13,190,"190s7",7,0,18,2,0,1,1,2.42857142857143,2.42857142857143,2.42857142857143,1,3,0,1,1,1,1,1,1,1,1,3793
13,190,"190s7",7,0,18,2,0,1,1,2.42857142857143,2.42857142857143,2.42857142857143,2,-3,1,0,1,1,1,1,1,1,1,3794
13,190,"190s8",8,0,18,2,0,1,1,2.42857142857143,2.42857142857143,2.42857142857143,1,-3,1,0,2,1,2,2,1,0,2,3795
13,190,"190s8",8,0,18,2,0,1,1,2.42857142857143,2.42857142857143,2.42857142857143,2,3,0,1,1,2,2,1,2,0,2,3796
13,190,"190s9",9,0,18,2,0,1,1,2.42857142857143,2.42857142857143,2.42857142857143,1,4,0,0,2,1,1,2,1,0,1,3797
13,190,"190s9",9,0,18,2,0,1,1,2.42857142857143,2.42857142857143,2.42857142857143,2,4,0,0,1,2,1,1,2,0,1,3798
13,190,"190s10",10,0,18,2,0,1,1,2.42857142857143,2.42857142857143,2.42857142857143,1,-3,1,0,1,1,1,1,1,1,1,3799
13,190,"190s10",10,0,18,2,0,1,1,2.42857142857143,2.42857142857143,2.42857142857143,2,3,0,1,1,1,1,1,1,1,1,3800
13,191,"191s1",1,1,18,3,0,1,2.57142857142857,3.57142857142857,3.85714285714286,2.42857142857143,1,9,0,1,0,0,,0,0,1,,3801
13,191,"191s1",1,1,18,3,0,1,2.57142857142857,3.57142857142857,3.85714285714286,2.42857142857143,2,-9,1,0,0,0,,0,0,1,,3802
13,191,"191s2",2,1,18,3,0,1,2.57142857142857,3.57142857142857,3.85714285714286,2.42857142857143,1,-9,1,0,1,0,,1,0,0,,3803
13,191,"191s2",2,1,18,3,0,1,2.57142857142857,3.57142857142857,3.85714285714286,2.42857142857143,2,9,0,1,0,1,,0,1,0,,3804
13,191,"191s3",3,1,18,3,0,1,2.57142857142857,3.57142857142857,3.85714285714286,2.42857142857143,1,-9,1,0,2,1,,2,1,0,,3805
13,191,"191s3",3,1,18,3,0,1,2.57142857142857,3.57142857142857,3.85714285714286,2.42857142857143,2,9,0,1,1,2,,1,2,0,,3806
13,191,"191s4",4,1,18,3,0,1,2.57142857142857,3.57142857142857,3.85714285714286,2.42857142857143,1,-9,1,1,2,0,,2,0,0,,3807
13,191,"191s4",4,1,18,3,0,1,2.57142857142857,3.57142857142857,3.85714285714286,2.42857142857143,2,-9,1,1,0,2,,0,2,0,,3808
13,191,"191s5",5,1,18,3,0,1,2.57142857142857,3.57142857142857,3.85714285714286,2.42857142857143,1,-9,1,0,2,1,,2,1,0,,3809
13,191,"191s5",5,1,18,3,0,1,2.57142857142857,3.57142857142857,3.85714285714286,2.42857142857143,2,9,0,1,1,2,,1,2,0,,3810
13,191,"191s6",6,0,18,3,0,1,2.57142857142857,3.57142857142857,3.85714285714286,2.42857142857143,1,9,0,1,0,1,1,0,1,0,1,3811
13,191,"191s6",6,0,18,3,0,1,2.57142857142857,3.57142857142857,3.85714285714286,2.42857142857143,2,-9,1,0,1,0,1,1,0,0,1,3812
13,191,"191s7",7,0,18,3,0,1,2.57142857142857,3.57142857142857,3.85714285714286,2.42857142857143,1,9,0,0,1,0,2,1,0,0,2,3813
13,191,"191s7",7,0,18,3,0,1,2.57142857142857,3.57142857142857,3.85714285714286,2.42857142857143,2,9,0,0,0,1,2,0,1,0,2,3814
13,191,"191s8",8,0,18,3,0,1,2.57142857142857,3.57142857142857,3.85714285714286,2.42857142857143,1,-9,1,1,1,2,1,1,2,0,1,3815
13,191,"191s8",8,0,18,3,0,1,2.57142857142857,3.57142857142857,3.85714285714286,2.42857142857143,2,-9,1,1,2,1,1,2,1,0,1,3816
13,191,"191s9",9,0,18,3,0,1,2.57142857142857,3.57142857142857,3.85714285714286,2.42857142857143,1,-9,1,0,1,1,2,1,1,1,2,3817
13,191,"191s9",9,0,18,3,0,1,2.57142857142857,3.57142857142857,3.85714285714286,2.42857142857143,2,9,0,1,1,1,2,1,1,1,2,3818
13,191,"191s10",10,0,18,3,0,1,2.57142857142857,3.57142857142857,3.85714285714286,2.42857142857143,1,-9,1,0,0,2,2,0,2,0,2,3819
13,191,"191s10",10,0,18,3,0,1,2.57142857142857,3.57142857142857,3.85714285714286,2.42857142857143,2,9,0,1,2,0,2,2,0,0,2,3820
13,192,"192s1",1,1,22,1,1,1,1.14285714285714,3.28571428571429,3,1,1,-1,1,1,0,0,,0,0,1,,3821
13,192,"192s1",1,1,22,1,1,1,1.14285714285714,3.28571428571429,3,1,2,-1,1,1,0,0,,0,0,1,,3822
13,192,"192s2",2,1,22,1,1,1,1.14285714285714,3.28571428571429,3,1,1,-3,0,1,2,2,,2,2,1,,3823
13,192,"192s2",2,1,22,1,1,1,1.14285714285714,3.28571428571429,3,1,2,-3,1,0,2,2,,2,2,1,,3824
13,192,"192s3",3,1,22,1,1,1,1.14285714285714,3.28571428571429,3,1,1,-3,1,0,0,0,,0,0,1,,3825
13,192,"192s3",3,1,22,1,1,1,1.14285714285714,3.28571428571429,3,1,2,-3,0,1,0,0,,0,0,1,,3826
13,192,"192s4",4,1,22,1,1,1,1.14285714285714,3.28571428571429,3,1,1,-2,1,1,2,1,,2,1,0,,3827
13,192,"192s4",4,1,22,1,1,1,1.14285714285714,3.28571428571429,3,1,2,-2,1,1,1,2,,1,2,0,,3828
13,192,"192s5",5,1,22,1,1,1,1.14285714285714,3.28571428571429,3,1,1,-3,1,0,0,0,,0,0,1,,3829
13,192,"192s5",5,1,22,1,1,1,1.14285714285714,3.28571428571429,3,1,2,0,0,1,0,0,,0,0,1,,3830
13,192,"192s6",6,0,22,1,1,1,1.14285714285714,3.28571428571429,3,1,1,-3,1,1,1,0,1,1,0,0,1,3831
13,192,"192s6",6,0,22,1,1,1,1.14285714285714,3.28571428571429,3,1,2,-3,1,1,0,1,1,0,1,0,1,3832
13,192,"192s7",7,0,22,1,1,1,1.14285714285714,3.28571428571429,3,1,1,1,0,1,1,1,2,1,1,1,2,3833
13,192,"192s7",7,0,22,1,1,1,1.14285714285714,3.28571428571429,3,1,2,-3,1,0,1,1,2,1,1,1,2,3834
13,192,"192s8",8,0,22,1,1,1,1.14285714285714,3.28571428571429,3,1,1,5,0,0,2,2,1,2,2,1,1,3835
13,192,"192s8",8,0,22,1,1,1,1.14285714285714,3.28571428571429,3,1,2,5,0,0,2,2,1,2,2,1,1,3836
13,192,"192s9",9,0,22,1,1,1,1.14285714285714,3.28571428571429,3,1,1,-4,1,1,0,2,1,0,2,0,1,3837
13,192,"192s9",9,0,22,1,1,1,1.14285714285714,3.28571428571429,3,1,2,-4,1,1,2,0,1,2,0,0,1,3838
13,192,"192s10",10,0,22,1,1,1,1.14285714285714,3.28571428571429,3,1,1,3,0,1,2,1,1,2,1,0,1,3839
13,192,"192s10",10,0,22,1,1,1,1.14285714285714,3.28571428571429,3,1,2,-3,1,0,1,2,1,1,2,0,1,3840
13,193,"193s1",1,0,19,3,1,1,2.14285714285714,2.85714285714286,2,2.42857142857143,1,-2,0,1,2,0,1,2,0,0,1,3841
13,193,"193s1",1,0,19,3,1,1,2.14285714285714,2.85714285714286,2,2.42857142857143,2,-8,1,0,0,2,1,0,2,0,1,3842
13,193,"193s2",2,0,19,3,1,1,2.14285714285714,2.85714285714286,2,2.42857142857143,1,-3,0,1,0,1,2,0,1,0,2,3843
13,193,"193s2",2,0,19,3,1,1,2.14285714285714,2.85714285714286,2,2.42857142857143,2,-8,1,0,1,0,2,1,0,0,2,3844
13,193,"193s3",3,0,19,3,1,1,2.14285714285714,2.85714285714286,2,2.42857142857143,1,-8,1,0,0,2,1,0,2,0,1,3845
13,193,"193s3",3,0,19,3,1,1,2.14285714285714,2.85714285714286,2,2.42857142857143,2,-8,0,1,2,0,1,2,0,0,1,3846
13,193,"193s4",4,0,19,3,1,1,2.14285714285714,2.85714285714286,2,2.42857142857143,1,-8,0,1,1,1,1,1,1,1,1,3847
13,193,"193s4",4,0,19,3,1,1,2.14285714285714,2.85714285714286,2,2.42857142857143,2,-8,1,0,1,1,1,1,1,1,1,3848
13,193,"193s5",5,0,19,3,1,1,2.14285714285714,2.85714285714286,2,2.42857142857143,1,9,0,0,2,2,2,2,2,1,2,3849
13,193,"193s5",5,0,19,3,1,1,2.14285714285714,2.85714285714286,2,2.42857142857143,2,9,0,0,2,2,2,2,2,1,2,3850
13,193,"193s6",6,1,19,3,1,1,2.14285714285714,2.85714285714286,2,2.42857142857143,1,-1,0,1,2,0,,2,0,0,,3851
13,193,"193s6",6,1,19,3,1,1,2.14285714285714,2.85714285714286,2,2.42857142857143,2,-8,1,0,0,2,,0,2,0,,3852
13,193,"193s7",7,1,19,3,1,1,2.14285714285714,2.85714285714286,2,2.42857142857143,1,0,0,1,0,2,,0,2,0,,3853
13,193,"193s7",7,1,19,3,1,1,2.14285714285714,2.85714285714286,2,2.42857142857143,2,-8,1,0,2,0,,2,0,0,,3854
13,193,"193s8",8,1,19,3,1,1,2.14285714285714,2.85714285714286,2,2.42857142857143,1,7,0,0,2,1,,2,1,0,,3855
13,193,"193s8",8,1,19,3,1,1,2.14285714285714,2.85714285714286,2,2.42857142857143,2,7,0,0,1,2,,1,2,0,,3856
13,193,"193s9",9,1,19,3,1,1,2.14285714285714,2.85714285714286,2,2.42857142857143,1,-8,1,1,1,0,,1,0,0,,3857
13,193,"193s9",9,1,19,3,1,1,2.14285714285714,2.85714285714286,2,2.42857142857143,2,-8,1,1,0,1,,0,1,0,,3858
13,193,"193s10",10,1,19,3,1,1,2.14285714285714,2.85714285714286,2,2.42857142857143,1,-3,0,1,2,1,,2,1,0,,3859
13,193,"193s10",10,1,19,3,1,1,2.14285714285714,2.85714285714286,2,2.42857142857143,2,-9,1,0,1,2,,1,2,0,,3860
13,194,"194s1",1,1,20,1,0,1,1,2.57142857142857,2.42857142857143,1.28571428571429,1,-9,1,0,2,1,,2,1,0,,3861
13,194,"194s1",1,1,20,1,0,1,1,2.57142857142857,2.42857142857143,1.28571428571429,2,9,0,1,1,2,,1,2,0,,3862
13,194,"194s2",2,1,20,1,0,1,1,2.57142857142857,2.42857142857143,1.28571428571429,1,0,1,0,1,0,,1,0,0,,3863
13,194,"194s2",2,1,20,1,0,1,1,2.57142857142857,2.42857142857143,1.28571428571429,2,0,0,1,0,1,,0,1,0,,3864
13,194,"194s3",3,1,20,1,0,1,1,2.57142857142857,2.42857142857143,1.28571428571429,1,-9,1,1,1,0,,1,0,0,,3865
13,194,"194s3",3,1,20,1,0,1,1,2.57142857142857,2.42857142857143,1.28571428571429,2,-9,1,1,0,1,,0,1,0,,3866
13,194,"194s4",4,1,20,1,0,1,1,2.57142857142857,2.42857142857143,1.28571428571429,1,9,0,1,2,0,,2,0,0,,3867
13,194,"194s4",4,1,20,1,0,1,1,2.57142857142857,2.42857142857143,1.28571428571429,2,-9,1,0,0,2,,0,2,0,,3868
13,194,"194s5",5,1,20,1,0,1,1,2.57142857142857,2.42857142857143,1.28571428571429,1,9,0,1,2,2,,2,2,1,,3869
13,194,"194s5",5,1,20,1,0,1,1,2.57142857142857,2.42857142857143,1.28571428571429,2,-9,1,0,2,2,,2,2,1,,3870
13,194,"194s6",6,0,20,1,0,1,1,2.57142857142857,2.42857142857143,1.28571428571429,1,9,0,1,2,0,2,2,0,0,2,3871
13,194,"194s6",6,0,20,1,0,1,1,2.57142857142857,2.42857142857143,1.28571428571429,2,-9,1,0,0,2,2,0,2,0,2,3872
13,194,"194s7",7,0,20,1,0,1,1,2.57142857142857,2.42857142857143,1.28571428571429,1,9,0,0,2,1,2,2,1,0,2,3873
13,194,"194s7",7,0,20,1,0,1,1,2.57142857142857,2.42857142857143,1.28571428571429,2,9,0,0,1,2,2,1,2,0,2,3874
13,194,"194s8",8,0,20,1,0,1,1,2.57142857142857,2.42857142857143,1.28571428571429,1,9,1,0,1,1,2,1,1,1,2,3875
13,194,"194s8",8,0,20,1,0,1,1,2.57142857142857,2.42857142857143,1.28571428571429,2,-9,0,1,1,1,2,1,1,1,2,3876
13,194,"194s9",9,0,20,1,0,1,1,2.57142857142857,2.42857142857143,1.28571428571429,1,9,0,1,2,0,1,2,0,0,1,3877
13,194,"194s9",9,0,20,1,0,1,1,2.57142857142857,2.42857142857143,1.28571428571429,2,-9,1,0,0,2,1,0,2,0,1,3878
13,194,"194s10",10,0,20,1,0,1,1,2.57142857142857,2.42857142857143,1.28571428571429,1,9,0,1,2,0,1,2,0,0,1,3879
13,194,"194s10",10,0,20,1,0,1,1,2.57142857142857,2.42857142857143,1.28571428571429,2,-9,1,0,0,2,1,0,2,0,1,3880
13,195,"195s1",1,0,22,2,0,1,1.28571428571429,2.85714285714286,2,1.57142857142857,1,9,0,1,1,2,1,1,2,0,1,3881
13,195,"195s1",1,0,22,2,0,1,1.28571428571429,2.85714285714286,2,1.57142857142857,2,-9,1,0,2,1,1,2,1,0,1,3882
13,195,"195s2",2,0,22,2,0,1,1.28571428571429,2.85714285714286,2,1.57142857142857,1,-1,1,1,1,1,2,1,1,1,2,3883
13,195,"195s2",2,0,22,2,0,1,1.28571428571429,2.85714285714286,2,1.57142857142857,2,-1,1,1,1,1,2,1,1,1,2,3884
13,195,"195s3",3,0,22,2,0,1,1.28571428571429,2.85714285714286,2,1.57142857142857,1,2,0,1,0,1,2,0,1,0,2,3885
13,195,"195s3",3,0,22,2,0,1,1.28571428571429,2.85714285714286,2,1.57142857142857,2,-2,1,0,1,0,2,1,0,0,2,3886
13,195,"195s4",4,0,22,2,0,1,1.28571428571429,2.85714285714286,2,1.57142857142857,1,4,0,0,1,2,1,1,2,0,1,3887
13,195,"195s4",4,0,22,2,0,1,1.28571428571429,2.85714285714286,2,1.57142857142857,2,4,0,0,2,1,1,2,1,0,1,3888
13,195,"195s5",5,0,22,2,0,1,1.28571428571429,2.85714285714286,2,1.57142857142857,1,-3,1,0,1,1,2,1,1,1,2,3889
13,195,"195s5",5,0,22,2,0,1,1.28571428571429,2.85714285714286,2,1.57142857142857,2,3,0,1,1,1,2,1,1,1,2,3890
13,195,"195s6",6,1,22,2,0,1,1.28571428571429,2.85714285714286,2,1.57142857142857,1,2,0,1,0,1,,0,1,0,,3891
13,195,"195s6",6,1,22,2,0,1,1.28571428571429,2.85714285714286,2,1.57142857142857,2,-2,1,0,1,0,,1,0,0,,3892
13,195,"195s7",7,1,22,2,0,1,1.28571428571429,2.85714285714286,2,1.57142857142857,1,2,0,1,1,1,,1,1,1,,3893
13,195,"195s7",7,1,22,2,0,1,1.28571428571429,2.85714285714286,2,1.57142857142857,2,-2,1,0,1,1,,1,1,1,,3894
13,195,"195s8",8,1,22,2,0,1,1.28571428571429,2.85714285714286,2,1.57142857142857,1,2,0,1,0,2,,0,2,0,,3895
13,195,"195s8",8,1,22,2,0,1,1.28571428571429,2.85714285714286,2,1.57142857142857,2,-2,1,0,2,0,,2,0,0,,3896
13,195,"195s9",9,1,22,2,0,1,1.28571428571429,2.85714285714286,2,1.57142857142857,1,-3,1,0,2,2,,2,2,1,,3897
13,195,"195s9",9,1,22,2,0,1,1.28571428571429,2.85714285714286,2,1.57142857142857,2,2,0,1,2,2,,2,2,1,,3898
13,195,"195s10",10,1,22,2,0,1,1.28571428571429,2.85714285714286,2,1.57142857142857,1,-2,1,1,1,2,,1,2,0,,3899
13,195,"195s10",10,1,22,2,0,1,1.28571428571429,2.85714285714286,2,1.57142857142857,2,-2,1,1,2,1,,2,1,0,,3900
13,196,"196s1",1,1,21,4,1,1,2.14285714285714,3.85714285714286,3.85714285714286,0.428571428571428,1,9,0,1,0,2,,0,2,0,,3901
13,196,"196s1",1,1,21,4,1,1,2.14285714285714,3.85714285714286,3.85714285714286,0.428571428571428,2,0,1,0,2,0,,2,0,0,,3902
13,196,"196s2",2,1,21,4,1,1,2.14285714285714,3.85714285714286,3.85714285714286,0.428571428571428,1,9,0,1,0,2,,0,2,0,,3903
13,196,"196s2",2,1,21,4,1,1,2.14285714285714,3.85714285714286,3.85714285714286,0.428571428571428,2,0,1,0,2,0,,2,0,0,,3904
13,196,"196s3",3,1,21,4,1,1,2.14285714285714,3.85714285714286,3.85714285714286,0.428571428571428,1,9,0,1,1,0,,1,0,0,,3905
13,196,"196s3",3,1,21,4,1,1,2.14285714285714,3.85714285714286,3.85714285714286,0.428571428571428,2,0,1,0,0,1,,0,1,0,,3906
13,196,"196s4",4,1,21,4,1,1,2.14285714285714,3.85714285714286,3.85714285714286,0.428571428571428,1,0,1,1,2,0,,2,0,0,,3907
13,196,"196s4",4,1,21,4,1,1,2.14285714285714,3.85714285714286,3.85714285714286,0.428571428571428,2,0,1,1,0,2,,0,2,0,,3908
13,196,"196s5",5,1,21,4,1,1,2.14285714285714,3.85714285714286,3.85714285714286,0.428571428571428,1,9,0,0,0,1,,0,1,0,,3909
13,196,"196s5",5,1,21,4,1,1,2.14285714285714,3.85714285714286,3.85714285714286,0.428571428571428,2,9,0,0,1,0,,1,0,0,,3910
13,196,"196s6",6,0,21,4,1,1,2.14285714285714,3.85714285714286,3.85714285714286,0.428571428571428,1,9,0,0,2,2,2,2,2,1,2,3911
13,196,"196s6",6,0,21,4,1,1,2.14285714285714,3.85714285714286,3.85714285714286,0.428571428571428,2,9,0,0,2,2,2,2,2,1,2,3912
13,196,"196s7",7,0,21,4,1,1,2.14285714285714,3.85714285714286,3.85714285714286,0.428571428571428,1,0,1,0,2,0,2,2,0,0,2,3913
13,196,"196s7",7,0,21,4,1,1,2.14285714285714,3.85714285714286,3.85714285714286,0.428571428571428,2,9,0,1,0,2,2,0,2,0,2,3914
13,196,"196s8",8,0,21,4,1,1,2.14285714285714,3.85714285714286,3.85714285714286,0.428571428571428,1,9,0,0,2,0,2,2,0,0,2,3915
13,196,"196s8",8,0,21,4,1,1,2.14285714285714,3.85714285714286,3.85714285714286,0.428571428571428,2,9,0,0,0,2,2,0,2,0,2,3916
13,196,"196s9",9,0,21,4,1,1,2.14285714285714,3.85714285714286,3.85714285714286,0.428571428571428,1,9,0,1,0,0,2,0,0,1,2,3917
13,196,"196s9",9,0,21,4,1,1,2.14285714285714,3.85714285714286,3.85714285714286,0.428571428571428,2,0,1,0,0,0,2,0,0,1,2,3918
13,196,"196s10",10,0,21,4,1,1,2.14285714285714,3.85714285714286,3.85714285714286,0.428571428571428,1,9,0,0,1,1,1,1,1,1,1,3919
13,196,"196s10",10,0,21,4,1,1,2.14285714285714,3.85714285714286,3.85714285714286,0.428571428571428,2,9,0,0,1,1,1,1,1,1,1,3920
13,197,"197s1",1,0,23,3,0,2,2.42857142857143,2.57142857142857,3.28571428571429,0.857142857142857,1,-1,0,1,0,1,1,0,2,0,2,3921
13,197,"197s1",1,0,23,3,0,2,2.42857142857143,2.57142857142857,3.28571428571429,0.857142857142857,2,6,1,0,1,0,1,2,0,0,2,3922
13,197,"197s2",2,0,23,3,0,2,2.42857142857143,2.57142857142857,3.28571428571429,0.857142857142857,1,6,0,1,1,2,1,2,1,0,2,3923
13,197,"197s2",2,0,23,3,0,2,2.42857142857143,2.57142857142857,3.28571428571429,0.857142857142857,2,-5,1,0,2,1,1,1,2,0,2,3924
13,197,"197s3",3,0,23,3,0,2,2.42857142857143,2.57142857142857,3.28571428571429,0.857142857142857,1,9,0,0,2,0,2,1,0,0,1,3925
13,197,"197s3",3,0,23,3,0,2,2.42857142857143,2.57142857142857,3.28571428571429,0.857142857142857,2,9,0,0,0,2,2,0,1,0,1,3926
13,197,"197s4",4,0,23,3,0,2,2.42857142857143,2.57142857142857,3.28571428571429,0.857142857142857,1,9,0,0,2,2,2,1,1,1,1,3927
13,197,"197s4",4,0,23,3,0,2,2.42857142857143,2.57142857142857,3.28571428571429,0.857142857142857,2,9,0,0,2,2,2,1,1,1,1,3928
13,197,"197s5",5,0,23,3,0,2,2.42857142857143,2.57142857142857,3.28571428571429,0.857142857142857,1,9,0,0,1,1,2,2,2,1,1,3929
13,197,"197s5",5,0,23,3,0,2,2.42857142857143,2.57142857142857,3.28571428571429,0.857142857142857,2,9,0,0,1,1,2,2,2,1,1,3930
13,197,"197s6",6,1,23,3,0,2,2.42857142857143,2.57142857142857,3.28571428571429,0.857142857142857,1,9,0,0,1,2,,2,1,0,,3931
13,197,"197s6",6,1,23,3,0,2,2.42857142857143,2.57142857142857,3.28571428571429,0.857142857142857,2,9,0,0,2,1,,1,2,0,,3932
13,197,"197s7",7,1,23,3,0,2,2.42857142857143,2.57142857142857,3.28571428571429,0.857142857142857,1,9,0,0,2,1,,1,2,0,,3933
13,197,"197s7",7,1,23,3,0,2,2.42857142857143,2.57142857142857,3.28571428571429,0.857142857142857,2,9,0,0,1,2,,2,1,0,,3934
13,197,"197s8",8,1,23,3,0,2,2.42857142857143,2.57142857142857,3.28571428571429,0.857142857142857,1,9,0,1,1,0,,2,0,0,,3935
13,197,"197s8",8,1,23,3,0,2,2.42857142857143,2.57142857142857,3.28571428571429,0.857142857142857,2,-5,1,0,0,1,,0,2,0,,3936
13,197,"197s9",9,1,23,3,0,2,2.42857142857143,2.57142857142857,3.28571428571429,0.857142857142857,1,-3,1,0,0,2,,0,1,0,,3937
13,197,"197s9",9,1,23,3,0,2,2.42857142857143,2.57142857142857,3.28571428571429,0.857142857142857,2,9,0,1,2,0,,1,0,0,,3938
13,197,"197s10",10,1,23,3,0,2,2.42857142857143,2.57142857142857,3.28571428571429,0.857142857142857,1,9,0,1,1,2,,2,1,0,,3939
13,197,"197s10",10,1,23,3,0,2,2.42857142857143,2.57142857142857,3.28571428571429,0.857142857142857,2,-9,1,0,2,1,,1,2,0,,3940
13,198,"198s1",1,0,20,4,0,1,1.42857142857143,2.28571428571429,2.14285714285714,0.857142857142857,1,-2,1,0,1,2,2,1,2,0,2,3941
13,198,"198s1",1,0,20,4,0,1,1.42857142857143,2.28571428571429,2.14285714285714,0.857142857142857,2,7,0,1,2,1,2,2,1,0,2,3942
13,198,"198s2",2,0,20,4,0,1,1.42857142857143,2.28571428571429,2.14285714285714,0.857142857142857,1,7,0,0,2,1,2,2,1,0,2,3943
13,198,"198s2",2,0,20,4,0,1,1.42857142857143,2.28571428571429,2.14285714285714,0.857142857142857,2,7,0,0,1,2,2,1,2,0,2,3944
13,198,"198s3",3,0,20,4,0,1,1.42857142857143,2.28571428571429,2.14285714285714,0.857142857142857,1,-4,1,0,0,0,2,0,0,1,2,3945
13,198,"198s3",3,0,20,4,0,1,1.42857142857143,2.28571428571429,2.14285714285714,0.857142857142857,2,5,0,1,0,0,2,0,0,1,2,3946
13,198,"198s4",4,0,20,4,0,1,1.42857142857143,2.28571428571429,2.14285714285714,0.857142857142857,1,7,0,1,2,0,2,2,0,0,2,3947
13,198,"198s4",4,0,20,4,0,1,1.42857142857143,2.28571428571429,2.14285714285714,0.857142857142857,2,-3,1,0,0,2,2,0,2,0,2,3948
13,198,"198s5",5,0,20,4,0,1,1.42857142857143,2.28571428571429,2.14285714285714,0.857142857142857,1,-7,1,0,1,0,1,1,0,0,1,3949
13,198,"198s5",5,0,20,4,0,1,1.42857142857143,2.28571428571429,2.14285714285714,0.857142857142857,2,8,0,1,0,1,1,0,1,0,1,3950
13,198,"198s6",6,1,20,4,0,1,1.42857142857143,2.28571428571429,2.14285714285714,0.857142857142857,1,-6,1,1,2,0,,2,0,0,,3951
13,198,"198s6",6,1,20,4,0,1,1.42857142857143,2.28571428571429,2.14285714285714,0.857142857142857,2,-6,1,1,0,2,,0,2,0,,3952
13,198,"198s7",7,1,20,4,0,1,1.42857142857143,2.28571428571429,2.14285714285714,0.857142857142857,1,7,0,0,0,2,,0,2,0,,3953
13,198,"198s7",7,1,20,4,0,1,1.42857142857143,2.28571428571429,2.14285714285714,0.857142857142857,2,7,0,0,2,0,,2,0,0,,3954
13,198,"198s8",8,1,20,4,0,1,1.42857142857143,2.28571428571429,2.14285714285714,0.857142857142857,1,9,0,0,2,1,,2,1,0,,3955
13,198,"198s8",8,1,20,4,0,1,1.42857142857143,2.28571428571429,2.14285714285714,0.857142857142857,2,9,0,0,1,2,,1,2,0,,3956
13,198,"198s9",9,1,20,4,0,1,1.42857142857143,2.28571428571429,2.14285714285714,0.857142857142857,1,-5,1,0,2,2,,2,2,1,,3957
13,198,"198s9",9,1,20,4,0,1,1.42857142857143,2.28571428571429,2.14285714285714,0.857142857142857,2,9,0,1,2,2,,2,2,1,,3958
13,198,"198s10",10,1,20,4,0,1,1.42857142857143,2.28571428571429,2.14285714285714,0.857142857142857,1,-5,1,0,1,2,,1,2,0,,3959
13,198,"198s10",10,1,20,4,0,1,1.42857142857143,2.28571428571429,2.14285714285714,0.857142857142857,2,8,0,1,2,1,,2,1,0,,3960
14,199,"199s1",1,1,19,3,0,2,1.57142857142857,1.28571428571429,2.28571428571429,1.14285714285714,1,-9,1,0,2,1,,1,2,0,,3961
14,199,"199s1",1,1,19,3,0,2,1.57142857142857,1.28571428571429,2.28571428571429,1.14285714285714,2,9,0,1,1,2,,2,1,0,,3962
14,199,"199s2",2,1,19,3,0,2,1.57142857142857,1.28571428571429,2.28571428571429,1.14285714285714,1,9,0,0,1,1,,2,2,1,,3963
14,199,"199s2",2,1,19,3,0,2,1.57142857142857,1.28571428571429,2.28571428571429,1.14285714285714,2,9,0,0,1,1,,2,2,1,,3964
14,199,"199s3",3,1,19,3,0,2,1.57142857142857,1.28571428571429,2.28571428571429,1.14285714285714,1,9,0,0,1,2,,2,1,0,,3965
14,199,"199s3",3,1,19,3,0,2,1.57142857142857,1.28571428571429,2.28571428571429,1.14285714285714,2,9,0,0,2,1,,1,2,0,,3966
14,199,"199s4",4,1,19,3,0,2,1.57142857142857,1.28571428571429,2.28571428571429,1.14285714285714,1,9,1,1,0,2,,0,1,0,,3967
14,199,"199s4",4,1,19,3,0,2,1.57142857142857,1.28571428571429,2.28571428571429,1.14285714285714,2,9,1,1,2,0,,1,0,0,,3968
14,199,"199s5",5,1,19,3,0,2,1.57142857142857,1.28571428571429,2.28571428571429,1.14285714285714,1,-9,1,1,0,2,,0,1,0,,3969
14,199,"199s5",5,1,19,3,0,2,1.57142857142857,1.28571428571429,2.28571428571429,1.14285714285714,2,-9,1,1,2,0,,1,0,0,,3970
14,199,"199s6",6,0,19,3,0,2,1.57142857142857,1.28571428571429,2.28571428571429,1.14285714285714,1,9,0,1,1,2,1,2,1,0,2,3971
14,199,"199s6",6,0,19,3,0,2,1.57142857142857,1.28571428571429,2.28571428571429,1.14285714285714,2,9,1,0,2,1,1,1,2,0,2,3972
14,199,"199s7",7,0,19,3,0,2,1.57142857142857,1.28571428571429,2.28571428571429,1.14285714285714,1,9,1,0,2,0,1,1,0,0,2,3973
14,199,"199s7",7,0,19,3,0,2,1.57142857142857,1.28571428571429,2.28571428571429,1.14285714285714,2,9,0,1,0,2,1,0,1,0,2,3974
14,199,"199s8",8,0,19,3,0,2,1.57142857142857,1.28571428571429,2.28571428571429,1.14285714285714,1,9,0,0,1,0,1,2,0,0,2,3975
14,199,"199s8",8,0,19,3,0,2,1.57142857142857,1.28571428571429,2.28571428571429,1.14285714285714,2,9,0,0,0,1,1,0,2,0,2,3976
14,199,"199s9",9,0,19,3,0,2,1.57142857142857,1.28571428571429,2.28571428571429,1.14285714285714,1,9,1,1,2,0,1,1,0,0,2,3977
14,199,"199s9",9,0,19,3,0,2,1.57142857142857,1.28571428571429,2.28571428571429,1.14285714285714,2,9,1,1,0,2,1,0,1,0,2,3978
14,199,"199s10",10,0,19,3,0,2,1.57142857142857,1.28571428571429,2.28571428571429,1.14285714285714,1,9,0,1,0,1,2,0,2,0,1,3979
14,199,"199s10",10,0,19,3,0,2,1.57142857142857,1.28571428571429,2.28571428571429,1.14285714285714,2,9,1,0,1,0,2,2,0,0,1,3980
14,200,"200s1",1,1,18,3,0,2,2.57142857142857,2.42857142857143,3,1.14285714285714,1,-9,1,0,2,1,,1,2,0,,3981
14,200,"200s1",1,1,18,3,0,2,2.57142857142857,2.42857142857143,3,1.14285714285714,2,9,0,1,1,2,,2,1,0,,3982
14,200,"200s2",2,1,18,3,0,2,2.57142857142857,2.42857142857143,3,1.14285714285714,1,-9,1,0,2,0,,1,0,0,,3983
14,200,"200s2",2,1,18,3,0,2,2.57142857142857,2.42857142857143,3,1.14285714285714,2,9,0,1,0,2,,0,1,0,,3984
14,200,"200s3",3,1,18,3,0,2,2.57142857142857,2.42857142857143,3,1.14285714285714,1,-9,1,0,0,2,,0,1,0,,3985
14,200,"200s3",3,1,18,3,0,2,2.57142857142857,2.42857142857143,3,1.14285714285714,2,9,0,1,2,0,,1,0,0,,3986
14,200,"200s4",4,1,18,3,0,2,2.57142857142857,2.42857142857143,3,1.14285714285714,1,9,0,1,0,0,,0,0,1,,3987
14,200,"200s4",4,1,18,3,0,2,2.57142857142857,2.42857142857143,3,1.14285714285714,2,-9,1,0,0,0,,0,0,1,,3988
14,200,"200s5",5,1,18,3,0,2,2.57142857142857,2.42857142857143,3,1.14285714285714,1,-9,1,0,1,0,,2,0,0,,3989
14,200,"200s5",5,1,18,3,0,2,2.57142857142857,2.42857142857143,3,1.14285714285714,2,9,0,1,0,1,,0,2,0,,3990
14,200,"200s6",6,0,18,3,0,2,2.57142857142857,2.42857142857143,3,1.14285714285714,1,9,0,0,0,0,2,0,0,1,1,3991
14,200,"200s6",6,0,18,3,0,2,2.57142857142857,2.42857142857143,3,1.14285714285714,2,9,0,0,0,0,2,0,0,1,1,3992
14,200,"200s7",7,0,18,3,0,2,2.57142857142857,2.42857142857143,3,1.14285714285714,1,9,0,0,1,2,1,2,1,0,2,3993
14,200,"200s7",7,0,18,3,0,2,2.57142857142857,2.42857142857143,3,1.14285714285714,2,9,0,0,2,1,1,1,2,0,2,3994
14,200,"200s8",8,0,18,3,0,2,2.57142857142857,2.42857142857143,3,1.14285714285714,1,-9,1,0,1,1,2,2,2,1,1,3995
14,200,"200s8",8,0,18,3,0,2,2.57142857142857,2.42857142857143,3,1.14285714285714,2,9,0,1,1,1,2,2,2,1,1,3996
14,200,"200s9",9,0,18,3,0,2,2.57142857142857,2.42857142857143,3,1.14285714285714,1,-9,1,0,2,2,2,1,1,1,1,3997
14,200,"200s9",9,0,18,3,0,2,2.57142857142857,2.42857142857143,3,1.14285714285714,2,9,0,1,2,2,2,1,1,1,1,3998
14,200,"200s10",10,0,18,3,0,2,2.57142857142857,2.42857142857143,3,1.14285714285714,1,9,0,0,0,1,1,0,2,0,2,3999
14,200,"200s10",10,0,18,3,0,2,2.57142857142857,2.42857142857143,3,1.14285714285714,2,9,0,0,1,0,1,2,0,0,2,4000
14,201,"201s1",1,0,18,3,0,2,1.14285714285714,2.57142857142857,3.14285714285714,1.42857142857143,1,4,1,0,2,0,2,1,0,0,1,4001
14,201,"201s1",1,0,18,3,0,2,1.14285714285714,2.57142857142857,3.14285714285714,1.42857142857143,2,4,0,1,0,2,2,0,1,0,1,4002
14,201,"201s2",2,0,18,3,0,2,1.14285714285714,2.57142857142857,3.14285714285714,1.42857142857143,1,-4,1,1,2,1,1,1,2,0,2,4003
14,201,"201s2",2,0,18,3,0,2,1.14285714285714,2.57142857142857,3.14285714285714,1.42857142857143,2,-4,1,1,1,2,1,2,1,0,2,4004
14,201,"201s3",3,0,18,3,0,2,1.14285714285714,2.57142857142857,3.14285714285714,1.42857142857143,1,-7,1,0,2,0,2,1,0,0,1,4005
14,201,"201s3",3,0,18,3,0,2,1.14285714285714,2.57142857142857,3.14285714285714,1.42857142857143,2,5,0,1,0,2,2,0,1,0,1,4006
14,201,"201s4",4,0,18,3,0,2,1.14285714285714,2.57142857142857,3.14285714285714,1.42857142857143,1,-7,1,1,2,0,1,1,0,0,2,4007
14,201,"201s4",4,0,18,3,0,2,1.14285714285714,2.57142857142857,3.14285714285714,1.42857142857143,2,-7,1,1,0,2,1,0,1,0,2,4008
14,201,"201s5",5,0,18,3,0,2,1.14285714285714,2.57142857142857,3.14285714285714,1.42857142857143,1,-9,1,0,1,1,2,2,2,1,1,4009
14,201,"201s5",5,0,18,3,0,2,1.14285714285714,2.57142857142857,3.14285714285714,1.42857142857143,2,-9,0,1,1,1,2,2,2,1,1,4010
14,201,"201s6",6,1,18,3,0,2,1.14285714285714,2.57142857142857,3.14285714285714,1.42857142857143,1,-8,1,1,0,2,,0,1,0,,4011
14,201,"201s6",6,1,18,3,0,2,1.14285714285714,2.57142857142857,3.14285714285714,1.42857142857143,2,-8,1,1,2,0,,1,0,0,,4012
14,201,"201s7",7,1,18,3,0,2,1.14285714285714,2.57142857142857,3.14285714285714,1.42857142857143,1,9,0,0,2,1,,1,2,0,,4013
14,201,"201s7",7,1,18,3,0,2,1.14285714285714,2.57142857142857,3.14285714285714,1.42857142857143,2,9,0,0,1,2,,2,1,0,,4014
14,201,"201s8",8,1,18,3,0,2,1.14285714285714,2.57142857142857,3.14285714285714,1.42857142857143,1,-6,1,1,2,2,,1,1,1,,4015
14,201,"201s8",8,1,18,3,0,2,1.14285714285714,2.57142857142857,3.14285714285714,1.42857142857143,2,-6,1,1,2,2,,1,1,1,,4016
14,201,"201s9",9,1,18,3,0,2,1.14285714285714,2.57142857142857,3.14285714285714,1.42857142857143,1,-9,1,0,0,2,,0,1,0,,4017
14,201,"201s9",9,1,18,3,0,2,1.14285714285714,2.57142857142857,3.14285714285714,1.42857142857143,2,6,0,1,2,0,,1,0,0,,4018
14,201,"201s10",10,1,18,3,0,2,1.14285714285714,2.57142857142857,3.14285714285714,1.42857142857143,1,8,0,1,2,0,,1,0,0,,4019
14,201,"201s10",10,1,18,3,0,2,1.14285714285714,2.57142857142857,3.14285714285714,1.42857142857143,2,-8,1,0,0,2,,0,1,0,,4020
14,202,"202s1",1,1,18,1,0,1,1.85714285714286,2.85714285714286,1.85714285714286,1.28571428571429,1,0,0,0,1,1,,1,1,1,,4021
14,202,"202s1",1,1,18,1,0,1,1.85714285714286,2.85714285714286,1.85714285714286,1.28571428571429,2,9,0,0,1,1,,1,1,1,,4022
14,202,"202s2",2,1,18,1,0,1,1.85714285714286,2.85714285714286,1.85714285714286,1.28571428571429,1,-5,1,0,2,1,,2,1,0,,4023
14,202,"202s2",2,1,18,1,0,1,1.85714285714286,2.85714285714286,1.85714285714286,1.28571428571429,2,5,0,1,1,2,,1,2,0,,4024
14,202,"202s3",3,1,18,1,0,1,1.85714285714286,2.85714285714286,1.85714285714286,1.28571428571429,1,5,0,1,1,2,,1,2,0,,4025
14,202,"202s3",3,1,18,1,0,1,1.85714285714286,2.85714285714286,1.85714285714286,1.28571428571429,2,-5,1,0,2,1,,2,1,0,,4026
14,202,"202s4",4,1,18,1,0,1,1.85714285714286,2.85714285714286,1.85714285714286,1.28571428571429,1,5,0,1,0,1,,0,1,0,,4027
14,202,"202s4",4,1,18,1,0,1,1.85714285714286,2.85714285714286,1.85714285714286,1.28571428571429,2,-5,1,0,1,0,,1,0,0,,4028
14,202,"202s5",5,1,18,1,0,1,1.85714285714286,2.85714285714286,1.85714285714286,1.28571428571429,1,5,0,0,2,0,,2,0,0,,4029
14,202,"202s5",5,1,18,1,0,1,1.85714285714286,2.85714285714286,1.85714285714286,1.28571428571429,2,5,0,0,0,2,,0,2,0,,4030
14,202,"202s6",6,0,18,1,0,1,1.85714285714286,2.85714285714286,1.85714285714286,1.28571428571429,1,-9,1,1,1,2,1,1,2,0,1,4031
14,202,"202s6",6,0,18,1,0,1,1.85714285714286,2.85714285714286,1.85714285714286,1.28571428571429,2,-5,1,1,2,1,1,2,1,0,1,4032
14,202,"202s7",7,0,18,1,0,1,1.85714285714286,2.85714285714286,1.85714285714286,1.28571428571429,1,-8,1,1,2,0,1,2,0,0,1,4033
14,202,"202s7",7,0,18,1,0,1,1.85714285714286,2.85714285714286,1.85714285714286,1.28571428571429,2,-4,1,1,0,2,1,0,2,0,1,4034
14,202,"202s8",8,0,18,1,0,1,1.85714285714286,2.85714285714286,1.85714285714286,1.28571428571429,1,5,0,0,0,2,1,0,2,0,1,4035
14,202,"202s8",8,0,18,1,0,1,1.85714285714286,2.85714285714286,1.85714285714286,1.28571428571429,2,9,0,0,2,0,1,2,0,0,1,4036
14,202,"202s9",9,0,18,1,0,1,1.85714285714286,2.85714285714286,1.85714285714286,1.28571428571429,1,8,0,0,2,0,1,2,0,0,1,4037
14,202,"202s9",9,0,18,1,0,1,1.85714285714286,2.85714285714286,1.85714285714286,1.28571428571429,2,5,0,0,0,2,1,0,2,0,1,4038
14,202,"202s10",10,0,18,1,0,1,1.85714285714286,2.85714285714286,1.85714285714286,1.28571428571429,1,8,0,1,2,0,1,2,0,0,1,4039
14,202,"202s10",10,0,18,1,0,1,1.85714285714286,2.85714285714286,1.85714285714286,1.28571428571429,2,-4,1,0,0,2,1,0,2,0,1,4040
14,203,"203s1",1,0,24,2,1,2,2.28571428571429,2.57142857142857,2.85714285714286,1.28571428571429,1,9,0,0,1,0,2,2,0,0,1,4041
14,203,"203s1",1,0,24,2,1,2,2.28571428571429,2.57142857142857,2.85714285714286,1.28571428571429,2,9,0,0,0,1,2,0,2,0,1,4042
14,203,"203s2",2,0,24,2,1,2,2.28571428571429,2.57142857142857,2.85714285714286,1.28571428571429,1,9,0,1,0,2,1,0,1,0,2,4043
14,203,"203s2",2,0,24,2,1,2,2.28571428571429,2.57142857142857,2.85714285714286,1.28571428571429,2,-6,1,0,2,0,1,1,0,0,2,4044
14,203,"203s3",3,0,24,2,1,2,2.28571428571429,2.57142857142857,2.85714285714286,1.28571428571429,1,-7,1,1,1,1,2,2,2,1,1,4045
14,203,"203s3",3,0,24,2,1,2,2.28571428571429,2.57142857142857,2.85714285714286,1.28571428571429,2,-7,1,1,1,1,2,2,2,1,1,4046
14,203,"203s4",4,0,24,2,1,2,2.28571428571429,2.57142857142857,2.85714285714286,1.28571428571429,1,9,0,0,2,0,2,1,0,0,1,4047
14,203,"203s4",4,0,24,2,1,2,2.28571428571429,2.57142857142857,2.85714285714286,1.28571428571429,2,9,0,0,0,2,2,0,1,0,1,4048
14,203,"203s5",5,0,24,2,1,2,2.28571428571429,2.57142857142857,2.85714285714286,1.28571428571429,1,-7,1,1,1,2,1,2,1,0,2,4049
14,203,"203s5",5,0,24,2,1,2,2.28571428571429,2.57142857142857,2.85714285714286,1.28571428571429,2,-7,1,1,2,1,1,1,2,0,2,4050
14,203,"203s6",6,1,24,2,1,2,2.28571428571429,2.57142857142857,2.85714285714286,1.28571428571429,1,9,0,0,0,0,,0,0,1,,4051
14,203,"203s6",6,1,24,2,1,2,2.28571428571429,2.57142857142857,2.85714285714286,1.28571428571429,2,9,0,0,0,0,,0,0,1,,4052
14,203,"203s7",7,1,24,2,1,2,2.28571428571429,2.57142857142857,2.85714285714286,1.28571428571429,1,-9,1,0,1,1,,2,2,1,,4053
14,203,"203s7",7,1,24,2,1,2,2.28571428571429,2.57142857142857,2.85714285714286,1.28571428571429,2,9,0,1,1,1,,2,2,1,,4054
14,203,"203s8",8,1,24,2,1,2,2.28571428571429,2.57142857142857,2.85714285714286,1.28571428571429,1,-9,1,0,2,0,,1,0,0,,4055
14,203,"203s8",8,1,24,2,1,2,2.28571428571429,2.57142857142857,2.85714285714286,1.28571428571429,2,9,0,1,0,2,,0,1,0,,4056
14,203,"203s9",9,1,24,2,1,2,2.28571428571429,2.57142857142857,2.85714285714286,1.28571428571429,1,9,0,1,1,1,,2,2,1,,4057
14,203,"203s9",9,1,24,2,1,2,2.28571428571429,2.57142857142857,2.85714285714286,1.28571428571429,2,-9,1,0,1,1,,2,2,1,,4058
14,203,"203s10",10,1,24,2,1,2,2.28571428571429,2.57142857142857,2.85714285714286,1.28571428571429,1,-9,1,1,2,1,,1,2,0,,4059
14,203,"203s10",10,1,24,2,1,2,2.28571428571429,2.57142857142857,2.85714285714286,1.28571428571429,2,-9,1,1,1,2,,2,1,0,,4060
14,204,"204s1",1,1,23,3,1,2,2.14285714285714,2.85714285714286,2.85714285714286,1.85714285714286,1,9,0,0,2,0,,1,0,0,,4061
14,204,"204s1",1,1,23,3,1,2,2.14285714285714,2.85714285714286,2.85714285714286,1.85714285714286,2,9,0,0,0,2,,0,1,0,,4062
14,204,"204s2",2,1,23,3,1,2,2.14285714285714,2.85714285714286,2.85714285714286,1.85714285714286,1,9,0,1,2,0,,1,0,0,,4063
14,204,"204s2",2,1,23,3,1,2,2.14285714285714,2.85714285714286,2.85714285714286,1.85714285714286,2,6,1,0,0,2,,0,1,0,,4064
14,204,"204s3",3,1,23,3,1,2,2.14285714285714,2.85714285714286,2.85714285714286,1.85714285714286,1,9,0,0,0,1,,0,2,0,,4065
14,204,"204s3",3,1,23,3,1,2,2.14285714285714,2.85714285714286,2.85714285714286,1.85714285714286,2,9,0,0,1,0,,2,0,0,,4066
14,204,"204s4",4,1,23,3,1,2,2.14285714285714,2.85714285714286,2.85714285714286,1.85714285714286,1,9,0,1,1,2,,2,1,0,,4067
14,204,"204s4",4,1,23,3,1,2,2.14285714285714,2.85714285714286,2.85714285714286,1.85714285714286,2,4,1,0,2,1,,1,2,0,,4068
14,204,"204s5",5,1,23,3,1,2,2.14285714285714,2.85714285714286,2.85714285714286,1.85714285714286,1,9,0,0,2,1,,1,2,0,,4069
14,204,"204s5",5,1,23,3,1,2,2.14285714285714,2.85714285714286,2.85714285714286,1.85714285714286,2,9,0,0,1,2,,2,1,0,,4070
14,204,"204s6",6,0,23,3,1,2,2.14285714285714,2.85714285714286,2.85714285714286,1.85714285714286,1,1,1,0,1,0,1,2,0,0,2,4071
14,204,"204s6",6,0,23,3,1,2,2.14285714285714,2.85714285714286,2.85714285714286,1.85714285714286,2,9,0,1,0,1,1,0,2,0,2,4072
14,204,"204s7",7,0,23,3,1,2,2.14285714285714,2.85714285714286,2.85714285714286,1.85714285714286,1,1,1,0,1,2,2,2,1,0,1,4073
14,204,"204s7",7,0,23,3,1,2,2.14285714285714,2.85714285714286,2.85714285714286,1.85714285714286,2,9,0,1,2,1,2,1,2,0,1,4074
14,204,"204s8",8,0,23,3,1,2,2.14285714285714,2.85714285714286,2.85714285714286,1.85714285714286,1,9,0,1,0,1,2,0,2,0,1,4075
14,204,"204s8",8,0,23,3,1,2,2.14285714285714,2.85714285714286,2.85714285714286,1.85714285714286,2,1,1,0,1,0,2,2,0,0,1,4076
14,204,"204s9",9,0,23,3,1,2,2.14285714285714,2.85714285714286,2.85714285714286,1.85714285714286,1,1,1,0,0,1,1,0,2,0,2,4077
14,204,"204s9",9,0,23,3,1,2,2.14285714285714,2.85714285714286,2.85714285714286,1.85714285714286,2,9,0,1,1,0,1,2,0,0,2,4078
14,204,"204s10",10,0,23,3,1,2,2.14285714285714,2.85714285714286,2.85714285714286,1.85714285714286,1,1,1,0,1,1,2,2,2,1,1,4079
14,204,"204s10",10,0,23,3,1,2,2.14285714285714,2.85714285714286,2.85714285714286,1.85714285714286,2,9,0,1,1,1,2,2,2,1,1,4080
14,205,"205s1",1,1,23,1,1,2,2,3.28571428571429,2.42857142857143,1.85714285714286,1,9,0,0,0,1,,0,2,0,,4081
14,205,"205s1",1,1,23,1,1,2,2,3.28571428571429,2.42857142857143,1.85714285714286,2,9,0,0,1,0,,2,0,0,,4082
14,205,"205s2",2,1,23,1,1,2,2,3.28571428571429,2.42857142857143,1.85714285714286,1,-3,1,1,1,2,,2,1,0,,4083
14,205,"205s2",2,1,23,1,1,2,2,3.28571428571429,2.42857142857143,1.85714285714286,2,-3,1,1,2,1,,1,2,0,,4084
14,205,"205s3",3,1,23,1,1,2,2,3.28571428571429,2.42857142857143,1.85714285714286,1,-3,1,1,2,2,,1,1,1,,4085
14,205,"205s3",3,1,23,1,1,2,2,3.28571428571429,2.42857142857143,1.85714285714286,2,-3,1,1,2,2,,1,1,1,,4086
14,205,"205s4",4,1,23,1,1,2,2,3.28571428571429,2.42857142857143,1.85714285714286,1,9,0,1,1,2,,2,1,0,,4087
14,205,"205s4",4,1,23,1,1,2,2,3.28571428571429,2.42857142857143,1.85714285714286,2,-3,1,0,2,1,,1,2,0,,4088
14,205,"205s5",5,1,23,1,1,2,2,3.28571428571429,2.42857142857143,1.85714285714286,1,9,0,0,2,2,,1,1,1,,4089
14,205,"205s5",5,1,23,1,1,2,2,3.28571428571429,2.42857142857143,1.85714285714286,2,9,0,0,2,2,,1,1,1,,4090
14,205,"205s6",6,0,23,1,1,2,2,3.28571428571429,2.42857142857143,1.85714285714286,1,9,0,1,0,0,1,0,0,1,2,4091
14,205,"205s6",6,0,23,1,1,2,2,3.28571428571429,2.42857142857143,1.85714285714286,2,-3,1,0,0,0,1,0,0,1,2,4092
14,205,"205s7",7,0,23,1,1,2,2,3.28571428571429,2.42857142857143,1.85714285714286,1,-3,1,1,2,2,1,1,1,1,2,4093
14,205,"205s7",7,0,23,1,1,2,2,3.28571428571429,2.42857142857143,1.85714285714286,2,-3,1,1,2,2,1,1,1,1,2,4094
14,205,"205s8",8,0,23,1,1,2,2,3.28571428571429,2.42857142857143,1.85714285714286,1,9,0,1,1,0,2,2,0,0,1,4095
14,205,"205s8",8,0,23,1,1,2,2,3.28571428571429,2.42857142857143,1.85714285714286,2,-3,1,0,0,1,2,0,2,0,1,4096
14,205,"205s9",9,0,23,1,1,2,2,3.28571428571429,2.42857142857143,1.85714285714286,1,-3,1,1,2,1,2,1,2,0,1,4097
14,205,"205s9",9,0,23,1,1,2,2,3.28571428571429,2.42857142857143,1.85714285714286,2,-3,1,1,1,2,2,2,1,0,1,4098
14,205,"205s10",10,0,23,1,1,2,2,3.28571428571429,2.42857142857143,1.85714285714286,1,-3,1,1,1,0,1,2,0,0,2,4099
14,205,"205s10",10,0,23,1,1,2,2,3.28571428571429,2.42857142857143,1.85714285714286,2,-3,1,1,0,1,1,0,2,0,2,4100
14,206,"206s1",1,0,21,2,0,1,1,3.14285714285714,2,1.57142857142857,1,9,0,1,2,0,2,2,0,0,2,4101
14,206,"206s1",1,0,21,2,0,1,1,3.14285714285714,2,1.57142857142857,2,-8,1,0,0,2,2,0,2,0,2,4102
14,206,"206s2",2,0,21,2,0,1,1,3.14285714285714,2,1.57142857142857,1,-9,1,0,2,0,1,2,0,0,1,4103
14,206,"206s2",2,0,21,2,0,1,1,3.14285714285714,2,1.57142857142857,2,9,0,1,0,2,1,0,2,0,1,4104
14,206,"206s3",3,0,21,2,0,1,1,3.14285714285714,2,1.57142857142857,1,9,0,0,1,1,1,1,1,1,1,4105
14,206,"206s3",3,0,21,2,0,1,1,3.14285714285714,2,1.57142857142857,2,9,0,0,1,1,1,1,1,1,1,4106
14,206,"206s4",4,0,21,2,0,1,1,3.14285714285714,2,1.57142857142857,1,-9,1,1,1,0,2,1,0,0,2,4107
14,206,"206s4",4,0,21,2,0,1,1,3.14285714285714,2,1.57142857142857,2,-9,1,1,0,1,2,0,1,0,2,4108
14,206,"206s5",5,0,21,2,0,1,1,3.14285714285714,2,1.57142857142857,1,9,0,0,2,1,1,2,1,0,1,4109
14,206,"206s5",5,0,21,2,0,1,1,3.14285714285714,2,1.57142857142857,2,9,0,0,1,2,1,1,2,0,1,4110
14,206,"206s6",6,1,21,2,0,1,1,3.14285714285714,2,1.57142857142857,1,-9,1,0,1,1,,1,1,1,,4111
14,206,"206s6",6,1,21,2,0,1,1,3.14285714285714,2,1.57142857142857,2,9,0,1,1,1,,1,1,1,,4112
14,206,"206s7",7,1,21,2,0,1,1,3.14285714285714,2,1.57142857142857,1,9,0,0,1,0,,1,0,0,,4113
14,206,"206s7",7,1,21,2,0,1,1,3.14285714285714,2,1.57142857142857,2,9,0,0,0,1,,0,1,0,,4114
14,206,"206s8",8,1,21,2,0,1,1,3.14285714285714,2,1.57142857142857,1,-9,1,1,0,2,,0,2,0,,4115
14,206,"206s8",8,1,21,2,0,1,1,3.14285714285714,2,1.57142857142857,2,-9,1,1,2,0,,2,0,0,,4116
14,206,"206s9",9,1,21,2,0,1,1,3.14285714285714,2,1.57142857142857,1,-9,1,1,2,0,,2,0,0,,4117
14,206,"206s9",9,1,21,2,0,1,1,3.14285714285714,2,1.57142857142857,2,-9,1,1,0,2,,0,2,0,,4118
14,206,"206s10",10,1,21,2,0,1,1,3.14285714285714,2,1.57142857142857,1,-9,1,1,1,1,,1,1,1,,4119
14,206,"206s10",10,1,21,2,0,1,1,3.14285714285714,2,1.57142857142857,2,-9,1,1,1,1,,1,1,1,,4120
14,207,"207s1",1,0,22,1,0,2,1.71428571428571,1.42857142857143,2.71428571428571,1.85714285714286,1,3,0,0,0,1,1,0,2,0,2,4121
14,207,"207s1",1,0,22,1,0,2,1.71428571428571,1.42857142857143,2.71428571428571,1.85714285714286,2,5,0,0,1,0,1,2,0,0,2,4122
14,207,"207s2",2,0,22,1,0,2,1.71428571428571,1.42857142857143,2.71428571428571,1.85714285714286,1,7,1,1,1,2,1,2,1,0,2,4123
14,207,"207s2",2,0,22,1,0,2,1.71428571428571,1.42857142857143,2.71428571428571,1.85714285714286,2,7,1,1,2,1,1,1,2,0,2,4124
14,207,"207s3",3,0,22,1,0,2,1.71428571428571,1.42857142857143,2.71428571428571,1.85714285714286,1,2,0,1,2,1,2,1,2,0,1,4125
14,207,"207s3",3,0,22,1,0,2,1.71428571428571,1.42857142857143,2.71428571428571,1.85714285714286,2,-3,1,0,1,2,2,2,1,0,1,4126
14,207,"207s4",4,0,22,1,0,2,1.71428571428571,1.42857142857143,2.71428571428571,1.85714285714286,1,8,0,0,0,0,1,0,0,1,2,4127
14,207,"207s4",4,0,22,1,0,2,1.71428571428571,1.42857142857143,2.71428571428571,1.85714285714286,2,8,0,0,0,0,1,0,0,1,2,4128
14,207,"207s5",5,0,22,1,0,2,1.71428571428571,1.42857142857143,2.71428571428571,1.85714285714286,1,-2,0,1,2,1,1,1,2,0,2,4129
14,207,"207s5",5,0,22,1,0,2,1.71428571428571,1.42857142857143,2.71428571428571,1.85714285714286,2,2,1,0,1,2,1,2,1,0,2,4130
14,207,"207s6",6,1,22,1,0,2,1.71428571428571,1.42857142857143,2.71428571428571,1.85714285714286,1,-4,1,1,0,0,,0,0,1,,4131
14,207,"207s6",6,1,22,1,0,2,1.71428571428571,1.42857142857143,2.71428571428571,1.85714285714286,2,3,1,1,0,0,,0,0,1,,4132
14,207,"207s7",7,1,22,1,0,2,1.71428571428571,1.42857142857143,2.71428571428571,1.85714285714286,1,2,1,1,1,1,,2,2,1,,4133
14,207,"207s7",7,1,22,1,0,2,1.71428571428571,1.42857142857143,2.71428571428571,1.85714285714286,2,3,1,1,1,1,,2,2,1,,4134
14,207,"207s8",8,1,22,1,0,2,1.71428571428571,1.42857142857143,2.71428571428571,1.85714285714286,1,-7,1,0,2,2,,1,1,1,,4135
14,207,"207s8",8,1,22,1,0,2,1.71428571428571,1.42857142857143,2.71428571428571,1.85714285714286,2,-7,0,1,2,2,,1,1,1,,4136
14,207,"207s9",9,1,22,1,0,2,1.71428571428571,1.42857142857143,2.71428571428571,1.85714285714286,1,-7,0,0,0,1,,0,2,0,,4137
14,207,"207s9",9,1,22,1,0,2,1.71428571428571,1.42857142857143,2.71428571428571,1.85714285714286,2,-7,0,0,1,0,,2,0,0,,4138
14,207,"207s10",10,1,22,1,0,2,1.71428571428571,1.42857142857143,2.71428571428571,1.85714285714286,1,5,0,1,0,2,,0,1,0,,4139
14,207,"207s10",10,1,22,1,0,2,1.71428571428571,1.42857142857143,2.71428571428571,1.85714285714286,2,-5,1,0,2,0,,1,0,0,,4140
14,208,"208s1",1,1,18,3,0,1,3,2.28571428571429,2,2,1,9,0,0,0,0,,0,0,1,,4141
14,208,"208s1",1,1,18,3,0,1,3,2.28571428571429,2,2,2,9,0,0,0,0,,0,0,1,,4142
14,208,"208s2",2,1,18,3,0,1,3,2.28571428571429,2,2,1,9,0,0,0,2,,0,2,0,,4143
14,208,"208s2",2,1,18,3,0,1,3,2.28571428571429,2,2,2,9,0,0,2,0,,2,0,0,,4144
14,208,"208s3",3,1,18,3,0,1,3,2.28571428571429,2,2,1,-9,1,0,1,2,,1,2,0,,4145
14,208,"208s3",3,1,18,3,0,1,3,2.28571428571429,2,2,2,9,0,1,2,1,,2,1,0,,4146
14,208,"208s4",4,1,18,3,0,1,3,2.28571428571429,2,2,1,9,0,0,1,1,,1,1,1,,4147
14,208,"208s4",4,1,18,3,0,1,3,2.28571428571429,2,2,2,9,0,0,1,1,,1,1,1,,4148
14,208,"208s5",5,1,18,3,0,1,3,2.28571428571429,2,2,1,-9,1,1,2,0,,2,0,0,,4149
14,208,"208s5",5,1,18,3,0,1,3,2.28571428571429,2,2,2,-9,1,1,0,2,,0,2,0,,4150
14,208,"208s6",6,0,18,3,0,1,3,2.28571428571429,2,2,1,-9,1,0,2,0,2,2,0,0,2,4151
14,208,"208s6",6,0,18,3,0,1,3,2.28571428571429,2,2,2,2,0,1,0,2,2,0,2,0,2,4152
14,208,"208s7",7,0,18,3,0,1,3,2.28571428571429,2,2,1,9,0,0,1,1,1,1,1,1,1,4153
14,208,"208s7",7,0,18,3,0,1,3,2.28571428571429,2,2,2,9,0,0,1,1,1,1,1,1,1,4154
14,208,"208s8",8,0,18,3,0,1,3,2.28571428571429,2,2,1,-9,1,1,0,2,1,0,2,0,1,4155
14,208,"208s8",8,0,18,3,0,1,3,2.28571428571429,2,2,2,-9,1,1,2,0,1,2,0,0,1,4156
14,208,"208s9",9,0,18,3,0,1,3,2.28571428571429,2,2,1,9,0,0,1,1,1,1,1,1,1,4157
14,208,"208s9",9,0,18,3,0,1,3,2.28571428571429,2,2,2,9,0,0,1,1,1,1,1,1,1,4158
14,208,"208s10",10,0,18,3,0,1,3,2.28571428571429,2,2,1,9,0,0,2,1,2,2,1,0,2,4159
14,208,"208s10",10,0,18,3,0,1,3,2.28571428571429,2,2,2,9,0,0,1,2,2,1,2,0,2,4160
14,209,"209s1",1,0,19,1,0,1,2.28571428571429,3.14285714285714,3.14285714285714,2.14285714285714,1,-3,1,0,0,1,2,0,1,0,2,4161
14,209,"209s1",1,0,19,1,0,1,2.28571428571429,3.14285714285714,3.14285714285714,2.14285714285714,2,0,0,1,1,0,2,1,0,0,2,4162
14,209,"209s2",2,0,19,1,0,1,2.28571428571429,3.14285714285714,3.14285714285714,2.14285714285714,1,-3,1,0,2,2,1,2,2,1,1,4163
14,209,"209s2",2,0,19,1,0,1,2.28571428571429,3.14285714285714,3.14285714285714,2.14285714285714,2,1,0,1,2,2,1,2,2,1,1,4164
14,209,"209s3",3,0,19,1,0,1,2.28571428571429,3.14285714285714,3.14285714285714,2.14285714285714,1,-1,1,0,2,2,2,2,2,1,2,4165
14,209,"209s3",3,0,19,1,0,1,2.28571428571429,3.14285714285714,3.14285714285714,2.14285714285714,2,1,0,1,2,2,2,2,2,1,2,4166
14,209,"209s4",4,0,19,1,0,1,2.28571428571429,3.14285714285714,3.14285714285714,2.14285714285714,1,-1,1,0,1,2,1,1,2,0,1,4167
14,209,"209s4",4,0,19,1,0,1,2.28571428571429,3.14285714285714,3.14285714285714,2.14285714285714,2,1,0,1,2,1,1,2,1,0,1,4168
14,209,"209s5",5,0,19,1,0,1,2.28571428571429,3.14285714285714,3.14285714285714,2.14285714285714,1,-4,1,1,2,0,1,2,0,0,1,4169
14,209,"209s5",5,0,19,1,0,1,2.28571428571429,3.14285714285714,3.14285714285714,2.14285714285714,2,-4,1,1,0,2,1,0,2,0,1,4170
14,209,"209s6",6,1,19,1,0,1,2.28571428571429,3.14285714285714,3.14285714285714,2.14285714285714,1,-2,1,1,0,1,,0,1,0,,4171
14,209,"209s6",6,1,19,1,0,1,2.28571428571429,3.14285714285714,3.14285714285714,2.14285714285714,2,-2,1,1,1,0,,1,0,0,,4172
14,209,"209s7",7,1,19,1,0,1,2.28571428571429,3.14285714285714,3.14285714285714,2.14285714285714,1,-2,1,1,1,0,,1,0,0,,4173
14,209,"209s7",7,1,19,1,0,1,2.28571428571429,3.14285714285714,3.14285714285714,2.14285714285714,2,-2,1,1,0,1,,0,1,0,,4174
14,209,"209s8",8,1,19,1,0,1,2.28571428571429,3.14285714285714,3.14285714285714,2.14285714285714,1,-2,1,0,1,0,,1,0,0,,4175
14,209,"209s8",8,1,19,1,0,1,2.28571428571429,3.14285714285714,3.14285714285714,2.14285714285714,2,4,0,1,0,1,,0,1,0,,4176
14,209,"209s9",9,1,19,1,0,1,2.28571428571429,3.14285714285714,3.14285714285714,2.14285714285714,1,-3,1,1,2,2,,2,2,1,,4177
14,209,"209s9",9,1,19,1,0,1,2.28571428571429,3.14285714285714,3.14285714285714,2.14285714285714,2,-3,1,1,2,2,,2,2,1,,4178
14,209,"209s10",10,1,19,1,0,1,2.28571428571429,3.14285714285714,3.14285714285714,2.14285714285714,1,-2,1,0,1,0,,1,0,0,,4179
14,209,"209s10",10,1,19,1,0,1,2.28571428571429,3.14285714285714,3.14285714285714,2.14285714285714,2,2,0,1,0,1,,0,1,0,,4180
14,210,"210s1",1,0,18,3,1,2,3.28571428571429,3,1.85714285714286,2.71428571428571,1,-5,1,1,1,0,1,2,0,0,2,4181
14,210,"210s1",1,0,18,3,1,2,3.28571428571429,3,1.85714285714286,2.71428571428571,2,-5,1,1,0,1,1,0,2,0,2,4182
14,210,"210s2",2,0,18,3,1,2,3.28571428571429,3,1.85714285714286,2.71428571428571,1,9,0,1,1,1,2,2,2,1,1,4183
14,210,"210s2",2,0,18,3,1,2,3.28571428571429,3,1.85714285714286,2.71428571428571,2,-9,1,0,1,1,2,2,2,1,1,4184
14,210,"210s3",3,0,18,3,1,2,3.28571428571429,3,1.85714285714286,2.71428571428571,1,9,0,0,2,1,1,1,2,0,2,4185
14,210,"210s3",3,0,18,3,1,2,3.28571428571429,3,1.85714285714286,2.71428571428571,2,9,0,0,1,2,1,2,1,0,2,4186
14,210,"210s4",4,0,18,3,1,2,3.28571428571429,3,1.85714285714286,2.71428571428571,1,-5,1,0,0,1,2,0,2,0,1,4187
14,210,"210s4",4,0,18,3,1,2,3.28571428571429,3,1.85714285714286,2.71428571428571,2,9,0,1,1,0,2,2,0,0,1,4188
14,210,"210s5",5,0,18,3,1,2,3.28571428571429,3,1.85714285714286,2.71428571428571,1,-9,1,0,1,2,2,2,1,0,1,4189
14,210,"210s5",5,0,18,3,1,2,3.28571428571429,3,1.85714285714286,2.71428571428571,2,9,0,1,2,1,2,1,2,0,1,4190
14,210,"210s6",6,1,18,3,1,2,3.28571428571429,3,1.85714285714286,2.71428571428571,1,9,0,0,1,2,,2,1,0,,4191
14,210,"210s6",6,1,18,3,1,2,3.28571428571429,3,1.85714285714286,2.71428571428571,2,9,0,0,2,1,,1,2,0,,4192
14,210,"210s7",7,1,18,3,1,2,3.28571428571429,3,1.85714285714286,2.71428571428571,1,-9,1,1,2,0,,1,0,0,,4193
14,210,"210s7",7,1,18,3,1,2,3.28571428571429,3,1.85714285714286,2.71428571428571,2,9,1,1,0,2,,0,1,0,,4194
14,210,"210s8",8,1,18,3,1,2,3.28571428571429,3,1.85714285714286,2.71428571428571,1,-5,1,0,0,1,,0,2,0,,4195
14,210,"210s8",8,1,18,3,1,2,3.28571428571429,3,1.85714285714286,2.71428571428571,2,9,0,1,1,0,,2,0,0,,4196
14,210,"210s9",9,1,18,3,1,2,3.28571428571429,3,1.85714285714286,2.71428571428571,1,-9,1,1,1,1,,2,2,1,,4197
14,210,"210s9",9,1,18,3,1,2,3.28571428571429,3,1.85714285714286,2.71428571428571,2,-9,1,1,1,1,,2,2,1,,4198
14,210,"210s10",10,1,18,3,1,2,3.28571428571429,3,1.85714285714286,2.71428571428571,1,-5,1,0,0,1,,0,2,0,,4199
14,210,"210s10",10,1,18,3,1,2,3.28571428571429,3,1.85714285714286,2.71428571428571,2,9,0,1,1,0,,2,0,0,,4200
14,211,"211s1",1,1,18,3,0,1,3.57142857142857,3.14285714285714,1.85714285714286,1.28571428571429,1,0,1,1,1,0,,1,0,0,,4201
14,211,"211s1",1,1,18,3,0,1,3.57142857142857,3.14285714285714,1.85714285714286,1.28571428571429,2,0,1,1,0,1,,0,1,0,,4202
14,211,"211s2",2,1,18,3,0,1,3.57142857142857,3.14285714285714,1.85714285714286,1.28571428571429,1,8,0,0,1,0,,1,0,0,,4203
14,211,"211s2",2,1,18,3,0,1,3.57142857142857,3.14285714285714,1.85714285714286,1.28571428571429,2,8,0,0,0,1,,0,1,0,,4204
14,211,"211s3",3,1,18,3,0,1,3.57142857142857,3.14285714285714,1.85714285714286,1.28571428571429,1,9,0,0,0,1,,0,1,0,,4205
14,211,"211s3",3,1,18,3,0,1,3.57142857142857,3.14285714285714,1.85714285714286,1.28571428571429,2,9,0,0,1,0,,1,0,0,,4206
14,211,"211s4",4,1,18,3,0,1,3.57142857142857,3.14285714285714,1.85714285714286,1.28571428571429,1,-2,1,0,0,0,,0,0,1,,4207
14,211,"211s4",4,1,18,3,0,1,3.57142857142857,3.14285714285714,1.85714285714286,1.28571428571429,2,-2,0,1,0,0,,0,0,1,,4208
14,211,"211s5",5,1,18,3,0,1,3.57142857142857,3.14285714285714,1.85714285714286,1.28571428571429,1,-8,1,0,0,0,,0,0,1,,4209
14,211,"211s5",5,1,18,3,0,1,3.57142857142857,3.14285714285714,1.85714285714286,1.28571428571429,2,8,0,1,0,0,,0,0,1,,4210
14,211,"211s6",6,0,18,3,0,1,3.57142857142857,3.14285714285714,1.85714285714286,1.28571428571429,1,9,0,0,2,1,2,2,1,0,2,4211
14,211,"211s6",6,0,18,3,0,1,3.57142857142857,3.14285714285714,1.85714285714286,1.28571428571429,2,9,0,0,1,2,2,1,2,0,2,4212
14,211,"211s7",7,0,18,3,0,1,3.57142857142857,3.14285714285714,1.85714285714286,1.28571428571429,1,-4,1,1,2,1,1,2,1,0,1,4213
14,211,"211s7",7,0,18,3,0,1,3.57142857142857,3.14285714285714,1.85714285714286,1.28571428571429,2,-7,1,1,1,2,1,1,2,0,1,4214
14,211,"211s8",8,0,18,3,0,1,3.57142857142857,3.14285714285714,1.85714285714286,1.28571428571429,1,-9,1,0,1,2,2,1,2,0,2,4215
14,211,"211s8",8,0,18,3,0,1,3.57142857142857,3.14285714285714,1.85714285714286,1.28571428571429,2,0,0,1,2,1,2,2,1,0,2,4216
14,211,"211s9",9,0,18,3,0,1,3.57142857142857,3.14285714285714,1.85714285714286,1.28571428571429,1,-2,1,0,0,0,2,0,0,1,2,4217
14,211,"211s9",9,0,18,3,0,1,3.57142857142857,3.14285714285714,1.85714285714286,1.28571428571429,2,0,0,1,0,0,2,0,0,1,2,4218
14,211,"211s10",10,0,18,3,0,1,3.57142857142857,3.14285714285714,1.85714285714286,1.28571428571429,1,-3,1,1,0,1,2,0,1,0,2,4219
14,211,"211s10",10,0,18,3,0,1,3.57142857142857,3.14285714285714,1.85714285714286,1.28571428571429,2,-6,1,1,1,0,2,1,0,0,2,4220
14,212,"212s1",1,0,18,3,1,1,2.14285714285714,1.85714285714286,2,2.14285714285714,1,-9,1,0,0,2,1,0,2,0,1,4221
14,212,"212s1",1,0,18,3,1,1,2.14285714285714,1.85714285714286,2,2.14285714285714,2,9,0,1,2,0,1,2,0,0,1,4222
14,212,"212s2",2,0,18,3,1,1,2.14285714285714,1.85714285714286,2,2.14285714285714,1,-9,1,1,0,1,1,0,1,0,1,4223
14,212,"212s2",2,0,18,3,1,1,2.14285714285714,1.85714285714286,2,2.14285714285714,2,-9,1,1,1,0,1,1,0,0,1,4224
14,212,"212s3",3,0,18,3,1,1,2.14285714285714,1.85714285714286,2,2.14285714285714,1,-9,1,0,0,2,1,0,2,0,1,4225
14,212,"212s3",3,0,18,3,1,1,2.14285714285714,1.85714285714286,2,2.14285714285714,2,9,0,1,2,0,1,2,0,0,1,4226
14,212,"212s4",4,0,18,3,1,1,2.14285714285714,1.85714285714286,2,2.14285714285714,1,-9,1,0,2,2,2,2,2,1,2,4227
14,212,"212s4",4,0,18,3,1,1,2.14285714285714,1.85714285714286,2,2.14285714285714,2,9,0,1,2,2,2,2,2,1,2,4228
14,212,"212s5",5,0,18,3,1,1,2.14285714285714,1.85714285714286,2,2.14285714285714,1,-9,1,0,2,2,2,2,2,1,2,4229
14,212,"212s5",5,0,18,3,1,1,2.14285714285714,1.85714285714286,2,2.14285714285714,2,9,0,1,2,2,2,2,2,1,2,4230
14,212,"212s6",6,1,18,3,1,1,2.14285714285714,1.85714285714286,2,2.14285714285714,1,-9,1,0,1,2,,1,2,0,,4231
14,212,"212s6",6,1,18,3,1,1,2.14285714285714,1.85714285714286,2,2.14285714285714,2,9,0,1,2,1,,2,1,0,,4232
14,212,"212s7",7,1,18,3,1,1,2.14285714285714,1.85714285714286,2,2.14285714285714,1,9,0,0,2,2,,2,2,1,,4233
14,212,"212s7",7,1,18,3,1,1,2.14285714285714,1.85714285714286,2,2.14285714285714,2,9,0,0,2,2,,2,2,1,,4234
14,212,"212s8",8,1,18,3,1,1,2.14285714285714,1.85714285714286,2,2.14285714285714,1,-9,1,0,2,0,,2,0,0,,4235
14,212,"212s8",8,1,18,3,1,1,2.14285714285714,1.85714285714286,2,2.14285714285714,2,9,0,1,0,2,,0,2,0,,4236
14,212,"212s9",9,1,18,3,1,1,2.14285714285714,1.85714285714286,2,2.14285714285714,1,9,0,0,1,2,,1,2,0,,4237
14,212,"212s9",9,1,18,3,1,1,2.14285714285714,1.85714285714286,2,2.14285714285714,2,9,0,0,2,1,,2,1,0,,4238
14,212,"212s10",10,1,18,3,1,1,2.14285714285714,1.85714285714286,2,2.14285714285714,1,9,0,0,0,0,,0,0,1,,4239
14,212,"212s10",10,1,18,3,1,1,2.14285714285714,1.85714285714286,2,2.14285714285714,2,9,0,0,0,0,,0,0,1,,4240
15,213,"213s1",1,0,27,3,0,2,1.42857142857143,1.85714285714286,2.28571428571429,1.57142857142857,1,0,0,1,1,1,1,2,2,1,2,4241
15,213,"213s1",1,0,27,3,0,2,1.42857142857143,1.85714285714286,2.28571428571429,1.57142857142857,2,0,1,0,1,1,1,2,2,1,2,4242
15,213,"213s2",2,0,27,3,0,2,1.42857142857143,1.85714285714286,2.28571428571429,1.57142857142857,1,0,1,1,2,1,1,1,2,0,2,4243
15,213,"213s2",2,0,27,3,0,2,1.42857142857143,1.85714285714286,2.28571428571429,1.57142857142857,2,0,1,1,1,2,1,2,1,0,2,4244
15,213,"213s3",3,0,27,3,0,2,1.42857142857143,1.85714285714286,2.28571428571429,1.57142857142857,1,9,0,0,2,2,2,1,1,1,1,4245
15,213,"213s3",3,0,27,3,0,2,1.42857142857143,1.85714285714286,2.28571428571429,1.57142857142857,2,9,0,0,2,2,2,1,1,1,1,4246
15,213,"213s4",4,0,27,3,0,2,1.42857142857143,1.85714285714286,2.28571428571429,1.57142857142857,1,9,0,0,1,0,1,2,0,0,2,4247
15,213,"213s4",4,0,27,3,0,2,1.42857142857143,1.85714285714286,2.28571428571429,1.57142857142857,2,9,0,0,0,1,1,0,2,0,2,4248
15,213,"213s5",5,0,27,3,0,2,1.42857142857143,1.85714285714286,2.28571428571429,1.57142857142857,1,-9,1,0,2,0,2,1,0,0,1,4249
15,213,"213s5",5,0,27,3,0,2,1.42857142857143,1.85714285714286,2.28571428571429,1.57142857142857,2,-9,0,1,0,2,2,0,1,0,1,4250
15,213,"213s6",6,1,27,3,0,2,1.42857142857143,1.85714285714286,2.28571428571429,1.57142857142857,1,-9,1,0,2,1,,1,2,0,,4251
15,213,"213s6",6,1,27,3,0,2,1.42857142857143,1.85714285714286,2.28571428571429,1.57142857142857,2,-9,0,1,1,2,,2,1,0,,4252
15,213,"213s7",7,1,27,3,0,2,1.42857142857143,1.85714285714286,2.28571428571429,1.57142857142857,1,-9,1,1,2,1,,1,2,0,,4253
15,213,"213s7",7,1,27,3,0,2,1.42857142857143,1.85714285714286,2.28571428571429,1.57142857142857,2,-9,1,1,1,2,,2,1,0,,4254
15,213,"213s8",8,1,27,3,0,2,1.42857142857143,1.85714285714286,2.28571428571429,1.57142857142857,1,0,0,1,0,1,,0,2,0,,4255
15,213,"213s8",8,1,27,3,0,2,1.42857142857143,1.85714285714286,2.28571428571429,1.57142857142857,2,-9,1,0,1,0,,2,0,0,,4256
15,213,"213s9",9,1,27,3,0,2,1.42857142857143,1.85714285714286,2.28571428571429,1.57142857142857,1,-9,1,1,1,2,,2,1,0,,4257
15,213,"213s9",9,1,27,3,0,2,1.42857142857143,1.85714285714286,2.28571428571429,1.57142857142857,2,-9,1,1,2,1,,1,2,0,,4258
15,213,"213s10",10,1,27,3,0,2,1.42857142857143,1.85714285714286,2.28571428571429,1.57142857142857,1,-9,1,0,2,2,,1,1,1,,4259
15,213,"213s10",10,1,27,3,0,2,1.42857142857143,1.85714285714286,2.28571428571429,1.57142857142857,2,0,0,1,2,2,,1,1,1,,4260
15,214,"214s1",1,0,19,4,1,1,1.28571428571429,2.28571428571429,2.42857142857143,1.57142857142857,1,9,0,0,1,1,1,1,1,1,1,4261
15,214,"214s1",1,0,19,4,1,1,1.28571428571429,2.28571428571429,2.42857142857143,1.57142857142857,2,9,0,0,1,1,1,1,1,1,1,4262
15,214,"214s2",2,0,19,4,1,1,1.28571428571429,2.28571428571429,2.42857142857143,1.57142857142857,1,-4,1,1,0,2,1,0,2,0,1,4263
15,214,"214s2",2,0,19,4,1,1,1.28571428571429,2.28571428571429,2.42857142857143,1.57142857142857,2,-4,1,1,2,0,1,2,0,0,1,4264
15,214,"214s3",3,0,19,4,1,1,1.28571428571429,2.28571428571429,2.42857142857143,1.57142857142857,1,9,0,0,0,0,1,0,0,1,1,4265
15,214,"214s3",3,0,19,4,1,1,1.28571428571429,2.28571428571429,2.42857142857143,1.57142857142857,2,9,0,0,0,0,1,0,0,1,1,4266
15,214,"214s4",4,0,19,4,1,1,1.28571428571429,2.28571428571429,2.42857142857143,1.57142857142857,1,-3,1,1,1,1,2,1,1,1,2,4267
15,214,"214s4",4,0,19,4,1,1,1.28571428571429,2.28571428571429,2.42857142857143,1.57142857142857,2,-3,1,1,1,1,2,1,1,1,2,4268
15,214,"214s5",5,0,19,4,1,1,1.28571428571429,2.28571428571429,2.42857142857143,1.57142857142857,1,9,0,0,2,1,2,2,1,0,2,4269
15,214,"214s5",5,0,19,4,1,1,1.28571428571429,2.28571428571429,2.42857142857143,1.57142857142857,2,9,0,0,1,2,2,1,2,0,2,4270
15,214,"214s6",6,1,19,4,1,1,1.28571428571429,2.28571428571429,2.42857142857143,1.57142857142857,1,9,0,1,1,0,,1,0,0,,4271
15,214,"214s6",6,1,19,4,1,1,1.28571428571429,2.28571428571429,2.42857142857143,1.57142857142857,2,-3,1,0,0,1,,0,1,0,,4272
15,214,"214s7",7,1,19,4,1,1,1.28571428571429,2.28571428571429,2.42857142857143,1.57142857142857,1,9,0,0,1,0,,1,0,0,,4273
15,214,"214s7",7,1,19,4,1,1,1.28571428571429,2.28571428571429,2.42857142857143,1.57142857142857,2,9,0,0,0,1,,0,1,0,,4274
15,214,"214s8",8,1,19,4,1,1,1.28571428571429,2.28571428571429,2.42857142857143,1.57142857142857,1,9,0,0,0,2,,0,2,0,,4275
15,214,"214s8",8,1,19,4,1,1,1.28571428571429,2.28571428571429,2.42857142857143,1.57142857142857,2,9,0,0,2,0,,2,0,0,,4276
15,214,"214s9",9,1,19,4,1,1,1.28571428571429,2.28571428571429,2.42857142857143,1.57142857142857,1,-2,1,1,0,0,,0,0,1,,4277
15,214,"214s9",9,1,19,4,1,1,1.28571428571429,2.28571428571429,2.42857142857143,1.57142857142857,2,-2,1,1,0,0,,0,0,1,,4278
15,214,"214s10",10,1,19,4,1,1,1.28571428571429,2.28571428571429,2.42857142857143,1.57142857142857,1,9,0,0,0,0,,0,0,1,,4279
15,214,"214s10",10,1,19,4,1,1,1.28571428571429,2.28571428571429,2.42857142857143,1.57142857142857,2,9,0,0,0,0,,0,0,1,,4280
15,215,"215s1",1,1,19,2,0,2,2.71428571428571,3.42857142857143,3,2.14285714285714,1,9,0,1,1,1,,2,2,1,,4281
15,215,"215s1",1,1,19,2,0,2,2.71428571428571,3.42857142857143,3,2.14285714285714,2,-4,1,0,1,1,,2,2,1,,4282
15,215,"215s2",2,1,19,2,0,2,2.71428571428571,3.42857142857143,3,2.14285714285714,1,9,0,0,1,2,,2,1,0,,4283
15,215,"215s2",2,1,19,2,0,2,2.71428571428571,3.42857142857143,3,2.14285714285714,2,9,0,0,2,1,,1,2,0,,4284
15,215,"215s3",3,1,19,2,0,2,2.71428571428571,3.42857142857143,3,2.14285714285714,1,-5,1,0,0,1,,0,2,0,,4285
15,215,"215s3",3,1,19,2,0,2,2.71428571428571,3.42857142857143,3,2.14285714285714,2,4,0,1,1,0,,2,0,0,,4286
15,215,"215s4",4,1,19,2,0,2,2.71428571428571,3.42857142857143,3,2.14285714285714,1,-4,1,0,2,0,,1,0,0,,4287
15,215,"215s4",4,1,19,2,0,2,2.71428571428571,3.42857142857143,3,2.14285714285714,2,4,0,1,0,2,,0,1,0,,4288
15,215,"215s5",5,1,19,2,0,2,2.71428571428571,3.42857142857143,3,2.14285714285714,1,9,0,0,0,0,,0,0,1,,4289
15,215,"215s5",5,1,19,2,0,2,2.71428571428571,3.42857142857143,3,2.14285714285714,2,9,0,0,0,0,,0,0,1,,4290
15,215,"215s6",6,0,19,2,0,2,2.71428571428571,3.42857142857143,3,2.14285714285714,1,-5,1,0,0,2,1,0,1,0,2,4291
15,215,"215s6",6,0,19,2,0,2,2.71428571428571,3.42857142857143,3,2.14285714285714,2,5,0,1,2,0,1,1,0,0,2,4292
15,215,"215s7",7,0,19,2,0,2,2.71428571428571,3.42857142857143,3,2.14285714285714,1,5,0,0,1,1,2,2,2,1,1,4293
15,215,"215s7",7,0,19,2,0,2,2.71428571428571,3.42857142857143,3,2.14285714285714,2,5,0,0,1,1,2,2,2,1,1,4294
15,215,"215s8",8,0,19,2,0,2,2.71428571428571,3.42857142857143,3,2.14285714285714,1,4,0,0,2,1,1,1,2,0,2,4295
15,215,"215s8",8,0,19,2,0,2,2.71428571428571,3.42857142857143,3,2.14285714285714,2,4,0,0,1,2,1,2,1,0,2,4296
15,215,"215s9",9,0,19,2,0,2,2.71428571428571,3.42857142857143,3,2.14285714285714,1,3,0,1,2,0,2,1,0,0,1,4297
15,215,"215s9",9,0,19,2,0,2,2.71428571428571,3.42857142857143,3,2.14285714285714,2,-4,1,0,0,2,2,0,1,0,1,4298
15,215,"215s10",10,0,19,2,0,2,2.71428571428571,3.42857142857143,3,2.14285714285714,1,3,0,1,1,2,2,2,1,0,1,4299
15,215,"215s10",10,0,19,2,0,2,2.71428571428571,3.42857142857143,3,2.14285714285714,2,-4,1,0,2,1,2,1,2,0,1,4300
15,216,"216s1",1,0,23,3,0,1,2.85714285714286,2.57142857142857,2.57142857142857,1.71428571428571,1,-3,1,0,1,2,2,1,2,0,2,4301
15,216,"216s1",1,0,23,3,0,1,2.85714285714286,2.57142857142857,2.57142857142857,1.71428571428571,2,3,0,1,2,1,2,2,1,0,2,4302
15,216,"216s2",2,0,23,3,0,1,2.85714285714286,2.57142857142857,2.57142857142857,1.71428571428571,1,-3,1,0,0,0,2,0,0,1,2,4303
15,216,"216s2",2,0,23,3,0,1,2.85714285714286,2.57142857142857,2.57142857142857,1.71428571428571,2,3,0,1,0,0,2,0,0,1,2,4304
15,216,"216s3",3,0,23,3,0,1,2.85714285714286,2.57142857142857,2.57142857142857,1.71428571428571,1,4,0,0,0,0,2,0,0,1,2,4305
15,216,"216s3",3,0,23,3,0,1,2.85714285714286,2.57142857142857,2.57142857142857,1.71428571428571,2,4,0,0,0,0,2,0,0,1,2,4306
15,216,"216s4",4,0,23,3,0,1,2.85714285714286,2.57142857142857,2.57142857142857,1.71428571428571,1,3,0,1,2,1,1,2,1,0,1,4307
15,216,"216s4",4,0,23,3,0,1,2.85714285714286,2.57142857142857,2.57142857142857,1.71428571428571,2,-5,1,0,1,2,1,1,2,0,1,4308
15,216,"216s5",5,0,23,3,0,1,2.85714285714286,2.57142857142857,2.57142857142857,1.71428571428571,1,-6,1,0,2,2,2,2,2,1,2,4309
15,216,"216s5",5,0,23,3,0,1,2.85714285714286,2.57142857142857,2.57142857142857,1.71428571428571,2,4,0,1,2,2,2,2,2,1,2,4310
15,216,"216s6",6,1,23,3,0,1,2.85714285714286,2.57142857142857,2.57142857142857,1.71428571428571,1,6,0,0,1,1,,1,1,1,,4311
15,216,"216s6",6,1,23,3,0,1,2.85714285714286,2.57142857142857,2.57142857142857,1.71428571428571,2,6,0,0,1,1,,1,1,1,,4312
15,216,"216s7",7,1,23,3,0,1,2.85714285714286,2.57142857142857,2.57142857142857,1.71428571428571,1,-5,1,1,1,2,,1,2,0,,4313
15,216,"216s7",7,1,23,3,0,1,2.85714285714286,2.57142857142857,2.57142857142857,1.71428571428571,2,4,1,1,2,1,,2,1,0,,4314
15,216,"216s8",8,1,23,3,0,1,2.85714285714286,2.57142857142857,2.57142857142857,1.71428571428571,1,7,1,1,0,1,,0,1,0,,4315
15,216,"216s8",8,1,23,3,0,1,2.85714285714286,2.57142857142857,2.57142857142857,1.71428571428571,2,-7,1,1,1,0,,1,0,0,,4316
15,216,"216s9",9,1,23,3,0,1,2.85714285714286,2.57142857142857,2.57142857142857,1.71428571428571,1,3,1,1,2,1,,2,1,0,,4317
15,216,"216s9",9,1,23,3,0,1,2.85714285714286,2.57142857142857,2.57142857142857,1.71428571428571,2,-4,1,1,1,2,,1,2,0,,4318
15,216,"216s10",10,1,23,3,0,1,2.85714285714286,2.57142857142857,2.57142857142857,1.71428571428571,1,8,0,1,1,0,,1,0,0,,4319
15,216,"216s10",10,1,23,3,0,1,2.85714285714286,2.57142857142857,2.57142857142857,1.71428571428571,2,4,1,0,0,1,,0,1,0,,4320
15,217,"217s1",1,1,21,1,0,1,2.28571428571429,1.14285714285714,1.28571428571429,0.428571428571428,1,4,1,0,1,1,,1,1,1,,4321
15,217,"217s1",1,1,21,1,0,1,2.28571428571429,1.14285714285714,1.28571428571429,0.428571428571428,2,4,0,1,1,1,,1,1,1,,4322
15,217,"217s2",2,1,21,1,0,1,2.28571428571429,1.14285714285714,1.28571428571429,0.428571428571428,1,-5,1,1,1,0,,1,0,0,,4323
15,217,"217s2",2,1,21,1,0,1,2.28571428571429,1.14285714285714,1.28571428571429,0.428571428571428,2,-5,1,1,0,1,,0,1,0,,4324
15,217,"217s3",3,1,21,1,0,1,2.28571428571429,1.14285714285714,1.28571428571429,0.428571428571428,1,0,1,0,0,0,,0,0,1,,4325
15,217,"217s3",3,1,21,1,0,1,2.28571428571429,1.14285714285714,1.28571428571429,0.428571428571428,2,0,0,1,0,0,,0,0,1,,4326
15,217,"217s4",4,1,21,1,0,1,2.28571428571429,1.14285714285714,1.28571428571429,0.428571428571428,1,7,0,0,2,1,,2,1,0,,4327
15,217,"217s4",4,1,21,1,0,1,2.28571428571429,1.14285714285714,1.28571428571429,0.428571428571428,2,7,0,0,1,2,,1,2,0,,4328
15,217,"217s5",5,1,21,1,0,1,2.28571428571429,1.14285714285714,1.28571428571429,0.428571428571428,1,-3,1,0,1,1,,1,1,1,,4329
15,217,"217s5",5,1,21,1,0,1,2.28571428571429,1.14285714285714,1.28571428571429,0.428571428571428,2,-3,0,1,1,1,,1,1,1,,4330
15,217,"217s6",6,0,21,1,0,1,2.28571428571429,1.14285714285714,1.28571428571429,0.428571428571428,1,2,0,1,2,0,2,2,0,0,2,4331
15,217,"217s6",6,0,21,1,0,1,2.28571428571429,1.14285714285714,1.28571428571429,0.428571428571428,2,-2,1,0,0,2,2,0,2,0,2,4332
15,217,"217s7",7,0,21,1,0,1,2.28571428571429,1.14285714285714,1.28571428571429,0.428571428571428,1,3,0,0,0,2,2,0,2,0,2,4333
15,217,"217s7",7,0,21,1,0,1,2.28571428571429,1.14285714285714,1.28571428571429,0.428571428571428,2,3,0,0,2,0,2,2,0,0,2,4334
15,217,"217s8",8,0,21,1,0,1,2.28571428571429,1.14285714285714,1.28571428571429,0.428571428571428,1,-3,1,1,2,2,2,2,2,1,2,4335
15,217,"217s8",8,0,21,1,0,1,2.28571428571429,1.14285714285714,1.28571428571429,0.428571428571428,2,-3,1,1,2,2,2,2,2,1,2,4336
15,217,"217s9",9,0,21,1,0,1,2.28571428571429,1.14285714285714,1.28571428571429,0.428571428571428,1,-3,1,1,0,1,2,0,1,0,2,4337
15,217,"217s9",9,0,21,1,0,1,2.28571428571429,1.14285714285714,1.28571428571429,0.428571428571428,2,-3,1,1,1,0,2,1,0,0,2,4338
15,217,"217s10",10,0,21,1,0,1,2.28571428571429,1.14285714285714,1.28571428571429,0.428571428571428,1,-4,1,1,2,0,2,2,0,0,2,4339
15,217,"217s10",10,0,21,1,0,1,2.28571428571429,1.14285714285714,1.28571428571429,0.428571428571428,2,-4,1,1,0,2,2,0,2,0,2,4340
16,218,"218s1",1,1,23,1,1,2,2.42857142857143,2.57142857142857,3.57142857142857,1.71428571428571,1,9,1,1,1,1,,2,2,1,,4341
16,218,"218s1",1,1,23,1,1,2,2.42857142857143,2.57142857142857,3.57142857142857,1.71428571428571,2,9,1,1,1,1,,2,2,1,,4342
16,218,"218s2",2,1,23,1,1,2,2.42857142857143,2.57142857142857,3.57142857142857,1.71428571428571,1,0,0,0,2,2,,1,1,1,,4343
16,218,"218s2",2,1,23,1,1,2,2.42857142857143,2.57142857142857,3.57142857142857,1.71428571428571,2,0,0,0,2,2,,1,1,1,,4344
16,218,"218s3",3,1,23,1,1,2,2.42857142857143,2.57142857142857,3.57142857142857,1.71428571428571,1,0,0,0,1,0,,2,0,0,,4345
16,218,"218s3",3,1,23,1,1,2,2.42857142857143,2.57142857142857,3.57142857142857,1.71428571428571,2,0,0,0,0,1,,0,2,0,,4346
16,218,"218s4",4,1,23,1,1,2,2.42857142857143,2.57142857142857,3.57142857142857,1.71428571428571,1,-2,1,0,0,0,,0,0,1,,4347
16,218,"218s4",4,1,23,1,1,2,2.42857142857143,2.57142857142857,3.57142857142857,1.71428571428571,2,0,0,1,0,0,,0,0,1,,4348
16,218,"218s5",5,1,23,1,1,2,2.42857142857143,2.57142857142857,3.57142857142857,1.71428571428571,1,0,1,1,2,0,,1,0,0,,4349
16,218,"218s5",5,1,23,1,1,2,2.42857142857143,2.57142857142857,3.57142857142857,1.71428571428571,2,0,1,1,0,2,,0,1,0,,4350
16,218,"218s6",6,0,23,1,1,2,2.42857142857143,2.57142857142857,3.57142857142857,1.71428571428571,1,0,0,1,2,1,1,1,2,0,2,4351
16,218,"218s6",6,0,23,1,1,2,2.42857142857143,2.57142857142857,3.57142857142857,1.71428571428571,2,0,1,0,1,2,1,2,1,0,2,4352
16,218,"218s7",7,0,23,1,1,2,2.42857142857143,2.57142857142857,3.57142857142857,1.71428571428571,1,0,0,1,0,2,1,0,1,0,2,4353
16,218,"218s7",7,0,23,1,1,2,2.42857142857143,2.57142857142857,3.57142857142857,1.71428571428571,2,0,1,0,2,0,1,1,0,0,2,4354
16,218,"218s8",8,0,23,1,1,2,2.42857142857143,2.57142857142857,3.57142857142857,1.71428571428571,1,-2,1,0,0,0,1,0,0,1,2,4355
16,218,"218s8",8,0,23,1,1,2,2.42857142857143,2.57142857142857,3.57142857142857,1.71428571428571,2,-2,0,1,0,0,1,0,0,1,2,4356
16,218,"218s9",9,0,23,1,1,2,2.42857142857143,2.57142857142857,3.57142857142857,1.71428571428571,1,-1,0,1,1,0,2,2,0,0,1,4357
16,218,"218s9",9,0,23,1,1,2,2.42857142857143,2.57142857142857,3.57142857142857,1.71428571428571,2,-1,1,0,0,1,2,0,2,0,1,4358
16,218,"218s10",10,0,23,1,1,2,2.42857142857143,2.57142857142857,3.57142857142857,1.71428571428571,1,0,0,0,2,2,2,1,1,1,1,4359
16,218,"218s10",10,0,23,1,1,2,2.42857142857143,2.57142857142857,3.57142857142857,1.71428571428571,2,0,0,0,2,2,2,1,1,1,1,4360
16,219,"219s1",1,1,20,2,1,1,2.28571428571429,3.85714285714286,4,1.57142857142857,1,9,0,0,2,0,,2,0,0,,4361
16,219,"219s1",1,1,20,2,1,1,2.28571428571429,3.85714285714286,4,1.57142857142857,2,9,0,0,0,2,,0,2,0,,4362
16,219,"219s2",2,1,20,2,1,1,2.28571428571429,3.85714285714286,4,1.57142857142857,1,9,0,0,1,1,,1,1,1,,4363
16,219,"219s2",2,1,20,2,1,1,2.28571428571429,3.85714285714286,4,1.57142857142857,2,9,0,0,1,1,,1,1,1,,4364
16,219,"219s3",3,1,20,2,1,1,2.28571428571429,3.85714285714286,4,1.57142857142857,1,5,1,1,1,1,,1,1,1,,4365
16,219,"219s3",3,1,20,2,1,1,2.28571428571429,3.85714285714286,4,1.57142857142857,2,5,1,1,1,1,,1,1,1,,4366
16,219,"219s4",4,1,20,2,1,1,2.28571428571429,3.85714285714286,4,1.57142857142857,1,9,0,1,2,1,,2,1,0,,4367
16,219,"219s4",4,1,20,2,1,1,2.28571428571429,3.85714285714286,4,1.57142857142857,2,2,1,0,1,2,,1,2,0,,4368
16,219,"219s5",5,1,20,2,1,1,2.28571428571429,3.85714285714286,4,1.57142857142857,1,9,0,1,1,1,,1,1,1,,4369
16,219,"219s5",5,1,20,2,1,1,2.28571428571429,3.85714285714286,4,1.57142857142857,2,2,1,0,1,1,,1,1,1,,4370
16,219,"219s6",6,0,20,2,1,1,2.28571428571429,3.85714285714286,4,1.57142857142857,1,1,1,0,0,2,2,0,2,0,2,4371
16,219,"219s6",6,0,20,2,1,1,2.28571428571429,3.85714285714286,4,1.57142857142857,2,9,0,1,2,0,2,2,0,0,2,4372
16,219,"219s7",7,0,20,2,1,1,2.28571428571429,3.85714285714286,4,1.57142857142857,1,2,1,1,2,2,1,2,2,1,1,4373
16,219,"219s7",7,0,20,2,1,1,2.28571428571429,3.85714285714286,4,1.57142857142857,2,2,1,1,2,2,1,2,2,1,1,4374
16,219,"219s8",8,0,20,2,1,1,2.28571428571429,3.85714285714286,4,1.57142857142857,1,-2,1,1,2,1,2,2,1,0,2,4375
16,219,"219s8",8,0,20,2,1,1,2.28571428571429,3.85714285714286,4,1.57142857142857,2,-2,1,1,1,2,2,1,2,0,2,4376
16,219,"219s9",9,0,20,2,1,1,2.28571428571429,3.85714285714286,4,1.57142857142857,1,-2,1,1,0,2,2,0,2,0,2,4377
16,219,"219s9",9,0,20,2,1,1,2.28571428571429,3.85714285714286,4,1.57142857142857,2,-2,1,1,2,0,2,2,0,0,2,4378
16,219,"219s10",10,0,20,2,1,1,2.28571428571429,3.85714285714286,4,1.57142857142857,1,-1,1,1,1,2,1,1,2,0,1,4379
16,219,"219s10",10,0,20,2,1,1,2.28571428571429,3.85714285714286,4,1.57142857142857,2,-1,1,1,2,1,1,2,1,0,1,4380
16,220,"220s1",1,1,21,2,1,1,2.14285714285714,2.14285714285714,3.14285714285714,1.42857142857143,1,2,0,0,2,0,,2,0,0,,4381
16,220,"220s1",1,1,21,2,1,1,2.14285714285714,2.14285714285714,3.14285714285714,1.42857142857143,2,2,0,0,0,2,,0,2,0,,4382
16,220,"220s2",2,1,21,2,1,1,2.14285714285714,2.14285714285714,3.14285714285714,1.42857142857143,1,-3,1,0,0,0,,0,0,1,,4383
16,220,"220s2",2,1,21,2,1,1,2.14285714285714,2.14285714285714,3.14285714285714,1.42857142857143,2,2,0,1,0,0,,0,0,1,,4384
16,220,"220s3",3,1,21,2,1,1,2.14285714285714,2.14285714285714,3.14285714285714,1.42857142857143,1,4,0,0,2,0,,2,0,0,,4385
16,220,"220s3",3,1,21,2,1,1,2.14285714285714,2.14285714285714,3.14285714285714,1.42857142857143,2,4,0,0,0,2,,0,2,0,,4386
16,220,"220s4",4,1,21,2,1,1,2.14285714285714,2.14285714285714,3.14285714285714,1.42857142857143,1,-5,1,0,2,1,,2,1,0,,4387
16,220,"220s4",4,1,21,2,1,1,2.14285714285714,2.14285714285714,3.14285714285714,1.42857142857143,2,3,0,1,1,2,,1,2,0,,4388
16,220,"220s5",5,1,21,2,1,1,2.14285714285714,2.14285714285714,3.14285714285714,1.42857142857143,1,5,0,0,0,1,,0,1,0,,4389
16,220,"220s5",5,1,21,2,1,1,2.14285714285714,2.14285714285714,3.14285714285714,1.42857142857143,2,5,0,0,1,0,,1,0,0,,4390
16,220,"220s6",6,0,21,2,1,1,2.14285714285714,2.14285714285714,3.14285714285714,1.42857142857143,1,-2,1,1,1,2,2,1,2,0,2,4391
16,220,"220s6",6,0,21,2,1,1,2.14285714285714,2.14285714285714,3.14285714285714,1.42857142857143,2,-2,1,1,2,1,2,2,1,0,2,4392
16,220,"220s7",7,0,21,2,1,1,2.14285714285714,2.14285714285714,3.14285714285714,1.42857142857143,1,-4,1,0,0,1,1,0,1,0,1,4393
16,220,"220s7",7,0,21,2,1,1,2.14285714285714,2.14285714285714,3.14285714285714,1.42857142857143,2,4,0,1,1,0,1,1,0,0,1,4394
16,220,"220s8",8,0,21,2,1,1,2.14285714285714,2.14285714285714,3.14285714285714,1.42857142857143,1,-3,1,1,1,2,1,1,2,0,1,4395
16,220,"220s8",8,0,21,2,1,1,2.14285714285714,2.14285714285714,3.14285714285714,1.42857142857143,2,-3,1,1,2,1,1,2,1,0,1,4396
16,220,"220s9",9,0,21,2,1,1,2.14285714285714,2.14285714285714,3.14285714285714,1.42857142857143,1,4,0,1,2,1,2,2,1,0,2,4397
16,220,"220s9",9,0,21,2,1,1,2.14285714285714,2.14285714285714,3.14285714285714,1.42857142857143,2,-3,1,0,1,2,2,1,2,0,2,4398
16,220,"220s10",10,0,21,2,1,1,2.14285714285714,2.14285714285714,3.14285714285714,1.42857142857143,1,4,0,1,0,2,2,0,2,0,2,4399
16,220,"220s10",10,0,21,2,1,1,2.14285714285714,2.14285714285714,3.14285714285714,1.42857142857143,2,-4,1,0,2,0,2,2,0,0,2,4400
16,221,"221s1",1,0,21,3,1,1,1.28571428571429,3.14285714285714,3.14285714285714,0.857142857142857,1,-3,1,0,0,2,2,0,2,0,2,4401
16,221,"221s1",1,0,21,3,1,1,1.28571428571429,3.14285714285714,3.14285714285714,0.857142857142857,2,9,0,1,2,0,2,2,0,0,2,4402
16,221,"221s2",2,0,21,3,1,1,1.28571428571429,3.14285714285714,3.14285714285714,0.857142857142857,1,-3,1,0,2,2,2,2,2,1,2,4403
16,221,"221s2",2,0,21,3,1,1,1.28571428571429,3.14285714285714,3.14285714285714,0.857142857142857,2,9,0,1,2,2,2,2,2,1,2,4404
16,221,"221s3",3,0,21,3,1,1,1.28571428571429,3.14285714285714,3.14285714285714,0.857142857142857,1,-6,1,1,0,0,2,0,0,1,2,4405
16,221,"221s3",3,0,21,3,1,1,1.28571428571429,3.14285714285714,3.14285714285714,0.857142857142857,2,-6,1,1,0,0,2,0,0,1,2,4406
16,221,"221s4",4,0,21,3,1,1,1.28571428571429,3.14285714285714,3.14285714285714,0.857142857142857,1,9,0,0,2,2,2,2,2,1,2,4407
16,221,"221s4",4,0,21,3,1,1,1.28571428571429,3.14285714285714,3.14285714285714,0.857142857142857,2,9,0,0,2,2,2,2,2,1,2,4408
16,221,"221s5",5,0,21,3,1,1,1.28571428571429,3.14285714285714,3.14285714285714,0.857142857142857,1,9,0,0,1,0,1,1,0,0,1,4409
16,221,"221s5",5,0,21,3,1,1,1.28571428571429,3.14285714285714,3.14285714285714,0.857142857142857,2,9,0,0,0,1,1,0,1,0,1,4410
16,221,"221s6",6,1,21,3,1,1,1.28571428571429,3.14285714285714,3.14285714285714,0.857142857142857,1,-5,1,0,0,2,,0,2,0,,4411
16,221,"221s6",6,1,21,3,1,1,1.28571428571429,3.14285714285714,3.14285714285714,0.857142857142857,2,9,0,1,2,0,,2,0,0,,4412
16,221,"221s7",7,1,21,3,1,1,1.28571428571429,3.14285714285714,3.14285714285714,0.857142857142857,1,9,0,1,2,0,,2,0,0,,4413
16,221,"221s7",7,1,21,3,1,1,1.28571428571429,3.14285714285714,3.14285714285714,0.857142857142857,2,-6,1,0,0,2,,0,2,0,,4414
16,221,"221s8",8,1,21,3,1,1,1.28571428571429,3.14285714285714,3.14285714285714,0.857142857142857,1,-5,1,0,0,2,,0,2,0,,4415
16,221,"221s8",8,1,21,3,1,1,1.28571428571429,3.14285714285714,3.14285714285714,0.857142857142857,2,9,0,1,2,0,,2,0,0,,4416
16,221,"221s9",9,1,21,3,1,1,1.28571428571429,3.14285714285714,3.14285714285714,0.857142857142857,1,9,0,1,0,0,,0,0,1,,4417
16,221,"221s9",9,1,21,3,1,1,1.28571428571429,3.14285714285714,3.14285714285714,0.857142857142857,2,-3,1,0,0,0,,0,0,1,,4418
16,221,"221s10",10,1,21,3,1,1,1.28571428571429,3.14285714285714,3.14285714285714,0.857142857142857,1,7,0,0,1,0,,1,0,0,,4419
16,221,"221s10",10,1,21,3,1,1,1.28571428571429,3.14285714285714,3.14285714285714,0.857142857142857,2,7,0,0,0,1,,0,1,0,,4420
16,222,"222s1",1,1,19,1,1,2,2.14285714285714,2.57142857142857,2.57142857142857,1.57142857142857,1,7,0,0,0,0,,0,0,1,,4421
16,222,"222s1",1,1,19,1,1,2,2.14285714285714,2.57142857142857,2.57142857142857,1.57142857142857,2,7,0,0,0,0,,0,0,1,,4422
16,222,"222s2",2,1,19,1,1,2,2.14285714285714,2.57142857142857,2.57142857142857,1.57142857142857,1,2,1,1,1,0,,2,0,0,,4423
16,222,"222s2",2,1,19,1,1,2,2.14285714285714,2.57142857142857,2.57142857142857,1.57142857142857,2,2,1,1,0,1,,0,2,0,,4424
16,222,"222s3",3,1,19,1,1,2,2.14285714285714,2.57142857142857,2.57142857142857,1.57142857142857,1,3,1,1,1,2,,2,1,0,,4425
16,222,"222s3",3,1,19,1,1,2,2.14285714285714,2.57142857142857,2.57142857142857,1.57142857142857,2,3,1,1,2,1,,1,2,0,,4426
16,222,"222s4",4,1,19,1,1,2,2.14285714285714,2.57142857142857,2.57142857142857,1.57142857142857,1,5,0,1,0,0,,0,0,1,,4427
16,222,"222s4",4,1,19,1,1,2,2.14285714285714,2.57142857142857,2.57142857142857,1.57142857142857,2,1,1,0,0,0,,0,0,1,,4428
16,222,"222s5",5,1,19,1,1,2,2.14285714285714,2.57142857142857,2.57142857142857,1.57142857142857,1,-1,1,0,1,2,,2,1,0,,4429
16,222,"222s5",5,1,19,1,1,2,2.14285714285714,2.57142857142857,2.57142857142857,1.57142857142857,2,3,0,1,2,1,,1,2,0,,4430
16,222,"222s6",6,0,19,1,1,2,2.14285714285714,2.57142857142857,2.57142857142857,1.57142857142857,1,5,0,1,2,1,2,1,2,0,1,4431
16,222,"222s6",6,0,19,1,1,2,2.14285714285714,2.57142857142857,2.57142857142857,1.57142857142857,2,0,1,0,1,2,2,2,1,0,1,4432
16,222,"222s7",7,0,19,1,1,2,2.14285714285714,2.57142857142857,2.57142857142857,1.57142857142857,1,-1,1,0,1,2,2,2,1,0,1,4433
16,222,"222s7",7,0,19,1,1,2,2.14285714285714,2.57142857142857,2.57142857142857,1.57142857142857,2,4,0,1,2,1,2,1,2,0,1,4434
16,222,"222s8",8,0,19,1,1,2,2.14285714285714,2.57142857142857,2.57142857142857,1.57142857142857,1,-2,1,0,2,1,2,1,2,0,1,4435
16,222,"222s8",8,0,19,1,1,2,2.14285714285714,2.57142857142857,2.57142857142857,1.57142857142857,2,4,0,1,1,2,2,2,1,0,1,4436
16,222,"222s9",9,0,19,1,1,2,2.14285714285714,2.57142857142857,2.57142857142857,1.57142857142857,1,5,0,1,1,1,1,2,2,1,2,4437
16,222,"222s9",9,0,19,1,1,2,2.14285714285714,2.57142857142857,2.57142857142857,1.57142857142857,2,-1,1,0,1,1,1,2,2,1,2,4438
16,222,"222s10",10,0,19,1,1,2,2.14285714285714,2.57142857142857,2.57142857142857,1.57142857142857,1,-1,1,0,0,2,2,0,1,0,1,4439
16,222,"222s10",10,0,19,1,1,2,2.14285714285714,2.57142857142857,2.57142857142857,1.57142857142857,2,4,0,1,2,0,2,1,0,0,1,4440
16,223,"223s1",1,0,20,2,1,2,1.14285714285714,3.14285714285714,1.71428571428571,2.85714285714286,1,7,0,0,2,0,2,1,0,0,1,4441
16,223,"223s1",1,0,20,2,1,2,1.14285714285714,3.14285714285714,1.71428571428571,2.85714285714286,2,7,0,0,0,2,2,0,1,0,1,4442
16,223,"223s2",2,0,20,2,1,2,1.14285714285714,3.14285714285714,1.71428571428571,2.85714285714286,1,9,0,1,2,1,2,1,2,0,1,4443
16,223,"223s2",2,0,20,2,1,2,1.14285714285714,3.14285714285714,1.71428571428571,2.85714285714286,2,-2,1,0,1,2,2,2,1,0,1,4444
16,223,"223s3",3,0,20,2,1,2,1.14285714285714,3.14285714285714,1.71428571428571,2.85714285714286,1,8,0,0,0,1,2,0,2,0,1,4445
16,223,"223s3",3,0,20,2,1,2,1.14285714285714,3.14285714285714,1.71428571428571,2.85714285714286,2,8,0,0,1,0,2,2,0,0,1,4446
16,223,"223s4",4,0,20,2,1,2,1.14285714285714,3.14285714285714,1.71428571428571,2.85714285714286,1,-3,1,0,1,2,1,2,1,0,2,4447
16,223,"223s4",4,0,20,2,1,2,1.14285714285714,3.14285714285714,1.71428571428571,2.85714285714286,2,7,0,1,2,1,1,1,2,0,2,4448
16,223,"223s5",5,0,20,2,1,2,1.14285714285714,3.14285714285714,1.71428571428571,2.85714285714286,1,-3,1,0,1,0,2,2,0,0,1,4449
16,223,"223s5",5,0,20,2,1,2,1.14285714285714,3.14285714285714,1.71428571428571,2.85714285714286,2,8,0,1,0,1,2,0,2,0,1,4450
16,223,"223s6",6,1,20,2,1,2,1.14285714285714,3.14285714285714,1.71428571428571,2.85714285714286,1,-5,1,1,1,2,,2,1,0,,4451
16,223,"223s6",6,1,20,2,1,2,1.14285714285714,3.14285714285714,1.71428571428571,2.85714285714286,2,-5,1,1,2,1,,1,2,0,,4452
16,223,"223s7",7,1,20,2,1,2,1.14285714285714,3.14285714285714,1.71428571428571,2.85714285714286,1,-5,1,0,0,2,,0,1,0,,4453
16,223,"223s7",7,1,20,2,1,2,1.14285714285714,3.14285714285714,1.71428571428571,2.85714285714286,2,7,0,1,2,0,,1,0,0,,4454
16,223,"223s8",8,1,20,2,1,2,1.14285714285714,3.14285714285714,1.71428571428571,2.85714285714286,1,-6,1,1,1,0,,2,0,0,,4455
16,223,"223s8",8,1,20,2,1,2,1.14285714285714,3.14285714285714,1.71428571428571,2.85714285714286,2,-6,1,1,0,1,,0,2,0,,4456
16,223,"223s9",9,1,20,2,1,2,1.14285714285714,3.14285714285714,1.71428571428571,2.85714285714286,1,-5,1,0,0,0,,0,0,1,,4457
16,223,"223s9",9,1,20,2,1,2,1.14285714285714,3.14285714285714,1.71428571428571,2.85714285714286,2,-5,0,1,0,0,,0,0,1,,4458
16,223,"223s10",10,1,20,2,1,2,1.14285714285714,3.14285714285714,1.71428571428571,2.85714285714286,1,-6,1,0,0,1,,0,2,0,,4459
16,223,"223s10",10,1,20,2,1,2,1.14285714285714,3.14285714285714,1.71428571428571,2.85714285714286,2,9,0,1,1,0,,2,0,0,,4460
16,224,"224s1",1,1,19,2,0,2,1.57142857142857,2.85714285714286,3.42857142857143,1.14285714285714,1,-4,1,1,1,0,,2,0,0,,4461
16,224,"224s1",1,1,19,2,0,2,1.57142857142857,2.85714285714286,3.42857142857143,1.14285714285714,2,-4,1,1,0,1,,0,2,0,,4462
16,224,"224s2",2,1,19,2,0,2,1.57142857142857,2.85714285714286,3.42857142857143,1.14285714285714,1,9,0,0,0,0,,0,0,1,,4463
16,224,"224s2",2,1,19,2,0,2,1.57142857142857,2.85714285714286,3.42857142857143,1.14285714285714,2,9,0,0,0,0,,0,0,1,,4464
16,224,"224s3",3,1,19,2,0,2,1.57142857142857,2.85714285714286,3.42857142857143,1.14285714285714,1,9,0,0,2,2,,1,1,1,,4465
16,224,"224s3",3,1,19,2,0,2,1.57142857142857,2.85714285714286,3.42857142857143,1.14285714285714,2,9,0,0,2,2,,1,1,1,,4466
16,224,"224s4",4,1,19,2,0,2,1.57142857142857,2.85714285714286,3.42857142857143,1.14285714285714,1,-7,1,0,0,0,,0,0,1,,4467
16,224,"224s4",4,1,19,2,0,2,1.57142857142857,2.85714285714286,3.42857142857143,1.14285714285714,2,9,0,1,0,0,,0,0,1,,4468
16,224,"224s5",5,1,19,2,0,2,1.57142857142857,2.85714285714286,3.42857142857143,1.14285714285714,1,8,1,1,0,1,,0,2,0,,4469
16,224,"224s5",5,1,19,2,0,2,1.57142857142857,2.85714285714286,3.42857142857143,1.14285714285714,2,-6,1,1,1,0,,2,0,0,,4470
16,224,"224s6",6,0,19,2,0,2,1.57142857142857,2.85714285714286,3.42857142857143,1.14285714285714,1,9,0,0,0,1,2,0,2,0,1,4471
16,224,"224s6",6,0,19,2,0,2,1.57142857142857,2.85714285714286,3.42857142857143,1.14285714285714,2,9,0,0,1,0,2,2,0,0,1,4472
16,224,"224s7",7,0,19,2,0,2,1.57142857142857,2.85714285714286,3.42857142857143,1.14285714285714,1,9,0,1,1,2,1,2,1,0,2,4473
16,224,"224s7",7,0,19,2,0,2,1.57142857142857,2.85714285714286,3.42857142857143,1.14285714285714,2,-7,1,0,2,1,1,1,2,0,2,4474
16,224,"224s8",8,0,19,2,0,2,1.57142857142857,2.85714285714286,3.42857142857143,1.14285714285714,1,9,0,0,1,0,2,2,0,0,1,4475
16,224,"224s8",8,0,19,2,0,2,1.57142857142857,2.85714285714286,3.42857142857143,1.14285714285714,2,9,0,0,0,1,2,0,2,0,1,4476
16,224,"224s9",9,0,19,2,0,2,1.57142857142857,2.85714285714286,3.42857142857143,1.14285714285714,1,9,0,0,0,0,1,0,0,1,2,4477
16,224,"224s9",9,0,19,2,0,2,1.57142857142857,2.85714285714286,3.42857142857143,1.14285714285714,2,9,0,0,0,0,1,0,0,1,2,4478
16,224,"224s10",10,0,19,2,0,2,1.57142857142857,2.85714285714286,3.42857142857143,1.14285714285714,1,-7,1,0,1,1,1,2,2,1,2,4479
16,224,"224s10",10,0,19,2,0,2,1.57142857142857,2.85714285714286,3.42857142857143,1.14285714285714,2,9,0,1,1,1,1,2,2,1,2,4480
16,225,"225s1",1,1,23,2,1,2,0.571428571428571,1.85714285714286,2,1,1,-4,1,0,0,1,,0,2,0,,4481
16,225,"225s1",1,1,23,2,1,2,0.571428571428571,1.85714285714286,2,1,2,8,0,1,1,0,,2,0,0,,4482
16,225,"225s2",2,1,23,2,1,2,0.571428571428571,1.85714285714286,2,1,1,-5,1,1,1,2,,2,1,0,,4483
16,225,"225s2",2,1,23,2,1,2,0.571428571428571,1.85714285714286,2,1,2,-5,1,1,2,1,,1,2,0,,4484
16,225,"225s3",3,1,23,2,1,2,0.571428571428571,1.85714285714286,2,1,1,-5,1,0,2,2,,1,1,1,,4485
16,225,"225s3",3,1,23,2,1,2,0.571428571428571,1.85714285714286,2,1,2,5,0,1,2,2,,1,1,1,,4486
16,225,"225s4",4,1,23,2,1,2,0.571428571428571,1.85714285714286,2,1,1,5,0,1,2,1,,1,2,0,,4487
16,225,"225s4",4,1,23,2,1,2,0.571428571428571,1.85714285714286,2,1,2,-5,1,0,1,2,,2,1,0,,4488
16,225,"225s5",5,1,23,2,1,2,0.571428571428571,1.85714285714286,2,1,1,5,0,1,2,2,,1,1,1,,4489
16,225,"225s5",5,1,23,2,1,2,0.571428571428571,1.85714285714286,2,1,2,-5,1,0,2,2,,1,1,1,,4490
16,225,"225s6",6,0,23,2,1,2,0.571428571428571,1.85714285714286,2,1,1,-5,1,1,1,0,1,2,0,0,2,4491
16,225,"225s6",6,0,23,2,1,2,0.571428571428571,1.85714285714286,2,1,2,-5,1,1,0,1,1,0,2,0,2,4492
16,225,"225s7",7,0,23,2,1,2,0.571428571428571,1.85714285714286,2,1,1,8,0,0,2,2,1,1,1,1,2,4493
16,225,"225s7",7,0,23,2,1,2,0.571428571428571,1.85714285714286,2,1,2,8,0,0,2,2,1,1,1,1,2,4494
16,225,"225s8",8,0,23,2,1,2,0.571428571428571,1.85714285714286,2,1,1,8,0,0,2,1,1,1,2,0,2,4495
16,225,"225s8",8,0,23,2,1,2,0.571428571428571,1.85714285714286,2,1,2,8,0,0,1,2,1,2,1,0,2,4496
16,225,"225s9",9,0,23,2,1,2,0.571428571428571,1.85714285714286,2,1,1,-6,1,0,1,2,1,2,1,0,2,4497
16,225,"225s9",9,0,23,2,1,2,0.571428571428571,1.85714285714286,2,1,2,6,0,1,2,1,1,1,2,0,2,4498
16,225,"225s10",10,0,23,2,1,2,0.571428571428571,1.85714285714286,2,1,1,8,0,1,2,2,2,1,1,1,1,4499
16,225,"225s10",10,0,23,2,1,2,0.571428571428571,1.85714285714286,2,1,2,-7,1,0,2,2,2,1,1,1,1,4500
16,226,"226s1",1,0,23,3,0,2,1.14285714285714,2.71428571428571,2.57142857142857,1,1,9,0,1,1,0,2,2,0,0,1,4501
16,226,"226s1",1,0,23,3,0,2,1.14285714285714,2.71428571428571,2.57142857142857,1,2,-9,1,0,0,1,2,0,2,0,1,4502
16,226,"226s2",2,0,23,3,0,2,1.14285714285714,2.71428571428571,2.57142857142857,1,1,-9,1,0,0,2,2,0,1,0,1,4503
16,226,"226s2",2,0,23,3,0,2,1.14285714285714,2.71428571428571,2.57142857142857,1,2,9,0,1,2,0,2,1,0,0,1,4504
16,226,"226s3",3,0,23,3,0,2,1.14285714285714,2.71428571428571,2.57142857142857,1,1,-9,1,0,2,1,2,1,2,0,1,4505
16,226,"226s3",3,0,23,3,0,2,1.14285714285714,2.71428571428571,2.57142857142857,1,2,9,0,1,1,2,2,2,1,0,1,4506
16,226,"226s4",4,0,23,3,0,2,1.14285714285714,2.71428571428571,2.57142857142857,1,1,-9,0,1,0,1,1,0,2,0,2,4507
16,226,"226s4",4,0,23,3,0,2,1.14285714285714,2.71428571428571,2.57142857142857,1,2,9,1,0,1,0,1,2,0,0,2,4508
16,226,"226s5",5,0,23,3,0,2,1.14285714285714,2.71428571428571,2.57142857142857,1,1,-9,1,0,1,2,1,2,1,0,2,4509
16,226,"226s5",5,0,23,3,0,2,1.14285714285714,2.71428571428571,2.57142857142857,1,2,9,0,1,2,1,1,1,2,0,2,4510
16,226,"226s6",6,1,23,3,0,2,1.14285714285714,2.71428571428571,2.57142857142857,1,1,-9,1,0,2,2,,1,1,1,,4511
16,226,"226s6",6,1,23,3,0,2,1.14285714285714,2.71428571428571,2.57142857142857,1,2,9,0,1,2,2,,1,1,1,,4512
16,226,"226s7",7,1,23,3,0,2,1.14285714285714,2.71428571428571,2.57142857142857,1,1,9,0,0,2,2,,1,1,1,,4513
16,226,"226s7",7,1,23,3,0,2,1.14285714285714,2.71428571428571,2.57142857142857,1,2,9,0,0,2,2,,1,1,1,,4514
16,226,"226s8",8,1,23,3,0,2,1.14285714285714,2.71428571428571,2.57142857142857,1,1,9,0,1,0,0,,0,0,1,,4515
16,226,"226s8",8,1,23,3,0,2,1.14285714285714,2.71428571428571,2.57142857142857,1,2,-9,1,0,0,0,,0,0,1,,4516
16,226,"226s9",9,1,23,3,0,2,1.14285714285714,2.71428571428571,2.57142857142857,1,1,-9,1,0,1,2,,2,1,0,,4517
16,226,"226s9",9,1,23,3,0,2,1.14285714285714,2.71428571428571,2.57142857142857,1,2,9,0,1,2,1,,1,2,0,,4518
16,226,"226s10",10,1,23,3,0,2,1.14285714285714,2.71428571428571,2.57142857142857,1,1,0,1,1,0,1,,0,2,0,,4519
16,226,"226s10",10,1,23,3,0,2,1.14285714285714,2.71428571428571,2.57142857142857,1,2,0,1,1,1,0,,2,0,0,,4520
16,227,"227s1",1,0,22,2,1,2,1.42857142857143,3.28571428571429,2.42857142857143,2,1,-5,1,1,0,0,1,0,0,1,2,4521
16,227,"227s1",1,0,22,2,1,2,1.42857142857143,3.28571428571429,2.42857142857143,2,2,-5,1,1,0,0,1,0,0,1,2,4522
16,227,"227s2",2,0,22,2,1,2,1.42857142857143,3.28571428571429,2.42857142857143,2,1,-2,1,1,0,2,1,0,1,0,2,4523
16,227,"227s2",2,0,22,2,1,2,1.42857142857143,3.28571428571429,2.42857142857143,2,2,-2,1,1,2,0,1,1,0,0,2,4524
16,227,"227s3",3,0,22,2,1,2,1.42857142857143,3.28571428571429,2.42857142857143,2,1,3,0,1,2,2,1,1,1,1,2,4525
16,227,"227s3",3,0,22,2,1,2,1.42857142857143,3.28571428571429,2.42857142857143,2,2,-3,1,0,2,2,1,1,1,1,2,4526
16,227,"227s4",4,0,22,2,1,2,1.42857142857143,3.28571428571429,2.42857142857143,2,1,7,0,0,1,2,1,2,1,0,2,4527
16,227,"227s4",4,0,22,2,1,2,1.42857142857143,3.28571428571429,2.42857142857143,2,2,7,0,0,2,1,1,1,2,0,2,4528
16,227,"227s5",5,0,22,2,1,2,1.42857142857143,3.28571428571429,2.42857142857143,2,1,7,0,1,1,0,2,2,0,0,1,4529
16,227,"227s5",5,0,22,2,1,2,1.42857142857143,3.28571428571429,2.42857142857143,2,2,-2,1,0,0,1,2,0,2,0,1,4530
16,227,"227s6",6,1,22,2,1,2,1.42857142857143,3.28571428571429,2.42857142857143,2,1,-7,1,0,2,2,,1,1,1,,4531
16,227,"227s6",6,1,22,2,1,2,1.42857142857143,3.28571428571429,2.42857142857143,2,2,7,0,1,2,2,,1,1,1,,4532
16,227,"227s7",7,1,22,2,1,2,1.42857142857143,3.28571428571429,2.42857142857143,2,1,8,0,0,0,2,,0,1,0,,4533
16,227,"227s7",7,1,22,2,1,2,1.42857142857143,3.28571428571429,2.42857142857143,2,2,8,0,0,2,0,,1,0,0,,4534
16,227,"227s8",8,1,22,2,1,2,1.42857142857143,3.28571428571429,2.42857142857143,2,1,-7,1,0,2,0,,1,0,0,,4535
16,227,"227s8",8,1,22,2,1,2,1.42857142857143,3.28571428571429,2.42857142857143,2,2,7,0,1,0,2,,0,1,0,,4536
16,227,"227s9",9,1,22,2,1,2,1.42857142857143,3.28571428571429,2.42857142857143,2,1,-9,1,1,0,2,,0,1,0,,4537
16,227,"227s9",9,1,22,2,1,2,1.42857142857143,3.28571428571429,2.42857142857143,2,2,-9,1,1,2,0,,1,0,0,,4538
16,227,"227s10",10,1,22,2,1,2,1.42857142857143,3.28571428571429,2.42857142857143,2,1,8,0,1,1,2,,2,1,0,,4539
16,227,"227s10",10,1,22,2,1,2,1.42857142857143,3.28571428571429,2.42857142857143,2,2,-9,1,0,2,1,,1,2,0,,4540
16,228,"228s1",1,1,22,1,1,2,1.28571428571429,2.42857142857143,2.71428571428571,1.28571428571429,1,0,1,1,0,0,,0,0,1,,4541
16,228,"228s1",1,1,22,1,1,2,1.28571428571429,2.42857142857143,2.71428571428571,1.28571428571429,2,0,1,1,0,0,,0,0,1,,4542
16,228,"228s2",2,1,22,1,1,2,1.28571428571429,2.42857142857143,2.71428571428571,1.28571428571429,1,-1,1,0,0,0,,0,0,1,,4543
16,228,"228s2",2,1,22,1,1,2,1.28571428571429,2.42857142857143,2.71428571428571,1.28571428571429,2,0,0,1,0,0,,0,0,1,,4544
16,228,"228s3",3,1,22,1,1,2,1.28571428571429,2.42857142857143,2.71428571428571,1.28571428571429,1,0,0,0,0,0,,0,0,1,,4545
16,228,"228s3",3,1,22,1,1,2,1.28571428571429,2.42857142857143,2.71428571428571,1.28571428571429,2,0,0,0,0,0,,0,0,1,,4546
16,228,"228s4",4,1,22,1,1,2,1.28571428571429,2.42857142857143,2.71428571428571,1.28571428571429,1,1,1,0,2,1,,1,2,0,,4547
16,228,"228s4",4,1,22,1,1,2,1.28571428571429,2.42857142857143,2.71428571428571,1.28571428571429,2,1,0,1,1,2,,2,1,0,,4548
16,228,"228s5",5,1,22,1,1,2,1.28571428571429,2.42857142857143,2.71428571428571,1.28571428571429,1,-1,1,1,0,1,,0,2,0,,4549
16,228,"228s5",5,1,22,1,1,2,1.28571428571429,2.42857142857143,2.71428571428571,1.28571428571429,2,-1,1,1,1,0,,2,0,0,,4550
16,228,"228s6",6,0,22,1,1,2,1.28571428571429,2.42857142857143,2.71428571428571,1.28571428571429,1,4,0,0,1,1,2,2,2,1,1,4551
16,228,"228s6",6,0,22,1,1,2,1.28571428571429,2.42857142857143,2.71428571428571,1.28571428571429,2,4,0,0,1,1,2,2,2,1,1,4552
16,228,"228s7",7,0,22,1,1,2,1.28571428571429,2.42857142857143,2.71428571428571,1.28571428571429,1,-1,1,0,2,0,1,1,0,0,2,4553
16,228,"228s7",7,0,22,1,1,2,1.28571428571429,2.42857142857143,2.71428571428571,1.28571428571429,2,1,0,1,0,2,1,0,1,0,2,4554
16,228,"228s8",8,0,22,1,1,2,1.28571428571429,2.42857142857143,2.71428571428571,1.28571428571429,1,0,0,1,1,1,1,2,2,1,2,4555
16,228,"228s8",8,0,22,1,1,2,1.28571428571429,2.42857142857143,2.71428571428571,1.28571428571429,2,-2,1,0,1,1,1,2,2,1,2,4556
16,228,"228s9",9,0,22,1,1,2,1.28571428571429,2.42857142857143,2.71428571428571,1.28571428571429,1,0,1,1,1,0,1,2,0,0,2,4557
16,228,"228s9",9,0,22,1,1,2,1.28571428571429,2.42857142857143,2.71428571428571,1.28571428571429,2,0,1,1,0,1,1,0,2,0,2,4558
16,228,"228s10",10,0,22,1,1,2,1.28571428571429,2.42857142857143,2.71428571428571,1.28571428571429,1,5,0,0,2,0,2,1,0,0,1,4559
16,228,"228s10",10,0,22,1,1,2,1.28571428571429,2.42857142857143,2.71428571428571,1.28571428571429,2,5,0,0,0,2,2,0,1,0,1,4560
16,229,"229s1",1,1,21,3,0,1,1,2.85714285714286,2.28571428571429,1.42857142857143,1,-4,0,1,1,0,,1,0,0,,4561
16,229,"229s1",1,1,21,3,0,1,1,2.85714285714286,2.28571428571429,1.42857142857143,2,4,1,0,0,1,,0,1,0,,4562
16,229,"229s2",2,1,21,3,0,1,1,2.85714285714286,2.28571428571429,1.42857142857143,1,1,1,1,1,2,,1,2,0,,4563
16,229,"229s2",2,1,21,3,0,1,1,2.85714285714286,2.28571428571429,1.42857142857143,2,1,1,1,2,1,,2,1,0,,4564
16,229,"229s3",3,1,21,3,0,1,1,2.85714285714286,2.28571428571429,1.42857142857143,1,-9,0,1,1,1,,1,1,1,,4565
16,229,"229s3",3,1,21,3,0,1,1,2.85714285714286,2.28571428571429,1.42857142857143,2,9,1,0,1,1,,1,1,1,,4566
16,229,"229s4",4,1,21,3,0,1,1,2.85714285714286,2.28571428571429,1.42857142857143,1,9,0,0,2,0,,2,0,0,,4567
16,229,"229s4",4,1,21,3,0,1,1,2.85714285714286,2.28571428571429,1.42857142857143,2,9,0,0,0,2,,0,2,0,,4568
16,229,"229s5",5,1,21,3,0,1,1,2.85714285714286,2.28571428571429,1.42857142857143,1,-1,1,0,0,1,,0,1,0,,4569
16,229,"229s5",5,1,21,3,0,1,1,2.85714285714286,2.28571428571429,1.42857142857143,2,-1,0,1,1,0,,1,0,0,,4570
16,229,"229s6",6,0,21,3,0,1,1,2.85714285714286,2.28571428571429,1.42857142857143,1,4,1,0,2,2,1,2,2,1,1,4571
16,229,"229s6",6,0,21,3,0,1,1,2.85714285714286,2.28571428571429,1.42857142857143,2,-5,0,1,2,2,1,2,2,1,1,4572
16,229,"229s7",7,0,21,3,0,1,1,2.85714285714286,2.28571428571429,1.42857142857143,1,1,0,0,2,2,1,2,2,1,1,4573
16,229,"229s7",7,0,21,3,0,1,1,2.85714285714286,2.28571428571429,1.42857142857143,2,1,0,0,2,2,1,2,2,1,1,4574
16,229,"229s8",8,0,21,3,0,1,1,2.85714285714286,2.28571428571429,1.42857142857143,1,-1,0,1,2,2,2,2,2,1,2,4575
16,229,"229s8",8,0,21,3,0,1,1,2.85714285714286,2.28571428571429,1.42857142857143,2,3,1,0,2,2,2,2,2,1,2,4576
16,229,"229s9",9,0,21,3,0,1,1,2.85714285714286,2.28571428571429,1.42857142857143,1,2,1,0,2,0,2,2,0,0,2,4577
16,229,"229s9",9,0,21,3,0,1,1,2.85714285714286,2.28571428571429,1.42857142857143,2,-1,0,1,0,2,2,0,2,0,2,4578
16,229,"229s10",10,0,21,3,0,1,1,2.85714285714286,2.28571428571429,1.42857142857143,1,2,1,1,1,2,2,1,2,0,2,4579
16,229,"229s10",10,0,21,3,0,1,1,2.85714285714286,2.28571428571429,1.42857142857143,2,2,1,1,2,1,2,2,1,0,2,4580
16,230,"230s1",1,0,18,3,1,1,0.857142857142857,1.71428571428571,1.71428571428571,1.14285714285714,1,0,0,1,0,0,2,0,0,1,2,4581
16,230,"230s1",1,0,18,3,1,1,0.857142857142857,1.71428571428571,1.71428571428571,1.14285714285714,2,0,1,0,0,0,2,0,0,1,2,4582
16,230,"230s2",2,0,18,3,1,1,0.857142857142857,1.71428571428571,1.71428571428571,1.14285714285714,1,0,0,1,1,0,2,1,0,0,2,4583
16,230,"230s2",2,0,18,3,1,1,0.857142857142857,1.71428571428571,1.71428571428571,1.14285714285714,2,0,1,0,0,1,2,0,1,0,2,4584
16,230,"230s3",3,0,18,3,1,1,0.857142857142857,1.71428571428571,1.71428571428571,1.14285714285714,1,0,1,1,0,2,2,0,2,0,2,4585
16,230,"230s3",3,0,18,3,1,1,0.857142857142857,1.71428571428571,1.71428571428571,1.14285714285714,2,0,1,1,2,0,2,2,0,0,2,4586
16,230,"230s4",4,0,18,3,1,1,0.857142857142857,1.71428571428571,1.71428571428571,1.14285714285714,1,0,0,1,2,1,1,2,1,0,1,4587
16,230,"230s4",4,0,18,3,1,1,0.857142857142857,1.71428571428571,1.71428571428571,1.14285714285714,2,0,1,0,1,2,1,1,2,0,1,4588
16,230,"230s5",5,0,18,3,1,1,0.857142857142857,1.71428571428571,1.71428571428571,1.14285714285714,1,0,0,1,2,0,2,2,0,0,2,4589
16,230,"230s5",5,0,18,3,1,1,0.857142857142857,1.71428571428571,1.71428571428571,1.14285714285714,2,0,1,0,0,2,2,0,2,0,2,4590
16,230,"230s6",6,1,18,3,1,1,0.857142857142857,1.71428571428571,1.71428571428571,1.14285714285714,1,0,0,1,0,0,,0,0,1,,4591
16,230,"230s6",6,1,18,3,1,1,0.857142857142857,1.71428571428571,1.71428571428571,1.14285714285714,2,-1,1,0,0,0,,0,0,1,,4592
16,230,"230s7",7,1,18,3,1,1,0.857142857142857,1.71428571428571,1.71428571428571,1.14285714285714,1,-1,1,0,0,0,,0,0,1,,4593
16,230,"230s7",7,1,18,3,1,1,0.857142857142857,1.71428571428571,1.71428571428571,1.14285714285714,2,0,0,1,0,0,,0,0,1,,4594
16,230,"230s8",8,1,18,3,1,1,0.857142857142857,1.71428571428571,1.71428571428571,1.14285714285714,1,0,0,0,0,0,,0,0,1,,4595
16,230,"230s8",8,1,18,3,1,1,0.857142857142857,1.71428571428571,1.71428571428571,1.14285714285714,2,0,0,0,0,0,,0,0,1,,4596
16,230,"230s9",9,1,18,3,1,1,0.857142857142857,1.71428571428571,1.71428571428571,1.14285714285714,1,0,0,1,0,2,,0,2,0,,4597
16,230,"230s9",9,1,18,3,1,1,0.857142857142857,1.71428571428571,1.71428571428571,1.14285714285714,2,-1,1,0,2,0,,2,0,0,,4598
16,230,"230s10",10,1,18,3,1,1,0.857142857142857,1.71428571428571,1.71428571428571,1.14285714285714,1,-1,1,1,2,2,,2,2,1,,4599
16,230,"230s10",10,1,18,3,1,1,0.857142857142857,1.71428571428571,1.71428571428571,1.14285714285714,2,-1,1,1,2,2,,2,2,1,,4600
16,231,"231s1",1,0,19,1,0,2,1.57142857142857,2.28571428571429,2.57142857142857,1.14285714285714,1,0,1,1,1,2,1,2,1,0,2,4601
16,231,"231s1",1,0,19,1,0,2,1.57142857142857,2.28571428571429,2.57142857142857,1.14285714285714,2,0,1,1,2,1,1,1,2,0,2,4602
16,231,"231s2",2,0,19,1,0,2,1.57142857142857,2.28571428571429,2.57142857142857,1.14285714285714,1,2,1,0,2,1,2,1,2,0,1,4603
16,231,"231s2",2,0,19,1,0,2,1.57142857142857,2.28571428571429,2.57142857142857,1.14285714285714,2,2,0,1,1,2,2,2,1,0,1,4604
16,231,"231s3",3,0,19,1,0,2,1.57142857142857,2.28571428571429,2.57142857142857,1.14285714285714,1,0,1,0,2,2,2,1,1,1,1,4605
16,231,"231s3",3,0,19,1,0,2,1.57142857142857,2.28571428571429,2.57142857142857,1.14285714285714,2,0,0,1,2,2,2,1,1,1,1,4606
16,231,"231s4",4,0,19,1,0,2,1.57142857142857,2.28571428571429,2.57142857142857,1.14285714285714,1,1,0,1,0,2,1,0,1,0,2,4607
16,231,"231s4",4,0,19,1,0,2,1.57142857142857,2.28571428571429,2.57142857142857,1.14285714285714,2,1,1,0,2,0,1,1,0,0,2,4608
16,231,"231s5",5,0,19,1,0,2,1.57142857142857,2.28571428571429,2.57142857142857,1.14285714285714,1,0,1,0,0,0,2,0,0,1,1,4609
16,231,"231s5",5,0,19,1,0,2,1.57142857142857,2.28571428571429,2.57142857142857,1.14285714285714,2,0,0,1,0,0,2,0,0,1,1,4610
16,231,"231s6",6,1,19,1,0,2,1.57142857142857,2.28571428571429,2.57142857142857,1.14285714285714,1,1,0,0,2,1,,1,2,0,,4611
16,231,"231s6",6,1,19,1,0,2,1.57142857142857,2.28571428571429,2.57142857142857,1.14285714285714,2,1,0,0,1,2,,2,1,0,,4612
16,231,"231s7",7,1,19,1,0,2,1.57142857142857,2.28571428571429,2.57142857142857,1.14285714285714,1,0,0,1,2,0,,1,0,0,,4613
16,231,"231s7",7,1,19,1,0,2,1.57142857142857,2.28571428571429,2.57142857142857,1.14285714285714,2,0,1,0,0,2,,0,1,0,,4614
16,231,"231s8",8,1,19,1,0,2,1.57142857142857,2.28571428571429,2.57142857142857,1.14285714285714,1,1,1,0,1,2,,2,1,0,,4615
16,231,"231s8",8,1,19,1,0,2,1.57142857142857,2.28571428571429,2.57142857142857,1.14285714285714,2,1,0,1,2,1,,1,2,0,,4616
16,231,"231s9",9,1,19,1,0,2,1.57142857142857,2.28571428571429,2.57142857142857,1.14285714285714,1,0,0,1,0,2,,0,1,0,,4617
16,231,"231s9",9,1,19,1,0,2,1.57142857142857,2.28571428571429,2.57142857142857,1.14285714285714,2,0,1,0,2,0,,1,0,0,,4618
16,231,"231s10",10,1,19,1,0,2,1.57142857142857,2.28571428571429,2.57142857142857,1.14285714285714,1,1,0,0,2,0,,1,0,0,,4619
16,231,"231s10",10,1,19,1,0,2,1.57142857142857,2.28571428571429,2.57142857142857,1.14285714285714,2,1,0,0,0,2,,0,1,0,,4620
16,232,"232s1",1,1,18,2,1,2,2.57142857142857,2.85714285714286,3.14285714285714,0.714285714285714,1,9,1,1,1,0,,2,0,0,,4621
16,232,"232s1",1,1,18,2,1,2,2.57142857142857,2.85714285714286,3.14285714285714,0.714285714285714,2,9,1,1,0,1,,0,2,0,,4622
16,232,"232s2",2,1,18,2,1,2,2.57142857142857,2.85714285714286,3.14285714285714,0.714285714285714,1,9,0,0,1,0,,2,0,0,,4623
16,232,"232s2",2,1,18,2,1,2,2.57142857142857,2.85714285714286,3.14285714285714,0.714285714285714,2,9,0,0,0,1,,0,2,0,,4624
16,232,"232s3",3,1,18,2,1,2,2.57142857142857,2.85714285714286,3.14285714285714,0.714285714285714,1,4,1,1,1,1,,2,2,1,,4625
16,232,"232s3",3,1,18,2,1,2,2.57142857142857,2.85714285714286,3.14285714285714,0.714285714285714,2,4,1,1,1,1,,2,2,1,,4626
16,232,"232s4",4,1,18,2,1,2,2.57142857142857,2.85714285714286,3.14285714285714,0.714285714285714,1,3,1,1,1,0,,2,0,0,,4627
16,232,"232s4",4,1,18,2,1,2,2.57142857142857,2.85714285714286,3.14285714285714,0.714285714285714,2,3,1,1,0,1,,0,2,0,,4628
16,232,"232s5",5,1,18,2,1,2,2.57142857142857,2.85714285714286,3.14285714285714,0.714285714285714,1,5,1,0,2,0,,1,0,0,,4629
16,232,"232s5",5,1,18,2,1,2,2.57142857142857,2.85714285714286,3.14285714285714,0.714285714285714,2,9,0,1,0,2,,0,1,0,,4630
16,232,"232s6",6,0,18,2,1,2,2.57142857142857,2.85714285714286,3.14285714285714,0.714285714285714,1,-2,1,0,0,0,2,0,0,1,1,4631
16,232,"232s6",6,0,18,2,1,2,2.57142857142857,2.85714285714286,3.14285714285714,0.714285714285714,2,9,0,1,0,0,2,0,0,1,1,4632
16,232,"232s7",7,0,18,2,1,2,2.57142857142857,2.85714285714286,3.14285714285714,0.714285714285714,1,9,0,1,2,0,2,1,0,0,1,4633
16,232,"232s7",7,0,18,2,1,2,2.57142857142857,2.85714285714286,3.14285714285714,0.714285714285714,2,2,1,0,0,2,2,0,1,0,1,4634
16,232,"232s8",8,0,18,2,1,2,2.57142857142857,2.85714285714286,3.14285714285714,0.714285714285714,1,2,1,0,1,0,2,2,0,0,1,4635
16,232,"232s8",8,0,18,2,1,2,2.57142857142857,2.85714285714286,3.14285714285714,0.714285714285714,2,9,0,1,0,1,2,0,2,0,1,4636
16,232,"232s9",9,0,18,2,1,2,2.57142857142857,2.85714285714286,3.14285714285714,0.714285714285714,1,5,1,1,2,2,1,1,1,1,2,4637
16,232,"232s9",9,0,18,2,1,2,2.57142857142857,2.85714285714286,3.14285714285714,0.714285714285714,2,5,1,1,2,2,1,1,1,1,2,4638
16,232,"232s10",10,0,18,2,1,2,2.57142857142857,2.85714285714286,3.14285714285714,0.714285714285714,1,9,0,1,0,0,2,0,0,1,1,4639
16,232,"232s10",10,0,18,2,1,2,2.57142857142857,2.85714285714286,3.14285714285714,0.714285714285714,2,3,1,0,0,0,2,0,0,1,1,4640
16,233,"233s1",1,1,20,1,1,1,2,2.71428571428571,2.71428571428571,1.28571428571429,1,-9,1,0,0,0,,0,0,1,,4641
16,233,"233s1",1,1,20,1,1,1,2,2.71428571428571,2.71428571428571,1.28571428571429,2,9,0,1,0,0,,0,0,1,,4642
16,233,"233s2",2,1,20,1,1,1,2,2.71428571428571,2.71428571428571,1.28571428571429,1,-9,1,1,2,2,,2,2,1,,4643
16,233,"233s2",2,1,20,1,1,1,2,2.71428571428571,2.71428571428571,1.28571428571429,2,-9,1,1,2,2,,2,2,1,,4644
16,233,"233s3",3,1,20,1,1,1,2,2.71428571428571,2.71428571428571,1.28571428571429,1,9,0,1,1,1,,1,1,1,,4645
16,233,"233s3",3,1,20,1,1,1,2,2.71428571428571,2.71428571428571,1.28571428571429,2,-9,1,0,1,1,,1,1,1,,4646
16,233,"233s4",4,1,20,1,1,1,2,2.71428571428571,2.71428571428571,1.28571428571429,1,-9,1,0,2,1,,2,1,0,,4647
16,233,"233s4",4,1,20,1,1,1,2,2.71428571428571,2.71428571428571,1.28571428571429,2,9,0,1,1,2,,1,2,0,,4648
16,233,"233s5",5,1,20,1,1,1,2,2.71428571428571,2.71428571428571,1.28571428571429,1,-9,1,0,1,0,,1,0,0,,4649
16,233,"233s5",5,1,20,1,1,1,2,2.71428571428571,2.71428571428571,1.28571428571429,2,9,0,1,0,1,,0,1,0,,4650
16,233,"233s6",6,0,20,1,1,1,2,2.71428571428571,2.71428571428571,1.28571428571429,1,-9,1,1,1,2,2,1,2,0,2,4651
16,233,"233s6",6,0,20,1,1,1,2,2.71428571428571,2.71428571428571,1.28571428571429,2,-9,1,1,2,1,2,2,1,0,2,4652
16,233,"233s7",7,0,20,1,1,1,2,2.71428571428571,2.71428571428571,1.28571428571429,1,-9,1,1,2,2,1,2,2,1,1,4653
16,233,"233s7",7,0,20,1,1,1,2,2.71428571428571,2.71428571428571,1.28571428571429,2,-9,1,1,2,2,1,2,2,1,1,4654
16,233,"233s8",8,0,20,1,1,1,2,2.71428571428571,2.71428571428571,1.28571428571429,1,9,0,0,0,0,1,0,0,1,1,4655
16,233,"233s8",8,0,20,1,1,1,2,2.71428571428571,2.71428571428571,1.28571428571429,2,9,0,0,0,0,1,0,0,1,1,4656
16,233,"233s9",9,0,20,1,1,1,2,2.71428571428571,2.71428571428571,1.28571428571429,1,-9,1,1,2,0,2,2,0,0,2,4657
16,233,"233s9",9,0,20,1,1,1,2,2.71428571428571,2.71428571428571,1.28571428571429,2,-9,1,1,0,2,2,0,2,0,2,4658
16,233,"233s10",10,0,20,1,1,1,2,2.71428571428571,2.71428571428571,1.28571428571429,1,-9,1,1,0,2,2,0,2,0,2,4659
16,233,"233s10",10,0,20,1,1,1,2,2.71428571428571,2.71428571428571,1.28571428571429,2,-9,1,1,2,0,2,2,0,0,2,4660
16,234,"234s1",1,1,19,1,1,1,2.71428571428571,2.71428571428571,1.71428571428571,2.14285714285714,1,-9,1,1,2,1,,2,1,0,,4661
16,234,"234s1",1,1,19,1,1,1,2.71428571428571,2.71428571428571,1.71428571428571,2.14285714285714,2,-9,1,1,1,2,,1,2,0,,4662
16,234,"234s2",2,1,19,1,1,1,2.71428571428571,2.71428571428571,1.71428571428571,2.14285714285714,1,9,0,0,0,0,,0,0,1,,4663
16,234,"234s2",2,1,19,1,1,1,2.71428571428571,2.71428571428571,1.71428571428571,2.14285714285714,2,9,0,0,0,0,,0,0,1,,4664
16,234,"234s3",3,1,19,1,1,1,2.71428571428571,2.71428571428571,1.71428571428571,2.14285714285714,1,-9,1,1,2,2,,2,2,1,,4665
16,234,"234s3",3,1,19,1,1,1,2.71428571428571,2.71428571428571,1.71428571428571,2.14285714285714,2,-9,1,1,2,2,,2,2,1,,4666
16,234,"234s4",4,1,19,1,1,1,2.71428571428571,2.71428571428571,1.71428571428571,2.14285714285714,1,-9,1,0,1,2,,1,2,0,,4667
16,234,"234s4",4,1,19,1,1,1,2.71428571428571,2.71428571428571,1.71428571428571,2.14285714285714,2,9,0,1,2,1,,2,1,0,,4668
16,234,"234s5",5,1,19,1,1,1,2.71428571428571,2.71428571428571,1.71428571428571,2.14285714285714,1,9,0,1,1,1,,1,1,1,,4669
16,234,"234s5",5,1,19,1,1,1,2.71428571428571,2.71428571428571,1.71428571428571,2.14285714285714,2,-9,1,0,1,1,,1,1,1,,4670
16,234,"234s6",6,0,19,1,1,1,2.71428571428571,2.71428571428571,1.71428571428571,2.14285714285714,1,-9,1,1,0,1,2,0,1,0,2,4671
16,234,"234s6",6,0,19,1,1,1,2.71428571428571,2.71428571428571,1.71428571428571,2.14285714285714,2,-9,1,1,1,0,2,1,0,0,2,4672
16,234,"234s7",7,0,19,1,1,1,2.71428571428571,2.71428571428571,1.71428571428571,2.14285714285714,1,-9,1,1,2,1,2,2,1,0,2,4673
16,234,"234s7",7,0,19,1,1,1,2.71428571428571,2.71428571428571,1.71428571428571,2.14285714285714,2,-9,1,1,1,2,2,1,2,0,2,4674
16,234,"234s8",8,0,19,1,1,1,2.71428571428571,2.71428571428571,1.71428571428571,2.14285714285714,1,9,0,0,1,1,2,1,1,1,2,4675
16,234,"234s8",8,0,19,1,1,1,2.71428571428571,2.71428571428571,1.71428571428571,2.14285714285714,2,9,0,0,1,1,2,1,1,1,2,4676
16,234,"234s9",9,0,19,1,1,1,2.71428571428571,2.71428571428571,1.71428571428571,2.14285714285714,1,-9,1,0,0,0,1,0,0,1,1,4677
16,234,"234s9",9,0,19,1,1,1,2.71428571428571,2.71428571428571,1.71428571428571,2.14285714285714,2,9,0,1,0,0,1,0,0,1,1,4678
16,234,"234s10",10,0,19,1,1,1,2.71428571428571,2.71428571428571,1.71428571428571,2.14285714285714,1,-9,1,0,2,2,2,2,2,1,2,4679
16,234,"234s10",10,0,19,1,1,1,2.71428571428571,2.71428571428571,1.71428571428571,2.14285714285714,2,9,0,1,2,2,2,2,2,1,2,4680
16,235,"235s1",1,0,19,4,0,2,2.42857142857143,3.85714285714286,3.71428571428571,0.571428571428571,1,7,1,1,2,2,1,1,1,1,2,4681
16,235,"235s1",1,0,19,4,0,2,2.42857142857143,3.85714285714286,3.71428571428571,0.571428571428571,2,7,1,1,2,2,1,1,1,1,2,4682
16,235,"235s2",2,0,19,4,0,2,2.42857142857143,3.85714285714286,3.71428571428571,0.571428571428571,1,7,1,1,2,0,1,1,0,0,2,4683
16,235,"235s2",2,0,19,4,0,2,2.42857142857143,3.85714285714286,3.71428571428571,0.571428571428571,2,7,1,1,0,2,1,0,1,0,2,4684
16,235,"235s3",3,0,19,4,0,2,2.42857142857143,3.85714285714286,3.71428571428571,0.571428571428571,1,9,0,1,0,0,1,0,0,1,2,4685
16,235,"235s3",3,0,19,4,0,2,2.42857142857143,3.85714285714286,3.71428571428571,0.571428571428571,2,7,1,0,0,0,1,0,0,1,2,4686
16,235,"235s4",4,0,19,4,0,2,2.42857142857143,3.85714285714286,3.71428571428571,0.571428571428571,1,9,0,0,0,0,2,0,0,1,1,4687
16,235,"235s4",4,0,19,4,0,2,2.42857142857143,3.85714285714286,3.71428571428571,0.571428571428571,2,9,0,0,0,0,2,0,0,1,1,4688
16,235,"235s5",5,0,19,4,0,2,2.42857142857143,3.85714285714286,3.71428571428571,0.571428571428571,1,9,0,0,0,0,1,0,0,1,2,4689
16,235,"235s5",5,0,19,4,0,2,2.42857142857143,3.85714285714286,3.71428571428571,0.571428571428571,2,9,0,0,0,0,1,0,0,1,2,4690
16,235,"235s6",6,1,19,4,0,2,2.42857142857143,3.85714285714286,3.71428571428571,0.571428571428571,1,9,0,1,2,0,,1,0,0,,4691
16,235,"235s6",6,1,19,4,0,2,2.42857142857143,3.85714285714286,3.71428571428571,0.571428571428571,2,7,1,0,0,2,,0,1,0,,4692
16,235,"235s7",7,1,19,4,0,2,2.42857142857143,3.85714285714286,3.71428571428571,0.571428571428571,1,7,1,0,0,1,,0,2,0,,4693
16,235,"235s7",7,1,19,4,0,2,2.42857142857143,3.85714285714286,3.71428571428571,0.571428571428571,2,9,0,1,1,0,,2,0,0,,4694
16,235,"235s8",8,1,19,4,0,2,2.42857142857143,3.85714285714286,3.71428571428571,0.571428571428571,1,7,1,0,2,1,,1,2,0,,4695
16,235,"235s8",8,1,19,4,0,2,2.42857142857143,3.85714285714286,3.71428571428571,0.571428571428571,2,9,0,1,1,2,,2,1,0,,4696
16,235,"235s9",9,1,19,4,0,2,2.42857142857143,3.85714285714286,3.71428571428571,0.571428571428571,1,7,1,1,0,2,,0,1,0,,4697
16,235,"235s9",9,1,19,4,0,2,2.42857142857143,3.85714285714286,3.71428571428571,0.571428571428571,2,7,1,1,2,0,,1,0,0,,4698
16,235,"235s10",10,1,19,4,0,2,2.42857142857143,3.85714285714286,3.71428571428571,0.571428571428571,1,7,1,1,2,0,,1,0,0,,4699
16,235,"235s10",10,1,19,4,0,2,2.42857142857143,3.85714285714286,3.71428571428571,0.571428571428571,2,7,1,1,0,2,,0,1,0,,4700
16,236,"236s1",1,0,21,1,0,2,2.28571428571429,2.42857142857143,2.28571428571429,1.85714285714286,1,4,1,1,0,2,2,0,1,0,1,4701
16,236,"236s1",1,0,21,1,0,2,2.28571428571429,2.42857142857143,2.28571428571429,1.85714285714286,2,4,1,1,2,0,2,1,0,0,1,4702
16,236,"236s2",2,0,21,1,0,2,2.28571428571429,2.42857142857143,2.28571428571429,1.85714285714286,1,6,1,0,1,0,1,2,0,0,2,4703
16,236,"236s2",2,0,21,1,0,2,2.28571428571429,2.42857142857143,2.28571428571429,1.85714285714286,2,6,0,1,0,1,1,0,2,0,2,4704
16,236,"236s3",3,0,21,1,0,2,2.28571428571429,2.42857142857143,2.28571428571429,1.85714285714286,1,4,0,1,1,1,2,2,2,1,1,4705
16,236,"236s3",3,0,21,1,0,2,2.28571428571429,2.42857142857143,2.28571428571429,1.85714285714286,2,4,1,0,1,1,2,2,2,1,1,4706
16,236,"236s4",4,0,21,1,0,2,2.28571428571429,2.42857142857143,2.28571428571429,1.85714285714286,1,5,0,0,2,2,1,1,1,1,2,4707
16,236,"236s4",4,0,21,1,0,2,2.28571428571429,2.42857142857143,2.28571428571429,1.85714285714286,2,5,0,0,2,2,1,1,1,1,2,4708
16,236,"236s5",5,0,21,1,0,2,2.28571428571429,2.42857142857143,2.28571428571429,1.85714285714286,1,5,1,1,2,1,2,1,2,0,1,4709
16,236,"236s5",5,0,21,1,0,2,2.28571428571429,2.42857142857143,2.28571428571429,1.85714285714286,2,5,1,1,1,2,2,2,1,0,1,4710
16,236,"236s6",6,1,21,1,0,2,2.28571428571429,2.42857142857143,2.28571428571429,1.85714285714286,1,5,1,0,0,1,,0,2,0,,4711
16,236,"236s6",6,1,21,1,0,2,2.28571428571429,2.42857142857143,2.28571428571429,1.85714285714286,2,5,0,1,1,0,,2,0,0,,4712
16,236,"236s7",7,1,21,1,0,2,2.28571428571429,2.42857142857143,2.28571428571429,1.85714285714286,1,5,1,0,0,1,,0,2,0,,4713
16,236,"236s7",7,1,21,1,0,2,2.28571428571429,2.42857142857143,2.28571428571429,1.85714285714286,2,5,0,1,1,0,,2,0,0,,4714
16,236,"236s8",8,1,21,1,0,2,2.28571428571429,2.42857142857143,2.28571428571429,1.85714285714286,1,4,1,0,0,0,,0,0,1,,4715
16,236,"236s8",8,1,21,1,0,2,2.28571428571429,2.42857142857143,2.28571428571429,1.85714285714286,2,4,0,1,0,0,,0,0,1,,4716
16,236,"236s9",9,1,21,1,0,2,2.28571428571429,2.42857142857143,2.28571428571429,1.85714285714286,1,4,0,1,2,0,,1,0,0,,4717
16,236,"236s9",9,1,21,1,0,2,2.28571428571429,2.42857142857143,2.28571428571429,1.85714285714286,2,4,1,0,0,2,,0,1,0,,4718
16,236,"236s10",10,1,21,1,0,2,2.28571428571429,2.42857142857143,2.28571428571429,1.85714285714286,1,5,0,1,1,2,,2,1,0,,4719
16,236,"236s10",10,1,21,1,0,2,2.28571428571429,2.42857142857143,2.28571428571429,1.85714285714286,2,5,1,0,2,1,,1,2,0,,4720
16,237,"237s1",1,0,18,5,1,2,2,3.57142857142857,3.28571428571429,1.42857142857143,1,-1,1,1,2,0,2,1,0,0,1,4721
16,237,"237s1",1,0,18,5,1,2,2,3.57142857142857,3.28571428571429,1.42857142857143,2,-1,1,1,0,2,2,0,1,0,1,4722
16,237,"237s2",2,0,18,5,1,2,2,3.57142857142857,3.28571428571429,1.42857142857143,1,-1,1,1,2,1,1,1,2,0,2,4723
16,237,"237s2",2,0,18,5,1,2,2,3.57142857142857,3.28571428571429,1.42857142857143,2,-1,1,1,1,2,1,2,1,0,2,4724
16,237,"237s3",3,0,18,5,1,2,2,3.57142857142857,3.28571428571429,1.42857142857143,1,-1,1,1,2,2,1,1,1,1,2,4725
16,237,"237s3",3,0,18,5,1,2,2,3.57142857142857,3.28571428571429,1.42857142857143,2,-1,1,1,2,2,1,1,1,1,2,4726
16,237,"237s4",4,0,18,5,1,2,2,3.57142857142857,3.28571428571429,1.42857142857143,1,-1,1,1,2,1,2,1,2,0,1,4727
16,237,"237s4",4,0,18,5,1,2,2,3.57142857142857,3.28571428571429,1.42857142857143,2,-1,1,1,1,2,2,2,1,0,1,4728
16,237,"237s5",5,0,18,5,1,2,2,3.57142857142857,3.28571428571429,1.42857142857143,1,-1,1,1,1,0,2,2,0,0,1,4729
16,237,"237s5",5,0,18,5,1,2,2,3.57142857142857,3.28571428571429,1.42857142857143,2,-1,1,1,0,1,2,0,2,0,1,4730
16,237,"237s6",6,1,18,5,1,2,2,3.57142857142857,3.28571428571429,1.42857142857143,1,5,0,0,0,1,,0,2,0,,4731
16,237,"237s6",6,1,18,5,1,2,2,3.57142857142857,3.28571428571429,1.42857142857143,2,5,0,0,1,0,,2,0,0,,4732
16,237,"237s7",7,1,18,5,1,2,2,3.57142857142857,3.28571428571429,1.42857142857143,1,-1,1,1,2,2,,1,1,1,,4733
16,237,"237s7",7,1,18,5,1,2,2,3.57142857142857,3.28571428571429,1.42857142857143,2,-1,1,1,2,2,,1,1,1,,4734
16,237,"237s8",8,1,18,5,1,2,2,3.57142857142857,3.28571428571429,1.42857142857143,1,5,0,0,2,1,,1,2,0,,4735
16,237,"237s8",8,1,18,5,1,2,2,3.57142857142857,3.28571428571429,1.42857142857143,2,5,0,0,1,2,,2,1,0,,4736
16,237,"237s9",9,1,18,5,1,2,2,3.57142857142857,3.28571428571429,1.42857142857143,1,-1,1,1,2,1,,1,2,0,,4737
16,237,"237s9",9,1,18,5,1,2,2,3.57142857142857,3.28571428571429,1.42857142857143,2,-1,1,1,1,2,,2,1,0,,4738
16,237,"237s10",10,1,18,5,1,2,2,3.57142857142857,3.28571428571429,1.42857142857143,1,5,0,0,1,1,,2,2,1,,4739
16,237,"237s10",10,1,18,5,1,2,2,3.57142857142857,3.28571428571429,1.42857142857143,2,5,0,0,1,1,,2,2,1,,4740
16,238,"238s1",1,1,19,3,1,1,2.71428571428571,3.14285714285714,3.42857142857143,2.28571428571429,1,-1,1,1,1,0,,1,0,0,,4741
16,238,"238s1",1,1,19,3,1,1,2.71428571428571,3.14285714285714,3.42857142857143,2.28571428571429,2,2,1,1,0,1,,0,1,0,,4742
16,238,"238s2",2,1,19,3,1,1,2.71428571428571,3.14285714285714,3.42857142857143,2.28571428571429,1,-6,1,0,2,2,,2,2,1,,4743
16,238,"238s2",2,1,19,3,1,1,2.71428571428571,3.14285714285714,3.42857142857143,2.28571428571429,2,5,0,1,2,2,,2,2,1,,4744
16,238,"238s3",3,1,19,3,1,1,2.71428571428571,3.14285714285714,3.42857142857143,2.28571428571429,1,-3,1,0,0,1,,0,1,0,,4745
16,238,"238s3",3,1,19,3,1,1,2.71428571428571,3.14285714285714,3.42857142857143,2.28571428571429,2,-2,0,1,1,0,,1,0,0,,4746
16,238,"238s4",4,1,19,3,1,1,2.71428571428571,3.14285714285714,3.42857142857143,2.28571428571429,1,9,0,0,2,0,,2,0,0,,4747
16,238,"238s4",4,1,19,3,1,1,2.71428571428571,3.14285714285714,3.42857142857143,2.28571428571429,2,9,0,0,0,2,,0,2,0,,4748
16,238,"238s5",5,1,19,3,1,1,2.71428571428571,3.14285714285714,3.42857142857143,2.28571428571429,1,-6,1,1,0,0,,0,0,1,,4749
16,238,"238s5",5,1,19,3,1,1,2.71428571428571,3.14285714285714,3.42857142857143,2.28571428571429,2,-6,1,1,0,0,,0,0,1,,4750
16,238,"238s6",6,0,19,3,1,1,2.71428571428571,3.14285714285714,3.42857142857143,2.28571428571429,1,4,0,1,1,2,2,1,2,0,2,4751
16,238,"238s6",6,0,19,3,1,1,2.71428571428571,3.14285714285714,3.42857142857143,2.28571428571429,2,-5,1,0,2,1,2,2,1,0,2,4752
16,238,"238s7",7,0,19,3,1,1,2.71428571428571,3.14285714285714,3.42857142857143,2.28571428571429,1,8,0,0,1,0,2,1,0,0,2,4753
16,238,"238s7",7,0,19,3,1,1,2.71428571428571,3.14285714285714,3.42857142857143,2.28571428571429,2,8,0,0,0,1,2,0,1,0,2,4754
16,238,"238s8",8,0,19,3,1,1,2.71428571428571,3.14285714285714,3.42857142857143,2.28571428571429,1,-4,1,0,2,0,2,2,0,0,2,4755
16,238,"238s8",8,0,19,3,1,1,2.71428571428571,3.14285714285714,3.42857142857143,2.28571428571429,2,8,0,1,0,2,2,0,2,0,2,4756
16,238,"238s9",9,0,19,3,1,1,2.71428571428571,3.14285714285714,3.42857142857143,2.28571428571429,1,-4,1,0,2,0,2,2,0,0,2,4757
16,238,"238s9",9,0,19,3,1,1,2.71428571428571,3.14285714285714,3.42857142857143,2.28571428571429,2,7,0,1,0,2,2,0,2,0,2,4758
16,238,"238s10",10,0,19,3,1,1,2.71428571428571,3.14285714285714,3.42857142857143,2.28571428571429,1,4,0,1,1,1,1,1,1,1,1,4759
16,238,"238s10",10,0,19,3,1,1,2.71428571428571,3.14285714285714,3.42857142857143,2.28571428571429,2,-3,1,0,1,1,1,1,1,1,1,4760
16,239,"239s1",1,0,19,2,0,1,2.57142857142857,2.85714285714286,2.85714285714286,1,1,9,0,1,0,2,1,0,2,0,1,4761
16,239,"239s1",1,0,19,2,0,1,2.57142857142857,2.85714285714286,2.85714285714286,1,2,-9,1,0,2,0,1,2,0,0,1,4762
16,239,"239s2",2,0,19,2,0,1,2.57142857142857,2.85714285714286,2.85714285714286,1,1,9,0,0,1,0,2,1,0,0,2,4763
16,239,"239s2",2,0,19,2,0,1,2.57142857142857,2.85714285714286,2.85714285714286,1,2,9,0,0,0,1,2,0,1,0,2,4764
16,239,"239s3",3,0,19,2,0,1,2.57142857142857,2.85714285714286,2.85714285714286,1,1,-9,1,0,0,2,2,0,2,0,2,4765
16,239,"239s3",3,0,19,2,0,1,2.57142857142857,2.85714285714286,2.85714285714286,1,2,9,0,1,2,0,2,2,0,0,2,4766
16,239,"239s4",4,0,19,2,0,1,2.57142857142857,2.85714285714286,2.85714285714286,1,1,9,0,1,0,2,1,0,2,0,1,4767
16,239,"239s4",4,0,19,2,0,1,2.57142857142857,2.85714285714286,2.85714285714286,1,2,-9,1,0,2,0,1,2,0,0,1,4768
16,239,"239s5",5,0,19,2,0,1,2.57142857142857,2.85714285714286,2.85714285714286,1,1,9,0,1,0,1,2,0,1,0,2,4769
16,239,"239s5",5,0,19,2,0,1,2.57142857142857,2.85714285714286,2.85714285714286,1,2,-9,1,0,1,0,2,1,0,0,2,4770
16,239,"239s6",6,1,19,2,0,1,2.57142857142857,2.85714285714286,2.85714285714286,1,1,-9,1,1,0,2,,0,2,0,,4771
16,239,"239s6",6,1,19,2,0,1,2.57142857142857,2.85714285714286,2.85714285714286,1,2,-9,1,1,2,0,,2,0,0,,4772
16,239,"239s7",7,1,19,2,0,1,2.57142857142857,2.85714285714286,2.85714285714286,1,1,-9,1,0,2,0,,2,0,0,,4773
16,239,"239s7",7,1,19,2,0,1,2.57142857142857,2.85714285714286,2.85714285714286,1,2,9,0,1,0,2,,0,2,0,,4774
16,239,"239s8",8,1,19,2,0,1,2.57142857142857,2.85714285714286,2.85714285714286,1,1,9,0,0,0,0,,0,0,1,,4775
16,239,"239s8",8,1,19,2,0,1,2.57142857142857,2.85714285714286,2.85714285714286,1,2,9,0,0,0,0,,0,0,1,,4776
16,239,"239s9",9,1,19,2,0,1,2.57142857142857,2.85714285714286,2.85714285714286,1,1,-9,1,0,0,2,,0,2,0,,4777
16,239,"239s9",9,1,19,2,0,1,2.57142857142857,2.85714285714286,2.85714285714286,1,2,9,0,1,2,0,,2,0,0,,4778
16,239,"239s10",10,1,19,2,0,1,2.57142857142857,2.85714285714286,2.85714285714286,1,1,-9,1,1,2,0,,2,0,0,,4779
16,239,"239s10",10,1,19,2,0,1,2.57142857142857,2.85714285714286,2.85714285714286,1,2,9,1,1,0,2,,0,2,0,,4780
16,240,"240s1",1,0,18,2,1,2,1.85714285714286,2.28571428571429,1.71428571428571,2.28571428571429,1,9,0,1,0,0,1,0,0,1,2,4781
16,240,"240s1",1,0,18,2,1,2,1.85714285714286,2.28571428571429,1.71428571428571,2.28571428571429,2,-9,1,0,0,0,1,0,0,1,2,4782
16,240,"240s2",2,0,18,2,1,2,1.85714285714286,2.28571428571429,1.71428571428571,2.28571428571429,1,9,0,1,1,2,2,2,1,0,1,4783
16,240,"240s2",2,0,18,2,1,2,1.85714285714286,2.28571428571429,1.71428571428571,2.28571428571429,2,-9,1,0,2,1,2,1,2,0,1,4784
16,240,"240s3",3,0,18,2,1,2,1.85714285714286,2.28571428571429,1.71428571428571,2.28571428571429,1,9,0,0,0,1,1,0,2,0,2,4785
16,240,"240s3",3,0,18,2,1,2,1.85714285714286,2.28571428571429,1.71428571428571,2.28571428571429,2,9,0,0,1,0,1,2,0,0,2,4786
16,240,"240s4",4,0,18,2,1,2,1.85714285714286,2.28571428571429,1.71428571428571,2.28571428571429,1,-9,1,1,2,2,2,1,1,1,1,4787
16,240,"240s4",4,0,18,2,1,2,1.85714285714286,2.28571428571429,1.71428571428571,2.28571428571429,2,-9,1,1,2,2,2,1,1,1,1,4788
16,240,"240s5",5,0,18,2,1,2,1.85714285714286,2.28571428571429,1.71428571428571,2.28571428571429,1,-9,1,0,1,2,1,2,1,0,2,4789
16,240,"240s5",5,0,18,2,1,2,1.85714285714286,2.28571428571429,1.71428571428571,2.28571428571429,2,9,0,1,2,1,1,1,2,0,2,4790
16,240,"240s6",6,1,18,2,1,2,1.85714285714286,2.28571428571429,1.71428571428571,2.28571428571429,1,9,0,0,1,1,,2,2,1,,4791
16,240,"240s6",6,1,18,2,1,2,1.85714285714286,2.28571428571429,1.71428571428571,2.28571428571429,2,9,0,0,1,1,,2,2,1,,4792
16,240,"240s7",7,1,18,2,1,2,1.85714285714286,2.28571428571429,1.71428571428571,2.28571428571429,1,-9,1,0,1,0,,2,0,0,,4793
16,240,"240s7",7,1,18,2,1,2,1.85714285714286,2.28571428571429,1.71428571428571,2.28571428571429,2,9,0,1,0,1,,0,2,0,,4794
16,240,"240s8",8,1,18,2,1,2,1.85714285714286,2.28571428571429,1.71428571428571,2.28571428571429,1,-9,1,0,1,0,,2,0,0,,4795
16,240,"240s8",8,1,18,2,1,2,1.85714285714286,2.28571428571429,1.71428571428571,2.28571428571429,2,9,0,1,0,1,,0,2,0,,4796
16,240,"240s9",9,1,18,2,1,2,1.85714285714286,2.28571428571429,1.71428571428571,2.28571428571429,1,9,0,1,0,1,,0,2,0,,4797
16,240,"240s9",9,1,18,2,1,2,1.85714285714286,2.28571428571429,1.71428571428571,2.28571428571429,2,-9,1,0,1,0,,2,0,0,,4798
16,240,"240s10",10,1,18,2,1,2,1.85714285714286,2.28571428571429,1.71428571428571,2.28571428571429,1,-9,1,1,2,1,,1,2,0,,4799
16,240,"240s10",10,1,18,2,1,2,1.85714285714286,2.28571428571429,1.71428571428571,2.28571428571429,2,-9,1,1,1,2,,2,1,0,,4800
16,241,"241s1",1,1,19,2,1,2,1.57142857142857,3.28571428571429,2.28571428571429,2.14285714285714,1,9,0,0,0,1,,0,2,0,,4801
16,241,"241s1",1,1,19,2,1,2,1.57142857142857,3.28571428571429,2.28571428571429,2.14285714285714,2,9,0,0,1,0,,2,0,0,,4802
16,241,"241s2",2,1,19,2,1,2,1.57142857142857,3.28571428571429,2.28571428571429,2.14285714285714,1,0,1,0,0,1,,0,2,0,,4803
16,241,"241s2",2,1,19,2,1,2,1.57142857142857,3.28571428571429,2.28571428571429,2.14285714285714,2,8,0,1,1,0,,2,0,0,,4804
16,241,"241s3",3,1,19,2,1,2,1.57142857142857,3.28571428571429,2.28571428571429,2.14285714285714,1,8,0,0,1,1,,2,2,1,,4805
16,241,"241s3",3,1,19,2,1,2,1.57142857142857,3.28571428571429,2.28571428571429,2.14285714285714,2,8,0,0,1,1,,2,2,1,,4806
16,241,"241s4",4,1,19,2,1,2,1.57142857142857,3.28571428571429,2.28571428571429,2.14285714285714,1,9,0,0,0,1,,0,2,0,,4807
16,241,"241s4",4,1,19,2,1,2,1.57142857142857,3.28571428571429,2.28571428571429,2.14285714285714,2,9,0,0,1,0,,2,0,0,,4808
16,241,"241s5",5,1,19,2,1,2,1.57142857142857,3.28571428571429,2.28571428571429,2.14285714285714,1,-4,1,0,1,0,,2,0,0,,4809
16,241,"241s5",5,1,19,2,1,2,1.57142857142857,3.28571428571429,2.28571428571429,2.14285714285714,2,9,0,1,0,1,,0,2,0,,4810
16,241,"241s6",6,0,19,2,1,2,1.57142857142857,3.28571428571429,2.28571428571429,2.14285714285714,1,9,0,1,1,2,2,2,1,0,1,4811
16,241,"241s6",6,0,19,2,1,2,1.57142857142857,3.28571428571429,2.28571428571429,2.14285714285714,2,-2,1,0,2,1,2,1,2,0,1,4812
16,241,"241s7",7,0,19,2,1,2,1.57142857142857,3.28571428571429,2.28571428571429,2.14285714285714,1,-5,1,1,0,1,2,0,2,0,1,4813
16,241,"241s7",7,0,19,2,1,2,1.57142857142857,3.28571428571429,2.28571428571429,2.14285714285714,2,-5,1,1,1,0,2,2,0,0,1,4814
16,241,"241s8",8,0,19,2,1,2,1.57142857142857,3.28571428571429,2.28571428571429,2.14285714285714,1,9,0,1,0,1,1,0,2,0,2,4815
16,241,"241s8",8,0,19,2,1,2,1.57142857142857,3.28571428571429,2.28571428571429,2.14285714285714,2,-2,1,0,1,0,1,2,0,0,2,4816
16,241,"241s9",9,0,19,2,1,2,1.57142857142857,3.28571428571429,2.28571428571429,2.14285714285714,1,-4,1,1,2,2,2,1,1,1,1,4817
16,241,"241s9",9,0,19,2,1,2,1.57142857142857,3.28571428571429,2.28571428571429,2.14285714285714,2,-4,1,1,2,2,2,1,1,1,1,4818
16,241,"241s10",10,0,19,2,1,2,1.57142857142857,3.28571428571429,2.28571428571429,2.14285714285714,1,-5,1,1,2,1,2,1,2,0,1,4819
16,241,"241s10",10,0,19,2,1,2,1.57142857142857,3.28571428571429,2.28571428571429,2.14285714285714,2,-5,1,1,1,2,2,2,1,0,1,4820
16,242,"242s1",1,0,19,2,0,2,1.71428571428571,2.71428571428571,2.14285714285714,2.14285714285714,1,8,0,0,0,2,2,0,1,0,1,4821
16,242,"242s1",1,0,19,2,0,2,1.71428571428571,2.71428571428571,2.14285714285714,2.14285714285714,2,8,0,0,2,0,2,1,0,0,1,4822
16,242,"242s2",2,0,19,2,0,2,1.71428571428571,2.71428571428571,2.14285714285714,2.14285714285714,1,8,0,0,0,1,2,0,2,0,1,4823
16,242,"242s2",2,0,19,2,0,2,1.71428571428571,2.71428571428571,2.14285714285714,2.14285714285714,2,8,0,0,1,0,2,2,0,0,1,4824
16,242,"242s3",3,0,19,2,0,2,1.71428571428571,2.71428571428571,2.14285714285714,2.14285714285714,1,8,0,1,2,0,2,1,0,0,1,4825
16,242,"242s3",3,0,19,2,0,2,1.71428571428571,2.71428571428571,2.14285714285714,2.14285714285714,2,-8,1,0,0,2,2,0,1,0,1,4826
16,242,"242s4",4,0,19,2,0,2,1.71428571428571,2.71428571428571,2.14285714285714,2.14285714285714,1,-9,1,0,1,1,1,2,2,1,2,4827
16,242,"242s4",4,0,19,2,0,2,1.71428571428571,2.71428571428571,2.14285714285714,2.14285714285714,2,8,0,1,1,1,1,2,2,1,2,4828
16,242,"242s5",5,0,19,2,0,2,1.71428571428571,2.71428571428571,2.14285714285714,2.14285714285714,1,9,0,1,0,0,2,0,0,1,1,4829
16,242,"242s5",5,0,19,2,0,2,1.71428571428571,2.71428571428571,2.14285714285714,2.14285714285714,2,-8,1,0,0,0,2,0,0,1,1,4830
16,242,"242s6",6,1,19,2,0,2,1.71428571428571,2.71428571428571,2.14285714285714,2.14285714285714,1,-6,1,0,0,1,,0,2,0,,4831
16,242,"242s6",6,1,19,2,0,2,1.71428571428571,2.71428571428571,2.14285714285714,2.14285714285714,2,7,0,1,1,0,,2,0,0,,4832
16,242,"242s7",7,1,19,2,0,2,1.71428571428571,2.71428571428571,2.14285714285714,2.14285714285714,1,8,0,0,1,2,,2,1,0,,4833
16,242,"242s7",7,1,19,2,0,2,1.71428571428571,2.71428571428571,2.14285714285714,2.14285714285714,2,8,0,0,2,1,,1,2,0,,4834
16,242,"242s8",8,1,19,2,0,2,1.71428571428571,2.71428571428571,2.14285714285714,2.14285714285714,1,8,0,0,1,1,,2,2,1,,4835
16,242,"242s8",8,1,19,2,0,2,1.71428571428571,2.71428571428571,2.14285714285714,2.14285714285714,2,8,0,0,1,1,,2,2,1,,4836
16,242,"242s9",9,1,19,2,0,2,1.71428571428571,2.71428571428571,2.14285714285714,2.14285714285714,1,-7,1,0,1,1,,2,2,1,,4837
16,242,"242s9",9,1,19,2,0,2,1.71428571428571,2.71428571428571,2.14285714285714,2.14285714285714,2,7,0,1,1,1,,2,2,1,,4838
16,242,"242s10",10,1,19,2,0,2,1.71428571428571,2.71428571428571,2.14285714285714,2.14285714285714,1,8,0,0,1,1,,2,2,1,,4839
16,242,"242s10",10,1,19,2,0,2,1.71428571428571,2.71428571428571,2.14285714285714,2.14285714285714,2,8,0,0,1,1,,2,2,1,,4840
16,243,"243s1",1,1,19,1,1,1,3.42857142857143,2.85714285714286,2.28571428571429,3.57142857142857,1,0,1,1,2,1,,2,1,0,,4841
16,243,"243s1",1,1,19,1,1,1,3.42857142857143,2.85714285714286,2.28571428571429,3.57142857142857,2,0,1,1,1,2,,1,2,0,,4842
16,243,"243s2",2,1,19,1,1,1,3.42857142857143,2.85714285714286,2.28571428571429,3.57142857142857,1,9,0,0,1,2,,1,2,0,,4843
16,243,"243s2",2,1,19,1,1,1,3.42857142857143,2.85714285714286,2.28571428571429,3.57142857142857,2,9,0,0,2,1,,2,1,0,,4844
16,243,"243s3",3,1,19,1,1,1,3.42857142857143,2.85714285714286,2.28571428571429,3.57142857142857,1,-9,1,0,1,1,,1,1,1,,4845
16,243,"243s3",3,1,19,1,1,1,3.42857142857143,2.85714285714286,2.28571428571429,3.57142857142857,2,9,0,1,1,1,,1,1,1,,4846
16,243,"243s4",4,1,19,1,1,1,3.42857142857143,2.85714285714286,2.28571428571429,3.57142857142857,1,9,0,1,1,1,,1,1,1,,4847
16,243,"243s4",4,1,19,1,1,1,3.42857142857143,2.85714285714286,2.28571428571429,3.57142857142857,2,-9,1,0,1,1,,1,1,1,,4848
16,243,"243s5",5,1,19,1,1,1,3.42857142857143,2.85714285714286,2.28571428571429,3.57142857142857,1,9,0,1,2,0,,2,0,0,,4849
16,243,"243s5",5,1,19,1,1,1,3.42857142857143,2.85714285714286,2.28571428571429,3.57142857142857,2,-9,1,0,0,2,,0,2,0,,4850
16,243,"243s6",6,0,19,1,1,1,3.42857142857143,2.85714285714286,2.28571428571429,3.57142857142857,1,9,0,0,1,0,1,1,0,0,1,4851
16,243,"243s6",6,0,19,1,1,1,3.42857142857143,2.85714285714286,2.28571428571429,3.57142857142857,2,9,0,0,0,1,1,0,1,0,1,4852
16,243,"243s7",7,0,19,1,1,1,3.42857142857143,2.85714285714286,2.28571428571429,3.57142857142857,1,-9,1,1,2,0,1,2,0,0,1,4853
16,243,"243s7",7,0,19,1,1,1,3.42857142857143,2.85714285714286,2.28571428571429,3.57142857142857,2,-9,1,1,0,2,1,0,2,0,1,4854
16,243,"243s8",8,0,19,1,1,1,3.42857142857143,2.85714285714286,2.28571428571429,3.57142857142857,1,9,0,1,2,2,1,2,2,1,1,4855
16,243,"243s8",8,0,19,1,1,1,3.42857142857143,2.85714285714286,2.28571428571429,3.57142857142857,2,-9,1,0,2,2,1,2,2,1,1,4856
16,243,"243s9",9,0,19,1,1,1,3.42857142857143,2.85714285714286,2.28571428571429,3.57142857142857,1,9,0,1,1,1,2,1,1,1,2,4857
16,243,"243s9",9,0,19,1,1,1,3.42857142857143,2.85714285714286,2.28571428571429,3.57142857142857,2,-9,1,0,1,1,2,1,1,1,2,4858
16,243,"243s10",10,0,19,1,1,1,3.42857142857143,2.85714285714286,2.28571428571429,3.57142857142857,1,-9,1,0,0,0,1,0,0,1,1,4859
16,243,"243s10",10,0,19,1,1,1,3.42857142857143,2.85714285714286,2.28571428571429,3.57142857142857,2,9,0,1,0,0,1,0,0,1,1,4860
