"session","id","id_case","stage","role","age","ses","sex_female","faculty_player","iri_fs","iri_ec","iri_pt","iri_pd","target","judgement","decision_target","decision_other","faculty_target","faculty_other","faculty_victim","group_target","group_other","n_match","obs_group","source_row_number","role_label","target_code_label","target_faculty","other_faculty","target_faculty_label","other_faculty_label","faculty_player_label","accept_target","accept_other","accept_target_label","accept_other_label","decision_target_label","decision_other_label","decision_pattern","victim_target_group","victim_other_group","bystander_victim_group","bystander_target_group","bystander_other_group","target_other_same_faculty","target_other_same_faculty_binary","faculty_player_factor"
"1","1","1s1",1,0,22,4,0,1,1.42857142857143,0.857142857142857,1.28571428571429,1.42857142857143,1,-9,1,0,0,0,1,0,0,1,1,1,"bystander","target_code_1",0,0,"Control","Control","Humanities",1,0,"accept","reject","accept","reject","target_accept_other_reject","outgroup","outgroup","ingroup","outgroup","outgroup","same",1,"Humanities"
"1","1","1s1",1,0,22,4,0,1,1.42857142857143,0.857142857142857,1.28571428571429,1.42857142857143,2,9,0,1,0,0,1,0,0,1,1,2,"bystander","target_code_2",0,0,"Control","Control","Humanities",0,1,"reject","accept","reject","accept","target_reject_other_accept","outgroup","outgroup","ingroup","outgroup","outgroup","same",1,"Humanities"
"1","1","1s2",2,0,22,4,0,1,1.42857142857143,0.857142857142857,1.28571428571429,1.42857142857143,1,9,0,1,1,1,2,1,1,1,2,3,"bystander","target_code_1",1,1,"Humanities","Humanities","Humanities",0,1,"reject","accept","reject","accept","target_reject_other_accept","outgroup","outgroup","outgroup","ingroup","ingroup","same",1,"Humanities"
"1","1","1s2",2,0,22,4,0,1,1.42857142857143,0.857142857142857,1.28571428571429,1.42857142857143,2,9,1,0,1,1,2,1,1,1,2,4,"bystander","target_code_2",1,1,"Humanities","Humanities","Humanities",1,0,"accept","reject","accept","reject","target_accept_other_reject","outgroup","outgroup","outgroup","ingroup","ingroup","same",1,"Humanities"
"1","1","1s3",3,0,22,4,0,1,1.42857142857143,0.857142857142857,1.28571428571429,1.42857142857143,1,-9,1,0,0,0,2,0,0,1,2,5,"bystander","target_code_1",0,0,"Control","Control","Humanities",1,0,"accept","reject","accept","reject","target_accept_other_reject","outgroup","outgroup","outgroup","outgroup","outgroup","same",1,"Humanities"
"1","1","1s3",3,0,22,4,0,1,1.42857142857143,0.857142857142857,1.28571428571429,1.42857142857143,2,9,0,1,0,0,2,0,0,1,2,6,"bystander","target_code_2",0,0,"Control","Control","Humanities",0,1,"reject","accept","reject","accept","target_reject_other_accept","outgroup","outgroup","outgroup","outgroup","outgroup","same",1,"Humanities"
"1","1","1s4",4,0,22,4,0,1,1.42857142857143,0.857142857142857,1.28571428571429,1.42857142857143,1,9,0,1,0,0,2,0,0,1,2,7,"bystander","target_code_1",0,0,"Control","Control","Humanities",0,1,"reject","accept","reject","accept","target_reject_other_accept","outgroup","outgroup","outgroup","outgroup","outgroup","same",1,"Humanities"
"1","1","1s4",4,0,22,4,0,1,1.42857142857143,0.857142857142857,1.28571428571429,1.42857142857143,2,9,1,0,0,0,2,0,0,1,2,8,"bystander","target_code_2",0,0,"Control","Control","Humanities",1,0,"accept","reject","accept","reject","target_accept_other_reject","outgroup","outgroup","outgroup","outgroup","outgroup","same",1,"Humanities"
"1","1","1s5",5,0,22,4,0,1,1.42857142857143,0.857142857142857,1.28571428571429,1.42857142857143,1,9,0,0,2,2,2,2,2,1,2,9,"bystander","target_code_1",2,2,"Engineering","Engineering","Humanities",0,0,"reject","reject","reject","reject","both_reject","ingroup","ingroup","outgroup","outgroup","outgroup","same",1,"Humanities"
"1","1","1s5",5,0,22,4,0,1,1.42857142857143,0.857142857142857,1.28571428571429,1.42857142857143,2,9,0,0,2,2,2,2,2,1,2,10,"bystander","target_code_2",2,2,"Engineering","Engineering","Humanities",0,0,"reject","reject","reject","reject","both_reject","ingroup","ingroup","outgroup","outgroup","outgroup","same",1,"Humanities"
"1","2","2s1",1,0,18,2,1,1,2.57142857142857,2.71428571428571,2.71428571428571,1.71428571428571,1,5,0,1,2,2,1,2,2,1,1,21,"bystander","target_code_1",2,2,"Engineering","Engineering","Humanities",0,1,"reject","accept","reject","accept","target_reject_other_accept","outgroup","outgroup","ingroup","outgroup","outgroup","same",1,"Humanities"
"1","2","2s1",1,0,18,2,1,1,2.57142857142857,2.71428571428571,2.71428571428571,1.71428571428571,2,5,1,0,2,2,1,2,2,1,1,22,"bystander","target_code_2",2,2,"Engineering","Engineering","Humanities",1,0,"accept","reject","accept","reject","target_accept_other_reject","outgroup","outgroup","ingroup","outgroup","outgroup","same",1,"Humanities"
"1","2","2s2",2,0,18,2,1,1,2.57142857142857,2.71428571428571,2.71428571428571,1.71428571428571,1,9,0,0,1,2,2,1,2,0,2,23,"bystander","target_code_1",1,2,"Humanities","Engineering","Humanities",0,0,"reject","reject","reject","reject","both_reject","outgroup","ingroup","outgroup","ingroup","outgroup","different",0,"Humanities"
"1","2","2s2",2,0,18,2,1,1,2.57142857142857,2.71428571428571,2.71428571428571,1.71428571428571,2,9,0,0,2,1,2,2,1,0,2,24,"bystander","target_code_2",2,1,"Engineering","Humanities","Humanities",0,0,"reject","reject","reject","reject","both_reject","ingroup","outgroup","outgroup","outgroup","ingroup","different",0,"Humanities"
"1","2","2s3",3,0,18,2,1,1,2.57142857142857,2.71428571428571,2.71428571428571,1.71428571428571,1,-3,1,1,0,2,1,0,2,0,1,25,"bystander","target_code_1",0,2,"Control","Engineering","Humanities",1,1,"accept","accept","accept","accept","both_accept","outgroup","outgroup","ingroup","outgroup","outgroup","different",0,"Humanities"
"1","2","2s3",3,0,18,2,1,1,2.57142857142857,2.71428571428571,2.71428571428571,1.71428571428571,2,-3,1,1,2,0,1,2,0,0,1,26,"bystander","target_code_2",2,0,"Engineering","Control","Humanities",1,1,"accept","accept","accept","accept","both_accept","outgroup","outgroup","ingroup","outgroup","outgroup","different",0,"Humanities"
"1","2","2s4",4,0,18,2,1,1,2.57142857142857,2.71428571428571,2.71428571428571,1.71428571428571,1,4,1,0,0,2,1,0,2,0,1,27,"bystander","target_code_1",0,2,"Control","Engineering","Humanities",1,0,"accept","reject","accept","reject","target_accept_other_reject","outgroup","outgroup","ingroup","outgroup","outgroup","different",0,"Humanities"
"1","2","2s4",4,0,18,2,1,1,2.57142857142857,2.71428571428571,2.71428571428571,1.71428571428571,2,-5,0,1,2,0,1,2,0,0,1,28,"bystander","target_code_2",2,0,"Engineering","Control","Humanities",0,1,"reject","accept","reject","accept","target_reject_other_accept","outgroup","outgroup","ingroup","outgroup","outgroup","different",0,"Humanities"
"1","2","2s5",5,0,18,2,1,1,2.57142857142857,2.71428571428571,2.71428571428571,1.71428571428571,1,3,0,1,2,0,1,2,0,0,1,29,"bystander","target_code_1",2,0,"Engineering","Control","Humanities",0,1,"reject","accept","reject","accept","target_reject_other_accept","outgroup","outgroup","ingroup","outgroup","outgroup","different",0,"Humanities"
"1","2","2s5",5,0,18,2,1,1,2.57142857142857,2.71428571428571,2.71428571428571,1.71428571428571,2,-5,1,0,0,2,1,0,2,0,1,30,"bystander","target_code_2",0,2,"Control","Engineering","Humanities",1,0,"accept","reject","accept","reject","target_accept_other_reject","outgroup","outgroup","ingroup","outgroup","outgroup","different",0,"Humanities"
"1","3","3s6",6,0,18,3,1,1,3.71428571428571,2,0.857142857142857,2.28571428571429,1,9,0,1,0,2,1,0,2,0,1,51,"bystander","target_code_1",0,2,"Control","Engineering","Humanities",0,1,"reject","accept","reject","accept","target_reject_other_accept","outgroup","outgroup","ingroup","outgroup","outgroup","different",0,"Humanities"
"1","3","3s6",6,0,18,3,1,1,3.71428571428571,2,0.857142857142857,2.28571428571429,2,9,1,0,2,0,1,2,0,0,1,52,"bystander","target_code_2",2,0,"Engineering","Control","Humanities",1,0,"accept","reject","accept","reject","target_accept_other_reject","outgroup","outgroup","ingroup","outgroup","outgroup","different",0,"Humanities"
"1","3","3s7",7,0,18,3,1,1,3.71428571428571,2,0.857142857142857,2.28571428571429,1,9,0,1,0,0,2,0,0,1,2,53,"bystander","target_code_1",0,0,"Control","Control","Humanities",0,1,"reject","accept","reject","accept","target_reject_other_accept","outgroup","outgroup","outgroup","outgroup","outgroup","same",1,"Humanities"
"1","3","3s7",7,0,18,3,1,1,3.71428571428571,2,0.857142857142857,2.28571428571429,2,9,1,0,0,0,2,0,0,1,2,54,"bystander","target_code_2",0,0,"Control","Control","Humanities",1,0,"accept","reject","accept","reject","target_accept_other_reject","outgroup","outgroup","outgroup","outgroup","outgroup","same",1,"Humanities"
"1","3","3s8",8,0,18,3,1,1,3.71428571428571,2,0.857142857142857,2.28571428571429,1,9,0,0,1,0,1,1,0,0,1,55,"bystander","target_code_1",1,0,"Humanities","Control","Humanities",0,0,"reject","reject","reject","reject","both_reject","ingroup","outgroup","ingroup","ingroup","outgroup","different",0,"Humanities"
"1","3","3s8",8,0,18,3,1,1,3.71428571428571,2,0.857142857142857,2.28571428571429,2,9,0,0,0,1,1,0,1,0,1,56,"bystander","target_code_2",0,1,"Control","Humanities","Humanities",0,0,"reject","reject","reject","reject","both_reject","outgroup","ingroup","ingroup","outgroup","ingroup","different",0,"Humanities"
"1","3","3s9",9,0,18,3,1,1,3.71428571428571,2,0.857142857142857,2.28571428571429,1,9,0,1,2,1,2,2,1,0,2,57,"bystander","target_code_1",2,1,"Engineering","Humanities","Humanities",0,1,"reject","accept","reject","accept","target_reject_other_accept","ingroup","outgroup","outgroup","outgroup","ingroup","different",0,"Humanities"
"1","3","3s9",9,0,18,3,1,1,3.71428571428571,2,0.857142857142857,2.28571428571429,2,-9,1,0,1,2,2,1,2,0,2,58,"bystander","target_code_2",1,2,"Humanities","Engineering","Humanities",1,0,"accept","reject","accept","reject","target_accept_other_reject","outgroup","ingroup","outgroup","ingroup","outgroup","different",0,"Humanities"
"1","3","3s10",10,0,18,3,1,1,3.71428571428571,2,0.857142857142857,2.28571428571429,1,9,1,1,2,0,1,2,0,0,1,59,"bystander","target_code_1",2,0,"Engineering","Control","Humanities",1,1,"accept","accept","accept","accept","both_accept","outgroup","outgroup","ingroup","outgroup","outgroup","different",0,"Humanities"
"1","3","3s10",10,0,18,3,1,1,3.71428571428571,2,0.857142857142857,2.28571428571429,2,9,1,1,0,2,1,0,2,0,1,60,"bystander","target_code_2",0,2,"Control","Engineering","Humanities",1,1,"accept","accept","accept","accept","both_accept","outgroup","outgroup","ingroup","outgroup","outgroup","different",0,"Humanities"
"1","4","4s6",6,0,45,2,1,1,2.28571428571429,3.71428571428571,2.85714285714286,2.28571428571429,1,9,0,0,1,0,2,1,0,0,2,71,"bystander","target_code_1",1,0,"Humanities","Control","Humanities",0,0,"reject","reject","reject","reject","both_reject","outgroup","outgroup","outgroup","ingroup","outgroup","different",0,"Humanities"
"1","4","4s6",6,0,45,2,1,1,2.28571428571429,3.71428571428571,2.85714285714286,2.28571428571429,2,9,0,0,0,1,2,0,1,0,2,72,"bystander","target_code_2",0,1,"Control","Humanities","Humanities",0,0,"reject","reject","reject","reject","both_reject","outgroup","outgroup","outgroup","outgroup","ingroup","different",0,"Humanities"
"1","4","4s7",7,0,45,2,1,1,2.28571428571429,3.71428571428571,2.85714285714286,2.28571428571429,1,9,0,0,1,0,1,1,0,0,1,73,"bystander","target_code_1",1,0,"Humanities","Control","Humanities",0,0,"reject","reject","reject","reject","both_reject","ingroup","outgroup","ingroup","ingroup","outgroup","different",0,"Humanities"
"1","4","4s7",7,0,45,2,1,1,2.28571428571429,3.71428571428571,2.85714285714286,2.28571428571429,2,9,0,0,0,1,1,0,1,0,1,74,"bystander","target_code_2",0,1,"Control","Humanities","Humanities",0,0,"reject","reject","reject","reject","both_reject","outgroup","ingroup","ingroup","outgroup","ingroup","different",0,"Humanities"
"1","4","4s8",8,0,45,2,1,1,2.28571428571429,3.71428571428571,2.85714285714286,2.28571428571429,1,9,0,0,1,1,1,1,1,1,1,75,"bystander","target_code_1",1,1,"Humanities","Humanities","Humanities",0,0,"reject","reject","reject","reject","both_reject","ingroup","ingroup","ingroup","ingroup","ingroup","same",1,"Humanities"
"1","4","4s8",8,0,45,2,1,1,2.28571428571429,3.71428571428571,2.85714285714286,2.28571428571429,2,9,0,0,1,1,1,1,1,1,1,76,"bystander","target_code_2",1,1,"Humanities","Humanities","Humanities",0,0,"reject","reject","reject","reject","both_reject","ingroup","ingroup","ingroup","ingroup","ingroup","same",1,"Humanities"
"1","4","4s9",9,0,45,2,1,1,2.28571428571429,3.71428571428571,2.85714285714286,2.28571428571429,1,9,0,1,2,2,1,2,2,1,1,77,"bystander","target_code_1",2,2,"Engineering","Engineering","Humanities",0,1,"reject","accept","reject","accept","target_reject_other_accept","outgroup","outgroup","ingroup","outgroup","outgroup","same",1,"Humanities"
"1","4","4s9",9,0,45,2,1,1,2.28571428571429,3.71428571428571,2.85714285714286,2.28571428571429,2,-9,1,0,2,2,1,2,2,1,1,78,"bystander","target_code_2",2,2,"Engineering","Engineering","Humanities",1,0,"accept","reject","accept","reject","target_accept_other_reject","outgroup","outgroup","ingroup","outgroup","outgroup","same",1,"Humanities"
"1","4","4s10",10,0,45,2,1,1,2.28571428571429,3.71428571428571,2.85714285714286,2.28571428571429,1,-9,1,0,1,2,2,1,2,0,2,79,"bystander","target_code_1",1,2,"Humanities","Engineering","Humanities",1,0,"accept","reject","accept","reject","target_accept_other_reject","outgroup","ingroup","outgroup","ingroup","outgroup","different",0,"Humanities"
"1","4","4s10",10,0,45,2,1,1,2.28571428571429,3.71428571428571,2.85714285714286,2.28571428571429,2,9,0,1,2,1,2,2,1,0,2,80,"bystander","target_code_2",2,1,"Engineering","Humanities","Humanities",0,1,"reject","accept","reject","accept","target_reject_other_accept","ingroup","outgroup","outgroup","outgroup","ingroup","different",0,"Humanities"
"1","5","5s1",1,0,28,3,0,1,2,3.28571428571429,2.71428571428571,1.85714285714286,1,-1,0,1,0,2,2,0,2,0,2,81,"bystander","target_code_1",0,2,"Control","Engineering","Humanities",0,1,"reject","accept","reject","accept","target_reject_other_accept","outgroup","ingroup","outgroup","outgroup","outgroup","different",0,"Humanities"
"1","5","5s1",1,0,28,3,0,1,2,3.28571428571429,2.71428571428571,1.85714285714286,2,-1,1,0,2,0,2,2,0,0,2,82,"bystander","target_code_2",2,0,"Engineering","Control","Humanities",1,0,"accept","reject","accept","reject","target_accept_other_reject","ingroup","outgroup","outgroup","outgroup","outgroup","different",0,"Humanities"
"1","5","5s2",2,0,28,3,0,1,2,3.28571428571429,2.71428571428571,1.85714285714286,1,-2,1,0,0,0,2,0,0,1,2,83,"bystander","target_code_1",0,0,"Control","Control","Humanities",1,0,"accept","reject","accept","reject","target_accept_other_reject","outgroup","outgroup","outgroup","outgroup","outgroup","same",1,"Humanities"
"1","5","5s2",2,0,28,3,0,1,2,3.28571428571429,2.71428571428571,1.85714285714286,2,1,0,1,0,0,2,0,0,1,2,84,"bystander","target_code_2",0,0,"Control","Control","Humanities",0,1,"reject","accept","reject","accept","target_reject_other_accept","outgroup","outgroup","outgroup","outgroup","outgroup","same",1,"Humanities"
"1","5","5s3",3,0,28,3,0,1,2,3.28571428571429,2.71428571428571,1.85714285714286,1,4,0,0,1,0,1,1,0,0,1,85,"bystander","target_code_1",1,0,"Humanities","Control","Humanities",0,0,"reject","reject","reject","reject","both_reject","ingroup","outgroup","ingroup","ingroup","outgroup","different",0,"Humanities"
"1","5","5s3",3,0,28,3,0,1,2,3.28571428571429,2.71428571428571,1.85714285714286,2,4,0,0,0,1,1,0,1,0,1,86,"bystander","target_code_2",0,1,"Control","Humanities","Humanities",0,0,"reject","reject","reject","reject","both_reject","outgroup","ingroup","ingroup","outgroup","ingroup","different",0,"Humanities"
"1","5","5s4",4,0,28,3,0,1,2,3.28571428571429,2.71428571428571,1.85714285714286,1,3,0,0,0,2,2,0,2,0,2,87,"bystander","target_code_1",0,2,"Control","Engineering","Humanities",0,0,"reject","reject","reject","reject","both_reject","outgroup","ingroup","outgroup","outgroup","outgroup","different",0,"Humanities"
"1","5","5s4",4,0,28,3,0,1,2,3.28571428571429,2.71428571428571,1.85714285714286,2,3,0,0,2,0,2,2,0,0,2,88,"bystander","target_code_2",2,0,"Engineering","Control","Humanities",0,0,"reject","reject","reject","reject","both_reject","ingroup","outgroup","outgroup","outgroup","outgroup","different",0,"Humanities"
"1","5","5s5",5,0,28,3,0,1,2,3.28571428571429,2.71428571428571,1.85714285714286,1,-4,0,1,2,0,1,2,0,0,1,89,"bystander","target_code_1",2,0,"Engineering","Control","Humanities",0,1,"reject","accept","reject","accept","target_reject_other_accept","outgroup","outgroup","ingroup","outgroup","outgroup","different",0,"Humanities"
"1","5","5s5",5,0,28,3,0,1,2,3.28571428571429,2.71428571428571,1.85714285714286,2,-4,1,0,0,2,1,0,2,0,1,90,"bystander","target_code_2",0,2,"Control","Engineering","Humanities",1,0,"accept","reject","accept","reject","target_accept_other_reject","outgroup","outgroup","ingroup","outgroup","outgroup","different",0,"Humanities"
"1","6","6s1",1,0,19,3,1,1,2.28571428571429,2.85714285714286,3,2,1,-5,0,1,0,2,2,0,2,0,2,101,"bystander","target_code_1",0,2,"Control","Engineering","Humanities",0,1,"reject","accept","reject","accept","target_reject_other_accept","outgroup","ingroup","outgroup","outgroup","outgroup","different",0,"Humanities"
"1","6","6s1",1,0,19,3,1,1,2.28571428571429,2.85714285714286,3,2,2,-5,1,0,2,0,2,2,0,0,2,102,"bystander","target_code_2",2,0,"Engineering","Control","Humanities",1,0,"accept","reject","accept","reject","target_accept_other_reject","ingroup","outgroup","outgroup","outgroup","outgroup","different",0,"Humanities"
"1","6","6s2",2,0,19,3,1,1,2.28571428571429,2.85714285714286,3,2,1,5,1,1,2,0,1,2,0,0,1,103,"bystander","target_code_1",2,0,"Engineering","Control","Humanities",1,1,"accept","accept","accept","accept","both_accept","outgroup","outgroup","ingroup","outgroup","outgroup","different",0,"Humanities"
"1","6","6s2",2,0,19,3,1,1,2.28571428571429,2.85714285714286,3,2,2,5,1,1,0,2,1,0,2,0,1,104,"bystander","target_code_2",0,2,"Control","Engineering","Humanities",1,1,"accept","accept","accept","accept","both_accept","outgroup","outgroup","ingroup","outgroup","outgroup","different",0,"Humanities"
"1","6","6s3",3,0,19,3,1,1,2.28571428571429,2.85714285714286,3,2,1,9,0,0,0,2,1,0,2,0,1,105,"bystander","target_code_1",0,2,"Control","Engineering","Humanities",0,0,"reject","reject","reject","reject","both_reject","outgroup","outgroup","ingroup","outgroup","outgroup","different",0,"Humanities"
"1","6","6s3",3,0,19,3,1,1,2.28571428571429,2.85714285714286,3,2,2,9,0,0,2,0,1,2,0,0,1,106,"bystander","target_code_2",2,0,"Engineering","Control","Humanities",0,0,"reject","reject","reject","reject","both_reject","outgroup","outgroup","ingroup","outgroup","outgroup","different",0,"Humanities"
"1","6","6s4",4,0,19,3,1,1,2.28571428571429,2.85714285714286,3,2,1,-5,0,1,1,0,2,1,0,0,2,107,"bystander","target_code_1",1,0,"Humanities","Control","Humanities",0,1,"reject","accept","reject","accept","target_reject_other_accept","outgroup","outgroup","outgroup","ingroup","outgroup","different",0,"Humanities"
"1","6","6s4",4,0,19,3,1,1,2.28571428571429,2.85714285714286,3,2,2,9,1,0,0,1,2,0,1,0,2,108,"bystander","target_code_2",0,1,"Control","Humanities","Humanities",1,0,"accept","reject","accept","reject","target_accept_other_reject","outgroup","outgroup","outgroup","outgroup","ingroup","different",0,"Humanities"
"1","6","6s5",5,0,19,3,1,1,2.28571428571429,2.85714285714286,3,2,1,9,0,0,0,1,1,0,1,0,1,109,"bystander","target_code_1",0,1,"Control","Humanities","Humanities",0,0,"reject","reject","reject","reject","both_reject","outgroup","ingroup","ingroup","outgroup","ingroup","different",0,"Humanities"
"1","6","6s5",5,0,19,3,1,1,2.28571428571429,2.85714285714286,3,2,2,9,0,0,1,0,1,1,0,0,1,110,"bystander","target_code_2",1,0,"Humanities","Control","Humanities",0,0,"reject","reject","reject","reject","both_reject","ingroup","outgroup","ingroup","ingroup","outgroup","different",0,"Humanities"
"1","7","7s6",6,0,19,3,1,1,3.42857142857143,3.14285714285714,2.71428571428571,2.28571428571429,1,9,0,0,1,1,2,1,1,1,2,131,"bystander","target_code_1",1,1,"Humanities","Humanities","Humanities",0,0,"reject","reject","reject","reject","both_reject","outgroup","outgroup","outgroup","ingroup","ingroup","same",1,"Humanities"
"1","7","7s6",6,0,19,3,1,1,3.42857142857143,3.14285714285714,2.71428571428571,2.28571428571429,2,9,0,0,1,1,2,1,1,1,2,132,"bystander","target_code_2",1,1,"Humanities","Humanities","Humanities",0,0,"reject","reject","reject","reject","both_reject","outgroup","outgroup","outgroup","ingroup","ingroup","same",1,"Humanities"
"1","7","7s7",7,0,19,3,1,1,3.42857142857143,3.14285714285714,2.71428571428571,2.28571428571429,1,9,1,0,2,1,2,2,1,0,2,133,"bystander","target_code_1",2,1,"Engineering","Humanities","Humanities",1,0,"accept","reject","accept","reject","target_accept_other_reject","ingroup","outgroup","outgroup","outgroup","ingroup","different",0,"Humanities"
"1","7","7s7",7,0,19,3,1,1,3.42857142857143,3.14285714285714,2.71428571428571,2.28571428571429,2,-9,0,1,1,2,2,1,2,0,2,134,"bystander","target_code_2",1,2,"Humanities","Engineering","Humanities",0,1,"reject","accept","reject","accept","target_reject_other_accept","outgroup","ingroup","outgroup","ingroup","outgroup","different",0,"Humanities"
"1","7","7s8",8,0,19,3,1,1,3.42857142857143,3.14285714285714,2.71428571428571,2.28571428571429,1,9,0,1,1,0,2,1,0,0,2,135,"bystander","target_code_1",1,0,"Humanities","Control","Humanities",0,1,"reject","accept","reject","accept","target_reject_other_accept","outgroup","outgroup","outgroup","ingroup","outgroup","different",0,"Humanities"
"1","7","7s8",8,0,19,3,1,1,3.42857142857143,3.14285714285714,2.71428571428571,2.28571428571429,2,-9,1,0,0,1,2,0,1,0,2,136,"bystander","target_code_2",0,1,"Control","Humanities","Humanities",1,0,"accept","reject","accept","reject","target_accept_other_reject","outgroup","outgroup","outgroup","outgroup","ingroup","different",0,"Humanities"
"1","7","7s9",9,0,19,3,1,1,3.42857142857143,3.14285714285714,2.71428571428571,2.28571428571429,1,9,1,0,1,0,2,1,0,0,2,137,"bystander","target_code_1",1,0,"Humanities","Control","Humanities",1,0,"accept","reject","accept","reject","target_accept_other_reject","outgroup","outgroup","outgroup","ingroup","outgroup","different",0,"Humanities"
"1","7","7s9",9,0,19,3,1,1,3.42857142857143,3.14285714285714,2.71428571428571,2.28571428571429,2,9,0,1,0,1,2,0,1,0,2,138,"bystander","target_code_2",0,1,"Control","Humanities","Humanities",0,1,"reject","accept","reject","accept","target_reject_other_accept","outgroup","outgroup","outgroup","outgroup","ingroup","different",0,"Humanities"
"1","7","7s10",10,0,19,3,1,1,3.42857142857143,3.14285714285714,2.71428571428571,2.28571428571429,1,9,1,1,0,2,1,0,2,0,1,139,"bystander","target_code_1",0,2,"Control","Engineering","Humanities",1,1,"accept","accept","accept","accept","both_accept","outgroup","outgroup","ingroup","outgroup","outgroup","different",0,"Humanities"
"1","7","7s10",10,0,19,3,1,1,3.42857142857143,3.14285714285714,2.71428571428571,2.28571428571429,2,9,1,1,2,0,1,2,0,0,1,140,"bystander","target_code_2",2,0,"Engineering","Control","Humanities",1,1,"accept","accept","accept","accept","both_accept","outgroup","outgroup","ingroup","outgroup","outgroup","different",0,"Humanities"
"1","8","8s6",6,0,19,1,0,1,1.28571428571429,2.71428571428571,2.14285714285714,0.857142857142857,1,2,0,1,2,2,1,2,2,1,1,151,"bystander","target_code_1",2,2,"Engineering","Engineering","Humanities",0,1,"reject","accept","reject","accept","target_reject_other_accept","outgroup","outgroup","ingroup","outgroup","outgroup","same",1,"Humanities"
"1","8","8s6",6,0,19,1,0,1,1.28571428571429,2.71428571428571,2.14285714285714,0.857142857142857,2,1,1,0,2,2,1,2,2,1,1,152,"bystander","target_code_2",2,2,"Engineering","Engineering","Humanities",1,0,"accept","reject","accept","reject","target_accept_other_reject","outgroup","outgroup","ingroup","outgroup","outgroup","same",1,"Humanities"
"1","8","8s7",7,0,19,1,0,1,1.28571428571429,2.71428571428571,2.14285714285714,0.857142857142857,1,1,1,0,2,0,1,2,0,0,1,153,"bystander","target_code_1",2,0,"Engineering","Control","Humanities",1,0,"accept","reject","accept","reject","target_accept_other_reject","outgroup","outgroup","ingroup","outgroup","outgroup","different",0,"Humanities"
"1","8","8s7",7,0,19,1,0,1,1.28571428571429,2.71428571428571,2.14285714285714,0.857142857142857,2,2,0,1,0,2,1,0,2,0,1,154,"bystander","target_code_2",0,2,"Control","Engineering","Humanities",0,1,"reject","accept","reject","accept","target_reject_other_accept","outgroup","outgroup","ingroup","outgroup","outgroup","different",0,"Humanities"
"1","8","8s8",8,0,19,1,0,1,1.28571428571429,2.71428571428571,2.14285714285714,0.857142857142857,1,9,0,0,0,2,2,0,2,0,2,155,"bystander","target_code_1",0,2,"Control","Engineering","Humanities",0,0,"reject","reject","reject","reject","both_reject","outgroup","ingroup","outgroup","outgroup","outgroup","different",0,"Humanities"
"1","8","8s8",8,0,19,1,0,1,1.28571428571429,2.71428571428571,2.14285714285714,0.857142857142857,2,9,0,0,2,0,2,2,0,0,2,156,"bystander","target_code_2",2,0,"Engineering","Control","Humanities",0,0,"reject","reject","reject","reject","both_reject","ingroup","outgroup","outgroup","outgroup","outgroup","different",0,"Humanities"
"1","8","8s9",9,0,19,1,0,1,1.28571428571429,2.71428571428571,2.14285714285714,0.857142857142857,1,4,1,1,0,1,2,0,1,0,2,157,"bystander","target_code_1",0,1,"Control","Humanities","Humanities",1,1,"accept","accept","accept","accept","both_accept","outgroup","outgroup","outgroup","outgroup","ingroup","different",0,"Humanities"
"1","8","8s9",9,0,19,1,0,1,1.28571428571429,2.71428571428571,2.14285714285714,0.857142857142857,2,4,1,1,1,0,2,1,0,0,2,158,"bystander","target_code_2",1,0,"Humanities","Control","Humanities",1,1,"accept","accept","accept","accept","both_accept","outgroup","outgroup","outgroup","ingroup","outgroup","different",0,"Humanities"
"1","8","8s10",10,0,19,1,0,1,1.28571428571429,2.71428571428571,2.14285714285714,0.857142857142857,1,1,1,1,1,0,2,1,0,0,2,159,"bystander","target_code_1",1,0,"Humanities","Control","Humanities",1,1,"accept","accept","accept","accept","both_accept","outgroup","outgroup","outgroup","ingroup","outgroup","different",0,"Humanities"
"1","8","8s10",10,0,19,1,0,1,1.28571428571429,2.71428571428571,2.14285714285714,0.857142857142857,2,1,1,1,0,1,2,0,1,0,2,160,"bystander","target_code_2",0,1,"Control","Humanities","Humanities",1,1,"accept","accept","accept","accept","both_accept","outgroup","outgroup","outgroup","outgroup","ingroup","different",0,"Humanities"
"1","9","9s1",1,0,18,3,0,1,3.14285714285714,2.85714285714286,2.57142857142857,3.14285714285714,1,9,0,0,0,0,2,0,0,1,2,161,"bystander","target_code_1",0,0,"Control","Control","Humanities",0,0,"reject","reject","reject","reject","both_reject","outgroup","outgroup","outgroup","outgroup","outgroup","same",1,"Humanities"
"1","9","9s1",1,0,18,3,0,1,3.14285714285714,2.85714285714286,2.57142857142857,3.14285714285714,2,9,0,0,0,0,2,0,0,1,2,162,"bystander","target_code_2",0,0,"Control","Control","Humanities",0,0,"reject","reject","reject","reject","both_reject","outgroup","outgroup","outgroup","outgroup","outgroup","same",1,"Humanities"
"1","9","9s2",2,0,18,3,0,1,3.14285714285714,2.85714285714286,2.57142857142857,3.14285714285714,1,-9,0,1,1,0,2,1,0,0,2,163,"bystander","target_code_1",1,0,"Humanities","Control","Humanities",0,1,"reject","accept","reject","accept","target_reject_other_accept","outgroup","outgroup","outgroup","ingroup","outgroup","different",0,"Humanities"
"1","9","9s2",2,0,18,3,0,1,3.14285714285714,2.85714285714286,2.57142857142857,3.14285714285714,2,9,1,0,0,1,2,0,1,0,2,164,"bystander","target_code_2",0,1,"Control","Humanities","Humanities",1,0,"accept","reject","accept","reject","target_accept_other_reject","outgroup","outgroup","outgroup","outgroup","ingroup","different",0,"Humanities"
"1","9","9s3",3,0,18,3,0,1,3.14285714285714,2.85714285714286,2.57142857142857,3.14285714285714,1,9,1,0,1,2,1,1,2,0,1,165,"bystander","target_code_1",1,2,"Humanities","Engineering","Humanities",1,0,"accept","reject","accept","reject","target_accept_other_reject","ingroup","outgroup","ingroup","ingroup","outgroup","different",0,"Humanities"
"1","9","9s3",3,0,18,3,0,1,3.14285714285714,2.85714285714286,2.57142857142857,3.14285714285714,2,-9,0,1,2,1,1,2,1,0,1,166,"bystander","target_code_2",2,1,"Engineering","Humanities","Humanities",0,1,"reject","accept","reject","accept","target_reject_other_accept","outgroup","ingroup","ingroup","outgroup","ingroup","different",0,"Humanities"
"1","9","9s4",4,0,18,3,0,1,3.14285714285714,2.85714285714286,2.57142857142857,3.14285714285714,1,9,0,0,2,0,1,2,0,0,1,167,"bystander","target_code_1",2,0,"Engineering","Control","Humanities",0,0,"reject","reject","reject","reject","both_reject","outgroup","outgroup","ingroup","outgroup","outgroup","different",0,"Humanities"
"1","9","9s4",4,0,18,3,0,1,3.14285714285714,2.85714285714286,2.57142857142857,3.14285714285714,2,9,0,0,0,2,1,0,2,0,1,168,"bystander","target_code_2",0,2,"Control","Engineering","Humanities",0,0,"reject","reject","reject","reject","both_reject","outgroup","outgroup","ingroup","outgroup","outgroup","different",0,"Humanities"
"1","9","9s5",5,0,18,3,0,1,3.14285714285714,2.85714285714286,2.57142857142857,3.14285714285714,1,9,1,0,1,1,2,1,1,1,2,169,"bystander","target_code_1",1,1,"Humanities","Humanities","Humanities",1,0,"accept","reject","accept","reject","target_accept_other_reject","outgroup","outgroup","outgroup","ingroup","ingroup","same",1,"Humanities"
"1","9","9s5",5,0,18,3,0,1,3.14285714285714,2.85714285714286,2.57142857142857,3.14285714285714,2,-9,0,1,1,1,2,1,1,1,2,170,"bystander","target_code_2",1,1,"Humanities","Humanities","Humanities",0,1,"reject","accept","reject","accept","target_reject_other_accept","outgroup","outgroup","outgroup","ingroup","ingroup","same",1,"Humanities"
"1","10","10s1",1,0,21,3,1,1,3,3.14285714285714,3.28571428571429,1.28571428571429,1,-9,1,1,2,1,2,2,1,0,2,181,"bystander","target_code_1",2,1,"Engineering","Humanities","Humanities",1,1,"accept","accept","accept","accept","both_accept","ingroup","outgroup","outgroup","outgroup","ingroup","different",0,"Humanities"
"1","10","10s1",1,0,21,3,1,1,3,3.14285714285714,3.28571428571429,1.28571428571429,2,-9,1,1,1,2,2,1,2,0,2,182,"bystander","target_code_2",1,2,"Humanities","Engineering","Humanities",1,1,"accept","accept","accept","accept","both_accept","outgroup","ingroup","outgroup","ingroup","outgroup","different",0,"Humanities"
"1","10","10s2",2,0,21,3,1,1,3,3.14285714285714,3.28571428571429,1.28571428571429,1,-9,1,1,1,2,2,1,2,0,2,183,"bystander","target_code_1",1,2,"Humanities","Engineering","Humanities",1,1,"accept","accept","accept","accept","both_accept","outgroup","ingroup","outgroup","ingroup","outgroup","different",0,"Humanities"
"1","10","10s2",2,0,21,3,1,1,3,3.14285714285714,3.28571428571429,1.28571428571429,2,-9,1,1,2,1,2,2,1,0,2,184,"bystander","target_code_2",2,1,"Engineering","Humanities","Humanities",1,1,"accept","accept","accept","accept","both_accept","ingroup","outgroup","outgroup","outgroup","ingroup","different",0,"Humanities"
"1","10","10s3",3,0,21,3,1,1,3,3.14285714285714,3.28571428571429,1.28571428571429,1,-9,1,0,2,2,2,2,2,1,2,185,"bystander","target_code_1",2,2,"Engineering","Engineering","Humanities",1,0,"accept","reject","accept","reject","target_accept_other_reject","ingroup","ingroup","outgroup","outgroup","outgroup","same",1,"Humanities"
"1","10","10s3",3,0,21,3,1,1,3,3.14285714285714,3.28571428571429,1.28571428571429,2,9,0,1,2,2,2,2,2,1,2,186,"bystander","target_code_2",2,2,"Engineering","Engineering","Humanities",0,1,"reject","accept","reject","accept","target_reject_other_accept","ingroup","ingroup","outgroup","outgroup","outgroup","same",1,"Humanities"
"1","10","10s4",4,0,21,3,1,1,3,3.14285714285714,3.28571428571429,1.28571428571429,1,9,0,0,1,1,2,1,1,1,2,187,"bystander","target_code_1",1,1,"Humanities","Humanities","Humanities",0,0,"reject","reject","reject","reject","both_reject","outgroup","outgroup","outgroup","ingroup","ingroup","same",1,"Humanities"
"1","10","10s4",4,0,21,3,1,1,3,3.14285714285714,3.28571428571429,1.28571428571429,2,9,0,0,1,1,2,1,1,1,2,188,"bystander","target_code_2",1,1,"Humanities","Humanities","Humanities",0,0,"reject","reject","reject","reject","both_reject","outgroup","outgroup","outgroup","ingroup","ingroup","same",1,"Humanities"
"1","10","10s5",5,0,21,3,1,1,3,3.14285714285714,3.28571428571429,1.28571428571429,1,-9,1,0,0,0,2,0,0,1,2,189,"bystander","target_code_1",0,0,"Control","Control","Humanities",1,0,"accept","reject","accept","reject","target_accept_other_reject","outgroup","outgroup","outgroup","outgroup","outgroup","same",1,"Humanities"
"1","10","10s5",5,0,21,3,1,1,3,3.14285714285714,3.28571428571429,1.28571428571429,2,9,0,1,0,0,2,0,0,1,2,190,"bystander","target_code_2",0,0,"Control","Control","Humanities",0,1,"reject","accept","reject","accept","target_reject_other_accept","outgroup","outgroup","outgroup","outgroup","outgroup","same",1,"Humanities"
"1","11","11s1",1,0,20,3,1,1,3.42857142857143,2.85714285714286,3,2.14285714285714,1,1,1,1,0,1,1,0,1,0,1,201,"bystander","target_code_1",0,1,"Control","Humanities","Humanities",1,1,"accept","accept","accept","accept","both_accept","outgroup","ingroup","ingroup","outgroup","ingroup","different",0,"Humanities"
"1","11","11s1",1,0,20,3,1,1,3.42857142857143,2.85714285714286,3,2.14285714285714,2,1,1,1,1,0,1,1,0,0,1,202,"bystander","target_code_2",1,0,"Humanities","Control","Humanities",1,1,"accept","accept","accept","accept","both_accept","ingroup","outgroup","ingroup","ingroup","outgroup","different",0,"Humanities"
"1","11","11s2",2,0,20,3,1,1,3.42857142857143,2.85714285714286,3,2.14285714285714,1,3,0,0,0,0,1,0,0,1,1,203,"bystander","target_code_1",0,0,"Control","Control","Humanities",0,0,"reject","reject","reject","reject","both_reject","outgroup","outgroup","ingroup","outgroup","outgroup","same",1,"Humanities"
"1","11","11s2",2,0,20,3,1,1,3.42857142857143,2.85714285714286,3,2.14285714285714,2,3,0,0,0,0,1,0,0,1,1,204,"bystander","target_code_2",0,0,"Control","Control","Humanities",0,0,"reject","reject","reject","reject","both_reject","outgroup","outgroup","ingroup","outgroup","outgroup","same",1,"Humanities"
"1","11","11s3",3,0,20,3,1,1,3.42857142857143,2.85714285714286,3,2.14285714285714,1,5,0,1,0,2,2,0,2,0,2,205,"bystander","target_code_1",0,2,"Control","Engineering","Humanities",0,1,"reject","accept","reject","accept","target_reject_other_accept","outgroup","ingroup","outgroup","outgroup","outgroup","different",0,"Humanities"
"1","11","11s3",3,0,20,3,1,1,3.42857142857143,2.85714285714286,3,2.14285714285714,2,1,1,0,2,0,2,2,0,0,2,206,"bystander","target_code_2",2,0,"Engineering","Control","Humanities",1,0,"accept","reject","accept","reject","target_accept_other_reject","ingroup","outgroup","outgroup","outgroup","outgroup","different",0,"Humanities"
"1","11","11s4",4,0,20,3,1,1,3.42857142857143,2.85714285714286,3,2.14285714285714,1,5,0,0,0,2,1,0,2,0,1,207,"bystander","target_code_1",0,2,"Control","Engineering","Humanities",0,0,"reject","reject","reject","reject","both_reject","outgroup","outgroup","ingroup","outgroup","outgroup","different",0,"Humanities"
"1","11","11s4",4,0,20,3,1,1,3.42857142857143,2.85714285714286,3,2.14285714285714,2,5,0,0,2,0,1,2,0,0,1,208,"bystander","target_code_2",2,0,"Engineering","Control","Humanities",0,0,"reject","reject","reject","reject","both_reject","outgroup","outgroup","ingroup","outgroup","outgroup","different",0,"Humanities"
"1","11","11s5",5,0,20,3,1,1,3.42857142857143,2.85714285714286,3,2.14285714285714,1,5,0,0,1,0,1,1,0,0,1,209,"bystander","target_code_1",1,0,"Humanities","Control","Humanities",0,0,"reject","reject","reject","reject","both_reject","ingroup","outgroup","ingroup","ingroup","outgroup","different",0,"Humanities"
"1","11","11s5",5,0,20,3,1,1,3.42857142857143,2.85714285714286,3,2.14285714285714,2,5,0,0,0,1,1,0,1,0,1,210,"bystander","target_code_2",0,1,"Control","Humanities","Humanities",0,0,"reject","reject","reject","reject","both_reject","outgroup","ingroup","ingroup","outgroup","ingroup","different",0,"Humanities"
"1","12","12s6",6,0,18,2,0,1,0,2.14285714285714,3.28571428571429,0.142857142857143,1,-9,1,1,0,0,2,0,0,1,2,231,"bystander","target_code_1",0,0,"Control","Control","Humanities",1,1,"accept","accept","accept","accept","both_accept","outgroup","outgroup","outgroup","outgroup","outgroup","same",1,"Humanities"
"1","12","12s6",6,0,18,2,0,1,0,2.14285714285714,3.28571428571429,0.142857142857143,2,-9,1,1,0,0,2,0,0,1,2,232,"bystander","target_code_2",0,0,"Control","Control","Humanities",1,1,"accept","accept","accept","accept","both_accept","outgroup","outgroup","outgroup","outgroup","outgroup","same",1,"Humanities"
"1","12","12s7",7,0,18,2,0,1,0,2.14285714285714,3.28571428571429,0.142857142857143,1,-9,0,1,1,2,1,1,2,0,1,233,"bystander","target_code_1",1,2,"Humanities","Engineering","Humanities",0,1,"reject","accept","reject","accept","target_reject_other_accept","ingroup","outgroup","ingroup","ingroup","outgroup","different",0,"Humanities"
"1","12","12s7",7,0,18,2,0,1,0,2.14285714285714,3.28571428571429,0.142857142857143,2,-9,1,0,2,1,1,2,1,0,1,234,"bystander","target_code_2",2,1,"Engineering","Humanities","Humanities",1,0,"accept","reject","accept","reject","target_accept_other_reject","outgroup","ingroup","ingroup","outgroup","ingroup","different",0,"Humanities"
"1","12","12s8",8,0,18,2,0,1,0,2.14285714285714,3.28571428571429,0.142857142857143,1,9,0,0,1,2,2,1,2,0,2,235,"bystander","target_code_1",1,2,"Humanities","Engineering","Humanities",0,0,"reject","reject","reject","reject","both_reject","outgroup","ingroup","outgroup","ingroup","outgroup","different",0,"Humanities"
"1","12","12s8",8,0,18,2,0,1,0,2.14285714285714,3.28571428571429,0.142857142857143,2,9,0,0,2,1,2,2,1,0,2,236,"bystander","target_code_2",2,1,"Engineering","Humanities","Humanities",0,0,"reject","reject","reject","reject","both_reject","ingroup","outgroup","outgroup","outgroup","ingroup","different",0,"Humanities"
"1","12","12s9",9,0,18,2,0,1,0,2.14285714285714,3.28571428571429,0.142857142857143,1,9,0,0,0,2,2,0,2,0,2,237,"bystander","target_code_1",0,2,"Control","Engineering","Humanities",0,0,"reject","reject","reject","reject","both_reject","outgroup","ingroup","outgroup","outgroup","outgroup","different",0,"Humanities"
"1","12","12s9",9,0,18,2,0,1,0,2.14285714285714,3.28571428571429,0.142857142857143,2,9,0,0,2,0,2,2,0,0,2,238,"bystander","target_code_2",2,0,"Engineering","Control","Humanities",0,0,"reject","reject","reject","reject","both_reject","ingroup","outgroup","outgroup","outgroup","outgroup","different",0,"Humanities"
"1","12","12s10",10,0,18,2,0,1,0,2.14285714285714,3.28571428571429,0.142857142857143,1,-5,0,1,2,0,2,2,0,0,2,239,"bystander","target_code_1",2,0,"Engineering","Control","Humanities",0,1,"reject","accept","reject","accept","target_reject_other_accept","ingroup","outgroup","outgroup","outgroup","outgroup","different",0,"Humanities"
"1","12","12s10",10,0,18,2,0,1,0,2.14285714285714,3.28571428571429,0.142857142857143,2,-5,1,0,0,2,2,0,2,0,2,240,"bystander","target_code_2",0,2,"Control","Engineering","Humanities",1,0,"accept","reject","accept","reject","target_accept_other_reject","outgroup","ingroup","outgroup","outgroup","outgroup","different",0,"Humanities"
"1","13","13s6",6,0,19,4,1,1,1.71428571428571,3.28571428571429,3.42857142857143,1,1,-1,1,1,0,1,1,0,1,0,1,251,"bystander","target_code_1",0,1,"Control","Humanities","Humanities",1,1,"accept","accept","accept","accept","both_accept","outgroup","ingroup","ingroup","outgroup","ingroup","different",0,"Humanities"
"1","13","13s6",6,0,19,4,1,1,1.71428571428571,3.28571428571429,3.42857142857143,1,2,-1,1,1,1,0,1,1,0,0,1,252,"bystander","target_code_2",1,0,"Humanities","Control","Humanities",1,1,"accept","accept","accept","accept","both_accept","ingroup","outgroup","ingroup","ingroup","outgroup","different",0,"Humanities"
"1","13","13s7",7,0,19,4,1,1,1.71428571428571,3.28571428571429,3.42857142857143,1,1,1,0,0,2,1,2,2,1,0,2,253,"bystander","target_code_1",2,1,"Engineering","Humanities","Humanities",0,0,"reject","reject","reject","reject","both_reject","ingroup","outgroup","outgroup","outgroup","ingroup","different",0,"Humanities"
"1","13","13s7",7,0,19,4,1,1,1.71428571428571,3.28571428571429,3.42857142857143,1,2,1,0,0,1,2,2,1,2,0,2,254,"bystander","target_code_2",1,2,"Humanities","Engineering","Humanities",0,0,"reject","reject","reject","reject","both_reject","outgroup","ingroup","outgroup","ingroup","outgroup","different",0,"Humanities"
"1","13","13s8",8,0,19,4,1,1,1.71428571428571,3.28571428571429,3.42857142857143,1,1,-1,1,0,0,2,1,0,2,0,1,255,"bystander","target_code_1",0,2,"Control","Engineering","Humanities",1,0,"accept","reject","accept","reject","target_accept_other_reject","outgroup","outgroup","ingroup","outgroup","outgroup","different",0,"Humanities"
"1","13","13s8",8,0,19,4,1,1,1.71428571428571,3.28571428571429,3.42857142857143,1,2,1,0,1,2,0,1,2,0,0,1,256,"bystander","target_code_2",2,0,"Engineering","Control","Humanities",0,1,"reject","accept","reject","accept","target_reject_other_accept","outgroup","outgroup","ingroup","outgroup","outgroup","different",0,"Humanities"
"1","13","13s9",9,0,19,4,1,1,1.71428571428571,3.28571428571429,3.42857142857143,1,1,1,0,0,1,1,1,1,1,1,1,257,"bystander","target_code_1",1,1,"Humanities","Humanities","Humanities",0,0,"reject","reject","reject","reject","both_reject","ingroup","ingroup","ingroup","ingroup","ingroup","same",1,"Humanities"
"1","13","13s9",9,0,19,4,1,1,1.71428571428571,3.28571428571429,3.42857142857143,1,2,1,0,0,1,1,1,1,1,1,1,258,"bystander","target_code_2",1,1,"Humanities","Humanities","Humanities",0,0,"reject","reject","reject","reject","both_reject","ingroup","ingroup","ingroup","ingroup","ingroup","same",1,"Humanities"
"1","13","13s10",10,0,19,4,1,1,1.71428571428571,3.28571428571429,3.42857142857143,1,1,-1,1,1,2,2,2,2,2,1,2,259,"bystander","target_code_1",2,2,"Engineering","Engineering","Humanities",1,1,"accept","accept","accept","accept","both_accept","ingroup","ingroup","outgroup","outgroup","outgroup","same",1,"Humanities"
"1","13","13s10",10,0,19,4,1,1,1.71428571428571,3.28571428571429,3.42857142857143,1,2,-1,1,1,2,2,2,2,2,1,2,260,"bystander","target_code_2",2,2,"Engineering","Engineering","Humanities",1,1,"accept","accept","accept","accept","both_accept","ingroup","ingroup","outgroup","outgroup","outgroup","same",1,"Humanities"
"1","14","14s1",1,0,24,2,1,1,2.57142857142857,3.57142857142857,2.85714285714286,1.28571428571429,1,-1,1,0,1,2,1,1,2,0,1,261,"bystander","target_code_1",1,2,"Humanities","Engineering","Humanities",1,0,"accept","reject","accept","reject","target_accept_other_reject","ingroup","outgroup","ingroup","ingroup","outgroup","different",0,"Humanities"
"1","14","14s1",1,0,24,2,1,1,2.57142857142857,3.57142857142857,2.85714285714286,1.28571428571429,2,2,0,1,2,1,1,2,1,0,1,262,"bystander","target_code_2",2,1,"Engineering","Humanities","Humanities",0,1,"reject","accept","reject","accept","target_reject_other_accept","outgroup","ingroup","ingroup","outgroup","ingroup","different",0,"Humanities"
"1","14","14s2",2,0,24,2,1,1,2.57142857142857,3.57142857142857,2.85714285714286,1.28571428571429,1,-2,1,0,1,0,2,1,0,0,2,263,"bystander","target_code_1",1,0,"Humanities","Control","Humanities",1,0,"accept","reject","accept","reject","target_accept_other_reject","outgroup","outgroup","outgroup","ingroup","outgroup","different",0,"Humanities"
"1","14","14s2",2,0,24,2,1,1,2.57142857142857,3.57142857142857,2.85714285714286,1.28571428571429,2,2,0,1,0,1,2,0,1,0,2,264,"bystander","target_code_2",0,1,"Control","Humanities","Humanities",0,1,"reject","accept","reject","accept","target_reject_other_accept","outgroup","outgroup","outgroup","outgroup","ingroup","different",0,"Humanities"
"1","14","14s3",3,0,24,2,1,1,2.57142857142857,3.57142857142857,2.85714285714286,1.28571428571429,1,6,0,0,1,2,1,1,2,0,1,265,"bystander","target_code_1",1,2,"Humanities","Engineering","Humanities",0,0,"reject","reject","reject","reject","both_reject","ingroup","outgroup","ingroup","ingroup","outgroup","different",0,"Humanities"
"1","14","14s3",3,0,24,2,1,1,2.57142857142857,3.57142857142857,2.85714285714286,1.28571428571429,2,6,0,0,2,1,1,2,1,0,1,266,"bystander","target_code_2",2,1,"Engineering","Humanities","Humanities",0,0,"reject","reject","reject","reject","both_reject","outgroup","ingroup","ingroup","outgroup","ingroup","different",0,"Humanities"
"1","14","14s4",4,0,24,2,1,1,2.57142857142857,3.57142857142857,2.85714285714286,1.28571428571429,1,3,1,0,0,0,2,0,0,1,2,267,"bystander","target_code_1",0,0,"Control","Control","Humanities",1,0,"accept","reject","accept","reject","target_accept_other_reject","outgroup","outgroup","outgroup","outgroup","outgroup","same",1,"Humanities"
"1","14","14s4",4,0,24,2,1,1,2.57142857142857,3.57142857142857,2.85714285714286,1.28571428571429,2,-3,0,1,0,0,2,0,0,1,2,268,"bystander","target_code_2",0,0,"Control","Control","Humanities",0,1,"reject","accept","reject","accept","target_reject_other_accept","outgroup","outgroup","outgroup","outgroup","outgroup","same",1,"Humanities"
"1","14","14s5",5,0,24,2,1,1,2.57142857142857,3.57142857142857,2.85714285714286,1.28571428571429,1,-2,1,0,0,0,2,0,0,1,2,269,"bystander","target_code_1",0,0,"Control","Control","Humanities",1,0,"accept","reject","accept","reject","target_accept_other_reject","outgroup","outgroup","outgroup","outgroup","outgroup","same",1,"Humanities"
"1","14","14s5",5,0,24,2,1,1,2.57142857142857,3.57142857142857,2.85714285714286,1.28571428571429,2,2,0,1,0,0,2,0,0,1,2,270,"bystander","target_code_2",0,0,"Control","Control","Humanities",0,1,"reject","accept","reject","accept","target_reject_other_accept","outgroup","outgroup","outgroup","outgroup","outgroup","same",1,"Humanities"
"2","15","15s6",6,0,19,3,0,2,1.28571428571429,2.42857142857143,2,1.28571428571429,1,-9,1,0,2,2,2,1,1,1,1,291,"bystander","target_code_1",2,2,"Engineering","Engineering","Engineering",1,0,"accept","reject","accept","reject","target_accept_other_reject","ingroup","ingroup","ingroup","ingroup","ingroup","same",1,"Engineering"
"2","15","15s6",6,0,19,3,0,2,1.28571428571429,2.42857142857143,2,1.28571428571429,2,9,0,1,2,2,2,1,1,1,1,292,"bystander","target_code_2",2,2,"Engineering","Engineering","Engineering",0,1,"reject","accept","reject","accept","target_reject_other_accept","ingroup","ingroup","ingroup","ingroup","ingroup","same",1,"Engineering"
"2","15","15s7",7,0,19,3,0,2,1.28571428571429,2.42857142857143,2,1.28571428571429,1,-9,1,0,1,2,2,2,1,0,1,293,"bystander","target_code_1",1,2,"Humanities","Engineering","Engineering",1,0,"accept","reject","accept","reject","target_accept_other_reject","outgroup","ingroup","ingroup","outgroup","ingroup","different",0,"Engineering"
"2","15","15s7",7,0,19,3,0,2,1.28571428571429,2.42857142857143,2,1.28571428571429,2,9,0,1,2,1,2,1,2,0,1,294,"bystander","target_code_2",2,1,"Engineering","Humanities","Engineering",0,1,"reject","accept","reject","accept","target_reject_other_accept","ingroup","outgroup","ingroup","ingroup","outgroup","different",0,"Engineering"
"2","15","15s8",8,0,19,3,0,2,1.28571428571429,2.42857142857143,2,1.28571428571429,1,9,0,1,0,0,2,0,0,1,1,295,"bystander","target_code_1",0,0,"Control","Control","Engineering",0,1,"reject","accept","reject","accept","target_reject_other_accept","outgroup","outgroup","ingroup","outgroup","outgroup","same",1,"Engineering"
"2","15","15s8",8,0,19,3,0,2,1.28571428571429,2.42857142857143,2,1.28571428571429,2,-9,1,0,0,0,2,0,0,1,1,296,"bystander","target_code_2",0,0,"Control","Control","Engineering",1,0,"accept","reject","accept","reject","target_accept_other_reject","outgroup","outgroup","ingroup","outgroup","outgroup","same",1,"Engineering"
"2","15","15s9",9,0,19,3,0,2,1.28571428571429,2.42857142857143,2,1.28571428571429,1,9,0,1,1,0,1,2,0,0,2,297,"bystander","target_code_1",1,0,"Humanities","Control","Engineering",0,1,"reject","accept","reject","accept","target_reject_other_accept","ingroup","outgroup","outgroup","outgroup","outgroup","different",0,"Engineering"
"2","15","15s9",9,0,19,3,0,2,1.28571428571429,2.42857142857143,2,1.28571428571429,2,-9,1,0,0,1,1,0,2,0,2,298,"bystander","target_code_2",0,1,"Control","Humanities","Engineering",1,0,"accept","reject","accept","reject","target_accept_other_reject","outgroup","ingroup","outgroup","outgroup","outgroup","different",0,"Engineering"
"2","15","15s10",10,0,19,3,0,2,1.28571428571429,2.42857142857143,2,1.28571428571429,1,9,0,1,2,0,1,1,0,0,2,299,"bystander","target_code_1",2,0,"Engineering","Control","Engineering",0,1,"reject","accept","reject","accept","target_reject_other_accept","outgroup","outgroup","outgroup","ingroup","outgroup","different",0,"Engineering"
"2","15","15s10",10,0,19,3,0,2,1.28571428571429,2.42857142857143,2,1.28571428571429,2,-9,1,0,0,2,1,0,1,0,2,300,"bystander","target_code_2",0,2,"Control","Engineering","Engineering",1,0,"accept","reject","accept","reject","target_accept_other_reject","outgroup","outgroup","outgroup","outgroup","ingroup","different",0,"Engineering"
"2","16","16s1",1,0,35,3,0,1,3.42857142857143,3.14285714285714,2.71428571428571,0.428571428571428,1,9,0,0,2,0,2,2,0,0,2,301,"bystander","target_code_1",2,0,"Engineering","Control","Humanities",0,0,"reject","reject","reject","reject","both_reject","ingroup","outgroup","outgroup","outgroup","outgroup","different",0,"Humanities"
"2","16","16s1",1,0,35,3,0,1,3.42857142857143,3.14285714285714,2.71428571428571,0.428571428571428,2,9,0,0,0,2,2,0,2,0,2,302,"bystander","target_code_2",0,2,"Control","Engineering","Humanities",0,0,"reject","reject","reject","reject","both_reject","outgroup","ingroup","outgroup","outgroup","outgroup","different",0,"Humanities"
"2","16","16s2",2,0,35,3,0,1,3.42857142857143,3.14285714285714,2.71428571428571,0.428571428571428,1,9,1,0,1,0,1,1,0,0,1,303,"bystander","target_code_1",1,0,"Humanities","Control","Humanities",1,0,"accept","reject","accept","reject","target_accept_other_reject","ingroup","outgroup","ingroup","ingroup","outgroup","different",0,"Humanities"
"2","16","16s2",2,0,35,3,0,1,3.42857142857143,3.14285714285714,2.71428571428571,0.428571428571428,2,9,0,1,0,1,1,0,1,0,1,304,"bystander","target_code_2",0,1,"Control","Humanities","Humanities",0,1,"reject","accept","reject","accept","target_reject_other_accept","outgroup","ingroup","ingroup","outgroup","ingroup","different",0,"Humanities"
"2","16","16s3",3,0,35,3,0,1,3.42857142857143,3.14285714285714,2.71428571428571,0.428571428571428,1,9,1,1,0,1,1,0,1,0,1,305,"bystander","target_code_1",0,1,"Control","Humanities","Humanities",1,1,"accept","accept","accept","accept","both_accept","outgroup","ingroup","ingroup","outgroup","ingroup","different",0,"Humanities"
"2","16","16s3",3,0,35,3,0,1,3.42857142857143,3.14285714285714,2.71428571428571,0.428571428571428,2,9,1,1,1,0,1,1,0,0,1,306,"bystander","target_code_2",1,0,"Humanities","Control","Humanities",1,1,"accept","accept","accept","accept","both_accept","ingroup","outgroup","ingroup","ingroup","outgroup","different",0,"Humanities"
"2","16","16s4",4,0,35,3,0,1,3.42857142857143,3.14285714285714,2.71428571428571,0.428571428571428,1,9,0,0,1,1,1,1,1,1,1,307,"bystander","target_code_1",1,1,"Humanities","Humanities","Humanities",0,0,"reject","reject","reject","reject","both_reject","ingroup","ingroup","ingroup","ingroup","ingroup","same",1,"Humanities"
"2","16","16s4",4,0,35,3,0,1,3.42857142857143,3.14285714285714,2.71428571428571,0.428571428571428,2,9,0,0,1,1,1,1,1,1,1,308,"bystander","target_code_2",1,1,"Humanities","Humanities","Humanities",0,0,"reject","reject","reject","reject","both_reject","ingroup","ingroup","ingroup","ingroup","ingroup","same",1,"Humanities"
"2","16","16s5",5,0,35,3,0,1,3.42857142857143,3.14285714285714,2.71428571428571,0.428571428571428,1,9,1,1,2,1,1,2,1,0,1,309,"bystander","target_code_1",2,1,"Engineering","Humanities","Humanities",1,1,"accept","accept","accept","accept","both_accept","outgroup","ingroup","ingroup","outgroup","ingroup","different",0,"Humanities"
"2","16","16s5",5,0,35,3,0,1,3.42857142857143,3.14285714285714,2.71428571428571,0.428571428571428,2,9,1,1,1,2,1,1,2,0,1,310,"bystander","target_code_2",1,2,"Humanities","Engineering","Humanities",1,1,"accept","accept","accept","accept","both_accept","ingroup","outgroup","ingroup","ingroup","outgroup","different",0,"Humanities"
"2","17","17s1",1,0,20,1,1,1,3.85714285714286,4,3.42857142857143,0.571428571428571,1,-9,1,0,0,0,2,0,0,1,2,321,"bystander","target_code_1",0,0,"Control","Control","Humanities",1,0,"accept","reject","accept","reject","target_accept_other_reject","outgroup","outgroup","outgroup","outgroup","outgroup","same",1,"Humanities"
"2","17","17s1",1,0,20,1,1,1,3.85714285714286,4,3.42857142857143,0.571428571428571,2,9,0,1,0,0,2,0,0,1,2,322,"bystander","target_code_2",0,0,"Control","Control","Humanities",0,1,"reject","accept","reject","accept","target_reject_other_accept","outgroup","outgroup","outgroup","outgroup","outgroup","same",1,"Humanities"
"2","17","17s2",2,0,20,1,1,1,3.85714285714286,4,3.42857142857143,0.571428571428571,1,9,0,0,0,1,1,0,1,0,1,323,"bystander","target_code_1",0,1,"Control","Humanities","Humanities",0,0,"reject","reject","reject","reject","both_reject","outgroup","ingroup","ingroup","outgroup","ingroup","different",0,"Humanities"
"2","17","17s2",2,0,20,1,1,1,3.85714285714286,4,3.42857142857143,0.571428571428571,2,9,0,0,1,0,1,1,0,0,1,324,"bystander","target_code_2",1,0,"Humanities","Control","Humanities",0,0,"reject","reject","reject","reject","both_reject","ingroup","outgroup","ingroup","ingroup","outgroup","different",0,"Humanities"
"2","17","17s3",3,0,20,1,1,1,3.85714285714286,4,3.42857142857143,0.571428571428571,1,-9,1,0,0,2,2,0,2,0,2,325,"bystander","target_code_1",0,2,"Control","Engineering","Humanities",1,0,"accept","reject","accept","reject","target_accept_other_reject","outgroup","ingroup","outgroup","outgroup","outgroup","different",0,"Humanities"
"2","17","17s3",3,0,20,1,1,1,3.85714285714286,4,3.42857142857143,0.571428571428571,2,9,0,1,2,0,2,2,0,0,2,326,"bystander","target_code_2",2,0,"Engineering","Control","Humanities",0,1,"reject","accept","reject","accept","target_reject_other_accept","ingroup","outgroup","outgroup","outgroup","outgroup","different",0,"Humanities"
"2","17","17s4",4,0,20,1,1,1,3.85714285714286,4,3.42857142857143,0.571428571428571,1,9,0,1,2,1,2,2,1,0,2,327,"bystander","target_code_1",2,1,"Engineering","Humanities","Humanities",0,1,"reject","accept","reject","accept","target_reject_other_accept","ingroup","outgroup","outgroup","outgroup","ingroup","different",0,"Humanities"
"2","17","17s4",4,0,20,1,1,1,3.85714285714286,4,3.42857142857143,0.571428571428571,2,-9,1,0,1,2,2,1,2,0,2,328,"bystander","target_code_2",1,2,"Humanities","Engineering","Humanities",1,0,"accept","reject","accept","reject","target_accept_other_reject","outgroup","ingroup","outgroup","ingroup","outgroup","different",0,"Humanities"
"2","17","17s5",5,0,20,1,1,1,3.85714285714286,4,3.42857142857143,0.571428571428571,1,9,0,1,0,2,2,0,2,0,2,329,"bystander","target_code_1",0,2,"Control","Engineering","Humanities",0,1,"reject","accept","reject","accept","target_reject_other_accept","outgroup","ingroup","outgroup","outgroup","outgroup","different",0,"Humanities"
"2","17","17s5",5,0,20,1,1,1,3.85714285714286,4,3.42857142857143,0.571428571428571,2,-9,1,0,2,0,2,2,0,0,2,330,"bystander","target_code_2",2,0,"Engineering","Control","Humanities",1,0,"accept","reject","accept","reject","target_accept_other_reject","ingroup","outgroup","outgroup","outgroup","outgroup","different",0,"Humanities"
"2","18","18s1",1,0,18,2,1,1,2.28571428571429,3.14285714285714,2.85714285714286,1.42857142857143,1,2,0,1,0,0,2,0,0,1,2,341,"bystander","target_code_1",0,0,"Control","Control","Humanities",0,1,"reject","accept","reject","accept","target_reject_other_accept","outgroup","outgroup","outgroup","outgroup","outgroup","same",1,"Humanities"
"2","18","18s1",1,0,18,2,1,1,2.28571428571429,3.14285714285714,2.85714285714286,1.42857142857143,2,-2,1,0,0,0,2,0,0,1,2,342,"bystander","target_code_2",0,0,"Control","Control","Humanities",1,0,"accept","reject","accept","reject","target_accept_other_reject","outgroup","outgroup","outgroup","outgroup","outgroup","same",1,"Humanities"
"2","18","18s2",2,0,18,2,1,1,2.28571428571429,3.14285714285714,2.85714285714286,1.42857142857143,1,-2,1,1,2,1,2,2,1,0,2,343,"bystander","target_code_1",2,1,"Engineering","Humanities","Humanities",1,1,"accept","accept","accept","accept","both_accept","ingroup","outgroup","outgroup","outgroup","ingroup","different",0,"Humanities"
"2","18","18s2",2,0,18,2,1,1,2.28571428571429,3.14285714285714,2.85714285714286,1.42857142857143,2,-2,1,1,1,2,2,1,2,0,2,344,"bystander","target_code_2",1,2,"Humanities","Engineering","Humanities",1,1,"accept","accept","accept","accept","both_accept","outgroup","ingroup","outgroup","ingroup","outgroup","different",0,"Humanities"
"2","18","18s3",3,0,18,2,1,1,2.28571428571429,3.14285714285714,2.85714285714286,1.42857142857143,1,-2,1,1,1,0,1,1,0,0,1,345,"bystander","target_code_1",1,0,"Humanities","Control","Humanities",1,1,"accept","accept","accept","accept","both_accept","ingroup","outgroup","ingroup","ingroup","outgroup","different",0,"Humanities"
"2","18","18s3",3,0,18,2,1,1,2.28571428571429,3.14285714285714,2.85714285714286,1.42857142857143,2,-2,1,1,0,1,1,0,1,0,1,346,"bystander","target_code_2",0,1,"Control","Humanities","Humanities",1,1,"accept","accept","accept","accept","both_accept","outgroup","ingroup","ingroup","outgroup","ingroup","different",0,"Humanities"
"2","18","18s4",4,0,18,2,1,1,2.28571428571429,3.14285714285714,2.85714285714286,1.42857142857143,1,-4,1,1,0,1,2,0,1,0,2,347,"bystander","target_code_1",0,1,"Control","Humanities","Humanities",1,1,"accept","accept","accept","accept","both_accept","outgroup","outgroup","outgroup","outgroup","ingroup","different",0,"Humanities"
"2","18","18s4",4,0,18,2,1,1,2.28571428571429,3.14285714285714,2.85714285714286,1.42857142857143,2,-4,1,1,1,0,2,1,0,0,2,348,"bystander","target_code_2",1,0,"Humanities","Control","Humanities",1,1,"accept","accept","accept","accept","both_accept","outgroup","outgroup","outgroup","ingroup","outgroup","different",0,"Humanities"
"2","18","18s5",5,0,18,2,1,1,2.28571428571429,3.14285714285714,2.85714285714286,1.42857142857143,1,-6,1,0,1,0,1,1,0,0,1,349,"bystander","target_code_1",1,0,"Humanities","Control","Humanities",1,0,"accept","reject","accept","reject","target_accept_other_reject","ingroup","outgroup","ingroup","ingroup","outgroup","different",0,"Humanities"
"2","18","18s5",5,0,18,2,1,1,2.28571428571429,3.14285714285714,2.85714285714286,1.42857142857143,2,4,0,1,0,1,1,0,1,0,1,350,"bystander","target_code_2",0,1,"Control","Humanities","Humanities",0,1,"reject","accept","reject","accept","target_reject_other_accept","outgroup","ingroup","ingroup","outgroup","ingroup","different",0,"Humanities"
"2","19","19s6",6,0,19,2,0,2,3.57142857142857,2.85714285714286,3.42857142857143,1,1,-9,1,0,0,1,2,0,2,0,1,371,"bystander","target_code_1",0,1,"Control","Humanities","Engineering",1,0,"accept","reject","accept","reject","target_accept_other_reject","outgroup","outgroup","ingroup","outgroup","outgroup","different",0,"Engineering"
"2","19","19s6",6,0,19,2,0,2,3.57142857142857,2.85714285714286,3.42857142857143,1,2,9,0,1,1,0,2,2,0,0,1,372,"bystander","target_code_2",1,0,"Humanities","Control","Engineering",0,1,"reject","accept","reject","accept","target_reject_other_accept","outgroup","outgroup","ingroup","outgroup","outgroup","different",0,"Engineering"
"2","19","19s7",7,0,19,2,0,2,3.57142857142857,2.85714285714286,3.42857142857143,1,1,-9,1,1,1,2,2,2,1,0,1,373,"bystander","target_code_1",1,2,"Humanities","Engineering","Engineering",1,1,"accept","accept","accept","accept","both_accept","outgroup","ingroup","ingroup","outgroup","ingroup","different",0,"Engineering"
"2","19","19s7",7,0,19,2,0,2,3.57142857142857,2.85714285714286,3.42857142857143,1,2,-9,1,1,2,1,2,1,2,0,1,374,"bystander","target_code_2",2,1,"Engineering","Humanities","Engineering",1,1,"accept","accept","accept","accept","both_accept","ingroup","outgroup","ingroup","ingroup","outgroup","different",0,"Engineering"
"2","19","19s8",8,0,19,2,0,2,3.57142857142857,2.85714285714286,3.42857142857143,1,1,-9,1,0,2,0,2,1,0,0,1,375,"bystander","target_code_1",2,0,"Engineering","Control","Engineering",1,0,"accept","reject","accept","reject","target_accept_other_reject","ingroup","outgroup","ingroup","ingroup","outgroup","different",0,"Engineering"
"2","19","19s8",8,0,19,2,0,2,3.57142857142857,2.85714285714286,3.42857142857143,1,2,9,0,1,0,2,2,0,1,0,1,376,"bystander","target_code_2",0,2,"Control","Engineering","Engineering",0,1,"reject","accept","reject","accept","target_reject_other_accept","outgroup","ingroup","ingroup","outgroup","ingroup","different",0,"Engineering"
"2","19","19s9",9,0,19,2,0,2,3.57142857142857,2.85714285714286,3.42857142857143,1,1,9,0,0,1,1,1,2,2,1,2,377,"bystander","target_code_1",1,1,"Humanities","Humanities","Engineering",0,0,"reject","reject","reject","reject","both_reject","ingroup","ingroup","outgroup","outgroup","outgroup","same",1,"Engineering"
"2","19","19s9",9,0,19,2,0,2,3.57142857142857,2.85714285714286,3.42857142857143,1,2,9,0,0,1,1,1,2,2,1,2,378,"bystander","target_code_2",1,1,"Humanities","Humanities","Engineering",0,0,"reject","reject","reject","reject","both_reject","ingroup","ingroup","outgroup","outgroup","outgroup","same",1,"Engineering"
"2","19","19s10",10,0,19,2,0,2,3.57142857142857,2.85714285714286,3.42857142857143,1,1,-9,1,1,0,0,1,0,0,1,2,379,"bystander","target_code_1",0,0,"Control","Control","Engineering",1,1,"accept","accept","accept","accept","both_accept","outgroup","outgroup","outgroup","outgroup","outgroup","same",1,"Engineering"
"2","19","19s10",10,0,19,2,0,2,3.57142857142857,2.85714285714286,3.42857142857143,1,2,-9,1,1,0,0,1,0,0,1,2,380,"bystander","target_code_2",0,0,"Control","Control","Engineering",1,1,"accept","accept","accept","accept","both_accept","outgroup","outgroup","outgroup","outgroup","outgroup","same",1,"Engineering"
"2","20","20s1",1,0,19,1,0,1,1.14285714285714,1.71428571428571,3.28571428571429,1.14285714285714,1,9,0,0,2,1,2,2,1,0,2,381,"bystander","target_code_1",2,1,"Engineering","Humanities","Humanities",0,0,"reject","reject","reject","reject","both_reject","ingroup","outgroup","outgroup","outgroup","ingroup","different",0,"Humanities"
"2","20","20s1",1,0,19,1,0,1,1.14285714285714,1.71428571428571,3.28571428571429,1.14285714285714,2,9,0,0,1,2,2,1,2,0,2,382,"bystander","target_code_2",1,2,"Humanities","Engineering","Humanities",0,0,"reject","reject","reject","reject","both_reject","outgroup","ingroup","outgroup","ingroup","outgroup","different",0,"Humanities"
"2","20","20s2",2,0,19,1,0,1,1.14285714285714,1.71428571428571,3.28571428571429,1.14285714285714,1,9,0,0,0,1,2,0,1,0,2,383,"bystander","target_code_1",0,1,"Control","Humanities","Humanities",0,0,"reject","reject","reject","reject","both_reject","outgroup","outgroup","outgroup","outgroup","ingroup","different",0,"Humanities"
"2","20","20s2",2,0,19,1,0,1,1.14285714285714,1.71428571428571,3.28571428571429,1.14285714285714,2,9,0,0,1,0,2,1,0,0,2,384,"bystander","target_code_2",1,0,"Humanities","Control","Humanities",0,0,"reject","reject","reject","reject","both_reject","outgroup","outgroup","outgroup","ingroup","outgroup","different",0,"Humanities"
"2","20","20s3",3,0,19,1,0,1,1.14285714285714,1.71428571428571,3.28571428571429,1.14285714285714,1,-9,1,0,0,2,2,0,2,0,2,385,"bystander","target_code_1",0,2,"Control","Engineering","Humanities",1,0,"accept","reject","accept","reject","target_accept_other_reject","outgroup","ingroup","outgroup","outgroup","outgroup","different",0,"Humanities"
"2","20","20s3",3,0,19,1,0,1,1.14285714285714,1.71428571428571,3.28571428571429,1.14285714285714,2,9,0,1,2,0,2,2,0,0,2,386,"bystander","target_code_2",2,0,"Engineering","Control","Humanities",0,1,"reject","accept","reject","accept","target_reject_other_accept","ingroup","outgroup","outgroup","outgroup","outgroup","different",0,"Humanities"
"2","20","20s4",4,0,19,1,0,1,1.14285714285714,1.71428571428571,3.28571428571429,1.14285714285714,1,-9,1,1,0,1,1,0,1,0,1,387,"bystander","target_code_1",0,1,"Control","Humanities","Humanities",1,1,"accept","accept","accept","accept","both_accept","outgroup","ingroup","ingroup","outgroup","ingroup","different",0,"Humanities"
"2","20","20s4",4,0,19,1,0,1,1.14285714285714,1.71428571428571,3.28571428571429,1.14285714285714,2,-9,1,1,1,0,1,1,0,0,1,388,"bystander","target_code_2",1,0,"Humanities","Control","Humanities",1,1,"accept","accept","accept","accept","both_accept","ingroup","outgroup","ingroup","ingroup","outgroup","different",0,"Humanities"
"2","20","20s5",5,0,19,1,0,1,1.14285714285714,1.71428571428571,3.28571428571429,1.14285714285714,1,0,1,1,2,2,2,2,2,1,2,389,"bystander","target_code_1",2,2,"Engineering","Engineering","Humanities",1,1,"accept","accept","accept","accept","both_accept","ingroup","ingroup","outgroup","outgroup","outgroup","same",1,"Humanities"
"2","20","20s5",5,0,19,1,0,1,1.14285714285714,1.71428571428571,3.28571428571429,1.14285714285714,2,0,1,1,2,2,2,2,2,1,2,390,"bystander","target_code_2",2,2,"Engineering","Engineering","Humanities",1,1,"accept","accept","accept","accept","both_accept","ingroup","ingroup","outgroup","outgroup","outgroup","same",1,"Humanities"
"2","21","21s6",6,0,19,2,0,2,1.85714285714286,2,2.28571428571429,1.85714285714286,1,-3,1,0,0,0,1,0,0,1,2,411,"bystander","target_code_1",0,0,"Control","Control","Engineering",1,0,"accept","reject","accept","reject","target_accept_other_reject","outgroup","outgroup","outgroup","outgroup","outgroup","same",1,"Engineering"
"2","21","21s6",6,0,19,2,0,2,1.85714285714286,2,2.28571428571429,1.85714285714286,2,3,0,1,0,0,1,0,0,1,2,412,"bystander","target_code_2",0,0,"Control","Control","Engineering",0,1,"reject","accept","reject","accept","target_reject_other_accept","outgroup","outgroup","outgroup","outgroup","outgroup","same",1,"Engineering"
"2","21","21s7",7,0,19,2,0,2,1.85714285714286,2,2.28571428571429,1.85714285714286,1,-5,1,0,1,1,1,2,2,1,2,413,"bystander","target_code_1",1,1,"Humanities","Humanities","Engineering",1,0,"accept","reject","accept","reject","target_accept_other_reject","ingroup","ingroup","outgroup","outgroup","outgroup","same",1,"Engineering"
"2","21","21s7",7,0,19,2,0,2,1.85714285714286,2,2.28571428571429,1.85714285714286,2,5,0,1,1,1,1,2,2,1,2,414,"bystander","target_code_2",1,1,"Humanities","Humanities","Engineering",0,1,"reject","accept","reject","accept","target_reject_other_accept","ingroup","ingroup","outgroup","outgroup","outgroup","same",1,"Engineering"
"2","21","21s8",8,0,19,2,0,2,1.85714285714286,2,2.28571428571429,1.85714285714286,1,-5,1,1,1,2,2,2,1,0,1,415,"bystander","target_code_1",1,2,"Humanities","Engineering","Engineering",1,1,"accept","accept","accept","accept","both_accept","outgroup","ingroup","ingroup","outgroup","ingroup","different",0,"Engineering"
"2","21","21s8",8,0,19,2,0,2,1.85714285714286,2,2.28571428571429,1.85714285714286,2,-3,1,1,2,1,2,1,2,0,1,416,"bystander","target_code_2",2,1,"Engineering","Humanities","Engineering",1,1,"accept","accept","accept","accept","both_accept","ingroup","outgroup","ingroup","ingroup","outgroup","different",0,"Engineering"
"2","21","21s9",9,0,19,2,0,2,1.85714285714286,2,2.28571428571429,1.85714285714286,1,5,0,0,2,0,2,1,0,0,1,417,"bystander","target_code_1",2,0,"Engineering","Control","Engineering",0,0,"reject","reject","reject","reject","both_reject","ingroup","outgroup","ingroup","ingroup","outgroup","different",0,"Engineering"
"2","21","21s9",9,0,19,2,0,2,1.85714285714286,2,2.28571428571429,1.85714285714286,2,5,0,0,0,2,2,0,1,0,1,418,"bystander","target_code_2",0,2,"Control","Engineering","Engineering",0,0,"reject","reject","reject","reject","both_reject","outgroup","ingroup","ingroup","outgroup","ingroup","different",0,"Engineering"
"2","21","21s10",10,0,19,2,0,2,1.85714285714286,2,2.28571428571429,1.85714285714286,1,5,0,1,0,0,1,0,0,1,2,419,"bystander","target_code_1",0,0,"Control","Control","Engineering",0,1,"reject","accept","reject","accept","target_reject_other_accept","outgroup","outgroup","outgroup","outgroup","outgroup","same",1,"Engineering"
"2","21","21s10",10,0,19,2,0,2,1.85714285714286,2,2.28571428571429,1.85714285714286,2,-5,1,0,0,0,1,0,0,1,2,420,"bystander","target_code_2",0,0,"Control","Control","Engineering",1,0,"accept","reject","accept","reject","target_accept_other_reject","outgroup","outgroup","outgroup","outgroup","outgroup","same",1,"Engineering"
"2","22","22s1",1,0,18,3,0,2,1.57142857142857,3,4,0.857142857142857,1,9,0,0,2,1,2,1,2,0,1,421,"bystander","target_code_1",2,1,"Engineering","Humanities","Engineering",0,0,"reject","reject","reject","reject","both_reject","ingroup","outgroup","ingroup","ingroup","outgroup","different",0,"Engineering"
"2","22","22s1",1,0,18,3,0,2,1.57142857142857,3,4,0.857142857142857,2,9,0,0,1,2,2,2,1,0,1,422,"bystander","target_code_2",1,2,"Humanities","Engineering","Engineering",0,0,"reject","reject","reject","reject","both_reject","outgroup","ingroup","ingroup","outgroup","ingroup","different",0,"Engineering"
"2","22","22s2",2,0,18,3,0,2,1.57142857142857,3,4,0.857142857142857,1,-9,1,1,1,2,2,2,1,0,1,423,"bystander","target_code_1",1,2,"Humanities","Engineering","Engineering",1,1,"accept","accept","accept","accept","both_accept","outgroup","ingroup","ingroup","outgroup","ingroup","different",0,"Engineering"
"2","22","22s2",2,0,18,3,0,2,1.57142857142857,3,4,0.857142857142857,2,-9,1,1,2,1,2,1,2,0,1,424,"bystander","target_code_2",2,1,"Engineering","Humanities","Engineering",1,1,"accept","accept","accept","accept","both_accept","ingroup","outgroup","ingroup","ingroup","outgroup","different",0,"Engineering"
"2","22","22s3",3,0,18,3,0,2,1.57142857142857,3,4,0.857142857142857,1,-9,1,0,2,2,2,1,1,1,1,425,"bystander","target_code_1",2,2,"Engineering","Engineering","Engineering",1,0,"accept","reject","accept","reject","target_accept_other_reject","ingroup","ingroup","ingroup","ingroup","ingroup","same",1,"Engineering"
"2","22","22s3",3,0,18,3,0,2,1.57142857142857,3,4,0.857142857142857,2,9,0,1,2,2,2,1,1,1,1,426,"bystander","target_code_2",2,2,"Engineering","Engineering","Engineering",0,1,"reject","accept","reject","accept","target_reject_other_accept","ingroup","ingroup","ingroup","ingroup","ingroup","same",1,"Engineering"
"2","22","22s4",4,0,18,3,0,2,1.57142857142857,3,4,0.857142857142857,1,9,0,0,2,0,2,1,0,0,1,427,"bystander","target_code_1",2,0,"Engineering","Control","Engineering",0,0,"reject","reject","reject","reject","both_reject","ingroup","outgroup","ingroup","ingroup","outgroup","different",0,"Engineering"
"2","22","22s4",4,0,18,3,0,2,1.57142857142857,3,4,0.857142857142857,2,9,0,0,0,2,2,0,1,0,1,428,"bystander","target_code_2",0,2,"Control","Engineering","Engineering",0,0,"reject","reject","reject","reject","both_reject","outgroup","ingroup","ingroup","outgroup","ingroup","different",0,"Engineering"
"2","22","22s5",5,0,18,3,0,2,1.57142857142857,3,4,0.857142857142857,1,9,0,0,2,2,1,1,1,1,2,429,"bystander","target_code_1",2,2,"Engineering","Engineering","Engineering",0,0,"reject","reject","reject","reject","both_reject","outgroup","outgroup","outgroup","ingroup","ingroup","same",1,"Engineering"
"2","22","22s5",5,0,18,3,0,2,1.57142857142857,3,4,0.857142857142857,2,9,0,0,2,2,1,1,1,1,2,430,"bystander","target_code_2",2,2,"Engineering","Engineering","Engineering",0,0,"reject","reject","reject","reject","both_reject","outgroup","outgroup","outgroup","ingroup","ingroup","same",1,"Engineering"
"2","23","23s1",1,0,18,3,1,2,2.28571428571429,1.71428571428571,1.85714285714286,1.57142857142857,1,3,1,0,2,2,2,1,1,1,1,441,"bystander","target_code_1",2,2,"Engineering","Engineering","Engineering",1,0,"accept","reject","accept","reject","target_accept_other_reject","ingroup","ingroup","ingroup","ingroup","ingroup","same",1,"Engineering"
"2","23","23s1",1,0,18,3,1,2,2.28571428571429,1.71428571428571,1.85714285714286,1.57142857142857,2,4,0,1,2,2,2,1,1,1,1,442,"bystander","target_code_2",2,2,"Engineering","Engineering","Engineering",0,1,"reject","accept","reject","accept","target_reject_other_accept","ingroup","ingroup","ingroup","ingroup","ingroup","same",1,"Engineering"
"2","23","23s2",2,0,18,3,1,2,2.28571428571429,1.71428571428571,1.85714285714286,1.57142857142857,1,7,0,0,0,1,1,0,2,0,2,443,"bystander","target_code_1",0,1,"Control","Humanities","Engineering",0,0,"reject","reject","reject","reject","both_reject","outgroup","ingroup","outgroup","outgroup","outgroup","different",0,"Engineering"
"2","23","23s2",2,0,18,3,1,2,2.28571428571429,1.71428571428571,1.85714285714286,1.57142857142857,2,7,0,0,1,0,1,2,0,0,2,444,"bystander","target_code_2",1,0,"Humanities","Control","Engineering",0,0,"reject","reject","reject","reject","both_reject","ingroup","outgroup","outgroup","outgroup","outgroup","different",0,"Engineering"
"2","23","23s3",3,0,18,3,1,2,2.28571428571429,1.71428571428571,1.85714285714286,1.57142857142857,1,2,1,1,0,0,1,0,0,1,2,445,"bystander","target_code_1",0,0,"Control","Control","Engineering",1,1,"accept","accept","accept","accept","both_accept","outgroup","outgroup","outgroup","outgroup","outgroup","same",1,"Engineering"
"2","23","23s3",3,0,18,3,1,2,2.28571428571429,1.71428571428571,1.85714285714286,1.57142857142857,2,2,1,1,0,0,1,0,0,1,2,446,"bystander","target_code_2",0,0,"Control","Control","Engineering",1,1,"accept","accept","accept","accept","both_accept","outgroup","outgroup","outgroup","outgroup","outgroup","same",1,"Engineering"
"2","23","23s4",4,0,18,3,1,2,2.28571428571429,1.71428571428571,1.85714285714286,1.57142857142857,1,0,0,0,1,0,2,2,0,0,1,447,"bystander","target_code_1",1,0,"Humanities","Control","Engineering",0,0,"reject","reject","reject","reject","both_reject","outgroup","outgroup","ingroup","outgroup","outgroup","different",0,"Engineering"
"2","23","23s4",4,0,18,3,1,2,2.28571428571429,1.71428571428571,1.85714285714286,1.57142857142857,2,0,0,0,0,1,2,0,2,0,1,448,"bystander","target_code_2",0,1,"Control","Humanities","Engineering",0,0,"reject","reject","reject","reject","both_reject","outgroup","outgroup","ingroup","outgroup","outgroup","different",0,"Engineering"
"2","23","23s5",5,0,18,3,1,2,2.28571428571429,1.71428571428571,1.85714285714286,1.57142857142857,1,6,1,1,2,2,2,1,1,1,1,449,"bystander","target_code_1",2,2,"Engineering","Engineering","Engineering",1,1,"accept","accept","accept","accept","both_accept","ingroup","ingroup","ingroup","ingroup","ingroup","same",1,"Engineering"
"2","23","23s5",5,0,18,3,1,2,2.28571428571429,1.71428571428571,1.85714285714286,1.57142857142857,2,6,1,1,2,2,2,1,1,1,1,450,"bystander","target_code_2",2,2,"Engineering","Engineering","Engineering",1,1,"accept","accept","accept","accept","both_accept","ingroup","ingroup","ingroup","ingroup","ingroup","same",1,"Engineering"
"2","24","24s1",1,0,19,2,0,2,1.42857142857143,2.28571428571429,2.14285714285714,1.28571428571429,1,-5,1,0,1,2,2,2,1,0,1,461,"bystander","target_code_1",1,2,"Humanities","Engineering","Engineering",1,0,"accept","reject","accept","reject","target_accept_other_reject","outgroup","ingroup","ingroup","outgroup","ingroup","different",0,"Engineering"
"2","24","24s1",1,0,19,2,0,2,1.42857142857143,2.28571428571429,2.14285714285714,1.28571428571429,2,9,0,1,2,1,2,1,2,0,1,462,"bystander","target_code_2",2,1,"Engineering","Humanities","Engineering",0,1,"reject","accept","reject","accept","target_reject_other_accept","ingroup","outgroup","ingroup","ingroup","outgroup","different",0,"Engineering"
"2","24","24s2",2,0,19,2,0,2,1.42857142857143,2.28571428571429,2.14285714285714,1.28571428571429,1,9,0,0,0,0,1,0,0,1,2,463,"bystander","target_code_1",0,0,"Control","Control","Engineering",0,0,"reject","reject","reject","reject","both_reject","outgroup","outgroup","outgroup","outgroup","outgroup","same",1,"Engineering"
"2","24","24s2",2,0,19,2,0,2,1.42857142857143,2.28571428571429,2.14285714285714,1.28571428571429,2,9,0,0,0,0,1,0,0,1,2,464,"bystander","target_code_2",0,0,"Control","Control","Engineering",0,0,"reject","reject","reject","reject","both_reject","outgroup","outgroup","outgroup","outgroup","outgroup","same",1,"Engineering"
"2","24","24s3",3,0,19,2,0,2,1.42857142857143,2.28571428571429,2.14285714285714,1.28571428571429,1,-9,1,0,0,2,1,0,1,0,2,465,"bystander","target_code_1",0,2,"Control","Engineering","Engineering",1,0,"accept","reject","accept","reject","target_accept_other_reject","outgroup","outgroup","outgroup","outgroup","ingroup","different",0,"Engineering"
"2","24","24s3",3,0,19,2,0,2,1.42857142857143,2.28571428571429,2.14285714285714,1.28571428571429,2,9,0,1,2,0,1,1,0,0,2,466,"bystander","target_code_2",2,0,"Engineering","Control","Engineering",0,1,"reject","accept","reject","accept","target_reject_other_accept","outgroup","outgroup","outgroup","ingroup","outgroup","different",0,"Engineering"
"2","24","24s4",4,0,19,2,0,2,1.42857142857143,2.28571428571429,2.14285714285714,1.28571428571429,1,-9,1,0,2,2,2,1,1,1,1,467,"bystander","target_code_1",2,2,"Engineering","Engineering","Engineering",1,0,"accept","reject","accept","reject","target_accept_other_reject","ingroup","ingroup","ingroup","ingroup","ingroup","same",1,"Engineering"
"2","24","24s4",4,0,19,2,0,2,1.42857142857143,2.28571428571429,2.14285714285714,1.28571428571429,2,9,0,1,2,2,2,1,1,1,1,468,"bystander","target_code_2",2,2,"Engineering","Engineering","Engineering",0,1,"reject","accept","reject","accept","target_reject_other_accept","ingroup","ingroup","ingroup","ingroup","ingroup","same",1,"Engineering"
"2","24","24s5",5,0,19,2,0,2,1.42857142857143,2.28571428571429,2.14285714285714,1.28571428571429,1,9,0,0,1,2,1,2,1,0,2,469,"bystander","target_code_1",1,2,"Humanities","Engineering","Engineering",0,0,"reject","reject","reject","reject","both_reject","ingroup","outgroup","outgroup","outgroup","ingroup","different",0,"Engineering"
"2","24","24s5",5,0,19,2,0,2,1.42857142857143,2.28571428571429,2.14285714285714,1.28571428571429,2,9,0,0,2,1,1,1,2,0,2,470,"bystander","target_code_2",2,1,"Engineering","Humanities","Engineering",0,0,"reject","reject","reject","reject","both_reject","outgroup","ingroup","outgroup","ingroup","outgroup","different",0,"Engineering"
"3","25","25s6",6,0,18,2,1,2,3,3.42857142857143,3.42857142857143,2,1,0,1,0,0,2,2,0,1,0,1,491,"bystander","target_code_1",0,2,"Control","Engineering","Engineering",1,0,"accept","reject","accept","reject","target_accept_other_reject","outgroup","ingroup","ingroup","outgroup","ingroup","different",0,"Engineering"
"3","25","25s6",6,0,18,2,1,2,3,3.42857142857143,3.42857142857143,2,2,9,0,1,2,0,2,1,0,0,1,492,"bystander","target_code_2",2,0,"Engineering","Control","Engineering",0,1,"reject","accept","reject","accept","target_reject_other_accept","ingroup","outgroup","ingroup","ingroup","outgroup","different",0,"Engineering"
"3","25","25s7",7,0,18,2,1,2,3,3.42857142857143,3.42857142857143,2,1,9,0,0,1,2,2,2,1,0,1,493,"bystander","target_code_1",1,2,"Humanities","Engineering","Engineering",0,0,"reject","reject","reject","reject","both_reject","outgroup","ingroup","ingroup","outgroup","ingroup","different",0,"Engineering"
"3","25","25s7",7,0,18,2,1,2,3,3.42857142857143,3.42857142857143,2,2,9,0,0,2,1,2,1,2,0,1,494,"bystander","target_code_2",2,1,"Engineering","Humanities","Engineering",0,0,"reject","reject","reject","reject","both_reject","ingroup","outgroup","ingroup","ingroup","outgroup","different",0,"Engineering"
"3","25","25s8",8,0,18,2,1,2,3,3.42857142857143,3.42857142857143,2,1,0,1,1,0,2,1,0,1,0,2,495,"bystander","target_code_1",0,2,"Control","Engineering","Engineering",1,1,"accept","accept","accept","accept","both_accept","outgroup","outgroup","outgroup","outgroup","ingroup","different",0,"Engineering"
"3","25","25s8",8,0,18,2,1,2,3,3.42857142857143,3.42857142857143,2,2,0,1,1,2,0,1,1,0,0,2,496,"bystander","target_code_2",2,0,"Engineering","Control","Engineering",1,1,"accept","accept","accept","accept","both_accept","outgroup","outgroup","outgroup","ingroup","outgroup","different",0,"Engineering"
"3","25","25s9",9,0,18,2,1,2,3,3.42857142857143,3.42857142857143,2,1,9,0,1,1,2,1,2,1,0,2,497,"bystander","target_code_1",1,2,"Humanities","Engineering","Engineering",0,1,"reject","accept","reject","accept","target_reject_other_accept","ingroup","outgroup","outgroup","outgroup","ingroup","different",0,"Engineering"
"3","25","25s9",9,0,18,2,1,2,3,3.42857142857143,3.42857142857143,2,2,0,1,0,2,1,1,1,2,0,2,498,"bystander","target_code_2",2,1,"Engineering","Humanities","Engineering",1,0,"accept","reject","accept","reject","target_accept_other_reject","outgroup","ingroup","outgroup","ingroup","outgroup","different",0,"Engineering"
"3","25","25s10",10,0,18,2,1,2,3,3.42857142857143,3.42857142857143,2,1,9,0,0,1,0,1,2,0,0,2,499,"bystander","target_code_1",1,0,"Humanities","Control","Engineering",0,0,"reject","reject","reject","reject","both_reject","ingroup","outgroup","outgroup","outgroup","outgroup","different",0,"Engineering"
"3","25","25s10",10,0,18,2,1,2,3,3.42857142857143,3.42857142857143,2,2,9,0,0,0,1,1,0,2,0,2,500,"bystander","target_code_2",0,1,"Control","Humanities","Engineering",0,0,"reject","reject","reject","reject","both_reject","outgroup","ingroup","outgroup","outgroup","outgroup","different",0,"Engineering"
"3","26","26s1",1,0,18,2,1,1,2.71428571428571,3.42857142857143,3.28571428571429,1.28571428571429,1,8,0,1,2,0,1,2,0,0,1,501,"bystander","target_code_1",2,0,"Engineering","Control","Humanities",0,1,"reject","accept","reject","accept","target_reject_other_accept","outgroup","outgroup","ingroup","outgroup","outgroup","different",0,"Humanities"
"3","26","26s1",1,0,18,2,1,1,2.71428571428571,3.42857142857143,3.28571428571429,1.28571428571429,2,-8,1,0,0,2,1,0,2,0,1,502,"bystander","target_code_2",0,2,"Control","Engineering","Humanities",1,0,"accept","reject","accept","reject","target_accept_other_reject","outgroup","outgroup","ingroup","outgroup","outgroup","different",0,"Humanities"
"3","26","26s2",2,0,18,2,1,1,2.71428571428571,3.42857142857143,3.28571428571429,1.28571428571429,1,9,0,1,1,0,2,1,0,0,2,503,"bystander","target_code_1",1,0,"Humanities","Control","Humanities",0,1,"reject","accept","reject","accept","target_reject_other_accept","outgroup","outgroup","outgroup","ingroup","outgroup","different",0,"Humanities"
"3","26","26s2",2,0,18,2,1,1,2.71428571428571,3.42857142857143,3.28571428571429,1.28571428571429,2,-8,1,0,0,1,2,0,1,0,2,504,"bystander","target_code_2",0,1,"Control","Humanities","Humanities",1,0,"accept","reject","accept","reject","target_accept_other_reject","outgroup","outgroup","outgroup","outgroup","ingroup","different",0,"Humanities"
"3","26","26s3",3,0,18,2,1,1,2.71428571428571,3.42857142857143,3.28571428571429,1.28571428571429,1,-5,1,1,2,2,2,2,2,1,2,505,"bystander","target_code_1",2,2,"Engineering","Engineering","Humanities",1,1,"accept","accept","accept","accept","both_accept","ingroup","ingroup","outgroup","outgroup","outgroup","same",1,"Humanities"
"3","26","26s3",3,0,18,2,1,1,2.71428571428571,3.42857142857143,3.28571428571429,1.28571428571429,2,-5,1,1,2,2,2,2,2,1,2,506,"bystander","target_code_2",2,2,"Engineering","Engineering","Humanities",1,1,"accept","accept","accept","accept","both_accept","ingroup","ingroup","outgroup","outgroup","outgroup","same",1,"Humanities"
"3","26","26s4",4,0,18,2,1,1,2.71428571428571,3.42857142857143,3.28571428571429,1.28571428571429,1,-5,1,0,2,0,1,2,0,0,1,507,"bystander","target_code_1",2,0,"Engineering","Control","Humanities",1,0,"accept","reject","accept","reject","target_accept_other_reject","outgroup","outgroup","ingroup","outgroup","outgroup","different",0,"Humanities"
"3","26","26s4",4,0,18,2,1,1,2.71428571428571,3.42857142857143,3.28571428571429,1.28571428571429,2,8,0,1,0,2,1,0,2,0,1,508,"bystander","target_code_2",0,2,"Control","Engineering","Humanities",0,1,"reject","accept","reject","accept","target_reject_other_accept","outgroup","outgroup","ingroup","outgroup","outgroup","different",0,"Humanities"
"3","26","26s5",5,0,18,2,1,1,2.71428571428571,3.42857142857143,3.28571428571429,1.28571428571429,1,7,0,1,0,0,1,0,0,1,1,509,"bystander","target_code_1",0,0,"Control","Control","Humanities",0,1,"reject","accept","reject","accept","target_reject_other_accept","outgroup","outgroup","ingroup","outgroup","outgroup","same",1,"Humanities"
"3","26","26s5",5,0,18,2,1,1,2.71428571428571,3.42857142857143,3.28571428571429,1.28571428571429,2,-7,1,0,0,0,1,0,0,1,1,510,"bystander","target_code_2",0,0,"Control","Control","Humanities",1,0,"accept","reject","accept","reject","target_accept_other_reject","outgroup","outgroup","ingroup","outgroup","outgroup","same",1,"Humanities"
"3","27","27s6",6,0,18,3,0,2,3.57142857142857,1.42857142857143,2.85714285714286,0,1,0,1,1,0,2,2,0,1,0,1,531,"bystander","target_code_1",0,2,"Control","Engineering","Engineering",1,1,"accept","accept","accept","accept","both_accept","outgroup","ingroup","ingroup","outgroup","ingroup","different",0,"Engineering"
"3","27","27s6",6,0,18,3,0,2,3.57142857142857,1.42857142857143,2.85714285714286,0,2,0,1,1,2,0,2,1,0,0,1,532,"bystander","target_code_2",2,0,"Engineering","Control","Engineering",1,1,"accept","accept","accept","accept","both_accept","ingroup","outgroup","ingroup","ingroup","outgroup","different",0,"Engineering"
"3","27","27s7",7,0,18,3,0,2,3.57142857142857,1.42857142857143,2.85714285714286,0,1,0,1,0,1,1,2,2,2,1,1,533,"bystander","target_code_1",1,1,"Humanities","Humanities","Engineering",1,0,"accept","reject","accept","reject","target_accept_other_reject","outgroup","outgroup","ingroup","outgroup","outgroup","same",1,"Engineering"
"3","27","27s7",7,0,18,3,0,2,3.57142857142857,1.42857142857143,2.85714285714286,0,2,0,0,1,1,1,2,2,2,1,1,534,"bystander","target_code_2",1,1,"Humanities","Humanities","Engineering",0,1,"reject","accept","reject","accept","target_reject_other_accept","outgroup","outgroup","ingroup","outgroup","outgroup","same",1,"Engineering"
"3","27","27s8",8,0,18,3,0,2,3.57142857142857,1.42857142857143,2.85714285714286,0,1,0,1,1,0,2,1,0,1,0,2,535,"bystander","target_code_1",0,2,"Control","Engineering","Engineering",1,1,"accept","accept","accept","accept","both_accept","outgroup","outgroup","outgroup","outgroup","ingroup","different",0,"Engineering"
"3","27","27s8",8,0,18,3,0,2,3.57142857142857,1.42857142857143,2.85714285714286,0,2,0,1,1,2,0,1,1,0,0,2,536,"bystander","target_code_2",2,0,"Engineering","Control","Engineering",1,1,"accept","accept","accept","accept","both_accept","outgroup","outgroup","outgroup","ingroup","outgroup","different",0,"Engineering"
"3","27","27s9",9,0,18,3,0,2,3.57142857142857,1.42857142857143,2.85714285714286,0,1,0,0,0,2,2,2,1,1,1,1,537,"bystander","target_code_1",2,2,"Engineering","Engineering","Engineering",0,0,"reject","reject","reject","reject","both_reject","ingroup","ingroup","ingroup","ingroup","ingroup","same",1,"Engineering"
"3","27","27s9",9,0,18,3,0,2,3.57142857142857,1.42857142857143,2.85714285714286,0,2,0,0,0,2,2,2,1,1,1,1,538,"bystander","target_code_2",2,2,"Engineering","Engineering","Engineering",0,0,"reject","reject","reject","reject","both_reject","ingroup","ingroup","ingroup","ingroup","ingroup","same",1,"Engineering"
"3","27","27s10",10,0,18,3,0,2,3.57142857142857,1.42857142857143,2.85714285714286,0,1,0,1,0,0,0,2,0,0,1,1,539,"bystander","target_code_1",0,0,"Control","Control","Engineering",1,0,"accept","reject","accept","reject","target_accept_other_reject","outgroup","outgroup","ingroup","outgroup","outgroup","same",1,"Engineering"
"3","27","27s10",10,0,18,3,0,2,3.57142857142857,1.42857142857143,2.85714285714286,0,2,0,0,1,0,0,2,0,0,1,1,540,"bystander","target_code_2",0,0,"Control","Control","Engineering",0,1,"reject","accept","reject","accept","target_reject_other_accept","outgroup","outgroup","ingroup","outgroup","outgroup","same",1,"Engineering"
"3","28","28s6",6,0,18,2,1,2,1.57142857142857,2.28571428571429,0.857142857142857,2.14285714285714,1,-5,1,0,1,0,2,2,0,0,1,551,"bystander","target_code_1",1,0,"Humanities","Control","Engineering",1,0,"accept","reject","accept","reject","target_accept_other_reject","outgroup","outgroup","ingroup","outgroup","outgroup","different",0,"Engineering"
"3","28","28s6",6,0,18,2,1,2,1.57142857142857,2.28571428571429,0.857142857142857,2.14285714285714,2,5,0,1,0,1,2,0,2,0,1,552,"bystander","target_code_2",0,1,"Control","Humanities","Engineering",0,1,"reject","accept","reject","accept","target_reject_other_accept","outgroup","outgroup","ingroup","outgroup","outgroup","different",0,"Engineering"
"3","28","28s7",7,0,18,2,1,2,1.57142857142857,2.28571428571429,0.857142857142857,2.14285714285714,1,6,0,1,1,1,1,2,2,1,2,553,"bystander","target_code_1",1,1,"Humanities","Humanities","Engineering",0,1,"reject","accept","reject","accept","target_reject_other_accept","ingroup","ingroup","outgroup","outgroup","outgroup","same",1,"Engineering"
"3","28","28s7",7,0,18,2,1,2,1.57142857142857,2.28571428571429,0.857142857142857,2.14285714285714,2,-4,1,0,1,1,1,2,2,1,2,554,"bystander","target_code_2",1,1,"Humanities","Humanities","Engineering",1,0,"accept","reject","accept","reject","target_accept_other_reject","ingroup","ingroup","outgroup","outgroup","outgroup","same",1,"Engineering"
"3","28","28s8",8,0,18,2,1,2,1.57142857142857,2.28571428571429,0.857142857142857,2.14285714285714,1,4,0,1,1,0,1,2,0,0,2,555,"bystander","target_code_1",1,0,"Humanities","Control","Engineering",0,1,"reject","accept","reject","accept","target_reject_other_accept","ingroup","outgroup","outgroup","outgroup","outgroup","different",0,"Engineering"
"3","28","28s8",8,0,18,2,1,2,1.57142857142857,2.28571428571429,0.857142857142857,2.14285714285714,2,-3,1,0,0,1,1,0,2,0,2,556,"bystander","target_code_2",0,1,"Control","Humanities","Engineering",1,0,"accept","reject","accept","reject","target_accept_other_reject","outgroup","ingroup","outgroup","outgroup","outgroup","different",0,"Engineering"
"3","28","28s9",9,0,18,2,1,2,1.57142857142857,2.28571428571429,0.857142857142857,2.14285714285714,1,-6,1,0,1,1,1,2,2,1,2,557,"bystander","target_code_1",1,1,"Humanities","Humanities","Engineering",1,0,"accept","reject","accept","reject","target_accept_other_reject","ingroup","ingroup","outgroup","outgroup","outgroup","same",1,"Engineering"
"3","28","28s9",9,0,18,2,1,2,1.57142857142857,2.28571428571429,0.857142857142857,2.14285714285714,2,7,0,1,1,1,1,2,2,1,2,558,"bystander","target_code_2",1,1,"Humanities","Humanities","Engineering",0,1,"reject","accept","reject","accept","target_reject_other_accept","ingroup","ingroup","outgroup","outgroup","outgroup","same",1,"Engineering"
"3","28","28s10",10,0,18,2,1,2,1.57142857142857,2.28571428571429,0.857142857142857,2.14285714285714,1,-6,1,0,0,0,2,0,0,1,1,559,"bystander","target_code_1",0,0,"Control","Control","Engineering",1,0,"accept","reject","accept","reject","target_accept_other_reject","outgroup","outgroup","ingroup","outgroup","outgroup","same",1,"Engineering"
"3","28","28s10",10,0,18,2,1,2,1.57142857142857,2.28571428571429,0.857142857142857,2.14285714285714,2,5,0,1,0,0,2,0,0,1,1,560,"bystander","target_code_2",0,0,"Control","Control","Engineering",0,1,"reject","accept","reject","accept","target_reject_other_accept","outgroup","outgroup","ingroup","outgroup","outgroup","same",1,"Engineering"
"3","29","29s1",1,0,18,2,0,1,2.57142857142857,1.85714285714286,3.28571428571429,0.857142857142857,1,-4,0,0,1,1,1,1,1,1,1,561,"bystander","target_code_1",1,1,"Humanities","Humanities","Humanities",0,0,"reject","reject","reject","reject","both_reject","ingroup","ingroup","ingroup","ingroup","ingroup","same",1,"Humanities"
"3","29","29s1",1,0,18,2,0,1,2.57142857142857,1.85714285714286,3.28571428571429,0.857142857142857,2,9,0,0,1,1,1,1,1,1,1,562,"bystander","target_code_2",1,1,"Humanities","Humanities","Humanities",0,0,"reject","reject","reject","reject","both_reject","ingroup","ingroup","ingroup","ingroup","ingroup","same",1,"Humanities"
"3","29","29s2",2,0,18,2,0,1,2.57142857142857,1.85714285714286,3.28571428571429,0.857142857142857,1,-4,1,0,2,2,1,2,2,1,1,563,"bystander","target_code_1",2,2,"Engineering","Engineering","Humanities",1,0,"accept","reject","accept","reject","target_accept_other_reject","outgroup","outgroup","ingroup","outgroup","outgroup","same",1,"Humanities"
"3","29","29s2",2,0,18,2,0,1,2.57142857142857,1.85714285714286,3.28571428571429,0.857142857142857,2,9,0,1,2,2,1,2,2,1,1,564,"bystander","target_code_2",2,2,"Engineering","Engineering","Humanities",0,1,"reject","accept","reject","accept","target_reject_other_accept","outgroup","outgroup","ingroup","outgroup","outgroup","same",1,"Humanities"
"3","29","29s3",3,0,18,2,0,1,2.57142857142857,1.85714285714286,3.28571428571429,0.857142857142857,1,9,0,0,2,1,2,2,1,0,2,565,"bystander","target_code_1",2,1,"Engineering","Humanities","Humanities",0,0,"reject","reject","reject","reject","both_reject","ingroup","outgroup","outgroup","outgroup","ingroup","different",0,"Humanities"
"3","29","29s3",3,0,18,2,0,1,2.57142857142857,1.85714285714286,3.28571428571429,0.857142857142857,2,9,0,0,1,2,2,1,2,0,2,566,"bystander","target_code_2",1,2,"Humanities","Engineering","Humanities",0,0,"reject","reject","reject","reject","both_reject","outgroup","ingroup","outgroup","ingroup","outgroup","different",0,"Humanities"
"3","29","29s4",4,0,18,2,0,1,2.57142857142857,1.85714285714286,3.28571428571429,0.857142857142857,1,-9,1,1,2,1,2,2,1,0,2,567,"bystander","target_code_1",2,1,"Engineering","Humanities","Humanities",1,1,"accept","accept","accept","accept","both_accept","ingroup","outgroup","outgroup","outgroup","ingroup","different",0,"Humanities"
"3","29","29s4",4,0,18,2,0,1,2.57142857142857,1.85714285714286,3.28571428571429,0.857142857142857,2,-9,1,1,1,2,2,1,2,0,2,568,"bystander","target_code_2",1,2,"Humanities","Engineering","Humanities",1,1,"accept","accept","accept","accept","both_accept","outgroup","ingroup","outgroup","ingroup","outgroup","different",0,"Humanities"
"3","29","29s5",5,0,18,2,0,1,2.57142857142857,1.85714285714286,3.28571428571429,0.857142857142857,1,9,0,0,0,1,1,0,1,0,1,569,"bystander","target_code_1",0,1,"Control","Humanities","Humanities",0,0,"reject","reject","reject","reject","both_reject","outgroup","ingroup","ingroup","outgroup","ingroup","different",0,"Humanities"
"3","29","29s5",5,0,18,2,0,1,2.57142857142857,1.85714285714286,3.28571428571429,0.857142857142857,2,9,0,0,1,0,1,1,0,0,1,570,"bystander","target_code_2",1,0,"Humanities","Control","Humanities",0,0,"reject","reject","reject","reject","both_reject","ingroup","outgroup","ingroup","ingroup","outgroup","different",0,"Humanities"
"3","30","30s1",1,0,18,3,1,1,1.57142857142857,2,1.57142857142857,1.71428571428571,1,2,0,1,2,2,1,2,2,1,1,581,"bystander","target_code_1",2,2,"Engineering","Engineering","Humanities",0,1,"reject","accept","reject","accept","target_reject_other_accept","outgroup","outgroup","ingroup","outgroup","outgroup","same",1,"Humanities"
"3","30","30s1",1,0,18,3,1,1,1.57142857142857,2,1.57142857142857,1.71428571428571,2,5,1,0,2,2,1,2,2,1,1,582,"bystander","target_code_2",2,2,"Engineering","Engineering","Humanities",1,0,"accept","reject","accept","reject","target_accept_other_reject","outgroup","outgroup","ingroup","outgroup","outgroup","same",1,"Humanities"
"3","30","30s2",2,0,18,3,1,1,1.57142857142857,2,1.57142857142857,1.71428571428571,1,1,1,1,1,0,1,1,0,0,1,583,"bystander","target_code_1",1,0,"Humanities","Control","Humanities",1,1,"accept","accept","accept","accept","both_accept","ingroup","outgroup","ingroup","ingroup","outgroup","different",0,"Humanities"
"3","30","30s2",2,0,18,3,1,1,1.57142857142857,2,1.57142857142857,1.71428571428571,2,1,1,1,0,1,1,0,1,0,1,584,"bystander","target_code_2",0,1,"Control","Humanities","Humanities",1,1,"accept","accept","accept","accept","both_accept","outgroup","ingroup","ingroup","outgroup","ingroup","different",0,"Humanities"
"3","30","30s3",3,0,18,3,1,1,1.57142857142857,2,1.57142857142857,1.71428571428571,1,1,1,0,2,2,1,2,2,1,1,585,"bystander","target_code_1",2,2,"Engineering","Engineering","Humanities",1,0,"accept","reject","accept","reject","target_accept_other_reject","outgroup","outgroup","ingroup","outgroup","outgroup","same",1,"Humanities"
"3","30","30s3",3,0,18,3,1,1,1.57142857142857,2,1.57142857142857,1.71428571428571,2,5,0,1,2,2,1,2,2,1,1,586,"bystander","target_code_2",2,2,"Engineering","Engineering","Humanities",0,1,"reject","accept","reject","accept","target_reject_other_accept","outgroup","outgroup","ingroup","outgroup","outgroup","same",1,"Humanities"
"3","30","30s4",4,0,18,3,1,1,1.57142857142857,2,1.57142857142857,1.71428571428571,1,1,1,1,2,1,2,2,1,0,2,587,"bystander","target_code_1",2,1,"Engineering","Humanities","Humanities",1,1,"accept","accept","accept","accept","both_accept","ingroup","outgroup","outgroup","outgroup","ingroup","different",0,"Humanities"
"3","30","30s4",4,0,18,3,1,1,1.57142857142857,2,1.57142857142857,1.71428571428571,2,1,1,1,1,2,2,1,2,0,2,588,"bystander","target_code_2",1,2,"Humanities","Engineering","Humanities",1,1,"accept","accept","accept","accept","both_accept","outgroup","ingroup","outgroup","ingroup","outgroup","different",0,"Humanities"
"3","30","30s5",5,0,18,3,1,1,1.57142857142857,2,1.57142857142857,1.71428571428571,1,7,0,0,2,0,1,2,0,0,1,589,"bystander","target_code_1",2,0,"Engineering","Control","Humanities",0,0,"reject","reject","reject","reject","both_reject","outgroup","outgroup","ingroup","outgroup","outgroup","different",0,"Humanities"
"3","30","30s5",5,0,18,3,1,1,1.57142857142857,2,1.57142857142857,1.71428571428571,2,7,0,0,0,2,1,0,2,0,1,590,"bystander","target_code_2",0,2,"Control","Engineering","Humanities",0,0,"reject","reject","reject","reject","both_reject","outgroup","outgroup","ingroup","outgroup","outgroup","different",0,"Humanities"
"3","31","31s1",1,0,19,2,0,2,3.42857142857143,2.14285714285714,2.42857142857143,1.28571428571429,1,-9,1,0,1,1,1,2,2,1,2,601,"bystander","target_code_1",1,1,"Humanities","Humanities","Engineering",1,0,"accept","reject","accept","reject","target_accept_other_reject","ingroup","ingroup","outgroup","outgroup","outgroup","same",1,"Engineering"
"3","31","31s1",1,0,19,2,0,2,3.42857142857143,2.14285714285714,2.42857142857143,1.28571428571429,2,9,0,1,1,1,1,2,2,1,2,602,"bystander","target_code_2",1,1,"Humanities","Humanities","Engineering",0,1,"reject","accept","reject","accept","target_reject_other_accept","ingroup","ingroup","outgroup","outgroup","outgroup","same",1,"Engineering"
"3","31","31s2",2,0,19,2,0,2,3.42857142857143,2.14285714285714,2.42857142857143,1.28571428571429,1,9,0,0,2,1,1,1,2,0,2,603,"bystander","target_code_1",2,1,"Engineering","Humanities","Engineering",0,0,"reject","reject","reject","reject","both_reject","outgroup","ingroup","outgroup","ingroup","outgroup","different",0,"Engineering"
"3","31","31s2",2,0,19,2,0,2,3.42857142857143,2.14285714285714,2.42857142857143,1.28571428571429,2,9,0,0,1,2,1,2,1,0,2,604,"bystander","target_code_2",1,2,"Humanities","Engineering","Engineering",0,0,"reject","reject","reject","reject","both_reject","ingroup","outgroup","outgroup","outgroup","ingroup","different",0,"Engineering"
"3","31","31s3",3,0,19,2,0,2,3.42857142857143,2.14285714285714,2.42857142857143,1.28571428571429,1,-9,1,1,0,1,1,0,2,0,2,605,"bystander","target_code_1",0,1,"Control","Humanities","Engineering",1,1,"accept","accept","accept","accept","both_accept","outgroup","ingroup","outgroup","outgroup","outgroup","different",0,"Engineering"
"3","31","31s3",3,0,19,2,0,2,3.42857142857143,2.14285714285714,2.42857142857143,1.28571428571429,2,-9,1,1,1,0,1,2,0,0,2,606,"bystander","target_code_2",1,0,"Humanities","Control","Engineering",1,1,"accept","accept","accept","accept","both_accept","ingroup","outgroup","outgroup","outgroup","outgroup","different",0,"Engineering"
"3","31","31s4",4,0,19,2,0,2,3.42857142857143,2.14285714285714,2.42857142857143,1.28571428571429,1,-9,1,1,0,1,1,0,2,0,2,607,"bystander","target_code_1",0,1,"Control","Humanities","Engineering",1,1,"accept","accept","accept","accept","both_accept","outgroup","ingroup","outgroup","outgroup","outgroup","different",0,"Engineering"
"3","31","31s4",4,0,19,2,0,2,3.42857142857143,2.14285714285714,2.42857142857143,1.28571428571429,2,-9,1,1,1,0,1,2,0,0,2,608,"bystander","target_code_2",1,0,"Humanities","Control","Engineering",1,1,"accept","accept","accept","accept","both_accept","ingroup","outgroup","outgroup","outgroup","outgroup","different",0,"Engineering"
"3","31","31s5",5,0,19,2,0,2,3.42857142857143,2.14285714285714,2.42857142857143,1.28571428571429,1,9,0,0,2,2,2,1,1,1,1,609,"bystander","target_code_1",2,2,"Engineering","Engineering","Engineering",0,0,"reject","reject","reject","reject","both_reject","ingroup","ingroup","ingroup","ingroup","ingroup","same",1,"Engineering"
"3","31","31s5",5,0,19,2,0,2,3.42857142857143,2.14285714285714,2.42857142857143,1.28571428571429,2,9,0,0,2,2,2,1,1,1,1,610,"bystander","target_code_2",2,2,"Engineering","Engineering","Engineering",0,0,"reject","reject","reject","reject","both_reject","ingroup","ingroup","ingroup","ingroup","ingroup","same",1,"Engineering"
"3","32","32s6",6,0,18,3,1,1,3.42857142857143,3.14285714285714,3.57142857142857,2.85714285714286,1,2,0,1,2,1,1,2,1,0,1,631,"bystander","target_code_1",2,1,"Engineering","Humanities","Humanities",0,1,"reject","accept","reject","accept","target_reject_other_accept","outgroup","ingroup","ingroup","outgroup","ingroup","different",0,"Humanities"
"3","32","32s6",6,0,18,3,1,1,3.42857142857143,3.14285714285714,3.57142857142857,2.85714285714286,2,-2,1,0,1,2,1,1,2,0,1,632,"bystander","target_code_2",1,2,"Humanities","Engineering","Humanities",1,0,"accept","reject","accept","reject","target_accept_other_reject","ingroup","outgroup","ingroup","ingroup","outgroup","different",0,"Humanities"
"3","32","32s7",7,0,18,3,1,1,3.42857142857143,3.14285714285714,3.57142857142857,2.85714285714286,1,2,0,1,0,2,1,0,2,0,1,633,"bystander","target_code_1",0,2,"Control","Engineering","Humanities",0,1,"reject","accept","reject","accept","target_reject_other_accept","outgroup","outgroup","ingroup","outgroup","outgroup","different",0,"Humanities"
"3","32","32s7",7,0,18,3,1,1,3.42857142857143,3.14285714285714,3.57142857142857,2.85714285714286,2,-2,1,0,2,0,1,2,0,0,1,634,"bystander","target_code_2",2,0,"Engineering","Control","Humanities",1,0,"accept","reject","accept","reject","target_accept_other_reject","outgroup","outgroup","ingroup","outgroup","outgroup","different",0,"Humanities"
"3","32","32s8",8,0,18,3,1,1,3.42857142857143,3.14285714285714,3.57142857142857,2.85714285714286,1,2,0,1,2,0,1,2,0,0,1,635,"bystander","target_code_1",2,0,"Engineering","Control","Humanities",0,1,"reject","accept","reject","accept","target_reject_other_accept","outgroup","outgroup","ingroup","outgroup","outgroup","different",0,"Humanities"
"3","32","32s8",8,0,18,3,1,1,3.42857142857143,3.14285714285714,3.57142857142857,2.85714285714286,2,-2,1,0,0,2,1,0,2,0,1,636,"bystander","target_code_2",0,2,"Control","Engineering","Humanities",1,0,"accept","reject","accept","reject","target_accept_other_reject","outgroup","outgroup","ingroup","outgroup","outgroup","different",0,"Humanities"
"3","32","32s9",9,0,18,3,1,1,3.42857142857143,3.14285714285714,3.57142857142857,2.85714285714286,1,-2,1,0,1,0,1,1,0,0,1,637,"bystander","target_code_1",1,0,"Humanities","Control","Humanities",1,0,"accept","reject","accept","reject","target_accept_other_reject","ingroup","outgroup","ingroup","ingroup","outgroup","different",0,"Humanities"
"3","32","32s9",9,0,18,3,1,1,3.42857142857143,3.14285714285714,3.57142857142857,2.85714285714286,2,2,0,1,0,1,1,0,1,0,1,638,"bystander","target_code_2",0,1,"Control","Humanities","Humanities",0,1,"reject","accept","reject","accept","target_reject_other_accept","outgroup","ingroup","ingroup","outgroup","ingroup","different",0,"Humanities"
"3","32","32s10",10,0,18,3,1,1,3.42857142857143,3.14285714285714,3.57142857142857,2.85714285714286,1,-3,1,0,0,1,1,0,1,0,1,639,"bystander","target_code_1",0,1,"Control","Humanities","Humanities",1,0,"accept","reject","accept","reject","target_accept_other_reject","outgroup","ingroup","ingroup","outgroup","ingroup","different",0,"Humanities"
"3","32","32s10",10,0,18,3,1,1,3.42857142857143,3.14285714285714,3.57142857142857,2.85714285714286,2,2,0,1,1,0,1,1,0,0,1,640,"bystander","target_code_2",1,0,"Humanities","Control","Humanities",0,1,"reject","accept","reject","accept","target_reject_other_accept","ingroup","outgroup","ingroup","ingroup","outgroup","different",0,"Humanities"
"3","33","33s1",1,0,23,3,0,1,3.14285714285714,2,2.14285714285714,2.57142857142857,1,9,1,0,2,0,1,2,0,0,1,641,"bystander","target_code_1",2,0,"Engineering","Control","Humanities",1,0,"accept","reject","accept","reject","target_accept_other_reject","outgroup","outgroup","ingroup","outgroup","outgroup","different",0,"Humanities"
"3","33","33s1",1,0,23,3,0,1,3.14285714285714,2,2.14285714285714,2.57142857142857,2,-9,0,1,0,2,1,0,2,0,1,642,"bystander","target_code_2",0,2,"Control","Engineering","Humanities",0,1,"reject","accept","reject","accept","target_reject_other_accept","outgroup","outgroup","ingroup","outgroup","outgroup","different",0,"Humanities"
"3","33","33s2",2,0,23,3,0,1,3.14285714285714,2,2.14285714285714,2.57142857142857,1,-9,0,1,2,0,2,2,0,0,2,643,"bystander","target_code_1",2,0,"Engineering","Control","Humanities",0,1,"reject","accept","reject","accept","target_reject_other_accept","ingroup","outgroup","outgroup","outgroup","outgroup","different",0,"Humanities"
"3","33","33s2",2,0,23,3,0,1,3.14285714285714,2,2.14285714285714,2.57142857142857,2,9,1,0,0,2,2,0,2,0,2,644,"bystander","target_code_2",0,2,"Control","Engineering","Humanities",1,0,"accept","reject","accept","reject","target_accept_other_reject","outgroup","ingroup","outgroup","outgroup","outgroup","different",0,"Humanities"
"3","33","33s3",3,0,23,3,0,1,3.14285714285714,2,2.14285714285714,2.57142857142857,1,-9,1,1,0,0,1,0,0,1,1,645,"bystander","target_code_1",0,0,"Control","Control","Humanities",1,1,"accept","accept","accept","accept","both_accept","outgroup","outgroup","ingroup","outgroup","outgroup","same",1,"Humanities"
"3","33","33s3",3,0,23,3,0,1,3.14285714285714,2,2.14285714285714,2.57142857142857,2,-9,1,1,0,0,1,0,0,1,1,646,"bystander","target_code_2",0,0,"Control","Control","Humanities",1,1,"accept","accept","accept","accept","both_accept","outgroup","outgroup","ingroup","outgroup","outgroup","same",1,"Humanities"
"3","33","33s4",4,0,23,3,0,1,3.14285714285714,2,2.14285714285714,2.57142857142857,1,-9,1,0,0,2,2,0,2,0,2,647,"bystander","target_code_1",0,2,"Control","Engineering","Humanities",1,0,"accept","reject","accept","reject","target_accept_other_reject","outgroup","ingroup","outgroup","outgroup","outgroup","different",0,"Humanities"
"3","33","33s4",4,0,23,3,0,1,3.14285714285714,2,2.14285714285714,2.57142857142857,2,9,0,1,2,0,2,2,0,0,2,648,"bystander","target_code_2",2,0,"Engineering","Control","Humanities",0,1,"reject","accept","reject","accept","target_reject_other_accept","ingroup","outgroup","outgroup","outgroup","outgroup","different",0,"Humanities"
"3","33","33s5",5,0,23,3,0,1,3.14285714285714,2,2.14285714285714,2.57142857142857,1,9,0,0,2,1,1,2,1,0,1,649,"bystander","target_code_1",2,1,"Engineering","Humanities","Humanities",0,0,"reject","reject","reject","reject","both_reject","outgroup","ingroup","ingroup","outgroup","ingroup","different",0,"Humanities"
"3","33","33s5",5,0,23,3,0,1,3.14285714285714,2,2.14285714285714,2.57142857142857,2,9,0,0,1,2,1,1,2,0,1,650,"bystander","target_code_2",1,2,"Humanities","Engineering","Humanities",0,0,"reject","reject","reject","reject","both_reject","ingroup","outgroup","ingroup","ingroup","outgroup","different",0,"Humanities"
"3","34","34s6",6,0,28,1,0,1,1.28571428571429,3.14285714285714,2.71428571428571,0.571428571428571,1,6,1,1,1,0,2,1,0,0,2,671,"bystander","target_code_1",1,0,"Humanities","Control","Humanities",1,1,"accept","accept","accept","accept","both_accept","outgroup","outgroup","outgroup","ingroup","outgroup","different",0,"Humanities"
"3","34","34s6",6,0,28,1,0,1,1.28571428571429,3.14285714285714,2.71428571428571,0.571428571428571,2,6,1,1,0,1,2,0,1,0,2,672,"bystander","target_code_2",0,1,"Control","Humanities","Humanities",1,1,"accept","accept","accept","accept","both_accept","outgroup","outgroup","outgroup","outgroup","ingroup","different",0,"Humanities"
"3","34","34s7",7,0,28,1,0,1,1.28571428571429,3.14285714285714,2.71428571428571,0.571428571428571,1,6,0,0,2,2,1,2,2,1,1,673,"bystander","target_code_1",2,2,"Engineering","Engineering","Humanities",0,0,"reject","reject","reject","reject","both_reject","outgroup","outgroup","ingroup","outgroup","outgroup","same",1,"Humanities"
"3","34","34s7",7,0,28,1,0,1,1.28571428571429,3.14285714285714,2.71428571428571,0.571428571428571,2,6,0,0,2,2,1,2,2,1,1,674,"bystander","target_code_2",2,2,"Engineering","Engineering","Humanities",0,0,"reject","reject","reject","reject","both_reject","outgroup","outgroup","ingroup","outgroup","outgroup","same",1,"Humanities"
"3","34","34s8",8,0,28,1,0,1,1.28571428571429,3.14285714285714,2.71428571428571,0.571428571428571,1,8,0,0,2,2,2,2,2,1,2,675,"bystander","target_code_1",2,2,"Engineering","Engineering","Humanities",0,0,"reject","reject","reject","reject","both_reject","ingroup","ingroup","outgroup","outgroup","outgroup","same",1,"Humanities"
"3","34","34s8",8,0,28,1,0,1,1.28571428571429,3.14285714285714,2.71428571428571,0.571428571428571,2,8,0,0,2,2,2,2,2,1,2,676,"bystander","target_code_2",2,2,"Engineering","Engineering","Humanities",0,0,"reject","reject","reject","reject","both_reject","ingroup","ingroup","outgroup","outgroup","outgroup","same",1,"Humanities"
"3","34","34s9",9,0,28,1,0,1,1.28571428571429,3.14285714285714,2.71428571428571,0.571428571428571,1,7,0,1,2,2,2,2,2,1,2,677,"bystander","target_code_1",2,2,"Engineering","Engineering","Humanities",0,1,"reject","accept","reject","accept","target_reject_other_accept","ingroup","ingroup","outgroup","outgroup","outgroup","same",1,"Humanities"
"3","34","34s9",9,0,28,1,0,1,1.28571428571429,3.14285714285714,2.71428571428571,0.571428571428571,2,1,1,0,2,2,2,2,2,1,2,678,"bystander","target_code_2",2,2,"Engineering","Engineering","Humanities",1,0,"accept","reject","accept","reject","target_accept_other_reject","ingroup","ingroup","outgroup","outgroup","outgroup","same",1,"Humanities"
"3","34","34s10",10,0,28,1,0,1,1.28571428571429,3.14285714285714,2.71428571428571,0.571428571428571,1,1,1,1,0,0,2,0,0,1,2,679,"bystander","target_code_1",0,0,"Control","Control","Humanities",1,1,"accept","accept","accept","accept","both_accept","outgroup","outgroup","outgroup","outgroup","outgroup","same",1,"Humanities"
"3","34","34s10",10,0,28,1,0,1,1.28571428571429,3.14285714285714,2.71428571428571,0.571428571428571,2,1,1,1,0,0,2,0,0,1,2,680,"bystander","target_code_2",0,0,"Control","Control","Humanities",1,1,"accept","accept","accept","accept","both_accept","outgroup","outgroup","outgroup","outgroup","outgroup","same",1,"Humanities"
"3","35","35s1",1,0,22,2,0,2,1.71428571428571,2.28571428571429,2.28571428571429,1.57142857142857,1,0,1,0,0,1,1,0,2,0,2,681,"bystander","target_code_1",0,1,"Control","Humanities","Engineering",1,0,"accept","reject","accept","reject","target_accept_other_reject","outgroup","ingroup","outgroup","outgroup","outgroup","different",0,"Engineering"
"3","35","35s1",1,0,22,2,0,2,1.71428571428571,2.28571428571429,2.28571428571429,1.57142857142857,2,9,0,1,1,0,1,2,0,0,2,682,"bystander","target_code_2",1,0,"Humanities","Control","Engineering",0,1,"reject","accept","reject","accept","target_reject_other_accept","ingroup","outgroup","outgroup","outgroup","outgroup","different",0,"Engineering"
"3","35","35s2",2,0,22,2,0,2,1.71428571428571,2.28571428571429,2.28571428571429,1.57142857142857,1,9,1,0,0,0,2,0,0,1,1,683,"bystander","target_code_1",0,0,"Control","Control","Engineering",1,0,"accept","reject","accept","reject","target_accept_other_reject","outgroup","outgroup","ingroup","outgroup","outgroup","same",1,"Engineering"
"3","35","35s2",2,0,22,2,0,2,1.71428571428571,2.28571428571429,2.28571428571429,1.57142857142857,2,0,0,1,0,0,2,0,0,1,1,684,"bystander","target_code_2",0,0,"Control","Control","Engineering",0,1,"reject","accept","reject","accept","target_reject_other_accept","outgroup","outgroup","ingroup","outgroup","outgroup","same",1,"Engineering"
"3","35","35s3",3,0,22,2,0,2,1.71428571428571,2.28571428571429,2.28571428571429,1.57142857142857,1,0,0,1,0,0,1,0,0,1,2,685,"bystander","target_code_1",0,0,"Control","Control","Engineering",0,1,"reject","accept","reject","accept","target_reject_other_accept","outgroup","outgroup","outgroup","outgroup","outgroup","same",1,"Engineering"
"3","35","35s3",3,0,22,2,0,2,1.71428571428571,2.28571428571429,2.28571428571429,1.57142857142857,2,9,1,0,0,0,1,0,0,1,2,686,"bystander","target_code_2",0,0,"Control","Control","Engineering",1,0,"accept","reject","accept","reject","target_accept_other_reject","outgroup","outgroup","outgroup","outgroup","outgroup","same",1,"Engineering"
"3","35","35s4",4,0,22,2,0,2,1.71428571428571,2.28571428571429,2.28571428571429,1.57142857142857,1,9,0,0,0,0,1,0,0,1,2,687,"bystander","target_code_1",0,0,"Control","Control","Engineering",0,0,"reject","reject","reject","reject","both_reject","outgroup","outgroup","outgroup","outgroup","outgroup","same",1,"Engineering"
"3","35","35s4",4,0,22,2,0,2,1.71428571428571,2.28571428571429,2.28571428571429,1.57142857142857,2,9,0,0,0,0,1,0,0,1,2,688,"bystander","target_code_2",0,0,"Control","Control","Engineering",0,0,"reject","reject","reject","reject","both_reject","outgroup","outgroup","outgroup","outgroup","outgroup","same",1,"Engineering"
"3","35","35s5",5,0,22,2,0,2,1.71428571428571,2.28571428571429,2.28571428571429,1.57142857142857,1,9,0,0,0,1,1,0,2,0,2,689,"bystander","target_code_1",0,1,"Control","Humanities","Engineering",0,0,"reject","reject","reject","reject","both_reject","outgroup","ingroup","outgroup","outgroup","outgroup","different",0,"Engineering"
"3","35","35s5",5,0,22,2,0,2,1.71428571428571,2.28571428571429,2.28571428571429,1.57142857142857,2,9,0,0,1,0,1,2,0,0,2,690,"bystander","target_code_2",1,0,"Humanities","Control","Engineering",0,0,"reject","reject","reject","reject","both_reject","ingroup","outgroup","outgroup","outgroup","outgroup","different",0,"Engineering"
"3","36","36s6",6,0,18,2,0,2,1.57142857142857,2.28571428571429,2,1,1,9,0,1,0,0,2,0,0,1,1,711,"bystander","target_code_1",0,0,"Control","Control","Engineering",0,1,"reject","accept","reject","accept","target_reject_other_accept","outgroup","outgroup","ingroup","outgroup","outgroup","same",1,"Engineering"
"3","36","36s6",6,0,18,2,0,2,1.57142857142857,2.28571428571429,2,1,2,1,1,0,0,0,2,0,0,1,1,712,"bystander","target_code_2",0,0,"Control","Control","Engineering",1,0,"accept","reject","accept","reject","target_accept_other_reject","outgroup","outgroup","ingroup","outgroup","outgroup","same",1,"Engineering"
"3","36","36s7",7,0,18,2,0,2,1.57142857142857,2.28571428571429,2,1,1,1,1,1,0,2,1,0,1,0,2,713,"bystander","target_code_1",0,2,"Control","Engineering","Engineering",1,1,"accept","accept","accept","accept","both_accept","outgroup","outgroup","outgroup","outgroup","ingroup","different",0,"Engineering"
"3","36","36s7",7,0,18,2,0,2,1.57142857142857,2.28571428571429,2,1,2,1,1,1,2,0,1,1,0,0,2,714,"bystander","target_code_2",2,0,"Engineering","Control","Engineering",1,1,"accept","accept","accept","accept","both_accept","outgroup","outgroup","outgroup","ingroup","outgroup","different",0,"Engineering"
"3","36","36s8",8,0,18,2,0,2,1.57142857142857,2.28571428571429,2,1,1,9,0,0,1,2,2,2,1,0,1,715,"bystander","target_code_1",1,2,"Humanities","Engineering","Engineering",0,0,"reject","reject","reject","reject","both_reject","outgroup","ingroup","ingroup","outgroup","ingroup","different",0,"Engineering"
"3","36","36s8",8,0,18,2,0,2,1.57142857142857,2.28571428571429,2,1,2,9,0,0,2,1,2,1,2,0,1,716,"bystander","target_code_2",2,1,"Engineering","Humanities","Engineering",0,0,"reject","reject","reject","reject","both_reject","ingroup","outgroup","ingroup","ingroup","outgroup","different",0,"Engineering"
"3","36","36s9",9,0,18,2,0,2,1.57142857142857,2.28571428571429,2,1,1,1,1,1,1,2,2,2,1,0,1,717,"bystander","target_code_1",1,2,"Humanities","Engineering","Engineering",1,1,"accept","accept","accept","accept","both_accept","outgroup","ingroup","ingroup","outgroup","ingroup","different",0,"Engineering"
"3","36","36s9",9,0,18,2,0,2,1.57142857142857,2.28571428571429,2,1,2,1,1,1,2,1,2,1,2,0,1,718,"bystander","target_code_2",2,1,"Engineering","Humanities","Engineering",1,1,"accept","accept","accept","accept","both_accept","ingroup","outgroup","ingroup","ingroup","outgroup","different",0,"Engineering"
"3","36","36s10",10,0,18,2,0,2,1.57142857142857,2.28571428571429,2,1,1,1,1,1,2,2,2,1,1,1,1,719,"bystander","target_code_1",2,2,"Engineering","Engineering","Engineering",1,1,"accept","accept","accept","accept","both_accept","ingroup","ingroup","ingroup","ingroup","ingroup","same",1,"Engineering"
"3","36","36s10",10,0,18,2,0,2,1.57142857142857,2.28571428571429,2,1,2,1,1,1,2,2,2,1,1,1,1,720,"bystander","target_code_2",2,2,"Engineering","Engineering","Engineering",1,1,"accept","accept","accept","accept","both_accept","ingroup","ingroup","ingroup","ingroup","ingroup","same",1,"Engineering"
"4","37","37s1",1,0,18,3,0,2,2.14285714285714,2.85714285714286,1.85714285714286,1,1,5,0,1,1,1,1,2,2,1,2,721,"bystander","target_code_1",1,1,"Humanities","Humanities","Engineering",0,1,"reject","accept","reject","accept","target_reject_other_accept","ingroup","ingroup","outgroup","outgroup","outgroup","same",1,"Engineering"
"4","37","37s1",1,0,18,3,0,2,2.14285714285714,2.85714285714286,1.85714285714286,1,2,-5,1,0,1,1,1,2,2,1,2,722,"bystander","target_code_2",1,1,"Humanities","Humanities","Engineering",1,0,"accept","reject","accept","reject","target_accept_other_reject","ingroup","ingroup","outgroup","outgroup","outgroup","same",1,"Engineering"
"4","37","37s2",2,0,18,3,0,2,2.14285714285714,2.85714285714286,1.85714285714286,1,1,-6,1,0,1,1,1,2,2,1,2,723,"bystander","target_code_1",1,1,"Humanities","Humanities","Engineering",1,0,"accept","reject","accept","reject","target_accept_other_reject","ingroup","ingroup","outgroup","outgroup","outgroup","same",1,"Engineering"
"4","37","37s2",2,0,18,3,0,2,2.14285714285714,2.85714285714286,1.85714285714286,1,2,5,0,1,1,1,1,2,2,1,2,724,"bystander","target_code_2",1,1,"Humanities","Humanities","Engineering",0,1,"reject","accept","reject","accept","target_reject_other_accept","ingroup","ingroup","outgroup","outgroup","outgroup","same",1,"Engineering"
"4","37","37s3",3,0,18,3,0,2,2.14285714285714,2.85714285714286,1.85714285714286,1,1,7,0,1,1,0,2,2,0,0,1,725,"bystander","target_code_1",1,0,"Humanities","Control","Engineering",0,1,"reject","accept","reject","accept","target_reject_other_accept","outgroup","outgroup","ingroup","outgroup","outgroup","different",0,"Engineering"
"4","37","37s3",3,0,18,3,0,2,2.14285714285714,2.85714285714286,1.85714285714286,1,2,-7,1,0,0,1,2,0,2,0,1,726,"bystander","target_code_2",0,1,"Control","Humanities","Engineering",1,0,"accept","reject","accept","reject","target_accept_other_reject","outgroup","outgroup","ingroup","outgroup","outgroup","different",0,"Engineering"
"4","37","37s4",4,0,18,3,0,2,2.14285714285714,2.85714285714286,1.85714285714286,1,1,5,0,1,2,0,2,1,0,0,1,727,"bystander","target_code_1",2,0,"Engineering","Control","Engineering",0,1,"reject","accept","reject","accept","target_reject_other_accept","ingroup","outgroup","ingroup","ingroup","outgroup","different",0,"Engineering"
"4","37","37s4",4,0,18,3,0,2,2.14285714285714,2.85714285714286,1.85714285714286,1,2,-6,1,0,0,2,2,0,1,0,1,728,"bystander","target_code_2",0,2,"Control","Engineering","Engineering",1,0,"accept","reject","accept","reject","target_accept_other_reject","outgroup","ingroup","ingroup","outgroup","ingroup","different",0,"Engineering"
"4","37","37s5",5,0,18,3,0,2,2.14285714285714,2.85714285714286,1.85714285714286,1,1,-6,1,0,2,2,1,1,1,1,2,729,"bystander","target_code_1",2,2,"Engineering","Engineering","Engineering",1,0,"accept","reject","accept","reject","target_accept_other_reject","outgroup","outgroup","outgroup","ingroup","ingroup","same",1,"Engineering"
"4","37","37s5",5,0,18,3,0,2,2.14285714285714,2.85714285714286,1.85714285714286,1,2,7,0,1,2,2,1,1,1,1,2,730,"bystander","target_code_2",2,2,"Engineering","Engineering","Engineering",0,1,"reject","accept","reject","accept","target_reject_other_accept","outgroup","outgroup","outgroup","ingroup","ingroup","same",1,"Engineering"
"4","38","38s6",6,0,18,2,0,2,2.71428571428571,2.57142857142857,2.57142857142857,1.85714285714286,1,-3,1,1,0,0,2,0,0,1,1,751,"bystander","target_code_1",0,0,"Control","Control","Engineering",1,1,"accept","accept","accept","accept","both_accept","outgroup","outgroup","ingroup","outgroup","outgroup","same",1,"Engineering"
"4","38","38s6",6,0,18,2,0,2,2.71428571428571,2.57142857142857,2.57142857142857,1.85714285714286,2,-3,1,1,0,0,2,0,0,1,1,752,"bystander","target_code_2",0,0,"Control","Control","Engineering",1,1,"accept","accept","accept","accept","both_accept","outgroup","outgroup","ingroup","outgroup","outgroup","same",1,"Engineering"
"4","38","38s7",7,0,18,2,0,2,2.71428571428571,2.57142857142857,2.57142857142857,1.85714285714286,1,7,0,0,2,1,2,1,2,0,1,753,"bystander","target_code_1",2,1,"Engineering","Humanities","Engineering",0,0,"reject","reject","reject","reject","both_reject","ingroup","outgroup","ingroup","ingroup","outgroup","different",0,"Engineering"
"4","38","38s7",7,0,18,2,0,2,2.71428571428571,2.57142857142857,2.57142857142857,1.85714285714286,2,7,0,0,1,2,2,2,1,0,1,754,"bystander","target_code_2",1,2,"Humanities","Engineering","Engineering",0,0,"reject","reject","reject","reject","both_reject","outgroup","ingroup","ingroup","outgroup","ingroup","different",0,"Engineering"
"4","38","38s8",8,0,18,2,0,2,2.71428571428571,2.57142857142857,2.57142857142857,1.85714285714286,1,-2,1,0,2,0,1,1,0,0,2,755,"bystander","target_code_1",2,0,"Engineering","Control","Engineering",1,0,"accept","reject","accept","reject","target_accept_other_reject","outgroup","outgroup","outgroup","ingroup","outgroup","different",0,"Engineering"
"4","38","38s8",8,0,18,2,0,2,2.71428571428571,2.57142857142857,2.57142857142857,1.85714285714286,2,5,0,1,0,2,1,0,1,0,2,756,"bystander","target_code_2",0,2,"Control","Engineering","Engineering",0,1,"reject","accept","reject","accept","target_reject_other_accept","outgroup","outgroup","outgroup","outgroup","ingroup","different",0,"Engineering"
"4","38","38s9",9,0,18,2,0,2,2.71428571428571,2.57142857142857,2.57142857142857,1.85714285714286,1,2,1,1,1,0,1,2,0,0,2,757,"bystander","target_code_1",1,0,"Humanities","Control","Engineering",1,1,"accept","accept","accept","accept","both_accept","ingroup","outgroup","outgroup","outgroup","outgroup","different",0,"Engineering"
"4","38","38s9",9,0,18,2,0,2,2.71428571428571,2.57142857142857,2.57142857142857,1.85714285714286,2,2,1,1,0,1,1,0,2,0,2,758,"bystander","target_code_2",0,1,"Control","Humanities","Engineering",1,1,"accept","accept","accept","accept","both_accept","outgroup","ingroup","outgroup","outgroup","outgroup","different",0,"Engineering"
"4","38","38s10",10,0,18,2,0,2,2.71428571428571,2.57142857142857,2.57142857142857,1.85714285714286,1,-2,1,1,0,1,2,0,2,0,1,759,"bystander","target_code_1",0,1,"Control","Humanities","Engineering",1,1,"accept","accept","accept","accept","both_accept","outgroup","outgroup","ingroup","outgroup","outgroup","different",0,"Engineering"
"4","38","38s10",10,0,18,2,0,2,2.71428571428571,2.57142857142857,2.57142857142857,1.85714285714286,2,-2,1,1,1,0,2,2,0,0,1,760,"bystander","target_code_2",1,0,"Humanities","Control","Engineering",1,1,"accept","accept","accept","accept","both_accept","outgroup","outgroup","ingroup","outgroup","outgroup","different",0,"Engineering"
"4","39","39s6",6,0,18,4,0,2,0.857142857142857,1.85714285714286,2.42857142857143,0.285714285714286,1,-3,0,0,1,0,1,2,0,0,2,771,"bystander","target_code_1",1,0,"Humanities","Control","Engineering",0,0,"reject","reject","reject","reject","both_reject","ingroup","outgroup","outgroup","outgroup","outgroup","different",0,"Engineering"
"4","39","39s6",6,0,18,4,0,2,0.857142857142857,1.85714285714286,2.42857142857143,0.285714285714286,2,5,0,0,0,1,1,0,2,0,2,772,"bystander","target_code_2",0,1,"Control","Humanities","Engineering",0,0,"reject","reject","reject","reject","both_reject","outgroup","ingroup","outgroup","outgroup","outgroup","different",0,"Engineering"
"4","39","39s7",7,0,18,4,0,2,0.857142857142857,1.85714285714286,2.42857142857143,0.285714285714286,1,5,0,1,1,1,1,2,2,1,2,773,"bystander","target_code_1",1,1,"Humanities","Humanities","Engineering",0,1,"reject","accept","reject","accept","target_reject_other_accept","ingroup","ingroup","outgroup","outgroup","outgroup","same",1,"Engineering"
"4","39","39s7",7,0,18,4,0,2,0.857142857142857,1.85714285714286,2.42857142857143,0.285714285714286,2,-4,1,0,1,1,1,2,2,1,2,774,"bystander","target_code_2",1,1,"Humanities","Humanities","Engineering",1,0,"accept","reject","accept","reject","target_accept_other_reject","ingroup","ingroup","outgroup","outgroup","outgroup","same",1,"Engineering"
"4","39","39s8",8,0,18,4,0,2,0.857142857142857,1.85714285714286,2.42857142857143,0.285714285714286,1,9,0,0,0,1,2,0,2,0,1,775,"bystander","target_code_1",0,1,"Control","Humanities","Engineering",0,0,"reject","reject","reject","reject","both_reject","outgroup","outgroup","ingroup","outgroup","outgroup","different",0,"Engineering"
"4","39","39s8",8,0,18,4,0,2,0.857142857142857,1.85714285714286,2.42857142857143,0.285714285714286,2,5,0,0,1,0,2,2,0,0,1,776,"bystander","target_code_2",1,0,"Humanities","Control","Engineering",0,0,"reject","reject","reject","reject","both_reject","outgroup","outgroup","ingroup","outgroup","outgroup","different",0,"Engineering"
"4","39","39s9",9,0,18,4,0,2,0.857142857142857,1.85714285714286,2.42857142857143,0.285714285714286,1,8,0,0,2,1,2,1,2,0,1,777,"bystander","target_code_1",2,1,"Engineering","Humanities","Engineering",0,0,"reject","reject","reject","reject","both_reject","ingroup","outgroup","ingroup","ingroup","outgroup","different",0,"Engineering"
"4","39","39s9",9,0,18,4,0,2,0.857142857142857,1.85714285714286,2.42857142857143,0.285714285714286,2,2,0,0,1,2,2,2,1,0,1,778,"bystander","target_code_2",1,2,"Humanities","Engineering","Engineering",0,0,"reject","reject","reject","reject","both_reject","outgroup","ingroup","ingroup","outgroup","ingroup","different",0,"Engineering"
"4","39","39s10",10,0,18,4,0,2,0.857142857142857,1.85714285714286,2.42857142857143,0.285714285714286,1,6,0,1,2,2,2,1,1,1,1,779,"bystander","target_code_1",2,2,"Engineering","Engineering","Engineering",0,1,"reject","accept","reject","accept","target_reject_other_accept","ingroup","ingroup","ingroup","ingroup","ingroup","same",1,"Engineering"
"4","39","39s10",10,0,18,4,0,2,0.857142857142857,1.85714285714286,2.42857142857143,0.285714285714286,2,-2,1,0,2,2,2,1,1,1,1,780,"bystander","target_code_2",2,2,"Engineering","Engineering","Engineering",1,0,"accept","reject","accept","reject","target_accept_other_reject","ingroup","ingroup","ingroup","ingroup","ingroup","same",1,"Engineering"
"4","40","40s6",6,0,19,3,0,1,0.714285714285714,1.57142857142857,0.571428571428571,1.28571428571429,1,-4,0,1,2,2,2,2,2,1,2,791,"bystander","target_code_1",2,2,"Engineering","Engineering","Humanities",0,1,"reject","accept","reject","accept","target_reject_other_accept","ingroup","ingroup","outgroup","outgroup","outgroup","same",1,"Humanities"
"4","40","40s6",6,0,19,3,0,1,0.714285714285714,1.57142857142857,0.571428571428571,1.28571428571429,2,-4,1,0,2,2,2,2,2,1,2,792,"bystander","target_code_2",2,2,"Engineering","Engineering","Humanities",1,0,"accept","reject","accept","reject","target_accept_other_reject","ingroup","ingroup","outgroup","outgroup","outgroup","same",1,"Humanities"
"4","40","40s7",7,0,19,3,0,1,0.714285714285714,1.57142857142857,0.571428571428571,1.28571428571429,1,-4,1,1,0,1,2,0,1,0,2,793,"bystander","target_code_1",0,1,"Control","Humanities","Humanities",1,1,"accept","accept","accept","accept","both_accept","outgroup","outgroup","outgroup","outgroup","ingroup","different",0,"Humanities"
"4","40","40s7",7,0,19,3,0,1,0.714285714285714,1.57142857142857,0.571428571428571,1.28571428571429,2,-4,1,1,1,0,2,1,0,0,2,794,"bystander","target_code_2",1,0,"Humanities","Control","Humanities",1,1,"accept","accept","accept","accept","both_accept","outgroup","outgroup","outgroup","ingroup","outgroup","different",0,"Humanities"
"4","40","40s8",8,0,19,3,0,1,0.714285714285714,1.57142857142857,0.571428571428571,1.28571428571429,1,-9,1,0,1,0,1,1,0,0,1,795,"bystander","target_code_1",1,0,"Humanities","Control","Humanities",1,0,"accept","reject","accept","reject","target_accept_other_reject","ingroup","outgroup","ingroup","ingroup","outgroup","different",0,"Humanities"
"4","40","40s8",8,0,19,3,0,1,0.714285714285714,1.57142857142857,0.571428571428571,1.28571428571429,2,9,0,1,0,1,1,0,1,0,1,796,"bystander","target_code_2",0,1,"Control","Humanities","Humanities",0,1,"reject","accept","reject","accept","target_reject_other_accept","outgroup","ingroup","ingroup","outgroup","ingroup","different",0,"Humanities"
"4","40","40s9",9,0,19,3,0,1,0.714285714285714,1.57142857142857,0.571428571428571,1.28571428571429,1,-5,1,1,2,0,1,2,0,0,1,797,"bystander","target_code_1",2,0,"Engineering","Control","Humanities",1,1,"accept","accept","accept","accept","both_accept","outgroup","outgroup","ingroup","outgroup","outgroup","different",0,"Humanities"
"4","40","40s9",9,0,19,3,0,1,0.714285714285714,1.57142857142857,0.571428571428571,1.28571428571429,2,-5,1,1,0,2,1,0,2,0,1,798,"bystander","target_code_2",0,2,"Control","Engineering","Humanities",1,1,"accept","accept","accept","accept","both_accept","outgroup","outgroup","ingroup","outgroup","outgroup","different",0,"Humanities"
"4","40","40s10",10,0,19,3,0,1,0.714285714285714,1.57142857142857,0.571428571428571,1.28571428571429,1,9,0,0,2,1,2,2,1,0,2,799,"bystander","target_code_1",2,1,"Engineering","Humanities","Humanities",0,0,"reject","reject","reject","reject","both_reject","ingroup","outgroup","outgroup","outgroup","ingroup","different",0,"Humanities"
"4","40","40s10",10,0,19,3,0,1,0.714285714285714,1.57142857142857,0.571428571428571,1.28571428571429,2,9,0,0,1,2,2,1,2,0,2,800,"bystander","target_code_2",1,2,"Humanities","Engineering","Humanities",0,0,"reject","reject","reject","reject","both_reject","outgroup","ingroup","outgroup","ingroup","outgroup","different",0,"Humanities"
"4","41","41s6",6,0,19,0,1,2,2.42857142857143,1.85714285714286,2.66666666666667,2.16666666666667,1,0,1,0,2,0,2,1,0,0,1,811,"bystander","target_code_1",2,0,"Engineering","Control","Engineering",1,0,"accept","reject","accept","reject","target_accept_other_reject","ingroup","outgroup","ingroup","ingroup","outgroup","different",0,"Engineering"
"4","41","41s6",6,0,19,0,1,2,2.42857142857143,1.85714285714286,2.66666666666667,2.16666666666667,2,9,0,1,0,2,2,0,1,0,1,812,"bystander","target_code_2",0,2,"Control","Engineering","Engineering",0,1,"reject","accept","reject","accept","target_reject_other_accept","outgroup","ingroup","ingroup","outgroup","ingroup","different",0,"Engineering"
"4","41","41s7",7,0,19,0,1,2,2.42857142857143,1.85714285714286,2.66666666666667,2.16666666666667,1,0,1,1,2,1,1,1,2,0,2,813,"bystander","target_code_1",2,1,"Engineering","Humanities","Engineering",1,1,"accept","accept","accept","accept","both_accept","outgroup","ingroup","outgroup","ingroup","outgroup","different",0,"Engineering"
"4","41","41s7",7,0,19,0,1,2,2.42857142857143,1.85714285714286,2.66666666666667,2.16666666666667,2,0,1,1,1,2,1,2,1,0,2,814,"bystander","target_code_2",1,2,"Humanities","Engineering","Engineering",1,1,"accept","accept","accept","accept","both_accept","ingroup","outgroup","outgroup","outgroup","ingroup","different",0,"Engineering"
"4","41","41s8",8,0,19,0,1,2,2.42857142857143,1.85714285714286,2.66666666666667,2.16666666666667,1,9,0,0,2,2,1,1,1,1,2,815,"bystander","target_code_1",2,2,"Engineering","Engineering","Engineering",0,0,"reject","reject","reject","reject","both_reject","outgroup","outgroup","outgroup","ingroup","ingroup","same",1,"Engineering"
"4","41","41s8",8,0,19,0,1,2,2.42857142857143,1.85714285714286,2.66666666666667,2.16666666666667,2,9,0,0,2,2,1,1,1,1,2,816,"bystander","target_code_2",2,2,"Engineering","Engineering","Engineering",0,0,"reject","reject","reject","reject","both_reject","outgroup","outgroup","outgroup","ingroup","ingroup","same",1,"Engineering"
"4","41","41s9",9,0,19,0,1,2,2.42857142857143,1.85714285714286,2.66666666666667,2.16666666666667,1,9,0,0,0,0,2,0,0,1,1,817,"bystander","target_code_1",0,0,"Control","Control","Engineering",0,0,"reject","reject","reject","reject","both_reject","outgroup","outgroup","ingroup","outgroup","outgroup","same",1,"Engineering"
"4","41","41s9",9,0,19,0,1,2,2.42857142857143,1.85714285714286,2.66666666666667,2.16666666666667,2,9,0,0,0,0,2,0,0,1,1,818,"bystander","target_code_2",0,0,"Control","Control","Engineering",0,0,"reject","reject","reject","reject","both_reject","outgroup","outgroup","ingroup","outgroup","outgroup","same",1,"Engineering"
"4","41","41s10",10,0,19,0,1,2,2.42857142857143,1.85714285714286,2.66666666666667,2.16666666666667,1,0,1,0,1,0,1,2,0,0,2,819,"bystander","target_code_1",1,0,"Humanities","Control","Engineering",1,0,"accept","reject","accept","reject","target_accept_other_reject","ingroup","outgroup","outgroup","outgroup","outgroup","different",0,"Engineering"
"4","41","41s10",10,0,19,0,1,2,2.42857142857143,1.85714285714286,2.66666666666667,2.16666666666667,2,9,0,1,0,1,1,0,2,0,2,820,"bystander","target_code_2",0,1,"Control","Humanities","Engineering",0,1,"reject","accept","reject","accept","target_reject_other_accept","outgroup","ingroup","outgroup","outgroup","outgroup","different",0,"Engineering"
"4","42","42s1",1,0,18,4,0,2,1.57142857142857,2,2.57142857142857,1.71428571428571,1,5,0,0,2,0,1,1,0,0,2,821,"bystander","target_code_1",2,0,"Engineering","Control","Engineering",0,0,"reject","reject","reject","reject","both_reject","outgroup","outgroup","outgroup","ingroup","outgroup","different",0,"Engineering"
"4","42","42s1",1,0,18,4,0,2,1.57142857142857,2,2.57142857142857,1.71428571428571,2,5,0,0,0,2,1,0,1,0,2,822,"bystander","target_code_2",0,2,"Control","Engineering","Engineering",0,0,"reject","reject","reject","reject","both_reject","outgroup","outgroup","outgroup","outgroup","ingroup","different",0,"Engineering"
"4","42","42s2",2,0,18,4,0,2,1.57142857142857,2,2.57142857142857,1.71428571428571,1,0,1,1,2,2,1,1,1,1,2,823,"bystander","target_code_1",2,2,"Engineering","Engineering","Engineering",1,1,"accept","accept","accept","accept","both_accept","outgroup","outgroup","outgroup","ingroup","ingroup","same",1,"Engineering"
"4","42","42s2",2,0,18,4,0,2,1.57142857142857,2,2.57142857142857,1.71428571428571,2,0,1,1,2,2,1,1,1,1,2,824,"bystander","target_code_2",2,2,"Engineering","Engineering","Engineering",1,1,"accept","accept","accept","accept","both_accept","outgroup","outgroup","outgroup","ingroup","ingroup","same",1,"Engineering"
"4","42","42s3",3,0,18,4,0,2,1.57142857142857,2,2.57142857142857,1.71428571428571,1,0,1,1,2,2,1,1,1,1,2,825,"bystander","target_code_1",2,2,"Engineering","Engineering","Engineering",1,1,"accept","accept","accept","accept","both_accept","outgroup","outgroup","outgroup","ingroup","ingroup","same",1,"Engineering"
"4","42","42s3",3,0,18,4,0,2,1.57142857142857,2,2.57142857142857,1.71428571428571,2,0,1,1,2,2,1,1,1,1,2,826,"bystander","target_code_2",2,2,"Engineering","Engineering","Engineering",1,1,"accept","accept","accept","accept","both_accept","outgroup","outgroup","outgroup","ingroup","ingroup","same",1,"Engineering"
"4","42","42s4",4,0,18,4,0,2,1.57142857142857,2,2.57142857142857,1.71428571428571,1,5,0,0,0,2,2,0,1,0,1,827,"bystander","target_code_1",0,2,"Control","Engineering","Engineering",0,0,"reject","reject","reject","reject","both_reject","outgroup","ingroup","ingroup","outgroup","ingroup","different",0,"Engineering"
"4","42","42s4",4,0,18,4,0,2,1.57142857142857,2,2.57142857142857,1.71428571428571,2,5,0,0,2,0,2,1,0,0,1,828,"bystander","target_code_2",2,0,"Engineering","Control","Engineering",0,0,"reject","reject","reject","reject","both_reject","ingroup","outgroup","ingroup","ingroup","outgroup","different",0,"Engineering"
"4","42","42s5",5,0,18,4,0,2,1.57142857142857,2,2.57142857142857,1.71428571428571,1,0,1,1,1,0,2,2,0,0,1,829,"bystander","target_code_1",1,0,"Humanities","Control","Engineering",1,1,"accept","accept","accept","accept","both_accept","outgroup","outgroup","ingroup","outgroup","outgroup","different",0,"Engineering"
"4","42","42s5",5,0,18,4,0,2,1.57142857142857,2,2.57142857142857,1.71428571428571,2,0,1,1,0,1,2,0,2,0,1,830,"bystander","target_code_2",0,1,"Control","Humanities","Engineering",1,1,"accept","accept","accept","accept","both_accept","outgroup","outgroup","ingroup","outgroup","outgroup","different",0,"Engineering"
"5","43","43s1",1,0,27,4,1,1,3,3.28571428571429,1.57142857142857,1.71428571428571,1,-5,1,1,1,2,1,1,2,0,1,841,"bystander","target_code_1",1,2,"Humanities","Engineering","Humanities",1,1,"accept","accept","accept","accept","both_accept","ingroup","outgroup","ingroup","ingroup","outgroup","different",0,"Humanities"
"5","43","43s1",1,0,27,4,1,1,3,3.28571428571429,1.57142857142857,1.71428571428571,2,0,1,1,2,1,1,2,1,0,1,842,"bystander","target_code_2",2,1,"Engineering","Humanities","Humanities",1,1,"accept","accept","accept","accept","both_accept","outgroup","ingroup","ingroup","outgroup","ingroup","different",0,"Humanities"
"5","43","43s2",2,0,27,4,1,1,3,3.28571428571429,1.57142857142857,1.71428571428571,1,-1,0,0,2,1,2,2,1,0,2,843,"bystander","target_code_1",2,1,"Engineering","Humanities","Humanities",0,0,"reject","reject","reject","reject","both_reject","ingroup","outgroup","outgroup","outgroup","ingroup","different",0,"Humanities"
"5","43","43s2",2,0,27,4,1,1,3,3.28571428571429,1.57142857142857,1.71428571428571,2,1,0,0,1,2,2,1,2,0,2,844,"bystander","target_code_2",1,2,"Humanities","Engineering","Humanities",0,0,"reject","reject","reject","reject","both_reject","outgroup","ingroup","outgroup","ingroup","outgroup","different",0,"Humanities"
"5","43","43s3",3,0,27,4,1,1,3,3.28571428571429,1.57142857142857,1.71428571428571,1,2,0,1,1,1,1,1,1,1,1,845,"bystander","target_code_1",1,1,"Humanities","Humanities","Humanities",0,1,"reject","accept","reject","accept","target_reject_other_accept","ingroup","ingroup","ingroup","ingroup","ingroup","same",1,"Humanities"
"5","43","43s3",3,0,27,4,1,1,3,3.28571428571429,1.57142857142857,1.71428571428571,2,-2,1,0,1,1,1,1,1,1,1,846,"bystander","target_code_2",1,1,"Humanities","Humanities","Humanities",1,0,"accept","reject","accept","reject","target_accept_other_reject","ingroup","ingroup","ingroup","ingroup","ingroup","same",1,"Humanities"
"5","43","43s4",4,0,27,4,1,1,3,3.28571428571429,1.57142857142857,1.71428571428571,1,-2,1,0,2,2,2,2,2,1,2,847,"bystander","target_code_1",2,2,"Engineering","Engineering","Humanities",1,0,"accept","reject","accept","reject","target_accept_other_reject","ingroup","ingroup","outgroup","outgroup","outgroup","same",1,"Humanities"
"5","43","43s4",4,0,27,4,1,1,3,3.28571428571429,1.57142857142857,1.71428571428571,2,3,0,1,2,2,2,2,2,1,2,848,"bystander","target_code_2",2,2,"Engineering","Engineering","Humanities",0,1,"reject","accept","reject","accept","target_reject_other_accept","ingroup","ingroup","outgroup","outgroup","outgroup","same",1,"Humanities"
"5","43","43s5",5,0,27,4,1,1,3,3.28571428571429,1.57142857142857,1.71428571428571,1,4,0,0,0,0,1,0,0,1,1,849,"bystander","target_code_1",0,0,"Control","Control","Humanities",0,0,"reject","reject","reject","reject","both_reject","outgroup","outgroup","ingroup","outgroup","outgroup","same",1,"Humanities"
"5","43","43s5",5,0,27,4,1,1,3,3.28571428571429,1.57142857142857,1.71428571428571,2,4,0,0,0,0,1,0,0,1,1,850,"bystander","target_code_2",0,0,"Control","Control","Humanities",0,0,"reject","reject","reject","reject","both_reject","outgroup","outgroup","ingroup","outgroup","outgroup","same",1,"Humanities"
"5","44","44s1",1,0,18,4,1,2,1.14285714285714,2,3,1.42857142857143,1,-6,1,0,1,1,2,2,2,1,1,861,"bystander","target_code_1",1,1,"Humanities","Humanities","Engineering",1,0,"accept","reject","accept","reject","target_accept_other_reject","outgroup","outgroup","ingroup","outgroup","outgroup","same",1,"Engineering"
"5","44","44s1",1,0,18,4,1,2,1.14285714285714,2,3,1.42857142857143,2,-6,0,1,1,1,2,2,2,1,1,862,"bystander","target_code_2",1,1,"Humanities","Humanities","Engineering",0,1,"reject","accept","reject","accept","target_reject_other_accept","outgroup","outgroup","ingroup","outgroup","outgroup","same",1,"Engineering"
"5","44","44s2",2,0,18,4,1,2,1.14285714285714,2,3,1.42857142857143,1,-5,0,1,0,2,1,0,1,0,2,863,"bystander","target_code_1",0,2,"Control","Engineering","Engineering",0,1,"reject","accept","reject","accept","target_reject_other_accept","outgroup","outgroup","outgroup","outgroup","ingroup","different",0,"Engineering"
"5","44","44s2",2,0,18,4,1,2,1.14285714285714,2,3,1.42857142857143,2,-5,1,0,2,0,1,1,0,0,2,864,"bystander","target_code_2",2,0,"Engineering","Control","Engineering",1,0,"accept","reject","accept","reject","target_accept_other_reject","outgroup","outgroup","outgroup","ingroup","outgroup","different",0,"Engineering"
"5","44","44s3",3,0,18,4,1,2,1.14285714285714,2,3,1.42857142857143,1,9,1,1,1,0,2,2,0,0,1,865,"bystander","target_code_1",1,0,"Humanities","Control","Engineering",1,1,"accept","accept","accept","accept","both_accept","outgroup","outgroup","ingroup","outgroup","outgroup","different",0,"Engineering"
"5","44","44s3",3,0,18,4,1,2,1.14285714285714,2,3,1.42857142857143,2,9,1,1,0,1,2,0,2,0,1,866,"bystander","target_code_2",0,1,"Control","Humanities","Engineering",1,1,"accept","accept","accept","accept","both_accept","outgroup","outgroup","ingroup","outgroup","outgroup","different",0,"Engineering"
"5","44","44s4",4,0,18,4,1,2,1.14285714285714,2,3,1.42857142857143,1,9,0,0,1,1,2,2,2,1,1,867,"bystander","target_code_1",1,1,"Humanities","Humanities","Engineering",0,0,"reject","reject","reject","reject","both_reject","outgroup","outgroup","ingroup","outgroup","outgroup","same",1,"Engineering"
"5","44","44s4",4,0,18,4,1,2,1.14285714285714,2,3,1.42857142857143,2,9,0,0,1,1,2,2,2,1,1,868,"bystander","target_code_2",1,1,"Humanities","Humanities","Engineering",0,0,"reject","reject","reject","reject","both_reject","outgroup","outgroup","ingroup","outgroup","outgroup","same",1,"Engineering"
"5","44","44s5",5,0,18,4,1,2,1.14285714285714,2,3,1.42857142857143,1,-9,1,0,1,2,1,2,1,0,2,869,"bystander","target_code_1",1,2,"Humanities","Engineering","Engineering",1,0,"accept","reject","accept","reject","target_accept_other_reject","ingroup","outgroup","outgroup","outgroup","ingroup","different",0,"Engineering"
"5","44","44s5",5,0,18,4,1,2,1.14285714285714,2,3,1.42857142857143,2,-6,0,1,2,1,1,1,2,0,2,870,"bystander","target_code_2",2,1,"Engineering","Humanities","Engineering",0,1,"reject","accept","reject","accept","target_reject_other_accept","outgroup","ingroup","outgroup","ingroup","outgroup","different",0,"Engineering"
"5","45","45s1",1,0,19,2,0,2,1.14285714285714,2.14285714285714,3.42857142857143,1.42857142857143,1,-5,1,0,2,1,1,1,2,0,2,881,"bystander","target_code_1",2,1,"Engineering","Humanities","Engineering",1,0,"accept","reject","accept","reject","target_accept_other_reject","outgroup","ingroup","outgroup","ingroup","outgroup","different",0,"Engineering"
"5","45","45s1",1,0,19,2,0,2,1.14285714285714,2.14285714285714,3.42857142857143,1.42857142857143,2,9,0,1,1,2,1,2,1,0,2,882,"bystander","target_code_2",1,2,"Humanities","Engineering","Engineering",0,1,"reject","accept","reject","accept","target_reject_other_accept","ingroup","outgroup","outgroup","outgroup","ingroup","different",0,"Engineering"
"5","45","45s2",2,0,19,2,0,2,1.14285714285714,2.14285714285714,3.42857142857143,1.42857142857143,1,9,0,0,1,1,1,2,2,1,2,883,"bystander","target_code_1",1,1,"Humanities","Humanities","Engineering",0,0,"reject","reject","reject","reject","both_reject","ingroup","ingroup","outgroup","outgroup","outgroup","same",1,"Engineering"
"5","45","45s2",2,0,19,2,0,2,1.14285714285714,2.14285714285714,3.42857142857143,1.42857142857143,2,9,0,0,1,1,1,2,2,1,2,884,"bystander","target_code_2",1,1,"Humanities","Humanities","Engineering",0,0,"reject","reject","reject","reject","both_reject","ingroup","ingroup","outgroup","outgroup","outgroup","same",1,"Engineering"
"5","45","45s3",3,0,19,2,0,2,1.14285714285714,2.14285714285714,3.42857142857143,1.42857142857143,1,-5,1,0,1,1,2,2,2,1,1,885,"bystander","target_code_1",1,1,"Humanities","Humanities","Engineering",1,0,"accept","reject","accept","reject","target_accept_other_reject","outgroup","outgroup","ingroup","outgroup","outgroup","same",1,"Engineering"
"5","45","45s3",3,0,19,2,0,2,1.14285714285714,2.14285714285714,3.42857142857143,1.42857142857143,2,8,0,1,1,1,2,2,2,1,1,886,"bystander","target_code_2",1,1,"Humanities","Humanities","Engineering",0,1,"reject","accept","reject","accept","target_reject_other_accept","outgroup","outgroup","ingroup","outgroup","outgroup","same",1,"Engineering"
"5","45","45s4",4,0,19,2,0,2,1.14285714285714,2.14285714285714,3.42857142857143,1.42857142857143,1,-3,1,1,2,2,2,1,1,1,1,887,"bystander","target_code_1",2,2,"Engineering","Engineering","Engineering",1,1,"accept","accept","accept","accept","both_accept","ingroup","ingroup","ingroup","ingroup","ingroup","same",1,"Engineering"
"5","45","45s4",4,0,19,2,0,2,1.14285714285714,2.14285714285714,3.42857142857143,1.42857142857143,2,-3,1,1,2,2,2,1,1,1,1,888,"bystander","target_code_2",2,2,"Engineering","Engineering","Engineering",1,1,"accept","accept","accept","accept","both_accept","ingroup","ingroup","ingroup","ingroup","ingroup","same",1,"Engineering"
"5","45","45s5",5,0,19,2,0,2,1.14285714285714,2.14285714285714,3.42857142857143,1.42857142857143,1,-5,1,0,0,2,1,0,1,0,2,889,"bystander","target_code_1",0,2,"Control","Engineering","Engineering",1,0,"accept","reject","accept","reject","target_accept_other_reject","outgroup","outgroup","outgroup","outgroup","ingroup","different",0,"Engineering"
"5","45","45s5",5,0,19,2,0,2,1.14285714285714,2.14285714285714,3.42857142857143,1.42857142857143,2,8,0,1,2,0,1,1,0,0,2,890,"bystander","target_code_2",2,0,"Engineering","Control","Engineering",0,1,"reject","accept","reject","accept","target_reject_other_accept","outgroup","outgroup","outgroup","ingroup","outgroup","different",0,"Engineering"
"5","46","46s6",6,0,18,2,0,2,2.14285714285714,2.28571428571429,2,1.14285714285714,1,2,1,0,1,2,1,2,1,0,2,911,"bystander","target_code_1",1,2,"Humanities","Engineering","Engineering",1,0,"accept","reject","accept","reject","target_accept_other_reject","ingroup","outgroup","outgroup","outgroup","ingroup","different",0,"Engineering"
"5","46","46s6",6,0,18,2,0,2,2.14285714285714,2.28571428571429,2,1.14285714285714,2,5,0,1,2,1,1,1,2,0,2,912,"bystander","target_code_2",2,1,"Engineering","Humanities","Engineering",0,1,"reject","accept","reject","accept","target_reject_other_accept","outgroup","ingroup","outgroup","ingroup","outgroup","different",0,"Engineering"
"5","46","46s7",7,0,18,2,0,2,2.14285714285714,2.28571428571429,2,1.14285714285714,1,5,0,0,1,0,1,2,0,0,2,913,"bystander","target_code_1",1,0,"Humanities","Control","Engineering",0,0,"reject","reject","reject","reject","both_reject","ingroup","outgroup","outgroup","outgroup","outgroup","different",0,"Engineering"
"5","46","46s7",7,0,18,2,0,2,2.14285714285714,2.28571428571429,2,1.14285714285714,2,5,0,0,0,1,1,0,2,0,2,914,"bystander","target_code_2",0,1,"Control","Humanities","Engineering",0,0,"reject","reject","reject","reject","both_reject","outgroup","ingroup","outgroup","outgroup","outgroup","different",0,"Engineering"
"5","46","46s8",8,0,18,2,0,2,2.14285714285714,2.28571428571429,2,1.14285714285714,1,4,0,0,2,0,1,1,0,0,2,915,"bystander","target_code_1",2,0,"Engineering","Control","Engineering",0,0,"reject","reject","reject","reject","both_reject","outgroup","outgroup","outgroup","ingroup","outgroup","different",0,"Engineering"
"5","46","46s8",8,0,18,2,0,2,2.14285714285714,2.28571428571429,2,1.14285714285714,2,4,0,0,0,2,1,0,1,0,2,916,"bystander","target_code_2",0,2,"Control","Engineering","Engineering",0,0,"reject","reject","reject","reject","both_reject","outgroup","outgroup","outgroup","outgroup","ingroup","different",0,"Engineering"
"5","46","46s9",9,0,18,2,0,2,2.14285714285714,2.28571428571429,2,1.14285714285714,1,5,0,0,2,1,2,1,2,0,1,917,"bystander","target_code_1",2,1,"Engineering","Humanities","Engineering",0,0,"reject","reject","reject","reject","both_reject","ingroup","outgroup","ingroup","ingroup","outgroup","different",0,"Engineering"
"5","46","46s9",9,0,18,2,0,2,2.14285714285714,2.28571428571429,2,1.14285714285714,2,5,0,0,1,2,2,2,1,0,1,918,"bystander","target_code_2",1,2,"Humanities","Engineering","Engineering",0,0,"reject","reject","reject","reject","both_reject","outgroup","ingroup","ingroup","outgroup","ingroup","different",0,"Engineering"
"5","46","46s10",10,0,18,2,0,2,2.14285714285714,2.28571428571429,2,1.14285714285714,1,4,0,0,2,2,2,1,1,1,1,919,"bystander","target_code_1",2,2,"Engineering","Engineering","Engineering",0,0,"reject","reject","reject","reject","both_reject","ingroup","ingroup","ingroup","ingroup","ingroup","same",1,"Engineering"
"5","46","46s10",10,0,18,2,0,2,2.14285714285714,2.28571428571429,2,1.14285714285714,2,4,0,0,2,2,2,1,1,1,1,920,"bystander","target_code_2",2,2,"Engineering","Engineering","Engineering",0,0,"reject","reject","reject","reject","both_reject","ingroup","ingroup","ingroup","ingroup","ingroup","same",1,"Engineering"
"5","47","47s6",6,0,18,2,0,2,1.57142857142857,2.42857142857143,2.57142857142857,1.28571428571429,1,9,0,1,1,0,2,2,0,0,1,931,"bystander","target_code_1",1,0,"Humanities","Control","Engineering",0,1,"reject","accept","reject","accept","target_reject_other_accept","outgroup","outgroup","ingroup","outgroup","outgroup","different",0,"Engineering"
"5","47","47s6",6,0,18,2,0,2,1.57142857142857,2.42857142857143,2.57142857142857,1.28571428571429,2,-9,1,0,0,1,2,0,2,0,1,932,"bystander","target_code_2",0,1,"Control","Humanities","Engineering",1,0,"accept","reject","accept","reject","target_accept_other_reject","outgroup","outgroup","ingroup","outgroup","outgroup","different",0,"Engineering"
"5","47","47s7",7,0,18,2,0,2,1.57142857142857,2.42857142857143,2.57142857142857,1.28571428571429,1,9,0,0,1,0,1,2,0,0,2,933,"bystander","target_code_1",1,0,"Humanities","Control","Engineering",0,0,"reject","reject","reject","reject","both_reject","ingroup","outgroup","outgroup","outgroup","outgroup","different",0,"Engineering"
"5","47","47s7",7,0,18,2,0,2,1.57142857142857,2.42857142857143,2.57142857142857,1.28571428571429,2,9,0,0,0,1,1,0,2,0,2,934,"bystander","target_code_2",0,1,"Control","Humanities","Engineering",0,0,"reject","reject","reject","reject","both_reject","outgroup","ingroup","outgroup","outgroup","outgroup","different",0,"Engineering"
"5","47","47s8",8,0,18,2,0,2,1.57142857142857,2.42857142857143,2.57142857142857,1.28571428571429,1,-9,1,1,0,1,1,0,2,0,2,935,"bystander","target_code_1",0,1,"Control","Humanities","Engineering",1,1,"accept","accept","accept","accept","both_accept","outgroup","ingroup","outgroup","outgroup","outgroup","different",0,"Engineering"
"5","47","47s8",8,0,18,2,0,2,1.57142857142857,2.42857142857143,2.57142857142857,1.28571428571429,2,-9,1,1,1,0,1,2,0,0,2,936,"bystander","target_code_2",1,0,"Humanities","Control","Engineering",1,1,"accept","accept","accept","accept","both_accept","ingroup","outgroup","outgroup","outgroup","outgroup","different",0,"Engineering"
"5","47","47s9",9,0,18,2,0,2,1.57142857142857,2.42857142857143,2.57142857142857,1.28571428571429,1,-9,1,0,1,2,1,2,1,0,2,937,"bystander","target_code_1",1,2,"Humanities","Engineering","Engineering",1,0,"accept","reject","accept","reject","target_accept_other_reject","ingroup","outgroup","outgroup","outgroup","ingroup","different",0,"Engineering"
"5","47","47s9",9,0,18,2,0,2,1.57142857142857,2.42857142857143,2.57142857142857,1.28571428571429,2,9,0,1,2,1,1,1,2,0,2,938,"bystander","target_code_2",2,1,"Engineering","Humanities","Engineering",0,1,"reject","accept","reject","accept","target_reject_other_accept","outgroup","ingroup","outgroup","ingroup","outgroup","different",0,"Engineering"
"5","47","47s10",10,0,18,2,0,2,1.57142857142857,2.42857142857143,2.57142857142857,1.28571428571429,1,9,0,0,2,1,2,1,2,0,1,939,"bystander","target_code_1",2,1,"Engineering","Humanities","Engineering",0,0,"reject","reject","reject","reject","both_reject","ingroup","outgroup","ingroup","ingroup","outgroup","different",0,"Engineering"
"5","47","47s10",10,0,18,2,0,2,1.57142857142857,2.42857142857143,2.57142857142857,1.28571428571429,2,9,0,0,1,2,2,2,1,0,1,940,"bystander","target_code_2",1,2,"Humanities","Engineering","Engineering",0,0,"reject","reject","reject","reject","both_reject","outgroup","ingroup","ingroup","outgroup","ingroup","different",0,"Engineering"
"5","48","48s1",1,0,18,1,0,2,0.857142857142857,1.57142857142857,1.71428571428571,2.42857142857143,1,3,0,1,2,1,2,1,2,0,1,941,"bystander","target_code_1",2,1,"Engineering","Humanities","Engineering",0,1,"reject","accept","reject","accept","target_reject_other_accept","ingroup","outgroup","ingroup","ingroup","outgroup","different",0,"Engineering"
"5","48","48s1",1,0,18,1,0,2,0.857142857142857,1.57142857142857,1.71428571428571,2.42857142857143,2,3,1,0,1,2,2,2,1,0,1,942,"bystander","target_code_2",1,2,"Humanities","Engineering","Engineering",1,0,"accept","reject","accept","reject","target_accept_other_reject","outgroup","ingroup","ingroup","outgroup","ingroup","different",0,"Engineering"
"5","48","48s2",2,0,18,1,0,2,0.857142857142857,1.57142857142857,1.71428571428571,2.42857142857143,1,3,0,1,1,0,2,2,0,0,1,943,"bystander","target_code_1",1,0,"Humanities","Control","Engineering",0,1,"reject","accept","reject","accept","target_reject_other_accept","outgroup","outgroup","ingroup","outgroup","outgroup","different",0,"Engineering"
"5","48","48s2",2,0,18,1,0,2,0.857142857142857,1.57142857142857,1.71428571428571,2.42857142857143,2,3,1,0,0,1,2,0,2,0,1,944,"bystander","target_code_2",0,1,"Control","Humanities","Engineering",1,0,"accept","reject","accept","reject","target_accept_other_reject","outgroup","outgroup","ingroup","outgroup","outgroup","different",0,"Engineering"
"5","48","48s3",3,0,18,1,0,2,0.857142857142857,1.57142857142857,1.71428571428571,2.42857142857143,1,4,0,1,0,2,2,0,1,0,1,945,"bystander","target_code_1",0,2,"Control","Engineering","Engineering",0,1,"reject","accept","reject","accept","target_reject_other_accept","outgroup","ingroup","ingroup","outgroup","ingroup","different",0,"Engineering"
"5","48","48s3",3,0,18,1,0,2,0.857142857142857,1.57142857142857,1.71428571428571,2.42857142857143,2,4,1,0,2,0,2,1,0,0,1,946,"bystander","target_code_2",2,0,"Engineering","Control","Engineering",1,0,"accept","reject","accept","reject","target_accept_other_reject","ingroup","outgroup","ingroup","ingroup","outgroup","different",0,"Engineering"
"5","48","48s4",4,0,18,1,0,2,0.857142857142857,1.57142857142857,1.71428571428571,2.42857142857143,1,3,0,0,1,0,1,2,0,0,2,947,"bystander","target_code_1",1,0,"Humanities","Control","Engineering",0,0,"reject","reject","reject","reject","both_reject","ingroup","outgroup","outgroup","outgroup","outgroup","different",0,"Engineering"
"5","48","48s4",4,0,18,1,0,2,0.857142857142857,1.57142857142857,1.71428571428571,2.42857142857143,2,3,0,0,0,1,1,0,2,0,2,948,"bystander","target_code_2",0,1,"Control","Humanities","Engineering",0,0,"reject","reject","reject","reject","both_reject","outgroup","ingroup","outgroup","outgroup","outgroup","different",0,"Engineering"
"5","48","48s5",5,0,18,1,0,2,0.857142857142857,1.57142857142857,1.71428571428571,2.42857142857143,1,9,0,0,1,1,1,2,2,1,2,949,"bystander","target_code_1",1,1,"Humanities","Humanities","Engineering",0,0,"reject","reject","reject","reject","both_reject","ingroup","ingroup","outgroup","outgroup","outgroup","same",1,"Engineering"
"5","48","48s5",5,0,18,1,0,2,0.857142857142857,1.57142857142857,1.71428571428571,2.42857142857143,2,9,0,0,1,1,1,2,2,1,2,950,"bystander","target_code_2",1,1,"Humanities","Humanities","Engineering",0,0,"reject","reject","reject","reject","both_reject","ingroup","ingroup","outgroup","outgroup","outgroup","same",1,"Engineering"
"5","49","49s6",6,0,18,3,0,2,1.85714285714286,3.71428571428571,3.28571428571429,2.14285714285714,1,8,0,0,1,0,2,2,0,0,1,971,"bystander","target_code_1",1,0,"Humanities","Control","Engineering",0,0,"reject","reject","reject","reject","both_reject","outgroup","outgroup","ingroup","outgroup","outgroup","different",0,"Engineering"
"5","49","49s6",6,0,18,3,0,2,1.85714285714286,3.71428571428571,3.28571428571429,2.14285714285714,2,8,0,0,0,1,2,0,2,0,1,972,"bystander","target_code_2",0,1,"Control","Humanities","Engineering",0,0,"reject","reject","reject","reject","both_reject","outgroup","outgroup","ingroup","outgroup","outgroup","different",0,"Engineering"
"5","49","49s7",7,0,18,3,0,2,1.85714285714286,3.71428571428571,3.28571428571429,2.14285714285714,1,-7,1,1,0,2,2,0,1,0,1,973,"bystander","target_code_1",0,2,"Control","Engineering","Engineering",1,1,"accept","accept","accept","accept","both_accept","outgroup","ingroup","ingroup","outgroup","ingroup","different",0,"Engineering"
"5","49","49s7",7,0,18,3,0,2,1.85714285714286,3.71428571428571,3.28571428571429,2.14285714285714,2,-7,1,1,2,0,2,1,0,0,1,974,"bystander","target_code_2",2,0,"Engineering","Control","Engineering",1,1,"accept","accept","accept","accept","both_accept","ingroup","outgroup","ingroup","ingroup","outgroup","different",0,"Engineering"
"5","49","49s8",8,0,18,3,0,2,1.85714285714286,3.71428571428571,3.28571428571429,2.14285714285714,1,-8,1,0,2,2,1,1,1,1,2,975,"bystander","target_code_1",2,2,"Engineering","Engineering","Engineering",1,0,"accept","reject","accept","reject","target_accept_other_reject","outgroup","outgroup","outgroup","ingroup","ingroup","same",1,"Engineering"
"5","49","49s8",8,0,18,3,0,2,1.85714285714286,3.71428571428571,3.28571428571429,2.14285714285714,2,9,0,1,2,2,1,1,1,1,2,976,"bystander","target_code_2",2,2,"Engineering","Engineering","Engineering",0,1,"reject","accept","reject","accept","target_reject_other_accept","outgroup","outgroup","outgroup","ingroup","ingroup","same",1,"Engineering"
"5","49","49s9",9,0,18,3,0,2,1.85714285714286,3.71428571428571,3.28571428571429,2.14285714285714,1,-9,1,0,2,0,1,1,0,0,2,977,"bystander","target_code_1",2,0,"Engineering","Control","Engineering",1,0,"accept","reject","accept","reject","target_accept_other_reject","outgroup","outgroup","outgroup","ingroup","outgroup","different",0,"Engineering"
"5","49","49s9",9,0,18,3,0,2,1.85714285714286,3.71428571428571,3.28571428571429,2.14285714285714,2,9,0,1,0,2,1,0,1,0,2,978,"bystander","target_code_2",0,2,"Control","Engineering","Engineering",0,1,"reject","accept","reject","accept","target_reject_other_accept","outgroup","outgroup","outgroup","outgroup","ingroup","different",0,"Engineering"
"5","49","49s10",10,0,18,3,0,2,1.85714285714286,3.71428571428571,3.28571428571429,2.14285714285714,1,-9,1,1,2,1,1,1,2,0,2,979,"bystander","target_code_1",2,1,"Engineering","Humanities","Engineering",1,1,"accept","accept","accept","accept","both_accept","outgroup","ingroup","outgroup","ingroup","outgroup","different",0,"Engineering"
"5","49","49s10",10,0,18,3,0,2,1.85714285714286,3.71428571428571,3.28571428571429,2.14285714285714,2,-9,1,1,1,2,1,2,1,0,2,980,"bystander","target_code_2",1,2,"Humanities","Engineering","Engineering",1,1,"accept","accept","accept","accept","both_accept","ingroup","outgroup","outgroup","outgroup","ingroup","different",0,"Engineering"
"6","50","50s1",1,0,18,2,0,2,3,3,3,0.142857142857143,1,9,0,1,0,0,1,0,0,1,2,981,"bystander","target_code_1",0,0,"Control","Control","Engineering",0,1,"reject","accept","reject","accept","target_reject_other_accept","outgroup","outgroup","outgroup","outgroup","outgroup","same",1,"Engineering"
"6","50","50s1",1,0,18,2,0,2,3,3,3,0.142857142857143,2,0,1,0,0,0,1,0,0,1,2,982,"bystander","target_code_2",0,0,"Control","Control","Engineering",1,0,"accept","reject","accept","reject","target_accept_other_reject","outgroup","outgroup","outgroup","outgroup","outgroup","same",1,"Engineering"
"6","50","50s2",2,0,18,2,0,2,3,3,3,0.142857142857143,1,9,0,1,2,0,2,1,0,0,1,983,"bystander","target_code_1",2,0,"Engineering","Control","Engineering",0,1,"reject","accept","reject","accept","target_reject_other_accept","ingroup","outgroup","ingroup","ingroup","outgroup","different",0,"Engineering"
"6","50","50s2",2,0,18,2,0,2,3,3,3,0.142857142857143,2,0,1,0,0,2,2,0,1,0,1,984,"bystander","target_code_2",0,2,"Control","Engineering","Engineering",1,0,"accept","reject","accept","reject","target_accept_other_reject","outgroup","ingroup","ingroup","outgroup","ingroup","different",0,"Engineering"
"6","50","50s3",3,0,18,2,0,2,3,3,3,0.142857142857143,1,9,0,0,2,0,1,1,0,0,2,985,"bystander","target_code_1",2,0,"Engineering","Control","Engineering",0,0,"reject","reject","reject","reject","both_reject","outgroup","outgroup","outgroup","ingroup","outgroup","different",0,"Engineering"
"6","50","50s3",3,0,18,2,0,2,3,3,3,0.142857142857143,2,9,0,0,0,2,1,0,1,0,2,986,"bystander","target_code_2",0,2,"Control","Engineering","Engineering",0,0,"reject","reject","reject","reject","both_reject","outgroup","outgroup","outgroup","outgroup","ingroup","different",0,"Engineering"
"6","50","50s4",4,0,18,2,0,2,3,3,3,0.142857142857143,1,9,0,0,2,0,1,1,0,0,2,987,"bystander","target_code_1",2,0,"Engineering","Control","Engineering",0,0,"reject","reject","reject","reject","both_reject","outgroup","outgroup","outgroup","ingroup","outgroup","different",0,"Engineering"
"6","50","50s4",4,0,18,2,0,2,3,3,3,0.142857142857143,2,9,0,0,0,2,1,0,1,0,2,988,"bystander","target_code_2",0,2,"Control","Engineering","Engineering",0,0,"reject","reject","reject","reject","both_reject","outgroup","outgroup","outgroup","outgroup","ingroup","different",0,"Engineering"
"6","50","50s5",5,0,18,2,0,2,3,3,3,0.142857142857143,1,9,0,0,2,0,2,1,0,0,1,989,"bystander","target_code_1",2,0,"Engineering","Control","Engineering",0,0,"reject","reject","reject","reject","both_reject","ingroup","outgroup","ingroup","ingroup","outgroup","different",0,"Engineering"
"6","50","50s5",5,0,18,2,0,2,3,3,3,0.142857142857143,2,9,0,0,0,2,2,0,1,0,1,990,"bystander","target_code_2",0,2,"Control","Engineering","Engineering",0,0,"reject","reject","reject","reject","both_reject","outgroup","ingroup","ingroup","outgroup","ingroup","different",0,"Engineering"
"6","51","51s6",6,0,18,2,1,2,3.14285714285714,3,3,1.71428571428571,1,8,0,0,2,0,2,1,0,0,1,1011,"bystander","target_code_1",2,0,"Engineering","Control","Engineering",0,0,"reject","reject","reject","reject","both_reject","ingroup","outgroup","ingroup","ingroup","outgroup","different",0,"Engineering"
"6","51","51s6",6,0,18,2,1,2,3.14285714285714,3,3,1.71428571428571,2,8,0,0,0,2,2,0,1,0,1,1012,"bystander","target_code_2",0,2,"Control","Engineering","Engineering",0,0,"reject","reject","reject","reject","both_reject","outgroup","ingroup","ingroup","outgroup","ingroup","different",0,"Engineering"
"6","51","51s7",7,0,18,2,1,2,3.14285714285714,3,3,1.71428571428571,1,8,0,1,1,2,1,2,1,0,2,1013,"bystander","target_code_1",1,2,"Humanities","Engineering","Engineering",0,1,"reject","accept","reject","accept","target_reject_other_accept","ingroup","outgroup","outgroup","outgroup","ingroup","different",0,"Engineering"
"6","51","51s7",7,0,18,2,1,2,3.14285714285714,3,3,1.71428571428571,2,-3,1,0,2,1,1,1,2,0,2,1014,"bystander","target_code_2",2,1,"Engineering","Humanities","Engineering",1,0,"accept","reject","accept","reject","target_accept_other_reject","outgroup","ingroup","outgroup","ingroup","outgroup","different",0,"Engineering"
"6","51","51s8",8,0,18,2,1,2,3.14285714285714,3,3,1.71428571428571,1,-5,1,1,1,1,2,2,2,1,1,1015,"bystander","target_code_1",1,1,"Humanities","Humanities","Engineering",1,1,"accept","accept","accept","accept","both_accept","outgroup","outgroup","ingroup","outgroup","outgroup","same",1,"Engineering"
"6","51","51s8",8,0,18,2,1,2,3.14285714285714,3,3,1.71428571428571,2,-5,1,1,1,1,2,2,2,1,1,1016,"bystander","target_code_2",1,1,"Humanities","Humanities","Engineering",1,1,"accept","accept","accept","accept","both_accept","outgroup","outgroup","ingroup","outgroup","outgroup","same",1,"Engineering"
"6","51","51s9",9,0,18,2,1,2,3.14285714285714,3,3,1.71428571428571,1,-6,1,1,1,2,1,2,1,0,2,1017,"bystander","target_code_1",1,2,"Humanities","Engineering","Engineering",1,1,"accept","accept","accept","accept","both_accept","ingroup","outgroup","outgroup","outgroup","ingroup","different",0,"Engineering"
"6","51","51s9",9,0,18,2,1,2,3.14285714285714,3,3,1.71428571428571,2,-6,1,1,2,1,1,1,2,0,2,1018,"bystander","target_code_2",2,1,"Engineering","Humanities","Engineering",1,1,"accept","accept","accept","accept","both_accept","outgroup","ingroup","outgroup","ingroup","outgroup","different",0,"Engineering"
"6","51","51s10",10,0,18,2,1,2,3.14285714285714,3,3,1.71428571428571,1,9,0,0,1,2,2,2,1,0,1,1019,"bystander","target_code_1",1,2,"Humanities","Engineering","Engineering",0,0,"reject","reject","reject","reject","both_reject","outgroup","ingroup","ingroup","outgroup","ingroup","different",0,"Engineering"
"6","51","51s10",10,0,18,2,1,2,3.14285714285714,3,3,1.71428571428571,2,9,0,0,2,1,2,1,2,0,1,1020,"bystander","target_code_2",2,1,"Engineering","Humanities","Engineering",0,0,"reject","reject","reject","reject","both_reject","ingroup","outgroup","ingroup","ingroup","outgroup","different",0,"Engineering"
"6","52","52s6",6,0,18,2,1,2,1.42857142857143,3.42857142857143,2,1.42857142857143,1,9,0,0,1,1,1,2,2,1,2,1031,"bystander","target_code_1",1,1,"Humanities","Humanities","Engineering",0,0,"reject","reject","reject","reject","both_reject","ingroup","ingroup","outgroup","outgroup","outgroup","same",1,"Engineering"
"6","52","52s6",6,0,18,2,1,2,1.42857142857143,3.42857142857143,2,1.42857142857143,2,9,0,0,1,1,1,2,2,1,2,1032,"bystander","target_code_2",1,1,"Humanities","Humanities","Engineering",0,0,"reject","reject","reject","reject","both_reject","ingroup","ingroup","outgroup","outgroup","outgroup","same",1,"Engineering"
"6","52","52s7",7,0,18,2,1,2,1.42857142857143,3.42857142857143,2,1.42857142857143,1,9,0,1,1,1,2,2,2,1,1,1033,"bystander","target_code_1",1,1,"Humanities","Humanities","Engineering",0,1,"reject","accept","reject","accept","target_reject_other_accept","outgroup","outgroup","ingroup","outgroup","outgroup","same",1,"Engineering"
"6","52","52s7",7,0,18,2,1,2,1.42857142857143,3.42857142857143,2,1.42857142857143,2,-4,1,0,1,1,2,2,2,1,1,1034,"bystander","target_code_2",1,1,"Humanities","Humanities","Engineering",1,0,"accept","reject","accept","reject","target_accept_other_reject","outgroup","outgroup","ingroup","outgroup","outgroup","same",1,"Engineering"
"6","52","52s8",8,0,18,2,1,2,1.42857142857143,3.42857142857143,2,1.42857142857143,1,-3,1,1,2,2,2,1,1,1,1,1035,"bystander","target_code_1",2,2,"Engineering","Engineering","Engineering",1,1,"accept","accept","accept","accept","both_accept","ingroup","ingroup","ingroup","ingroup","ingroup","same",1,"Engineering"
"6","52","52s8",8,0,18,2,1,2,1.42857142857143,3.42857142857143,2,1.42857142857143,2,-3,1,1,2,2,2,1,1,1,1,1036,"bystander","target_code_2",2,2,"Engineering","Engineering","Engineering",1,1,"accept","accept","accept","accept","both_accept","ingroup","ingroup","ingroup","ingroup","ingroup","same",1,"Engineering"
"6","52","52s9",9,0,18,2,1,2,1.42857142857143,3.42857142857143,2,1.42857142857143,1,-3,1,0,0,0,2,0,0,1,1,1037,"bystander","target_code_1",0,0,"Control","Control","Engineering",1,0,"accept","reject","accept","reject","target_accept_other_reject","outgroup","outgroup","ingroup","outgroup","outgroup","same",1,"Engineering"
"6","52","52s9",9,0,18,2,1,2,1.42857142857143,3.42857142857143,2,1.42857142857143,2,5,0,1,0,0,2,0,0,1,1,1038,"bystander","target_code_2",0,0,"Control","Control","Engineering",0,1,"reject","accept","reject","accept","target_reject_other_accept","outgroup","outgroup","ingroup","outgroup","outgroup","same",1,"Engineering"
"6","52","52s10",10,0,18,2,1,2,1.42857142857143,3.42857142857143,2,1.42857142857143,1,-3,1,0,0,0,1,0,0,1,2,1039,"bystander","target_code_1",0,0,"Control","Control","Engineering",1,0,"accept","reject","accept","reject","target_accept_other_reject","outgroup","outgroup","outgroup","outgroup","outgroup","same",1,"Engineering"
"6","52","52s10",10,0,18,2,1,2,1.42857142857143,3.42857142857143,2,1.42857142857143,2,5,0,1,0,0,1,0,0,1,2,1040,"bystander","target_code_2",0,0,"Control","Control","Engineering",0,1,"reject","accept","reject","accept","target_reject_other_accept","outgroup","outgroup","outgroup","outgroup","outgroup","same",1,"Engineering"
"7","53","53s1",1,0,18,4,0,2,2,1.42857142857143,0.428571428571428,3,1,-5,1,0,0,1,1,0,2,0,2,1041,"bystander","target_code_1",0,1,"Control","Humanities","Engineering",1,0,"accept","reject","accept","reject","target_accept_other_reject","outgroup","ingroup","outgroup","outgroup","outgroup","different",0,"Engineering"
"7","53","53s1",1,0,18,4,0,2,2,1.42857142857143,0.428571428571428,3,2,7,0,1,1,0,1,2,0,0,2,1042,"bystander","target_code_2",1,0,"Humanities","Control","Engineering",0,1,"reject","accept","reject","accept","target_reject_other_accept","ingroup","outgroup","outgroup","outgroup","outgroup","different",0,"Engineering"
"7","53","53s2",2,0,18,4,0,2,2,1.42857142857143,0.428571428571428,3,1,2,0,1,0,0,1,0,0,1,2,1043,"bystander","target_code_1",0,0,"Control","Control","Engineering",0,1,"reject","accept","reject","accept","target_reject_other_accept","outgroup","outgroup","outgroup","outgroup","outgroup","same",1,"Engineering"
"7","53","53s2",2,0,18,4,0,2,2,1.42857142857143,0.428571428571428,3,2,-3,1,0,0,0,1,0,0,1,2,1044,"bystander","target_code_2",0,0,"Control","Control","Engineering",1,0,"accept","reject","accept","reject","target_accept_other_reject","outgroup","outgroup","outgroup","outgroup","outgroup","same",1,"Engineering"
"7","53","53s3",3,0,18,4,0,2,2,1.42857142857143,0.428571428571428,3,1,4,0,1,2,2,1,1,1,1,2,1045,"bystander","target_code_1",2,2,"Engineering","Engineering","Engineering",0,1,"reject","accept","reject","accept","target_reject_other_accept","outgroup","outgroup","outgroup","ingroup","ingroup","same",1,"Engineering"
"7","53","53s3",3,0,18,4,0,2,2,1.42857142857143,0.428571428571428,3,2,-5,1,0,2,2,1,1,1,1,2,1046,"bystander","target_code_2",2,2,"Engineering","Engineering","Engineering",1,0,"accept","reject","accept","reject","target_accept_other_reject","outgroup","outgroup","outgroup","ingroup","ingroup","same",1,"Engineering"
"7","53","53s4",4,0,18,4,0,2,2,1.42857142857143,0.428571428571428,3,1,-6,1,1,0,2,1,0,1,0,2,1047,"bystander","target_code_1",0,2,"Control","Engineering","Engineering",1,1,"accept","accept","accept","accept","both_accept","outgroup","outgroup","outgroup","outgroup","ingroup","different",0,"Engineering"
"7","53","53s4",4,0,18,4,0,2,2,1.42857142857143,0.428571428571428,3,2,-6,1,1,2,0,1,1,0,0,2,1048,"bystander","target_code_2",2,0,"Engineering","Control","Engineering",1,1,"accept","accept","accept","accept","both_accept","outgroup","outgroup","outgroup","ingroup","outgroup","different",0,"Engineering"
"7","53","53s5",5,0,18,4,0,2,2,1.42857142857143,0.428571428571428,3,1,-5,1,1,0,1,2,0,2,0,1,1049,"bystander","target_code_1",0,1,"Control","Humanities","Engineering",1,1,"accept","accept","accept","accept","both_accept","outgroup","outgroup","ingroup","outgroup","outgroup","different",0,"Engineering"
"7","53","53s5",5,0,18,4,0,2,2,1.42857142857143,0.428571428571428,3,2,-5,1,1,1,0,2,2,0,0,1,1050,"bystander","target_code_2",1,0,"Humanities","Control","Engineering",1,1,"accept","accept","accept","accept","both_accept","outgroup","outgroup","ingroup","outgroup","outgroup","different",0,"Engineering"
"7","54","54s6",6,0,18,4,0,2,1.42857142857143,2.42857142857143,2.28571428571429,1.14285714285714,1,-9,1,0,2,1,2,1,2,0,1,1071,"bystander","target_code_1",2,1,"Engineering","Humanities","Engineering",1,0,"accept","reject","accept","reject","target_accept_other_reject","ingroup","outgroup","ingroup","ingroup","outgroup","different",0,"Engineering"
"7","54","54s6",6,0,18,4,0,2,1.42857142857143,2.42857142857143,2.28571428571429,1.14285714285714,2,9,0,1,1,2,2,2,1,0,1,1072,"bystander","target_code_2",1,2,"Humanities","Engineering","Engineering",0,1,"reject","accept","reject","accept","target_reject_other_accept","outgroup","ingroup","ingroup","outgroup","ingroup","different",0,"Engineering"
"7","54","54s7",7,0,18,4,0,2,1.42857142857143,2.42857142857143,2.28571428571429,1.14285714285714,1,-9,1,1,2,1,2,1,2,0,1,1073,"bystander","target_code_1",2,1,"Engineering","Humanities","Engineering",1,1,"accept","accept","accept","accept","both_accept","ingroup","outgroup","ingroup","ingroup","outgroup","different",0,"Engineering"
"7","54","54s7",7,0,18,4,0,2,1.42857142857143,2.42857142857143,2.28571428571429,1.14285714285714,2,-9,1,1,1,2,2,2,1,0,1,1074,"bystander","target_code_2",1,2,"Humanities","Engineering","Engineering",1,1,"accept","accept","accept","accept","both_accept","outgroup","ingroup","ingroup","outgroup","ingroup","different",0,"Engineering"
"7","54","54s8",8,0,18,4,0,2,1.42857142857143,2.42857142857143,2.28571428571429,1.14285714285714,1,-9,1,0,0,1,2,0,2,0,1,1075,"bystander","target_code_1",0,1,"Control","Humanities","Engineering",1,0,"accept","reject","accept","reject","target_accept_other_reject","outgroup","outgroup","ingroup","outgroup","outgroup","different",0,"Engineering"
"7","54","54s8",8,0,18,4,0,2,1.42857142857143,2.42857142857143,2.28571428571429,1.14285714285714,2,9,0,1,1,0,2,2,0,0,1,1076,"bystander","target_code_2",1,0,"Humanities","Control","Engineering",0,1,"reject","accept","reject","accept","target_reject_other_accept","outgroup","outgroup","ingroup","outgroup","outgroup","different",0,"Engineering"
"7","54","54s9",9,0,18,4,0,2,1.42857142857143,2.42857142857143,2.28571428571429,1.14285714285714,1,9,0,0,2,1,2,1,2,0,1,1077,"bystander","target_code_1",2,1,"Engineering","Humanities","Engineering",0,0,"reject","reject","reject","reject","both_reject","ingroup","outgroup","ingroup","ingroup","outgroup","different",0,"Engineering"
"7","54","54s9",9,0,18,4,0,2,1.42857142857143,2.42857142857143,2.28571428571429,1.14285714285714,2,9,0,0,1,2,2,2,1,0,1,1078,"bystander","target_code_2",1,2,"Humanities","Engineering","Engineering",0,0,"reject","reject","reject","reject","both_reject","outgroup","ingroup","ingroup","outgroup","ingroup","different",0,"Engineering"
"7","54","54s10",10,0,18,4,0,2,1.42857142857143,2.42857142857143,2.28571428571429,1.14285714285714,1,-9,1,1,2,0,1,1,0,0,2,1079,"bystander","target_code_1",2,0,"Engineering","Control","Engineering",1,1,"accept","accept","accept","accept","both_accept","outgroup","outgroup","outgroup","ingroup","outgroup","different",0,"Engineering"
"7","54","54s10",10,0,18,4,0,2,1.42857142857143,2.42857142857143,2.28571428571429,1.14285714285714,2,-9,1,1,0,2,1,0,1,0,2,1080,"bystander","target_code_2",0,2,"Control","Engineering","Engineering",1,1,"accept","accept","accept","accept","both_accept","outgroup","outgroup","outgroup","outgroup","ingroup","different",0,"Engineering"
"7","55","55s6",6,0,18,4,1,2,3.14285714285714,2.71428571428571,2,1.57142857142857,1,-5,1,1,1,2,1,2,1,0,2,1091,"bystander","target_code_1",1,2,"Humanities","Engineering","Engineering",1,1,"accept","accept","accept","accept","both_accept","ingroup","outgroup","outgroup","outgroup","ingroup","different",0,"Engineering"
"7","55","55s6",6,0,18,4,1,2,3.14285714285714,2.71428571428571,2,1.57142857142857,2,-5,1,1,2,1,1,1,2,0,2,1092,"bystander","target_code_2",2,1,"Engineering","Humanities","Engineering",1,1,"accept","accept","accept","accept","both_accept","outgroup","ingroup","outgroup","ingroup","outgroup","different",0,"Engineering"
"7","55","55s7",7,0,18,4,1,2,3.14285714285714,2.71428571428571,2,1.57142857142857,1,5,0,1,1,1,2,2,2,1,1,1093,"bystander","target_code_1",1,1,"Humanities","Humanities","Engineering",0,1,"reject","accept","reject","accept","target_reject_other_accept","outgroup","outgroup","ingroup","outgroup","outgroup","same",1,"Engineering"
"7","55","55s7",7,0,18,4,1,2,3.14285714285714,2.71428571428571,2,1.57142857142857,2,-5,1,0,1,1,2,2,2,1,1,1094,"bystander","target_code_2",1,1,"Humanities","Humanities","Engineering",1,0,"accept","reject","accept","reject","target_accept_other_reject","outgroup","outgroup","ingroup","outgroup","outgroup","same",1,"Engineering"
"7","55","55s8",8,0,18,4,1,2,3.14285714285714,2.71428571428571,2,1.57142857142857,1,9,0,0,2,1,2,1,2,0,1,1095,"bystander","target_code_1",2,1,"Engineering","Humanities","Engineering",0,0,"reject","reject","reject","reject","both_reject","ingroup","outgroup","ingroup","ingroup","outgroup","different",0,"Engineering"
"7","55","55s8",8,0,18,4,1,2,3.14285714285714,2.71428571428571,2,1.57142857142857,2,9,0,0,1,2,2,2,1,0,1,1096,"bystander","target_code_2",1,2,"Humanities","Engineering","Engineering",0,0,"reject","reject","reject","reject","both_reject","outgroup","ingroup","ingroup","outgroup","ingroup","different",0,"Engineering"
"7","55","55s9",9,0,18,4,1,2,3.14285714285714,2.71428571428571,2,1.57142857142857,1,5,0,1,1,2,2,2,1,0,1,1097,"bystander","target_code_1",1,2,"Humanities","Engineering","Engineering",0,1,"reject","accept","reject","accept","target_reject_other_accept","outgroup","ingroup","ingroup","outgroup","ingroup","different",0,"Engineering"
"7","55","55s9",9,0,18,4,1,2,3.14285714285714,2.71428571428571,2,1.57142857142857,2,-5,1,0,2,1,2,1,2,0,1,1098,"bystander","target_code_2",2,1,"Engineering","Humanities","Engineering",1,0,"accept","reject","accept","reject","target_accept_other_reject","ingroup","outgroup","ingroup","ingroup","outgroup","different",0,"Engineering"
"7","55","55s10",10,0,18,4,1,2,3.14285714285714,2.71428571428571,2,1.57142857142857,1,-9,1,1,0,2,1,0,1,0,2,1099,"bystander","target_code_1",0,2,"Control","Engineering","Engineering",1,1,"accept","accept","accept","accept","both_accept","outgroup","outgroup","outgroup","outgroup","ingroup","different",0,"Engineering"
"7","55","55s10",10,0,18,4,1,2,3.14285714285714,2.71428571428571,2,1.57142857142857,2,-9,1,1,2,0,1,1,0,0,2,1100,"bystander","target_code_2",2,0,"Engineering","Control","Engineering",1,1,"accept","accept","accept","accept","both_accept","outgroup","outgroup","outgroup","ingroup","outgroup","different",0,"Engineering"
"7","56","56s1",1,0,18,4,1,2,1.14285714285714,2.28571428571429,3.14285714285714,1.71428571428571,1,9,0,1,1,2,2,2,1,0,1,1101,"bystander","target_code_1",1,2,"Humanities","Engineering","Engineering",0,1,"reject","accept","reject","accept","target_reject_other_accept","outgroup","ingroup","ingroup","outgroup","ingroup","different",0,"Engineering"
"7","56","56s1",1,0,18,4,1,2,1.14285714285714,2.28571428571429,3.14285714285714,1.71428571428571,2,-9,1,0,2,1,2,1,2,0,1,1102,"bystander","target_code_2",2,1,"Engineering","Humanities","Engineering",1,0,"accept","reject","accept","reject","target_accept_other_reject","ingroup","outgroup","ingroup","ingroup","outgroup","different",0,"Engineering"
"7","56","56s2",2,0,18,4,1,2,1.14285714285714,2.28571428571429,3.14285714285714,1.71428571428571,1,9,0,1,1,2,2,2,1,0,1,1103,"bystander","target_code_1",1,2,"Humanities","Engineering","Engineering",0,1,"reject","accept","reject","accept","target_reject_other_accept","outgroup","ingroup","ingroup","outgroup","ingroup","different",0,"Engineering"
"7","56","56s2",2,0,18,4,1,2,1.14285714285714,2.28571428571429,3.14285714285714,1.71428571428571,2,-9,1,0,2,1,2,1,2,0,1,1104,"bystander","target_code_2",2,1,"Engineering","Humanities","Engineering",1,0,"accept","reject","accept","reject","target_accept_other_reject","ingroup","outgroup","ingroup","ingroup","outgroup","different",0,"Engineering"
"7","56","56s3",3,0,18,4,1,2,1.14285714285714,2.28571428571429,3.14285714285714,1.71428571428571,1,-9,1,1,1,0,1,2,0,0,2,1105,"bystander","target_code_1",1,0,"Humanities","Control","Engineering",1,1,"accept","accept","accept","accept","both_accept","ingroup","outgroup","outgroup","outgroup","outgroup","different",0,"Engineering"
"7","56","56s3",3,0,18,4,1,2,1.14285714285714,2.28571428571429,3.14285714285714,1.71428571428571,2,-9,1,1,0,1,1,0,2,0,2,1106,"bystander","target_code_2",0,1,"Control","Humanities","Engineering",1,1,"accept","accept","accept","accept","both_accept","outgroup","ingroup","outgroup","outgroup","outgroup","different",0,"Engineering"
"7","56","56s4",4,0,18,4,1,2,1.14285714285714,2.28571428571429,3.14285714285714,1.71428571428571,1,9,0,1,0,0,1,0,0,1,2,1107,"bystander","target_code_1",0,0,"Control","Control","Engineering",0,1,"reject","accept","reject","accept","target_reject_other_accept","outgroup","outgroup","outgroup","outgroup","outgroup","same",1,"Engineering"
"7","56","56s4",4,0,18,4,1,2,1.14285714285714,2.28571428571429,3.14285714285714,1.71428571428571,2,-9,1,0,0,0,1,0,0,1,2,1108,"bystander","target_code_2",0,0,"Control","Control","Engineering",1,0,"accept","reject","accept","reject","target_accept_other_reject","outgroup","outgroup","outgroup","outgroup","outgroup","same",1,"Engineering"
"7","56","56s5",5,0,18,4,1,2,1.14285714285714,2.28571428571429,3.14285714285714,1.71428571428571,1,-9,1,1,1,1,2,2,2,1,1,1109,"bystander","target_code_1",1,1,"Humanities","Humanities","Engineering",1,1,"accept","accept","accept","accept","both_accept","outgroup","outgroup","ingroup","outgroup","outgroup","same",1,"Engineering"
"7","56","56s5",5,0,18,4,1,2,1.14285714285714,2.28571428571429,3.14285714285714,1.71428571428571,2,-9,1,1,1,1,2,2,2,1,1,1110,"bystander","target_code_2",1,1,"Humanities","Humanities","Engineering",1,1,"accept","accept","accept","accept","both_accept","outgroup","outgroup","ingroup","outgroup","outgroup","same",1,"Engineering"
"7","57","57s1",1,0,21,2,1,1,2,2.42857142857143,1.71428571428571,2.14285714285714,1,9,0,0,1,1,1,1,1,1,1,1121,"bystander","target_code_1",1,1,"Humanities","Humanities","Humanities",0,0,"reject","reject","reject","reject","both_reject","ingroup","ingroup","ingroup","ingroup","ingroup","same",1,"Humanities"
"7","57","57s1",1,0,21,2,1,1,2,2.42857142857143,1.71428571428571,2.14285714285714,2,9,0,0,1,1,1,1,1,1,1,1122,"bystander","target_code_2",1,1,"Humanities","Humanities","Humanities",0,0,"reject","reject","reject","reject","both_reject","ingroup","ingroup","ingroup","ingroup","ingroup","same",1,"Humanities"
"7","57","57s2",2,0,21,2,1,1,2,2.42857142857143,1.71428571428571,2.14285714285714,1,3,1,1,2,1,2,2,1,0,2,1123,"bystander","target_code_1",2,1,"Engineering","Humanities","Humanities",1,1,"accept","accept","accept","accept","both_accept","ingroup","outgroup","outgroup","outgroup","ingroup","different",0,"Humanities"
"7","57","57s2",2,0,21,2,1,1,2,2.42857142857143,1.71428571428571,2.14285714285714,2,3,1,1,1,2,2,1,2,0,2,1124,"bystander","target_code_2",1,2,"Humanities","Engineering","Humanities",1,1,"accept","accept","accept","accept","both_accept","outgroup","ingroup","outgroup","ingroup","outgroup","different",0,"Humanities"
"7","57","57s3",3,0,21,2,1,1,2,2.42857142857143,1.71428571428571,2.14285714285714,1,8,0,1,2,0,1,2,0,0,1,1125,"bystander","target_code_1",2,0,"Engineering","Control","Humanities",0,1,"reject","accept","reject","accept","target_reject_other_accept","outgroup","outgroup","ingroup","outgroup","outgroup","different",0,"Humanities"
"7","57","57s3",3,0,21,2,1,1,2,2.42857142857143,1.71428571428571,2.14285714285714,2,-1,1,0,0,2,1,0,2,0,1,1126,"bystander","target_code_2",0,2,"Control","Engineering","Humanities",1,0,"accept","reject","accept","reject","target_accept_other_reject","outgroup","outgroup","ingroup","outgroup","outgroup","different",0,"Humanities"
"7","57","57s4",4,0,21,2,1,1,2,2.42857142857143,1.71428571428571,2.14285714285714,1,-2,1,1,1,1,2,1,1,1,2,1127,"bystander","target_code_1",1,1,"Humanities","Humanities","Humanities",1,1,"accept","accept","accept","accept","both_accept","outgroup","outgroup","outgroup","ingroup","ingroup","same",1,"Humanities"
"7","57","57s4",4,0,21,2,1,1,2,2.42857142857143,1.71428571428571,2.14285714285714,2,-1,1,1,1,1,2,1,1,1,2,1128,"bystander","target_code_2",1,1,"Humanities","Humanities","Humanities",1,1,"accept","accept","accept","accept","both_accept","outgroup","outgroup","outgroup","ingroup","ingroup","same",1,"Humanities"
"7","57","57s5",5,0,21,2,1,1,2,2.42857142857143,1.71428571428571,2.14285714285714,1,-2,1,1,1,0,1,1,0,0,1,1129,"bystander","target_code_1",1,0,"Humanities","Control","Humanities",1,1,"accept","accept","accept","accept","both_accept","ingroup","outgroup","ingroup","ingroup","outgroup","different",0,"Humanities"
"7","57","57s5",5,0,21,2,1,1,2,2.42857142857143,1.71428571428571,2.14285714285714,2,-1,1,1,0,1,1,0,1,0,1,1130,"bystander","target_code_2",0,1,"Control","Humanities","Humanities",1,1,"accept","accept","accept","accept","both_accept","outgroup","ingroup","ingroup","outgroup","ingroup","different",0,"Humanities"
"7","58","58s6",6,0,18,5,0,2,1.57142857142857,2.71428571428571,2.42857142857143,2.28571428571429,1,5,0,0,0,2,1,0,1,0,2,1151,"bystander","target_code_1",0,2,"Control","Engineering","Engineering",0,0,"reject","reject","reject","reject","both_reject","outgroup","outgroup","outgroup","outgroup","ingroup","different",0,"Engineering"
"7","58","58s6",6,0,18,5,0,2,1.57142857142857,2.71428571428571,2.42857142857143,2.28571428571429,2,5,0,0,2,0,1,1,0,0,2,1152,"bystander","target_code_2",2,0,"Engineering","Control","Engineering",0,0,"reject","reject","reject","reject","both_reject","outgroup","outgroup","outgroup","ingroup","outgroup","different",0,"Engineering"
"7","58","58s7",7,0,18,5,0,2,1.57142857142857,2.71428571428571,2.42857142857143,2.28571428571429,1,5,0,1,2,2,2,1,1,1,1,1153,"bystander","target_code_1",2,2,"Engineering","Engineering","Engineering",0,1,"reject","accept","reject","accept","target_reject_other_accept","ingroup","ingroup","ingroup","ingroup","ingroup","same",1,"Engineering"
"7","58","58s7",7,0,18,5,0,2,1.57142857142857,2.71428571428571,2.42857142857143,2.28571428571429,2,-5,1,0,2,2,2,1,1,1,1,1154,"bystander","target_code_2",2,2,"Engineering","Engineering","Engineering",1,0,"accept","reject","accept","reject","target_accept_other_reject","ingroup","ingroup","ingroup","ingroup","ingroup","same",1,"Engineering"
"7","58","58s8",8,0,18,5,0,2,1.57142857142857,2.71428571428571,2.42857142857143,2.28571428571429,1,9,0,1,2,2,2,1,1,1,1,1155,"bystander","target_code_1",2,2,"Engineering","Engineering","Engineering",0,1,"reject","accept","reject","accept","target_reject_other_accept","ingroup","ingroup","ingroup","ingroup","ingroup","same",1,"Engineering"
"7","58","58s8",8,0,18,5,0,2,1.57142857142857,2.71428571428571,2.42857142857143,2.28571428571429,2,9,1,0,2,2,2,1,1,1,1,1156,"bystander","target_code_2",2,2,"Engineering","Engineering","Engineering",1,0,"accept","reject","accept","reject","target_accept_other_reject","ingroup","ingroup","ingroup","ingroup","ingroup","same",1,"Engineering"
"7","58","58s9",9,0,18,5,0,2,1.57142857142857,2.71428571428571,2.42857142857143,2.28571428571429,1,9,0,0,1,1,1,2,2,1,2,1157,"bystander","target_code_1",1,1,"Humanities","Humanities","Engineering",0,0,"reject","reject","reject","reject","both_reject","ingroup","ingroup","outgroup","outgroup","outgroup","same",1,"Engineering"
"7","58","58s9",9,0,18,5,0,2,1.57142857142857,2.71428571428571,2.42857142857143,2.28571428571429,2,9,0,0,1,1,1,2,2,1,2,1158,"bystander","target_code_2",1,1,"Humanities","Humanities","Engineering",0,0,"reject","reject","reject","reject","both_reject","ingroup","ingroup","outgroup","outgroup","outgroup","same",1,"Engineering"
"7","58","58s10",10,0,18,5,0,2,1.57142857142857,2.71428571428571,2.42857142857143,2.28571428571429,1,5,0,0,2,0,1,1,0,0,2,1159,"bystander","target_code_1",2,0,"Engineering","Control","Engineering",0,0,"reject","reject","reject","reject","both_reject","outgroup","outgroup","outgroup","ingroup","outgroup","different",0,"Engineering"
"7","58","58s10",10,0,18,5,0,2,1.57142857142857,2.71428571428571,2.42857142857143,2.28571428571429,2,5,0,0,0,2,1,0,1,0,2,1160,"bystander","target_code_2",0,2,"Control","Engineering","Engineering",0,0,"reject","reject","reject","reject","both_reject","outgroup","outgroup","outgroup","outgroup","ingroup","different",0,"Engineering"
"7","59","59s1",1,0,19,4,1,1,2.28571428571429,2.85714285714286,1.71428571428571,1.85714285714286,1,-3,1,0,2,2,2,2,2,1,2,1161,"bystander","target_code_1",2,2,"Engineering","Engineering","Humanities",1,0,"accept","reject","accept","reject","target_accept_other_reject","ingroup","ingroup","outgroup","outgroup","outgroup","same",1,"Humanities"
"7","59","59s1",1,0,19,4,1,1,2.28571428571429,2.85714285714286,1.71428571428571,1.85714285714286,2,1,0,1,2,2,2,2,2,1,2,1162,"bystander","target_code_2",2,2,"Engineering","Engineering","Humanities",0,1,"reject","accept","reject","accept","target_reject_other_accept","ingroup","ingroup","outgroup","outgroup","outgroup","same",1,"Humanities"
"7","59","59s2",2,0,19,4,1,1,2.28571428571429,2.85714285714286,1.71428571428571,1.85714285714286,1,1,0,1,0,1,2,0,1,0,2,1163,"bystander","target_code_1",0,1,"Control","Humanities","Humanities",0,1,"reject","accept","reject","accept","target_reject_other_accept","outgroup","outgroup","outgroup","outgroup","ingroup","different",0,"Humanities"
"7","59","59s2",2,0,19,4,1,1,2.28571428571429,2.85714285714286,1.71428571428571,1.85714285714286,2,-1,1,0,1,0,2,1,0,0,2,1164,"bystander","target_code_2",1,0,"Humanities","Control","Humanities",1,0,"accept","reject","accept","reject","target_accept_other_reject","outgroup","outgroup","outgroup","ingroup","outgroup","different",0,"Humanities"
"7","59","59s3",3,0,19,4,1,1,2.28571428571429,2.85714285714286,1.71428571428571,1.85714285714286,1,-1,0,0,2,0,2,2,0,0,2,1165,"bystander","target_code_1",2,0,"Engineering","Control","Humanities",0,0,"reject","reject","reject","reject","both_reject","ingroup","outgroup","outgroup","outgroup","outgroup","different",0,"Humanities"
"7","59","59s3",3,0,19,4,1,1,2.28571428571429,2.85714285714286,1.71428571428571,1.85714285714286,2,1,0,0,0,2,2,0,2,0,2,1166,"bystander","target_code_2",0,2,"Control","Engineering","Humanities",0,0,"reject","reject","reject","reject","both_reject","outgroup","ingroup","outgroup","outgroup","outgroup","different",0,"Humanities"
"7","59","59s4",4,0,19,4,1,1,2.28571428571429,2.85714285714286,1.71428571428571,1.85714285714286,1,1,0,0,2,1,1,2,1,0,1,1167,"bystander","target_code_1",2,1,"Engineering","Humanities","Humanities",0,0,"reject","reject","reject","reject","both_reject","outgroup","ingroup","ingroup","outgroup","ingroup","different",0,"Humanities"
"7","59","59s4",4,0,19,4,1,1,2.28571428571429,2.85714285714286,1.71428571428571,1.85714285714286,2,-1,0,0,1,2,1,1,2,0,1,1168,"bystander","target_code_2",1,2,"Humanities","Engineering","Humanities",0,0,"reject","reject","reject","reject","both_reject","ingroup","outgroup","ingroup","ingroup","outgroup","different",0,"Humanities"
"7","59","59s5",5,0,19,4,1,1,2.28571428571429,2.85714285714286,1.71428571428571,1.85714285714286,1,-2,0,0,2,0,2,2,0,0,2,1169,"bystander","target_code_1",2,0,"Engineering","Control","Humanities",0,0,"reject","reject","reject","reject","both_reject","ingroup","outgroup","outgroup","outgroup","outgroup","different",0,"Humanities"
"7","59","59s5",5,0,19,4,1,1,2.28571428571429,2.85714285714286,1.71428571428571,1.85714285714286,2,1,0,0,0,2,2,0,2,0,2,1170,"bystander","target_code_2",0,2,"Control","Engineering","Humanities",0,0,"reject","reject","reject","reject","both_reject","outgroup","ingroup","outgroup","outgroup","outgroup","different",0,"Humanities"
"7","60","60s6",6,0,32,1,1,1,2.57142857142857,3.28571428571429,1.57142857142857,2.14285714285714,1,-2,1,0,0,1,2,0,1,0,2,1191,"bystander","target_code_1",0,1,"Control","Humanities","Humanities",1,0,"accept","reject","accept","reject","target_accept_other_reject","outgroup","outgroup","outgroup","outgroup","ingroup","different",0,"Humanities"
"7","60","60s6",6,0,32,1,1,1,2.57142857142857,3.28571428571429,1.57142857142857,2.14285714285714,2,9,0,1,1,0,2,1,0,0,2,1192,"bystander","target_code_2",1,0,"Humanities","Control","Humanities",0,1,"reject","accept","reject","accept","target_reject_other_accept","outgroup","outgroup","outgroup","ingroup","outgroup","different",0,"Humanities"
"7","60","60s7",7,0,32,1,1,1,2.57142857142857,3.28571428571429,1.57142857142857,2.14285714285714,1,-2,1,0,0,0,2,0,0,1,2,1193,"bystander","target_code_1",0,0,"Control","Control","Humanities",1,0,"accept","reject","accept","reject","target_accept_other_reject","outgroup","outgroup","outgroup","outgroup","outgroup","same",1,"Humanities"
"7","60","60s7",7,0,32,1,1,1,2.57142857142857,3.28571428571429,1.57142857142857,2.14285714285714,2,2,0,1,0,0,2,0,0,1,2,1194,"bystander","target_code_2",0,0,"Control","Control","Humanities",0,1,"reject","accept","reject","accept","target_reject_other_accept","outgroup","outgroup","outgroup","outgroup","outgroup","same",1,"Humanities"
"7","60","60s8",8,0,32,1,1,1,2.57142857142857,3.28571428571429,1.57142857142857,2.14285714285714,1,-2,1,0,1,2,1,1,2,0,1,1195,"bystander","target_code_1",1,2,"Humanities","Engineering","Humanities",1,0,"accept","reject","accept","reject","target_accept_other_reject","ingroup","outgroup","ingroup","ingroup","outgroup","different",0,"Humanities"
"7","60","60s8",8,0,32,1,1,1,2.57142857142857,3.28571428571429,1.57142857142857,2.14285714285714,2,2,0,1,2,1,1,2,1,0,1,1196,"bystander","target_code_2",2,1,"Engineering","Humanities","Humanities",0,1,"reject","accept","reject","accept","target_reject_other_accept","outgroup","ingroup","ingroup","outgroup","ingroup","different",0,"Humanities"
"7","60","60s9",9,0,32,1,1,1,2.57142857142857,3.28571428571429,1.57142857142857,2.14285714285714,1,9,0,0,1,0,2,1,0,0,2,1197,"bystander","target_code_1",1,0,"Humanities","Control","Humanities",0,0,"reject","reject","reject","reject","both_reject","outgroup","outgroup","outgroup","ingroup","outgroup","different",0,"Humanities"
"7","60","60s9",9,0,32,1,1,1,2.57142857142857,3.28571428571429,1.57142857142857,2.14285714285714,2,9,0,0,0,1,2,0,1,0,2,1198,"bystander","target_code_2",0,1,"Control","Humanities","Humanities",0,0,"reject","reject","reject","reject","both_reject","outgroup","outgroup","outgroup","outgroup","ingroup","different",0,"Humanities"
"7","60","60s10",10,0,32,1,1,1,2.57142857142857,3.28571428571429,1.57142857142857,2.14285714285714,1,-2,1,0,0,2,2,0,2,0,2,1199,"bystander","target_code_1",0,2,"Control","Engineering","Humanities",1,0,"accept","reject","accept","reject","target_accept_other_reject","outgroup","ingroup","outgroup","outgroup","outgroup","different",0,"Humanities"
"7","60","60s10",10,0,32,1,1,1,2.57142857142857,3.28571428571429,1.57142857142857,2.14285714285714,2,2,0,1,2,0,2,2,0,0,2,1200,"bystander","target_code_2",2,0,"Engineering","Control","Humanities",0,1,"reject","accept","reject","accept","target_reject_other_accept","ingroup","outgroup","outgroup","outgroup","outgroup","different",0,"Humanities"
"7","61","61s6",6,0,18,1,1,1,1.71428571428571,2.57142857142857,2.57142857142857,1.14285714285714,1,-9,1,0,2,2,1,2,2,1,1,1211,"bystander","target_code_1",2,2,"Engineering","Engineering","Humanities",1,0,"accept","reject","accept","reject","target_accept_other_reject","outgroup","outgroup","ingroup","outgroup","outgroup","same",1,"Humanities"
"7","61","61s6",6,0,18,1,1,1,1.71428571428571,2.57142857142857,2.57142857142857,1.14285714285714,2,8,0,1,2,2,1,2,2,1,1,1212,"bystander","target_code_2",2,2,"Engineering","Engineering","Humanities",0,1,"reject","accept","reject","accept","target_reject_other_accept","outgroup","outgroup","ingroup","outgroup","outgroup","same",1,"Humanities"
"7","61","61s7",7,0,18,1,1,1,1.71428571428571,2.57142857142857,2.57142857142857,1.14285714285714,1,-9,1,1,0,1,1,0,1,0,1,1213,"bystander","target_code_1",0,1,"Control","Humanities","Humanities",1,1,"accept","accept","accept","accept","both_accept","outgroup","ingroup","ingroup","outgroup","ingroup","different",0,"Humanities"
"7","61","61s7",7,0,18,1,1,1,1.71428571428571,2.57142857142857,2.57142857142857,1.14285714285714,2,-9,1,1,1,0,1,1,0,0,1,1214,"bystander","target_code_2",1,0,"Humanities","Control","Humanities",1,1,"accept","accept","accept","accept","both_accept","ingroup","outgroup","ingroup","ingroup","outgroup","different",0,"Humanities"
"7","61","61s8",8,0,18,1,1,1,1.71428571428571,2.57142857142857,2.57142857142857,1.14285714285714,1,9,0,0,1,0,2,1,0,0,2,1215,"bystander","target_code_1",1,0,"Humanities","Control","Humanities",0,0,"reject","reject","reject","reject","both_reject","outgroup","outgroup","outgroup","ingroup","outgroup","different",0,"Humanities"
"7","61","61s8",8,0,18,1,1,1,1.71428571428571,2.57142857142857,2.57142857142857,1.14285714285714,2,9,0,0,0,1,2,0,1,0,2,1216,"bystander","target_code_2",0,1,"Control","Humanities","Humanities",0,0,"reject","reject","reject","reject","both_reject","outgroup","outgroup","outgroup","outgroup","ingroup","different",0,"Humanities"
"7","61","61s9",9,0,18,1,1,1,1.71428571428571,2.57142857142857,2.57142857142857,1.14285714285714,1,-9,1,0,0,1,2,0,1,0,2,1217,"bystander","target_code_1",0,1,"Control","Humanities","Humanities",1,0,"accept","reject","accept","reject","target_accept_other_reject","outgroup","outgroup","outgroup","outgroup","ingroup","different",0,"Humanities"
"7","61","61s9",9,0,18,1,1,1,1.71428571428571,2.57142857142857,2.57142857142857,1.14285714285714,2,9,0,1,1,0,2,1,0,0,2,1218,"bystander","target_code_2",1,0,"Humanities","Control","Humanities",0,1,"reject","accept","reject","accept","target_reject_other_accept","outgroup","outgroup","outgroup","ingroup","outgroup","different",0,"Humanities"
"7","61","61s10",10,0,18,1,1,1,1.71428571428571,2.57142857142857,2.57142857142857,1.14285714285714,1,-9,1,1,0,1,2,0,1,0,2,1219,"bystander","target_code_1",0,1,"Control","Humanities","Humanities",1,1,"accept","accept","accept","accept","both_accept","outgroup","outgroup","outgroup","outgroup","ingroup","different",0,"Humanities"
"7","61","61s10",10,0,18,1,1,1,1.71428571428571,2.57142857142857,2.57142857142857,1.14285714285714,2,-9,1,1,1,0,2,1,0,0,2,1220,"bystander","target_code_2",1,0,"Humanities","Control","Humanities",1,1,"accept","accept","accept","accept","both_accept","outgroup","outgroup","outgroup","ingroup","outgroup","different",0,"Humanities"
"7","62","62s1",1,0,18,2,1,1,1.71428571428571,3.28571428571429,2.71428571428571,2.85714285714286,1,4,0,0,0,1,1,0,1,0,1,1221,"bystander","target_code_1",0,1,"Control","Humanities","Humanities",0,0,"reject","reject","reject","reject","both_reject","outgroup","ingroup","ingroup","outgroup","ingroup","different",0,"Humanities"
"7","62","62s1",1,0,18,2,1,1,1.71428571428571,3.28571428571429,2.71428571428571,2.85714285714286,2,4,0,0,1,0,1,1,0,0,1,1222,"bystander","target_code_2",1,0,"Humanities","Control","Humanities",0,0,"reject","reject","reject","reject","both_reject","ingroup","outgroup","ingroup","ingroup","outgroup","different",0,"Humanities"
"7","62","62s2",2,0,18,2,1,1,1.71428571428571,3.28571428571429,2.71428571428571,2.85714285714286,1,3,1,1,1,0,2,1,0,0,2,1223,"bystander","target_code_1",1,0,"Humanities","Control","Humanities",1,1,"accept","accept","accept","accept","both_accept","outgroup","outgroup","outgroup","ingroup","outgroup","different",0,"Humanities"
"7","62","62s2",2,0,18,2,1,1,1.71428571428571,3.28571428571429,2.71428571428571,2.85714285714286,2,3,1,1,0,1,2,0,1,0,2,1224,"bystander","target_code_2",0,1,"Control","Humanities","Humanities",1,1,"accept","accept","accept","accept","both_accept","outgroup","outgroup","outgroup","outgroup","ingroup","different",0,"Humanities"
"7","62","62s3",3,0,18,2,1,1,1.71428571428571,3.28571428571429,2.71428571428571,2.85714285714286,1,-5,1,0,1,0,2,1,0,0,2,1225,"bystander","target_code_1",1,0,"Humanities","Control","Humanities",1,0,"accept","reject","accept","reject","target_accept_other_reject","outgroup","outgroup","outgroup","ingroup","outgroup","different",0,"Humanities"
"7","62","62s3",3,0,18,2,1,1,1.71428571428571,3.28571428571429,2.71428571428571,2.85714285714286,2,4,0,1,0,1,2,0,1,0,2,1226,"bystander","target_code_2",0,1,"Control","Humanities","Humanities",0,1,"reject","accept","reject","accept","target_reject_other_accept","outgroup","outgroup","outgroup","outgroup","ingroup","different",0,"Humanities"
"7","62","62s4",4,0,18,2,1,1,1.71428571428571,3.28571428571429,2.71428571428571,2.85714285714286,1,-6,1,0,1,0,2,1,0,0,2,1227,"bystander","target_code_1",1,0,"Humanities","Control","Humanities",1,0,"accept","reject","accept","reject","target_accept_other_reject","outgroup","outgroup","outgroup","ingroup","outgroup","different",0,"Humanities"
"7","62","62s4",4,0,18,2,1,1,1.71428571428571,3.28571428571429,2.71428571428571,2.85714285714286,2,5,0,1,0,1,2,0,1,0,2,1228,"bystander","target_code_2",0,1,"Control","Humanities","Humanities",0,1,"reject","accept","reject","accept","target_reject_other_accept","outgroup","outgroup","outgroup","outgroup","ingroup","different",0,"Humanities"
"7","62","62s5",5,0,18,2,1,1,1.71428571428571,3.28571428571429,2.71428571428571,2.85714285714286,1,9,0,0,2,2,2,2,2,1,2,1229,"bystander","target_code_1",2,2,"Engineering","Engineering","Humanities",0,0,"reject","reject","reject","reject","both_reject","ingroup","ingroup","outgroup","outgroup","outgroup","same",1,"Humanities"
"7","62","62s5",5,0,18,2,1,1,1.71428571428571,3.28571428571429,2.71428571428571,2.85714285714286,2,9,0,0,2,2,2,2,2,1,2,1230,"bystander","target_code_2",2,2,"Engineering","Engineering","Humanities",0,0,"reject","reject","reject","reject","both_reject","ingroup","ingroup","outgroup","outgroup","outgroup","same",1,"Humanities"
"7","63","63s6",6,0,25,2,0,1,1.42857142857143,2.85714285714286,1.85714285714286,1.42857142857143,1,0,0,0,2,0,2,2,0,0,2,1251,"bystander","target_code_1",2,0,"Engineering","Control","Humanities",0,0,"reject","reject","reject","reject","both_reject","ingroup","outgroup","outgroup","outgroup","outgroup","different",0,"Humanities"
"7","63","63s6",6,0,25,2,0,1,1.42857142857143,2.85714285714286,1.85714285714286,1.42857142857143,2,0,0,0,0,2,2,0,2,0,2,1252,"bystander","target_code_2",0,2,"Control","Engineering","Humanities",0,0,"reject","reject","reject","reject","both_reject","outgroup","ingroup","outgroup","outgroup","outgroup","different",0,"Humanities"
"7","63","63s7",7,0,25,2,0,1,1.42857142857143,2.85714285714286,1.85714285714286,1.42857142857143,1,9,1,0,0,0,1,0,0,1,1,1253,"bystander","target_code_1",0,0,"Control","Control","Humanities",1,0,"accept","reject","accept","reject","target_accept_other_reject","outgroup","outgroup","ingroup","outgroup","outgroup","same",1,"Humanities"
"7","63","63s7",7,0,25,2,0,1,1.42857142857143,2.85714285714286,1.85714285714286,1.42857142857143,2,-9,0,1,0,0,1,0,0,1,1,1254,"bystander","target_code_2",0,0,"Control","Control","Humanities",0,1,"reject","accept","reject","accept","target_reject_other_accept","outgroup","outgroup","ingroup","outgroup","outgroup","same",1,"Humanities"
"7","63","63s8",8,0,25,2,0,1,1.42857142857143,2.85714285714286,1.85714285714286,1.42857142857143,1,-9,1,0,2,0,1,2,0,0,1,1255,"bystander","target_code_1",2,0,"Engineering","Control","Humanities",1,0,"accept","reject","accept","reject","target_accept_other_reject","outgroup","outgroup","ingroup","outgroup","outgroup","different",0,"Humanities"
"7","63","63s8",8,0,25,2,0,1,1.42857142857143,2.85714285714286,1.85714285714286,1.42857142857143,2,3,0,1,0,2,1,0,2,0,1,1256,"bystander","target_code_2",0,2,"Control","Engineering","Humanities",0,1,"reject","accept","reject","accept","target_reject_other_accept","outgroup","outgroup","ingroup","outgroup","outgroup","different",0,"Humanities"
"7","63","63s9",9,0,25,2,0,1,1.42857142857143,2.85714285714286,1.85714285714286,1.42857142857143,1,0,0,1,1,1,1,1,1,1,1,1257,"bystander","target_code_1",1,1,"Humanities","Humanities","Humanities",0,1,"reject","accept","reject","accept","target_reject_other_accept","ingroup","ingroup","ingroup","ingroup","ingroup","same",1,"Humanities"
"7","63","63s9",9,0,25,2,0,1,1.42857142857143,2.85714285714286,1.85714285714286,1.42857142857143,2,0,1,0,1,1,1,1,1,1,1,1258,"bystander","target_code_2",1,1,"Humanities","Humanities","Humanities",1,0,"accept","reject","accept","reject","target_accept_other_reject","ingroup","ingroup","ingroup","ingroup","ingroup","same",1,"Humanities"
"7","63","63s10",10,0,25,2,0,1,1.42857142857143,2.85714285714286,1.85714285714286,1.42857142857143,1,9,1,1,0,1,1,0,1,0,1,1259,"bystander","target_code_1",0,1,"Control","Humanities","Humanities",1,1,"accept","accept","accept","accept","both_accept","outgroup","ingroup","ingroup","outgroup","ingroup","different",0,"Humanities"
"7","63","63s10",10,0,25,2,0,1,1.42857142857143,2.85714285714286,1.85714285714286,1.42857142857143,2,-9,1,1,1,0,1,1,0,0,1,1260,"bystander","target_code_2",1,0,"Humanities","Control","Humanities",1,1,"accept","accept","accept","accept","both_accept","ingroup","outgroup","ingroup","ingroup","outgroup","different",0,"Humanities"
"8","64","64s6",6,0,18,1,0,1,3.85714285714286,4,3.28571428571429,2,1,9,0,0,2,1,2,2,1,0,2,1271,"bystander","target_code_1",2,1,"Engineering","Humanities","Humanities",0,0,"reject","reject","reject","reject","both_reject","ingroup","outgroup","outgroup","outgroup","ingroup","different",0,"Humanities"
"8","64","64s6",6,0,18,1,0,1,3.85714285714286,4,3.28571428571429,2,2,9,0,0,1,2,2,1,2,0,2,1272,"bystander","target_code_2",1,2,"Humanities","Engineering","Humanities",0,0,"reject","reject","reject","reject","both_reject","outgroup","ingroup","outgroup","ingroup","outgroup","different",0,"Humanities"
"8","64","64s7",7,0,18,1,0,1,3.85714285714286,4,3.28571428571429,2,1,9,0,1,2,1,1,2,1,0,1,1273,"bystander","target_code_1",2,1,"Engineering","Humanities","Humanities",0,1,"reject","accept","reject","accept","target_reject_other_accept","outgroup","ingroup","ingroup","outgroup","ingroup","different",0,"Humanities"
"8","64","64s7",7,0,18,1,0,1,3.85714285714286,4,3.28571428571429,2,2,-9,1,0,1,2,1,1,2,0,1,1274,"bystander","target_code_2",1,2,"Humanities","Engineering","Humanities",1,0,"accept","reject","accept","reject","target_accept_other_reject","ingroup","outgroup","ingroup","ingroup","outgroup","different",0,"Humanities"
"8","64","64s8",8,0,18,1,0,1,3.85714285714286,4,3.28571428571429,2,1,-9,1,1,1,0,2,1,0,0,2,1275,"bystander","target_code_1",1,0,"Humanities","Control","Humanities",1,1,"accept","accept","accept","accept","both_accept","outgroup","outgroup","outgroup","ingroup","outgroup","different",0,"Humanities"
"8","64","64s8",8,0,18,1,0,1,3.85714285714286,4,3.28571428571429,2,2,-9,1,1,0,1,2,0,1,0,2,1276,"bystander","target_code_2",0,1,"Control","Humanities","Humanities",1,1,"accept","accept","accept","accept","both_accept","outgroup","outgroup","outgroup","outgroup","ingroup","different",0,"Humanities"
"8","64","64s9",9,0,18,1,0,1,3.85714285714286,4,3.28571428571429,2,1,9,0,1,1,2,1,1,2,0,1,1277,"bystander","target_code_1",1,2,"Humanities","Engineering","Humanities",0,1,"reject","accept","reject","accept","target_reject_other_accept","ingroup","outgroup","ingroup","ingroup","outgroup","different",0,"Humanities"
"8","64","64s9",9,0,18,1,0,1,3.85714285714286,4,3.28571428571429,2,2,-9,1,0,2,1,1,2,1,0,1,1278,"bystander","target_code_2",2,1,"Engineering","Humanities","Humanities",1,0,"accept","reject","accept","reject","target_accept_other_reject","outgroup","ingroup","ingroup","outgroup","ingroup","different",0,"Humanities"
"8","64","64s10",10,0,18,1,0,1,3.85714285714286,4,3.28571428571429,2,1,-9,1,1,2,0,1,2,0,0,1,1279,"bystander","target_code_1",2,0,"Engineering","Control","Humanities",1,1,"accept","accept","accept","accept","both_accept","outgroup","outgroup","ingroup","outgroup","outgroup","different",0,"Humanities"
"8","64","64s10",10,0,18,1,0,1,3.85714285714286,4,3.28571428571429,2,2,-9,1,1,0,2,1,0,2,0,1,1280,"bystander","target_code_2",0,2,"Control","Engineering","Humanities",1,1,"accept","accept","accept","accept","both_accept","outgroup","outgroup","ingroup","outgroup","outgroup","different",0,"Humanities"
"8","65","65s1",1,0,42,2,0,1,3.14285714285714,3.71428571428571,3.71428571428571,0.714285714285714,1,9,1,0,2,0,2,2,0,0,2,1281,"bystander","target_code_1",2,0,"Engineering","Control","Humanities",1,0,"accept","reject","accept","reject","target_accept_other_reject","ingroup","outgroup","outgroup","outgroup","outgroup","different",0,"Humanities"
"8","65","65s1",1,0,42,2,0,1,3.14285714285714,3.71428571428571,3.71428571428571,0.714285714285714,2,0,0,1,0,2,2,0,2,0,2,1282,"bystander","target_code_2",0,2,"Control","Engineering","Humanities",0,1,"reject","accept","reject","accept","target_reject_other_accept","outgroup","ingroup","outgroup","outgroup","outgroup","different",0,"Humanities"
"8","65","65s2",2,0,42,2,0,1,3.14285714285714,3.71428571428571,3.71428571428571,0.714285714285714,1,9,0,0,1,0,2,1,0,0,2,1283,"bystander","target_code_1",1,0,"Humanities","Control","Humanities",0,0,"reject","reject","reject","reject","both_reject","outgroup","outgroup","outgroup","ingroup","outgroup","different",0,"Humanities"
"8","65","65s2",2,0,42,2,0,1,3.14285714285714,3.71428571428571,3.71428571428571,0.714285714285714,2,9,0,0,0,1,2,0,1,0,2,1284,"bystander","target_code_2",0,1,"Control","Humanities","Humanities",0,0,"reject","reject","reject","reject","both_reject","outgroup","outgroup","outgroup","outgroup","ingroup","different",0,"Humanities"
"8","65","65s3",3,0,42,2,0,1,3.14285714285714,3.71428571428571,3.71428571428571,0.714285714285714,1,6,1,0,1,2,2,1,2,0,2,1285,"bystander","target_code_1",1,2,"Humanities","Engineering","Humanities",1,0,"accept","reject","accept","reject","target_accept_other_reject","outgroup","ingroup","outgroup","ingroup","outgroup","different",0,"Humanities"
"8","65","65s3",3,0,42,2,0,1,3.14285714285714,3.71428571428571,3.71428571428571,0.714285714285714,2,2,0,1,2,1,2,2,1,0,2,1286,"bystander","target_code_2",2,1,"Engineering","Humanities","Humanities",0,1,"reject","accept","reject","accept","target_reject_other_accept","ingroup","outgroup","outgroup","outgroup","ingroup","different",0,"Humanities"
"8","65","65s4",4,0,42,2,0,1,3.14285714285714,3.71428571428571,3.71428571428571,0.714285714285714,1,0,0,0,1,0,1,1,0,0,1,1287,"bystander","target_code_1",1,0,"Humanities","Control","Humanities",0,0,"reject","reject","reject","reject","both_reject","ingroup","outgroup","ingroup","ingroup","outgroup","different",0,"Humanities"
"8","65","65s4",4,0,42,2,0,1,3.14285714285714,3.71428571428571,3.71428571428571,0.714285714285714,2,5,0,0,0,1,1,0,1,0,1,1288,"bystander","target_code_2",0,1,"Control","Humanities","Humanities",0,0,"reject","reject","reject","reject","both_reject","outgroup","ingroup","ingroup","outgroup","ingroup","different",0,"Humanities"
"8","65","65s5",5,0,42,2,0,1,3.14285714285714,3.71428571428571,3.71428571428571,0.714285714285714,1,9,0,0,2,1,2,2,1,0,2,1289,"bystander","target_code_1",2,1,"Engineering","Humanities","Humanities",0,0,"reject","reject","reject","reject","both_reject","ingroup","outgroup","outgroup","outgroup","ingroup","different",0,"Humanities"
"8","65","65s5",5,0,42,2,0,1,3.14285714285714,3.71428571428571,3.71428571428571,0.714285714285714,2,9,0,0,1,2,2,1,2,0,2,1290,"bystander","target_code_2",1,2,"Humanities","Engineering","Humanities",0,0,"reject","reject","reject","reject","both_reject","outgroup","ingroup","outgroup","ingroup","outgroup","different",0,"Humanities"
"8","66","66s6",6,0,18,3,1,1,3.14285714285714,3,2.57142857142857,1.85714285714286,1,-8,1,0,0,2,1,0,2,0,1,1311,"bystander","target_code_1",0,2,"Control","Engineering","Humanities",1,0,"accept","reject","accept","reject","target_accept_other_reject","outgroup","outgroup","ingroup","outgroup","outgroup","different",0,"Humanities"
"8","66","66s6",6,0,18,3,1,1,3.14285714285714,3,2.57142857142857,1.85714285714286,2,9,0,1,2,0,1,2,0,0,1,1312,"bystander","target_code_2",2,0,"Engineering","Control","Humanities",0,1,"reject","accept","reject","accept","target_reject_other_accept","outgroup","outgroup","ingroup","outgroup","outgroup","different",0,"Humanities"
"8","66","66s7",7,0,18,3,1,1,3.14285714285714,3,2.57142857142857,1.85714285714286,1,-9,1,1,0,0,1,0,0,1,1,1313,"bystander","target_code_1",0,0,"Control","Control","Humanities",1,1,"accept","accept","accept","accept","both_accept","outgroup","outgroup","ingroup","outgroup","outgroup","same",1,"Humanities"
"8","66","66s7",7,0,18,3,1,1,3.14285714285714,3,2.57142857142857,1.85714285714286,2,-9,1,1,0,0,1,0,0,1,1,1314,"bystander","target_code_2",0,0,"Control","Control","Humanities",1,1,"accept","accept","accept","accept","both_accept","outgroup","outgroup","ingroup","outgroup","outgroup","same",1,"Humanities"
"8","66","66s8",8,0,18,3,1,1,3.14285714285714,3,2.57142857142857,1.85714285714286,1,-9,1,1,1,2,1,1,2,0,1,1315,"bystander","target_code_1",1,2,"Humanities","Engineering","Humanities",1,1,"accept","accept","accept","accept","both_accept","ingroup","outgroup","ingroup","ingroup","outgroup","different",0,"Humanities"
"8","66","66s8",8,0,18,3,1,1,3.14285714285714,3,2.57142857142857,1.85714285714286,2,-9,1,1,2,1,1,2,1,0,1,1316,"bystander","target_code_2",2,1,"Engineering","Humanities","Humanities",1,1,"accept","accept","accept","accept","both_accept","outgroup","ingroup","ingroup","outgroup","ingroup","different",0,"Humanities"
"8","66","66s9",9,0,18,3,1,1,3.14285714285714,3,2.57142857142857,1.85714285714286,1,-9,1,1,2,0,2,2,0,0,2,1317,"bystander","target_code_1",2,0,"Engineering","Control","Humanities",1,1,"accept","accept","accept","accept","both_accept","ingroup","outgroup","outgroup","outgroup","outgroup","different",0,"Humanities"
"8","66","66s9",9,0,18,3,1,1,3.14285714285714,3,2.57142857142857,1.85714285714286,2,-9,1,1,0,2,2,0,2,0,2,1318,"bystander","target_code_2",0,2,"Control","Engineering","Humanities",1,1,"accept","accept","accept","accept","both_accept","outgroup","ingroup","outgroup","outgroup","outgroup","different",0,"Humanities"
"8","66","66s10",10,0,18,3,1,1,3.14285714285714,3,2.57142857142857,1.85714285714286,1,9,0,1,1,1,1,1,1,1,1,1319,"bystander","target_code_1",1,1,"Humanities","Humanities","Humanities",0,1,"reject","accept","reject","accept","target_reject_other_accept","ingroup","ingroup","ingroup","ingroup","ingroup","same",1,"Humanities"
"8","66","66s10",10,0,18,3,1,1,3.14285714285714,3,2.57142857142857,1.85714285714286,2,-9,1,0,1,1,1,1,1,1,1,1320,"bystander","target_code_2",1,1,"Humanities","Humanities","Humanities",1,0,"accept","reject","accept","reject","target_accept_other_reject","ingroup","ingroup","ingroup","ingroup","ingroup","same",1,"Humanities"
"8","67","67s1",1,0,18,1,1,2,3.28571428571429,3,2.57142857142857,2.14285714285714,1,5,1,1,0,0,2,0,0,1,1,1321,"bystander","target_code_1",0,0,"Control","Control","Engineering",1,1,"accept","accept","accept","accept","both_accept","outgroup","outgroup","ingroup","outgroup","outgroup","same",1,"Engineering"
"8","67","67s1",1,0,18,1,1,2,3.28571428571429,3,2.57142857142857,2.14285714285714,2,5,1,1,0,0,2,0,0,1,1,1322,"bystander","target_code_2",0,0,"Control","Control","Engineering",1,1,"accept","accept","accept","accept","both_accept","outgroup","outgroup","ingroup","outgroup","outgroup","same",1,"Engineering"
"8","67","67s2",2,0,18,1,1,2,3.28571428571429,3,2.57142857142857,2.14285714285714,1,9,0,0,1,0,2,2,0,0,1,1323,"bystander","target_code_1",1,0,"Humanities","Control","Engineering",0,0,"reject","reject","reject","reject","both_reject","outgroup","outgroup","ingroup","outgroup","outgroup","different",0,"Engineering"
"8","67","67s2",2,0,18,1,1,2,3.28571428571429,3,2.57142857142857,2.14285714285714,2,9,0,0,0,1,2,0,2,0,1,1324,"bystander","target_code_2",0,1,"Control","Humanities","Engineering",0,0,"reject","reject","reject","reject","both_reject","outgroup","outgroup","ingroup","outgroup","outgroup","different",0,"Engineering"
"8","67","67s3",3,0,18,1,1,2,3.28571428571429,3,2.57142857142857,2.14285714285714,1,4,1,1,1,2,2,2,1,0,1,1325,"bystander","target_code_1",1,2,"Humanities","Engineering","Engineering",1,1,"accept","accept","accept","accept","both_accept","outgroup","ingroup","ingroup","outgroup","ingroup","different",0,"Engineering"
"8","67","67s3",3,0,18,1,1,2,3.28571428571429,3,2.57142857142857,2.14285714285714,2,4,1,1,2,1,2,1,2,0,1,1326,"bystander","target_code_2",2,1,"Engineering","Humanities","Engineering",1,1,"accept","accept","accept","accept","both_accept","ingroup","outgroup","ingroup","ingroup","outgroup","different",0,"Engineering"
"8","67","67s4",4,0,18,1,1,2,3.28571428571429,3,2.57142857142857,2.14285714285714,1,0,1,0,0,0,1,0,0,1,2,1327,"bystander","target_code_1",0,0,"Control","Control","Engineering",1,0,"accept","reject","accept","reject","target_accept_other_reject","outgroup","outgroup","outgroup","outgroup","outgroup","same",1,"Engineering"
"8","67","67s4",4,0,18,1,1,2,3.28571428571429,3,2.57142857142857,2.14285714285714,2,9,0,1,0,0,1,0,0,1,2,1328,"bystander","target_code_2",0,0,"Control","Control","Engineering",0,1,"reject","accept","reject","accept","target_reject_other_accept","outgroup","outgroup","outgroup","outgroup","outgroup","same",1,"Engineering"
"8","67","67s5",5,0,18,1,1,2,3.28571428571429,3,2.57142857142857,2.14285714285714,1,9,0,1,0,2,2,0,1,0,1,1329,"bystander","target_code_1",0,2,"Control","Engineering","Engineering",0,1,"reject","accept","reject","accept","target_reject_other_accept","outgroup","ingroup","ingroup","outgroup","ingroup","different",0,"Engineering"
"8","67","67s5",5,0,18,1,1,2,3.28571428571429,3,2.57142857142857,2.14285714285714,2,0,1,0,2,0,2,1,0,0,1,1330,"bystander","target_code_2",2,0,"Engineering","Control","Engineering",1,0,"accept","reject","accept","reject","target_accept_other_reject","ingroup","outgroup","ingroup","ingroup","outgroup","different",0,"Engineering"
"8","68","68s6",6,0,18,3,0,2,1.57142857142857,2.57142857142857,1.57142857142857,1.71428571428571,1,2,1,0,0,0,2,0,0,1,1,1351,"bystander","target_code_1",0,0,"Control","Control","Engineering",1,0,"accept","reject","accept","reject","target_accept_other_reject","outgroup","outgroup","ingroup","outgroup","outgroup","same",1,"Engineering"
"8","68","68s6",6,0,18,3,0,2,1.57142857142857,2.57142857142857,1.57142857142857,1.71428571428571,2,9,0,1,0,0,2,0,0,1,1,1352,"bystander","target_code_2",0,0,"Control","Control","Engineering",0,1,"reject","accept","reject","accept","target_reject_other_accept","outgroup","outgroup","ingroup","outgroup","outgroup","same",1,"Engineering"
"8","68","68s7",7,0,18,3,0,2,1.57142857142857,2.57142857142857,1.57142857142857,1.71428571428571,1,9,0,0,1,1,2,2,2,1,1,1353,"bystander","target_code_1",1,1,"Humanities","Humanities","Engineering",0,0,"reject","reject","reject","reject","both_reject","outgroup","outgroup","ingroup","outgroup","outgroup","same",1,"Engineering"
"8","68","68s7",7,0,18,3,0,2,1.57142857142857,2.57142857142857,1.57142857142857,1.71428571428571,2,9,0,0,1,1,2,2,2,1,1,1354,"bystander","target_code_2",1,1,"Humanities","Humanities","Engineering",0,0,"reject","reject","reject","reject","both_reject","outgroup","outgroup","ingroup","outgroup","outgroup","same",1,"Engineering"
"8","68","68s8",8,0,18,3,0,2,1.57142857142857,2.57142857142857,1.57142857142857,1.71428571428571,1,2,1,1,1,0,2,2,0,0,1,1355,"bystander","target_code_1",1,0,"Humanities","Control","Engineering",1,1,"accept","accept","accept","accept","both_accept","outgroup","outgroup","ingroup","outgroup","outgroup","different",0,"Engineering"
"8","68","68s8",8,0,18,3,0,2,1.57142857142857,2.57142857142857,1.57142857142857,1.71428571428571,2,2,1,1,0,1,2,0,2,0,1,1356,"bystander","target_code_2",0,1,"Control","Humanities","Engineering",1,1,"accept","accept","accept","accept","both_accept","outgroup","outgroup","ingroup","outgroup","outgroup","different",0,"Engineering"
"8","68","68s9",9,0,18,3,0,2,1.57142857142857,2.57142857142857,1.57142857142857,1.71428571428571,1,9,0,1,2,2,1,1,1,1,2,1357,"bystander","target_code_1",2,2,"Engineering","Engineering","Engineering",0,1,"reject","accept","reject","accept","target_reject_other_accept","outgroup","outgroup","outgroup","ingroup","ingroup","same",1,"Engineering"
"8","68","68s9",9,0,18,3,0,2,1.57142857142857,2.57142857142857,1.57142857142857,1.71428571428571,2,2,1,0,2,2,1,1,1,1,2,1358,"bystander","target_code_2",2,2,"Engineering","Engineering","Engineering",1,0,"accept","reject","accept","reject","target_accept_other_reject","outgroup","outgroup","outgroup","ingroup","ingroup","same",1,"Engineering"
"8","68","68s10",10,0,18,3,0,2,1.57142857142857,2.57142857142857,1.57142857142857,1.71428571428571,1,8,0,0,2,2,2,1,1,1,1,1359,"bystander","target_code_1",2,2,"Engineering","Engineering","Engineering",0,0,"reject","reject","reject","reject","both_reject","ingroup","ingroup","ingroup","ingroup","ingroup","same",1,"Engineering"
"8","68","68s10",10,0,18,3,0,2,1.57142857142857,2.57142857142857,1.57142857142857,1.71428571428571,2,8,0,0,2,2,2,1,1,1,1,1360,"bystander","target_code_2",2,2,"Engineering","Engineering","Engineering",0,0,"reject","reject","reject","reject","both_reject","ingroup","ingroup","ingroup","ingroup","ingroup","same",1,"Engineering"
"8","69","69s1",1,0,18,3,1,2,1.85714285714286,2.28571428571429,3.57142857142857,2.14285714285714,1,5,1,1,0,2,2,0,1,0,1,1361,"bystander","target_code_1",0,2,"Control","Engineering","Engineering",1,1,"accept","accept","accept","accept","both_accept","outgroup","ingroup","ingroup","outgroup","ingroup","different",0,"Engineering"
"8","69","69s1",1,0,18,3,1,2,1.85714285714286,2.28571428571429,3.57142857142857,2.14285714285714,2,5,1,1,2,0,2,1,0,0,1,1362,"bystander","target_code_2",2,0,"Engineering","Control","Engineering",1,1,"accept","accept","accept","accept","both_accept","ingroup","outgroup","ingroup","ingroup","outgroup","different",0,"Engineering"
"8","69","69s2",2,0,18,3,1,2,1.85714285714286,2.28571428571429,3.57142857142857,2.14285714285714,1,5,0,1,2,2,2,1,1,1,1,1363,"bystander","target_code_1",2,2,"Engineering","Engineering","Engineering",0,1,"reject","accept","reject","accept","target_reject_other_accept","ingroup","ingroup","ingroup","ingroup","ingroup","same",1,"Engineering"
"8","69","69s2",2,0,18,3,1,2,1.85714285714286,2.28571428571429,3.57142857142857,2.14285714285714,2,5,1,0,2,2,2,1,1,1,1,1364,"bystander","target_code_2",2,2,"Engineering","Engineering","Engineering",1,0,"accept","reject","accept","reject","target_accept_other_reject","ingroup","ingroup","ingroup","ingroup","ingroup","same",1,"Engineering"
"8","69","69s3",3,0,18,3,1,2,1.85714285714286,2.28571428571429,3.57142857142857,2.14285714285714,1,5,0,1,0,0,1,0,0,1,2,1365,"bystander","target_code_1",0,0,"Control","Control","Engineering",0,1,"reject","accept","reject","accept","target_reject_other_accept","outgroup","outgroup","outgroup","outgroup","outgroup","same",1,"Engineering"
"8","69","69s3",3,0,18,3,1,2,1.85714285714286,2.28571428571429,3.57142857142857,2.14285714285714,2,5,1,0,0,0,1,0,0,1,2,1366,"bystander","target_code_2",0,0,"Control","Control","Engineering",1,0,"accept","reject","accept","reject","target_accept_other_reject","outgroup","outgroup","outgroup","outgroup","outgroup","same",1,"Engineering"
"8","69","69s4",4,0,18,3,1,2,1.85714285714286,2.28571428571429,3.57142857142857,2.14285714285714,1,7,0,0,0,2,1,0,1,0,2,1367,"bystander","target_code_1",0,2,"Control","Engineering","Engineering",0,0,"reject","reject","reject","reject","both_reject","outgroup","outgroup","outgroup","outgroup","ingroup","different",0,"Engineering"
"8","69","69s4",4,0,18,3,1,2,1.85714285714286,2.28571428571429,3.57142857142857,2.14285714285714,2,7,0,0,2,0,1,1,0,0,2,1368,"bystander","target_code_2",2,0,"Engineering","Control","Engineering",0,0,"reject","reject","reject","reject","both_reject","outgroup","outgroup","outgroup","ingroup","outgroup","different",0,"Engineering"
"8","69","69s5",5,0,18,3,1,2,1.85714285714286,2.28571428571429,3.57142857142857,2.14285714285714,1,9,1,0,1,1,2,2,2,1,1,1369,"bystander","target_code_1",1,1,"Humanities","Humanities","Engineering",1,0,"accept","reject","accept","reject","target_accept_other_reject","outgroup","outgroup","ingroup","outgroup","outgroup","same",1,"Engineering"
"8","69","69s5",5,0,18,3,1,2,1.85714285714286,2.28571428571429,3.57142857142857,2.14285714285714,2,4,0,1,1,1,2,2,2,1,1,1370,"bystander","target_code_2",1,1,"Humanities","Humanities","Engineering",0,1,"reject","accept","reject","accept","target_reject_other_accept","outgroup","outgroup","ingroup","outgroup","outgroup","same",1,"Engineering"
"8","70","70s6",6,0,18,2,1,2,3,2.57142857142857,3.42857142857143,2,1,-9,1,1,2,1,2,1,2,0,1,1391,"bystander","target_code_1",2,1,"Engineering","Humanities","Engineering",1,1,"accept","accept","accept","accept","both_accept","ingroup","outgroup","ingroup","ingroup","outgroup","different",0,"Engineering"
"8","70","70s6",6,0,18,2,1,2,3,2.57142857142857,3.42857142857143,2,2,-9,1,1,1,2,2,2,1,0,1,1392,"bystander","target_code_2",1,2,"Humanities","Engineering","Engineering",1,1,"accept","accept","accept","accept","both_accept","outgroup","ingroup","ingroup","outgroup","ingroup","different",0,"Engineering"
"8","70","70s7",7,0,18,2,1,2,3,2.57142857142857,3.42857142857143,2,1,9,0,0,1,0,2,2,0,0,1,1393,"bystander","target_code_1",1,0,"Humanities","Control","Engineering",0,0,"reject","reject","reject","reject","both_reject","outgroup","outgroup","ingroup","outgroup","outgroup","different",0,"Engineering"
"8","70","70s7",7,0,18,2,1,2,3,2.57142857142857,3.42857142857143,2,2,9,0,0,0,1,2,0,2,0,1,1394,"bystander","target_code_2",0,1,"Control","Humanities","Engineering",0,0,"reject","reject","reject","reject","both_reject","outgroup","outgroup","ingroup","outgroup","outgroup","different",0,"Engineering"
"8","70","70s8",8,0,18,2,1,2,3,2.57142857142857,3.42857142857143,2,1,-9,1,1,2,0,1,1,0,0,2,1395,"bystander","target_code_1",2,0,"Engineering","Control","Engineering",1,1,"accept","accept","accept","accept","both_accept","outgroup","outgroup","outgroup","ingroup","outgroup","different",0,"Engineering"
"8","70","70s8",8,0,18,2,1,2,3,2.57142857142857,3.42857142857143,2,2,-9,1,1,0,2,1,0,1,0,2,1396,"bystander","target_code_2",0,2,"Control","Engineering","Engineering",1,1,"accept","accept","accept","accept","both_accept","outgroup","outgroup","outgroup","outgroup","ingroup","different",0,"Engineering"
"8","70","70s9",9,0,18,2,1,2,3,2.57142857142857,3.42857142857143,2,1,3,1,0,2,2,2,1,1,1,1,1397,"bystander","target_code_1",2,2,"Engineering","Engineering","Engineering",1,0,"accept","reject","accept","reject","target_accept_other_reject","ingroup","ingroup","ingroup","ingroup","ingroup","same",1,"Engineering"
"8","70","70s9",9,0,18,2,1,2,3,2.57142857142857,3.42857142857143,2,2,9,0,1,2,2,2,1,1,1,1,1398,"bystander","target_code_2",2,2,"Engineering","Engineering","Engineering",0,1,"reject","accept","reject","accept","target_reject_other_accept","ingroup","ingroup","ingroup","ingroup","ingroup","same",1,"Engineering"
"8","70","70s10",10,0,18,2,1,2,3,2.57142857142857,3.42857142857143,2,1,-7,1,0,1,0,1,2,0,0,2,1399,"bystander","target_code_1",1,0,"Humanities","Control","Engineering",1,0,"accept","reject","accept","reject","target_accept_other_reject","ingroup","outgroup","outgroup","outgroup","outgroup","different",0,"Engineering"
"8","70","70s10",10,0,18,2,1,2,3,2.57142857142857,3.42857142857143,2,2,6,0,1,0,1,1,0,2,0,2,1400,"bystander","target_code_2",0,1,"Control","Humanities","Engineering",0,1,"reject","accept","reject","accept","target_reject_other_accept","outgroup","ingroup","outgroup","outgroup","outgroup","different",0,"Engineering"
"8","71","71s6",6,0,18,3,0,2,1.57142857142857,1.28571428571429,2.28571428571429,0.571428571428571,1,0,0,1,2,2,2,1,1,1,1,1411,"bystander","target_code_1",2,2,"Engineering","Engineering","Engineering",0,1,"reject","accept","reject","accept","target_reject_other_accept","ingroup","ingroup","ingroup","ingroup","ingroup","same",1,"Engineering"
"8","71","71s6",6,0,18,3,0,2,1.57142857142857,1.28571428571429,2.28571428571429,0.571428571428571,2,0,1,0,2,2,2,1,1,1,1,1412,"bystander","target_code_2",2,2,"Engineering","Engineering","Engineering",1,0,"accept","reject","accept","reject","target_accept_other_reject","ingroup","ingroup","ingroup","ingroup","ingroup","same",1,"Engineering"
"8","71","71s7",7,0,18,3,0,2,1.57142857142857,1.28571428571429,2.28571428571429,0.571428571428571,1,0,1,0,0,1,2,0,2,0,1,1413,"bystander","target_code_1",0,1,"Control","Humanities","Engineering",1,0,"accept","reject","accept","reject","target_accept_other_reject","outgroup","outgroup","ingroup","outgroup","outgroup","different",0,"Engineering"
"8","71","71s7",7,0,18,3,0,2,1.57142857142857,1.28571428571429,2.28571428571429,0.571428571428571,2,0,0,1,1,0,2,2,0,0,1,1414,"bystander","target_code_2",1,0,"Humanities","Control","Engineering",0,1,"reject","accept","reject","accept","target_reject_other_accept","outgroup","outgroup","ingroup","outgroup","outgroup","different",0,"Engineering"
"8","71","71s8",8,0,18,3,0,2,1.57142857142857,1.28571428571429,2.28571428571429,0.571428571428571,1,0,0,1,0,2,1,0,1,0,2,1415,"bystander","target_code_1",0,2,"Control","Engineering","Engineering",0,1,"reject","accept","reject","accept","target_reject_other_accept","outgroup","outgroup","outgroup","outgroup","ingroup","different",0,"Engineering"
"8","71","71s8",8,0,18,3,0,2,1.57142857142857,1.28571428571429,2.28571428571429,0.571428571428571,2,0,1,0,2,0,1,1,0,0,2,1416,"bystander","target_code_2",2,0,"Engineering","Control","Engineering",1,0,"accept","reject","accept","reject","target_accept_other_reject","outgroup","outgroup","outgroup","ingroup","outgroup","different",0,"Engineering"
"8","71","71s9",9,0,18,3,0,2,1.57142857142857,1.28571428571429,2.28571428571429,0.571428571428571,1,0,1,0,1,0,2,2,0,0,1,1417,"bystander","target_code_1",1,0,"Humanities","Control","Engineering",1,0,"accept","reject","accept","reject","target_accept_other_reject","outgroup","outgroup","ingroup","outgroup","outgroup","different",0,"Engineering"
"8","71","71s9",9,0,18,3,0,2,1.57142857142857,1.28571428571429,2.28571428571429,0.571428571428571,2,0,0,1,0,1,2,0,2,0,1,1418,"bystander","target_code_2",0,1,"Control","Humanities","Engineering",0,1,"reject","accept","reject","accept","target_reject_other_accept","outgroup","outgroup","ingroup","outgroup","outgroup","different",0,"Engineering"
"8","71","71s10",10,0,18,3,0,2,1.57142857142857,1.28571428571429,2.28571428571429,0.571428571428571,1,0,1,0,2,0,2,1,0,0,1,1419,"bystander","target_code_1",2,0,"Engineering","Control","Engineering",1,0,"accept","reject","accept","reject","target_accept_other_reject","ingroup","outgroup","ingroup","ingroup","outgroup","different",0,"Engineering"
"8","71","71s10",10,0,18,3,0,2,1.57142857142857,1.28571428571429,2.28571428571429,0.571428571428571,2,0,0,1,0,2,2,0,1,0,1,1420,"bystander","target_code_2",0,2,"Control","Engineering","Engineering",0,1,"reject","accept","reject","accept","target_reject_other_accept","outgroup","ingroup","ingroup","outgroup","ingroup","different",0,"Engineering"
"8","72","72s1",1,0,18,1,1,2,1,2,2.85714285714286,0.857142857142857,1,-9,1,0,1,0,1,2,0,0,2,1421,"bystander","target_code_1",1,0,"Humanities","Control","Engineering",1,0,"accept","reject","accept","reject","target_accept_other_reject","ingroup","outgroup","outgroup","outgroup","outgroup","different",0,"Engineering"
"8","72","72s1",1,0,18,1,1,2,1,2,2.85714285714286,0.857142857142857,2,-9,0,1,0,1,1,0,2,0,2,1422,"bystander","target_code_2",0,1,"Control","Humanities","Engineering",0,1,"reject","accept","reject","accept","target_reject_other_accept","outgroup","ingroup","outgroup","outgroup","outgroup","different",0,"Engineering"
"8","72","72s2",2,0,18,1,1,2,1,2,2.85714285714286,0.857142857142857,1,-9,1,0,1,2,2,2,1,0,1,1423,"bystander","target_code_1",1,2,"Humanities","Engineering","Engineering",1,0,"accept","reject","accept","reject","target_accept_other_reject","outgroup","ingroup","ingroup","outgroup","ingroup","different",0,"Engineering"
"8","72","72s2",2,0,18,1,1,2,1,2,2.85714285714286,0.857142857142857,2,9,0,1,2,1,2,1,2,0,1,1424,"bystander","target_code_2",2,1,"Engineering","Humanities","Engineering",0,1,"reject","accept","reject","accept","target_reject_other_accept","ingroup","outgroup","ingroup","ingroup","outgroup","different",0,"Engineering"
"8","72","72s3",3,0,18,1,1,2,1,2,2.85714285714286,0.857142857142857,1,6,0,1,0,0,2,0,0,1,1,1425,"bystander","target_code_1",0,0,"Control","Control","Engineering",0,1,"reject","accept","reject","accept","target_reject_other_accept","outgroup","outgroup","ingroup","outgroup","outgroup","same",1,"Engineering"
"8","72","72s3",3,0,18,1,1,2,1,2,2.85714285714286,0.857142857142857,2,-5,1,0,0,0,2,0,0,1,1,1426,"bystander","target_code_2",0,0,"Control","Control","Engineering",1,0,"accept","reject","accept","reject","target_accept_other_reject","outgroup","outgroup","ingroup","outgroup","outgroup","same",1,"Engineering"
"8","72","72s4",4,0,18,1,1,2,1,2,2.85714285714286,0.857142857142857,1,9,0,1,1,1,2,2,2,1,1,1427,"bystander","target_code_1",1,1,"Humanities","Humanities","Engineering",0,1,"reject","accept","reject","accept","target_reject_other_accept","outgroup","outgroup","ingroup","outgroup","outgroup","same",1,"Engineering"
"8","72","72s4",4,0,18,1,1,2,1,2,2.85714285714286,0.857142857142857,2,-9,1,0,1,1,2,2,2,1,1,1428,"bystander","target_code_2",1,1,"Humanities","Humanities","Engineering",1,0,"accept","reject","accept","reject","target_accept_other_reject","outgroup","outgroup","ingroup","outgroup","outgroup","same",1,"Engineering"
"8","72","72s5",5,0,18,1,1,2,1,2,2.85714285714286,0.857142857142857,1,9,0,0,1,0,2,2,0,0,1,1429,"bystander","target_code_1",1,0,"Humanities","Control","Engineering",0,0,"reject","reject","reject","reject","both_reject","outgroup","outgroup","ingroup","outgroup","outgroup","different",0,"Engineering"
"8","72","72s5",5,0,18,1,1,2,1,2,2.85714285714286,0.857142857142857,2,9,0,0,0,1,2,0,2,0,1,1430,"bystander","target_code_2",0,1,"Control","Humanities","Engineering",0,0,"reject","reject","reject","reject","both_reject","outgroup","outgroup","ingroup","outgroup","outgroup","different",0,"Engineering"
"8","73","73s6",6,0,18,4,1,2,1.28571428571429,2.14285714285714,2.14285714285714,1.85714285714286,1,-5,1,0,2,2,2,1,1,1,1,1451,"bystander","target_code_1",2,2,"Engineering","Engineering","Engineering",1,0,"accept","reject","accept","reject","target_accept_other_reject","ingroup","ingroup","ingroup","ingroup","ingroup","same",1,"Engineering"
"8","73","73s6",6,0,18,4,1,2,1.28571428571429,2.14285714285714,2.14285714285714,1.85714285714286,2,5,0,1,2,2,2,1,1,1,1,1452,"bystander","target_code_2",2,2,"Engineering","Engineering","Engineering",0,1,"reject","accept","reject","accept","target_reject_other_accept","ingroup","ingroup","ingroup","ingroup","ingroup","same",1,"Engineering"
"8","73","73s7",7,0,18,4,1,2,1.28571428571429,2.14285714285714,2.14285714285714,1.85714285714286,1,-5,1,1,2,2,2,1,1,1,1,1453,"bystander","target_code_1",2,2,"Engineering","Engineering","Engineering",1,1,"accept","accept","accept","accept","both_accept","ingroup","ingroup","ingroup","ingroup","ingroup","same",1,"Engineering"
"8","73","73s7",7,0,18,4,1,2,1.28571428571429,2.14285714285714,2.14285714285714,1.85714285714286,2,-5,1,1,2,2,2,1,1,1,1,1454,"bystander","target_code_2",2,2,"Engineering","Engineering","Engineering",1,1,"accept","accept","accept","accept","both_accept","ingroup","ingroup","ingroup","ingroup","ingroup","same",1,"Engineering"
"8","73","73s8",8,0,18,4,1,2,1.28571428571429,2.14285714285714,2.14285714285714,1.85714285714286,1,5,0,1,0,2,1,0,1,0,2,1455,"bystander","target_code_1",0,2,"Control","Engineering","Engineering",0,1,"reject","accept","reject","accept","target_reject_other_accept","outgroup","outgroup","outgroup","outgroup","ingroup","different",0,"Engineering"
"8","73","73s8",8,0,18,4,1,2,1.28571428571429,2.14285714285714,2.14285714285714,1.85714285714286,2,-5,1,0,2,0,1,1,0,0,2,1456,"bystander","target_code_2",2,0,"Engineering","Control","Engineering",1,0,"accept","reject","accept","reject","target_accept_other_reject","outgroup","outgroup","outgroup","ingroup","outgroup","different",0,"Engineering"
"8","73","73s9",9,0,18,4,1,2,1.28571428571429,2.14285714285714,2.14285714285714,1.85714285714286,1,-5,1,1,0,0,2,0,0,1,1,1457,"bystander","target_code_1",0,0,"Control","Control","Engineering",1,1,"accept","accept","accept","accept","both_accept","outgroup","outgroup","ingroup","outgroup","outgroup","same",1,"Engineering"
"8","73","73s9",9,0,18,4,1,2,1.28571428571429,2.14285714285714,2.14285714285714,1.85714285714286,2,-5,1,1,0,0,2,0,0,1,1,1458,"bystander","target_code_2",0,0,"Control","Control","Engineering",1,1,"accept","accept","accept","accept","both_accept","outgroup","outgroup","ingroup","outgroup","outgroup","same",1,"Engineering"
"8","73","73s10",10,0,18,4,1,2,1.28571428571429,2.14285714285714,2.14285714285714,1.85714285714286,1,-5,1,1,0,2,2,0,1,0,1,1459,"bystander","target_code_1",0,2,"Control","Engineering","Engineering",1,1,"accept","accept","accept","accept","both_accept","outgroup","ingroup","ingroup","outgroup","ingroup","different",0,"Engineering"
"8","73","73s10",10,0,18,4,1,2,1.28571428571429,2.14285714285714,2.14285714285714,1.85714285714286,2,-6,1,1,2,0,2,1,0,0,1,1460,"bystander","target_code_2",2,0,"Engineering","Control","Engineering",1,1,"accept","accept","accept","accept","both_accept","ingroup","outgroup","ingroup","ingroup","outgroup","different",0,"Engineering"
"8","74","74s1",1,0,20,1,0,1,2,2.85714285714286,2.42857142857143,1.57142857142857,1,7,0,1,1,2,2,1,2,0,2,1461,"bystander","target_code_1",1,2,"Humanities","Engineering","Humanities",0,1,"reject","accept","reject","accept","target_reject_other_accept","outgroup","ingroup","outgroup","ingroup","outgroup","different",0,"Humanities"
"8","74","74s1",1,0,20,1,0,1,2,2.85714285714286,2.42857142857143,1.57142857142857,2,-5,1,0,2,1,2,2,1,0,2,1462,"bystander","target_code_2",2,1,"Engineering","Humanities","Humanities",1,0,"accept","reject","accept","reject","target_accept_other_reject","ingroup","outgroup","outgroup","outgroup","ingroup","different",0,"Humanities"
"8","74","74s2",2,0,20,1,0,1,2,2.85714285714286,2.42857142857143,1.57142857142857,1,9,0,0,0,0,2,0,0,1,2,1463,"bystander","target_code_1",0,0,"Control","Control","Humanities",0,0,"reject","reject","reject","reject","both_reject","outgroup","outgroup","outgroup","outgroup","outgroup","same",1,"Humanities"
"8","74","74s2",2,0,20,1,0,1,2,2.85714285714286,2.42857142857143,1.57142857142857,2,9,0,0,0,0,2,0,0,1,2,1464,"bystander","target_code_2",0,0,"Control","Control","Humanities",0,0,"reject","reject","reject","reject","both_reject","outgroup","outgroup","outgroup","outgroup","outgroup","same",1,"Humanities"
"8","74","74s3",3,0,20,1,0,1,2,2.85714285714286,2.42857142857143,1.57142857142857,1,-8,1,0,1,2,1,1,2,0,1,1465,"bystander","target_code_1",1,2,"Humanities","Engineering","Humanities",1,0,"accept","reject","accept","reject","target_accept_other_reject","ingroup","outgroup","ingroup","ingroup","outgroup","different",0,"Humanities"
"8","74","74s3",3,0,20,1,0,1,2,2.85714285714286,2.42857142857143,1.57142857142857,2,8,0,1,2,1,1,2,1,0,1,1466,"bystander","target_code_2",2,1,"Engineering","Humanities","Humanities",0,1,"reject","accept","reject","accept","target_reject_other_accept","outgroup","ingroup","ingroup","outgroup","ingroup","different",0,"Humanities"
"8","74","74s4",4,0,20,1,0,1,2,2.85714285714286,2.42857142857143,1.57142857142857,1,4,0,1,1,1,2,1,1,1,2,1467,"bystander","target_code_1",1,1,"Humanities","Humanities","Humanities",0,1,"reject","accept","reject","accept","target_reject_other_accept","outgroup","outgroup","outgroup","ingroup","ingroup","same",1,"Humanities"
"8","74","74s4",4,0,20,1,0,1,2,2.85714285714286,2.42857142857143,1.57142857142857,2,-5,1,0,1,1,2,1,1,1,2,1468,"bystander","target_code_2",1,1,"Humanities","Humanities","Humanities",1,0,"accept","reject","accept","reject","target_accept_other_reject","outgroup","outgroup","outgroup","ingroup","ingroup","same",1,"Humanities"
"8","74","74s5",5,0,20,1,0,1,2,2.85714285714286,2.42857142857143,1.57142857142857,1,-8,1,0,1,2,2,1,2,0,2,1469,"bystander","target_code_1",1,2,"Humanities","Engineering","Humanities",1,0,"accept","reject","accept","reject","target_accept_other_reject","outgroup","ingroup","outgroup","ingroup","outgroup","different",0,"Humanities"
"8","74","74s5",5,0,20,1,0,1,2,2.85714285714286,2.42857142857143,1.57142857142857,2,8,0,1,2,1,2,2,1,0,2,1470,"bystander","target_code_2",2,1,"Engineering","Humanities","Humanities",0,1,"reject","accept","reject","accept","target_reject_other_accept","ingroup","outgroup","outgroup","outgroup","ingroup","different",0,"Humanities"
"8","75","75s6",6,0,18,1,0,2,0.571428571428571,3.14285714285714,2.14285714285714,2.14285714285714,1,-9,1,0,0,2,1,0,1,0,2,1491,"bystander","target_code_1",0,2,"Control","Engineering","Engineering",1,0,"accept","reject","accept","reject","target_accept_other_reject","outgroup","outgroup","outgroup","outgroup","ingroup","different",0,"Engineering"
"8","75","75s6",6,0,18,1,0,2,0.571428571428571,3.14285714285714,2.14285714285714,2.14285714285714,2,9,0,1,2,0,1,1,0,0,2,1492,"bystander","target_code_2",2,0,"Engineering","Control","Engineering",0,1,"reject","accept","reject","accept","target_reject_other_accept","outgroup","outgroup","outgroup","ingroup","outgroup","different",0,"Engineering"
"8","75","75s7",7,0,18,1,0,2,0.571428571428571,3.14285714285714,2.14285714285714,2.14285714285714,1,-9,1,0,1,1,2,2,2,1,1,1493,"bystander","target_code_1",1,1,"Humanities","Humanities","Engineering",1,0,"accept","reject","accept","reject","target_accept_other_reject","outgroup","outgroup","ingroup","outgroup","outgroup","same",1,"Engineering"
"8","75","75s7",7,0,18,1,0,2,0.571428571428571,3.14285714285714,2.14285714285714,2.14285714285714,2,9,0,1,1,1,2,2,2,1,1,1494,"bystander","target_code_2",1,1,"Humanities","Humanities","Engineering",0,1,"reject","accept","reject","accept","target_reject_other_accept","outgroup","outgroup","ingroup","outgroup","outgroup","same",1,"Engineering"
"8","75","75s8",8,0,18,1,0,2,0.571428571428571,3.14285714285714,2.14285714285714,2.14285714285714,1,-9,1,1,1,2,2,2,1,0,1,1495,"bystander","target_code_1",1,2,"Humanities","Engineering","Engineering",1,1,"accept","accept","accept","accept","both_accept","outgroup","ingroup","ingroup","outgroup","ingroup","different",0,"Engineering"
"8","75","75s8",8,0,18,1,0,2,0.571428571428571,3.14285714285714,2.14285714285714,2.14285714285714,2,-9,1,1,2,1,2,1,2,0,1,1496,"bystander","target_code_2",2,1,"Engineering","Humanities","Engineering",1,1,"accept","accept","accept","accept","both_accept","ingroup","outgroup","ingroup","ingroup","outgroup","different",0,"Engineering"
"8","75","75s9",9,0,18,1,0,2,0.571428571428571,3.14285714285714,2.14285714285714,2.14285714285714,1,9,0,0,1,0,2,2,0,0,1,1497,"bystander","target_code_1",1,0,"Humanities","Control","Engineering",0,0,"reject","reject","reject","reject","both_reject","outgroup","outgroup","ingroup","outgroup","outgroup","different",0,"Engineering"
"8","75","75s9",9,0,18,1,0,2,0.571428571428571,3.14285714285714,2.14285714285714,2.14285714285714,2,9,0,0,0,1,2,0,2,0,1,1498,"bystander","target_code_2",0,1,"Control","Humanities","Engineering",0,0,"reject","reject","reject","reject","both_reject","outgroup","outgroup","ingroup","outgroup","outgroup","different",0,"Engineering"
"8","75","75s10",10,0,18,1,0,2,0.571428571428571,3.14285714285714,2.14285714285714,2.14285714285714,1,9,0,0,2,0,2,1,0,0,1,1499,"bystander","target_code_1",2,0,"Engineering","Control","Engineering",0,0,"reject","reject","reject","reject","both_reject","ingroup","outgroup","ingroup","ingroup","outgroup","different",0,"Engineering"
"8","75","75s10",10,0,18,1,0,2,0.571428571428571,3.14285714285714,2.14285714285714,2.14285714285714,2,9,0,0,0,2,2,0,1,0,1,1500,"bystander","target_code_2",0,2,"Control","Engineering","Engineering",0,0,"reject","reject","reject","reject","both_reject","outgroup","ingroup","ingroup","outgroup","ingroup","different",0,"Engineering"
"8","76","76s1",1,0,19,3,0,2,2.71428571428571,1.57142857142857,2.14285714285714,0.142857142857143,1,9,1,0,1,1,2,2,2,1,1,1501,"bystander","target_code_1",1,1,"Humanities","Humanities","Engineering",1,0,"accept","reject","accept","reject","target_accept_other_reject","outgroup","outgroup","ingroup","outgroup","outgroup","same",1,"Engineering"
"8","76","76s1",1,0,19,3,0,2,2.71428571428571,1.57142857142857,2.14285714285714,0.142857142857143,2,9,0,1,1,1,2,2,2,1,1,1502,"bystander","target_code_2",1,1,"Humanities","Humanities","Engineering",0,1,"reject","accept","reject","accept","target_reject_other_accept","outgroup","outgroup","ingroup","outgroup","outgroup","same",1,"Engineering"
"8","76","76s2",2,0,19,3,0,2,2.71428571428571,1.57142857142857,2.14285714285714,0.142857142857143,1,9,0,0,0,0,2,0,0,1,1,1503,"bystander","target_code_1",0,0,"Control","Control","Engineering",0,0,"reject","reject","reject","reject","both_reject","outgroup","outgroup","ingroup","outgroup","outgroup","same",1,"Engineering"
"8","76","76s2",2,0,19,3,0,2,2.71428571428571,1.57142857142857,2.14285714285714,0.142857142857143,2,9,0,0,0,0,2,0,0,1,1,1504,"bystander","target_code_2",0,0,"Control","Control","Engineering",0,0,"reject","reject","reject","reject","both_reject","outgroup","outgroup","ingroup","outgroup","outgroup","same",1,"Engineering"
"8","76","76s3",3,0,19,3,0,2,2.71428571428571,1.57142857142857,2.14285714285714,0.142857142857143,1,5,0,0,2,2,2,1,1,1,1,1505,"bystander","target_code_1",2,2,"Engineering","Engineering","Engineering",0,0,"reject","reject","reject","reject","both_reject","ingroup","ingroup","ingroup","ingroup","ingroup","same",1,"Engineering"
"8","76","76s3",3,0,19,3,0,2,2.71428571428571,1.57142857142857,2.14285714285714,0.142857142857143,2,5,0,0,2,2,2,1,1,1,1,1506,"bystander","target_code_2",2,2,"Engineering","Engineering","Engineering",0,0,"reject","reject","reject","reject","both_reject","ingroup","ingroup","ingroup","ingroup","ingroup","same",1,"Engineering"
"8","76","76s4",4,0,19,3,0,2,2.71428571428571,1.57142857142857,2.14285714285714,0.142857142857143,1,9,0,0,2,0,2,1,0,0,1,1507,"bystander","target_code_1",2,0,"Engineering","Control","Engineering",0,0,"reject","reject","reject","reject","both_reject","ingroup","outgroup","ingroup","ingroup","outgroup","different",0,"Engineering"
"8","76","76s4",4,0,19,3,0,2,2.71428571428571,1.57142857142857,2.14285714285714,0.142857142857143,2,9,0,0,0,2,2,0,1,0,1,1508,"bystander","target_code_2",0,2,"Control","Engineering","Engineering",0,0,"reject","reject","reject","reject","both_reject","outgroup","ingroup","ingroup","outgroup","ingroup","different",0,"Engineering"
"8","76","76s5",5,0,19,3,0,2,2.71428571428571,1.57142857142857,2.14285714285714,0.142857142857143,1,8,1,1,2,2,2,1,1,1,1,1509,"bystander","target_code_1",2,2,"Engineering","Engineering","Engineering",1,1,"accept","accept","accept","accept","both_accept","ingroup","ingroup","ingroup","ingroup","ingroup","same",1,"Engineering"
"8","76","76s5",5,0,19,3,0,2,2.71428571428571,1.57142857142857,2.14285714285714,0.142857142857143,2,8,1,1,2,2,2,1,1,1,1,1510,"bystander","target_code_2",2,2,"Engineering","Engineering","Engineering",1,1,"accept","accept","accept","accept","both_accept","ingroup","ingroup","ingroup","ingroup","ingroup","same",1,"Engineering"
"8","77","77s6",6,0,19,2,0,2,1.42857142857143,2.14285714285714,2.71428571428571,0.285714285714286,1,7,0,0,2,1,1,1,2,0,2,1531,"bystander","target_code_1",2,1,"Engineering","Humanities","Engineering",0,0,"reject","reject","reject","reject","both_reject","outgroup","ingroup","outgroup","ingroup","outgroup","different",0,"Engineering"
"8","77","77s6",6,0,19,2,0,2,1.42857142857143,2.14285714285714,2.71428571428571,0.285714285714286,2,7,0,0,1,2,1,2,1,0,2,1532,"bystander","target_code_2",1,2,"Humanities","Engineering","Engineering",0,0,"reject","reject","reject","reject","both_reject","ingroup","outgroup","outgroup","outgroup","ingroup","different",0,"Engineering"
"8","77","77s7",7,0,19,2,0,2,1.42857142857143,2.14285714285714,2.71428571428571,0.285714285714286,1,-7,1,0,0,1,2,0,2,0,1,1533,"bystander","target_code_1",0,1,"Control","Humanities","Engineering",1,0,"accept","reject","accept","reject","target_accept_other_reject","outgroup","outgroup","ingroup","outgroup","outgroup","different",0,"Engineering"
"8","77","77s7",7,0,19,2,0,2,1.42857142857143,2.14285714285714,2.71428571428571,0.285714285714286,2,6,0,1,1,0,2,2,0,0,1,1534,"bystander","target_code_2",1,0,"Humanities","Control","Engineering",0,1,"reject","accept","reject","accept","target_reject_other_accept","outgroup","outgroup","ingroup","outgroup","outgroup","different",0,"Engineering"
"8","77","77s8",8,0,19,2,0,2,1.42857142857143,2.14285714285714,2.71428571428571,0.285714285714286,1,7,0,0,2,0,1,1,0,0,2,1535,"bystander","target_code_1",2,0,"Engineering","Control","Engineering",0,0,"reject","reject","reject","reject","both_reject","outgroup","outgroup","outgroup","ingroup","outgroup","different",0,"Engineering"
"8","77","77s8",8,0,19,2,0,2,1.42857142857143,2.14285714285714,2.71428571428571,0.285714285714286,2,7,0,0,0,2,1,0,1,0,2,1536,"bystander","target_code_2",0,2,"Control","Engineering","Engineering",0,0,"reject","reject","reject","reject","both_reject","outgroup","outgroup","outgroup","outgroup","ingroup","different",0,"Engineering"
"8","77","77s9",9,0,19,2,0,2,1.42857142857143,2.14285714285714,2.71428571428571,0.285714285714286,1,-6,1,1,0,1,1,0,2,0,2,1537,"bystander","target_code_1",0,1,"Control","Humanities","Engineering",1,1,"accept","accept","accept","accept","both_accept","outgroup","ingroup","outgroup","outgroup","outgroup","different",0,"Engineering"
"8","77","77s9",9,0,19,2,0,2,1.42857142857143,2.14285714285714,2.71428571428571,0.285714285714286,2,-6,1,1,1,0,1,2,0,0,2,1538,"bystander","target_code_2",1,0,"Humanities","Control","Engineering",1,1,"accept","accept","accept","accept","both_accept","ingroup","outgroup","outgroup","outgroup","outgroup","different",0,"Engineering"
"8","77","77s10",10,0,19,2,0,2,1.42857142857143,2.14285714285714,2.71428571428571,0.285714285714286,1,-7,1,0,0,2,1,0,1,0,2,1539,"bystander","target_code_1",0,2,"Control","Engineering","Engineering",1,0,"accept","reject","accept","reject","target_accept_other_reject","outgroup","outgroup","outgroup","outgroup","ingroup","different",0,"Engineering"
"8","77","77s10",10,0,19,2,0,2,1.42857142857143,2.14285714285714,2.71428571428571,0.285714285714286,2,6,0,1,2,0,1,1,0,0,2,1540,"bystander","target_code_2",2,0,"Engineering","Control","Engineering",0,1,"reject","accept","reject","accept","target_reject_other_accept","outgroup","outgroup","outgroup","ingroup","outgroup","different",0,"Engineering"
"8","78","78s1",1,0,19,4,0,2,1,1.71428571428571,2.85714285714286,1.28571428571429,1,9,0,0,1,2,2,2,1,0,1,1541,"bystander","target_code_1",1,2,"Humanities","Engineering","Engineering",0,0,"reject","reject","reject","reject","both_reject","outgroup","ingroup","ingroup","outgroup","ingroup","different",0,"Engineering"
"8","78","78s1",1,0,19,4,0,2,1,1.71428571428571,2.85714285714286,1.28571428571429,2,9,0,0,2,1,2,1,2,0,1,1542,"bystander","target_code_2",2,1,"Engineering","Humanities","Engineering",0,0,"reject","reject","reject","reject","both_reject","ingroup","outgroup","ingroup","ingroup","outgroup","different",0,"Engineering"
"8","78","78s2",2,0,19,4,0,2,1,1.71428571428571,2.85714285714286,1.28571428571429,1,9,0,1,0,0,2,0,0,1,1,1543,"bystander","target_code_1",0,0,"Control","Control","Engineering",0,1,"reject","accept","reject","accept","target_reject_other_accept","outgroup","outgroup","ingroup","outgroup","outgroup","same",1,"Engineering"
"8","78","78s2",2,0,19,4,0,2,1,1.71428571428571,2.85714285714286,1.28571428571429,2,-9,1,0,0,0,2,0,0,1,1,1544,"bystander","target_code_2",0,0,"Control","Control","Engineering",1,0,"accept","reject","accept","reject","target_accept_other_reject","outgroup","outgroup","ingroup","outgroup","outgroup","same",1,"Engineering"
"8","78","78s3",3,0,19,4,0,2,1,1.71428571428571,2.85714285714286,1.28571428571429,1,-8,1,0,2,0,1,1,0,0,2,1545,"bystander","target_code_1",2,0,"Engineering","Control","Engineering",1,0,"accept","reject","accept","reject","target_accept_other_reject","outgroup","outgroup","outgroup","ingroup","outgroup","different",0,"Engineering"
"8","78","78s3",3,0,19,4,0,2,1,1.71428571428571,2.85714285714286,1.28571428571429,2,8,0,1,0,2,1,0,1,0,2,1546,"bystander","target_code_2",0,2,"Control","Engineering","Engineering",0,1,"reject","accept","reject","accept","target_reject_other_accept","outgroup","outgroup","outgroup","outgroup","ingroup","different",0,"Engineering"
"8","78","78s4",4,0,19,4,0,2,1,1.71428571428571,2.85714285714286,1.28571428571429,1,8,0,1,2,2,2,1,1,1,1,1547,"bystander","target_code_1",2,2,"Engineering","Engineering","Engineering",0,1,"reject","accept","reject","accept","target_reject_other_accept","ingroup","ingroup","ingroup","ingroup","ingroup","same",1,"Engineering"
"8","78","78s4",4,0,19,4,0,2,1,1.71428571428571,2.85714285714286,1.28571428571429,2,-9,1,0,2,2,2,1,1,1,1,1548,"bystander","target_code_2",2,2,"Engineering","Engineering","Engineering",1,0,"accept","reject","accept","reject","target_accept_other_reject","ingroup","ingroup","ingroup","ingroup","ingroup","same",1,"Engineering"
"8","78","78s5",5,0,19,4,0,2,1,1.71428571428571,2.85714285714286,1.28571428571429,1,-8,1,1,1,0,1,2,0,0,2,1549,"bystander","target_code_1",1,0,"Humanities","Control","Engineering",1,1,"accept","accept","accept","accept","both_accept","ingroup","outgroup","outgroup","outgroup","outgroup","different",0,"Engineering"
"8","78","78s5",5,0,19,4,0,2,1,1.71428571428571,2.85714285714286,1.28571428571429,2,-8,1,1,0,1,1,0,2,0,2,1550,"bystander","target_code_2",0,1,"Control","Humanities","Engineering",1,1,"accept","accept","accept","accept","both_accept","outgroup","ingroup","outgroup","outgroup","outgroup","different",0,"Engineering"
"8","79","79s6",6,0,19,3,1,2,1.85714285714286,3.14285714285714,3.28571428571429,1.14285714285714,1,-6,1,1,0,1,1,0,2,0,2,1571,"bystander","target_code_1",0,1,"Control","Humanities","Engineering",1,1,"accept","accept","accept","accept","both_accept","outgroup","ingroup","outgroup","outgroup","outgroup","different",0,"Engineering"
"8","79","79s6",6,0,19,3,1,2,1.85714285714286,3.14285714285714,3.28571428571429,1.14285714285714,2,-6,1,1,1,0,1,2,0,0,2,1572,"bystander","target_code_2",1,0,"Humanities","Control","Engineering",1,1,"accept","accept","accept","accept","both_accept","ingroup","outgroup","outgroup","outgroup","outgroup","different",0,"Engineering"
"8","79","79s7",7,0,19,3,1,2,1.85714285714286,3.14285714285714,3.28571428571429,1.14285714285714,1,-6,0,1,2,2,2,1,1,1,1,1573,"bystander","target_code_1",2,2,"Engineering","Engineering","Engineering",0,1,"reject","accept","reject","accept","target_reject_other_accept","ingroup","ingroup","ingroup","ingroup","ingroup","same",1,"Engineering"
"8","79","79s7",7,0,19,3,1,2,1.85714285714286,3.14285714285714,3.28571428571429,1.14285714285714,2,-6,1,0,2,2,2,1,1,1,1,1574,"bystander","target_code_2",2,2,"Engineering","Engineering","Engineering",1,0,"accept","reject","accept","reject","target_accept_other_reject","ingroup","ingroup","ingroup","ingroup","ingroup","same",1,"Engineering"
"8","79","79s8",8,0,19,3,1,2,1.85714285714286,3.14285714285714,3.28571428571429,1.14285714285714,1,9,1,0,2,1,2,1,2,0,1,1575,"bystander","target_code_1",2,1,"Engineering","Humanities","Engineering",1,0,"accept","reject","accept","reject","target_accept_other_reject","ingroup","outgroup","ingroup","ingroup","outgroup","different",0,"Engineering"
"8","79","79s8",8,0,19,3,1,2,1.85714285714286,3.14285714285714,3.28571428571429,1.14285714285714,2,-6,0,1,1,2,2,2,1,0,1,1576,"bystander","target_code_2",1,2,"Humanities","Engineering","Engineering",0,1,"reject","accept","reject","accept","target_reject_other_accept","outgroup","ingroup","ingroup","outgroup","ingroup","different",0,"Engineering"
"8","79","79s9",9,0,19,3,1,2,1.85714285714286,3.14285714285714,3.28571428571429,1.14285714285714,1,-6,1,1,0,2,2,0,1,0,1,1577,"bystander","target_code_1",0,2,"Control","Engineering","Engineering",1,1,"accept","accept","accept","accept","both_accept","outgroup","ingroup","ingroup","outgroup","ingroup","different",0,"Engineering"
"8","79","79s9",9,0,19,3,1,2,1.85714285714286,3.14285714285714,3.28571428571429,1.14285714285714,2,-6,1,1,2,0,2,1,0,0,1,1578,"bystander","target_code_2",2,0,"Engineering","Control","Engineering",1,1,"accept","accept","accept","accept","both_accept","ingroup","outgroup","ingroup","ingroup","outgroup","different",0,"Engineering"
"8","79","79s10",10,0,19,3,1,2,1.85714285714286,3.14285714285714,3.28571428571429,1.14285714285714,1,-6,1,1,1,0,1,2,0,0,2,1579,"bystander","target_code_1",1,0,"Humanities","Control","Engineering",1,1,"accept","accept","accept","accept","both_accept","ingroup","outgroup","outgroup","outgroup","outgroup","different",0,"Engineering"
"8","79","79s10",10,0,19,3,1,2,1.85714285714286,3.14285714285714,3.28571428571429,1.14285714285714,2,-6,1,1,0,1,1,0,2,0,2,1580,"bystander","target_code_2",0,1,"Control","Humanities","Engineering",1,1,"accept","accept","accept","accept","both_accept","outgroup","ingroup","outgroup","outgroup","outgroup","different",0,"Engineering"
"8","80","80s6",6,0,18,4,0,2,1.28571428571429,2.42857142857143,3.57142857142857,1.57142857142857,1,9,0,0,1,1,1,2,2,1,2,1591,"bystander","target_code_1",1,1,"Humanities","Humanities","Engineering",0,0,"reject","reject","reject","reject","both_reject","ingroup","ingroup","outgroup","outgroup","outgroup","same",1,"Engineering"
"8","80","80s6",6,0,18,4,0,2,1.28571428571429,2.42857142857143,3.57142857142857,1.57142857142857,2,9,0,0,1,1,1,2,2,1,2,1592,"bystander","target_code_2",1,1,"Humanities","Humanities","Engineering",0,0,"reject","reject","reject","reject","both_reject","ingroup","ingroup","outgroup","outgroup","outgroup","same",1,"Engineering"
"8","80","80s7",7,0,18,4,0,2,1.28571428571429,2.42857142857143,3.57142857142857,1.57142857142857,1,9,0,1,0,1,1,0,2,0,2,1593,"bystander","target_code_1",0,1,"Control","Humanities","Engineering",0,1,"reject","accept","reject","accept","target_reject_other_accept","outgroup","ingroup","outgroup","outgroup","outgroup","different",0,"Engineering"
"8","80","80s7",7,0,18,4,0,2,1.28571428571429,2.42857142857143,3.57142857142857,1.57142857142857,2,-7,1,0,1,0,1,2,0,0,2,1594,"bystander","target_code_2",1,0,"Humanities","Control","Engineering",1,0,"accept","reject","accept","reject","target_accept_other_reject","ingroup","outgroup","outgroup","outgroup","outgroup","different",0,"Engineering"
"8","80","80s8",8,0,18,4,0,2,1.28571428571429,2.42857142857143,3.57142857142857,1.57142857142857,1,-7,1,0,2,0,1,1,0,0,2,1595,"bystander","target_code_1",2,0,"Engineering","Control","Engineering",1,0,"accept","reject","accept","reject","target_accept_other_reject","outgroup","outgroup","outgroup","ingroup","outgroup","different",0,"Engineering"
"8","80","80s8",8,0,18,4,0,2,1.28571428571429,2.42857142857143,3.57142857142857,1.57142857142857,2,9,0,1,0,2,1,0,1,0,2,1596,"bystander","target_code_2",0,2,"Control","Engineering","Engineering",0,1,"reject","accept","reject","accept","target_reject_other_accept","outgroup","outgroup","outgroup","outgroup","ingroup","different",0,"Engineering"
"8","80","80s9",9,0,18,4,0,2,1.28571428571429,2.42857142857143,3.57142857142857,1.57142857142857,1,-7,1,0,1,1,1,2,2,1,2,1597,"bystander","target_code_1",1,1,"Humanities","Humanities","Engineering",1,0,"accept","reject","accept","reject","target_accept_other_reject","ingroup","ingroup","outgroup","outgroup","outgroup","same",1,"Engineering"
"8","80","80s9",9,0,18,4,0,2,1.28571428571429,2.42857142857143,3.57142857142857,1.57142857142857,2,-7,0,1,1,1,1,2,2,1,2,1598,"bystander","target_code_2",1,1,"Humanities","Humanities","Engineering",0,1,"reject","accept","reject","accept","target_reject_other_accept","ingroup","ingroup","outgroup","outgroup","outgroup","same",1,"Engineering"
"8","80","80s10",10,0,18,4,0,2,1.28571428571429,2.42857142857143,3.57142857142857,1.57142857142857,1,9,0,0,2,0,1,1,0,0,2,1599,"bystander","target_code_1",2,0,"Engineering","Control","Engineering",0,0,"reject","reject","reject","reject","both_reject","outgroup","outgroup","outgroup","ingroup","outgroup","different",0,"Engineering"
"8","80","80s10",10,0,18,4,0,2,1.28571428571429,2.42857142857143,3.57142857142857,1.57142857142857,2,9,0,0,0,2,1,0,1,0,2,1600,"bystander","target_code_2",0,2,"Control","Engineering","Engineering",0,0,"reject","reject","reject","reject","both_reject","outgroup","outgroup","outgroup","outgroup","ingroup","different",0,"Engineering"
"9","81","81s6",6,0,18,3,1,1,2.28571428571429,4,3.42857142857143,1.85714285714286,1,9,1,1,2,2,2,2,2,1,2,1611,"bystander","target_code_1",2,2,"Engineering","Engineering","Humanities",1,1,"accept","accept","accept","accept","both_accept","ingroup","ingroup","outgroup","outgroup","outgroup","same",1,"Humanities"
"9","81","81s6",6,0,18,3,1,1,2.28571428571429,4,3.42857142857143,1.85714285714286,2,9,1,1,2,2,2,2,2,1,2,1612,"bystander","target_code_2",2,2,"Engineering","Engineering","Humanities",1,1,"accept","accept","accept","accept","both_accept","ingroup","ingroup","outgroup","outgroup","outgroup","same",1,"Humanities"
"9","81","81s7",7,0,18,3,1,1,2.28571428571429,4,3.42857142857143,1.85714285714286,1,9,0,1,1,2,2,1,2,0,2,1613,"bystander","target_code_1",1,2,"Humanities","Engineering","Humanities",0,1,"reject","accept","reject","accept","target_reject_other_accept","outgroup","ingroup","outgroup","ingroup","outgroup","different",0,"Humanities"
"9","81","81s7",7,0,18,3,1,1,2.28571428571429,4,3.42857142857143,1.85714285714286,2,-9,1,0,2,1,2,2,1,0,2,1614,"bystander","target_code_2",2,1,"Engineering","Humanities","Humanities",1,0,"accept","reject","accept","reject","target_accept_other_reject","ingroup","outgroup","outgroup","outgroup","ingroup","different",0,"Humanities"
"9","81","81s8",8,0,18,3,1,1,2.28571428571429,4,3.42857142857143,1.85714285714286,1,9,0,1,1,1,1,1,1,1,1,1615,"bystander","target_code_1",1,1,"Humanities","Humanities","Humanities",0,1,"reject","accept","reject","accept","target_reject_other_accept","ingroup","ingroup","ingroup","ingroup","ingroup","same",1,"Humanities"
"9","81","81s8",8,0,18,3,1,1,2.28571428571429,4,3.42857142857143,1.85714285714286,2,-9,1,0,1,1,1,1,1,1,1,1616,"bystander","target_code_2",1,1,"Humanities","Humanities","Humanities",1,0,"accept","reject","accept","reject","target_accept_other_reject","ingroup","ingroup","ingroup","ingroup","ingroup","same",1,"Humanities"
"9","81","81s9",9,0,18,3,1,1,2.28571428571429,4,3.42857142857143,1.85714285714286,1,9,1,1,1,1,2,1,1,1,2,1617,"bystander","target_code_1",1,1,"Humanities","Humanities","Humanities",1,1,"accept","accept","accept","accept","both_accept","outgroup","outgroup","outgroup","ingroup","ingroup","same",1,"Humanities"
"9","81","81s9",9,0,18,3,1,1,2.28571428571429,4,3.42857142857143,1.85714285714286,2,9,1,1,1,1,2,1,1,1,2,1618,"bystander","target_code_2",1,1,"Humanities","Humanities","Humanities",1,1,"accept","accept","accept","accept","both_accept","outgroup","outgroup","outgroup","ingroup","ingroup","same",1,"Humanities"
"9","81","81s10",10,0,18,3,1,1,2.28571428571429,4,3.42857142857143,1.85714285714286,1,9,0,1,1,0,1,1,0,0,1,1619,"bystander","target_code_1",1,0,"Humanities","Control","Humanities",0,1,"reject","accept","reject","accept","target_reject_other_accept","ingroup","outgroup","ingroup","ingroup","outgroup","different",0,"Humanities"
"9","81","81s10",10,0,18,3,1,1,2.28571428571429,4,3.42857142857143,1.85714285714286,2,-9,1,0,0,1,1,0,1,0,1,1620,"bystander","target_code_2",0,1,"Control","Humanities","Humanities",1,0,"accept","reject","accept","reject","target_accept_other_reject","outgroup","ingroup","ingroup","outgroup","ingroup","different",0,"Humanities"
"9","82","82s1",1,0,18,1,1,1,1.42857142857143,3.57142857142857,3.57142857142857,0.714285714285714,1,4,0,0,1,2,2,1,2,0,2,1621,"bystander","target_code_1",1,2,"Humanities","Engineering","Humanities",0,0,"reject","reject","reject","reject","both_reject","outgroup","ingroup","outgroup","ingroup","outgroup","different",0,"Humanities"
"9","82","82s1",1,0,18,1,1,1,1.42857142857143,3.57142857142857,3.57142857142857,0.714285714285714,2,4,0,0,2,1,2,2,1,0,2,1622,"bystander","target_code_2",2,1,"Engineering","Humanities","Humanities",0,0,"reject","reject","reject","reject","both_reject","ingroup","outgroup","outgroup","outgroup","ingroup","different",0,"Humanities"
"9","82","82s2",2,0,18,1,1,1,1.42857142857143,3.57142857142857,3.57142857142857,0.714285714285714,1,5,0,0,0,0,1,0,0,1,1,1623,"bystander","target_code_1",0,0,"Control","Control","Humanities",0,0,"reject","reject","reject","reject","both_reject","outgroup","outgroup","ingroup","outgroup","outgroup","same",1,"Humanities"
"9","82","82s2",2,0,18,1,1,1,1.42857142857143,3.57142857142857,3.57142857142857,0.714285714285714,2,5,0,0,0,0,1,0,0,1,1,1624,"bystander","target_code_2",0,0,"Control","Control","Humanities",0,0,"reject","reject","reject","reject","both_reject","outgroup","outgroup","ingroup","outgroup","outgroup","same",1,"Humanities"
"9","82","82s3",3,0,18,1,1,1,1.42857142857143,3.57142857142857,3.57142857142857,0.714285714285714,1,-5,1,1,1,1,1,1,1,1,1,1625,"bystander","target_code_1",1,1,"Humanities","Humanities","Humanities",1,1,"accept","accept","accept","accept","both_accept","ingroup","ingroup","ingroup","ingroup","ingroup","same",1,"Humanities"
"9","82","82s3",3,0,18,1,1,1,1.42857142857143,3.57142857142857,3.57142857142857,0.714285714285714,2,-5,1,1,1,1,1,1,1,1,1,1626,"bystander","target_code_2",1,1,"Humanities","Humanities","Humanities",1,1,"accept","accept","accept","accept","both_accept","ingroup","ingroup","ingroup","ingroup","ingroup","same",1,"Humanities"
"9","82","82s4",4,0,18,1,1,1,1.42857142857143,3.57142857142857,3.57142857142857,0.714285714285714,1,0,1,0,0,0,2,0,0,1,2,1627,"bystander","target_code_1",0,0,"Control","Control","Humanities",1,0,"accept","reject","accept","reject","target_accept_other_reject","outgroup","outgroup","outgroup","outgroup","outgroup","same",1,"Humanities"
"9","82","82s4",4,0,18,1,1,1,1.42857142857143,3.57142857142857,3.57142857142857,0.714285714285714,2,0,0,1,0,0,2,0,0,1,2,1628,"bystander","target_code_2",0,0,"Control","Control","Humanities",0,1,"reject","accept","reject","accept","target_reject_other_accept","outgroup","outgroup","outgroup","outgroup","outgroup","same",1,"Humanities"
"9","82","82s5",5,0,18,1,1,1,1.42857142857143,3.57142857142857,3.57142857142857,0.714285714285714,1,0,0,1,2,1,1,2,1,0,1,1629,"bystander","target_code_1",2,1,"Engineering","Humanities","Humanities",0,1,"reject","accept","reject","accept","target_reject_other_accept","outgroup","ingroup","ingroup","outgroup","ingroup","different",0,"Humanities"
"9","82","82s5",5,0,18,1,1,1,1.42857142857143,3.57142857142857,3.57142857142857,0.714285714285714,2,6,1,0,1,2,1,1,2,0,1,1630,"bystander","target_code_2",1,2,"Humanities","Engineering","Humanities",1,0,"accept","reject","accept","reject","target_accept_other_reject","ingroup","outgroup","ingroup","ingroup","outgroup","different",0,"Humanities"
"9","83","83s1",1,0,18,1,0,1,2.28571428571429,3.28571428571429,3.28571428571429,1.28571428571429,1,8,0,1,0,2,1,0,2,0,1,1641,"bystander","target_code_1",0,2,"Control","Engineering","Humanities",0,1,"reject","accept","reject","accept","target_reject_other_accept","outgroup","outgroup","ingroup","outgroup","outgroup","different",0,"Humanities"
"9","83","83s1",1,0,18,1,0,1,2.28571428571429,3.28571428571429,3.28571428571429,1.28571428571429,2,0,1,0,2,0,1,2,0,0,1,1642,"bystander","target_code_2",2,0,"Engineering","Control","Humanities",1,0,"accept","reject","accept","reject","target_accept_other_reject","outgroup","outgroup","ingroup","outgroup","outgroup","different",0,"Humanities"
"9","83","83s2",2,0,18,1,0,1,2.28571428571429,3.28571428571429,3.28571428571429,1.28571428571429,1,8,0,1,0,0,2,0,0,1,2,1643,"bystander","target_code_1",0,0,"Control","Control","Humanities",0,1,"reject","accept","reject","accept","target_reject_other_accept","outgroup","outgroup","outgroup","outgroup","outgroup","same",1,"Humanities"
"9","83","83s2",2,0,18,1,0,1,2.28571428571429,3.28571428571429,3.28571428571429,1.28571428571429,2,0,1,0,0,0,2,0,0,1,2,1644,"bystander","target_code_2",0,0,"Control","Control","Humanities",1,0,"accept","reject","accept","reject","target_accept_other_reject","outgroup","outgroup","outgroup","outgroup","outgroup","same",1,"Humanities"
"9","83","83s3",3,0,18,1,0,1,2.28571428571429,3.28571428571429,3.28571428571429,1.28571428571429,1,8,0,1,1,0,2,1,0,0,2,1645,"bystander","target_code_1",1,0,"Humanities","Control","Humanities",0,1,"reject","accept","reject","accept","target_reject_other_accept","outgroup","outgroup","outgroup","ingroup","outgroup","different",0,"Humanities"
"9","83","83s3",3,0,18,1,0,1,2.28571428571429,3.28571428571429,3.28571428571429,1.28571428571429,2,0,1,0,0,1,2,0,1,0,2,1646,"bystander","target_code_2",0,1,"Control","Humanities","Humanities",1,0,"accept","reject","accept","reject","target_accept_other_reject","outgroup","outgroup","outgroup","outgroup","ingroup","different",0,"Humanities"
"9","83","83s4",4,0,18,1,0,1,2.28571428571429,3.28571428571429,3.28571428571429,1.28571428571429,1,8,1,1,0,0,2,0,0,1,2,1647,"bystander","target_code_1",0,0,"Control","Control","Humanities",1,1,"accept","accept","accept","accept","both_accept","outgroup","outgroup","outgroup","outgroup","outgroup","same",1,"Humanities"
"9","83","83s4",4,0,18,1,0,1,2.28571428571429,3.28571428571429,3.28571428571429,1.28571428571429,2,0,1,1,0,0,2,0,0,1,2,1648,"bystander","target_code_2",0,0,"Control","Control","Humanities",1,1,"accept","accept","accept","accept","both_accept","outgroup","outgroup","outgroup","outgroup","outgroup","same",1,"Humanities"
"9","83","83s5",5,0,18,1,0,1,2.28571428571429,3.28571428571429,3.28571428571429,1.28571428571429,1,9,0,1,0,2,1,0,2,0,1,1649,"bystander","target_code_1",0,2,"Control","Engineering","Humanities",0,1,"reject","accept","reject","accept","target_reject_other_accept","outgroup","outgroup","ingroup","outgroup","outgroup","different",0,"Humanities"
"9","83","83s5",5,0,18,1,0,1,2.28571428571429,3.28571428571429,3.28571428571429,1.28571428571429,2,-9,1,0,2,0,1,2,0,0,1,1650,"bystander","target_code_2",2,0,"Engineering","Control","Humanities",1,0,"accept","reject","accept","reject","target_accept_other_reject","outgroup","outgroup","ingroup","outgroup","outgroup","different",0,"Humanities"
"9","84","84s1",1,0,19,4,1,1,1.57142857142857,2.42857142857143,3.28571428571429,1.57142857142857,1,3,1,1,1,2,1,1,2,0,1,1661,"bystander","target_code_1",1,2,"Humanities","Engineering","Humanities",1,1,"accept","accept","accept","accept","both_accept","ingroup","outgroup","ingroup","ingroup","outgroup","different",0,"Humanities"
"9","84","84s1",1,0,19,4,1,1,1.57142857142857,2.42857142857143,3.28571428571429,1.57142857142857,2,3,1,1,2,1,1,2,1,0,1,1662,"bystander","target_code_2",2,1,"Engineering","Humanities","Humanities",1,1,"accept","accept","accept","accept","both_accept","outgroup","ingroup","ingroup","outgroup","ingroup","different",0,"Humanities"
"9","84","84s2",2,0,19,4,1,1,1.57142857142857,2.42857142857143,3.28571428571429,1.57142857142857,1,6,0,1,0,1,1,0,1,0,1,1663,"bystander","target_code_1",0,1,"Control","Humanities","Humanities",0,1,"reject","accept","reject","accept","target_reject_other_accept","outgroup","ingroup","ingroup","outgroup","ingroup","different",0,"Humanities"
"9","84","84s2",2,0,19,4,1,1,1.57142857142857,2.42857142857143,3.28571428571429,1.57142857142857,2,-4,1,0,1,0,1,1,0,0,1,1664,"bystander","target_code_2",1,0,"Humanities","Control","Humanities",1,0,"accept","reject","accept","reject","target_accept_other_reject","ingroup","outgroup","ingroup","ingroup","outgroup","different",0,"Humanities"
"9","84","84s3",3,0,19,4,1,1,1.57142857142857,2.42857142857143,3.28571428571429,1.57142857142857,1,9,0,0,2,1,1,2,1,0,1,1665,"bystander","target_code_1",2,1,"Engineering","Humanities","Humanities",0,0,"reject","reject","reject","reject","both_reject","outgroup","ingroup","ingroup","outgroup","ingroup","different",0,"Humanities"
"9","84","84s3",3,0,19,4,1,1,1.57142857142857,2.42857142857143,3.28571428571429,1.57142857142857,2,9,0,0,1,2,1,1,2,0,1,1666,"bystander","target_code_2",1,2,"Humanities","Engineering","Humanities",0,0,"reject","reject","reject","reject","both_reject","ingroup","outgroup","ingroup","ingroup","outgroup","different",0,"Humanities"
"9","84","84s4",4,0,19,4,1,1,1.57142857142857,2.42857142857143,3.28571428571429,1.57142857142857,1,-2,1,1,1,1,2,1,1,1,2,1667,"bystander","target_code_1",1,1,"Humanities","Humanities","Humanities",1,1,"accept","accept","accept","accept","both_accept","outgroup","outgroup","outgroup","ingroup","ingroup","same",1,"Humanities"
"9","84","84s4",4,0,19,4,1,1,1.57142857142857,2.42857142857143,3.28571428571429,1.57142857142857,2,-2,1,1,1,1,2,1,1,1,2,1668,"bystander","target_code_2",1,1,"Humanities","Humanities","Humanities",1,1,"accept","accept","accept","accept","both_accept","outgroup","outgroup","outgroup","ingroup","ingroup","same",1,"Humanities"
"9","84","84s5",5,0,19,4,1,1,1.57142857142857,2.42857142857143,3.28571428571429,1.57142857142857,1,3,0,1,2,2,2,2,2,1,2,1669,"bystander","target_code_1",2,2,"Engineering","Engineering","Humanities",0,1,"reject","accept","reject","accept","target_reject_other_accept","ingroup","ingroup","outgroup","outgroup","outgroup","same",1,"Humanities"
"9","84","84s5",5,0,19,4,1,1,1.57142857142857,2.42857142857143,3.28571428571429,1.57142857142857,2,-3,1,0,2,2,2,2,2,1,2,1670,"bystander","target_code_2",2,2,"Engineering","Engineering","Humanities",1,0,"accept","reject","accept","reject","target_accept_other_reject","ingroup","ingroup","outgroup","outgroup","outgroup","same",1,"Humanities"
"9","85","85s1",1,0,18,2,1,1,1.14285714285714,2.85714285714286,2.71428571428571,1.42857142857143,1,-4,1,1,0,2,1,0,2,0,1,1681,"bystander","target_code_1",0,2,"Control","Engineering","Humanities",1,1,"accept","accept","accept","accept","both_accept","outgroup","outgroup","ingroup","outgroup","outgroup","different",0,"Humanities"
"9","85","85s1",1,0,18,2,1,1,1.14285714285714,2.85714285714286,2.71428571428571,1.42857142857143,2,-4,1,1,2,0,1,2,0,0,1,1682,"bystander","target_code_2",2,0,"Engineering","Control","Humanities",1,1,"accept","accept","accept","accept","both_accept","outgroup","outgroup","ingroup","outgroup","outgroup","different",0,"Humanities"
"9","85","85s2",2,0,18,2,1,1,1.14285714285714,2.85714285714286,2.71428571428571,1.42857142857143,1,5,0,1,0,1,1,0,1,0,1,1683,"bystander","target_code_1",0,1,"Control","Humanities","Humanities",0,1,"reject","accept","reject","accept","target_reject_other_accept","outgroup","ingroup","ingroup","outgroup","ingroup","different",0,"Humanities"
"9","85","85s2",2,0,18,2,1,1,1.14285714285714,2.85714285714286,2.71428571428571,1.42857142857143,2,-5,1,0,1,0,1,1,0,0,1,1684,"bystander","target_code_2",1,0,"Humanities","Control","Humanities",1,0,"accept","reject","accept","reject","target_accept_other_reject","ingroup","outgroup","ingroup","ingroup","outgroup","different",0,"Humanities"
"9","85","85s3",3,0,18,2,1,1,1.14285714285714,2.85714285714286,2.71428571428571,1.42857142857143,1,-5,1,0,0,1,1,0,1,0,1,1685,"bystander","target_code_1",0,1,"Control","Humanities","Humanities",1,0,"accept","reject","accept","reject","target_accept_other_reject","outgroup","ingroup","ingroup","outgroup","ingroup","different",0,"Humanities"
"9","85","85s3",3,0,18,2,1,1,1.14285714285714,2.85714285714286,2.71428571428571,1.42857142857143,2,5,0,1,1,0,1,1,0,0,1,1686,"bystander","target_code_2",1,0,"Humanities","Control","Humanities",0,1,"reject","accept","reject","accept","target_reject_other_accept","ingroup","outgroup","ingroup","ingroup","outgroup","different",0,"Humanities"
"9","85","85s4",4,0,18,2,1,1,1.14285714285714,2.85714285714286,2.71428571428571,1.42857142857143,1,6,0,0,1,1,1,1,1,1,1,1687,"bystander","target_code_1",1,1,"Humanities","Humanities","Humanities",0,0,"reject","reject","reject","reject","both_reject","ingroup","ingroup","ingroup","ingroup","ingroup","same",1,"Humanities"
"9","85","85s4",4,0,18,2,1,1,1.14285714285714,2.85714285714286,2.71428571428571,1.42857142857143,2,6,0,0,1,1,1,1,1,1,1,1688,"bystander","target_code_2",1,1,"Humanities","Humanities","Humanities",0,0,"reject","reject","reject","reject","both_reject","ingroup","ingroup","ingroup","ingroup","ingroup","same",1,"Humanities"
"9","85","85s5",5,0,18,2,1,1,1.14285714285714,2.85714285714286,2.71428571428571,1.42857142857143,1,6,0,1,2,2,1,2,2,1,1,1689,"bystander","target_code_1",2,2,"Engineering","Engineering","Humanities",0,1,"reject","accept","reject","accept","target_reject_other_accept","outgroup","outgroup","ingroup","outgroup","outgroup","same",1,"Humanities"
"9","85","85s5",5,0,18,2,1,1,1.14285714285714,2.85714285714286,2.71428571428571,1.42857142857143,2,-5,1,0,2,2,1,2,2,1,1,1690,"bystander","target_code_2",2,2,"Engineering","Engineering","Humanities",1,0,"accept","reject","accept","reject","target_accept_other_reject","outgroup","outgroup","ingroup","outgroup","outgroup","same",1,"Humanities"
"9","86","86s1",1,0,20,2,1,1,1.28571428571429,3,3.71428571428571,0.285714285714286,1,9,0,0,2,1,2,2,1,0,2,1701,"bystander","target_code_1",2,1,"Engineering","Humanities","Humanities",0,0,"reject","reject","reject","reject","both_reject","ingroup","outgroup","outgroup","outgroup","ingroup","different",0,"Humanities"
"9","86","86s1",1,0,20,2,1,1,1.28571428571429,3,3.71428571428571,0.285714285714286,2,9,0,0,1,2,2,1,2,0,2,1702,"bystander","target_code_2",1,2,"Humanities","Engineering","Humanities",0,0,"reject","reject","reject","reject","both_reject","outgroup","ingroup","outgroup","ingroup","outgroup","different",0,"Humanities"
"9","86","86s2",2,0,20,2,1,1,1.28571428571429,3,3.71428571428571,0.285714285714286,1,9,0,0,2,1,2,2,1,0,2,1703,"bystander","target_code_1",2,1,"Engineering","Humanities","Humanities",0,0,"reject","reject","reject","reject","both_reject","ingroup","outgroup","outgroup","outgroup","ingroup","different",0,"Humanities"
"9","86","86s2",2,0,20,2,1,1,1.28571428571429,3,3.71428571428571,0.285714285714286,2,9,0,0,1,2,2,1,2,0,2,1704,"bystander","target_code_2",1,2,"Humanities","Engineering","Humanities",0,0,"reject","reject","reject","reject","both_reject","outgroup","ingroup","outgroup","ingroup","outgroup","different",0,"Humanities"
"9","86","86s3",3,0,20,2,1,1,1.28571428571429,3,3.71428571428571,0.285714285714286,1,9,0,1,2,1,1,2,1,0,1,1705,"bystander","target_code_1",2,1,"Engineering","Humanities","Humanities",0,1,"reject","accept","reject","accept","target_reject_other_accept","outgroup","ingroup","ingroup","outgroup","ingroup","different",0,"Humanities"
"9","86","86s3",3,0,20,2,1,1,1.28571428571429,3,3.71428571428571,0.285714285714286,2,-3,1,0,1,2,1,1,2,0,1,1706,"bystander","target_code_2",1,2,"Humanities","Engineering","Humanities",1,0,"accept","reject","accept","reject","target_accept_other_reject","ingroup","outgroup","ingroup","ingroup","outgroup","different",0,"Humanities"
"9","86","86s4",4,0,20,2,1,1,1.28571428571429,3,3.71428571428571,0.285714285714286,1,9,0,0,0,0,2,0,0,1,2,1707,"bystander","target_code_1",0,0,"Control","Control","Humanities",0,0,"reject","reject","reject","reject","both_reject","outgroup","outgroup","outgroup","outgroup","outgroup","same",1,"Humanities"
"9","86","86s4",4,0,20,2,1,1,1.28571428571429,3,3.71428571428571,0.285714285714286,2,9,0,0,0,0,2,0,0,1,2,1708,"bystander","target_code_2",0,0,"Control","Control","Humanities",0,0,"reject","reject","reject","reject","both_reject","outgroup","outgroup","outgroup","outgroup","outgroup","same",1,"Humanities"
"9","86","86s5",5,0,20,2,1,1,1.28571428571429,3,3.71428571428571,0.285714285714286,1,9,0,1,1,0,1,1,0,0,1,1709,"bystander","target_code_1",1,0,"Humanities","Control","Humanities",0,1,"reject","accept","reject","accept","target_reject_other_accept","ingroup","outgroup","ingroup","ingroup","outgroup","different",0,"Humanities"
"9","86","86s5",5,0,20,2,1,1,1.28571428571429,3,3.71428571428571,0.285714285714286,2,-3,1,0,0,1,1,0,1,0,1,1710,"bystander","target_code_2",0,1,"Control","Humanities","Humanities",1,0,"accept","reject","accept","reject","target_accept_other_reject","outgroup","ingroup","ingroup","outgroup","ingroup","different",0,"Humanities"
"9","87","87s1",1,0,23,3,0,2,1.28571428571429,3.42857142857143,3.71428571428571,1,1,0,0,1,1,2,2,2,1,0,1,1721,"bystander","target_code_1",1,2,"Humanities","Engineering","Engineering",0,1,"reject","accept","reject","accept","target_reject_other_accept","outgroup","ingroup","ingroup","outgroup","ingroup","different",0,"Engineering"
"9","87","87s1",1,0,23,3,0,2,1.28571428571429,3.42857142857143,3.71428571428571,1,2,0,1,0,2,1,2,1,2,0,1,1722,"bystander","target_code_2",2,1,"Engineering","Humanities","Engineering",1,0,"accept","reject","accept","reject","target_accept_other_reject","ingroup","outgroup","ingroup","ingroup","outgroup","different",0,"Engineering"
"9","87","87s2",2,0,23,3,0,2,1.28571428571429,3.42857142857143,3.71428571428571,1,1,0,1,1,1,2,1,2,1,0,2,1723,"bystander","target_code_1",1,2,"Humanities","Engineering","Engineering",1,1,"accept","accept","accept","accept","both_accept","ingroup","outgroup","outgroup","outgroup","ingroup","different",0,"Engineering"
"9","87","87s2",2,0,23,3,0,2,1.28571428571429,3.42857142857143,3.71428571428571,1,2,0,1,1,2,1,1,1,2,0,2,1724,"bystander","target_code_2",2,1,"Engineering","Humanities","Engineering",1,1,"accept","accept","accept","accept","both_accept","outgroup","ingroup","outgroup","ingroup","outgroup","different",0,"Engineering"
"9","87","87s3",3,0,23,3,0,2,1.28571428571429,3.42857142857143,3.71428571428571,1,1,0,1,1,1,2,2,2,1,0,1,1725,"bystander","target_code_1",1,2,"Humanities","Engineering","Engineering",1,1,"accept","accept","accept","accept","both_accept","outgroup","ingroup","ingroup","outgroup","ingroup","different",0,"Engineering"
"9","87","87s3",3,0,23,3,0,2,1.28571428571429,3.42857142857143,3.71428571428571,1,2,0,1,1,2,1,2,1,2,0,1,1726,"bystander","target_code_2",2,1,"Engineering","Humanities","Engineering",1,1,"accept","accept","accept","accept","both_accept","ingroup","outgroup","ingroup","ingroup","outgroup","different",0,"Engineering"
"9","87","87s4",4,0,23,3,0,2,1.28571428571429,3.42857142857143,3.71428571428571,1,1,0,0,1,1,2,1,2,1,0,2,1727,"bystander","target_code_1",1,2,"Humanities","Engineering","Engineering",0,1,"reject","accept","reject","accept","target_reject_other_accept","ingroup","outgroup","outgroup","outgroup","ingroup","different",0,"Engineering"
"9","87","87s4",4,0,23,3,0,2,1.28571428571429,3.42857142857143,3.71428571428571,1,2,0,1,0,2,1,1,1,2,0,2,1728,"bystander","target_code_2",2,1,"Engineering","Humanities","Engineering",1,0,"accept","reject","accept","reject","target_accept_other_reject","outgroup","ingroup","outgroup","ingroup","outgroup","different",0,"Engineering"
"9","87","87s5",5,0,23,3,0,2,1.28571428571429,3.42857142857143,3.71428571428571,1,1,0,0,0,2,2,2,1,1,1,1,1729,"bystander","target_code_1",2,2,"Engineering","Engineering","Engineering",0,0,"reject","reject","reject","reject","both_reject","ingroup","ingroup","ingroup","ingroup","ingroup","same",1,"Engineering"
"9","87","87s5",5,0,23,3,0,2,1.28571428571429,3.42857142857143,3.71428571428571,1,2,0,0,0,2,2,2,1,1,1,1,1730,"bystander","target_code_2",2,2,"Engineering","Engineering","Engineering",0,0,"reject","reject","reject","reject","both_reject","ingroup","ingroup","ingroup","ingroup","ingroup","same",1,"Engineering"
"9","88","88s1",1,0,20,1,0,1,3.14285714285714,2.42857142857143,2.85714285714286,1,1,7,0,1,0,1,2,0,1,0,2,1741,"bystander","target_code_1",0,1,"Control","Humanities","Humanities",0,1,"reject","accept","reject","accept","target_reject_other_accept","outgroup","outgroup","outgroup","outgroup","ingroup","different",0,"Humanities"
"9","88","88s1",1,0,20,1,0,1,3.14285714285714,2.42857142857143,2.85714285714286,1,2,-6,1,0,1,0,2,1,0,0,2,1742,"bystander","target_code_2",1,0,"Humanities","Control","Humanities",1,0,"accept","reject","accept","reject","target_accept_other_reject","outgroup","outgroup","outgroup","ingroup","outgroup","different",0,"Humanities"
"9","88","88s2",2,0,20,1,0,1,3.14285714285714,2.42857142857143,2.85714285714286,1,1,9,0,0,2,0,1,2,0,0,1,1743,"bystander","target_code_1",2,0,"Engineering","Control","Humanities",0,0,"reject","reject","reject","reject","both_reject","outgroup","outgroup","ingroup","outgroup","outgroup","different",0,"Humanities"
"9","88","88s2",2,0,20,1,0,1,3.14285714285714,2.42857142857143,2.85714285714286,1,2,9,0,0,0,2,1,0,2,0,1,1744,"bystander","target_code_2",0,2,"Control","Engineering","Humanities",0,0,"reject","reject","reject","reject","both_reject","outgroup","outgroup","ingroup","outgroup","outgroup","different",0,"Humanities"
"9","88","88s3",3,0,20,1,0,1,3.14285714285714,2.42857142857143,2.85714285714286,1,1,-9,1,1,2,0,1,2,0,0,1,1745,"bystander","target_code_1",2,0,"Engineering","Control","Humanities",1,1,"accept","accept","accept","accept","both_accept","outgroup","outgroup","ingroup","outgroup","outgroup","different",0,"Humanities"
"9","88","88s3",3,0,20,1,0,1,3.14285714285714,2.42857142857143,2.85714285714286,1,2,-9,1,1,0,2,1,0,2,0,1,1746,"bystander","target_code_2",0,2,"Control","Engineering","Humanities",1,1,"accept","accept","accept","accept","both_accept","outgroup","outgroup","ingroup","outgroup","outgroup","different",0,"Humanities"
"9","88","88s4",4,0,20,1,0,1,3.14285714285714,2.42857142857143,2.85714285714286,1,1,-9,1,0,2,1,2,2,1,0,2,1747,"bystander","target_code_1",2,1,"Engineering","Humanities","Humanities",1,0,"accept","reject","accept","reject","target_accept_other_reject","ingroup","outgroup","outgroup","outgroup","ingroup","different",0,"Humanities"
"9","88","88s4",4,0,20,1,0,1,3.14285714285714,2.42857142857143,2.85714285714286,1,2,9,0,1,1,2,2,1,2,0,2,1748,"bystander","target_code_2",1,2,"Humanities","Engineering","Humanities",0,1,"reject","accept","reject","accept","target_reject_other_accept","outgroup","ingroup","outgroup","ingroup","outgroup","different",0,"Humanities"
"9","88","88s5",5,0,20,1,0,1,3.14285714285714,2.42857142857143,2.85714285714286,1,1,-6,1,1,1,1,1,1,1,1,1,1749,"bystander","target_code_1",1,1,"Humanities","Humanities","Humanities",1,1,"accept","accept","accept","accept","both_accept","ingroup","ingroup","ingroup","ingroup","ingroup","same",1,"Humanities"
"9","88","88s5",5,0,20,1,0,1,3.14285714285714,2.42857142857143,2.85714285714286,1,2,-6,1,1,1,1,1,1,1,1,1,1750,"bystander","target_code_2",1,1,"Humanities","Humanities","Humanities",1,1,"accept","accept","accept","accept","both_accept","ingroup","ingroup","ingroup","ingroup","ingroup","same",1,"Humanities"
"9","89","89s6",6,0,20,1,1,1,2.28571428571429,2.85714285714286,3.57142857142857,1,1,9,0,1,2,1,2,2,1,0,2,1771,"bystander","target_code_1",2,1,"Engineering","Humanities","Humanities",0,1,"reject","accept","reject","accept","target_reject_other_accept","ingroup","outgroup","outgroup","outgroup","ingroup","different",0,"Humanities"
"9","89","89s6",6,0,20,1,1,1,2.28571428571429,2.85714285714286,3.57142857142857,1,2,-9,1,0,1,2,2,1,2,0,2,1772,"bystander","target_code_2",1,2,"Humanities","Engineering","Humanities",1,0,"accept","reject","accept","reject","target_accept_other_reject","outgroup","ingroup","outgroup","ingroup","outgroup","different",0,"Humanities"
"9","89","89s7",7,0,20,1,1,1,2.28571428571429,2.85714285714286,3.57142857142857,1,1,9,0,1,0,2,1,0,2,0,1,1773,"bystander","target_code_1",0,2,"Control","Engineering","Humanities",0,1,"reject","accept","reject","accept","target_reject_other_accept","outgroup","outgroup","ingroup","outgroup","outgroup","different",0,"Humanities"
"9","89","89s7",7,0,20,1,1,1,2.28571428571429,2.85714285714286,3.57142857142857,1,2,-9,1,0,2,0,1,2,0,0,1,1774,"bystander","target_code_2",2,0,"Engineering","Control","Humanities",1,0,"accept","reject","accept","reject","target_accept_other_reject","outgroup","outgroup","ingroup","outgroup","outgroup","different",0,"Humanities"
"9","89","89s8",8,0,20,1,1,1,2.28571428571429,2.85714285714286,3.57142857142857,1,1,-9,1,1,1,1,2,1,1,1,2,1775,"bystander","target_code_1",1,1,"Humanities","Humanities","Humanities",1,1,"accept","accept","accept","accept","both_accept","outgroup","outgroup","outgroup","ingroup","ingroup","same",1,"Humanities"
"9","89","89s8",8,0,20,1,1,1,2.28571428571429,2.85714285714286,3.57142857142857,1,2,-9,1,1,1,1,2,1,1,1,2,1776,"bystander","target_code_2",1,1,"Humanities","Humanities","Humanities",1,1,"accept","accept","accept","accept","both_accept","outgroup","outgroup","outgroup","ingroup","ingroup","same",1,"Humanities"
"9","89","89s9",9,0,20,1,1,1,2.28571428571429,2.85714285714286,3.57142857142857,1,1,-9,1,0,2,1,1,2,1,0,1,1777,"bystander","target_code_1",2,1,"Engineering","Humanities","Humanities",1,0,"accept","reject","accept","reject","target_accept_other_reject","outgroup","ingroup","ingroup","outgroup","ingroup","different",0,"Humanities"
"9","89","89s9",9,0,20,1,1,1,2.28571428571429,2.85714285714286,3.57142857142857,1,2,9,0,1,1,2,1,1,2,0,1,1778,"bystander","target_code_2",1,2,"Humanities","Engineering","Humanities",0,1,"reject","accept","reject","accept","target_reject_other_accept","ingroup","outgroup","ingroup","ingroup","outgroup","different",0,"Humanities"
"9","89","89s10",10,0,20,1,1,1,2.28571428571429,2.85714285714286,3.57142857142857,1,1,-9,1,1,0,1,2,0,1,0,2,1779,"bystander","target_code_1",0,1,"Control","Humanities","Humanities",1,1,"accept","accept","accept","accept","both_accept","outgroup","outgroup","outgroup","outgroup","ingroup","different",0,"Humanities"
"9","89","89s10",10,0,20,1,1,1,2.28571428571429,2.85714285714286,3.57142857142857,1,2,-9,1,1,1,0,2,1,0,0,2,1780,"bystander","target_code_2",1,0,"Humanities","Control","Humanities",1,1,"accept","accept","accept","accept","both_accept","outgroup","outgroup","outgroup","ingroup","outgroup","different",0,"Humanities"
"9","90","90s6",6,0,23,1,0,1,1.14285714285714,1.85714285714286,2.85714285714286,1.28571428571429,1,-1,1,1,1,1,2,1,1,1,2,1791,"bystander","target_code_1",1,1,"Humanities","Humanities","Humanities",1,1,"accept","accept","accept","accept","both_accept","outgroup","outgroup","outgroup","ingroup","ingroup","same",1,"Humanities"
"9","90","90s6",6,0,23,1,0,1,1.14285714285714,1.85714285714286,2.85714285714286,1.28571428571429,2,-1,1,1,1,1,2,1,1,1,2,1792,"bystander","target_code_2",1,1,"Humanities","Humanities","Humanities",1,1,"accept","accept","accept","accept","both_accept","outgroup","outgroup","outgroup","ingroup","ingroup","same",1,"Humanities"
"9","90","90s7",7,0,23,1,0,1,1.14285714285714,1.85714285714286,2.85714285714286,1.28571428571429,1,-1,1,1,0,2,2,0,2,0,2,1793,"bystander","target_code_1",0,2,"Control","Engineering","Humanities",1,1,"accept","accept","accept","accept","both_accept","outgroup","ingroup","outgroup","outgroup","outgroup","different",0,"Humanities"
"9","90","90s7",7,0,23,1,0,1,1.14285714285714,1.85714285714286,2.85714285714286,1.28571428571429,2,-1,1,1,2,0,2,2,0,0,2,1794,"bystander","target_code_2",2,0,"Engineering","Control","Humanities",1,1,"accept","accept","accept","accept","both_accept","ingroup","outgroup","outgroup","outgroup","outgroup","different",0,"Humanities"
"9","90","90s8",8,0,23,1,0,1,1.14285714285714,1.85714285714286,2.85714285714286,1.28571428571429,1,-1,1,0,1,0,2,1,0,0,2,1795,"bystander","target_code_1",1,0,"Humanities","Control","Humanities",1,0,"accept","reject","accept","reject","target_accept_other_reject","outgroup","outgroup","outgroup","ingroup","outgroup","different",0,"Humanities"
"9","90","90s8",8,0,23,1,0,1,1.14285714285714,1.85714285714286,2.85714285714286,1.28571428571429,2,2,0,1,0,1,2,0,1,0,2,1796,"bystander","target_code_2",0,1,"Control","Humanities","Humanities",0,1,"reject","accept","reject","accept","target_reject_other_accept","outgroup","outgroup","outgroup","outgroup","ingroup","different",0,"Humanities"
"9","90","90s9",9,0,23,1,0,1,1.14285714285714,1.85714285714286,2.85714285714286,1.28571428571429,1,-1,1,1,0,2,1,0,2,0,1,1797,"bystander","target_code_1",0,2,"Control","Engineering","Humanities",1,1,"accept","accept","accept","accept","both_accept","outgroup","outgroup","ingroup","outgroup","outgroup","different",0,"Humanities"
"9","90","90s9",9,0,23,1,0,1,1.14285714285714,1.85714285714286,2.85714285714286,1.28571428571429,2,-1,1,1,2,0,1,2,0,0,1,1798,"bystander","target_code_2",2,0,"Engineering","Control","Humanities",1,1,"accept","accept","accept","accept","both_accept","outgroup","outgroup","ingroup","outgroup","outgroup","different",0,"Humanities"
"9","90","90s10",10,0,23,1,0,1,1.14285714285714,1.85714285714286,2.85714285714286,1.28571428571429,1,3,0,1,0,1,2,0,1,0,2,1799,"bystander","target_code_1",0,1,"Control","Humanities","Humanities",0,1,"reject","accept","reject","accept","target_reject_other_accept","outgroup","outgroup","outgroup","outgroup","ingroup","different",0,"Humanities"
"9","90","90s10",10,0,23,1,0,1,1.14285714285714,1.85714285714286,2.85714285714286,1.28571428571429,2,-1,1,0,1,0,2,1,0,0,2,1800,"bystander","target_code_2",1,0,"Humanities","Control","Humanities",1,0,"accept","reject","accept","reject","target_accept_other_reject","outgroup","outgroup","outgroup","ingroup","outgroup","different",0,"Humanities"
"9","91","91s1",1,0,19,3,0,1,2,1.14285714285714,2.57142857142857,1.28571428571429,1,0,1,0,1,0,1,1,0,0,1,1801,"bystander","target_code_1",1,0,"Humanities","Control","Humanities",1,0,"accept","reject","accept","reject","target_accept_other_reject","ingroup","outgroup","ingroup","ingroup","outgroup","different",0,"Humanities"
"9","91","91s1",1,0,19,3,0,1,2,1.14285714285714,2.57142857142857,1.28571428571429,2,0,0,1,0,1,1,0,1,0,1,1802,"bystander","target_code_2",0,1,"Control","Humanities","Humanities",0,1,"reject","accept","reject","accept","target_reject_other_accept","outgroup","ingroup","ingroup","outgroup","ingroup","different",0,"Humanities"
"9","91","91s2",2,0,19,3,0,1,2,1.14285714285714,2.57142857142857,1.28571428571429,1,0,1,1,0,2,2,0,2,0,2,1803,"bystander","target_code_1",0,2,"Control","Engineering","Humanities",1,1,"accept","accept","accept","accept","both_accept","outgroup","ingroup","outgroup","outgroup","outgroup","different",0,"Humanities"
"9","91","91s2",2,0,19,3,0,1,2,1.14285714285714,2.57142857142857,1.28571428571429,2,0,1,1,2,0,2,2,0,0,2,1804,"bystander","target_code_2",2,0,"Engineering","Control","Humanities",1,1,"accept","accept","accept","accept","both_accept","ingroup","outgroup","outgroup","outgroup","outgroup","different",0,"Humanities"
"9","91","91s3",3,0,19,3,0,1,2,1.14285714285714,2.57142857142857,1.28571428571429,1,0,0,1,1,0,1,1,0,0,1,1805,"bystander","target_code_1",1,0,"Humanities","Control","Humanities",0,1,"reject","accept","reject","accept","target_reject_other_accept","ingroup","outgroup","ingroup","ingroup","outgroup","different",0,"Humanities"
"9","91","91s3",3,0,19,3,0,1,2,1.14285714285714,2.57142857142857,1.28571428571429,2,-2,1,0,0,1,1,0,1,0,1,1806,"bystander","target_code_2",0,1,"Control","Humanities","Humanities",1,0,"accept","reject","accept","reject","target_accept_other_reject","outgroup","ingroup","ingroup","outgroup","ingroup","different",0,"Humanities"
"9","91","91s4",4,0,19,3,0,1,2,1.14285714285714,2.57142857142857,1.28571428571429,1,9,0,0,0,2,2,0,2,0,2,1807,"bystander","target_code_1",0,2,"Control","Engineering","Humanities",0,0,"reject","reject","reject","reject","both_reject","outgroup","ingroup","outgroup","outgroup","outgroup","different",0,"Humanities"
"9","91","91s4",4,0,19,3,0,1,2,1.14285714285714,2.57142857142857,1.28571428571429,2,9,0,0,2,0,2,2,0,0,2,1808,"bystander","target_code_2",2,0,"Engineering","Control","Humanities",0,0,"reject","reject","reject","reject","both_reject","ingroup","outgroup","outgroup","outgroup","outgroup","different",0,"Humanities"
"9","91","91s5",5,0,19,3,0,1,2,1.14285714285714,2.57142857142857,1.28571428571429,1,9,0,0,1,2,1,1,2,0,1,1809,"bystander","target_code_1",1,2,"Humanities","Engineering","Humanities",0,0,"reject","reject","reject","reject","both_reject","ingroup","outgroup","ingroup","ingroup","outgroup","different",0,"Humanities"
"9","91","91s5",5,0,19,3,0,1,2,1.14285714285714,2.57142857142857,1.28571428571429,2,9,0,0,2,1,1,2,1,0,1,1810,"bystander","target_code_2",2,1,"Engineering","Humanities","Humanities",0,0,"reject","reject","reject","reject","both_reject","outgroup","ingroup","ingroup","outgroup","ingroup","different",0,"Humanities"
"9","92","92s1",1,0,18,3,0,1,1.85714285714286,2,2.28571428571429,1.71428571428571,1,4,0,1,0,2,2,0,2,0,2,1821,"bystander","target_code_1",0,2,"Control","Engineering","Humanities",0,1,"reject","accept","reject","accept","target_reject_other_accept","outgroup","ingroup","outgroup","outgroup","outgroup","different",0,"Humanities"
"9","92","92s1",1,0,18,3,0,1,1.85714285714286,2,2.28571428571429,1.71428571428571,2,2,1,0,2,0,2,2,0,0,2,1822,"bystander","target_code_2",2,0,"Engineering","Control","Humanities",1,0,"accept","reject","accept","reject","target_accept_other_reject","ingroup","outgroup","outgroup","outgroup","outgroup","different",0,"Humanities"
"9","92","92s2",2,0,18,3,0,1,1.85714285714286,2,2.28571428571429,1.71428571428571,1,-1,1,1,2,1,2,2,1,0,2,1823,"bystander","target_code_1",2,1,"Engineering","Humanities","Humanities",1,1,"accept","accept","accept","accept","both_accept","ingroup","outgroup","outgroup","outgroup","ingroup","different",0,"Humanities"
"9","92","92s2",2,0,18,3,0,1,1.85714285714286,2,2.28571428571429,1.71428571428571,2,-1,1,1,1,2,2,1,2,0,2,1824,"bystander","target_code_2",1,2,"Humanities","Engineering","Humanities",1,1,"accept","accept","accept","accept","both_accept","outgroup","ingroup","outgroup","ingroup","outgroup","different",0,"Humanities"
"9","92","92s3",3,0,18,3,0,1,1.85714285714286,2,2.28571428571429,1.71428571428571,1,4,0,1,0,1,1,0,1,0,1,1825,"bystander","target_code_1",0,1,"Control","Humanities","Humanities",0,1,"reject","accept","reject","accept","target_reject_other_accept","outgroup","ingroup","ingroup","outgroup","ingroup","different",0,"Humanities"
"9","92","92s3",3,0,18,3,0,1,1.85714285714286,2,2.28571428571429,1.71428571428571,2,2,1,0,1,0,1,1,0,0,1,1826,"bystander","target_code_2",1,0,"Humanities","Control","Humanities",1,0,"accept","reject","accept","reject","target_accept_other_reject","ingroup","outgroup","ingroup","ingroup","outgroup","different",0,"Humanities"
"9","92","92s4",4,0,18,3,0,1,1.85714285714286,2,2.28571428571429,1.71428571428571,1,9,0,0,1,2,1,1,2,0,1,1827,"bystander","target_code_1",1,2,"Humanities","Engineering","Humanities",0,0,"reject","reject","reject","reject","both_reject","ingroup","outgroup","ingroup","ingroup","outgroup","different",0,"Humanities"
"9","92","92s4",4,0,18,3,0,1,1.85714285714286,2,2.28571428571429,1.71428571428571,2,9,0,0,2,1,1,2,1,0,1,1828,"bystander","target_code_2",2,1,"Engineering","Humanities","Humanities",0,0,"reject","reject","reject","reject","both_reject","outgroup","ingroup","ingroup","outgroup","ingroup","different",0,"Humanities"
"9","92","92s5",5,0,18,3,0,1,1.85714285714286,2,2.28571428571429,1.71428571428571,1,-2,1,1,0,0,2,0,0,1,2,1829,"bystander","target_code_1",0,0,"Control","Control","Humanities",1,1,"accept","accept","accept","accept","both_accept","outgroup","outgroup","outgroup","outgroup","outgroup","same",1,"Humanities"
"9","92","92s5",5,0,18,3,0,1,1.85714285714286,2,2.28571428571429,1.71428571428571,2,-2,1,1,0,0,2,0,0,1,2,1830,"bystander","target_code_2",0,0,"Control","Control","Humanities",1,1,"accept","accept","accept","accept","both_accept","outgroup","outgroup","outgroup","outgroup","outgroup","same",1,"Humanities"
"9","93","93s6",6,0,20,2,0,1,1.57142857142857,2.42857142857143,2.42857142857143,0.714285714285714,1,5,0,0,1,0,2,1,0,0,2,1851,"bystander","target_code_1",1,0,"Humanities","Control","Humanities",0,0,"reject","reject","reject","reject","both_reject","outgroup","outgroup","outgroup","ingroup","outgroup","different",0,"Humanities"
"9","93","93s6",6,0,20,2,0,1,1.57142857142857,2.42857142857143,2.42857142857143,0.714285714285714,2,5,0,0,0,1,2,0,1,0,2,1852,"bystander","target_code_2",0,1,"Control","Humanities","Humanities",0,0,"reject","reject","reject","reject","both_reject","outgroup","outgroup","outgroup","outgroup","ingroup","different",0,"Humanities"
"9","93","93s7",7,0,20,2,0,1,1.57142857142857,2.42857142857143,2.42857142857143,0.714285714285714,1,5,0,0,1,2,1,1,2,0,1,1853,"bystander","target_code_1",1,2,"Humanities","Engineering","Humanities",0,0,"reject","reject","reject","reject","both_reject","ingroup","outgroup","ingroup","ingroup","outgroup","different",0,"Humanities"
"9","93","93s7",7,0,20,2,0,1,1.57142857142857,2.42857142857143,2.42857142857143,0.714285714285714,2,5,0,0,2,1,1,2,1,0,1,1854,"bystander","target_code_2",2,1,"Engineering","Humanities","Humanities",0,0,"reject","reject","reject","reject","both_reject","outgroup","ingroup","ingroup","outgroup","ingroup","different",0,"Humanities"
"9","93","93s8",8,0,20,2,0,1,1.57142857142857,2.42857142857143,2.42857142857143,0.714285714285714,1,-4,1,1,1,0,1,1,0,0,1,1855,"bystander","target_code_1",1,0,"Humanities","Control","Humanities",1,1,"accept","accept","accept","accept","both_accept","ingroup","outgroup","ingroup","ingroup","outgroup","different",0,"Humanities"
"9","93","93s8",8,0,20,2,0,1,1.57142857142857,2.42857142857143,2.42857142857143,0.714285714285714,2,-4,1,1,0,1,1,0,1,0,1,1856,"bystander","target_code_2",0,1,"Control","Humanities","Humanities",1,1,"accept","accept","accept","accept","both_accept","outgroup","ingroup","ingroup","outgroup","ingroup","different",0,"Humanities"
"9","93","93s9",9,0,20,2,0,1,1.57142857142857,2.42857142857143,2.42857142857143,0.714285714285714,1,5,0,1,0,2,2,0,2,0,2,1857,"bystander","target_code_1",0,2,"Control","Engineering","Humanities",0,1,"reject","accept","reject","accept","target_reject_other_accept","outgroup","ingroup","outgroup","outgroup","outgroup","different",0,"Humanities"
"9","93","93s9",9,0,20,2,0,1,1.57142857142857,2.42857142857143,2.42857142857143,0.714285714285714,2,-5,1,0,2,0,2,2,0,0,2,1858,"bystander","target_code_2",2,0,"Engineering","Control","Humanities",1,0,"accept","reject","accept","reject","target_accept_other_reject","ingroup","outgroup","outgroup","outgroup","outgroup","different",0,"Humanities"
"9","93","93s10",10,0,20,2,0,1,1.57142857142857,2.42857142857143,2.42857142857143,0.714285714285714,1,0,1,1,2,1,2,2,1,0,2,1859,"bystander","target_code_1",2,1,"Engineering","Humanities","Humanities",1,1,"accept","accept","accept","accept","both_accept","ingroup","outgroup","outgroup","outgroup","ingroup","different",0,"Humanities"
"9","93","93s10",10,0,20,2,0,1,1.57142857142857,2.42857142857143,2.42857142857143,0.714285714285714,2,0,1,1,1,2,2,1,2,0,2,1860,"bystander","target_code_2",1,2,"Humanities","Engineering","Humanities",1,1,"accept","accept","accept","accept","both_accept","outgroup","ingroup","outgroup","ingroup","outgroup","different",0,"Humanities"
"9","94","94s6",6,0,22,1,1,2,0.714285714285714,2.28571428571429,2.42857142857143,2,1,9,0,0,2,0,1,1,0,0,2,1871,"bystander","target_code_1",2,0,"Engineering","Control","Engineering",0,0,"reject","reject","reject","reject","both_reject","outgroup","outgroup","outgroup","ingroup","outgroup","different",0,"Engineering"
"9","94","94s6",6,0,22,1,1,2,0.714285714285714,2.28571428571429,2.42857142857143,2,2,9,0,0,0,2,1,0,1,0,2,1872,"bystander","target_code_2",0,2,"Control","Engineering","Engineering",0,0,"reject","reject","reject","reject","both_reject","outgroup","outgroup","outgroup","outgroup","ingroup","different",0,"Engineering"
"9","94","94s7",7,0,22,1,1,2,0.714285714285714,2.28571428571429,2.42857142857143,2,1,9,0,0,0,0,1,0,0,1,2,1873,"bystander","target_code_1",0,0,"Control","Control","Engineering",0,0,"reject","reject","reject","reject","both_reject","outgroup","outgroup","outgroup","outgroup","outgroup","same",1,"Engineering"
"9","94","94s7",7,0,22,1,1,2,0.714285714285714,2.28571428571429,2.42857142857143,2,2,9,0,0,0,0,1,0,0,1,2,1874,"bystander","target_code_2",0,0,"Control","Control","Engineering",0,0,"reject","reject","reject","reject","both_reject","outgroup","outgroup","outgroup","outgroup","outgroup","same",1,"Engineering"
"9","94","94s8",8,0,22,1,1,2,0.714285714285714,2.28571428571429,2.42857142857143,2,1,9,0,0,1,0,1,2,0,0,2,1875,"bystander","target_code_1",1,0,"Humanities","Control","Engineering",0,0,"reject","reject","reject","reject","both_reject","ingroup","outgroup","outgroup","outgroup","outgroup","different",0,"Engineering"
"9","94","94s8",8,0,22,1,1,2,0.714285714285714,2.28571428571429,2.42857142857143,2,2,9,0,0,0,1,1,0,2,0,2,1876,"bystander","target_code_2",0,1,"Control","Humanities","Engineering",0,0,"reject","reject","reject","reject","both_reject","outgroup","ingroup","outgroup","outgroup","outgroup","different",0,"Engineering"
"9","94","94s9",9,0,22,1,1,2,0.714285714285714,2.28571428571429,2.42857142857143,2,1,-5,1,1,0,1,2,0,2,0,1,1877,"bystander","target_code_1",0,1,"Control","Humanities","Engineering",1,1,"accept","accept","accept","accept","both_accept","outgroup","outgroup","ingroup","outgroup","outgroup","different",0,"Engineering"
"9","94","94s9",9,0,22,1,1,2,0.714285714285714,2.28571428571429,2.42857142857143,2,2,-7,1,1,1,0,2,2,0,0,1,1878,"bystander","target_code_2",1,0,"Humanities","Control","Engineering",1,1,"accept","accept","accept","accept","both_accept","outgroup","outgroup","ingroup","outgroup","outgroup","different",0,"Engineering"
"9","94","94s10",10,0,22,1,1,2,0.714285714285714,2.28571428571429,2.42857142857143,2,1,-6,1,0,2,0,1,1,0,0,2,1879,"bystander","target_code_1",2,0,"Engineering","Control","Engineering",1,0,"accept","reject","accept","reject","target_accept_other_reject","outgroup","outgroup","outgroup","ingroup","outgroup","different",0,"Engineering"
"9","94","94s10",10,0,22,1,1,2,0.714285714285714,2.28571428571429,2.42857142857143,2,2,9,0,1,0,2,1,0,1,0,2,1880,"bystander","target_code_2",0,2,"Control","Engineering","Engineering",0,1,"reject","accept","reject","accept","target_reject_other_accept","outgroup","outgroup","outgroup","outgroup","ingroup","different",0,"Engineering"
"9","95","95s1",1,0,18,3,1,1,1.71428571428571,2.85714285714286,2.42857142857143,2.14285714285714,1,-5,1,1,2,0,2,2,0,0,2,1881,"bystander","target_code_1",2,0,"Engineering","Control","Humanities",1,1,"accept","accept","accept","accept","both_accept","ingroup","outgroup","outgroup","outgroup","outgroup","different",0,"Humanities"
"9","95","95s1",1,0,18,3,1,1,1.71428571428571,2.85714285714286,2.42857142857143,2.14285714285714,2,-5,1,1,0,2,2,0,2,0,2,1882,"bystander","target_code_2",0,2,"Control","Engineering","Humanities",1,1,"accept","accept","accept","accept","both_accept","outgroup","ingroup","outgroup","outgroup","outgroup","different",0,"Humanities"
"9","95","95s2",2,0,18,3,1,1,1.71428571428571,2.85714285714286,2.42857142857143,2.14285714285714,1,-6,1,0,1,1,2,1,1,1,2,1883,"bystander","target_code_1",1,1,"Humanities","Humanities","Humanities",1,0,"accept","reject","accept","reject","target_accept_other_reject","outgroup","outgroup","outgroup","ingroup","ingroup","same",1,"Humanities"
"9","95","95s2",2,0,18,3,1,1,1.71428571428571,2.85714285714286,2.42857142857143,2.14285714285714,2,9,0,1,1,1,2,1,1,1,2,1884,"bystander","target_code_2",1,1,"Humanities","Humanities","Humanities",0,1,"reject","accept","reject","accept","target_reject_other_accept","outgroup","outgroup","outgroup","ingroup","ingroup","same",1,"Humanities"
"9","95","95s3",3,0,18,3,1,1,1.71428571428571,2.85714285714286,2.42857142857143,2.14285714285714,1,-6,1,0,0,2,2,0,2,0,2,1885,"bystander","target_code_1",0,2,"Control","Engineering","Humanities",1,0,"accept","reject","accept","reject","target_accept_other_reject","outgroup","ingroup","outgroup","outgroup","outgroup","different",0,"Humanities"
"9","95","95s3",3,0,18,3,1,1,1.71428571428571,2.85714285714286,2.42857142857143,2.14285714285714,2,9,0,1,2,0,2,2,0,0,2,1886,"bystander","target_code_2",2,0,"Engineering","Control","Humanities",0,1,"reject","accept","reject","accept","target_reject_other_accept","ingroup","outgroup","outgroup","outgroup","outgroup","different",0,"Humanities"
"9","95","95s4",4,0,18,3,1,1,1.71428571428571,2.85714285714286,2.42857142857143,2.14285714285714,1,9,0,0,0,2,2,0,2,0,2,1887,"bystander","target_code_1",0,2,"Control","Engineering","Humanities",0,0,"reject","reject","reject","reject","both_reject","outgroup","ingroup","outgroup","outgroup","outgroup","different",0,"Humanities"
"9","95","95s4",4,0,18,3,1,1,1.71428571428571,2.85714285714286,2.42857142857143,2.14285714285714,2,9,0,0,2,0,2,2,0,0,2,1888,"bystander","target_code_2",2,0,"Engineering","Control","Humanities",0,0,"reject","reject","reject","reject","both_reject","ingroup","outgroup","outgroup","outgroup","outgroup","different",0,"Humanities"
"9","95","95s5",5,0,18,3,1,1,1.71428571428571,2.85714285714286,2.42857142857143,2.14285714285714,1,-6,1,1,2,1,1,2,1,0,1,1889,"bystander","target_code_1",2,1,"Engineering","Humanities","Humanities",1,1,"accept","accept","accept","accept","both_accept","outgroup","ingroup","ingroup","outgroup","ingroup","different",0,"Humanities"
"9","95","95s5",5,0,18,3,1,1,1.71428571428571,2.85714285714286,2.42857142857143,2.14285714285714,2,-6,1,1,1,2,1,1,2,0,1,1890,"bystander","target_code_2",1,2,"Humanities","Engineering","Humanities",1,1,"accept","accept","accept","accept","both_accept","ingroup","outgroup","ingroup","ingroup","outgroup","different",0,"Humanities"
"9","96","96s6",6,0,21,3,1,2,1.71428571428571,3,2.42857142857143,1.85714285714286,1,0,0,1,0,0,1,0,0,1,2,1911,"bystander","target_code_1",0,0,"Control","Control","Engineering",0,1,"reject","accept","reject","accept","target_reject_other_accept","outgroup","outgroup","outgroup","outgroup","outgroup","same",1,"Engineering"
"9","96","96s6",6,0,21,3,1,2,1.71428571428571,3,2.42857142857143,1.85714285714286,2,0,1,0,0,0,1,0,0,1,2,1912,"bystander","target_code_2",0,0,"Control","Control","Engineering",1,0,"accept","reject","accept","reject","target_accept_other_reject","outgroup","outgroup","outgroup","outgroup","outgroup","same",1,"Engineering"
"9","96","96s7",7,0,21,3,1,2,1.71428571428571,3,2.42857142857143,1.85714285714286,1,-1,1,0,2,0,2,1,0,0,1,1913,"bystander","target_code_1",2,0,"Engineering","Control","Engineering",1,0,"accept","reject","accept","reject","target_accept_other_reject","ingroup","outgroup","ingroup","ingroup","outgroup","different",0,"Engineering"
"9","96","96s7",7,0,21,3,1,2,1.71428571428571,3,2.42857142857143,1.85714285714286,2,-1,0,1,0,2,2,0,1,0,1,1914,"bystander","target_code_2",0,2,"Control","Engineering","Engineering",0,1,"reject","accept","reject","accept","target_reject_other_accept","outgroup","ingroup","ingroup","outgroup","ingroup","different",0,"Engineering"
"9","96","96s8",8,0,21,3,1,2,1.71428571428571,3,2.42857142857143,1.85714285714286,1,-1,0,1,0,0,2,0,0,1,1,1915,"bystander","target_code_1",0,0,"Control","Control","Engineering",0,1,"reject","accept","reject","accept","target_reject_other_accept","outgroup","outgroup","ingroup","outgroup","outgroup","same",1,"Engineering"
"9","96","96s8",8,0,21,3,1,2,1.71428571428571,3,2.42857142857143,1.85714285714286,2,-1,1,0,0,0,2,0,0,1,1,1916,"bystander","target_code_2",0,0,"Control","Control","Engineering",1,0,"accept","reject","accept","reject","target_accept_other_reject","outgroup","outgroup","ingroup","outgroup","outgroup","same",1,"Engineering"
"9","96","96s9",9,0,21,3,1,2,1.71428571428571,3,2.42857142857143,1.85714285714286,1,0,1,0,1,1,2,2,2,1,1,1917,"bystander","target_code_1",1,1,"Humanities","Humanities","Engineering",1,0,"accept","reject","accept","reject","target_accept_other_reject","outgroup","outgroup","ingroup","outgroup","outgroup","same",1,"Engineering"
"9","96","96s9",9,0,21,3,1,2,1.71428571428571,3,2.42857142857143,1.85714285714286,2,0,0,1,1,1,2,2,2,1,1,1918,"bystander","target_code_2",1,1,"Humanities","Humanities","Engineering",0,1,"reject","accept","reject","accept","target_reject_other_accept","outgroup","outgroup","ingroup","outgroup","outgroup","same",1,"Engineering"
"9","96","96s10",10,0,21,3,1,2,1.71428571428571,3,2.42857142857143,1.85714285714286,1,0,1,1,1,2,2,2,1,0,1,1919,"bystander","target_code_1",1,2,"Humanities","Engineering","Engineering",1,1,"accept","accept","accept","accept","both_accept","outgroup","ingroup","ingroup","outgroup","ingroup","different",0,"Engineering"
"9","96","96s10",10,0,21,3,1,2,1.71428571428571,3,2.42857142857143,1.85714285714286,2,0,1,1,2,1,2,1,2,0,1,1920,"bystander","target_code_2",2,1,"Engineering","Humanities","Engineering",1,1,"accept","accept","accept","accept","both_accept","ingroup","outgroup","ingroup","ingroup","outgroup","different",0,"Engineering"
"9","97","97s1",1,0,18,1,1,1,1.57142857142857,2.42857142857143,2.71428571428571,1.57142857142857,1,-5,0,1,1,2,2,1,2,0,2,1921,"bystander","target_code_1",1,2,"Humanities","Engineering","Humanities",0,1,"reject","accept","reject","accept","target_reject_other_accept","outgroup","ingroup","outgroup","ingroup","outgroup","different",0,"Humanities"
"9","97","97s1",1,0,18,1,1,1,1.57142857142857,2.42857142857143,2.71428571428571,1.57142857142857,2,-6,1,0,2,1,2,2,1,0,2,1922,"bystander","target_code_2",2,1,"Engineering","Humanities","Humanities",1,0,"accept","reject","accept","reject","target_accept_other_reject","ingroup","outgroup","outgroup","outgroup","ingroup","different",0,"Humanities"
"9","97","97s2",2,0,18,1,1,1,1.57142857142857,2.42857142857143,2.71428571428571,1.57142857142857,1,9,0,0,2,2,1,2,2,1,1,1923,"bystander","target_code_1",2,2,"Engineering","Engineering","Humanities",0,0,"reject","reject","reject","reject","both_reject","outgroup","outgroup","ingroup","outgroup","outgroup","same",1,"Humanities"
"9","97","97s2",2,0,18,1,1,1,1.57142857142857,2.42857142857143,2.71428571428571,1.57142857142857,2,9,0,0,2,2,1,2,2,1,1,1924,"bystander","target_code_2",2,2,"Engineering","Engineering","Humanities",0,0,"reject","reject","reject","reject","both_reject","outgroup","outgroup","ingroup","outgroup","outgroup","same",1,"Humanities"
"9","97","97s3",3,0,18,1,1,1,1.57142857142857,2.42857142857143,2.71428571428571,1.57142857142857,1,-5,0,1,0,1,1,0,1,0,1,1925,"bystander","target_code_1",0,1,"Control","Humanities","Humanities",0,1,"reject","accept","reject","accept","target_reject_other_accept","outgroup","ingroup","ingroup","outgroup","ingroup","different",0,"Humanities"
"9","97","97s3",3,0,18,1,1,1,1.57142857142857,2.42857142857143,2.71428571428571,1.57142857142857,2,-6,1,0,1,0,1,1,0,0,1,1926,"bystander","target_code_2",1,0,"Humanities","Control","Humanities",1,0,"accept","reject","accept","reject","target_accept_other_reject","ingroup","outgroup","ingroup","ingroup","outgroup","different",0,"Humanities"
"9","97","97s4",4,0,18,1,1,1,1.57142857142857,2.42857142857143,2.71428571428571,1.57142857142857,1,5,1,1,1,2,2,1,2,0,2,1927,"bystander","target_code_1",1,2,"Humanities","Engineering","Humanities",1,1,"accept","accept","accept","accept","both_accept","outgroup","ingroup","outgroup","ingroup","outgroup","different",0,"Humanities"
"9","97","97s4",4,0,18,1,1,1,1.57142857142857,2.42857142857143,2.71428571428571,1.57142857142857,2,5,1,1,2,1,2,2,1,0,2,1928,"bystander","target_code_2",2,1,"Engineering","Humanities","Humanities",1,1,"accept","accept","accept","accept","both_accept","ingroup","outgroup","outgroup","outgroup","ingroup","different",0,"Humanities"
"9","97","97s5",5,0,18,1,1,1,1.57142857142857,2.42857142857143,2.71428571428571,1.57142857142857,1,9,0,0,1,0,1,1,0,0,1,1929,"bystander","target_code_1",1,0,"Humanities","Control","Humanities",0,0,"reject","reject","reject","reject","both_reject","ingroup","outgroup","ingroup","ingroup","outgroup","different",0,"Humanities"
"9","97","97s5",5,0,18,1,1,1,1.57142857142857,2.42857142857143,2.71428571428571,1.57142857142857,2,9,0,0,0,1,1,0,1,0,1,1930,"bystander","target_code_2",0,1,"Control","Humanities","Humanities",0,0,"reject","reject","reject","reject","both_reject","outgroup","ingroup","ingroup","outgroup","ingroup","different",0,"Humanities"
"9","98","98s1",1,0,21,1,0,2,1.85714285714286,2.42857142857143,2.28571428571429,2.28571428571429,1,1,1,1,0,2,2,0,1,0,1,1941,"bystander","target_code_1",0,2,"Control","Engineering","Engineering",1,1,"accept","accept","accept","accept","both_accept","outgroup","ingroup","ingroup","outgroup","ingroup","different",0,"Engineering"
"9","98","98s1",1,0,21,1,0,2,1.85714285714286,2.42857142857143,2.28571428571429,2.28571428571429,2,1,1,1,2,0,2,1,0,0,1,1942,"bystander","target_code_2",2,0,"Engineering","Control","Engineering",1,1,"accept","accept","accept","accept","both_accept","ingroup","outgroup","ingroup","ingroup","outgroup","different",0,"Engineering"
"9","98","98s2",2,0,21,1,0,2,1.85714285714286,2.42857142857143,2.28571428571429,2.28571428571429,1,3,0,1,1,0,1,2,0,0,2,1943,"bystander","target_code_1",1,0,"Humanities","Control","Engineering",0,1,"reject","accept","reject","accept","target_reject_other_accept","ingroup","outgroup","outgroup","outgroup","outgroup","different",0,"Engineering"
"9","98","98s2",2,0,21,1,0,2,1.85714285714286,2.42857142857143,2.28571428571429,2.28571428571429,2,-1,1,0,0,1,1,0,2,0,2,1944,"bystander","target_code_2",0,1,"Control","Humanities","Engineering",1,0,"accept","reject","accept","reject","target_accept_other_reject","outgroup","ingroup","outgroup","outgroup","outgroup","different",0,"Engineering"
"9","98","98s3",3,0,21,1,0,2,1.85714285714286,2.42857142857143,2.28571428571429,2.28571428571429,1,-1,1,1,0,2,2,0,1,0,1,1945,"bystander","target_code_1",0,2,"Control","Engineering","Engineering",1,1,"accept","accept","accept","accept","both_accept","outgroup","ingroup","ingroup","outgroup","ingroup","different",0,"Engineering"
"9","98","98s3",3,0,21,1,0,2,1.85714285714286,2.42857142857143,2.28571428571429,2.28571428571429,2,-1,1,1,2,0,2,1,0,0,1,1946,"bystander","target_code_2",2,0,"Engineering","Control","Engineering",1,1,"accept","accept","accept","accept","both_accept","ingroup","outgroup","ingroup","ingroup","outgroup","different",0,"Engineering"
"9","98","98s4",4,0,21,1,0,2,1.85714285714286,2.42857142857143,2.28571428571429,2.28571428571429,1,-1,1,0,2,0,1,1,0,0,2,1947,"bystander","target_code_1",2,0,"Engineering","Control","Engineering",1,0,"accept","reject","accept","reject","target_accept_other_reject","outgroup","outgroup","outgroup","ingroup","outgroup","different",0,"Engineering"
"9","98","98s4",4,0,21,1,0,2,1.85714285714286,2.42857142857143,2.28571428571429,2.28571428571429,2,2,0,1,0,2,1,0,1,0,2,1948,"bystander","target_code_2",0,2,"Control","Engineering","Engineering",0,1,"reject","accept","reject","accept","target_reject_other_accept","outgroup","outgroup","outgroup","outgroup","ingroup","different",0,"Engineering"
"9","98","98s5",5,0,21,1,0,2,1.85714285714286,2.42857142857143,2.28571428571429,2.28571428571429,1,2,0,1,0,0,2,0,0,1,1,1949,"bystander","target_code_1",0,0,"Control","Control","Engineering",0,1,"reject","accept","reject","accept","target_reject_other_accept","outgroup","outgroup","ingroup","outgroup","outgroup","same",1,"Engineering"
"9","98","98s5",5,0,21,1,0,2,1.85714285714286,2.42857142857143,2.28571428571429,2.28571428571429,2,-2,1,0,0,0,2,0,0,1,1,1950,"bystander","target_code_2",0,0,"Control","Control","Engineering",1,0,"accept","reject","accept","reject","target_accept_other_reject","outgroup","outgroup","ingroup","outgroup","outgroup","same",1,"Engineering"
"9","99","99s6",6,0,19,3,0,1,3.57142857142857,3.42857142857143,3.14285714285714,1.57142857142857,1,-3,1,0,0,0,2,0,0,1,2,1971,"bystander","target_code_1",0,0,"Control","Control","Humanities",1,0,"accept","reject","accept","reject","target_accept_other_reject","outgroup","outgroup","outgroup","outgroup","outgroup","same",1,"Humanities"
"9","99","99s6",6,0,19,3,0,1,3.57142857142857,3.42857142857143,3.14285714285714,1.57142857142857,2,9,0,1,0,0,2,0,0,1,2,1972,"bystander","target_code_2",0,0,"Control","Control","Humanities",0,1,"reject","accept","reject","accept","target_reject_other_accept","outgroup","outgroup","outgroup","outgroup","outgroup","same",1,"Humanities"
"9","99","99s7",7,0,19,3,0,1,3.57142857142857,3.42857142857143,3.14285714285714,1.57142857142857,1,9,0,0,2,0,1,2,0,0,1,1973,"bystander","target_code_1",2,0,"Engineering","Control","Humanities",0,0,"reject","reject","reject","reject","both_reject","outgroup","outgroup","ingroup","outgroup","outgroup","different",0,"Humanities"
"9","99","99s7",7,0,19,3,0,1,3.57142857142857,3.42857142857143,3.14285714285714,1.57142857142857,2,9,0,0,0,2,1,0,2,0,1,1974,"bystander","target_code_2",0,2,"Control","Engineering","Humanities",0,0,"reject","reject","reject","reject","both_reject","outgroup","outgroup","ingroup","outgroup","outgroup","different",0,"Humanities"
"9","99","99s8",8,0,19,3,0,1,3.57142857142857,3.42857142857143,3.14285714285714,1.57142857142857,1,-3,1,1,1,2,2,1,2,0,2,1975,"bystander","target_code_1",1,2,"Humanities","Engineering","Humanities",1,1,"accept","accept","accept","accept","both_accept","outgroup","ingroup","outgroup","ingroup","outgroup","different",0,"Humanities"
"9","99","99s8",8,0,19,3,0,1,3.57142857142857,3.42857142857143,3.14285714285714,1.57142857142857,2,-3,1,1,2,1,2,2,1,0,2,1976,"bystander","target_code_2",2,1,"Engineering","Humanities","Humanities",1,1,"accept","accept","accept","accept","both_accept","ingroup","outgroup","outgroup","outgroup","ingroup","different",0,"Humanities"
"9","99","99s9",9,0,19,3,0,1,3.57142857142857,3.42857142857143,3.14285714285714,1.57142857142857,1,9,0,0,2,1,2,2,1,0,2,1977,"bystander","target_code_1",2,1,"Engineering","Humanities","Humanities",0,0,"reject","reject","reject","reject","both_reject","ingroup","outgroup","outgroup","outgroup","ingroup","different",0,"Humanities"
"9","99","99s9",9,0,19,3,0,1,3.57142857142857,3.42857142857143,3.14285714285714,1.57142857142857,2,9,0,0,1,2,2,1,2,0,2,1978,"bystander","target_code_2",1,2,"Humanities","Engineering","Humanities",0,0,"reject","reject","reject","reject","both_reject","outgroup","ingroup","outgroup","ingroup","outgroup","different",0,"Humanities"
"9","99","99s10",10,0,19,3,0,1,3.57142857142857,3.42857142857143,3.14285714285714,1.57142857142857,1,-3,1,0,2,0,1,2,0,0,1,1979,"bystander","target_code_1",2,0,"Engineering","Control","Humanities",1,0,"accept","reject","accept","reject","target_accept_other_reject","outgroup","outgroup","ingroup","outgroup","outgroup","different",0,"Humanities"
"9","99","99s10",10,0,19,3,0,1,3.57142857142857,3.42857142857143,3.14285714285714,1.57142857142857,2,9,0,1,0,2,1,0,2,0,1,1980,"bystander","target_code_2",0,2,"Control","Engineering","Humanities",0,1,"reject","accept","reject","accept","target_reject_other_accept","outgroup","outgroup","ingroup","outgroup","outgroup","different",0,"Humanities"
"9","100","100s6",6,0,19,1,0,1,1.57142857142857,2.57142857142857,2.71428571428571,0.571428571428571,1,9,0,1,0,1,1,0,1,0,1,1991,"bystander","target_code_1",0,1,"Control","Humanities","Humanities",0,1,"reject","accept","reject","accept","target_reject_other_accept","outgroup","ingroup","ingroup","outgroup","ingroup","different",0,"Humanities"
"9","100","100s6",6,0,19,1,0,1,1.57142857142857,2.57142857142857,2.71428571428571,0.571428571428571,2,-1,1,0,1,0,1,1,0,0,1,1992,"bystander","target_code_2",1,0,"Humanities","Control","Humanities",1,0,"accept","reject","accept","reject","target_accept_other_reject","ingroup","outgroup","ingroup","ingroup","outgroup","different",0,"Humanities"
"9","100","100s7",7,0,19,1,0,1,1.57142857142857,2.57142857142857,2.71428571428571,0.571428571428571,1,9,0,0,1,1,1,1,1,1,1,1993,"bystander","target_code_1",1,1,"Humanities","Humanities","Humanities",0,0,"reject","reject","reject","reject","both_reject","ingroup","ingroup","ingroup","ingroup","ingroup","same",1,"Humanities"
"9","100","100s7",7,0,19,1,0,1,1.57142857142857,2.57142857142857,2.71428571428571,0.571428571428571,2,9,0,0,1,1,1,1,1,1,1,1994,"bystander","target_code_2",1,1,"Humanities","Humanities","Humanities",0,0,"reject","reject","reject","reject","both_reject","ingroup","ingroup","ingroup","ingroup","ingroup","same",1,"Humanities"
"9","100","100s8",8,0,19,1,0,1,1.57142857142857,2.57142857142857,2.71428571428571,0.571428571428571,1,-1,1,1,2,1,2,2,1,0,2,1995,"bystander","target_code_1",2,1,"Engineering","Humanities","Humanities",1,1,"accept","accept","accept","accept","both_accept","ingroup","outgroup","outgroup","outgroup","ingroup","different",0,"Humanities"
"9","100","100s8",8,0,19,1,0,1,1.57142857142857,2.57142857142857,2.71428571428571,0.571428571428571,2,-1,1,1,1,2,2,1,2,0,2,1996,"bystander","target_code_2",1,2,"Humanities","Engineering","Humanities",1,1,"accept","accept","accept","accept","both_accept","outgroup","ingroup","outgroup","ingroup","outgroup","different",0,"Humanities"
"9","100","100s9",9,0,19,1,0,1,1.57142857142857,2.57142857142857,2.71428571428571,0.571428571428571,1,9,0,0,2,2,2,2,2,1,2,1997,"bystander","target_code_1",2,2,"Engineering","Engineering","Humanities",0,0,"reject","reject","reject","reject","both_reject","ingroup","ingroup","outgroup","outgroup","outgroup","same",1,"Humanities"
"9","100","100s9",9,0,19,1,0,1,1.57142857142857,2.57142857142857,2.71428571428571,0.571428571428571,2,9,0,0,2,2,2,2,2,1,2,1998,"bystander","target_code_2",2,2,"Engineering","Engineering","Humanities",0,0,"reject","reject","reject","reject","both_reject","ingroup","ingroup","outgroup","outgroup","outgroup","same",1,"Humanities"
"9","100","100s10",10,0,19,1,0,1,1.57142857142857,2.57142857142857,2.71428571428571,0.571428571428571,1,-1,1,1,2,0,2,2,0,0,2,1999,"bystander","target_code_1",2,0,"Engineering","Control","Humanities",1,1,"accept","accept","accept","accept","both_accept","ingroup","outgroup","outgroup","outgroup","outgroup","different",0,"Humanities"
"9","100","100s10",10,0,19,1,0,1,1.57142857142857,2.57142857142857,2.71428571428571,0.571428571428571,2,-1,1,1,0,2,2,0,2,0,2,2000,"bystander","target_code_2",0,2,"Control","Engineering","Humanities",1,1,"accept","accept","accept","accept","both_accept","outgroup","ingroup","outgroup","outgroup","outgroup","different",0,"Humanities"
"10","101","101s6",6,0,18,1,0,2,1,2.57142857142857,2.85714285714286,0.857142857142857,1,-9,1,0,0,1,2,0,2,0,1,2011,"bystander","target_code_1",0,1,"Control","Humanities","Engineering",1,0,"accept","reject","accept","reject","target_accept_other_reject","outgroup","outgroup","ingroup","outgroup","outgroup","different",0,"Engineering"
"10","101","101s6",6,0,18,1,0,2,1,2.57142857142857,2.85714285714286,0.857142857142857,2,9,0,1,1,0,2,2,0,0,1,2012,"bystander","target_code_2",1,0,"Humanities","Control","Engineering",0,1,"reject","accept","reject","accept","target_reject_other_accept","outgroup","outgroup","ingroup","outgroup","outgroup","different",0,"Engineering"
"10","101","101s7",7,0,18,1,0,2,1,2.57142857142857,2.85714285714286,0.857142857142857,1,-9,1,0,1,2,2,2,1,0,1,2013,"bystander","target_code_1",1,2,"Humanities","Engineering","Engineering",1,0,"accept","reject","accept","reject","target_accept_other_reject","outgroup","ingroup","ingroup","outgroup","ingroup","different",0,"Engineering"
"10","101","101s7",7,0,18,1,0,2,1,2.57142857142857,2.85714285714286,0.857142857142857,2,9,0,1,2,1,2,1,2,0,1,2014,"bystander","target_code_2",2,1,"Engineering","Humanities","Engineering",0,1,"reject","accept","reject","accept","target_reject_other_accept","ingroup","outgroup","ingroup","ingroup","outgroup","different",0,"Engineering"
"10","101","101s8",8,0,18,1,0,2,1,2.57142857142857,2.85714285714286,0.857142857142857,1,9,0,0,1,2,2,2,1,0,1,2015,"bystander","target_code_1",1,2,"Humanities","Engineering","Engineering",0,0,"reject","reject","reject","reject","both_reject","outgroup","ingroup","ingroup","outgroup","ingroup","different",0,"Engineering"
"10","101","101s8",8,0,18,1,0,2,1,2.57142857142857,2.85714285714286,0.857142857142857,2,9,0,0,2,1,2,1,2,0,1,2016,"bystander","target_code_2",2,1,"Engineering","Humanities","Engineering",0,0,"reject","reject","reject","reject","both_reject","ingroup","outgroup","ingroup","ingroup","outgroup","different",0,"Engineering"
"10","101","101s9",9,0,18,1,0,2,1,2.57142857142857,2.85714285714286,0.857142857142857,1,-9,1,0,1,1,2,2,2,1,1,2017,"bystander","target_code_1",1,1,"Humanities","Humanities","Engineering",1,0,"accept","reject","accept","reject","target_accept_other_reject","outgroup","outgroup","ingroup","outgroup","outgroup","same",1,"Engineering"
"10","101","101s9",9,0,18,1,0,2,1,2.57142857142857,2.85714285714286,0.857142857142857,2,9,0,1,1,1,2,2,2,1,1,2018,"bystander","target_code_2",1,1,"Humanities","Humanities","Engineering",0,1,"reject","accept","reject","accept","target_reject_other_accept","outgroup","outgroup","ingroup","outgroup","outgroup","same",1,"Engineering"
"10","101","101s10",10,0,18,1,0,2,1,2.57142857142857,2.85714285714286,0.857142857142857,1,-9,1,0,2,1,1,1,2,0,2,2019,"bystander","target_code_1",2,1,"Engineering","Humanities","Engineering",1,0,"accept","reject","accept","reject","target_accept_other_reject","outgroup","ingroup","outgroup","ingroup","outgroup","different",0,"Engineering"
"10","101","101s10",10,0,18,1,0,2,1,2.57142857142857,2.85714285714286,0.857142857142857,2,9,0,1,1,2,1,2,1,0,2,2020,"bystander","target_code_2",1,2,"Humanities","Engineering","Engineering",0,1,"reject","accept","reject","accept","target_reject_other_accept","ingroup","outgroup","outgroup","outgroup","ingroup","different",0,"Engineering"
"10","102","102s1",1,0,18,3,0,2,0.714285714285714,2,2.14285714285714,2.85714285714286,1,2,1,0,1,1,2,2,2,1,1,2021,"bystander","target_code_1",1,1,"Humanities","Humanities","Engineering",1,0,"accept","reject","accept","reject","target_accept_other_reject","outgroup","outgroup","ingroup","outgroup","outgroup","same",1,"Engineering"
"10","102","102s1",1,0,18,3,0,2,0.714285714285714,2,2.14285714285714,2.85714285714286,2,4,0,1,1,1,2,2,2,1,1,2022,"bystander","target_code_2",1,1,"Humanities","Humanities","Engineering",0,1,"reject","accept","reject","accept","target_reject_other_accept","outgroup","outgroup","ingroup","outgroup","outgroup","same",1,"Engineering"
"10","102","102s2",2,0,18,3,0,2,0.714285714285714,2,2.14285714285714,2.85714285714286,1,6,0,1,0,2,1,0,1,0,2,2023,"bystander","target_code_1",0,2,"Control","Engineering","Engineering",0,1,"reject","accept","reject","accept","target_reject_other_accept","outgroup","outgroup","outgroup","outgroup","ingroup","different",0,"Engineering"
"10","102","102s2",2,0,18,3,0,2,0.714285714285714,2,2.14285714285714,2.85714285714286,2,2,1,0,2,0,1,1,0,0,2,2024,"bystander","target_code_2",2,0,"Engineering","Control","Engineering",1,0,"accept","reject","accept","reject","target_accept_other_reject","outgroup","outgroup","outgroup","ingroup","outgroup","different",0,"Engineering"
"10","102","102s3",3,0,18,3,0,2,0.714285714285714,2,2.14285714285714,2.85714285714286,1,2,1,0,1,2,2,2,1,0,1,2025,"bystander","target_code_1",1,2,"Humanities","Engineering","Engineering",1,0,"accept","reject","accept","reject","target_accept_other_reject","outgroup","ingroup","ingroup","outgroup","ingroup","different",0,"Engineering"
"10","102","102s3",3,0,18,3,0,2,0.714285714285714,2,2.14285714285714,2.85714285714286,2,6,0,1,2,1,2,1,2,0,1,2026,"bystander","target_code_2",2,1,"Engineering","Humanities","Engineering",0,1,"reject","accept","reject","accept","target_reject_other_accept","ingroup","outgroup","ingroup","ingroup","outgroup","different",0,"Engineering"
"10","102","102s4",4,0,18,3,0,2,0.714285714285714,2,2.14285714285714,2.85714285714286,1,6,0,1,2,2,2,1,1,1,1,2027,"bystander","target_code_1",2,2,"Engineering","Engineering","Engineering",0,1,"reject","accept","reject","accept","target_reject_other_accept","ingroup","ingroup","ingroup","ingroup","ingroup","same",1,"Engineering"
"10","102","102s4",4,0,18,3,0,2,0.714285714285714,2,2.14285714285714,2.85714285714286,2,2,1,0,2,2,2,1,1,1,1,2028,"bystander","target_code_2",2,2,"Engineering","Engineering","Engineering",1,0,"accept","reject","accept","reject","target_accept_other_reject","ingroup","ingroup","ingroup","ingroup","ingroup","same",1,"Engineering"
"10","102","102s5",5,0,18,3,0,2,0.714285714285714,2,2.14285714285714,2.85714285714286,1,2,1,1,2,1,1,1,2,0,2,2029,"bystander","target_code_1",2,1,"Engineering","Humanities","Engineering",1,1,"accept","accept","accept","accept","both_accept","outgroup","ingroup","outgroup","ingroup","outgroup","different",0,"Engineering"
"10","102","102s5",5,0,18,3,0,2,0.714285714285714,2,2.14285714285714,2.85714285714286,2,2,1,1,1,2,1,2,1,0,2,2030,"bystander","target_code_2",1,2,"Humanities","Engineering","Engineering",1,1,"accept","accept","accept","accept","both_accept","ingroup","outgroup","outgroup","outgroup","ingroup","different",0,"Engineering"
"10","103","103s1",1,0,27,1,1,1,2.71428571428571,3.71428571428571,2.85714285714286,2.42857142857143,1,3,1,0,1,1,1,1,1,1,1,2041,"bystander","target_code_1",1,1,"Humanities","Humanities","Humanities",1,0,"accept","reject","accept","reject","target_accept_other_reject","ingroup","ingroup","ingroup","ingroup","ingroup","same",1,"Humanities"
"10","103","103s1",1,0,27,1,1,1,2.71428571428571,3.71428571428571,2.85714285714286,2.42857142857143,2,9,0,1,1,1,1,1,1,1,1,2042,"bystander","target_code_2",1,1,"Humanities","Humanities","Humanities",0,1,"reject","accept","reject","accept","target_reject_other_accept","ingroup","ingroup","ingroup","ingroup","ingroup","same",1,"Humanities"
"10","103","103s2",2,0,27,1,1,1,2.71428571428571,3.71428571428571,2.85714285714286,2.42857142857143,1,9,0,1,0,0,1,0,0,1,1,2043,"bystander","target_code_1",0,0,"Control","Control","Humanities",0,1,"reject","accept","reject","accept","target_reject_other_accept","outgroup","outgroup","ingroup","outgroup","outgroup","same",1,"Humanities"
"10","103","103s2",2,0,27,1,1,1,2.71428571428571,3.71428571428571,2.85714285714286,2.42857142857143,2,3,1,0,0,0,1,0,0,1,1,2044,"bystander","target_code_2",0,0,"Control","Control","Humanities",1,0,"accept","reject","accept","reject","target_accept_other_reject","outgroup","outgroup","ingroup","outgroup","outgroup","same",1,"Humanities"
"10","103","103s3",3,0,27,1,1,1,2.71428571428571,3.71428571428571,2.85714285714286,2.42857142857143,1,9,0,0,1,2,2,1,2,0,2,2045,"bystander","target_code_1",1,2,"Humanities","Engineering","Humanities",0,0,"reject","reject","reject","reject","both_reject","outgroup","ingroup","outgroup","ingroup","outgroup","different",0,"Humanities"
"10","103","103s3",3,0,27,1,1,1,2.71428571428571,3.71428571428571,2.85714285714286,2.42857142857143,2,9,0,0,2,1,2,2,1,0,2,2046,"bystander","target_code_2",2,1,"Engineering","Humanities","Humanities",0,0,"reject","reject","reject","reject","both_reject","ingroup","outgroup","outgroup","outgroup","ingroup","different",0,"Humanities"
"10","103","103s4",4,0,27,1,1,1,2.71428571428571,3.71428571428571,2.85714285714286,2.42857142857143,1,9,0,1,0,1,1,0,1,0,1,2047,"bystander","target_code_1",0,1,"Control","Humanities","Humanities",0,1,"reject","accept","reject","accept","target_reject_other_accept","outgroup","ingroup","ingroup","outgroup","ingroup","different",0,"Humanities"
"10","103","103s4",4,0,27,1,1,1,2.71428571428571,3.71428571428571,2.85714285714286,2.42857142857143,2,3,1,0,1,0,1,1,0,0,1,2048,"bystander","target_code_2",1,0,"Humanities","Control","Humanities",1,0,"accept","reject","accept","reject","target_accept_other_reject","ingroup","outgroup","ingroup","ingroup","outgroup","different",0,"Humanities"
"10","103","103s5",5,0,27,1,1,1,2.71428571428571,3.71428571428571,2.85714285714286,2.42857142857143,1,9,0,1,2,2,1,2,2,1,1,2049,"bystander","target_code_1",2,2,"Engineering","Engineering","Humanities",0,1,"reject","accept","reject","accept","target_reject_other_accept","outgroup","outgroup","ingroup","outgroup","outgroup","same",1,"Humanities"
"10","103","103s5",5,0,27,1,1,1,2.71428571428571,3.71428571428571,2.85714285714286,2.42857142857143,2,3,1,0,2,2,1,2,2,1,1,2050,"bystander","target_code_2",2,2,"Engineering","Engineering","Humanities",1,0,"accept","reject","accept","reject","target_accept_other_reject","outgroup","outgroup","ingroup","outgroup","outgroup","same",1,"Humanities"
"10","104","104s6",6,0,22,4,1,2,2,4,3.57142857142857,1.14285714285714,1,9,0,0,2,2,2,1,1,1,1,2071,"bystander","target_code_1",2,2,"Engineering","Engineering","Engineering",0,0,"reject","reject","reject","reject","both_reject","ingroup","ingroup","ingroup","ingroup","ingroup","same",1,"Engineering"
"10","104","104s6",6,0,22,4,1,2,2,4,3.57142857142857,1.14285714285714,2,9,0,0,2,2,2,1,1,1,1,2072,"bystander","target_code_2",2,2,"Engineering","Engineering","Engineering",0,0,"reject","reject","reject","reject","both_reject","ingroup","ingroup","ingroup","ingroup","ingroup","same",1,"Engineering"
"10","104","104s7",7,0,22,4,1,2,2,4,3.57142857142857,1.14285714285714,1,9,0,0,0,0,1,0,0,1,2,2073,"bystander","target_code_1",0,0,"Control","Control","Engineering",0,0,"reject","reject","reject","reject","both_reject","outgroup","outgroup","outgroup","outgroup","outgroup","same",1,"Engineering"
"10","104","104s7",7,0,22,4,1,2,2,4,3.57142857142857,1.14285714285714,2,9,0,0,0,0,1,0,0,1,2,2074,"bystander","target_code_2",0,0,"Control","Control","Engineering",0,0,"reject","reject","reject","reject","both_reject","outgroup","outgroup","outgroup","outgroup","outgroup","same",1,"Engineering"
"10","104","104s8",8,0,22,4,1,2,2,4,3.57142857142857,1.14285714285714,1,-9,1,0,1,1,2,2,2,1,1,2075,"bystander","target_code_1",1,1,"Humanities","Humanities","Engineering",1,0,"accept","reject","accept","reject","target_accept_other_reject","outgroup","outgroup","ingroup","outgroup","outgroup","same",1,"Engineering"
"10","104","104s8",8,0,22,4,1,2,2,4,3.57142857142857,1.14285714285714,2,9,0,1,1,1,2,2,2,1,1,2076,"bystander","target_code_2",1,1,"Humanities","Humanities","Engineering",0,1,"reject","accept","reject","accept","target_reject_other_accept","outgroup","outgroup","ingroup","outgroup","outgroup","same",1,"Engineering"
"10","104","104s9",9,0,22,4,1,2,2,4,3.57142857142857,1.14285714285714,1,9,0,0,1,1,1,2,2,1,2,2077,"bystander","target_code_1",1,1,"Humanities","Humanities","Engineering",0,0,"reject","reject","reject","reject","both_reject","ingroup","ingroup","outgroup","outgroup","outgroup","same",1,"Engineering"
"10","104","104s9",9,0,22,4,1,2,2,4,3.57142857142857,1.14285714285714,2,9,0,0,1,1,1,2,2,1,2,2078,"bystander","target_code_2",1,1,"Humanities","Humanities","Engineering",0,0,"reject","reject","reject","reject","both_reject","ingroup","ingroup","outgroup","outgroup","outgroup","same",1,"Engineering"
"10","104","104s10",10,0,22,4,1,2,2,4,3.57142857142857,1.14285714285714,1,-9,1,1,1,0,2,2,0,0,1,2079,"bystander","target_code_1",1,0,"Humanities","Control","Engineering",1,1,"accept","accept","accept","accept","both_accept","outgroup","outgroup","ingroup","outgroup","outgroup","different",0,"Engineering"
"10","104","104s10",10,0,22,4,1,2,2,4,3.57142857142857,1.14285714285714,2,-9,1,1,0,1,2,0,2,0,1,2080,"bystander","target_code_2",0,1,"Control","Humanities","Engineering",1,1,"accept","accept","accept","accept","both_accept","outgroup","outgroup","ingroup","outgroup","outgroup","different",0,"Engineering"
"10","105","105s6",6,0,21,1,1,2,2.14285714285714,3.28571428571429,3.14285714285714,1.85714285714286,1,9,0,0,2,2,2,1,1,1,1,2091,"bystander","target_code_1",2,2,"Engineering","Engineering","Engineering",0,0,"reject","reject","reject","reject","both_reject","ingroup","ingroup","ingroup","ingroup","ingroup","same",1,"Engineering"
"10","105","105s6",6,0,21,1,1,2,2.14285714285714,3.28571428571429,3.14285714285714,1.85714285714286,2,9,0,0,2,2,2,1,1,1,1,2092,"bystander","target_code_2",2,2,"Engineering","Engineering","Engineering",0,0,"reject","reject","reject","reject","both_reject","ingroup","ingroup","ingroup","ingroup","ingroup","same",1,"Engineering"
"10","105","105s7",7,0,21,1,1,2,2.14285714285714,3.28571428571429,3.14285714285714,1.85714285714286,1,9,0,1,2,2,2,1,1,1,1,2093,"bystander","target_code_1",2,2,"Engineering","Engineering","Engineering",0,1,"reject","accept","reject","accept","target_reject_other_accept","ingroup","ingroup","ingroup","ingroup","ingroup","same",1,"Engineering"
"10","105","105s7",7,0,21,1,1,2,2.14285714285714,3.28571428571429,3.14285714285714,1.85714285714286,2,-2,1,0,2,2,2,1,1,1,1,2094,"bystander","target_code_2",2,2,"Engineering","Engineering","Engineering",1,0,"accept","reject","accept","reject","target_accept_other_reject","ingroup","ingroup","ingroup","ingroup","ingroup","same",1,"Engineering"
"10","105","105s8",8,0,21,1,1,2,2.14285714285714,3.28571428571429,3.14285714285714,1.85714285714286,1,-3,1,0,1,0,1,2,0,0,2,2095,"bystander","target_code_1",1,0,"Humanities","Control","Engineering",1,0,"accept","reject","accept","reject","target_accept_other_reject","ingroup","outgroup","outgroup","outgroup","outgroup","different",0,"Engineering"
"10","105","105s8",8,0,21,1,1,2,2.14285714285714,3.28571428571429,3.14285714285714,1.85714285714286,2,9,0,1,0,1,1,0,2,0,2,2096,"bystander","target_code_2",0,1,"Control","Humanities","Engineering",0,1,"reject","accept","reject","accept","target_reject_other_accept","outgroup","ingroup","outgroup","outgroup","outgroup","different",0,"Engineering"
"10","105","105s9",9,0,21,1,1,2,2.14285714285714,3.28571428571429,3.14285714285714,1.85714285714286,1,-4,1,1,2,1,2,1,2,0,1,2097,"bystander","target_code_1",2,1,"Engineering","Humanities","Engineering",1,1,"accept","accept","accept","accept","both_accept","ingroup","outgroup","ingroup","ingroup","outgroup","different",0,"Engineering"
"10","105","105s9",9,0,21,1,1,2,2.14285714285714,3.28571428571429,3.14285714285714,1.85714285714286,2,-4,1,1,1,2,2,2,1,0,1,2098,"bystander","target_code_2",1,2,"Humanities","Engineering","Engineering",1,1,"accept","accept","accept","accept","both_accept","outgroup","ingroup","ingroup","outgroup","ingroup","different",0,"Engineering"
"10","105","105s10",10,0,21,1,1,2,2.14285714285714,3.28571428571429,3.14285714285714,1.85714285714286,1,9,0,0,2,1,1,1,2,0,2,2099,"bystander","target_code_1",2,1,"Engineering","Humanities","Engineering",0,0,"reject","reject","reject","reject","both_reject","outgroup","ingroup","outgroup","ingroup","outgroup","different",0,"Engineering"
"10","105","105s10",10,0,21,1,1,2,2.14285714285714,3.28571428571429,3.14285714285714,1.85714285714286,2,9,0,0,1,2,1,2,1,0,2,2100,"bystander","target_code_2",1,2,"Humanities","Engineering","Engineering",0,0,"reject","reject","reject","reject","both_reject","ingroup","outgroup","outgroup","outgroup","ingroup","different",0,"Engineering"
"10","106","106s1",1,0,21,1,0,2,1.57142857142857,3.14285714285714,3.57142857142857,1.42857142857143,1,-2,0,1,0,1,1,0,2,0,2,2101,"bystander","target_code_1",0,1,"Control","Humanities","Engineering",0,1,"reject","accept","reject","accept","target_reject_other_accept","outgroup","ingroup","outgroup","outgroup","outgroup","different",0,"Engineering"
"10","106","106s1",1,0,21,1,0,2,1.57142857142857,3.14285714285714,3.57142857142857,1.42857142857143,2,2,1,0,1,0,1,2,0,0,2,2102,"bystander","target_code_2",1,0,"Humanities","Control","Engineering",1,0,"accept","reject","accept","reject","target_accept_other_reject","ingroup","outgroup","outgroup","outgroup","outgroup","different",0,"Engineering"
"10","106","106s2",2,0,21,1,0,2,1.57142857142857,3.14285714285714,3.57142857142857,1.42857142857143,1,-3,0,1,0,1,1,0,2,0,2,2103,"bystander","target_code_1",0,1,"Control","Humanities","Engineering",0,1,"reject","accept","reject","accept","target_reject_other_accept","outgroup","ingroup","outgroup","outgroup","outgroup","different",0,"Engineering"
"10","106","106s2",2,0,21,1,0,2,1.57142857142857,3.14285714285714,3.57142857142857,1.42857142857143,2,2,1,0,1,0,1,2,0,0,2,2104,"bystander","target_code_2",1,0,"Humanities","Control","Engineering",1,0,"accept","reject","accept","reject","target_accept_other_reject","ingroup","outgroup","outgroup","outgroup","outgroup","different",0,"Engineering"
"10","106","106s3",3,0,21,1,0,2,1.57142857142857,3.14285714285714,3.57142857142857,1.42857142857143,1,3,1,1,1,2,2,2,1,0,1,2105,"bystander","target_code_1",1,2,"Humanities","Engineering","Engineering",1,1,"accept","accept","accept","accept","both_accept","outgroup","ingroup","ingroup","outgroup","ingroup","different",0,"Engineering"
"10","106","106s3",3,0,21,1,0,2,1.57142857142857,3.14285714285714,3.57142857142857,1.42857142857143,2,3,1,1,2,1,2,1,2,0,1,2106,"bystander","target_code_2",2,1,"Engineering","Humanities","Engineering",1,1,"accept","accept","accept","accept","both_accept","ingroup","outgroup","ingroup","ingroup","outgroup","different",0,"Engineering"
"10","106","106s4",4,0,21,1,0,2,1.57142857142857,3.14285714285714,3.57142857142857,1.42857142857143,1,3,1,1,2,0,1,1,0,0,2,2107,"bystander","target_code_1",2,0,"Engineering","Control","Engineering",1,1,"accept","accept","accept","accept","both_accept","outgroup","outgroup","outgroup","ingroup","outgroup","different",0,"Engineering"
"10","106","106s4",4,0,21,1,0,2,1.57142857142857,3.14285714285714,3.57142857142857,1.42857142857143,2,3,1,1,0,2,1,0,1,0,2,2108,"bystander","target_code_2",0,2,"Control","Engineering","Engineering",1,1,"accept","accept","accept","accept","both_accept","outgroup","outgroup","outgroup","outgroup","ingroup","different",0,"Engineering"
"10","106","106s5",5,0,21,1,0,2,1.57142857142857,3.14285714285714,3.57142857142857,1.42857142857143,1,4,1,1,0,1,2,0,2,0,1,2109,"bystander","target_code_1",0,1,"Control","Humanities","Engineering",1,1,"accept","accept","accept","accept","both_accept","outgroup","outgroup","ingroup","outgroup","outgroup","different",0,"Engineering"
"10","106","106s5",5,0,21,1,0,2,1.57142857142857,3.14285714285714,3.57142857142857,1.42857142857143,2,4,1,1,1,0,2,2,0,0,1,2110,"bystander","target_code_2",1,0,"Humanities","Control","Engineering",1,1,"accept","accept","accept","accept","both_accept","outgroup","outgroup","ingroup","outgroup","outgroup","different",0,"Engineering"
"10","107","107s1",1,0,20,2,0,2,2,2.71428571428571,2.14285714285714,1.42857142857143,1,9,0,0,0,2,1,0,1,0,2,2121,"bystander","target_code_1",0,2,"Control","Engineering","Engineering",0,0,"reject","reject","reject","reject","both_reject","outgroup","outgroup","outgroup","outgroup","ingroup","different",0,"Engineering"
"10","107","107s1",1,0,20,2,0,2,2,2.71428571428571,2.14285714285714,1.42857142857143,2,9,0,0,2,0,1,1,0,0,2,2122,"bystander","target_code_2",2,0,"Engineering","Control","Engineering",0,0,"reject","reject","reject","reject","both_reject","outgroup","outgroup","outgroup","ingroup","outgroup","different",0,"Engineering"
"10","107","107s2",2,0,20,2,0,2,2,2.71428571428571,2.14285714285714,1.42857142857143,1,-9,1,1,1,1,1,2,2,1,2,2123,"bystander","target_code_1",1,1,"Humanities","Humanities","Engineering",1,1,"accept","accept","accept","accept","both_accept","ingroup","ingroup","outgroup","outgroup","outgroup","same",1,"Engineering"
"10","107","107s2",2,0,20,2,0,2,2,2.71428571428571,2.14285714285714,1.42857142857143,2,-9,1,1,1,1,1,2,2,1,2,2124,"bystander","target_code_2",1,1,"Humanities","Humanities","Engineering",1,1,"accept","accept","accept","accept","both_accept","ingroup","ingroup","outgroup","outgroup","outgroup","same",1,"Engineering"
"10","107","107s3",3,0,20,2,0,2,2,2.71428571428571,2.14285714285714,1.42857142857143,1,9,0,0,2,2,2,1,1,1,1,2125,"bystander","target_code_1",2,2,"Engineering","Engineering","Engineering",0,0,"reject","reject","reject","reject","both_reject","ingroup","ingroup","ingroup","ingroup","ingroup","same",1,"Engineering"
"10","107","107s3",3,0,20,2,0,2,2,2.71428571428571,2.14285714285714,1.42857142857143,2,9,0,0,2,2,2,1,1,1,1,2126,"bystander","target_code_2",2,2,"Engineering","Engineering","Engineering",0,0,"reject","reject","reject","reject","both_reject","ingroup","ingroup","ingroup","ingroup","ingroup","same",1,"Engineering"
"10","107","107s4",4,0,20,2,0,2,2,2.71428571428571,2.14285714285714,1.42857142857143,1,9,0,1,0,1,1,0,2,0,2,2127,"bystander","target_code_1",0,1,"Control","Humanities","Engineering",0,1,"reject","accept","reject","accept","target_reject_other_accept","outgroup","ingroup","outgroup","outgroup","outgroup","different",0,"Engineering"
"10","107","107s4",4,0,20,2,0,2,2,2.71428571428571,2.14285714285714,1.42857142857143,2,-9,1,0,1,0,1,2,0,0,2,2128,"bystander","target_code_2",1,0,"Humanities","Control","Engineering",1,0,"accept","reject","accept","reject","target_accept_other_reject","ingroup","outgroup","outgroup","outgroup","outgroup","different",0,"Engineering"
"10","107","107s5",5,0,20,2,0,2,2,2.71428571428571,2.14285714285714,1.42857142857143,1,9,0,0,2,1,2,1,2,0,1,2129,"bystander","target_code_1",2,1,"Engineering","Humanities","Engineering",0,0,"reject","reject","reject","reject","both_reject","ingroup","outgroup","ingroup","ingroup","outgroup","different",0,"Engineering"
"10","107","107s5",5,0,20,2,0,2,2,2.71428571428571,2.14285714285714,1.42857142857143,2,9,0,0,1,2,2,2,1,0,1,2130,"bystander","target_code_2",1,2,"Humanities","Engineering","Engineering",0,0,"reject","reject","reject","reject","both_reject","outgroup","ingroup","ingroup","outgroup","ingroup","different",0,"Engineering"
"10","108","108s6",6,0,23,2,1,2,1.28571428571429,2.85714285714286,2.42857142857143,1.85714285714286,1,-9,1,0,2,0,1,1,0,0,2,2151,"bystander","target_code_1",2,0,"Engineering","Control","Engineering",1,0,"accept","reject","accept","reject","target_accept_other_reject","outgroup","outgroup","outgroup","ingroup","outgroup","different",0,"Engineering"
"10","108","108s6",6,0,23,2,1,2,1.28571428571429,2.85714285714286,2.42857142857143,1.85714285714286,2,9,0,1,0,2,1,0,1,0,2,2152,"bystander","target_code_2",0,2,"Control","Engineering","Engineering",0,1,"reject","accept","reject","accept","target_reject_other_accept","outgroup","outgroup","outgroup","outgroup","ingroup","different",0,"Engineering"
"10","108","108s7",7,0,23,2,1,2,1.28571428571429,2.85714285714286,2.42857142857143,1.85714285714286,1,-9,1,1,2,2,2,1,1,1,1,2153,"bystander","target_code_1",2,2,"Engineering","Engineering","Engineering",1,1,"accept","accept","accept","accept","both_accept","ingroup","ingroup","ingroup","ingroup","ingroup","same",1,"Engineering"
"10","108","108s7",7,0,23,2,1,2,1.28571428571429,2.85714285714286,2.42857142857143,1.85714285714286,2,-9,1,1,2,2,2,1,1,1,1,2154,"bystander","target_code_2",2,2,"Engineering","Engineering","Engineering",1,1,"accept","accept","accept","accept","both_accept","ingroup","ingroup","ingroup","ingroup","ingroup","same",1,"Engineering"
"10","108","108s8",8,0,23,2,1,2,1.28571428571429,2.85714285714286,2.42857142857143,1.85714285714286,1,9,0,0,1,1,2,2,2,1,1,2155,"bystander","target_code_1",1,1,"Humanities","Humanities","Engineering",0,0,"reject","reject","reject","reject","both_reject","outgroup","outgroup","ingroup","outgroup","outgroup","same",1,"Engineering"
"10","108","108s8",8,0,23,2,1,2,1.28571428571429,2.85714285714286,2.42857142857143,1.85714285714286,2,9,0,0,1,1,2,2,2,1,1,2156,"bystander","target_code_2",1,1,"Humanities","Humanities","Engineering",0,0,"reject","reject","reject","reject","both_reject","outgroup","outgroup","ingroup","outgroup","outgroup","same",1,"Engineering"
"10","108","108s9",9,0,23,2,1,2,1.28571428571429,2.85714285714286,2.42857142857143,1.85714285714286,1,9,0,0,0,0,1,0,0,1,2,2157,"bystander","target_code_1",0,0,"Control","Control","Engineering",0,0,"reject","reject","reject","reject","both_reject","outgroup","outgroup","outgroup","outgroup","outgroup","same",1,"Engineering"
"10","108","108s9",9,0,23,2,1,2,1.28571428571429,2.85714285714286,2.42857142857143,1.85714285714286,2,9,0,0,0,0,1,0,0,1,2,2158,"bystander","target_code_2",0,0,"Control","Control","Engineering",0,0,"reject","reject","reject","reject","both_reject","outgroup","outgroup","outgroup","outgroup","outgroup","same",1,"Engineering"
"10","108","108s10",10,0,23,2,1,2,1.28571428571429,2.85714285714286,2.42857142857143,1.85714285714286,1,-9,1,0,0,1,2,0,2,0,1,2159,"bystander","target_code_1",0,1,"Control","Humanities","Engineering",1,0,"accept","reject","accept","reject","target_accept_other_reject","outgroup","outgroup","ingroup","outgroup","outgroup","different",0,"Engineering"
"10","108","108s10",10,0,23,2,1,2,1.28571428571429,2.85714285714286,2.42857142857143,1.85714285714286,2,9,0,1,1,0,2,2,0,0,1,2160,"bystander","target_code_2",1,0,"Humanities","Control","Engineering",0,1,"reject","accept","reject","accept","target_reject_other_accept","outgroup","outgroup","ingroup","outgroup","outgroup","different",0,"Engineering"
"10","109","109s6",6,0,19,1,0,2,0.857142857142857,2,1.57142857142857,1.42857142857143,1,0,0,1,2,1,2,1,2,0,1,2171,"bystander","target_code_1",2,1,"Engineering","Humanities","Engineering",0,1,"reject","accept","reject","accept","target_reject_other_accept","ingroup","outgroup","ingroup","ingroup","outgroup","different",0,"Engineering"
"10","109","109s6",6,0,19,1,0,2,0.857142857142857,2,1.57142857142857,1.42857142857143,2,0,1,0,1,2,2,2,1,0,1,2172,"bystander","target_code_2",1,2,"Humanities","Engineering","Engineering",1,0,"accept","reject","accept","reject","target_accept_other_reject","outgroup","ingroup","ingroup","outgroup","ingroup","different",0,"Engineering"
"10","109","109s7",7,0,19,1,0,2,0.857142857142857,2,1.57142857142857,1.42857142857143,1,9,0,0,1,1,1,2,2,1,2,2173,"bystander","target_code_1",1,1,"Humanities","Humanities","Engineering",0,0,"reject","reject","reject","reject","both_reject","ingroup","ingroup","outgroup","outgroup","outgroup","same",1,"Engineering"
"10","109","109s7",7,0,19,1,0,2,0.857142857142857,2,1.57142857142857,1.42857142857143,2,9,0,0,1,1,1,2,2,1,2,2174,"bystander","target_code_2",1,1,"Humanities","Humanities","Engineering",0,0,"reject","reject","reject","reject","both_reject","ingroup","ingroup","outgroup","outgroup","outgroup","same",1,"Engineering"
"10","109","109s8",8,0,19,1,0,2,0.857142857142857,2,1.57142857142857,1.42857142857143,1,0,0,1,0,1,2,0,2,0,1,2175,"bystander","target_code_1",0,1,"Control","Humanities","Engineering",0,1,"reject","accept","reject","accept","target_reject_other_accept","outgroup","outgroup","ingroup","outgroup","outgroup","different",0,"Engineering"
"10","109","109s8",8,0,19,1,0,2,0.857142857142857,2,1.57142857142857,1.42857142857143,2,0,1,0,1,0,2,2,0,0,1,2176,"bystander","target_code_2",1,0,"Humanities","Control","Engineering",1,0,"accept","reject","accept","reject","target_accept_other_reject","outgroup","outgroup","ingroup","outgroup","outgroup","different",0,"Engineering"
"10","109","109s9",9,0,19,1,0,2,0.857142857142857,2,1.57142857142857,1.42857142857143,1,0,1,0,0,1,2,0,2,0,1,2177,"bystander","target_code_1",0,1,"Control","Humanities","Engineering",1,0,"accept","reject","accept","reject","target_accept_other_reject","outgroup","outgroup","ingroup","outgroup","outgroup","different",0,"Engineering"
"10","109","109s9",9,0,19,1,0,2,0.857142857142857,2,1.57142857142857,1.42857142857143,2,0,0,1,1,0,2,2,0,0,1,2178,"bystander","target_code_2",1,0,"Humanities","Control","Engineering",0,1,"reject","accept","reject","accept","target_reject_other_accept","outgroup","outgroup","ingroup","outgroup","outgroup","different",0,"Engineering"
"10","109","109s10",10,0,19,1,0,2,0.857142857142857,2,1.57142857142857,1.42857142857143,1,0,1,0,0,1,2,0,2,0,1,2179,"bystander","target_code_1",0,1,"Control","Humanities","Engineering",1,0,"accept","reject","accept","reject","target_accept_other_reject","outgroup","outgroup","ingroup","outgroup","outgroup","different",0,"Engineering"
"10","109","109s10",10,0,19,1,0,2,0.857142857142857,2,1.57142857142857,1.42857142857143,2,0,0,1,1,0,2,2,0,0,1,2180,"bystander","target_code_2",1,0,"Humanities","Control","Engineering",0,1,"reject","accept","reject","accept","target_reject_other_accept","outgroup","outgroup","ingroup","outgroup","outgroup","different",0,"Engineering"
"10","110","110s1",1,0,18,1,0,2,1.85714285714286,2.57142857142857,2.85714285714286,1.28571428571429,1,-5,1,0,2,1,2,1,2,0,1,2181,"bystander","target_code_1",2,1,"Engineering","Humanities","Engineering",1,0,"accept","reject","accept","reject","target_accept_other_reject","ingroup","outgroup","ingroup","ingroup","outgroup","different",0,"Engineering"
"10","110","110s1",1,0,18,1,0,2,1.85714285714286,2.57142857142857,2.85714285714286,1.28571428571429,2,5,0,1,1,2,2,2,1,0,1,2182,"bystander","target_code_2",1,2,"Humanities","Engineering","Engineering",0,1,"reject","accept","reject","accept","target_reject_other_accept","outgroup","ingroup","ingroup","outgroup","ingroup","different",0,"Engineering"
"10","110","110s2",2,0,18,1,0,2,1.85714285714286,2.57142857142857,2.85714285714286,1.28571428571429,1,-2,1,0,0,0,2,0,0,1,1,2183,"bystander","target_code_1",0,0,"Control","Control","Engineering",1,0,"accept","reject","accept","reject","target_accept_other_reject","outgroup","outgroup","ingroup","outgroup","outgroup","same",1,"Engineering"
"10","110","110s2",2,0,18,1,0,2,1.85714285714286,2.57142857142857,2.85714285714286,1.28571428571429,2,2,0,1,0,0,2,0,0,1,1,2184,"bystander","target_code_2",0,0,"Control","Control","Engineering",0,1,"reject","accept","reject","accept","target_reject_other_accept","outgroup","outgroup","ingroup","outgroup","outgroup","same",1,"Engineering"
"10","110","110s3",3,0,18,1,0,2,1.85714285714286,2.57142857142857,2.85714285714286,1.28571428571429,1,4,0,1,1,1,1,2,2,1,2,2185,"bystander","target_code_1",1,1,"Humanities","Humanities","Engineering",0,1,"reject","accept","reject","accept","target_reject_other_accept","ingroup","ingroup","outgroup","outgroup","outgroup","same",1,"Engineering"
"10","110","110s3",3,0,18,1,0,2,1.85714285714286,2.57142857142857,2.85714285714286,1.28571428571429,2,-4,1,0,1,1,1,2,2,1,2,2186,"bystander","target_code_2",1,1,"Humanities","Humanities","Engineering",1,0,"accept","reject","accept","reject","target_accept_other_reject","ingroup","ingroup","outgroup","outgroup","outgroup","same",1,"Engineering"
"10","110","110s4",4,0,18,1,0,2,1.85714285714286,2.57142857142857,2.85714285714286,1.28571428571429,1,6,1,0,2,2,1,1,1,1,2,2187,"bystander","target_code_1",2,2,"Engineering","Engineering","Engineering",1,0,"accept","reject","accept","reject","target_accept_other_reject","outgroup","outgroup","outgroup","ingroup","ingroup","same",1,"Engineering"
"10","110","110s4",4,0,18,1,0,2,1.85714285714286,2.57142857142857,2.85714285714286,1.28571428571429,2,6,0,1,2,2,1,1,1,1,2,2188,"bystander","target_code_2",2,2,"Engineering","Engineering","Engineering",0,1,"reject","accept","reject","accept","target_reject_other_accept","outgroup","outgroup","outgroup","ingroup","ingroup","same",1,"Engineering"
"10","110","110s5",5,0,18,1,0,2,1.85714285714286,2.57142857142857,2.85714285714286,1.28571428571429,1,5,1,0,0,1,1,0,2,0,2,2189,"bystander","target_code_1",0,1,"Control","Humanities","Engineering",1,0,"accept","reject","accept","reject","target_accept_other_reject","outgroup","ingroup","outgroup","outgroup","outgroup","different",0,"Engineering"
"10","110","110s5",5,0,18,1,0,2,1.85714285714286,2.57142857142857,2.85714285714286,1.28571428571429,2,-5,0,1,1,0,1,2,0,0,2,2190,"bystander","target_code_2",1,0,"Humanities","Control","Engineering",0,1,"reject","accept","reject","accept","target_reject_other_accept","ingroup","outgroup","outgroup","outgroup","outgroup","different",0,"Engineering"
"10","111","111s1",1,0,19,1,0,1,2.28571428571429,2.85714285714286,2.57142857142857,1.71428571428571,1,0,0,0,0,2,2,0,2,0,2,2201,"bystander","target_code_1",0,2,"Control","Engineering","Humanities",0,0,"reject","reject","reject","reject","both_reject","outgroup","ingroup","outgroup","outgroup","outgroup","different",0,"Humanities"
"10","111","111s1",1,0,19,1,0,1,2.28571428571429,2.85714285714286,2.57142857142857,1.71428571428571,2,0,0,0,2,0,2,2,0,0,2,2202,"bystander","target_code_2",2,0,"Engineering","Control","Humanities",0,0,"reject","reject","reject","reject","both_reject","ingroup","outgroup","outgroup","outgroup","outgroup","different",0,"Humanities"
"10","111","111s2",2,0,19,1,0,1,2.28571428571429,2.85714285714286,2.57142857142857,1.71428571428571,1,0,0,1,2,1,2,2,1,0,2,2203,"bystander","target_code_1",2,1,"Engineering","Humanities","Humanities",0,1,"reject","accept","reject","accept","target_reject_other_accept","ingroup","outgroup","outgroup","outgroup","ingroup","different",0,"Humanities"
"10","111","111s2",2,0,19,1,0,1,2.28571428571429,2.85714285714286,2.57142857142857,1.71428571428571,2,0,1,0,1,2,2,1,2,0,2,2204,"bystander","target_code_2",1,2,"Humanities","Engineering","Humanities",1,0,"accept","reject","accept","reject","target_accept_other_reject","outgroup","ingroup","outgroup","ingroup","outgroup","different",0,"Humanities"
"10","111","111s3",3,0,19,1,0,1,2.28571428571429,2.85714285714286,2.57142857142857,1.71428571428571,1,0,0,1,0,2,1,0,2,0,1,2205,"bystander","target_code_1",0,2,"Control","Engineering","Humanities",0,1,"reject","accept","reject","accept","target_reject_other_accept","outgroup","outgroup","ingroup","outgroup","outgroup","different",0,"Humanities"
"10","111","111s3",3,0,19,1,0,1,2.28571428571429,2.85714285714286,2.57142857142857,1.71428571428571,2,0,1,0,2,0,1,2,0,0,1,2206,"bystander","target_code_2",2,0,"Engineering","Control","Humanities",1,0,"accept","reject","accept","reject","target_accept_other_reject","outgroup","outgroup","ingroup","outgroup","outgroup","different",0,"Humanities"
"10","111","111s4",4,0,19,1,0,1,2.28571428571429,2.85714285714286,2.57142857142857,1.71428571428571,1,-1,1,1,1,2,1,1,2,0,1,2207,"bystander","target_code_1",1,2,"Humanities","Engineering","Humanities",1,1,"accept","accept","accept","accept","both_accept","ingroup","outgroup","ingroup","ingroup","outgroup","different",0,"Humanities"
"10","111","111s4",4,0,19,1,0,1,2.28571428571429,2.85714285714286,2.57142857142857,1.71428571428571,2,-1,1,1,2,1,1,2,1,0,1,2208,"bystander","target_code_2",2,1,"Engineering","Humanities","Humanities",1,1,"accept","accept","accept","accept","both_accept","outgroup","ingroup","ingroup","outgroup","ingroup","different",0,"Humanities"
"10","111","111s5",5,0,19,1,0,1,2.28571428571429,2.85714285714286,2.57142857142857,1.71428571428571,1,0,1,1,1,1,1,1,1,1,1,2209,"bystander","target_code_1",1,1,"Humanities","Humanities","Humanities",1,1,"accept","accept","accept","accept","both_accept","ingroup","ingroup","ingroup","ingroup","ingroup","same",1,"Humanities"
"10","111","111s5",5,0,19,1,0,1,2.28571428571429,2.85714285714286,2.57142857142857,1.71428571428571,2,0,1,1,1,1,1,1,1,1,1,2210,"bystander","target_code_2",1,1,"Humanities","Humanities","Humanities",1,1,"accept","accept","accept","accept","both_accept","ingroup","ingroup","ingroup","ingroup","ingroup","same",1,"Humanities"
"10","112","112s1",1,0,20,2,0,2,2.71428571428571,2.71428571428571,2.28571428571429,2.14285714285714,1,-9,1,0,2,0,1,1,0,0,2,2221,"bystander","target_code_1",2,0,"Engineering","Control","Engineering",1,0,"accept","reject","accept","reject","target_accept_other_reject","outgroup","outgroup","outgroup","ingroup","outgroup","different",0,"Engineering"
"10","112","112s1",1,0,20,2,0,2,2.71428571428571,2.71428571428571,2.28571428571429,2.14285714285714,2,9,0,1,0,2,1,0,1,0,2,2222,"bystander","target_code_2",0,2,"Control","Engineering","Engineering",0,1,"reject","accept","reject","accept","target_reject_other_accept","outgroup","outgroup","outgroup","outgroup","ingroup","different",0,"Engineering"
"10","112","112s2",2,0,20,2,0,2,2.71428571428571,2.71428571428571,2.28571428571429,2.14285714285714,1,9,0,1,0,1,2,0,2,0,1,2223,"bystander","target_code_1",0,1,"Control","Humanities","Engineering",0,1,"reject","accept","reject","accept","target_reject_other_accept","outgroup","outgroup","ingroup","outgroup","outgroup","different",0,"Engineering"
"10","112","112s2",2,0,20,2,0,2,2.71428571428571,2.71428571428571,2.28571428571429,2.14285714285714,2,-9,1,0,1,0,2,2,0,0,1,2224,"bystander","target_code_2",1,0,"Humanities","Control","Engineering",1,0,"accept","reject","accept","reject","target_accept_other_reject","outgroup","outgroup","ingroup","outgroup","outgroup","different",0,"Engineering"
"10","112","112s3",3,0,20,2,0,2,2.71428571428571,2.71428571428571,2.28571428571429,2.14285714285714,1,-9,1,0,2,1,2,1,2,0,1,2225,"bystander","target_code_1",2,1,"Engineering","Humanities","Engineering",1,0,"accept","reject","accept","reject","target_accept_other_reject","ingroup","outgroup","ingroup","ingroup","outgroup","different",0,"Engineering"
"10","112","112s3",3,0,20,2,0,2,2.71428571428571,2.71428571428571,2.28571428571429,2.14285714285714,2,9,0,1,1,2,2,2,1,0,1,2226,"bystander","target_code_2",1,2,"Humanities","Engineering","Engineering",0,1,"reject","accept","reject","accept","target_reject_other_accept","outgroup","ingroup","ingroup","outgroup","ingroup","different",0,"Engineering"
"10","112","112s4",4,0,20,2,0,2,2.71428571428571,2.71428571428571,2.28571428571429,2.14285714285714,1,9,0,0,0,0,2,0,0,1,1,2227,"bystander","target_code_1",0,0,"Control","Control","Engineering",0,0,"reject","reject","reject","reject","both_reject","outgroup","outgroup","ingroup","outgroup","outgroup","same",1,"Engineering"
"10","112","112s4",4,0,20,2,0,2,2.71428571428571,2.71428571428571,2.28571428571429,2.14285714285714,2,9,0,0,0,0,2,0,0,1,1,2228,"bystander","target_code_2",0,0,"Control","Control","Engineering",0,0,"reject","reject","reject","reject","both_reject","outgroup","outgroup","ingroup","outgroup","outgroup","same",1,"Engineering"
"10","112","112s5",5,0,20,2,0,2,2.71428571428571,2.71428571428571,2.28571428571429,2.14285714285714,1,9,0,0,0,1,2,0,2,0,1,2229,"bystander","target_code_1",0,1,"Control","Humanities","Engineering",0,0,"reject","reject","reject","reject","both_reject","outgroup","outgroup","ingroup","outgroup","outgroup","different",0,"Engineering"
"10","112","112s5",5,0,20,2,0,2,2.71428571428571,2.71428571428571,2.28571428571429,2.14285714285714,2,9,0,0,1,0,2,2,0,0,1,2230,"bystander","target_code_2",1,0,"Humanities","Control","Engineering",0,0,"reject","reject","reject","reject","both_reject","outgroup","outgroup","ingroup","outgroup","outgroup","different",0,"Engineering"
"10","113","113s1",1,0,18,2,0,2,2.14285714285714,3.14285714285714,2.71428571428571,2.71428571428571,1,9,0,1,2,0,2,1,0,0,1,2241,"bystander","target_code_1",2,0,"Engineering","Control","Engineering",0,1,"reject","accept","reject","accept","target_reject_other_accept","ingroup","outgroup","ingroup","ingroup","outgroup","different",0,"Engineering"
"10","113","113s1",1,0,18,2,0,2,2.14285714285714,3.14285714285714,2.71428571428571,2.71428571428571,2,-9,1,0,0,2,2,0,1,0,1,2242,"bystander","target_code_2",0,2,"Control","Engineering","Engineering",1,0,"accept","reject","accept","reject","target_accept_other_reject","outgroup","ingroup","ingroup","outgroup","ingroup","different",0,"Engineering"
"10","113","113s2",2,0,18,2,0,2,2.14285714285714,3.14285714285714,2.71428571428571,2.71428571428571,1,-9,1,1,0,1,2,0,2,0,1,2243,"bystander","target_code_1",0,1,"Control","Humanities","Engineering",1,1,"accept","accept","accept","accept","both_accept","outgroup","outgroup","ingroup","outgroup","outgroup","different",0,"Engineering"
"10","113","113s2",2,0,18,2,0,2,2.14285714285714,3.14285714285714,2.71428571428571,2.71428571428571,2,-9,1,1,1,0,2,2,0,0,1,2244,"bystander","target_code_2",1,0,"Humanities","Control","Engineering",1,1,"accept","accept","accept","accept","both_accept","outgroup","outgroup","ingroup","outgroup","outgroup","different",0,"Engineering"
"10","113","113s3",3,0,18,2,0,2,2.14285714285714,3.14285714285714,2.71428571428571,2.71428571428571,1,-4,1,0,2,1,1,1,2,0,2,2245,"bystander","target_code_1",2,1,"Engineering","Humanities","Engineering",1,0,"accept","reject","accept","reject","target_accept_other_reject","outgroup","ingroup","outgroup","ingroup","outgroup","different",0,"Engineering"
"10","113","113s3",3,0,18,2,0,2,2.14285714285714,3.14285714285714,2.71428571428571,2.71428571428571,2,4,0,1,1,2,1,2,1,0,2,2246,"bystander","target_code_2",1,2,"Humanities","Engineering","Engineering",0,1,"reject","accept","reject","accept","target_reject_other_accept","ingroup","outgroup","outgroup","outgroup","ingroup","different",0,"Engineering"
"10","113","113s4",4,0,18,2,0,2,2.14285714285714,3.14285714285714,2.71428571428571,2.71428571428571,1,-5,1,1,0,0,2,0,0,1,1,2247,"bystander","target_code_1",0,0,"Control","Control","Engineering",1,1,"accept","accept","accept","accept","both_accept","outgroup","outgroup","ingroup","outgroup","outgroup","same",1,"Engineering"
"10","113","113s4",4,0,18,2,0,2,2.14285714285714,3.14285714285714,2.71428571428571,2.71428571428571,2,-5,1,1,0,0,2,0,0,1,1,2248,"bystander","target_code_2",0,0,"Control","Control","Engineering",1,1,"accept","accept","accept","accept","both_accept","outgroup","outgroup","ingroup","outgroup","outgroup","same",1,"Engineering"
"10","113","113s5",5,0,18,2,0,2,2.14285714285714,3.14285714285714,2.71428571428571,2.71428571428571,1,9,0,0,1,0,2,2,0,0,1,2249,"bystander","target_code_1",1,0,"Humanities","Control","Engineering",0,0,"reject","reject","reject","reject","both_reject","outgroup","outgroup","ingroup","outgroup","outgroup","different",0,"Engineering"
"10","113","113s5",5,0,18,2,0,2,2.14285714285714,3.14285714285714,2.71428571428571,2.71428571428571,2,9,0,0,0,1,2,0,2,0,1,2250,"bystander","target_code_2",0,1,"Control","Humanities","Engineering",0,0,"reject","reject","reject","reject","both_reject","outgroup","outgroup","ingroup","outgroup","outgroup","different",0,"Engineering"
"10","114","114s6",6,0,18,1,0,2,1.28571428571429,2.57142857142857,2.71428571428571,1.57142857142857,1,9,0,0,0,1,1,0,2,0,2,2271,"bystander","target_code_1",0,1,"Control","Humanities","Engineering",0,0,"reject","reject","reject","reject","both_reject","outgroup","ingroup","outgroup","outgroup","outgroup","different",0,"Engineering"
"10","114","114s6",6,0,18,1,0,2,1.28571428571429,2.57142857142857,2.71428571428571,1.57142857142857,2,9,0,0,1,0,1,2,0,0,2,2272,"bystander","target_code_2",1,0,"Humanities","Control","Engineering",0,0,"reject","reject","reject","reject","both_reject","ingroup","outgroup","outgroup","outgroup","outgroup","different",0,"Engineering"
"10","114","114s7",7,0,18,1,0,2,1.28571428571429,2.57142857142857,2.71428571428571,1.57142857142857,1,-5,0,1,2,0,1,1,0,0,2,2273,"bystander","target_code_1",2,0,"Engineering","Control","Engineering",0,1,"reject","accept","reject","accept","target_reject_other_accept","outgroup","outgroup","outgroup","ingroup","outgroup","different",0,"Engineering"
"10","114","114s7",7,0,18,1,0,2,1.28571428571429,2.57142857142857,2.71428571428571,1.57142857142857,2,5,1,0,0,2,1,0,1,0,2,2274,"bystander","target_code_2",0,2,"Control","Engineering","Engineering",1,0,"accept","reject","accept","reject","target_accept_other_reject","outgroup","outgroup","outgroup","outgroup","ingroup","different",0,"Engineering"
"10","114","114s8",8,0,18,1,0,2,1.28571428571429,2.57142857142857,2.71428571428571,1.57142857142857,1,-9,1,1,0,1,2,0,2,0,1,2275,"bystander","target_code_1",0,1,"Control","Humanities","Engineering",1,1,"accept","accept","accept","accept","both_accept","outgroup","outgroup","ingroup","outgroup","outgroup","different",0,"Engineering"
"10","114","114s8",8,0,18,1,0,2,1.28571428571429,2.57142857142857,2.71428571428571,1.57142857142857,2,-9,1,1,1,0,2,2,0,0,1,2276,"bystander","target_code_2",1,0,"Humanities","Control","Engineering",1,1,"accept","accept","accept","accept","both_accept","outgroup","outgroup","ingroup","outgroup","outgroup","different",0,"Engineering"
"10","114","114s9",9,0,18,1,0,2,1.28571428571429,2.57142857142857,2.71428571428571,1.57142857142857,1,-2,1,0,2,2,1,1,1,1,2,2277,"bystander","target_code_1",2,2,"Engineering","Engineering","Engineering",1,0,"accept","reject","accept","reject","target_accept_other_reject","outgroup","outgroup","outgroup","ingroup","ingroup","same",1,"Engineering"
"10","114","114s9",9,0,18,1,0,2,1.28571428571429,2.57142857142857,2.71428571428571,1.57142857142857,2,4,0,1,2,2,1,1,1,1,2,2278,"bystander","target_code_2",2,2,"Engineering","Engineering","Engineering",0,1,"reject","accept","reject","accept","target_reject_other_accept","outgroup","outgroup","outgroup","ingroup","ingroup","same",1,"Engineering"
"10","114","114s10",10,0,18,1,0,2,1.28571428571429,2.57142857142857,2.71428571428571,1.57142857142857,1,-6,1,1,0,1,2,0,2,0,1,2279,"bystander","target_code_1",0,1,"Control","Humanities","Engineering",1,1,"accept","accept","accept","accept","both_accept","outgroup","outgroup","ingroup","outgroup","outgroup","different",0,"Engineering"
"10","114","114s10",10,0,18,1,0,2,1.28571428571429,2.57142857142857,2.71428571428571,1.57142857142857,2,-9,1,1,1,0,2,2,0,0,1,2280,"bystander","target_code_2",1,0,"Humanities","Control","Engineering",1,1,"accept","accept","accept","accept","both_accept","outgroup","outgroup","ingroup","outgroup","outgroup","different",0,"Engineering"
"10","115","115s1",1,0,18,4,1,1,3,2.57142857142857,2.42857142857143,2.57142857142857,1,9,0,0,1,2,2,1,2,0,2,2281,"bystander","target_code_1",1,2,"Humanities","Engineering","Humanities",0,0,"reject","reject","reject","reject","both_reject","outgroup","ingroup","outgroup","ingroup","outgroup","different",0,"Humanities"
"10","115","115s1",1,0,18,4,1,1,3,2.57142857142857,2.42857142857143,2.57142857142857,2,9,0,0,2,1,2,2,1,0,2,2282,"bystander","target_code_2",2,1,"Engineering","Humanities","Humanities",0,0,"reject","reject","reject","reject","both_reject","ingroup","outgroup","outgroup","outgroup","ingroup","different",0,"Humanities"
"10","115","115s2",2,0,18,4,1,1,3,2.57142857142857,2.42857142857143,2.57142857142857,1,8,0,1,0,1,2,0,1,0,2,2283,"bystander","target_code_1",0,1,"Control","Humanities","Humanities",0,1,"reject","accept","reject","accept","target_reject_other_accept","outgroup","outgroup","outgroup","outgroup","ingroup","different",0,"Humanities"
"10","115","115s2",2,0,18,4,1,1,3,2.57142857142857,2.42857142857143,2.57142857142857,2,-7,1,0,1,0,2,1,0,0,2,2284,"bystander","target_code_2",1,0,"Humanities","Control","Humanities",1,0,"accept","reject","accept","reject","target_accept_other_reject","outgroup","outgroup","outgroup","ingroup","outgroup","different",0,"Humanities"
"10","115","115s3",3,0,18,4,1,1,3,2.57142857142857,2.42857142857143,2.57142857142857,1,-6,1,1,2,1,1,2,1,0,1,2285,"bystander","target_code_1",2,1,"Engineering","Humanities","Humanities",1,1,"accept","accept","accept","accept","both_accept","outgroup","ingroup","ingroup","outgroup","ingroup","different",0,"Humanities"
"10","115","115s3",3,0,18,4,1,1,3,2.57142857142857,2.42857142857143,2.57142857142857,2,-6,1,1,1,2,1,1,2,0,1,2286,"bystander","target_code_2",1,2,"Humanities","Engineering","Humanities",1,1,"accept","accept","accept","accept","both_accept","ingroup","outgroup","ingroup","ingroup","outgroup","different",0,"Humanities"
"10","115","115s4",4,0,18,4,1,1,3,2.57142857142857,2.42857142857143,2.57142857142857,1,-8,1,1,1,1,2,1,1,1,2,2287,"bystander","target_code_1",1,1,"Humanities","Humanities","Humanities",1,1,"accept","accept","accept","accept","both_accept","outgroup","outgroup","outgroup","ingroup","ingroup","same",1,"Humanities"
"10","115","115s4",4,0,18,4,1,1,3,2.57142857142857,2.42857142857143,2.57142857142857,2,-8,1,1,1,1,2,1,1,1,2,2288,"bystander","target_code_2",1,1,"Humanities","Humanities","Humanities",1,1,"accept","accept","accept","accept","both_accept","outgroup","outgroup","outgroup","ingroup","ingroup","same",1,"Humanities"
"10","115","115s5",5,0,18,4,1,1,3,2.57142857142857,2.42857142857143,2.57142857142857,1,8,0,0,0,2,2,0,2,0,2,2289,"bystander","target_code_1",0,2,"Control","Engineering","Humanities",0,0,"reject","reject","reject","reject","both_reject","outgroup","ingroup","outgroup","outgroup","outgroup","different",0,"Humanities"
"10","115","115s5",5,0,18,4,1,1,3,2.57142857142857,2.42857142857143,2.57142857142857,2,8,0,0,2,0,2,2,0,0,2,2290,"bystander","target_code_2",2,0,"Engineering","Control","Humanities",0,0,"reject","reject","reject","reject","both_reject","ingroup","outgroup","outgroup","outgroup","outgroup","different",0,"Humanities"
"10","116","116s6",6,0,18,2,1,1,3,2,2.42857142857143,2.85714285714286,1,9,0,0,0,2,2,0,2,0,2,2311,"bystander","target_code_1",0,2,"Control","Engineering","Humanities",0,0,"reject","reject","reject","reject","both_reject","outgroup","ingroup","outgroup","outgroup","outgroup","different",0,"Humanities"
"10","116","116s6",6,0,18,2,1,1,3,2,2.42857142857143,2.85714285714286,2,9,0,0,2,0,2,2,0,0,2,2312,"bystander","target_code_2",2,0,"Engineering","Control","Humanities",0,0,"reject","reject","reject","reject","both_reject","ingroup","outgroup","outgroup","outgroup","outgroup","different",0,"Humanities"
"10","116","116s7",7,0,18,2,1,1,3,2,2.42857142857143,2.85714285714286,1,-9,1,0,2,0,2,2,0,0,2,2313,"bystander","target_code_1",2,0,"Engineering","Control","Humanities",1,0,"accept","reject","accept","reject","target_accept_other_reject","ingroup","outgroup","outgroup","outgroup","outgroup","different",0,"Humanities"
"10","116","116s7",7,0,18,2,1,1,3,2,2.42857142857143,2.85714285714286,2,9,0,1,0,2,2,0,2,0,2,2314,"bystander","target_code_2",0,2,"Control","Engineering","Humanities",0,1,"reject","accept","reject","accept","target_reject_other_accept","outgroup","ingroup","outgroup","outgroup","outgroup","different",0,"Humanities"
"10","116","116s8",8,0,18,2,1,1,3,2,2.42857142857143,2.85714285714286,1,-9,1,0,0,0,2,0,0,1,2,2315,"bystander","target_code_1",0,0,"Control","Control","Humanities",1,0,"accept","reject","accept","reject","target_accept_other_reject","outgroup","outgroup","outgroup","outgroup","outgroup","same",1,"Humanities"
"10","116","116s8",8,0,18,2,1,1,3,2,2.42857142857143,2.85714285714286,2,9,0,1,0,0,2,0,0,1,2,2316,"bystander","target_code_2",0,0,"Control","Control","Humanities",0,1,"reject","accept","reject","accept","target_reject_other_accept","outgroup","outgroup","outgroup","outgroup","outgroup","same",1,"Humanities"
"10","116","116s9",9,0,18,2,1,1,3,2,2.42857142857143,2.85714285714286,1,9,0,0,1,0,2,1,0,0,2,2317,"bystander","target_code_1",1,0,"Humanities","Control","Humanities",0,0,"reject","reject","reject","reject","both_reject","outgroup","outgroup","outgroup","ingroup","outgroup","different",0,"Humanities"
"10","116","116s9",9,0,18,2,1,1,3,2,2.42857142857143,2.85714285714286,2,9,0,0,0,1,2,0,1,0,2,2318,"bystander","target_code_2",0,1,"Control","Humanities","Humanities",0,0,"reject","reject","reject","reject","both_reject","outgroup","outgroup","outgroup","outgroup","ingroup","different",0,"Humanities"
"10","116","116s10",10,0,18,2,1,1,3,2,2.42857142857143,2.85714285714286,1,0,1,1,2,2,2,2,2,1,2,2319,"bystander","target_code_1",2,2,"Engineering","Engineering","Humanities",1,1,"accept","accept","accept","accept","both_accept","ingroup","ingroup","outgroup","outgroup","outgroup","same",1,"Humanities"
"10","116","116s10",10,0,18,2,1,1,3,2,2.42857142857143,2.85714285714286,2,0,1,1,2,2,2,2,2,1,2,2320,"bystander","target_code_2",2,2,"Engineering","Engineering","Humanities",1,1,"accept","accept","accept","accept","both_accept","ingroup","ingroup","outgroup","outgroup","outgroup","same",1,"Humanities"
"10","117","117s1",1,0,19,3,1,2,2.85714285714286,3,2.42857142857143,3.28571428571429,1,9,0,0,0,2,1,0,1,0,2,2321,"bystander","target_code_1",0,2,"Control","Engineering","Engineering",0,0,"reject","reject","reject","reject","both_reject","outgroup","outgroup","outgroup","outgroup","ingroup","different",0,"Engineering"
"10","117","117s1",1,0,19,3,1,2,2.85714285714286,3,2.42857142857143,3.28571428571429,2,9,0,0,2,0,1,1,0,0,2,2322,"bystander","target_code_2",2,0,"Engineering","Control","Engineering",0,0,"reject","reject","reject","reject","both_reject","outgroup","outgroup","outgroup","ingroup","outgroup","different",0,"Engineering"
"10","117","117s2",2,0,19,3,1,2,2.85714285714286,3,2.42857142857143,3.28571428571429,1,-9,1,1,1,2,2,2,1,0,1,2323,"bystander","target_code_1",1,2,"Humanities","Engineering","Engineering",1,1,"accept","accept","accept","accept","both_accept","outgroup","ingroup","ingroup","outgroup","ingroup","different",0,"Engineering"
"10","117","117s2",2,0,19,3,1,2,2.85714285714286,3,2.42857142857143,3.28571428571429,2,-9,1,1,2,1,2,1,2,0,1,2324,"bystander","target_code_2",2,1,"Engineering","Humanities","Engineering",1,1,"accept","accept","accept","accept","both_accept","ingroup","outgroup","ingroup","ingroup","outgroup","different",0,"Engineering"
"10","117","117s3",3,0,19,3,1,2,2.85714285714286,3,2.42857142857143,3.28571428571429,1,-9,1,1,1,0,1,2,0,0,2,2325,"bystander","target_code_1",1,0,"Humanities","Control","Engineering",1,1,"accept","accept","accept","accept","both_accept","ingroup","outgroup","outgroup","outgroup","outgroup","different",0,"Engineering"
"10","117","117s3",3,0,19,3,1,2,2.85714285714286,3,2.42857142857143,3.28571428571429,2,-9,1,1,0,1,1,0,2,0,2,2326,"bystander","target_code_2",0,1,"Control","Humanities","Engineering",1,1,"accept","accept","accept","accept","both_accept","outgroup","ingroup","outgroup","outgroup","outgroup","different",0,"Engineering"
"10","117","117s4",4,0,19,3,1,2,2.85714285714286,3,2.42857142857143,3.28571428571429,1,-9,1,0,0,1,1,0,2,0,2,2327,"bystander","target_code_1",0,1,"Control","Humanities","Engineering",1,0,"accept","reject","accept","reject","target_accept_other_reject","outgroup","ingroup","outgroup","outgroup","outgroup","different",0,"Engineering"
"10","117","117s4",4,0,19,3,1,2,2.85714285714286,3,2.42857142857143,3.28571428571429,2,9,0,1,1,0,1,2,0,0,2,2328,"bystander","target_code_2",1,0,"Humanities","Control","Engineering",0,1,"reject","accept","reject","accept","target_reject_other_accept","ingroup","outgroup","outgroup","outgroup","outgroup","different",0,"Engineering"
"10","117","117s5",5,0,19,3,1,2,2.85714285714286,3,2.42857142857143,3.28571428571429,1,9,0,0,2,1,1,1,2,0,2,2329,"bystander","target_code_1",2,1,"Engineering","Humanities","Engineering",0,0,"reject","reject","reject","reject","both_reject","outgroup","ingroup","outgroup","ingroup","outgroup","different",0,"Engineering"
"10","117","117s5",5,0,19,3,1,2,2.85714285714286,3,2.42857142857143,3.28571428571429,2,9,0,0,1,2,1,2,1,0,2,2330,"bystander","target_code_2",1,2,"Humanities","Engineering","Engineering",0,0,"reject","reject","reject","reject","both_reject","ingroup","outgroup","outgroup","outgroup","ingroup","different",0,"Engineering"
"10","118","118s6",6,0,19,3,0,2,2.28571428571429,3.14285714285714,3.42857142857143,2,1,5,1,1,0,2,1,0,1,0,2,2351,"bystander","target_code_1",0,2,"Control","Engineering","Engineering",1,1,"accept","accept","accept","accept","both_accept","outgroup","outgroup","outgroup","outgroup","ingroup","different",0,"Engineering"
"10","118","118s6",6,0,19,3,0,2,2.28571428571429,3.14285714285714,3.42857142857143,2,2,5,1,1,2,0,1,1,0,0,2,2352,"bystander","target_code_2",2,0,"Engineering","Control","Engineering",1,1,"accept","accept","accept","accept","both_accept","outgroup","outgroup","outgroup","ingroup","outgroup","different",0,"Engineering"
"10","118","118s7",7,0,19,3,0,2,2.28571428571429,3.14285714285714,3.42857142857143,2,1,4,1,0,1,2,1,2,1,0,2,2353,"bystander","target_code_1",1,2,"Humanities","Engineering","Engineering",1,0,"accept","reject","accept","reject","target_accept_other_reject","ingroup","outgroup","outgroup","outgroup","ingroup","different",0,"Engineering"
"10","118","118s7",7,0,19,3,0,2,2.28571428571429,3.14285714285714,3.42857142857143,2,2,8,0,1,2,1,1,1,2,0,2,2354,"bystander","target_code_2",2,1,"Engineering","Humanities","Engineering",0,1,"reject","accept","reject","accept","target_reject_other_accept","outgroup","ingroup","outgroup","ingroup","outgroup","different",0,"Engineering"
"10","118","118s8",8,0,19,3,0,2,2.28571428571429,3.14285714285714,3.42857142857143,2,1,4,1,0,1,0,2,2,0,0,1,2355,"bystander","target_code_1",1,0,"Humanities","Control","Engineering",1,0,"accept","reject","accept","reject","target_accept_other_reject","outgroup","outgroup","ingroup","outgroup","outgroup","different",0,"Engineering"
"10","118","118s8",8,0,19,3,0,2,2.28571428571429,3.14285714285714,3.42857142857143,2,2,8,0,1,0,1,2,0,2,0,1,2356,"bystander","target_code_2",0,1,"Control","Humanities","Engineering",0,1,"reject","accept","reject","accept","target_reject_other_accept","outgroup","outgroup","ingroup","outgroup","outgroup","different",0,"Engineering"
"10","118","118s9",9,0,19,3,0,2,2.28571428571429,3.14285714285714,3.42857142857143,2,1,4,1,1,0,0,2,0,0,1,1,2357,"bystander","target_code_1",0,0,"Control","Control","Engineering",1,1,"accept","accept","accept","accept","both_accept","outgroup","outgroup","ingroup","outgroup","outgroup","same",1,"Engineering"
"10","118","118s9",9,0,19,3,0,2,2.28571428571429,3.14285714285714,3.42857142857143,2,2,4,1,1,0,0,2,0,0,1,1,2358,"bystander","target_code_2",0,0,"Control","Control","Engineering",1,1,"accept","accept","accept","accept","both_accept","outgroup","outgroup","ingroup","outgroup","outgroup","same",1,"Engineering"
"10","118","118s10",10,0,19,3,0,2,2.28571428571429,3.14285714285714,3.42857142857143,2,1,4,1,0,1,1,1,2,2,1,2,2359,"bystander","target_code_1",1,1,"Humanities","Humanities","Engineering",1,0,"accept","reject","accept","reject","target_accept_other_reject","ingroup","ingroup","outgroup","outgroup","outgroup","same",1,"Engineering"
"10","118","118s10",10,0,19,3,0,2,2.28571428571429,3.14285714285714,3.42857142857143,2,2,8,0,1,1,1,1,2,2,1,2,2360,"bystander","target_code_2",1,1,"Humanities","Humanities","Engineering",0,1,"reject","accept","reject","accept","target_reject_other_accept","ingroup","ingroup","outgroup","outgroup","outgroup","same",1,"Engineering"
"10","119","119s1",1,0,18,4,0,2,1.71428571428571,2.28571428571429,1.85714285714286,1.28571428571429,1,-5,1,0,0,2,2,0,1,0,1,2361,"bystander","target_code_1",0,2,"Control","Engineering","Engineering",1,0,"accept","reject","accept","reject","target_accept_other_reject","outgroup","ingroup","ingroup","outgroup","ingroup","different",0,"Engineering"
"10","119","119s1",1,0,18,4,0,2,1.71428571428571,2.28571428571429,1.85714285714286,1.28571428571429,2,8,0,1,2,0,2,1,0,0,1,2362,"bystander","target_code_2",2,0,"Engineering","Control","Engineering",0,1,"reject","accept","reject","accept","target_reject_other_accept","ingroup","outgroup","ingroup","ingroup","outgroup","different",0,"Engineering"
"10","119","119s2",2,0,18,4,0,2,1.71428571428571,2.28571428571429,1.85714285714286,1.28571428571429,1,-8,1,1,1,0,1,2,0,0,2,2363,"bystander","target_code_1",1,0,"Humanities","Control","Engineering",1,1,"accept","accept","accept","accept","both_accept","ingroup","outgroup","outgroup","outgroup","outgroup","different",0,"Engineering"
"10","119","119s2",2,0,18,4,0,2,1.71428571428571,2.28571428571429,1.85714285714286,1.28571428571429,2,-8,1,1,0,1,1,0,2,0,2,2364,"bystander","target_code_2",0,1,"Control","Humanities","Engineering",1,1,"accept","accept","accept","accept","both_accept","outgroup","ingroup","outgroup","outgroup","outgroup","different",0,"Engineering"
"10","119","119s3",3,0,18,4,0,2,1.71428571428571,2.28571428571429,1.85714285714286,1.28571428571429,1,9,0,1,1,1,1,2,2,1,2,2365,"bystander","target_code_1",1,1,"Humanities","Humanities","Engineering",0,1,"reject","accept","reject","accept","target_reject_other_accept","ingroup","ingroup","outgroup","outgroup","outgroup","same",1,"Engineering"
"10","119","119s3",3,0,18,4,0,2,1.71428571428571,2.28571428571429,1.85714285714286,1.28571428571429,2,-9,1,0,1,1,1,2,2,1,2,2366,"bystander","target_code_2",1,1,"Humanities","Humanities","Engineering",1,0,"accept","reject","accept","reject","target_accept_other_reject","ingroup","ingroup","outgroup","outgroup","outgroup","same",1,"Engineering"
"10","119","119s4",4,0,18,4,0,2,1.71428571428571,2.28571428571429,1.85714285714286,1.28571428571429,1,-5,1,1,1,2,1,2,1,0,2,2367,"bystander","target_code_1",1,2,"Humanities","Engineering","Engineering",1,1,"accept","accept","accept","accept","both_accept","ingroup","outgroup","outgroup","outgroup","ingroup","different",0,"Engineering"
"10","119","119s4",4,0,18,4,0,2,1.71428571428571,2.28571428571429,1.85714285714286,1.28571428571429,2,0,1,1,2,1,1,1,2,0,2,2368,"bystander","target_code_2",2,1,"Engineering","Humanities","Engineering",1,1,"accept","accept","accept","accept","both_accept","outgroup","ingroup","outgroup","ingroup","outgroup","different",0,"Engineering"
"10","119","119s5",5,0,18,4,0,2,1.71428571428571,2.28571428571429,1.85714285714286,1.28571428571429,1,8,0,0,2,2,1,1,1,1,2,2369,"bystander","target_code_1",2,2,"Engineering","Engineering","Engineering",0,0,"reject","reject","reject","reject","both_reject","outgroup","outgroup","outgroup","ingroup","ingroup","same",1,"Engineering"
"10","119","119s5",5,0,18,4,0,2,1.71428571428571,2.28571428571429,1.85714285714286,1.28571428571429,2,8,0,0,2,2,1,1,1,1,2,2370,"bystander","target_code_2",2,2,"Engineering","Engineering","Engineering",0,0,"reject","reject","reject","reject","both_reject","outgroup","outgroup","outgroup","ingroup","ingroup","same",1,"Engineering"
"10","120","120s6",6,0,21,3,0,2,1.71428571428571,3.14285714285714,2.85714285714286,1.57142857142857,1,9,0,0,2,2,2,1,1,1,1,2391,"bystander","target_code_1",2,2,"Engineering","Engineering","Engineering",0,0,"reject","reject","reject","reject","both_reject","ingroup","ingroup","ingroup","ingroup","ingroup","same",1,"Engineering"
"10","120","120s6",6,0,21,3,0,2,1.71428571428571,3.14285714285714,2.85714285714286,1.57142857142857,2,9,0,0,2,2,2,1,1,1,1,2392,"bystander","target_code_2",2,2,"Engineering","Engineering","Engineering",0,0,"reject","reject","reject","reject","both_reject","ingroup","ingroup","ingroup","ingroup","ingroup","same",1,"Engineering"
"10","120","120s7",7,0,21,3,0,2,1.71428571428571,3.14285714285714,2.85714285714286,1.57142857142857,1,9,0,0,1,0,1,2,0,0,2,2393,"bystander","target_code_1",1,0,"Humanities","Control","Engineering",0,0,"reject","reject","reject","reject","both_reject","ingroup","outgroup","outgroup","outgroup","outgroup","different",0,"Engineering"
"10","120","120s7",7,0,21,3,0,2,1.71428571428571,3.14285714285714,2.85714285714286,1.57142857142857,2,9,0,0,0,1,1,0,2,0,2,2394,"bystander","target_code_2",0,1,"Control","Humanities","Engineering",0,0,"reject","reject","reject","reject","both_reject","outgroup","ingroup","outgroup","outgroup","outgroup","different",0,"Engineering"
"10","120","120s8",8,0,21,3,0,2,1.71428571428571,3.14285714285714,2.85714285714286,1.57142857142857,1,9,0,0,2,1,2,1,2,0,1,2395,"bystander","target_code_1",2,1,"Engineering","Humanities","Engineering",0,0,"reject","reject","reject","reject","both_reject","ingroup","outgroup","ingroup","ingroup","outgroup","different",0,"Engineering"
"10","120","120s8",8,0,21,3,0,2,1.71428571428571,3.14285714285714,2.85714285714286,1.57142857142857,2,9,0,0,1,2,2,2,1,0,1,2396,"bystander","target_code_2",1,2,"Humanities","Engineering","Engineering",0,0,"reject","reject","reject","reject","both_reject","outgroup","ingroup","ingroup","outgroup","ingroup","different",0,"Engineering"
"10","120","120s9",9,0,21,3,0,2,1.71428571428571,3.14285714285714,2.85714285714286,1.57142857142857,1,-9,1,1,2,2,1,1,1,1,2,2397,"bystander","target_code_1",2,2,"Engineering","Engineering","Engineering",1,1,"accept","accept","accept","accept","both_accept","outgroup","outgroup","outgroup","ingroup","ingroup","same",1,"Engineering"
"10","120","120s9",9,0,21,3,0,2,1.71428571428571,3.14285714285714,2.85714285714286,1.57142857142857,2,-9,1,1,2,2,1,1,1,1,2,2398,"bystander","target_code_2",2,2,"Engineering","Engineering","Engineering",1,1,"accept","accept","accept","accept","both_accept","outgroup","outgroup","outgroup","ingroup","ingroup","same",1,"Engineering"
"10","120","120s10",10,0,21,3,0,2,1.71428571428571,3.14285714285714,2.85714285714286,1.57142857142857,1,-9,1,0,2,1,2,1,2,0,1,2399,"bystander","target_code_1",2,1,"Engineering","Humanities","Engineering",1,0,"accept","reject","accept","reject","target_accept_other_reject","ingroup","outgroup","ingroup","ingroup","outgroup","different",0,"Engineering"
"10","120","120s10",10,0,21,3,0,2,1.71428571428571,3.14285714285714,2.85714285714286,1.57142857142857,2,-9,0,1,1,2,2,2,1,0,1,2400,"bystander","target_code_2",1,2,"Humanities","Engineering","Engineering",0,1,"reject","accept","reject","accept","target_reject_other_accept","outgroup","ingroup","ingroup","outgroup","ingroup","different",0,"Engineering"
"10","121","121s1",1,0,21,3,0,2,1,2.71428571428571,3,1,1,-9,1,1,2,1,2,1,2,0,1,2401,"bystander","target_code_1",2,1,"Engineering","Humanities","Engineering",1,1,"accept","accept","accept","accept","both_accept","ingroup","outgroup","ingroup","ingroup","outgroup","different",0,"Engineering"
"10","121","121s1",1,0,21,3,0,2,1,2.71428571428571,3,1,2,-9,1,1,1,2,2,2,1,0,1,2402,"bystander","target_code_2",1,2,"Humanities","Engineering","Engineering",1,1,"accept","accept","accept","accept","both_accept","outgroup","ingroup","ingroup","outgroup","ingroup","different",0,"Engineering"
"10","121","121s2",2,0,21,3,0,2,1,2.71428571428571,3,1,1,9,0,1,0,0,1,0,0,1,2,2403,"bystander","target_code_1",0,0,"Control","Control","Engineering",0,1,"reject","accept","reject","accept","target_reject_other_accept","outgroup","outgroup","outgroup","outgroup","outgroup","same",1,"Engineering"
"10","121","121s2",2,0,21,3,0,2,1,2.71428571428571,3,1,2,-9,1,0,0,0,1,0,0,1,2,2404,"bystander","target_code_2",0,0,"Control","Control","Engineering",1,0,"accept","reject","accept","reject","target_accept_other_reject","outgroup","outgroup","outgroup","outgroup","outgroup","same",1,"Engineering"
"10","121","121s3",3,0,21,3,0,2,1,2.71428571428571,3,1,1,9,0,0,0,2,2,0,1,0,1,2405,"bystander","target_code_1",0,2,"Control","Engineering","Engineering",0,0,"reject","reject","reject","reject","both_reject","outgroup","ingroup","ingroup","outgroup","ingroup","different",0,"Engineering"
"10","121","121s3",3,0,21,3,0,2,1,2.71428571428571,3,1,2,9,0,0,2,0,2,1,0,0,1,2406,"bystander","target_code_2",2,0,"Engineering","Control","Engineering",0,0,"reject","reject","reject","reject","both_reject","ingroup","outgroup","ingroup","ingroup","outgroup","different",0,"Engineering"
"10","121","121s4",4,0,21,3,0,2,1,2.71428571428571,3,1,1,9,0,1,2,1,2,1,2,0,1,2407,"bystander","target_code_1",2,1,"Engineering","Humanities","Engineering",0,1,"reject","accept","reject","accept","target_reject_other_accept","ingroup","outgroup","ingroup","ingroup","outgroup","different",0,"Engineering"
"10","121","121s4",4,0,21,3,0,2,1,2.71428571428571,3,1,2,-9,1,0,1,2,2,2,1,0,1,2408,"bystander","target_code_2",1,2,"Humanities","Engineering","Engineering",1,0,"accept","reject","accept","reject","target_accept_other_reject","outgroup","ingroup","ingroup","outgroup","ingroup","different",0,"Engineering"
"10","121","121s5",5,0,21,3,0,2,1,2.71428571428571,3,1,1,-9,1,0,1,0,2,2,0,0,1,2409,"bystander","target_code_1",1,0,"Humanities","Control","Engineering",1,0,"accept","reject","accept","reject","target_accept_other_reject","outgroup","outgroup","ingroup","outgroup","outgroup","different",0,"Engineering"
"10","121","121s5",5,0,21,3,0,2,1,2.71428571428571,3,1,2,9,0,1,0,1,2,0,2,0,1,2410,"bystander","target_code_2",0,1,"Control","Humanities","Engineering",0,1,"reject","accept","reject","accept","target_reject_other_accept","outgroup","outgroup","ingroup","outgroup","outgroup","different",0,"Engineering"
"10","122","122s6",6,0,21,3,0,2,1.85714285714286,3,3.28571428571429,0.285714285714286,1,0,1,1,0,0,1,0,0,1,2,2431,"bystander","target_code_1",0,0,"Control","Control","Engineering",1,1,"accept","accept","accept","accept","both_accept","outgroup","outgroup","outgroup","outgroup","outgroup","same",1,"Engineering"
"10","122","122s6",6,0,21,3,0,2,1.85714285714286,3,3.28571428571429,0.285714285714286,2,0,1,1,0,0,1,0,0,1,2,2432,"bystander","target_code_2",0,0,"Control","Control","Engineering",1,1,"accept","accept","accept","accept","both_accept","outgroup","outgroup","outgroup","outgroup","outgroup","same",1,"Engineering"
"10","122","122s7",7,0,21,3,0,2,1.85714285714286,3,3.28571428571429,0.285714285714286,1,9,0,0,0,1,2,0,2,0,1,2433,"bystander","target_code_1",0,1,"Control","Humanities","Engineering",0,0,"reject","reject","reject","reject","both_reject","outgroup","outgroup","ingroup","outgroup","outgroup","different",0,"Engineering"
"10","122","122s7",7,0,21,3,0,2,1.85714285714286,3,3.28571428571429,0.285714285714286,2,9,0,0,1,0,2,2,0,0,1,2434,"bystander","target_code_2",1,0,"Humanities","Control","Engineering",0,0,"reject","reject","reject","reject","both_reject","outgroup","outgroup","ingroup","outgroup","outgroup","different",0,"Engineering"
"10","122","122s8",8,0,21,3,0,2,1.85714285714286,3,3.28571428571429,0.285714285714286,1,0,1,0,0,0,2,0,0,1,1,2435,"bystander","target_code_1",0,0,"Control","Control","Engineering",1,0,"accept","reject","accept","reject","target_accept_other_reject","outgroup","outgroup","ingroup","outgroup","outgroup","same",1,"Engineering"
"10","122","122s8",8,0,21,3,0,2,1.85714285714286,3,3.28571428571429,0.285714285714286,2,9,0,1,0,0,2,0,0,1,1,2436,"bystander","target_code_2",0,0,"Control","Control","Engineering",0,1,"reject","accept","reject","accept","target_reject_other_accept","outgroup","outgroup","ingroup","outgroup","outgroup","same",1,"Engineering"
"10","122","122s9",9,0,21,3,0,2,1.85714285714286,3,3.28571428571429,0.285714285714286,1,9,0,0,2,1,1,1,2,0,2,2437,"bystander","target_code_1",2,1,"Engineering","Humanities","Engineering",0,0,"reject","reject","reject","reject","both_reject","outgroup","ingroup","outgroup","ingroup","outgroup","different",0,"Engineering"
"10","122","122s9",9,0,21,3,0,2,1.85714285714286,3,3.28571428571429,0.285714285714286,2,9,0,0,1,2,1,2,1,0,2,2438,"bystander","target_code_2",1,2,"Humanities","Engineering","Engineering",0,0,"reject","reject","reject","reject","both_reject","ingroup","outgroup","outgroup","outgroup","ingroup","different",0,"Engineering"
"10","122","122s10",10,0,21,3,0,2,1.85714285714286,3,3.28571428571429,0.285714285714286,1,0,1,0,2,1,2,1,2,0,1,2439,"bystander","target_code_1",2,1,"Engineering","Humanities","Engineering",1,0,"accept","reject","accept","reject","target_accept_other_reject","ingroup","outgroup","ingroup","ingroup","outgroup","different",0,"Engineering"
"10","122","122s10",10,0,21,3,0,2,1.85714285714286,3,3.28571428571429,0.285714285714286,2,9,0,1,1,2,2,2,1,0,1,2440,"bystander","target_code_2",1,2,"Humanities","Engineering","Engineering",0,1,"reject","accept","reject","accept","target_reject_other_accept","outgroup","ingroup","ingroup","outgroup","ingroup","different",0,"Engineering"
"10","123","123s6",6,0,24,3,,1,2.57142857142857,3,1.57142857142857,2,1,9,0,0,1,1,2,1,1,1,2,2451,"bystander","target_code_1",1,1,"Humanities","Humanities","Humanities",0,0,"reject","reject","reject","reject","both_reject","outgroup","outgroup","outgroup","ingroup","ingroup","same",1,"Humanities"
"10","123","123s6",6,0,24,3,,1,2.57142857142857,3,1.57142857142857,2,2,9,0,0,1,1,2,1,1,1,2,2452,"bystander","target_code_2",1,1,"Humanities","Humanities","Humanities",0,0,"reject","reject","reject","reject","both_reject","outgroup","outgroup","outgroup","ingroup","ingroup","same",1,"Humanities"
"10","123","123s7",7,0,24,3,,1,2.57142857142857,3,1.57142857142857,2,1,9,1,0,2,2,2,2,2,1,2,2453,"bystander","target_code_1",2,2,"Engineering","Engineering","Humanities",1,0,"accept","reject","accept","reject","target_accept_other_reject","ingroup","ingroup","outgroup","outgroup","outgroup","same",1,"Humanities"
"10","123","123s7",7,0,24,3,,1,2.57142857142857,3,1.57142857142857,2,2,-9,0,1,2,2,2,2,2,1,2,2454,"bystander","target_code_2",2,2,"Engineering","Engineering","Humanities",0,1,"reject","accept","reject","accept","target_reject_other_accept","ingroup","ingroup","outgroup","outgroup","outgroup","same",1,"Humanities"
"10","123","123s8",8,0,24,3,,1,2.57142857142857,3,1.57142857142857,2,1,9,1,0,1,2,2,1,2,0,2,2455,"bystander","target_code_1",1,2,"Humanities","Engineering","Humanities",1,0,"accept","reject","accept","reject","target_accept_other_reject","outgroup","ingroup","outgroup","ingroup","outgroup","different",0,"Humanities"
"10","123","123s8",8,0,24,3,,1,2.57142857142857,3,1.57142857142857,2,2,-9,0,1,2,1,2,2,1,0,2,2456,"bystander","target_code_2",2,1,"Engineering","Humanities","Humanities",0,1,"reject","accept","reject","accept","target_reject_other_accept","ingroup","outgroup","outgroup","outgroup","ingroup","different",0,"Humanities"
"10","123","123s9",9,0,24,3,,1,2.57142857142857,3,1.57142857142857,2,1,9,0,0,1,1,2,1,1,1,2,2457,"bystander","target_code_1",1,1,"Humanities","Humanities","Humanities",0,0,"reject","reject","reject","reject","both_reject","outgroup","outgroup","outgroup","ingroup","ingroup","same",1,"Humanities"
"10","123","123s9",9,0,24,3,,1,2.57142857142857,3,1.57142857142857,2,2,9,0,0,1,1,2,1,1,1,2,2458,"bystander","target_code_2",1,1,"Humanities","Humanities","Humanities",0,0,"reject","reject","reject","reject","both_reject","outgroup","outgroup","outgroup","ingroup","ingroup","same",1,"Humanities"
"10","123","123s10",10,0,24,3,,1,2.57142857142857,3,1.57142857142857,2,1,9,0,0,0,0,2,0,0,1,2,2459,"bystander","target_code_1",0,0,"Control","Control","Humanities",0,0,"reject","reject","reject","reject","both_reject","outgroup","outgroup","outgroup","outgroup","outgroup","same",1,"Humanities"
"10","123","123s10",10,0,24,3,,1,2.57142857142857,3,1.57142857142857,2,2,9,0,0,0,0,2,0,0,1,2,2460,"bystander","target_code_2",0,0,"Control","Control","Humanities",0,0,"reject","reject","reject","reject","both_reject","outgroup","outgroup","outgroup","outgroup","outgroup","same",1,"Humanities"
"10","124","124s1",1,0,19,1,0,2,1.42857142857143,1.85714285714286,1.42857142857143,1.85714285714286,1,-4,0,0,0,0,1,0,0,1,2,2461,"bystander","target_code_1",0,0,"Control","Control","Engineering",0,0,"reject","reject","reject","reject","both_reject","outgroup","outgroup","outgroup","outgroup","outgroup","same",1,"Engineering"
"10","124","124s1",1,0,19,1,0,2,1.42857142857143,1.85714285714286,1.42857142857143,1.85714285714286,2,-4,0,0,0,0,1,0,0,1,2,2462,"bystander","target_code_2",0,0,"Control","Control","Engineering",0,0,"reject","reject","reject","reject","both_reject","outgroup","outgroup","outgroup","outgroup","outgroup","same",1,"Engineering"
"10","124","124s2",2,0,19,1,0,2,1.42857142857143,1.85714285714286,1.42857142857143,1.85714285714286,1,3,0,1,0,1,1,0,2,0,2,2463,"bystander","target_code_1",0,1,"Control","Humanities","Engineering",0,1,"reject","accept","reject","accept","target_reject_other_accept","outgroup","ingroup","outgroup","outgroup","outgroup","different",0,"Engineering"
"10","124","124s2",2,0,19,1,0,2,1.42857142857143,1.85714285714286,1.42857142857143,1.85714285714286,2,3,1,0,1,0,1,2,0,0,2,2464,"bystander","target_code_2",1,0,"Humanities","Control","Engineering",1,0,"accept","reject","accept","reject","target_accept_other_reject","ingroup","outgroup","outgroup","outgroup","outgroup","different",0,"Engineering"
"10","124","124s3",3,0,19,1,0,2,1.42857142857143,1.85714285714286,1.42857142857143,1.85714285714286,1,-2,0,0,0,2,1,0,1,0,2,2465,"bystander","target_code_1",0,2,"Control","Engineering","Engineering",0,0,"reject","reject","reject","reject","both_reject","outgroup","outgroup","outgroup","outgroup","ingroup","different",0,"Engineering"
"10","124","124s3",3,0,19,1,0,2,1.42857142857143,1.85714285714286,1.42857142857143,1.85714285714286,2,2,0,0,2,0,1,1,0,0,2,2466,"bystander","target_code_2",2,0,"Engineering","Control","Engineering",0,0,"reject","reject","reject","reject","both_reject","outgroup","outgroup","outgroup","ingroup","outgroup","different",0,"Engineering"
"10","124","124s4",4,0,19,1,0,2,1.42857142857143,1.85714285714286,1.42857142857143,1.85714285714286,1,3,0,0,0,1,2,0,2,0,1,2467,"bystander","target_code_1",0,1,"Control","Humanities","Engineering",0,0,"reject","reject","reject","reject","both_reject","outgroup","outgroup","ingroup","outgroup","outgroup","different",0,"Engineering"
"10","124","124s4",4,0,19,1,0,2,1.42857142857143,1.85714285714286,1.42857142857143,1.85714285714286,2,-3,0,0,1,0,2,2,0,0,1,2468,"bystander","target_code_2",1,0,"Humanities","Control","Engineering",0,0,"reject","reject","reject","reject","both_reject","outgroup","outgroup","ingroup","outgroup","outgroup","different",0,"Engineering"
"10","124","124s5",5,0,19,1,0,2,1.42857142857143,1.85714285714286,1.42857142857143,1.85714285714286,1,-4,1,0,1,0,1,2,0,0,2,2469,"bystander","target_code_1",1,0,"Humanities","Control","Engineering",1,0,"accept","reject","accept","reject","target_accept_other_reject","ingroup","outgroup","outgroup","outgroup","outgroup","different",0,"Engineering"
"10","124","124s5",5,0,19,1,0,2,1.42857142857143,1.85714285714286,1.42857142857143,1.85714285714286,2,-5,0,1,0,1,1,0,2,0,2,2470,"bystander","target_code_2",0,1,"Control","Humanities","Engineering",0,1,"reject","accept","reject","accept","target_reject_other_accept","outgroup","ingroup","outgroup","outgroup","outgroup","different",0,"Engineering"
"10","125","125s1",1,0,21,3,0,2,2.14285714285714,2.57142857142857,3,2,1,0,1,0,1,2,2,2,1,0,1,2481,"bystander","target_code_1",1,2,"Humanities","Engineering","Engineering",1,0,"accept","reject","accept","reject","target_accept_other_reject","outgroup","ingroup","ingroup","outgroup","ingroup","different",0,"Engineering"
"10","125","125s1",1,0,21,3,0,2,2.14285714285714,2.57142857142857,3,2,2,9,0,1,2,1,2,1,2,0,1,2482,"bystander","target_code_2",2,1,"Engineering","Humanities","Engineering",0,1,"reject","accept","reject","accept","target_reject_other_accept","ingroup","outgroup","ingroup","ingroup","outgroup","different",0,"Engineering"
"10","125","125s2",2,0,21,3,0,2,2.14285714285714,2.57142857142857,3,2,1,9,0,1,1,2,2,2,1,0,1,2483,"bystander","target_code_1",1,2,"Humanities","Engineering","Engineering",0,1,"reject","accept","reject","accept","target_reject_other_accept","outgroup","ingroup","ingroup","outgroup","ingroup","different",0,"Engineering"
"10","125","125s2",2,0,21,3,0,2,2.14285714285714,2.57142857142857,3,2,2,0,1,0,2,1,2,1,2,0,1,2484,"bystander","target_code_2",2,1,"Engineering","Humanities","Engineering",1,0,"accept","reject","accept","reject","target_accept_other_reject","ingroup","outgroup","ingroup","ingroup","outgroup","different",0,"Engineering"
"10","125","125s3",3,0,21,3,0,2,2.14285714285714,2.57142857142857,3,2,1,9,0,0,2,0,2,1,0,0,1,2485,"bystander","target_code_1",2,0,"Engineering","Control","Engineering",0,0,"reject","reject","reject","reject","both_reject","ingroup","outgroup","ingroup","ingroup","outgroup","different",0,"Engineering"
"10","125","125s3",3,0,21,3,0,2,2.14285714285714,2.57142857142857,3,2,2,9,0,0,0,2,2,0,1,0,1,2486,"bystander","target_code_2",0,2,"Control","Engineering","Engineering",0,0,"reject","reject","reject","reject","both_reject","outgroup","ingroup","ingroup","outgroup","ingroup","different",0,"Engineering"
"10","125","125s4",4,0,21,3,0,2,2.14285714285714,2.57142857142857,3,2,1,9,0,1,2,0,2,1,0,0,1,2487,"bystander","target_code_1",2,0,"Engineering","Control","Engineering",0,1,"reject","accept","reject","accept","target_reject_other_accept","ingroup","outgroup","ingroup","ingroup","outgroup","different",0,"Engineering"
"10","125","125s4",4,0,21,3,0,2,2.14285714285714,2.57142857142857,3,2,2,0,1,0,0,2,2,0,1,0,1,2488,"bystander","target_code_2",0,2,"Control","Engineering","Engineering",1,0,"accept","reject","accept","reject","target_accept_other_reject","outgroup","ingroup","ingroup","outgroup","ingroup","different",0,"Engineering"
"10","125","125s5",5,0,21,3,0,2,2.14285714285714,2.57142857142857,3,2,1,9,0,1,0,1,2,0,2,0,1,2489,"bystander","target_code_1",0,1,"Control","Humanities","Engineering",0,1,"reject","accept","reject","accept","target_reject_other_accept","outgroup","outgroup","ingroup","outgroup","outgroup","different",0,"Engineering"
"10","125","125s5",5,0,21,3,0,2,2.14285714285714,2.57142857142857,3,2,2,0,1,0,1,0,2,2,0,0,1,2490,"bystander","target_code_2",1,0,"Humanities","Control","Engineering",1,0,"accept","reject","accept","reject","target_accept_other_reject","outgroup","outgroup","ingroup","outgroup","outgroup","different",0,"Engineering"
"10","126","126s6",6,0,21,2,0,2,2.28571428571429,2,1,1.28571428571429,1,9,0,0,1,1,1,2,2,1,2,2511,"bystander","target_code_1",1,1,"Humanities","Humanities","Engineering",0,0,"reject","reject","reject","reject","both_reject","ingroup","ingroup","outgroup","outgroup","outgroup","same",1,"Engineering"
"10","126","126s6",6,0,21,2,0,2,2.28571428571429,2,1,1.28571428571429,2,9,0,0,1,1,1,2,2,1,2,2512,"bystander","target_code_2",1,1,"Humanities","Humanities","Engineering",0,0,"reject","reject","reject","reject","both_reject","ingroup","ingroup","outgroup","outgroup","outgroup","same",1,"Engineering"
"10","126","126s7",7,0,21,2,0,2,2.28571428571429,2,1,1.28571428571429,1,-9,1,0,2,1,2,1,2,0,1,2513,"bystander","target_code_1",2,1,"Engineering","Humanities","Engineering",1,0,"accept","reject","accept","reject","target_accept_other_reject","ingroup","outgroup","ingroup","ingroup","outgroup","different",0,"Engineering"
"10","126","126s7",7,0,21,2,0,2,2.28571428571429,2,1,1.28571428571429,2,9,0,1,1,2,2,2,1,0,1,2514,"bystander","target_code_2",1,2,"Humanities","Engineering","Engineering",0,1,"reject","accept","reject","accept","target_reject_other_accept","outgroup","ingroup","ingroup","outgroup","ingroup","different",0,"Engineering"
"10","126","126s8",8,0,21,2,0,2,2.28571428571429,2,1,1.28571428571429,1,9,0,0,0,0,2,0,0,1,1,2515,"bystander","target_code_1",0,0,"Control","Control","Engineering",0,0,"reject","reject","reject","reject","both_reject","outgroup","outgroup","ingroup","outgroup","outgroup","same",1,"Engineering"
"10","126","126s8",8,0,21,2,0,2,2.28571428571429,2,1,1.28571428571429,2,9,0,0,0,0,2,0,0,1,1,2516,"bystander","target_code_2",0,0,"Control","Control","Engineering",0,0,"reject","reject","reject","reject","both_reject","outgroup","outgroup","ingroup","outgroup","outgroup","same",1,"Engineering"
"10","126","126s9",9,0,21,2,0,2,2.28571428571429,2,1,1.28571428571429,1,-9,1,0,0,1,1,0,2,0,2,2517,"bystander","target_code_1",0,1,"Control","Humanities","Engineering",1,0,"accept","reject","accept","reject","target_accept_other_reject","outgroup","ingroup","outgroup","outgroup","outgroup","different",0,"Engineering"
"10","126","126s9",9,0,21,2,0,2,2.28571428571429,2,1,1.28571428571429,2,9,0,1,1,0,1,2,0,0,2,2518,"bystander","target_code_2",1,0,"Humanities","Control","Engineering",0,1,"reject","accept","reject","accept","target_reject_other_accept","ingroup","outgroup","outgroup","outgroup","outgroup","different",0,"Engineering"
"10","126","126s10",10,0,21,2,0,2,2.28571428571429,2,1,1.28571428571429,1,-9,1,0,2,2,2,1,1,1,1,2519,"bystander","target_code_1",2,2,"Engineering","Engineering","Engineering",1,0,"accept","reject","accept","reject","target_accept_other_reject","ingroup","ingroup","ingroup","ingroup","ingroup","same",1,"Engineering"
"10","126","126s10",10,0,21,2,0,2,2.28571428571429,2,1,1.28571428571429,2,9,0,1,2,2,2,1,1,1,1,2520,"bystander","target_code_2",2,2,"Engineering","Engineering","Engineering",0,1,"reject","accept","reject","accept","target_reject_other_accept","ingroup","ingroup","ingroup","ingroup","ingroup","same",1,"Engineering"
"10","127","127s1",1,0,23,1,0,2,1.71428571428571,2.14285714285714,2.57142857142857,1.14285714285714,1,-1,1,1,0,0,1,0,0,1,2,2521,"bystander","target_code_1",0,0,"Control","Control","Engineering",1,1,"accept","accept","accept","accept","both_accept","outgroup","outgroup","outgroup","outgroup","outgroup","same",1,"Engineering"
"10","127","127s1",1,0,23,1,0,2,1.71428571428571,2.14285714285714,2.57142857142857,1.14285714285714,2,-1,1,1,0,0,1,0,0,1,2,2522,"bystander","target_code_2",0,0,"Control","Control","Engineering",1,1,"accept","accept","accept","accept","both_accept","outgroup","outgroup","outgroup","outgroup","outgroup","same",1,"Engineering"
"10","127","127s2",2,0,23,1,0,2,1.71428571428571,2.14285714285714,2.57142857142857,1.14285714285714,1,-1,1,1,2,1,2,1,2,0,1,2523,"bystander","target_code_1",2,1,"Engineering","Humanities","Engineering",1,1,"accept","accept","accept","accept","both_accept","ingroup","outgroup","ingroup","ingroup","outgroup","different",0,"Engineering"
"10","127","127s2",2,0,23,1,0,2,1.71428571428571,2.14285714285714,2.57142857142857,1.14285714285714,2,-1,1,1,1,2,2,2,1,0,1,2524,"bystander","target_code_2",1,2,"Humanities","Engineering","Engineering",1,1,"accept","accept","accept","accept","both_accept","outgroup","ingroup","ingroup","outgroup","ingroup","different",0,"Engineering"
"10","127","127s3",3,0,23,1,0,2,1.71428571428571,2.14285714285714,2.57142857142857,1.14285714285714,1,-1,1,1,0,1,1,0,2,0,2,2525,"bystander","target_code_1",0,1,"Control","Humanities","Engineering",1,1,"accept","accept","accept","accept","both_accept","outgroup","ingroup","outgroup","outgroup","outgroup","different",0,"Engineering"
"10","127","127s3",3,0,23,1,0,2,1.71428571428571,2.14285714285714,2.57142857142857,1.14285714285714,2,-1,1,1,1,0,1,2,0,0,2,2526,"bystander","target_code_2",1,0,"Humanities","Control","Engineering",1,1,"accept","accept","accept","accept","both_accept","ingroup","outgroup","outgroup","outgroup","outgroup","different",0,"Engineering"
"10","127","127s4",4,0,23,1,0,2,1.71428571428571,2.14285714285714,2.57142857142857,1.14285714285714,1,9,0,0,1,0,2,2,0,0,1,2527,"bystander","target_code_1",1,0,"Humanities","Control","Engineering",0,0,"reject","reject","reject","reject","both_reject","outgroup","outgroup","ingroup","outgroup","outgroup","different",0,"Engineering"
"10","127","127s4",4,0,23,1,0,2,1.71428571428571,2.14285714285714,2.57142857142857,1.14285714285714,2,9,0,0,0,1,2,0,2,0,1,2528,"bystander","target_code_2",0,1,"Control","Humanities","Engineering",0,0,"reject","reject","reject","reject","both_reject","outgroup","outgroup","ingroup","outgroup","outgroup","different",0,"Engineering"
"10","127","127s5",5,0,23,1,0,2,1.71428571428571,2.14285714285714,2.57142857142857,1.14285714285714,1,-1,1,1,0,2,1,0,1,0,2,2529,"bystander","target_code_1",0,2,"Control","Engineering","Engineering",1,1,"accept","accept","accept","accept","both_accept","outgroup","outgroup","outgroup","outgroup","ingroup","different",0,"Engineering"
"10","127","127s5",5,0,23,1,0,2,1.71428571428571,2.14285714285714,2.57142857142857,1.14285714285714,2,-1,1,1,2,0,1,1,0,0,2,2530,"bystander","target_code_2",2,0,"Engineering","Control","Engineering",1,1,"accept","accept","accept","accept","both_accept","outgroup","outgroup","outgroup","ingroup","outgroup","different",0,"Engineering"
"11","128","128s6",6,0,21,1,0,2,1.57142857142857,2,1.42857142857143,2.14285714285714,1,-6,0,0,1,1,2,2,2,1,1,2551,"bystander","target_code_1",1,1,"Humanities","Humanities","Engineering",0,0,"reject","reject","reject","reject","both_reject","outgroup","outgroup","ingroup","outgroup","outgroup","same",1,"Engineering"
"11","128","128s6",6,0,21,1,0,2,1.57142857142857,2,1.42857142857143,2.14285714285714,2,4,0,0,1,1,2,2,2,1,1,2552,"bystander","target_code_2",1,1,"Humanities","Humanities","Engineering",0,0,"reject","reject","reject","reject","both_reject","outgroup","outgroup","ingroup","outgroup","outgroup","same",1,"Engineering"
"11","128","128s7",7,0,21,1,0,2,1.57142857142857,2,1.42857142857143,2.14285714285714,1,4,0,0,0,2,2,0,1,0,1,2553,"bystander","target_code_1",0,2,"Control","Engineering","Engineering",0,0,"reject","reject","reject","reject","both_reject","outgroup","ingroup","ingroup","outgroup","ingroup","different",0,"Engineering"
"11","128","128s7",7,0,21,1,0,2,1.57142857142857,2,1.42857142857143,2.14285714285714,2,4,0,0,2,0,2,1,0,0,1,2554,"bystander","target_code_2",2,0,"Engineering","Control","Engineering",0,0,"reject","reject","reject","reject","both_reject","ingroup","outgroup","ingroup","ingroup","outgroup","different",0,"Engineering"
"11","128","128s8",8,0,21,1,0,2,1.57142857142857,2,1.42857142857143,2.14285714285714,1,4,1,0,2,1,2,1,2,0,1,2555,"bystander","target_code_1",2,1,"Engineering","Humanities","Engineering",1,0,"accept","reject","accept","reject","target_accept_other_reject","ingroup","outgroup","ingroup","ingroup","outgroup","different",0,"Engineering"
"11","128","128s8",8,0,21,1,0,2,1.57142857142857,2,1.42857142857143,2.14285714285714,2,-3,0,1,1,2,2,2,1,0,1,2556,"bystander","target_code_2",1,2,"Humanities","Engineering","Engineering",0,1,"reject","accept","reject","accept","target_reject_other_accept","outgroup","ingroup","ingroup","outgroup","ingroup","different",0,"Engineering"
"11","128","128s9",9,0,21,1,0,2,1.57142857142857,2,1.42857142857143,2.14285714285714,1,0,0,0,2,0,1,1,0,0,2,2557,"bystander","target_code_1",2,0,"Engineering","Control","Engineering",0,0,"reject","reject","reject","reject","both_reject","outgroup","outgroup","outgroup","ingroup","outgroup","different",0,"Engineering"
"11","128","128s9",9,0,21,1,0,2,1.57142857142857,2,1.42857142857143,2.14285714285714,2,0,0,0,0,2,1,0,1,0,2,2558,"bystander","target_code_2",0,2,"Control","Engineering","Engineering",0,0,"reject","reject","reject","reject","both_reject","outgroup","outgroup","outgroup","outgroup","ingroup","different",0,"Engineering"
"11","128","128s10",10,0,21,1,0,2,1.57142857142857,2,1.42857142857143,2.14285714285714,1,-4,1,0,0,0,1,0,0,1,2,2559,"bystander","target_code_1",0,0,"Control","Control","Engineering",1,0,"accept","reject","accept","reject","target_accept_other_reject","outgroup","outgroup","outgroup","outgroup","outgroup","same",1,"Engineering"
"11","128","128s10",10,0,21,1,0,2,1.57142857142857,2,1.42857142857143,2.14285714285714,2,-3,0,1,0,0,1,0,0,1,2,2560,"bystander","target_code_2",0,0,"Control","Control","Engineering",0,1,"reject","accept","reject","accept","target_reject_other_accept","outgroup","outgroup","outgroup","outgroup","outgroup","same",1,"Engineering"
"11","129","129s1",1,0,21,3,0,2,0.857142857142857,1.85714285714286,1.85714285714286,0.857142857142857,1,9,0,0,1,1,2,2,2,1,1,2561,"bystander","target_code_1",1,1,"Humanities","Humanities","Engineering",0,0,"reject","reject","reject","reject","both_reject","outgroup","outgroup","ingroup","outgroup","outgroup","same",1,"Engineering"
"11","129","129s1",1,0,21,3,0,2,0.857142857142857,1.85714285714286,1.85714285714286,0.857142857142857,2,9,0,0,1,1,2,2,2,1,1,2562,"bystander","target_code_2",1,1,"Humanities","Humanities","Engineering",0,0,"reject","reject","reject","reject","both_reject","outgroup","outgroup","ingroup","outgroup","outgroup","same",1,"Engineering"
"11","129","129s2",2,0,21,3,0,2,0.857142857142857,1.85714285714286,1.85714285714286,0.857142857142857,1,9,0,1,2,1,1,1,2,0,2,2563,"bystander","target_code_1",2,1,"Engineering","Humanities","Engineering",0,1,"reject","accept","reject","accept","target_reject_other_accept","outgroup","ingroup","outgroup","ingroup","outgroup","different",0,"Engineering"
"11","129","129s2",2,0,21,3,0,2,0.857142857142857,1.85714285714286,1.85714285714286,0.857142857142857,2,-9,1,0,1,2,1,2,1,0,2,2564,"bystander","target_code_2",1,2,"Humanities","Engineering","Engineering",1,0,"accept","reject","accept","reject","target_accept_other_reject","ingroup","outgroup","outgroup","outgroup","ingroup","different",0,"Engineering"
"11","129","129s3",3,0,21,3,0,2,0.857142857142857,1.85714285714286,1.85714285714286,0.857142857142857,1,9,0,1,1,0,2,2,0,0,1,2565,"bystander","target_code_1",1,0,"Humanities","Control","Engineering",0,1,"reject","accept","reject","accept","target_reject_other_accept","outgroup","outgroup","ingroup","outgroup","outgroup","different",0,"Engineering"
"11","129","129s3",3,0,21,3,0,2,0.857142857142857,1.85714285714286,1.85714285714286,0.857142857142857,2,-9,1,0,0,1,2,0,2,0,1,2566,"bystander","target_code_2",0,1,"Control","Humanities","Engineering",1,0,"accept","reject","accept","reject","target_accept_other_reject","outgroup","outgroup","ingroup","outgroup","outgroup","different",0,"Engineering"
"11","129","129s4",4,0,21,3,0,2,0.857142857142857,1.85714285714286,1.85714285714286,0.857142857142857,1,9,0,0,2,0,1,1,0,0,2,2567,"bystander","target_code_1",2,0,"Engineering","Control","Engineering",0,0,"reject","reject","reject","reject","both_reject","outgroup","outgroup","outgroup","ingroup","outgroup","different",0,"Engineering"
"11","129","129s4",4,0,21,3,0,2,0.857142857142857,1.85714285714286,1.85714285714286,0.857142857142857,2,9,0,0,0,2,1,0,1,0,2,2568,"bystander","target_code_2",0,2,"Control","Engineering","Engineering",0,0,"reject","reject","reject","reject","both_reject","outgroup","outgroup","outgroup","outgroup","ingroup","different",0,"Engineering"
"11","129","129s5",5,0,21,3,0,2,0.857142857142857,1.85714285714286,1.85714285714286,0.857142857142857,1,9,0,1,2,1,2,1,2,0,1,2569,"bystander","target_code_1",2,1,"Engineering","Humanities","Engineering",0,1,"reject","accept","reject","accept","target_reject_other_accept","ingroup","outgroup","ingroup","ingroup","outgroup","different",0,"Engineering"
"11","129","129s5",5,0,21,3,0,2,0.857142857142857,1.85714285714286,1.85714285714286,0.857142857142857,2,-9,1,0,1,2,2,2,1,0,1,2570,"bystander","target_code_2",1,2,"Humanities","Engineering","Engineering",1,0,"accept","reject","accept","reject","target_accept_other_reject","outgroup","ingroup","ingroup","outgroup","ingroup","different",0,"Engineering"
"11","130","130s6",6,0,19,2,0,2,1.57142857142857,2.28571428571429,3,0.857142857142857,1,5,0,0,0,2,1,0,1,0,2,2591,"bystander","target_code_1",0,2,"Control","Engineering","Engineering",0,0,"reject","reject","reject","reject","both_reject","outgroup","outgroup","outgroup","outgroup","ingroup","different",0,"Engineering"
"11","130","130s6",6,0,19,2,0,2,1.57142857142857,2.28571428571429,3,0.857142857142857,2,5,0,0,2,0,1,1,0,0,2,2592,"bystander","target_code_2",2,0,"Engineering","Control","Engineering",0,0,"reject","reject","reject","reject","both_reject","outgroup","outgroup","outgroup","ingroup","outgroup","different",0,"Engineering"
"11","130","130s7",7,0,19,2,0,2,1.57142857142857,2.28571428571429,3,0.857142857142857,1,5,0,0,0,2,2,0,1,0,1,2593,"bystander","target_code_1",0,2,"Control","Engineering","Engineering",0,0,"reject","reject","reject","reject","both_reject","outgroup","ingroup","ingroup","outgroup","ingroup","different",0,"Engineering"
"11","130","130s7",7,0,19,2,0,2,1.57142857142857,2.28571428571429,3,0.857142857142857,2,5,0,0,2,0,2,1,0,0,1,2594,"bystander","target_code_2",2,0,"Engineering","Control","Engineering",0,0,"reject","reject","reject","reject","both_reject","ingroup","outgroup","ingroup","ingroup","outgroup","different",0,"Engineering"
"11","130","130s8",8,0,19,2,0,2,1.57142857142857,2.28571428571429,3,0.857142857142857,1,5,0,1,2,1,2,1,2,0,1,2595,"bystander","target_code_1",2,1,"Engineering","Humanities","Engineering",0,1,"reject","accept","reject","accept","target_reject_other_accept","ingroup","outgroup","ingroup","ingroup","outgroup","different",0,"Engineering"
"11","130","130s8",8,0,19,2,0,2,1.57142857142857,2.28571428571429,3,0.857142857142857,2,-5,1,0,1,2,2,2,1,0,1,2596,"bystander","target_code_2",1,2,"Humanities","Engineering","Engineering",1,0,"accept","reject","accept","reject","target_accept_other_reject","outgroup","ingroup","ingroup","outgroup","ingroup","different",0,"Engineering"
"11","130","130s9",9,0,19,2,0,2,1.57142857142857,2.28571428571429,3,0.857142857142857,1,-9,1,0,2,0,2,1,0,0,1,2597,"bystander","target_code_1",2,0,"Engineering","Control","Engineering",1,0,"accept","reject","accept","reject","target_accept_other_reject","ingroup","outgroup","ingroup","ingroup","outgroup","different",0,"Engineering"
"11","130","130s9",9,0,19,2,0,2,1.57142857142857,2.28571428571429,3,0.857142857142857,2,9,0,1,0,2,2,0,1,0,1,2598,"bystander","target_code_2",0,2,"Control","Engineering","Engineering",0,1,"reject","accept","reject","accept","target_reject_other_accept","outgroup","ingroup","ingroup","outgroup","ingroup","different",0,"Engineering"
"11","130","130s10",10,0,19,2,0,2,1.57142857142857,2.28571428571429,3,0.857142857142857,1,8,0,1,0,1,2,0,2,0,1,2599,"bystander","target_code_1",0,1,"Control","Humanities","Engineering",0,1,"reject","accept","reject","accept","target_reject_other_accept","outgroup","outgroup","ingroup","outgroup","outgroup","different",0,"Engineering"
"11","130","130s10",10,0,19,2,0,2,1.57142857142857,2.28571428571429,3,0.857142857142857,2,-8,1,0,1,0,2,2,0,0,1,2600,"bystander","target_code_2",1,0,"Humanities","Control","Engineering",1,0,"accept","reject","accept","reject","target_accept_other_reject","outgroup","outgroup","ingroup","outgroup","outgroup","different",0,"Engineering"
"11","131","131s1",1,0,20,2,0,1,1.28571428571429,2,2.42857142857143,1,1,0,1,0,0,2,2,0,2,0,2,2601,"bystander","target_code_1",0,2,"Control","Engineering","Humanities",1,0,"accept","reject","accept","reject","target_accept_other_reject","outgroup","ingroup","outgroup","outgroup","outgroup","different",0,"Humanities"
"11","131","131s1",1,0,20,2,0,1,1.28571428571429,2,2.42857142857143,1,2,0,0,1,2,0,2,2,0,0,2,2602,"bystander","target_code_2",2,0,"Engineering","Control","Humanities",0,1,"reject","accept","reject","accept","target_reject_other_accept","ingroup","outgroup","outgroup","outgroup","outgroup","different",0,"Humanities"
"11","131","131s2",2,0,20,2,0,1,1.28571428571429,2,2.42857142857143,1,1,5,0,0,1,1,1,1,1,1,1,2603,"bystander","target_code_1",1,1,"Humanities","Humanities","Humanities",0,0,"reject","reject","reject","reject","both_reject","ingroup","ingroup","ingroup","ingroup","ingroup","same",1,"Humanities"
"11","131","131s2",2,0,20,2,0,1,1.28571428571429,2,2.42857142857143,1,2,5,0,0,1,1,1,1,1,1,1,2604,"bystander","target_code_2",1,1,"Humanities","Humanities","Humanities",0,0,"reject","reject","reject","reject","both_reject","ingroup","ingroup","ingroup","ingroup","ingroup","same",1,"Humanities"
"11","131","131s3",3,0,20,2,0,1,1.28571428571429,2,2.42857142857143,1,1,5,0,0,1,2,1,1,2,0,1,2605,"bystander","target_code_1",1,2,"Humanities","Engineering","Humanities",0,0,"reject","reject","reject","reject","both_reject","ingroup","outgroup","ingroup","ingroup","outgroup","different",0,"Humanities"
"11","131","131s3",3,0,20,2,0,1,1.28571428571429,2,2.42857142857143,1,2,5,0,0,2,1,1,2,1,0,1,2606,"bystander","target_code_2",2,1,"Engineering","Humanities","Humanities",0,0,"reject","reject","reject","reject","both_reject","outgroup","ingroup","ingroup","outgroup","ingroup","different",0,"Humanities"
"11","131","131s4",4,0,20,2,0,1,1.28571428571429,2,2.42857142857143,1,1,5,0,0,1,1,2,1,1,1,2,2607,"bystander","target_code_1",1,1,"Humanities","Humanities","Humanities",0,0,"reject","reject","reject","reject","both_reject","outgroup","outgroup","outgroup","ingroup","ingroup","same",1,"Humanities"
"11","131","131s4",4,0,20,2,0,1,1.28571428571429,2,2.42857142857143,1,2,5,0,0,1,1,2,1,1,1,2,2608,"bystander","target_code_2",1,1,"Humanities","Humanities","Humanities",0,0,"reject","reject","reject","reject","both_reject","outgroup","outgroup","outgroup","ingroup","ingroup","same",1,"Humanities"
"11","131","131s5",5,0,20,2,0,1,1.28571428571429,2,2.42857142857143,1,1,5,0,0,0,0,2,0,0,1,2,2609,"bystander","target_code_1",0,0,"Control","Control","Humanities",0,0,"reject","reject","reject","reject","both_reject","outgroup","outgroup","outgroup","outgroup","outgroup","same",1,"Humanities"
"11","131","131s5",5,0,20,2,0,1,1.28571428571429,2,2.42857142857143,1,2,5,0,0,0,0,2,0,0,1,2,2610,"bystander","target_code_2",0,0,"Control","Control","Humanities",0,0,"reject","reject","reject","reject","both_reject","outgroup","outgroup","outgroup","outgroup","outgroup","same",1,"Humanities"
"11","132","132s6",6,0,18,2,1,2,2.14285714285714,3.14285714285714,2,2.42857142857143,1,9,0,0,2,1,1,1,2,0,2,2631,"bystander","target_code_1",2,1,"Engineering","Humanities","Engineering",0,0,"reject","reject","reject","reject","both_reject","outgroup","ingroup","outgroup","ingroup","outgroup","different",0,"Engineering"
"11","132","132s6",6,0,18,2,1,2,2.14285714285714,3.14285714285714,2,2.42857142857143,2,9,0,0,1,2,1,2,1,0,2,2632,"bystander","target_code_2",1,2,"Humanities","Engineering","Engineering",0,0,"reject","reject","reject","reject","both_reject","ingroup","outgroup","outgroup","outgroup","ingroup","different",0,"Engineering"
"11","132","132s7",7,0,18,2,1,2,2.14285714285714,3.14285714285714,2,2.42857142857143,1,0,0,1,0,1,1,0,2,0,2,2633,"bystander","target_code_1",0,1,"Control","Humanities","Engineering",0,1,"reject","accept","reject","accept","target_reject_other_accept","outgroup","ingroup","outgroup","outgroup","outgroup","different",0,"Engineering"
"11","132","132s7",7,0,18,2,1,2,2.14285714285714,3.14285714285714,2,2.42857142857143,2,-9,1,0,1,0,1,2,0,0,2,2634,"bystander","target_code_2",1,0,"Humanities","Control","Engineering",1,0,"accept","reject","accept","reject","target_accept_other_reject","ingroup","outgroup","outgroup","outgroup","outgroup","different",0,"Engineering"
"11","132","132s8",8,0,18,2,1,2,2.14285714285714,3.14285714285714,2,2.42857142857143,1,-7,1,0,2,0,1,1,0,0,2,2635,"bystander","target_code_1",2,0,"Engineering","Control","Engineering",1,0,"accept","reject","accept","reject","target_accept_other_reject","outgroup","outgroup","outgroup","ingroup","outgroup","different",0,"Engineering"
"11","132","132s8",8,0,18,2,1,2,2.14285714285714,3.14285714285714,2,2.42857142857143,2,0,0,1,0,2,1,0,1,0,2,2636,"bystander","target_code_2",0,2,"Control","Engineering","Engineering",0,1,"reject","accept","reject","accept","target_reject_other_accept","outgroup","outgroup","outgroup","outgroup","ingroup","different",0,"Engineering"
"11","132","132s9",9,0,18,2,1,2,2.14285714285714,3.14285714285714,2,2.42857142857143,1,-9,1,1,0,2,2,0,1,0,1,2637,"bystander","target_code_1",0,2,"Control","Engineering","Engineering",1,1,"accept","accept","accept","accept","both_accept","outgroup","ingroup","ingroup","outgroup","ingroup","different",0,"Engineering"
"11","132","132s9",9,0,18,2,1,2,2.14285714285714,3.14285714285714,2,2.42857142857143,2,-9,1,1,2,0,2,1,0,0,1,2638,"bystander","target_code_2",2,0,"Engineering","Control","Engineering",1,1,"accept","accept","accept","accept","both_accept","ingroup","outgroup","ingroup","ingroup","outgroup","different",0,"Engineering"
"11","132","132s10",10,0,18,2,1,2,2.14285714285714,3.14285714285714,2,2.42857142857143,1,-9,1,1,2,2,2,1,1,1,1,2639,"bystander","target_code_1",2,2,"Engineering","Engineering","Engineering",1,1,"accept","accept","accept","accept","both_accept","ingroup","ingroup","ingroup","ingroup","ingroup","same",1,"Engineering"
"11","132","132s10",10,0,18,2,1,2,2.14285714285714,3.14285714285714,2,2.42857142857143,2,-9,1,1,2,2,2,1,1,1,1,2640,"bystander","target_code_2",2,2,"Engineering","Engineering","Engineering",1,1,"accept","accept","accept","accept","both_accept","ingroup","ingroup","ingroup","ingroup","ingroup","same",1,"Engineering"
"11","133","133s6",6,0,21,1,0,1,1,2.28571428571429,3.14285714285714,0.571428571428571,1,6,0,1,0,1,2,0,1,0,2,2651,"bystander","target_code_1",0,1,"Control","Humanities","Humanities",0,1,"reject","accept","reject","accept","target_reject_other_accept","outgroup","outgroup","outgroup","outgroup","ingroup","different",0,"Humanities"
"11","133","133s6",6,0,21,1,0,1,1,2.28571428571429,3.14285714285714,0.571428571428571,2,-6,1,0,1,0,2,1,0,0,2,2652,"bystander","target_code_2",1,0,"Humanities","Control","Humanities",1,0,"accept","reject","accept","reject","target_accept_other_reject","outgroup","outgroup","outgroup","ingroup","outgroup","different",0,"Humanities"
"11","133","133s7",7,0,21,1,0,1,1,2.28571428571429,3.14285714285714,0.571428571428571,1,-7,1,0,0,2,2,0,2,0,2,2653,"bystander","target_code_1",0,2,"Control","Engineering","Humanities",1,0,"accept","reject","accept","reject","target_accept_other_reject","outgroup","ingroup","outgroup","outgroup","outgroup","different",0,"Humanities"
"11","133","133s7",7,0,21,1,0,1,1,2.28571428571429,3.14285714285714,0.571428571428571,2,7,0,1,2,0,2,2,0,0,2,2654,"bystander","target_code_2",2,0,"Engineering","Control","Humanities",0,1,"reject","accept","reject","accept","target_reject_other_accept","ingroup","outgroup","outgroup","outgroup","outgroup","different",0,"Humanities"
"11","133","133s8",8,0,21,1,0,1,1,2.28571428571429,3.14285714285714,0.571428571428571,1,-5,1,1,1,1,2,1,1,1,2,2655,"bystander","target_code_1",1,1,"Humanities","Humanities","Humanities",1,1,"accept","accept","accept","accept","both_accept","outgroup","outgroup","outgroup","ingroup","ingroup","same",1,"Humanities"
"11","133","133s8",8,0,21,1,0,1,1,2.28571428571429,3.14285714285714,0.571428571428571,2,-5,1,1,1,1,2,1,1,1,2,2656,"bystander","target_code_2",1,1,"Humanities","Humanities","Humanities",1,1,"accept","accept","accept","accept","both_accept","outgroup","outgroup","outgroup","ingroup","ingroup","same",1,"Humanities"
"11","133","133s9",9,0,21,1,0,1,1,2.28571428571429,3.14285714285714,0.571428571428571,1,3,0,0,1,0,1,1,0,0,1,2657,"bystander","target_code_1",1,0,"Humanities","Control","Humanities",0,0,"reject","reject","reject","reject","both_reject","ingroup","outgroup","ingroup","ingroup","outgroup","different",0,"Humanities"
"11","133","133s9",9,0,21,1,0,1,1,2.28571428571429,3.14285714285714,0.571428571428571,2,3,0,0,0,1,1,0,1,0,1,2658,"bystander","target_code_2",0,1,"Control","Humanities","Humanities",0,0,"reject","reject","reject","reject","both_reject","outgroup","ingroup","ingroup","outgroup","ingroup","different",0,"Humanities"
"11","133","133s10",10,0,21,1,0,1,1,2.28571428571429,3.14285714285714,0.571428571428571,1,5,0,0,1,0,1,1,0,0,1,2659,"bystander","target_code_1",1,0,"Humanities","Control","Humanities",0,0,"reject","reject","reject","reject","both_reject","ingroup","outgroup","ingroup","ingroup","outgroup","different",0,"Humanities"
"11","133","133s10",10,0,21,1,0,1,1,2.28571428571429,3.14285714285714,0.571428571428571,2,5,0,0,0,1,1,0,1,0,1,2660,"bystander","target_code_2",0,1,"Control","Humanities","Humanities",0,0,"reject","reject","reject","reject","both_reject","outgroup","ingroup","ingroup","outgroup","ingroup","different",0,"Humanities"
"11","134","134s1",1,0,21,4,0,2,1.57142857142857,3.14285714285714,3.71428571428571,1.85714285714286,1,9,0,0,0,0,2,0,0,1,1,2661,"bystander","target_code_1",0,0,"Control","Control","Engineering",0,0,"reject","reject","reject","reject","both_reject","outgroup","outgroup","ingroup","outgroup","outgroup","same",1,"Engineering"
"11","134","134s1",1,0,21,4,0,2,1.57142857142857,3.14285714285714,3.71428571428571,1.85714285714286,2,9,0,0,0,0,2,0,0,1,1,2662,"bystander","target_code_2",0,0,"Control","Control","Engineering",0,0,"reject","reject","reject","reject","both_reject","outgroup","outgroup","ingroup","outgroup","outgroup","same",1,"Engineering"
"11","134","134s2",2,0,21,4,0,2,1.57142857142857,3.14285714285714,3.71428571428571,1.85714285714286,1,-9,1,1,0,2,1,0,1,0,2,2663,"bystander","target_code_1",0,2,"Control","Engineering","Engineering",1,1,"accept","accept","accept","accept","both_accept","outgroup","outgroup","outgroup","outgroup","ingroup","different",0,"Engineering"
"11","134","134s2",2,0,21,4,0,2,1.57142857142857,3.14285714285714,3.71428571428571,1.85714285714286,2,-9,1,1,2,0,1,1,0,0,2,2664,"bystander","target_code_2",2,0,"Engineering","Control","Engineering",1,1,"accept","accept","accept","accept","both_accept","outgroup","outgroup","outgroup","ingroup","outgroup","different",0,"Engineering"
"11","134","134s3",3,0,21,4,0,2,1.57142857142857,3.14285714285714,3.71428571428571,1.85714285714286,1,9,0,0,0,2,1,0,1,0,2,2665,"bystander","target_code_1",0,2,"Control","Engineering","Engineering",0,0,"reject","reject","reject","reject","both_reject","outgroup","outgroup","outgroup","outgroup","ingroup","different",0,"Engineering"
"11","134","134s3",3,0,21,4,0,2,1.57142857142857,3.14285714285714,3.71428571428571,1.85714285714286,2,9,0,0,2,0,1,1,0,0,2,2666,"bystander","target_code_2",2,0,"Engineering","Control","Engineering",0,0,"reject","reject","reject","reject","both_reject","outgroup","outgroup","outgroup","ingroup","outgroup","different",0,"Engineering"
"11","134","134s4",4,0,21,4,0,2,1.57142857142857,3.14285714285714,3.71428571428571,1.85714285714286,1,-9,1,0,2,2,2,1,1,1,1,2667,"bystander","target_code_1",2,2,"Engineering","Engineering","Engineering",1,0,"accept","reject","accept","reject","target_accept_other_reject","ingroup","ingroup","ingroup","ingroup","ingroup","same",1,"Engineering"
"11","134","134s4",4,0,21,4,0,2,1.57142857142857,3.14285714285714,3.71428571428571,1.85714285714286,2,9,0,1,2,2,2,1,1,1,1,2668,"bystander","target_code_2",2,2,"Engineering","Engineering","Engineering",0,1,"reject","accept","reject","accept","target_reject_other_accept","ingroup","ingroup","ingroup","ingroup","ingroup","same",1,"Engineering"
"11","134","134s5",5,0,21,4,0,2,1.57142857142857,3.14285714285714,3.71428571428571,1.85714285714286,1,-9,1,0,2,2,1,1,1,1,2,2669,"bystander","target_code_1",2,2,"Engineering","Engineering","Engineering",1,0,"accept","reject","accept","reject","target_accept_other_reject","outgroup","outgroup","outgroup","ingroup","ingroup","same",1,"Engineering"
"11","134","134s5",5,0,21,4,0,2,1.57142857142857,3.14285714285714,3.71428571428571,1.85714285714286,2,9,0,1,2,2,1,1,1,1,2,2670,"bystander","target_code_2",2,2,"Engineering","Engineering","Engineering",0,1,"reject","accept","reject","accept","target_reject_other_accept","outgroup","outgroup","outgroup","ingroup","ingroup","same",1,"Engineering"
"11","135","135s1",1,0,21,3,1,2,2.28571428571429,3.42857142857143,2.28571428571429,2,1,-4,1,0,2,1,1,1,2,0,2,2681,"bystander","target_code_1",2,1,"Engineering","Humanities","Engineering",1,0,"accept","reject","accept","reject","target_accept_other_reject","outgroup","ingroup","outgroup","ingroup","outgroup","different",0,"Engineering"
"11","135","135s1",1,0,21,3,1,2,2.28571428571429,3.42857142857143,2.28571428571429,2,2,4,0,1,1,2,1,2,1,0,2,2682,"bystander","target_code_2",1,2,"Humanities","Engineering","Engineering",0,1,"reject","accept","reject","accept","target_reject_other_accept","ingroup","outgroup","outgroup","outgroup","ingroup","different",0,"Engineering"
"11","135","135s2",2,0,21,3,1,2,2.28571428571429,3.42857142857143,2.28571428571429,2,1,5,0,1,2,1,1,1,2,0,2,2683,"bystander","target_code_1",2,1,"Engineering","Humanities","Engineering",0,1,"reject","accept","reject","accept","target_reject_other_accept","outgroup","ingroup","outgroup","ingroup","outgroup","different",0,"Engineering"
"11","135","135s2",2,0,21,3,1,2,2.28571428571429,3.42857142857143,2.28571428571429,2,2,-5,1,0,1,2,1,2,1,0,2,2684,"bystander","target_code_2",1,2,"Humanities","Engineering","Engineering",1,0,"accept","reject","accept","reject","target_accept_other_reject","ingroup","outgroup","outgroup","outgroup","ingroup","different",0,"Engineering"
"11","135","135s3",3,0,21,3,1,2,2.28571428571429,3.42857142857143,2.28571428571429,2,1,0,0,0,0,1,1,0,2,0,2,2685,"bystander","target_code_1",0,1,"Control","Humanities","Engineering",0,0,"reject","reject","reject","reject","both_reject","outgroup","ingroup","outgroup","outgroup","outgroup","different",0,"Engineering"
"11","135","135s3",3,0,21,3,1,2,2.28571428571429,3.42857142857143,2.28571428571429,2,2,0,0,0,1,0,1,2,0,0,2,2686,"bystander","target_code_2",1,0,"Humanities","Control","Engineering",0,0,"reject","reject","reject","reject","both_reject","ingroup","outgroup","outgroup","outgroup","outgroup","different",0,"Engineering"
"11","135","135s4",4,0,21,3,1,2,2.28571428571429,3.42857142857143,2.28571428571429,2,1,-2,1,0,1,2,1,2,1,0,2,2687,"bystander","target_code_1",1,2,"Humanities","Engineering","Engineering",1,0,"accept","reject","accept","reject","target_accept_other_reject","ingroup","outgroup","outgroup","outgroup","ingroup","different",0,"Engineering"
"11","135","135s4",4,0,21,3,1,2,2.28571428571429,3.42857142857143,2.28571428571429,2,2,2,0,1,2,1,1,1,2,0,2,2688,"bystander","target_code_2",2,1,"Engineering","Humanities","Engineering",0,1,"reject","accept","reject","accept","target_reject_other_accept","outgroup","ingroup","outgroup","ingroup","outgroup","different",0,"Engineering"
"11","135","135s5",5,0,21,3,1,2,2.28571428571429,3.42857142857143,2.28571428571429,2,1,0,0,0,1,1,2,2,2,1,1,2689,"bystander","target_code_1",1,1,"Humanities","Humanities","Engineering",0,0,"reject","reject","reject","reject","both_reject","outgroup","outgroup","ingroup","outgroup","outgroup","same",1,"Engineering"
"11","135","135s5",5,0,21,3,1,2,2.28571428571429,3.42857142857143,2.28571428571429,2,2,0,0,0,1,1,2,2,2,1,1,2690,"bystander","target_code_2",1,1,"Humanities","Humanities","Engineering",0,0,"reject","reject","reject","reject","both_reject","outgroup","outgroup","ingroup","outgroup","outgroup","same",1,"Engineering"
"11","136","136s6",6,0,18,2,0,1,1.57142857142857,2,2,1.57142857142857,1,0,1,1,0,2,1,0,2,0,1,2711,"bystander","target_code_1",0,2,"Control","Engineering","Humanities",1,1,"accept","accept","accept","accept","both_accept","outgroup","outgroup","ingroup","outgroup","outgroup","different",0,"Humanities"
"11","136","136s6",6,0,18,2,0,1,1.57142857142857,2,2,1.57142857142857,2,0,1,1,2,0,1,2,0,0,1,2712,"bystander","target_code_2",2,0,"Engineering","Control","Humanities",1,1,"accept","accept","accept","accept","both_accept","outgroup","outgroup","ingroup","outgroup","outgroup","different",0,"Humanities"
"11","136","136s7",7,0,18,2,0,1,1.57142857142857,2,2,1.57142857142857,1,0,1,1,1,2,2,1,2,0,2,2713,"bystander","target_code_1",1,2,"Humanities","Engineering","Humanities",1,1,"accept","accept","accept","accept","both_accept","outgroup","ingroup","outgroup","ingroup","outgroup","different",0,"Humanities"
"11","136","136s7",7,0,18,2,0,1,1.57142857142857,2,2,1.57142857142857,2,0,1,1,2,1,2,2,1,0,2,2714,"bystander","target_code_2",2,1,"Engineering","Humanities","Humanities",1,1,"accept","accept","accept","accept","both_accept","ingroup","outgroup","outgroup","outgroup","ingroup","different",0,"Humanities"
"11","136","136s8",8,0,18,2,0,1,1.57142857142857,2,2,1.57142857142857,1,-1,1,1,0,1,2,0,1,0,2,2715,"bystander","target_code_1",0,1,"Control","Humanities","Humanities",1,1,"accept","accept","accept","accept","both_accept","outgroup","outgroup","outgroup","outgroup","ingroup","different",0,"Humanities"
"11","136","136s8",8,0,18,2,0,1,1.57142857142857,2,2,1.57142857142857,2,-1,1,1,1,0,2,1,0,0,2,2716,"bystander","target_code_2",1,0,"Humanities","Control","Humanities",1,1,"accept","accept","accept","accept","both_accept","outgroup","outgroup","outgroup","ingroup","outgroup","different",0,"Humanities"
"11","136","136s9",9,0,18,2,0,1,1.57142857142857,2,2,1.57142857142857,1,-2,1,1,2,0,2,2,0,0,2,2717,"bystander","target_code_1",2,0,"Engineering","Control","Humanities",1,1,"accept","accept","accept","accept","both_accept","ingroup","outgroup","outgroup","outgroup","outgroup","different",0,"Humanities"
"11","136","136s9",9,0,18,2,0,1,1.57142857142857,2,2,1.57142857142857,2,-2,1,1,0,2,2,0,2,0,2,2718,"bystander","target_code_2",0,2,"Control","Engineering","Humanities",1,1,"accept","accept","accept","accept","both_accept","outgroup","ingroup","outgroup","outgroup","outgroup","different",0,"Humanities"
"11","136","136s10",10,0,18,2,0,1,1.57142857142857,2,2,1.57142857142857,1,6,0,0,1,2,2,1,2,0,2,2719,"bystander","target_code_1",1,2,"Humanities","Engineering","Humanities",0,0,"reject","reject","reject","reject","both_reject","outgroup","ingroup","outgroup","ingroup","outgroup","different",0,"Humanities"
"11","136","136s10",10,0,18,2,0,1,1.57142857142857,2,2,1.57142857142857,2,6,0,0,2,1,2,2,1,0,2,2720,"bystander","target_code_2",2,1,"Engineering","Humanities","Humanities",0,0,"reject","reject","reject","reject","both_reject","ingroup","outgroup","outgroup","outgroup","ingroup","different",0,"Humanities"
"11","137","137s6",6,0,20,4,1,2,1.42857142857143,2.85714285714286,2.71428571428571,2.14285714285714,1,7,1,1,1,0,2,2,0,0,1,2731,"bystander","target_code_1",1,0,"Humanities","Control","Engineering",1,1,"accept","accept","accept","accept","both_accept","outgroup","outgroup","ingroup","outgroup","outgroup","different",0,"Engineering"
"11","137","137s6",6,0,20,4,1,2,1.42857142857143,2.85714285714286,2.71428571428571,2.14285714285714,2,7,1,1,0,1,2,0,2,0,1,2732,"bystander","target_code_2",0,1,"Control","Humanities","Engineering",1,1,"accept","accept","accept","accept","both_accept","outgroup","outgroup","ingroup","outgroup","outgroup","different",0,"Engineering"
"11","137","137s7",7,0,20,4,1,2,1.42857142857143,2.85714285714286,2.71428571428571,2.14285714285714,1,2,1,1,2,0,1,1,0,0,2,2733,"bystander","target_code_1",2,0,"Engineering","Control","Engineering",1,1,"accept","accept","accept","accept","both_accept","outgroup","outgroup","outgroup","ingroup","outgroup","different",0,"Engineering"
"11","137","137s7",7,0,20,4,1,2,1.42857142857143,2.85714285714286,2.71428571428571,2.14285714285714,2,2,1,1,0,2,1,0,1,0,2,2734,"bystander","target_code_2",0,2,"Control","Engineering","Engineering",1,1,"accept","accept","accept","accept","both_accept","outgroup","outgroup","outgroup","outgroup","ingroup","different",0,"Engineering"
"11","137","137s8",8,0,20,4,1,2,1.42857142857143,2.85714285714286,2.71428571428571,2.14285714285714,1,9,0,0,1,1,2,2,2,1,1,2735,"bystander","target_code_1",1,1,"Humanities","Humanities","Engineering",0,0,"reject","reject","reject","reject","both_reject","outgroup","outgroup","ingroup","outgroup","outgroup","same",1,"Engineering"
"11","137","137s8",8,0,20,4,1,2,1.42857142857143,2.85714285714286,2.71428571428571,2.14285714285714,2,9,0,0,1,1,2,2,2,1,1,2736,"bystander","target_code_2",1,1,"Humanities","Humanities","Engineering",0,0,"reject","reject","reject","reject","both_reject","outgroup","outgroup","ingroup","outgroup","outgroup","same",1,"Engineering"
"11","137","137s9",9,0,20,4,1,2,1.42857142857143,2.85714285714286,2.71428571428571,2.14285714285714,1,1,0,1,0,0,1,0,0,1,2,2737,"bystander","target_code_1",0,0,"Control","Control","Engineering",0,1,"reject","accept","reject","accept","target_reject_other_accept","outgroup","outgroup","outgroup","outgroup","outgroup","same",1,"Engineering"
"11","137","137s9",9,0,20,4,1,2,1.42857142857143,2.85714285714286,2.71428571428571,2.14285714285714,2,-5,1,0,0,0,1,0,0,1,2,2738,"bystander","target_code_2",0,0,"Control","Control","Engineering",1,0,"accept","reject","accept","reject","target_accept_other_reject","outgroup","outgroup","outgroup","outgroup","outgroup","same",1,"Engineering"
"11","137","137s10",10,0,20,4,1,2,1.42857142857143,2.85714285714286,2.71428571428571,2.14285714285714,1,-4,1,1,1,0,2,2,0,0,1,2739,"bystander","target_code_1",1,0,"Humanities","Control","Engineering",1,1,"accept","accept","accept","accept","both_accept","outgroup","outgroup","ingroup","outgroup","outgroup","different",0,"Engineering"
"11","137","137s10",10,0,20,4,1,2,1.42857142857143,2.85714285714286,2.71428571428571,2.14285714285714,2,-4,1,1,0,1,2,0,2,0,1,2740,"bystander","target_code_2",0,1,"Control","Humanities","Engineering",1,1,"accept","accept","accept","accept","both_accept","outgroup","outgroup","ingroup","outgroup","outgroup","different",0,"Engineering"
"11","138","138s6",6,0,21,2,1,2,1.42857142857143,2.28571428571429,3.14285714285714,2.71428571428571,1,9,0,0,1,0,1,2,0,0,2,2751,"bystander","target_code_1",1,0,"Humanities","Control","Engineering",0,0,"reject","reject","reject","reject","both_reject","ingroup","outgroup","outgroup","outgroup","outgroup","different",0,"Engineering"
"11","138","138s6",6,0,21,2,1,2,1.42857142857143,2.28571428571429,3.14285714285714,2.71428571428571,2,9,0,0,0,1,1,0,2,0,2,2752,"bystander","target_code_2",0,1,"Control","Humanities","Engineering",0,0,"reject","reject","reject","reject","both_reject","outgroup","ingroup","outgroup","outgroup","outgroup","different",0,"Engineering"
"11","138","138s7",7,0,21,2,1,2,1.42857142857143,2.28571428571429,3.14285714285714,2.71428571428571,1,9,0,0,0,0,1,0,0,1,2,2753,"bystander","target_code_1",0,0,"Control","Control","Engineering",0,0,"reject","reject","reject","reject","both_reject","outgroup","outgroup","outgroup","outgroup","outgroup","same",1,"Engineering"
"11","138","138s7",7,0,21,2,1,2,1.42857142857143,2.28571428571429,3.14285714285714,2.71428571428571,2,9,0,0,0,0,1,0,0,1,2,2754,"bystander","target_code_2",0,0,"Control","Control","Engineering",0,0,"reject","reject","reject","reject","both_reject","outgroup","outgroup","outgroup","outgroup","outgroup","same",1,"Engineering"
"11","138","138s8",8,0,21,2,1,2,1.42857142857143,2.28571428571429,3.14285714285714,2.71428571428571,1,4,1,1,1,0,2,2,0,0,1,2755,"bystander","target_code_1",1,0,"Humanities","Control","Engineering",1,1,"accept","accept","accept","accept","both_accept","outgroup","outgroup","ingroup","outgroup","outgroup","different",0,"Engineering"
"11","138","138s8",8,0,21,2,1,2,1.42857142857143,2.28571428571429,3.14285714285714,2.71428571428571,2,4,1,1,0,1,2,0,2,0,1,2756,"bystander","target_code_2",0,1,"Control","Humanities","Engineering",1,1,"accept","accept","accept","accept","both_accept","outgroup","outgroup","ingroup","outgroup","outgroup","different",0,"Engineering"
"11","138","138s9",9,0,21,2,1,2,1.42857142857143,2.28571428571429,3.14285714285714,2.71428571428571,1,5,1,1,0,0,1,0,0,1,2,2757,"bystander","target_code_1",0,0,"Control","Control","Engineering",1,1,"accept","accept","accept","accept","both_accept","outgroup","outgroup","outgroup","outgroup","outgroup","same",1,"Engineering"
"11","138","138s9",9,0,21,2,1,2,1.42857142857143,2.28571428571429,3.14285714285714,2.71428571428571,2,5,1,1,0,0,1,0,0,1,2,2758,"bystander","target_code_2",0,0,"Control","Control","Engineering",1,1,"accept","accept","accept","accept","both_accept","outgroup","outgroup","outgroup","outgroup","outgroup","same",1,"Engineering"
"11","138","138s10",10,0,21,2,1,2,1.42857142857143,2.28571428571429,3.14285714285714,2.71428571428571,1,9,0,0,0,2,2,0,1,0,1,2759,"bystander","target_code_1",0,2,"Control","Engineering","Engineering",0,0,"reject","reject","reject","reject","both_reject","outgroup","ingroup","ingroup","outgroup","ingroup","different",0,"Engineering"
"11","138","138s10",10,0,21,2,1,2,1.42857142857143,2.28571428571429,3.14285714285714,2.71428571428571,2,9,0,0,2,0,2,1,0,0,1,2760,"bystander","target_code_2",2,0,"Engineering","Control","Engineering",0,0,"reject","reject","reject","reject","both_reject","ingroup","outgroup","ingroup","ingroup","outgroup","different",0,"Engineering"
"11","139","139s6",6,0,19,2,0,1,2.42857142857143,2.57142857142857,2.85714285714286,1.42857142857143,1,-3,0,1,1,1,2,1,1,1,2,2771,"bystander","target_code_1",1,1,"Humanities","Humanities","Humanities",0,1,"reject","accept","reject","accept","target_reject_other_accept","outgroup","outgroup","outgroup","ingroup","ingroup","same",1,"Humanities"
"11","139","139s6",6,0,19,2,0,1,2.42857142857143,2.57142857142857,2.85714285714286,1.42857142857143,2,5,1,0,1,1,2,1,1,1,2,2772,"bystander","target_code_2",1,1,"Humanities","Humanities","Humanities",1,0,"accept","reject","accept","reject","target_accept_other_reject","outgroup","outgroup","outgroup","ingroup","ingroup","same",1,"Humanities"
"11","139","139s7",7,0,19,2,0,1,2.42857142857143,2.57142857142857,2.85714285714286,1.42857142857143,1,-3,0,1,1,0,1,1,0,0,1,2773,"bystander","target_code_1",1,0,"Humanities","Control","Humanities",0,1,"reject","accept","reject","accept","target_reject_other_accept","ingroup","outgroup","ingroup","ingroup","outgroup","different",0,"Humanities"
"11","139","139s7",7,0,19,2,0,1,2.42857142857143,2.57142857142857,2.85714285714286,1.42857142857143,2,5,1,0,0,1,1,0,1,0,1,2774,"bystander","target_code_2",0,1,"Control","Humanities","Humanities",1,0,"accept","reject","accept","reject","target_accept_other_reject","outgroup","ingroup","ingroup","outgroup","ingroup","different",0,"Humanities"
"11","139","139s8",8,0,19,2,0,1,2.42857142857143,2.57142857142857,2.85714285714286,1.42857142857143,1,5,0,1,0,1,2,0,1,0,2,2775,"bystander","target_code_1",0,1,"Control","Humanities","Humanities",0,1,"reject","accept","reject","accept","target_reject_other_accept","outgroup","outgroup","outgroup","outgroup","ingroup","different",0,"Humanities"
"11","139","139s8",8,0,19,2,0,1,2.42857142857143,2.57142857142857,2.85714285714286,1.42857142857143,2,-3,1,0,1,0,2,1,0,0,2,2776,"bystander","target_code_2",1,0,"Humanities","Control","Humanities",1,0,"accept","reject","accept","reject","target_accept_other_reject","outgroup","outgroup","outgroup","ingroup","outgroup","different",0,"Humanities"
"11","139","139s9",9,0,19,2,0,1,2.42857142857143,2.57142857142857,2.85714285714286,1.42857142857143,1,-3,1,0,0,2,2,0,2,0,2,2777,"bystander","target_code_1",0,2,"Control","Engineering","Humanities",1,0,"accept","reject","accept","reject","target_accept_other_reject","outgroup","ingroup","outgroup","outgroup","outgroup","different",0,"Humanities"
"11","139","139s9",9,0,19,2,0,1,2.42857142857143,2.57142857142857,2.85714285714286,1.42857142857143,2,5,0,1,2,0,2,2,0,0,2,2778,"bystander","target_code_2",2,0,"Engineering","Control","Humanities",0,1,"reject","accept","reject","accept","target_reject_other_accept","ingroup","outgroup","outgroup","outgroup","outgroup","different",0,"Humanities"
"11","139","139s10",10,0,19,2,0,1,2.42857142857143,2.57142857142857,2.85714285714286,1.42857142857143,1,5,0,1,2,0,1,2,0,0,1,2779,"bystander","target_code_1",2,0,"Engineering","Control","Humanities",0,1,"reject","accept","reject","accept","target_reject_other_accept","outgroup","outgroup","ingroup","outgroup","outgroup","different",0,"Humanities"
"11","139","139s10",10,0,19,2,0,1,2.42857142857143,2.57142857142857,2.85714285714286,1.42857142857143,2,-3,1,0,0,2,1,0,2,0,1,2780,"bystander","target_code_2",0,2,"Control","Engineering","Humanities",1,0,"accept","reject","accept","reject","target_accept_other_reject","outgroup","outgroup","ingroup","outgroup","outgroup","different",0,"Humanities"
"11","140","140s1",1,0,19,1,1,2,3,4,4,1.71428571428571,1,5,1,1,2,1,2,1,2,0,1,2781,"bystander","target_code_1",2,1,"Engineering","Humanities","Engineering",1,1,"accept","accept","accept","accept","both_accept","ingroup","outgroup","ingroup","ingroup","outgroup","different",0,"Engineering"
"11","140","140s1",1,0,19,1,1,2,3,4,4,1.71428571428571,2,5,1,1,1,2,2,2,1,0,1,2782,"bystander","target_code_2",1,2,"Humanities","Engineering","Engineering",1,1,"accept","accept","accept","accept","both_accept","outgroup","ingroup","ingroup","outgroup","ingroup","different",0,"Engineering"
"11","140","140s2",2,0,19,1,1,2,3,4,4,1.71428571428571,1,9,0,0,2,0,1,1,0,0,2,2783,"bystander","target_code_1",2,0,"Engineering","Control","Engineering",0,0,"reject","reject","reject","reject","both_reject","outgroup","outgroup","outgroup","ingroup","outgroup","different",0,"Engineering"
"11","140","140s2",2,0,19,1,1,2,3,4,4,1.71428571428571,2,9,0,0,0,2,1,0,1,0,2,2784,"bystander","target_code_2",0,2,"Control","Engineering","Engineering",0,0,"reject","reject","reject","reject","both_reject","outgroup","outgroup","outgroup","outgroup","ingroup","different",0,"Engineering"
"11","140","140s3",3,0,19,1,1,2,3,4,4,1.71428571428571,1,-5,1,1,1,2,1,2,1,0,2,2785,"bystander","target_code_1",1,2,"Humanities","Engineering","Engineering",1,1,"accept","accept","accept","accept","both_accept","ingroup","outgroup","outgroup","outgroup","ingroup","different",0,"Engineering"
"11","140","140s3",3,0,19,1,1,2,3,4,4,1.71428571428571,2,-5,1,1,2,1,1,1,2,0,2,2786,"bystander","target_code_2",2,1,"Engineering","Humanities","Engineering",1,1,"accept","accept","accept","accept","both_accept","outgroup","ingroup","outgroup","ingroup","outgroup","different",0,"Engineering"
"11","140","140s4",4,0,19,1,1,2,3,4,4,1.71428571428571,1,-2,0,1,2,0,1,1,0,0,2,2787,"bystander","target_code_1",2,0,"Engineering","Control","Engineering",0,1,"reject","accept","reject","accept","target_reject_other_accept","outgroup","outgroup","outgroup","ingroup","outgroup","different",0,"Engineering"
"11","140","140s4",4,0,19,1,1,2,3,4,4,1.71428571428571,2,5,1,0,0,2,1,0,1,0,2,2788,"bystander","target_code_2",0,2,"Control","Engineering","Engineering",1,0,"accept","reject","accept","reject","target_accept_other_reject","outgroup","outgroup","outgroup","outgroup","ingroup","different",0,"Engineering"
"11","140","140s5",5,0,19,1,1,2,3,4,4,1.71428571428571,1,5,0,0,2,1,2,1,2,0,1,2789,"bystander","target_code_1",2,1,"Engineering","Humanities","Engineering",0,0,"reject","reject","reject","reject","both_reject","ingroup","outgroup","ingroup","ingroup","outgroup","different",0,"Engineering"
"11","140","140s5",5,0,19,1,1,2,3,4,4,1.71428571428571,2,5,0,0,1,2,2,2,1,0,1,2790,"bystander","target_code_2",1,2,"Humanities","Engineering","Engineering",0,0,"reject","reject","reject","reject","both_reject","outgroup","ingroup","ingroup","outgroup","ingroup","different",0,"Engineering"
"11","141","141s6",6,0,20,2,0,2,1.71428571428571,2.85714285714286,3.14285714285714,1.28571428571429,1,5,1,0,2,1,2,1,2,0,1,2811,"bystander","target_code_1",2,1,"Engineering","Humanities","Engineering",1,0,"accept","reject","accept","reject","target_accept_other_reject","ingroup","outgroup","ingroup","ingroup","outgroup","different",0,"Engineering"
"11","141","141s6",6,0,20,2,0,2,1.71428571428571,2.85714285714286,3.14285714285714,1.28571428571429,2,-4,0,1,1,2,2,2,1,0,1,2812,"bystander","target_code_2",1,2,"Humanities","Engineering","Engineering",0,1,"reject","accept","reject","accept","target_reject_other_accept","outgroup","ingroup","ingroup","outgroup","ingroup","different",0,"Engineering"
"11","141","141s7",7,0,20,2,0,2,1.71428571428571,2.85714285714286,3.14285714285714,1.28571428571429,1,-3,1,1,0,1,2,0,2,0,1,2813,"bystander","target_code_1",0,1,"Control","Humanities","Engineering",1,1,"accept","accept","accept","accept","both_accept","outgroup","outgroup","ingroup","outgroup","outgroup","different",0,"Engineering"
"11","141","141s7",7,0,20,2,0,2,1.71428571428571,2.85714285714286,3.14285714285714,1.28571428571429,2,6,1,1,1,0,2,2,0,0,1,2814,"bystander","target_code_2",1,0,"Humanities","Control","Engineering",1,1,"accept","accept","accept","accept","both_accept","outgroup","outgroup","ingroup","outgroup","outgroup","different",0,"Engineering"
"11","141","141s8",8,0,20,2,0,2,1.71428571428571,2.85714285714286,3.14285714285714,1.28571428571429,1,6,1,1,0,2,1,0,1,0,2,2815,"bystander","target_code_1",0,2,"Control","Engineering","Engineering",1,1,"accept","accept","accept","accept","both_accept","outgroup","outgroup","outgroup","outgroup","ingroup","different",0,"Engineering"
"11","141","141s8",8,0,20,2,0,2,1.71428571428571,2.85714285714286,3.14285714285714,1.28571428571429,2,6,1,1,2,0,1,1,0,0,2,2816,"bystander","target_code_2",2,0,"Engineering","Control","Engineering",1,1,"accept","accept","accept","accept","both_accept","outgroup","outgroup","outgroup","ingroup","outgroup","different",0,"Engineering"
"11","141","141s9",9,0,20,2,0,2,1.71428571428571,2.85714285714286,3.14285714285714,1.28571428571429,1,-3,0,0,1,2,2,2,1,0,1,2817,"bystander","target_code_1",1,2,"Humanities","Engineering","Engineering",0,0,"reject","reject","reject","reject","both_reject","outgroup","ingroup","ingroup","outgroup","ingroup","different",0,"Engineering"
"11","141","141s9",9,0,20,2,0,2,1.71428571428571,2.85714285714286,3.14285714285714,1.28571428571429,2,-3,0,0,2,1,2,1,2,0,1,2818,"bystander","target_code_2",2,1,"Engineering","Humanities","Engineering",0,0,"reject","reject","reject","reject","both_reject","ingroup","outgroup","ingroup","ingroup","outgroup","different",0,"Engineering"
"11","141","141s10",10,0,20,2,0,2,1.71428571428571,2.85714285714286,3.14285714285714,1.28571428571429,1,5,1,1,0,0,2,0,0,1,1,2819,"bystander","target_code_1",0,0,"Control","Control","Engineering",1,1,"accept","accept","accept","accept","both_accept","outgroup","outgroup","ingroup","outgroup","outgroup","same",1,"Engineering"
"11","141","141s10",10,0,20,2,0,2,1.71428571428571,2.85714285714286,3.14285714285714,1.28571428571429,2,5,1,1,0,0,2,0,0,1,1,2820,"bystander","target_code_2",0,0,"Control","Control","Engineering",1,1,"accept","accept","accept","accept","both_accept","outgroup","outgroup","ingroup","outgroup","outgroup","same",1,"Engineering"
"11","142","142s1",1,0,23,1,0,1,1.85714285714286,2.42857142857143,2.28571428571429,0,1,-9,1,1,1,2,2,1,2,0,2,2821,"bystander","target_code_1",1,2,"Humanities","Engineering","Humanities",1,1,"accept","accept","accept","accept","both_accept","outgroup","ingroup","outgroup","ingroup","outgroup","different",0,"Humanities"
"11","142","142s1",1,0,23,1,0,1,1.85714285714286,2.42857142857143,2.28571428571429,0,2,-9,1,1,2,1,2,2,1,0,2,2822,"bystander","target_code_2",2,1,"Engineering","Humanities","Humanities",1,1,"accept","accept","accept","accept","both_accept","ingroup","outgroup","outgroup","outgroup","ingroup","different",0,"Humanities"
"11","142","142s2",2,0,23,1,0,1,1.85714285714286,2.42857142857143,2.28571428571429,0,1,9,0,1,0,2,2,0,2,0,2,2823,"bystander","target_code_1",0,2,"Control","Engineering","Humanities",0,1,"reject","accept","reject","accept","target_reject_other_accept","outgroup","ingroup","outgroup","outgroup","outgroup","different",0,"Humanities"
"11","142","142s2",2,0,23,1,0,1,1.85714285714286,2.42857142857143,2.28571428571429,0,2,-9,1,0,2,0,2,2,0,0,2,2824,"bystander","target_code_2",2,0,"Engineering","Control","Humanities",1,0,"accept","reject","accept","reject","target_accept_other_reject","ingroup","outgroup","outgroup","outgroup","outgroup","different",0,"Humanities"
"11","142","142s3",3,0,23,1,0,1,1.85714285714286,2.42857142857143,2.28571428571429,0,1,9,0,0,1,2,2,1,2,0,2,2825,"bystander","target_code_1",1,2,"Humanities","Engineering","Humanities",0,0,"reject","reject","reject","reject","both_reject","outgroup","ingroup","outgroup","ingroup","outgroup","different",0,"Humanities"
"11","142","142s3",3,0,23,1,0,1,1.85714285714286,2.42857142857143,2.28571428571429,0,2,9,0,0,2,1,2,2,1,0,2,2826,"bystander","target_code_2",2,1,"Engineering","Humanities","Humanities",0,0,"reject","reject","reject","reject","both_reject","ingroup","outgroup","outgroup","outgroup","ingroup","different",0,"Humanities"
"11","142","142s4",4,0,23,1,0,1,1.85714285714286,2.42857142857143,2.28571428571429,0,1,-9,1,1,0,0,1,0,0,1,1,2827,"bystander","target_code_1",0,0,"Control","Control","Humanities",1,1,"accept","accept","accept","accept","both_accept","outgroup","outgroup","ingroup","outgroup","outgroup","same",1,"Humanities"
"11","142","142s4",4,0,23,1,0,1,1.85714285714286,2.42857142857143,2.28571428571429,0,2,-9,1,1,0,0,1,0,0,1,1,2828,"bystander","target_code_2",0,0,"Control","Control","Humanities",1,1,"accept","accept","accept","accept","both_accept","outgroup","outgroup","ingroup","outgroup","outgroup","same",1,"Humanities"
"11","142","142s5",5,0,23,1,0,1,1.85714285714286,2.42857142857143,2.28571428571429,0,1,-9,1,0,1,0,2,1,0,0,2,2829,"bystander","target_code_1",1,0,"Humanities","Control","Humanities",1,0,"accept","reject","accept","reject","target_accept_other_reject","outgroup","outgroup","outgroup","ingroup","outgroup","different",0,"Humanities"
"11","142","142s5",5,0,23,1,0,1,1.85714285714286,2.42857142857143,2.28571428571429,0,2,9,0,1,0,1,2,0,1,0,2,2830,"bystander","target_code_2",0,1,"Control","Humanities","Humanities",0,1,"reject","accept","reject","accept","target_reject_other_accept","outgroup","outgroup","outgroup","outgroup","ingroup","different",0,"Humanities"
"11","143","143s1",1,0,19,1,1,2,3.28571428571429,3.57142857142857,3.71428571428571,1.71428571428571,1,0,0,0,1,2,2,2,1,0,1,2841,"bystander","target_code_1",1,2,"Humanities","Engineering","Engineering",0,0,"reject","reject","reject","reject","both_reject","outgroup","ingroup","ingroup","outgroup","ingroup","different",0,"Engineering"
"11","143","143s1",1,0,19,1,1,2,3.28571428571429,3.57142857142857,3.71428571428571,1.71428571428571,2,0,0,0,2,1,2,1,2,0,1,2842,"bystander","target_code_2",2,1,"Engineering","Humanities","Engineering",0,0,"reject","reject","reject","reject","both_reject","ingroup","outgroup","ingroup","ingroup","outgroup","different",0,"Engineering"
"11","143","143s2",2,0,19,1,1,2,3.28571428571429,3.57142857142857,3.71428571428571,1.71428571428571,1,-2,0,1,2,2,2,1,1,1,1,2843,"bystander","target_code_1",2,2,"Engineering","Engineering","Engineering",0,1,"reject","accept","reject","accept","target_reject_other_accept","ingroup","ingroup","ingroup","ingroup","ingroup","same",1,"Engineering"
"11","143","143s2",2,0,19,1,1,2,3.28571428571429,3.57142857142857,3.71428571428571,1.71428571428571,2,6,1,0,2,2,2,1,1,1,1,2844,"bystander","target_code_2",2,2,"Engineering","Engineering","Engineering",1,0,"accept","reject","accept","reject","target_accept_other_reject","ingroup","ingroup","ingroup","ingroup","ingroup","same",1,"Engineering"
"11","143","143s3",3,0,19,1,1,2,3.28571428571429,3.57142857142857,3.71428571428571,1.71428571428571,1,4,1,0,0,0,2,0,0,1,1,2845,"bystander","target_code_1",0,0,"Control","Control","Engineering",1,0,"accept","reject","accept","reject","target_accept_other_reject","outgroup","outgroup","ingroup","outgroup","outgroup","same",1,"Engineering"
"11","143","143s3",3,0,19,1,1,2,3.28571428571429,3.57142857142857,3.71428571428571,1.71428571428571,2,-2,0,1,0,0,2,0,0,1,1,2846,"bystander","target_code_2",0,0,"Control","Control","Engineering",0,1,"reject","accept","reject","accept","target_reject_other_accept","outgroup","outgroup","ingroup","outgroup","outgroup","same",1,"Engineering"
"11","143","143s4",4,0,19,1,1,2,3.28571428571429,3.57142857142857,3.71428571428571,1.71428571428571,1,-3,0,1,1,0,1,2,0,0,2,2847,"bystander","target_code_1",1,0,"Humanities","Control","Engineering",0,1,"reject","accept","reject","accept","target_reject_other_accept","ingroup","outgroup","outgroup","outgroup","outgroup","different",0,"Engineering"
"11","143","143s4",4,0,19,1,1,2,3.28571428571429,3.57142857142857,3.71428571428571,1.71428571428571,2,3,1,0,0,1,1,0,2,0,2,2848,"bystander","target_code_2",0,1,"Control","Humanities","Engineering",1,0,"accept","reject","accept","reject","target_accept_other_reject","outgroup","ingroup","outgroup","outgroup","outgroup","different",0,"Engineering"
"11","143","143s5",5,0,19,1,1,2,3.28571428571429,3.57142857142857,3.71428571428571,1.71428571428571,1,4,1,1,1,0,2,2,0,0,1,2849,"bystander","target_code_1",1,0,"Humanities","Control","Engineering",1,1,"accept","accept","accept","accept","both_accept","outgroup","outgroup","ingroup","outgroup","outgroup","different",0,"Engineering"
"11","143","143s5",5,0,19,1,1,2,3.28571428571429,3.57142857142857,3.71428571428571,1.71428571428571,2,4,1,1,0,1,2,0,2,0,1,2850,"bystander","target_code_2",0,1,"Control","Humanities","Engineering",1,1,"accept","accept","accept","accept","both_accept","outgroup","outgroup","ingroup","outgroup","outgroup","different",0,"Engineering"
"11","144","144s1",1,0,18,2,0,1,2.14285714285714,2.71428571428571,2.42857142857143,0.428571428571428,1,-9,1,1,0,0,2,0,0,1,2,2861,"bystander","target_code_1",0,0,"Control","Control","Humanities",1,1,"accept","accept","accept","accept","both_accept","outgroup","outgroup","outgroup","outgroup","outgroup","same",1,"Humanities"
"11","144","144s1",1,0,18,2,0,1,2.14285714285714,2.71428571428571,2.42857142857143,0.428571428571428,2,-9,1,1,0,0,2,0,0,1,2,2862,"bystander","target_code_2",0,0,"Control","Control","Humanities",1,1,"accept","accept","accept","accept","both_accept","outgroup","outgroup","outgroup","outgroup","outgroup","same",1,"Humanities"
"11","144","144s2",2,0,18,2,0,1,2.14285714285714,2.71428571428571,2.42857142857143,0.428571428571428,1,9,0,0,1,2,1,1,2,0,1,2863,"bystander","target_code_1",1,2,"Humanities","Engineering","Humanities",0,0,"reject","reject","reject","reject","both_reject","ingroup","outgroup","ingroup","ingroup","outgroup","different",0,"Humanities"
"11","144","144s2",2,0,18,2,0,1,2.14285714285714,2.71428571428571,2.42857142857143,0.428571428571428,2,9,0,0,2,1,1,2,1,0,1,2864,"bystander","target_code_2",2,1,"Engineering","Humanities","Humanities",0,0,"reject","reject","reject","reject","both_reject","outgroup","ingroup","ingroup","outgroup","ingroup","different",0,"Humanities"
"11","144","144s3",3,0,18,2,0,1,2.14285714285714,2.71428571428571,2.42857142857143,0.428571428571428,1,-9,1,0,1,0,1,1,0,0,1,2865,"bystander","target_code_1",1,0,"Humanities","Control","Humanities",1,0,"accept","reject","accept","reject","target_accept_other_reject","ingroup","outgroup","ingroup","ingroup","outgroup","different",0,"Humanities"
"11","144","144s3",3,0,18,2,0,1,2.14285714285714,2.71428571428571,2.42857142857143,0.428571428571428,2,9,0,1,0,1,1,0,1,0,1,2866,"bystander","target_code_2",0,1,"Control","Humanities","Humanities",0,1,"reject","accept","reject","accept","target_reject_other_accept","outgroup","ingroup","ingroup","outgroup","ingroup","different",0,"Humanities"
"11","144","144s4",4,0,18,2,0,1,2.14285714285714,2.71428571428571,2.42857142857143,0.428571428571428,1,9,0,1,2,2,1,2,2,1,1,2867,"bystander","target_code_1",2,2,"Engineering","Engineering","Humanities",0,1,"reject","accept","reject","accept","target_reject_other_accept","outgroup","outgroup","ingroup","outgroup","outgroup","same",1,"Humanities"
"11","144","144s4",4,0,18,2,0,1,2.14285714285714,2.71428571428571,2.42857142857143,0.428571428571428,2,-9,1,0,2,2,1,2,2,1,1,2868,"bystander","target_code_2",2,2,"Engineering","Engineering","Humanities",1,0,"accept","reject","accept","reject","target_accept_other_reject","outgroup","outgroup","ingroup","outgroup","outgroup","same",1,"Humanities"
"11","144","144s5",5,0,18,2,0,1,2.14285714285714,2.71428571428571,2.42857142857143,0.428571428571428,1,-9,1,1,1,2,1,1,2,0,1,2869,"bystander","target_code_1",1,2,"Humanities","Engineering","Humanities",1,1,"accept","accept","accept","accept","both_accept","ingroup","outgroup","ingroup","ingroup","outgroup","different",0,"Humanities"
"11","144","144s5",5,0,18,2,0,1,2.14285714285714,2.71428571428571,2.42857142857143,0.428571428571428,2,-9,1,1,2,1,1,2,1,0,1,2870,"bystander","target_code_2",2,1,"Engineering","Humanities","Humanities",1,1,"accept","accept","accept","accept","both_accept","outgroup","ingroup","ingroup","outgroup","ingroup","different",0,"Humanities"
"11","145","145s1",1,0,22,3,0,1,3.57142857142857,3.42857142857143,2.85714285714286,1.85714285714286,1,-9,1,1,2,2,1,2,2,1,1,2881,"bystander","target_code_1",2,2,"Engineering","Engineering","Humanities",1,1,"accept","accept","accept","accept","both_accept","outgroup","outgroup","ingroup","outgroup","outgroup","same",1,"Humanities"
"11","145","145s1",1,0,22,3,0,1,3.57142857142857,3.42857142857143,2.85714285714286,1.85714285714286,2,-9,1,1,2,2,1,2,2,1,1,2882,"bystander","target_code_2",2,2,"Engineering","Engineering","Humanities",1,1,"accept","accept","accept","accept","both_accept","outgroup","outgroup","ingroup","outgroup","outgroup","same",1,"Humanities"
"11","145","145s2",2,0,22,3,0,1,3.57142857142857,3.42857142857143,2.85714285714286,1.85714285714286,1,-9,1,1,2,0,2,2,0,0,2,2883,"bystander","target_code_1",2,0,"Engineering","Control","Humanities",1,1,"accept","accept","accept","accept","both_accept","ingroup","outgroup","outgroup","outgroup","outgroup","different",0,"Humanities"
"11","145","145s2",2,0,22,3,0,1,3.57142857142857,3.42857142857143,2.85714285714286,1.85714285714286,2,-9,1,1,0,2,2,0,2,0,2,2884,"bystander","target_code_2",0,2,"Control","Engineering","Humanities",1,1,"accept","accept","accept","accept","both_accept","outgroup","ingroup","outgroup","outgroup","outgroup","different",0,"Humanities"
"11","145","145s3",3,0,22,3,0,1,3.57142857142857,3.42857142857143,2.85714285714286,1.85714285714286,1,9,0,0,0,2,1,0,2,0,1,2885,"bystander","target_code_1",0,2,"Control","Engineering","Humanities",0,0,"reject","reject","reject","reject","both_reject","outgroup","outgroup","ingroup","outgroup","outgroup","different",0,"Humanities"
"11","145","145s3",3,0,22,3,0,1,3.57142857142857,3.42857142857143,2.85714285714286,1.85714285714286,2,9,0,0,2,0,1,2,0,0,1,2886,"bystander","target_code_2",2,0,"Engineering","Control","Humanities",0,0,"reject","reject","reject","reject","both_reject","outgroup","outgroup","ingroup","outgroup","outgroup","different",0,"Humanities"
"11","145","145s4",4,0,22,3,0,1,3.57142857142857,3.42857142857143,2.85714285714286,1.85714285714286,1,9,0,0,0,2,1,0,2,0,1,2887,"bystander","target_code_1",0,2,"Control","Engineering","Humanities",0,0,"reject","reject","reject","reject","both_reject","outgroup","outgroup","ingroup","outgroup","outgroup","different",0,"Humanities"
"11","145","145s4",4,0,22,3,0,1,3.57142857142857,3.42857142857143,2.85714285714286,1.85714285714286,2,9,0,0,2,0,1,2,0,0,1,2888,"bystander","target_code_2",2,0,"Engineering","Control","Humanities",0,0,"reject","reject","reject","reject","both_reject","outgroup","outgroup","ingroup","outgroup","outgroup","different",0,"Humanities"
"11","145","145s5",5,0,22,3,0,1,3.57142857142857,3.42857142857143,2.85714285714286,1.85714285714286,1,9,0,0,0,1,1,0,1,0,1,2889,"bystander","target_code_1",0,1,"Control","Humanities","Humanities",0,0,"reject","reject","reject","reject","both_reject","outgroup","ingroup","ingroup","outgroup","ingroup","different",0,"Humanities"
"11","145","145s5",5,0,22,3,0,1,3.57142857142857,3.42857142857143,2.85714285714286,1.85714285714286,2,9,0,0,1,0,1,1,0,0,1,2890,"bystander","target_code_2",1,0,"Humanities","Control","Humanities",0,0,"reject","reject","reject","reject","both_reject","ingroup","outgroup","ingroup","ingroup","outgroup","different",0,"Humanities"
"11","146","146s6",6,0,24,2,0,2,2.85714285714286,3.57142857142857,2.71428571428571,2.71428571428571,1,-9,1,0,2,0,1,1,0,0,2,2911,"bystander","target_code_1",2,0,"Engineering","Control","Engineering",1,0,"accept","reject","accept","reject","target_accept_other_reject","outgroup","outgroup","outgroup","ingroup","outgroup","different",0,"Engineering"
"11","146","146s6",6,0,24,2,0,2,2.85714285714286,3.57142857142857,2.71428571428571,2.71428571428571,2,9,0,1,0,2,1,0,1,0,2,2912,"bystander","target_code_2",0,2,"Control","Engineering","Engineering",0,1,"reject","accept","reject","accept","target_reject_other_accept","outgroup","outgroup","outgroup","outgroup","ingroup","different",0,"Engineering"
"11","146","146s7",7,0,24,2,0,2,2.85714285714286,3.57142857142857,2.71428571428571,2.71428571428571,1,-9,1,1,0,2,2,0,1,0,1,2913,"bystander","target_code_1",0,2,"Control","Engineering","Engineering",1,1,"accept","accept","accept","accept","both_accept","outgroup","ingroup","ingroup","outgroup","ingroup","different",0,"Engineering"
"11","146","146s7",7,0,24,2,0,2,2.85714285714286,3.57142857142857,2.71428571428571,2.71428571428571,2,-9,1,1,2,0,2,1,0,0,1,2914,"bystander","target_code_2",2,0,"Engineering","Control","Engineering",1,1,"accept","accept","accept","accept","both_accept","ingroup","outgroup","ingroup","ingroup","outgroup","different",0,"Engineering"
"11","146","146s8",8,0,24,2,0,2,2.85714285714286,3.57142857142857,2.71428571428571,2.71428571428571,1,-9,1,1,2,2,1,1,1,1,2,2915,"bystander","target_code_1",2,2,"Engineering","Engineering","Engineering",1,1,"accept","accept","accept","accept","both_accept","outgroup","outgroup","outgroup","ingroup","ingroup","same",1,"Engineering"
"11","146","146s8",8,0,24,2,0,2,2.85714285714286,3.57142857142857,2.71428571428571,2.71428571428571,2,-9,1,1,2,2,1,1,1,1,2,2916,"bystander","target_code_2",2,2,"Engineering","Engineering","Engineering",1,1,"accept","accept","accept","accept","both_accept","outgroup","outgroup","outgroup","ingroup","ingroup","same",1,"Engineering"
"11","146","146s9",9,0,24,2,0,2,2.85714285714286,3.57142857142857,2.71428571428571,2.71428571428571,1,9,0,0,0,2,2,0,1,0,1,2917,"bystander","target_code_1",0,2,"Control","Engineering","Engineering",0,0,"reject","reject","reject","reject","both_reject","outgroup","ingroup","ingroup","outgroup","ingroup","different",0,"Engineering"
"11","146","146s9",9,0,24,2,0,2,2.85714285714286,3.57142857142857,2.71428571428571,2.71428571428571,2,9,0,0,2,0,2,1,0,0,1,2918,"bystander","target_code_2",2,0,"Engineering","Control","Engineering",0,0,"reject","reject","reject","reject","both_reject","ingroup","outgroup","ingroup","ingroup","outgroup","different",0,"Engineering"
"11","146","146s10",10,0,24,2,0,2,2.85714285714286,3.57142857142857,2.71428571428571,2.71428571428571,1,-9,1,0,0,0,1,0,0,1,2,2919,"bystander","target_code_1",0,0,"Control","Control","Engineering",1,0,"accept","reject","accept","reject","target_accept_other_reject","outgroup","outgroup","outgroup","outgroup","outgroup","same",1,"Engineering"
"11","146","146s10",10,0,24,2,0,2,2.85714285714286,3.57142857142857,2.71428571428571,2.71428571428571,2,9,0,1,0,0,1,0,0,1,2,2920,"bystander","target_code_2",0,0,"Control","Control","Engineering",0,1,"reject","accept","reject","accept","target_reject_other_accept","outgroup","outgroup","outgroup","outgroup","outgroup","same",1,"Engineering"
"11","147","147s6",6,0,22,3,1,1,1.28571428571429,2.71428571428571,2.42857142857143,1.71428571428571,1,-7,1,1,0,2,2,0,2,0,2,2931,"bystander","target_code_1",0,2,"Control","Engineering","Humanities",1,1,"accept","accept","accept","accept","both_accept","outgroup","ingroup","outgroup","outgroup","outgroup","different",0,"Humanities"
"11","147","147s6",6,0,22,3,1,1,1.28571428571429,2.71428571428571,2.42857142857143,1.71428571428571,2,-7,1,1,2,0,2,2,0,0,2,2932,"bystander","target_code_2",2,0,"Engineering","Control","Humanities",1,1,"accept","accept","accept","accept","both_accept","ingroup","outgroup","outgroup","outgroup","outgroup","different",0,"Humanities"
"11","147","147s7",7,0,22,3,1,1,1.28571428571429,2.71428571428571,2.42857142857143,1.71428571428571,1,7,0,0,1,2,2,1,2,0,2,2933,"bystander","target_code_1",1,2,"Humanities","Engineering","Humanities",0,0,"reject","reject","reject","reject","both_reject","outgroup","ingroup","outgroup","ingroup","outgroup","different",0,"Humanities"
"11","147","147s7",7,0,22,3,1,1,1.28571428571429,2.71428571428571,2.42857142857143,1.71428571428571,2,7,0,0,2,1,2,2,1,0,2,2934,"bystander","target_code_2",2,1,"Engineering","Humanities","Humanities",0,0,"reject","reject","reject","reject","both_reject","ingroup","outgroup","outgroup","outgroup","ingroup","different",0,"Humanities"
"11","147","147s8",8,0,22,3,1,1,1.28571428571429,2.71428571428571,2.42857142857143,1.71428571428571,1,-3,0,0,1,1,2,1,1,1,2,2935,"bystander","target_code_1",1,1,"Humanities","Humanities","Humanities",0,0,"reject","reject","reject","reject","both_reject","outgroup","outgroup","outgroup","ingroup","ingroup","same",1,"Humanities"
"11","147","147s8",8,0,22,3,1,1,1.28571428571429,2.71428571428571,2.42857142857143,1.71428571428571,2,-3,0,0,1,1,2,1,1,1,2,2936,"bystander","target_code_2",1,1,"Humanities","Humanities","Humanities",0,0,"reject","reject","reject","reject","both_reject","outgroup","outgroup","outgroup","ingroup","ingroup","same",1,"Humanities"
"11","147","147s9",9,0,22,3,1,1,1.28571428571429,2.71428571428571,2.42857142857143,1.71428571428571,1,-5,0,0,0,1,2,0,1,0,2,2937,"bystander","target_code_1",0,1,"Control","Humanities","Humanities",0,0,"reject","reject","reject","reject","both_reject","outgroup","outgroup","outgroup","outgroup","ingroup","different",0,"Humanities"
"11","147","147s9",9,0,22,3,1,1,1.28571428571429,2.71428571428571,2.42857142857143,1.71428571428571,2,-5,0,0,1,0,2,1,0,0,2,2938,"bystander","target_code_2",1,0,"Humanities","Control","Humanities",0,0,"reject","reject","reject","reject","both_reject","outgroup","outgroup","outgroup","ingroup","outgroup","different",0,"Humanities"
"11","147","147s10",10,0,22,3,1,1,1.28571428571429,2.71428571428571,2.42857142857143,1.71428571428571,1,-4,0,0,0,1,1,0,1,0,1,2939,"bystander","target_code_1",0,1,"Control","Humanities","Humanities",0,0,"reject","reject","reject","reject","both_reject","outgroup","ingroup","ingroup","outgroup","ingroup","different",0,"Humanities"
"11","147","147s10",10,0,22,3,1,1,1.28571428571429,2.71428571428571,2.42857142857143,1.71428571428571,2,-4,0,0,1,0,1,1,0,0,1,2940,"bystander","target_code_2",1,0,"Humanities","Control","Humanities",0,0,"reject","reject","reject","reject","both_reject","ingroup","outgroup","ingroup","ingroup","outgroup","different",0,"Humanities"
"11","148","148s1",1,0,23,3,1,1,1.42857142857143,2.71428571428571,2.42857142857143,1.42857142857143,1,7,1,0,1,0,2,1,0,0,2,2941,"bystander","target_code_1",1,0,"Humanities","Control","Humanities",1,0,"accept","reject","accept","reject","target_accept_other_reject","outgroup","outgroup","outgroup","ingroup","outgroup","different",0,"Humanities"
"11","148","148s1",1,0,23,3,1,1,1.42857142857143,2.71428571428571,2.42857142857143,1.42857142857143,2,7,0,1,0,1,2,0,1,0,2,2942,"bystander","target_code_2",0,1,"Control","Humanities","Humanities",0,1,"reject","accept","reject","accept","target_reject_other_accept","outgroup","outgroup","outgroup","outgroup","ingroup","different",0,"Humanities"
"11","148","148s2",2,0,23,3,1,1,1.42857142857143,2.71428571428571,2.42857142857143,1.42857142857143,1,7,1,0,1,0,2,1,0,0,2,2943,"bystander","target_code_1",1,0,"Humanities","Control","Humanities",1,0,"accept","reject","accept","reject","target_accept_other_reject","outgroup","outgroup","outgroup","ingroup","outgroup","different",0,"Humanities"
"11","148","148s2",2,0,23,3,1,1,1.42857142857143,2.71428571428571,2.42857142857143,1.42857142857143,2,7,0,1,0,1,2,0,1,0,2,2944,"bystander","target_code_2",0,1,"Control","Humanities","Humanities",0,1,"reject","accept","reject","accept","target_reject_other_accept","outgroup","outgroup","outgroup","outgroup","ingroup","different",0,"Humanities"
"11","148","148s3",3,0,23,3,1,1,1.42857142857143,2.71428571428571,2.42857142857143,1.42857142857143,1,9,0,0,0,2,1,0,2,0,1,2945,"bystander","target_code_1",0,2,"Control","Engineering","Humanities",0,0,"reject","reject","reject","reject","both_reject","outgroup","outgroup","ingroup","outgroup","outgroup","different",0,"Humanities"
"11","148","148s3",3,0,23,3,1,1,1.42857142857143,2.71428571428571,2.42857142857143,1.42857142857143,2,9,0,0,2,0,1,2,0,0,1,2946,"bystander","target_code_2",2,0,"Engineering","Control","Humanities",0,0,"reject","reject","reject","reject","both_reject","outgroup","outgroup","ingroup","outgroup","outgroup","different",0,"Humanities"
"11","148","148s4",4,0,23,3,1,1,1.42857142857143,2.71428571428571,2.42857142857143,1.42857142857143,1,9,0,0,1,0,2,1,0,0,2,2947,"bystander","target_code_1",1,0,"Humanities","Control","Humanities",0,0,"reject","reject","reject","reject","both_reject","outgroup","outgroup","outgroup","ingroup","outgroup","different",0,"Humanities"
"11","148","148s4",4,0,23,3,1,1,1.42857142857143,2.71428571428571,2.42857142857143,1.42857142857143,2,9,0,0,0,1,2,0,1,0,2,2948,"bystander","target_code_2",0,1,"Control","Humanities","Humanities",0,0,"reject","reject","reject","reject","both_reject","outgroup","outgroup","outgroup","outgroup","ingroup","different",0,"Humanities"
"11","148","148s5",5,0,23,3,1,1,1.42857142857143,2.71428571428571,2.42857142857143,1.42857142857143,1,7,1,0,2,0,2,2,0,0,2,2949,"bystander","target_code_1",2,0,"Engineering","Control","Humanities",1,0,"accept","reject","accept","reject","target_accept_other_reject","ingroup","outgroup","outgroup","outgroup","outgroup","different",0,"Humanities"
"11","148","148s5",5,0,23,3,1,1,1.42857142857143,2.71428571428571,2.42857142857143,1.42857142857143,2,7,0,1,0,2,2,0,2,0,2,2950,"bystander","target_code_2",0,2,"Control","Engineering","Humanities",0,1,"reject","accept","reject","accept","target_reject_other_accept","outgroup","ingroup","outgroup","outgroup","outgroup","different",0,"Humanities"
"11","149","149s6",6,0,21,3,0,2,1.42857142857143,2.42857142857143,3,1,1,0,0,0,2,1,2,1,2,0,1,2971,"bystander","target_code_1",2,1,"Engineering","Humanities","Engineering",0,0,"reject","reject","reject","reject","both_reject","ingroup","outgroup","ingroup","ingroup","outgroup","different",0,"Engineering"
"11","149","149s6",6,0,21,3,0,2,1.42857142857143,2.42857142857143,3,1,2,0,0,0,1,2,2,2,1,0,1,2972,"bystander","target_code_2",1,2,"Humanities","Engineering","Engineering",0,0,"reject","reject","reject","reject","both_reject","outgroup","ingroup","ingroup","outgroup","ingroup","different",0,"Engineering"
"11","149","149s7",7,0,21,3,0,2,1.42857142857143,2.42857142857143,3,1,1,0,0,0,1,1,2,2,2,1,1,2973,"bystander","target_code_1",1,1,"Humanities","Humanities","Engineering",0,0,"reject","reject","reject","reject","both_reject","outgroup","outgroup","ingroup","outgroup","outgroup","same",1,"Engineering"
"11","149","149s7",7,0,21,3,0,2,1.42857142857143,2.42857142857143,3,1,2,0,0,0,1,1,2,2,2,1,1,2974,"bystander","target_code_2",1,1,"Humanities","Humanities","Engineering",0,0,"reject","reject","reject","reject","both_reject","outgroup","outgroup","ingroup","outgroup","outgroup","same",1,"Engineering"
"11","149","149s8",8,0,21,3,0,2,1.42857142857143,2.42857142857143,3,1,1,0,0,0,1,1,2,2,2,1,1,2975,"bystander","target_code_1",1,1,"Humanities","Humanities","Engineering",0,0,"reject","reject","reject","reject","both_reject","outgroup","outgroup","ingroup","outgroup","outgroup","same",1,"Engineering"
"11","149","149s8",8,0,21,3,0,2,1.42857142857143,2.42857142857143,3,1,2,0,0,0,1,1,2,2,2,1,1,2976,"bystander","target_code_2",1,1,"Humanities","Humanities","Engineering",0,0,"reject","reject","reject","reject","both_reject","outgroup","outgroup","ingroup","outgroup","outgroup","same",1,"Engineering"
"11","149","149s9",9,0,21,3,0,2,1.42857142857143,2.42857142857143,3,1,1,-3,1,1,2,2,2,1,1,1,1,2977,"bystander","target_code_1",2,2,"Engineering","Engineering","Engineering",1,1,"accept","accept","accept","accept","both_accept","ingroup","ingroup","ingroup","ingroup","ingroup","same",1,"Engineering"
"11","149","149s9",9,0,21,3,0,2,1.42857142857143,2.42857142857143,3,1,2,-3,1,1,2,2,2,1,1,1,1,2978,"bystander","target_code_2",2,2,"Engineering","Engineering","Engineering",1,1,"accept","accept","accept","accept","both_accept","ingroup","ingroup","ingroup","ingroup","ingroup","same",1,"Engineering"
"11","149","149s10",10,0,21,3,0,2,1.42857142857143,2.42857142857143,3,1,1,0,0,0,1,0,2,2,0,0,1,2979,"bystander","target_code_1",1,0,"Humanities","Control","Engineering",0,0,"reject","reject","reject","reject","both_reject","outgroup","outgroup","ingroup","outgroup","outgroup","different",0,"Engineering"
"11","149","149s10",10,0,21,3,0,2,1.42857142857143,2.42857142857143,3,1,2,0,0,0,0,1,2,0,2,0,1,2980,"bystander","target_code_2",0,1,"Control","Humanities","Engineering",0,0,"reject","reject","reject","reject","both_reject","outgroup","outgroup","ingroup","outgroup","outgroup","different",0,"Engineering"
"12","150","150s1",1,0,21,3,1,2,2.85714285714286,3,2.28571428571429,1.14285714285714,1,3,0,1,2,1,1,1,2,0,2,2981,"bystander","target_code_1",2,1,"Engineering","Humanities","Engineering",0,1,"reject","accept","reject","accept","target_reject_other_accept","outgroup","ingroup","outgroup","ingroup","outgroup","different",0,"Engineering"
"12","150","150s1",1,0,21,3,1,2,2.85714285714286,3,2.28571428571429,1.14285714285714,2,-2,1,0,1,2,1,2,1,0,2,2982,"bystander","target_code_2",1,2,"Humanities","Engineering","Engineering",1,0,"accept","reject","accept","reject","target_accept_other_reject","ingroup","outgroup","outgroup","outgroup","ingroup","different",0,"Engineering"
"12","150","150s2",2,0,21,3,1,2,2.85714285714286,3,2.28571428571429,1.14285714285714,1,4,0,0,2,1,1,1,2,0,2,2983,"bystander","target_code_1",2,1,"Engineering","Humanities","Engineering",0,0,"reject","reject","reject","reject","both_reject","outgroup","ingroup","outgroup","ingroup","outgroup","different",0,"Engineering"
"12","150","150s2",2,0,21,3,1,2,2.85714285714286,3,2.28571428571429,1.14285714285714,2,4,0,0,1,2,1,2,1,0,2,2984,"bystander","target_code_2",1,2,"Humanities","Engineering","Engineering",0,0,"reject","reject","reject","reject","both_reject","ingroup","outgroup","outgroup","outgroup","ingroup","different",0,"Engineering"
"12","150","150s3",3,0,21,3,1,2,2.85714285714286,3,2.28571428571429,1.14285714285714,1,-3,1,1,1,2,2,2,1,0,1,2985,"bystander","target_code_1",1,2,"Humanities","Engineering","Engineering",1,1,"accept","accept","accept","accept","both_accept","outgroup","ingroup","ingroup","outgroup","ingroup","different",0,"Engineering"
"12","150","150s3",3,0,21,3,1,2,2.85714285714286,3,2.28571428571429,1.14285714285714,2,-5,1,1,2,1,2,1,2,0,1,2986,"bystander","target_code_2",2,1,"Engineering","Humanities","Engineering",1,1,"accept","accept","accept","accept","both_accept","ingroup","outgroup","ingroup","ingroup","outgroup","different",0,"Engineering"
"12","150","150s4",4,0,21,3,1,2,2.85714285714286,3,2.28571428571429,1.14285714285714,1,-5,1,0,2,1,2,1,2,0,1,2987,"bystander","target_code_1",2,1,"Engineering","Humanities","Engineering",1,0,"accept","reject","accept","reject","target_accept_other_reject","ingroup","outgroup","ingroup","ingroup","outgroup","different",0,"Engineering"
"12","150","150s4",4,0,21,3,1,2,2.85714285714286,3,2.28571428571429,1.14285714285714,2,-3,0,1,1,2,2,2,1,0,1,2988,"bystander","target_code_2",1,2,"Humanities","Engineering","Engineering",0,1,"reject","accept","reject","accept","target_reject_other_accept","outgroup","ingroup","ingroup","outgroup","ingroup","different",0,"Engineering"
"12","150","150s5",5,0,21,3,1,2,2.85714285714286,3,2.28571428571429,1.14285714285714,1,-3,1,0,1,2,1,2,1,0,2,2989,"bystander","target_code_1",1,2,"Humanities","Engineering","Engineering",1,0,"accept","reject","accept","reject","target_accept_other_reject","ingroup","outgroup","outgroup","outgroup","ingroup","different",0,"Engineering"
"12","150","150s5",5,0,21,3,1,2,2.85714285714286,3,2.28571428571429,1.14285714285714,2,4,0,1,2,1,1,1,2,0,2,2990,"bystander","target_code_2",2,1,"Engineering","Humanities","Engineering",0,1,"reject","accept","reject","accept","target_reject_other_accept","outgroup","ingroup","outgroup","ingroup","outgroup","different",0,"Engineering"
"12","151","151s6",6,0,21,4,1,2,3.71428571428571,3.42857142857143,2.28571428571429,2.14285714285714,1,-5,1,0,2,2,2,1,1,1,1,3011,"bystander","target_code_1",2,2,"Engineering","Engineering","Engineering",1,0,"accept","reject","accept","reject","target_accept_other_reject","ingroup","ingroup","ingroup","ingroup","ingroup","same",1,"Engineering"
"12","151","151s6",6,0,21,4,1,2,3.71428571428571,3.42857142857143,2.28571428571429,2.14285714285714,2,0,0,1,2,2,2,1,1,1,1,3012,"bystander","target_code_2",2,2,"Engineering","Engineering","Engineering",0,1,"reject","accept","reject","accept","target_reject_other_accept","ingroup","ingroup","ingroup","ingroup","ingroup","same",1,"Engineering"
"12","151","151s7",7,0,21,4,1,2,3.71428571428571,3.42857142857143,2.28571428571429,2.14285714285714,1,-3,1,0,0,0,2,0,0,1,1,3013,"bystander","target_code_1",0,0,"Control","Control","Engineering",1,0,"accept","reject","accept","reject","target_accept_other_reject","outgroup","outgroup","ingroup","outgroup","outgroup","same",1,"Engineering"
"12","151","151s7",7,0,21,4,1,2,3.71428571428571,3.42857142857143,2.28571428571429,2.14285714285714,2,3,0,1,0,0,2,0,0,1,1,3014,"bystander","target_code_2",0,0,"Control","Control","Engineering",0,1,"reject","accept","reject","accept","target_reject_other_accept","outgroup","outgroup","ingroup","outgroup","outgroup","same",1,"Engineering"
"12","151","151s8",8,0,21,4,1,2,3.71428571428571,3.42857142857143,2.28571428571429,2.14285714285714,1,0,0,1,2,1,2,1,2,0,1,3015,"bystander","target_code_1",2,1,"Engineering","Humanities","Engineering",0,1,"reject","accept","reject","accept","target_reject_other_accept","ingroup","outgroup","ingroup","ingroup","outgroup","different",0,"Engineering"
"12","151","151s8",8,0,21,4,1,2,3.71428571428571,3.42857142857143,2.28571428571429,2.14285714285714,2,-2,1,0,1,2,2,2,1,0,1,3016,"bystander","target_code_2",1,2,"Humanities","Engineering","Engineering",1,0,"accept","reject","accept","reject","target_accept_other_reject","outgroup","ingroup","ingroup","outgroup","ingroup","different",0,"Engineering"
"12","151","151s9",9,0,21,4,1,2,3.71428571428571,3.42857142857143,2.28571428571429,2.14285714285714,1,-5,1,1,0,2,2,0,1,0,1,3017,"bystander","target_code_1",0,2,"Control","Engineering","Engineering",1,1,"accept","accept","accept","accept","both_accept","outgroup","ingroup","ingroup","outgroup","ingroup","different",0,"Engineering"
"12","151","151s9",9,0,21,4,1,2,3.71428571428571,3.42857142857143,2.28571428571429,2.14285714285714,2,-5,1,1,2,0,2,1,0,0,1,3018,"bystander","target_code_2",2,0,"Engineering","Control","Engineering",1,1,"accept","accept","accept","accept","both_accept","ingroup","outgroup","ingroup","ingroup","outgroup","different",0,"Engineering"
"12","151","151s10",10,0,21,4,1,2,3.71428571428571,3.42857142857143,2.28571428571429,2.14285714285714,1,1,0,1,0,1,1,0,2,0,2,3019,"bystander","target_code_1",0,1,"Control","Humanities","Engineering",0,1,"reject","accept","reject","accept","target_reject_other_accept","outgroup","ingroup","outgroup","outgroup","outgroup","different",0,"Engineering"
"12","151","151s10",10,0,21,4,1,2,3.71428571428571,3.42857142857143,2.28571428571429,2.14285714285714,2,-3,1,0,1,0,1,2,0,0,2,3020,"bystander","target_code_2",1,0,"Humanities","Control","Engineering",1,0,"accept","reject","accept","reject","target_accept_other_reject","ingroup","outgroup","outgroup","outgroup","outgroup","different",0,"Engineering"
"12","152","152s6",6,0,21,3,1,2,4,4,2.85714285714286,3.71428571428571,1,9,0,1,2,0,2,1,0,0,1,3031,"bystander","target_code_1",2,0,"Engineering","Control","Engineering",0,1,"reject","accept","reject","accept","target_reject_other_accept","ingroup","outgroup","ingroup","ingroup","outgroup","different",0,"Engineering"
"12","152","152s6",6,0,21,3,1,2,4,4,2.85714285714286,3.71428571428571,2,-8,1,0,0,2,2,0,1,0,1,3032,"bystander","target_code_2",0,2,"Control","Engineering","Engineering",1,0,"accept","reject","accept","reject","target_accept_other_reject","outgroup","ingroup","ingroup","outgroup","ingroup","different",0,"Engineering"
"12","152","152s7",7,0,21,3,1,2,4,4,2.85714285714286,3.71428571428571,1,9,0,1,0,0,1,0,0,1,2,3033,"bystander","target_code_1",0,0,"Control","Control","Engineering",0,1,"reject","accept","reject","accept","target_reject_other_accept","outgroup","outgroup","outgroup","outgroup","outgroup","same",1,"Engineering"
"12","152","152s7",7,0,21,3,1,2,4,4,2.85714285714286,3.71428571428571,2,-8,1,0,0,0,1,0,0,1,2,3034,"bystander","target_code_2",0,0,"Control","Control","Engineering",1,0,"accept","reject","accept","reject","target_accept_other_reject","outgroup","outgroup","outgroup","outgroup","outgroup","same",1,"Engineering"
"12","152","152s8",8,0,21,3,1,2,4,4,2.85714285714286,3.71428571428571,1,9,0,1,2,1,2,1,2,0,1,3035,"bystander","target_code_1",2,1,"Engineering","Humanities","Engineering",0,1,"reject","accept","reject","accept","target_reject_other_accept","ingroup","outgroup","ingroup","ingroup","outgroup","different",0,"Engineering"
"12","152","152s8",8,0,21,3,1,2,4,4,2.85714285714286,3.71428571428571,2,-8,1,0,1,2,2,2,1,0,1,3036,"bystander","target_code_2",1,2,"Humanities","Engineering","Engineering",1,0,"accept","reject","accept","reject","target_accept_other_reject","outgroup","ingroup","ingroup","outgroup","ingroup","different",0,"Engineering"
"12","152","152s9",9,0,21,3,1,2,4,4,2.85714285714286,3.71428571428571,1,-8,1,1,2,2,2,1,1,1,1,3037,"bystander","target_code_1",2,2,"Engineering","Engineering","Engineering",1,1,"accept","accept","accept","accept","both_accept","ingroup","ingroup","ingroup","ingroup","ingroup","same",1,"Engineering"
"12","152","152s9",9,0,21,3,1,2,4,4,2.85714285714286,3.71428571428571,2,-8,1,1,2,2,2,1,1,1,1,3038,"bystander","target_code_2",2,2,"Engineering","Engineering","Engineering",1,1,"accept","accept","accept","accept","both_accept","ingroup","ingroup","ingroup","ingroup","ingroup","same",1,"Engineering"
"12","152","152s10",10,0,21,3,1,2,4,4,2.85714285714286,3.71428571428571,1,-8,1,1,1,0,2,2,0,0,1,3039,"bystander","target_code_1",1,0,"Humanities","Control","Engineering",1,1,"accept","accept","accept","accept","both_accept","outgroup","outgroup","ingroup","outgroup","outgroup","different",0,"Engineering"
"12","152","152s10",10,0,21,3,1,2,4,4,2.85714285714286,3.71428571428571,2,-8,1,1,0,1,2,0,2,0,1,3040,"bystander","target_code_2",0,1,"Control","Humanities","Engineering",1,1,"accept","accept","accept","accept","both_accept","outgroup","outgroup","ingroup","outgroup","outgroup","different",0,"Engineering"
"12","153","153s6",6,0,20,4,0,2,2.42857142857143,2.57142857142857,2.71428571428571,1.28571428571429,1,9,0,0,1,1,1,2,2,1,2,3051,"bystander","target_code_1",1,1,"Humanities","Humanities","Engineering",0,0,"reject","reject","reject","reject","both_reject","ingroup","ingroup","outgroup","outgroup","outgroup","same",1,"Engineering"
"12","153","153s6",6,0,20,4,0,2,2.42857142857143,2.57142857142857,2.71428571428571,1.28571428571429,2,9,0,0,1,1,1,2,2,1,2,3052,"bystander","target_code_2",1,1,"Humanities","Humanities","Engineering",0,0,"reject","reject","reject","reject","both_reject","ingroup","ingroup","outgroup","outgroup","outgroup","same",1,"Engineering"
"12","153","153s7",7,0,20,4,0,2,2.42857142857143,2.57142857142857,2.71428571428571,1.28571428571429,1,9,0,0,2,2,2,1,1,1,1,3053,"bystander","target_code_1",2,2,"Engineering","Engineering","Engineering",0,0,"reject","reject","reject","reject","both_reject","ingroup","ingroup","ingroup","ingroup","ingroup","same",1,"Engineering"
"12","153","153s7",7,0,20,4,0,2,2.42857142857143,2.57142857142857,2.71428571428571,1.28571428571429,2,9,0,0,2,2,2,1,1,1,1,3054,"bystander","target_code_2",2,2,"Engineering","Engineering","Engineering",0,0,"reject","reject","reject","reject","both_reject","ingroup","ingroup","ingroup","ingroup","ingroup","same",1,"Engineering"
"12","153","153s8",8,0,20,4,0,2,2.42857142857143,2.57142857142857,2.71428571428571,1.28571428571429,1,-5,1,1,0,1,1,0,2,0,2,3055,"bystander","target_code_1",0,1,"Control","Humanities","Engineering",1,1,"accept","accept","accept","accept","both_accept","outgroup","ingroup","outgroup","outgroup","outgroup","different",0,"Engineering"
"12","153","153s8",8,0,20,4,0,2,2.42857142857143,2.57142857142857,2.71428571428571,1.28571428571429,2,-5,1,1,1,0,1,2,0,0,2,3056,"bystander","target_code_2",1,0,"Humanities","Control","Engineering",1,1,"accept","accept","accept","accept","both_accept","ingroup","outgroup","outgroup","outgroup","outgroup","different",0,"Engineering"
"12","153","153s9",9,0,20,4,0,2,2.42857142857143,2.57142857142857,2.71428571428571,1.28571428571429,1,9,0,0,0,0,2,0,0,1,1,3057,"bystander","target_code_1",0,0,"Control","Control","Engineering",0,0,"reject","reject","reject","reject","both_reject","outgroup","outgroup","ingroup","outgroup","outgroup","same",1,"Engineering"
"12","153","153s9",9,0,20,4,0,2,2.42857142857143,2.57142857142857,2.71428571428571,1.28571428571429,2,9,0,0,0,0,2,0,0,1,1,3058,"bystander","target_code_2",0,0,"Control","Control","Engineering",0,0,"reject","reject","reject","reject","both_reject","outgroup","outgroup","ingroup","outgroup","outgroup","same",1,"Engineering"
"12","153","153s10",10,0,20,4,0,2,2.42857142857143,2.57142857142857,2.71428571428571,1.28571428571429,1,-6,1,0,0,1,2,0,2,0,1,3059,"bystander","target_code_1",0,1,"Control","Humanities","Engineering",1,0,"accept","reject","accept","reject","target_accept_other_reject","outgroup","outgroup","ingroup","outgroup","outgroup","different",0,"Engineering"
"12","153","153s10",10,0,20,4,0,2,2.42857142857143,2.57142857142857,2.71428571428571,1.28571428571429,2,9,0,1,1,0,2,2,0,0,1,3060,"bystander","target_code_2",1,0,"Humanities","Control","Engineering",0,1,"reject","accept","reject","accept","target_reject_other_accept","outgroup","outgroup","ingroup","outgroup","outgroup","different",0,"Engineering"
"12","154","154s6",6,0,20,4,0,2,1.14285714285714,1.85714285714286,2,1.85714285714286,1,9,0,0,2,0,1,1,0,0,2,3071,"bystander","target_code_1",2,0,"Engineering","Control","Engineering",0,0,"reject","reject","reject","reject","both_reject","outgroup","outgroup","outgroup","ingroup","outgroup","different",0,"Engineering"
"12","154","154s6",6,0,20,4,0,2,1.14285714285714,1.85714285714286,2,1.85714285714286,2,9,0,0,0,2,1,0,1,0,2,3072,"bystander","target_code_2",0,2,"Control","Engineering","Engineering",0,0,"reject","reject","reject","reject","both_reject","outgroup","outgroup","outgroup","outgroup","ingroup","different",0,"Engineering"
"12","154","154s7",7,0,20,4,0,2,1.14285714285714,1.85714285714286,2,1.85714285714286,1,9,0,1,0,2,2,0,1,0,1,3073,"bystander","target_code_1",0,2,"Control","Engineering","Engineering",0,1,"reject","accept","reject","accept","target_reject_other_accept","outgroup","ingroup","ingroup","outgroup","ingroup","different",0,"Engineering"
"12","154","154s7",7,0,20,4,0,2,1.14285714285714,1.85714285714286,2,1.85714285714286,2,-5,1,0,2,0,2,1,0,0,1,3074,"bystander","target_code_2",2,0,"Engineering","Control","Engineering",1,0,"accept","reject","accept","reject","target_accept_other_reject","ingroup","outgroup","ingroup","ingroup","outgroup","different",0,"Engineering"
"12","154","154s8",8,0,20,4,0,2,1.14285714285714,1.85714285714286,2,1.85714285714286,1,-9,1,1,0,0,2,0,0,1,1,3075,"bystander","target_code_1",0,0,"Control","Control","Engineering",1,1,"accept","accept","accept","accept","both_accept","outgroup","outgroup","ingroup","outgroup","outgroup","same",1,"Engineering"
"12","154","154s8",8,0,20,4,0,2,1.14285714285714,1.85714285714286,2,1.85714285714286,2,-9,1,1,0,0,2,0,0,1,1,3076,"bystander","target_code_2",0,0,"Control","Control","Engineering",1,1,"accept","accept","accept","accept","both_accept","outgroup","outgroup","ingroup","outgroup","outgroup","same",1,"Engineering"
"12","154","154s9",9,0,20,4,0,2,1.14285714285714,1.85714285714286,2,1.85714285714286,1,9,0,0,1,0,1,2,0,0,2,3077,"bystander","target_code_1",1,0,"Humanities","Control","Engineering",0,0,"reject","reject","reject","reject","both_reject","ingroup","outgroup","outgroup","outgroup","outgroup","different",0,"Engineering"
"12","154","154s9",9,0,20,4,0,2,1.14285714285714,1.85714285714286,2,1.85714285714286,2,9,0,0,0,1,1,0,2,0,2,3078,"bystander","target_code_2",0,1,"Control","Humanities","Engineering",0,0,"reject","reject","reject","reject","both_reject","outgroup","ingroup","outgroup","outgroup","outgroup","different",0,"Engineering"
"12","154","154s10",10,0,20,4,0,2,1.14285714285714,1.85714285714286,2,1.85714285714286,1,-9,1,0,2,0,1,1,0,0,2,3079,"bystander","target_code_1",2,0,"Engineering","Control","Engineering",1,0,"accept","reject","accept","reject","target_accept_other_reject","outgroup","outgroup","outgroup","ingroup","outgroup","different",0,"Engineering"
"12","154","154s10",10,0,20,4,0,2,1.14285714285714,1.85714285714286,2,1.85714285714286,2,9,0,1,0,2,1,0,1,0,2,3080,"bystander","target_code_2",0,2,"Control","Engineering","Engineering",0,1,"reject","accept","reject","accept","target_reject_other_accept","outgroup","outgroup","outgroup","outgroup","ingroup","different",0,"Engineering"
"12","155","155s1",1,0,20,4,0,2,2.14285714285714,2.42857142857143,2.57142857142857,2.28571428571429,1,9,0,1,2,2,2,1,1,1,1,3081,"bystander","target_code_1",2,2,"Engineering","Engineering","Engineering",0,1,"reject","accept","reject","accept","target_reject_other_accept","ingroup","ingroup","ingroup","ingroup","ingroup","same",1,"Engineering"
"12","155","155s1",1,0,20,4,0,2,2.14285714285714,2.42857142857143,2.57142857142857,2.28571428571429,2,-7,1,0,2,2,2,1,1,1,1,3082,"bystander","target_code_2",2,2,"Engineering","Engineering","Engineering",1,0,"accept","reject","accept","reject","target_accept_other_reject","ingroup","ingroup","ingroup","ingroup","ingroup","same",1,"Engineering"
"12","155","155s2",2,0,20,4,0,2,2.14285714285714,2.42857142857143,2.57142857142857,2.28571428571429,1,9,0,0,2,2,1,1,1,1,2,3083,"bystander","target_code_1",2,2,"Engineering","Engineering","Engineering",0,0,"reject","reject","reject","reject","both_reject","outgroup","outgroup","outgroup","ingroup","ingroup","same",1,"Engineering"
"12","155","155s2",2,0,20,4,0,2,2.14285714285714,2.42857142857143,2.57142857142857,2.28571428571429,2,9,0,0,2,2,1,1,1,1,2,3084,"bystander","target_code_2",2,2,"Engineering","Engineering","Engineering",0,0,"reject","reject","reject","reject","both_reject","outgroup","outgroup","outgroup","ingroup","ingroup","same",1,"Engineering"
"12","155","155s3",3,0,20,4,0,2,2.14285714285714,2.42857142857143,2.57142857142857,2.28571428571429,1,9,0,0,0,2,2,0,1,0,1,3085,"bystander","target_code_1",0,2,"Control","Engineering","Engineering",0,0,"reject","reject","reject","reject","both_reject","outgroup","ingroup","ingroup","outgroup","ingroup","different",0,"Engineering"
"12","155","155s3",3,0,20,4,0,2,2.14285714285714,2.42857142857143,2.57142857142857,2.28571428571429,2,9,0,0,2,0,2,1,0,0,1,3086,"bystander","target_code_2",2,0,"Engineering","Control","Engineering",0,0,"reject","reject","reject","reject","both_reject","ingroup","outgroup","ingroup","ingroup","outgroup","different",0,"Engineering"
"12","155","155s4",4,0,20,4,0,2,2.14285714285714,2.42857142857143,2.57142857142857,2.28571428571429,1,9,0,0,1,2,2,2,1,0,1,3087,"bystander","target_code_1",1,2,"Humanities","Engineering","Engineering",0,0,"reject","reject","reject","reject","both_reject","outgroup","ingroup","ingroup","outgroup","ingroup","different",0,"Engineering"
"12","155","155s4",4,0,20,4,0,2,2.14285714285714,2.42857142857143,2.57142857142857,2.28571428571429,2,9,0,0,2,1,2,1,2,0,1,3088,"bystander","target_code_2",2,1,"Engineering","Humanities","Engineering",0,0,"reject","reject","reject","reject","both_reject","ingroup","outgroup","ingroup","ingroup","outgroup","different",0,"Engineering"
"12","155","155s5",5,0,20,4,0,2,2.14285714285714,2.42857142857143,2.57142857142857,2.28571428571429,1,9,0,0,2,2,2,1,1,1,1,3089,"bystander","target_code_1",2,2,"Engineering","Engineering","Engineering",0,0,"reject","reject","reject","reject","both_reject","ingroup","ingroup","ingroup","ingroup","ingroup","same",1,"Engineering"
"12","155","155s5",5,0,20,4,0,2,2.14285714285714,2.42857142857143,2.57142857142857,2.28571428571429,2,9,0,0,2,2,2,1,1,1,1,3090,"bystander","target_code_2",2,2,"Engineering","Engineering","Engineering",0,0,"reject","reject","reject","reject","both_reject","ingroup","ingroup","ingroup","ingroup","ingroup","same",1,"Engineering"
"12","156","156s1",1,0,19,3,1,1,1.14285714285714,1.28571428571429,2.14285714285714,1.57142857142857,1,0,1,1,2,0,2,2,0,0,2,3101,"bystander","target_code_1",2,0,"Engineering","Control","Humanities",1,1,"accept","accept","accept","accept","both_accept","ingroup","outgroup","outgroup","outgroup","outgroup","different",0,"Humanities"
"12","156","156s1",1,0,19,3,1,1,1.14285714285714,1.28571428571429,2.14285714285714,1.57142857142857,2,0,1,1,0,2,2,0,2,0,2,3102,"bystander","target_code_2",0,2,"Control","Engineering","Humanities",1,1,"accept","accept","accept","accept","both_accept","outgroup","ingroup","outgroup","outgroup","outgroup","different",0,"Humanities"
"12","156","156s2",2,0,19,3,1,1,1.14285714285714,1.28571428571429,2.14285714285714,1.57142857142857,1,-2,1,0,2,0,2,2,0,0,2,3103,"bystander","target_code_1",2,0,"Engineering","Control","Humanities",1,0,"accept","reject","accept","reject","target_accept_other_reject","ingroup","outgroup","outgroup","outgroup","outgroup","different",0,"Humanities"
"12","156","156s2",2,0,19,3,1,1,1.14285714285714,1.28571428571429,2.14285714285714,1.57142857142857,2,5,0,1,0,2,2,0,2,0,2,3104,"bystander","target_code_2",0,2,"Control","Engineering","Humanities",0,1,"reject","accept","reject","accept","target_reject_other_accept","outgroup","ingroup","outgroup","outgroup","outgroup","different",0,"Humanities"
"12","156","156s3",3,0,19,3,1,1,1.14285714285714,1.28571428571429,2.14285714285714,1.57142857142857,1,-3,1,0,0,2,2,0,2,0,2,3105,"bystander","target_code_1",0,2,"Control","Engineering","Humanities",1,0,"accept","reject","accept","reject","target_accept_other_reject","outgroup","ingroup","outgroup","outgroup","outgroup","different",0,"Humanities"
"12","156","156s3",3,0,19,3,1,1,1.14285714285714,1.28571428571429,2.14285714285714,1.57142857142857,2,4,0,1,2,0,2,2,0,0,2,3106,"bystander","target_code_2",2,0,"Engineering","Control","Humanities",0,1,"reject","accept","reject","accept","target_reject_other_accept","ingroup","outgroup","outgroup","outgroup","outgroup","different",0,"Humanities"
"12","156","156s4",4,0,19,3,1,1,1.14285714285714,1.28571428571429,2.14285714285714,1.57142857142857,1,9,0,0,1,2,2,1,2,0,2,3107,"bystander","target_code_1",1,2,"Humanities","Engineering","Humanities",0,0,"reject","reject","reject","reject","both_reject","outgroup","ingroup","outgroup","ingroup","outgroup","different",0,"Humanities"
"12","156","156s4",4,0,19,3,1,1,1.14285714285714,1.28571428571429,2.14285714285714,1.57142857142857,2,9,0,0,2,1,2,2,1,0,2,3108,"bystander","target_code_2",2,1,"Engineering","Humanities","Humanities",0,0,"reject","reject","reject","reject","both_reject","ingroup","outgroup","outgroup","outgroup","ingroup","different",0,"Humanities"
"12","156","156s5",5,0,19,3,1,1,1.14285714285714,1.28571428571429,2.14285714285714,1.57142857142857,1,9,0,0,1,1,1,1,1,1,1,3109,"bystander","target_code_1",1,1,"Humanities","Humanities","Humanities",0,0,"reject","reject","reject","reject","both_reject","ingroup","ingroup","ingroup","ingroup","ingroup","same",1,"Humanities"
"12","156","156s5",5,0,19,3,1,1,1.14285714285714,1.28571428571429,2.14285714285714,1.57142857142857,2,9,0,0,1,1,1,1,1,1,1,3110,"bystander","target_code_2",1,1,"Humanities","Humanities","Humanities",0,0,"reject","reject","reject","reject","both_reject","ingroup","ingroup","ingroup","ingroup","ingroup","same",1,"Humanities"
"12","157","157s1",1,0,20,2,0,1,1.42857142857143,2.57142857142857,2.14285714285714,1.42857142857143,1,9,0,0,2,0,1,2,0,0,1,3121,"bystander","target_code_1",2,0,"Engineering","Control","Humanities",0,0,"reject","reject","reject","reject","both_reject","outgroup","outgroup","ingroup","outgroup","outgroup","different",0,"Humanities"
"12","157","157s1",1,0,20,2,0,1,1.42857142857143,2.57142857142857,2.14285714285714,1.42857142857143,2,9,0,0,0,2,1,0,2,0,1,3122,"bystander","target_code_2",0,2,"Control","Engineering","Humanities",0,0,"reject","reject","reject","reject","both_reject","outgroup","outgroup","ingroup","outgroup","outgroup","different",0,"Humanities"
"12","157","157s2",2,0,20,2,0,1,1.42857142857143,2.57142857142857,2.14285714285714,1.42857142857143,1,-9,1,0,1,0,2,1,0,0,2,3123,"bystander","target_code_1",1,0,"Humanities","Control","Humanities",1,0,"accept","reject","accept","reject","target_accept_other_reject","outgroup","outgroup","outgroup","ingroup","outgroup","different",0,"Humanities"
"12","157","157s2",2,0,20,2,0,1,1.42857142857143,2.57142857142857,2.14285714285714,1.42857142857143,2,9,0,1,0,1,2,0,1,0,2,3124,"bystander","target_code_2",0,1,"Control","Humanities","Humanities",0,1,"reject","accept","reject","accept","target_reject_other_accept","outgroup","outgroup","outgroup","outgroup","ingroup","different",0,"Humanities"
"12","157","157s3",3,0,20,2,0,1,1.42857142857143,2.57142857142857,2.14285714285714,1.42857142857143,1,-9,1,1,2,0,2,2,0,0,2,3125,"bystander","target_code_1",2,0,"Engineering","Control","Humanities",1,1,"accept","accept","accept","accept","both_accept","ingroup","outgroup","outgroup","outgroup","outgroup","different",0,"Humanities"
"12","157","157s3",3,0,20,2,0,1,1.42857142857143,2.57142857142857,2.14285714285714,1.42857142857143,2,-9,1,1,0,2,2,0,2,0,2,3126,"bystander","target_code_2",0,2,"Control","Engineering","Humanities",1,1,"accept","accept","accept","accept","both_accept","outgroup","ingroup","outgroup","outgroup","outgroup","different",0,"Humanities"
"12","157","157s4",4,0,20,2,0,1,1.42857142857143,2.57142857142857,2.14285714285714,1.42857142857143,1,9,0,0,0,1,1,0,1,0,1,3127,"bystander","target_code_1",0,1,"Control","Humanities","Humanities",0,0,"reject","reject","reject","reject","both_reject","outgroup","ingroup","ingroup","outgroup","ingroup","different",0,"Humanities"
"12","157","157s4",4,0,20,2,0,1,1.42857142857143,2.57142857142857,2.14285714285714,1.42857142857143,2,9,0,0,1,0,1,1,0,0,1,3128,"bystander","target_code_2",1,0,"Humanities","Control","Humanities",0,0,"reject","reject","reject","reject","both_reject","ingroup","outgroup","ingroup","ingroup","outgroup","different",0,"Humanities"
"12","157","157s5",5,0,20,2,0,1,1.42857142857143,2.57142857142857,2.14285714285714,1.42857142857143,1,9,0,1,2,0,2,2,0,0,2,3129,"bystander","target_code_1",2,0,"Engineering","Control","Humanities",0,1,"reject","accept","reject","accept","target_reject_other_accept","ingroup","outgroup","outgroup","outgroup","outgroup","different",0,"Humanities"
"12","157","157s5",5,0,20,2,0,1,1.42857142857143,2.57142857142857,2.14285714285714,1.42857142857143,2,-9,1,0,0,2,2,0,2,0,2,3130,"bystander","target_code_2",0,2,"Control","Engineering","Humanities",1,0,"accept","reject","accept","reject","target_accept_other_reject","outgroup","ingroup","outgroup","outgroup","outgroup","different",0,"Humanities"
"12","158","158s6",6,0,18,0,0,1,0.857142857142857,1.71428571428571,1.28571428571429,1,1,8,0,0,0,1,1,0,1,0,1,3151,"bystander","target_code_1",0,1,"Control","Humanities","Humanities",0,0,"reject","reject","reject","reject","both_reject","outgroup","ingroup","ingroup","outgroup","ingroup","different",0,"Humanities"
"12","158","158s6",6,0,18,0,0,1,0.857142857142857,1.71428571428571,1.28571428571429,1,2,8,0,0,1,0,1,1,0,0,1,3152,"bystander","target_code_2",1,0,"Humanities","Control","Humanities",0,0,"reject","reject","reject","reject","both_reject","ingroup","outgroup","ingroup","ingroup","outgroup","different",0,"Humanities"
"12","158","158s7",7,0,18,0,0,1,0.857142857142857,1.71428571428571,1.28571428571429,1,1,8,0,1,0,0,1,0,0,1,1,3153,"bystander","target_code_1",0,0,"Control","Control","Humanities",0,1,"reject","accept","reject","accept","target_reject_other_accept","outgroup","outgroup","ingroup","outgroup","outgroup","same",1,"Humanities"
"12","158","158s7",7,0,18,0,0,1,0.857142857142857,1.71428571428571,1.28571428571429,1,2,-6,1,0,0,0,1,0,0,1,1,3154,"bystander","target_code_2",0,0,"Control","Control","Humanities",1,0,"accept","reject","accept","reject","target_accept_other_reject","outgroup","outgroup","ingroup","outgroup","outgroup","same",1,"Humanities"
"12","158","158s8",8,0,18,0,0,1,0.857142857142857,1.71428571428571,1.28571428571429,1,1,-5,1,0,2,1,1,2,1,0,1,3155,"bystander","target_code_1",2,1,"Engineering","Humanities","Humanities",1,0,"accept","reject","accept","reject","target_accept_other_reject","outgroup","ingroup","ingroup","outgroup","ingroup","different",0,"Humanities"
"12","158","158s8",8,0,18,0,0,1,0.857142857142857,1.71428571428571,1.28571428571429,1,2,8,0,1,1,2,1,1,2,0,1,3156,"bystander","target_code_2",1,2,"Humanities","Engineering","Humanities",0,1,"reject","accept","reject","accept","target_reject_other_accept","ingroup","outgroup","ingroup","ingroup","outgroup","different",0,"Humanities"
"12","158","158s9",9,0,18,0,0,1,0.857142857142857,1.71428571428571,1.28571428571429,1,1,-5,1,0,2,1,2,2,1,0,2,3157,"bystander","target_code_1",2,1,"Engineering","Humanities","Humanities",1,0,"accept","reject","accept","reject","target_accept_other_reject","ingroup","outgroup","outgroup","outgroup","ingroup","different",0,"Humanities"
"12","158","158s9",9,0,18,0,0,1,0.857142857142857,1.71428571428571,1.28571428571429,1,2,9,0,1,1,2,2,1,2,0,2,3158,"bystander","target_code_2",1,2,"Humanities","Engineering","Humanities",0,1,"reject","accept","reject","accept","target_reject_other_accept","outgroup","ingroup","outgroup","ingroup","outgroup","different",0,"Humanities"
"12","158","158s10",10,0,18,0,0,1,0.857142857142857,1.71428571428571,1.28571428571429,1,1,-5,1,0,2,2,1,2,2,1,1,3159,"bystander","target_code_1",2,2,"Engineering","Engineering","Humanities",1,0,"accept","reject","accept","reject","target_accept_other_reject","outgroup","outgroup","ingroup","outgroup","outgroup","same",1,"Humanities"
"12","158","158s10",10,0,18,0,0,1,0.857142857142857,1.71428571428571,1.28571428571429,1,2,8,0,1,2,2,1,2,2,1,1,3160,"bystander","target_code_2",2,2,"Engineering","Engineering","Humanities",0,1,"reject","accept","reject","accept","target_reject_other_accept","outgroup","outgroup","ingroup","outgroup","outgroup","same",1,"Humanities"
"12","159","159s6",6,0,26,2,0,1,2.28571428571429,2.28571428571429,3,1,1,0,1,0,1,0,1,1,0,0,1,3171,"bystander","target_code_1",1,0,"Humanities","Control","Humanities",1,0,"accept","reject","accept","reject","target_accept_other_reject","ingroup","outgroup","ingroup","ingroup","outgroup","different",0,"Humanities"
"12","159","159s6",6,0,26,2,0,1,2.28571428571429,2.28571428571429,3,1,2,2,0,1,0,1,1,0,1,0,1,3172,"bystander","target_code_2",0,1,"Control","Humanities","Humanities",0,1,"reject","accept","reject","accept","target_reject_other_accept","outgroup","ingroup","ingroup","outgroup","ingroup","different",0,"Humanities"
"12","159","159s7",7,0,26,2,0,1,2.28571428571429,2.28571428571429,3,1,1,1,0,0,1,0,1,1,0,0,1,3173,"bystander","target_code_1",1,0,"Humanities","Control","Humanities",0,0,"reject","reject","reject","reject","both_reject","ingroup","outgroup","ingroup","ingroup","outgroup","different",0,"Humanities"
"12","159","159s7",7,0,26,2,0,1,2.28571428571429,2.28571428571429,3,1,2,1,0,0,0,1,1,0,1,0,1,3174,"bystander","target_code_2",0,1,"Control","Humanities","Humanities",0,0,"reject","reject","reject","reject","both_reject","outgroup","ingroup","ingroup","outgroup","ingroup","different",0,"Humanities"
"12","159","159s8",8,0,26,2,0,1,2.28571428571429,2.28571428571429,3,1,1,0,1,0,2,2,2,2,2,1,2,3175,"bystander","target_code_1",2,2,"Engineering","Engineering","Humanities",1,0,"accept","reject","accept","reject","target_accept_other_reject","ingroup","ingroup","outgroup","outgroup","outgroup","same",1,"Humanities"
"12","159","159s8",8,0,26,2,0,1,2.28571428571429,2.28571428571429,3,1,2,0,0,1,2,2,2,2,2,1,2,3176,"bystander","target_code_2",2,2,"Engineering","Engineering","Humanities",0,1,"reject","accept","reject","accept","target_reject_other_accept","ingroup","ingroup","outgroup","outgroup","outgroup","same",1,"Humanities"
"12","159","159s9",9,0,26,2,0,1,2.28571428571429,2.28571428571429,3,1,1,0,0,0,1,1,2,1,1,1,2,3177,"bystander","target_code_1",1,1,"Humanities","Humanities","Humanities",0,0,"reject","reject","reject","reject","both_reject","outgroup","outgroup","outgroup","ingroup","ingroup","same",1,"Humanities"
"12","159","159s9",9,0,26,2,0,1,2.28571428571429,2.28571428571429,3,1,2,0,0,0,1,1,2,1,1,1,2,3178,"bystander","target_code_2",1,1,"Humanities","Humanities","Humanities",0,0,"reject","reject","reject","reject","both_reject","outgroup","outgroup","outgroup","ingroup","ingroup","same",1,"Humanities"
"12","159","159s10",10,0,26,2,0,1,2.28571428571429,2.28571428571429,3,1,1,0,0,0,0,2,1,0,2,0,1,3179,"bystander","target_code_1",0,2,"Control","Engineering","Humanities",0,0,"reject","reject","reject","reject","both_reject","outgroup","outgroup","ingroup","outgroup","outgroup","different",0,"Humanities"
"12","159","159s10",10,0,26,2,0,1,2.28571428571429,2.28571428571429,3,1,2,0,0,0,2,0,1,2,0,0,1,3180,"bystander","target_code_2",2,0,"Engineering","Control","Humanities",0,0,"reject","reject","reject","reject","both_reject","outgroup","outgroup","ingroup","outgroup","outgroup","different",0,"Humanities"
"12","160","160s6",6,0,19,0,1,1,1.28571428571429,2.42857142857143,1.57142857142857,0.857142857142857,1,-9,1,0,0,1,2,0,1,0,2,3191,"bystander","target_code_1",0,1,"Control","Humanities","Humanities",1,0,"accept","reject","accept","reject","target_accept_other_reject","outgroup","outgroup","outgroup","outgroup","ingroup","different",0,"Humanities"
"12","160","160s6",6,0,19,0,1,1,1.28571428571429,2.42857142857143,1.57142857142857,0.857142857142857,2,9,0,1,1,0,2,1,0,0,2,3192,"bystander","target_code_2",1,0,"Humanities","Control","Humanities",0,1,"reject","accept","reject","accept","target_reject_other_accept","outgroup","outgroup","outgroup","ingroup","outgroup","different",0,"Humanities"
"12","160","160s7",7,0,19,0,1,1,1.28571428571429,2.42857142857143,1.57142857142857,0.857142857142857,1,-9,1,0,2,1,2,2,1,0,2,3193,"bystander","target_code_1",2,1,"Engineering","Humanities","Humanities",1,0,"accept","reject","accept","reject","target_accept_other_reject","ingroup","outgroup","outgroup","outgroup","ingroup","different",0,"Humanities"
"12","160","160s7",7,0,19,0,1,1,1.28571428571429,2.42857142857143,1.57142857142857,0.857142857142857,2,9,0,1,1,2,2,1,2,0,2,3194,"bystander","target_code_2",1,2,"Humanities","Engineering","Humanities",0,1,"reject","accept","reject","accept","target_reject_other_accept","outgroup","ingroup","outgroup","ingroup","outgroup","different",0,"Humanities"
"12","160","160s8",8,0,19,0,1,1,1.28571428571429,2.42857142857143,1.57142857142857,0.857142857142857,1,-9,1,0,0,0,2,0,0,1,2,3195,"bystander","target_code_1",0,0,"Control","Control","Humanities",1,0,"accept","reject","accept","reject","target_accept_other_reject","outgroup","outgroup","outgroup","outgroup","outgroup","same",1,"Humanities"
"12","160","160s8",8,0,19,0,1,1,1.28571428571429,2.42857142857143,1.57142857142857,0.857142857142857,2,9,0,1,0,0,2,0,0,1,2,3196,"bystander","target_code_2",0,0,"Control","Control","Humanities",0,1,"reject","accept","reject","accept","target_reject_other_accept","outgroup","outgroup","outgroup","outgroup","outgroup","same",1,"Humanities"
"12","160","160s9",9,0,19,0,1,1,1.28571428571429,2.42857142857143,1.57142857142857,0.857142857142857,1,9,0,0,2,0,1,2,0,0,1,3197,"bystander","target_code_1",2,0,"Engineering","Control","Humanities",0,0,"reject","reject","reject","reject","both_reject","outgroup","outgroup","ingroup","outgroup","outgroup","different",0,"Humanities"
"12","160","160s9",9,0,19,0,1,1,1.28571428571429,2.42857142857143,1.57142857142857,0.857142857142857,2,9,0,0,0,2,1,0,2,0,1,3198,"bystander","target_code_2",0,2,"Control","Engineering","Humanities",0,0,"reject","reject","reject","reject","both_reject","outgroup","outgroup","ingroup","outgroup","outgroup","different",0,"Humanities"
"12","160","160s10",10,0,19,0,1,1,1.28571428571429,2.42857142857143,1.57142857142857,0.857142857142857,1,-9,1,0,2,0,1,2,0,0,1,3199,"bystander","target_code_1",2,0,"Engineering","Control","Humanities",1,0,"accept","reject","accept","reject","target_accept_other_reject","outgroup","outgroup","ingroup","outgroup","outgroup","different",0,"Humanities"
"12","160","160s10",10,0,19,0,1,1,1.28571428571429,2.42857142857143,1.57142857142857,0.857142857142857,2,9,0,1,0,2,1,0,2,0,1,3200,"bystander","target_code_2",0,2,"Control","Engineering","Humanities",0,1,"reject","accept","reject","accept","target_reject_other_accept","outgroup","outgroup","ingroup","outgroup","outgroup","different",0,"Humanities"
"12","161","161s1",1,0,18,3,1,1,1.57142857142857,3.42857142857143,3.28571428571429,2,1,-3,1,1,2,1,2,2,1,0,2,3201,"bystander","target_code_1",2,1,"Engineering","Humanities","Humanities",1,1,"accept","accept","accept","accept","both_accept","ingroup","outgroup","outgroup","outgroup","ingroup","different",0,"Humanities"
"12","161","161s1",1,0,18,3,1,1,1.57142857142857,3.42857142857143,3.28571428571429,2,2,-3,1,1,1,2,2,1,2,0,2,3202,"bystander","target_code_2",1,2,"Humanities","Engineering","Humanities",1,1,"accept","accept","accept","accept","both_accept","outgroup","ingroup","outgroup","ingroup","outgroup","different",0,"Humanities"
"12","161","161s2",2,0,18,3,1,1,1.57142857142857,3.42857142857143,3.28571428571429,2,1,3,0,0,2,1,1,2,1,0,1,3203,"bystander","target_code_1",2,1,"Engineering","Humanities","Humanities",0,0,"reject","reject","reject","reject","both_reject","outgroup","ingroup","ingroup","outgroup","ingroup","different",0,"Humanities"
"12","161","161s2",2,0,18,3,1,1,1.57142857142857,3.42857142857143,3.28571428571429,2,2,3,0,0,1,2,1,1,2,0,1,3204,"bystander","target_code_2",1,2,"Humanities","Engineering","Humanities",0,0,"reject","reject","reject","reject","both_reject","ingroup","outgroup","ingroup","ingroup","outgroup","different",0,"Humanities"
"12","161","161s3",3,0,18,3,1,1,1.57142857142857,3.42857142857143,3.28571428571429,2,1,3,0,0,1,2,1,1,2,0,1,3205,"bystander","target_code_1",1,2,"Humanities","Engineering","Humanities",0,0,"reject","reject","reject","reject","both_reject","ingroup","outgroup","ingroup","ingroup","outgroup","different",0,"Humanities"
"12","161","161s3",3,0,18,3,1,1,1.57142857142857,3.42857142857143,3.28571428571429,2,2,3,0,0,2,1,1,2,1,0,1,3206,"bystander","target_code_2",2,1,"Engineering","Humanities","Humanities",0,0,"reject","reject","reject","reject","both_reject","outgroup","ingroup","ingroup","outgroup","ingroup","different",0,"Humanities"
"12","161","161s4",4,0,18,3,1,1,1.57142857142857,3.42857142857143,3.28571428571429,2,1,-5,1,0,2,0,1,2,0,0,1,3207,"bystander","target_code_1",2,0,"Engineering","Control","Humanities",1,0,"accept","reject","accept","reject","target_accept_other_reject","outgroup","outgroup","ingroup","outgroup","outgroup","different",0,"Humanities"
"12","161","161s4",4,0,18,3,1,1,1.57142857142857,3.42857142857143,3.28571428571429,2,2,2,0,1,0,2,1,0,2,0,1,3208,"bystander","target_code_2",0,2,"Control","Engineering","Humanities",0,1,"reject","accept","reject","accept","target_reject_other_accept","outgroup","outgroup","ingroup","outgroup","outgroup","different",0,"Humanities"
"12","161","161s5",5,0,18,3,1,1,1.57142857142857,3.42857142857143,3.28571428571429,2,1,-5,1,0,1,0,2,1,0,0,2,3209,"bystander","target_code_1",1,0,"Humanities","Control","Humanities",1,0,"accept","reject","accept","reject","target_accept_other_reject","outgroup","outgroup","outgroup","ingroup","outgroup","different",0,"Humanities"
"12","161","161s5",5,0,18,3,1,1,1.57142857142857,3.42857142857143,3.28571428571429,2,2,2,0,1,0,1,2,0,1,0,2,3210,"bystander","target_code_2",0,1,"Control","Humanities","Humanities",0,1,"reject","accept","reject","accept","target_reject_other_accept","outgroup","outgroup","outgroup","outgroup","ingroup","different",0,"Humanities"
"12","162","162s1",1,0,22,2,1,2,3.42857142857143,2.85714285714286,3,2.14285714285714,1,9,0,0,0,0,2,0,0,1,1,3221,"bystander","target_code_1",0,0,"Control","Control","Engineering",0,0,"reject","reject","reject","reject","both_reject","outgroup","outgroup","ingroup","outgroup","outgroup","same",1,"Engineering"
"12","162","162s1",1,0,22,2,1,2,3.42857142857143,2.85714285714286,3,2.14285714285714,2,9,0,0,0,0,2,0,0,1,1,3222,"bystander","target_code_2",0,0,"Control","Control","Engineering",0,0,"reject","reject","reject","reject","both_reject","outgroup","outgroup","ingroup","outgroup","outgroup","same",1,"Engineering"
"12","162","162s2",2,0,22,2,1,2,3.42857142857143,2.85714285714286,3,2.14285714285714,1,-9,1,0,2,2,1,1,1,1,2,3223,"bystander","target_code_1",2,2,"Engineering","Engineering","Engineering",1,0,"accept","reject","accept","reject","target_accept_other_reject","outgroup","outgroup","outgroup","ingroup","ingroup","same",1,"Engineering"
"12","162","162s2",2,0,22,2,1,2,3.42857142857143,2.85714285714286,3,2.14285714285714,2,9,0,1,2,2,1,1,1,1,2,3224,"bystander","target_code_2",2,2,"Engineering","Engineering","Engineering",0,1,"reject","accept","reject","accept","target_reject_other_accept","outgroup","outgroup","outgroup","ingroup","ingroup","same",1,"Engineering"
"12","162","162s3",3,0,22,2,1,2,3.42857142857143,2.85714285714286,3,2.14285714285714,1,-9,1,0,1,2,2,2,1,0,1,3225,"bystander","target_code_1",1,2,"Humanities","Engineering","Engineering",1,0,"accept","reject","accept","reject","target_accept_other_reject","outgroup","ingroup","ingroup","outgroup","ingroup","different",0,"Engineering"
"12","162","162s3",3,0,22,2,1,2,3.42857142857143,2.85714285714286,3,2.14285714285714,2,9,0,1,2,1,2,1,2,0,1,3226,"bystander","target_code_2",2,1,"Engineering","Humanities","Engineering",0,1,"reject","accept","reject","accept","target_reject_other_accept","ingroup","outgroup","ingroup","ingroup","outgroup","different",0,"Engineering"
"12","162","162s4",4,0,22,2,1,2,3.42857142857143,2.85714285714286,3,2.14285714285714,1,9,0,0,0,1,2,0,2,0,1,3227,"bystander","target_code_1",0,1,"Control","Humanities","Engineering",0,0,"reject","reject","reject","reject","both_reject","outgroup","outgroup","ingroup","outgroup","outgroup","different",0,"Engineering"
"12","162","162s4",4,0,22,2,1,2,3.42857142857143,2.85714285714286,3,2.14285714285714,2,9,0,0,1,0,2,2,0,0,1,3228,"bystander","target_code_2",1,0,"Humanities","Control","Engineering",0,0,"reject","reject","reject","reject","both_reject","outgroup","outgroup","ingroup","outgroup","outgroup","different",0,"Engineering"
"12","162","162s5",5,0,22,2,1,2,3.42857142857143,2.85714285714286,3,2.14285714285714,1,9,0,1,1,1,1,2,2,1,2,3229,"bystander","target_code_1",1,1,"Humanities","Humanities","Engineering",0,1,"reject","accept","reject","accept","target_reject_other_accept","ingroup","ingroup","outgroup","outgroup","outgroup","same",1,"Engineering"
"12","162","162s5",5,0,22,2,1,2,3.42857142857143,2.85714285714286,3,2.14285714285714,2,-9,1,0,1,1,1,2,2,1,2,3230,"bystander","target_code_2",1,1,"Humanities","Humanities","Engineering",1,0,"accept","reject","accept","reject","target_accept_other_reject","ingroup","ingroup","outgroup","outgroup","outgroup","same",1,"Engineering"
"12","163","163s6",6,0,20,0,0,2,2.71428571428571,3.28571428571429,2.42857142857143,2.71428571428571,1,7,0,0,1,0,2,2,0,0,1,3251,"bystander","target_code_1",1,0,"Humanities","Control","Engineering",0,0,"reject","reject","reject","reject","both_reject","outgroup","outgroup","ingroup","outgroup","outgroup","different",0,"Engineering"
"12","163","163s6",6,0,20,0,0,2,2.71428571428571,3.28571428571429,2.42857142857143,2.71428571428571,2,7,0,0,0,1,2,0,2,0,1,3252,"bystander","target_code_2",0,1,"Control","Humanities","Engineering",0,0,"reject","reject","reject","reject","both_reject","outgroup","outgroup","ingroup","outgroup","outgroup","different",0,"Engineering"
"12","163","163s7",7,0,20,0,0,2,2.71428571428571,3.28571428571429,2.42857142857143,2.71428571428571,1,7,0,1,2,1,2,1,2,0,1,3253,"bystander","target_code_1",2,1,"Engineering","Humanities","Engineering",0,1,"reject","accept","reject","accept","target_reject_other_accept","ingroup","outgroup","ingroup","ingroup","outgroup","different",0,"Engineering"
"12","163","163s7",7,0,20,0,0,2,2.71428571428571,3.28571428571429,2.42857142857143,2.71428571428571,2,-4,1,0,1,2,2,2,1,0,1,3254,"bystander","target_code_2",1,2,"Humanities","Engineering","Engineering",1,0,"accept","reject","accept","reject","target_accept_other_reject","outgroup","ingroup","ingroup","outgroup","ingroup","different",0,"Engineering"
"12","163","163s8",8,0,20,0,0,2,2.71428571428571,3.28571428571429,2.42857142857143,2.71428571428571,1,-4,1,1,2,2,2,1,1,1,1,3255,"bystander","target_code_1",2,2,"Engineering","Engineering","Engineering",1,1,"accept","accept","accept","accept","both_accept","ingroup","ingroup","ingroup","ingroup","ingroup","same",1,"Engineering"
"12","163","163s8",8,0,20,0,0,2,2.71428571428571,3.28571428571429,2.42857142857143,2.71428571428571,2,-4,1,1,2,2,2,1,1,1,1,3256,"bystander","target_code_2",2,2,"Engineering","Engineering","Engineering",1,1,"accept","accept","accept","accept","both_accept","ingroup","ingroup","ingroup","ingroup","ingroup","same",1,"Engineering"
"12","163","163s9",9,0,20,0,0,2,2.71428571428571,3.28571428571429,2.42857142857143,2.71428571428571,1,7,0,0,1,0,1,2,0,0,2,3257,"bystander","target_code_1",1,0,"Humanities","Control","Engineering",0,0,"reject","reject","reject","reject","both_reject","ingroup","outgroup","outgroup","outgroup","outgroup","different",0,"Engineering"
"12","163","163s9",9,0,20,0,0,2,2.71428571428571,3.28571428571429,2.42857142857143,2.71428571428571,2,7,0,0,0,1,1,0,2,0,2,3258,"bystander","target_code_2",0,1,"Control","Humanities","Engineering",0,0,"reject","reject","reject","reject","both_reject","outgroup","ingroup","outgroup","outgroup","outgroup","different",0,"Engineering"
"12","163","163s10",10,0,20,0,0,2,2.71428571428571,3.28571428571429,2.42857142857143,2.71428571428571,1,7,0,1,2,1,1,1,2,0,2,3259,"bystander","target_code_1",2,1,"Engineering","Humanities","Engineering",0,1,"reject","accept","reject","accept","target_reject_other_accept","outgroup","ingroup","outgroup","ingroup","outgroup","different",0,"Engineering"
"12","163","163s10",10,0,20,0,0,2,2.71428571428571,3.28571428571429,2.42857142857143,2.71428571428571,2,-4,1,0,1,2,1,2,1,0,2,3260,"bystander","target_code_2",1,2,"Humanities","Engineering","Engineering",1,0,"accept","reject","accept","reject","target_accept_other_reject","ingroup","outgroup","outgroup","outgroup","ingroup","different",0,"Engineering"
"12","164","164s6",6,0,19,1,0,2,1.57142857142857,2.71428571428571,2.85714285714286,2.14285714285714,1,9,0,1,1,0,2,2,0,0,1,3271,"bystander","target_code_1",1,0,"Humanities","Control","Engineering",0,1,"reject","accept","reject","accept","target_reject_other_accept","outgroup","outgroup","ingroup","outgroup","outgroup","different",0,"Engineering"
"12","164","164s6",6,0,19,1,0,2,1.57142857142857,2.71428571428571,2.85714285714286,2.14285714285714,2,6,1,0,0,1,2,0,2,0,1,3272,"bystander","target_code_2",0,1,"Control","Humanities","Engineering",1,0,"accept","reject","accept","reject","target_accept_other_reject","outgroup","outgroup","ingroup","outgroup","outgroup","different",0,"Engineering"
"12","164","164s7",7,0,19,1,0,2,1.57142857142857,2.71428571428571,2.85714285714286,2.14285714285714,1,5,1,1,1,0,2,2,0,0,1,3273,"bystander","target_code_1",1,0,"Humanities","Control","Engineering",1,1,"accept","accept","accept","accept","both_accept","outgroup","outgroup","ingroup","outgroup","outgroup","different",0,"Engineering"
"12","164","164s7",7,0,19,1,0,2,1.57142857142857,2.71428571428571,2.85714285714286,2.14285714285714,2,5,1,1,0,1,2,0,2,0,1,3274,"bystander","target_code_2",0,1,"Control","Humanities","Engineering",1,1,"accept","accept","accept","accept","both_accept","outgroup","outgroup","ingroup","outgroup","outgroup","different",0,"Engineering"
"12","164","164s8",8,0,19,1,0,2,1.57142857142857,2.71428571428571,2.85714285714286,2.14285714285714,1,6,1,1,1,0,1,2,0,0,2,3275,"bystander","target_code_1",1,0,"Humanities","Control","Engineering",1,1,"accept","accept","accept","accept","both_accept","ingroup","outgroup","outgroup","outgroup","outgroup","different",0,"Engineering"
"12","164","164s8",8,0,19,1,0,2,1.57142857142857,2.71428571428571,2.85714285714286,2.14285714285714,2,6,1,1,0,1,1,0,2,0,2,3276,"bystander","target_code_2",0,1,"Control","Humanities","Engineering",1,1,"accept","accept","accept","accept","both_accept","outgroup","ingroup","outgroup","outgroup","outgroup","different",0,"Engineering"
"12","164","164s9",9,0,19,1,0,2,1.57142857142857,2.71428571428571,2.85714285714286,2.14285714285714,1,9,0,1,0,2,2,0,1,0,1,3277,"bystander","target_code_1",0,2,"Control","Engineering","Engineering",0,1,"reject","accept","reject","accept","target_reject_other_accept","outgroup","ingroup","ingroup","outgroup","ingroup","different",0,"Engineering"
"12","164","164s9",9,0,19,1,0,2,1.57142857142857,2.71428571428571,2.85714285714286,2.14285714285714,2,5,1,0,2,0,2,1,0,0,1,3278,"bystander","target_code_2",2,0,"Engineering","Control","Engineering",1,0,"accept","reject","accept","reject","target_accept_other_reject","ingroup","outgroup","ingroup","ingroup","outgroup","different",0,"Engineering"
"12","164","164s10",10,0,19,1,0,2,1.57142857142857,2.71428571428571,2.85714285714286,2.14285714285714,1,9,0,1,1,0,1,2,0,0,2,3279,"bystander","target_code_1",1,0,"Humanities","Control","Engineering",0,1,"reject","accept","reject","accept","target_reject_other_accept","ingroup","outgroup","outgroup","outgroup","outgroup","different",0,"Engineering"
"12","164","164s10",10,0,19,1,0,2,1.57142857142857,2.71428571428571,2.85714285714286,2.14285714285714,2,6,1,0,0,1,1,0,2,0,2,3280,"bystander","target_code_2",0,1,"Control","Humanities","Engineering",1,0,"accept","reject","accept","reject","target_accept_other_reject","outgroup","ingroup","outgroup","outgroup","outgroup","different",0,"Engineering"
"12","165","165s1",1,0,22,2,1,2,2.14285714285714,3,2.28571428571429,2,1,4,1,1,0,0,2,0,0,1,1,3281,"bystander","target_code_1",0,0,"Control","Control","Engineering",1,1,"accept","accept","accept","accept","both_accept","outgroup","outgroup","ingroup","outgroup","outgroup","same",1,"Engineering"
"12","165","165s1",1,0,22,2,1,2,2.14285714285714,3,2.28571428571429,2,2,4,1,1,0,0,2,0,0,1,1,3282,"bystander","target_code_2",0,0,"Control","Control","Engineering",1,1,"accept","accept","accept","accept","both_accept","outgroup","outgroup","ingroup","outgroup","outgroup","same",1,"Engineering"
"12","165","165s2",2,0,22,2,1,2,2.14285714285714,3,2.28571428571429,2,1,5,0,1,2,2,1,1,1,1,2,3283,"bystander","target_code_1",2,2,"Engineering","Engineering","Engineering",0,1,"reject","accept","reject","accept","target_reject_other_accept","outgroup","outgroup","outgroup","ingroup","ingroup","same",1,"Engineering"
"12","165","165s2",2,0,22,2,1,2,2.14285714285714,3,2.28571428571429,2,2,-5,1,0,2,2,1,1,1,1,2,3284,"bystander","target_code_2",2,2,"Engineering","Engineering","Engineering",1,0,"accept","reject","accept","reject","target_accept_other_reject","outgroup","outgroup","outgroup","ingroup","ingroup","same",1,"Engineering"
"12","165","165s3",3,0,22,2,1,2,2.14285714285714,3,2.28571428571429,2,1,3,1,1,0,1,1,0,2,0,2,3285,"bystander","target_code_1",0,1,"Control","Humanities","Engineering",1,1,"accept","accept","accept","accept","both_accept","outgroup","ingroup","outgroup","outgroup","outgroup","different",0,"Engineering"
"12","165","165s3",3,0,22,2,1,2,2.14285714285714,3,2.28571428571429,2,2,3,1,1,1,0,1,2,0,0,2,3286,"bystander","target_code_2",1,0,"Humanities","Control","Engineering",1,1,"accept","accept","accept","accept","both_accept","ingroup","outgroup","outgroup","outgroup","outgroup","different",0,"Engineering"
"12","165","165s4",4,0,22,2,1,2,2.14285714285714,3,2.28571428571429,2,1,4,0,1,1,2,2,2,1,0,1,3287,"bystander","target_code_1",1,2,"Humanities","Engineering","Engineering",0,1,"reject","accept","reject","accept","target_reject_other_accept","outgroup","ingroup","ingroup","outgroup","ingroup","different",0,"Engineering"
"12","165","165s4",4,0,22,2,1,2,2.14285714285714,3,2.28571428571429,2,2,-3,1,0,2,1,2,1,2,0,1,3288,"bystander","target_code_2",2,1,"Engineering","Humanities","Engineering",1,0,"accept","reject","accept","reject","target_accept_other_reject","ingroup","outgroup","ingroup","ingroup","outgroup","different",0,"Engineering"
"12","165","165s5",5,0,22,2,1,2,2.14285714285714,3,2.28571428571429,2,1,4,1,1,1,0,2,2,0,0,1,3289,"bystander","target_code_1",1,0,"Humanities","Control","Engineering",1,1,"accept","accept","accept","accept","both_accept","outgroup","outgroup","ingroup","outgroup","outgroup","different",0,"Engineering"
"12","165","165s5",5,0,22,2,1,2,2.14285714285714,3,2.28571428571429,2,2,4,1,1,0,1,2,0,2,0,1,3290,"bystander","target_code_2",0,1,"Control","Humanities","Engineering",1,1,"accept","accept","accept","accept","both_accept","outgroup","outgroup","ingroup","outgroup","outgroup","different",0,"Engineering"
"12","166","166s1",1,0,19,2,0,2,3.42857142857143,2.14285714285714,2.28571428571429,1.71428571428571,1,9,0,0,0,2,2,0,1,0,1,3301,"bystander","target_code_1",0,2,"Control","Engineering","Engineering",0,0,"reject","reject","reject","reject","both_reject","outgroup","ingroup","ingroup","outgroup","ingroup","different",0,"Engineering"
"12","166","166s1",1,0,19,2,0,2,3.42857142857143,2.14285714285714,2.28571428571429,1.71428571428571,2,9,0,0,2,0,2,1,0,0,1,3302,"bystander","target_code_2",2,0,"Engineering","Control","Engineering",0,0,"reject","reject","reject","reject","both_reject","ingroup","outgroup","ingroup","ingroup","outgroup","different",0,"Engineering"
"12","166","166s2",2,0,19,2,0,2,3.42857142857143,2.14285714285714,2.28571428571429,1.71428571428571,1,-5,1,1,0,0,1,0,0,1,2,3303,"bystander","target_code_1",0,0,"Control","Control","Engineering",1,1,"accept","accept","accept","accept","both_accept","outgroup","outgroup","outgroup","outgroup","outgroup","same",1,"Engineering"
"12","166","166s2",2,0,19,2,0,2,3.42857142857143,2.14285714285714,2.28571428571429,1.71428571428571,2,-5,1,1,0,0,1,0,0,1,2,3304,"bystander","target_code_2",0,0,"Control","Control","Engineering",1,1,"accept","accept","accept","accept","both_accept","outgroup","outgroup","outgroup","outgroup","outgroup","same",1,"Engineering"
"12","166","166s3",3,0,19,2,0,2,3.42857142857143,2.14285714285714,2.28571428571429,1.71428571428571,1,9,0,0,0,0,2,0,0,1,1,3305,"bystander","target_code_1",0,0,"Control","Control","Engineering",0,0,"reject","reject","reject","reject","both_reject","outgroup","outgroup","ingroup","outgroup","outgroup","same",1,"Engineering"
"12","166","166s3",3,0,19,2,0,2,3.42857142857143,2.14285714285714,2.28571428571429,1.71428571428571,2,9,0,0,0,0,2,0,0,1,1,3306,"bystander","target_code_2",0,0,"Control","Control","Engineering",0,0,"reject","reject","reject","reject","both_reject","outgroup","outgroup","ingroup","outgroup","outgroup","same",1,"Engineering"
"12","166","166s4",4,0,19,2,0,2,3.42857142857143,2.14285714285714,2.28571428571429,1.71428571428571,1,-6,1,1,2,2,1,1,1,1,2,3307,"bystander","target_code_1",2,2,"Engineering","Engineering","Engineering",1,1,"accept","accept","accept","accept","both_accept","outgroup","outgroup","outgroup","ingroup","ingroup","same",1,"Engineering"
"12","166","166s4",4,0,19,2,0,2,3.42857142857143,2.14285714285714,2.28571428571429,1.71428571428571,2,-6,1,1,2,2,1,1,1,1,2,3308,"bystander","target_code_2",2,2,"Engineering","Engineering","Engineering",1,1,"accept","accept","accept","accept","both_accept","outgroup","outgroup","outgroup","ingroup","ingroup","same",1,"Engineering"
"12","166","166s5",5,0,19,2,0,2,3.42857142857143,2.14285714285714,2.28571428571429,1.71428571428571,1,-5,1,1,0,2,2,0,1,0,1,3309,"bystander","target_code_1",0,2,"Control","Engineering","Engineering",1,1,"accept","accept","accept","accept","both_accept","outgroup","ingroup","ingroup","outgroup","ingroup","different",0,"Engineering"
"12","166","166s5",5,0,19,2,0,2,3.42857142857143,2.14285714285714,2.28571428571429,1.71428571428571,2,-5,1,1,2,0,2,1,0,0,1,3310,"bystander","target_code_2",2,0,"Engineering","Control","Engineering",1,1,"accept","accept","accept","accept","both_accept","ingroup","outgroup","ingroup","ingroup","outgroup","different",0,"Engineering"
"12","167","167s6",6,0,21,1,1,2,1.71428571428571,2.57142857142857,2.28571428571429,2,1,0,1,0,1,2,2,2,1,0,1,3331,"bystander","target_code_1",1,2,"Humanities","Engineering","Engineering",1,0,"accept","reject","accept","reject","target_accept_other_reject","outgroup","ingroup","ingroup","outgroup","ingroup","different",0,"Engineering"
"12","167","167s6",6,0,21,1,1,2,1.71428571428571,2.57142857142857,2.28571428571429,2,2,0,0,1,2,1,2,1,2,0,1,3332,"bystander","target_code_2",2,1,"Engineering","Humanities","Engineering",0,1,"reject","accept","reject","accept","target_reject_other_accept","ingroup","outgroup","ingroup","ingroup","outgroup","different",0,"Engineering"
"12","167","167s7",7,0,21,1,1,2,1.71428571428571,2.57142857142857,2.28571428571429,2,1,0,1,0,1,0,2,2,0,0,1,3333,"bystander","target_code_1",1,0,"Humanities","Control","Engineering",1,0,"accept","reject","accept","reject","target_accept_other_reject","outgroup","outgroup","ingroup","outgroup","outgroup","different",0,"Engineering"
"12","167","167s7",7,0,21,1,1,2,1.71428571428571,2.57142857142857,2.28571428571429,2,2,0,0,1,0,1,2,0,2,0,1,3334,"bystander","target_code_2",0,1,"Control","Humanities","Engineering",0,1,"reject","accept","reject","accept","target_reject_other_accept","outgroup","outgroup","ingroup","outgroup","outgroup","different",0,"Engineering"
"12","167","167s8",8,0,21,1,1,2,1.71428571428571,2.57142857142857,2.28571428571429,2,1,0,1,1,0,1,1,0,2,0,2,3335,"bystander","target_code_1",0,1,"Control","Humanities","Engineering",1,1,"accept","accept","accept","accept","both_accept","outgroup","ingroup","outgroup","outgroup","outgroup","different",0,"Engineering"
"12","167","167s8",8,0,21,1,1,2,1.71428571428571,2.57142857142857,2.28571428571429,2,2,0,1,1,1,0,1,2,0,0,2,3336,"bystander","target_code_2",1,0,"Humanities","Control","Engineering",1,1,"accept","accept","accept","accept","both_accept","ingroup","outgroup","outgroup","outgroup","outgroup","different",0,"Engineering"
"12","167","167s9",9,0,21,1,1,2,1.71428571428571,2.57142857142857,2.28571428571429,2,1,-2,1,0,0,2,2,0,1,0,1,3337,"bystander","target_code_1",0,2,"Control","Engineering","Engineering",1,0,"accept","reject","accept","reject","target_accept_other_reject","outgroup","ingroup","ingroup","outgroup","ingroup","different",0,"Engineering"
"12","167","167s9",9,0,21,1,1,2,1.71428571428571,2.57142857142857,2.28571428571429,2,2,4,0,1,2,0,2,1,0,0,1,3338,"bystander","target_code_2",2,0,"Engineering","Control","Engineering",0,1,"reject","accept","reject","accept","target_reject_other_accept","ingroup","outgroup","ingroup","ingroup","outgroup","different",0,"Engineering"
"12","167","167s10",10,0,21,1,1,2,1.71428571428571,2.57142857142857,2.28571428571429,2,1,0,1,1,0,0,2,0,0,1,1,3339,"bystander","target_code_1",0,0,"Control","Control","Engineering",1,1,"accept","accept","accept","accept","both_accept","outgroup","outgroup","ingroup","outgroup","outgroup","same",1,"Engineering"
"12","167","167s10",10,0,21,1,1,2,1.71428571428571,2.57142857142857,2.28571428571429,2,2,0,1,1,0,0,2,0,0,1,1,3340,"bystander","target_code_2",0,0,"Control","Control","Engineering",1,1,"accept","accept","accept","accept","both_accept","outgroup","outgroup","ingroup","outgroup","outgroup","same",1,"Engineering"
"12","168","168s1",1,0,24,2,1,1,2.42857142857143,3.71428571428571,3.42857142857143,1.85714285714286,1,9,0,1,0,2,2,0,2,0,2,3341,"bystander","target_code_1",0,2,"Control","Engineering","Humanities",0,1,"reject","accept","reject","accept","target_reject_other_accept","outgroup","ingroup","outgroup","outgroup","outgroup","different",0,"Humanities"
"12","168","168s1",1,0,24,2,1,1,2.42857142857143,3.71428571428571,3.42857142857143,1.85714285714286,2,-9,1,0,2,0,2,2,0,0,2,3342,"bystander","target_code_2",2,0,"Engineering","Control","Humanities",1,0,"accept","reject","accept","reject","target_accept_other_reject","ingroup","outgroup","outgroup","outgroup","outgroup","different",0,"Humanities"
"12","168","168s2",2,0,24,2,1,1,2.42857142857143,3.71428571428571,3.42857142857143,1.85714285714286,1,9,0,0,2,1,1,2,1,0,1,3343,"bystander","target_code_1",2,1,"Engineering","Humanities","Humanities",0,0,"reject","reject","reject","reject","both_reject","outgroup","ingroup","ingroup","outgroup","ingroup","different",0,"Humanities"
"12","168","168s2",2,0,24,2,1,1,2.42857142857143,3.71428571428571,3.42857142857143,1.85714285714286,2,9,0,0,1,2,1,1,2,0,1,3344,"bystander","target_code_2",1,2,"Humanities","Engineering","Humanities",0,0,"reject","reject","reject","reject","both_reject","ingroup","outgroup","ingroup","ingroup","outgroup","different",0,"Humanities"
"12","168","168s3",3,0,24,2,1,1,2.42857142857143,3.71428571428571,3.42857142857143,1.85714285714286,1,-9,1,1,2,0,1,2,0,0,1,3345,"bystander","target_code_1",2,0,"Engineering","Control","Humanities",1,1,"accept","accept","accept","accept","both_accept","outgroup","outgroup","ingroup","outgroup","outgroup","different",0,"Humanities"
"12","168","168s3",3,0,24,2,1,1,2.42857142857143,3.71428571428571,3.42857142857143,1.85714285714286,2,9,1,1,0,2,1,0,2,0,1,3346,"bystander","target_code_2",0,2,"Control","Engineering","Humanities",1,1,"accept","accept","accept","accept","both_accept","outgroup","outgroup","ingroup","outgroup","outgroup","different",0,"Humanities"
"12","168","168s4",4,0,24,2,1,1,2.42857142857143,3.71428571428571,3.42857142857143,1.85714285714286,1,-9,1,0,2,0,1,2,0,0,1,3347,"bystander","target_code_1",2,0,"Engineering","Control","Humanities",1,0,"accept","reject","accept","reject","target_accept_other_reject","outgroup","outgroup","ingroup","outgroup","outgroup","different",0,"Humanities"
"12","168","168s4",4,0,24,2,1,1,2.42857142857143,3.71428571428571,3.42857142857143,1.85714285714286,2,9,0,1,0,2,1,0,2,0,1,3348,"bystander","target_code_2",0,2,"Control","Engineering","Humanities",0,1,"reject","accept","reject","accept","target_reject_other_accept","outgroup","outgroup","ingroup","outgroup","outgroup","different",0,"Humanities"
"12","168","168s5",5,0,24,2,1,1,2.42857142857143,3.71428571428571,3.42857142857143,1.85714285714286,1,-9,1,0,2,2,1,2,2,1,1,3349,"bystander","target_code_1",2,2,"Engineering","Engineering","Humanities",1,0,"accept","reject","accept","reject","target_accept_other_reject","outgroup","outgroup","ingroup","outgroup","outgroup","same",1,"Humanities"
"12","168","168s5",5,0,24,2,1,1,2.42857142857143,3.71428571428571,3.42857142857143,1.85714285714286,2,9,0,1,2,2,1,2,2,1,1,3350,"bystander","target_code_2",2,2,"Engineering","Engineering","Humanities",0,1,"reject","accept","reject","accept","target_reject_other_accept","outgroup","outgroup","ingroup","outgroup","outgroup","same",1,"Humanities"
"12","169","169s6",6,0,18,1,0,2,1.57142857142857,2.57142857142857,3,1.71428571428571,1,-8,1,1,0,2,1,0,1,0,2,3371,"bystander","target_code_1",0,2,"Control","Engineering","Engineering",1,1,"accept","accept","accept","accept","both_accept","outgroup","outgroup","outgroup","outgroup","ingroup","different",0,"Engineering"
"12","169","169s6",6,0,18,1,0,2,1.57142857142857,2.57142857142857,3,1.71428571428571,2,-6,1,1,2,0,1,1,0,0,2,3372,"bystander","target_code_2",2,0,"Engineering","Control","Engineering",1,1,"accept","accept","accept","accept","both_accept","outgroup","outgroup","outgroup","ingroup","outgroup","different",0,"Engineering"
"12","169","169s7",7,0,18,1,0,2,1.57142857142857,2.57142857142857,3,1.71428571428571,1,-6,1,0,0,0,2,0,0,1,1,3373,"bystander","target_code_1",0,0,"Control","Control","Engineering",1,0,"accept","reject","accept","reject","target_accept_other_reject","outgroup","outgroup","ingroup","outgroup","outgroup","same",1,"Engineering"
"12","169","169s7",7,0,18,1,0,2,1.57142857142857,2.57142857142857,3,1.71428571428571,2,6,0,1,0,0,2,0,0,1,1,3374,"bystander","target_code_2",0,0,"Control","Control","Engineering",0,1,"reject","accept","reject","accept","target_reject_other_accept","outgroup","outgroup","ingroup","outgroup","outgroup","same",1,"Engineering"
"12","169","169s8",8,0,18,1,0,2,1.57142857142857,2.57142857142857,3,1.71428571428571,1,-7,1,1,0,1,2,0,2,0,1,3375,"bystander","target_code_1",0,1,"Control","Humanities","Engineering",1,1,"accept","accept","accept","accept","both_accept","outgroup","outgroup","ingroup","outgroup","outgroup","different",0,"Engineering"
"12","169","169s8",8,0,18,1,0,2,1.57142857142857,2.57142857142857,3,1.71428571428571,2,-7,1,1,1,0,2,2,0,0,1,3376,"bystander","target_code_2",1,0,"Humanities","Control","Engineering",1,1,"accept","accept","accept","accept","both_accept","outgroup","outgroup","ingroup","outgroup","outgroup","different",0,"Engineering"
"12","169","169s9",9,0,18,1,0,2,1.57142857142857,2.57142857142857,3,1.71428571428571,1,8,0,0,0,2,2,0,1,0,1,3377,"bystander","target_code_1",0,2,"Control","Engineering","Engineering",0,0,"reject","reject","reject","reject","both_reject","outgroup","ingroup","ingroup","outgroup","ingroup","different",0,"Engineering"
"12","169","169s9",9,0,18,1,0,2,1.57142857142857,2.57142857142857,3,1.71428571428571,2,8,0,0,2,0,2,1,0,0,1,3378,"bystander","target_code_2",2,0,"Engineering","Control","Engineering",0,0,"reject","reject","reject","reject","both_reject","ingroup","outgroup","ingroup","ingroup","outgroup","different",0,"Engineering"
"12","169","169s10",10,0,18,1,0,2,1.57142857142857,2.57142857142857,3,1.71428571428571,1,-6,1,0,2,0,2,1,0,0,1,3379,"bystander","target_code_1",2,0,"Engineering","Control","Engineering",1,0,"accept","reject","accept","reject","target_accept_other_reject","ingroup","outgroup","ingroup","ingroup","outgroup","different",0,"Engineering"
"12","169","169s10",10,0,18,1,0,2,1.57142857142857,2.57142857142857,3,1.71428571428571,2,8,0,1,0,2,2,0,1,0,1,3380,"bystander","target_code_2",0,2,"Control","Engineering","Engineering",0,1,"reject","accept","reject","accept","target_reject_other_accept","outgroup","ingroup","ingroup","outgroup","ingroup","different",0,"Engineering"
"12","170","170s1",1,0,18,3,0,2,0.714285714285714,2,1.85714285714286,1.57142857142857,1,5,0,1,0,1,2,0,2,0,1,3381,"bystander","target_code_1",0,1,"Control","Humanities","Engineering",0,1,"reject","accept","reject","accept","target_reject_other_accept","outgroup","outgroup","ingroup","outgroup","outgroup","different",0,"Engineering"
"12","170","170s1",1,0,18,3,0,2,0.714285714285714,2,1.85714285714286,1.57142857142857,2,-5,1,0,1,0,2,2,0,0,1,3382,"bystander","target_code_2",1,0,"Humanities","Control","Engineering",1,0,"accept","reject","accept","reject","target_accept_other_reject","outgroup","outgroup","ingroup","outgroup","outgroup","different",0,"Engineering"
"12","170","170s2",2,0,18,3,0,2,0.714285714285714,2,1.85714285714286,1.57142857142857,1,9,0,0,0,1,1,0,2,0,2,3383,"bystander","target_code_1",0,1,"Control","Humanities","Engineering",0,0,"reject","reject","reject","reject","both_reject","outgroup","ingroup","outgroup","outgroup","outgroup","different",0,"Engineering"
"12","170","170s2",2,0,18,3,0,2,0.714285714285714,2,1.85714285714286,1.57142857142857,2,9,0,0,1,0,1,2,0,0,2,3384,"bystander","target_code_2",1,0,"Humanities","Control","Engineering",0,0,"reject","reject","reject","reject","both_reject","ingroup","outgroup","outgroup","outgroup","outgroup","different",0,"Engineering"
"12","170","170s3",3,0,18,3,0,2,0.714285714285714,2,1.85714285714286,1.57142857142857,1,9,0,0,1,1,2,2,2,1,1,3385,"bystander","target_code_1",1,1,"Humanities","Humanities","Engineering",0,0,"reject","reject","reject","reject","both_reject","outgroup","outgroup","ingroup","outgroup","outgroup","same",1,"Engineering"
"12","170","170s3",3,0,18,3,0,2,0.714285714285714,2,1.85714285714286,1.57142857142857,2,9,0,0,1,1,2,2,2,1,1,3386,"bystander","target_code_2",1,1,"Humanities","Humanities","Engineering",0,0,"reject","reject","reject","reject","both_reject","outgroup","outgroup","ingroup","outgroup","outgroup","same",1,"Engineering"
"12","170","170s4",4,0,18,3,0,2,0.714285714285714,2,1.85714285714286,1.57142857142857,1,-7,1,1,1,0,1,2,0,0,2,3387,"bystander","target_code_1",1,0,"Humanities","Control","Engineering",1,1,"accept","accept","accept","accept","both_accept","ingroup","outgroup","outgroup","outgroup","outgroup","different",0,"Engineering"
"12","170","170s4",4,0,18,3,0,2,0.714285714285714,2,1.85714285714286,1.57142857142857,2,-7,1,1,0,1,1,0,2,0,2,3388,"bystander","target_code_2",0,1,"Control","Humanities","Engineering",1,1,"accept","accept","accept","accept","both_accept","outgroup","ingroup","outgroup","outgroup","outgroup","different",0,"Engineering"
"12","170","170s5",5,0,18,3,0,2,0.714285714285714,2,1.85714285714286,1.57142857142857,1,9,0,0,2,2,1,1,1,1,2,3389,"bystander","target_code_1",2,2,"Engineering","Engineering","Engineering",0,0,"reject","reject","reject","reject","both_reject","outgroup","outgroup","outgroup","ingroup","ingroup","same",1,"Engineering"
"12","170","170s5",5,0,18,3,0,2,0.714285714285714,2,1.85714285714286,1.57142857142857,2,9,0,0,2,2,1,1,1,1,2,3390,"bystander","target_code_2",2,2,"Engineering","Engineering","Engineering",0,0,"reject","reject","reject","reject","both_reject","outgroup","outgroup","outgroup","ingroup","ingroup","same",1,"Engineering"
"12","171","171s6",6,0,23,3,1,1,1.14285714285714,3.28571428571429,2.71428571428571,1.42857142857143,1,0,0,1,1,2,2,1,2,0,2,3411,"bystander","target_code_1",1,2,"Humanities","Engineering","Humanities",0,1,"reject","accept","reject","accept","target_reject_other_accept","outgroup","ingroup","outgroup","ingroup","outgroup","different",0,"Humanities"
"12","171","171s6",6,0,23,3,1,1,1.14285714285714,3.28571428571429,2.71428571428571,1.42857142857143,2,0,1,0,2,1,2,2,1,0,2,3412,"bystander","target_code_2",2,1,"Engineering","Humanities","Humanities",1,0,"accept","reject","accept","reject","target_accept_other_reject","ingroup","outgroup","outgroup","outgroup","ingroup","different",0,"Humanities"
"12","171","171s7",7,0,23,3,1,1,1.14285714285714,3.28571428571429,2.71428571428571,1.42857142857143,1,5,0,0,2,2,1,2,2,1,1,3413,"bystander","target_code_1",2,2,"Engineering","Engineering","Humanities",0,0,"reject","reject","reject","reject","both_reject","outgroup","outgroup","ingroup","outgroup","outgroup","same",1,"Humanities"
"12","171","171s7",7,0,23,3,1,1,1.14285714285714,3.28571428571429,2.71428571428571,1.42857142857143,2,5,0,0,2,2,1,2,2,1,1,3414,"bystander","target_code_2",2,2,"Engineering","Engineering","Humanities",0,0,"reject","reject","reject","reject","both_reject","outgroup","outgroup","ingroup","outgroup","outgroup","same",1,"Humanities"
"12","171","171s8",8,0,23,3,1,1,1.14285714285714,3.28571428571429,2.71428571428571,1.42857142857143,1,0,0,1,0,2,2,0,2,0,2,3415,"bystander","target_code_1",0,2,"Control","Engineering","Humanities",0,1,"reject","accept","reject","accept","target_reject_other_accept","outgroup","ingroup","outgroup","outgroup","outgroup","different",0,"Humanities"
"12","171","171s8",8,0,23,3,1,1,1.14285714285714,3.28571428571429,2.71428571428571,1.42857142857143,2,0,1,0,2,0,2,2,0,0,2,3416,"bystander","target_code_2",2,0,"Engineering","Control","Humanities",1,0,"accept","reject","accept","reject","target_accept_other_reject","ingroup","outgroup","outgroup","outgroup","outgroup","different",0,"Humanities"
"12","171","171s9",9,0,23,3,1,1,1.14285714285714,3.28571428571429,2.71428571428571,1.42857142857143,1,0,1,1,0,0,1,0,0,1,1,3417,"bystander","target_code_1",0,0,"Control","Control","Humanities",1,1,"accept","accept","accept","accept","both_accept","outgroup","outgroup","ingroup","outgroup","outgroup","same",1,"Humanities"
"12","171","171s9",9,0,23,3,1,1,1.14285714285714,3.28571428571429,2.71428571428571,1.42857142857143,2,0,1,1,0,0,1,0,0,1,1,3418,"bystander","target_code_2",0,0,"Control","Control","Humanities",1,1,"accept","accept","accept","accept","both_accept","outgroup","outgroup","ingroup","outgroup","outgroup","same",1,"Humanities"
"12","171","171s10",10,0,23,3,1,1,1.14285714285714,3.28571428571429,2.71428571428571,1.42857142857143,1,0,1,1,2,1,1,2,1,0,1,3419,"bystander","target_code_1",2,1,"Engineering","Humanities","Humanities",1,1,"accept","accept","accept","accept","both_accept","outgroup","ingroup","ingroup","outgroup","ingroup","different",0,"Humanities"
"12","171","171s10",10,0,23,3,1,1,1.14285714285714,3.28571428571429,2.71428571428571,1.42857142857143,2,0,1,1,1,2,1,1,2,0,1,3420,"bystander","target_code_2",1,2,"Humanities","Engineering","Humanities",1,1,"accept","accept","accept","accept","both_accept","ingroup","outgroup","ingroup","ingroup","outgroup","different",0,"Humanities"
"12","172","172s6",6,0,18,3,0,2,0.571428571428571,2.28571428571429,2.85714285714286,1.85714285714286,1,2,0,0,2,1,2,1,2,0,1,3431,"bystander","target_code_1",2,1,"Engineering","Humanities","Engineering",0,0,"reject","reject","reject","reject","both_reject","ingroup","outgroup","ingroup","ingroup","outgroup","different",0,"Engineering"
"12","172","172s6",6,0,18,3,0,2,0.571428571428571,2.28571428571429,2.85714285714286,1.85714285714286,2,2,0,0,1,2,2,2,1,0,1,3432,"bystander","target_code_2",1,2,"Humanities","Engineering","Engineering",0,0,"reject","reject","reject","reject","both_reject","outgroup","ingroup","ingroup","outgroup","ingroup","different",0,"Engineering"
"12","172","172s7",7,0,18,3,0,2,0.571428571428571,2.28571428571429,2.85714285714286,1.85714285714286,1,2,0,1,2,1,1,1,2,0,2,3433,"bystander","target_code_1",2,1,"Engineering","Humanities","Engineering",0,1,"reject","accept","reject","accept","target_reject_other_accept","outgroup","ingroup","outgroup","ingroup","outgroup","different",0,"Engineering"
"12","172","172s7",7,0,18,3,0,2,0.571428571428571,2.28571428571429,2.85714285714286,1.85714285714286,2,-2,1,0,1,2,1,2,1,0,2,3434,"bystander","target_code_2",1,2,"Humanities","Engineering","Engineering",1,0,"accept","reject","accept","reject","target_accept_other_reject","ingroup","outgroup","outgroup","outgroup","ingroup","different",0,"Engineering"
"12","172","172s8",8,0,18,3,0,2,0.571428571428571,2.28571428571429,2.85714285714286,1.85714285714286,1,-1,1,1,0,2,1,0,1,0,2,3435,"bystander","target_code_1",0,2,"Control","Engineering","Engineering",1,1,"accept","accept","accept","accept","both_accept","outgroup","outgroup","outgroup","outgroup","ingroup","different",0,"Engineering"
"12","172","172s8",8,0,18,3,0,2,0.571428571428571,2.28571428571429,2.85714285714286,1.85714285714286,2,-1,1,1,2,0,1,1,0,0,2,3436,"bystander","target_code_2",2,0,"Engineering","Control","Engineering",1,1,"accept","accept","accept","accept","both_accept","outgroup","outgroup","outgroup","ingroup","outgroup","different",0,"Engineering"
"12","172","172s9",9,0,18,3,0,2,0.571428571428571,2.28571428571429,2.85714285714286,1.85714285714286,1,-1,1,1,0,2,1,0,1,0,2,3437,"bystander","target_code_1",0,2,"Control","Engineering","Engineering",1,1,"accept","accept","accept","accept","both_accept","outgroup","outgroup","outgroup","outgroup","ingroup","different",0,"Engineering"
"12","172","172s9",9,0,18,3,0,2,0.571428571428571,2.28571428571429,2.85714285714286,1.85714285714286,2,-1,1,1,2,0,1,1,0,0,2,3438,"bystander","target_code_2",2,0,"Engineering","Control","Engineering",1,1,"accept","accept","accept","accept","both_accept","outgroup","outgroup","outgroup","ingroup","outgroup","different",0,"Engineering"
"12","172","172s10",10,0,18,3,0,2,0.571428571428571,2.28571428571429,2.85714285714286,1.85714285714286,1,1,0,0,0,0,2,0,0,1,1,3439,"bystander","target_code_1",0,0,"Control","Control","Engineering",0,0,"reject","reject","reject","reject","both_reject","outgroup","outgroup","ingroup","outgroup","outgroup","same",1,"Engineering"
"12","172","172s10",10,0,18,3,0,2,0.571428571428571,2.28571428571429,2.85714285714286,1.85714285714286,2,1,0,0,0,0,2,0,0,1,1,3440,"bystander","target_code_2",0,0,"Control","Control","Engineering",0,0,"reject","reject","reject","reject","both_reject","outgroup","outgroup","ingroup","outgroup","outgroup","same",1,"Engineering"
"12","173","173s1",1,0,18,3,1,2,1.28571428571429,2.14285714285714,2.14285714285714,2.14285714285714,1,9,0,0,0,2,1,0,1,0,2,3441,"bystander","target_code_1",0,2,"Control","Engineering","Engineering",0,0,"reject","reject","reject","reject","both_reject","outgroup","outgroup","outgroup","outgroup","ingroup","different",0,"Engineering"
"12","173","173s1",1,0,18,3,1,2,1.28571428571429,2.14285714285714,2.14285714285714,2.14285714285714,2,9,0,0,2,0,1,1,0,0,2,3442,"bystander","target_code_2",2,0,"Engineering","Control","Engineering",0,0,"reject","reject","reject","reject","both_reject","outgroup","outgroup","outgroup","ingroup","outgroup","different",0,"Engineering"
"12","173","173s2",2,0,18,3,1,2,1.28571428571429,2.14285714285714,2.14285714285714,2.14285714285714,1,9,0,0,0,1,2,0,2,0,1,3443,"bystander","target_code_1",0,1,"Control","Humanities","Engineering",0,0,"reject","reject","reject","reject","both_reject","outgroup","outgroup","ingroup","outgroup","outgroup","different",0,"Engineering"
"12","173","173s2",2,0,18,3,1,2,1.28571428571429,2.14285714285714,2.14285714285714,2.14285714285714,2,9,0,0,1,0,2,2,0,0,1,3444,"bystander","target_code_2",1,0,"Humanities","Control","Engineering",0,0,"reject","reject","reject","reject","both_reject","outgroup","outgroup","ingroup","outgroup","outgroup","different",0,"Engineering"
"12","173","173s3",3,0,18,3,1,2,1.28571428571429,2.14285714285714,2.14285714285714,2.14285714285714,1,8,1,1,2,1,2,1,2,0,1,3445,"bystander","target_code_1",2,1,"Engineering","Humanities","Engineering",1,1,"accept","accept","accept","accept","both_accept","ingroup","outgroup","ingroup","ingroup","outgroup","different",0,"Engineering"
"12","173","173s3",3,0,18,3,1,2,1.28571428571429,2.14285714285714,2.14285714285714,2.14285714285714,2,8,1,1,1,2,2,2,1,0,1,3446,"bystander","target_code_2",1,2,"Humanities","Engineering","Engineering",1,1,"accept","accept","accept","accept","both_accept","outgroup","ingroup","ingroup","outgroup","ingroup","different",0,"Engineering"
"12","173","173s4",4,0,18,3,1,2,1.28571428571429,2.14285714285714,2.14285714285714,2.14285714285714,1,8,0,1,1,2,1,2,1,0,2,3447,"bystander","target_code_1",1,2,"Humanities","Engineering","Engineering",0,1,"reject","accept","reject","accept","target_reject_other_accept","ingroup","outgroup","outgroup","outgroup","ingroup","different",0,"Engineering"
"12","173","173s4",4,0,18,3,1,2,1.28571428571429,2.14285714285714,2.14285714285714,2.14285714285714,2,8,1,0,2,1,1,1,2,0,2,3448,"bystander","target_code_2",2,1,"Engineering","Humanities","Engineering",1,0,"accept","reject","accept","reject","target_accept_other_reject","outgroup","ingroup","outgroup","ingroup","outgroup","different",0,"Engineering"
"12","173","173s5",5,0,18,3,1,2,1.28571428571429,2.14285714285714,2.14285714285714,2.14285714285714,1,6,0,1,0,0,1,0,0,1,2,3449,"bystander","target_code_1",0,0,"Control","Control","Engineering",0,1,"reject","accept","reject","accept","target_reject_other_accept","outgroup","outgroup","outgroup","outgroup","outgroup","same",1,"Engineering"
"12","173","173s5",5,0,18,3,1,2,1.28571428571429,2.14285714285714,2.14285714285714,2.14285714285714,2,6,1,0,0,0,1,0,0,1,2,3450,"bystander","target_code_2",0,0,"Control","Control","Engineering",1,0,"accept","reject","accept","reject","target_accept_other_reject","outgroup","outgroup","outgroup","outgroup","outgroup","same",1,"Engineering"
"12","174","174s1",1,0,18,3,0,2,3.28571428571429,2.71428571428571,3,0.857142857142857,1,0,1,1,0,2,2,0,1,0,1,3461,"bystander","target_code_1",0,2,"Control","Engineering","Engineering",1,1,"accept","accept","accept","accept","both_accept","outgroup","ingroup","ingroup","outgroup","ingroup","different",0,"Engineering"
"12","174","174s1",1,0,18,3,0,2,3.28571428571429,2.71428571428571,3,0.857142857142857,2,0,1,1,2,0,2,1,0,0,1,3462,"bystander","target_code_2",2,0,"Engineering","Control","Engineering",1,1,"accept","accept","accept","accept","both_accept","ingroup","outgroup","ingroup","ingroup","outgroup","different",0,"Engineering"
"12","174","174s2",2,0,18,3,0,2,3.28571428571429,2.71428571428571,3,0.857142857142857,1,-1,1,0,2,0,2,1,0,0,1,3463,"bystander","target_code_1",2,0,"Engineering","Control","Engineering",1,0,"accept","reject","accept","reject","target_accept_other_reject","ingroup","outgroup","ingroup","ingroup","outgroup","different",0,"Engineering"
"12","174","174s2",2,0,18,3,0,2,3.28571428571429,2.71428571428571,3,0.857142857142857,2,0,0,1,0,2,2,0,1,0,1,3464,"bystander","target_code_2",0,2,"Control","Engineering","Engineering",0,1,"reject","accept","reject","accept","target_reject_other_accept","outgroup","ingroup","ingroup","outgroup","ingroup","different",0,"Engineering"
"12","174","174s3",3,0,18,3,0,2,3.28571428571429,2.71428571428571,3,0.857142857142857,1,0,0,1,1,1,2,2,2,1,1,3465,"bystander","target_code_1",1,1,"Humanities","Humanities","Engineering",0,1,"reject","accept","reject","accept","target_reject_other_accept","outgroup","outgroup","ingroup","outgroup","outgroup","same",1,"Engineering"
"12","174","174s3",3,0,18,3,0,2,3.28571428571429,2.71428571428571,3,0.857142857142857,2,-1,1,0,1,1,2,2,2,1,1,3466,"bystander","target_code_2",1,1,"Humanities","Humanities","Engineering",1,0,"accept","reject","accept","reject","target_accept_other_reject","outgroup","outgroup","ingroup","outgroup","outgroup","same",1,"Engineering"
"12","174","174s4",4,0,18,3,0,2,3.28571428571429,2.71428571428571,3,0.857142857142857,1,1,0,0,0,1,2,0,2,0,1,3467,"bystander","target_code_1",0,1,"Control","Humanities","Engineering",0,0,"reject","reject","reject","reject","both_reject","outgroup","outgroup","ingroup","outgroup","outgroup","different",0,"Engineering"
"12","174","174s4",4,0,18,3,0,2,3.28571428571429,2.71428571428571,3,0.857142857142857,2,1,0,0,1,0,2,2,0,0,1,3468,"bystander","target_code_2",1,0,"Humanities","Control","Engineering",0,0,"reject","reject","reject","reject","both_reject","outgroup","outgroup","ingroup","outgroup","outgroup","different",0,"Engineering"
"12","174","174s5",5,0,18,3,0,2,3.28571428571429,2.71428571428571,3,0.857142857142857,1,1,0,0,2,2,1,1,1,1,2,3469,"bystander","target_code_1",2,2,"Engineering","Engineering","Engineering",0,0,"reject","reject","reject","reject","both_reject","outgroup","outgroup","outgroup","ingroup","ingroup","same",1,"Engineering"
"12","174","174s5",5,0,18,3,0,2,3.28571428571429,2.71428571428571,3,0.857142857142857,2,1,0,0,2,2,1,1,1,1,2,3470,"bystander","target_code_2",2,2,"Engineering","Engineering","Engineering",0,0,"reject","reject","reject","reject","both_reject","outgroup","outgroup","outgroup","ingroup","ingroup","same",1,"Engineering"
"12","175","175s6",6,0,22,1,0,2,2.85714285714286,3.14285714285714,3,2.42857142857143,1,9,1,0,2,2,2,1,1,1,1,3491,"bystander","target_code_1",2,2,"Engineering","Engineering","Engineering",1,0,"accept","reject","accept","reject","target_accept_other_reject","ingroup","ingroup","ingroup","ingroup","ingroup","same",1,"Engineering"
"12","175","175s6",6,0,22,1,0,2,2.85714285714286,3.14285714285714,3,2.42857142857143,2,9,0,1,2,2,2,1,1,1,1,3492,"bystander","target_code_2",2,2,"Engineering","Engineering","Engineering",0,1,"reject","accept","reject","accept","target_reject_other_accept","ingroup","ingroup","ingroup","ingroup","ingroup","same",1,"Engineering"
"12","175","175s7",7,0,22,1,0,2,2.85714285714286,3.14285714285714,3,2.42857142857143,1,9,1,1,2,1,1,1,2,0,2,3493,"bystander","target_code_1",2,1,"Engineering","Humanities","Engineering",1,1,"accept","accept","accept","accept","both_accept","outgroup","ingroup","outgroup","ingroup","outgroup","different",0,"Engineering"
"12","175","175s7",7,0,22,1,0,2,2.85714285714286,3.14285714285714,3,2.42857142857143,2,9,1,1,1,2,1,2,1,0,2,3494,"bystander","target_code_2",1,2,"Humanities","Engineering","Engineering",1,1,"accept","accept","accept","accept","both_accept","ingroup","outgroup","outgroup","outgroup","ingroup","different",0,"Engineering"
"12","175","175s8",8,0,22,1,0,2,2.85714285714286,3.14285714285714,3,2.42857142857143,1,9,0,0,2,0,1,1,0,0,2,3495,"bystander","target_code_1",2,0,"Engineering","Control","Engineering",0,0,"reject","reject","reject","reject","both_reject","outgroup","outgroup","outgroup","ingroup","outgroup","different",0,"Engineering"
"12","175","175s8",8,0,22,1,0,2,2.85714285714286,3.14285714285714,3,2.42857142857143,2,9,0,0,0,2,1,0,1,0,2,3496,"bystander","target_code_2",0,2,"Control","Engineering","Engineering",0,0,"reject","reject","reject","reject","both_reject","outgroup","outgroup","outgroup","outgroup","ingroup","different",0,"Engineering"
"12","175","175s9",9,0,22,1,0,2,2.85714285714286,3.14285714285714,3,2.42857142857143,1,9,0,0,0,0,1,0,0,1,2,3497,"bystander","target_code_1",0,0,"Control","Control","Engineering",0,0,"reject","reject","reject","reject","both_reject","outgroup","outgroup","outgroup","outgroup","outgroup","same",1,"Engineering"
"12","175","175s9",9,0,22,1,0,2,2.85714285714286,3.14285714285714,3,2.42857142857143,2,9,0,0,0,0,1,0,0,1,2,3498,"bystander","target_code_2",0,0,"Control","Control","Engineering",0,0,"reject","reject","reject","reject","both_reject","outgroup","outgroup","outgroup","outgroup","outgroup","same",1,"Engineering"
"12","175","175s10",10,0,22,1,0,2,2.85714285714286,3.14285714285714,3,2.42857142857143,1,9,0,1,1,0,1,2,0,0,2,3499,"bystander","target_code_1",1,0,"Humanities","Control","Engineering",0,1,"reject","accept","reject","accept","target_reject_other_accept","ingroup","outgroup","outgroup","outgroup","outgroup","different",0,"Engineering"
"12","175","175s10",10,0,22,1,0,2,2.85714285714286,3.14285714285714,3,2.42857142857143,2,9,1,0,0,1,1,0,2,0,2,3500,"bystander","target_code_2",0,1,"Control","Humanities","Engineering",1,0,"accept","reject","accept","reject","target_accept_other_reject","outgroup","ingroup","outgroup","outgroup","outgroup","different",0,"Engineering"
"12","176","176s1",1,0,23,3,0,2,1.42857142857143,1.71428571428571,1.85714285714286,1.57142857142857,1,9,1,1,2,1,2,1,2,0,1,3501,"bystander","target_code_1",2,1,"Engineering","Humanities","Engineering",1,1,"accept","accept","accept","accept","both_accept","ingroup","outgroup","ingroup","ingroup","outgroup","different",0,"Engineering"
"12","176","176s1",1,0,23,3,0,2,1.42857142857143,1.71428571428571,1.85714285714286,1.57142857142857,2,9,1,1,1,2,2,2,1,0,1,3502,"bystander","target_code_2",1,2,"Humanities","Engineering","Engineering",1,1,"accept","accept","accept","accept","both_accept","outgroup","ingroup","ingroup","outgroup","ingroup","different",0,"Engineering"
"12","176","176s2",2,0,23,3,0,2,1.42857142857143,1.71428571428571,1.85714285714286,1.57142857142857,1,9,1,0,1,2,2,2,1,0,1,3503,"bystander","target_code_1",1,2,"Humanities","Engineering","Engineering",1,0,"accept","reject","accept","reject","target_accept_other_reject","outgroup","ingroup","ingroup","outgroup","ingroup","different",0,"Engineering"
"12","176","176s2",2,0,23,3,0,2,1.42857142857143,1.71428571428571,1.85714285714286,1.57142857142857,2,9,0,1,2,1,2,1,2,0,1,3504,"bystander","target_code_2",2,1,"Engineering","Humanities","Engineering",0,1,"reject","accept","reject","accept","target_reject_other_accept","ingroup","outgroup","ingroup","ingroup","outgroup","different",0,"Engineering"
"12","176","176s3",3,0,23,3,0,2,1.42857142857143,1.71428571428571,1.85714285714286,1.57142857142857,1,9,1,0,1,1,1,2,2,1,2,3505,"bystander","target_code_1",1,1,"Humanities","Humanities","Engineering",1,0,"accept","reject","accept","reject","target_accept_other_reject","ingroup","ingroup","outgroup","outgroup","outgroup","same",1,"Engineering"
"12","176","176s3",3,0,23,3,0,2,1.42857142857143,1.71428571428571,1.85714285714286,1.57142857142857,2,9,0,1,1,1,1,2,2,1,2,3506,"bystander","target_code_2",1,1,"Humanities","Humanities","Engineering",0,1,"reject","accept","reject","accept","target_reject_other_accept","ingroup","ingroup","outgroup","outgroup","outgroup","same",1,"Engineering"
"12","176","176s4",4,0,23,3,0,2,1.42857142857143,1.71428571428571,1.85714285714286,1.57142857142857,1,9,0,0,0,2,2,0,1,0,1,3507,"bystander","target_code_1",0,2,"Control","Engineering","Engineering",0,0,"reject","reject","reject","reject","both_reject","outgroup","ingroup","ingroup","outgroup","ingroup","different",0,"Engineering"
"12","176","176s4",4,0,23,3,0,2,1.42857142857143,1.71428571428571,1.85714285714286,1.57142857142857,2,9,0,0,2,0,2,1,0,0,1,3508,"bystander","target_code_2",2,0,"Engineering","Control","Engineering",0,0,"reject","reject","reject","reject","both_reject","ingroup","outgroup","ingroup","ingroup","outgroup","different",0,"Engineering"
"12","176","176s5",5,0,23,3,0,2,1.42857142857143,1.71428571428571,1.85714285714286,1.57142857142857,1,9,0,1,0,0,2,0,0,1,1,3509,"bystander","target_code_1",0,0,"Control","Control","Engineering",0,1,"reject","accept","reject","accept","target_reject_other_accept","outgroup","outgroup","ingroup","outgroup","outgroup","same",1,"Engineering"
"12","176","176s5",5,0,23,3,0,2,1.42857142857143,1.71428571428571,1.85714285714286,1.57142857142857,2,9,1,0,0,0,2,0,0,1,1,3510,"bystander","target_code_2",0,0,"Control","Control","Engineering",1,0,"accept","reject","accept","reject","target_accept_other_reject","outgroup","outgroup","ingroup","outgroup","outgroup","same",1,"Engineering"
"12","177","177s6",6,0,20,3,0,2,3.14285714285714,3.42857142857143,1.71428571428571,2.85714285714286,1,-2,1,0,1,2,1,2,1,0,2,3531,"bystander","target_code_1",1,2,"Humanities","Engineering","Engineering",1,0,"accept","reject","accept","reject","target_accept_other_reject","ingroup","outgroup","outgroup","outgroup","ingroup","different",0,"Engineering"
"12","177","177s6",6,0,20,3,0,2,3.14285714285714,3.42857142857143,1.71428571428571,2.85714285714286,2,9,0,1,2,1,1,1,2,0,2,3532,"bystander","target_code_2",2,1,"Engineering","Humanities","Engineering",0,1,"reject","accept","reject","accept","target_reject_other_accept","outgroup","ingroup","outgroup","ingroup","outgroup","different",0,"Engineering"
"12","177","177s7",7,0,20,3,0,2,3.14285714285714,3.42857142857143,1.71428571428571,2.85714285714286,1,-2,1,1,1,1,1,2,2,1,2,3533,"bystander","target_code_1",1,1,"Humanities","Humanities","Engineering",1,1,"accept","accept","accept","accept","both_accept","ingroup","ingroup","outgroup","outgroup","outgroup","same",1,"Engineering"
"12","177","177s7",7,0,20,3,0,2,3.14285714285714,3.42857142857143,1.71428571428571,2.85714285714286,2,-2,1,1,1,1,1,2,2,1,2,3534,"bystander","target_code_2",1,1,"Humanities","Humanities","Engineering",1,1,"accept","accept","accept","accept","both_accept","ingroup","ingroup","outgroup","outgroup","outgroup","same",1,"Engineering"
"12","177","177s8",8,0,20,3,0,2,3.14285714285714,3.42857142857143,1.71428571428571,2.85714285714286,1,9,0,0,0,2,1,0,1,0,2,3535,"bystander","target_code_1",0,2,"Control","Engineering","Engineering",0,0,"reject","reject","reject","reject","both_reject","outgroup","outgroup","outgroup","outgroup","ingroup","different",0,"Engineering"
"12","177","177s8",8,0,20,3,0,2,3.14285714285714,3.42857142857143,1.71428571428571,2.85714285714286,2,9,0,0,2,0,1,1,0,0,2,3536,"bystander","target_code_2",2,0,"Engineering","Control","Engineering",0,0,"reject","reject","reject","reject","both_reject","outgroup","outgroup","outgroup","ingroup","outgroup","different",0,"Engineering"
"12","177","177s9",9,0,20,3,0,2,3.14285714285714,3.42857142857143,1.71428571428571,2.85714285714286,1,9,0,1,1,0,1,2,0,0,2,3537,"bystander","target_code_1",1,0,"Humanities","Control","Engineering",0,1,"reject","accept","reject","accept","target_reject_other_accept","ingroup","outgroup","outgroup","outgroup","outgroup","different",0,"Engineering"
"12","177","177s9",9,0,20,3,0,2,3.14285714285714,3.42857142857143,1.71428571428571,2.85714285714286,2,-1,1,0,0,1,1,0,2,0,2,3538,"bystander","target_code_2",0,1,"Control","Humanities","Engineering",1,0,"accept","reject","accept","reject","target_accept_other_reject","outgroup","ingroup","outgroup","outgroup","outgroup","different",0,"Engineering"
"12","177","177s10",10,0,20,3,0,2,3.14285714285714,3.42857142857143,1.71428571428571,2.85714285714286,1,-1,0,1,2,2,1,1,1,1,2,3539,"bystander","target_code_1",2,2,"Engineering","Engineering","Engineering",0,1,"reject","accept","reject","accept","target_reject_other_accept","outgroup","outgroup","outgroup","ingroup","ingroup","same",1,"Engineering"
"12","177","177s10",10,0,20,3,0,2,3.14285714285714,3.42857142857143,1.71428571428571,2.85714285714286,2,-1,1,0,2,2,1,1,1,1,2,3540,"bystander","target_code_2",2,2,"Engineering","Engineering","Engineering",1,0,"accept","reject","accept","reject","target_accept_other_reject","outgroup","outgroup","outgroup","ingroup","ingroup","same",1,"Engineering"
"12","178","178s1",1,0,22,3,1,2,1,1.85714285714286,2.42857142857143,0.857142857142857,1,-9,1,1,0,1,1,0,2,0,2,3541,"bystander","target_code_1",0,1,"Control","Humanities","Engineering",1,1,"accept","accept","accept","accept","both_accept","outgroup","ingroup","outgroup","outgroup","outgroup","different",0,"Engineering"
"12","178","178s1",1,0,22,3,1,2,1,1.85714285714286,2.42857142857143,0.857142857142857,2,-9,1,1,1,0,1,2,0,0,2,3542,"bystander","target_code_2",1,0,"Humanities","Control","Engineering",1,1,"accept","accept","accept","accept","both_accept","ingroup","outgroup","outgroup","outgroup","outgroup","different",0,"Engineering"
"12","178","178s2",2,0,22,3,1,2,1,1.85714285714286,2.42857142857143,0.857142857142857,1,-9,1,0,1,2,1,2,1,0,2,3543,"bystander","target_code_1",1,2,"Humanities","Engineering","Engineering",1,0,"accept","reject","accept","reject","target_accept_other_reject","ingroup","outgroup","outgroup","outgroup","ingroup","different",0,"Engineering"
"12","178","178s2",2,0,22,3,1,2,1,1.85714285714286,2.42857142857143,0.857142857142857,2,9,0,1,2,1,1,1,2,0,2,3544,"bystander","target_code_2",2,1,"Engineering","Humanities","Engineering",0,1,"reject","accept","reject","accept","target_reject_other_accept","outgroup","ingroup","outgroup","ingroup","outgroup","different",0,"Engineering"
"12","178","178s3",3,0,22,3,1,2,1,1.85714285714286,2.42857142857143,0.857142857142857,1,9,0,1,0,2,2,0,1,0,1,3545,"bystander","target_code_1",0,2,"Control","Engineering","Engineering",0,1,"reject","accept","reject","accept","target_reject_other_accept","outgroup","ingroup","ingroup","outgroup","ingroup","different",0,"Engineering"
"12","178","178s3",3,0,22,3,1,2,1,1.85714285714286,2.42857142857143,0.857142857142857,2,-9,1,0,2,0,2,1,0,0,1,3546,"bystander","target_code_2",2,0,"Engineering","Control","Engineering",1,0,"accept","reject","accept","reject","target_accept_other_reject","ingroup","outgroup","ingroup","ingroup","outgroup","different",0,"Engineering"
"12","178","178s4",4,0,22,3,1,2,1,1.85714285714286,2.42857142857143,0.857142857142857,1,9,0,0,1,0,1,2,0,0,2,3547,"bystander","target_code_1",1,0,"Humanities","Control","Engineering",0,0,"reject","reject","reject","reject","both_reject","ingroup","outgroup","outgroup","outgroup","outgroup","different",0,"Engineering"
"12","178","178s4",4,0,22,3,1,2,1,1.85714285714286,2.42857142857143,0.857142857142857,2,9,0,0,0,1,1,0,2,0,2,3548,"bystander","target_code_2",0,1,"Control","Humanities","Engineering",0,0,"reject","reject","reject","reject","both_reject","outgroup","ingroup","outgroup","outgroup","outgroup","different",0,"Engineering"
"12","178","178s5",5,0,22,3,1,2,1,1.85714285714286,2.42857142857143,0.857142857142857,1,-9,1,1,0,1,1,0,2,0,2,3549,"bystander","target_code_1",0,1,"Control","Humanities","Engineering",1,1,"accept","accept","accept","accept","both_accept","outgroup","ingroup","outgroup","outgroup","outgroup","different",0,"Engineering"
"12","178","178s5",5,0,22,3,1,2,1,1.85714285714286,2.42857142857143,0.857142857142857,2,-9,1,1,1,0,1,2,0,0,2,3550,"bystander","target_code_2",1,0,"Humanities","Control","Engineering",1,1,"accept","accept","accept","accept","both_accept","ingroup","outgroup","outgroup","outgroup","outgroup","different",0,"Engineering"
"13","179","179s6",6,0,23,3,0,2,2.42857142857143,2.57142857142857,3.57142857142857,1.14285714285714,1,-3,1,0,1,2,2,2,1,0,1,3571,"bystander","target_code_1",1,2,"Humanities","Engineering","Engineering",1,0,"accept","reject","accept","reject","target_accept_other_reject","outgroup","ingroup","ingroup","outgroup","ingroup","different",0,"Engineering"
"13","179","179s6",6,0,23,3,0,2,2.42857142857143,2.57142857142857,3.57142857142857,1.14285714285714,2,3,0,1,2,1,2,1,2,0,1,3572,"bystander","target_code_2",2,1,"Engineering","Humanities","Engineering",0,1,"reject","accept","reject","accept","target_reject_other_accept","ingroup","outgroup","ingroup","ingroup","outgroup","different",0,"Engineering"
"13","179","179s7",7,0,23,3,0,2,2.42857142857143,2.57142857142857,3.57142857142857,1.14285714285714,1,-5,1,1,1,1,1,2,2,1,2,3573,"bystander","target_code_1",1,1,"Humanities","Humanities","Engineering",1,1,"accept","accept","accept","accept","both_accept","ingroup","ingroup","outgroup","outgroup","outgroup","same",1,"Engineering"
"13","179","179s7",7,0,23,3,0,2,2.42857142857143,2.57142857142857,3.57142857142857,1.14285714285714,2,-5,1,1,1,1,1,2,2,1,2,3574,"bystander","target_code_2",1,1,"Humanities","Humanities","Engineering",1,1,"accept","accept","accept","accept","both_accept","ingroup","ingroup","outgroup","outgroup","outgroup","same",1,"Engineering"
"13","179","179s8",8,0,23,3,0,2,2.42857142857143,2.57142857142857,3.57142857142857,1.14285714285714,1,-8,1,1,1,0,1,2,0,0,2,3575,"bystander","target_code_1",1,0,"Humanities","Control","Engineering",1,1,"accept","accept","accept","accept","both_accept","ingroup","outgroup","outgroup","outgroup","outgroup","different",0,"Engineering"
"13","179","179s8",8,0,23,3,0,2,2.42857142857143,2.57142857142857,3.57142857142857,1.14285714285714,2,-8,1,1,0,1,1,0,2,0,2,3576,"bystander","target_code_2",0,1,"Control","Humanities","Engineering",1,1,"accept","accept","accept","accept","both_accept","outgroup","ingroup","outgroup","outgroup","outgroup","different",0,"Engineering"
"13","179","179s9",9,0,23,3,0,2,2.42857142857143,2.57142857142857,3.57142857142857,1.14285714285714,1,-7,1,1,2,1,1,1,2,0,2,3577,"bystander","target_code_1",2,1,"Engineering","Humanities","Engineering",1,1,"accept","accept","accept","accept","both_accept","outgroup","ingroup","outgroup","ingroup","outgroup","different",0,"Engineering"
"13","179","179s9",9,0,23,3,0,2,2.42857142857143,2.57142857142857,3.57142857142857,1.14285714285714,2,-7,1,1,1,2,1,2,1,0,2,3578,"bystander","target_code_2",1,2,"Humanities","Engineering","Engineering",1,1,"accept","accept","accept","accept","both_accept","ingroup","outgroup","outgroup","outgroup","ingroup","different",0,"Engineering"
"13","179","179s10",10,0,23,3,0,2,2.42857142857143,2.57142857142857,3.57142857142857,1.14285714285714,1,8,0,1,2,0,2,1,0,0,1,3579,"bystander","target_code_1",2,0,"Engineering","Control","Engineering",0,1,"reject","accept","reject","accept","target_reject_other_accept","ingroup","outgroup","ingroup","ingroup","outgroup","different",0,"Engineering"
"13","179","179s10",10,0,23,3,0,2,2.42857142857143,2.57142857142857,3.57142857142857,1.14285714285714,2,-8,1,0,0,2,2,0,1,0,1,3580,"bystander","target_code_2",0,2,"Control","Engineering","Engineering",1,0,"accept","reject","accept","reject","target_accept_other_reject","outgroup","ingroup","ingroup","outgroup","ingroup","different",0,"Engineering"
"13","180","180s6",6,0,18,2,0,2,3,3.14285714285714,2.85714285714286,1.42857142857143,1,8,0,1,2,1,1,1,2,0,2,3591,"bystander","target_code_1",2,1,"Engineering","Humanities","Engineering",0,1,"reject","accept","reject","accept","target_reject_other_accept","outgroup","ingroup","outgroup","ingroup","outgroup","different",0,"Engineering"
"13","180","180s6",6,0,18,2,0,2,3,3.14285714285714,2.85714285714286,1.42857142857143,2,-7,1,0,1,2,1,2,1,0,2,3592,"bystander","target_code_2",1,2,"Humanities","Engineering","Engineering",1,0,"accept","reject","accept","reject","target_accept_other_reject","ingroup","outgroup","outgroup","outgroup","ingroup","different",0,"Engineering"
"13","180","180s7",7,0,18,2,0,2,3,3.14285714285714,2.85714285714286,1.42857142857143,1,7,0,1,2,1,1,1,2,0,2,3593,"bystander","target_code_1",2,1,"Engineering","Humanities","Engineering",0,1,"reject","accept","reject","accept","target_reject_other_accept","outgroup","ingroup","outgroup","ingroup","outgroup","different",0,"Engineering"
"13","180","180s7",7,0,18,2,0,2,3,3.14285714285714,2.85714285714286,1.42857142857143,2,-6,1,0,1,2,1,2,1,0,2,3594,"bystander","target_code_2",1,2,"Humanities","Engineering","Engineering",1,0,"accept","reject","accept","reject","target_accept_other_reject","ingroup","outgroup","outgroup","outgroup","ingroup","different",0,"Engineering"
"13","180","180s8",8,0,18,2,0,2,3,3.14285714285714,2.85714285714286,1.42857142857143,1,8,0,1,1,0,1,2,0,0,2,3595,"bystander","target_code_1",1,0,"Humanities","Control","Engineering",0,1,"reject","accept","reject","accept","target_reject_other_accept","ingroup","outgroup","outgroup","outgroup","outgroup","different",0,"Engineering"
"13","180","180s8",8,0,18,2,0,2,3,3.14285714285714,2.85714285714286,1.42857142857143,2,-6,1,0,0,1,1,0,2,0,2,3596,"bystander","target_code_2",0,1,"Control","Humanities","Engineering",1,0,"accept","reject","accept","reject","target_accept_other_reject","outgroup","ingroup","outgroup","outgroup","outgroup","different",0,"Engineering"
"13","180","180s9",9,0,18,2,0,2,3,3.14285714285714,2.85714285714286,1.42857142857143,1,8,0,0,2,1,2,1,2,0,1,3597,"bystander","target_code_1",2,1,"Engineering","Humanities","Engineering",0,0,"reject","reject","reject","reject","both_reject","ingroup","outgroup","ingroup","ingroup","outgroup","different",0,"Engineering"
"13","180","180s9",9,0,18,2,0,2,3,3.14285714285714,2.85714285714286,1.42857142857143,2,8,0,0,1,2,2,2,1,0,1,3598,"bystander","target_code_2",1,2,"Humanities","Engineering","Engineering",0,0,"reject","reject","reject","reject","both_reject","outgroup","ingroup","ingroup","outgroup","ingroup","different",0,"Engineering"
"13","180","180s10",10,0,18,2,0,2,3,3.14285714285714,2.85714285714286,1.42857142857143,1,-7,1,1,1,0,1,2,0,0,2,3599,"bystander","target_code_1",1,0,"Humanities","Control","Engineering",1,1,"accept","accept","accept","accept","both_accept","ingroup","outgroup","outgroup","outgroup","outgroup","different",0,"Engineering"
"13","180","180s10",10,0,18,2,0,2,3,3.14285714285714,2.85714285714286,1.42857142857143,2,-7,1,1,0,1,1,0,2,0,2,3600,"bystander","target_code_2",0,1,"Control","Humanities","Engineering",1,1,"accept","accept","accept","accept","both_accept","outgroup","ingroup","outgroup","outgroup","outgroup","different",0,"Engineering"
"13","181","181s1",1,0,20,3,0,2,3.14285714285714,2.71428571428571,2.28571428571429,2.42857142857143,1,-1,1,0,1,2,1,2,1,0,2,3601,"bystander","target_code_1",1,2,"Humanities","Engineering","Engineering",1,0,"accept","reject","accept","reject","target_accept_other_reject","ingroup","outgroup","outgroup","outgroup","ingroup","different",0,"Engineering"
"13","181","181s1",1,0,20,3,0,2,3.14285714285714,2.71428571428571,2.28571428571429,2.42857142857143,2,-3,0,1,2,1,1,1,2,0,2,3602,"bystander","target_code_2",2,1,"Engineering","Humanities","Engineering",0,1,"reject","accept","reject","accept","target_reject_other_accept","outgroup","ingroup","outgroup","ingroup","outgroup","different",0,"Engineering"
"13","181","181s2",2,0,20,3,0,2,3.14285714285714,2.71428571428571,2.28571428571429,2.42857142857143,1,-3,0,1,2,1,1,1,2,0,2,3603,"bystander","target_code_1",2,1,"Engineering","Humanities","Engineering",0,1,"reject","accept","reject","accept","target_reject_other_accept","outgroup","ingroup","outgroup","ingroup","outgroup","different",0,"Engineering"
"13","181","181s2",2,0,20,3,0,2,3.14285714285714,2.71428571428571,2.28571428571429,2.42857142857143,2,-1,1,0,1,2,1,2,1,0,2,3604,"bystander","target_code_2",1,2,"Humanities","Engineering","Engineering",1,0,"accept","reject","accept","reject","target_accept_other_reject","ingroup","outgroup","outgroup","outgroup","ingroup","different",0,"Engineering"
"13","181","181s3",3,0,20,3,0,2,3.14285714285714,2.71428571428571,2.28571428571429,2.42857142857143,1,6,0,0,1,2,1,2,1,0,2,3605,"bystander","target_code_1",1,2,"Humanities","Engineering","Engineering",0,0,"reject","reject","reject","reject","both_reject","ingroup","outgroup","outgroup","outgroup","ingroup","different",0,"Engineering"
"13","181","181s3",3,0,20,3,0,2,3.14285714285714,2.71428571428571,2.28571428571429,2.42857142857143,2,6,0,0,2,1,1,1,2,0,2,3606,"bystander","target_code_2",2,1,"Engineering","Humanities","Engineering",0,0,"reject","reject","reject","reject","both_reject","outgroup","ingroup","outgroup","ingroup","outgroup","different",0,"Engineering"
"13","181","181s4",4,0,20,3,0,2,3.14285714285714,2.71428571428571,2.28571428571429,2.42857142857143,1,-3,1,1,0,2,1,0,1,0,2,3607,"bystander","target_code_1",0,2,"Control","Engineering","Engineering",1,1,"accept","accept","accept","accept","both_accept","outgroup","outgroup","outgroup","outgroup","ingroup","different",0,"Engineering"
"13","181","181s4",4,0,20,3,0,2,3.14285714285714,2.71428571428571,2.28571428571429,2.42857142857143,2,-3,1,1,2,0,1,1,0,0,2,3608,"bystander","target_code_2",2,0,"Engineering","Control","Engineering",1,1,"accept","accept","accept","accept","both_accept","outgroup","outgroup","outgroup","ingroup","outgroup","different",0,"Engineering"
"13","181","181s5",5,0,20,3,0,2,3.14285714285714,2.71428571428571,2.28571428571429,2.42857142857143,1,-4,1,0,0,2,2,0,1,0,1,3609,"bystander","target_code_1",0,2,"Control","Engineering","Engineering",1,0,"accept","reject","accept","reject","target_accept_other_reject","outgroup","ingroup","ingroup","outgroup","ingroup","different",0,"Engineering"
"13","181","181s5",5,0,20,3,0,2,3.14285714285714,2.71428571428571,2.28571428571429,2.42857142857143,2,-6,0,1,2,0,2,1,0,0,1,3610,"bystander","target_code_2",2,0,"Engineering","Control","Engineering",0,1,"reject","accept","reject","accept","target_reject_other_accept","ingroup","outgroup","ingroup","ingroup","outgroup","different",0,"Engineering"
"13","182","182s1",1,0,19,3,0,1,1.28571428571429,1.85714285714286,2.42857142857143,0.857142857142857,1,-3,1,1,0,0,2,0,0,1,2,3621,"bystander","target_code_1",0,0,"Control","Control","Humanities",1,1,"accept","accept","accept","accept","both_accept","outgroup","outgroup","outgroup","outgroup","outgroup","same",1,"Humanities"
"13","182","182s1",1,0,19,3,0,1,1.28571428571429,1.85714285714286,2.42857142857143,0.857142857142857,2,-3,1,1,0,0,2,0,0,1,2,3622,"bystander","target_code_2",0,0,"Control","Control","Humanities",1,1,"accept","accept","accept","accept","both_accept","outgroup","outgroup","outgroup","outgroup","outgroup","same",1,"Humanities"
"13","182","182s2",2,0,19,3,0,1,1.28571428571429,1.85714285714286,2.42857142857143,0.857142857142857,1,9,0,0,2,2,2,2,2,1,2,3623,"bystander","target_code_1",2,2,"Engineering","Engineering","Humanities",0,0,"reject","reject","reject","reject","both_reject","ingroup","ingroup","outgroup","outgroup","outgroup","same",1,"Humanities"
"13","182","182s2",2,0,19,3,0,1,1.28571428571429,1.85714285714286,2.42857142857143,0.857142857142857,2,9,0,0,2,2,2,2,2,1,2,3624,"bystander","target_code_2",2,2,"Engineering","Engineering","Humanities",0,0,"reject","reject","reject","reject","both_reject","ingroup","ingroup","outgroup","outgroup","outgroup","same",1,"Humanities"
"13","182","182s3",3,0,19,3,0,1,1.28571428571429,1.85714285714286,2.42857142857143,0.857142857142857,1,-7,1,1,1,0,2,1,0,0,2,3625,"bystander","target_code_1",1,0,"Humanities","Control","Humanities",1,1,"accept","accept","accept","accept","both_accept","outgroup","outgroup","outgroup","ingroup","outgroup","different",0,"Humanities"
"13","182","182s3",3,0,19,3,0,1,1.28571428571429,1.85714285714286,2.42857142857143,0.857142857142857,2,-4,1,1,0,1,2,0,1,0,2,3626,"bystander","target_code_2",0,1,"Control","Humanities","Humanities",1,1,"accept","accept","accept","accept","both_accept","outgroup","outgroup","outgroup","outgroup","ingroup","different",0,"Humanities"
"13","182","182s4",4,0,19,3,0,1,1.28571428571429,1.85714285714286,2.42857142857143,0.857142857142857,1,9,0,0,1,1,1,1,1,1,1,3627,"bystander","target_code_1",1,1,"Humanities","Humanities","Humanities",0,0,"reject","reject","reject","reject","both_reject","ingroup","ingroup","ingroup","ingroup","ingroup","same",1,"Humanities"
"13","182","182s4",4,0,19,3,0,1,1.28571428571429,1.85714285714286,2.42857142857143,0.857142857142857,2,9,0,0,1,1,1,1,1,1,1,3628,"bystander","target_code_2",1,1,"Humanities","Humanities","Humanities",0,0,"reject","reject","reject","reject","both_reject","ingroup","ingroup","ingroup","ingroup","ingroup","same",1,"Humanities"
"13","182","182s5",5,0,19,3,0,1,1.28571428571429,1.85714285714286,2.42857142857143,0.857142857142857,1,9,0,1,2,1,2,2,1,0,2,3629,"bystander","target_code_1",2,1,"Engineering","Humanities","Humanities",0,1,"reject","accept","reject","accept","target_reject_other_accept","ingroup","outgroup","outgroup","outgroup","ingroup","different",0,"Humanities"
"13","182","182s5",5,0,19,3,0,1,1.28571428571429,1.85714285714286,2.42857142857143,0.857142857142857,2,-9,1,0,1,2,2,1,2,0,2,3630,"bystander","target_code_2",1,2,"Humanities","Engineering","Humanities",1,0,"accept","reject","accept","reject","target_accept_other_reject","outgroup","ingroup","outgroup","ingroup","outgroup","different",0,"Humanities"
"13","183","183s1",1,0,18,4,0,1,3,2.85714285714286,2.14285714285714,0.857142857142857,1,0,1,0,0,2,1,0,2,0,1,3641,"bystander","target_code_1",0,2,"Control","Engineering","Humanities",1,0,"accept","reject","accept","reject","target_accept_other_reject","outgroup","outgroup","ingroup","outgroup","outgroup","different",0,"Humanities"
"13","183","183s1",1,0,18,4,0,1,3,2.85714285714286,2.14285714285714,0.857142857142857,2,3,0,1,2,0,1,2,0,0,1,3642,"bystander","target_code_2",2,0,"Engineering","Control","Humanities",0,1,"reject","accept","reject","accept","target_reject_other_accept","outgroup","outgroup","ingroup","outgroup","outgroup","different",0,"Humanities"
"13","183","183s2",2,0,18,4,0,1,3,2.85714285714286,2.14285714285714,0.857142857142857,1,5,0,0,0,2,1,0,2,0,1,3643,"bystander","target_code_1",0,2,"Control","Engineering","Humanities",0,0,"reject","reject","reject","reject","both_reject","outgroup","outgroup","ingroup","outgroup","outgroup","different",0,"Humanities"
"13","183","183s2",2,0,18,4,0,1,3,2.85714285714286,2.14285714285714,0.857142857142857,2,5,0,0,2,0,1,2,0,0,1,3644,"bystander","target_code_2",2,0,"Engineering","Control","Humanities",0,0,"reject","reject","reject","reject","both_reject","outgroup","outgroup","ingroup","outgroup","outgroup","different",0,"Humanities"
"13","183","183s3",3,0,18,4,0,1,3,2.85714285714286,2.14285714285714,0.857142857142857,1,5,0,0,2,1,2,2,1,0,2,3645,"bystander","target_code_1",2,1,"Engineering","Humanities","Humanities",0,0,"reject","reject","reject","reject","both_reject","ingroup","outgroup","outgroup","outgroup","ingroup","different",0,"Humanities"
"13","183","183s3",3,0,18,4,0,1,3,2.85714285714286,2.14285714285714,0.857142857142857,2,5,0,0,1,2,2,1,2,0,2,3646,"bystander","target_code_2",1,2,"Humanities","Engineering","Humanities",0,0,"reject","reject","reject","reject","both_reject","outgroup","ingroup","outgroup","ingroup","outgroup","different",0,"Humanities"
"13","183","183s4",4,0,18,4,0,1,3,2.85714285714286,2.14285714285714,0.857142857142857,1,5,0,0,0,0,1,0,0,1,1,3647,"bystander","target_code_1",0,0,"Control","Control","Humanities",0,0,"reject","reject","reject","reject","both_reject","outgroup","outgroup","ingroup","outgroup","outgroup","same",1,"Humanities"
"13","183","183s4",4,0,18,4,0,1,3,2.85714285714286,2.14285714285714,0.857142857142857,2,5,0,0,0,0,1,0,0,1,1,3648,"bystander","target_code_2",0,0,"Control","Control","Humanities",0,0,"reject","reject","reject","reject","both_reject","outgroup","outgroup","ingroup","outgroup","outgroup","same",1,"Humanities"
"13","183","183s5",5,0,18,4,0,1,3,2.85714285714286,2.14285714285714,0.857142857142857,1,3,1,1,1,0,1,1,0,0,1,3649,"bystander","target_code_1",1,0,"Humanities","Control","Humanities",1,1,"accept","accept","accept","accept","both_accept","ingroup","outgroup","ingroup","ingroup","outgroup","different",0,"Humanities"
"13","183","183s5",5,0,18,4,0,1,3,2.85714285714286,2.14285714285714,0.857142857142857,2,3,1,1,0,1,1,0,1,0,1,3650,"bystander","target_code_2",0,1,"Control","Humanities","Humanities",1,1,"accept","accept","accept","accept","both_accept","outgroup","ingroup","ingroup","outgroup","ingroup","different",0,"Humanities"
"13","184","184s6",6,0,18,2,0,2,1.14285714285714,3.28571428571429,3.85714285714286,1.57142857142857,1,9,0,0,1,1,2,2,2,1,1,3671,"bystander","target_code_1",1,1,"Humanities","Humanities","Engineering",0,0,"reject","reject","reject","reject","both_reject","outgroup","outgroup","ingroup","outgroup","outgroup","same",1,"Engineering"
"13","184","184s6",6,0,18,2,0,2,1.14285714285714,3.28571428571429,3.85714285714286,1.57142857142857,2,9,0,0,1,1,2,2,2,1,1,3672,"bystander","target_code_2",1,1,"Humanities","Humanities","Engineering",0,0,"reject","reject","reject","reject","both_reject","outgroup","outgroup","ingroup","outgroup","outgroup","same",1,"Engineering"
"13","184","184s7",7,0,18,2,0,2,1.14285714285714,3.28571428571429,3.85714285714286,1.57142857142857,1,0,1,1,0,1,1,0,2,0,2,3673,"bystander","target_code_1",0,1,"Control","Humanities","Engineering",1,1,"accept","accept","accept","accept","both_accept","outgroup","ingroup","outgroup","outgroup","outgroup","different",0,"Engineering"
"13","184","184s7",7,0,18,2,0,2,1.14285714285714,3.28571428571429,3.85714285714286,1.57142857142857,2,0,1,1,1,0,1,2,0,0,2,3674,"bystander","target_code_2",1,0,"Humanities","Control","Engineering",1,1,"accept","accept","accept","accept","both_accept","ingroup","outgroup","outgroup","outgroup","outgroup","different",0,"Engineering"
"13","184","184s8",8,0,18,2,0,2,1.14285714285714,3.28571428571429,3.85714285714286,1.57142857142857,1,9,0,0,2,0,2,1,0,0,1,3675,"bystander","target_code_1",2,0,"Engineering","Control","Engineering",0,0,"reject","reject","reject","reject","both_reject","ingroup","outgroup","ingroup","ingroup","outgroup","different",0,"Engineering"
"13","184","184s8",8,0,18,2,0,2,1.14285714285714,3.28571428571429,3.85714285714286,1.57142857142857,2,9,0,0,0,2,2,0,1,0,1,3676,"bystander","target_code_2",0,2,"Control","Engineering","Engineering",0,0,"reject","reject","reject","reject","both_reject","outgroup","ingroup","ingroup","outgroup","ingroup","different",0,"Engineering"
"13","184","184s9",9,0,18,2,0,2,1.14285714285714,3.28571428571429,3.85714285714286,1.57142857142857,1,0,1,1,2,1,2,1,2,0,1,3677,"bystander","target_code_1",2,1,"Engineering","Humanities","Engineering",1,1,"accept","accept","accept","accept","both_accept","ingroup","outgroup","ingroup","ingroup","outgroup","different",0,"Engineering"
"13","184","184s9",9,0,18,2,0,2,1.14285714285714,3.28571428571429,3.85714285714286,1.57142857142857,2,0,1,1,1,2,2,2,1,0,1,3678,"bystander","target_code_2",1,2,"Humanities","Engineering","Engineering",1,1,"accept","accept","accept","accept","both_accept","outgroup","ingroup","ingroup","outgroup","ingroup","different",0,"Engineering"
"13","184","184s10",10,0,18,2,0,2,1.14285714285714,3.28571428571429,3.85714285714286,1.57142857142857,1,-4,1,0,2,2,1,1,1,1,2,3679,"bystander","target_code_1",2,2,"Engineering","Engineering","Engineering",1,0,"accept","reject","accept","reject","target_accept_other_reject","outgroup","outgroup","outgroup","ingroup","ingroup","same",1,"Engineering"
"13","184","184s10",10,0,18,2,0,2,1.14285714285714,3.28571428571429,3.85714285714286,1.57142857142857,2,9,0,1,2,2,1,1,1,1,2,3680,"bystander","target_code_2",2,2,"Engineering","Engineering","Engineering",0,1,"reject","accept","reject","accept","target_reject_other_accept","outgroup","outgroup","outgroup","ingroup","ingroup","same",1,"Engineering"
"13","185","185s6",6,0,20,2,0,2,1.42857142857143,1.71428571428571,2.71428571428571,0.571428571428571,1,-3,1,1,2,0,1,1,0,0,2,3691,"bystander","target_code_1",2,0,"Engineering","Control","Engineering",1,1,"accept","accept","accept","accept","both_accept","outgroup","outgroup","outgroup","ingroup","outgroup","different",0,"Engineering"
"13","185","185s6",6,0,20,2,0,2,1.42857142857143,1.71428571428571,2.71428571428571,0.571428571428571,2,-3,1,1,0,2,1,0,1,0,2,3692,"bystander","target_code_2",0,2,"Control","Engineering","Engineering",1,1,"accept","accept","accept","accept","both_accept","outgroup","outgroup","outgroup","outgroup","ingroup","different",0,"Engineering"
"13","185","185s7",7,0,20,2,0,2,1.42857142857143,1.71428571428571,2.71428571428571,0.571428571428571,1,-5,1,0,1,2,2,2,1,0,1,3693,"bystander","target_code_1",1,2,"Humanities","Engineering","Engineering",1,0,"accept","reject","accept","reject","target_accept_other_reject","outgroup","ingroup","ingroup","outgroup","ingroup","different",0,"Engineering"
"13","185","185s7",7,0,20,2,0,2,1.42857142857143,1.71428571428571,2.71428571428571,0.571428571428571,2,5,0,1,2,1,2,1,2,0,1,3694,"bystander","target_code_2",2,1,"Engineering","Humanities","Engineering",0,1,"reject","accept","reject","accept","target_reject_other_accept","ingroup","outgroup","ingroup","ingroup","outgroup","different",0,"Engineering"
"13","185","185s8",8,0,20,2,0,2,1.42857142857143,1.71428571428571,2.71428571428571,0.571428571428571,1,4,0,1,0,0,1,0,0,1,2,3695,"bystander","target_code_1",0,0,"Control","Control","Engineering",0,1,"reject","accept","reject","accept","target_reject_other_accept","outgroup","outgroup","outgroup","outgroup","outgroup","same",1,"Engineering"
"13","185","185s8",8,0,20,2,0,2,1.42857142857143,1.71428571428571,2.71428571428571,0.571428571428571,2,-2,1,0,0,0,1,0,0,1,2,3696,"bystander","target_code_2",0,0,"Control","Control","Engineering",1,0,"accept","reject","accept","reject","target_accept_other_reject","outgroup","outgroup","outgroup","outgroup","outgroup","same",1,"Engineering"
"13","185","185s9",9,0,20,2,0,2,1.42857142857143,1.71428571428571,2.71428571428571,0.571428571428571,1,7,0,0,0,0,1,0,0,1,2,3697,"bystander","target_code_1",0,0,"Control","Control","Engineering",0,0,"reject","reject","reject","reject","both_reject","outgroup","outgroup","outgroup","outgroup","outgroup","same",1,"Engineering"
"13","185","185s9",9,0,20,2,0,2,1.42857142857143,1.71428571428571,2.71428571428571,0.571428571428571,2,7,0,0,0,0,1,0,0,1,2,3698,"bystander","target_code_2",0,0,"Control","Control","Engineering",0,0,"reject","reject","reject","reject","both_reject","outgroup","outgroup","outgroup","outgroup","outgroup","same",1,"Engineering"
"13","185","185s10",10,0,20,2,0,2,1.42857142857143,1.71428571428571,2.71428571428571,0.571428571428571,1,-3,1,0,0,1,1,0,2,0,2,3699,"bystander","target_code_1",0,1,"Control","Humanities","Engineering",1,0,"accept","reject","accept","reject","target_accept_other_reject","outgroup","ingroup","outgroup","outgroup","outgroup","different",0,"Engineering"
"13","185","185s10",10,0,20,2,0,2,1.42857142857143,1.71428571428571,2.71428571428571,0.571428571428571,2,3,0,1,1,0,1,2,0,0,2,3700,"bystander","target_code_2",1,0,"Humanities","Control","Engineering",0,1,"reject","accept","reject","accept","target_reject_other_accept","ingroup","outgroup","outgroup","outgroup","outgroup","different",0,"Engineering"
"13","186","186s6",6,0,18,2,0,2,2.85714285714286,3.85714285714286,3.42857142857143,2.57142857142857,1,-5,1,0,0,0,2,0,0,1,1,3711,"bystander","target_code_1",0,0,"Control","Control","Engineering",1,0,"accept","reject","accept","reject","target_accept_other_reject","outgroup","outgroup","ingroup","outgroup","outgroup","same",1,"Engineering"
"13","186","186s6",6,0,18,2,0,2,2.85714285714286,3.85714285714286,3.42857142857143,2.57142857142857,2,5,0,1,0,0,2,0,0,1,1,3712,"bystander","target_code_2",0,0,"Control","Control","Engineering",0,1,"reject","accept","reject","accept","target_reject_other_accept","outgroup","outgroup","ingroup","outgroup","outgroup","same",1,"Engineering"
"13","186","186s7",7,0,18,2,0,2,2.85714285714286,3.85714285714286,3.42857142857143,2.57142857142857,1,-6,1,1,2,2,1,1,1,1,2,3713,"bystander","target_code_1",2,2,"Engineering","Engineering","Engineering",1,1,"accept","accept","accept","accept","both_accept","outgroup","outgroup","outgroup","ingroup","ingroup","same",1,"Engineering"
"13","186","186s7",7,0,18,2,0,2,2.85714285714286,3.85714285714286,3.42857142857143,2.57142857142857,2,-6,1,1,2,2,1,1,1,1,2,3714,"bystander","target_code_2",2,2,"Engineering","Engineering","Engineering",1,1,"accept","accept","accept","accept","both_accept","outgroup","outgroup","outgroup","ingroup","ingroup","same",1,"Engineering"
"13","186","186s8",8,0,18,2,0,2,2.85714285714286,3.85714285714286,3.42857142857143,2.57142857142857,1,-7,1,0,1,2,1,2,1,0,2,3715,"bystander","target_code_1",1,2,"Humanities","Engineering","Engineering",1,0,"accept","reject","accept","reject","target_accept_other_reject","ingroup","outgroup","outgroup","outgroup","ingroup","different",0,"Engineering"
"13","186","186s8",8,0,18,2,0,2,2.85714285714286,3.85714285714286,3.42857142857143,2.57142857142857,2,7,0,1,2,1,1,1,2,0,2,3716,"bystander","target_code_2",2,1,"Engineering","Humanities","Engineering",0,1,"reject","accept","reject","accept","target_reject_other_accept","outgroup","ingroup","outgroup","ingroup","outgroup","different",0,"Engineering"
"13","186","186s9",9,0,18,2,0,2,2.85714285714286,3.85714285714286,3.42857142857143,2.57142857142857,1,-7,1,0,1,0,1,2,0,0,2,3717,"bystander","target_code_1",1,0,"Humanities","Control","Engineering",1,0,"accept","reject","accept","reject","target_accept_other_reject","ingroup","outgroup","outgroup","outgroup","outgroup","different",0,"Engineering"
"13","186","186s9",9,0,18,2,0,2,2.85714285714286,3.85714285714286,3.42857142857143,2.57142857142857,2,7,0,1,0,1,1,0,2,0,2,3718,"bystander","target_code_2",0,1,"Control","Humanities","Engineering",0,1,"reject","accept","reject","accept","target_reject_other_accept","outgroup","ingroup","outgroup","outgroup","outgroup","different",0,"Engineering"
"13","186","186s10",10,0,18,2,0,2,2.85714285714286,3.85714285714286,3.42857142857143,2.57142857142857,1,8,0,0,2,2,1,1,1,1,2,3719,"bystander","target_code_1",2,2,"Engineering","Engineering","Engineering",0,0,"reject","reject","reject","reject","both_reject","outgroup","outgroup","outgroup","ingroup","ingroup","same",1,"Engineering"
"13","186","186s10",10,0,18,2,0,2,2.85714285714286,3.85714285714286,3.42857142857143,2.57142857142857,2,8,0,0,2,2,1,1,1,1,2,3720,"bystander","target_code_2",2,2,"Engineering","Engineering","Engineering",0,0,"reject","reject","reject","reject","both_reject","outgroup","outgroup","outgroup","ingroup","ingroup","same",1,"Engineering"
"13","187","187s1",1,0,18,2,0,2,3.28571428571429,3.57142857142857,2.14285714285714,2.85714285714286,1,9,0,0,0,0,1,0,0,1,2,3721,"bystander","target_code_1",0,0,"Control","Control","Engineering",0,0,"reject","reject","reject","reject","both_reject","outgroup","outgroup","outgroup","outgroup","outgroup","same",1,"Engineering"
"13","187","187s1",1,0,18,2,0,2,3.28571428571429,3.57142857142857,2.14285714285714,2.85714285714286,2,9,0,0,0,0,1,0,0,1,2,3722,"bystander","target_code_2",0,0,"Control","Control","Engineering",0,0,"reject","reject","reject","reject","both_reject","outgroup","outgroup","outgroup","outgroup","outgroup","same",1,"Engineering"
"13","187","187s2",2,0,18,2,0,2,3.28571428571429,3.57142857142857,2.14285714285714,2.85714285714286,1,-5,1,1,2,1,2,1,2,0,1,3723,"bystander","target_code_1",2,1,"Engineering","Humanities","Engineering",1,1,"accept","accept","accept","accept","both_accept","ingroup","outgroup","ingroup","ingroup","outgroup","different",0,"Engineering"
"13","187","187s2",2,0,18,2,0,2,3.28571428571429,3.57142857142857,2.14285714285714,2.85714285714286,2,-6,1,1,1,2,2,2,1,0,1,3724,"bystander","target_code_2",1,2,"Humanities","Engineering","Engineering",1,1,"accept","accept","accept","accept","both_accept","outgroup","ingroup","ingroup","outgroup","ingroup","different",0,"Engineering"
"13","187","187s3",3,0,18,2,0,2,3.28571428571429,3.57142857142857,2.14285714285714,2.85714285714286,1,9,0,0,0,1,1,0,2,0,2,3725,"bystander","target_code_1",0,1,"Control","Humanities","Engineering",0,0,"reject","reject","reject","reject","both_reject","outgroup","ingroup","outgroup","outgroup","outgroup","different",0,"Engineering"
"13","187","187s3",3,0,18,2,0,2,3.28571428571429,3.57142857142857,2.14285714285714,2.85714285714286,2,9,0,0,1,0,1,2,0,0,2,3726,"bystander","target_code_2",1,0,"Humanities","Control","Engineering",0,0,"reject","reject","reject","reject","both_reject","ingroup","outgroup","outgroup","outgroup","outgroup","different",0,"Engineering"
"13","187","187s4",4,0,18,2,0,2,3.28571428571429,3.57142857142857,2.14285714285714,2.85714285714286,1,9,0,1,0,2,2,0,1,0,1,3727,"bystander","target_code_1",0,2,"Control","Engineering","Engineering",0,1,"reject","accept","reject","accept","target_reject_other_accept","outgroup","ingroup","ingroup","outgroup","ingroup","different",0,"Engineering"
"13","187","187s4",4,0,18,2,0,2,3.28571428571429,3.57142857142857,2.14285714285714,2.85714285714286,2,-5,1,0,2,0,2,1,0,0,1,3728,"bystander","target_code_2",2,0,"Engineering","Control","Engineering",1,0,"accept","reject","accept","reject","target_accept_other_reject","ingroup","outgroup","ingroup","ingroup","outgroup","different",0,"Engineering"
"13","187","187s5",5,0,18,2,0,2,3.28571428571429,3.57142857142857,2.14285714285714,2.85714285714286,1,-5,1,1,0,1,2,0,2,0,1,3729,"bystander","target_code_1",0,1,"Control","Humanities","Engineering",1,1,"accept","accept","accept","accept","both_accept","outgroup","outgroup","ingroup","outgroup","outgroup","different",0,"Engineering"
"13","187","187s5",5,0,18,2,0,2,3.28571428571429,3.57142857142857,2.14285714285714,2.85714285714286,2,-6,1,1,1,0,2,2,0,0,1,3730,"bystander","target_code_2",1,0,"Humanities","Control","Engineering",1,1,"accept","accept","accept","accept","both_accept","outgroup","outgroup","ingroup","outgroup","outgroup","different",0,"Engineering"
"13","188","188s1",1,0,18,2,1,1,1.71428571428571,2.28571428571429,2.42857142857143,1.85714285714286,1,-3,1,1,0,1,2,0,1,0,2,3741,"bystander","target_code_1",0,1,"Control","Humanities","Humanities",1,1,"accept","accept","accept","accept","both_accept","outgroup","outgroup","outgroup","outgroup","ingroup","different",0,"Humanities"
"13","188","188s1",1,0,18,2,1,1,1.71428571428571,2.28571428571429,2.42857142857143,1.85714285714286,2,-3,1,1,1,0,2,1,0,0,2,3742,"bystander","target_code_2",1,0,"Humanities","Control","Humanities",1,1,"accept","accept","accept","accept","both_accept","outgroup","outgroup","outgroup","ingroup","outgroup","different",0,"Humanities"
"13","188","188s2",2,0,18,2,1,1,1.71428571428571,2.28571428571429,2.42857142857143,1.85714285714286,1,-3,1,0,2,1,1,2,1,0,1,3743,"bystander","target_code_1",2,1,"Engineering","Humanities","Humanities",1,0,"accept","reject","accept","reject","target_accept_other_reject","outgroup","ingroup","ingroup","outgroup","ingroup","different",0,"Humanities"
"13","188","188s2",2,0,18,2,1,1,1.71428571428571,2.28571428571429,2.42857142857143,1.85714285714286,2,3,0,1,1,2,1,1,2,0,1,3744,"bystander","target_code_2",1,2,"Humanities","Engineering","Humanities",0,1,"reject","accept","reject","accept","target_reject_other_accept","ingroup","outgroup","ingroup","ingroup","outgroup","different",0,"Humanities"
"13","188","188s3",3,0,18,2,1,1,1.71428571428571,2.28571428571429,2.42857142857143,1.85714285714286,1,3,0,0,0,0,2,0,0,1,2,3745,"bystander","target_code_1",0,0,"Control","Control","Humanities",0,0,"reject","reject","reject","reject","both_reject","outgroup","outgroup","outgroup","outgroup","outgroup","same",1,"Humanities"
"13","188","188s3",3,0,18,2,1,1,1.71428571428571,2.28571428571429,2.42857142857143,1.85714285714286,2,0,0,0,0,0,2,0,0,1,2,3746,"bystander","target_code_2",0,0,"Control","Control","Humanities",0,0,"reject","reject","reject","reject","both_reject","outgroup","outgroup","outgroup","outgroup","outgroup","same",1,"Humanities"
"13","188","188s4",4,0,18,2,1,1,1.71428571428571,2.28571428571429,2.42857142857143,1.85714285714286,1,-3,1,1,0,1,2,0,1,0,2,3747,"bystander","target_code_1",0,1,"Control","Humanities","Humanities",1,1,"accept","accept","accept","accept","both_accept","outgroup","outgroup","outgroup","outgroup","ingroup","different",0,"Humanities"
"13","188","188s4",4,0,18,2,1,1,1.71428571428571,2.28571428571429,2.42857142857143,1.85714285714286,2,-3,1,1,1,0,2,1,0,0,2,3748,"bystander","target_code_2",1,0,"Humanities","Control","Humanities",1,1,"accept","accept","accept","accept","both_accept","outgroup","outgroup","outgroup","ingroup","outgroup","different",0,"Humanities"
"13","188","188s5",5,0,18,2,1,1,1.71428571428571,2.28571428571429,2.42857142857143,1.85714285714286,1,-3,1,0,0,1,1,0,1,0,1,3749,"bystander","target_code_1",0,1,"Control","Humanities","Humanities",1,0,"accept","reject","accept","reject","target_accept_other_reject","outgroup","ingroup","ingroup","outgroup","ingroup","different",0,"Humanities"
"13","188","188s5",5,0,18,2,1,1,1.71428571428571,2.28571428571429,2.42857142857143,1.85714285714286,2,3,0,1,1,0,1,1,0,0,1,3750,"bystander","target_code_2",1,0,"Humanities","Control","Humanities",0,1,"reject","accept","reject","accept","target_reject_other_accept","ingroup","outgroup","ingroup","ingroup","outgroup","different",0,"Humanities"
"13","189","189s6",6,0,18,3,1,1,3.85714285714286,3.57142857142857,2.85714285714286,2.85714285714286,1,9,0,1,0,2,1,0,2,0,1,3771,"bystander","target_code_1",0,2,"Control","Engineering","Humanities",0,1,"reject","accept","reject","accept","target_reject_other_accept","outgroup","outgroup","ingroup","outgroup","outgroup","different",0,"Humanities"
"13","189","189s6",6,0,18,3,1,1,3.85714285714286,3.57142857142857,2.85714285714286,2.85714285714286,2,-1,1,0,2,0,1,2,0,0,1,3772,"bystander","target_code_2",2,0,"Engineering","Control","Humanities",1,0,"accept","reject","accept","reject","target_accept_other_reject","outgroup","outgroup","ingroup","outgroup","outgroup","different",0,"Humanities"
"13","189","189s7",7,0,18,3,1,1,3.85714285714286,3.57142857142857,2.85714285714286,2.85714285714286,1,-1,1,1,2,1,2,2,1,0,2,3773,"bystander","target_code_1",2,1,"Engineering","Humanities","Humanities",1,1,"accept","accept","accept","accept","both_accept","ingroup","outgroup","outgroup","outgroup","ingroup","different",0,"Humanities"
"13","189","189s7",7,0,18,3,1,1,3.85714285714286,3.57142857142857,2.85714285714286,2.85714285714286,2,-1,1,1,1,2,2,1,2,0,2,3774,"bystander","target_code_2",1,2,"Humanities","Engineering","Humanities",1,1,"accept","accept","accept","accept","both_accept","outgroup","ingroup","outgroup","ingroup","outgroup","different",0,"Humanities"
"13","189","189s8",8,0,18,3,1,1,3.85714285714286,3.57142857142857,2.85714285714286,2.85714285714286,1,-1,1,1,2,1,1,2,1,0,1,3775,"bystander","target_code_1",2,1,"Engineering","Humanities","Humanities",1,1,"accept","accept","accept","accept","both_accept","outgroup","ingroup","ingroup","outgroup","ingroup","different",0,"Humanities"
"13","189","189s8",8,0,18,3,1,1,3.85714285714286,3.57142857142857,2.85714285714286,2.85714285714286,2,-1,1,1,1,2,1,1,2,0,1,3776,"bystander","target_code_2",1,2,"Humanities","Engineering","Humanities",1,1,"accept","accept","accept","accept","both_accept","ingroup","outgroup","ingroup","ingroup","outgroup","different",0,"Humanities"
"13","189","189s9",9,0,18,3,1,1,3.85714285714286,3.57142857142857,2.85714285714286,2.85714285714286,1,-1,1,1,2,1,2,2,1,0,2,3777,"bystander","target_code_1",2,1,"Engineering","Humanities","Humanities",1,1,"accept","accept","accept","accept","both_accept","ingroup","outgroup","outgroup","outgroup","ingroup","different",0,"Humanities"
"13","189","189s9",9,0,18,3,1,1,3.85714285714286,3.57142857142857,2.85714285714286,2.85714285714286,2,-1,1,1,1,2,2,1,2,0,2,3778,"bystander","target_code_2",1,2,"Humanities","Engineering","Humanities",1,1,"accept","accept","accept","accept","both_accept","outgroup","ingroup","outgroup","ingroup","outgroup","different",0,"Humanities"
"13","189","189s10",10,0,18,3,1,1,3.85714285714286,3.57142857142857,2.85714285714286,2.85714285714286,1,-1,1,1,1,1,2,1,1,1,2,3779,"bystander","target_code_1",1,1,"Humanities","Humanities","Humanities",1,1,"accept","accept","accept","accept","both_accept","outgroup","outgroup","outgroup","ingroup","ingroup","same",1,"Humanities"
"13","189","189s10",10,0,18,3,1,1,3.85714285714286,3.57142857142857,2.85714285714286,2.85714285714286,2,-1,1,1,1,1,2,1,1,1,2,3780,"bystander","target_code_2",1,1,"Humanities","Humanities","Humanities",1,1,"accept","accept","accept","accept","both_accept","outgroup","outgroup","outgroup","ingroup","ingroup","same",1,"Humanities"
"13","190","190s6",6,0,18,2,0,1,1,2.42857142857143,2.42857142857143,2.42857142857143,1,-2,1,0,1,0,2,1,0,0,2,3791,"bystander","target_code_1",1,0,"Humanities","Control","Humanities",1,0,"accept","reject","accept","reject","target_accept_other_reject","outgroup","outgroup","outgroup","ingroup","outgroup","different",0,"Humanities"
"13","190","190s6",6,0,18,2,0,1,1,2.42857142857143,2.42857142857143,2.42857142857143,2,2,0,1,0,1,2,0,1,0,2,3792,"bystander","target_code_2",0,1,"Control","Humanities","Humanities",0,1,"reject","accept","reject","accept","target_reject_other_accept","outgroup","outgroup","outgroup","outgroup","ingroup","different",0,"Humanities"
"13","190","190s7",7,0,18,2,0,1,1,2.42857142857143,2.42857142857143,2.42857142857143,1,3,0,1,1,1,1,1,1,1,1,3793,"bystander","target_code_1",1,1,"Humanities","Humanities","Humanities",0,1,"reject","accept","reject","accept","target_reject_other_accept","ingroup","ingroup","ingroup","ingroup","ingroup","same",1,"Humanities"
"13","190","190s7",7,0,18,2,0,1,1,2.42857142857143,2.42857142857143,2.42857142857143,2,-3,1,0,1,1,1,1,1,1,1,3794,"bystander","target_code_2",1,1,"Humanities","Humanities","Humanities",1,0,"accept","reject","accept","reject","target_accept_other_reject","ingroup","ingroup","ingroup","ingroup","ingroup","same",1,"Humanities"
"13","190","190s8",8,0,18,2,0,1,1,2.42857142857143,2.42857142857143,2.42857142857143,1,-3,1,0,2,1,2,2,1,0,2,3795,"bystander","target_code_1",2,1,"Engineering","Humanities","Humanities",1,0,"accept","reject","accept","reject","target_accept_other_reject","ingroup","outgroup","outgroup","outgroup","ingroup","different",0,"Humanities"
"13","190","190s8",8,0,18,2,0,1,1,2.42857142857143,2.42857142857143,2.42857142857143,2,3,0,1,1,2,2,1,2,0,2,3796,"bystander","target_code_2",1,2,"Humanities","Engineering","Humanities",0,1,"reject","accept","reject","accept","target_reject_other_accept","outgroup","ingroup","outgroup","ingroup","outgroup","different",0,"Humanities"
"13","190","190s9",9,0,18,2,0,1,1,2.42857142857143,2.42857142857143,2.42857142857143,1,4,0,0,2,1,1,2,1,0,1,3797,"bystander","target_code_1",2,1,"Engineering","Humanities","Humanities",0,0,"reject","reject","reject","reject","both_reject","outgroup","ingroup","ingroup","outgroup","ingroup","different",0,"Humanities"
"13","190","190s9",9,0,18,2,0,1,1,2.42857142857143,2.42857142857143,2.42857142857143,2,4,0,0,1,2,1,1,2,0,1,3798,"bystander","target_code_2",1,2,"Humanities","Engineering","Humanities",0,0,"reject","reject","reject","reject","both_reject","ingroup","outgroup","ingroup","ingroup","outgroup","different",0,"Humanities"
"13","190","190s10",10,0,18,2,0,1,1,2.42857142857143,2.42857142857143,2.42857142857143,1,-3,1,0,1,1,1,1,1,1,1,3799,"bystander","target_code_1",1,1,"Humanities","Humanities","Humanities",1,0,"accept","reject","accept","reject","target_accept_other_reject","ingroup","ingroup","ingroup","ingroup","ingroup","same",1,"Humanities"
"13","190","190s10",10,0,18,2,0,1,1,2.42857142857143,2.42857142857143,2.42857142857143,2,3,0,1,1,1,1,1,1,1,1,3800,"bystander","target_code_2",1,1,"Humanities","Humanities","Humanities",0,1,"reject","accept","reject","accept","target_reject_other_accept","ingroup","ingroup","ingroup","ingroup","ingroup","same",1,"Humanities"
"13","191","191s6",6,0,18,3,0,1,2.57142857142857,3.57142857142857,3.85714285714286,2.42857142857143,1,9,0,1,0,1,1,0,1,0,1,3811,"bystander","target_code_1",0,1,"Control","Humanities","Humanities",0,1,"reject","accept","reject","accept","target_reject_other_accept","outgroup","ingroup","ingroup","outgroup","ingroup","different",0,"Humanities"
"13","191","191s6",6,0,18,3,0,1,2.57142857142857,3.57142857142857,3.85714285714286,2.42857142857143,2,-9,1,0,1,0,1,1,0,0,1,3812,"bystander","target_code_2",1,0,"Humanities","Control","Humanities",1,0,"accept","reject","accept","reject","target_accept_other_reject","ingroup","outgroup","ingroup","ingroup","outgroup","different",0,"Humanities"
"13","191","191s7",7,0,18,3,0,1,2.57142857142857,3.57142857142857,3.85714285714286,2.42857142857143,1,9,0,0,1,0,2,1,0,0,2,3813,"bystander","target_code_1",1,0,"Humanities","Control","Humanities",0,0,"reject","reject","reject","reject","both_reject","outgroup","outgroup","outgroup","ingroup","outgroup","different",0,"Humanities"
"13","191","191s7",7,0,18,3,0,1,2.57142857142857,3.57142857142857,3.85714285714286,2.42857142857143,2,9,0,0,0,1,2,0,1,0,2,3814,"bystander","target_code_2",0,1,"Control","Humanities","Humanities",0,0,"reject","reject","reject","reject","both_reject","outgroup","outgroup","outgroup","outgroup","ingroup","different",0,"Humanities"
"13","191","191s8",8,0,18,3,0,1,2.57142857142857,3.57142857142857,3.85714285714286,2.42857142857143,1,-9,1,1,1,2,1,1,2,0,1,3815,"bystander","target_code_1",1,2,"Humanities","Engineering","Humanities",1,1,"accept","accept","accept","accept","both_accept","ingroup","outgroup","ingroup","ingroup","outgroup","different",0,"Humanities"
"13","191","191s8",8,0,18,3,0,1,2.57142857142857,3.57142857142857,3.85714285714286,2.42857142857143,2,-9,1,1,2,1,1,2,1,0,1,3816,"bystander","target_code_2",2,1,"Engineering","Humanities","Humanities",1,1,"accept","accept","accept","accept","both_accept","outgroup","ingroup","ingroup","outgroup","ingroup","different",0,"Humanities"
"13","191","191s9",9,0,18,3,0,1,2.57142857142857,3.57142857142857,3.85714285714286,2.42857142857143,1,-9,1,0,1,1,2,1,1,1,2,3817,"bystander","target_code_1",1,1,"Humanities","Humanities","Humanities",1,0,"accept","reject","accept","reject","target_accept_other_reject","outgroup","outgroup","outgroup","ingroup","ingroup","same",1,"Humanities"
"13","191","191s9",9,0,18,3,0,1,2.57142857142857,3.57142857142857,3.85714285714286,2.42857142857143,2,9,0,1,1,1,2,1,1,1,2,3818,"bystander","target_code_2",1,1,"Humanities","Humanities","Humanities",0,1,"reject","accept","reject","accept","target_reject_other_accept","outgroup","outgroup","outgroup","ingroup","ingroup","same",1,"Humanities"
"13","191","191s10",10,0,18,3,0,1,2.57142857142857,3.57142857142857,3.85714285714286,2.42857142857143,1,-9,1,0,0,2,2,0,2,0,2,3819,"bystander","target_code_1",0,2,"Control","Engineering","Humanities",1,0,"accept","reject","accept","reject","target_accept_other_reject","outgroup","ingroup","outgroup","outgroup","outgroup","different",0,"Humanities"
"13","191","191s10",10,0,18,3,0,1,2.57142857142857,3.57142857142857,3.85714285714286,2.42857142857143,2,9,0,1,2,0,2,2,0,0,2,3820,"bystander","target_code_2",2,0,"Engineering","Control","Humanities",0,1,"reject","accept","reject","accept","target_reject_other_accept","ingroup","outgroup","outgroup","outgroup","outgroup","different",0,"Humanities"
"13","192","192s6",6,0,22,1,1,1,1.14285714285714,3.28571428571429,3,1,1,-3,1,1,1,0,1,1,0,0,1,3831,"bystander","target_code_1",1,0,"Humanities","Control","Humanities",1,1,"accept","accept","accept","accept","both_accept","ingroup","outgroup","ingroup","ingroup","outgroup","different",0,"Humanities"
"13","192","192s6",6,0,22,1,1,1,1.14285714285714,3.28571428571429,3,1,2,-3,1,1,0,1,1,0,1,0,1,3832,"bystander","target_code_2",0,1,"Control","Humanities","Humanities",1,1,"accept","accept","accept","accept","both_accept","outgroup","ingroup","ingroup","outgroup","ingroup","different",0,"Humanities"
"13","192","192s7",7,0,22,1,1,1,1.14285714285714,3.28571428571429,3,1,1,1,0,1,1,1,2,1,1,1,2,3833,"bystander","target_code_1",1,1,"Humanities","Humanities","Humanities",0,1,"reject","accept","reject","accept","target_reject_other_accept","outgroup","outgroup","outgroup","ingroup","ingroup","same",1,"Humanities"
"13","192","192s7",7,0,22,1,1,1,1.14285714285714,3.28571428571429,3,1,2,-3,1,0,1,1,2,1,1,1,2,3834,"bystander","target_code_2",1,1,"Humanities","Humanities","Humanities",1,0,"accept","reject","accept","reject","target_accept_other_reject","outgroup","outgroup","outgroup","ingroup","ingroup","same",1,"Humanities"
"13","192","192s8",8,0,22,1,1,1,1.14285714285714,3.28571428571429,3,1,1,5,0,0,2,2,1,2,2,1,1,3835,"bystander","target_code_1",2,2,"Engineering","Engineering","Humanities",0,0,"reject","reject","reject","reject","both_reject","outgroup","outgroup","ingroup","outgroup","outgroup","same",1,"Humanities"
"13","192","192s8",8,0,22,1,1,1,1.14285714285714,3.28571428571429,3,1,2,5,0,0,2,2,1,2,2,1,1,3836,"bystander","target_code_2",2,2,"Engineering","Engineering","Humanities",0,0,"reject","reject","reject","reject","both_reject","outgroup","outgroup","ingroup","outgroup","outgroup","same",1,"Humanities"
"13","192","192s9",9,0,22,1,1,1,1.14285714285714,3.28571428571429,3,1,1,-4,1,1,0,2,1,0,2,0,1,3837,"bystander","target_code_1",0,2,"Control","Engineering","Humanities",1,1,"accept","accept","accept","accept","both_accept","outgroup","outgroup","ingroup","outgroup","outgroup","different",0,"Humanities"
"13","192","192s9",9,0,22,1,1,1,1.14285714285714,3.28571428571429,3,1,2,-4,1,1,2,0,1,2,0,0,1,3838,"bystander","target_code_2",2,0,"Engineering","Control","Humanities",1,1,"accept","accept","accept","accept","both_accept","outgroup","outgroup","ingroup","outgroup","outgroup","different",0,"Humanities"
"13","192","192s10",10,0,22,1,1,1,1.14285714285714,3.28571428571429,3,1,1,3,0,1,2,1,1,2,1,0,1,3839,"bystander","target_code_1",2,1,"Engineering","Humanities","Humanities",0,1,"reject","accept","reject","accept","target_reject_other_accept","outgroup","ingroup","ingroup","outgroup","ingroup","different",0,"Humanities"
"13","192","192s10",10,0,22,1,1,1,1.14285714285714,3.28571428571429,3,1,2,-3,1,0,1,2,1,1,2,0,1,3840,"bystander","target_code_2",1,2,"Humanities","Engineering","Humanities",1,0,"accept","reject","accept","reject","target_accept_other_reject","ingroup","outgroup","ingroup","ingroup","outgroup","different",0,"Humanities"
"13","193","193s1",1,0,19,3,1,1,2.14285714285714,2.85714285714286,2,2.42857142857143,1,-2,0,1,2,0,1,2,0,0,1,3841,"bystander","target_code_1",2,0,"Engineering","Control","Humanities",0,1,"reject","accept","reject","accept","target_reject_other_accept","outgroup","outgroup","ingroup","outgroup","outgroup","different",0,"Humanities"
"13","193","193s1",1,0,19,3,1,1,2.14285714285714,2.85714285714286,2,2.42857142857143,2,-8,1,0,0,2,1,0,2,0,1,3842,"bystander","target_code_2",0,2,"Control","Engineering","Humanities",1,0,"accept","reject","accept","reject","target_accept_other_reject","outgroup","outgroup","ingroup","outgroup","outgroup","different",0,"Humanities"
"13","193","193s2",2,0,19,3,1,1,2.14285714285714,2.85714285714286,2,2.42857142857143,1,-3,0,1,0,1,2,0,1,0,2,3843,"bystander","target_code_1",0,1,"Control","Humanities","Humanities",0,1,"reject","accept","reject","accept","target_reject_other_accept","outgroup","outgroup","outgroup","outgroup","ingroup","different",0,"Humanities"
"13","193","193s2",2,0,19,3,1,1,2.14285714285714,2.85714285714286,2,2.42857142857143,2,-8,1,0,1,0,2,1,0,0,2,3844,"bystander","target_code_2",1,0,"Humanities","Control","Humanities",1,0,"accept","reject","accept","reject","target_accept_other_reject","outgroup","outgroup","outgroup","ingroup","outgroup","different",0,"Humanities"
"13","193","193s3",3,0,19,3,1,1,2.14285714285714,2.85714285714286,2,2.42857142857143,1,-8,1,0,0,2,1,0,2,0,1,3845,"bystander","target_code_1",0,2,"Control","Engineering","Humanities",1,0,"accept","reject","accept","reject","target_accept_other_reject","outgroup","outgroup","ingroup","outgroup","outgroup","different",0,"Humanities"
"13","193","193s3",3,0,19,3,1,1,2.14285714285714,2.85714285714286,2,2.42857142857143,2,-8,0,1,2,0,1,2,0,0,1,3846,"bystander","target_code_2",2,0,"Engineering","Control","Humanities",0,1,"reject","accept","reject","accept","target_reject_other_accept","outgroup","outgroup","ingroup","outgroup","outgroup","different",0,"Humanities"
"13","193","193s4",4,0,19,3,1,1,2.14285714285714,2.85714285714286,2,2.42857142857143,1,-8,0,1,1,1,1,1,1,1,1,3847,"bystander","target_code_1",1,1,"Humanities","Humanities","Humanities",0,1,"reject","accept","reject","accept","target_reject_other_accept","ingroup","ingroup","ingroup","ingroup","ingroup","same",1,"Humanities"
"13","193","193s4",4,0,19,3,1,1,2.14285714285714,2.85714285714286,2,2.42857142857143,2,-8,1,0,1,1,1,1,1,1,1,3848,"bystander","target_code_2",1,1,"Humanities","Humanities","Humanities",1,0,"accept","reject","accept","reject","target_accept_other_reject","ingroup","ingroup","ingroup","ingroup","ingroup","same",1,"Humanities"
"13","193","193s5",5,0,19,3,1,1,2.14285714285714,2.85714285714286,2,2.42857142857143,1,9,0,0,2,2,2,2,2,1,2,3849,"bystander","target_code_1",2,2,"Engineering","Engineering","Humanities",0,0,"reject","reject","reject","reject","both_reject","ingroup","ingroup","outgroup","outgroup","outgroup","same",1,"Humanities"
"13","193","193s5",5,0,19,3,1,1,2.14285714285714,2.85714285714286,2,2.42857142857143,2,9,0,0,2,2,2,2,2,1,2,3850,"bystander","target_code_2",2,2,"Engineering","Engineering","Humanities",0,0,"reject","reject","reject","reject","both_reject","ingroup","ingroup","outgroup","outgroup","outgroup","same",1,"Humanities"
"13","194","194s6",6,0,20,1,0,1,1,2.57142857142857,2.42857142857143,1.28571428571429,1,9,0,1,2,0,2,2,0,0,2,3871,"bystander","target_code_1",2,0,"Engineering","Control","Humanities",0,1,"reject","accept","reject","accept","target_reject_other_accept","ingroup","outgroup","outgroup","outgroup","outgroup","different",0,"Humanities"
"13","194","194s6",6,0,20,1,0,1,1,2.57142857142857,2.42857142857143,1.28571428571429,2,-9,1,0,0,2,2,0,2,0,2,3872,"bystander","target_code_2",0,2,"Control","Engineering","Humanities",1,0,"accept","reject","accept","reject","target_accept_other_reject","outgroup","ingroup","outgroup","outgroup","outgroup","different",0,"Humanities"
"13","194","194s7",7,0,20,1,0,1,1,2.57142857142857,2.42857142857143,1.28571428571429,1,9,0,0,2,1,2,2,1,0,2,3873,"bystander","target_code_1",2,1,"Engineering","Humanities","Humanities",0,0,"reject","reject","reject","reject","both_reject","ingroup","outgroup","outgroup","outgroup","ingroup","different",0,"Humanities"
"13","194","194s7",7,0,20,1,0,1,1,2.57142857142857,2.42857142857143,1.28571428571429,2,9,0,0,1,2,2,1,2,0,2,3874,"bystander","target_code_2",1,2,"Humanities","Engineering","Humanities",0,0,"reject","reject","reject","reject","both_reject","outgroup","ingroup","outgroup","ingroup","outgroup","different",0,"Humanities"
"13","194","194s8",8,0,20,1,0,1,1,2.57142857142857,2.42857142857143,1.28571428571429,1,9,1,0,1,1,2,1,1,1,2,3875,"bystander","target_code_1",1,1,"Humanities","Humanities","Humanities",1,0,"accept","reject","accept","reject","target_accept_other_reject","outgroup","outgroup","outgroup","ingroup","ingroup","same",1,"Humanities"
"13","194","194s8",8,0,20,1,0,1,1,2.57142857142857,2.42857142857143,1.28571428571429,2,-9,0,1,1,1,2,1,1,1,2,3876,"bystander","target_code_2",1,1,"Humanities","Humanities","Humanities",0,1,"reject","accept","reject","accept","target_reject_other_accept","outgroup","outgroup","outgroup","ingroup","ingroup","same",1,"Humanities"
"13","194","194s9",9,0,20,1,0,1,1,2.57142857142857,2.42857142857143,1.28571428571429,1,9,0,1,2,0,1,2,0,0,1,3877,"bystander","target_code_1",2,0,"Engineering","Control","Humanities",0,1,"reject","accept","reject","accept","target_reject_other_accept","outgroup","outgroup","ingroup","outgroup","outgroup","different",0,"Humanities"
"13","194","194s9",9,0,20,1,0,1,1,2.57142857142857,2.42857142857143,1.28571428571429,2,-9,1,0,0,2,1,0,2,0,1,3878,"bystander","target_code_2",0,2,"Control","Engineering","Humanities",1,0,"accept","reject","accept","reject","target_accept_other_reject","outgroup","outgroup","ingroup","outgroup","outgroup","different",0,"Humanities"
"13","194","194s10",10,0,20,1,0,1,1,2.57142857142857,2.42857142857143,1.28571428571429,1,9,0,1,2,0,1,2,0,0,1,3879,"bystander","target_code_1",2,0,"Engineering","Control","Humanities",0,1,"reject","accept","reject","accept","target_reject_other_accept","outgroup","outgroup","ingroup","outgroup","outgroup","different",0,"Humanities"
"13","194","194s10",10,0,20,1,0,1,1,2.57142857142857,2.42857142857143,1.28571428571429,2,-9,1,0,0,2,1,0,2,0,1,3880,"bystander","target_code_2",0,2,"Control","Engineering","Humanities",1,0,"accept","reject","accept","reject","target_accept_other_reject","outgroup","outgroup","ingroup","outgroup","outgroup","different",0,"Humanities"
"13","195","195s1",1,0,22,2,0,1,1.28571428571429,2.85714285714286,2,1.57142857142857,1,9,0,1,1,2,1,1,2,0,1,3881,"bystander","target_code_1",1,2,"Humanities","Engineering","Humanities",0,1,"reject","accept","reject","accept","target_reject_other_accept","ingroup","outgroup","ingroup","ingroup","outgroup","different",0,"Humanities"
"13","195","195s1",1,0,22,2,0,1,1.28571428571429,2.85714285714286,2,1.57142857142857,2,-9,1,0,2,1,1,2,1,0,1,3882,"bystander","target_code_2",2,1,"Engineering","Humanities","Humanities",1,0,"accept","reject","accept","reject","target_accept_other_reject","outgroup","ingroup","ingroup","outgroup","ingroup","different",0,"Humanities"
"13","195","195s2",2,0,22,2,0,1,1.28571428571429,2.85714285714286,2,1.57142857142857,1,-1,1,1,1,1,2,1,1,1,2,3883,"bystander","target_code_1",1,1,"Humanities","Humanities","Humanities",1,1,"accept","accept","accept","accept","both_accept","outgroup","outgroup","outgroup","ingroup","ingroup","same",1,"Humanities"
"13","195","195s2",2,0,22,2,0,1,1.28571428571429,2.85714285714286,2,1.57142857142857,2,-1,1,1,1,1,2,1,1,1,2,3884,"bystander","target_code_2",1,1,"Humanities","Humanities","Humanities",1,1,"accept","accept","accept","accept","both_accept","outgroup","outgroup","outgroup","ingroup","ingroup","same",1,"Humanities"
"13","195","195s3",3,0,22,2,0,1,1.28571428571429,2.85714285714286,2,1.57142857142857,1,2,0,1,0,1,2,0,1,0,2,3885,"bystander","target_code_1",0,1,"Control","Humanities","Humanities",0,1,"reject","accept","reject","accept","target_reject_other_accept","outgroup","outgroup","outgroup","outgroup","ingroup","different",0,"Humanities"
"13","195","195s3",3,0,22,2,0,1,1.28571428571429,2.85714285714286,2,1.57142857142857,2,-2,1,0,1,0,2,1,0,0,2,3886,"bystander","target_code_2",1,0,"Humanities","Control","Humanities",1,0,"accept","reject","accept","reject","target_accept_other_reject","outgroup","outgroup","outgroup","ingroup","outgroup","different",0,"Humanities"
"13","195","195s4",4,0,22,2,0,1,1.28571428571429,2.85714285714286,2,1.57142857142857,1,4,0,0,1,2,1,1,2,0,1,3887,"bystander","target_code_1",1,2,"Humanities","Engineering","Humanities",0,0,"reject","reject","reject","reject","both_reject","ingroup","outgroup","ingroup","ingroup","outgroup","different",0,"Humanities"
"13","195","195s4",4,0,22,2,0,1,1.28571428571429,2.85714285714286,2,1.57142857142857,2,4,0,0,2,1,1,2,1,0,1,3888,"bystander","target_code_2",2,1,"Engineering","Humanities","Humanities",0,0,"reject","reject","reject","reject","both_reject","outgroup","ingroup","ingroup","outgroup","ingroup","different",0,"Humanities"
"13","195","195s5",5,0,22,2,0,1,1.28571428571429,2.85714285714286,2,1.57142857142857,1,-3,1,0,1,1,2,1,1,1,2,3889,"bystander","target_code_1",1,1,"Humanities","Humanities","Humanities",1,0,"accept","reject","accept","reject","target_accept_other_reject","outgroup","outgroup","outgroup","ingroup","ingroup","same",1,"Humanities"
"13","195","195s5",5,0,22,2,0,1,1.28571428571429,2.85714285714286,2,1.57142857142857,2,3,0,1,1,1,2,1,1,1,2,3890,"bystander","target_code_2",1,1,"Humanities","Humanities","Humanities",0,1,"reject","accept","reject","accept","target_reject_other_accept","outgroup","outgroup","outgroup","ingroup","ingroup","same",1,"Humanities"
"13","196","196s6",6,0,21,4,1,1,2.14285714285714,3.85714285714286,3.85714285714286,0.428571428571428,1,9,0,0,2,2,2,2,2,1,2,3911,"bystander","target_code_1",2,2,"Engineering","Engineering","Humanities",0,0,"reject","reject","reject","reject","both_reject","ingroup","ingroup","outgroup","outgroup","outgroup","same",1,"Humanities"
"13","196","196s6",6,0,21,4,1,1,2.14285714285714,3.85714285714286,3.85714285714286,0.428571428571428,2,9,0,0,2,2,2,2,2,1,2,3912,"bystander","target_code_2",2,2,"Engineering","Engineering","Humanities",0,0,"reject","reject","reject","reject","both_reject","ingroup","ingroup","outgroup","outgroup","outgroup","same",1,"Humanities"
"13","196","196s7",7,0,21,4,1,1,2.14285714285714,3.85714285714286,3.85714285714286,0.428571428571428,1,0,1,0,2,0,2,2,0,0,2,3913,"bystander","target_code_1",2,0,"Engineering","Control","Humanities",1,0,"accept","reject","accept","reject","target_accept_other_reject","ingroup","outgroup","outgroup","outgroup","outgroup","different",0,"Humanities"
"13","196","196s7",7,0,21,4,1,1,2.14285714285714,3.85714285714286,3.85714285714286,0.428571428571428,2,9,0,1,0,2,2,0,2,0,2,3914,"bystander","target_code_2",0,2,"Control","Engineering","Humanities",0,1,"reject","accept","reject","accept","target_reject_other_accept","outgroup","ingroup","outgroup","outgroup","outgroup","different",0,"Humanities"
"13","196","196s8",8,0,21,4,1,1,2.14285714285714,3.85714285714286,3.85714285714286,0.428571428571428,1,9,0,0,2,0,2,2,0,0,2,3915,"bystander","target_code_1",2,0,"Engineering","Control","Humanities",0,0,"reject","reject","reject","reject","both_reject","ingroup","outgroup","outgroup","outgroup","outgroup","different",0,"Humanities"
"13","196","196s8",8,0,21,4,1,1,2.14285714285714,3.85714285714286,3.85714285714286,0.428571428571428,2,9,0,0,0,2,2,0,2,0,2,3916,"bystander","target_code_2",0,2,"Control","Engineering","Humanities",0,0,"reject","reject","reject","reject","both_reject","outgroup","ingroup","outgroup","outgroup","outgroup","different",0,"Humanities"
"13","196","196s9",9,0,21,4,1,1,2.14285714285714,3.85714285714286,3.85714285714286,0.428571428571428,1,9,0,1,0,0,2,0,0,1,2,3917,"bystander","target_code_1",0,0,"Control","Control","Humanities",0,1,"reject","accept","reject","accept","target_reject_other_accept","outgroup","outgroup","outgroup","outgroup","outgroup","same",1,"Humanities"
"13","196","196s9",9,0,21,4,1,1,2.14285714285714,3.85714285714286,3.85714285714286,0.428571428571428,2,0,1,0,0,0,2,0,0,1,2,3918,"bystander","target_code_2",0,0,"Control","Control","Humanities",1,0,"accept","reject","accept","reject","target_accept_other_reject","outgroup","outgroup","outgroup","outgroup","outgroup","same",1,"Humanities"
"13","196","196s10",10,0,21,4,1,1,2.14285714285714,3.85714285714286,3.85714285714286,0.428571428571428,1,9,0,0,1,1,1,1,1,1,1,3919,"bystander","target_code_1",1,1,"Humanities","Humanities","Humanities",0,0,"reject","reject","reject","reject","both_reject","ingroup","ingroup","ingroup","ingroup","ingroup","same",1,"Humanities"
"13","196","196s10",10,0,21,4,1,1,2.14285714285714,3.85714285714286,3.85714285714286,0.428571428571428,2,9,0,0,1,1,1,1,1,1,1,3920,"bystander","target_code_2",1,1,"Humanities","Humanities","Humanities",0,0,"reject","reject","reject","reject","both_reject","ingroup","ingroup","ingroup","ingroup","ingroup","same",1,"Humanities"
"13","197","197s1",1,0,23,3,0,2,2.42857142857143,2.57142857142857,3.28571428571429,0.857142857142857,1,-1,0,1,0,1,1,0,2,0,2,3921,"bystander","target_code_1",0,1,"Control","Humanities","Engineering",0,1,"reject","accept","reject","accept","target_reject_other_accept","outgroup","ingroup","outgroup","outgroup","outgroup","different",0,"Engineering"
"13","197","197s1",1,0,23,3,0,2,2.42857142857143,2.57142857142857,3.28571428571429,0.857142857142857,2,6,1,0,1,0,1,2,0,0,2,3922,"bystander","target_code_2",1,0,"Humanities","Control","Engineering",1,0,"accept","reject","accept","reject","target_accept_other_reject","ingroup","outgroup","outgroup","outgroup","outgroup","different",0,"Engineering"
"13","197","197s2",2,0,23,3,0,2,2.42857142857143,2.57142857142857,3.28571428571429,0.857142857142857,1,6,0,1,1,2,1,2,1,0,2,3923,"bystander","target_code_1",1,2,"Humanities","Engineering","Engineering",0,1,"reject","accept","reject","accept","target_reject_other_accept","ingroup","outgroup","outgroup","outgroup","ingroup","different",0,"Engineering"
"13","197","197s2",2,0,23,3,0,2,2.42857142857143,2.57142857142857,3.28571428571429,0.857142857142857,2,-5,1,0,2,1,1,1,2,0,2,3924,"bystander","target_code_2",2,1,"Engineering","Humanities","Engineering",1,0,"accept","reject","accept","reject","target_accept_other_reject","outgroup","ingroup","outgroup","ingroup","outgroup","different",0,"Engineering"
"13","197","197s3",3,0,23,3,0,2,2.42857142857143,2.57142857142857,3.28571428571429,0.857142857142857,1,9,0,0,2,0,2,1,0,0,1,3925,"bystander","target_code_1",2,0,"Engineering","Control","Engineering",0,0,"reject","reject","reject","reject","both_reject","ingroup","outgroup","ingroup","ingroup","outgroup","different",0,"Engineering"
"13","197","197s3",3,0,23,3,0,2,2.42857142857143,2.57142857142857,3.28571428571429,0.857142857142857,2,9,0,0,0,2,2,0,1,0,1,3926,"bystander","target_code_2",0,2,"Control","Engineering","Engineering",0,0,"reject","reject","reject","reject","both_reject","outgroup","ingroup","ingroup","outgroup","ingroup","different",0,"Engineering"
"13","197","197s4",4,0,23,3,0,2,2.42857142857143,2.57142857142857,3.28571428571429,0.857142857142857,1,9,0,0,2,2,2,1,1,1,1,3927,"bystander","target_code_1",2,2,"Engineering","Engineering","Engineering",0,0,"reject","reject","reject","reject","both_reject","ingroup","ingroup","ingroup","ingroup","ingroup","same",1,"Engineering"
"13","197","197s4",4,0,23,3,0,2,2.42857142857143,2.57142857142857,3.28571428571429,0.857142857142857,2,9,0,0,2,2,2,1,1,1,1,3928,"bystander","target_code_2",2,2,"Engineering","Engineering","Engineering",0,0,"reject","reject","reject","reject","both_reject","ingroup","ingroup","ingroup","ingroup","ingroup","same",1,"Engineering"
"13","197","197s5",5,0,23,3,0,2,2.42857142857143,2.57142857142857,3.28571428571429,0.857142857142857,1,9,0,0,1,1,2,2,2,1,1,3929,"bystander","target_code_1",1,1,"Humanities","Humanities","Engineering",0,0,"reject","reject","reject","reject","both_reject","outgroup","outgroup","ingroup","outgroup","outgroup","same",1,"Engineering"
"13","197","197s5",5,0,23,3,0,2,2.42857142857143,2.57142857142857,3.28571428571429,0.857142857142857,2,9,0,0,1,1,2,2,2,1,1,3930,"bystander","target_code_2",1,1,"Humanities","Humanities","Engineering",0,0,"reject","reject","reject","reject","both_reject","outgroup","outgroup","ingroup","outgroup","outgroup","same",1,"Engineering"
"13","198","198s1",1,0,20,4,0,1,1.42857142857143,2.28571428571429,2.14285714285714,0.857142857142857,1,-2,1,0,1,2,2,1,2,0,2,3941,"bystander","target_code_1",1,2,"Humanities","Engineering","Humanities",1,0,"accept","reject","accept","reject","target_accept_other_reject","outgroup","ingroup","outgroup","ingroup","outgroup","different",0,"Humanities"
"13","198","198s1",1,0,20,4,0,1,1.42857142857143,2.28571428571429,2.14285714285714,0.857142857142857,2,7,0,1,2,1,2,2,1,0,2,3942,"bystander","target_code_2",2,1,"Engineering","Humanities","Humanities",0,1,"reject","accept","reject","accept","target_reject_other_accept","ingroup","outgroup","outgroup","outgroup","ingroup","different",0,"Humanities"
"13","198","198s2",2,0,20,4,0,1,1.42857142857143,2.28571428571429,2.14285714285714,0.857142857142857,1,7,0,0,2,1,2,2,1,0,2,3943,"bystander","target_code_1",2,1,"Engineering","Humanities","Humanities",0,0,"reject","reject","reject","reject","both_reject","ingroup","outgroup","outgroup","outgroup","ingroup","different",0,"Humanities"
"13","198","198s2",2,0,20,4,0,1,1.42857142857143,2.28571428571429,2.14285714285714,0.857142857142857,2,7,0,0,1,2,2,1,2,0,2,3944,"bystander","target_code_2",1,2,"Humanities","Engineering","Humanities",0,0,"reject","reject","reject","reject","both_reject","outgroup","ingroup","outgroup","ingroup","outgroup","different",0,"Humanities"
"13","198","198s3",3,0,20,4,0,1,1.42857142857143,2.28571428571429,2.14285714285714,0.857142857142857,1,-4,1,0,0,0,2,0,0,1,2,3945,"bystander","target_code_1",0,0,"Control","Control","Humanities",1,0,"accept","reject","accept","reject","target_accept_other_reject","outgroup","outgroup","outgroup","outgroup","outgroup","same",1,"Humanities"
"13","198","198s3",3,0,20,4,0,1,1.42857142857143,2.28571428571429,2.14285714285714,0.857142857142857,2,5,0,1,0,0,2,0,0,1,2,3946,"bystander","target_code_2",0,0,"Control","Control","Humanities",0,1,"reject","accept","reject","accept","target_reject_other_accept","outgroup","outgroup","outgroup","outgroup","outgroup","same",1,"Humanities"
"13","198","198s4",4,0,20,4,0,1,1.42857142857143,2.28571428571429,2.14285714285714,0.857142857142857,1,7,0,1,2,0,2,2,0,0,2,3947,"bystander","target_code_1",2,0,"Engineering","Control","Humanities",0,1,"reject","accept","reject","accept","target_reject_other_accept","ingroup","outgroup","outgroup","outgroup","outgroup","different",0,"Humanities"
"13","198","198s4",4,0,20,4,0,1,1.42857142857143,2.28571428571429,2.14285714285714,0.857142857142857,2,-3,1,0,0,2,2,0,2,0,2,3948,"bystander","target_code_2",0,2,"Control","Engineering","Humanities",1,0,"accept","reject","accept","reject","target_accept_other_reject","outgroup","ingroup","outgroup","outgroup","outgroup","different",0,"Humanities"
"13","198","198s5",5,0,20,4,0,1,1.42857142857143,2.28571428571429,2.14285714285714,0.857142857142857,1,-7,1,0,1,0,1,1,0,0,1,3949,"bystander","target_code_1",1,0,"Humanities","Control","Humanities",1,0,"accept","reject","accept","reject","target_accept_other_reject","ingroup","outgroup","ingroup","ingroup","outgroup","different",0,"Humanities"
"13","198","198s5",5,0,20,4,0,1,1.42857142857143,2.28571428571429,2.14285714285714,0.857142857142857,2,8,0,1,0,1,1,0,1,0,1,3950,"bystander","target_code_2",0,1,"Control","Humanities","Humanities",0,1,"reject","accept","reject","accept","target_reject_other_accept","outgroup","ingroup","ingroup","outgroup","ingroup","different",0,"Humanities"
"14","199","199s6",6,0,19,3,0,2,1.57142857142857,1.28571428571429,2.28571428571429,1.14285714285714,1,9,0,1,1,2,1,2,1,0,2,3971,"bystander","target_code_1",1,2,"Humanities","Engineering","Engineering",0,1,"reject","accept","reject","accept","target_reject_other_accept","ingroup","outgroup","outgroup","outgroup","ingroup","different",0,"Engineering"
"14","199","199s6",6,0,19,3,0,2,1.57142857142857,1.28571428571429,2.28571428571429,1.14285714285714,2,9,1,0,2,1,1,1,2,0,2,3972,"bystander","target_code_2",2,1,"Engineering","Humanities","Engineering",1,0,"accept","reject","accept","reject","target_accept_other_reject","outgroup","ingroup","outgroup","ingroup","outgroup","different",0,"Engineering"
"14","199","199s7",7,0,19,3,0,2,1.57142857142857,1.28571428571429,2.28571428571429,1.14285714285714,1,9,1,0,2,0,1,1,0,0,2,3973,"bystander","target_code_1",2,0,"Engineering","Control","Engineering",1,0,"accept","reject","accept","reject","target_accept_other_reject","outgroup","outgroup","outgroup","ingroup","outgroup","different",0,"Engineering"
"14","199","199s7",7,0,19,3,0,2,1.57142857142857,1.28571428571429,2.28571428571429,1.14285714285714,2,9,0,1,0,2,1,0,1,0,2,3974,"bystander","target_code_2",0,2,"Control","Engineering","Engineering",0,1,"reject","accept","reject","accept","target_reject_other_accept","outgroup","outgroup","outgroup","outgroup","ingroup","different",0,"Engineering"
"14","199","199s8",8,0,19,3,0,2,1.57142857142857,1.28571428571429,2.28571428571429,1.14285714285714,1,9,0,0,1,0,1,2,0,0,2,3975,"bystander","target_code_1",1,0,"Humanities","Control","Engineering",0,0,"reject","reject","reject","reject","both_reject","ingroup","outgroup","outgroup","outgroup","outgroup","different",0,"Engineering"
"14","199","199s8",8,0,19,3,0,2,1.57142857142857,1.28571428571429,2.28571428571429,1.14285714285714,2,9,0,0,0,1,1,0,2,0,2,3976,"bystander","target_code_2",0,1,"Control","Humanities","Engineering",0,0,"reject","reject","reject","reject","both_reject","outgroup","ingroup","outgroup","outgroup","outgroup","different",0,"Engineering"
"14","199","199s9",9,0,19,3,0,2,1.57142857142857,1.28571428571429,2.28571428571429,1.14285714285714,1,9,1,1,2,0,1,1,0,0,2,3977,"bystander","target_code_1",2,0,"Engineering","Control","Engineering",1,1,"accept","accept","accept","accept","both_accept","outgroup","outgroup","outgroup","ingroup","outgroup","different",0,"Engineering"
"14","199","199s9",9,0,19,3,0,2,1.57142857142857,1.28571428571429,2.28571428571429,1.14285714285714,2,9,1,1,0,2,1,0,1,0,2,3978,"bystander","target_code_2",0,2,"Control","Engineering","Engineering",1,1,"accept","accept","accept","accept","both_accept","outgroup","outgroup","outgroup","outgroup","ingroup","different",0,"Engineering"
"14","199","199s10",10,0,19,3,0,2,1.57142857142857,1.28571428571429,2.28571428571429,1.14285714285714,1,9,0,1,0,1,2,0,2,0,1,3979,"bystander","target_code_1",0,1,"Control","Humanities","Engineering",0,1,"reject","accept","reject","accept","target_reject_other_accept","outgroup","outgroup","ingroup","outgroup","outgroup","different",0,"Engineering"
"14","199","199s10",10,0,19,3,0,2,1.57142857142857,1.28571428571429,2.28571428571429,1.14285714285714,2,9,1,0,1,0,2,2,0,0,1,3980,"bystander","target_code_2",1,0,"Humanities","Control","Engineering",1,0,"accept","reject","accept","reject","target_accept_other_reject","outgroup","outgroup","ingroup","outgroup","outgroup","different",0,"Engineering"
"14","200","200s6",6,0,18,3,0,2,2.57142857142857,2.42857142857143,3,1.14285714285714,1,9,0,0,0,0,2,0,0,1,1,3991,"bystander","target_code_1",0,0,"Control","Control","Engineering",0,0,"reject","reject","reject","reject","both_reject","outgroup","outgroup","ingroup","outgroup","outgroup","same",1,"Engineering"
"14","200","200s6",6,0,18,3,0,2,2.57142857142857,2.42857142857143,3,1.14285714285714,2,9,0,0,0,0,2,0,0,1,1,3992,"bystander","target_code_2",0,0,"Control","Control","Engineering",0,0,"reject","reject","reject","reject","both_reject","outgroup","outgroup","ingroup","outgroup","outgroup","same",1,"Engineering"
"14","200","200s7",7,0,18,3,0,2,2.57142857142857,2.42857142857143,3,1.14285714285714,1,9,0,0,1,2,1,2,1,0,2,3993,"bystander","target_code_1",1,2,"Humanities","Engineering","Engineering",0,0,"reject","reject","reject","reject","both_reject","ingroup","outgroup","outgroup","outgroup","ingroup","different",0,"Engineering"
"14","200","200s7",7,0,18,3,0,2,2.57142857142857,2.42857142857143,3,1.14285714285714,2,9,0,0,2,1,1,1,2,0,2,3994,"bystander","target_code_2",2,1,"Engineering","Humanities","Engineering",0,0,"reject","reject","reject","reject","both_reject","outgroup","ingroup","outgroup","ingroup","outgroup","different",0,"Engineering"
"14","200","200s8",8,0,18,3,0,2,2.57142857142857,2.42857142857143,3,1.14285714285714,1,-9,1,0,1,1,2,2,2,1,1,3995,"bystander","target_code_1",1,1,"Humanities","Humanities","Engineering",1,0,"accept","reject","accept","reject","target_accept_other_reject","outgroup","outgroup","ingroup","outgroup","outgroup","same",1,"Engineering"
"14","200","200s8",8,0,18,3,0,2,2.57142857142857,2.42857142857143,3,1.14285714285714,2,9,0,1,1,1,2,2,2,1,1,3996,"bystander","target_code_2",1,1,"Humanities","Humanities","Engineering",0,1,"reject","accept","reject","accept","target_reject_other_accept","outgroup","outgroup","ingroup","outgroup","outgroup","same",1,"Engineering"
"14","200","200s9",9,0,18,3,0,2,2.57142857142857,2.42857142857143,3,1.14285714285714,1,-9,1,0,2,2,2,1,1,1,1,3997,"bystander","target_code_1",2,2,"Engineering","Engineering","Engineering",1,0,"accept","reject","accept","reject","target_accept_other_reject","ingroup","ingroup","ingroup","ingroup","ingroup","same",1,"Engineering"
"14","200","200s9",9,0,18,3,0,2,2.57142857142857,2.42857142857143,3,1.14285714285714,2,9,0,1,2,2,2,1,1,1,1,3998,"bystander","target_code_2",2,2,"Engineering","Engineering","Engineering",0,1,"reject","accept","reject","accept","target_reject_other_accept","ingroup","ingroup","ingroup","ingroup","ingroup","same",1,"Engineering"
"14","200","200s10",10,0,18,3,0,2,2.57142857142857,2.42857142857143,3,1.14285714285714,1,9,0,0,0,1,1,0,2,0,2,3999,"bystander","target_code_1",0,1,"Control","Humanities","Engineering",0,0,"reject","reject","reject","reject","both_reject","outgroup","ingroup","outgroup","outgroup","outgroup","different",0,"Engineering"
"14","200","200s10",10,0,18,3,0,2,2.57142857142857,2.42857142857143,3,1.14285714285714,2,9,0,0,1,0,1,2,0,0,2,4000,"bystander","target_code_2",1,0,"Humanities","Control","Engineering",0,0,"reject","reject","reject","reject","both_reject","ingroup","outgroup","outgroup","outgroup","outgroup","different",0,"Engineering"
"14","201","201s1",1,0,18,3,0,2,1.14285714285714,2.57142857142857,3.14285714285714,1.42857142857143,1,4,1,0,2,0,2,1,0,0,1,4001,"bystander","target_code_1",2,0,"Engineering","Control","Engineering",1,0,"accept","reject","accept","reject","target_accept_other_reject","ingroup","outgroup","ingroup","ingroup","outgroup","different",0,"Engineering"
"14","201","201s1",1,0,18,3,0,2,1.14285714285714,2.57142857142857,3.14285714285714,1.42857142857143,2,4,0,1,0,2,2,0,1,0,1,4002,"bystander","target_code_2",0,2,"Control","Engineering","Engineering",0,1,"reject","accept","reject","accept","target_reject_other_accept","outgroup","ingroup","ingroup","outgroup","ingroup","different",0,"Engineering"
"14","201","201s2",2,0,18,3,0,2,1.14285714285714,2.57142857142857,3.14285714285714,1.42857142857143,1,-4,1,1,2,1,1,1,2,0,2,4003,"bystander","target_code_1",2,1,"Engineering","Humanities","Engineering",1,1,"accept","accept","accept","accept","both_accept","outgroup","ingroup","outgroup","ingroup","outgroup","different",0,"Engineering"
"14","201","201s2",2,0,18,3,0,2,1.14285714285714,2.57142857142857,3.14285714285714,1.42857142857143,2,-4,1,1,1,2,1,2,1,0,2,4004,"bystander","target_code_2",1,2,"Humanities","Engineering","Engineering",1,1,"accept","accept","accept","accept","both_accept","ingroup","outgroup","outgroup","outgroup","ingroup","different",0,"Engineering"
"14","201","201s3",3,0,18,3,0,2,1.14285714285714,2.57142857142857,3.14285714285714,1.42857142857143,1,-7,1,0,2,0,2,1,0,0,1,4005,"bystander","target_code_1",2,0,"Engineering","Control","Engineering",1,0,"accept","reject","accept","reject","target_accept_other_reject","ingroup","outgroup","ingroup","ingroup","outgroup","different",0,"Engineering"
"14","201","201s3",3,0,18,3,0,2,1.14285714285714,2.57142857142857,3.14285714285714,1.42857142857143,2,5,0,1,0,2,2,0,1,0,1,4006,"bystander","target_code_2",0,2,"Control","Engineering","Engineering",0,1,"reject","accept","reject","accept","target_reject_other_accept","outgroup","ingroup","ingroup","outgroup","ingroup","different",0,"Engineering"
"14","201","201s4",4,0,18,3,0,2,1.14285714285714,2.57142857142857,3.14285714285714,1.42857142857143,1,-7,1,1,2,0,1,1,0,0,2,4007,"bystander","target_code_1",2,0,"Engineering","Control","Engineering",1,1,"accept","accept","accept","accept","both_accept","outgroup","outgroup","outgroup","ingroup","outgroup","different",0,"Engineering"
"14","201","201s4",4,0,18,3,0,2,1.14285714285714,2.57142857142857,3.14285714285714,1.42857142857143,2,-7,1,1,0,2,1,0,1,0,2,4008,"bystander","target_code_2",0,2,"Control","Engineering","Engineering",1,1,"accept","accept","accept","accept","both_accept","outgroup","outgroup","outgroup","outgroup","ingroup","different",0,"Engineering"
"14","201","201s5",5,0,18,3,0,2,1.14285714285714,2.57142857142857,3.14285714285714,1.42857142857143,1,-9,1,0,1,1,2,2,2,1,1,4009,"bystander","target_code_1",1,1,"Humanities","Humanities","Engineering",1,0,"accept","reject","accept","reject","target_accept_other_reject","outgroup","outgroup","ingroup","outgroup","outgroup","same",1,"Engineering"
"14","201","201s5",5,0,18,3,0,2,1.14285714285714,2.57142857142857,3.14285714285714,1.42857142857143,2,-9,0,1,1,1,2,2,2,1,1,4010,"bystander","target_code_2",1,1,"Humanities","Humanities","Engineering",0,1,"reject","accept","reject","accept","target_reject_other_accept","outgroup","outgroup","ingroup","outgroup","outgroup","same",1,"Engineering"
"14","202","202s6",6,0,18,1,0,1,1.85714285714286,2.85714285714286,1.85714285714286,1.28571428571429,1,-9,1,1,1,2,1,1,2,0,1,4031,"bystander","target_code_1",1,2,"Humanities","Engineering","Humanities",1,1,"accept","accept","accept","accept","both_accept","ingroup","outgroup","ingroup","ingroup","outgroup","different",0,"Humanities"
"14","202","202s6",6,0,18,1,0,1,1.85714285714286,2.85714285714286,1.85714285714286,1.28571428571429,2,-5,1,1,2,1,1,2,1,0,1,4032,"bystander","target_code_2",2,1,"Engineering","Humanities","Humanities",1,1,"accept","accept","accept","accept","both_accept","outgroup","ingroup","ingroup","outgroup","ingroup","different",0,"Humanities"
"14","202","202s7",7,0,18,1,0,1,1.85714285714286,2.85714285714286,1.85714285714286,1.28571428571429,1,-8,1,1,2,0,1,2,0,0,1,4033,"bystander","target_code_1",2,0,"Engineering","Control","Humanities",1,1,"accept","accept","accept","accept","both_accept","outgroup","outgroup","ingroup","outgroup","outgroup","different",0,"Humanities"
"14","202","202s7",7,0,18,1,0,1,1.85714285714286,2.85714285714286,1.85714285714286,1.28571428571429,2,-4,1,1,0,2,1,0,2,0,1,4034,"bystander","target_code_2",0,2,"Control","Engineering","Humanities",1,1,"accept","accept","accept","accept","both_accept","outgroup","outgroup","ingroup","outgroup","outgroup","different",0,"Humanities"
"14","202","202s8",8,0,18,1,0,1,1.85714285714286,2.85714285714286,1.85714285714286,1.28571428571429,1,5,0,0,0,2,1,0,2,0,1,4035,"bystander","target_code_1",0,2,"Control","Engineering","Humanities",0,0,"reject","reject","reject","reject","both_reject","outgroup","outgroup","ingroup","outgroup","outgroup","different",0,"Humanities"
"14","202","202s8",8,0,18,1,0,1,1.85714285714286,2.85714285714286,1.85714285714286,1.28571428571429,2,9,0,0,2,0,1,2,0,0,1,4036,"bystander","target_code_2",2,0,"Engineering","Control","Humanities",0,0,"reject","reject","reject","reject","both_reject","outgroup","outgroup","ingroup","outgroup","outgroup","different",0,"Humanities"
"14","202","202s9",9,0,18,1,0,1,1.85714285714286,2.85714285714286,1.85714285714286,1.28571428571429,1,8,0,0,2,0,1,2,0,0,1,4037,"bystander","target_code_1",2,0,"Engineering","Control","Humanities",0,0,"reject","reject","reject","reject","both_reject","outgroup","outgroup","ingroup","outgroup","outgroup","different",0,"Humanities"
"14","202","202s9",9,0,18,1,0,1,1.85714285714286,2.85714285714286,1.85714285714286,1.28571428571429,2,5,0,0,0,2,1,0,2,0,1,4038,"bystander","target_code_2",0,2,"Control","Engineering","Humanities",0,0,"reject","reject","reject","reject","both_reject","outgroup","outgroup","ingroup","outgroup","outgroup","different",0,"Humanities"
"14","202","202s10",10,0,18,1,0,1,1.85714285714286,2.85714285714286,1.85714285714286,1.28571428571429,1,8,0,1,2,0,1,2,0,0,1,4039,"bystander","target_code_1",2,0,"Engineering","Control","Humanities",0,1,"reject","accept","reject","accept","target_reject_other_accept","outgroup","outgroup","ingroup","outgroup","outgroup","different",0,"Humanities"
"14","202","202s10",10,0,18,1,0,1,1.85714285714286,2.85714285714286,1.85714285714286,1.28571428571429,2,-4,1,0,0,2,1,0,2,0,1,4040,"bystander","target_code_2",0,2,"Control","Engineering","Humanities",1,0,"accept","reject","accept","reject","target_accept_other_reject","outgroup","outgroup","ingroup","outgroup","outgroup","different",0,"Humanities"
"14","203","203s1",1,0,24,2,1,2,2.28571428571429,2.57142857142857,2.85714285714286,1.28571428571429,1,9,0,0,1,0,2,2,0,0,1,4041,"bystander","target_code_1",1,0,"Humanities","Control","Engineering",0,0,"reject","reject","reject","reject","both_reject","outgroup","outgroup","ingroup","outgroup","outgroup","different",0,"Engineering"
"14","203","203s1",1,0,24,2,1,2,2.28571428571429,2.57142857142857,2.85714285714286,1.28571428571429,2,9,0,0,0,1,2,0,2,0,1,4042,"bystander","target_code_2",0,1,"Control","Humanities","Engineering",0,0,"reject","reject","reject","reject","both_reject","outgroup","outgroup","ingroup","outgroup","outgroup","different",0,"Engineering"
"14","203","203s2",2,0,24,2,1,2,2.28571428571429,2.57142857142857,2.85714285714286,1.28571428571429,1,9,0,1,0,2,1,0,1,0,2,4043,"bystander","target_code_1",0,2,"Control","Engineering","Engineering",0,1,"reject","accept","reject","accept","target_reject_other_accept","outgroup","outgroup","outgroup","outgroup","ingroup","different",0,"Engineering"
"14","203","203s2",2,0,24,2,1,2,2.28571428571429,2.57142857142857,2.85714285714286,1.28571428571429,2,-6,1,0,2,0,1,1,0,0,2,4044,"bystander","target_code_2",2,0,"Engineering","Control","Engineering",1,0,"accept","reject","accept","reject","target_accept_other_reject","outgroup","outgroup","outgroup","ingroup","outgroup","different",0,"Engineering"
"14","203","203s3",3,0,24,2,1,2,2.28571428571429,2.57142857142857,2.85714285714286,1.28571428571429,1,-7,1,1,1,1,2,2,2,1,1,4045,"bystander","target_code_1",1,1,"Humanities","Humanities","Engineering",1,1,"accept","accept","accept","accept","both_accept","outgroup","outgroup","ingroup","outgroup","outgroup","same",1,"Engineering"
"14","203","203s3",3,0,24,2,1,2,2.28571428571429,2.57142857142857,2.85714285714286,1.28571428571429,2,-7,1,1,1,1,2,2,2,1,1,4046,"bystander","target_code_2",1,1,"Humanities","Humanities","Engineering",1,1,"accept","accept","accept","accept","both_accept","outgroup","outgroup","ingroup","outgroup","outgroup","same",1,"Engineering"
"14","203","203s4",4,0,24,2,1,2,2.28571428571429,2.57142857142857,2.85714285714286,1.28571428571429,1,9,0,0,2,0,2,1,0,0,1,4047,"bystander","target_code_1",2,0,"Engineering","Control","Engineering",0,0,"reject","reject","reject","reject","both_reject","ingroup","outgroup","ingroup","ingroup","outgroup","different",0,"Engineering"
"14","203","203s4",4,0,24,2,1,2,2.28571428571429,2.57142857142857,2.85714285714286,1.28571428571429,2,9,0,0,0,2,2,0,1,0,1,4048,"bystander","target_code_2",0,2,"Control","Engineering","Engineering",0,0,"reject","reject","reject","reject","both_reject","outgroup","ingroup","ingroup","outgroup","ingroup","different",0,"Engineering"
"14","203","203s5",5,0,24,2,1,2,2.28571428571429,2.57142857142857,2.85714285714286,1.28571428571429,1,-7,1,1,1,2,1,2,1,0,2,4049,"bystander","target_code_1",1,2,"Humanities","Engineering","Engineering",1,1,"accept","accept","accept","accept","both_accept","ingroup","outgroup","outgroup","outgroup","ingroup","different",0,"Engineering"
"14","203","203s5",5,0,24,2,1,2,2.28571428571429,2.57142857142857,2.85714285714286,1.28571428571429,2,-7,1,1,2,1,1,1,2,0,2,4050,"bystander","target_code_2",2,1,"Engineering","Humanities","Engineering",1,1,"accept","accept","accept","accept","both_accept","outgroup","ingroup","outgroup","ingroup","outgroup","different",0,"Engineering"
"14","204","204s6",6,0,23,3,1,2,2.14285714285714,2.85714285714286,2.85714285714286,1.85714285714286,1,1,1,0,1,0,1,2,0,0,2,4071,"bystander","target_code_1",1,0,"Humanities","Control","Engineering",1,0,"accept","reject","accept","reject","target_accept_other_reject","ingroup","outgroup","outgroup","outgroup","outgroup","different",0,"Engineering"
"14","204","204s6",6,0,23,3,1,2,2.14285714285714,2.85714285714286,2.85714285714286,1.85714285714286,2,9,0,1,0,1,1,0,2,0,2,4072,"bystander","target_code_2",0,1,"Control","Humanities","Engineering",0,1,"reject","accept","reject","accept","target_reject_other_accept","outgroup","ingroup","outgroup","outgroup","outgroup","different",0,"Engineering"
"14","204","204s7",7,0,23,3,1,2,2.14285714285714,2.85714285714286,2.85714285714286,1.85714285714286,1,1,1,0,1,2,2,2,1,0,1,4073,"bystander","target_code_1",1,2,"Humanities","Engineering","Engineering",1,0,"accept","reject","accept","reject","target_accept_other_reject","outgroup","ingroup","ingroup","outgroup","ingroup","different",0,"Engineering"
"14","204","204s7",7,0,23,3,1,2,2.14285714285714,2.85714285714286,2.85714285714286,1.85714285714286,2,9,0,1,2,1,2,1,2,0,1,4074,"bystander","target_code_2",2,1,"Engineering","Humanities","Engineering",0,1,"reject","accept","reject","accept","target_reject_other_accept","ingroup","outgroup","ingroup","ingroup","outgroup","different",0,"Engineering"
"14","204","204s8",8,0,23,3,1,2,2.14285714285714,2.85714285714286,2.85714285714286,1.85714285714286,1,9,0,1,0,1,2,0,2,0,1,4075,"bystander","target_code_1",0,1,"Control","Humanities","Engineering",0,1,"reject","accept","reject","accept","target_reject_other_accept","outgroup","outgroup","ingroup","outgroup","outgroup","different",0,"Engineering"
"14","204","204s8",8,0,23,3,1,2,2.14285714285714,2.85714285714286,2.85714285714286,1.85714285714286,2,1,1,0,1,0,2,2,0,0,1,4076,"bystander","target_code_2",1,0,"Humanities","Control","Engineering",1,0,"accept","reject","accept","reject","target_accept_other_reject","outgroup","outgroup","ingroup","outgroup","outgroup","different",0,"Engineering"
"14","204","204s9",9,0,23,3,1,2,2.14285714285714,2.85714285714286,2.85714285714286,1.85714285714286,1,1,1,0,0,1,1,0,2,0,2,4077,"bystander","target_code_1",0,1,"Control","Humanities","Engineering",1,0,"accept","reject","accept","reject","target_accept_other_reject","outgroup","ingroup","outgroup","outgroup","outgroup","different",0,"Engineering"
"14","204","204s9",9,0,23,3,1,2,2.14285714285714,2.85714285714286,2.85714285714286,1.85714285714286,2,9,0,1,1,0,1,2,0,0,2,4078,"bystander","target_code_2",1,0,"Humanities","Control","Engineering",0,1,"reject","accept","reject","accept","target_reject_other_accept","ingroup","outgroup","outgroup","outgroup","outgroup","different",0,"Engineering"
"14","204","204s10",10,0,23,3,1,2,2.14285714285714,2.85714285714286,2.85714285714286,1.85714285714286,1,1,1,0,1,1,2,2,2,1,1,4079,"bystander","target_code_1",1,1,"Humanities","Humanities","Engineering",1,0,"accept","reject","accept","reject","target_accept_other_reject","outgroup","outgroup","ingroup","outgroup","outgroup","same",1,"Engineering"
"14","204","204s10",10,0,23,3,1,2,2.14285714285714,2.85714285714286,2.85714285714286,1.85714285714286,2,9,0,1,1,1,2,2,2,1,1,4080,"bystander","target_code_2",1,1,"Humanities","Humanities","Engineering",0,1,"reject","accept","reject","accept","target_reject_other_accept","outgroup","outgroup","ingroup","outgroup","outgroup","same",1,"Engineering"
"14","205","205s6",6,0,23,1,1,2,2,3.28571428571429,2.42857142857143,1.85714285714286,1,9,0,1,0,0,1,0,0,1,2,4091,"bystander","target_code_1",0,0,"Control","Control","Engineering",0,1,"reject","accept","reject","accept","target_reject_other_accept","outgroup","outgroup","outgroup","outgroup","outgroup","same",1,"Engineering"
"14","205","205s6",6,0,23,1,1,2,2,3.28571428571429,2.42857142857143,1.85714285714286,2,-3,1,0,0,0,1,0,0,1,2,4092,"bystander","target_code_2",0,0,"Control","Control","Engineering",1,0,"accept","reject","accept","reject","target_accept_other_reject","outgroup","outgroup","outgroup","outgroup","outgroup","same",1,"Engineering"
"14","205","205s7",7,0,23,1,1,2,2,3.28571428571429,2.42857142857143,1.85714285714286,1,-3,1,1,2,2,1,1,1,1,2,4093,"bystander","target_code_1",2,2,"Engineering","Engineering","Engineering",1,1,"accept","accept","accept","accept","both_accept","outgroup","outgroup","outgroup","ingroup","ingroup","same",1,"Engineering"
"14","205","205s7",7,0,23,1,1,2,2,3.28571428571429,2.42857142857143,1.85714285714286,2,-3,1,1,2,2,1,1,1,1,2,4094,"bystander","target_code_2",2,2,"Engineering","Engineering","Engineering",1,1,"accept","accept","accept","accept","both_accept","outgroup","outgroup","outgroup","ingroup","ingroup","same",1,"Engineering"
"14","205","205s8",8,0,23,1,1,2,2,3.28571428571429,2.42857142857143,1.85714285714286,1,9,0,1,1,0,2,2,0,0,1,4095,"bystander","target_code_1",1,0,"Humanities","Control","Engineering",0,1,"reject","accept","reject","accept","target_reject_other_accept","outgroup","outgroup","ingroup","outgroup","outgroup","different",0,"Engineering"
"14","205","205s8",8,0,23,1,1,2,2,3.28571428571429,2.42857142857143,1.85714285714286,2,-3,1,0,0,1,2,0,2,0,1,4096,"bystander","target_code_2",0,1,"Control","Humanities","Engineering",1,0,"accept","reject","accept","reject","target_accept_other_reject","outgroup","outgroup","ingroup","outgroup","outgroup","different",0,"Engineering"
"14","205","205s9",9,0,23,1,1,2,2,3.28571428571429,2.42857142857143,1.85714285714286,1,-3,1,1,2,1,2,1,2,0,1,4097,"bystander","target_code_1",2,1,"Engineering","Humanities","Engineering",1,1,"accept","accept","accept","accept","both_accept","ingroup","outgroup","ingroup","ingroup","outgroup","different",0,"Engineering"
"14","205","205s9",9,0,23,1,1,2,2,3.28571428571429,2.42857142857143,1.85714285714286,2,-3,1,1,1,2,2,2,1,0,1,4098,"bystander","target_code_2",1,2,"Humanities","Engineering","Engineering",1,1,"accept","accept","accept","accept","both_accept","outgroup","ingroup","ingroup","outgroup","ingroup","different",0,"Engineering"
"14","205","205s10",10,0,23,1,1,2,2,3.28571428571429,2.42857142857143,1.85714285714286,1,-3,1,1,1,0,1,2,0,0,2,4099,"bystander","target_code_1",1,0,"Humanities","Control","Engineering",1,1,"accept","accept","accept","accept","both_accept","ingroup","outgroup","outgroup","outgroup","outgroup","different",0,"Engineering"
"14","205","205s10",10,0,23,1,1,2,2,3.28571428571429,2.42857142857143,1.85714285714286,2,-3,1,1,0,1,1,0,2,0,2,4100,"bystander","target_code_2",0,1,"Control","Humanities","Engineering",1,1,"accept","accept","accept","accept","both_accept","outgroup","ingroup","outgroup","outgroup","outgroup","different",0,"Engineering"
"14","206","206s1",1,0,21,2,0,1,1,3.14285714285714,2,1.57142857142857,1,9,0,1,2,0,2,2,0,0,2,4101,"bystander","target_code_1",2,0,"Engineering","Control","Humanities",0,1,"reject","accept","reject","accept","target_reject_other_accept","ingroup","outgroup","outgroup","outgroup","outgroup","different",0,"Humanities"
"14","206","206s1",1,0,21,2,0,1,1,3.14285714285714,2,1.57142857142857,2,-8,1,0,0,2,2,0,2,0,2,4102,"bystander","target_code_2",0,2,"Control","Engineering","Humanities",1,0,"accept","reject","accept","reject","target_accept_other_reject","outgroup","ingroup","outgroup","outgroup","outgroup","different",0,"Humanities"
"14","206","206s2",2,0,21,2,0,1,1,3.14285714285714,2,1.57142857142857,1,-9,1,0,2,0,1,2,0,0,1,4103,"bystander","target_code_1",2,0,"Engineering","Control","Humanities",1,0,"accept","reject","accept","reject","target_accept_other_reject","outgroup","outgroup","ingroup","outgroup","outgroup","different",0,"Humanities"
"14","206","206s2",2,0,21,2,0,1,1,3.14285714285714,2,1.57142857142857,2,9,0,1,0,2,1,0,2,0,1,4104,"bystander","target_code_2",0,2,"Control","Engineering","Humanities",0,1,"reject","accept","reject","accept","target_reject_other_accept","outgroup","outgroup","ingroup","outgroup","outgroup","different",0,"Humanities"
"14","206","206s3",3,0,21,2,0,1,1,3.14285714285714,2,1.57142857142857,1,9,0,0,1,1,1,1,1,1,1,4105,"bystander","target_code_1",1,1,"Humanities","Humanities","Humanities",0,0,"reject","reject","reject","reject","both_reject","ingroup","ingroup","ingroup","ingroup","ingroup","same",1,"Humanities"
"14","206","206s3",3,0,21,2,0,1,1,3.14285714285714,2,1.57142857142857,2,9,0,0,1,1,1,1,1,1,1,4106,"bystander","target_code_2",1,1,"Humanities","Humanities","Humanities",0,0,"reject","reject","reject","reject","both_reject","ingroup","ingroup","ingroup","ingroup","ingroup","same",1,"Humanities"
"14","206","206s4",4,0,21,2,0,1,1,3.14285714285714,2,1.57142857142857,1,-9,1,1,1,0,2,1,0,0,2,4107,"bystander","target_code_1",1,0,"Humanities","Control","Humanities",1,1,"accept","accept","accept","accept","both_accept","outgroup","outgroup","outgroup","ingroup","outgroup","different",0,"Humanities"
"14","206","206s4",4,0,21,2,0,1,1,3.14285714285714,2,1.57142857142857,2,-9,1,1,0,1,2,0,1,0,2,4108,"bystander","target_code_2",0,1,"Control","Humanities","Humanities",1,1,"accept","accept","accept","accept","both_accept","outgroup","outgroup","outgroup","outgroup","ingroup","different",0,"Humanities"
"14","206","206s5",5,0,21,2,0,1,1,3.14285714285714,2,1.57142857142857,1,9,0,0,2,1,1,2,1,0,1,4109,"bystander","target_code_1",2,1,"Engineering","Humanities","Humanities",0,0,"reject","reject","reject","reject","both_reject","outgroup","ingroup","ingroup","outgroup","ingroup","different",0,"Humanities"
"14","206","206s5",5,0,21,2,0,1,1,3.14285714285714,2,1.57142857142857,2,9,0,0,1,2,1,1,2,0,1,4110,"bystander","target_code_2",1,2,"Humanities","Engineering","Humanities",0,0,"reject","reject","reject","reject","both_reject","ingroup","outgroup","ingroup","ingroup","outgroup","different",0,"Humanities"
"14","207","207s1",1,0,22,1,0,2,1.71428571428571,1.42857142857143,2.71428571428571,1.85714285714286,1,3,0,0,0,1,1,0,2,0,2,4121,"bystander","target_code_1",0,1,"Control","Humanities","Engineering",0,0,"reject","reject","reject","reject","both_reject","outgroup","ingroup","outgroup","outgroup","outgroup","different",0,"Engineering"
"14","207","207s1",1,0,22,1,0,2,1.71428571428571,1.42857142857143,2.71428571428571,1.85714285714286,2,5,0,0,1,0,1,2,0,0,2,4122,"bystander","target_code_2",1,0,"Humanities","Control","Engineering",0,0,"reject","reject","reject","reject","both_reject","ingroup","outgroup","outgroup","outgroup","outgroup","different",0,"Engineering"
"14","207","207s2",2,0,22,1,0,2,1.71428571428571,1.42857142857143,2.71428571428571,1.85714285714286,1,7,1,1,1,2,1,2,1,0,2,4123,"bystander","target_code_1",1,2,"Humanities","Engineering","Engineering",1,1,"accept","accept","accept","accept","both_accept","ingroup","outgroup","outgroup","outgroup","ingroup","different",0,"Engineering"
"14","207","207s2",2,0,22,1,0,2,1.71428571428571,1.42857142857143,2.71428571428571,1.85714285714286,2,7,1,1,2,1,1,1,2,0,2,4124,"bystander","target_code_2",2,1,"Engineering","Humanities","Engineering",1,1,"accept","accept","accept","accept","both_accept","outgroup","ingroup","outgroup","ingroup","outgroup","different",0,"Engineering"
"14","207","207s3",3,0,22,1,0,2,1.71428571428571,1.42857142857143,2.71428571428571,1.85714285714286,1,2,0,1,2,1,2,1,2,0,1,4125,"bystander","target_code_1",2,1,"Engineering","Humanities","Engineering",0,1,"reject","accept","reject","accept","target_reject_other_accept","ingroup","outgroup","ingroup","ingroup","outgroup","different",0,"Engineering"
"14","207","207s3",3,0,22,1,0,2,1.71428571428571,1.42857142857143,2.71428571428571,1.85714285714286,2,-3,1,0,1,2,2,2,1,0,1,4126,"bystander","target_code_2",1,2,"Humanities","Engineering","Engineering",1,0,"accept","reject","accept","reject","target_accept_other_reject","outgroup","ingroup","ingroup","outgroup","ingroup","different",0,"Engineering"
"14","207","207s4",4,0,22,1,0,2,1.71428571428571,1.42857142857143,2.71428571428571,1.85714285714286,1,8,0,0,0,0,1,0,0,1,2,4127,"bystander","target_code_1",0,0,"Control","Control","Engineering",0,0,"reject","reject","reject","reject","both_reject","outgroup","outgroup","outgroup","outgroup","outgroup","same",1,"Engineering"
"14","207","207s4",4,0,22,1,0,2,1.71428571428571,1.42857142857143,2.71428571428571,1.85714285714286,2,8,0,0,0,0,1,0,0,1,2,4128,"bystander","target_code_2",0,0,"Control","Control","Engineering",0,0,"reject","reject","reject","reject","both_reject","outgroup","outgroup","outgroup","outgroup","outgroup","same",1,"Engineering"
"14","207","207s5",5,0,22,1,0,2,1.71428571428571,1.42857142857143,2.71428571428571,1.85714285714286,1,-2,0,1,2,1,1,1,2,0,2,4129,"bystander","target_code_1",2,1,"Engineering","Humanities","Engineering",0,1,"reject","accept","reject","accept","target_reject_other_accept","outgroup","ingroup","outgroup","ingroup","outgroup","different",0,"Engineering"
"14","207","207s5",5,0,22,1,0,2,1.71428571428571,1.42857142857143,2.71428571428571,1.85714285714286,2,2,1,0,1,2,1,2,1,0,2,4130,"bystander","target_code_2",1,2,"Humanities","Engineering","Engineering",1,0,"accept","reject","accept","reject","target_accept_other_reject","ingroup","outgroup","outgroup","outgroup","ingroup","different",0,"Engineering"
"14","208","208s6",6,0,18,3,0,1,3,2.28571428571429,2,2,1,-9,1,0,2,0,2,2,0,0,2,4151,"bystander","target_code_1",2,0,"Engineering","Control","Humanities",1,0,"accept","reject","accept","reject","target_accept_other_reject","ingroup","outgroup","outgroup","outgroup","outgroup","different",0,"Humanities"
"14","208","208s6",6,0,18,3,0,1,3,2.28571428571429,2,2,2,2,0,1,0,2,2,0,2,0,2,4152,"bystander","target_code_2",0,2,"Control","Engineering","Humanities",0,1,"reject","accept","reject","accept","target_reject_other_accept","outgroup","ingroup","outgroup","outgroup","outgroup","different",0,"Humanities"
"14","208","208s7",7,0,18,3,0,1,3,2.28571428571429,2,2,1,9,0,0,1,1,1,1,1,1,1,4153,"bystander","target_code_1",1,1,"Humanities","Humanities","Humanities",0,0,"reject","reject","reject","reject","both_reject","ingroup","ingroup","ingroup","ingroup","ingroup","same",1,"Humanities"
"14","208","208s7",7,0,18,3,0,1,3,2.28571428571429,2,2,2,9,0,0,1,1,1,1,1,1,1,4154,"bystander","target_code_2",1,1,"Humanities","Humanities","Humanities",0,0,"reject","reject","reject","reject","both_reject","ingroup","ingroup","ingroup","ingroup","ingroup","same",1,"Humanities"
"14","208","208s8",8,0,18,3,0,1,3,2.28571428571429,2,2,1,-9,1,1,0,2,1,0,2,0,1,4155,"bystander","target_code_1",0,2,"Control","Engineering","Humanities",1,1,"accept","accept","accept","accept","both_accept","outgroup","outgroup","ingroup","outgroup","outgroup","different",0,"Humanities"
"14","208","208s8",8,0,18,3,0,1,3,2.28571428571429,2,2,2,-9,1,1,2,0,1,2,0,0,1,4156,"bystander","target_code_2",2,0,"Engineering","Control","Humanities",1,1,"accept","accept","accept","accept","both_accept","outgroup","outgroup","ingroup","outgroup","outgroup","different",0,"Humanities"
"14","208","208s9",9,0,18,3,0,1,3,2.28571428571429,2,2,1,9,0,0,1,1,1,1,1,1,1,4157,"bystander","target_code_1",1,1,"Humanities","Humanities","Humanities",0,0,"reject","reject","reject","reject","both_reject","ingroup","ingroup","ingroup","ingroup","ingroup","same",1,"Humanities"
"14","208","208s9",9,0,18,3,0,1,3,2.28571428571429,2,2,2,9,0,0,1,1,1,1,1,1,1,4158,"bystander","target_code_2",1,1,"Humanities","Humanities","Humanities",0,0,"reject","reject","reject","reject","both_reject","ingroup","ingroup","ingroup","ingroup","ingroup","same",1,"Humanities"
"14","208","208s10",10,0,18,3,0,1,3,2.28571428571429,2,2,1,9,0,0,2,1,2,2,1,0,2,4159,"bystander","target_code_1",2,1,"Engineering","Humanities","Humanities",0,0,"reject","reject","reject","reject","both_reject","ingroup","outgroup","outgroup","outgroup","ingroup","different",0,"Humanities"
"14","208","208s10",10,0,18,3,0,1,3,2.28571428571429,2,2,2,9,0,0,1,2,2,1,2,0,2,4160,"bystander","target_code_2",1,2,"Humanities","Engineering","Humanities",0,0,"reject","reject","reject","reject","both_reject","outgroup","ingroup","outgroup","ingroup","outgroup","different",0,"Humanities"
"14","209","209s1",1,0,19,1,0,1,2.28571428571429,3.14285714285714,3.14285714285714,2.14285714285714,1,-3,1,0,0,1,2,0,1,0,2,4161,"bystander","target_code_1",0,1,"Control","Humanities","Humanities",1,0,"accept","reject","accept","reject","target_accept_other_reject","outgroup","outgroup","outgroup","outgroup","ingroup","different",0,"Humanities"
"14","209","209s1",1,0,19,1,0,1,2.28571428571429,3.14285714285714,3.14285714285714,2.14285714285714,2,0,0,1,1,0,2,1,0,0,2,4162,"bystander","target_code_2",1,0,"Humanities","Control","Humanities",0,1,"reject","accept","reject","accept","target_reject_other_accept","outgroup","outgroup","outgroup","ingroup","outgroup","different",0,"Humanities"
"14","209","209s2",2,0,19,1,0,1,2.28571428571429,3.14285714285714,3.14285714285714,2.14285714285714,1,-3,1,0,2,2,1,2,2,1,1,4163,"bystander","target_code_1",2,2,"Engineering","Engineering","Humanities",1,0,"accept","reject","accept","reject","target_accept_other_reject","outgroup","outgroup","ingroup","outgroup","outgroup","same",1,"Humanities"
"14","209","209s2",2,0,19,1,0,1,2.28571428571429,3.14285714285714,3.14285714285714,2.14285714285714,2,1,0,1,2,2,1,2,2,1,1,4164,"bystander","target_code_2",2,2,"Engineering","Engineering","Humanities",0,1,"reject","accept","reject","accept","target_reject_other_accept","outgroup","outgroup","ingroup","outgroup","outgroup","same",1,"Humanities"
"14","209","209s3",3,0,19,1,0,1,2.28571428571429,3.14285714285714,3.14285714285714,2.14285714285714,1,-1,1,0,2,2,2,2,2,1,2,4165,"bystander","target_code_1",2,2,"Engineering","Engineering","Humanities",1,0,"accept","reject","accept","reject","target_accept_other_reject","ingroup","ingroup","outgroup","outgroup","outgroup","same",1,"Humanities"
"14","209","209s3",3,0,19,1,0,1,2.28571428571429,3.14285714285714,3.14285714285714,2.14285714285714,2,1,0,1,2,2,2,2,2,1,2,4166,"bystander","target_code_2",2,2,"Engineering","Engineering","Humanities",0,1,"reject","accept","reject","accept","target_reject_other_accept","ingroup","ingroup","outgroup","outgroup","outgroup","same",1,"Humanities"
"14","209","209s4",4,0,19,1,0,1,2.28571428571429,3.14285714285714,3.14285714285714,2.14285714285714,1,-1,1,0,1,2,1,1,2,0,1,4167,"bystander","target_code_1",1,2,"Humanities","Engineering","Humanities",1,0,"accept","reject","accept","reject","target_accept_other_reject","ingroup","outgroup","ingroup","ingroup","outgroup","different",0,"Humanities"
"14","209","209s4",4,0,19,1,0,1,2.28571428571429,3.14285714285714,3.14285714285714,2.14285714285714,2,1,0,1,2,1,1,2,1,0,1,4168,"bystander","target_code_2",2,1,"Engineering","Humanities","Humanities",0,1,"reject","accept","reject","accept","target_reject_other_accept","outgroup","ingroup","ingroup","outgroup","ingroup","different",0,"Humanities"
"14","209","209s5",5,0,19,1,0,1,2.28571428571429,3.14285714285714,3.14285714285714,2.14285714285714,1,-4,1,1,2,0,1,2,0,0,1,4169,"bystander","target_code_1",2,0,"Engineering","Control","Humanities",1,1,"accept","accept","accept","accept","both_accept","outgroup","outgroup","ingroup","outgroup","outgroup","different",0,"Humanities"
"14","209","209s5",5,0,19,1,0,1,2.28571428571429,3.14285714285714,3.14285714285714,2.14285714285714,2,-4,1,1,0,2,1,0,2,0,1,4170,"bystander","target_code_2",0,2,"Control","Engineering","Humanities",1,1,"accept","accept","accept","accept","both_accept","outgroup","outgroup","ingroup","outgroup","outgroup","different",0,"Humanities"
"14","210","210s1",1,0,18,3,1,2,3.28571428571429,3,1.85714285714286,2.71428571428571,1,-5,1,1,1,0,1,2,0,0,2,4181,"bystander","target_code_1",1,0,"Humanities","Control","Engineering",1,1,"accept","accept","accept","accept","both_accept","ingroup","outgroup","outgroup","outgroup","outgroup","different",0,"Engineering"
"14","210","210s1",1,0,18,3,1,2,3.28571428571429,3,1.85714285714286,2.71428571428571,2,-5,1,1,0,1,1,0,2,0,2,4182,"bystander","target_code_2",0,1,"Control","Humanities","Engineering",1,1,"accept","accept","accept","accept","both_accept","outgroup","ingroup","outgroup","outgroup","outgroup","different",0,"Engineering"
"14","210","210s2",2,0,18,3,1,2,3.28571428571429,3,1.85714285714286,2.71428571428571,1,9,0,1,1,1,2,2,2,1,1,4183,"bystander","target_code_1",1,1,"Humanities","Humanities","Engineering",0,1,"reject","accept","reject","accept","target_reject_other_accept","outgroup","outgroup","ingroup","outgroup","outgroup","same",1,"Engineering"
"14","210","210s2",2,0,18,3,1,2,3.28571428571429,3,1.85714285714286,2.71428571428571,2,-9,1,0,1,1,2,2,2,1,1,4184,"bystander","target_code_2",1,1,"Humanities","Humanities","Engineering",1,0,"accept","reject","accept","reject","target_accept_other_reject","outgroup","outgroup","ingroup","outgroup","outgroup","same",1,"Engineering"
"14","210","210s3",3,0,18,3,1,2,3.28571428571429,3,1.85714285714286,2.71428571428571,1,9,0,0,2,1,1,1,2,0,2,4185,"bystander","target_code_1",2,1,"Engineering","Humanities","Engineering",0,0,"reject","reject","reject","reject","both_reject","outgroup","ingroup","outgroup","ingroup","outgroup","different",0,"Engineering"
"14","210","210s3",3,0,18,3,1,2,3.28571428571429,3,1.85714285714286,2.71428571428571,2,9,0,0,1,2,1,2,1,0,2,4186,"bystander","target_code_2",1,2,"Humanities","Engineering","Engineering",0,0,"reject","reject","reject","reject","both_reject","ingroup","outgroup","outgroup","outgroup","ingroup","different",0,"Engineering"
"14","210","210s4",4,0,18,3,1,2,3.28571428571429,3,1.85714285714286,2.71428571428571,1,-5,1,0,0,1,2,0,2,0,1,4187,"bystander","target_code_1",0,1,"Control","Humanities","Engineering",1,0,"accept","reject","accept","reject","target_accept_other_reject","outgroup","outgroup","ingroup","outgroup","outgroup","different",0,"Engineering"
"14","210","210s4",4,0,18,3,1,2,3.28571428571429,3,1.85714285714286,2.71428571428571,2,9,0,1,1,0,2,2,0,0,1,4188,"bystander","target_code_2",1,0,"Humanities","Control","Engineering",0,1,"reject","accept","reject","accept","target_reject_other_accept","outgroup","outgroup","ingroup","outgroup","outgroup","different",0,"Engineering"
"14","210","210s5",5,0,18,3,1,2,3.28571428571429,3,1.85714285714286,2.71428571428571,1,-9,1,0,1,2,2,2,1,0,1,4189,"bystander","target_code_1",1,2,"Humanities","Engineering","Engineering",1,0,"accept","reject","accept","reject","target_accept_other_reject","outgroup","ingroup","ingroup","outgroup","ingroup","different",0,"Engineering"
"14","210","210s5",5,0,18,3,1,2,3.28571428571429,3,1.85714285714286,2.71428571428571,2,9,0,1,2,1,2,1,2,0,1,4190,"bystander","target_code_2",2,1,"Engineering","Humanities","Engineering",0,1,"reject","accept","reject","accept","target_reject_other_accept","ingroup","outgroup","ingroup","ingroup","outgroup","different",0,"Engineering"
"14","211","211s6",6,0,18,3,0,1,3.57142857142857,3.14285714285714,1.85714285714286,1.28571428571429,1,9,0,0,2,1,2,2,1,0,2,4211,"bystander","target_code_1",2,1,"Engineering","Humanities","Humanities",0,0,"reject","reject","reject","reject","both_reject","ingroup","outgroup","outgroup","outgroup","ingroup","different",0,"Humanities"
"14","211","211s6",6,0,18,3,0,1,3.57142857142857,3.14285714285714,1.85714285714286,1.28571428571429,2,9,0,0,1,2,2,1,2,0,2,4212,"bystander","target_code_2",1,2,"Humanities","Engineering","Humanities",0,0,"reject","reject","reject","reject","both_reject","outgroup","ingroup","outgroup","ingroup","outgroup","different",0,"Humanities"
"14","211","211s7",7,0,18,3,0,1,3.57142857142857,3.14285714285714,1.85714285714286,1.28571428571429,1,-4,1,1,2,1,1,2,1,0,1,4213,"bystander","target_code_1",2,1,"Engineering","Humanities","Humanities",1,1,"accept","accept","accept","accept","both_accept","outgroup","ingroup","ingroup","outgroup","ingroup","different",0,"Humanities"
"14","211","211s7",7,0,18,3,0,1,3.57142857142857,3.14285714285714,1.85714285714286,1.28571428571429,2,-7,1,1,1,2,1,1,2,0,1,4214,"bystander","target_code_2",1,2,"Humanities","Engineering","Humanities",1,1,"accept","accept","accept","accept","both_accept","ingroup","outgroup","ingroup","ingroup","outgroup","different",0,"Humanities"
"14","211","211s8",8,0,18,3,0,1,3.57142857142857,3.14285714285714,1.85714285714286,1.28571428571429,1,-9,1,0,1,2,2,1,2,0,2,4215,"bystander","target_code_1",1,2,"Humanities","Engineering","Humanities",1,0,"accept","reject","accept","reject","target_accept_other_reject","outgroup","ingroup","outgroup","ingroup","outgroup","different",0,"Humanities"
"14","211","211s8",8,0,18,3,0,1,3.57142857142857,3.14285714285714,1.85714285714286,1.28571428571429,2,0,0,1,2,1,2,2,1,0,2,4216,"bystander","target_code_2",2,1,"Engineering","Humanities","Humanities",0,1,"reject","accept","reject","accept","target_reject_other_accept","ingroup","outgroup","outgroup","outgroup","ingroup","different",0,"Humanities"
"14","211","211s9",9,0,18,3,0,1,3.57142857142857,3.14285714285714,1.85714285714286,1.28571428571429,1,-2,1,0,0,0,2,0,0,1,2,4217,"bystander","target_code_1",0,0,"Control","Control","Humanities",1,0,"accept","reject","accept","reject","target_accept_other_reject","outgroup","outgroup","outgroup","outgroup","outgroup","same",1,"Humanities"
"14","211","211s9",9,0,18,3,0,1,3.57142857142857,3.14285714285714,1.85714285714286,1.28571428571429,2,0,0,1,0,0,2,0,0,1,2,4218,"bystander","target_code_2",0,0,"Control","Control","Humanities",0,1,"reject","accept","reject","accept","target_reject_other_accept","outgroup","outgroup","outgroup","outgroup","outgroup","same",1,"Humanities"
"14","211","211s10",10,0,18,3,0,1,3.57142857142857,3.14285714285714,1.85714285714286,1.28571428571429,1,-3,1,1,0,1,2,0,1,0,2,4219,"bystander","target_code_1",0,1,"Control","Humanities","Humanities",1,1,"accept","accept","accept","accept","both_accept","outgroup","outgroup","outgroup","outgroup","ingroup","different",0,"Humanities"
"14","211","211s10",10,0,18,3,0,1,3.57142857142857,3.14285714285714,1.85714285714286,1.28571428571429,2,-6,1,1,1,0,2,1,0,0,2,4220,"bystander","target_code_2",1,0,"Humanities","Control","Humanities",1,1,"accept","accept","accept","accept","both_accept","outgroup","outgroup","outgroup","ingroup","outgroup","different",0,"Humanities"
"14","212","212s1",1,0,18,3,1,1,2.14285714285714,1.85714285714286,2,2.14285714285714,1,-9,1,0,0,2,1,0,2,0,1,4221,"bystander","target_code_1",0,2,"Control","Engineering","Humanities",1,0,"accept","reject","accept","reject","target_accept_other_reject","outgroup","outgroup","ingroup","outgroup","outgroup","different",0,"Humanities"
"14","212","212s1",1,0,18,3,1,1,2.14285714285714,1.85714285714286,2,2.14285714285714,2,9,0,1,2,0,1,2,0,0,1,4222,"bystander","target_code_2",2,0,"Engineering","Control","Humanities",0,1,"reject","accept","reject","accept","target_reject_other_accept","outgroup","outgroup","ingroup","outgroup","outgroup","different",0,"Humanities"
"14","212","212s2",2,0,18,3,1,1,2.14285714285714,1.85714285714286,2,2.14285714285714,1,-9,1,1,0,1,1,0,1,0,1,4223,"bystander","target_code_1",0,1,"Control","Humanities","Humanities",1,1,"accept","accept","accept","accept","both_accept","outgroup","ingroup","ingroup","outgroup","ingroup","different",0,"Humanities"
"14","212","212s2",2,0,18,3,1,1,2.14285714285714,1.85714285714286,2,2.14285714285714,2,-9,1,1,1,0,1,1,0,0,1,4224,"bystander","target_code_2",1,0,"Humanities","Control","Humanities",1,1,"accept","accept","accept","accept","both_accept","ingroup","outgroup","ingroup","ingroup","outgroup","different",0,"Humanities"
"14","212","212s3",3,0,18,3,1,1,2.14285714285714,1.85714285714286,2,2.14285714285714,1,-9,1,0,0,2,1,0,2,0,1,4225,"bystander","target_code_1",0,2,"Control","Engineering","Humanities",1,0,"accept","reject","accept","reject","target_accept_other_reject","outgroup","outgroup","ingroup","outgroup","outgroup","different",0,"Humanities"
"14","212","212s3",3,0,18,3,1,1,2.14285714285714,1.85714285714286,2,2.14285714285714,2,9,0,1,2,0,1,2,0,0,1,4226,"bystander","target_code_2",2,0,"Engineering","Control","Humanities",0,1,"reject","accept","reject","accept","target_reject_other_accept","outgroup","outgroup","ingroup","outgroup","outgroup","different",0,"Humanities"
"14","212","212s4",4,0,18,3,1,1,2.14285714285714,1.85714285714286,2,2.14285714285714,1,-9,1,0,2,2,2,2,2,1,2,4227,"bystander","target_code_1",2,2,"Engineering","Engineering","Humanities",1,0,"accept","reject","accept","reject","target_accept_other_reject","ingroup","ingroup","outgroup","outgroup","outgroup","same",1,"Humanities"
"14","212","212s4",4,0,18,3,1,1,2.14285714285714,1.85714285714286,2,2.14285714285714,2,9,0,1,2,2,2,2,2,1,2,4228,"bystander","target_code_2",2,2,"Engineering","Engineering","Humanities",0,1,"reject","accept","reject","accept","target_reject_other_accept","ingroup","ingroup","outgroup","outgroup","outgroup","same",1,"Humanities"
"14","212","212s5",5,0,18,3,1,1,2.14285714285714,1.85714285714286,2,2.14285714285714,1,-9,1,0,2,2,2,2,2,1,2,4229,"bystander","target_code_1",2,2,"Engineering","Engineering","Humanities",1,0,"accept","reject","accept","reject","target_accept_other_reject","ingroup","ingroup","outgroup","outgroup","outgroup","same",1,"Humanities"
"14","212","212s5",5,0,18,3,1,1,2.14285714285714,1.85714285714286,2,2.14285714285714,2,9,0,1,2,2,2,2,2,1,2,4230,"bystander","target_code_2",2,2,"Engineering","Engineering","Humanities",0,1,"reject","accept","reject","accept","target_reject_other_accept","ingroup","ingroup","outgroup","outgroup","outgroup","same",1,"Humanities"
"15","213","213s1",1,0,27,3,0,2,1.42857142857143,1.85714285714286,2.28571428571429,1.57142857142857,1,0,0,1,1,1,1,2,2,1,2,4241,"bystander","target_code_1",1,1,"Humanities","Humanities","Engineering",0,1,"reject","accept","reject","accept","target_reject_other_accept","ingroup","ingroup","outgroup","outgroup","outgroup","same",1,"Engineering"
"15","213","213s1",1,0,27,3,0,2,1.42857142857143,1.85714285714286,2.28571428571429,1.57142857142857,2,0,1,0,1,1,1,2,2,1,2,4242,"bystander","target_code_2",1,1,"Humanities","Humanities","Engineering",1,0,"accept","reject","accept","reject","target_accept_other_reject","ingroup","ingroup","outgroup","outgroup","outgroup","same",1,"Engineering"
"15","213","213s2",2,0,27,3,0,2,1.42857142857143,1.85714285714286,2.28571428571429,1.57142857142857,1,0,1,1,2,1,1,1,2,0,2,4243,"bystander","target_code_1",2,1,"Engineering","Humanities","Engineering",1,1,"accept","accept","accept","accept","both_accept","outgroup","ingroup","outgroup","ingroup","outgroup","different",0,"Engineering"
"15","213","213s2",2,0,27,3,0,2,1.42857142857143,1.85714285714286,2.28571428571429,1.57142857142857,2,0,1,1,1,2,1,2,1,0,2,4244,"bystander","target_code_2",1,2,"Humanities","Engineering","Engineering",1,1,"accept","accept","accept","accept","both_accept","ingroup","outgroup","outgroup","outgroup","ingroup","different",0,"Engineering"
"15","213","213s3",3,0,27,3,0,2,1.42857142857143,1.85714285714286,2.28571428571429,1.57142857142857,1,9,0,0,2,2,2,1,1,1,1,4245,"bystander","target_code_1",2,2,"Engineering","Engineering","Engineering",0,0,"reject","reject","reject","reject","both_reject","ingroup","ingroup","ingroup","ingroup","ingroup","same",1,"Engineering"
"15","213","213s3",3,0,27,3,0,2,1.42857142857143,1.85714285714286,2.28571428571429,1.57142857142857,2,9,0,0,2,2,2,1,1,1,1,4246,"bystander","target_code_2",2,2,"Engineering","Engineering","Engineering",0,0,"reject","reject","reject","reject","both_reject","ingroup","ingroup","ingroup","ingroup","ingroup","same",1,"Engineering"
"15","213","213s4",4,0,27,3,0,2,1.42857142857143,1.85714285714286,2.28571428571429,1.57142857142857,1,9,0,0,1,0,1,2,0,0,2,4247,"bystander","target_code_1",1,0,"Humanities","Control","Engineering",0,0,"reject","reject","reject","reject","both_reject","ingroup","outgroup","outgroup","outgroup","outgroup","different",0,"Engineering"
"15","213","213s4",4,0,27,3,0,2,1.42857142857143,1.85714285714286,2.28571428571429,1.57142857142857,2,9,0,0,0,1,1,0,2,0,2,4248,"bystander","target_code_2",0,1,"Control","Humanities","Engineering",0,0,"reject","reject","reject","reject","both_reject","outgroup","ingroup","outgroup","outgroup","outgroup","different",0,"Engineering"
"15","213","213s5",5,0,27,3,0,2,1.42857142857143,1.85714285714286,2.28571428571429,1.57142857142857,1,-9,1,0,2,0,2,1,0,0,1,4249,"bystander","target_code_1",2,0,"Engineering","Control","Engineering",1,0,"accept","reject","accept","reject","target_accept_other_reject","ingroup","outgroup","ingroup","ingroup","outgroup","different",0,"Engineering"
"15","213","213s5",5,0,27,3,0,2,1.42857142857143,1.85714285714286,2.28571428571429,1.57142857142857,2,-9,0,1,0,2,2,0,1,0,1,4250,"bystander","target_code_2",0,2,"Control","Engineering","Engineering",0,1,"reject","accept","reject","accept","target_reject_other_accept","outgroup","ingroup","ingroup","outgroup","ingroup","different",0,"Engineering"
"15","214","214s1",1,0,19,4,1,1,1.28571428571429,2.28571428571429,2.42857142857143,1.57142857142857,1,9,0,0,1,1,1,1,1,1,1,4261,"bystander","target_code_1",1,1,"Humanities","Humanities","Humanities",0,0,"reject","reject","reject","reject","both_reject","ingroup","ingroup","ingroup","ingroup","ingroup","same",1,"Humanities"
"15","214","214s1",1,0,19,4,1,1,1.28571428571429,2.28571428571429,2.42857142857143,1.57142857142857,2,9,0,0,1,1,1,1,1,1,1,4262,"bystander","target_code_2",1,1,"Humanities","Humanities","Humanities",0,0,"reject","reject","reject","reject","both_reject","ingroup","ingroup","ingroup","ingroup","ingroup","same",1,"Humanities"
"15","214","214s2",2,0,19,4,1,1,1.28571428571429,2.28571428571429,2.42857142857143,1.57142857142857,1,-4,1,1,0,2,1,0,2,0,1,4263,"bystander","target_code_1",0,2,"Control","Engineering","Humanities",1,1,"accept","accept","accept","accept","both_accept","outgroup","outgroup","ingroup","outgroup","outgroup","different",0,"Humanities"
"15","214","214s2",2,0,19,4,1,1,1.28571428571429,2.28571428571429,2.42857142857143,1.57142857142857,2,-4,1,1,2,0,1,2,0,0,1,4264,"bystander","target_code_2",2,0,"Engineering","Control","Humanities",1,1,"accept","accept","accept","accept","both_accept","outgroup","outgroup","ingroup","outgroup","outgroup","different",0,"Humanities"
"15","214","214s3",3,0,19,4,1,1,1.28571428571429,2.28571428571429,2.42857142857143,1.57142857142857,1,9,0,0,0,0,1,0,0,1,1,4265,"bystander","target_code_1",0,0,"Control","Control","Humanities",0,0,"reject","reject","reject","reject","both_reject","outgroup","outgroup","ingroup","outgroup","outgroup","same",1,"Humanities"
"15","214","214s3",3,0,19,4,1,1,1.28571428571429,2.28571428571429,2.42857142857143,1.57142857142857,2,9,0,0,0,0,1,0,0,1,1,4266,"bystander","target_code_2",0,0,"Control","Control","Humanities",0,0,"reject","reject","reject","reject","both_reject","outgroup","outgroup","ingroup","outgroup","outgroup","same",1,"Humanities"
"15","214","214s4",4,0,19,4,1,1,1.28571428571429,2.28571428571429,2.42857142857143,1.57142857142857,1,-3,1,1,1,1,2,1,1,1,2,4267,"bystander","target_code_1",1,1,"Humanities","Humanities","Humanities",1,1,"accept","accept","accept","accept","both_accept","outgroup","outgroup","outgroup","ingroup","ingroup","same",1,"Humanities"
"15","214","214s4",4,0,19,4,1,1,1.28571428571429,2.28571428571429,2.42857142857143,1.57142857142857,2,-3,1,1,1,1,2,1,1,1,2,4268,"bystander","target_code_2",1,1,"Humanities","Humanities","Humanities",1,1,"accept","accept","accept","accept","both_accept","outgroup","outgroup","outgroup","ingroup","ingroup","same",1,"Humanities"
"15","214","214s5",5,0,19,4,1,1,1.28571428571429,2.28571428571429,2.42857142857143,1.57142857142857,1,9,0,0,2,1,2,2,1,0,2,4269,"bystander","target_code_1",2,1,"Engineering","Humanities","Humanities",0,0,"reject","reject","reject","reject","both_reject","ingroup","outgroup","outgroup","outgroup","ingroup","different",0,"Humanities"
"15","214","214s5",5,0,19,4,1,1,1.28571428571429,2.28571428571429,2.42857142857143,1.57142857142857,2,9,0,0,1,2,2,1,2,0,2,4270,"bystander","target_code_2",1,2,"Humanities","Engineering","Humanities",0,0,"reject","reject","reject","reject","both_reject","outgroup","ingroup","outgroup","ingroup","outgroup","different",0,"Humanities"
"15","215","215s6",6,0,19,2,0,2,2.71428571428571,3.42857142857143,3,2.14285714285714,1,-5,1,0,0,2,1,0,1,0,2,4291,"bystander","target_code_1",0,2,"Control","Engineering","Engineering",1,0,"accept","reject","accept","reject","target_accept_other_reject","outgroup","outgroup","outgroup","outgroup","ingroup","different",0,"Engineering"
"15","215","215s6",6,0,19,2,0,2,2.71428571428571,3.42857142857143,3,2.14285714285714,2,5,0,1,2,0,1,1,0,0,2,4292,"bystander","target_code_2",2,0,"Engineering","Control","Engineering",0,1,"reject","accept","reject","accept","target_reject_other_accept","outgroup","outgroup","outgroup","ingroup","outgroup","different",0,"Engineering"
"15","215","215s7",7,0,19,2,0,2,2.71428571428571,3.42857142857143,3,2.14285714285714,1,5,0,0,1,1,2,2,2,1,1,4293,"bystander","target_code_1",1,1,"Humanities","Humanities","Engineering",0,0,"reject","reject","reject","reject","both_reject","outgroup","outgroup","ingroup","outgroup","outgroup","same",1,"Engineering"
"15","215","215s7",7,0,19,2,0,2,2.71428571428571,3.42857142857143,3,2.14285714285714,2,5,0,0,1,1,2,2,2,1,1,4294,"bystander","target_code_2",1,1,"Humanities","Humanities","Engineering",0,0,"reject","reject","reject","reject","both_reject","outgroup","outgroup","ingroup","outgroup","outgroup","same",1,"Engineering"
"15","215","215s8",8,0,19,2,0,2,2.71428571428571,3.42857142857143,3,2.14285714285714,1,4,0,0,2,1,1,1,2,0,2,4295,"bystander","target_code_1",2,1,"Engineering","Humanities","Engineering",0,0,"reject","reject","reject","reject","both_reject","outgroup","ingroup","outgroup","ingroup","outgroup","different",0,"Engineering"
"15","215","215s8",8,0,19,2,0,2,2.71428571428571,3.42857142857143,3,2.14285714285714,2,4,0,0,1,2,1,2,1,0,2,4296,"bystander","target_code_2",1,2,"Humanities","Engineering","Engineering",0,0,"reject","reject","reject","reject","both_reject","ingroup","outgroup","outgroup","outgroup","ingroup","different",0,"Engineering"
"15","215","215s9",9,0,19,2,0,2,2.71428571428571,3.42857142857143,3,2.14285714285714,1,3,0,1,2,0,2,1,0,0,1,4297,"bystander","target_code_1",2,0,"Engineering","Control","Engineering",0,1,"reject","accept","reject","accept","target_reject_other_accept","ingroup","outgroup","ingroup","ingroup","outgroup","different",0,"Engineering"
"15","215","215s9",9,0,19,2,0,2,2.71428571428571,3.42857142857143,3,2.14285714285714,2,-4,1,0,0,2,2,0,1,0,1,4298,"bystander","target_code_2",0,2,"Control","Engineering","Engineering",1,0,"accept","reject","accept","reject","target_accept_other_reject","outgroup","ingroup","ingroup","outgroup","ingroup","different",0,"Engineering"
"15","215","215s10",10,0,19,2,0,2,2.71428571428571,3.42857142857143,3,2.14285714285714,1,3,0,1,1,2,2,2,1,0,1,4299,"bystander","target_code_1",1,2,"Humanities","Engineering","Engineering",0,1,"reject","accept","reject","accept","target_reject_other_accept","outgroup","ingroup","ingroup","outgroup","ingroup","different",0,"Engineering"
"15","215","215s10",10,0,19,2,0,2,2.71428571428571,3.42857142857143,3,2.14285714285714,2,-4,1,0,2,1,2,1,2,0,1,4300,"bystander","target_code_2",2,1,"Engineering","Humanities","Engineering",1,0,"accept","reject","accept","reject","target_accept_other_reject","ingroup","outgroup","ingroup","ingroup","outgroup","different",0,"Engineering"
"15","216","216s1",1,0,23,3,0,1,2.85714285714286,2.57142857142857,2.57142857142857,1.71428571428571,1,-3,1,0,1,2,2,1,2,0,2,4301,"bystander","target_code_1",1,2,"Humanities","Engineering","Humanities",1,0,"accept","reject","accept","reject","target_accept_other_reject","outgroup","ingroup","outgroup","ingroup","outgroup","different",0,"Humanities"
"15","216","216s1",1,0,23,3,0,1,2.85714285714286,2.57142857142857,2.57142857142857,1.71428571428571,2,3,0,1,2,1,2,2,1,0,2,4302,"bystander","target_code_2",2,1,"Engineering","Humanities","Humanities",0,1,"reject","accept","reject","accept","target_reject_other_accept","ingroup","outgroup","outgroup","outgroup","ingroup","different",0,"Humanities"
"15","216","216s2",2,0,23,3,0,1,2.85714285714286,2.57142857142857,2.57142857142857,1.71428571428571,1,-3,1,0,0,0,2,0,0,1,2,4303,"bystander","target_code_1",0,0,"Control","Control","Humanities",1,0,"accept","reject","accept","reject","target_accept_other_reject","outgroup","outgroup","outgroup","outgroup","outgroup","same",1,"Humanities"
"15","216","216s2",2,0,23,3,0,1,2.85714285714286,2.57142857142857,2.57142857142857,1.71428571428571,2,3,0,1,0,0,2,0,0,1,2,4304,"bystander","target_code_2",0,0,"Control","Control","Humanities",0,1,"reject","accept","reject","accept","target_reject_other_accept","outgroup","outgroup","outgroup","outgroup","outgroup","same",1,"Humanities"
"15","216","216s3",3,0,23,3,0,1,2.85714285714286,2.57142857142857,2.57142857142857,1.71428571428571,1,4,0,0,0,0,2,0,0,1,2,4305,"bystander","target_code_1",0,0,"Control","Control","Humanities",0,0,"reject","reject","reject","reject","both_reject","outgroup","outgroup","outgroup","outgroup","outgroup","same",1,"Humanities"
"15","216","216s3",3,0,23,3,0,1,2.85714285714286,2.57142857142857,2.57142857142857,1.71428571428571,2,4,0,0,0,0,2,0,0,1,2,4306,"bystander","target_code_2",0,0,"Control","Control","Humanities",0,0,"reject","reject","reject","reject","both_reject","outgroup","outgroup","outgroup","outgroup","outgroup","same",1,"Humanities"
"15","216","216s4",4,0,23,3,0,1,2.85714285714286,2.57142857142857,2.57142857142857,1.71428571428571,1,3,0,1,2,1,1,2,1,0,1,4307,"bystander","target_code_1",2,1,"Engineering","Humanities","Humanities",0,1,"reject","accept","reject","accept","target_reject_other_accept","outgroup","ingroup","ingroup","outgroup","ingroup","different",0,"Humanities"
"15","216","216s4",4,0,23,3,0,1,2.85714285714286,2.57142857142857,2.57142857142857,1.71428571428571,2,-5,1,0,1,2,1,1,2,0,1,4308,"bystander","target_code_2",1,2,"Humanities","Engineering","Humanities",1,0,"accept","reject","accept","reject","target_accept_other_reject","ingroup","outgroup","ingroup","ingroup","outgroup","different",0,"Humanities"
"15","216","216s5",5,0,23,3,0,1,2.85714285714286,2.57142857142857,2.57142857142857,1.71428571428571,1,-6,1,0,2,2,2,2,2,1,2,4309,"bystander","target_code_1",2,2,"Engineering","Engineering","Humanities",1,0,"accept","reject","accept","reject","target_accept_other_reject","ingroup","ingroup","outgroup","outgroup","outgroup","same",1,"Humanities"
"15","216","216s5",5,0,23,3,0,1,2.85714285714286,2.57142857142857,2.57142857142857,1.71428571428571,2,4,0,1,2,2,2,2,2,1,2,4310,"bystander","target_code_2",2,2,"Engineering","Engineering","Humanities",0,1,"reject","accept","reject","accept","target_reject_other_accept","ingroup","ingroup","outgroup","outgroup","outgroup","same",1,"Humanities"
"15","217","217s6",6,0,21,1,0,1,2.28571428571429,1.14285714285714,1.28571428571429,0.428571428571428,1,2,0,1,2,0,2,2,0,0,2,4331,"bystander","target_code_1",2,0,"Engineering","Control","Humanities",0,1,"reject","accept","reject","accept","target_reject_other_accept","ingroup","outgroup","outgroup","outgroup","outgroup","different",0,"Humanities"
"15","217","217s6",6,0,21,1,0,1,2.28571428571429,1.14285714285714,1.28571428571429,0.428571428571428,2,-2,1,0,0,2,2,0,2,0,2,4332,"bystander","target_code_2",0,2,"Control","Engineering","Humanities",1,0,"accept","reject","accept","reject","target_accept_other_reject","outgroup","ingroup","outgroup","outgroup","outgroup","different",0,"Humanities"
"15","217","217s7",7,0,21,1,0,1,2.28571428571429,1.14285714285714,1.28571428571429,0.428571428571428,1,3,0,0,0,2,2,0,2,0,2,4333,"bystander","target_code_1",0,2,"Control","Engineering","Humanities",0,0,"reject","reject","reject","reject","both_reject","outgroup","ingroup","outgroup","outgroup","outgroup","different",0,"Humanities"
"15","217","217s7",7,0,21,1,0,1,2.28571428571429,1.14285714285714,1.28571428571429,0.428571428571428,2,3,0,0,2,0,2,2,0,0,2,4334,"bystander","target_code_2",2,0,"Engineering","Control","Humanities",0,0,"reject","reject","reject","reject","both_reject","ingroup","outgroup","outgroup","outgroup","outgroup","different",0,"Humanities"
"15","217","217s8",8,0,21,1,0,1,2.28571428571429,1.14285714285714,1.28571428571429,0.428571428571428,1,-3,1,1,2,2,2,2,2,1,2,4335,"bystander","target_code_1",2,2,"Engineering","Engineering","Humanities",1,1,"accept","accept","accept","accept","both_accept","ingroup","ingroup","outgroup","outgroup","outgroup","same",1,"Humanities"
"15","217","217s8",8,0,21,1,0,1,2.28571428571429,1.14285714285714,1.28571428571429,0.428571428571428,2,-3,1,1,2,2,2,2,2,1,2,4336,"bystander","target_code_2",2,2,"Engineering","Engineering","Humanities",1,1,"accept","accept","accept","accept","both_accept","ingroup","ingroup","outgroup","outgroup","outgroup","same",1,"Humanities"
"15","217","217s9",9,0,21,1,0,1,2.28571428571429,1.14285714285714,1.28571428571429,0.428571428571428,1,-3,1,1,0,1,2,0,1,0,2,4337,"bystander","target_code_1",0,1,"Control","Humanities","Humanities",1,1,"accept","accept","accept","accept","both_accept","outgroup","outgroup","outgroup","outgroup","ingroup","different",0,"Humanities"
"15","217","217s9",9,0,21,1,0,1,2.28571428571429,1.14285714285714,1.28571428571429,0.428571428571428,2,-3,1,1,1,0,2,1,0,0,2,4338,"bystander","target_code_2",1,0,"Humanities","Control","Humanities",1,1,"accept","accept","accept","accept","both_accept","outgroup","outgroup","outgroup","ingroup","outgroup","different",0,"Humanities"
"15","217","217s10",10,0,21,1,0,1,2.28571428571429,1.14285714285714,1.28571428571429,0.428571428571428,1,-4,1,1,2,0,2,2,0,0,2,4339,"bystander","target_code_1",2,0,"Engineering","Control","Humanities",1,1,"accept","accept","accept","accept","both_accept","ingroup","outgroup","outgroup","outgroup","outgroup","different",0,"Humanities"
"15","217","217s10",10,0,21,1,0,1,2.28571428571429,1.14285714285714,1.28571428571429,0.428571428571428,2,-4,1,1,0,2,2,0,2,0,2,4340,"bystander","target_code_2",0,2,"Control","Engineering","Humanities",1,1,"accept","accept","accept","accept","both_accept","outgroup","ingroup","outgroup","outgroup","outgroup","different",0,"Humanities"
"16","218","218s6",6,0,23,1,1,2,2.42857142857143,2.57142857142857,3.57142857142857,1.71428571428571,1,0,0,1,2,1,1,1,2,0,2,4351,"bystander","target_code_1",2,1,"Engineering","Humanities","Engineering",0,1,"reject","accept","reject","accept","target_reject_other_accept","outgroup","ingroup","outgroup","ingroup","outgroup","different",0,"Engineering"
"16","218","218s6",6,0,23,1,1,2,2.42857142857143,2.57142857142857,3.57142857142857,1.71428571428571,2,0,1,0,1,2,1,2,1,0,2,4352,"bystander","target_code_2",1,2,"Humanities","Engineering","Engineering",1,0,"accept","reject","accept","reject","target_accept_other_reject","ingroup","outgroup","outgroup","outgroup","ingroup","different",0,"Engineering"
"16","218","218s7",7,0,23,1,1,2,2.42857142857143,2.57142857142857,3.57142857142857,1.71428571428571,1,0,0,1,0,2,1,0,1,0,2,4353,"bystander","target_code_1",0,2,"Control","Engineering","Engineering",0,1,"reject","accept","reject","accept","target_reject_other_accept","outgroup","outgroup","outgroup","outgroup","ingroup","different",0,"Engineering"
"16","218","218s7",7,0,23,1,1,2,2.42857142857143,2.57142857142857,3.57142857142857,1.71428571428571,2,0,1,0,2,0,1,1,0,0,2,4354,"bystander","target_code_2",2,0,"Engineering","Control","Engineering",1,0,"accept","reject","accept","reject","target_accept_other_reject","outgroup","outgroup","outgroup","ingroup","outgroup","different",0,"Engineering"
"16","218","218s8",8,0,23,1,1,2,2.42857142857143,2.57142857142857,3.57142857142857,1.71428571428571,1,-2,1,0,0,0,1,0,0,1,2,4355,"bystander","target_code_1",0,0,"Control","Control","Engineering",1,0,"accept","reject","accept","reject","target_accept_other_reject","outgroup","outgroup","outgroup","outgroup","outgroup","same",1,"Engineering"
"16","218","218s8",8,0,23,1,1,2,2.42857142857143,2.57142857142857,3.57142857142857,1.71428571428571,2,-2,0,1,0,0,1,0,0,1,2,4356,"bystander","target_code_2",0,0,"Control","Control","Engineering",0,1,"reject","accept","reject","accept","target_reject_other_accept","outgroup","outgroup","outgroup","outgroup","outgroup","same",1,"Engineering"
"16","218","218s9",9,0,23,1,1,2,2.42857142857143,2.57142857142857,3.57142857142857,1.71428571428571,1,-1,0,1,1,0,2,2,0,0,1,4357,"bystander","target_code_1",1,0,"Humanities","Control","Engineering",0,1,"reject","accept","reject","accept","target_reject_other_accept","outgroup","outgroup","ingroup","outgroup","outgroup","different",0,"Engineering"
"16","218","218s9",9,0,23,1,1,2,2.42857142857143,2.57142857142857,3.57142857142857,1.71428571428571,2,-1,1,0,0,1,2,0,2,0,1,4358,"bystander","target_code_2",0,1,"Control","Humanities","Engineering",1,0,"accept","reject","accept","reject","target_accept_other_reject","outgroup","outgroup","ingroup","outgroup","outgroup","different",0,"Engineering"
"16","218","218s10",10,0,23,1,1,2,2.42857142857143,2.57142857142857,3.57142857142857,1.71428571428571,1,0,0,0,2,2,2,1,1,1,1,4359,"bystander","target_code_1",2,2,"Engineering","Engineering","Engineering",0,0,"reject","reject","reject","reject","both_reject","ingroup","ingroup","ingroup","ingroup","ingroup","same",1,"Engineering"
"16","218","218s10",10,0,23,1,1,2,2.42857142857143,2.57142857142857,3.57142857142857,1.71428571428571,2,0,0,0,2,2,2,1,1,1,1,4360,"bystander","target_code_2",2,2,"Engineering","Engineering","Engineering",0,0,"reject","reject","reject","reject","both_reject","ingroup","ingroup","ingroup","ingroup","ingroup","same",1,"Engineering"
"16","219","219s6",6,0,20,2,1,1,2.28571428571429,3.85714285714286,4,1.57142857142857,1,1,1,0,0,2,2,0,2,0,2,4371,"bystander","target_code_1",0,2,"Control","Engineering","Humanities",1,0,"accept","reject","accept","reject","target_accept_other_reject","outgroup","ingroup","outgroup","outgroup","outgroup","different",0,"Humanities"
"16","219","219s6",6,0,20,2,1,1,2.28571428571429,3.85714285714286,4,1.57142857142857,2,9,0,1,2,0,2,2,0,0,2,4372,"bystander","target_code_2",2,0,"Engineering","Control","Humanities",0,1,"reject","accept","reject","accept","target_reject_other_accept","ingroup","outgroup","outgroup","outgroup","outgroup","different",0,"Humanities"
"16","219","219s7",7,0,20,2,1,1,2.28571428571429,3.85714285714286,4,1.57142857142857,1,2,1,1,2,2,1,2,2,1,1,4373,"bystander","target_code_1",2,2,"Engineering","Engineering","Humanities",1,1,"accept","accept","accept","accept","both_accept","outgroup","outgroup","ingroup","outgroup","outgroup","same",1,"Humanities"
"16","219","219s7",7,0,20,2,1,1,2.28571428571429,3.85714285714286,4,1.57142857142857,2,2,1,1,2,2,1,2,2,1,1,4374,"bystander","target_code_2",2,2,"Engineering","Engineering","Humanities",1,1,"accept","accept","accept","accept","both_accept","outgroup","outgroup","ingroup","outgroup","outgroup","same",1,"Humanities"
"16","219","219s8",8,0,20,2,1,1,2.28571428571429,3.85714285714286,4,1.57142857142857,1,-2,1,1,2,1,2,2,1,0,2,4375,"bystander","target_code_1",2,1,"Engineering","Humanities","Humanities",1,1,"accept","accept","accept","accept","both_accept","ingroup","outgroup","outgroup","outgroup","ingroup","different",0,"Humanities"
"16","219","219s8",8,0,20,2,1,1,2.28571428571429,3.85714285714286,4,1.57142857142857,2,-2,1,1,1,2,2,1,2,0,2,4376,"bystander","target_code_2",1,2,"Humanities","Engineering","Humanities",1,1,"accept","accept","accept","accept","both_accept","outgroup","ingroup","outgroup","ingroup","outgroup","different",0,"Humanities"
"16","219","219s9",9,0,20,2,1,1,2.28571428571429,3.85714285714286,4,1.57142857142857,1,-2,1,1,0,2,2,0,2,0,2,4377,"bystander","target_code_1",0,2,"Control","Engineering","Humanities",1,1,"accept","accept","accept","accept","both_accept","outgroup","ingroup","outgroup","outgroup","outgroup","different",0,"Humanities"
"16","219","219s9",9,0,20,2,1,1,2.28571428571429,3.85714285714286,4,1.57142857142857,2,-2,1,1,2,0,2,2,0,0,2,4378,"bystander","target_code_2",2,0,"Engineering","Control","Humanities",1,1,"accept","accept","accept","accept","both_accept","ingroup","outgroup","outgroup","outgroup","outgroup","different",0,"Humanities"
"16","219","219s10",10,0,20,2,1,1,2.28571428571429,3.85714285714286,4,1.57142857142857,1,-1,1,1,1,2,1,1,2,0,1,4379,"bystander","target_code_1",1,2,"Humanities","Engineering","Humanities",1,1,"accept","accept","accept","accept","both_accept","ingroup","outgroup","ingroup","ingroup","outgroup","different",0,"Humanities"
"16","219","219s10",10,0,20,2,1,1,2.28571428571429,3.85714285714286,4,1.57142857142857,2,-1,1,1,2,1,1,2,1,0,1,4380,"bystander","target_code_2",2,1,"Engineering","Humanities","Humanities",1,1,"accept","accept","accept","accept","both_accept","outgroup","ingroup","ingroup","outgroup","ingroup","different",0,"Humanities"
"16","220","220s6",6,0,21,2,1,1,2.14285714285714,2.14285714285714,3.14285714285714,1.42857142857143,1,-2,1,1,1,2,2,1,2,0,2,4391,"bystander","target_code_1",1,2,"Humanities","Engineering","Humanities",1,1,"accept","accept","accept","accept","both_accept","outgroup","ingroup","outgroup","ingroup","outgroup","different",0,"Humanities"
"16","220","220s6",6,0,21,2,1,1,2.14285714285714,2.14285714285714,3.14285714285714,1.42857142857143,2,-2,1,1,2,1,2,2,1,0,2,4392,"bystander","target_code_2",2,1,"Engineering","Humanities","Humanities",1,1,"accept","accept","accept","accept","both_accept","ingroup","outgroup","outgroup","outgroup","ingroup","different",0,"Humanities"
"16","220","220s7",7,0,21,2,1,1,2.14285714285714,2.14285714285714,3.14285714285714,1.42857142857143,1,-4,1,0,0,1,1,0,1,0,1,4393,"bystander","target_code_1",0,1,"Control","Humanities","Humanities",1,0,"accept","reject","accept","reject","target_accept_other_reject","outgroup","ingroup","ingroup","outgroup","ingroup","different",0,"Humanities"
"16","220","220s7",7,0,21,2,1,1,2.14285714285714,2.14285714285714,3.14285714285714,1.42857142857143,2,4,0,1,1,0,1,1,0,0,1,4394,"bystander","target_code_2",1,0,"Humanities","Control","Humanities",0,1,"reject","accept","reject","accept","target_reject_other_accept","ingroup","outgroup","ingroup","ingroup","outgroup","different",0,"Humanities"
"16","220","220s8",8,0,21,2,1,1,2.14285714285714,2.14285714285714,3.14285714285714,1.42857142857143,1,-3,1,1,1,2,1,1,2,0,1,4395,"bystander","target_code_1",1,2,"Humanities","Engineering","Humanities",1,1,"accept","accept","accept","accept","both_accept","ingroup","outgroup","ingroup","ingroup","outgroup","different",0,"Humanities"
"16","220","220s8",8,0,21,2,1,1,2.14285714285714,2.14285714285714,3.14285714285714,1.42857142857143,2,-3,1,1,2,1,1,2,1,0,1,4396,"bystander","target_code_2",2,1,"Engineering","Humanities","Humanities",1,1,"accept","accept","accept","accept","both_accept","outgroup","ingroup","ingroup","outgroup","ingroup","different",0,"Humanities"
"16","220","220s9",9,0,21,2,1,1,2.14285714285714,2.14285714285714,3.14285714285714,1.42857142857143,1,4,0,1,2,1,2,2,1,0,2,4397,"bystander","target_code_1",2,1,"Engineering","Humanities","Humanities",0,1,"reject","accept","reject","accept","target_reject_other_accept","ingroup","outgroup","outgroup","outgroup","ingroup","different",0,"Humanities"
"16","220","220s9",9,0,21,2,1,1,2.14285714285714,2.14285714285714,3.14285714285714,1.42857142857143,2,-3,1,0,1,2,2,1,2,0,2,4398,"bystander","target_code_2",1,2,"Humanities","Engineering","Humanities",1,0,"accept","reject","accept","reject","target_accept_other_reject","outgroup","ingroup","outgroup","ingroup","outgroup","different",0,"Humanities"
"16","220","220s10",10,0,21,2,1,1,2.14285714285714,2.14285714285714,3.14285714285714,1.42857142857143,1,4,0,1,0,2,2,0,2,0,2,4399,"bystander","target_code_1",0,2,"Control","Engineering","Humanities",0,1,"reject","accept","reject","accept","target_reject_other_accept","outgroup","ingroup","outgroup","outgroup","outgroup","different",0,"Humanities"
"16","220","220s10",10,0,21,2,1,1,2.14285714285714,2.14285714285714,3.14285714285714,1.42857142857143,2,-4,1,0,2,0,2,2,0,0,2,4400,"bystander","target_code_2",2,0,"Engineering","Control","Humanities",1,0,"accept","reject","accept","reject","target_accept_other_reject","ingroup","outgroup","outgroup","outgroup","outgroup","different",0,"Humanities"
"16","221","221s1",1,0,21,3,1,1,1.28571428571429,3.14285714285714,3.14285714285714,0.857142857142857,1,-3,1,0,0,2,2,0,2,0,2,4401,"bystander","target_code_1",0,2,"Control","Engineering","Humanities",1,0,"accept","reject","accept","reject","target_accept_other_reject","outgroup","ingroup","outgroup","outgroup","outgroup","different",0,"Humanities"
"16","221","221s1",1,0,21,3,1,1,1.28571428571429,3.14285714285714,3.14285714285714,0.857142857142857,2,9,0,1,2,0,2,2,0,0,2,4402,"bystander","target_code_2",2,0,"Engineering","Control","Humanities",0,1,"reject","accept","reject","accept","target_reject_other_accept","ingroup","outgroup","outgroup","outgroup","outgroup","different",0,"Humanities"
"16","221","221s2",2,0,21,3,1,1,1.28571428571429,3.14285714285714,3.14285714285714,0.857142857142857,1,-3,1,0,2,2,2,2,2,1,2,4403,"bystander","target_code_1",2,2,"Engineering","Engineering","Humanities",1,0,"accept","reject","accept","reject","target_accept_other_reject","ingroup","ingroup","outgroup","outgroup","outgroup","same",1,"Humanities"
"16","221","221s2",2,0,21,3,1,1,1.28571428571429,3.14285714285714,3.14285714285714,0.857142857142857,2,9,0,1,2,2,2,2,2,1,2,4404,"bystander","target_code_2",2,2,"Engineering","Engineering","Humanities",0,1,"reject","accept","reject","accept","target_reject_other_accept","ingroup","ingroup","outgroup","outgroup","outgroup","same",1,"Humanities"
"16","221","221s3",3,0,21,3,1,1,1.28571428571429,3.14285714285714,3.14285714285714,0.857142857142857,1,-6,1,1,0,0,2,0,0,1,2,4405,"bystander","target_code_1",0,0,"Control","Control","Humanities",1,1,"accept","accept","accept","accept","both_accept","outgroup","outgroup","outgroup","outgroup","outgroup","same",1,"Humanities"
"16","221","221s3",3,0,21,3,1,1,1.28571428571429,3.14285714285714,3.14285714285714,0.857142857142857,2,-6,1,1,0,0,2,0,0,1,2,4406,"bystander","target_code_2",0,0,"Control","Control","Humanities",1,1,"accept","accept","accept","accept","both_accept","outgroup","outgroup","outgroup","outgroup","outgroup","same",1,"Humanities"
"16","221","221s4",4,0,21,3,1,1,1.28571428571429,3.14285714285714,3.14285714285714,0.857142857142857,1,9,0,0,2,2,2,2,2,1,2,4407,"bystander","target_code_1",2,2,"Engineering","Engineering","Humanities",0,0,"reject","reject","reject","reject","both_reject","ingroup","ingroup","outgroup","outgroup","outgroup","same",1,"Humanities"
"16","221","221s4",4,0,21,3,1,1,1.28571428571429,3.14285714285714,3.14285714285714,0.857142857142857,2,9,0,0,2,2,2,2,2,1,2,4408,"bystander","target_code_2",2,2,"Engineering","Engineering","Humanities",0,0,"reject","reject","reject","reject","both_reject","ingroup","ingroup","outgroup","outgroup","outgroup","same",1,"Humanities"
"16","221","221s5",5,0,21,3,1,1,1.28571428571429,3.14285714285714,3.14285714285714,0.857142857142857,1,9,0,0,1,0,1,1,0,0,1,4409,"bystander","target_code_1",1,0,"Humanities","Control","Humanities",0,0,"reject","reject","reject","reject","both_reject","ingroup","outgroup","ingroup","ingroup","outgroup","different",0,"Humanities"
"16","221","221s5",5,0,21,3,1,1,1.28571428571429,3.14285714285714,3.14285714285714,0.857142857142857,2,9,0,0,0,1,1,0,1,0,1,4410,"bystander","target_code_2",0,1,"Control","Humanities","Humanities",0,0,"reject","reject","reject","reject","both_reject","outgroup","ingroup","ingroup","outgroup","ingroup","different",0,"Humanities"
"16","222","222s6",6,0,19,1,1,2,2.14285714285714,2.57142857142857,2.57142857142857,1.57142857142857,1,5,0,1,2,1,2,1,2,0,1,4431,"bystander","target_code_1",2,1,"Engineering","Humanities","Engineering",0,1,"reject","accept","reject","accept","target_reject_other_accept","ingroup","outgroup","ingroup","ingroup","outgroup","different",0,"Engineering"
"16","222","222s6",6,0,19,1,1,2,2.14285714285714,2.57142857142857,2.57142857142857,1.57142857142857,2,0,1,0,1,2,2,2,1,0,1,4432,"bystander","target_code_2",1,2,"Humanities","Engineering","Engineering",1,0,"accept","reject","accept","reject","target_accept_other_reject","outgroup","ingroup","ingroup","outgroup","ingroup","different",0,"Engineering"
"16","222","222s7",7,0,19,1,1,2,2.14285714285714,2.57142857142857,2.57142857142857,1.57142857142857,1,-1,1,0,1,2,2,2,1,0,1,4433,"bystander","target_code_1",1,2,"Humanities","Engineering","Engineering",1,0,"accept","reject","accept","reject","target_accept_other_reject","outgroup","ingroup","ingroup","outgroup","ingroup","different",0,"Engineering"
"16","222","222s7",7,0,19,1,1,2,2.14285714285714,2.57142857142857,2.57142857142857,1.57142857142857,2,4,0,1,2,1,2,1,2,0,1,4434,"bystander","target_code_2",2,1,"Engineering","Humanities","Engineering",0,1,"reject","accept","reject","accept","target_reject_other_accept","ingroup","outgroup","ingroup","ingroup","outgroup","different",0,"Engineering"
"16","222","222s8",8,0,19,1,1,2,2.14285714285714,2.57142857142857,2.57142857142857,1.57142857142857,1,-2,1,0,2,1,2,1,2,0,1,4435,"bystander","target_code_1",2,1,"Engineering","Humanities","Engineering",1,0,"accept","reject","accept","reject","target_accept_other_reject","ingroup","outgroup","ingroup","ingroup","outgroup","different",0,"Engineering"
"16","222","222s8",8,0,19,1,1,2,2.14285714285714,2.57142857142857,2.57142857142857,1.57142857142857,2,4,0,1,1,2,2,2,1,0,1,4436,"bystander","target_code_2",1,2,"Humanities","Engineering","Engineering",0,1,"reject","accept","reject","accept","target_reject_other_accept","outgroup","ingroup","ingroup","outgroup","ingroup","different",0,"Engineering"
"16","222","222s9",9,0,19,1,1,2,2.14285714285714,2.57142857142857,2.57142857142857,1.57142857142857,1,5,0,1,1,1,1,2,2,1,2,4437,"bystander","target_code_1",1,1,"Humanities","Humanities","Engineering",0,1,"reject","accept","reject","accept","target_reject_other_accept","ingroup","ingroup","outgroup","outgroup","outgroup","same",1,"Engineering"
"16","222","222s9",9,0,19,1,1,2,2.14285714285714,2.57142857142857,2.57142857142857,1.57142857142857,2,-1,1,0,1,1,1,2,2,1,2,4438,"bystander","target_code_2",1,1,"Humanities","Humanities","Engineering",1,0,"accept","reject","accept","reject","target_accept_other_reject","ingroup","ingroup","outgroup","outgroup","outgroup","same",1,"Engineering"
"16","222","222s10",10,0,19,1,1,2,2.14285714285714,2.57142857142857,2.57142857142857,1.57142857142857,1,-1,1,0,0,2,2,0,1,0,1,4439,"bystander","target_code_1",0,2,"Control","Engineering","Engineering",1,0,"accept","reject","accept","reject","target_accept_other_reject","outgroup","ingroup","ingroup","outgroup","ingroup","different",0,"Engineering"
"16","222","222s10",10,0,19,1,1,2,2.14285714285714,2.57142857142857,2.57142857142857,1.57142857142857,2,4,0,1,2,0,2,1,0,0,1,4440,"bystander","target_code_2",2,0,"Engineering","Control","Engineering",0,1,"reject","accept","reject","accept","target_reject_other_accept","ingroup","outgroup","ingroup","ingroup","outgroup","different",0,"Engineering"
"16","223","223s1",1,0,20,2,1,2,1.14285714285714,3.14285714285714,1.71428571428571,2.85714285714286,1,7,0,0,2,0,2,1,0,0,1,4441,"bystander","target_code_1",2,0,"Engineering","Control","Engineering",0,0,"reject","reject","reject","reject","both_reject","ingroup","outgroup","ingroup","ingroup","outgroup","different",0,"Engineering"
"16","223","223s1",1,0,20,2,1,2,1.14285714285714,3.14285714285714,1.71428571428571,2.85714285714286,2,7,0,0,0,2,2,0,1,0,1,4442,"bystander","target_code_2",0,2,"Control","Engineering","Engineering",0,0,"reject","reject","reject","reject","both_reject","outgroup","ingroup","ingroup","outgroup","ingroup","different",0,"Engineering"
"16","223","223s2",2,0,20,2,1,2,1.14285714285714,3.14285714285714,1.71428571428571,2.85714285714286,1,9,0,1,2,1,2,1,2,0,1,4443,"bystander","target_code_1",2,1,"Engineering","Humanities","Engineering",0,1,"reject","accept","reject","accept","target_reject_other_accept","ingroup","outgroup","ingroup","ingroup","outgroup","different",0,"Engineering"
"16","223","223s2",2,0,20,2,1,2,1.14285714285714,3.14285714285714,1.71428571428571,2.85714285714286,2,-2,1,0,1,2,2,2,1,0,1,4444,"bystander","target_code_2",1,2,"Humanities","Engineering","Engineering",1,0,"accept","reject","accept","reject","target_accept_other_reject","outgroup","ingroup","ingroup","outgroup","ingroup","different",0,"Engineering"
"16","223","223s3",3,0,20,2,1,2,1.14285714285714,3.14285714285714,1.71428571428571,2.85714285714286,1,8,0,0,0,1,2,0,2,0,1,4445,"bystander","target_code_1",0,1,"Control","Humanities","Engineering",0,0,"reject","reject","reject","reject","both_reject","outgroup","outgroup","ingroup","outgroup","outgroup","different",0,"Engineering"
"16","223","223s3",3,0,20,2,1,2,1.14285714285714,3.14285714285714,1.71428571428571,2.85714285714286,2,8,0,0,1,0,2,2,0,0,1,4446,"bystander","target_code_2",1,0,"Humanities","Control","Engineering",0,0,"reject","reject","reject","reject","both_reject","outgroup","outgroup","ingroup","outgroup","outgroup","different",0,"Engineering"
"16","223","223s4",4,0,20,2,1,2,1.14285714285714,3.14285714285714,1.71428571428571,2.85714285714286,1,-3,1,0,1,2,1,2,1,0,2,4447,"bystander","target_code_1",1,2,"Humanities","Engineering","Engineering",1,0,"accept","reject","accept","reject","target_accept_other_reject","ingroup","outgroup","outgroup","outgroup","ingroup","different",0,"Engineering"
"16","223","223s4",4,0,20,2,1,2,1.14285714285714,3.14285714285714,1.71428571428571,2.85714285714286,2,7,0,1,2,1,1,1,2,0,2,4448,"bystander","target_code_2",2,1,"Engineering","Humanities","Engineering",0,1,"reject","accept","reject","accept","target_reject_other_accept","outgroup","ingroup","outgroup","ingroup","outgroup","different",0,"Engineering"
"16","223","223s5",5,0,20,2,1,2,1.14285714285714,3.14285714285714,1.71428571428571,2.85714285714286,1,-3,1,0,1,0,2,2,0,0,1,4449,"bystander","target_code_1",1,0,"Humanities","Control","Engineering",1,0,"accept","reject","accept","reject","target_accept_other_reject","outgroup","outgroup","ingroup","outgroup","outgroup","different",0,"Engineering"
"16","223","223s5",5,0,20,2,1,2,1.14285714285714,3.14285714285714,1.71428571428571,2.85714285714286,2,8,0,1,0,1,2,0,2,0,1,4450,"bystander","target_code_2",0,1,"Control","Humanities","Engineering",0,1,"reject","accept","reject","accept","target_reject_other_accept","outgroup","outgroup","ingroup","outgroup","outgroup","different",0,"Engineering"
"16","224","224s6",6,0,19,2,0,2,1.57142857142857,2.85714285714286,3.42857142857143,1.14285714285714,1,9,0,0,0,1,2,0,2,0,1,4471,"bystander","target_code_1",0,1,"Control","Humanities","Engineering",0,0,"reject","reject","reject","reject","both_reject","outgroup","outgroup","ingroup","outgroup","outgroup","different",0,"Engineering"
"16","224","224s6",6,0,19,2,0,2,1.57142857142857,2.85714285714286,3.42857142857143,1.14285714285714,2,9,0,0,1,0,2,2,0,0,1,4472,"bystander","target_code_2",1,0,"Humanities","Control","Engineering",0,0,"reject","reject","reject","reject","both_reject","outgroup","outgroup","ingroup","outgroup","outgroup","different",0,"Engineering"
"16","224","224s7",7,0,19,2,0,2,1.57142857142857,2.85714285714286,3.42857142857143,1.14285714285714,1,9,0,1,1,2,1,2,1,0,2,4473,"bystander","target_code_1",1,2,"Humanities","Engineering","Engineering",0,1,"reject","accept","reject","accept","target_reject_other_accept","ingroup","outgroup","outgroup","outgroup","ingroup","different",0,"Engineering"
"16","224","224s7",7,0,19,2,0,2,1.57142857142857,2.85714285714286,3.42857142857143,1.14285714285714,2,-7,1,0,2,1,1,1,2,0,2,4474,"bystander","target_code_2",2,1,"Engineering","Humanities","Engineering",1,0,"accept","reject","accept","reject","target_accept_other_reject","outgroup","ingroup","outgroup","ingroup","outgroup","different",0,"Engineering"
"16","224","224s8",8,0,19,2,0,2,1.57142857142857,2.85714285714286,3.42857142857143,1.14285714285714,1,9,0,0,1,0,2,2,0,0,1,4475,"bystander","target_code_1",1,0,"Humanities","Control","Engineering",0,0,"reject","reject","reject","reject","both_reject","outgroup","outgroup","ingroup","outgroup","outgroup","different",0,"Engineering"
"16","224","224s8",8,0,19,2,0,2,1.57142857142857,2.85714285714286,3.42857142857143,1.14285714285714,2,9,0,0,0,1,2,0,2,0,1,4476,"bystander","target_code_2",0,1,"Control","Humanities","Engineering",0,0,"reject","reject","reject","reject","both_reject","outgroup","outgroup","ingroup","outgroup","outgroup","different",0,"Engineering"
"16","224","224s9",9,0,19,2,0,2,1.57142857142857,2.85714285714286,3.42857142857143,1.14285714285714,1,9,0,0,0,0,1,0,0,1,2,4477,"bystander","target_code_1",0,0,"Control","Control","Engineering",0,0,"reject","reject","reject","reject","both_reject","outgroup","outgroup","outgroup","outgroup","outgroup","same",1,"Engineering"
"16","224","224s9",9,0,19,2,0,2,1.57142857142857,2.85714285714286,3.42857142857143,1.14285714285714,2,9,0,0,0,0,1,0,0,1,2,4478,"bystander","target_code_2",0,0,"Control","Control","Engineering",0,0,"reject","reject","reject","reject","both_reject","outgroup","outgroup","outgroup","outgroup","outgroup","same",1,"Engineering"
"16","224","224s10",10,0,19,2,0,2,1.57142857142857,2.85714285714286,3.42857142857143,1.14285714285714,1,-7,1,0,1,1,1,2,2,1,2,4479,"bystander","target_code_1",1,1,"Humanities","Humanities","Engineering",1,0,"accept","reject","accept","reject","target_accept_other_reject","ingroup","ingroup","outgroup","outgroup","outgroup","same",1,"Engineering"
"16","224","224s10",10,0,19,2,0,2,1.57142857142857,2.85714285714286,3.42857142857143,1.14285714285714,2,9,0,1,1,1,1,2,2,1,2,4480,"bystander","target_code_2",1,1,"Humanities","Humanities","Engineering",0,1,"reject","accept","reject","accept","target_reject_other_accept","ingroup","ingroup","outgroup","outgroup","outgroup","same",1,"Engineering"
"16","225","225s6",6,0,23,2,1,2,0.571428571428571,1.85714285714286,2,1,1,-5,1,1,1,0,1,2,0,0,2,4491,"bystander","target_code_1",1,0,"Humanities","Control","Engineering",1,1,"accept","accept","accept","accept","both_accept","ingroup","outgroup","outgroup","outgroup","outgroup","different",0,"Engineering"
"16","225","225s6",6,0,23,2,1,2,0.571428571428571,1.85714285714286,2,1,2,-5,1,1,0,1,1,0,2,0,2,4492,"bystander","target_code_2",0,1,"Control","Humanities","Engineering",1,1,"accept","accept","accept","accept","both_accept","outgroup","ingroup","outgroup","outgroup","outgroup","different",0,"Engineering"
"16","225","225s7",7,0,23,2,1,2,0.571428571428571,1.85714285714286,2,1,1,8,0,0,2,2,1,1,1,1,2,4493,"bystander","target_code_1",2,2,"Engineering","Engineering","Engineering",0,0,"reject","reject","reject","reject","both_reject","outgroup","outgroup","outgroup","ingroup","ingroup","same",1,"Engineering"
"16","225","225s7",7,0,23,2,1,2,0.571428571428571,1.85714285714286,2,1,2,8,0,0,2,2,1,1,1,1,2,4494,"bystander","target_code_2",2,2,"Engineering","Engineering","Engineering",0,0,"reject","reject","reject","reject","both_reject","outgroup","outgroup","outgroup","ingroup","ingroup","same",1,"Engineering"
"16","225","225s8",8,0,23,2,1,2,0.571428571428571,1.85714285714286,2,1,1,8,0,0,2,1,1,1,2,0,2,4495,"bystander","target_code_1",2,1,"Engineering","Humanities","Engineering",0,0,"reject","reject","reject","reject","both_reject","outgroup","ingroup","outgroup","ingroup","outgroup","different",0,"Engineering"
"16","225","225s8",8,0,23,2,1,2,0.571428571428571,1.85714285714286,2,1,2,8,0,0,1,2,1,2,1,0,2,4496,"bystander","target_code_2",1,2,"Humanities","Engineering","Engineering",0,0,"reject","reject","reject","reject","both_reject","ingroup","outgroup","outgroup","outgroup","ingroup","different",0,"Engineering"
"16","225","225s9",9,0,23,2,1,2,0.571428571428571,1.85714285714286,2,1,1,-6,1,0,1,2,1,2,1,0,2,4497,"bystander","target_code_1",1,2,"Humanities","Engineering","Engineering",1,0,"accept","reject","accept","reject","target_accept_other_reject","ingroup","outgroup","outgroup","outgroup","ingroup","different",0,"Engineering"
"16","225","225s9",9,0,23,2,1,2,0.571428571428571,1.85714285714286,2,1,2,6,0,1,2,1,1,1,2,0,2,4498,"bystander","target_code_2",2,1,"Engineering","Humanities","Engineering",0,1,"reject","accept","reject","accept","target_reject_other_accept","outgroup","ingroup","outgroup","ingroup","outgroup","different",0,"Engineering"
"16","225","225s10",10,0,23,2,1,2,0.571428571428571,1.85714285714286,2,1,1,8,0,1,2,2,2,1,1,1,1,4499,"bystander","target_code_1",2,2,"Engineering","Engineering","Engineering",0,1,"reject","accept","reject","accept","target_reject_other_accept","ingroup","ingroup","ingroup","ingroup","ingroup","same",1,"Engineering"
"16","225","225s10",10,0,23,2,1,2,0.571428571428571,1.85714285714286,2,1,2,-7,1,0,2,2,2,1,1,1,1,4500,"bystander","target_code_2",2,2,"Engineering","Engineering","Engineering",1,0,"accept","reject","accept","reject","target_accept_other_reject","ingroup","ingroup","ingroup","ingroup","ingroup","same",1,"Engineering"
"16","226","226s1",1,0,23,3,0,2,1.14285714285714,2.71428571428571,2.57142857142857,1,1,9,0,1,1,0,2,2,0,0,1,4501,"bystander","target_code_1",1,0,"Humanities","Control","Engineering",0,1,"reject","accept","reject","accept","target_reject_other_accept","outgroup","outgroup","ingroup","outgroup","outgroup","different",0,"Engineering"
"16","226","226s1",1,0,23,3,0,2,1.14285714285714,2.71428571428571,2.57142857142857,1,2,-9,1,0,0,1,2,0,2,0,1,4502,"bystander","target_code_2",0,1,"Control","Humanities","Engineering",1,0,"accept","reject","accept","reject","target_accept_other_reject","outgroup","outgroup","ingroup","outgroup","outgroup","different",0,"Engineering"
"16","226","226s2",2,0,23,3,0,2,1.14285714285714,2.71428571428571,2.57142857142857,1,1,-9,1,0,0,2,2,0,1,0,1,4503,"bystander","target_code_1",0,2,"Control","Engineering","Engineering",1,0,"accept","reject","accept","reject","target_accept_other_reject","outgroup","ingroup","ingroup","outgroup","ingroup","different",0,"Engineering"
"16","226","226s2",2,0,23,3,0,2,1.14285714285714,2.71428571428571,2.57142857142857,1,2,9,0,1,2,0,2,1,0,0,1,4504,"bystander","target_code_2",2,0,"Engineering","Control","Engineering",0,1,"reject","accept","reject","accept","target_reject_other_accept","ingroup","outgroup","ingroup","ingroup","outgroup","different",0,"Engineering"
"16","226","226s3",3,0,23,3,0,2,1.14285714285714,2.71428571428571,2.57142857142857,1,1,-9,1,0,2,1,2,1,2,0,1,4505,"bystander","target_code_1",2,1,"Engineering","Humanities","Engineering",1,0,"accept","reject","accept","reject","target_accept_other_reject","ingroup","outgroup","ingroup","ingroup","outgroup","different",0,"Engineering"
"16","226","226s3",3,0,23,3,0,2,1.14285714285714,2.71428571428571,2.57142857142857,1,2,9,0,1,1,2,2,2,1,0,1,4506,"bystander","target_code_2",1,2,"Humanities","Engineering","Engineering",0,1,"reject","accept","reject","accept","target_reject_other_accept","outgroup","ingroup","ingroup","outgroup","ingroup","different",0,"Engineering"
"16","226","226s4",4,0,23,3,0,2,1.14285714285714,2.71428571428571,2.57142857142857,1,1,-9,0,1,0,1,1,0,2,0,2,4507,"bystander","target_code_1",0,1,"Control","Humanities","Engineering",0,1,"reject","accept","reject","accept","target_reject_other_accept","outgroup","ingroup","outgroup","outgroup","outgroup","different",0,"Engineering"
"16","226","226s4",4,0,23,3,0,2,1.14285714285714,2.71428571428571,2.57142857142857,1,2,9,1,0,1,0,1,2,0,0,2,4508,"bystander","target_code_2",1,0,"Humanities","Control","Engineering",1,0,"accept","reject","accept","reject","target_accept_other_reject","ingroup","outgroup","outgroup","outgroup","outgroup","different",0,"Engineering"
"16","226","226s5",5,0,23,3,0,2,1.14285714285714,2.71428571428571,2.57142857142857,1,1,-9,1,0,1,2,1,2,1,0,2,4509,"bystander","target_code_1",1,2,"Humanities","Engineering","Engineering",1,0,"accept","reject","accept","reject","target_accept_other_reject","ingroup","outgroup","outgroup","outgroup","ingroup","different",0,"Engineering"
"16","226","226s5",5,0,23,3,0,2,1.14285714285714,2.71428571428571,2.57142857142857,1,2,9,0,1,2,1,1,1,2,0,2,4510,"bystander","target_code_2",2,1,"Engineering","Humanities","Engineering",0,1,"reject","accept","reject","accept","target_reject_other_accept","outgroup","ingroup","outgroup","ingroup","outgroup","different",0,"Engineering"
"16","227","227s1",1,0,22,2,1,2,1.42857142857143,3.28571428571429,2.42857142857143,2,1,-5,1,1,0,0,1,0,0,1,2,4521,"bystander","target_code_1",0,0,"Control","Control","Engineering",1,1,"accept","accept","accept","accept","both_accept","outgroup","outgroup","outgroup","outgroup","outgroup","same",1,"Engineering"
"16","227","227s1",1,0,22,2,1,2,1.42857142857143,3.28571428571429,2.42857142857143,2,2,-5,1,1,0,0,1,0,0,1,2,4522,"bystander","target_code_2",0,0,"Control","Control","Engineering",1,1,"accept","accept","accept","accept","both_accept","outgroup","outgroup","outgroup","outgroup","outgroup","same",1,"Engineering"
"16","227","227s2",2,0,22,2,1,2,1.42857142857143,3.28571428571429,2.42857142857143,2,1,-2,1,1,0,2,1,0,1,0,2,4523,"bystander","target_code_1",0,2,"Control","Engineering","Engineering",1,1,"accept","accept","accept","accept","both_accept","outgroup","outgroup","outgroup","outgroup","ingroup","different",0,"Engineering"
"16","227","227s2",2,0,22,2,1,2,1.42857142857143,3.28571428571429,2.42857142857143,2,2,-2,1,1,2,0,1,1,0,0,2,4524,"bystander","target_code_2",2,0,"Engineering","Control","Engineering",1,1,"accept","accept","accept","accept","both_accept","outgroup","outgroup","outgroup","ingroup","outgroup","different",0,"Engineering"
"16","227","227s3",3,0,22,2,1,2,1.42857142857143,3.28571428571429,2.42857142857143,2,1,3,0,1,2,2,1,1,1,1,2,4525,"bystander","target_code_1",2,2,"Engineering","Engineering","Engineering",0,1,"reject","accept","reject","accept","target_reject_other_accept","outgroup","outgroup","outgroup","ingroup","ingroup","same",1,"Engineering"
"16","227","227s3",3,0,22,2,1,2,1.42857142857143,3.28571428571429,2.42857142857143,2,2,-3,1,0,2,2,1,1,1,1,2,4526,"bystander","target_code_2",2,2,"Engineering","Engineering","Engineering",1,0,"accept","reject","accept","reject","target_accept_other_reject","outgroup","outgroup","outgroup","ingroup","ingroup","same",1,"Engineering"
"16","227","227s4",4,0,22,2,1,2,1.42857142857143,3.28571428571429,2.42857142857143,2,1,7,0,0,1,2,1,2,1,0,2,4527,"bystander","target_code_1",1,2,"Humanities","Engineering","Engineering",0,0,"reject","reject","reject","reject","both_reject","ingroup","outgroup","outgroup","outgroup","ingroup","different",0,"Engineering"
"16","227","227s4",4,0,22,2,1,2,1.42857142857143,3.28571428571429,2.42857142857143,2,2,7,0,0,2,1,1,1,2,0,2,4528,"bystander","target_code_2",2,1,"Engineering","Humanities","Engineering",0,0,"reject","reject","reject","reject","both_reject","outgroup","ingroup","outgroup","ingroup","outgroup","different",0,"Engineering"
"16","227","227s5",5,0,22,2,1,2,1.42857142857143,3.28571428571429,2.42857142857143,2,1,7,0,1,1,0,2,2,0,0,1,4529,"bystander","target_code_1",1,0,"Humanities","Control","Engineering",0,1,"reject","accept","reject","accept","target_reject_other_accept","outgroup","outgroup","ingroup","outgroup","outgroup","different",0,"Engineering"
"16","227","227s5",5,0,22,2,1,2,1.42857142857143,3.28571428571429,2.42857142857143,2,2,-2,1,0,0,1,2,0,2,0,1,4530,"bystander","target_code_2",0,1,"Control","Humanities","Engineering",1,0,"accept","reject","accept","reject","target_accept_other_reject","outgroup","outgroup","ingroup","outgroup","outgroup","different",0,"Engineering"
"16","228","228s6",6,0,22,1,1,2,1.28571428571429,2.42857142857143,2.71428571428571,1.28571428571429,1,4,0,0,1,1,2,2,2,1,1,4551,"bystander","target_code_1",1,1,"Humanities","Humanities","Engineering",0,0,"reject","reject","reject","reject","both_reject","outgroup","outgroup","ingroup","outgroup","outgroup","same",1,"Engineering"
"16","228","228s6",6,0,22,1,1,2,1.28571428571429,2.42857142857143,2.71428571428571,1.28571428571429,2,4,0,0,1,1,2,2,2,1,1,4552,"bystander","target_code_2",1,1,"Humanities","Humanities","Engineering",0,0,"reject","reject","reject","reject","both_reject","outgroup","outgroup","ingroup","outgroup","outgroup","same",1,"Engineering"
"16","228","228s7",7,0,22,1,1,2,1.28571428571429,2.42857142857143,2.71428571428571,1.28571428571429,1,-1,1,0,2,0,1,1,0,0,2,4553,"bystander","target_code_1",2,0,"Engineering","Control","Engineering",1,0,"accept","reject","accept","reject","target_accept_other_reject","outgroup","outgroup","outgroup","ingroup","outgroup","different",0,"Engineering"
"16","228","228s7",7,0,22,1,1,2,1.28571428571429,2.42857142857143,2.71428571428571,1.28571428571429,2,1,0,1,0,2,1,0,1,0,2,4554,"bystander","target_code_2",0,2,"Control","Engineering","Engineering",0,1,"reject","accept","reject","accept","target_reject_other_accept","outgroup","outgroup","outgroup","outgroup","ingroup","different",0,"Engineering"
"16","228","228s8",8,0,22,1,1,2,1.28571428571429,2.42857142857143,2.71428571428571,1.28571428571429,1,0,0,1,1,1,1,2,2,1,2,4555,"bystander","target_code_1",1,1,"Humanities","Humanities","Engineering",0,1,"reject","accept","reject","accept","target_reject_other_accept","ingroup","ingroup","outgroup","outgroup","outgroup","same",1,"Engineering"
"16","228","228s8",8,0,22,1,1,2,1.28571428571429,2.42857142857143,2.71428571428571,1.28571428571429,2,-2,1,0,1,1,1,2,2,1,2,4556,"bystander","target_code_2",1,1,"Humanities","Humanities","Engineering",1,0,"accept","reject","accept","reject","target_accept_other_reject","ingroup","ingroup","outgroup","outgroup","outgroup","same",1,"Engineering"
"16","228","228s9",9,0,22,1,1,2,1.28571428571429,2.42857142857143,2.71428571428571,1.28571428571429,1,0,1,1,1,0,1,2,0,0,2,4557,"bystander","target_code_1",1,0,"Humanities","Control","Engineering",1,1,"accept","accept","accept","accept","both_accept","ingroup","outgroup","outgroup","outgroup","outgroup","different",0,"Engineering"
"16","228","228s9",9,0,22,1,1,2,1.28571428571429,2.42857142857143,2.71428571428571,1.28571428571429,2,0,1,1,0,1,1,0,2,0,2,4558,"bystander","target_code_2",0,1,"Control","Humanities","Engineering",1,1,"accept","accept","accept","accept","both_accept","outgroup","ingroup","outgroup","outgroup","outgroup","different",0,"Engineering"
"16","228","228s10",10,0,22,1,1,2,1.28571428571429,2.42857142857143,2.71428571428571,1.28571428571429,1,5,0,0,2,0,2,1,0,0,1,4559,"bystander","target_code_1",2,0,"Engineering","Control","Engineering",0,0,"reject","reject","reject","reject","both_reject","ingroup","outgroup","ingroup","ingroup","outgroup","different",0,"Engineering"
"16","228","228s10",10,0,22,1,1,2,1.28571428571429,2.42857142857143,2.71428571428571,1.28571428571429,2,5,0,0,0,2,2,0,1,0,1,4560,"bystander","target_code_2",0,2,"Control","Engineering","Engineering",0,0,"reject","reject","reject","reject","both_reject","outgroup","ingroup","ingroup","outgroup","ingroup","different",0,"Engineering"
"16","229","229s6",6,0,21,3,0,1,1,2.85714285714286,2.28571428571429,1.42857142857143,1,4,1,0,2,2,1,2,2,1,1,4571,"bystander","target_code_1",2,2,"Engineering","Engineering","Humanities",1,0,"accept","reject","accept","reject","target_accept_other_reject","outgroup","outgroup","ingroup","outgroup","outgroup","same",1,"Humanities"
"16","229","229s6",6,0,21,3,0,1,1,2.85714285714286,2.28571428571429,1.42857142857143,2,-5,0,1,2,2,1,2,2,1,1,4572,"bystander","target_code_2",2,2,"Engineering","Engineering","Humanities",0,1,"reject","accept","reject","accept","target_reject_other_accept","outgroup","outgroup","ingroup","outgroup","outgroup","same",1,"Humanities"
"16","229","229s7",7,0,21,3,0,1,1,2.85714285714286,2.28571428571429,1.42857142857143,1,1,0,0,2,2,1,2,2,1,1,4573,"bystander","target_code_1",2,2,"Engineering","Engineering","Humanities",0,0,"reject","reject","reject","reject","both_reject","outgroup","outgroup","ingroup","outgroup","outgroup","same",1,"Humanities"
"16","229","229s7",7,0,21,3,0,1,1,2.85714285714286,2.28571428571429,1.42857142857143,2,1,0,0,2,2,1,2,2,1,1,4574,"bystander","target_code_2",2,2,"Engineering","Engineering","Humanities",0,0,"reject","reject","reject","reject","both_reject","outgroup","outgroup","ingroup","outgroup","outgroup","same",1,"Humanities"
"16","229","229s8",8,0,21,3,0,1,1,2.85714285714286,2.28571428571429,1.42857142857143,1,-1,0,1,2,2,2,2,2,1,2,4575,"bystander","target_code_1",2,2,"Engineering","Engineering","Humanities",0,1,"reject","accept","reject","accept","target_reject_other_accept","ingroup","ingroup","outgroup","outgroup","outgroup","same",1,"Humanities"
"16","229","229s8",8,0,21,3,0,1,1,2.85714285714286,2.28571428571429,1.42857142857143,2,3,1,0,2,2,2,2,2,1,2,4576,"bystander","target_code_2",2,2,"Engineering","Engineering","Humanities",1,0,"accept","reject","accept","reject","target_accept_other_reject","ingroup","ingroup","outgroup","outgroup","outgroup","same",1,"Humanities"
"16","229","229s9",9,0,21,3,0,1,1,2.85714285714286,2.28571428571429,1.42857142857143,1,2,1,0,2,0,2,2,0,0,2,4577,"bystander","target_code_1",2,0,"Engineering","Control","Humanities",1,0,"accept","reject","accept","reject","target_accept_other_reject","ingroup","outgroup","outgroup","outgroup","outgroup","different",0,"Humanities"
"16","229","229s9",9,0,21,3,0,1,1,2.85714285714286,2.28571428571429,1.42857142857143,2,-1,0,1,0,2,2,0,2,0,2,4578,"bystander","target_code_2",0,2,"Control","Engineering","Humanities",0,1,"reject","accept","reject","accept","target_reject_other_accept","outgroup","ingroup","outgroup","outgroup","outgroup","different",0,"Humanities"
"16","229","229s10",10,0,21,3,0,1,1,2.85714285714286,2.28571428571429,1.42857142857143,1,2,1,1,1,2,2,1,2,0,2,4579,"bystander","target_code_1",1,2,"Humanities","Engineering","Humanities",1,1,"accept","accept","accept","accept","both_accept","outgroup","ingroup","outgroup","ingroup","outgroup","different",0,"Humanities"
"16","229","229s10",10,0,21,3,0,1,1,2.85714285714286,2.28571428571429,1.42857142857143,2,2,1,1,2,1,2,2,1,0,2,4580,"bystander","target_code_2",2,1,"Engineering","Humanities","Humanities",1,1,"accept","accept","accept","accept","both_accept","ingroup","outgroup","outgroup","outgroup","ingroup","different",0,"Humanities"
"16","230","230s1",1,0,18,3,1,1,0.857142857142857,1.71428571428571,1.71428571428571,1.14285714285714,1,0,0,1,0,0,2,0,0,1,2,4581,"bystander","target_code_1",0,0,"Control","Control","Humanities",0,1,"reject","accept","reject","accept","target_reject_other_accept","outgroup","outgroup","outgroup","outgroup","outgroup","same",1,"Humanities"
"16","230","230s1",1,0,18,3,1,1,0.857142857142857,1.71428571428571,1.71428571428571,1.14285714285714,2,0,1,0,0,0,2,0,0,1,2,4582,"bystander","target_code_2",0,0,"Control","Control","Humanities",1,0,"accept","reject","accept","reject","target_accept_other_reject","outgroup","outgroup","outgroup","outgroup","outgroup","same",1,"Humanities"
"16","230","230s2",2,0,18,3,1,1,0.857142857142857,1.71428571428571,1.71428571428571,1.14285714285714,1,0,0,1,1,0,2,1,0,0,2,4583,"bystander","target_code_1",1,0,"Humanities","Control","Humanities",0,1,"reject","accept","reject","accept","target_reject_other_accept","outgroup","outgroup","outgroup","ingroup","outgroup","different",0,"Humanities"
"16","230","230s2",2,0,18,3,1,1,0.857142857142857,1.71428571428571,1.71428571428571,1.14285714285714,2,0,1,0,0,1,2,0,1,0,2,4584,"bystander","target_code_2",0,1,"Control","Humanities","Humanities",1,0,"accept","reject","accept","reject","target_accept_other_reject","outgroup","outgroup","outgroup","outgroup","ingroup","different",0,"Humanities"
"16","230","230s3",3,0,18,3,1,1,0.857142857142857,1.71428571428571,1.71428571428571,1.14285714285714,1,0,1,1,0,2,2,0,2,0,2,4585,"bystander","target_code_1",0,2,"Control","Engineering","Humanities",1,1,"accept","accept","accept","accept","both_accept","outgroup","ingroup","outgroup","outgroup","outgroup","different",0,"Humanities"
"16","230","230s3",3,0,18,3,1,1,0.857142857142857,1.71428571428571,1.71428571428571,1.14285714285714,2,0,1,1,2,0,2,2,0,0,2,4586,"bystander","target_code_2",2,0,"Engineering","Control","Humanities",1,1,"accept","accept","accept","accept","both_accept","ingroup","outgroup","outgroup","outgroup","outgroup","different",0,"Humanities"
"16","230","230s4",4,0,18,3,1,1,0.857142857142857,1.71428571428571,1.71428571428571,1.14285714285714,1,0,0,1,2,1,1,2,1,0,1,4587,"bystander","target_code_1",2,1,"Engineering","Humanities","Humanities",0,1,"reject","accept","reject","accept","target_reject_other_accept","outgroup","ingroup","ingroup","outgroup","ingroup","different",0,"Humanities"
"16","230","230s4",4,0,18,3,1,1,0.857142857142857,1.71428571428571,1.71428571428571,1.14285714285714,2,0,1,0,1,2,1,1,2,0,1,4588,"bystander","target_code_2",1,2,"Humanities","Engineering","Humanities",1,0,"accept","reject","accept","reject","target_accept_other_reject","ingroup","outgroup","ingroup","ingroup","outgroup","different",0,"Humanities"
"16","230","230s5",5,0,18,3,1,1,0.857142857142857,1.71428571428571,1.71428571428571,1.14285714285714,1,0,0,1,2,0,2,2,0,0,2,4589,"bystander","target_code_1",2,0,"Engineering","Control","Humanities",0,1,"reject","accept","reject","accept","target_reject_other_accept","ingroup","outgroup","outgroup","outgroup","outgroup","different",0,"Humanities"
"16","230","230s5",5,0,18,3,1,1,0.857142857142857,1.71428571428571,1.71428571428571,1.14285714285714,2,0,1,0,0,2,2,0,2,0,2,4590,"bystander","target_code_2",0,2,"Control","Engineering","Humanities",1,0,"accept","reject","accept","reject","target_accept_other_reject","outgroup","ingroup","outgroup","outgroup","outgroup","different",0,"Humanities"
"16","231","231s1",1,0,19,1,0,2,1.57142857142857,2.28571428571429,2.57142857142857,1.14285714285714,1,0,1,1,1,2,1,2,1,0,2,4601,"bystander","target_code_1",1,2,"Humanities","Engineering","Engineering",1,1,"accept","accept","accept","accept","both_accept","ingroup","outgroup","outgroup","outgroup","ingroup","different",0,"Engineering"
"16","231","231s1",1,0,19,1,0,2,1.57142857142857,2.28571428571429,2.57142857142857,1.14285714285714,2,0,1,1,2,1,1,1,2,0,2,4602,"bystander","target_code_2",2,1,"Engineering","Humanities","Engineering",1,1,"accept","accept","accept","accept","both_accept","outgroup","ingroup","outgroup","ingroup","outgroup","different",0,"Engineering"
"16","231","231s2",2,0,19,1,0,2,1.57142857142857,2.28571428571429,2.57142857142857,1.14285714285714,1,2,1,0,2,1,2,1,2,0,1,4603,"bystander","target_code_1",2,1,"Engineering","Humanities","Engineering",1,0,"accept","reject","accept","reject","target_accept_other_reject","ingroup","outgroup","ingroup","ingroup","outgroup","different",0,"Engineering"
"16","231","231s2",2,0,19,1,0,2,1.57142857142857,2.28571428571429,2.57142857142857,1.14285714285714,2,2,0,1,1,2,2,2,1,0,1,4604,"bystander","target_code_2",1,2,"Humanities","Engineering","Engineering",0,1,"reject","accept","reject","accept","target_reject_other_accept","outgroup","ingroup","ingroup","outgroup","ingroup","different",0,"Engineering"
"16","231","231s3",3,0,19,1,0,2,1.57142857142857,2.28571428571429,2.57142857142857,1.14285714285714,1,0,1,0,2,2,2,1,1,1,1,4605,"bystander","target_code_1",2,2,"Engineering","Engineering","Engineering",1,0,"accept","reject","accept","reject","target_accept_other_reject","ingroup","ingroup","ingroup","ingroup","ingroup","same",1,"Engineering"
"16","231","231s3",3,0,19,1,0,2,1.57142857142857,2.28571428571429,2.57142857142857,1.14285714285714,2,0,0,1,2,2,2,1,1,1,1,4606,"bystander","target_code_2",2,2,"Engineering","Engineering","Engineering",0,1,"reject","accept","reject","accept","target_reject_other_accept","ingroup","ingroup","ingroup","ingroup","ingroup","same",1,"Engineering"
"16","231","231s4",4,0,19,1,0,2,1.57142857142857,2.28571428571429,2.57142857142857,1.14285714285714,1,1,0,1,0,2,1,0,1,0,2,4607,"bystander","target_code_1",0,2,"Control","Engineering","Engineering",0,1,"reject","accept","reject","accept","target_reject_other_accept","outgroup","outgroup","outgroup","outgroup","ingroup","different",0,"Engineering"
"16","231","231s4",4,0,19,1,0,2,1.57142857142857,2.28571428571429,2.57142857142857,1.14285714285714,2,1,1,0,2,0,1,1,0,0,2,4608,"bystander","target_code_2",2,0,"Engineering","Control","Engineering",1,0,"accept","reject","accept","reject","target_accept_other_reject","outgroup","outgroup","outgroup","ingroup","outgroup","different",0,"Engineering"
"16","231","231s5",5,0,19,1,0,2,1.57142857142857,2.28571428571429,2.57142857142857,1.14285714285714,1,0,1,0,0,0,2,0,0,1,1,4609,"bystander","target_code_1",0,0,"Control","Control","Engineering",1,0,"accept","reject","accept","reject","target_accept_other_reject","outgroup","outgroup","ingroup","outgroup","outgroup","same",1,"Engineering"
"16","231","231s5",5,0,19,1,0,2,1.57142857142857,2.28571428571429,2.57142857142857,1.14285714285714,2,0,0,1,0,0,2,0,0,1,1,4610,"bystander","target_code_2",0,0,"Control","Control","Engineering",0,1,"reject","accept","reject","accept","target_reject_other_accept","outgroup","outgroup","ingroup","outgroup","outgroup","same",1,"Engineering"
"16","232","232s6",6,0,18,2,1,2,2.57142857142857,2.85714285714286,3.14285714285714,0.714285714285714,1,-2,1,0,0,0,2,0,0,1,1,4631,"bystander","target_code_1",0,0,"Control","Control","Engineering",1,0,"accept","reject","accept","reject","target_accept_other_reject","outgroup","outgroup","ingroup","outgroup","outgroup","same",1,"Engineering"
"16","232","232s6",6,0,18,2,1,2,2.57142857142857,2.85714285714286,3.14285714285714,0.714285714285714,2,9,0,1,0,0,2,0,0,1,1,4632,"bystander","target_code_2",0,0,"Control","Control","Engineering",0,1,"reject","accept","reject","accept","target_reject_other_accept","outgroup","outgroup","ingroup","outgroup","outgroup","same",1,"Engineering"
"16","232","232s7",7,0,18,2,1,2,2.57142857142857,2.85714285714286,3.14285714285714,0.714285714285714,1,9,0,1,2,0,2,1,0,0,1,4633,"bystander","target_code_1",2,0,"Engineering","Control","Engineering",0,1,"reject","accept","reject","accept","target_reject_other_accept","ingroup","outgroup","ingroup","ingroup","outgroup","different",0,"Engineering"
"16","232","232s7",7,0,18,2,1,2,2.57142857142857,2.85714285714286,3.14285714285714,0.714285714285714,2,2,1,0,0,2,2,0,1,0,1,4634,"bystander","target_code_2",0,2,"Control","Engineering","Engineering",1,0,"accept","reject","accept","reject","target_accept_other_reject","outgroup","ingroup","ingroup","outgroup","ingroup","different",0,"Engineering"
"16","232","232s8",8,0,18,2,1,2,2.57142857142857,2.85714285714286,3.14285714285714,0.714285714285714,1,2,1,0,1,0,2,2,0,0,1,4635,"bystander","target_code_1",1,0,"Humanities","Control","Engineering",1,0,"accept","reject","accept","reject","target_accept_other_reject","outgroup","outgroup","ingroup","outgroup","outgroup","different",0,"Engineering"
"16","232","232s8",8,0,18,2,1,2,2.57142857142857,2.85714285714286,3.14285714285714,0.714285714285714,2,9,0,1,0,1,2,0,2,0,1,4636,"bystander","target_code_2",0,1,"Control","Humanities","Engineering",0,1,"reject","accept","reject","accept","target_reject_other_accept","outgroup","outgroup","ingroup","outgroup","outgroup","different",0,"Engineering"
"16","232","232s9",9,0,18,2,1,2,2.57142857142857,2.85714285714286,3.14285714285714,0.714285714285714,1,5,1,1,2,2,1,1,1,1,2,4637,"bystander","target_code_1",2,2,"Engineering","Engineering","Engineering",1,1,"accept","accept","accept","accept","both_accept","outgroup","outgroup","outgroup","ingroup","ingroup","same",1,"Engineering"
"16","232","232s9",9,0,18,2,1,2,2.57142857142857,2.85714285714286,3.14285714285714,0.714285714285714,2,5,1,1,2,2,1,1,1,1,2,4638,"bystander","target_code_2",2,2,"Engineering","Engineering","Engineering",1,1,"accept","accept","accept","accept","both_accept","outgroup","outgroup","outgroup","ingroup","ingroup","same",1,"Engineering"
"16","232","232s10",10,0,18,2,1,2,2.57142857142857,2.85714285714286,3.14285714285714,0.714285714285714,1,9,0,1,0,0,2,0,0,1,1,4639,"bystander","target_code_1",0,0,"Control","Control","Engineering",0,1,"reject","accept","reject","accept","target_reject_other_accept","outgroup","outgroup","ingroup","outgroup","outgroup","same",1,"Engineering"
"16","232","232s10",10,0,18,2,1,2,2.57142857142857,2.85714285714286,3.14285714285714,0.714285714285714,2,3,1,0,0,0,2,0,0,1,1,4640,"bystander","target_code_2",0,0,"Control","Control","Engineering",1,0,"accept","reject","accept","reject","target_accept_other_reject","outgroup","outgroup","ingroup","outgroup","outgroup","same",1,"Engineering"
"16","233","233s6",6,0,20,1,1,1,2,2.71428571428571,2.71428571428571,1.28571428571429,1,-9,1,1,1,2,2,1,2,0,2,4651,"bystander","target_code_1",1,2,"Humanities","Engineering","Humanities",1,1,"accept","accept","accept","accept","both_accept","outgroup","ingroup","outgroup","ingroup","outgroup","different",0,"Humanities"
"16","233","233s6",6,0,20,1,1,1,2,2.71428571428571,2.71428571428571,1.28571428571429,2,-9,1,1,2,1,2,2,1,0,2,4652,"bystander","target_code_2",2,1,"Engineering","Humanities","Humanities",1,1,"accept","accept","accept","accept","both_accept","ingroup","outgroup","outgroup","outgroup","ingroup","different",0,"Humanities"
"16","233","233s7",7,0,20,1,1,1,2,2.71428571428571,2.71428571428571,1.28571428571429,1,-9,1,1,2,2,1,2,2,1,1,4653,"bystander","target_code_1",2,2,"Engineering","Engineering","Humanities",1,1,"accept","accept","accept","accept","both_accept","outgroup","outgroup","ingroup","outgroup","outgroup","same",1,"Humanities"
"16","233","233s7",7,0,20,1,1,1,2,2.71428571428571,2.71428571428571,1.28571428571429,2,-9,1,1,2,2,1,2,2,1,1,4654,"bystander","target_code_2",2,2,"Engineering","Engineering","Humanities",1,1,"accept","accept","accept","accept","both_accept","outgroup","outgroup","ingroup","outgroup","outgroup","same",1,"Humanities"
"16","233","233s8",8,0,20,1,1,1,2,2.71428571428571,2.71428571428571,1.28571428571429,1,9,0,0,0,0,1,0,0,1,1,4655,"bystander","target_code_1",0,0,"Control","Control","Humanities",0,0,"reject","reject","reject","reject","both_reject","outgroup","outgroup","ingroup","outgroup","outgroup","same",1,"Humanities"
"16","233","233s8",8,0,20,1,1,1,2,2.71428571428571,2.71428571428571,1.28571428571429,2,9,0,0,0,0,1,0,0,1,1,4656,"bystander","target_code_2",0,0,"Control","Control","Humanities",0,0,"reject","reject","reject","reject","both_reject","outgroup","outgroup","ingroup","outgroup","outgroup","same",1,"Humanities"
"16","233","233s9",9,0,20,1,1,1,2,2.71428571428571,2.71428571428571,1.28571428571429,1,-9,1,1,2,0,2,2,0,0,2,4657,"bystander","target_code_1",2,0,"Engineering","Control","Humanities",1,1,"accept","accept","accept","accept","both_accept","ingroup","outgroup","outgroup","outgroup","outgroup","different",0,"Humanities"
"16","233","233s9",9,0,20,1,1,1,2,2.71428571428571,2.71428571428571,1.28571428571429,2,-9,1,1,0,2,2,0,2,0,2,4658,"bystander","target_code_2",0,2,"Control","Engineering","Humanities",1,1,"accept","accept","accept","accept","both_accept","outgroup","ingroup","outgroup","outgroup","outgroup","different",0,"Humanities"
"16","233","233s10",10,0,20,1,1,1,2,2.71428571428571,2.71428571428571,1.28571428571429,1,-9,1,1,0,2,2,0,2,0,2,4659,"bystander","target_code_1",0,2,"Control","Engineering","Humanities",1,1,"accept","accept","accept","accept","both_accept","outgroup","ingroup","outgroup","outgroup","outgroup","different",0,"Humanities"
"16","233","233s10",10,0,20,1,1,1,2,2.71428571428571,2.71428571428571,1.28571428571429,2,-9,1,1,2,0,2,2,0,0,2,4660,"bystander","target_code_2",2,0,"Engineering","Control","Humanities",1,1,"accept","accept","accept","accept","both_accept","ingroup","outgroup","outgroup","outgroup","outgroup","different",0,"Humanities"
"16","234","234s6",6,0,19,1,1,1,2.71428571428571,2.71428571428571,1.71428571428571,2.14285714285714,1,-9,1,1,0,1,2,0,1,0,2,4671,"bystander","target_code_1",0,1,"Control","Humanities","Humanities",1,1,"accept","accept","accept","accept","both_accept","outgroup","outgroup","outgroup","outgroup","ingroup","different",0,"Humanities"
"16","234","234s6",6,0,19,1,1,1,2.71428571428571,2.71428571428571,1.71428571428571,2.14285714285714,2,-9,1,1,1,0,2,1,0,0,2,4672,"bystander","target_code_2",1,0,"Humanities","Control","Humanities",1,1,"accept","accept","accept","accept","both_accept","outgroup","outgroup","outgroup","ingroup","outgroup","different",0,"Humanities"
"16","234","234s7",7,0,19,1,1,1,2.71428571428571,2.71428571428571,1.71428571428571,2.14285714285714,1,-9,1,1,2,1,2,2,1,0,2,4673,"bystander","target_code_1",2,1,"Engineering","Humanities","Humanities",1,1,"accept","accept","accept","accept","both_accept","ingroup","outgroup","outgroup","outgroup","ingroup","different",0,"Humanities"
"16","234","234s7",7,0,19,1,1,1,2.71428571428571,2.71428571428571,1.71428571428571,2.14285714285714,2,-9,1,1,1,2,2,1,2,0,2,4674,"bystander","target_code_2",1,2,"Humanities","Engineering","Humanities",1,1,"accept","accept","accept","accept","both_accept","outgroup","ingroup","outgroup","ingroup","outgroup","different",0,"Humanities"
"16","234","234s8",8,0,19,1,1,1,2.71428571428571,2.71428571428571,1.71428571428571,2.14285714285714,1,9,0,0,1,1,2,1,1,1,2,4675,"bystander","target_code_1",1,1,"Humanities","Humanities","Humanities",0,0,"reject","reject","reject","reject","both_reject","outgroup","outgroup","outgroup","ingroup","ingroup","same",1,"Humanities"
"16","234","234s8",8,0,19,1,1,1,2.71428571428571,2.71428571428571,1.71428571428571,2.14285714285714,2,9,0,0,1,1,2,1,1,1,2,4676,"bystander","target_code_2",1,1,"Humanities","Humanities","Humanities",0,0,"reject","reject","reject","reject","both_reject","outgroup","outgroup","outgroup","ingroup","ingroup","same",1,"Humanities"
"16","234","234s9",9,0,19,1,1,1,2.71428571428571,2.71428571428571,1.71428571428571,2.14285714285714,1,-9,1,0,0,0,1,0,0,1,1,4677,"bystander","target_code_1",0,0,"Control","Control","Humanities",1,0,"accept","reject","accept","reject","target_accept_other_reject","outgroup","outgroup","ingroup","outgroup","outgroup","same",1,"Humanities"
"16","234","234s9",9,0,19,1,1,1,2.71428571428571,2.71428571428571,1.71428571428571,2.14285714285714,2,9,0,1,0,0,1,0,0,1,1,4678,"bystander","target_code_2",0,0,"Control","Control","Humanities",0,1,"reject","accept","reject","accept","target_reject_other_accept","outgroup","outgroup","ingroup","outgroup","outgroup","same",1,"Humanities"
"16","234","234s10",10,0,19,1,1,1,2.71428571428571,2.71428571428571,1.71428571428571,2.14285714285714,1,-9,1,0,2,2,2,2,2,1,2,4679,"bystander","target_code_1",2,2,"Engineering","Engineering","Humanities",1,0,"accept","reject","accept","reject","target_accept_other_reject","ingroup","ingroup","outgroup","outgroup","outgroup","same",1,"Humanities"
"16","234","234s10",10,0,19,1,1,1,2.71428571428571,2.71428571428571,1.71428571428571,2.14285714285714,2,9,0,1,2,2,2,2,2,1,2,4680,"bystander","target_code_2",2,2,"Engineering","Engineering","Humanities",0,1,"reject","accept","reject","accept","target_reject_other_accept","ingroup","ingroup","outgroup","outgroup","outgroup","same",1,"Humanities"
"16","235","235s1",1,0,19,4,0,2,2.42857142857143,3.85714285714286,3.71428571428571,0.571428571428571,1,7,1,1,2,2,1,1,1,1,2,4681,"bystander","target_code_1",2,2,"Engineering","Engineering","Engineering",1,1,"accept","accept","accept","accept","both_accept","outgroup","outgroup","outgroup","ingroup","ingroup","same",1,"Engineering"
"16","235","235s1",1,0,19,4,0,2,2.42857142857143,3.85714285714286,3.71428571428571,0.571428571428571,2,7,1,1,2,2,1,1,1,1,2,4682,"bystander","target_code_2",2,2,"Engineering","Engineering","Engineering",1,1,"accept","accept","accept","accept","both_accept","outgroup","outgroup","outgroup","ingroup","ingroup","same",1,"Engineering"
"16","235","235s2",2,0,19,4,0,2,2.42857142857143,3.85714285714286,3.71428571428571,0.571428571428571,1,7,1,1,2,0,1,1,0,0,2,4683,"bystander","target_code_1",2,0,"Engineering","Control","Engineering",1,1,"accept","accept","accept","accept","both_accept","outgroup","outgroup","outgroup","ingroup","outgroup","different",0,"Engineering"
"16","235","235s2",2,0,19,4,0,2,2.42857142857143,3.85714285714286,3.71428571428571,0.571428571428571,2,7,1,1,0,2,1,0,1,0,2,4684,"bystander","target_code_2",0,2,"Control","Engineering","Engineering",1,1,"accept","accept","accept","accept","both_accept","outgroup","outgroup","outgroup","outgroup","ingroup","different",0,"Engineering"
"16","235","235s3",3,0,19,4,0,2,2.42857142857143,3.85714285714286,3.71428571428571,0.571428571428571,1,9,0,1,0,0,1,0,0,1,2,4685,"bystander","target_code_1",0,0,"Control","Control","Engineering",0,1,"reject","accept","reject","accept","target_reject_other_accept","outgroup","outgroup","outgroup","outgroup","outgroup","same",1,"Engineering"
"16","235","235s3",3,0,19,4,0,2,2.42857142857143,3.85714285714286,3.71428571428571,0.571428571428571,2,7,1,0,0,0,1,0,0,1,2,4686,"bystander","target_code_2",0,0,"Control","Control","Engineering",1,0,"accept","reject","accept","reject","target_accept_other_reject","outgroup","outgroup","outgroup","outgroup","outgroup","same",1,"Engineering"
"16","235","235s4",4,0,19,4,0,2,2.42857142857143,3.85714285714286,3.71428571428571,0.571428571428571,1,9,0,0,0,0,2,0,0,1,1,4687,"bystander","target_code_1",0,0,"Control","Control","Engineering",0,0,"reject","reject","reject","reject","both_reject","outgroup","outgroup","ingroup","outgroup","outgroup","same",1,"Engineering"
"16","235","235s4",4,0,19,4,0,2,2.42857142857143,3.85714285714286,3.71428571428571,0.571428571428571,2,9,0,0,0,0,2,0,0,1,1,4688,"bystander","target_code_2",0,0,"Control","Control","Engineering",0,0,"reject","reject","reject","reject","both_reject","outgroup","outgroup","ingroup","outgroup","outgroup","same",1,"Engineering"
"16","235","235s5",5,0,19,4,0,2,2.42857142857143,3.85714285714286,3.71428571428571,0.571428571428571,1,9,0,0,0,0,1,0,0,1,2,4689,"bystander","target_code_1",0,0,"Control","Control","Engineering",0,0,"reject","reject","reject","reject","both_reject","outgroup","outgroup","outgroup","outgroup","outgroup","same",1,"Engineering"
"16","235","235s5",5,0,19,4,0,2,2.42857142857143,3.85714285714286,3.71428571428571,0.571428571428571,2,9,0,0,0,0,1,0,0,1,2,4690,"bystander","target_code_2",0,0,"Control","Control","Engineering",0,0,"reject","reject","reject","reject","both_reject","outgroup","outgroup","outgroup","outgroup","outgroup","same",1,"Engineering"
"16","236","236s1",1,0,21,1,0,2,2.28571428571429,2.42857142857143,2.28571428571429,1.85714285714286,1,4,1,1,0,2,2,0,1,0,1,4701,"bystander","target_code_1",0,2,"Control","Engineering","Engineering",1,1,"accept","accept","accept","accept","both_accept","outgroup","ingroup","ingroup","outgroup","ingroup","different",0,"Engineering"
"16","236","236s1",1,0,21,1,0,2,2.28571428571429,2.42857142857143,2.28571428571429,1.85714285714286,2,4,1,1,2,0,2,1,0,0,1,4702,"bystander","target_code_2",2,0,"Engineering","Control","Engineering",1,1,"accept","accept","accept","accept","both_accept","ingroup","outgroup","ingroup","ingroup","outgroup","different",0,"Engineering"
"16","236","236s2",2,0,21,1,0,2,2.28571428571429,2.42857142857143,2.28571428571429,1.85714285714286,1,6,1,0,1,0,1,2,0,0,2,4703,"bystander","target_code_1",1,0,"Humanities","Control","Engineering",1,0,"accept","reject","accept","reject","target_accept_other_reject","ingroup","outgroup","outgroup","outgroup","outgroup","different",0,"Engineering"
"16","236","236s2",2,0,21,1,0,2,2.28571428571429,2.42857142857143,2.28571428571429,1.85714285714286,2,6,0,1,0,1,1,0,2,0,2,4704,"bystander","target_code_2",0,1,"Control","Humanities","Engineering",0,1,"reject","accept","reject","accept","target_reject_other_accept","outgroup","ingroup","outgroup","outgroup","outgroup","different",0,"Engineering"
"16","236","236s3",3,0,21,1,0,2,2.28571428571429,2.42857142857143,2.28571428571429,1.85714285714286,1,4,0,1,1,1,2,2,2,1,1,4705,"bystander","target_code_1",1,1,"Humanities","Humanities","Engineering",0,1,"reject","accept","reject","accept","target_reject_other_accept","outgroup","outgroup","ingroup","outgroup","outgroup","same",1,"Engineering"
"16","236","236s3",3,0,21,1,0,2,2.28571428571429,2.42857142857143,2.28571428571429,1.85714285714286,2,4,1,0,1,1,2,2,2,1,1,4706,"bystander","target_code_2",1,1,"Humanities","Humanities","Engineering",1,0,"accept","reject","accept","reject","target_accept_other_reject","outgroup","outgroup","ingroup","outgroup","outgroup","same",1,"Engineering"
"16","236","236s4",4,0,21,1,0,2,2.28571428571429,2.42857142857143,2.28571428571429,1.85714285714286,1,5,0,0,2,2,1,1,1,1,2,4707,"bystander","target_code_1",2,2,"Engineering","Engineering","Engineering",0,0,"reject","reject","reject","reject","both_reject","outgroup","outgroup","outgroup","ingroup","ingroup","same",1,"Engineering"
"16","236","236s4",4,0,21,1,0,2,2.28571428571429,2.42857142857143,2.28571428571429,1.85714285714286,2,5,0,0,2,2,1,1,1,1,2,4708,"bystander","target_code_2",2,2,"Engineering","Engineering","Engineering",0,0,"reject","reject","reject","reject","both_reject","outgroup","outgroup","outgroup","ingroup","ingroup","same",1,"Engineering"
"16","236","236s5",5,0,21,1,0,2,2.28571428571429,2.42857142857143,2.28571428571429,1.85714285714286,1,5,1,1,2,1,2,1,2,0,1,4709,"bystander","target_code_1",2,1,"Engineering","Humanities","Engineering",1,1,"accept","accept","accept","accept","both_accept","ingroup","outgroup","ingroup","ingroup","outgroup","different",0,"Engineering"
"16","236","236s5",5,0,21,1,0,2,2.28571428571429,2.42857142857143,2.28571428571429,1.85714285714286,2,5,1,1,1,2,2,2,1,0,1,4710,"bystander","target_code_2",1,2,"Humanities","Engineering","Engineering",1,1,"accept","accept","accept","accept","both_accept","outgroup","ingroup","ingroup","outgroup","ingroup","different",0,"Engineering"
"16","237","237s1",1,0,18,5,1,2,2,3.57142857142857,3.28571428571429,1.42857142857143,1,-1,1,1,2,0,2,1,0,0,1,4721,"bystander","target_code_1",2,0,"Engineering","Control","Engineering",1,1,"accept","accept","accept","accept","both_accept","ingroup","outgroup","ingroup","ingroup","outgroup","different",0,"Engineering"
"16","237","237s1",1,0,18,5,1,2,2,3.57142857142857,3.28571428571429,1.42857142857143,2,-1,1,1,0,2,2,0,1,0,1,4722,"bystander","target_code_2",0,2,"Control","Engineering","Engineering",1,1,"accept","accept","accept","accept","both_accept","outgroup","ingroup","ingroup","outgroup","ingroup","different",0,"Engineering"
"16","237","237s2",2,0,18,5,1,2,2,3.57142857142857,3.28571428571429,1.42857142857143,1,-1,1,1,2,1,1,1,2,0,2,4723,"bystander","target_code_1",2,1,"Engineering","Humanities","Engineering",1,1,"accept","accept","accept","accept","both_accept","outgroup","ingroup","outgroup","ingroup","outgroup","different",0,"Engineering"
"16","237","237s2",2,0,18,5,1,2,2,3.57142857142857,3.28571428571429,1.42857142857143,2,-1,1,1,1,2,1,2,1,0,2,4724,"bystander","target_code_2",1,2,"Humanities","Engineering","Engineering",1,1,"accept","accept","accept","accept","both_accept","ingroup","outgroup","outgroup","outgroup","ingroup","different",0,"Engineering"
"16","237","237s3",3,0,18,5,1,2,2,3.57142857142857,3.28571428571429,1.42857142857143,1,-1,1,1,2,2,1,1,1,1,2,4725,"bystander","target_code_1",2,2,"Engineering","Engineering","Engineering",1,1,"accept","accept","accept","accept","both_accept","outgroup","outgroup","outgroup","ingroup","ingroup","same",1,"Engineering"
"16","237","237s3",3,0,18,5,1,2,2,3.57142857142857,3.28571428571429,1.42857142857143,2,-1,1,1,2,2,1,1,1,1,2,4726,"bystander","target_code_2",2,2,"Engineering","Engineering","Engineering",1,1,"accept","accept","accept","accept","both_accept","outgroup","outgroup","outgroup","ingroup","ingroup","same",1,"Engineering"
"16","237","237s4",4,0,18,5,1,2,2,3.57142857142857,3.28571428571429,1.42857142857143,1,-1,1,1,2,1,2,1,2,0,1,4727,"bystander","target_code_1",2,1,"Engineering","Humanities","Engineering",1,1,"accept","accept","accept","accept","both_accept","ingroup","outgroup","ingroup","ingroup","outgroup","different",0,"Engineering"
"16","237","237s4",4,0,18,5,1,2,2,3.57142857142857,3.28571428571429,1.42857142857143,2,-1,1,1,1,2,2,2,1,0,1,4728,"bystander","target_code_2",1,2,"Humanities","Engineering","Engineering",1,1,"accept","accept","accept","accept","both_accept","outgroup","ingroup","ingroup","outgroup","ingroup","different",0,"Engineering"
"16","237","237s5",5,0,18,5,1,2,2,3.57142857142857,3.28571428571429,1.42857142857143,1,-1,1,1,1,0,2,2,0,0,1,4729,"bystander","target_code_1",1,0,"Humanities","Control","Engineering",1,1,"accept","accept","accept","accept","both_accept","outgroup","outgroup","ingroup","outgroup","outgroup","different",0,"Engineering"
"16","237","237s5",5,0,18,5,1,2,2,3.57142857142857,3.28571428571429,1.42857142857143,2,-1,1,1,0,1,2,0,2,0,1,4730,"bystander","target_code_2",0,1,"Control","Humanities","Engineering",1,1,"accept","accept","accept","accept","both_accept","outgroup","outgroup","ingroup","outgroup","outgroup","different",0,"Engineering"
"16","238","238s6",6,0,19,3,1,1,2.71428571428571,3.14285714285714,3.42857142857143,2.28571428571429,1,4,0,1,1,2,2,1,2,0,2,4751,"bystander","target_code_1",1,2,"Humanities","Engineering","Humanities",0,1,"reject","accept","reject","accept","target_reject_other_accept","outgroup","ingroup","outgroup","ingroup","outgroup","different",0,"Humanities"
"16","238","238s6",6,0,19,3,1,1,2.71428571428571,3.14285714285714,3.42857142857143,2.28571428571429,2,-5,1,0,2,1,2,2,1,0,2,4752,"bystander","target_code_2",2,1,"Engineering","Humanities","Humanities",1,0,"accept","reject","accept","reject","target_accept_other_reject","ingroup","outgroup","outgroup","outgroup","ingroup","different",0,"Humanities"
"16","238","238s7",7,0,19,3,1,1,2.71428571428571,3.14285714285714,3.42857142857143,2.28571428571429,1,8,0,0,1,0,2,1,0,0,2,4753,"bystander","target_code_1",1,0,"Humanities","Control","Humanities",0,0,"reject","reject","reject","reject","both_reject","outgroup","outgroup","outgroup","ingroup","outgroup","different",0,"Humanities"
"16","238","238s7",7,0,19,3,1,1,2.71428571428571,3.14285714285714,3.42857142857143,2.28571428571429,2,8,0,0,0,1,2,0,1,0,2,4754,"bystander","target_code_2",0,1,"Control","Humanities","Humanities",0,0,"reject","reject","reject","reject","both_reject","outgroup","outgroup","outgroup","outgroup","ingroup","different",0,"Humanities"
"16","238","238s8",8,0,19,3,1,1,2.71428571428571,3.14285714285714,3.42857142857143,2.28571428571429,1,-4,1,0,2,0,2,2,0,0,2,4755,"bystander","target_code_1",2,0,"Engineering","Control","Humanities",1,0,"accept","reject","accept","reject","target_accept_other_reject","ingroup","outgroup","outgroup","outgroup","outgroup","different",0,"Humanities"
"16","238","238s8",8,0,19,3,1,1,2.71428571428571,3.14285714285714,3.42857142857143,2.28571428571429,2,8,0,1,0,2,2,0,2,0,2,4756,"bystander","target_code_2",0,2,"Control","Engineering","Humanities",0,1,"reject","accept","reject","accept","target_reject_other_accept","outgroup","ingroup","outgroup","outgroup","outgroup","different",0,"Humanities"
"16","238","238s9",9,0,19,3,1,1,2.71428571428571,3.14285714285714,3.42857142857143,2.28571428571429,1,-4,1,0,2,0,2,2,0,0,2,4757,"bystander","target_code_1",2,0,"Engineering","Control","Humanities",1,0,"accept","reject","accept","reject","target_accept_other_reject","ingroup","outgroup","outgroup","outgroup","outgroup","different",0,"Humanities"
"16","238","238s9",9,0,19,3,1,1,2.71428571428571,3.14285714285714,3.42857142857143,2.28571428571429,2,7,0,1,0,2,2,0,2,0,2,4758,"bystander","target_code_2",0,2,"Control","Engineering","Humanities",0,1,"reject","accept","reject","accept","target_reject_other_accept","outgroup","ingroup","outgroup","outgroup","outgroup","different",0,"Humanities"
"16","238","238s10",10,0,19,3,1,1,2.71428571428571,3.14285714285714,3.42857142857143,2.28571428571429,1,4,0,1,1,1,1,1,1,1,1,4759,"bystander","target_code_1",1,1,"Humanities","Humanities","Humanities",0,1,"reject","accept","reject","accept","target_reject_other_accept","ingroup","ingroup","ingroup","ingroup","ingroup","same",1,"Humanities"
"16","238","238s10",10,0,19,3,1,1,2.71428571428571,3.14285714285714,3.42857142857143,2.28571428571429,2,-3,1,0,1,1,1,1,1,1,1,4760,"bystander","target_code_2",1,1,"Humanities","Humanities","Humanities",1,0,"accept","reject","accept","reject","target_accept_other_reject","ingroup","ingroup","ingroup","ingroup","ingroup","same",1,"Humanities"
"16","239","239s1",1,0,19,2,0,1,2.57142857142857,2.85714285714286,2.85714285714286,1,1,9,0,1,0,2,1,0,2,0,1,4761,"bystander","target_code_1",0,2,"Control","Engineering","Humanities",0,1,"reject","accept","reject","accept","target_reject_other_accept","outgroup","outgroup","ingroup","outgroup","outgroup","different",0,"Humanities"
"16","239","239s1",1,0,19,2,0,1,2.57142857142857,2.85714285714286,2.85714285714286,1,2,-9,1,0,2,0,1,2,0,0,1,4762,"bystander","target_code_2",2,0,"Engineering","Control","Humanities",1,0,"accept","reject","accept","reject","target_accept_other_reject","outgroup","outgroup","ingroup","outgroup","outgroup","different",0,"Humanities"
"16","239","239s2",2,0,19,2,0,1,2.57142857142857,2.85714285714286,2.85714285714286,1,1,9,0,0,1,0,2,1,0,0,2,4763,"bystander","target_code_1",1,0,"Humanities","Control","Humanities",0,0,"reject","reject","reject","reject","both_reject","outgroup","outgroup","outgroup","ingroup","outgroup","different",0,"Humanities"
"16","239","239s2",2,0,19,2,0,1,2.57142857142857,2.85714285714286,2.85714285714286,1,2,9,0,0,0,1,2,0,1,0,2,4764,"bystander","target_code_2",0,1,"Control","Humanities","Humanities",0,0,"reject","reject","reject","reject","both_reject","outgroup","outgroup","outgroup","outgroup","ingroup","different",0,"Humanities"
"16","239","239s3",3,0,19,2,0,1,2.57142857142857,2.85714285714286,2.85714285714286,1,1,-9,1,0,0,2,2,0,2,0,2,4765,"bystander","target_code_1",0,2,"Control","Engineering","Humanities",1,0,"accept","reject","accept","reject","target_accept_other_reject","outgroup","ingroup","outgroup","outgroup","outgroup","different",0,"Humanities"
"16","239","239s3",3,0,19,2,0,1,2.57142857142857,2.85714285714286,2.85714285714286,1,2,9,0,1,2,0,2,2,0,0,2,4766,"bystander","target_code_2",2,0,"Engineering","Control","Humanities",0,1,"reject","accept","reject","accept","target_reject_other_accept","ingroup","outgroup","outgroup","outgroup","outgroup","different",0,"Humanities"
"16","239","239s4",4,0,19,2,0,1,2.57142857142857,2.85714285714286,2.85714285714286,1,1,9,0,1,0,2,1,0,2,0,1,4767,"bystander","target_code_1",0,2,"Control","Engineering","Humanities",0,1,"reject","accept","reject","accept","target_reject_other_accept","outgroup","outgroup","ingroup","outgroup","outgroup","different",0,"Humanities"
"16","239","239s4",4,0,19,2,0,1,2.57142857142857,2.85714285714286,2.85714285714286,1,2,-9,1,0,2,0,1,2,0,0,1,4768,"bystander","target_code_2",2,0,"Engineering","Control","Humanities",1,0,"accept","reject","accept","reject","target_accept_other_reject","outgroup","outgroup","ingroup","outgroup","outgroup","different",0,"Humanities"
"16","239","239s5",5,0,19,2,0,1,2.57142857142857,2.85714285714286,2.85714285714286,1,1,9,0,1,0,1,2,0,1,0,2,4769,"bystander","target_code_1",0,1,"Control","Humanities","Humanities",0,1,"reject","accept","reject","accept","target_reject_other_accept","outgroup","outgroup","outgroup","outgroup","ingroup","different",0,"Humanities"
"16","239","239s5",5,0,19,2,0,1,2.57142857142857,2.85714285714286,2.85714285714286,1,2,-9,1,0,1,0,2,1,0,0,2,4770,"bystander","target_code_2",1,0,"Humanities","Control","Humanities",1,0,"accept","reject","accept","reject","target_accept_other_reject","outgroup","outgroup","outgroup","ingroup","outgroup","different",0,"Humanities"
"16","240","240s1",1,0,18,2,1,2,1.85714285714286,2.28571428571429,1.71428571428571,2.28571428571429,1,9,0,1,0,0,1,0,0,1,2,4781,"bystander","target_code_1",0,0,"Control","Control","Engineering",0,1,"reject","accept","reject","accept","target_reject_other_accept","outgroup","outgroup","outgroup","outgroup","outgroup","same",1,"Engineering"
"16","240","240s1",1,0,18,2,1,2,1.85714285714286,2.28571428571429,1.71428571428571,2.28571428571429,2,-9,1,0,0,0,1,0,0,1,2,4782,"bystander","target_code_2",0,0,"Control","Control","Engineering",1,0,"accept","reject","accept","reject","target_accept_other_reject","outgroup","outgroup","outgroup","outgroup","outgroup","same",1,"Engineering"
"16","240","240s2",2,0,18,2,1,2,1.85714285714286,2.28571428571429,1.71428571428571,2.28571428571429,1,9,0,1,1,2,2,2,1,0,1,4783,"bystander","target_code_1",1,2,"Humanities","Engineering","Engineering",0,1,"reject","accept","reject","accept","target_reject_other_accept","outgroup","ingroup","ingroup","outgroup","ingroup","different",0,"Engineering"
"16","240","240s2",2,0,18,2,1,2,1.85714285714286,2.28571428571429,1.71428571428571,2.28571428571429,2,-9,1,0,2,1,2,1,2,0,1,4784,"bystander","target_code_2",2,1,"Engineering","Humanities","Engineering",1,0,"accept","reject","accept","reject","target_accept_other_reject","ingroup","outgroup","ingroup","ingroup","outgroup","different",0,"Engineering"
"16","240","240s3",3,0,18,2,1,2,1.85714285714286,2.28571428571429,1.71428571428571,2.28571428571429,1,9,0,0,0,1,1,0,2,0,2,4785,"bystander","target_code_1",0,1,"Control","Humanities","Engineering",0,0,"reject","reject","reject","reject","both_reject","outgroup","ingroup","outgroup","outgroup","outgroup","different",0,"Engineering"
"16","240","240s3",3,0,18,2,1,2,1.85714285714286,2.28571428571429,1.71428571428571,2.28571428571429,2,9,0,0,1,0,1,2,0,0,2,4786,"bystander","target_code_2",1,0,"Humanities","Control","Engineering",0,0,"reject","reject","reject","reject","both_reject","ingroup","outgroup","outgroup","outgroup","outgroup","different",0,"Engineering"
"16","240","240s4",4,0,18,2,1,2,1.85714285714286,2.28571428571429,1.71428571428571,2.28571428571429,1,-9,1,1,2,2,2,1,1,1,1,4787,"bystander","target_code_1",2,2,"Engineering","Engineering","Engineering",1,1,"accept","accept","accept","accept","both_accept","ingroup","ingroup","ingroup","ingroup","ingroup","same",1,"Engineering"
"16","240","240s4",4,0,18,2,1,2,1.85714285714286,2.28571428571429,1.71428571428571,2.28571428571429,2,-9,1,1,2,2,2,1,1,1,1,4788,"bystander","target_code_2",2,2,"Engineering","Engineering","Engineering",1,1,"accept","accept","accept","accept","both_accept","ingroup","ingroup","ingroup","ingroup","ingroup","same",1,"Engineering"
"16","240","240s5",5,0,18,2,1,2,1.85714285714286,2.28571428571429,1.71428571428571,2.28571428571429,1,-9,1,0,1,2,1,2,1,0,2,4789,"bystander","target_code_1",1,2,"Humanities","Engineering","Engineering",1,0,"accept","reject","accept","reject","target_accept_other_reject","ingroup","outgroup","outgroup","outgroup","ingroup","different",0,"Engineering"
"16","240","240s5",5,0,18,2,1,2,1.85714285714286,2.28571428571429,1.71428571428571,2.28571428571429,2,9,0,1,2,1,1,1,2,0,2,4790,"bystander","target_code_2",2,1,"Engineering","Humanities","Engineering",0,1,"reject","accept","reject","accept","target_reject_other_accept","outgroup","ingroup","outgroup","ingroup","outgroup","different",0,"Engineering"
"16","241","241s6",6,0,19,2,1,2,1.57142857142857,3.28571428571429,2.28571428571429,2.14285714285714,1,9,0,1,1,2,2,2,1,0,1,4811,"bystander","target_code_1",1,2,"Humanities","Engineering","Engineering",0,1,"reject","accept","reject","accept","target_reject_other_accept","outgroup","ingroup","ingroup","outgroup","ingroup","different",0,"Engineering"
"16","241","241s6",6,0,19,2,1,2,1.57142857142857,3.28571428571429,2.28571428571429,2.14285714285714,2,-2,1,0,2,1,2,1,2,0,1,4812,"bystander","target_code_2",2,1,"Engineering","Humanities","Engineering",1,0,"accept","reject","accept","reject","target_accept_other_reject","ingroup","outgroup","ingroup","ingroup","outgroup","different",0,"Engineering"
"16","241","241s7",7,0,19,2,1,2,1.57142857142857,3.28571428571429,2.28571428571429,2.14285714285714,1,-5,1,1,0,1,2,0,2,0,1,4813,"bystander","target_code_1",0,1,"Control","Humanities","Engineering",1,1,"accept","accept","accept","accept","both_accept","outgroup","outgroup","ingroup","outgroup","outgroup","different",0,"Engineering"
"16","241","241s7",7,0,19,2,1,2,1.57142857142857,3.28571428571429,2.28571428571429,2.14285714285714,2,-5,1,1,1,0,2,2,0,0,1,4814,"bystander","target_code_2",1,0,"Humanities","Control","Engineering",1,1,"accept","accept","accept","accept","both_accept","outgroup","outgroup","ingroup","outgroup","outgroup","different",0,"Engineering"
"16","241","241s8",8,0,19,2,1,2,1.57142857142857,3.28571428571429,2.28571428571429,2.14285714285714,1,9,0,1,0,1,1,0,2,0,2,4815,"bystander","target_code_1",0,1,"Control","Humanities","Engineering",0,1,"reject","accept","reject","accept","target_reject_other_accept","outgroup","ingroup","outgroup","outgroup","outgroup","different",0,"Engineering"
"16","241","241s8",8,0,19,2,1,2,1.57142857142857,3.28571428571429,2.28571428571429,2.14285714285714,2,-2,1,0,1,0,1,2,0,0,2,4816,"bystander","target_code_2",1,0,"Humanities","Control","Engineering",1,0,"accept","reject","accept","reject","target_accept_other_reject","ingroup","outgroup","outgroup","outgroup","outgroup","different",0,"Engineering"
"16","241","241s9",9,0,19,2,1,2,1.57142857142857,3.28571428571429,2.28571428571429,2.14285714285714,1,-4,1,1,2,2,2,1,1,1,1,4817,"bystander","target_code_1",2,2,"Engineering","Engineering","Engineering",1,1,"accept","accept","accept","accept","both_accept","ingroup","ingroup","ingroup","ingroup","ingroup","same",1,"Engineering"
"16","241","241s9",9,0,19,2,1,2,1.57142857142857,3.28571428571429,2.28571428571429,2.14285714285714,2,-4,1,1,2,2,2,1,1,1,1,4818,"bystander","target_code_2",2,2,"Engineering","Engineering","Engineering",1,1,"accept","accept","accept","accept","both_accept","ingroup","ingroup","ingroup","ingroup","ingroup","same",1,"Engineering"
"16","241","241s10",10,0,19,2,1,2,1.57142857142857,3.28571428571429,2.28571428571429,2.14285714285714,1,-5,1,1,2,1,2,1,2,0,1,4819,"bystander","target_code_1",2,1,"Engineering","Humanities","Engineering",1,1,"accept","accept","accept","accept","both_accept","ingroup","outgroup","ingroup","ingroup","outgroup","different",0,"Engineering"
"16","241","241s10",10,0,19,2,1,2,1.57142857142857,3.28571428571429,2.28571428571429,2.14285714285714,2,-5,1,1,1,2,2,2,1,0,1,4820,"bystander","target_code_2",1,2,"Humanities","Engineering","Engineering",1,1,"accept","accept","accept","accept","both_accept","outgroup","ingroup","ingroup","outgroup","ingroup","different",0,"Engineering"
"16","242","242s1",1,0,19,2,0,2,1.71428571428571,2.71428571428571,2.14285714285714,2.14285714285714,1,8,0,0,0,2,2,0,1,0,1,4821,"bystander","target_code_1",0,2,"Control","Engineering","Engineering",0,0,"reject","reject","reject","reject","both_reject","outgroup","ingroup","ingroup","outgroup","ingroup","different",0,"Engineering"
"16","242","242s1",1,0,19,2,0,2,1.71428571428571,2.71428571428571,2.14285714285714,2.14285714285714,2,8,0,0,2,0,2,1,0,0,1,4822,"bystander","target_code_2",2,0,"Engineering","Control","Engineering",0,0,"reject","reject","reject","reject","both_reject","ingroup","outgroup","ingroup","ingroup","outgroup","different",0,"Engineering"
"16","242","242s2",2,0,19,2,0,2,1.71428571428571,2.71428571428571,2.14285714285714,2.14285714285714,1,8,0,0,0,1,2,0,2,0,1,4823,"bystander","target_code_1",0,1,"Control","Humanities","Engineering",0,0,"reject","reject","reject","reject","both_reject","outgroup","outgroup","ingroup","outgroup","outgroup","different",0,"Engineering"
"16","242","242s2",2,0,19,2,0,2,1.71428571428571,2.71428571428571,2.14285714285714,2.14285714285714,2,8,0,0,1,0,2,2,0,0,1,4824,"bystander","target_code_2",1,0,"Humanities","Control","Engineering",0,0,"reject","reject","reject","reject","both_reject","outgroup","outgroup","ingroup","outgroup","outgroup","different",0,"Engineering"
"16","242","242s3",3,0,19,2,0,2,1.71428571428571,2.71428571428571,2.14285714285714,2.14285714285714,1,8,0,1,2,0,2,1,0,0,1,4825,"bystander","target_code_1",2,0,"Engineering","Control","Engineering",0,1,"reject","accept","reject","accept","target_reject_other_accept","ingroup","outgroup","ingroup","ingroup","outgroup","different",0,"Engineering"
"16","242","242s3",3,0,19,2,0,2,1.71428571428571,2.71428571428571,2.14285714285714,2.14285714285714,2,-8,1,0,0,2,2,0,1,0,1,4826,"bystander","target_code_2",0,2,"Control","Engineering","Engineering",1,0,"accept","reject","accept","reject","target_accept_other_reject","outgroup","ingroup","ingroup","outgroup","ingroup","different",0,"Engineering"
"16","242","242s4",4,0,19,2,0,2,1.71428571428571,2.71428571428571,2.14285714285714,2.14285714285714,1,-9,1,0,1,1,1,2,2,1,2,4827,"bystander","target_code_1",1,1,"Humanities","Humanities","Engineering",1,0,"accept","reject","accept","reject","target_accept_other_reject","ingroup","ingroup","outgroup","outgroup","outgroup","same",1,"Engineering"
"16","242","242s4",4,0,19,2,0,2,1.71428571428571,2.71428571428571,2.14285714285714,2.14285714285714,2,8,0,1,1,1,1,2,2,1,2,4828,"bystander","target_code_2",1,1,"Humanities","Humanities","Engineering",0,1,"reject","accept","reject","accept","target_reject_other_accept","ingroup","ingroup","outgroup","outgroup","outgroup","same",1,"Engineering"
"16","242","242s5",5,0,19,2,0,2,1.71428571428571,2.71428571428571,2.14285714285714,2.14285714285714,1,9,0,1,0,0,2,0,0,1,1,4829,"bystander","target_code_1",0,0,"Control","Control","Engineering",0,1,"reject","accept","reject","accept","target_reject_other_accept","outgroup","outgroup","ingroup","outgroup","outgroup","same",1,"Engineering"
"16","242","242s5",5,0,19,2,0,2,1.71428571428571,2.71428571428571,2.14285714285714,2.14285714285714,2,-8,1,0,0,0,2,0,0,1,1,4830,"bystander","target_code_2",0,0,"Control","Control","Engineering",1,0,"accept","reject","accept","reject","target_accept_other_reject","outgroup","outgroup","ingroup","outgroup","outgroup","same",1,"Engineering"
"16","243","243s6",6,0,19,1,1,1,3.42857142857143,2.85714285714286,2.28571428571429,3.57142857142857,1,9,0,0,1,0,1,1,0,0,1,4851,"bystander","target_code_1",1,0,"Humanities","Control","Humanities",0,0,"reject","reject","reject","reject","both_reject","ingroup","outgroup","ingroup","ingroup","outgroup","different",0,"Humanities"
"16","243","243s6",6,0,19,1,1,1,3.42857142857143,2.85714285714286,2.28571428571429,3.57142857142857,2,9,0,0,0,1,1,0,1,0,1,4852,"bystander","target_code_2",0,1,"Control","Humanities","Humanities",0,0,"reject","reject","reject","reject","both_reject","outgroup","ingroup","ingroup","outgroup","ingroup","different",0,"Humanities"
"16","243","243s7",7,0,19,1,1,1,3.42857142857143,2.85714285714286,2.28571428571429,3.57142857142857,1,-9,1,1,2,0,1,2,0,0,1,4853,"bystander","target_code_1",2,0,"Engineering","Control","Humanities",1,1,"accept","accept","accept","accept","both_accept","outgroup","outgroup","ingroup","outgroup","outgroup","different",0,"Humanities"
"16","243","243s7",7,0,19,1,1,1,3.42857142857143,2.85714285714286,2.28571428571429,3.57142857142857,2,-9,1,1,0,2,1,0,2,0,1,4854,"bystander","target_code_2",0,2,"Control","Engineering","Humanities",1,1,"accept","accept","accept","accept","both_accept","outgroup","outgroup","ingroup","outgroup","outgroup","different",0,"Humanities"
"16","243","243s8",8,0,19,1,1,1,3.42857142857143,2.85714285714286,2.28571428571429,3.57142857142857,1,9,0,1,2,2,1,2,2,1,1,4855,"bystander","target_code_1",2,2,"Engineering","Engineering","Humanities",0,1,"reject","accept","reject","accept","target_reject_other_accept","outgroup","outgroup","ingroup","outgroup","outgroup","same",1,"Humanities"
"16","243","243s8",8,0,19,1,1,1,3.42857142857143,2.85714285714286,2.28571428571429,3.57142857142857,2,-9,1,0,2,2,1,2,2,1,1,4856,"bystander","target_code_2",2,2,"Engineering","Engineering","Humanities",1,0,"accept","reject","accept","reject","target_accept_other_reject","outgroup","outgroup","ingroup","outgroup","outgroup","same",1,"Humanities"
"16","243","243s9",9,0,19,1,1,1,3.42857142857143,2.85714285714286,2.28571428571429,3.57142857142857,1,9,0,1,1,1,2,1,1,1,2,4857,"bystander","target_code_1",1,1,"Humanities","Humanities","Humanities",0,1,"reject","accept","reject","accept","target_reject_other_accept","outgroup","outgroup","outgroup","ingroup","ingroup","same",1,"Humanities"
"16","243","243s9",9,0,19,1,1,1,3.42857142857143,2.85714285714286,2.28571428571429,3.57142857142857,2,-9,1,0,1,1,2,1,1,1,2,4858,"bystander","target_code_2",1,1,"Humanities","Humanities","Humanities",1,0,"accept","reject","accept","reject","target_accept_other_reject","outgroup","outgroup","outgroup","ingroup","ingroup","same",1,"Humanities"
"16","243","243s10",10,0,19,1,1,1,3.42857142857143,2.85714285714286,2.28571428571429,3.57142857142857,1,-9,1,0,0,0,1,0,0,1,1,4859,"bystander","target_code_1",0,0,"Control","Control","Humanities",1,0,"accept","reject","accept","reject","target_accept_other_reject","outgroup","outgroup","ingroup","outgroup","outgroup","same",1,"Humanities"
"16","243","243s10",10,0,19,1,1,1,3.42857142857143,2.85714285714286,2.28571428571429,3.57142857142857,2,9,0,1,0,0,1,0,0,1,1,4860,"bystander","target_code_2",0,0,"Control","Control","Humanities",0,1,"reject","accept","reject","accept","target_reject_other_accept","outgroup","outgroup","ingroup","outgroup","outgroup","same",1,"Humanities"
