"id","stage","negotiator_slot","role","role_observer","age","economic_status","sex","sex_man","participant_faculty","participant_engineering","treatment","analysis_include","iri_total","iri_fs","iri_ec","iri_pt","iri_pd","relational_reference_faculty","faculty_negotiator1","faculty_negotiator2","faculty_negotiator","faculty_counterpart_negotiator","faculty_victim","group_negotiator1","group_negotiator2","negotiator_alignment","counterpart_alignment","perp_outgroup","perp_control","victim_outgroup","same_group_harm","decision_accept","counterpart_decision_accept","group_negotiator_judged","group_negotiator_counterpart","group_victim","negotiator1_outgroup","negotiator1_control","negotiator2_outgroup","negotiator2_control","judged_outgroup","judged_control","counterpart_outgroup","counterpart_control","observer_victim_outgroup","analytic_case_configuration","scenario_has_control","judgement","condemnation","case_configuration","case_configuration_role","case_configuration_decision","case_configuration_context","case_hum_x_hum","case_hum_x_ing","case_hum_x_control","case_ing_x_hum","case_ing_x_ing","case_ing_x_control","analytic_case_configuration_decision","analytic_case_configuration_context","acfg_victim_j_in_c_in","acfg_victim_j_out_c_in","acfg_victim_j_cont_c_in","acfg_victim_j_in_c_out","acfg_victim_j_out_c_out","acfg_victim_j_cont_c_out","acfg_victim_j_in_c_cont","acfg_victim_j_out_c_cont","acfg_victim_j_cont_c_cont","acfg_observer_j_in_c_in_v_in","acfg_observer_j_out_c_in_v_in","acfg_observer_j_cont_c_in_v_in","acfg_observer_j_in_c_out_v_in","acfg_observer_j_out_c_out_v_in","acfg_observer_j_cont_c_out_v_in","acfg_observer_j_in_c_cont_v_in","acfg_observer_j_out_c_cont_v_in","acfg_observer_j_cont_c_cont_v_in","acfg_observer_j_in_c_in_v_out","acfg_observer_j_out_c_in_v_out","acfg_observer_j_cont_c_in_v_out","acfg_observer_j_in_c_out_v_out","acfg_observer_j_out_c_out_v_out","acfg_observer_j_cont_c_out_v_out","acfg_observer_j_in_c_cont_v_out","acfg_observer_j_out_c_cont_v_out","acfg_observer_j_cont_c_cont_v_out"
64,1,1,"victim",0,18,1,2,1,1,0,1,TRUE,3.28571428571429,3.57142857142857,3.25,3.57142857142857,2.66666666666667,1,1,1,1,1,1,"In","In","ingroup","ingroup",0,0,0,1,0,0,"In","In",,0,0,0,0,0,0,0,0,0,"Victim__J_In__C_In",0,9,-9,"Hum_x_Hum","Hum_x_Hum__Victim","Hum_x_Hum__Reject","Hum_x_Hum__Victim__Reject",1,0,0,0,0,0,"Victim__J_In__C_In__Reject","Victim__J_In__C_In__Reject",1,0,0,0,0,0,0,0,0,0,0,0,0,0,0,0,0,0,0,0,0,0,0,0,0,0,0
64,1,2,"victim",0,18,1,2,1,1,0,1,TRUE,3.28571428571429,3.57142857142857,3.25,3.57142857142857,2.66666666666667,1,1,1,1,1,1,"In","In","ingroup","ingroup",0,0,0,1,0,0,"In","In",,0,0,0,0,0,0,0,0,0,"Victim__J_In__C_In",0,9,-9,"Hum_x_Hum","Hum_x_Hum__Victim","Hum_x_Hum__Reject","Hum_x_Hum__Victim__Reject",1,0,0,0,0,0,"Victim__J_In__C_In__Reject","Victim__J_In__C_In__Reject",1,0,0,0,0,0,0,0,0,0,0,0,0,0,0,0,0,0,0,0,0,0,0,0,0,0,0
64,2,1,"victim",0,18,1,2,1,1,0,1,TRUE,3.28571428571429,3.57142857142857,3.25,3.57142857142857,2.66666666666667,1,2,2,2,2,1,"Out","Out","outgroup","outgroup",1,0,0,0,1,1,"Out","Out",,1,0,1,0,1,0,1,0,0,"Victim__J_Out__C_Out",0,-9,9,"Hum_x_Ing","Hum_x_Ing__Victim","Hum_x_Ing__Accept","Hum_x_Ing__Victim__Accept",0,1,0,0,0,0,"Victim__J_Out__C_Out__Accept","Victim__J_Out__C_Out__Accept",0,0,0,0,1,0,0,0,0,0,0,0,0,0,0,0,0,0,0,0,0,0,0,0,0,0,0
64,2,2,"victim",0,18,1,2,1,1,0,1,TRUE,3.28571428571429,3.57142857142857,3.25,3.57142857142857,2.66666666666667,1,2,2,2,2,1,"Out","Out","outgroup","outgroup",1,0,0,0,1,1,"Out","Out",,1,0,1,0,1,0,1,0,0,"Victim__J_Out__C_Out",0,-9,9,"Hum_x_Ing","Hum_x_Ing__Victim","Hum_x_Ing__Accept","Hum_x_Ing__Victim__Accept",0,1,0,0,0,0,"Victim__J_Out__C_Out__Accept","Victim__J_Out__C_Out__Accept",0,0,0,0,1,0,0,0,0,0,0,0,0,0,0,0,0,0,0,0,0,0,0,0,0,0,0
64,6,1,"observer",1,18,1,2,1,1,0,1,TRUE,3.28571428571429,3.57142857142857,3.25,3.57142857142857,2.66666666666667,1,2,1,2,1,2,"Out","In","outgroup","ingroup",1,0,1,1,0,0,"Out","In","Out",1,0,0,0,1,0,0,0,1,"Observer__J_Out__C_In__V_Out",0,9,-9,"Ing_x_Ing","Ing_x_Ing__Observer","Ing_x_Ing__Reject","Ing_x_Ing__Observer__Reject",0,0,0,0,1,0,"Observer__J_Out__C_In__V_Out__Reject","Observer__J_Out__C_In__V_Out__Reject",0,0,0,0,0,0,0,0,0,0,0,0,0,0,0,0,0,0,0,1,0,0,0,0,0,0,0
64,6,2,"observer",1,18,1,2,1,1,0,1,TRUE,3.28571428571429,3.57142857142857,3.25,3.57142857142857,2.66666666666667,1,2,1,1,2,2,"Out","In","ingroup","outgroup",0,0,1,0,0,0,"In","Out","Out",1,0,0,0,0,0,1,0,1,"Observer__J_In__C_Out__V_Out",0,9,-9,"Ing_x_Hum","Ing_x_Hum__Observer","Ing_x_Hum__Reject","Ing_x_Hum__Observer__Reject",0,0,0,1,0,0,"Observer__J_In__C_Out__V_Out__Reject","Observer__J_In__C_Out__V_Out__Reject",0,0,0,0,0,0,0,0,0,0,0,0,0,0,0,0,0,0,0,0,0,1,0,0,0,0,0
64,7,1,"observer",1,18,1,2,1,1,0,1,TRUE,3.28571428571429,3.57142857142857,3.25,3.57142857142857,2.66666666666667,1,2,1,2,1,1,"Out","In","outgroup","ingroup",1,0,0,0,0,1,"Out","In","In",1,0,0,0,1,0,0,0,0,"Observer__J_Out__C_In__V_In",0,9,-9,"Hum_x_Ing","Hum_x_Ing__Observer","Hum_x_Ing__Reject","Hum_x_Ing__Observer__Reject",0,1,0,0,0,0,"Observer__J_Out__C_In__V_In__Reject","Observer__J_Out__C_In__V_In__Reject",0,0,0,0,0,0,0,0,0,0,1,0,0,0,0,0,0,0,0,0,0,0,0,0,0,0,0
64,7,2,"observer",1,18,1,2,1,1,0,1,TRUE,3.28571428571429,3.57142857142857,3.25,3.57142857142857,2.66666666666667,1,2,1,1,2,1,"Out","In","ingroup","outgroup",0,0,0,1,1,0,"In","Out","In",1,0,0,0,0,0,1,0,0,"Observer__J_In__C_Out__V_In",0,-9,9,"Hum_x_Hum","Hum_x_Hum__Observer","Hum_x_Hum__Accept","Hum_x_Hum__Observer__Accept",1,0,0,0,0,0,"Observer__J_In__C_Out__V_In__Accept","Observer__J_In__C_Out__V_In__Accept",0,0,0,0,0,0,0,0,0,0,0,0,1,0,0,0,0,0,0,0,0,0,0,0,0,0,0
64,9,1,"observer",1,18,1,2,1,1,0,1,TRUE,3.28571428571429,3.57142857142857,3.25,3.57142857142857,2.66666666666667,1,1,2,1,2,1,"In","Out","ingroup","outgroup",0,0,0,1,0,1,"In","Out","In",0,0,1,0,0,0,1,0,0,"Observer__J_In__C_Out__V_In",0,9,-9,"Hum_x_Hum","Hum_x_Hum__Observer","Hum_x_Hum__Reject","Hum_x_Hum__Observer__Reject",1,0,0,0,0,0,"Observer__J_In__C_Out__V_In__Reject","Observer__J_In__C_Out__V_In__Reject",0,0,0,0,0,0,0,0,0,0,0,0,1,0,0,0,0,0,0,0,0,0,0,0,0,0,0
64,9,2,"observer",1,18,1,2,1,1,0,1,TRUE,3.28571428571429,3.57142857142857,3.25,3.57142857142857,2.66666666666667,1,1,2,2,1,1,"In","Out","outgroup","ingroup",1,0,0,0,1,0,"Out","In","In",0,0,1,0,1,0,0,0,0,"Observer__J_Out__C_In__V_In",0,-9,9,"Hum_x_Ing","Hum_x_Ing__Observer","Hum_x_Ing__Accept","Hum_x_Ing__Observer__Accept",0,1,0,0,0,0,"Observer__J_Out__C_In__V_In__Accept","Observer__J_Out__C_In__V_In__Accept",0,0,0,0,0,0,0,0,0,0,1,0,0,0,0,0,0,0,0,0,0,0,0,0,0,0,0
65,3,1,"observer",1,42,2,2,1,1,0,2,TRUE,2.82142857142857,3.14285714285714,2.625,3.71428571428571,1.66666666666667,1,1,2,1,2,2,"In","Out","ingroup","outgroup",0,0,1,0,1,0,"In","Out","Out",0,0,1,0,0,0,1,0,1,"Observer__J_In__C_Out__V_Out",0,6,-6,"Ing_x_Hum","Ing_x_Hum__Observer","Ing_x_Hum__Accept","Ing_x_Hum__Observer__Accept",0,0,0,1,0,0,"Observer__J_In__C_Out__V_Out__Accept","Observer__J_In__C_Out__V_Out__Accept",0,0,0,0,0,0,0,0,0,0,0,0,0,0,0,0,0,0,0,0,0,1,0,0,0,0,0
65,3,2,"observer",1,42,2,2,1,1,0,2,TRUE,2.82142857142857,3.14285714285714,2.625,3.71428571428571,1.66666666666667,1,1,2,2,1,2,"In","Out","outgroup","ingroup",1,0,1,1,0,1,"Out","In","Out",0,0,1,0,1,0,0,0,1,"Observer__J_Out__C_In__V_Out",0,2,-2,"Ing_x_Ing","Ing_x_Ing__Observer","Ing_x_Ing__Reject","Ing_x_Ing__Observer__Reject",0,0,0,0,1,0,"Observer__J_Out__C_In__V_Out__Reject","Observer__J_Out__C_In__V_Out__Reject",0,0,0,0,0,0,0,0,0,0,0,0,0,0,0,0,0,0,0,1,0,0,0,0,0,0,0
65,5,1,"observer",1,42,2,2,1,1,0,2,TRUE,2.82142857142857,3.14285714285714,2.625,3.71428571428571,1.66666666666667,1,2,1,2,1,2,"Out","In","outgroup","ingroup",1,0,1,1,0,0,"Out","In","Out",1,0,0,0,1,0,0,0,1,"Observer__J_Out__C_In__V_Out",0,9,-9,"Ing_x_Ing","Ing_x_Ing__Observer","Ing_x_Ing__Reject","Ing_x_Ing__Observer__Reject",0,0,0,0,1,0,"Observer__J_Out__C_In__V_Out__Reject","Observer__J_Out__C_In__V_Out__Reject",0,0,0,0,0,0,0,0,0,0,0,0,0,0,0,0,0,0,0,1,0,0,0,0,0,0,0
65,5,2,"observer",1,42,2,2,1,1,0,2,TRUE,2.82142857142857,3.14285714285714,2.625,3.71428571428571,1.66666666666667,1,2,1,1,2,2,"Out","In","ingroup","outgroup",0,0,1,0,0,0,"In","Out","Out",1,0,0,0,0,0,1,0,1,"Observer__J_In__C_Out__V_Out",0,9,-9,"Ing_x_Hum","Ing_x_Hum__Observer","Ing_x_Hum__Reject","Ing_x_Hum__Observer__Reject",0,0,0,1,0,0,"Observer__J_In__C_Out__V_Out__Reject","Observer__J_In__C_Out__V_Out__Reject",0,0,0,0,0,0,0,0,0,0,0,0,0,0,0,0,0,0,0,0,0,1,0,0,0,0,0
65,6,1,"victim",0,42,2,2,1,1,0,2,TRUE,2.82142857142857,3.14285714285714,2.625,3.71428571428571,1.66666666666667,1,1,2,1,2,1,"In","Out","ingroup","outgroup",0,0,0,1,1,1,"In","Out",,0,0,1,0,0,0,1,0,0,"Victim__J_In__C_Out",0,9,-9,"Hum_x_Hum","Hum_x_Hum__Victim","Hum_x_Hum__Accept","Hum_x_Hum__Victim__Accept",1,0,0,0,0,0,"Victim__J_In__C_Out__Accept","Victim__J_In__C_Out__Accept",0,0,0,1,0,0,0,0,0,0,0,0,0,0,0,0,0,0,0,0,0,0,0,0,0,0,0
65,6,2,"victim",0,42,2,2,1,1,0,2,TRUE,2.82142857142857,3.14285714285714,2.625,3.71428571428571,1.66666666666667,1,1,2,2,1,1,"In","Out","outgroup","ingroup",1,0,0,0,1,1,"Out","In",,0,0,1,0,1,0,0,0,0,"Victim__J_Out__C_In",0,9,-9,"Hum_x_Ing","Hum_x_Ing__Victim","Hum_x_Ing__Accept","Hum_x_Ing__Victim__Accept",0,1,0,0,0,0,"Victim__J_Out__C_In__Accept","Victim__J_Out__C_In__Accept",0,1,0,0,0,0,0,0,0,0,0,0,0,0,0,0,0,0,0,0,0,0,0,0,0,0,0
65,8,1,"victim",0,42,2,2,1,1,0,2,TRUE,2.82142857142857,3.14285714285714,2.625,3.71428571428571,1.66666666666667,1,1,2,1,2,1,"In","Out","ingroup","outgroup",0,0,0,1,1,0,"In","Out",,0,0,1,0,0,0,1,0,0,"Victim__J_In__C_Out",0,9,-9,"Hum_x_Hum","Hum_x_Hum__Victim","Hum_x_Hum__Accept","Hum_x_Hum__Victim__Accept",1,0,0,0,0,0,"Victim__J_In__C_Out__Accept","Victim__J_In__C_Out__Accept",0,0,0,1,0,0,0,0,0,0,0,0,0,0,0,0,0,0,0,0,0,0,0,0,0,0,0
65,8,2,"victim",0,42,2,2,1,1,0,2,TRUE,2.82142857142857,3.14285714285714,2.625,3.71428571428571,1.66666666666667,1,1,2,2,1,1,"In","Out","outgroup","ingroup",1,0,0,0,0,1,"Out","In",,0,0,1,0,1,0,0,0,0,"Victim__J_Out__C_In",0,-3,3,"Hum_x_Ing","Hum_x_Ing__Victim","Hum_x_Ing__Reject","Hum_x_Ing__Victim__Reject",0,1,0,0,0,0,"Victim__J_Out__C_In__Reject","Victim__J_Out__C_In__Reject",0,1,0,0,0,0,0,0,0,0,0,0,0,0,0,0,0,0,0,0,0,0,0,0,0,0,0
65,10,1,"victim",0,42,2,2,1,1,0,2,TRUE,2.82142857142857,3.14285714285714,2.625,3.71428571428571,1.66666666666667,1,2,1,2,1,1,"Out","In","outgroup","ingroup",1,0,0,0,1,0,"Out","In",,1,0,0,0,1,0,0,0,0,"Victim__J_Out__C_In",0,-3,3,"Hum_x_Ing","Hum_x_Ing__Victim","Hum_x_Ing__Accept","Hum_x_Ing__Victim__Accept",0,1,0,0,0,0,"Victim__J_Out__C_In__Accept","Victim__J_Out__C_In__Accept",0,1,0,0,0,0,0,0,0,0,0,0,0,0,0,0,0,0,0,0,0,0,0,0,0,0,0
65,10,2,"victim",0,42,2,2,1,1,0,2,TRUE,2.82142857142857,3.14285714285714,2.625,3.71428571428571,1.66666666666667,1,2,1,1,2,1,"Out","In","ingroup","outgroup",0,0,0,1,0,1,"In","Out",,1,0,0,0,0,0,1,0,0,"Victim__J_In__C_Out",0,7,-7,"Hum_x_Hum","Hum_x_Hum__Victim","Hum_x_Hum__Reject","Hum_x_Hum__Victim__Reject",1,0,0,0,0,0,"Victim__J_In__C_Out__Reject","Victim__J_In__C_Out__Reject",0,0,0,1,0,0,0,0,0,0,0,0,0,0,0,0,0,0,0,0,0,0,0,0,0,0,0
66,1,1,"victim",0,18,3,1,0,1,0,1,TRUE,2.64285714285714,3.42857142857143,2.25,2.42857142857143,2.5,1,2,1,2,1,1,"Out","In","outgroup","ingroup",1,0,0,0,0,0,"Out","In",,1,0,0,0,1,0,0,0,0,"Victim__J_Out__C_In",0,9,-9,"Hum_x_Ing","Hum_x_Ing__Victim","Hum_x_Ing__Reject","Hum_x_Ing__Victim__Reject",0,1,0,0,0,0,"Victim__J_Out__C_In__Reject","Victim__J_Out__C_In__Reject",0,1,0,0,0,0,0,0,0,0,0,0,0,0,0,0,0,0,0,0,0,0,0,0,0,0,0
66,1,2,"victim",0,18,3,1,0,1,0,1,TRUE,2.64285714285714,3.42857142857143,2.25,2.42857142857143,2.5,1,2,1,1,2,1,"Out","In","ingroup","outgroup",0,0,0,1,0,0,"In","Out",,1,0,0,0,0,0,1,0,0,"Victim__J_In__C_Out",0,9,-9,"Hum_x_Hum","Hum_x_Hum__Victim","Hum_x_Hum__Reject","Hum_x_Hum__Victim__Reject",1,0,0,0,0,0,"Victim__J_In__C_Out__Reject","Victim__J_In__C_Out__Reject",0,0,0,1,0,0,0,0,0,0,0,0,0,0,0,0,0,0,0,0,0,0,0,0,0,0,0
66,3,1,"victim",0,18,3,1,0,1,0,1,TRUE,2.64285714285714,3.42857142857143,2.25,2.42857142857143,2.5,1,2,1,2,1,1,"Out","In","outgroup","ingroup",1,0,0,0,1,0,"Out","In",,1,0,0,0,1,0,0,0,0,"Victim__J_Out__C_In",0,-7,7,"Hum_x_Ing","Hum_x_Ing__Victim","Hum_x_Ing__Accept","Hum_x_Ing__Victim__Accept",0,1,0,0,0,0,"Victim__J_Out__C_In__Accept","Victim__J_Out__C_In__Accept",0,1,0,0,0,0,0,0,0,0,0,0,0,0,0,0,0,0,0,0,0,0,0,0,0,0,0
66,3,2,"victim",0,18,3,1,0,1,0,1,TRUE,2.64285714285714,3.42857142857143,2.25,2.42857142857143,2.5,1,2,1,1,2,1,"Out","In","ingroup","outgroup",0,0,0,1,0,1,"In","Out",,1,0,0,0,0,0,1,0,0,"Victim__J_In__C_Out",0,9,-9,"Hum_x_Hum","Hum_x_Hum__Victim","Hum_x_Hum__Reject","Hum_x_Hum__Victim__Reject",1,0,0,0,0,0,"Victim__J_In__C_Out__Reject","Victim__J_In__C_Out__Reject",0,0,0,1,0,0,0,0,0,0,0,0,0,0,0,0,0,0,0,0,0,0,0,0,0,0,0
66,8,1,"observer",1,18,3,1,0,1,0,1,TRUE,2.64285714285714,3.42857142857143,2.25,2.42857142857143,2.5,1,1,2,1,2,1,"In","Out","ingroup","outgroup",0,0,0,1,1,1,"In","Out","In",0,0,1,0,0,0,1,0,0,"Observer__J_In__C_Out__V_In",0,-9,9,"Hum_x_Hum","Hum_x_Hum__Observer","Hum_x_Hum__Accept","Hum_x_Hum__Observer__Accept",1,0,0,0,0,0,"Observer__J_In__C_Out__V_In__Accept","Observer__J_In__C_Out__V_In__Accept",0,0,0,0,0,0,0,0,0,0,0,0,1,0,0,0,0,0,0,0,0,0,0,0,0,0,0
66,8,2,"observer",1,18,3,1,0,1,0,1,TRUE,2.64285714285714,3.42857142857143,2.25,2.42857142857143,2.5,1,1,2,2,1,1,"In","Out","outgroup","ingroup",1,0,0,0,1,1,"Out","In","In",0,0,1,0,1,0,0,0,0,"Observer__J_Out__C_In__V_In",0,-9,9,"Hum_x_Ing","Hum_x_Ing__Observer","Hum_x_Ing__Accept","Hum_x_Ing__Observer__Accept",0,1,0,0,0,0,"Observer__J_Out__C_In__V_In__Accept","Observer__J_Out__C_In__V_In__Accept",0,0,0,0,0,0,0,0,0,0,1,0,0,0,0,0,0,0,0,0,0,0,0,0,0,0,0
66,10,1,"observer",1,18,3,1,0,1,0,1,TRUE,2.64285714285714,3.42857142857143,2.25,2.42857142857143,2.5,1,1,1,1,1,1,"In","In","ingroup","ingroup",0,0,0,1,0,1,"In","In","In",0,0,0,0,0,0,0,0,0,"Observer__J_In__C_In__V_In",0,9,-9,"Hum_x_Hum","Hum_x_Hum__Observer","Hum_x_Hum__Reject","Hum_x_Hum__Observer__Reject",1,0,0,0,0,0,"Observer__J_In__C_In__V_In__Reject","Observer__J_In__C_In__V_In__Reject",0,0,0,0,0,0,0,0,0,1,0,0,0,0,0,0,0,0,0,0,0,0,0,0,0,0,0
66,10,2,"observer",1,18,3,1,0,1,0,1,TRUE,2.64285714285714,3.42857142857143,2.25,2.42857142857143,2.5,1,1,1,1,1,1,"In","In","ingroup","ingroup",0,0,0,1,1,0,"In","In","In",0,0,0,0,0,0,0,0,0,"Observer__J_In__C_In__V_In",0,-9,9,"Hum_x_Hum","Hum_x_Hum__Observer","Hum_x_Hum__Accept","Hum_x_Hum__Observer__Accept",1,0,0,0,0,0,"Observer__J_In__C_In__V_In__Accept","Observer__J_In__C_In__V_In__Accept",0,0,0,0,0,0,0,0,0,1,0,0,0,0,0,0,0,0,0,0,0,0,0,0,0,0,0
67,3,1,"observer",1,18,1,1,0,2,1,2,TRUE,2.75,2.57142857142857,2.75,3,2.66666666666667,2,1,2,1,2,2,"Out","In","outgroup","ingroup",1,0,0,0,1,1,"Out","In","In",1,0,0,0,1,0,0,0,0,"Observer__J_Out__C_In__V_In",0,4,-4,"Ing_x_Hum","Ing_x_Hum__Observer","Ing_x_Hum__Accept","Ing_x_Hum__Observer__Accept",0,0,0,1,0,0,"Observer__J_Out__C_In__V_In__Accept","Observer__J_Out__C_In__V_In__Accept",0,0,0,0,0,0,0,0,0,0,1,0,0,0,0,0,0,0,0,0,0,0,0,0,0,0,0
67,3,2,"observer",1,18,1,1,0,2,1,2,TRUE,2.75,2.57142857142857,2.75,3,2.66666666666667,2,1,2,2,1,2,"Out","In","ingroup","outgroup",0,0,0,1,1,1,"In","Out","In",1,0,0,0,0,0,1,0,0,"Observer__J_In__C_Out__V_In",0,4,-4,"Ing_x_Ing","Ing_x_Ing__Observer","Ing_x_Ing__Accept","Ing_x_Ing__Observer__Accept",0,0,0,0,1,0,"Observer__J_In__C_Out__V_In__Accept","Observer__J_In__C_Out__V_In__Accept",0,0,0,0,0,0,0,0,0,0,0,0,1,0,0,0,0,0,0,0,0,0,0,0,0,0,0
67,6,1,"victim",0,18,1,1,0,2,1,2,TRUE,2.75,2.57142857142857,2.75,3,2.66666666666667,2,1,1,1,1,2,"Out","Out","outgroup","outgroup",1,0,0,0,0,1,"Out","Out",,1,0,1,0,1,0,1,0,0,"Victim__J_Out__C_Out",0,9,-9,"Ing_x_Hum","Ing_x_Hum__Victim","Ing_x_Hum__Reject","Ing_x_Hum__Victim__Reject",0,0,0,1,0,0,"Victim__J_Out__C_Out__Reject","Victim__J_Out__C_Out__Reject",0,0,0,0,1,0,0,0,0,0,0,0,0,0,0,0,0,0,0,0,0,0,0,0,0,0,0
67,6,2,"victim",0,18,1,1,0,2,1,2,TRUE,2.75,2.57142857142857,2.75,3,2.66666666666667,2,1,1,1,1,2,"Out","Out","outgroup","outgroup",1,0,0,0,1,0,"Out","Out",,1,0,1,0,1,0,1,0,0,"Victim__J_Out__C_Out",0,-3,3,"Ing_x_Hum","Ing_x_Hum__Victim","Ing_x_Hum__Accept","Ing_x_Hum__Victim__Accept",0,0,0,1,0,0,"Victim__J_Out__C_Out__Accept","Victim__J_Out__C_Out__Accept",0,0,0,0,1,0,0,0,0,0,0,0,0,0,0,0,0,0,0,0,0,0,0,0,0,0,0
67,7,1,"victim",0,18,1,1,0,2,1,2,TRUE,2.75,2.57142857142857,2.75,3,2.66666666666667,2,2,1,2,1,2,"In","Out","ingroup","outgroup",0,0,0,1,0,0,"In","Out",,0,0,1,0,0,0,1,0,0,"Victim__J_In__C_Out",0,9,-9,"Ing_x_Ing","Ing_x_Ing__Victim","Ing_x_Ing__Reject","Ing_x_Ing__Victim__Reject",0,0,0,0,1,0,"Victim__J_In__C_Out__Reject","Victim__J_In__C_Out__Reject",0,0,0,1,0,0,0,0,0,0,0,0,0,0,0,0,0,0,0,0,0,0,0,0,0,0,0
67,7,2,"victim",0,18,1,1,0,2,1,2,TRUE,2.75,2.57142857142857,2.75,3,2.66666666666667,2,2,1,1,2,2,"In","Out","outgroup","ingroup",1,0,0,0,0,0,"Out","In",,0,0,1,0,1,0,0,0,0,"Victim__J_Out__C_In",0,9,-9,"Ing_x_Hum","Ing_x_Hum__Victim","Ing_x_Hum__Reject","Ing_x_Hum__Victim__Reject",0,0,0,1,0,0,"Victim__J_Out__C_In__Reject","Victim__J_Out__C_In__Reject",0,1,0,0,0,0,0,0,0,0,0,0,0,0,0,0,0,0,0,0,0,0,0,0,0,0,0
67,8,1,"victim",0,18,1,1,0,2,1,2,TRUE,2.75,2.57142857142857,2.75,3,2.66666666666667,2,1,2,1,2,2,"Out","In","outgroup","ingroup",1,0,0,0,1,1,"Out","In",,1,0,0,0,1,0,0,0,0,"Victim__J_Out__C_In",0,-3,3,"Ing_x_Hum","Ing_x_Hum__Victim","Ing_x_Hum__Accept","Ing_x_Hum__Victim__Accept",0,0,0,1,0,0,"Victim__J_Out__C_In__Accept","Victim__J_Out__C_In__Accept",0,1,0,0,0,0,0,0,0,0,0,0,0,0,0,0,0,0,0,0,0,0,0,0,0,0,0
67,8,2,"victim",0,18,1,1,0,2,1,2,TRUE,2.75,2.57142857142857,2.75,3,2.66666666666667,2,1,2,2,1,2,"Out","In","ingroup","outgroup",0,0,0,1,1,1,"In","Out",,1,0,0,0,0,0,1,0,0,"Victim__J_In__C_Out",0,-3,3,"Ing_x_Ing","Ing_x_Ing__Victim","Ing_x_Ing__Accept","Ing_x_Ing__Victim__Accept",0,0,0,0,1,0,"Victim__J_In__C_Out__Accept","Victim__J_In__C_Out__Accept",0,0,0,1,0,0,0,0,0,0,0,0,0,0,0,0,0,0,0,0,0,0,0,0,0,0,0
68,2,1,"victim",0,18,3,2,1,2,1,1,TRUE,1.85714285714286,1.71428571428571,2.25,1.42857142857143,2,2,2,2,2,2,2,"In","In","ingroup","ingroup",0,0,0,1,0,1,"In","In",,0,0,0,0,0,0,0,0,0,"Victim__J_In__C_In",0,9,-9,"Ing_x_Ing","Ing_x_Ing__Victim","Ing_x_Ing__Reject","Ing_x_Ing__Victim__Reject",0,0,0,0,1,0,"Victim__J_In__C_In__Reject","Victim__J_In__C_In__Reject",1,0,0,0,0,0,0,0,0,0,0,0,0,0,0,0,0,0,0,0,0,0,0,0,0,0,0
68,2,2,"victim",0,18,3,2,1,2,1,1,TRUE,1.85714285714286,1.71428571428571,2.25,1.42857142857143,2,2,2,2,2,2,2,"In","In","ingroup","ingroup",0,0,0,1,1,0,"In","In",,0,0,0,0,0,0,0,0,0,"Victim__J_In__C_In",0,1,-1,"Ing_x_Ing","Ing_x_Ing__Victim","Ing_x_Ing__Accept","Ing_x_Ing__Victim__Accept",0,0,0,0,1,0,"Victim__J_In__C_In__Accept","Victim__J_In__C_In__Accept",1,0,0,0,0,0,0,0,0,0,0,0,0,0,0,0,0,0,0,0,0,0,0,0,0,0,0
68,4,1,"victim",0,18,3,2,1,2,1,1,TRUE,1.85714285714286,1.71428571428571,2.25,1.42857142857143,2,2,1,1,1,1,2,"Out","Out","outgroup","outgroup",1,0,0,0,1,1,"Out","Out",,1,0,1,0,1,0,1,0,0,"Victim__J_Out__C_Out",0,1,-1,"Ing_x_Hum","Ing_x_Hum__Victim","Ing_x_Hum__Accept","Ing_x_Hum__Victim__Accept",0,0,0,1,0,0,"Victim__J_Out__C_Out__Accept","Victim__J_Out__C_Out__Accept",0,0,0,0,1,0,0,0,0,0,0,0,0,0,0,0,0,0,0,0,0,0,0,0,0,0,0
68,4,2,"victim",0,18,3,2,1,2,1,1,TRUE,1.85714285714286,1.71428571428571,2.25,1.42857142857143,2,2,1,1,1,1,2,"Out","Out","outgroup","outgroup",1,0,0,0,1,1,"Out","Out",,1,0,1,0,1,0,1,0,0,"Victim__J_Out__C_Out",0,1,-1,"Ing_x_Hum","Ing_x_Hum__Victim","Ing_x_Hum__Accept","Ing_x_Hum__Victim__Accept",0,0,0,1,0,0,"Victim__J_Out__C_Out__Accept","Victim__J_Out__C_Out__Accept",0,0,0,0,1,0,0,0,0,0,0,0,0,0,0,0,0,0,0,0,0,0,0,0,0,0,0
68,5,1,"victim",0,18,3,2,1,2,1,1,TRUE,1.85714285714286,1.71428571428571,2.25,1.42857142857143,2,2,1,2,1,2,2,"Out","In","outgroup","ingroup",1,0,0,0,0,0,"Out","In",,1,0,0,0,1,0,0,0,0,"Victim__J_Out__C_In",0,9,-9,"Ing_x_Hum","Ing_x_Hum__Victim","Ing_x_Hum__Reject","Ing_x_Hum__Victim__Reject",0,0,0,1,0,0,"Victim__J_Out__C_In__Reject","Victim__J_Out__C_In__Reject",0,1,0,0,0,0,0,0,0,0,0,0,0,0,0,0,0,0,0,0,0,0,0,0,0,0,0
68,5,2,"victim",0,18,3,2,1,2,1,1,TRUE,1.85714285714286,1.71428571428571,2.25,1.42857142857143,2,2,1,2,2,1,2,"Out","In","ingroup","outgroup",0,0,0,1,0,0,"In","Out",,1,0,0,0,0,0,1,0,0,"Victim__J_In__C_Out",0,9,-9,"Ing_x_Ing","Ing_x_Ing__Victim","Ing_x_Ing__Reject","Ing_x_Ing__Victim__Reject",0,0,0,0,1,0,"Victim__J_In__C_Out__Reject","Victim__J_In__C_Out__Reject",0,0,0,1,0,0,0,0,0,0,0,0,0,0,0,0,0,0,0,0,0,0,0,0,0,0,0
68,7,1,"observer",1,18,3,2,1,2,1,1,TRUE,1.85714285714286,1.71428571428571,2.25,1.42857142857143,2,2,1,1,1,1,2,"Out","Out","outgroup","outgroup",1,0,0,0,0,0,"Out","Out","In",1,0,1,0,1,0,1,0,0,"Observer__J_Out__C_Out__V_In",0,9,-9,"Ing_x_Hum","Ing_x_Hum__Observer","Ing_x_Hum__Reject","Ing_x_Hum__Observer__Reject",0,0,0,1,0,0,"Observer__J_Out__C_Out__V_In__Reject","Observer__J_Out__C_Out__V_In__Reject",0,0,0,0,0,0,0,0,0,0,0,0,0,1,0,0,0,0,0,0,0,0,0,0,0,0,0
68,7,2,"observer",1,18,3,2,1,2,1,1,TRUE,1.85714285714286,1.71428571428571,2.25,1.42857142857143,2,2,1,1,1,1,2,"Out","Out","outgroup","outgroup",1,0,0,0,0,0,"Out","Out","In",1,0,1,0,1,0,1,0,0,"Observer__J_Out__C_Out__V_In",0,9,-9,"Ing_x_Hum","Ing_x_Hum__Observer","Ing_x_Hum__Reject","Ing_x_Hum__Observer__Reject",0,0,0,1,0,0,"Observer__J_Out__C_Out__V_In__Reject","Observer__J_Out__C_Out__V_In__Reject",0,0,0,0,0,0,0,0,0,0,0,0,0,1,0,0,0,0,0,0,0,0,0,0,0,0,0
68,9,1,"observer",1,18,3,2,1,2,1,1,TRUE,1.85714285714286,1.71428571428571,2.25,1.42857142857143,2,2,2,2,2,2,1,"In","In","ingroup","ingroup",0,0,1,0,0,1,"In","In","Out",0,0,0,0,0,0,0,0,1,"Observer__J_In__C_In__V_Out",0,9,-9,"Hum_x_Ing","Hum_x_Ing__Observer","Hum_x_Ing__Reject","Hum_x_Ing__Observer__Reject",0,1,0,0,0,0,"Observer__J_In__C_In__V_Out__Reject","Observer__J_In__C_In__V_Out__Reject",0,0,0,0,0,0,0,0,0,0,0,0,0,0,0,0,0,0,1,0,0,0,0,0,0,0,0
68,9,2,"observer",1,18,3,2,1,2,1,1,TRUE,1.85714285714286,1.71428571428571,2.25,1.42857142857143,2,2,2,2,2,2,1,"In","In","ingroup","ingroup",0,0,1,0,1,0,"In","In","Out",0,0,0,0,0,0,0,0,1,"Observer__J_In__C_In__V_Out",0,2,-2,"Hum_x_Ing","Hum_x_Ing__Observer","Hum_x_Ing__Accept","Hum_x_Ing__Observer__Accept",0,1,0,0,0,0,"Observer__J_In__C_In__V_Out__Accept","Observer__J_In__C_In__V_Out__Accept",0,0,0,0,0,0,0,0,0,0,0,0,0,0,0,0,0,0,1,0,0,0,0,0,0,0,0
68,10,1,"observer",1,18,3,2,1,2,1,1,TRUE,1.85714285714286,1.71428571428571,2.25,1.42857142857143,2,2,2,2,2,2,2,"In","In","ingroup","ingroup",0,0,0,1,0,0,"In","In","In",0,0,0,0,0,0,0,0,0,"Observer__J_In__C_In__V_In",0,8,-8,"Ing_x_Ing","Ing_x_Ing__Observer","Ing_x_Ing__Reject","Ing_x_Ing__Observer__Reject",0,0,0,0,1,0,"Observer__J_In__C_In__V_In__Reject","Observer__J_In__C_In__V_In__Reject",0,0,0,0,0,0,0,0,0,1,0,0,0,0,0,0,0,0,0,0,0,0,0,0,0,0,0
68,10,2,"observer",1,18,3,2,1,2,1,1,TRUE,1.85714285714286,1.71428571428571,2.25,1.42857142857143,2,2,2,2,2,2,2,"In","In","ingroup","ingroup",0,0,0,1,0,0,"In","In","In",0,0,0,0,0,0,0,0,0,"Observer__J_In__C_In__V_In",0,8,-8,"Ing_x_Ing","Ing_x_Ing__Observer","Ing_x_Ing__Reject","Ing_x_Ing__Observer__Reject",0,0,0,0,1,0,"Observer__J_In__C_In__V_In__Reject","Observer__J_In__C_In__V_In__Reject",0,0,0,0,0,0,0,0,0,1,0,0,0,0,0,0,0,0,0,0,0,0,0,0,0,0,0
69,2,1,"observer",1,18,3,1,0,2,1,2,TRUE,2.46428571428571,1.71428571428571,2.5,3.42857142857143,2.16666666666667,2,2,2,2,2,2,"In","In","ingroup","ingroup",0,0,0,1,0,1,"In","In","In",0,0,0,0,0,0,0,0,0,"Observer__J_In__C_In__V_In",0,5,-5,"Ing_x_Ing","Ing_x_Ing__Observer","Ing_x_Ing__Reject","Ing_x_Ing__Observer__Reject",0,0,0,0,1,0,"Observer__J_In__C_In__V_In__Reject","Observer__J_In__C_In__V_In__Reject",0,0,0,0,0,0,0,0,0,1,0,0,0,0,0,0,0,0,0,0,0,0,0,0,0,0,0
69,2,2,"observer",1,18,3,1,0,2,1,2,TRUE,2.46428571428571,1.71428571428571,2.5,3.42857142857143,2.16666666666667,2,2,2,2,2,2,"In","In","ingroup","ingroup",0,0,0,1,1,0,"In","In","In",0,0,0,0,0,0,0,0,0,"Observer__J_In__C_In__V_In",0,5,-5,"Ing_x_Ing","Ing_x_Ing__Observer","Ing_x_Ing__Accept","Ing_x_Ing__Observer__Accept",0,0,0,0,1,0,"Observer__J_In__C_In__V_In__Accept","Observer__J_In__C_In__V_In__Accept",0,0,0,0,0,0,0,0,0,1,0,0,0,0,0,0,0,0,0,0,0,0,0,0,0,0,0
69,5,1,"observer",1,18,3,1,0,2,1,2,TRUE,2.46428571428571,1.71428571428571,2.5,3.42857142857143,2.16666666666667,2,1,1,1,1,2,"Out","Out","outgroup","outgroup",1,0,0,0,1,0,"Out","Out","In",1,0,1,0,1,0,1,0,0,"Observer__J_Out__C_Out__V_In",0,9,-9,"Ing_x_Hum","Ing_x_Hum__Observer","Ing_x_Hum__Accept","Ing_x_Hum__Observer__Accept",0,0,0,1,0,0,"Observer__J_Out__C_Out__V_In__Accept","Observer__J_Out__C_Out__V_In__Accept",0,0,0,0,0,0,0,0,0,0,0,0,0,1,0,0,0,0,0,0,0,0,0,0,0,0,0
69,5,2,"observer",1,18,3,1,0,2,1,2,TRUE,2.46428571428571,1.71428571428571,2.5,3.42857142857143,2.16666666666667,2,1,1,1,1,2,"Out","Out","outgroup","outgroup",1,0,0,0,0,1,"Out","Out","In",1,0,1,0,1,0,1,0,0,"Observer__J_Out__C_Out__V_In",0,4,-4,"Ing_x_Hum","Ing_x_Hum__Observer","Ing_x_Hum__Reject","Ing_x_Hum__Observer__Reject",0,0,0,1,0,0,"Observer__J_Out__C_Out__V_In__Reject","Observer__J_Out__C_Out__V_In__Reject",0,0,0,0,0,0,0,0,0,0,0,0,0,1,0,0,0,0,0,0,0,0,0,0,0,0,0
69,6,1,"victim",0,18,3,1,0,2,1,2,TRUE,2.46428571428571,1.71428571428571,2.5,3.42857142857143,2.16666666666667,2,1,1,1,1,2,"Out","Out","outgroup","outgroup",1,0,0,0,0,1,"Out","Out",,1,0,1,0,1,0,1,0,0,"Victim__J_Out__C_Out",0,5,-5,"Ing_x_Hum","Ing_x_Hum__Victim","Ing_x_Hum__Reject","Ing_x_Hum__Victim__Reject",0,0,0,1,0,0,"Victim__J_Out__C_Out__Reject","Victim__J_Out__C_Out__Reject",0,0,0,0,1,0,0,0,0,0,0,0,0,0,0,0,0,0,0,0,0,0,0,0,0,0,0
69,6,2,"victim",0,18,3,1,0,2,1,2,TRUE,2.46428571428571,1.71428571428571,2.5,3.42857142857143,2.16666666666667,2,1,1,1,1,2,"Out","Out","outgroup","outgroup",1,0,0,0,1,0,"Out","Out",,1,0,1,0,1,0,1,0,0,"Victim__J_Out__C_Out",0,9,-9,"Ing_x_Hum","Ing_x_Hum__Victim","Ing_x_Hum__Accept","Ing_x_Hum__Victim__Accept",0,0,0,1,0,0,"Victim__J_Out__C_Out__Accept","Victim__J_Out__C_Out__Accept",0,0,0,0,1,0,0,0,0,0,0,0,0,0,0,0,0,0,0,0,0,0,0,0,0,0,0
69,7,1,"victim",0,18,3,1,0,2,1,2,TRUE,2.46428571428571,1.71428571428571,2.5,3.42857142857143,2.16666666666667,2,1,2,1,2,2,"Out","In","outgroup","ingroup",1,0,0,0,0,0,"Out","In",,1,0,0,0,1,0,0,0,0,"Victim__J_Out__C_In",0,9,-9,"Ing_x_Hum","Ing_x_Hum__Victim","Ing_x_Hum__Reject","Ing_x_Hum__Victim__Reject",0,0,0,1,0,0,"Victim__J_Out__C_In__Reject","Victim__J_Out__C_In__Reject",0,1,0,0,0,0,0,0,0,0,0,0,0,0,0,0,0,0,0,0,0,0,0,0,0,0,0
69,7,2,"victim",0,18,3,1,0,2,1,2,TRUE,2.46428571428571,1.71428571428571,2.5,3.42857142857143,2.16666666666667,2,1,2,2,1,2,"Out","In","ingroup","outgroup",0,0,0,1,0,0,"In","Out",,1,0,0,0,0,0,1,0,0,"Victim__J_In__C_Out",0,9,-9,"Ing_x_Ing","Ing_x_Ing__Victim","Ing_x_Ing__Reject","Ing_x_Ing__Victim__Reject",0,0,0,0,1,0,"Victim__J_In__C_Out__Reject","Victim__J_In__C_Out__Reject",0,0,0,1,0,0,0,0,0,0,0,0,0,0,0,0,0,0,0,0,0,0,0,0,0,0,0
69,8,1,"victim",0,18,3,1,0,2,1,2,TRUE,2.46428571428571,1.71428571428571,2.5,3.42857142857143,2.16666666666667,2,1,2,1,2,2,"Out","In","outgroup","ingroup",1,0,0,0,0,1,"Out","In",,1,0,0,0,1,0,0,0,0,"Victim__J_Out__C_In",0,5,-5,"Ing_x_Hum","Ing_x_Hum__Victim","Ing_x_Hum__Reject","Ing_x_Hum__Victim__Reject",0,0,0,1,0,0,"Victim__J_Out__C_In__Reject","Victim__J_Out__C_In__Reject",0,1,0,0,0,0,0,0,0,0,0,0,0,0,0,0,0,0,0,0,0,0,0,0,0,0,0
69,8,2,"victim",0,18,3,1,0,2,1,2,TRUE,2.46428571428571,1.71428571428571,2.5,3.42857142857143,2.16666666666667,2,1,2,2,1,2,"Out","In","ingroup","outgroup",0,0,0,1,1,0,"In","Out",,1,0,0,0,0,0,1,0,0,"Victim__J_In__C_Out",0,8,-8,"Ing_x_Ing","Ing_x_Ing__Victim","Ing_x_Ing__Accept","Ing_x_Ing__Victim__Accept",0,0,0,0,1,0,"Victim__J_In__C_Out__Accept","Victim__J_In__C_Out__Accept",0,0,0,1,0,0,0,0,0,0,0,0,0,0,0,0,0,0,0,0,0,0,0,0,0,0,0
70,2,1,"victim",0,18,2,1,0,2,1,1,TRUE,2.75,2.57142857142857,3,3.57142857142857,1.66666666666667,2,2,2,2,2,2,"In","In","ingroup","ingroup",0,0,0,1,0,0,"In","In",,0,0,0,0,0,0,0,0,0,"Victim__J_In__C_In",0,9,-9,"Ing_x_Ing","Ing_x_Ing__Victim","Ing_x_Ing__Reject","Ing_x_Ing__Victim__Reject",0,0,0,0,1,0,"Victim__J_In__C_In__Reject","Victim__J_In__C_In__Reject",1,0,0,0,0,0,0,0,0,0,0,0,0,0,0,0,0,0,0,0,0,0,0,0,0,0,0
70,2,2,"victim",0,18,2,1,0,2,1,1,TRUE,2.75,2.57142857142857,3,3.57142857142857,1.66666666666667,2,2,2,2,2,2,"In","In","ingroup","ingroup",0,0,0,1,0,0,"In","In",,0,0,0,0,0,0,0,0,0,"Victim__J_In__C_In",0,9,-9,"Ing_x_Ing","Ing_x_Ing__Victim","Ing_x_Ing__Reject","Ing_x_Ing__Victim__Reject",0,0,0,0,1,0,"Victim__J_In__C_In__Reject","Victim__J_In__C_In__Reject",1,0,0,0,0,0,0,0,0,0,0,0,0,0,0,0,0,0,0,0,0,0,0,0,0,0,0
70,4,1,"victim",0,18,2,1,0,2,1,1,TRUE,2.75,2.57142857142857,3,3.57142857142857,1.66666666666667,2,1,1,1,1,2,"Out","Out","outgroup","outgroup",1,0,0,0,0,1,"Out","Out",,1,0,1,0,1,0,1,0,0,"Victim__J_Out__C_Out",0,9,-9,"Ing_x_Hum","Ing_x_Hum__Victim","Ing_x_Hum__Reject","Ing_x_Hum__Victim__Reject",0,0,0,1,0,0,"Victim__J_Out__C_Out__Reject","Victim__J_Out__C_Out__Reject",0,0,0,0,1,0,0,0,0,0,0,0,0,0,0,0,0,0,0,0,0,0,0,0,0,0,0
70,4,2,"victim",0,18,2,1,0,2,1,1,TRUE,2.75,2.57142857142857,3,3.57142857142857,1.66666666666667,2,1,1,1,1,2,"Out","Out","outgroup","outgroup",1,0,0,0,1,0,"Out","Out",,1,0,1,0,1,0,1,0,0,"Victim__J_Out__C_Out",0,-9,9,"Ing_x_Hum","Ing_x_Hum__Victim","Ing_x_Hum__Accept","Ing_x_Hum__Victim__Accept",0,0,0,1,0,0,"Victim__J_Out__C_Out__Accept","Victim__J_Out__C_Out__Accept",0,0,0,0,1,0,0,0,0,0,0,0,0,0,0,0,0,0,0,0,0,0,0,0,0,0,0
70,6,1,"observer",1,18,2,1,0,2,1,1,TRUE,2.75,2.57142857142857,3,3.57142857142857,1.66666666666667,2,2,1,2,1,2,"In","Out","ingroup","outgroup",0,0,0,1,1,1,"In","Out","In",0,0,1,0,0,0,1,0,0,"Observer__J_In__C_Out__V_In",0,-9,9,"Ing_x_Ing","Ing_x_Ing__Observer","Ing_x_Ing__Accept","Ing_x_Ing__Observer__Accept",0,0,0,0,1,0,"Observer__J_In__C_Out__V_In__Accept","Observer__J_In__C_Out__V_In__Accept",0,0,0,0,0,0,0,0,0,0,0,0,1,0,0,0,0,0,0,0,0,0,0,0,0,0,0
70,6,2,"observer",1,18,2,1,0,2,1,1,TRUE,2.75,2.57142857142857,3,3.57142857142857,1.66666666666667,2,2,1,1,2,2,"In","Out","outgroup","ingroup",1,0,0,0,1,1,"Out","In","In",0,0,1,0,1,0,0,0,0,"Observer__J_Out__C_In__V_In",0,-9,9,"Ing_x_Hum","Ing_x_Hum__Observer","Ing_x_Hum__Accept","Ing_x_Hum__Observer__Accept",0,0,0,1,0,0,"Observer__J_Out__C_In__V_In__Accept","Observer__J_Out__C_In__V_In__Accept",0,0,0,0,0,0,0,0,0,0,1,0,0,0,0,0,0,0,0,0,0,0,0,0,0,0,0
70,9,1,"observer",1,18,2,1,0,2,1,1,TRUE,2.75,2.57142857142857,3,3.57142857142857,1.66666666666667,2,2,2,2,2,2,"In","In","ingroup","ingroup",0,0,0,1,1,0,"In","In","In",0,0,0,0,0,0,0,0,0,"Observer__J_In__C_In__V_In",0,3,-3,"Ing_x_Ing","Ing_x_Ing__Observer","Ing_x_Ing__Accept","Ing_x_Ing__Observer__Accept",0,0,0,0,1,0,"Observer__J_In__C_In__V_In__Accept","Observer__J_In__C_In__V_In__Accept",0,0,0,0,0,0,0,0,0,1,0,0,0,0,0,0,0,0,0,0,0,0,0,0,0,0,0
70,9,2,"observer",1,18,2,1,0,2,1,1,TRUE,2.75,2.57142857142857,3,3.57142857142857,1.66666666666667,2,2,2,2,2,2,"In","In","ingroup","ingroup",0,0,0,1,0,1,"In","In","In",0,0,0,0,0,0,0,0,0,"Observer__J_In__C_In__V_In",0,9,-9,"Ing_x_Ing","Ing_x_Ing__Observer","Ing_x_Ing__Reject","Ing_x_Ing__Observer__Reject",0,0,0,0,1,0,"Observer__J_In__C_In__V_In__Reject","Observer__J_In__C_In__V_In__Reject",0,0,0,0,0,0,0,0,0,1,0,0,0,0,0,0,0,0,0,0,0,0,0,0,0,0,0
71,1,1,"victim",0,18,3,2,1,2,1,1,TRUE,1.42857142857143,1.71428571428571,1.25,2,0.666666666666667,2,1,2,1,2,2,"Out","In","outgroup","ingroup",1,0,0,0,0,0,"Out","In",,1,0,0,0,1,0,0,0,0,"Victim__J_Out__C_In",0,0,0,"Ing_x_Hum","Ing_x_Hum__Victim","Ing_x_Hum__Reject","Ing_x_Hum__Victim__Reject",0,0,0,1,0,0,"Victim__J_Out__C_In__Reject","Victim__J_Out__C_In__Reject",0,1,0,0,0,0,0,0,0,0,0,0,0,0,0,0,0,0,0,0,0,0,0,0,0,0,0
71,1,2,"victim",0,18,3,2,1,2,1,1,TRUE,1.42857142857143,1.71428571428571,1.25,2,0.666666666666667,2,1,2,2,1,2,"Out","In","ingroup","outgroup",0,0,0,1,0,0,"In","Out",,1,0,0,0,0,0,1,0,0,"Victim__J_In__C_Out",0,0,0,"Ing_x_Ing","Ing_x_Ing__Victim","Ing_x_Ing__Reject","Ing_x_Ing__Victim__Reject",0,0,0,0,1,0,"Victim__J_In__C_Out__Reject","Victim__J_In__C_Out__Reject",0,0,0,1,0,0,0,0,0,0,0,0,0,0,0,0,0,0,0,0,0,0,0,0,0,0,0
71,2,1,"victim",0,18,3,2,1,2,1,1,TRUE,1.42857142857143,1.71428571428571,1.25,2,0.666666666666667,2,2,1,2,1,2,"In","Out","ingroup","outgroup",0,0,0,1,0,1,"In","Out",,0,0,1,0,0,0,1,0,0,"Victim__J_In__C_Out",0,0,0,"Ing_x_Ing","Ing_x_Ing__Victim","Ing_x_Ing__Reject","Ing_x_Ing__Victim__Reject",0,0,0,0,1,0,"Victim__J_In__C_Out__Reject","Victim__J_In__C_Out__Reject",0,0,0,1,0,0,0,0,0,0,0,0,0,0,0,0,0,0,0,0,0,0,0,0,0,0,0
71,2,2,"victim",0,18,3,2,1,2,1,1,TRUE,1.42857142857143,1.71428571428571,1.25,2,0.666666666666667,2,2,1,1,2,2,"In","Out","outgroup","ingroup",1,0,0,0,1,0,"Out","In",,0,0,1,0,1,0,0,0,0,"Victim__J_Out__C_In",0,0,0,"Ing_x_Hum","Ing_x_Hum__Victim","Ing_x_Hum__Accept","Ing_x_Hum__Victim__Accept",0,0,0,1,0,0,"Victim__J_Out__C_In__Accept","Victim__J_Out__C_In__Accept",0,1,0,0,0,0,0,0,0,0,0,0,0,0,0,0,0,0,0,0,0,0,0,0,0,0,0
71,4,1,"victim",0,18,3,2,1,2,1,1,TRUE,1.42857142857143,1.71428571428571,1.25,2,0.666666666666667,2,2,1,2,1,2,"In","Out","ingroup","outgroup",0,0,0,1,0,0,"In","Out",,0,0,1,0,0,0,1,0,0,"Victim__J_In__C_Out",0,0,0,"Ing_x_Ing","Ing_x_Ing__Victim","Ing_x_Ing__Reject","Ing_x_Ing__Victim__Reject",0,0,0,0,1,0,"Victim__J_In__C_Out__Reject","Victim__J_In__C_Out__Reject",0,0,0,1,0,0,0,0,0,0,0,0,0,0,0,0,0,0,0,0,0,0,0,0,0,0,0
71,4,2,"victim",0,18,3,2,1,2,1,1,TRUE,1.42857142857143,1.71428571428571,1.25,2,0.666666666666667,2,2,1,1,2,2,"In","Out","outgroup","ingroup",1,0,0,0,0,0,"Out","In",,0,0,1,0,1,0,0,0,0,"Victim__J_Out__C_In",0,0,0,"Ing_x_Hum","Ing_x_Hum__Victim","Ing_x_Hum__Reject","Ing_x_Hum__Victim__Reject",0,0,0,1,0,0,"Victim__J_Out__C_In__Reject","Victim__J_Out__C_In__Reject",0,1,0,0,0,0,0,0,0,0,0,0,0,0,0,0,0,0,0,0,0,0,0,0,0,0,0
71,5,1,"victim",0,18,3,2,1,2,1,1,TRUE,1.42857142857143,1.71428571428571,1.25,2,0.666666666666667,2,1,1,1,1,2,"Out","Out","outgroup","outgroup",1,0,0,0,0,1,"Out","Out",,1,0,1,0,1,0,1,0,0,"Victim__J_Out__C_Out",0,0,0,"Ing_x_Hum","Ing_x_Hum__Victim","Ing_x_Hum__Reject","Ing_x_Hum__Victim__Reject",0,0,0,1,0,0,"Victim__J_Out__C_Out__Reject","Victim__J_Out__C_Out__Reject",0,0,0,0,1,0,0,0,0,0,0,0,0,0,0,0,0,0,0,0,0,0,0,0,0,0,0
71,5,2,"victim",0,18,3,2,1,2,1,1,TRUE,1.42857142857143,1.71428571428571,1.25,2,0.666666666666667,2,1,1,1,1,2,"Out","Out","outgroup","outgroup",1,0,0,0,1,0,"Out","Out",,1,0,1,0,1,0,1,0,0,"Victim__J_Out__C_Out",0,0,0,"Ing_x_Hum","Ing_x_Hum__Victim","Ing_x_Hum__Accept","Ing_x_Hum__Victim__Accept",0,0,0,1,0,0,"Victim__J_Out__C_Out__Accept","Victim__J_Out__C_Out__Accept",0,0,0,0,1,0,0,0,0,0,0,0,0,0,0,0,0,0,0,0,0,0,0,0,0,0,0
71,6,1,"observer",1,18,3,2,1,2,1,1,TRUE,1.42857142857143,1.71428571428571,1.25,2,0.666666666666667,2,2,2,2,2,2,"In","In","ingroup","ingroup",0,0,0,1,0,1,"In","In","In",0,0,0,0,0,0,0,0,0,"Observer__J_In__C_In__V_In",0,0,0,"Ing_x_Ing","Ing_x_Ing__Observer","Ing_x_Ing__Reject","Ing_x_Ing__Observer__Reject",0,0,0,0,1,0,"Observer__J_In__C_In__V_In__Reject","Observer__J_In__C_In__V_In__Reject",0,0,0,0,0,0,0,0,0,1,0,0,0,0,0,0,0,0,0,0,0,0,0,0,0,0,0
71,6,2,"observer",1,18,3,2,1,2,1,1,TRUE,1.42857142857143,1.71428571428571,1.25,2,0.666666666666667,2,2,2,2,2,2,"In","In","ingroup","ingroup",0,0,0,1,1,0,"In","In","In",0,0,0,0,0,0,0,0,0,"Observer__J_In__C_In__V_In",0,0,0,"Ing_x_Ing","Ing_x_Ing__Observer","Ing_x_Ing__Accept","Ing_x_Ing__Observer__Accept",0,0,0,0,1,0,"Observer__J_In__C_In__V_In__Accept","Observer__J_In__C_In__V_In__Accept",0,0,0,0,0,0,0,0,0,1,0,0,0,0,0,0,0,0,0,0,0,0,0,0,0,0,0
72,2,1,"observer",1,18,1,1,0,2,1,2,TRUE,1.67857142857143,1.14285714285714,1.875,2.28571428571429,1.33333333333333,2,1,2,1,2,2,"Out","In","outgroup","ingroup",1,0,0,0,1,0,"Out","In","In",1,0,0,0,1,0,0,0,0,"Observer__J_Out__C_In__V_In",0,-9,9,"Ing_x_Hum","Ing_x_Hum__Observer","Ing_x_Hum__Accept","Ing_x_Hum__Observer__Accept",0,0,0,1,0,0,"Observer__J_Out__C_In__V_In__Accept","Observer__J_Out__C_In__V_In__Accept",0,0,0,0,0,0,0,0,0,0,1,0,0,0,0,0,0,0,0,0,0,0,0,0,0,0,0
72,2,2,"observer",1,18,1,1,0,2,1,2,TRUE,1.67857142857143,1.14285714285714,1.875,2.28571428571429,1.33333333333333,2,1,2,2,1,2,"Out","In","ingroup","outgroup",0,0,0,1,0,1,"In","Out","In",1,0,0,0,0,0,1,0,0,"Observer__J_In__C_Out__V_In",0,9,-9,"Ing_x_Ing","Ing_x_Ing__Observer","Ing_x_Ing__Reject","Ing_x_Ing__Observer__Reject",0,0,0,0,1,0,"Observer__J_In__C_Out__V_In__Reject","Observer__J_In__C_Out__V_In__Reject",0,0,0,0,0,0,0,0,0,0,0,0,1,0,0,0,0,0,0,0,0,0,0,0,0,0,0
72,4,1,"observer",1,18,1,1,0,2,1,2,TRUE,1.67857142857143,1.14285714285714,1.875,2.28571428571429,1.33333333333333,2,1,1,1,1,2,"Out","Out","outgroup","outgroup",1,0,0,0,0,1,"Out","Out","In",1,0,1,0,1,0,1,0,0,"Observer__J_Out__C_Out__V_In",0,9,-9,"Ing_x_Hum","Ing_x_Hum__Observer","Ing_x_Hum__Reject","Ing_x_Hum__Observer__Reject",0,0,0,1,0,0,"Observer__J_Out__C_Out__V_In__Reject","Observer__J_Out__C_Out__V_In__Reject",0,0,0,0,0,0,0,0,0,0,0,0,0,1,0,0,0,0,0,0,0,0,0,0,0,0,0
72,4,2,"observer",1,18,1,1,0,2,1,2,TRUE,1.67857142857143,1.14285714285714,1.875,2.28571428571429,1.33333333333333,2,1,1,1,1,2,"Out","Out","outgroup","outgroup",1,0,0,0,1,0,"Out","Out","In",1,0,1,0,1,0,1,0,0,"Observer__J_Out__C_Out__V_In",0,-9,9,"Ing_x_Hum","Ing_x_Hum__Observer","Ing_x_Hum__Accept","Ing_x_Hum__Observer__Accept",0,0,0,1,0,0,"Observer__J_Out__C_Out__V_In__Accept","Observer__J_Out__C_Out__V_In__Accept",0,0,0,0,0,0,0,0,0,0,0,0,0,1,0,0,0,0,0,0,0,0,0,0,0,0,0
72,8,1,"victim",0,18,1,1,0,2,1,2,TRUE,1.67857142857143,1.14285714285714,1.875,2.28571428571429,1.33333333333333,2,1,2,1,2,2,"Out","In","outgroup","ingroup",1,0,0,0,0,0,"Out","In",,1,0,0,0,1,0,0,0,0,"Victim__J_Out__C_In",0,9,-9,"Ing_x_Hum","Ing_x_Hum__Victim","Ing_x_Hum__Reject","Ing_x_Hum__Victim__Reject",0,0,0,1,0,0,"Victim__J_Out__C_In__Reject","Victim__J_Out__C_In__Reject",0,1,0,0,0,0,0,0,0,0,0,0,0,0,0,0,0,0,0,0,0,0,0,0,0,0,0
72,8,2,"victim",0,18,1,1,0,2,1,2,TRUE,1.67857142857143,1.14285714285714,1.875,2.28571428571429,1.33333333333333,2,1,2,2,1,2,"Out","In","ingroup","outgroup",0,0,0,1,0,0,"In","Out",,1,0,0,0,0,0,1,0,0,"Victim__J_In__C_Out",0,9,-9,"Ing_x_Ing","Ing_x_Ing__Victim","Ing_x_Ing__Reject","Ing_x_Ing__Victim__Reject",0,0,0,0,1,0,"Victim__J_In__C_Out__Reject","Victim__J_In__C_Out__Reject",0,0,0,1,0,0,0,0,0,0,0,0,0,0,0,0,0,0,0,0,0,0,0,0,0,0,0
72,9,1,"victim",0,18,1,1,0,2,1,2,TRUE,1.67857142857143,1.14285714285714,1.875,2.28571428571429,1.33333333333333,2,2,1,2,1,2,"In","Out","ingroup","outgroup",0,0,0,1,0,1,"In","Out",,0,0,1,0,0,0,1,0,0,"Victim__J_In__C_Out",0,9,-9,"Ing_x_Ing","Ing_x_Ing__Victim","Ing_x_Ing__Reject","Ing_x_Ing__Victim__Reject",0,0,0,0,1,0,"Victim__J_In__C_Out__Reject","Victim__J_In__C_Out__Reject",0,0,0,1,0,0,0,0,0,0,0,0,0,0,0,0,0,0,0,0,0,0,0,0,0,0,0
72,9,2,"victim",0,18,1,1,0,2,1,2,TRUE,1.67857142857143,1.14285714285714,1.875,2.28571428571429,1.33333333333333,2,2,1,1,2,2,"In","Out","outgroup","ingroup",1,0,0,0,1,0,"Out","In",,0,0,1,0,1,0,0,0,0,"Victim__J_Out__C_In",0,-9,9,"Ing_x_Hum","Ing_x_Hum__Victim","Ing_x_Hum__Accept","Ing_x_Hum__Victim__Accept",0,0,0,1,0,0,"Victim__J_Out__C_In__Accept","Victim__J_Out__C_In__Accept",0,1,0,0,0,0,0,0,0,0,0,0,0,0,0,0,0,0,0,0,0,0,0,0,0,0,0
72,10,1,"victim",0,18,1,1,0,2,1,2,TRUE,1.67857142857143,1.14285714285714,1.875,2.28571428571429,1.33333333333333,2,2,2,2,2,2,"In","In","ingroup","ingroup",0,0,0,1,1,0,"In","In",,0,0,0,0,0,0,0,0,0,"Victim__J_In__C_In",0,-9,9,"Ing_x_Ing","Ing_x_Ing__Victim","Ing_x_Ing__Accept","Ing_x_Ing__Victim__Accept",0,0,0,0,1,0,"Victim__J_In__C_In__Accept","Victim__J_In__C_In__Accept",1,0,0,0,0,0,0,0,0,0,0,0,0,0,0,0,0,0,0,0,0,0,0,0,0,0,0
72,10,2,"victim",0,18,1,1,0,2,1,2,TRUE,1.67857142857143,1.14285714285714,1.875,2.28571428571429,1.33333333333333,2,2,2,2,2,2,"In","In","ingroup","ingroup",0,0,0,1,0,1,"In","In",,0,0,0,0,0,0,0,0,0,"Victim__J_In__C_In",0,9,-9,"Ing_x_Ing","Ing_x_Ing__Victim","Ing_x_Ing__Reject","Ing_x_Ing__Victim__Reject",0,0,0,0,1,0,"Victim__J_In__C_In__Reject","Victim__J_In__C_In__Reject",1,0,0,0,0,0,0,0,0,0,0,0,0,0,0,0,0,0,0,0,0,0,0,0,0,0,0
73,1,1,"victim",0,18,4,1,0,2,1,1,TRUE,1.85714285714286,1.42857142857143,2.25,2,1.66666666666667,2,1,2,1,2,2,"Out","In","outgroup","ingroup",1,0,0,0,0,0,"Out","In",,1,0,0,0,1,0,0,0,0,"Victim__J_Out__C_In",0,0,0,"Ing_x_Hum","Ing_x_Hum__Victim","Ing_x_Hum__Reject","Ing_x_Hum__Victim__Reject",0,0,0,1,0,0,"Victim__J_Out__C_In__Reject","Victim__J_Out__C_In__Reject",0,1,0,0,0,0,0,0,0,0,0,0,0,0,0,0,0,0,0,0,0,0,0,0,0,0,0
73,1,2,"victim",0,18,4,1,0,2,1,1,TRUE,1.85714285714286,1.42857142857143,2.25,2,1.66666666666667,2,1,2,2,1,2,"Out","In","ingroup","outgroup",0,0,0,1,0,0,"In","Out",,1,0,0,0,0,0,1,0,0,"Victim__J_In__C_Out",0,0,0,"Ing_x_Ing","Ing_x_Ing__Victim","Ing_x_Ing__Reject","Ing_x_Ing__Victim__Reject",0,0,0,0,1,0,"Victim__J_In__C_Out__Reject","Victim__J_In__C_Out__Reject",0,0,0,1,0,0,0,0,0,0,0,0,0,0,0,0,0,0,0,0,0,0,0,0,0,0,0
73,2,1,"victim",0,18,4,1,0,2,1,1,TRUE,1.85714285714286,1.42857142857143,2.25,2,1.66666666666667,2,2,2,2,2,2,"In","In","ingroup","ingroup",0,0,0,1,1,1,"In","In",,0,0,0,0,0,0,0,0,0,"Victim__J_In__C_In",0,-3,3,"Ing_x_Ing","Ing_x_Ing__Victim","Ing_x_Ing__Accept","Ing_x_Ing__Victim__Accept",0,0,0,0,1,0,"Victim__J_In__C_In__Accept","Victim__J_In__C_In__Accept",1,0,0,0,0,0,0,0,0,0,0,0,0,0,0,0,0,0,0,0,0,0,0,0,0,0,0
73,2,2,"victim",0,18,4,1,0,2,1,1,TRUE,1.85714285714286,1.42857142857143,2.25,2,1.66666666666667,2,2,2,2,2,2,"In","In","ingroup","ingroup",0,0,0,1,1,1,"In","In",,0,0,0,0,0,0,0,0,0,"Victim__J_In__C_In",0,-3,3,"Ing_x_Ing","Ing_x_Ing__Victim","Ing_x_Ing__Accept","Ing_x_Ing__Victim__Accept",0,0,0,0,1,0,"Victim__J_In__C_In__Accept","Victim__J_In__C_In__Accept",1,0,0,0,0,0,0,0,0,0,0,0,0,0,0,0,0,0,0,0,0,0,0,0,0,0,0
73,3,1,"victim",0,18,4,1,0,2,1,1,TRUE,1.85714285714286,1.42857142857143,2.25,2,1.66666666666667,2,1,1,1,1,2,"Out","Out","outgroup","outgroup",1,0,0,0,0,0,"Out","Out",,1,0,1,0,1,0,1,0,0,"Victim__J_Out__C_Out",0,9,-9,"Ing_x_Hum","Ing_x_Hum__Victim","Ing_x_Hum__Reject","Ing_x_Hum__Victim__Reject",0,0,0,1,0,0,"Victim__J_Out__C_Out__Reject","Victim__J_Out__C_Out__Reject",0,0,0,0,1,0,0,0,0,0,0,0,0,0,0,0,0,0,0,0,0,0,0,0,0,0,0
73,3,2,"victim",0,18,4,1,0,2,1,1,TRUE,1.85714285714286,1.42857142857143,2.25,2,1.66666666666667,2,1,1,1,1,2,"Out","Out","outgroup","outgroup",1,0,0,0,0,0,"Out","Out",,1,0,1,0,1,0,1,0,0,"Victim__J_Out__C_Out",0,9,-9,"Ing_x_Hum","Ing_x_Hum__Victim","Ing_x_Hum__Reject","Ing_x_Hum__Victim__Reject",0,0,0,1,0,0,"Victim__J_Out__C_Out__Reject","Victim__J_Out__C_Out__Reject",0,0,0,0,1,0,0,0,0,0,0,0,0,0,0,0,0,0,0,0,0,0,0,0,0,0,0
73,6,1,"observer",1,18,4,1,0,2,1,1,TRUE,1.85714285714286,1.42857142857143,2.25,2,1.66666666666667,2,2,2,2,2,2,"In","In","ingroup","ingroup",0,0,0,1,1,0,"In","In","In",0,0,0,0,0,0,0,0,0,"Observer__J_In__C_In__V_In",0,-5,5,"Ing_x_Ing","Ing_x_Ing__Observer","Ing_x_Ing__Accept","Ing_x_Ing__Observer__Accept",0,0,0,0,1,0,"Observer__J_In__C_In__V_In__Accept","Observer__J_In__C_In__V_In__Accept",0,0,0,0,0,0,0,0,0,1,0,0,0,0,0,0,0,0,0,0,0,0,0,0,0,0,0
73,6,2,"observer",1,18,4,1,0,2,1,1,TRUE,1.85714285714286,1.42857142857143,2.25,2,1.66666666666667,2,2,2,2,2,2,"In","In","ingroup","ingroup",0,0,0,1,0,1,"In","In","In",0,0,0,0,0,0,0,0,0,"Observer__J_In__C_In__V_In",0,5,-5,"Ing_x_Ing","Ing_x_Ing__Observer","Ing_x_Ing__Reject","Ing_x_Ing__Observer__Reject",0,0,0,0,1,0,"Observer__J_In__C_In__V_In__Reject","Observer__J_In__C_In__V_In__Reject",0,0,0,0,0,0,0,0,0,1,0,0,0,0,0,0,0,0,0,0,0,0,0,0,0,0,0
73,7,1,"observer",1,18,4,1,0,2,1,1,TRUE,1.85714285714286,1.42857142857143,2.25,2,1.66666666666667,2,2,2,2,2,2,"In","In","ingroup","ingroup",0,0,0,1,1,1,"In","In","In",0,0,0,0,0,0,0,0,0,"Observer__J_In__C_In__V_In",0,-5,5,"Ing_x_Ing","Ing_x_Ing__Observer","Ing_x_Ing__Accept","Ing_x_Ing__Observer__Accept",0,0,0,0,1,0,"Observer__J_In__C_In__V_In__Accept","Observer__J_In__C_In__V_In__Accept",0,0,0,0,0,0,0,0,0,1,0,0,0,0,0,0,0,0,0,0,0,0,0,0,0,0,0
73,7,2,"observer",1,18,4,1,0,2,1,1,TRUE,1.85714285714286,1.42857142857143,2.25,2,1.66666666666667,2,2,2,2,2,2,"In","In","ingroup","ingroup",0,0,0,1,1,1,"In","In","In",0,0,0,0,0,0,0,0,0,"Observer__J_In__C_In__V_In",0,-5,5,"Ing_x_Ing","Ing_x_Ing__Observer","Ing_x_Ing__Accept","Ing_x_Ing__Observer__Accept",0,0,0,0,1,0,"Observer__J_In__C_In__V_In__Accept","Observer__J_In__C_In__V_In__Accept",0,0,0,0,0,0,0,0,0,1,0,0,0,0,0,0,0,0,0,0,0,0,0,0,0,0,0
74,1,1,"observer",1,20,1,2,1,1,0,2,TRUE,2.21428571428571,2,2.25,2.42857142857143,2.16666666666667,1,1,2,1,2,2,"In","Out","ingroup","outgroup",0,0,1,0,0,1,"In","Out","Out",0,0,1,0,0,0,1,0,1,"Observer__J_In__C_Out__V_Out",0,7,-7,"Ing_x_Hum","Ing_x_Hum__Observer","Ing_x_Hum__Reject","Ing_x_Hum__Observer__Reject",0,0,0,1,0,0,"Observer__J_In__C_Out__V_Out__Reject","Observer__J_In__C_Out__V_Out__Reject",0,0,0,0,0,0,0,0,0,0,0,0,0,0,0,0,0,0,0,0,0,1,0,0,0,0,0
74,1,2,"observer",1,20,1,2,1,1,0,2,TRUE,2.21428571428571,2,2.25,2.42857142857143,2.16666666666667,1,1,2,2,1,2,"In","Out","outgroup","ingroup",1,0,1,1,1,0,"Out","In","Out",0,0,1,0,1,0,0,0,1,"Observer__J_Out__C_In__V_Out",0,-5,5,"Ing_x_Ing","Ing_x_Ing__Observer","Ing_x_Ing__Accept","Ing_x_Ing__Observer__Accept",0,0,0,0,1,0,"Observer__J_Out__C_In__V_Out__Accept","Observer__J_Out__C_In__V_Out__Accept",0,0,0,0,0,0,0,0,0,0,0,0,0,0,0,0,0,0,0,1,0,0,0,0,0,0,0
74,3,1,"observer",1,20,1,2,1,1,0,2,TRUE,2.21428571428571,2,2.25,2.42857142857143,2.16666666666667,1,1,2,1,2,1,"In","Out","ingroup","outgroup",0,0,0,1,1,0,"In","Out","In",0,0,1,0,0,0,1,0,0,"Observer__J_In__C_Out__V_In",0,-8,8,"Hum_x_Hum","Hum_x_Hum__Observer","Hum_x_Hum__Accept","Hum_x_Hum__Observer__Accept",1,0,0,0,0,0,"Observer__J_In__C_Out__V_In__Accept","Observer__J_In__C_Out__V_In__Accept",0,0,0,0,0,0,0,0,0,0,0,0,1,0,0,0,0,0,0,0,0,0,0,0,0,0,0
74,3,2,"observer",1,20,1,2,1,1,0,2,TRUE,2.21428571428571,2,2.25,2.42857142857143,2.16666666666667,1,1,2,2,1,1,"In","Out","outgroup","ingroup",1,0,0,0,0,1,"Out","In","In",0,0,1,0,1,0,0,0,0,"Observer__J_Out__C_In__V_In",0,8,-8,"Hum_x_Ing","Hum_x_Ing__Observer","Hum_x_Ing__Reject","Hum_x_Ing__Observer__Reject",0,1,0,0,0,0,"Observer__J_Out__C_In__V_In__Reject","Observer__J_Out__C_In__V_In__Reject",0,0,0,0,0,0,0,0,0,0,1,0,0,0,0,0,0,0,0,0,0,0,0,0,0,0,0
74,4,1,"observer",1,20,1,2,1,1,0,2,TRUE,2.21428571428571,2,2.25,2.42857142857143,2.16666666666667,1,1,1,1,1,2,"In","In","ingroup","ingroup",0,0,1,0,0,1,"In","In","Out",0,0,0,0,0,0,0,0,1,"Observer__J_In__C_In__V_Out",0,4,-4,"Ing_x_Hum","Ing_x_Hum__Observer","Ing_x_Hum__Reject","Ing_x_Hum__Observer__Reject",0,0,0,1,0,0,"Observer__J_In__C_In__V_Out__Reject","Observer__J_In__C_In__V_Out__Reject",0,0,0,0,0,0,0,0,0,0,0,0,0,0,0,0,0,0,1,0,0,0,0,0,0,0,0
74,4,2,"observer",1,20,1,2,1,1,0,2,TRUE,2.21428571428571,2,2.25,2.42857142857143,2.16666666666667,1,1,1,1,1,2,"In","In","ingroup","ingroup",0,0,1,0,1,0,"In","In","Out",0,0,0,0,0,0,0,0,1,"Observer__J_In__C_In__V_Out",0,-5,5,"Ing_x_Hum","Ing_x_Hum__Observer","Ing_x_Hum__Accept","Ing_x_Hum__Observer__Accept",0,0,0,1,0,0,"Observer__J_In__C_In__V_Out__Accept","Observer__J_In__C_In__V_Out__Accept",0,0,0,0,0,0,0,0,0,0,0,0,0,0,0,0,0,0,1,0,0,0,0,0,0,0,0
74,5,1,"observer",1,20,1,2,1,1,0,2,TRUE,2.21428571428571,2,2.25,2.42857142857143,2.16666666666667,1,1,2,1,2,2,"In","Out","ingroup","outgroup",0,0,1,0,1,0,"In","Out","Out",0,0,1,0,0,0,1,0,1,"Observer__J_In__C_Out__V_Out",0,-8,8,"Ing_x_Hum","Ing_x_Hum__Observer","Ing_x_Hum__Accept","Ing_x_Hum__Observer__Accept",0,0,0,1,0,0,"Observer__J_In__C_Out__V_Out__Accept","Observer__J_In__C_Out__V_Out__Accept",0,0,0,0,0,0,0,0,0,0,0,0,0,0,0,0,0,0,0,0,0,1,0,0,0,0,0
74,5,2,"observer",1,20,1,2,1,1,0,2,TRUE,2.21428571428571,2,2.25,2.42857142857143,2.16666666666667,1,1,2,2,1,2,"In","Out","outgroup","ingroup",1,0,1,1,0,1,"Out","In","Out",0,0,1,0,1,0,0,0,1,"Observer__J_Out__C_In__V_Out",0,8,-8,"Ing_x_Ing","Ing_x_Ing__Observer","Ing_x_Ing__Reject","Ing_x_Ing__Observer__Reject",0,0,0,0,1,0,"Observer__J_Out__C_In__V_Out__Reject","Observer__J_Out__C_In__V_Out__Reject",0,0,0,0,0,0,0,0,0,0,0,0,0,0,0,0,0,0,0,1,0,0,0,0,0,0,0
74,7,1,"victim",0,20,1,2,1,1,0,2,TRUE,2.21428571428571,2,2.25,2.42857142857143,2.16666666666667,1,2,1,2,1,1,"Out","In","outgroup","ingroup",1,0,0,0,1,1,"Out","In",,1,0,0,0,1,0,0,0,0,"Victim__J_Out__C_In",0,-9,9,"Hum_x_Ing","Hum_x_Ing__Victim","Hum_x_Ing__Accept","Hum_x_Ing__Victim__Accept",0,1,0,0,0,0,"Victim__J_Out__C_In__Accept","Victim__J_Out__C_In__Accept",0,1,0,0,0,0,0,0,0,0,0,0,0,0,0,0,0,0,0,0,0,0,0,0,0,0,0
74,7,2,"victim",0,20,1,2,1,1,0,2,TRUE,2.21428571428571,2,2.25,2.42857142857143,2.16666666666667,1,2,1,1,2,1,"Out","In","ingroup","outgroup",0,0,0,1,1,1,"In","Out",,1,0,0,0,0,0,1,0,0,"Victim__J_In__C_Out",0,-9,9,"Hum_x_Hum","Hum_x_Hum__Victim","Hum_x_Hum__Accept","Hum_x_Hum__Victim__Accept",1,0,0,0,0,0,"Victim__J_In__C_Out__Accept","Victim__J_In__C_Out__Accept",0,0,0,1,0,0,0,0,0,0,0,0,0,0,0,0,0,0,0,0,0,0,0,0,0,0,0
74,8,1,"victim",0,20,1,2,1,1,0,2,TRUE,2.21428571428571,2,2.25,2.42857142857143,2.16666666666667,1,1,1,1,1,1,"In","In","ingroup","ingroup",0,0,0,1,1,0,"In","In",,0,0,0,0,0,0,0,0,0,"Victim__J_In__C_In",0,-9,9,"Hum_x_Hum","Hum_x_Hum__Victim","Hum_x_Hum__Accept","Hum_x_Hum__Victim__Accept",1,0,0,0,0,0,"Victim__J_In__C_In__Accept","Victim__J_In__C_In__Accept",1,0,0,0,0,0,0,0,0,0,0,0,0,0,0,0,0,0,0,0,0,0,0,0,0,0,0
74,8,2,"victim",0,20,1,2,1,1,0,2,TRUE,2.21428571428571,2,2.25,2.42857142857143,2.16666666666667,1,1,1,1,1,1,"In","In","ingroup","ingroup",0,0,0,1,0,1,"In","In",,0,0,0,0,0,0,0,0,0,"Victim__J_In__C_In",0,-9,9,"Hum_x_Hum","Hum_x_Hum__Victim","Hum_x_Hum__Reject","Hum_x_Hum__Victim__Reject",1,0,0,0,0,0,"Victim__J_In__C_In__Reject","Victim__J_In__C_In__Reject",1,0,0,0,0,0,0,0,0,0,0,0,0,0,0,0,0,0,0,0,0,0,0,0,0,0,0
74,10,1,"victim",0,20,1,2,1,1,0,2,TRUE,2.21428571428571,2,2.25,2.42857142857143,2.16666666666667,1,1,1,1,1,1,"In","In","ingroup","ingroup",0,0,0,1,1,1,"In","In",,0,0,0,0,0,0,0,0,0,"Victim__J_In__C_In",0,-9,9,"Hum_x_Hum","Hum_x_Hum__Victim","Hum_x_Hum__Accept","Hum_x_Hum__Victim__Accept",1,0,0,0,0,0,"Victim__J_In__C_In__Accept","Victim__J_In__C_In__Accept",1,0,0,0,0,0,0,0,0,0,0,0,0,0,0,0,0,0,0,0,0,0,0,0,0,0,0
74,10,2,"victim",0,20,1,2,1,1,0,2,TRUE,2.21428571428571,2,2.25,2.42857142857143,2.16666666666667,1,1,1,1,1,1,"In","In","ingroup","ingroup",0,0,0,1,1,1,"In","In",,0,0,0,0,0,0,0,0,0,"Victim__J_In__C_In",0,-9,9,"Hum_x_Hum","Hum_x_Hum__Victim","Hum_x_Hum__Accept","Hum_x_Hum__Victim__Accept",1,0,0,0,0,0,"Victim__J_In__C_In__Accept","Victim__J_In__C_In__Accept",1,0,0,0,0,0,0,0,0,0,0,0,0,0,0,0,0,0,0,0,0,0,0,0,0,0,0
75,1,1,"victim",0,18,1,2,1,2,1,1,TRUE,2,0.714285714285714,3.25,2.14285714285714,1.66666666666667,2,1,2,1,2,2,"Out","In","outgroup","ingroup",1,0,0,0,0,1,"Out","In",,1,0,0,0,1,0,0,0,0,"Victim__J_Out__C_In",0,-6,6,"Ing_x_Hum","Ing_x_Hum__Victim","Ing_x_Hum__Reject","Ing_x_Hum__Victim__Reject",0,0,0,1,0,0,"Victim__J_Out__C_In__Reject","Victim__J_Out__C_In__Reject",0,1,0,0,0,0,0,0,0,0,0,0,0,0,0,0,0,0,0,0,0,0,0,0,0,0,0
75,1,2,"victim",0,18,1,2,1,2,1,1,TRUE,2,0.714285714285714,3.25,2.14285714285714,1.66666666666667,2,1,2,2,1,2,"Out","In","ingroup","outgroup",0,0,0,1,1,0,"In","Out",,1,0,0,0,0,0,1,0,0,"Victim__J_In__C_Out",0,0,0,"Ing_x_Ing","Ing_x_Ing__Victim","Ing_x_Ing__Accept","Ing_x_Ing__Victim__Accept",0,0,0,0,1,0,"Victim__J_In__C_Out__Accept","Victim__J_In__C_Out__Accept",0,0,0,1,0,0,0,0,0,0,0,0,0,0,0,0,0,0,0,0,0,0,0,0,0,0,0
75,3,1,"victim",0,18,1,2,1,2,1,1,TRUE,2,0.714285714285714,3.25,2.14285714285714,1.66666666666667,2,2,1,2,1,2,"In","Out","ingroup","outgroup",0,0,0,1,1,1,"In","Out",,0,0,1,0,0,0,1,0,0,"Victim__J_In__C_Out",0,-9,9,"Ing_x_Ing","Ing_x_Ing__Victim","Ing_x_Ing__Accept","Ing_x_Ing__Victim__Accept",0,0,0,0,1,0,"Victim__J_In__C_Out__Accept","Victim__J_In__C_Out__Accept",0,0,0,1,0,0,0,0,0,0,0,0,0,0,0,0,0,0,0,0,0,0,0,0,0,0,0
75,3,2,"victim",0,18,1,2,1,2,1,1,TRUE,2,0.714285714285714,3.25,2.14285714285714,1.66666666666667,2,2,1,1,2,2,"In","Out","outgroup","ingroup",1,0,0,0,1,1,"Out","In",,0,0,1,0,1,0,0,0,0,"Victim__J_Out__C_In",0,-9,9,"Ing_x_Hum","Ing_x_Hum__Victim","Ing_x_Hum__Accept","Ing_x_Hum__Victim__Accept",0,0,0,1,0,0,"Victim__J_Out__C_In__Accept","Victim__J_Out__C_In__Accept",0,1,0,0,0,0,0,0,0,0,0,0,0,0,0,0,0,0,0,0,0,0,0,0,0,0,0
75,4,1,"victim",0,18,1,2,1,2,1,1,TRUE,2,0.714285714285714,3.25,2.14285714285714,1.66666666666667,2,1,2,1,2,2,"Out","In","outgroup","ingroup",1,0,0,0,0,1,"Out","In",,1,0,0,0,1,0,0,0,0,"Victim__J_Out__C_In",0,9,-9,"Ing_x_Hum","Ing_x_Hum__Victim","Ing_x_Hum__Reject","Ing_x_Hum__Victim__Reject",0,0,0,1,0,0,"Victim__J_Out__C_In__Reject","Victim__J_Out__C_In__Reject",0,1,0,0,0,0,0,0,0,0,0,0,0,0,0,0,0,0,0,0,0,0,0,0,0,0,0
75,4,2,"victim",0,18,1,2,1,2,1,1,TRUE,2,0.714285714285714,3.25,2.14285714285714,1.66666666666667,2,1,2,2,1,2,"Out","In","ingroup","outgroup",0,0,0,1,1,0,"In","Out",,1,0,0,0,0,0,1,0,0,"Victim__J_In__C_Out",0,-9,9,"Ing_x_Ing","Ing_x_Ing__Victim","Ing_x_Ing__Accept","Ing_x_Ing__Victim__Accept",0,0,0,0,1,0,"Victim__J_In__C_Out__Accept","Victim__J_In__C_Out__Accept",0,0,0,1,0,0,0,0,0,0,0,0,0,0,0,0,0,0,0,0,0,0,0,0,0,0,0
75,7,1,"observer",1,18,1,2,1,2,1,1,TRUE,2,0.714285714285714,3.25,2.14285714285714,1.66666666666667,2,1,1,1,1,2,"Out","Out","outgroup","outgroup",1,0,0,0,1,0,"Out","Out","In",1,0,1,0,1,0,1,0,0,"Observer__J_Out__C_Out__V_In",0,-9,9,"Ing_x_Hum","Ing_x_Hum__Observer","Ing_x_Hum__Accept","Ing_x_Hum__Observer__Accept",0,0,0,1,0,0,"Observer__J_Out__C_Out__V_In__Accept","Observer__J_Out__C_Out__V_In__Accept",0,0,0,0,0,0,0,0,0,0,0,0,0,1,0,0,0,0,0,0,0,0,0,0,0,0,0
75,7,2,"observer",1,18,1,2,1,2,1,1,TRUE,2,0.714285714285714,3.25,2.14285714285714,1.66666666666667,2,1,1,1,1,2,"Out","Out","outgroup","outgroup",1,0,0,0,0,1,"Out","Out","In",1,0,1,0,1,0,1,0,0,"Observer__J_Out__C_Out__V_In",0,9,-9,"Ing_x_Hum","Ing_x_Hum__Observer","Ing_x_Hum__Reject","Ing_x_Hum__Observer__Reject",0,0,0,1,0,0,"Observer__J_Out__C_Out__V_In__Reject","Observer__J_Out__C_Out__V_In__Reject",0,0,0,0,0,0,0,0,0,0,0,0,0,1,0,0,0,0,0,0,0,0,0,0,0,0,0
75,8,1,"observer",1,18,1,2,1,2,1,1,TRUE,2,0.714285714285714,3.25,2.14285714285714,1.66666666666667,2,1,2,1,2,2,"Out","In","outgroup","ingroup",1,0,0,0,1,1,"Out","In","In",1,0,0,0,1,0,0,0,0,"Observer__J_Out__C_In__V_In",0,-9,9,"Ing_x_Hum","Ing_x_Hum__Observer","Ing_x_Hum__Accept","Ing_x_Hum__Observer__Accept",0,0,0,1,0,0,"Observer__J_Out__C_In__V_In__Accept","Observer__J_Out__C_In__V_In__Accept",0,0,0,0,0,0,0,0,0,0,1,0,0,0,0,0,0,0,0,0,0,0,0,0,0,0,0
75,8,2,"observer",1,18,1,2,1,2,1,1,TRUE,2,0.714285714285714,3.25,2.14285714285714,1.66666666666667,2,1,2,2,1,2,"Out","In","ingroup","outgroup",0,0,0,1,1,1,"In","Out","In",1,0,0,0,0,0,1,0,0,"Observer__J_In__C_Out__V_In",0,-9,9,"Ing_x_Ing","Ing_x_Ing__Observer","Ing_x_Ing__Accept","Ing_x_Ing__Observer__Accept",0,0,0,0,1,0,"Observer__J_In__C_Out__V_In__Accept","Observer__J_In__C_Out__V_In__Accept",0,0,0,0,0,0,0,0,0,0,0,0,1,0,0,0,0,0,0,0,0,0,0,0,0,0,0
76,1,1,"observer",1,19,3,2,1,2,1,2,TRUE,1.64285714285714,2.28571428571429,1,2.42857142857143,0.833333333333333,2,1,1,1,1,2,"Out","Out","outgroup","outgroup",1,0,0,0,1,0,"Out","Out","In",1,0,1,0,1,0,1,0,0,"Observer__J_Out__C_Out__V_In",0,9,-9,"Ing_x_Hum","Ing_x_Hum__Observer","Ing_x_Hum__Accept","Ing_x_Hum__Observer__Accept",0,0,0,1,0,0,"Observer__J_Out__C_Out__V_In__Accept","Observer__J_Out__C_Out__V_In__Accept",0,0,0,0,0,0,0,0,0,0,0,0,0,1,0,0,0,0,0,0,0,0,0,0,0,0,0
76,1,2,"observer",1,19,3,2,1,2,1,2,TRUE,1.64285714285714,2.28571428571429,1,2.42857142857143,0.833333333333333,2,1,1,1,1,2,"Out","Out","outgroup","outgroup",1,0,0,0,0,1,"Out","Out","In",1,0,1,0,1,0,1,0,0,"Observer__J_Out__C_Out__V_In",0,9,-9,"Ing_x_Hum","Ing_x_Hum__Observer","Ing_x_Hum__Reject","Ing_x_Hum__Observer__Reject",0,0,0,1,0,0,"Observer__J_Out__C_Out__V_In__Reject","Observer__J_Out__C_Out__V_In__Reject",0,0,0,0,0,0,0,0,0,0,0,0,0,1,0,0,0,0,0,0,0,0,0,0,0,0,0
76,3,1,"observer",1,19,3,2,1,2,1,2,TRUE,1.64285714285714,2.28571428571429,1,2.42857142857143,0.833333333333333,2,2,2,2,2,2,"In","In","ingroup","ingroup",0,0,0,1,0,0,"In","In","In",0,0,0,0,0,0,0,0,0,"Observer__J_In__C_In__V_In",0,5,-5,"Ing_x_Ing","Ing_x_Ing__Observer","Ing_x_Ing__Reject","Ing_x_Ing__Observer__Reject",0,0,0,0,1,0,"Observer__J_In__C_In__V_In__Reject","Observer__J_In__C_In__V_In__Reject",0,0,0,0,0,0,0,0,0,1,0,0,0,0,0,0,0,0,0,0,0,0,0,0,0,0,0
76,3,2,"observer",1,19,3,2,1,2,1,2,TRUE,1.64285714285714,2.28571428571429,1,2.42857142857143,0.833333333333333,2,2,2,2,2,2,"In","In","ingroup","ingroup",0,0,0,1,0,0,"In","In","In",0,0,0,0,0,0,0,0,0,"Observer__J_In__C_In__V_In",0,5,-5,"Ing_x_Ing","Ing_x_Ing__Observer","Ing_x_Ing__Reject","Ing_x_Ing__Observer__Reject",0,0,0,0,1,0,"Observer__J_In__C_In__V_In__Reject","Observer__J_In__C_In__V_In__Reject",0,0,0,0,0,0,0,0,0,1,0,0,0,0,0,0,0,0,0,0,0,0,0,0,0,0,0
76,5,1,"observer",1,19,3,2,1,2,1,2,TRUE,1.64285714285714,2.28571428571429,1,2.42857142857143,0.833333333333333,2,2,2,2,2,2,"In","In","ingroup","ingroup",0,0,0,1,1,1,"In","In","In",0,0,0,0,0,0,0,0,0,"Observer__J_In__C_In__V_In",0,8,-8,"Ing_x_Ing","Ing_x_Ing__Observer","Ing_x_Ing__Accept","Ing_x_Ing__Observer__Accept",0,0,0,0,1,0,"Observer__J_In__C_In__V_In__Accept","Observer__J_In__C_In__V_In__Accept",0,0,0,0,0,0,0,0,0,1,0,0,0,0,0,0,0,0,0,0,0,0,0,0,0,0,0
76,5,2,"observer",1,19,3,2,1,2,1,2,TRUE,1.64285714285714,2.28571428571429,1,2.42857142857143,0.833333333333333,2,2,2,2,2,2,"In","In","ingroup","ingroup",0,0,0,1,1,1,"In","In","In",0,0,0,0,0,0,0,0,0,"Observer__J_In__C_In__V_In",0,8,-8,"Ing_x_Ing","Ing_x_Ing__Observer","Ing_x_Ing__Accept","Ing_x_Ing__Observer__Accept",0,0,0,0,1,0,"Observer__J_In__C_In__V_In__Accept","Observer__J_In__C_In__V_In__Accept",0,0,0,0,0,0,0,0,0,1,0,0,0,0,0,0,0,0,0,0,0,0,0,0,0,0,0
76,6,1,"victim",0,19,3,2,1,2,1,2,TRUE,1.64285714285714,2.28571428571429,1,2.42857142857143,0.833333333333333,2,1,1,1,1,2,"Out","Out","outgroup","outgroup",1,0,0,0,1,0,"Out","Out",,1,0,1,0,1,0,1,0,0,"Victim__J_Out__C_Out",0,7,-7,"Ing_x_Hum","Ing_x_Hum__Victim","Ing_x_Hum__Accept","Ing_x_Hum__Victim__Accept",0,0,0,1,0,0,"Victim__J_Out__C_Out__Accept","Victim__J_Out__C_Out__Accept",0,0,0,0,1,0,0,0,0,0,0,0,0,0,0,0,0,0,0,0,0,0,0,0,0,0,0
76,6,2,"victim",0,19,3,2,1,2,1,2,TRUE,1.64285714285714,2.28571428571429,1,2.42857142857143,0.833333333333333,2,1,1,1,1,2,"Out","Out","outgroup","outgroup",1,0,0,0,0,1,"Out","Out",,1,0,1,0,1,0,1,0,0,"Victim__J_Out__C_Out",0,7,-7,"Ing_x_Hum","Ing_x_Hum__Victim","Ing_x_Hum__Reject","Ing_x_Hum__Victim__Reject",0,0,0,1,0,0,"Victim__J_Out__C_Out__Reject","Victim__J_Out__C_Out__Reject",0,0,0,0,1,0,0,0,0,0,0,0,0,0,0,0,0,0,0,0,0,0,0,0,0,0,0
76,10,1,"victim",0,19,3,2,1,2,1,2,TRUE,1.64285714285714,2.28571428571429,1,2.42857142857143,0.833333333333333,2,1,2,1,2,2,"Out","In","outgroup","ingroup",1,0,0,0,1,0,"Out","In",,1,0,0,0,1,0,0,0,0,"Victim__J_Out__C_In",0,8,-8,"Ing_x_Hum","Ing_x_Hum__Victim","Ing_x_Hum__Accept","Ing_x_Hum__Victim__Accept",0,0,0,1,0,0,"Victim__J_Out__C_In__Accept","Victim__J_Out__C_In__Accept",0,1,0,0,0,0,0,0,0,0,0,0,0,0,0,0,0,0,0,0,0,0,0,0,0,0,0
76,10,2,"victim",0,19,3,2,1,2,1,2,TRUE,1.64285714285714,2.28571428571429,1,2.42857142857143,0.833333333333333,2,1,2,2,1,2,"Out","In","ingroup","outgroup",0,0,0,1,0,1,"In","Out",,1,0,0,0,0,0,1,0,0,"Victim__J_In__C_Out",0,8,-8,"Ing_x_Ing","Ing_x_Ing__Victim","Ing_x_Ing__Reject","Ing_x_Ing__Victim__Reject",0,0,0,0,1,0,"Victim__J_In__C_Out__Reject","Victim__J_In__C_Out__Reject",0,0,0,1,0,0,0,0,0,0,0,0,0,0,0,0,0,0,0,0,0,0,0,0,0,0,0
77,1,1,"victim",0,19,2,2,1,2,1,1,TRUE,1.64285714285714,1.57142857142857,1.625,2.28571428571429,1,2,1,2,1,2,2,"Out","In","outgroup","ingroup",1,0,0,0,1,0,"Out","In",,1,0,0,0,1,0,0,0,0,"Victim__J_Out__C_In",0,-9,9,"Ing_x_Hum","Ing_x_Hum__Victim","Ing_x_Hum__Accept","Ing_x_Hum__Victim__Accept",0,0,0,1,0,0,"Victim__J_Out__C_In__Accept","Victim__J_Out__C_In__Accept",0,1,0,0,0,0,0,0,0,0,0,0,0,0,0,0,0,0,0,0,0,0,0,0,0,0,0
77,1,2,"victim",0,19,2,2,1,2,1,1,TRUE,1.64285714285714,1.57142857142857,1.625,2.28571428571429,1,2,1,2,2,1,2,"Out","In","ingroup","outgroup",0,0,0,1,0,1,"In","Out",,1,0,0,0,0,0,1,0,0,"Victim__J_In__C_Out",0,6,-6,"Ing_x_Ing","Ing_x_Ing__Victim","Ing_x_Ing__Reject","Ing_x_Ing__Victim__Reject",0,0,0,0,1,0,"Victim__J_In__C_Out__Reject","Victim__J_In__C_Out__Reject",0,0,0,1,0,0,0,0,0,0,0,0,0,0,0,0,0,0,0,0,0,0,0,0,0,0,0
77,2,1,"victim",0,19,2,2,1,2,1,1,TRUE,1.64285714285714,1.57142857142857,1.625,2.28571428571429,1,2,1,1,1,1,2,"Out","Out","outgroup","outgroup",1,0,0,0,0,1,"Out","Out",,1,0,1,0,1,0,1,0,0,"Victim__J_Out__C_Out",0,-6,6,"Ing_x_Hum","Ing_x_Hum__Victim","Ing_x_Hum__Reject","Ing_x_Hum__Victim__Reject",0,0,0,1,0,0,"Victim__J_Out__C_Out__Reject","Victim__J_Out__C_Out__Reject",0,0,0,0,1,0,0,0,0,0,0,0,0,0,0,0,0,0,0,0,0,0,0,0,0,0,0
77,2,2,"victim",0,19,2,2,1,2,1,1,TRUE,1.64285714285714,1.57142857142857,1.625,2.28571428571429,1,2,1,1,1,1,2,"Out","Out","outgroup","outgroup",1,0,0,0,1,0,"Out","Out",,1,0,1,0,1,0,1,0,0,"Victim__J_Out__C_Out",0,7,-7,"Ing_x_Hum","Ing_x_Hum__Victim","Ing_x_Hum__Accept","Ing_x_Hum__Victim__Accept",0,0,0,1,0,0,"Victim__J_Out__C_Out__Accept","Victim__J_Out__C_Out__Accept",0,0,0,0,1,0,0,0,0,0,0,0,0,0,0,0,0,0,0,0,0,0,0,0,0,0,0
77,6,1,"observer",1,19,2,2,1,2,1,1,TRUE,1.64285714285714,1.57142857142857,1.625,2.28571428571429,1,2,2,1,2,1,1,"In","Out","ingroup","outgroup",0,0,1,0,0,0,"In","Out","Out",0,0,1,0,0,0,1,0,1,"Observer__J_In__C_Out__V_Out",0,7,-7,"Hum_x_Ing","Hum_x_Ing__Observer","Hum_x_Ing__Reject","Hum_x_Ing__Observer__Reject",0,1,0,0,0,0,"Observer__J_In__C_Out__V_Out__Reject","Observer__J_In__C_Out__V_Out__Reject",0,0,0,0,0,0,0,0,0,0,0,0,0,0,0,0,0,0,0,0,0,1,0,0,0,0,0
77,6,2,"observer",1,19,2,2,1,2,1,1,TRUE,1.64285714285714,1.57142857142857,1.625,2.28571428571429,1,2,2,1,1,2,1,"In","Out","outgroup","ingroup",1,0,1,1,0,0,"Out","In","Out",0,0,1,0,1,0,0,0,1,"Observer__J_Out__C_In__V_Out",0,7,-7,"Hum_x_Hum","Hum_x_Hum__Observer","Hum_x_Hum__Reject","Hum_x_Hum__Observer__Reject",1,0,0,0,0,0,"Observer__J_Out__C_In__V_Out__Reject","Observer__J_Out__C_In__V_Out__Reject",0,0,0,0,0,0,0,0,0,0,0,0,0,0,0,0,0,0,0,1,0,0,0,0,0,0,0
78,1,1,"observer",1,19,4,2,1,2,1,2,TRUE,1.71428571428571,1.14285714285714,1.75,2.57142857142857,1.33333333333333,2,1,2,1,2,2,"Out","In","outgroup","ingroup",1,0,0,0,0,0,"Out","In","In",1,0,0,0,1,0,0,0,0,"Observer__J_Out__C_In__V_In",0,9,-9,"Ing_x_Hum","Ing_x_Hum__Observer","Ing_x_Hum__Reject","Ing_x_Hum__Observer__Reject",0,0,0,1,0,0,"Observer__J_Out__C_In__V_In__Reject","Observer__J_Out__C_In__V_In__Reject",0,0,0,0,0,0,0,0,0,0,1,0,0,0,0,0,0,0,0,0,0,0,0,0,0,0,0
78,1,2,"observer",1,19,4,2,1,2,1,2,TRUE,1.71428571428571,1.14285714285714,1.75,2.57142857142857,1.33333333333333,2,1,2,2,1,2,"Out","In","ingroup","outgroup",0,0,0,1,0,0,"In","Out","In",1,0,0,0,0,0,1,0,0,"Observer__J_In__C_Out__V_In",0,9,-9,"Ing_x_Ing","Ing_x_Ing__Observer","Ing_x_Ing__Reject","Ing_x_Ing__Observer__Reject",0,0,0,0,1,0,"Observer__J_In__C_Out__V_In__Reject","Observer__J_In__C_Out__V_In__Reject",0,0,0,0,0,0,0,0,0,0,0,0,1,0,0,0,0,0,0,0,0,0,0,0,0,0,0
78,4,1,"observer",1,19,4,2,1,2,1,2,TRUE,1.71428571428571,1.14285714285714,1.75,2.57142857142857,1.33333333333333,2,2,2,2,2,2,"In","In","ingroup","ingroup",0,0,0,1,0,1,"In","In","In",0,0,0,0,0,0,0,0,0,"Observer__J_In__C_In__V_In",0,8,-8,"Ing_x_Ing","Ing_x_Ing__Observer","Ing_x_Ing__Reject","Ing_x_Ing__Observer__Reject",0,0,0,0,1,0,"Observer__J_In__C_In__V_In__Reject","Observer__J_In__C_In__V_In__Reject",0,0,0,0,0,0,0,0,0,1,0,0,0,0,0,0,0,0,0,0,0,0,0,0,0,0,0
78,4,2,"observer",1,19,4,2,1,2,1,2,TRUE,1.71428571428571,1.14285714285714,1.75,2.57142857142857,1.33333333333333,2,2,2,2,2,2,"In","In","ingroup","ingroup",0,0,0,1,1,0,"In","In","In",0,0,0,0,0,0,0,0,0,"Observer__J_In__C_In__V_In",0,-9,9,"Ing_x_Ing","Ing_x_Ing__Observer","Ing_x_Ing__Accept","Ing_x_Ing__Observer__Accept",0,0,0,0,1,0,"Observer__J_In__C_In__V_In__Accept","Observer__J_In__C_In__V_In__Accept",0,0,0,0,0,0,0,0,0,1,0,0,0,0,0,0,0,0,0,0,0,0,0,0,0,0,0
78,7,1,"victim",0,19,4,2,1,2,1,2,TRUE,1.71428571428571,1.14285714285714,1.75,2.57142857142857,1.33333333333333,2,1,1,1,1,2,"Out","Out","outgroup","outgroup",1,0,0,0,1,1,"Out","Out",,1,0,1,0,1,0,1,0,0,"Victim__J_Out__C_Out",0,-9,9,"Ing_x_Hum","Ing_x_Hum__Victim","Ing_x_Hum__Accept","Ing_x_Hum__Victim__Accept",0,0,0,1,0,0,"Victim__J_Out__C_Out__Accept","Victim__J_Out__C_Out__Accept",0,0,0,0,1,0,0,0,0,0,0,0,0,0,0,0,0,0,0,0,0,0,0,0,0,0,0
78,7,2,"victim",0,19,4,2,1,2,1,2,TRUE,1.71428571428571,1.14285714285714,1.75,2.57142857142857,1.33333333333333,2,1,1,1,1,2,"Out","Out","outgroup","outgroup",1,0,0,0,1,1,"Out","Out",,1,0,1,0,1,0,1,0,0,"Victim__J_Out__C_Out",0,-9,9,"Ing_x_Hum","Ing_x_Hum__Victim","Ing_x_Hum__Accept","Ing_x_Hum__Victim__Accept",0,0,0,1,0,0,"Victim__J_Out__C_Out__Accept","Victim__J_Out__C_Out__Accept",0,0,0,0,1,0,0,0,0,0,0,0,0,0,0,0,0,0,0,0,0,0,0,0,0,0,0
78,8,1,"victim",0,19,4,2,1,2,1,2,TRUE,1.71428571428571,1.14285714285714,1.75,2.57142857142857,1.33333333333333,2,2,1,2,1,2,"In","Out","ingroup","outgroup",0,0,0,1,0,0,"In","Out",,0,0,1,0,0,0,1,0,0,"Victim__J_In__C_Out",0,9,-9,"Ing_x_Ing","Ing_x_Ing__Victim","Ing_x_Ing__Reject","Ing_x_Ing__Victim__Reject",0,0,0,0,1,0,"Victim__J_In__C_Out__Reject","Victim__J_In__C_Out__Reject",0,0,0,1,0,0,0,0,0,0,0,0,0,0,0,0,0,0,0,0,0,0,0,0,0,0,0
78,8,2,"victim",0,19,4,2,1,2,1,2,TRUE,1.71428571428571,1.14285714285714,1.75,2.57142857142857,1.33333333333333,2,2,1,1,2,2,"In","Out","outgroup","ingroup",1,0,0,0,0,0,"Out","In",,0,0,1,0,1,0,0,0,0,"Victim__J_Out__C_In",0,9,-9,"Ing_x_Hum","Ing_x_Hum__Victim","Ing_x_Hum__Reject","Ing_x_Hum__Victim__Reject",0,0,0,1,0,0,"Victim__J_Out__C_In__Reject","Victim__J_Out__C_In__Reject",0,1,0,0,0,0,0,0,0,0,0,0,0,0,0,0,0,0,0,0,0,0,0,0,0,0,0
79,1,1,"victim",0,19,3,1,0,2,1,1,TRUE,2.35714285714286,1.71428571428571,2.625,3.14285714285714,1.83333333333333,2,1,2,1,2,2,"Out","In","outgroup","ingroup",1,0,0,0,0,0,"Out","In",,1,0,0,0,1,0,0,0,0,"Victim__J_Out__C_In",0,9,-9,"Ing_x_Hum","Ing_x_Hum__Victim","Ing_x_Hum__Reject","Ing_x_Hum__Victim__Reject",0,0,0,1,0,0,"Victim__J_Out__C_In__Reject","Victim__J_Out__C_In__Reject",0,1,0,0,0,0,0,0,0,0,0,0,0,0,0,0,0,0,0,0,0,0,0,0,0,0,0
79,1,2,"victim",0,19,3,1,0,2,1,1,TRUE,2.35714285714286,1.71428571428571,2.625,3.14285714285714,1.83333333333333,2,1,2,2,1,2,"Out","In","ingroup","outgroup",0,0,0,1,0,0,"In","Out",,1,0,0,0,0,0,1,0,0,"Victim__J_In__C_Out",0,9,-9,"Ing_x_Ing","Ing_x_Ing__Victim","Ing_x_Ing__Reject","Ing_x_Ing__Victim__Reject",0,0,0,0,1,0,"Victim__J_In__C_Out__Reject","Victim__J_In__C_Out__Reject",0,0,0,1,0,0,0,0,0,0,0,0,0,0,0,0,0,0,0,0,0,0,0,0,0,0,0
79,2,1,"victim",0,19,3,1,0,2,1,1,TRUE,2.35714285714286,1.71428571428571,2.625,3.14285714285714,1.83333333333333,2,2,2,2,2,2,"In","In","ingroup","ingroup",0,0,0,1,0,0,"In","In",,0,0,0,0,0,0,0,0,0,"Victim__J_In__C_In",0,9,-9,"Ing_x_Ing","Ing_x_Ing__Victim","Ing_x_Ing__Reject","Ing_x_Ing__Victim__Reject",0,0,0,0,1,0,"Victim__J_In__C_In__Reject","Victim__J_In__C_In__Reject",1,0,0,0,0,0,0,0,0,0,0,0,0,0,0,0,0,0,0,0,0,0,0,0,0,0,0
79,2,2,"victim",0,19,3,1,0,2,1,1,TRUE,2.35714285714286,1.71428571428571,2.625,3.14285714285714,1.83333333333333,2,2,2,2,2,2,"In","In","ingroup","ingroup",0,0,0,1,0,0,"In","In",,0,0,0,0,0,0,0,0,0,"Victim__J_In__C_In",0,9,-9,"Ing_x_Ing","Ing_x_Ing__Victim","Ing_x_Ing__Reject","Ing_x_Ing__Victim__Reject",0,0,0,0,1,0,"Victim__J_In__C_In__Reject","Victim__J_In__C_In__Reject",1,0,0,0,0,0,0,0,0,0,0,0,0,0,0,0,0,0,0,0,0,0,0,0,0,0,0
79,4,1,"victim",0,19,3,1,0,2,1,1,TRUE,2.35714285714286,1.71428571428571,2.625,3.14285714285714,1.83333333333333,2,1,2,1,2,2,"Out","In","outgroup","ingroup",1,0,0,0,0,0,"Out","In",,1,0,0,0,1,0,0,0,0,"Victim__J_Out__C_In",0,9,-9,"Ing_x_Hum","Ing_x_Hum__Victim","Ing_x_Hum__Reject","Ing_x_Hum__Victim__Reject",0,0,0,1,0,0,"Victim__J_Out__C_In__Reject","Victim__J_Out__C_In__Reject",0,1,0,0,0,0,0,0,0,0,0,0,0,0,0,0,0,0,0,0,0,0,0,0,0,0,0
79,4,2,"victim",0,19,3,1,0,2,1,1,TRUE,2.35714285714286,1.71428571428571,2.625,3.14285714285714,1.83333333333333,2,1,2,2,1,2,"Out","In","ingroup","outgroup",0,0,0,1,0,0,"In","Out",,1,0,0,0,0,0,1,0,0,"Victim__J_In__C_Out",0,9,-9,"Ing_x_Ing","Ing_x_Ing__Victim","Ing_x_Ing__Reject","Ing_x_Ing__Victim__Reject",0,0,0,0,1,0,"Victim__J_In__C_Out__Reject","Victim__J_In__C_Out__Reject",0,0,0,1,0,0,0,0,0,0,0,0,0,0,0,0,0,0,0,0,0,0,0,0,0,0,0
79,5,1,"victim",0,19,3,1,0,2,1,1,TRUE,2.35714285714286,1.71428571428571,2.625,3.14285714285714,1.83333333333333,2,1,1,1,1,2,"Out","Out","outgroup","outgroup",1,0,0,0,0,0,"Out","Out",,1,0,1,0,1,0,1,0,0,"Victim__J_Out__C_Out",0,9,-9,"Ing_x_Hum","Ing_x_Hum__Victim","Ing_x_Hum__Reject","Ing_x_Hum__Victim__Reject",0,0,0,1,0,0,"Victim__J_Out__C_Out__Reject","Victim__J_Out__C_Out__Reject",0,0,0,0,1,0,0,0,0,0,0,0,0,0,0,0,0,0,0,0,0,0,0,0,0,0,0
79,5,2,"victim",0,19,3,1,0,2,1,1,TRUE,2.35714285714286,1.71428571428571,2.625,3.14285714285714,1.83333333333333,2,1,1,1,1,2,"Out","Out","outgroup","outgroup",1,0,0,0,0,0,"Out","Out",,1,0,1,0,1,0,1,0,0,"Victim__J_Out__C_Out",0,9,-9,"Ing_x_Hum","Ing_x_Hum__Victim","Ing_x_Hum__Reject","Ing_x_Hum__Victim__Reject",0,0,0,1,0,0,"Victim__J_Out__C_Out__Reject","Victim__J_Out__C_Out__Reject",0,0,0,0,1,0,0,0,0,0,0,0,0,0,0,0,0,0,0,0,0,0,0,0,0,0,0
79,7,1,"observer",1,19,3,1,0,2,1,1,TRUE,2.35714285714286,1.71428571428571,2.625,3.14285714285714,1.83333333333333,2,2,2,2,2,2,"In","In","ingroup","ingroup",0,0,0,1,0,1,"In","In","In",0,0,0,0,0,0,0,0,0,"Observer__J_In__C_In__V_In",0,-6,6,"Ing_x_Ing","Ing_x_Ing__Observer","Ing_x_Ing__Reject","Ing_x_Ing__Observer__Reject",0,0,0,0,1,0,"Observer__J_In__C_In__V_In__Reject","Observer__J_In__C_In__V_In__Reject",0,0,0,0,0,0,0,0,0,1,0,0,0,0,0,0,0,0,0,0,0,0,0,0,0,0,0
79,7,2,"observer",1,19,3,1,0,2,1,1,TRUE,2.35714285714286,1.71428571428571,2.625,3.14285714285714,1.83333333333333,2,2,2,2,2,2,"In","In","ingroup","ingroup",0,0,0,1,1,0,"In","In","In",0,0,0,0,0,0,0,0,0,"Observer__J_In__C_In__V_In",0,-6,6,"Ing_x_Ing","Ing_x_Ing__Observer","Ing_x_Ing__Accept","Ing_x_Ing__Observer__Accept",0,0,0,0,1,0,"Observer__J_In__C_In__V_In__Accept","Observer__J_In__C_In__V_In__Accept",0,0,0,0,0,0,0,0,0,1,0,0,0,0,0,0,0,0,0,0,0,0,0,0,0,0,0
79,8,1,"observer",1,19,3,1,0,2,1,1,TRUE,2.35714285714286,1.71428571428571,2.625,3.14285714285714,1.83333333333333,2,2,1,2,1,2,"In","Out","ingroup","outgroup",0,0,0,1,1,0,"In","Out","In",0,0,1,0,0,0,1,0,0,"Observer__J_In__C_Out__V_In",0,9,-9,"Ing_x_Ing","Ing_x_Ing__Observer","Ing_x_Ing__Accept","Ing_x_Ing__Observer__Accept",0,0,0,0,1,0,"Observer__J_In__C_Out__V_In__Accept","Observer__J_In__C_Out__V_In__Accept",0,0,0,0,0,0,0,0,0,0,0,0,1,0,0,0,0,0,0,0,0,0,0,0,0,0,0
79,8,2,"observer",1,19,3,1,0,2,1,1,TRUE,2.35714285714286,1.71428571428571,2.625,3.14285714285714,1.83333333333333,2,2,1,1,2,2,"In","Out","outgroup","ingroup",1,0,0,0,0,1,"Out","In","In",0,0,1,0,1,0,0,0,0,"Observer__J_Out__C_In__V_In",0,-6,6,"Ing_x_Hum","Ing_x_Hum__Observer","Ing_x_Hum__Reject","Ing_x_Hum__Observer__Reject",0,0,0,1,0,0,"Observer__J_Out__C_In__V_In__Reject","Observer__J_Out__C_In__V_In__Reject",0,0,0,0,0,0,0,0,0,0,1,0,0,0,0,0,0,0,0,0,0,0,0,0,0,0,0
80,2,1,"victim",0,18,4,2,1,2,1,1,TRUE,2.21428571428571,1.42857142857143,2.125,3.28571428571429,2,2,2,2,2,2,2,"In","In","ingroup","ingroup",0,0,0,1,0,1,"In","In",,0,0,0,0,0,0,0,0,0,"Victim__J_In__C_In",0,9,-9,"Ing_x_Ing","Ing_x_Ing__Victim","Ing_x_Ing__Reject","Ing_x_Ing__Victim__Reject",0,0,0,0,1,0,"Victim__J_In__C_In__Reject","Victim__J_In__C_In__Reject",1,0,0,0,0,0,0,0,0,0,0,0,0,0,0,0,0,0,0,0,0,0,0,0,0,0,0
80,2,2,"victim",0,18,4,2,1,2,1,1,TRUE,2.21428571428571,1.42857142857143,2.125,3.28571428571429,2,2,2,2,2,2,2,"In","In","ingroup","ingroup",0,0,0,1,1,0,"In","In",,0,0,0,0,0,0,0,0,0,"Victim__J_In__C_In",0,-7,7,"Ing_x_Ing","Ing_x_Ing__Victim","Ing_x_Ing__Accept","Ing_x_Ing__Victim__Accept",0,0,0,0,1,0,"Victim__J_In__C_In__Accept","Victim__J_In__C_In__Accept",1,0,0,0,0,0,0,0,0,0,0,0,0,0,0,0,0,0,0,0,0,0,0,0,0,0,0
80,5,1,"victim",0,18,4,2,1,2,1,1,TRUE,2.21428571428571,1.42857142857143,2.125,3.28571428571429,2,2,2,2,2,2,2,"In","In","ingroup","ingroup",0,0,0,1,0,1,"In","In",,0,0,0,0,0,0,0,0,0,"Victim__J_In__C_In",0,9,-9,"Ing_x_Ing","Ing_x_Ing__Victim","Ing_x_Ing__Reject","Ing_x_Ing__Victim__Reject",0,0,0,0,1,0,"Victim__J_In__C_In__Reject","Victim__J_In__C_In__Reject",1,0,0,0,0,0,0,0,0,0,0,0,0,0,0,0,0,0,0,0,0,0,0,0,0,0,0
80,5,2,"victim",0,18,4,2,1,2,1,1,TRUE,2.21428571428571,1.42857142857143,2.125,3.28571428571429,2,2,2,2,2,2,2,"In","In","ingroup","ingroup",0,0,0,1,1,0,"In","In",,0,0,0,0,0,0,0,0,0,"Victim__J_In__C_In",0,-7,7,"Ing_x_Ing","Ing_x_Ing__Victim","Ing_x_Ing__Accept","Ing_x_Ing__Victim__Accept",0,0,0,0,1,0,"Victim__J_In__C_In__Accept","Victim__J_In__C_In__Accept",1,0,0,0,0,0,0,0,0,0,0,0,0,0,0,0,0,0,0,0,0,0,0,0,0,0,0
80,6,1,"observer",1,18,4,2,1,2,1,1,TRUE,2.21428571428571,1.42857142857143,2.125,3.28571428571429,2,2,1,1,1,1,1,"Out","Out","outgroup","outgroup",1,0,1,1,0,0,"Out","Out","Out",1,0,1,0,1,0,1,0,1,"Observer__J_Out__C_Out__V_Out",0,9,-9,"Hum_x_Hum","Hum_x_Hum__Observer","Hum_x_Hum__Reject","Hum_x_Hum__Observer__Reject",1,0,0,0,0,0,"Observer__J_Out__C_Out__V_Out__Reject","Observer__J_Out__C_Out__V_Out__Reject",0,0,0,0,0,0,0,0,0,0,0,0,0,0,0,0,0,0,0,0,0,0,1,0,0,0,0
80,6,2,"observer",1,18,4,2,1,2,1,1,TRUE,2.21428571428571,1.42857142857143,2.125,3.28571428571429,2,2,1,1,1,1,1,"Out","Out","outgroup","outgroup",1,0,1,1,0,0,"Out","Out","Out",1,0,1,0,1,0,1,0,1,"Observer__J_Out__C_Out__V_Out",0,9,-9,"Hum_x_Hum","Hum_x_Hum__Observer","Hum_x_Hum__Reject","Hum_x_Hum__Observer__Reject",1,0,0,0,0,0,"Observer__J_Out__C_Out__V_Out__Reject","Observer__J_Out__C_Out__V_Out__Reject",0,0,0,0,0,0,0,0,0,0,0,0,0,0,0,0,0,0,0,0,0,0,1,0,0,0,0
80,9,1,"observer",1,18,4,2,1,2,1,1,TRUE,2.21428571428571,1.42857142857143,2.125,3.28571428571429,2,2,1,1,1,1,1,"Out","Out","outgroup","outgroup",1,0,1,1,1,0,"Out","Out","Out",1,0,1,0,1,0,1,0,1,"Observer__J_Out__C_Out__V_Out",0,-7,7,"Hum_x_Hum","Hum_x_Hum__Observer","Hum_x_Hum__Accept","Hum_x_Hum__Observer__Accept",1,0,0,0,0,0,"Observer__J_Out__C_Out__V_Out__Accept","Observer__J_Out__C_Out__V_Out__Accept",0,0,0,0,0,0,0,0,0,0,0,0,0,0,0,0,0,0,0,0,0,0,1,0,0,0,0
80,9,2,"observer",1,18,4,2,1,2,1,1,TRUE,2.21428571428571,1.42857142857143,2.125,3.28571428571429,2,2,1,1,1,1,1,"Out","Out","outgroup","outgroup",1,0,1,1,0,1,"Out","Out","Out",1,0,1,0,1,0,1,0,1,"Observer__J_Out__C_Out__V_Out",0,-7,7,"Hum_x_Hum","Hum_x_Hum__Observer","Hum_x_Hum__Reject","Hum_x_Hum__Observer__Reject",1,0,0,0,0,0,"Observer__J_Out__C_Out__V_Out__Reject","Observer__J_Out__C_Out__V_Out__Reject",0,0,0,0,0,0,0,0,0,0,0,0,0,0,0,0,0,0,0,0,0,0,1,0,0,0,0
81,3,1,"victim",0,18,3,1,0,1,0,1,TRUE,2.89285714285714,2.57142857142857,2.875,3.28571428571429,2.83333333333333,1,2,1,2,1,1,"Out","In","outgroup","ingroup",1,0,0,0,1,1,"Out","In",,1,0,0,0,1,0,0,0,0,"Victim__J_Out__C_In",0,9,-9,"Hum_x_Ing","Hum_x_Ing__Victim","Hum_x_Ing__Accept","Hum_x_Ing__Victim__Accept",0,1,0,0,0,0,"Victim__J_Out__C_In__Accept","Victim__J_Out__C_In__Accept",0,1,0,0,0,0,0,0,0,0,0,0,0,0,0,0,0,0,0,0,0,0,0,0,0,0,0
81,3,2,"victim",0,18,3,1,0,1,0,1,TRUE,2.89285714285714,2.57142857142857,2.875,3.28571428571429,2.83333333333333,1,2,1,1,2,1,"Out","In","ingroup","outgroup",0,0,0,1,1,1,"In","Out",,1,0,0,0,0,0,1,0,0,"Victim__J_In__C_Out",0,9,-9,"Hum_x_Hum","Hum_x_Hum__Victim","Hum_x_Hum__Accept","Hum_x_Hum__Victim__Accept",1,0,0,0,0,0,"Victim__J_In__C_Out__Accept","Victim__J_In__C_Out__Accept",0,0,0,1,0,0,0,0,0,0,0,0,0,0,0,0,0,0,0,0,0,0,0,0,0,0,0
81,6,1,"observer",1,18,3,1,0,1,0,1,TRUE,2.89285714285714,2.57142857142857,2.875,3.28571428571429,2.83333333333333,1,2,2,2,2,2,"Out","Out","outgroup","outgroup",1,0,1,1,1,1,"Out","Out","Out",1,0,1,0,1,0,1,0,1,"Observer__J_Out__C_Out__V_Out",0,9,-9,"Ing_x_Ing","Ing_x_Ing__Observer","Ing_x_Ing__Accept","Ing_x_Ing__Observer__Accept",0,0,0,0,1,0,"Observer__J_Out__C_Out__V_Out__Accept","Observer__J_Out__C_Out__V_Out__Accept",0,0,0,0,0,0,0,0,0,0,0,0,0,0,0,0,0,0,0,0,0,0,1,0,0,0,0
81,6,2,"observer",1,18,3,1,0,1,0,1,TRUE,2.89285714285714,2.57142857142857,2.875,3.28571428571429,2.83333333333333,1,2,2,2,2,2,"Out","Out","outgroup","outgroup",1,0,1,1,1,1,"Out","Out","Out",1,0,1,0,1,0,1,0,1,"Observer__J_Out__C_Out__V_Out",0,9,-9,"Ing_x_Ing","Ing_x_Ing__Observer","Ing_x_Ing__Accept","Ing_x_Ing__Observer__Accept",0,0,0,0,1,0,"Observer__J_Out__C_Out__V_Out__Accept","Observer__J_Out__C_Out__V_Out__Accept",0,0,0,0,0,0,0,0,0,0,0,0,0,0,0,0,0,0,0,0,0,0,1,0,0,0,0
81,7,1,"observer",1,18,3,1,0,1,0,1,TRUE,2.89285714285714,2.57142857142857,2.875,3.28571428571429,2.83333333333333,1,1,2,1,2,2,"In","Out","ingroup","outgroup",0,0,1,0,0,1,"In","Out","Out",0,0,1,0,0,0,1,0,1,"Observer__J_In__C_Out__V_Out",0,9,-9,"Ing_x_Hum","Ing_x_Hum__Observer","Ing_x_Hum__Reject","Ing_x_Hum__Observer__Reject",0,0,0,1,0,0,"Observer__J_In__C_Out__V_Out__Reject","Observer__J_In__C_Out__V_Out__Reject",0,0,0,0,0,0,0,0,0,0,0,0,0,0,0,0,0,0,0,0,0,1,0,0,0,0,0
81,7,2,"observer",1,18,3,1,0,1,0,1,TRUE,2.89285714285714,2.57142857142857,2.875,3.28571428571429,2.83333333333333,1,1,2,2,1,2,"In","Out","outgroup","ingroup",1,0,1,1,1,0,"Out","In","Out",0,0,1,0,1,0,0,0,1,"Observer__J_Out__C_In__V_Out",0,-9,9,"Ing_x_Ing","Ing_x_Ing__Observer","Ing_x_Ing__Accept","Ing_x_Ing__Observer__Accept",0,0,0,0,1,0,"Observer__J_Out__C_In__V_Out__Accept","Observer__J_Out__C_In__V_Out__Accept",0,0,0,0,0,0,0,0,0,0,0,0,0,0,0,0,0,0,0,1,0,0,0,0,0,0,0
81,8,1,"observer",1,18,3,1,0,1,0,1,TRUE,2.89285714285714,2.57142857142857,2.875,3.28571428571429,2.83333333333333,1,1,1,1,1,1,"In","In","ingroup","ingroup",0,0,0,1,0,1,"In","In","In",0,0,0,0,0,0,0,0,0,"Observer__J_In__C_In__V_In",0,9,-9,"Hum_x_Hum","Hum_x_Hum__Observer","Hum_x_Hum__Reject","Hum_x_Hum__Observer__Reject",1,0,0,0,0,0,"Observer__J_In__C_In__V_In__Reject","Observer__J_In__C_In__V_In__Reject",0,0,0,0,0,0,0,0,0,1,0,0,0,0,0,0,0,0,0,0,0,0,0,0,0,0,0
81,8,2,"observer",1,18,3,1,0,1,0,1,TRUE,2.89285714285714,2.57142857142857,2.875,3.28571428571429,2.83333333333333,1,1,1,1,1,1,"In","In","ingroup","ingroup",0,0,0,1,1,0,"In","In","In",0,0,0,0,0,0,0,0,0,"Observer__J_In__C_In__V_In",0,-9,9,"Hum_x_Hum","Hum_x_Hum__Observer","Hum_x_Hum__Accept","Hum_x_Hum__Observer__Accept",1,0,0,0,0,0,"Observer__J_In__C_In__V_In__Accept","Observer__J_In__C_In__V_In__Accept",0,0,0,0,0,0,0,0,0,1,0,0,0,0,0,0,0,0,0,0,0,0,0,0,0,0,0
81,9,1,"observer",1,18,3,1,0,1,0,1,TRUE,2.89285714285714,2.57142857142857,2.875,3.28571428571429,2.83333333333333,1,1,1,1,1,2,"In","In","ingroup","ingroup",0,0,1,0,1,1,"In","In","Out",0,0,0,0,0,0,0,0,1,"Observer__J_In__C_In__V_Out",0,9,-9,"Ing_x_Hum","Ing_x_Hum__Observer","Ing_x_Hum__Accept","Ing_x_Hum__Observer__Accept",0,0,0,1,0,0,"Observer__J_In__C_In__V_Out__Accept","Observer__J_In__C_In__V_Out__Accept",0,0,0,0,0,0,0,0,0,0,0,0,0,0,0,0,0,0,1,0,0,0,0,0,0,0,0
81,9,2,"observer",1,18,3,1,0,1,0,1,TRUE,2.89285714285714,2.57142857142857,2.875,3.28571428571429,2.83333333333333,1,1,1,1,1,2,"In","In","ingroup","ingroup",0,0,1,0,1,1,"In","In","Out",0,0,0,0,0,0,0,0,1,"Observer__J_In__C_In__V_Out",0,9,-9,"Ing_x_Hum","Ing_x_Hum__Observer","Ing_x_Hum__Accept","Ing_x_Hum__Observer__Accept",0,0,0,1,0,0,"Observer__J_In__C_In__V_Out__Accept","Observer__J_In__C_In__V_Out__Accept",0,0,0,0,0,0,0,0,0,0,0,0,0,0,0,0,0,0,1,0,0,0,0,0,0,0,0
82,1,1,"observer",1,18,1,1,0,1,0,2,TRUE,2.32142857142857,1.85714285714286,2.5,3,1.83333333333333,1,1,2,1,2,2,"In","Out","ingroup","outgroup",0,0,1,0,0,0,"In","Out","Out",0,0,1,0,0,0,1,0,1,"Observer__J_In__C_Out__V_Out",0,4,-4,"Ing_x_Hum","Ing_x_Hum__Observer","Ing_x_Hum__Reject","Ing_x_Hum__Observer__Reject",0,0,0,1,0,0,"Observer__J_In__C_Out__V_Out__Reject","Observer__J_In__C_Out__V_Out__Reject",0,0,0,0,0,0,0,0,0,0,0,0,0,0,0,0,0,0,0,0,0,1,0,0,0,0,0
82,1,2,"observer",1,18,1,1,0,1,0,2,TRUE,2.32142857142857,1.85714285714286,2.5,3,1.83333333333333,1,1,2,2,1,2,"In","Out","outgroup","ingroup",1,0,1,1,0,0,"Out","In","Out",0,0,1,0,1,0,0,0,1,"Observer__J_Out__C_In__V_Out",0,4,-4,"Ing_x_Ing","Ing_x_Ing__Observer","Ing_x_Ing__Reject","Ing_x_Ing__Observer__Reject",0,0,0,0,1,0,"Observer__J_Out__C_In__V_Out__Reject","Observer__J_Out__C_In__V_Out__Reject",0,0,0,0,0,0,0,0,0,0,0,0,0,0,0,0,0,0,0,1,0,0,0,0,0,0,0
82,3,1,"observer",1,18,1,1,0,1,0,2,TRUE,2.32142857142857,1.85714285714286,2.5,3,1.83333333333333,1,1,1,1,1,1,"In","In","ingroup","ingroup",0,0,0,1,1,1,"In","In","In",0,0,0,0,0,0,0,0,0,"Observer__J_In__C_In__V_In",0,-5,5,"Hum_x_Hum","Hum_x_Hum__Observer","Hum_x_Hum__Accept","Hum_x_Hum__Observer__Accept",1,0,0,0,0,0,"Observer__J_In__C_In__V_In__Accept","Observer__J_In__C_In__V_In__Accept",0,0,0,0,0,0,0,0,0,1,0,0,0,0,0,0,0,0,0,0,0,0,0,0,0,0,0
82,3,2,"observer",1,18,1,1,0,1,0,2,TRUE,2.32142857142857,1.85714285714286,2.5,3,1.83333333333333,1,1,1,1,1,1,"In","In","ingroup","ingroup",0,0,0,1,1,1,"In","In","In",0,0,0,0,0,0,0,0,0,"Observer__J_In__C_In__V_In",0,-5,5,"Hum_x_Hum","Hum_x_Hum__Observer","Hum_x_Hum__Accept","Hum_x_Hum__Observer__Accept",1,0,0,0,0,0,"Observer__J_In__C_In__V_In__Accept","Observer__J_In__C_In__V_In__Accept",0,0,0,0,0,0,0,0,0,1,0,0,0,0,0,0,0,0,0,0,0,0,0,0,0,0,0
82,5,1,"observer",1,18,1,1,0,1,0,2,TRUE,2.32142857142857,1.85714285714286,2.5,3,1.83333333333333,1,2,1,2,1,1,"Out","In","outgroup","ingroup",1,0,0,0,0,1,"Out","In","In",1,0,0,0,1,0,0,0,0,"Observer__J_Out__C_In__V_In",0,0,0,"Hum_x_Ing","Hum_x_Ing__Observer","Hum_x_Ing__Reject","Hum_x_Ing__Observer__Reject",0,1,0,0,0,0,"Observer__J_Out__C_In__V_In__Reject","Observer__J_Out__C_In__V_In__Reject",0,0,0,0,0,0,0,0,0,0,1,0,0,0,0,0,0,0,0,0,0,0,0,0,0,0,0
82,5,2,"observer",1,18,1,1,0,1,0,2,TRUE,2.32142857142857,1.85714285714286,2.5,3,1.83333333333333,1,2,1,1,2,1,"Out","In","ingroup","outgroup",0,0,0,1,1,0,"In","Out","In",1,0,0,0,0,0,1,0,0,"Observer__J_In__C_Out__V_In",0,6,-6,"Hum_x_Hum","Hum_x_Hum__Observer","Hum_x_Hum__Accept","Hum_x_Hum__Observer__Accept",1,0,0,0,0,0,"Observer__J_In__C_Out__V_In__Accept","Observer__J_In__C_Out__V_In__Accept",0,0,0,0,0,0,0,0,0,0,0,0,1,0,0,0,0,0,0,0,0,0,0,0,0,0,0
82,6,1,"victim",0,18,1,1,0,1,0,2,TRUE,2.32142857142857,1.85714285714286,2.5,3,1.83333333333333,1,1,1,1,1,1,"In","In","ingroup","ingroup",0,0,0,1,1,0,"In","In",,0,0,0,0,0,0,0,0,0,"Victim__J_In__C_In",0,-6,6,"Hum_x_Hum","Hum_x_Hum__Victim","Hum_x_Hum__Accept","Hum_x_Hum__Victim__Accept",1,0,0,0,0,0,"Victim__J_In__C_In__Accept","Victim__J_In__C_In__Accept",1,0,0,0,0,0,0,0,0,0,0,0,0,0,0,0,0,0,0,0,0,0,0,0,0,0,0
82,6,2,"victim",0,18,1,1,0,1,0,2,TRUE,2.32142857142857,1.85714285714286,2.5,3,1.83333333333333,1,1,1,1,1,1,"In","In","ingroup","ingroup",0,0,0,1,0,1,"In","In",,0,0,0,0,0,0,0,0,0,"Victim__J_In__C_In",0,2,-2,"Hum_x_Hum","Hum_x_Hum__Victim","Hum_x_Hum__Reject","Hum_x_Hum__Victim__Reject",1,0,0,0,0,0,"Victim__J_In__C_In__Reject","Victim__J_In__C_In__Reject",1,0,0,0,0,0,0,0,0,0,0,0,0,0,0,0,0,0,0,0,0,0,0,0,0,0,0
82,7,1,"victim",0,18,1,1,0,1,0,2,TRUE,2.32142857142857,1.85714285714286,2.5,3,1.83333333333333,1,2,2,2,2,1,"Out","Out","outgroup","outgroup",1,0,0,0,1,0,"Out","Out",,1,0,1,0,1,0,1,0,0,"Victim__J_Out__C_Out",0,-6,6,"Hum_x_Ing","Hum_x_Ing__Victim","Hum_x_Ing__Accept","Hum_x_Ing__Victim__Accept",0,1,0,0,0,0,"Victim__J_Out__C_Out__Accept","Victim__J_Out__C_Out__Accept",0,0,0,0,1,0,0,0,0,0,0,0,0,0,0,0,0,0,0,0,0,0,0,0,0,0,0
82,7,2,"victim",0,18,1,1,0,1,0,2,TRUE,2.32142857142857,1.85714285714286,2.5,3,1.83333333333333,1,2,2,2,2,1,"Out","Out","outgroup","outgroup",1,0,0,0,0,1,"Out","Out",,1,0,1,0,1,0,1,0,0,"Victim__J_Out__C_Out",0,-6,6,"Hum_x_Ing","Hum_x_Ing__Victim","Hum_x_Ing__Reject","Hum_x_Ing__Victim__Reject",0,1,0,0,0,0,"Victim__J_Out__C_Out__Reject","Victim__J_Out__C_Out__Reject",0,0,0,0,1,0,0,0,0,0,0,0,0,0,0,0,0,0,0,0,0,0,0,0,0,0,0
82,8,1,"victim",0,18,1,1,0,1,0,2,TRUE,2.32142857142857,1.85714285714286,2.5,3,1.83333333333333,1,1,2,1,2,1,"In","Out","ingroup","outgroup",0,0,0,1,0,1,"In","Out",,0,0,1,0,0,0,1,0,0,"Victim__J_In__C_Out",0,0,0,"Hum_x_Hum","Hum_x_Hum__Victim","Hum_x_Hum__Reject","Hum_x_Hum__Victim__Reject",1,0,0,0,0,0,"Victim__J_In__C_Out__Reject","Victim__J_In__C_Out__Reject",0,0,0,1,0,0,0,0,0,0,0,0,0,0,0,0,0,0,0,0,0,0,0,0,0,0,0
82,8,2,"victim",0,18,1,1,0,1,0,2,TRUE,2.32142857142857,1.85714285714286,2.5,3,1.83333333333333,1,1,2,2,1,1,"In","Out","outgroup","ingroup",1,0,0,0,1,0,"Out","In",,0,0,1,0,1,0,0,0,0,"Victim__J_Out__C_In",0,-5,5,"Hum_x_Ing","Hum_x_Ing__Victim","Hum_x_Ing__Accept","Hum_x_Ing__Victim__Accept",0,1,0,0,0,0,"Victim__J_Out__C_In__Accept","Victim__J_Out__C_In__Accept",0,1,0,0,0,0,0,0,0,0,0,0,0,0,0,0,0,0,0,0,0,0,0,0,0,0,0
83,6,1,"victim",0,18,1,2,1,1,0,2,TRUE,2.53571428571429,2.71428571428571,2.5,3,1.83333333333333,1,2,1,2,1,1,"Out","In","outgroup","ingroup",1,0,0,0,0,0,"Out","In",,1,0,0,0,1,0,0,0,0,"Victim__J_Out__C_In",0,9,-9,"Hum_x_Ing","Hum_x_Ing__Victim","Hum_x_Ing__Reject","Hum_x_Ing__Victim__Reject",0,1,0,0,0,0,"Victim__J_Out__C_In__Reject","Victim__J_Out__C_In__Reject",0,1,0,0,0,0,0,0,0,0,0,0,0,0,0,0,0,0,0,0,0,0,0,0,0,0,0
83,6,2,"victim",0,18,1,2,1,1,0,2,TRUE,2.53571428571429,2.71428571428571,2.5,3,1.83333333333333,1,2,1,1,2,1,"Out","In","ingroup","outgroup",0,0,0,1,0,0,"In","Out",,1,0,0,0,0,0,1,0,0,"Victim__J_In__C_Out",0,9,-9,"Hum_x_Hum","Hum_x_Hum__Victim","Hum_x_Hum__Reject","Hum_x_Hum__Victim__Reject",1,0,0,0,0,0,"Victim__J_In__C_Out__Reject","Victim__J_In__C_Out__Reject",0,0,0,1,0,0,0,0,0,0,0,0,0,0,0,0,0,0,0,0,0,0,0,0,0,0,0
83,7,1,"victim",0,18,1,2,1,1,0,2,TRUE,2.53571428571429,2.71428571428571,2.5,3,1.83333333333333,1,1,1,1,1,1,"In","In","ingroup","ingroup",0,0,0,1,0,1,"In","In",,0,0,0,0,0,0,0,0,0,"Victim__J_In__C_In",0,9,-9,"Hum_x_Hum","Hum_x_Hum__Victim","Hum_x_Hum__Reject","Hum_x_Hum__Victim__Reject",1,0,0,0,0,0,"Victim__J_In__C_In__Reject","Victim__J_In__C_In__Reject",1,0,0,0,0,0,0,0,0,0,0,0,0,0,0,0,0,0,0,0,0,0,0,0,0,0,0
83,7,2,"victim",0,18,1,2,1,1,0,2,TRUE,2.53571428571429,2.71428571428571,2.5,3,1.83333333333333,1,1,1,1,1,1,"In","In","ingroup","ingroup",0,0,0,1,1,0,"In","In",,0,0,0,0,0,0,0,0,0,"Victim__J_In__C_In",0,-2,2,"Hum_x_Hum","Hum_x_Hum__Victim","Hum_x_Hum__Accept","Hum_x_Hum__Victim__Accept",1,0,0,0,0,0,"Victim__J_In__C_In__Accept","Victim__J_In__C_In__Accept",1,0,0,0,0,0,0,0,0,0,0,0,0,0,0,0,0,0,0,0,0,0,0,0,0,0,0
83,8,1,"victim",0,18,1,2,1,1,0,2,TRUE,2.53571428571429,2.71428571428571,2.5,3,1.83333333333333,1,1,1,1,1,1,"In","In","ingroup","ingroup",0,0,0,1,1,1,"In","In",,0,0,0,0,0,0,0,0,0,"Victim__J_In__C_In",0,0,0,"Hum_x_Hum","Hum_x_Hum__Victim","Hum_x_Hum__Accept","Hum_x_Hum__Victim__Accept",1,0,0,0,0,0,"Victim__J_In__C_In__Accept","Victim__J_In__C_In__Accept",1,0,0,0,0,0,0,0,0,0,0,0,0,0,0,0,0,0,0,0,0,0,0,0,0,0,0
83,8,2,"victim",0,18,1,2,1,1,0,2,TRUE,2.53571428571429,2.71428571428571,2.5,3,1.83333333333333,1,1,1,1,1,1,"In","In","ingroup","ingroup",0,0,0,1,1,1,"In","In",,0,0,0,0,0,0,0,0,0,"Victim__J_In__C_In",0,0,0,"Hum_x_Hum","Hum_x_Hum__Victim","Hum_x_Hum__Accept","Hum_x_Hum__Victim__Accept",1,0,0,0,0,0,"Victim__J_In__C_In__Accept","Victim__J_In__C_In__Accept",1,0,0,0,0,0,0,0,0,0,0,0,0,0,0,0,0,0,0,0,0,0,0,0,0,0,0
83,9,1,"victim",0,18,1,2,1,1,0,2,TRUE,2.53571428571429,2.71428571428571,2.5,3,1.83333333333333,1,1,2,1,2,1,"In","Out","ingroup","outgroup",0,0,0,1,0,1,"In","Out",,0,0,1,0,0,0,1,0,0,"Victim__J_In__C_Out",0,6,-6,"Hum_x_Hum","Hum_x_Hum__Victim","Hum_x_Hum__Reject","Hum_x_Hum__Victim__Reject",1,0,0,0,0,0,"Victim__J_In__C_Out__Reject","Victim__J_In__C_Out__Reject",0,0,0,1,0,0,0,0,0,0,0,0,0,0,0,0,0,0,0,0,0,0,0,0,0,0,0
83,9,2,"victim",0,18,1,2,1,1,0,2,TRUE,2.53571428571429,2.71428571428571,2.5,3,1.83333333333333,1,1,2,2,1,1,"In","Out","outgroup","ingroup",1,0,0,0,1,0,"Out","In",,0,0,1,0,1,0,0,0,0,"Victim__J_Out__C_In",0,-7,7,"Hum_x_Ing","Hum_x_Ing__Victim","Hum_x_Ing__Accept","Hum_x_Ing__Victim__Accept",0,1,0,0,0,0,"Victim__J_Out__C_In__Accept","Victim__J_Out__C_In__Accept",0,1,0,0,0,0,0,0,0,0,0,0,0,0,0,0,0,0,0,0,0,0,0,0,0,0,0
83,10,1,"victim",0,18,1,2,1,1,0,2,TRUE,2.53571428571429,2.71428571428571,2.5,3,1.83333333333333,1,1,2,1,2,1,"In","Out","ingroup","outgroup",0,0,0,1,1,1,"In","Out",,0,0,1,0,0,0,1,0,0,"Victim__J_In__C_Out",0,0,0,"Hum_x_Hum","Hum_x_Hum__Victim","Hum_x_Hum__Accept","Hum_x_Hum__Victim__Accept",1,0,0,0,0,0,"Victim__J_In__C_Out__Accept","Victim__J_In__C_Out__Accept",0,0,0,1,0,0,0,0,0,0,0,0,0,0,0,0,0,0,0,0,0,0,0,0,0,0,0
83,10,2,"victim",0,18,1,2,1,1,0,2,TRUE,2.53571428571429,2.71428571428571,2.5,3,1.83333333333333,1,1,2,2,1,1,"In","Out","outgroup","ingroup",1,0,0,0,1,1,"Out","In",,0,0,1,0,1,0,0,0,0,"Victim__J_Out__C_In",0,0,0,"Hum_x_Ing","Hum_x_Ing__Victim","Hum_x_Ing__Accept","Hum_x_Ing__Victim__Accept",0,1,0,0,0,0,"Victim__J_Out__C_In__Accept","Victim__J_Out__C_In__Accept",0,1,0,0,0,0,0,0,0,0,0,0,0,0,0,0,0,0,0,0,0,0,0,0,0,0,0
84,1,1,"observer",1,19,4,1,0,1,0,2,TRUE,2.21428571428571,1.71428571428571,2.375,3,1.66666666666667,1,1,2,1,2,1,"In","Out","ingroup","outgroup",0,0,0,1,1,1,"In","Out","In",0,0,1,0,0,0,1,0,0,"Observer__J_In__C_Out__V_In",0,3,-3,"Hum_x_Hum","Hum_x_Hum__Observer","Hum_x_Hum__Accept","Hum_x_Hum__Observer__Accept",1,0,0,0,0,0,"Observer__J_In__C_Out__V_In__Accept","Observer__J_In__C_Out__V_In__Accept",0,0,0,0,0,0,0,0,0,0,0,0,1,0,0,0,0,0,0,0,0,0,0,0,0,0,0
84,1,2,"observer",1,19,4,1,0,1,0,2,TRUE,2.21428571428571,1.71428571428571,2.375,3,1.66666666666667,1,1,2,2,1,1,"In","Out","outgroup","ingroup",1,0,0,0,1,1,"Out","In","In",0,0,1,0,1,0,0,0,0,"Observer__J_Out__C_In__V_In",0,3,-3,"Hum_x_Ing","Hum_x_Ing__Observer","Hum_x_Ing__Accept","Hum_x_Ing__Observer__Accept",0,1,0,0,0,0,"Observer__J_Out__C_In__V_In__Accept","Observer__J_Out__C_In__V_In__Accept",0,0,0,0,0,0,0,0,0,0,1,0,0,0,0,0,0,0,0,0,0,0,0,0,0,0,0
84,3,1,"observer",1,19,4,1,0,1,0,2,TRUE,2.21428571428571,1.71428571428571,2.375,3,1.66666666666667,1,2,1,2,1,1,"Out","In","outgroup","ingroup",1,0,0,0,0,0,"Out","In","In",1,0,0,0,1,0,0,0,0,"Observer__J_Out__C_In__V_In",0,9,-9,"Hum_x_Ing","Hum_x_Ing__Observer","Hum_x_Ing__Reject","Hum_x_Ing__Observer__Reject",0,1,0,0,0,0,"Observer__J_Out__C_In__V_In__Reject","Observer__J_Out__C_In__V_In__Reject",0,0,0,0,0,0,0,0,0,0,1,0,0,0,0,0,0,0,0,0,0,0,0,0,0,0,0
84,3,2,"observer",1,19,4,1,0,1,0,2,TRUE,2.21428571428571,1.71428571428571,2.375,3,1.66666666666667,1,2,1,1,2,1,"Out","In","ingroup","outgroup",0,0,0,1,0,0,"In","Out","In",1,0,0,0,0,0,1,0,0,"Observer__J_In__C_Out__V_In",0,9,-9,"Hum_x_Hum","Hum_x_Hum__Observer","Hum_x_Hum__Reject","Hum_x_Hum__Observer__Reject",1,0,0,0,0,0,"Observer__J_In__C_Out__V_In__Reject","Observer__J_In__C_Out__V_In__Reject",0,0,0,0,0,0,0,0,0,0,0,0,1,0,0,0,0,0,0,0,0,0,0,0,0,0,0
84,4,1,"observer",1,19,4,1,0,1,0,2,TRUE,2.21428571428571,1.71428571428571,2.375,3,1.66666666666667,1,1,1,1,1,2,"In","In","ingroup","ingroup",0,0,1,0,1,1,"In","In","Out",0,0,0,0,0,0,0,0,1,"Observer__J_In__C_In__V_Out",0,-2,2,"Ing_x_Hum","Ing_x_Hum__Observer","Ing_x_Hum__Accept","Ing_x_Hum__Observer__Accept",0,0,0,1,0,0,"Observer__J_In__C_In__V_Out__Accept","Observer__J_In__C_In__V_Out__Accept",0,0,0,0,0,0,0,0,0,0,0,0,0,0,0,0,0,0,1,0,0,0,0,0,0,0,0
84,4,2,"observer",1,19,4,1,0,1,0,2,TRUE,2.21428571428571,1.71428571428571,2.375,3,1.66666666666667,1,1,1,1,1,2,"In","In","ingroup","ingroup",0,0,1,0,1,1,"In","In","Out",0,0,0,0,0,0,0,0,1,"Observer__J_In__C_In__V_Out",0,-2,2,"Ing_x_Hum","Ing_x_Hum__Observer","Ing_x_Hum__Accept","Ing_x_Hum__Observer__Accept",0,0,0,1,0,0,"Observer__J_In__C_In__V_Out__Accept","Observer__J_In__C_In__V_Out__Accept",0,0,0,0,0,0,0,0,0,0,0,0,0,0,0,0,0,0,1,0,0,0,0,0,0,0,0
84,5,1,"observer",1,19,4,1,0,1,0,2,TRUE,2.21428571428571,1.71428571428571,2.375,3,1.66666666666667,1,2,2,2,2,2,"Out","Out","outgroup","outgroup",1,0,1,1,0,1,"Out","Out","Out",1,0,1,0,1,0,1,0,1,"Observer__J_Out__C_Out__V_Out",0,3,-3,"Ing_x_Ing","Ing_x_Ing__Observer","Ing_x_Ing__Reject","Ing_x_Ing__Observer__Reject",0,0,0,0,1,0,"Observer__J_Out__C_Out__V_Out__Reject","Observer__J_Out__C_Out__V_Out__Reject",0,0,0,0,0,0,0,0,0,0,0,0,0,0,0,0,0,0,0,0,0,0,1,0,0,0,0
84,5,2,"observer",1,19,4,1,0,1,0,2,TRUE,2.21428571428571,1.71428571428571,2.375,3,1.66666666666667,1,2,2,2,2,2,"Out","Out","outgroup","outgroup",1,0,1,1,1,0,"Out","Out","Out",1,0,1,0,1,0,1,0,1,"Observer__J_Out__C_Out__V_Out",0,-3,3,"Ing_x_Ing","Ing_x_Ing__Observer","Ing_x_Ing__Accept","Ing_x_Ing__Observer__Accept",0,0,0,0,1,0,"Observer__J_Out__C_Out__V_Out__Accept","Observer__J_Out__C_Out__V_Out__Accept",0,0,0,0,0,0,0,0,0,0,0,0,0,0,0,0,0,0,0,0,0,0,1,0,0,0,0
84,6,1,"victim",0,19,4,1,0,1,0,2,TRUE,2.21428571428571,1.71428571428571,2.375,3,1.66666666666667,1,2,2,2,2,1,"Out","Out","outgroup","outgroup",1,0,0,0,1,0,"Out","Out",,1,0,1,0,1,0,1,0,0,"Victim__J_Out__C_Out",0,-2,2,"Hum_x_Ing","Hum_x_Ing__Victim","Hum_x_Ing__Accept","Hum_x_Ing__Victim__Accept",0,1,0,0,0,0,"Victim__J_Out__C_Out__Accept","Victim__J_Out__C_Out__Accept",0,0,0,0,1,0,0,0,0,0,0,0,0,0,0,0,0,0,0,0,0,0,0,0,0,0,0
84,6,2,"victim",0,19,4,1,0,1,0,2,TRUE,2.21428571428571,1.71428571428571,2.375,3,1.66666666666667,1,2,2,2,2,1,"Out","Out","outgroup","outgroup",1,0,0,0,0,1,"Out","Out",,1,0,1,0,1,0,1,0,0,"Victim__J_Out__C_Out",0,2,-2,"Hum_x_Ing","Hum_x_Ing__Victim","Hum_x_Ing__Reject","Hum_x_Ing__Victim__Reject",0,1,0,0,0,0,"Victim__J_Out__C_Out__Reject","Victim__J_Out__C_Out__Reject",0,0,0,0,1,0,0,0,0,0,0,0,0,0,0,0,0,0,0,0,0,0,0,0,0,0,0
84,8,1,"victim",0,19,4,1,0,1,0,2,TRUE,2.21428571428571,1.71428571428571,2.375,3,1.66666666666667,1,1,1,1,1,1,"In","In","ingroup","ingroup",0,0,0,1,1,1,"In","In",,0,0,0,0,0,0,0,0,0,"Victim__J_In__C_In",0,-2,2,"Hum_x_Hum","Hum_x_Hum__Victim","Hum_x_Hum__Accept","Hum_x_Hum__Victim__Accept",1,0,0,0,0,0,"Victim__J_In__C_In__Accept","Victim__J_In__C_In__Accept",1,0,0,0,0,0,0,0,0,0,0,0,0,0,0,0,0,0,0,0,0,0,0,0,0,0,0
84,8,2,"victim",0,19,4,1,0,1,0,2,TRUE,2.21428571428571,1.71428571428571,2.375,3,1.66666666666667,1,1,1,1,1,1,"In","In","ingroup","ingroup",0,0,0,1,1,1,"In","In",,0,0,0,0,0,0,0,0,0,"Victim__J_In__C_In",0,-2,2,"Hum_x_Hum","Hum_x_Hum__Victim","Hum_x_Hum__Accept","Hum_x_Hum__Victim__Accept",1,0,0,0,0,0,"Victim__J_In__C_In__Accept","Victim__J_In__C_In__Accept",1,0,0,0,0,0,0,0,0,0,0,0,0,0,0,0,0,0,0,0,0,0,0,0,0,0,0
84,9,1,"victim",0,19,4,1,0,1,0,2,TRUE,2.21428571428571,1.71428571428571,2.375,3,1.66666666666667,1,1,2,1,2,1,"In","Out","ingroup","outgroup",0,0,0,1,1,0,"In","Out",,0,0,1,0,0,0,1,0,0,"Victim__J_In__C_Out",0,-2,2,"Hum_x_Hum","Hum_x_Hum__Victim","Hum_x_Hum__Accept","Hum_x_Hum__Victim__Accept",1,0,0,0,0,0,"Victim__J_In__C_Out__Accept","Victim__J_In__C_Out__Accept",0,0,0,1,0,0,0,0,0,0,0,0,0,0,0,0,0,0,0,0,0,0,0,0,0,0,0
84,9,2,"victim",0,19,4,1,0,1,0,2,TRUE,2.21428571428571,1.71428571428571,2.375,3,1.66666666666667,1,1,2,2,1,1,"In","Out","outgroup","ingroup",1,0,0,0,0,1,"Out","In",,0,0,1,0,1,0,0,0,0,"Victim__J_Out__C_In",0,5,-5,"Hum_x_Ing","Hum_x_Ing__Victim","Hum_x_Ing__Reject","Hum_x_Ing__Victim__Reject",0,1,0,0,0,0,"Victim__J_Out__C_In__Reject","Victim__J_Out__C_In__Reject",0,1,0,0,0,0,0,0,0,0,0,0,0,0,0,0,0,0,0,0,0,0,0,0,0,0,0
85,4,1,"observer",1,18,2,1,0,1,0,2,TRUE,2.03571428571429,1.42857142857143,1.875,2.57142857142857,2.33333333333333,1,1,1,1,1,1,"In","In","ingroup","ingroup",0,0,0,1,0,0,"In","In","In",0,0,0,0,0,0,0,0,0,"Observer__J_In__C_In__V_In",0,6,-6,"Hum_x_Hum","Hum_x_Hum__Observer","Hum_x_Hum__Reject","Hum_x_Hum__Observer__Reject",1,0,0,0,0,0,"Observer__J_In__C_In__V_In__Reject","Observer__J_In__C_In__V_In__Reject",0,0,0,0,0,0,0,0,0,1,0,0,0,0,0,0,0,0,0,0,0,0,0,0,0,0,0
85,4,2,"observer",1,18,2,1,0,1,0,2,TRUE,2.03571428571429,1.42857142857143,1.875,2.57142857142857,2.33333333333333,1,1,1,1,1,1,"In","In","ingroup","ingroup",0,0,0,1,0,0,"In","In","In",0,0,0,0,0,0,0,0,0,"Observer__J_In__C_In__V_In",0,6,-6,"Hum_x_Hum","Hum_x_Hum__Observer","Hum_x_Hum__Reject","Hum_x_Hum__Observer__Reject",1,0,0,0,0,0,"Observer__J_In__C_In__V_In__Reject","Observer__J_In__C_In__V_In__Reject",0,0,0,0,0,0,0,0,0,1,0,0,0,0,0,0,0,0,0,0,0,0,0,0,0,0,0
85,5,1,"observer",1,18,2,1,0,1,0,2,TRUE,2.03571428571429,1.42857142857143,1.875,2.57142857142857,2.33333333333333,1,2,2,2,2,1,"Out","Out","outgroup","outgroup",1,0,0,0,0,1,"Out","Out","In",1,0,1,0,1,0,1,0,0,"Observer__J_Out__C_Out__V_In",0,6,-6,"Hum_x_Ing","Hum_x_Ing__Observer","Hum_x_Ing__Reject","Hum_x_Ing__Observer__Reject",0,1,0,0,0,0,"Observer__J_Out__C_Out__V_In__Reject","Observer__J_Out__C_Out__V_In__Reject",0,0,0,0,0,0,0,0,0,0,0,0,0,1,0,0,0,0,0,0,0,0,0,0,0,0,0
85,5,2,"observer",1,18,2,1,0,1,0,2,TRUE,2.03571428571429,1.42857142857143,1.875,2.57142857142857,2.33333333333333,1,2,2,2,2,1,"Out","Out","outgroup","outgroup",1,0,0,0,1,0,"Out","Out","In",1,0,1,0,1,0,1,0,0,"Observer__J_Out__C_Out__V_In",0,-5,5,"Hum_x_Ing","Hum_x_Ing__Observer","Hum_x_Ing__Accept","Hum_x_Ing__Observer__Accept",0,1,0,0,0,0,"Observer__J_Out__C_Out__V_In__Accept","Observer__J_Out__C_Out__V_In__Accept",0,0,0,0,0,0,0,0,0,0,0,0,0,1,0,0,0,0,0,0,0,0,0,0,0,0,0
85,10,1,"victim",0,18,2,1,0,1,0,2,TRUE,2.03571428571429,1.42857142857143,1.875,2.57142857142857,2.33333333333333,1,1,2,1,2,1,"In","Out","ingroup","outgroup",0,0,0,1,1,1,"In","Out",,0,0,1,0,0,0,1,0,0,"Victim__J_In__C_Out",0,-5,5,"Hum_x_Hum","Hum_x_Hum__Victim","Hum_x_Hum__Accept","Hum_x_Hum__Victim__Accept",1,0,0,0,0,0,"Victim__J_In__C_Out__Accept","Victim__J_In__C_Out__Accept",0,0,0,1,0,0,0,0,0,0,0,0,0,0,0,0,0,0,0,0,0,0,0,0,0,0,0
85,10,2,"victim",0,18,2,1,0,1,0,2,TRUE,2.03571428571429,1.42857142857143,1.875,2.57142857142857,2.33333333333333,1,1,2,2,1,1,"In","Out","outgroup","ingroup",1,0,0,0,1,1,"Out","In",,0,0,1,0,1,0,0,0,0,"Victim__J_Out__C_In",0,-5,5,"Hum_x_Ing","Hum_x_Ing__Victim","Hum_x_Ing__Accept","Hum_x_Ing__Victim__Accept",0,1,0,0,0,0,"Victim__J_Out__C_In__Accept","Victim__J_Out__C_In__Accept",0,1,0,0,0,0,0,0,0,0,0,0,0,0,0,0,0,0,0,0,0,0,0,0,0,0,0
86,1,1,"observer",1,20,2,1,0,1,0,2,TRUE,2.07142857142857,1.57142857142857,2,3,1.66666666666667,1,2,1,2,1,2,"Out","In","outgroup","ingroup",1,0,1,1,0,0,"Out","In","Out",1,0,0,0,1,0,0,0,1,"Observer__J_Out__C_In__V_Out",0,9,-9,"Ing_x_Ing","Ing_x_Ing__Observer","Ing_x_Ing__Reject","Ing_x_Ing__Observer__Reject",0,0,0,0,1,0,"Observer__J_Out__C_In__V_Out__Reject","Observer__J_Out__C_In__V_Out__Reject",0,0,0,0,0,0,0,0,0,0,0,0,0,0,0,0,0,0,0,1,0,0,0,0,0,0,0
86,1,2,"observer",1,20,2,1,0,1,0,2,TRUE,2.07142857142857,1.57142857142857,2,3,1.66666666666667,1,2,1,1,2,2,"Out","In","ingroup","outgroup",0,0,1,0,0,0,"In","Out","Out",1,0,0,0,0,0,1,0,1,"Observer__J_In__C_Out__V_Out",0,9,-9,"Ing_x_Hum","Ing_x_Hum__Observer","Ing_x_Hum__Reject","Ing_x_Hum__Observer__Reject",0,0,0,1,0,0,"Observer__J_In__C_Out__V_Out__Reject","Observer__J_In__C_Out__V_Out__Reject",0,0,0,0,0,0,0,0,0,0,0,0,0,0,0,0,0,0,0,0,0,1,0,0,0,0,0
86,2,1,"observer",1,20,2,1,0,1,0,2,TRUE,2.07142857142857,1.57142857142857,2,3,1.66666666666667,1,2,1,2,1,2,"Out","In","outgroup","ingroup",1,0,1,1,0,0,"Out","In","Out",1,0,0,0,1,0,0,0,1,"Observer__J_Out__C_In__V_Out",0,9,-9,"Ing_x_Ing","Ing_x_Ing__Observer","Ing_x_Ing__Reject","Ing_x_Ing__Observer__Reject",0,0,0,0,1,0,"Observer__J_Out__C_In__V_Out__Reject","Observer__J_Out__C_In__V_Out__Reject",0,0,0,0,0,0,0,0,0,0,0,0,0,0,0,0,0,0,0,1,0,0,0,0,0,0,0
86,2,2,"observer",1,20,2,1,0,1,0,2,TRUE,2.07142857142857,1.57142857142857,2,3,1.66666666666667,1,2,1,1,2,2,"Out","In","ingroup","outgroup",0,0,1,0,0,0,"In","Out","Out",1,0,0,0,0,0,1,0,1,"Observer__J_In__C_Out__V_Out",0,9,-9,"Ing_x_Hum","Ing_x_Hum__Observer","Ing_x_Hum__Reject","Ing_x_Hum__Observer__Reject",0,0,0,1,0,0,"Observer__J_In__C_Out__V_Out__Reject","Observer__J_In__C_Out__V_Out__Reject",0,0,0,0,0,0,0,0,0,0,0,0,0,0,0,0,0,0,0,0,0,1,0,0,0,0,0
86,3,1,"observer",1,20,2,1,0,1,0,2,TRUE,2.07142857142857,1.57142857142857,2,3,1.66666666666667,1,2,1,2,1,1,"Out","In","outgroup","ingroup",1,0,0,0,0,1,"Out","In","In",1,0,0,0,1,0,0,0,0,"Observer__J_Out__C_In__V_In",0,9,-9,"Hum_x_Ing","Hum_x_Ing__Observer","Hum_x_Ing__Reject","Hum_x_Ing__Observer__Reject",0,1,0,0,0,0,"Observer__J_Out__C_In__V_In__Reject","Observer__J_Out__C_In__V_In__Reject",0,0,0,0,0,0,0,0,0,0,1,0,0,0,0,0,0,0,0,0,0,0,0,0,0,0,0
86,3,2,"observer",1,20,2,1,0,1,0,2,TRUE,2.07142857142857,1.57142857142857,2,3,1.66666666666667,1,2,1,1,2,1,"Out","In","ingroup","outgroup",0,0,0,1,1,0,"In","Out","In",1,0,0,0,0,0,1,0,0,"Observer__J_In__C_Out__V_In",0,-3,3,"Hum_x_Hum","Hum_x_Hum__Observer","Hum_x_Hum__Accept","Hum_x_Hum__Observer__Accept",1,0,0,0,0,0,"Observer__J_In__C_Out__V_In__Accept","Observer__J_In__C_Out__V_In__Accept",0,0,0,0,0,0,0,0,0,0,0,0,1,0,0,0,0,0,0,0,0,0,0,0,0,0,0
86,10,1,"victim",0,20,2,1,0,1,0,2,TRUE,2.07142857142857,1.57142857142857,2,3,1.66666666666667,1,2,2,2,2,1,"Out","Out","outgroup","outgroup",1,0,0,0,1,0,"Out","Out",,1,0,1,0,1,0,1,0,0,"Victim__J_Out__C_Out",0,-5,5,"Hum_x_Ing","Hum_x_Ing__Victim","Hum_x_Ing__Accept","Hum_x_Ing__Victim__Accept",0,1,0,0,0,0,"Victim__J_Out__C_Out__Accept","Victim__J_Out__C_Out__Accept",0,0,0,0,1,0,0,0,0,0,0,0,0,0,0,0,0,0,0,0,0,0,0,0,0,0,0
86,10,2,"victim",0,20,2,1,0,1,0,2,TRUE,2.07142857142857,1.57142857142857,2,3,1.66666666666667,1,2,2,2,2,1,"Out","Out","outgroup","outgroup",1,0,0,0,0,1,"Out","Out",,1,0,1,0,1,0,1,0,0,"Victim__J_Out__C_Out",0,9,-9,"Hum_x_Ing","Hum_x_Ing__Victim","Hum_x_Ing__Reject","Hum_x_Ing__Victim__Reject",0,1,0,0,0,0,"Victim__J_Out__C_Out__Reject","Victim__J_Out__C_Out__Reject",0,0,0,0,1,0,0,0,0,0,0,0,0,0,0,0,0,0,0,0,0,0,0,0,0,0,0
87,1,1,"observer",1,23,3,2,1,2,1,2,TRUE,2.35714285714286,1.57142857142857,2.75,3.14285714285714,1.83333333333333,2,1,2,1,2,2,"Out","In","outgroup","ingroup",1,0,0,0,0,1,"Out","In","In",1,0,0,0,1,0,0,0,0,"Observer__J_Out__C_In__V_In",0,0,0,"Ing_x_Hum","Ing_x_Hum__Observer","Ing_x_Hum__Reject","Ing_x_Hum__Observer__Reject",0,0,0,1,0,0,"Observer__J_Out__C_In__V_In__Reject","Observer__J_Out__C_In__V_In__Reject",0,0,0,0,0,0,0,0,0,0,1,0,0,0,0,0,0,0,0,0,0,0,0,0,0,0,0
87,1,2,"observer",1,23,3,2,1,2,1,2,TRUE,2.35714285714286,1.57142857142857,2.75,3.14285714285714,1.83333333333333,2,1,2,2,1,2,"Out","In","ingroup","outgroup",0,0,0,1,1,0,"In","Out","In",1,0,0,0,0,0,1,0,0,"Observer__J_In__C_Out__V_In",0,0,0,"Ing_x_Ing","Ing_x_Ing__Observer","Ing_x_Ing__Accept","Ing_x_Ing__Observer__Accept",0,0,0,0,1,0,"Observer__J_In__C_Out__V_In__Accept","Observer__J_In__C_Out__V_In__Accept",0,0,0,0,0,0,0,0,0,0,0,0,1,0,0,0,0,0,0,0,0,0,0,0,0,0,0
87,2,1,"observer",1,23,3,2,1,2,1,2,TRUE,2.35714285714286,1.57142857142857,2.75,3.14285714285714,1.83333333333333,2,1,2,1,2,1,"Out","In","outgroup","ingroup",1,0,1,1,1,1,"Out","In","Out",1,0,0,0,1,0,0,0,1,"Observer__J_Out__C_In__V_Out",0,0,0,"Hum_x_Hum","Hum_x_Hum__Observer","Hum_x_Hum__Accept","Hum_x_Hum__Observer__Accept",1,0,0,0,0,0,"Observer__J_Out__C_In__V_Out__Accept","Observer__J_Out__C_In__V_Out__Accept",0,0,0,0,0,0,0,0,0,0,0,0,0,0,0,0,0,0,0,1,0,0,0,0,0,0,0
87,2,2,"observer",1,23,3,2,1,2,1,2,TRUE,2.35714285714286,1.57142857142857,2.75,3.14285714285714,1.83333333333333,2,1,2,2,1,1,"Out","In","ingroup","outgroup",0,0,1,0,1,1,"In","Out","Out",1,0,0,0,0,0,1,0,1,"Observer__J_In__C_Out__V_Out",0,0,0,"Hum_x_Ing","Hum_x_Ing__Observer","Hum_x_Ing__Accept","Hum_x_Ing__Observer__Accept",0,1,0,0,0,0,"Observer__J_In__C_Out__V_Out__Accept","Observer__J_In__C_Out__V_Out__Accept",0,0,0,0,0,0,0,0,0,0,0,0,0,0,0,0,0,0,0,0,0,1,0,0,0,0,0
87,3,1,"observer",1,23,3,2,1,2,1,2,TRUE,2.35714285714286,1.57142857142857,2.75,3.14285714285714,1.83333333333333,2,1,2,1,2,2,"Out","In","outgroup","ingroup",1,0,0,0,1,1,"Out","In","In",1,0,0,0,1,0,0,0,0,"Observer__J_Out__C_In__V_In",0,0,0,"Ing_x_Hum","Ing_x_Hum__Observer","Ing_x_Hum__Accept","Ing_x_Hum__Observer__Accept",0,0,0,1,0,0,"Observer__J_Out__C_In__V_In__Accept","Observer__J_Out__C_In__V_In__Accept",0,0,0,0,0,0,0,0,0,0,1,0,0,0,0,0,0,0,0,0,0,0,0,0,0,0,0
87,3,2,"observer",1,23,3,2,1,2,1,2,TRUE,2.35714285714286,1.57142857142857,2.75,3.14285714285714,1.83333333333333,2,1,2,2,1,2,"Out","In","ingroup","outgroup",0,0,0,1,1,1,"In","Out","In",1,0,0,0,0,0,1,0,0,"Observer__J_In__C_Out__V_In",0,0,0,"Ing_x_Ing","Ing_x_Ing__Observer","Ing_x_Ing__Accept","Ing_x_Ing__Observer__Accept",0,0,0,0,1,0,"Observer__J_In__C_Out__V_In__Accept","Observer__J_In__C_Out__V_In__Accept",0,0,0,0,0,0,0,0,0,0,0,0,1,0,0,0,0,0,0,0,0,0,0,0,0,0,0
87,4,1,"observer",1,23,3,2,1,2,1,2,TRUE,2.35714285714286,1.57142857142857,2.75,3.14285714285714,1.83333333333333,2,1,2,1,2,1,"Out","In","outgroup","ingroup",1,0,1,1,0,1,"Out","In","Out",1,0,0,0,1,0,0,0,1,"Observer__J_Out__C_In__V_Out",0,0,0,"Hum_x_Hum","Hum_x_Hum__Observer","Hum_x_Hum__Reject","Hum_x_Hum__Observer__Reject",1,0,0,0,0,0,"Observer__J_Out__C_In__V_Out__Reject","Observer__J_Out__C_In__V_Out__Reject",0,0,0,0,0,0,0,0,0,0,0,0,0,0,0,0,0,0,0,1,0,0,0,0,0,0,0
87,4,2,"observer",1,23,3,2,1,2,1,2,TRUE,2.35714285714286,1.57142857142857,2.75,3.14285714285714,1.83333333333333,2,1,2,2,1,1,"Out","In","ingroup","outgroup",0,0,1,0,1,0,"In","Out","Out",1,0,0,0,0,0,1,0,1,"Observer__J_In__C_Out__V_Out",0,0,0,"Hum_x_Ing","Hum_x_Ing__Observer","Hum_x_Ing__Accept","Hum_x_Ing__Observer__Accept",0,1,0,0,0,0,"Observer__J_In__C_Out__V_Out__Accept","Observer__J_In__C_Out__V_Out__Accept",0,0,0,0,0,0,0,0,0,0,0,0,0,0,0,0,0,0,0,0,0,1,0,0,0,0,0
87,5,1,"observer",1,23,3,2,1,2,1,2,TRUE,2.35714285714286,1.57142857142857,2.75,3.14285714285714,1.83333333333333,2,2,2,2,2,2,"In","In","ingroup","ingroup",0,0,0,1,0,0,"In","In","In",0,0,0,0,0,0,0,0,0,"Observer__J_In__C_In__V_In",0,0,0,"Ing_x_Ing","Ing_x_Ing__Observer","Ing_x_Ing__Reject","Ing_x_Ing__Observer__Reject",0,0,0,0,1,0,"Observer__J_In__C_In__V_In__Reject","Observer__J_In__C_In__V_In__Reject",0,0,0,0,0,0,0,0,0,1,0,0,0,0,0,0,0,0,0,0,0,0,0,0,0,0,0
87,5,2,"observer",1,23,3,2,1,2,1,2,TRUE,2.35714285714286,1.57142857142857,2.75,3.14285714285714,1.83333333333333,2,2,2,2,2,2,"In","In","ingroup","ingroup",0,0,0,1,0,0,"In","In","In",0,0,0,0,0,0,0,0,0,"Observer__J_In__C_In__V_In",0,0,0,"Ing_x_Ing","Ing_x_Ing__Observer","Ing_x_Ing__Reject","Ing_x_Ing__Observer__Reject",0,0,0,0,1,0,"Observer__J_In__C_In__V_In__Reject","Observer__J_In__C_In__V_In__Reject",0,0,0,0,0,0,0,0,0,1,0,0,0,0,0,0,0,0,0,0,0,0,0,0,0,0,0
87,7,1,"victim",0,23,3,2,1,2,1,2,TRUE,2.35714285714286,1.57142857142857,2.75,3.14285714285714,1.83333333333333,2,2,1,2,1,1,"In","Out","ingroup","outgroup",0,0,1,0,0,0,"In","Out",,0,0,1,0,0,0,1,0,0,"Victim__J_In__C_Out",0,0,0,"Hum_x_Ing","Hum_x_Ing__Victim","Hum_x_Ing__Reject","Hum_x_Ing__Victim__Reject",0,1,0,0,0,0,"Victim__J_In__C_Out__Reject","Victim__J_In__C_Out__Reject",0,0,0,1,0,0,0,0,0,0,0,0,0,0,0,0,0,0,0,0,0,0,0,0,0,0,0
87,7,2,"victim",0,23,3,2,1,2,1,2,TRUE,2.35714285714286,1.57142857142857,2.75,3.14285714285714,1.83333333333333,2,2,1,1,2,1,"In","Out","outgroup","ingroup",1,0,1,1,0,0,"Out","In",,0,0,1,0,1,0,0,0,0,"Victim__J_Out__C_In",0,0,0,"Hum_x_Hum","Hum_x_Hum__Victim","Hum_x_Hum__Reject","Hum_x_Hum__Victim__Reject",1,0,0,0,0,0,"Victim__J_Out__C_In__Reject","Victim__J_Out__C_In__Reject",0,1,0,0,0,0,0,0,0,0,0,0,0,0,0,0,0,0,0,0,0,0,0,0,0,0,0
88,4,1,"observer",1,20,1,2,1,1,0,2,TRUE,2.35714285714286,2.57142857142857,1.875,3.14285714285714,1.83333333333333,1,2,1,2,1,2,"Out","In","outgroup","ingroup",1,0,1,1,1,0,"Out","In","Out",1,0,0,0,1,0,0,0,1,"Observer__J_Out__C_In__V_Out",0,-9,9,"Ing_x_Ing","Ing_x_Ing__Observer","Ing_x_Ing__Accept","Ing_x_Ing__Observer__Accept",0,0,0,0,1,0,"Observer__J_Out__C_In__V_Out__Accept","Observer__J_Out__C_In__V_Out__Accept",0,0,0,0,0,0,0,0,0,0,0,0,0,0,0,0,0,0,0,1,0,0,0,0,0,0,0
88,4,2,"observer",1,20,1,2,1,1,0,2,TRUE,2.35714285714286,2.57142857142857,1.875,3.14285714285714,1.83333333333333,1,2,1,1,2,2,"Out","In","ingroup","outgroup",0,0,1,0,0,1,"In","Out","Out",1,0,0,0,0,0,1,0,1,"Observer__J_In__C_Out__V_Out",0,9,-9,"Ing_x_Hum","Ing_x_Hum__Observer","Ing_x_Hum__Reject","Ing_x_Hum__Observer__Reject",0,0,0,1,0,0,"Observer__J_In__C_Out__V_Out__Reject","Observer__J_In__C_Out__V_Out__Reject",0,0,0,0,0,0,0,0,0,0,0,0,0,0,0,0,0,0,0,0,0,1,0,0,0,0,0
88,5,1,"observer",1,20,1,2,1,1,0,2,TRUE,2.35714285714286,2.57142857142857,1.875,3.14285714285714,1.83333333333333,1,1,1,1,1,1,"In","In","ingroup","ingroup",0,0,0,1,1,1,"In","In","In",0,0,0,0,0,0,0,0,0,"Observer__J_In__C_In__V_In",0,-6,6,"Hum_x_Hum","Hum_x_Hum__Observer","Hum_x_Hum__Accept","Hum_x_Hum__Observer__Accept",1,0,0,0,0,0,"Observer__J_In__C_In__V_In__Accept","Observer__J_In__C_In__V_In__Accept",0,0,0,0,0,0,0,0,0,1,0,0,0,0,0,0,0,0,0,0,0,0,0,0,0,0,0
88,5,2,"observer",1,20,1,2,1,1,0,2,TRUE,2.35714285714286,2.57142857142857,1.875,3.14285714285714,1.83333333333333,1,1,1,1,1,1,"In","In","ingroup","ingroup",0,0,0,1,1,1,"In","In","In",0,0,0,0,0,0,0,0,0,"Observer__J_In__C_In__V_In",0,-6,6,"Hum_x_Hum","Hum_x_Hum__Observer","Hum_x_Hum__Accept","Hum_x_Hum__Observer__Accept",1,0,0,0,0,0,"Observer__J_In__C_In__V_In__Accept","Observer__J_In__C_In__V_In__Accept",0,0,0,0,0,0,0,0,0,1,0,0,0,0,0,0,0,0,0,0,0,0,0,0,0,0,0
88,6,1,"victim",0,20,1,2,1,1,0,2,TRUE,2.35714285714286,2.57142857142857,1.875,3.14285714285714,1.83333333333333,1,1,1,1,1,2,"In","In","ingroup","ingroup",0,0,1,0,0,1,"In","In",,0,0,0,0,0,0,0,0,0,"Victim__J_In__C_In",0,9,-9,"Ing_x_Hum","Ing_x_Hum__Victim","Ing_x_Hum__Reject","Ing_x_Hum__Victim__Reject",0,0,0,1,0,0,"Victim__J_In__C_In__Reject","Victim__J_In__C_In__Reject",1,0,0,0,0,0,0,0,0,0,0,0,0,0,0,0,0,0,0,0,0,0,0,0,0,0,0
88,6,2,"victim",0,20,1,2,1,1,0,2,TRUE,2.35714285714286,2.57142857142857,1.875,3.14285714285714,1.83333333333333,1,1,1,1,1,2,"In","In","ingroup","ingroup",0,0,1,0,1,0,"In","In",,0,0,0,0,0,0,0,0,0,"Victim__J_In__C_In",0,-9,9,"Ing_x_Hum","Ing_x_Hum__Victim","Ing_x_Hum__Accept","Ing_x_Hum__Victim__Accept",0,0,0,1,0,0,"Victim__J_In__C_In__Accept","Victim__J_In__C_In__Accept",1,0,0,0,0,0,0,0,0,0,0,0,0,0,0,0,0,0,0,0,0,0,0,0,0,0,0
88,9,1,"victim",0,20,1,2,1,1,0,2,TRUE,2.35714285714286,2.57142857142857,1.875,3.14285714285714,1.83333333333333,1,1,1,1,1,2,"In","In","ingroup","ingroup",0,0,1,0,0,1,"In","In",,0,0,0,0,0,0,0,0,0,"Victim__J_In__C_In",0,9,-9,"Ing_x_Hum","Ing_x_Hum__Victim","Ing_x_Hum__Reject","Ing_x_Hum__Victim__Reject",0,0,0,1,0,0,"Victim__J_In__C_In__Reject","Victim__J_In__C_In__Reject",1,0,0,0,0,0,0,0,0,0,0,0,0,0,0,0,0,0,0,0,0,0,0,0,0,0,0
88,9,2,"victim",0,20,1,2,1,1,0,2,TRUE,2.35714285714286,2.57142857142857,1.875,3.14285714285714,1.83333333333333,1,1,1,1,1,2,"In","In","ingroup","ingroup",0,0,1,0,1,0,"In","In",,0,0,0,0,0,0,0,0,0,"Victim__J_In__C_In",0,-9,9,"Ing_x_Hum","Ing_x_Hum__Victim","Ing_x_Hum__Accept","Ing_x_Hum__Victim__Accept",0,0,0,1,0,0,"Victim__J_In__C_In__Accept","Victim__J_In__C_In__Accept",1,0,0,0,0,0,0,0,0,0,0,0,0,0,0,0,0,0,0,0,0,0,0,0,0,0,0
89,2,1,"victim",0,20,1,1,0,1,0,1,TRUE,2.42857142857143,2.28571428571429,2.125,3.28571428571429,2,1,1,1,1,1,1,"In","In","ingroup","ingroup",0,0,0,1,0,1,"In","In",,0,0,0,0,0,0,0,0,0,"Victim__J_In__C_In",0,9,-9,"Hum_x_Hum","Hum_x_Hum__Victim","Hum_x_Hum__Reject","Hum_x_Hum__Victim__Reject",1,0,0,0,0,0,"Victim__J_In__C_In__Reject","Victim__J_In__C_In__Reject",1,0,0,0,0,0,0,0,0,0,0,0,0,0,0,0,0,0,0,0,0,0,0,0,0,0,0
89,2,2,"victim",0,20,1,1,0,1,0,1,TRUE,2.42857142857143,2.28571428571429,2.125,3.28571428571429,2,1,1,1,1,1,1,"In","In","ingroup","ingroup",0,0,0,1,1,0,"In","In",,0,0,0,0,0,0,0,0,0,"Victim__J_In__C_In",0,-9,9,"Hum_x_Hum","Hum_x_Hum__Victim","Hum_x_Hum__Accept","Hum_x_Hum__Victim__Accept",1,0,0,0,0,0,"Victim__J_In__C_In__Accept","Victim__J_In__C_In__Accept",1,0,0,0,0,0,0,0,0,0,0,0,0,0,0,0,0,0,0,0,0,0,0,0,0,0,0
89,4,1,"victim",0,20,1,1,0,1,0,1,TRUE,2.42857142857143,2.28571428571429,2.125,3.28571428571429,2,1,2,2,2,2,1,"Out","Out","outgroup","outgroup",1,0,0,0,1,1,"Out","Out",,1,0,1,0,1,0,1,0,0,"Victim__J_Out__C_Out",0,-9,9,"Hum_x_Ing","Hum_x_Ing__Victim","Hum_x_Ing__Accept","Hum_x_Ing__Victim__Accept",0,1,0,0,0,0,"Victim__J_Out__C_Out__Accept","Victim__J_Out__C_Out__Accept",0,0,0,0,1,0,0,0,0,0,0,0,0,0,0,0,0,0,0,0,0,0,0,0,0,0,0
89,4,2,"victim",0,20,1,1,0,1,0,1,TRUE,2.42857142857143,2.28571428571429,2.125,3.28571428571429,2,1,2,2,2,2,1,"Out","Out","outgroup","outgroup",1,0,0,0,1,1,"Out","Out",,1,0,1,0,1,0,1,0,0,"Victim__J_Out__C_Out",0,-9,9,"Hum_x_Ing","Hum_x_Ing__Victim","Hum_x_Ing__Accept","Hum_x_Ing__Victim__Accept",0,1,0,0,0,0,"Victim__J_Out__C_Out__Accept","Victim__J_Out__C_Out__Accept",0,0,0,0,1,0,0,0,0,0,0,0,0,0,0,0,0,0,0,0,0,0,0,0,0,0,0
89,6,1,"observer",1,20,1,1,0,1,0,1,TRUE,2.42857142857143,2.28571428571429,2.125,3.28571428571429,2,1,2,1,2,1,2,"Out","In","outgroup","ingroup",1,0,1,1,0,1,"Out","In","Out",1,0,0,0,1,0,0,0,1,"Observer__J_Out__C_In__V_Out",0,9,-9,"Ing_x_Ing","Ing_x_Ing__Observer","Ing_x_Ing__Reject","Ing_x_Ing__Observer__Reject",0,0,0,0,1,0,"Observer__J_Out__C_In__V_Out__Reject","Observer__J_Out__C_In__V_Out__Reject",0,0,0,0,0,0,0,0,0,0,0,0,0,0,0,0,0,0,0,1,0,0,0,0,0,0,0
89,6,2,"observer",1,20,1,1,0,1,0,1,TRUE,2.42857142857143,2.28571428571429,2.125,3.28571428571429,2,1,2,1,1,2,2,"Out","In","ingroup","outgroup",0,0,1,0,1,0,"In","Out","Out",1,0,0,0,0,0,1,0,1,"Observer__J_In__C_Out__V_Out",0,-9,9,"Ing_x_Hum","Ing_x_Hum__Observer","Ing_x_Hum__Accept","Ing_x_Hum__Observer__Accept",0,0,0,1,0,0,"Observer__J_In__C_Out__V_Out__Accept","Observer__J_In__C_Out__V_Out__Accept",0,0,0,0,0,0,0,0,0,0,0,0,0,0,0,0,0,0,0,0,0,1,0,0,0,0,0
89,8,1,"observer",1,20,1,1,0,1,0,1,TRUE,2.42857142857143,2.28571428571429,2.125,3.28571428571429,2,1,1,1,1,1,2,"In","In","ingroup","ingroup",0,0,1,0,1,1,"In","In","Out",0,0,0,0,0,0,0,0,1,"Observer__J_In__C_In__V_Out",0,-9,9,"Ing_x_Hum","Ing_x_Hum__Observer","Ing_x_Hum__Accept","Ing_x_Hum__Observer__Accept",0,0,0,1,0,0,"Observer__J_In__C_In__V_Out__Accept","Observer__J_In__C_In__V_Out__Accept",0,0,0,0,0,0,0,0,0,0,0,0,0,0,0,0,0,0,1,0,0,0,0,0,0,0,0
89,8,2,"observer",1,20,1,1,0,1,0,1,TRUE,2.42857142857143,2.28571428571429,2.125,3.28571428571429,2,1,1,1,1,1,2,"In","In","ingroup","ingroup",0,0,1,0,1,1,"In","In","Out",0,0,0,0,0,0,0,0,1,"Observer__J_In__C_In__V_Out",0,-9,9,"Ing_x_Hum","Ing_x_Hum__Observer","Ing_x_Hum__Accept","Ing_x_Hum__Observer__Accept",0,0,0,1,0,0,"Observer__J_In__C_In__V_Out__Accept","Observer__J_In__C_In__V_Out__Accept",0,0,0,0,0,0,0,0,0,0,0,0,0,0,0,0,0,0,1,0,0,0,0,0,0,0,0
89,9,1,"observer",1,20,1,1,0,1,0,1,TRUE,2.42857142857143,2.28571428571429,2.125,3.28571428571429,2,1,2,1,2,1,1,"Out","In","outgroup","ingroup",1,0,0,0,1,0,"Out","In","In",1,0,0,0,1,0,0,0,0,"Observer__J_Out__C_In__V_In",0,-9,9,"Hum_x_Ing","Hum_x_Ing__Observer","Hum_x_Ing__Accept","Hum_x_Ing__Observer__Accept",0,1,0,0,0,0,"Observer__J_Out__C_In__V_In__Accept","Observer__J_Out__C_In__V_In__Accept",0,0,0,0,0,0,0,0,0,0,1,0,0,0,0,0,0,0,0,0,0,0,0,0,0,0,0
89,9,2,"observer",1,20,1,1,0,1,0,1,TRUE,2.42857142857143,2.28571428571429,2.125,3.28571428571429,2,1,2,1,1,2,1,"Out","In","ingroup","outgroup",0,0,0,1,0,1,"In","Out","In",1,0,0,0,0,0,1,0,0,"Observer__J_In__C_Out__V_In",0,9,-9,"Hum_x_Hum","Hum_x_Hum__Observer","Hum_x_Hum__Reject","Hum_x_Hum__Observer__Reject",1,0,0,0,0,0,"Observer__J_In__C_Out__V_In__Reject","Observer__J_In__C_Out__V_In__Reject",0,0,0,0,0,0,0,0,0,0,0,0,1,0,0,0,0,0,0,0,0,0,0,0,0,0,0
90,6,1,"observer",1,23,1,2,1,1,0,1,TRUE,1.78571428571429,1.42857142857143,2,2.42857142857143,1.16666666666667,1,1,1,1,1,2,"In","In","ingroup","ingroup",0,0,1,0,1,1,"In","In","Out",0,0,0,0,0,0,0,0,1,"Observer__J_In__C_In__V_Out",0,-1,1,"Ing_x_Hum","Ing_x_Hum__Observer","Ing_x_Hum__Accept","Ing_x_Hum__Observer__Accept",0,0,0,1,0,0,"Observer__J_In__C_In__V_Out__Accept","Observer__J_In__C_In__V_Out__Accept",0,0,0,0,0,0,0,0,0,0,0,0,0,0,0,0,0,0,1,0,0,0,0,0,0,0,0
90,6,2,"observer",1,23,1,2,1,1,0,1,TRUE,1.78571428571429,1.42857142857143,2,2.42857142857143,1.16666666666667,1,1,1,1,1,2,"In","In","ingroup","ingroup",0,0,1,0,1,1,"In","In","Out",0,0,0,0,0,0,0,0,1,"Observer__J_In__C_In__V_Out",0,-1,1,"Ing_x_Hum","Ing_x_Hum__Observer","Ing_x_Hum__Accept","Ing_x_Hum__Observer__Accept",0,0,0,1,0,0,"Observer__J_In__C_In__V_Out__Accept","Observer__J_In__C_In__V_Out__Accept",0,0,0,0,0,0,0,0,0,0,0,0,0,0,0,0,0,0,1,0,0,0,0,0,0,0,0
91,5,1,"observer",1,19,3,2,1,1,0,2,TRUE,1.75,2,1.5,2.42857142857143,1,1,1,2,1,2,1,"In","Out","ingroup","outgroup",0,0,0,1,0,0,"In","Out","In",0,0,1,0,0,0,1,0,0,"Observer__J_In__C_Out__V_In",0,9,-9,"Hum_x_Hum","Hum_x_Hum__Observer","Hum_x_Hum__Reject","Hum_x_Hum__Observer__Reject",1,0,0,0,0,0,"Observer__J_In__C_Out__V_In__Reject","Observer__J_In__C_Out__V_In__Reject",0,0,0,0,0,0,0,0,0,0,0,0,1,0,0,0,0,0,0,0,0,0,0,0,0,0,0
91,5,2,"observer",1,19,3,2,1,1,0,2,TRUE,1.75,2,1.5,2.42857142857143,1,1,1,2,2,1,1,"In","Out","outgroup","ingroup",1,0,0,0,0,0,"Out","In","In",0,0,1,0,1,0,0,0,0,"Observer__J_Out__C_In__V_In",0,9,-9,"Hum_x_Ing","Hum_x_Ing__Observer","Hum_x_Ing__Reject","Hum_x_Ing__Observer__Reject",0,1,0,0,0,0,"Observer__J_Out__C_In__V_In__Reject","Observer__J_Out__C_In__V_In__Reject",0,0,0,0,0,0,0,0,0,0,1,0,0,0,0,0,0,0,0,0,0,0,0,0,0,0,0
91,6,1,"victim",0,19,3,2,1,1,0,2,TRUE,1.75,2,1.5,2.42857142857143,1,1,1,1,1,1,1,"In","In","ingroup","ingroup",0,0,0,1,0,1,"In","In",,0,0,0,0,0,0,0,0,0,"Victim__J_In__C_In",0,1,-1,"Hum_x_Hum","Hum_x_Hum__Victim","Hum_x_Hum__Reject","Hum_x_Hum__Victim__Reject",1,0,0,0,0,0,"Victim__J_In__C_In__Reject","Victim__J_In__C_In__Reject",1,0,0,0,0,0,0,0,0,0,0,0,0,0,0,0,0,0,0,0,0,0,0,0,0,0,0
91,6,2,"victim",0,19,3,2,1,1,0,2,TRUE,1.75,2,1.5,2.42857142857143,1,1,1,1,1,1,1,"In","In","ingroup","ingroup",0,0,0,1,1,0,"In","In",,0,0,0,0,0,0,0,0,0,"Victim__J_In__C_In",0,-2,2,"Hum_x_Hum","Hum_x_Hum__Victim","Hum_x_Hum__Accept","Hum_x_Hum__Victim__Accept",1,0,0,0,0,0,"Victim__J_In__C_In__Accept","Victim__J_In__C_In__Accept",1,0,0,0,0,0,0,0,0,0,0,0,0,0,0,0,0,0,0,0,0,0,0,0,0,0,0
91,7,1,"victim",0,19,3,2,1,1,0,2,TRUE,1.75,2,1.5,2.42857142857143,1,1,2,2,2,2,1,"Out","Out","outgroup","outgroup",1,0,0,0,0,0,"Out","Out",,1,0,1,0,1,0,1,0,0,"Victim__J_Out__C_Out",0,9,-9,"Hum_x_Ing","Hum_x_Ing__Victim","Hum_x_Ing__Reject","Hum_x_Ing__Victim__Reject",0,1,0,0,0,0,"Victim__J_Out__C_Out__Reject","Victim__J_Out__C_Out__Reject",0,0,0,0,1,0,0,0,0,0,0,0,0,0,0,0,0,0,0,0,0,0,0,0,0,0,0
91,7,2,"victim",0,19,3,2,1,1,0,2,TRUE,1.75,2,1.5,2.42857142857143,1,1,2,2,2,2,1,"Out","Out","outgroup","outgroup",1,0,0,0,0,0,"Out","Out",,1,0,1,0,1,0,1,0,0,"Victim__J_Out__C_Out",0,9,-9,"Hum_x_Ing","Hum_x_Ing__Victim","Hum_x_Ing__Reject","Hum_x_Ing__Victim__Reject",0,1,0,0,0,0,"Victim__J_Out__C_Out__Reject","Victim__J_Out__C_Out__Reject",0,0,0,0,1,0,0,0,0,0,0,0,0,0,0,0,0,0,0,0,0,0,0,0,0,0,0
93,2,1,"victim",0,20,2,2,1,1,0,1,TRUE,1.78571428571429,1.14285714285714,1.75,2.57142857142857,1.66666666666667,1,1,1,1,1,1,"In","In","ingroup","ingroup",0,0,0,1,0,0,"In","In",,0,0,0,0,0,0,0,0,0,"Victim__J_In__C_In",0,9,-9,"Hum_x_Hum","Hum_x_Hum__Victim","Hum_x_Hum__Reject","Hum_x_Hum__Victim__Reject",1,0,0,0,0,0,"Victim__J_In__C_In__Reject","Victim__J_In__C_In__Reject",1,0,0,0,0,0,0,0,0,0,0,0,0,0,0,0,0,0,0,0,0,0,0,0,0,0,0
93,2,2,"victim",0,20,2,2,1,1,0,1,TRUE,1.78571428571429,1.14285714285714,1.75,2.57142857142857,1.66666666666667,1,1,1,1,1,1,"In","In","ingroup","ingroup",0,0,0,1,0,0,"In","In",,0,0,0,0,0,0,0,0,0,"Victim__J_In__C_In",0,9,-9,"Hum_x_Hum","Hum_x_Hum__Victim","Hum_x_Hum__Reject","Hum_x_Hum__Victim__Reject",1,0,0,0,0,0,"Victim__J_In__C_In__Reject","Victim__J_In__C_In__Reject",1,0,0,0,0,0,0,0,0,0,0,0,0,0,0,0,0,0,0,0,0,0,0,0,0,0,0
93,3,1,"victim",0,20,2,2,1,1,0,1,TRUE,1.78571428571429,1.14285714285714,1.75,2.57142857142857,1.66666666666667,1,1,2,1,2,1,"In","Out","ingroup","outgroup",0,0,0,1,1,0,"In","Out",,0,0,1,0,0,0,1,0,0,"Victim__J_In__C_Out",0,-5,5,"Hum_x_Hum","Hum_x_Hum__Victim","Hum_x_Hum__Accept","Hum_x_Hum__Victim__Accept",1,0,0,0,0,0,"Victim__J_In__C_Out__Accept","Victim__J_In__C_Out__Accept",0,0,0,1,0,0,0,0,0,0,0,0,0,0,0,0,0,0,0,0,0,0,0,0,0,0,0
93,3,2,"victim",0,20,2,2,1,1,0,1,TRUE,1.78571428571429,1.14285714285714,1.75,2.57142857142857,1.66666666666667,1,1,2,2,1,1,"In","Out","outgroup","ingroup",1,0,0,0,0,1,"Out","In",,0,0,1,0,1,0,0,0,0,"Victim__J_Out__C_In",0,7,-7,"Hum_x_Ing","Hum_x_Ing__Victim","Hum_x_Ing__Reject","Hum_x_Ing__Victim__Reject",0,1,0,0,0,0,"Victim__J_Out__C_In__Reject","Victim__J_Out__C_In__Reject",0,1,0,0,0,0,0,0,0,0,0,0,0,0,0,0,0,0,0,0,0,0,0,0,0,0,0
93,4,1,"victim",0,20,2,2,1,1,0,1,TRUE,1.78571428571429,1.14285714285714,1.75,2.57142857142857,1.66666666666667,1,1,2,1,2,1,"In","Out","ingroup","outgroup",0,0,0,1,0,1,"In","Out",,0,0,1,0,0,0,1,0,0,"Victim__J_In__C_Out",0,8,-8,"Hum_x_Hum","Hum_x_Hum__Victim","Hum_x_Hum__Reject","Hum_x_Hum__Victim__Reject",1,0,0,0,0,0,"Victim__J_In__C_Out__Reject","Victim__J_In__C_Out__Reject",0,0,0,1,0,0,0,0,0,0,0,0,0,0,0,0,0,0,0,0,0,0,0,0,0,0,0
93,4,2,"victim",0,20,2,2,1,1,0,1,TRUE,1.78571428571429,1.14285714285714,1.75,2.57142857142857,1.66666666666667,1,1,2,2,1,1,"In","Out","outgroup","ingroup",1,0,0,0,1,0,"Out","In",,0,0,1,0,1,0,0,0,0,"Victim__J_Out__C_In",0,-8,8,"Hum_x_Ing","Hum_x_Ing__Victim","Hum_x_Ing__Accept","Hum_x_Ing__Victim__Accept",0,1,0,0,0,0,"Victim__J_Out__C_In__Accept","Victim__J_Out__C_In__Accept",0,1,0,0,0,0,0,0,0,0,0,0,0,0,0,0,0,0,0,0,0,0,0,0,0,0,0
93,5,1,"victim",0,20,2,2,1,1,0,1,TRUE,1.78571428571429,1.14285714285714,1.75,2.57142857142857,1.66666666666667,1,1,1,1,1,1,"In","In","ingroup","ingroup",0,0,0,1,0,1,"In","In",,0,0,0,0,0,0,0,0,0,"Victim__J_In__C_In",0,6,-6,"Hum_x_Hum","Hum_x_Hum__Victim","Hum_x_Hum__Reject","Hum_x_Hum__Victim__Reject",1,0,0,0,0,0,"Victim__J_In__C_In__Reject","Victim__J_In__C_In__Reject",1,0,0,0,0,0,0,0,0,0,0,0,0,0,0,0,0,0,0,0,0,0,0,0,0,0,0
93,5,2,"victim",0,20,2,2,1,1,0,1,TRUE,1.78571428571429,1.14285714285714,1.75,2.57142857142857,1.66666666666667,1,1,1,1,1,1,"In","In","ingroup","ingroup",0,0,0,1,1,0,"In","In",,0,0,0,0,0,0,0,0,0,"Victim__J_In__C_In",0,-5,5,"Hum_x_Hum","Hum_x_Hum__Victim","Hum_x_Hum__Accept","Hum_x_Hum__Victim__Accept",1,0,0,0,0,0,"Victim__J_In__C_In__Accept","Victim__J_In__C_In__Accept",1,0,0,0,0,0,0,0,0,0,0,0,0,0,0,0,0,0,0,0,0,0,0,0,0,0,0
93,7,1,"observer",1,20,2,2,1,1,0,1,TRUE,1.78571428571429,1.14285714285714,1.75,2.57142857142857,1.66666666666667,1,1,2,1,2,1,"In","Out","ingroup","outgroup",0,0,0,1,0,0,"In","Out","In",0,0,1,0,0,0,1,0,0,"Observer__J_In__C_Out__V_In",0,5,-5,"Hum_x_Hum","Hum_x_Hum__Observer","Hum_x_Hum__Reject","Hum_x_Hum__Observer__Reject",1,0,0,0,0,0,"Observer__J_In__C_Out__V_In__Reject","Observer__J_In__C_Out__V_In__Reject",0,0,0,0,0,0,0,0,0,0,0,0,1,0,0,0,0,0,0,0,0,0,0,0,0,0,0
93,7,2,"observer",1,20,2,2,1,1,0,1,TRUE,1.78571428571429,1.14285714285714,1.75,2.57142857142857,1.66666666666667,1,1,2,2,1,1,"In","Out","outgroup","ingroup",1,0,0,0,0,0,"Out","In","In",0,0,1,0,1,0,0,0,0,"Observer__J_Out__C_In__V_In",0,5,-5,"Hum_x_Ing","Hum_x_Ing__Observer","Hum_x_Ing__Reject","Hum_x_Ing__Observer__Reject",0,1,0,0,0,0,"Observer__J_Out__C_In__V_In__Reject","Observer__J_Out__C_In__V_In__Reject",0,0,0,0,0,0,0,0,0,0,1,0,0,0,0,0,0,0,0,0,0,0,0,0,0,0,0
93,10,1,"observer",1,20,2,2,1,1,0,1,TRUE,1.78571428571429,1.14285714285714,1.75,2.57142857142857,1.66666666666667,1,2,1,2,1,2,"Out","In","outgroup","ingroup",1,0,1,1,1,1,"Out","In","Out",1,0,0,0,1,0,0,0,1,"Observer__J_Out__C_In__V_Out",0,0,0,"Ing_x_Ing","Ing_x_Ing__Observer","Ing_x_Ing__Accept","Ing_x_Ing__Observer__Accept",0,0,0,0,1,0,"Observer__J_Out__C_In__V_Out__Accept","Observer__J_Out__C_In__V_Out__Accept",0,0,0,0,0,0,0,0,0,0,0,0,0,0,0,0,0,0,0,1,0,0,0,0,0,0,0
93,10,2,"observer",1,20,2,2,1,1,0,1,TRUE,1.78571428571429,1.14285714285714,1.75,2.57142857142857,1.66666666666667,1,2,1,1,2,2,"Out","In","ingroup","outgroup",0,0,1,0,1,1,"In","Out","Out",1,0,0,0,0,0,1,0,1,"Observer__J_In__C_Out__V_Out",0,0,0,"Ing_x_Hum","Ing_x_Hum__Observer","Ing_x_Hum__Accept","Ing_x_Hum__Observer__Accept",0,0,0,1,0,0,"Observer__J_In__C_Out__V_Out__Accept","Observer__J_In__C_Out__V_Out__Accept",0,0,0,0,0,0,0,0,0,0,0,0,0,0,0,0,0,0,0,0,0,1,0,0,0,0,0
94,2,1,"victim",0,22,1,1,0,2,1,1,TRUE,1.85714285714286,0.857142857142857,2.25,2.14285714285714,2.16666666666667,2,1,2,1,2,2,"Out","In","outgroup","ingroup",1,0,0,0,0,1,"Out","In",,1,0,0,0,1,0,0,0,0,"Victim__J_Out__C_In",0,9,-9,"Ing_x_Hum","Ing_x_Hum__Victim","Ing_x_Hum__Reject","Ing_x_Hum__Victim__Reject",0,0,0,1,0,0,"Victim__J_Out__C_In__Reject","Victim__J_Out__C_In__Reject",0,1,0,0,0,0,0,0,0,0,0,0,0,0,0,0,0,0,0,0,0,0,0,0,0,0,0
94,2,2,"victim",0,22,1,1,0,2,1,1,TRUE,1.85714285714286,0.857142857142857,2.25,2.14285714285714,2.16666666666667,2,1,2,2,1,2,"Out","In","ingroup","outgroup",0,0,0,1,1,0,"In","Out",,1,0,0,0,0,0,1,0,0,"Victim__J_In__C_Out",0,-5,5,"Ing_x_Ing","Ing_x_Ing__Victim","Ing_x_Ing__Accept","Ing_x_Ing__Victim__Accept",0,0,0,0,1,0,"Victim__J_In__C_Out__Accept","Victim__J_In__C_Out__Accept",0,0,0,1,0,0,0,0,0,0,0,0,0,0,0,0,0,0,0,0,0,0,0,0,0,0,0
94,3,1,"victim",0,22,1,1,0,2,1,1,TRUE,1.85714285714286,0.857142857142857,2.25,2.14285714285714,2.16666666666667,2,2,2,2,2,2,"In","In","ingroup","ingroup",0,0,0,1,0,0,"In","In",,0,0,0,0,0,0,0,0,0,"Victim__J_In__C_In",0,9,-9,"Ing_x_Ing","Ing_x_Ing__Victim","Ing_x_Ing__Reject","Ing_x_Ing__Victim__Reject",0,0,0,0,1,0,"Victim__J_In__C_In__Reject","Victim__J_In__C_In__Reject",1,0,0,0,0,0,0,0,0,0,0,0,0,0,0,0,0,0,0,0,0,0,0,0,0,0,0
94,3,2,"victim",0,22,1,1,0,2,1,1,TRUE,1.85714285714286,0.857142857142857,2.25,2.14285714285714,2.16666666666667,2,2,2,2,2,2,"In","In","ingroup","ingroup",0,0,0,1,0,0,"In","In",,0,0,0,0,0,0,0,0,0,"Victim__J_In__C_In",0,9,-9,"Ing_x_Ing","Ing_x_Ing__Victim","Ing_x_Ing__Reject","Ing_x_Ing__Victim__Reject",0,0,0,0,1,0,"Victim__J_In__C_In__Reject","Victim__J_In__C_In__Reject",1,0,0,0,0,0,0,0,0,0,0,0,0,0,0,0,0,0,0,0,0,0,0,0,0,0,0
95,2,1,"observer",1,18,3,1,0,1,0,2,TRUE,2.28571428571429,1.71428571428571,2.25,2.71428571428571,2.5,1,1,1,1,1,2,"In","In","ingroup","ingroup",0,0,1,0,1,0,"In","In","Out",0,0,0,0,0,0,0,0,1,"Observer__J_In__C_In__V_Out",0,-6,6,"Ing_x_Hum","Ing_x_Hum__Observer","Ing_x_Hum__Accept","Ing_x_Hum__Observer__Accept",0,0,0,1,0,0,"Observer__J_In__C_In__V_Out__Accept","Observer__J_In__C_In__V_Out__Accept",0,0,0,0,0,0,0,0,0,0,0,0,0,0,0,0,0,0,1,0,0,0,0,0,0,0,0
95,2,2,"observer",1,18,3,1,0,1,0,2,TRUE,2.28571428571429,1.71428571428571,2.25,2.71428571428571,2.5,1,1,1,1,1,2,"In","In","ingroup","ingroup",0,0,1,0,0,1,"In","In","Out",0,0,0,0,0,0,0,0,1,"Observer__J_In__C_In__V_Out",0,9,-9,"Ing_x_Hum","Ing_x_Hum__Observer","Ing_x_Hum__Reject","Ing_x_Hum__Observer__Reject",0,0,0,1,0,0,"Observer__J_In__C_In__V_Out__Reject","Observer__J_In__C_In__V_Out__Reject",0,0,0,0,0,0,0,0,0,0,0,0,0,0,0,0,0,0,1,0,0,0,0,0,0,0,0
95,5,1,"observer",1,18,3,1,0,1,0,2,TRUE,2.28571428571429,1.71428571428571,2.25,2.71428571428571,2.5,1,2,1,2,1,1,"Out","In","outgroup","ingroup",1,0,0,0,1,1,"Out","In","In",1,0,0,0,1,0,0,0,0,"Observer__J_Out__C_In__V_In",0,-6,6,"Hum_x_Ing","Hum_x_Ing__Observer","Hum_x_Ing__Accept","Hum_x_Ing__Observer__Accept",0,1,0,0,0,0,"Observer__J_Out__C_In__V_In__Accept","Observer__J_Out__C_In__V_In__Accept",0,0,0,0,0,0,0,0,0,0,1,0,0,0,0,0,0,0,0,0,0,0,0,0,0,0,0
95,5,2,"observer",1,18,3,1,0,1,0,2,TRUE,2.28571428571429,1.71428571428571,2.25,2.71428571428571,2.5,1,2,1,1,2,1,"Out","In","ingroup","outgroup",0,0,0,1,1,1,"In","Out","In",1,0,0,0,0,0,1,0,0,"Observer__J_In__C_Out__V_In",0,-6,6,"Hum_x_Hum","Hum_x_Hum__Observer","Hum_x_Hum__Accept","Hum_x_Hum__Observer__Accept",1,0,0,0,0,0,"Observer__J_In__C_Out__V_In__Accept","Observer__J_In__C_Out__V_In__Accept",0,0,0,0,0,0,0,0,0,0,0,0,1,0,0,0,0,0,0,0,0,0,0,0,0,0,0
95,6,1,"victim",0,18,3,1,0,1,0,2,TRUE,2.28571428571429,1.71428571428571,2.25,2.71428571428571,2.5,1,2,1,2,1,1,"Out","In","outgroup","ingroup",1,0,0,0,0,1,"Out","In",,1,0,0,0,1,0,0,0,0,"Victim__J_Out__C_In",0,9,-9,"Hum_x_Ing","Hum_x_Ing__Victim","Hum_x_Ing__Reject","Hum_x_Ing__Victim__Reject",0,1,0,0,0,0,"Victim__J_Out__C_In__Reject","Victim__J_Out__C_In__Reject",0,1,0,0,0,0,0,0,0,0,0,0,0,0,0,0,0,0,0,0,0,0,0,0,0,0,0
95,6,2,"victim",0,18,3,1,0,1,0,2,TRUE,2.28571428571429,1.71428571428571,2.25,2.71428571428571,2.5,1,2,1,1,2,1,"Out","In","ingroup","outgroup",0,0,0,1,1,0,"In","Out",,1,0,0,0,0,0,1,0,0,"Victim__J_In__C_Out",0,-6,6,"Hum_x_Hum","Hum_x_Hum__Victim","Hum_x_Hum__Accept","Hum_x_Hum__Victim__Accept",1,0,0,0,0,0,"Victim__J_In__C_Out__Accept","Victim__J_In__C_Out__Accept",0,0,0,1,0,0,0,0,0,0,0,0,0,0,0,0,0,0,0,0,0,0,0,0,0,0,0
95,7,1,"victim",0,18,3,1,0,1,0,2,TRUE,2.28571428571429,1.71428571428571,2.25,2.71428571428571,2.5,1,2,1,2,1,1,"Out","In","outgroup","ingroup",1,0,0,0,1,1,"Out","In",,1,0,0,0,1,0,0,0,0,"Victim__J_Out__C_In",0,-6,6,"Hum_x_Ing","Hum_x_Ing__Victim","Hum_x_Ing__Accept","Hum_x_Ing__Victim__Accept",0,1,0,0,0,0,"Victim__J_Out__C_In__Accept","Victim__J_Out__C_In__Accept",0,1,0,0,0,0,0,0,0,0,0,0,0,0,0,0,0,0,0,0,0,0,0,0,0,0,0
95,7,2,"victim",0,18,3,1,0,1,0,2,TRUE,2.28571428571429,1.71428571428571,2.25,2.71428571428571,2.5,1,2,1,1,2,1,"Out","In","ingroup","outgroup",0,0,0,1,1,1,"In","Out",,1,0,0,0,0,0,1,0,0,"Victim__J_In__C_Out",0,-6,6,"Hum_x_Hum","Hum_x_Hum__Victim","Hum_x_Hum__Accept","Hum_x_Hum__Victim__Accept",1,0,0,0,0,0,"Victim__J_In__C_Out__Accept","Victim__J_In__C_Out__Accept",0,0,0,1,0,0,0,0,0,0,0,0,0,0,0,0,0,0,0,0,0,0,0,0,0,0,0
95,8,1,"victim",0,18,3,1,0,1,0,2,TRUE,2.28571428571429,1.71428571428571,2.25,2.71428571428571,2.5,1,2,1,2,1,1,"Out","In","outgroup","ingroup",1,0,0,0,1,0,"Out","In",,1,0,0,0,1,0,0,0,0,"Victim__J_Out__C_In",0,-6,6,"Hum_x_Ing","Hum_x_Ing__Victim","Hum_x_Ing__Accept","Hum_x_Ing__Victim__Accept",0,1,0,0,0,0,"Victim__J_Out__C_In__Accept","Victim__J_Out__C_In__Accept",0,1,0,0,0,0,0,0,0,0,0,0,0,0,0,0,0,0,0,0,0,0,0,0,0,0,0
95,8,2,"victim",0,18,3,1,0,1,0,2,TRUE,2.28571428571429,1.71428571428571,2.25,2.71428571428571,2.5,1,2,1,1,2,1,"Out","In","ingroup","outgroup",0,0,0,1,0,1,"In","Out",,1,0,0,0,0,0,1,0,0,"Victim__J_In__C_Out",0,9,-9,"Hum_x_Hum","Hum_x_Hum__Victim","Hum_x_Hum__Reject","Hum_x_Hum__Victim__Reject",1,0,0,0,0,0,"Victim__J_In__C_Out__Reject","Victim__J_In__C_Out__Reject",0,0,0,1,0,0,0,0,0,0,0,0,0,0,0,0,0,0,0,0,0,0,0,0,0,0,0
95,10,1,"victim",0,18,3,1,0,1,0,2,TRUE,2.28571428571429,1.71428571428571,2.25,2.71428571428571,2.5,1,1,2,1,2,1,"In","Out","ingroup","outgroup",0,0,0,1,1,0,"In","Out",,0,0,1,0,0,0,1,0,0,"Victim__J_In__C_Out",0,-6,6,"Hum_x_Hum","Hum_x_Hum__Victim","Hum_x_Hum__Accept","Hum_x_Hum__Victim__Accept",1,0,0,0,0,0,"Victim__J_In__C_Out__Accept","Victim__J_In__C_Out__Accept",0,0,0,1,0,0,0,0,0,0,0,0,0,0,0,0,0,0,0,0,0,0,0,0,0,0,0
95,10,2,"victim",0,18,3,1,0,1,0,2,TRUE,2.28571428571429,1.71428571428571,2.25,2.71428571428571,2.5,1,1,2,2,1,1,"In","Out","outgroup","ingroup",1,0,0,0,0,1,"Out","In",,0,0,1,0,1,0,0,0,0,"Victim__J_Out__C_In",0,9,-9,"Hum_x_Ing","Hum_x_Ing__Victim","Hum_x_Ing__Reject","Hum_x_Ing__Victim__Reject",0,1,0,0,0,0,"Victim__J_Out__C_In__Reject","Victim__J_Out__C_In__Reject",0,1,0,0,0,0,0,0,0,0,0,0,0,0,0,0,0,0,0,0,0,0,0,0,0,0,0
96,5,1,"victim",0,21,3,1,0,2,1,1,TRUE,2.25,1.71428571428571,2.75,2.28571428571429,2.16666666666667,2,1,2,1,2,2,"Out","In","outgroup","ingroup",1,0,0,0,1,1,"Out","In",,1,0,0,0,1,0,0,0,0,"Victim__J_Out__C_In",0,0,0,"Ing_x_Hum","Ing_x_Hum__Victim","Ing_x_Hum__Accept","Ing_x_Hum__Victim__Accept",0,0,0,1,0,0,"Victim__J_Out__C_In__Accept","Victim__J_Out__C_In__Accept",0,1,0,0,0,0,0,0,0,0,0,0,0,0,0,0,0,0,0,0,0,0,0,0,0,0,0
96,5,2,"victim",0,21,3,1,0,2,1,1,TRUE,2.25,1.71428571428571,2.75,2.28571428571429,2.16666666666667,2,1,2,2,1,2,"Out","In","ingroup","outgroup",0,0,0,1,1,1,"In","Out",,1,0,0,0,0,0,1,0,0,"Victim__J_In__C_Out",0,0,0,"Ing_x_Ing","Ing_x_Ing__Victim","Ing_x_Ing__Accept","Ing_x_Ing__Victim__Accept",0,0,0,0,1,0,"Victim__J_In__C_Out__Accept","Victim__J_In__C_Out__Accept",0,0,0,1,0,0,0,0,0,0,0,0,0,0,0,0,0,0,0,0,0,0,0,0,0,0,0
96,9,1,"observer",1,21,3,1,0,2,1,1,TRUE,2.25,1.71428571428571,2.75,2.28571428571429,2.16666666666667,2,1,1,1,1,2,"Out","Out","outgroup","outgroup",1,0,0,0,1,0,"Out","Out","In",1,0,1,0,1,0,1,0,0,"Observer__J_Out__C_Out__V_In",0,0,0,"Ing_x_Hum","Ing_x_Hum__Observer","Ing_x_Hum__Accept","Ing_x_Hum__Observer__Accept",0,0,0,1,0,0,"Observer__J_Out__C_Out__V_In__Accept","Observer__J_Out__C_Out__V_In__Accept",0,0,0,0,0,0,0,0,0,0,0,0,0,1,0,0,0,0,0,0,0,0,0,0,0,0,0
96,9,2,"observer",1,21,3,1,0,2,1,1,TRUE,2.25,1.71428571428571,2.75,2.28571428571429,2.16666666666667,2,1,1,1,1,2,"Out","Out","outgroup","outgroup",1,0,0,0,0,1,"Out","Out","In",1,0,1,0,1,0,1,0,0,"Observer__J_Out__C_Out__V_In",0,0,0,"Ing_x_Hum","Ing_x_Hum__Observer","Ing_x_Hum__Reject","Ing_x_Hum__Observer__Reject",0,0,0,1,0,0,"Observer__J_Out__C_Out__V_In__Reject","Observer__J_Out__C_Out__V_In__Reject",0,0,0,0,0,0,0,0,0,0,0,0,0,1,0,0,0,0,0,0,0,0,0,0,0,0,0
96,10,1,"observer",1,21,3,1,0,2,1,1,TRUE,2.25,1.71428571428571,2.75,2.28571428571429,2.16666666666667,2,1,2,1,2,2,"Out","In","outgroup","ingroup",1,0,0,0,1,1,"Out","In","In",1,0,0,0,1,0,0,0,0,"Observer__J_Out__C_In__V_In",0,0,0,"Ing_x_Hum","Ing_x_Hum__Observer","Ing_x_Hum__Accept","Ing_x_Hum__Observer__Accept",0,0,0,1,0,0,"Observer__J_Out__C_In__V_In__Accept","Observer__J_Out__C_In__V_In__Accept",0,0,0,0,0,0,0,0,0,0,1,0,0,0,0,0,0,0,0,0,0,0,0,0,0,0,0
96,10,2,"observer",1,21,3,1,0,2,1,1,TRUE,2.25,1.71428571428571,2.75,2.28571428571429,2.16666666666667,2,1,2,2,1,2,"Out","In","ingroup","outgroup",0,0,0,1,1,1,"In","Out","In",1,0,0,0,0,0,1,0,0,"Observer__J_In__C_Out__V_In",0,0,0,"Ing_x_Ing","Ing_x_Ing__Observer","Ing_x_Ing__Accept","Ing_x_Ing__Observer__Accept",0,0,0,0,1,0,"Observer__J_In__C_Out__V_In__Accept","Observer__J_In__C_Out__V_In__Accept",0,0,0,0,0,0,0,0,0,0,0,0,1,0,0,0,0,0,0,0,0,0,0,0,0,0,0
97,1,1,"observer",1,18,1,1,0,1,0,2,TRUE,2.07142857142857,1.57142857142857,2.5,2.28571428571429,1.83333333333333,1,1,2,1,2,2,"In","Out","ingroup","outgroup",0,0,1,0,0,1,"In","Out","Out",0,0,1,0,0,0,1,0,1,"Observer__J_In__C_Out__V_Out",0,-5,5,"Ing_x_Hum","Ing_x_Hum__Observer","Ing_x_Hum__Reject","Ing_x_Hum__Observer__Reject",0,0,0,1,0,0,"Observer__J_In__C_Out__V_Out__Reject","Observer__J_In__C_Out__V_Out__Reject",0,0,0,0,0,0,0,0,0,0,0,0,0,0,0,0,0,0,0,0,0,1,0,0,0,0,0
97,1,2,"observer",1,18,1,1,0,1,0,2,TRUE,2.07142857142857,1.57142857142857,2.5,2.28571428571429,1.83333333333333,1,1,2,2,1,2,"In","Out","outgroup","ingroup",1,0,1,1,1,0,"Out","In","Out",0,0,1,0,1,0,0,0,1,"Observer__J_Out__C_In__V_Out",0,-6,6,"Ing_x_Ing","Ing_x_Ing__Observer","Ing_x_Ing__Accept","Ing_x_Ing__Observer__Accept",0,0,0,0,1,0,"Observer__J_Out__C_In__V_Out__Accept","Observer__J_Out__C_In__V_Out__Accept",0,0,0,0,0,0,0,0,0,0,0,0,0,0,0,0,0,0,0,1,0,0,0,0,0,0,0
97,2,1,"observer",1,18,1,1,0,1,0,2,TRUE,2.07142857142857,1.57142857142857,2.5,2.28571428571429,1.83333333333333,1,2,2,2,2,1,"Out","Out","outgroup","outgroup",1,0,0,0,0,0,"Out","Out","In",1,0,1,0,1,0,1,0,0,"Observer__J_Out__C_Out__V_In",0,9,-9,"Hum_x_Ing","Hum_x_Ing__Observer","Hum_x_Ing__Reject","Hum_x_Ing__Observer__Reject",0,1,0,0,0,0,"Observer__J_Out__C_Out__V_In__Reject","Observer__J_Out__C_Out__V_In__Reject",0,0,0,0,0,0,0,0,0,0,0,0,0,1,0,0,0,0,0,0,0,0,0,0,0,0,0
97,2,2,"observer",1,18,1,1,0,1,0,2,TRUE,2.07142857142857,1.57142857142857,2.5,2.28571428571429,1.83333333333333,1,2,2,2,2,1,"Out","Out","outgroup","outgroup",1,0,0,0,0,0,"Out","Out","In",1,0,1,0,1,0,1,0,0,"Observer__J_Out__C_Out__V_In",0,9,-9,"Hum_x_Ing","Hum_x_Ing__Observer","Hum_x_Ing__Reject","Hum_x_Ing__Observer__Reject",0,1,0,0,0,0,"Observer__J_Out__C_Out__V_In__Reject","Observer__J_Out__C_Out__V_In__Reject",0,0,0,0,0,0,0,0,0,0,0,0,0,1,0,0,0,0,0,0,0,0,0,0,0,0,0
97,4,1,"observer",1,18,1,1,0,1,0,2,TRUE,2.07142857142857,1.57142857142857,2.5,2.28571428571429,1.83333333333333,1,1,2,1,2,2,"In","Out","ingroup","outgroup",0,0,1,0,1,1,"In","Out","Out",0,0,1,0,0,0,1,0,1,"Observer__J_In__C_Out__V_Out",0,5,-5,"Ing_x_Hum","Ing_x_Hum__Observer","Ing_x_Hum__Accept","Ing_x_Hum__Observer__Accept",0,0,0,1,0,0,"Observer__J_In__C_Out__V_Out__Accept","Observer__J_In__C_Out__V_Out__Accept",0,0,0,0,0,0,0,0,0,0,0,0,0,0,0,0,0,0,0,0,0,1,0,0,0,0,0
97,4,2,"observer",1,18,1,1,0,1,0,2,TRUE,2.07142857142857,1.57142857142857,2.5,2.28571428571429,1.83333333333333,1,1,2,2,1,2,"In","Out","outgroup","ingroup",1,0,1,1,1,1,"Out","In","Out",0,0,1,0,1,0,0,0,1,"Observer__J_Out__C_In__V_Out",0,5,-5,"Ing_x_Ing","Ing_x_Ing__Observer","Ing_x_Ing__Accept","Ing_x_Ing__Observer__Accept",0,0,0,0,1,0,"Observer__J_Out__C_In__V_Out__Accept","Observer__J_Out__C_In__V_Out__Accept",0,0,0,0,0,0,0,0,0,0,0,0,0,0,0,0,0,0,0,1,0,0,0,0,0,0,0
97,6,1,"victim",0,18,1,1,0,1,0,2,TRUE,2.07142857142857,1.57142857142857,2.5,2.28571428571429,1.83333333333333,1,2,1,2,1,1,"Out","In","outgroup","ingroup",1,0,0,0,1,0,"Out","In",,1,0,0,0,1,0,0,0,0,"Victim__J_Out__C_In",0,-5,5,"Hum_x_Ing","Hum_x_Ing__Victim","Hum_x_Ing__Accept","Hum_x_Ing__Victim__Accept",0,1,0,0,0,0,"Victim__J_Out__C_In__Accept","Victim__J_Out__C_In__Accept",0,1,0,0,0,0,0,0,0,0,0,0,0,0,0,0,0,0,0,0,0,0,0,0,0,0,0
97,6,2,"victim",0,18,1,1,0,1,0,2,TRUE,2.07142857142857,1.57142857142857,2.5,2.28571428571429,1.83333333333333,1,2,1,1,2,1,"Out","In","ingroup","outgroup",0,0,0,1,0,1,"In","Out",,1,0,0,0,0,0,1,0,0,"Victim__J_In__C_Out",0,-6,6,"Hum_x_Hum","Hum_x_Hum__Victim","Hum_x_Hum__Reject","Hum_x_Hum__Victim__Reject",1,0,0,0,0,0,"Victim__J_In__C_Out__Reject","Victim__J_In__C_Out__Reject",0,0,0,1,0,0,0,0,0,0,0,0,0,0,0,0,0,0,0,0,0,0,0,0,0,0,0
97,10,1,"victim",0,18,1,1,0,1,0,2,TRUE,2.07142857142857,1.57142857142857,2.5,2.28571428571429,1.83333333333333,1,2,2,2,2,1,"Out","Out","outgroup","outgroup",1,0,0,0,1,1,"Out","Out",,1,0,1,0,1,0,1,0,0,"Victim__J_Out__C_Out",0,-5,5,"Hum_x_Ing","Hum_x_Ing__Victim","Hum_x_Ing__Accept","Hum_x_Ing__Victim__Accept",0,1,0,0,0,0,"Victim__J_Out__C_Out__Accept","Victim__J_Out__C_Out__Accept",0,0,0,0,1,0,0,0,0,0,0,0,0,0,0,0,0,0,0,0,0,0,0,0,0,0,0
97,10,2,"victim",0,18,1,1,0,1,0,2,TRUE,2.07142857142857,1.57142857142857,2.5,2.28571428571429,1.83333333333333,1,2,2,2,2,1,"Out","Out","outgroup","outgroup",1,0,0,0,1,1,"Out","Out",,1,0,1,0,1,0,1,0,0,"Victim__J_Out__C_Out",0,-5,5,"Hum_x_Ing","Hum_x_Ing__Victim","Hum_x_Ing__Accept","Hum_x_Ing__Victim__Accept",0,1,0,0,0,0,"Victim__J_Out__C_Out__Accept","Victim__J_Out__C_Out__Accept",0,0,0,0,1,0,0,0,0,0,0,0,0,0,0,0,0,0,0,0,0,0,0,0,0,0,0
98,7,1,"victim",0,21,1,2,1,2,1,2,TRUE,2.21428571428571,1.57142857142857,2.375,2.42857142857143,2.5,2,1,1,1,1,2,"Out","Out","outgroup","outgroup",1,0,0,0,1,0,"Out","Out",,1,0,1,0,1,0,1,0,0,"Victim__J_Out__C_Out",0,-1,1,"Ing_x_Hum","Ing_x_Hum__Victim","Ing_x_Hum__Accept","Ing_x_Hum__Victim__Accept",0,0,0,1,0,0,"Victim__J_Out__C_Out__Accept","Victim__J_Out__C_Out__Accept",0,0,0,0,1,0,0,0,0,0,0,0,0,0,0,0,0,0,0,0,0,0,0,0,0,0,0
98,7,2,"victim",0,21,1,2,1,2,1,2,TRUE,2.21428571428571,1.57142857142857,2.375,2.42857142857143,2.5,2,1,1,1,1,2,"Out","Out","outgroup","outgroup",1,0,0,0,0,1,"Out","Out",,1,0,1,0,1,0,1,0,0,"Victim__J_Out__C_Out",0,2,-2,"Ing_x_Hum","Ing_x_Hum__Victim","Ing_x_Hum__Reject","Ing_x_Hum__Victim__Reject",0,0,0,1,0,0,"Victim__J_Out__C_Out__Reject","Victim__J_Out__C_Out__Reject",0,0,0,0,1,0,0,0,0,0,0,0,0,0,0,0,0,0,0,0,0,0,0,0,0,0,0
98,8,1,"victim",0,21,1,2,1,2,1,2,TRUE,2.21428571428571,1.57142857142857,2.375,2.42857142857143,2.5,2,2,1,2,1,2,"In","Out","ingroup","outgroup",0,0,0,1,0,1,"In","Out",,0,0,1,0,0,0,1,0,0,"Victim__J_In__C_Out",0,2,-2,"Ing_x_Ing","Ing_x_Ing__Victim","Ing_x_Ing__Reject","Ing_x_Ing__Victim__Reject",0,0,0,0,1,0,"Victim__J_In__C_Out__Reject","Victim__J_In__C_Out__Reject",0,0,0,1,0,0,0,0,0,0,0,0,0,0,0,0,0,0,0,0,0,0,0,0,0,0,0
98,8,2,"victim",0,21,1,2,1,2,1,2,TRUE,2.21428571428571,1.57142857142857,2.375,2.42857142857143,2.5,2,2,1,1,2,2,"In","Out","outgroup","ingroup",1,0,0,0,1,0,"Out","In",,0,0,1,0,1,0,0,0,0,"Victim__J_Out__C_In",0,-1,1,"Ing_x_Hum","Ing_x_Hum__Victim","Ing_x_Hum__Accept","Ing_x_Hum__Victim__Accept",0,0,0,1,0,0,"Victim__J_Out__C_In__Accept","Victim__J_Out__C_In__Accept",0,1,0,0,0,0,0,0,0,0,0,0,0,0,0,0,0,0,0,0,0,0,0,0,0,0,0
98,9,1,"victim",0,21,1,2,1,2,1,2,TRUE,2.21428571428571,1.57142857142857,2.375,2.42857142857143,2.5,2,2,1,2,1,2,"In","Out","ingroup","outgroup",0,0,0,1,0,1,"In","Out",,0,0,1,0,0,0,1,0,0,"Victim__J_In__C_Out",0,2,-2,"Ing_x_Ing","Ing_x_Ing__Victim","Ing_x_Ing__Reject","Ing_x_Ing__Victim__Reject",0,0,0,0,1,0,"Victim__J_In__C_Out__Reject","Victim__J_In__C_Out__Reject",0,0,0,1,0,0,0,0,0,0,0,0,0,0,0,0,0,0,0,0,0,0,0,0,0,0,0
98,9,2,"victim",0,21,1,2,1,2,1,2,TRUE,2.21428571428571,1.57142857142857,2.375,2.42857142857143,2.5,2,2,1,1,2,2,"In","Out","outgroup","ingroup",1,0,0,0,1,0,"Out","In",,0,0,1,0,1,0,0,0,0,"Victim__J_Out__C_In",0,-1,1,"Ing_x_Hum","Ing_x_Hum__Victim","Ing_x_Hum__Accept","Ing_x_Hum__Victim__Accept",0,0,0,1,0,0,"Victim__J_Out__C_In__Accept","Victim__J_Out__C_In__Accept",0,1,0,0,0,0,0,0,0,0,0,0,0,0,0,0,0,0,0,0,0,0,0,0,0,0,0
98,10,1,"victim",0,21,1,2,1,2,1,2,TRUE,2.21428571428571,1.57142857142857,2.375,2.42857142857143,2.5,2,1,1,1,1,2,"Out","Out","outgroup","outgroup",1,0,0,0,0,0,"Out","Out",,1,0,1,0,1,0,1,0,0,"Victim__J_Out__C_Out",0,5,-5,"Ing_x_Hum","Ing_x_Hum__Victim","Ing_x_Hum__Reject","Ing_x_Hum__Victim__Reject",0,0,0,1,0,0,"Victim__J_Out__C_Out__Reject","Victim__J_Out__C_Out__Reject",0,0,0,0,1,0,0,0,0,0,0,0,0,0,0,0,0,0,0,0,0,0,0,0,0,0,0
98,10,2,"victim",0,21,1,2,1,2,1,2,TRUE,2.21428571428571,1.57142857142857,2.375,2.42857142857143,2.5,2,1,1,1,1,2,"Out","Out","outgroup","outgroup",1,0,0,0,0,0,"Out","Out",,1,0,1,0,1,0,1,0,0,"Victim__J_Out__C_Out",0,5,-5,"Ing_x_Hum","Ing_x_Hum__Victim","Ing_x_Hum__Reject","Ing_x_Hum__Victim__Reject",0,0,0,1,0,0,"Victim__J_Out__C_Out__Reject","Victim__J_Out__C_Out__Reject",0,0,0,0,1,0,0,0,0,0,0,0,0,0,0,0,0,0,0,0,0,0,0,0,0,0,0
99,5,1,"victim",0,19,3,2,1,1,0,1,TRUE,2.92857142857143,3.28571428571429,2.375,3.42857142857143,2.66666666666667,1,1,2,1,2,1,"In","Out","ingroup","outgroup",0,0,0,1,0,0,"In","Out",,0,0,1,0,0,0,1,0,0,"Victim__J_In__C_Out",0,9,-9,"Hum_x_Hum","Hum_x_Hum__Victim","Hum_x_Hum__Reject","Hum_x_Hum__Victim__Reject",1,0,0,0,0,0,"Victim__J_In__C_Out__Reject","Victim__J_In__C_Out__Reject",0,0,0,1,0,0,0,0,0,0,0,0,0,0,0,0,0,0,0,0,0,0,0,0,0,0,0
99,5,2,"victim",0,19,3,2,1,1,0,1,TRUE,2.92857142857143,3.28571428571429,2.375,3.42857142857143,2.66666666666667,1,1,2,2,1,1,"In","Out","outgroup","ingroup",1,0,0,0,0,0,"Out","In",,0,0,1,0,1,0,0,0,0,"Victim__J_Out__C_In",0,9,-9,"Hum_x_Ing","Hum_x_Ing__Victim","Hum_x_Ing__Reject","Hum_x_Ing__Victim__Reject",0,1,0,0,0,0,"Victim__J_Out__C_In__Reject","Victim__J_Out__C_In__Reject",0,1,0,0,0,0,0,0,0,0,0,0,0,0,0,0,0,0,0,0,0,0,0,0,0,0,0
99,8,1,"observer",1,19,3,2,1,1,0,1,TRUE,2.92857142857143,3.28571428571429,2.375,3.42857142857143,2.66666666666667,1,1,2,1,2,2,"In","Out","ingroup","outgroup",0,0,1,0,1,1,"In","Out","Out",0,0,1,0,0,0,1,0,1,"Observer__J_In__C_Out__V_Out",0,-3,3,"Ing_x_Hum","Ing_x_Hum__Observer","Ing_x_Hum__Accept","Ing_x_Hum__Observer__Accept",0,0,0,1,0,0,"Observer__J_In__C_Out__V_Out__Accept","Observer__J_In__C_Out__V_Out__Accept",0,0,0,0,0,0,0,0,0,0,0,0,0,0,0,0,0,0,0,0,0,1,0,0,0,0,0
99,8,2,"observer",1,19,3,2,1,1,0,1,TRUE,2.92857142857143,3.28571428571429,2.375,3.42857142857143,2.66666666666667,1,1,2,2,1,2,"In","Out","outgroup","ingroup",1,0,1,1,1,1,"Out","In","Out",0,0,1,0,1,0,0,0,1,"Observer__J_Out__C_In__V_Out",0,-3,3,"Ing_x_Ing","Ing_x_Ing__Observer","Ing_x_Ing__Accept","Ing_x_Ing__Observer__Accept",0,0,0,0,1,0,"Observer__J_Out__C_In__V_Out__Accept","Observer__J_Out__C_In__V_Out__Accept",0,0,0,0,0,0,0,0,0,0,0,0,0,0,0,0,0,0,0,1,0,0,0,0,0,0,0
99,9,1,"observer",1,19,3,2,1,1,0,1,TRUE,2.92857142857143,3.28571428571429,2.375,3.42857142857143,2.66666666666667,1,2,1,2,1,2,"Out","In","outgroup","ingroup",1,0,1,1,0,0,"Out","In","Out",1,0,0,0,1,0,0,0,1,"Observer__J_Out__C_In__V_Out",0,9,-9,"Ing_x_Ing","Ing_x_Ing__Observer","Ing_x_Ing__Reject","Ing_x_Ing__Observer__Reject",0,0,0,0,1,0,"Observer__J_Out__C_In__V_Out__Reject","Observer__J_Out__C_In__V_Out__Reject",0,0,0,0,0,0,0,0,0,0,0,0,0,0,0,0,0,0,0,1,0,0,0,0,0,0,0
99,9,2,"observer",1,19,3,2,1,1,0,1,TRUE,2.92857142857143,3.28571428571429,2.375,3.42857142857143,2.66666666666667,1,2,1,1,2,2,"Out","In","ingroup","outgroup",0,0,1,0,0,0,"In","Out","Out",1,0,0,0,0,0,1,0,1,"Observer__J_In__C_Out__V_Out",0,9,-9,"Ing_x_Hum","Ing_x_Hum__Observer","Ing_x_Hum__Reject","Ing_x_Hum__Observer__Reject",0,0,0,1,0,0,"Observer__J_In__C_Out__V_Out__Reject","Observer__J_In__C_Out__V_Out__Reject",0,0,0,0,0,0,0,0,0,0,0,0,0,0,0,0,0,0,0,0,0,1,0,0,0,0,0
100,1,1,"victim",0,19,1,2,1,1,0,1,TRUE,1.85714285714286,1.71428571428571,2.375,2,1.16666666666667,1,1,2,1,2,1,"In","Out","ingroup","outgroup",0,0,0,1,1,1,"In","Out",,0,0,1,0,0,0,1,0,0,"Victim__J_In__C_Out",0,-1,1,"Hum_x_Hum","Hum_x_Hum__Victim","Hum_x_Hum__Accept","Hum_x_Hum__Victim__Accept",1,0,0,0,0,0,"Victim__J_In__C_Out__Accept","Victim__J_In__C_Out__Accept",0,0,0,1,0,0,0,0,0,0,0,0,0,0,0,0,0,0,0,0,0,0,0,0,0,0,0
100,1,2,"victim",0,19,1,2,1,1,0,1,TRUE,1.85714285714286,1.71428571428571,2.375,2,1.16666666666667,1,1,2,2,1,1,"In","Out","outgroup","ingroup",1,0,0,0,1,1,"Out","In",,0,0,1,0,1,0,0,0,0,"Victim__J_Out__C_In",0,-1,1,"Hum_x_Ing","Hum_x_Ing__Victim","Hum_x_Ing__Accept","Hum_x_Ing__Victim__Accept",0,1,0,0,0,0,"Victim__J_Out__C_In__Accept","Victim__J_Out__C_In__Accept",0,1,0,0,0,0,0,0,0,0,0,0,0,0,0,0,0,0,0,0,0,0,0,0,0,0,0
100,2,1,"victim",0,19,1,2,1,1,0,1,TRUE,1.85714285714286,1.71428571428571,2.375,2,1.16666666666667,1,1,2,1,2,1,"In","Out","ingroup","outgroup",0,0,0,1,1,0,"In","Out",,0,0,1,0,0,0,1,0,0,"Victim__J_In__C_Out",0,-1,1,"Hum_x_Hum","Hum_x_Hum__Victim","Hum_x_Hum__Accept","Hum_x_Hum__Victim__Accept",1,0,0,0,0,0,"Victim__J_In__C_Out__Accept","Victim__J_In__C_Out__Accept",0,0,0,1,0,0,0,0,0,0,0,0,0,0,0,0,0,0,0,0,0,0,0,0,0,0,0
100,2,2,"victim",0,19,1,2,1,1,0,1,TRUE,1.85714285714286,1.71428571428571,2.375,2,1.16666666666667,1,1,2,2,1,1,"In","Out","outgroup","ingroup",1,0,0,0,0,1,"Out","In",,0,0,1,0,1,0,0,0,0,"Victim__J_Out__C_In",0,1,-1,"Hum_x_Ing","Hum_x_Ing__Victim","Hum_x_Ing__Reject","Hum_x_Ing__Victim__Reject",0,1,0,0,0,0,"Victim__J_Out__C_In__Reject","Victim__J_Out__C_In__Reject",0,1,0,0,0,0,0,0,0,0,0,0,0,0,0,0,0,0,0,0,0,0,0,0,0,0,0
100,5,1,"victim",0,19,1,2,1,1,0,1,TRUE,1.85714285714286,1.71428571428571,2.375,2,1.16666666666667,1,2,1,2,1,1,"Out","In","outgroup","ingroup",1,0,0,0,1,1,"Out","In",,1,0,0,0,1,0,0,0,0,"Victim__J_Out__C_In",0,-1,1,"Hum_x_Ing","Hum_x_Ing__Victim","Hum_x_Ing__Accept","Hum_x_Ing__Victim__Accept",0,1,0,0,0,0,"Victim__J_Out__C_In__Accept","Victim__J_Out__C_In__Accept",0,1,0,0,0,0,0,0,0,0,0,0,0,0,0,0,0,0,0,0,0,0,0,0,0,0,0
100,5,2,"victim",0,19,1,2,1,1,0,1,TRUE,1.85714285714286,1.71428571428571,2.375,2,1.16666666666667,1,2,1,1,2,1,"Out","In","ingroup","outgroup",0,0,0,1,1,1,"In","Out",,1,0,0,0,0,0,1,0,0,"Victim__J_In__C_Out",0,-1,1,"Hum_x_Hum","Hum_x_Hum__Victim","Hum_x_Hum__Accept","Hum_x_Hum__Victim__Accept",1,0,0,0,0,0,"Victim__J_In__C_Out__Accept","Victim__J_In__C_Out__Accept",0,0,0,1,0,0,0,0,0,0,0,0,0,0,0,0,0,0,0,0,0,0,0,0,0,0,0
100,7,1,"observer",1,19,1,2,1,1,0,1,TRUE,1.85714285714286,1.71428571428571,2.375,2,1.16666666666667,1,1,1,1,1,1,"In","In","ingroup","ingroup",0,0,0,1,0,0,"In","In","In",0,0,0,0,0,0,0,0,0,"Observer__J_In__C_In__V_In",0,9,-9,"Hum_x_Hum","Hum_x_Hum__Observer","Hum_x_Hum__Reject","Hum_x_Hum__Observer__Reject",1,0,0,0,0,0,"Observer__J_In__C_In__V_In__Reject","Observer__J_In__C_In__V_In__Reject",0,0,0,0,0,0,0,0,0,1,0,0,0,0,0,0,0,0,0,0,0,0,0,0,0,0,0
100,7,2,"observer",1,19,1,2,1,1,0,1,TRUE,1.85714285714286,1.71428571428571,2.375,2,1.16666666666667,1,1,1,1,1,1,"In","In","ingroup","ingroup",0,0,0,1,0,0,"In","In","In",0,0,0,0,0,0,0,0,0,"Observer__J_In__C_In__V_In",0,9,-9,"Hum_x_Hum","Hum_x_Hum__Observer","Hum_x_Hum__Reject","Hum_x_Hum__Observer__Reject",1,0,0,0,0,0,"Observer__J_In__C_In__V_In__Reject","Observer__J_In__C_In__V_In__Reject",0,0,0,0,0,0,0,0,0,1,0,0,0,0,0,0,0,0,0,0,0,0,0,0,0,0,0
100,8,1,"observer",1,19,1,2,1,1,0,1,TRUE,1.85714285714286,1.71428571428571,2.375,2,1.16666666666667,1,2,1,2,1,2,"Out","In","outgroup","ingroup",1,0,1,1,1,1,"Out","In","Out",1,0,0,0,1,0,0,0,1,"Observer__J_Out__C_In__V_Out",0,-1,1,"Ing_x_Ing","Ing_x_Ing__Observer","Ing_x_Ing__Accept","Ing_x_Ing__Observer__Accept",0,0,0,0,1,0,"Observer__J_Out__C_In__V_Out__Accept","Observer__J_Out__C_In__V_Out__Accept",0,0,0,0,0,0,0,0,0,0,0,0,0,0,0,0,0,0,0,1,0,0,0,0,0,0,0
100,8,2,"observer",1,19,1,2,1,1,0,1,TRUE,1.85714285714286,1.71428571428571,2.375,2,1.16666666666667,1,2,1,1,2,2,"Out","In","ingroup","outgroup",0,0,1,0,1,1,"In","Out","Out",1,0,0,0,0,0,1,0,1,"Observer__J_In__C_Out__V_Out",0,-1,1,"Ing_x_Hum","Ing_x_Hum__Observer","Ing_x_Hum__Accept","Ing_x_Hum__Observer__Accept",0,0,0,1,0,0,"Observer__J_In__C_Out__V_Out__Accept","Observer__J_In__C_Out__V_Out__Accept",0,0,0,0,0,0,0,0,0,0,0,0,0,0,0,0,0,0,0,0,0,1,0,0,0,0,0
100,9,1,"observer",1,19,1,2,1,1,0,1,TRUE,1.85714285714286,1.71428571428571,2.375,2,1.16666666666667,1,2,2,2,2,2,"Out","Out","outgroup","outgroup",1,0,1,1,0,0,"Out","Out","Out",1,0,1,0,1,0,1,0,1,"Observer__J_Out__C_Out__V_Out",0,9,-9,"Ing_x_Ing","Ing_x_Ing__Observer","Ing_x_Ing__Reject","Ing_x_Ing__Observer__Reject",0,0,0,0,1,0,"Observer__J_Out__C_Out__V_Out__Reject","Observer__J_Out__C_Out__V_Out__Reject",0,0,0,0,0,0,0,0,0,0,0,0,0,0,0,0,0,0,0,0,0,0,1,0,0,0,0
100,9,2,"observer",1,19,1,2,1,1,0,1,TRUE,1.85714285714286,1.71428571428571,2.375,2,1.16666666666667,1,2,2,2,2,2,"Out","Out","outgroup","outgroup",1,0,1,1,0,0,"Out","Out","Out",1,0,1,0,1,0,1,0,1,"Observer__J_Out__C_Out__V_Out",0,9,-9,"Ing_x_Ing","Ing_x_Ing__Observer","Ing_x_Ing__Reject","Ing_x_Ing__Observer__Reject",0,0,0,0,1,0,"Observer__J_Out__C_Out__V_Out__Reject","Observer__J_Out__C_Out__V_Out__Reject",0,0,0,0,0,0,0,0,0,0,0,0,0,0,0,0,0,0,0,0,0,0,1,0,0,0,0
101,1,1,"victim",0,18,1,2,1,2,1,1,TRUE,1.82142857142857,1.71428571428571,2.375,1.71428571428571,1.33333333333333,2,1,2,1,2,2,"Out","In","outgroup","ingroup",1,0,0,0,0,0,"Out","In",,1,0,0,0,1,0,0,0,0,"Victim__J_Out__C_In",0,9,-9,"Ing_x_Hum","Ing_x_Hum__Victim","Ing_x_Hum__Reject","Ing_x_Hum__Victim__Reject",0,0,0,1,0,0,"Victim__J_Out__C_In__Reject","Victim__J_Out__C_In__Reject",0,1,0,0,0,0,0,0,0,0,0,0,0,0,0,0,0,0,0,0,0,0,0,0,0,0,0
101,1,2,"victim",0,18,1,2,1,2,1,1,TRUE,1.82142857142857,1.71428571428571,2.375,1.71428571428571,1.33333333333333,2,1,2,2,1,2,"Out","In","ingroup","outgroup",0,0,0,1,0,0,"In","Out",,1,0,0,0,0,0,1,0,0,"Victim__J_In__C_Out",0,9,-9,"Ing_x_Ing","Ing_x_Ing__Victim","Ing_x_Ing__Reject","Ing_x_Ing__Victim__Reject",0,0,0,0,1,0,"Victim__J_In__C_Out__Reject","Victim__J_In__C_Out__Reject",0,0,0,1,0,0,0,0,0,0,0,0,0,0,0,0,0,0,0,0,0,0,0,0,0,0,0
101,2,1,"victim",0,18,1,2,1,2,1,1,TRUE,1.82142857142857,1.71428571428571,2.375,1.71428571428571,1.33333333333333,2,1,2,1,2,2,"Out","In","outgroup","ingroup",1,0,0,0,0,1,"Out","In",,1,0,0,0,1,0,0,0,0,"Victim__J_Out__C_In",0,9,-9,"Ing_x_Hum","Ing_x_Hum__Victim","Ing_x_Hum__Reject","Ing_x_Hum__Victim__Reject",0,0,0,1,0,0,"Victim__J_Out__C_In__Reject","Victim__J_Out__C_In__Reject",0,1,0,0,0,0,0,0,0,0,0,0,0,0,0,0,0,0,0,0,0,0,0,0,0,0,0
101,2,2,"victim",0,18,1,2,1,2,1,1,TRUE,1.82142857142857,1.71428571428571,2.375,1.71428571428571,1.33333333333333,2,1,2,2,1,2,"Out","In","ingroup","outgroup",0,0,0,1,1,0,"In","Out",,1,0,0,0,0,0,1,0,0,"Victim__J_In__C_Out",0,-3,3,"Ing_x_Ing","Ing_x_Ing__Victim","Ing_x_Ing__Accept","Ing_x_Ing__Victim__Accept",0,0,0,0,1,0,"Victim__J_In__C_Out__Accept","Victim__J_In__C_Out__Accept",0,0,0,1,0,0,0,0,0,0,0,0,0,0,0,0,0,0,0,0,0,0,0,0,0,0,0
101,5,1,"victim",0,18,1,2,1,2,1,1,TRUE,1.82142857142857,1.71428571428571,2.375,1.71428571428571,1.33333333333333,2,2,1,2,1,2,"In","Out","ingroup","outgroup",0,0,0,1,1,0,"In","Out",,0,0,1,0,0,0,1,0,0,"Victim__J_In__C_Out",0,-9,9,"Ing_x_Ing","Ing_x_Ing__Victim","Ing_x_Ing__Accept","Ing_x_Ing__Victim__Accept",0,0,0,0,1,0,"Victim__J_In__C_Out__Accept","Victim__J_In__C_Out__Accept",0,0,0,1,0,0,0,0,0,0,0,0,0,0,0,0,0,0,0,0,0,0,0,0,0,0,0
101,5,2,"victim",0,18,1,2,1,2,1,1,TRUE,1.82142857142857,1.71428571428571,2.375,1.71428571428571,1.33333333333333,2,2,1,1,2,2,"In","Out","outgroup","ingroup",1,0,0,0,0,1,"Out","In",,0,0,1,0,1,0,0,0,0,"Victim__J_Out__C_In",0,9,-9,"Ing_x_Hum","Ing_x_Hum__Victim","Ing_x_Hum__Reject","Ing_x_Hum__Victim__Reject",0,0,0,1,0,0,"Victim__J_Out__C_In__Reject","Victim__J_Out__C_In__Reject",0,1,0,0,0,0,0,0,0,0,0,0,0,0,0,0,0,0,0,0,0,0,0,0,0,0,0
101,7,1,"observer",1,18,1,2,1,2,1,1,TRUE,1.82142857142857,1.71428571428571,2.375,1.71428571428571,1.33333333333333,2,1,2,1,2,2,"Out","In","outgroup","ingroup",1,0,0,0,1,0,"Out","In","In",1,0,0,0,1,0,0,0,0,"Observer__J_Out__C_In__V_In",0,-9,9,"Ing_x_Hum","Ing_x_Hum__Observer","Ing_x_Hum__Accept","Ing_x_Hum__Observer__Accept",0,0,0,1,0,0,"Observer__J_Out__C_In__V_In__Accept","Observer__J_Out__C_In__V_In__Accept",0,0,0,0,0,0,0,0,0,0,1,0,0,0,0,0,0,0,0,0,0,0,0,0,0,0,0
101,7,2,"observer",1,18,1,2,1,2,1,1,TRUE,1.82142857142857,1.71428571428571,2.375,1.71428571428571,1.33333333333333,2,1,2,2,1,2,"Out","In","ingroup","outgroup",0,0,0,1,0,1,"In","Out","In",1,0,0,0,0,0,1,0,0,"Observer__J_In__C_Out__V_In",0,9,-9,"Ing_x_Ing","Ing_x_Ing__Observer","Ing_x_Ing__Reject","Ing_x_Ing__Observer__Reject",0,0,0,0,1,0,"Observer__J_In__C_Out__V_In__Reject","Observer__J_In__C_Out__V_In__Reject",0,0,0,0,0,0,0,0,0,0,0,0,1,0,0,0,0,0,0,0,0,0,0,0,0,0,0
101,8,1,"observer",1,18,1,2,1,2,1,1,TRUE,1.82142857142857,1.71428571428571,2.375,1.71428571428571,1.33333333333333,2,1,2,1,2,2,"Out","In","outgroup","ingroup",1,0,0,0,0,0,"Out","In","In",1,0,0,0,1,0,0,0,0,"Observer__J_Out__C_In__V_In",0,9,-9,"Ing_x_Hum","Ing_x_Hum__Observer","Ing_x_Hum__Reject","Ing_x_Hum__Observer__Reject",0,0,0,1,0,0,"Observer__J_Out__C_In__V_In__Reject","Observer__J_Out__C_In__V_In__Reject",0,0,0,0,0,0,0,0,0,0,1,0,0,0,0,0,0,0,0,0,0,0,0,0,0,0,0
101,8,2,"observer",1,18,1,2,1,2,1,1,TRUE,1.82142857142857,1.71428571428571,2.375,1.71428571428571,1.33333333333333,2,1,2,2,1,2,"Out","In","ingroup","outgroup",0,0,0,1,0,0,"In","Out","In",1,0,0,0,0,0,1,0,0,"Observer__J_In__C_Out__V_In",0,9,-9,"Ing_x_Ing","Ing_x_Ing__Observer","Ing_x_Ing__Reject","Ing_x_Ing__Observer__Reject",0,0,0,0,1,0,"Observer__J_In__C_Out__V_In__Reject","Observer__J_In__C_Out__V_In__Reject",0,0,0,0,0,0,0,0,0,0,0,0,1,0,0,0,0,0,0,0,0,0,0,0,0,0,0
101,9,1,"observer",1,18,1,2,1,2,1,1,TRUE,1.82142857142857,1.71428571428571,2.375,1.71428571428571,1.33333333333333,2,1,1,1,1,2,"Out","Out","outgroup","outgroup",1,0,0,0,1,0,"Out","Out","In",1,0,1,0,1,0,1,0,0,"Observer__J_Out__C_Out__V_In",0,-9,9,"Ing_x_Hum","Ing_x_Hum__Observer","Ing_x_Hum__Accept","Ing_x_Hum__Observer__Accept",0,0,0,1,0,0,"Observer__J_Out__C_Out__V_In__Accept","Observer__J_Out__C_Out__V_In__Accept",0,0,0,0,0,0,0,0,0,0,0,0,0,1,0,0,0,0,0,0,0,0,0,0,0,0,0
101,9,2,"observer",1,18,1,2,1,2,1,1,TRUE,1.82142857142857,1.71428571428571,2.375,1.71428571428571,1.33333333333333,2,1,1,1,1,2,"Out","Out","outgroup","outgroup",1,0,0,0,0,1,"Out","Out","In",1,0,1,0,1,0,1,0,0,"Observer__J_Out__C_Out__V_In",0,9,-9,"Ing_x_Hum","Ing_x_Hum__Observer","Ing_x_Hum__Reject","Ing_x_Hum__Observer__Reject",0,0,0,1,0,0,"Observer__J_Out__C_Out__V_In__Reject","Observer__J_Out__C_Out__V_In__Reject",0,0,0,0,0,0,0,0,0,0,0,0,0,1,0,0,0,0,0,0,0,0,0,0,0,0,0
101,10,1,"observer",1,18,1,2,1,2,1,1,TRUE,1.82142857142857,1.71428571428571,2.375,1.71428571428571,1.33333333333333,2,2,1,2,1,1,"In","Out","ingroup","outgroup",0,0,1,0,1,0,"In","Out","Out",0,0,1,0,0,0,1,0,1,"Observer__J_In__C_Out__V_Out",0,-9,9,"Hum_x_Ing","Hum_x_Ing__Observer","Hum_x_Ing__Accept","Hum_x_Ing__Observer__Accept",0,1,0,0,0,0,"Observer__J_In__C_Out__V_Out__Accept","Observer__J_In__C_Out__V_Out__Accept",0,0,0,0,0,0,0,0,0,0,0,0,0,0,0,0,0,0,0,0,0,1,0,0,0,0,0
101,10,2,"observer",1,18,1,2,1,2,1,1,TRUE,1.82142857142857,1.71428571428571,2.375,1.71428571428571,1.33333333333333,2,2,1,1,2,1,"In","Out","outgroup","ingroup",1,0,1,1,0,1,"Out","In","Out",0,0,1,0,1,0,0,0,1,"Observer__J_Out__C_In__V_Out",0,9,-9,"Hum_x_Hum","Hum_x_Hum__Observer","Hum_x_Hum__Reject","Hum_x_Hum__Observer__Reject",1,0,0,0,0,0,"Observer__J_Out__C_In__V_Out__Reject","Observer__J_Out__C_In__V_Out__Reject",0,0,0,0,0,0,0,0,0,0,0,0,0,0,0,0,0,0,0,1,0,0,0,0,0,0,0
102,1,1,"observer",1,18,3,2,1,2,1,2,TRUE,1.92857142857143,1.14285714285714,2.375,1.57142857142857,2.66666666666667,2,1,1,1,1,2,"Out","Out","outgroup","outgroup",1,0,0,0,1,0,"Out","Out","In",1,0,1,0,1,0,1,0,0,"Observer__J_Out__C_Out__V_In",0,2,-2,"Ing_x_Hum","Ing_x_Hum__Observer","Ing_x_Hum__Accept","Ing_x_Hum__Observer__Accept",0,0,0,1,0,0,"Observer__J_Out__C_Out__V_In__Accept","Observer__J_Out__C_Out__V_In__Accept",0,0,0,0,0,0,0,0,0,0,0,0,0,1,0,0,0,0,0,0,0,0,0,0,0,0,0
102,1,2,"observer",1,18,3,2,1,2,1,2,TRUE,1.92857142857143,1.14285714285714,2.375,1.57142857142857,2.66666666666667,2,1,1,1,1,2,"Out","Out","outgroup","outgroup",1,0,0,0,0,1,"Out","Out","In",1,0,1,0,1,0,1,0,0,"Observer__J_Out__C_Out__V_In",0,4,-4,"Ing_x_Hum","Ing_x_Hum__Observer","Ing_x_Hum__Reject","Ing_x_Hum__Observer__Reject",0,0,0,1,0,0,"Observer__J_Out__C_Out__V_In__Reject","Observer__J_Out__C_Out__V_In__Reject",0,0,0,0,0,0,0,0,0,0,0,0,0,1,0,0,0,0,0,0,0,0,0,0,0,0,0
102,3,1,"observer",1,18,3,2,1,2,1,2,TRUE,1.92857142857143,1.14285714285714,2.375,1.57142857142857,2.66666666666667,2,1,2,1,2,2,"Out","In","outgroup","ingroup",1,0,0,0,1,0,"Out","In","In",1,0,0,0,1,0,0,0,0,"Observer__J_Out__C_In__V_In",0,2,-2,"Ing_x_Hum","Ing_x_Hum__Observer","Ing_x_Hum__Accept","Ing_x_Hum__Observer__Accept",0,0,0,1,0,0,"Observer__J_Out__C_In__V_In__Accept","Observer__J_Out__C_In__V_In__Accept",0,0,0,0,0,0,0,0,0,0,1,0,0,0,0,0,0,0,0,0,0,0,0,0,0,0,0
102,3,2,"observer",1,18,3,2,1,2,1,2,TRUE,1.92857142857143,1.14285714285714,2.375,1.57142857142857,2.66666666666667,2,1,2,2,1,2,"Out","In","ingroup","outgroup",0,0,0,1,0,1,"In","Out","In",1,0,0,0,0,0,1,0,0,"Observer__J_In__C_Out__V_In",0,6,-6,"Ing_x_Ing","Ing_x_Ing__Observer","Ing_x_Ing__Reject","Ing_x_Ing__Observer__Reject",0,0,0,0,1,0,"Observer__J_In__C_Out__V_In__Reject","Observer__J_In__C_Out__V_In__Reject",0,0,0,0,0,0,0,0,0,0,0,0,1,0,0,0,0,0,0,0,0,0,0,0,0,0,0
102,4,1,"observer",1,18,3,2,1,2,1,2,TRUE,1.92857142857143,1.14285714285714,2.375,1.57142857142857,2.66666666666667,2,2,2,2,2,2,"In","In","ingroup","ingroup",0,0,0,1,0,1,"In","In","In",0,0,0,0,0,0,0,0,0,"Observer__J_In__C_In__V_In",0,6,-6,"Ing_x_Ing","Ing_x_Ing__Observer","Ing_x_Ing__Reject","Ing_x_Ing__Observer__Reject",0,0,0,0,1,0,"Observer__J_In__C_In__V_In__Reject","Observer__J_In__C_In__V_In__Reject",0,0,0,0,0,0,0,0,0,1,0,0,0,0,0,0,0,0,0,0,0,0,0,0,0,0,0
102,4,2,"observer",1,18,3,2,1,2,1,2,TRUE,1.92857142857143,1.14285714285714,2.375,1.57142857142857,2.66666666666667,2,2,2,2,2,2,"In","In","ingroup","ingroup",0,0,0,1,1,0,"In","In","In",0,0,0,0,0,0,0,0,0,"Observer__J_In__C_In__V_In",0,2,-2,"Ing_x_Ing","Ing_x_Ing__Observer","Ing_x_Ing__Accept","Ing_x_Ing__Observer__Accept",0,0,0,0,1,0,"Observer__J_In__C_In__V_In__Accept","Observer__J_In__C_In__V_In__Accept",0,0,0,0,0,0,0,0,0,1,0,0,0,0,0,0,0,0,0,0,0,0,0,0,0,0,0
102,5,1,"observer",1,18,3,2,1,2,1,2,TRUE,1.92857142857143,1.14285714285714,2.375,1.57142857142857,2.66666666666667,2,2,1,2,1,1,"In","Out","ingroup","outgroup",0,0,1,0,1,1,"In","Out","Out",0,0,1,0,0,0,1,0,1,"Observer__J_In__C_Out__V_Out",0,2,-2,"Hum_x_Ing","Hum_x_Ing__Observer","Hum_x_Ing__Accept","Hum_x_Ing__Observer__Accept",0,1,0,0,0,0,"Observer__J_In__C_Out__V_Out__Accept","Observer__J_In__C_Out__V_Out__Accept",0,0,0,0,0,0,0,0,0,0,0,0,0,0,0,0,0,0,0,0,0,1,0,0,0,0,0
102,5,2,"observer",1,18,3,2,1,2,1,2,TRUE,1.92857142857143,1.14285714285714,2.375,1.57142857142857,2.66666666666667,2,2,1,1,2,1,"In","Out","outgroup","ingroup",1,0,1,1,1,1,"Out","In","Out",0,0,1,0,1,0,0,0,1,"Observer__J_Out__C_In__V_Out",0,2,-2,"Hum_x_Hum","Hum_x_Hum__Observer","Hum_x_Hum__Accept","Hum_x_Hum__Observer__Accept",1,0,0,0,0,0,"Observer__J_Out__C_In__V_Out__Accept","Observer__J_Out__C_In__V_Out__Accept",0,0,0,0,0,0,0,0,0,0,0,0,0,0,0,0,0,0,0,1,0,0,0,0,0,0,0
102,7,1,"victim",0,18,3,2,1,2,1,2,TRUE,1.92857142857143,1.14285714285714,2.375,1.57142857142857,2.66666666666667,2,2,1,2,1,2,"In","Out","ingroup","outgroup",0,0,0,1,1,0,"In","Out",,0,0,1,0,0,0,1,0,0,"Victim__J_In__C_Out",0,-8,8,"Ing_x_Ing","Ing_x_Ing__Victim","Ing_x_Ing__Accept","Ing_x_Ing__Victim__Accept",0,0,0,0,1,0,"Victim__J_In__C_Out__Accept","Victim__J_In__C_Out__Accept",0,0,0,1,0,0,0,0,0,0,0,0,0,0,0,0,0,0,0,0,0,0,0,0,0,0,0
102,7,2,"victim",0,18,3,2,1,2,1,2,TRUE,1.92857142857143,1.14285714285714,2.375,1.57142857142857,2.66666666666667,2,2,1,1,2,2,"In","Out","outgroup","ingroup",1,0,0,0,0,1,"Out","In",,0,0,1,0,1,0,0,0,0,"Victim__J_Out__C_In",0,5,-5,"Ing_x_Hum","Ing_x_Hum__Victim","Ing_x_Hum__Reject","Ing_x_Hum__Victim__Reject",0,0,0,1,0,0,"Victim__J_Out__C_In__Reject","Victim__J_Out__C_In__Reject",0,1,0,0,0,0,0,0,0,0,0,0,0,0,0,0,0,0,0,0,0,0,0,0,0,0,0
102,9,1,"victim",0,18,3,2,1,2,1,2,TRUE,1.92857142857143,1.14285714285714,2.375,1.57142857142857,2.66666666666667,2,1,1,1,1,2,"Out","Out","outgroup","outgroup",1,0,0,0,0,1,"Out","Out",,1,0,1,0,1,0,1,0,0,"Victim__J_Out__C_Out",0,2,-2,"Ing_x_Hum","Ing_x_Hum__Victim","Ing_x_Hum__Reject","Ing_x_Hum__Victim__Reject",0,0,0,1,0,0,"Victim__J_Out__C_Out__Reject","Victim__J_Out__C_Out__Reject",0,0,0,0,1,0,0,0,0,0,0,0,0,0,0,0,0,0,0,0,0,0,0,0,0,0,0
102,9,2,"victim",0,18,3,2,1,2,1,2,TRUE,1.92857142857143,1.14285714285714,2.375,1.57142857142857,2.66666666666667,2,1,1,1,1,2,"Out","Out","outgroup","outgroup",1,0,0,0,1,0,"Out","Out",,1,0,1,0,1,0,1,0,0,"Victim__J_Out__C_Out",0,-9,9,"Ing_x_Hum","Ing_x_Hum__Victim","Ing_x_Hum__Accept","Ing_x_Hum__Victim__Accept",0,0,0,1,0,0,"Victim__J_Out__C_Out__Accept","Victim__J_Out__C_Out__Accept",0,0,0,0,1,0,0,0,0,0,0,0,0,0,0,0,0,0,0,0,0,0,0,0,0,0,0
102,10,1,"victim",0,18,3,2,1,2,1,2,TRUE,1.92857142857143,1.14285714285714,2.375,1.57142857142857,2.66666666666667,2,1,2,1,2,2,"Out","In","outgroup","ingroup",1,0,0,0,1,0,"Out","In",,1,0,0,0,1,0,0,0,0,"Victim__J_Out__C_In",0,-8,8,"Ing_x_Hum","Ing_x_Hum__Victim","Ing_x_Hum__Accept","Ing_x_Hum__Victim__Accept",0,0,0,1,0,0,"Victim__J_Out__C_In__Accept","Victim__J_Out__C_In__Accept",0,1,0,0,0,0,0,0,0,0,0,0,0,0,0,0,0,0,0,0,0,0,0,0,0,0,0
102,10,2,"victim",0,18,3,2,1,2,1,2,TRUE,1.92857142857143,1.14285714285714,2.375,1.57142857142857,2.66666666666667,2,1,2,2,1,2,"Out","In","ingroup","outgroup",0,0,0,1,0,1,"In","Out",,1,0,0,0,0,0,1,0,0,"Victim__J_In__C_Out",0,3,-3,"Ing_x_Ing","Ing_x_Ing__Victim","Ing_x_Ing__Reject","Ing_x_Ing__Victim__Reject",0,0,0,0,1,0,"Victim__J_In__C_Out__Reject","Victim__J_In__C_Out__Reject",0,0,0,1,0,0,0,0,0,0,0,0,0,0,0,0,0,0,0,0,0,0,0,0,0,0,0
103,1,1,"observer",1,27,1,1,0,1,0,2,TRUE,2.92857142857143,2.85714285714286,2.875,2.85714285714286,3.16666666666667,1,1,1,1,1,1,"In","In","ingroup","ingroup",0,0,0,1,1,0,"In","In","In",0,0,0,0,0,0,0,0,0,"Observer__J_In__C_In__V_In",0,3,-3,"Hum_x_Hum","Hum_x_Hum__Observer","Hum_x_Hum__Accept","Hum_x_Hum__Observer__Accept",1,0,0,0,0,0,"Observer__J_In__C_In__V_In__Accept","Observer__J_In__C_In__V_In__Accept",0,0,0,0,0,0,0,0,0,1,0,0,0,0,0,0,0,0,0,0,0,0,0,0,0,0,0
103,1,2,"observer",1,27,1,1,0,1,0,2,TRUE,2.92857142857143,2.85714285714286,2.875,2.85714285714286,3.16666666666667,1,1,1,1,1,1,"In","In","ingroup","ingroup",0,0,0,1,0,1,"In","In","In",0,0,0,0,0,0,0,0,0,"Observer__J_In__C_In__V_In",0,9,-9,"Hum_x_Hum","Hum_x_Hum__Observer","Hum_x_Hum__Reject","Hum_x_Hum__Observer__Reject",1,0,0,0,0,0,"Observer__J_In__C_In__V_In__Reject","Observer__J_In__C_In__V_In__Reject",0,0,0,0,0,0,0,0,0,1,0,0,0,0,0,0,0,0,0,0,0,0,0,0,0,0,0
103,3,1,"observer",1,27,1,1,0,1,0,2,TRUE,2.92857142857143,2.85714285714286,2.875,2.85714285714286,3.16666666666667,1,1,2,1,2,2,"In","Out","ingroup","outgroup",0,0,1,0,0,0,"In","Out","Out",0,0,1,0,0,0,1,0,1,"Observer__J_In__C_Out__V_Out",0,9,-9,"Ing_x_Hum","Ing_x_Hum__Observer","Ing_x_Hum__Reject","Ing_x_Hum__Observer__Reject",0,0,0,1,0,0,"Observer__J_In__C_Out__V_Out__Reject","Observer__J_In__C_Out__V_Out__Reject",0,0,0,0,0,0,0,0,0,0,0,0,0,0,0,0,0,0,0,0,0,1,0,0,0,0,0
103,3,2,"observer",1,27,1,1,0,1,0,2,TRUE,2.92857142857143,2.85714285714286,2.875,2.85714285714286,3.16666666666667,1,1,2,2,1,2,"In","Out","outgroup","ingroup",1,0,1,1,0,0,"Out","In","Out",0,0,1,0,1,0,0,0,1,"Observer__J_Out__C_In__V_Out",0,9,-9,"Ing_x_Ing","Ing_x_Ing__Observer","Ing_x_Ing__Reject","Ing_x_Ing__Observer__Reject",0,0,0,0,1,0,"Observer__J_Out__C_In__V_Out__Reject","Observer__J_Out__C_In__V_Out__Reject",0,0,0,0,0,0,0,0,0,0,0,0,0,0,0,0,0,0,0,1,0,0,0,0,0,0,0
103,5,1,"observer",1,27,1,1,0,1,0,2,TRUE,2.92857142857143,2.85714285714286,2.875,2.85714285714286,3.16666666666667,1,2,2,2,2,1,"Out","Out","outgroup","outgroup",1,0,0,0,0,1,"Out","Out","In",1,0,1,0,1,0,1,0,0,"Observer__J_Out__C_Out__V_In",0,9,-9,"Hum_x_Ing","Hum_x_Ing__Observer","Hum_x_Ing__Reject","Hum_x_Ing__Observer__Reject",0,1,0,0,0,0,"Observer__J_Out__C_Out__V_In__Reject","Observer__J_Out__C_Out__V_In__Reject",0,0,0,0,0,0,0,0,0,0,0,0,0,1,0,0,0,0,0,0,0,0,0,0,0,0,0
103,5,2,"observer",1,27,1,1,0,1,0,2,TRUE,2.92857142857143,2.85714285714286,2.875,2.85714285714286,3.16666666666667,1,2,2,2,2,1,"Out","Out","outgroup","outgroup",1,0,0,0,1,0,"Out","Out","In",1,0,1,0,1,0,1,0,0,"Observer__J_Out__C_Out__V_In",0,3,-3,"Hum_x_Ing","Hum_x_Ing__Observer","Hum_x_Ing__Accept","Hum_x_Ing__Observer__Accept",0,1,0,0,0,0,"Observer__J_Out__C_Out__V_In__Accept","Observer__J_Out__C_Out__V_In__Accept",0,0,0,0,0,0,0,0,0,0,0,0,0,1,0,0,0,0,0,0,0,0,0,0,0,0,0
103,8,1,"victim",0,27,1,1,0,1,0,2,TRUE,2.92857142857143,2.85714285714286,2.875,2.85714285714286,3.16666666666667,1,2,1,2,1,1,"Out","In","outgroup","ingroup",1,0,0,0,1,1,"Out","In",,1,0,0,0,1,0,0,0,0,"Victim__J_Out__C_In",0,3,-3,"Hum_x_Ing","Hum_x_Ing__Victim","Hum_x_Ing__Accept","Hum_x_Ing__Victim__Accept",0,1,0,0,0,0,"Victim__J_Out__C_In__Accept","Victim__J_Out__C_In__Accept",0,1,0,0,0,0,0,0,0,0,0,0,0,0,0,0,0,0,0,0,0,0,0,0,0,0,0
103,8,2,"victim",0,27,1,1,0,1,0,2,TRUE,2.92857142857143,2.85714285714286,2.875,2.85714285714286,3.16666666666667,1,2,1,1,2,1,"Out","In","ingroup","outgroup",0,0,0,1,1,1,"In","Out",,1,0,0,0,0,0,1,0,0,"Victim__J_In__C_Out",0,3,-3,"Hum_x_Hum","Hum_x_Hum__Victim","Hum_x_Hum__Accept","Hum_x_Hum__Victim__Accept",1,0,0,0,0,0,"Victim__J_In__C_Out__Accept","Victim__J_In__C_Out__Accept",0,0,0,1,0,0,0,0,0,0,0,0,0,0,0,0,0,0,0,0,0,0,0,0,0,0,0
103,9,1,"victim",0,27,1,1,0,1,0,2,TRUE,2.92857142857143,2.85714285714286,2.875,2.85714285714286,3.16666666666667,1,2,1,2,1,1,"Out","In","outgroup","ingroup",1,0,0,0,1,1,"Out","In",,1,0,0,0,1,0,0,0,0,"Victim__J_Out__C_In",0,3,-3,"Hum_x_Ing","Hum_x_Ing__Victim","Hum_x_Ing__Accept","Hum_x_Ing__Victim__Accept",0,1,0,0,0,0,"Victim__J_Out__C_In__Accept","Victim__J_Out__C_In__Accept",0,1,0,0,0,0,0,0,0,0,0,0,0,0,0,0,0,0,0,0,0,0,0,0,0,0,0
103,9,2,"victim",0,27,1,1,0,1,0,2,TRUE,2.92857142857143,2.85714285714286,2.875,2.85714285714286,3.16666666666667,1,2,1,1,2,1,"Out","In","ingroup","outgroup",0,0,0,1,1,1,"In","Out",,1,0,0,0,0,0,1,0,0,"Victim__J_In__C_Out",0,3,-3,"Hum_x_Hum","Hum_x_Hum__Victim","Hum_x_Hum__Accept","Hum_x_Hum__Victim__Accept",1,0,0,0,0,0,"Victim__J_In__C_Out__Accept","Victim__J_In__C_Out__Accept",0,0,0,1,0,0,0,0,0,0,0,0,0,0,0,0,0,0,0,0,0,0,0,0,0,0,0
103,10,1,"victim",0,27,1,1,0,1,0,2,TRUE,2.92857142857143,2.85714285714286,2.875,2.85714285714286,3.16666666666667,1,1,1,1,1,1,"In","In","ingroup","ingroup",0,0,0,1,1,1,"In","In",,0,0,0,0,0,0,0,0,0,"Victim__J_In__C_In",0,3,-3,"Hum_x_Hum","Hum_x_Hum__Victim","Hum_x_Hum__Accept","Hum_x_Hum__Victim__Accept",1,0,0,0,0,0,"Victim__J_In__C_In__Accept","Victim__J_In__C_In__Accept",1,0,0,0,0,0,0,0,0,0,0,0,0,0,0,0,0,0,0,0,0,0,0,0,0,0,0
103,10,2,"victim",0,27,1,1,0,1,0,2,TRUE,2.92857142857143,2.85714285714286,2.875,2.85714285714286,3.16666666666667,1,1,1,1,1,1,"In","In","ingroup","ingroup",0,0,0,1,1,1,"In","In",,0,0,0,0,0,0,0,0,0,"Victim__J_In__C_In",0,3,-3,"Hum_x_Hum","Hum_x_Hum__Victim","Hum_x_Hum__Accept","Hum_x_Hum__Victim__Accept",1,0,0,0,0,0,"Victim__J_In__C_In__Accept","Victim__J_In__C_In__Accept",1,0,0,0,0,0,0,0,0,0,0,0,0,0,0,0,0,0,0,0,0,0,0,0,0,0,0
104,4,1,"victim",0,22,4,1,0,2,1,1,TRUE,2.67857142857143,2.42857142857143,2.875,3.28571428571429,2,2,2,1,2,1,2,"In","Out","ingroup","outgroup",0,0,0,1,1,1,"In","Out",,0,0,1,0,0,0,1,0,0,"Victim__J_In__C_Out",0,-4,4,"Ing_x_Ing","Ing_x_Ing__Victim","Ing_x_Ing__Accept","Ing_x_Ing__Victim__Accept",0,0,0,0,1,0,"Victim__J_In__C_Out__Accept","Victim__J_In__C_Out__Accept",0,0,0,1,0,0,0,0,0,0,0,0,0,0,0,0,0,0,0,0,0,0,0,0,0,0,0
104,4,2,"victim",0,22,4,1,0,2,1,1,TRUE,2.67857142857143,2.42857142857143,2.875,3.28571428571429,2,2,2,1,1,2,2,"In","Out","outgroup","ingroup",1,0,0,0,1,1,"Out","In",,0,0,1,0,1,0,0,0,0,"Victim__J_Out__C_In",0,-4,4,"Ing_x_Hum","Ing_x_Hum__Victim","Ing_x_Hum__Accept","Ing_x_Hum__Victim__Accept",0,0,0,1,0,0,"Victim__J_Out__C_In__Accept","Victim__J_Out__C_In__Accept",0,1,0,0,0,0,0,0,0,0,0,0,0,0,0,0,0,0,0,0,0,0,0,0,0,0,0
104,6,1,"observer",1,22,4,1,0,2,1,1,TRUE,2.67857142857143,2.42857142857143,2.875,3.28571428571429,2,2,2,2,2,2,2,"In","In","ingroup","ingroup",0,0,0,1,0,0,"In","In","In",0,0,0,0,0,0,0,0,0,"Observer__J_In__C_In__V_In",0,9,-9,"Ing_x_Ing","Ing_x_Ing__Observer","Ing_x_Ing__Reject","Ing_x_Ing__Observer__Reject",0,0,0,0,1,0,"Observer__J_In__C_In__V_In__Reject","Observer__J_In__C_In__V_In__Reject",0,0,0,0,0,0,0,0,0,1,0,0,0,0,0,0,0,0,0,0,0,0,0,0,0,0,0
104,6,2,"observer",1,22,4,1,0,2,1,1,TRUE,2.67857142857143,2.42857142857143,2.875,3.28571428571429,2,2,2,2,2,2,2,"In","In","ingroup","ingroup",0,0,0,1,0,0,"In","In","In",0,0,0,0,0,0,0,0,0,"Observer__J_In__C_In__V_In",0,9,-9,"Ing_x_Ing","Ing_x_Ing__Observer","Ing_x_Ing__Reject","Ing_x_Ing__Observer__Reject",0,0,0,0,1,0,"Observer__J_In__C_In__V_In__Reject","Observer__J_In__C_In__V_In__Reject",0,0,0,0,0,0,0,0,0,1,0,0,0,0,0,0,0,0,0,0,0,0,0,0,0,0,0
104,8,1,"observer",1,22,4,1,0,2,1,1,TRUE,2.67857142857143,2.42857142857143,2.875,3.28571428571429,2,2,1,1,1,1,2,"Out","Out","outgroup","outgroup",1,0,0,0,1,0,"Out","Out","In",1,0,1,0,1,0,1,0,0,"Observer__J_Out__C_Out__V_In",0,-9,9,"Ing_x_Hum","Ing_x_Hum__Observer","Ing_x_Hum__Accept","Ing_x_Hum__Observer__Accept",0,0,0,1,0,0,"Observer__J_Out__C_Out__V_In__Accept","Observer__J_Out__C_Out__V_In__Accept",0,0,0,0,0,0,0,0,0,0,0,0,0,1,0,0,0,0,0,0,0,0,0,0,0,0,0
104,8,2,"observer",1,22,4,1,0,2,1,1,TRUE,2.67857142857143,2.42857142857143,2.875,3.28571428571429,2,2,1,1,1,1,2,"Out","Out","outgroup","outgroup",1,0,0,0,0,1,"Out","Out","In",1,0,1,0,1,0,1,0,0,"Observer__J_Out__C_Out__V_In",0,9,-9,"Ing_x_Hum","Ing_x_Hum__Observer","Ing_x_Hum__Reject","Ing_x_Hum__Observer__Reject",0,0,0,1,0,0,"Observer__J_Out__C_Out__V_In__Reject","Observer__J_Out__C_Out__V_In__Reject",0,0,0,0,0,0,0,0,0,0,0,0,0,1,0,0,0,0,0,0,0,0,0,0,0,0,0
104,9,1,"observer",1,22,4,1,0,2,1,1,TRUE,2.67857142857143,2.42857142857143,2.875,3.28571428571429,2,2,1,1,1,1,1,"Out","Out","outgroup","outgroup",1,0,1,1,0,0,"Out","Out","Out",1,0,1,0,1,0,1,0,1,"Observer__J_Out__C_Out__V_Out",0,9,-9,"Hum_x_Hum","Hum_x_Hum__Observer","Hum_x_Hum__Reject","Hum_x_Hum__Observer__Reject",1,0,0,0,0,0,"Observer__J_Out__C_Out__V_Out__Reject","Observer__J_Out__C_Out__V_Out__Reject",0,0,0,0,0,0,0,0,0,0,0,0,0,0,0,0,0,0,0,0,0,0,1,0,0,0,0
104,9,2,"observer",1,22,4,1,0,2,1,1,TRUE,2.67857142857143,2.42857142857143,2.875,3.28571428571429,2,2,1,1,1,1,1,"Out","Out","outgroup","outgroup",1,0,1,1,0,0,"Out","Out","Out",1,0,1,0,1,0,1,0,1,"Observer__J_Out__C_Out__V_Out",0,9,-9,"Hum_x_Hum","Hum_x_Hum__Observer","Hum_x_Hum__Reject","Hum_x_Hum__Observer__Reject",1,0,0,0,0,0,"Observer__J_Out__C_Out__V_Out__Reject","Observer__J_Out__C_Out__V_Out__Reject",0,0,0,0,0,0,0,0,0,0,0,0,0,0,0,0,0,0,0,0,0,0,1,0,0,0,0
105,1,1,"victim",0,21,1,1,0,2,1,1,TRUE,2.60714285714286,2.28571428571429,2.625,2.71428571428571,2.83333333333333,2,2,2,2,2,2,"In","In","ingroup","ingroup",0,0,0,1,0,0,"In","In",,0,0,0,0,0,0,0,0,0,"Victim__J_In__C_In",0,9,-9,"Ing_x_Ing","Ing_x_Ing__Victim","Ing_x_Ing__Reject","Ing_x_Ing__Victim__Reject",0,0,0,0,1,0,"Victim__J_In__C_In__Reject","Victim__J_In__C_In__Reject",1,0,0,0,0,0,0,0,0,0,0,0,0,0,0,0,0,0,0,0,0,0,0,0,0,0,0
105,1,2,"victim",0,21,1,1,0,2,1,1,TRUE,2.60714285714286,2.28571428571429,2.625,2.71428571428571,2.83333333333333,2,2,2,2,2,2,"In","In","ingroup","ingroup",0,0,0,1,0,0,"In","In",,0,0,0,0,0,0,0,0,0,"Victim__J_In__C_In",0,9,-9,"Ing_x_Ing","Ing_x_Ing__Victim","Ing_x_Ing__Reject","Ing_x_Ing__Victim__Reject",0,0,0,0,1,0,"Victim__J_In__C_In__Reject","Victim__J_In__C_In__Reject",1,0,0,0,0,0,0,0,0,0,0,0,0,0,0,0,0,0,0,0,0,0,0,0,0,0,0
105,6,1,"observer",1,21,1,1,0,2,1,1,TRUE,2.60714285714286,2.28571428571429,2.625,2.71428571428571,2.83333333333333,2,2,2,2,2,2,"In","In","ingroup","ingroup",0,0,0,1,0,0,"In","In","In",0,0,0,0,0,0,0,0,0,"Observer__J_In__C_In__V_In",0,9,-9,"Ing_x_Ing","Ing_x_Ing__Observer","Ing_x_Ing__Reject","Ing_x_Ing__Observer__Reject",0,0,0,0,1,0,"Observer__J_In__C_In__V_In__Reject","Observer__J_In__C_In__V_In__Reject",0,0,0,0,0,0,0,0,0,1,0,0,0,0,0,0,0,0,0,0,0,0,0,0,0,0,0
105,6,2,"observer",1,21,1,1,0,2,1,1,TRUE,2.60714285714286,2.28571428571429,2.625,2.71428571428571,2.83333333333333,2,2,2,2,2,2,"In","In","ingroup","ingroup",0,0,0,1,0,0,"In","In","In",0,0,0,0,0,0,0,0,0,"Observer__J_In__C_In__V_In",0,9,-9,"Ing_x_Ing","Ing_x_Ing__Observer","Ing_x_Ing__Reject","Ing_x_Ing__Observer__Reject",0,0,0,0,1,0,"Observer__J_In__C_In__V_In__Reject","Observer__J_In__C_In__V_In__Reject",0,0,0,0,0,0,0,0,0,1,0,0,0,0,0,0,0,0,0,0,0,0,0,0,0,0,0
105,7,1,"observer",1,21,1,1,0,2,1,1,TRUE,2.60714285714286,2.28571428571429,2.625,2.71428571428571,2.83333333333333,2,2,2,2,2,2,"In","In","ingroup","ingroup",0,0,0,1,0,1,"In","In","In",0,0,0,0,0,0,0,0,0,"Observer__J_In__C_In__V_In",0,9,-9,"Ing_x_Ing","Ing_x_Ing__Observer","Ing_x_Ing__Reject","Ing_x_Ing__Observer__Reject",0,0,0,0,1,0,"Observer__J_In__C_In__V_In__Reject","Observer__J_In__C_In__V_In__Reject",0,0,0,0,0,0,0,0,0,1,0,0,0,0,0,0,0,0,0,0,0,0,0,0,0,0,0
105,7,2,"observer",1,21,1,1,0,2,1,1,TRUE,2.60714285714286,2.28571428571429,2.625,2.71428571428571,2.83333333333333,2,2,2,2,2,2,"In","In","ingroup","ingroup",0,0,0,1,1,0,"In","In","In",0,0,0,0,0,0,0,0,0,"Observer__J_In__C_In__V_In",0,-2,2,"Ing_x_Ing","Ing_x_Ing__Observer","Ing_x_Ing__Accept","Ing_x_Ing__Observer__Accept",0,0,0,0,1,0,"Observer__J_In__C_In__V_In__Accept","Observer__J_In__C_In__V_In__Accept",0,0,0,0,0,0,0,0,0,1,0,0,0,0,0,0,0,0,0,0,0,0,0,0,0,0,0
105,9,1,"observer",1,21,1,1,0,2,1,1,TRUE,2.60714285714286,2.28571428571429,2.625,2.71428571428571,2.83333333333333,2,2,1,2,1,2,"In","Out","ingroup","outgroup",0,0,0,1,1,1,"In","Out","In",0,0,1,0,0,0,1,0,0,"Observer__J_In__C_Out__V_In",0,-4,4,"Ing_x_Ing","Ing_x_Ing__Observer","Ing_x_Ing__Accept","Ing_x_Ing__Observer__Accept",0,0,0,0,1,0,"Observer__J_In__C_Out__V_In__Accept","Observer__J_In__C_Out__V_In__Accept",0,0,0,0,0,0,0,0,0,0,0,0,1,0,0,0,0,0,0,0,0,0,0,0,0,0,0
105,9,2,"observer",1,21,1,1,0,2,1,1,TRUE,2.60714285714286,2.28571428571429,2.625,2.71428571428571,2.83333333333333,2,2,1,1,2,2,"In","Out","outgroup","ingroup",1,0,0,0,1,1,"Out","In","In",0,0,1,0,1,0,0,0,0,"Observer__J_Out__C_In__V_In",0,-4,4,"Ing_x_Hum","Ing_x_Hum__Observer","Ing_x_Hum__Accept","Ing_x_Hum__Observer__Accept",0,0,0,1,0,0,"Observer__J_Out__C_In__V_In__Accept","Observer__J_Out__C_In__V_In__Accept",0,0,0,0,0,0,0,0,0,0,1,0,0,0,0,0,0,0,0,0,0,0,0,0,0,0,0
105,10,1,"observer",1,21,1,1,0,2,1,1,TRUE,2.60714285714286,2.28571428571429,2.625,2.71428571428571,2.83333333333333,2,2,1,2,1,1,"In","Out","ingroup","outgroup",0,0,1,0,0,0,"In","Out","Out",0,0,1,0,0,0,1,0,1,"Observer__J_In__C_Out__V_Out",0,9,-9,"Hum_x_Ing","Hum_x_Ing__Observer","Hum_x_Ing__Reject","Hum_x_Ing__Observer__Reject",0,1,0,0,0,0,"Observer__J_In__C_Out__V_Out__Reject","Observer__J_In__C_Out__V_Out__Reject",0,0,0,0,0,0,0,0,0,0,0,0,0,0,0,0,0,0,0,0,0,1,0,0,0,0,0
105,10,2,"observer",1,21,1,1,0,2,1,1,TRUE,2.60714285714286,2.28571428571429,2.625,2.71428571428571,2.83333333333333,2,2,1,1,2,1,"In","Out","outgroup","ingroup",1,0,1,1,0,0,"Out","In","Out",0,0,1,0,1,0,0,0,1,"Observer__J_Out__C_In__V_Out",0,9,-9,"Hum_x_Hum","Hum_x_Hum__Observer","Hum_x_Hum__Reject","Hum_x_Hum__Observer__Reject",1,0,0,0,0,0,"Observer__J_Out__C_In__V_Out__Reject","Observer__J_Out__C_In__V_Out__Reject",0,0,0,0,0,0,0,0,0,0,0,0,0,0,0,0,0,0,0,1,0,0,0,0,0,0,0
106,3,1,"observer",1,21,1,2,1,2,1,2,TRUE,2.42857142857143,2,2.625,2.85714285714286,2.16666666666667,2,1,2,1,2,2,"Out","In","outgroup","ingroup",1,0,0,0,1,1,"Out","In","In",1,0,0,0,1,0,0,0,0,"Observer__J_Out__C_In__V_In",0,3,-3,"Ing_x_Hum","Ing_x_Hum__Observer","Ing_x_Hum__Accept","Ing_x_Hum__Observer__Accept",0,0,0,1,0,0,"Observer__J_Out__C_In__V_In__Accept","Observer__J_Out__C_In__V_In__Accept",0,0,0,0,0,0,0,0,0,0,1,0,0,0,0,0,0,0,0,0,0,0,0,0,0,0,0
106,3,2,"observer",1,21,1,2,1,2,1,2,TRUE,2.42857142857143,2,2.625,2.85714285714286,2.16666666666667,2,1,2,2,1,2,"Out","In","ingroup","outgroup",0,0,0,1,1,1,"In","Out","In",1,0,0,0,0,0,1,0,0,"Observer__J_In__C_Out__V_In",0,3,-3,"Ing_x_Ing","Ing_x_Ing__Observer","Ing_x_Ing__Accept","Ing_x_Ing__Observer__Accept",0,0,0,0,1,0,"Observer__J_In__C_Out__V_In__Accept","Observer__J_In__C_Out__V_In__Accept",0,0,0,0,0,0,0,0,0,0,0,0,1,0,0,0,0,0,0,0,0,0,0,0,0,0,0
106,6,1,"victim",0,21,1,2,1,2,1,2,TRUE,2.42857142857143,2,2.625,2.85714285714286,2.16666666666667,2,2,2,2,2,2,"In","In","ingroup","ingroup",0,0,0,1,0,0,"In","In",,0,0,0,0,0,0,0,0,0,"Victim__J_In__C_In",0,-3,3,"Ing_x_Ing","Ing_x_Ing__Victim","Ing_x_Ing__Reject","Ing_x_Ing__Victim__Reject",0,0,0,0,1,0,"Victim__J_In__C_In__Reject","Victim__J_In__C_In__Reject",1,0,0,0,0,0,0,0,0,0,0,0,0,0,0,0,0,0,0,0,0,0,0,0,0,0,0
106,6,2,"victim",0,21,1,2,1,2,1,2,TRUE,2.42857142857143,2,2.625,2.85714285714286,2.16666666666667,2,2,2,2,2,2,"In","In","ingroup","ingroup",0,0,0,1,0,0,"In","In",,0,0,0,0,0,0,0,0,0,"Victim__J_In__C_In",0,-3,3,"Ing_x_Ing","Ing_x_Ing__Victim","Ing_x_Ing__Reject","Ing_x_Ing__Victim__Reject",0,0,0,0,1,0,"Victim__J_In__C_In__Reject","Victim__J_In__C_In__Reject",1,0,0,0,0,0,0,0,0,0,0,0,0,0,0,0,0,0,0,0,0,0,0,0,0,0,0
106,8,1,"victim",0,21,1,2,1,2,1,2,TRUE,2.42857142857143,2,2.625,2.85714285714286,2.16666666666667,2,1,1,1,1,2,"Out","Out","outgroup","outgroup",1,0,0,0,0,0,"Out","Out",,1,0,1,0,1,0,1,0,0,"Victim__J_Out__C_Out",0,-1,1,"Ing_x_Hum","Ing_x_Hum__Victim","Ing_x_Hum__Reject","Ing_x_Hum__Victim__Reject",0,0,0,1,0,0,"Victim__J_Out__C_Out__Reject","Victim__J_Out__C_Out__Reject",0,0,0,0,1,0,0,0,0,0,0,0,0,0,0,0,0,0,0,0,0,0,0,0,0,0,0
106,8,2,"victim",0,21,1,2,1,2,1,2,TRUE,2.42857142857143,2,2.625,2.85714285714286,2.16666666666667,2,1,1,1,1,2,"Out","Out","outgroup","outgroup",1,0,0,0,0,0,"Out","Out",,1,0,1,0,1,0,1,0,0,"Victim__J_Out__C_Out",0,2,-2,"Ing_x_Hum","Ing_x_Hum__Victim","Ing_x_Hum__Reject","Ing_x_Hum__Victim__Reject",0,0,0,1,0,0,"Victim__J_Out__C_Out__Reject","Victim__J_Out__C_Out__Reject",0,0,0,0,1,0,0,0,0,0,0,0,0,0,0,0,0,0,0,0,0,0,0,0,0,0,0
106,9,1,"victim",0,21,1,2,1,2,1,2,TRUE,2.42857142857143,2,2.625,2.85714285714286,2.16666666666667,2,1,1,1,1,2,"Out","Out","outgroup","outgroup",1,0,0,0,1,0,"Out","Out",,1,0,1,0,1,0,1,0,0,"Victim__J_Out__C_Out",0,1,-1,"Ing_x_Hum","Ing_x_Hum__Victim","Ing_x_Hum__Accept","Ing_x_Hum__Victim__Accept",0,0,0,1,0,0,"Victim__J_Out__C_Out__Accept","Victim__J_Out__C_Out__Accept",0,0,0,0,1,0,0,0,0,0,0,0,0,0,0,0,0,0,0,0,0,0,0,0,0,0,0
106,9,2,"victim",0,21,1,2,1,2,1,2,TRUE,2.42857142857143,2,2.625,2.85714285714286,2.16666666666667,2,1,1,1,1,2,"Out","Out","outgroup","outgroup",1,0,0,0,0,1,"Out","Out",,1,0,1,0,1,0,1,0,0,"Victim__J_Out__C_Out",0,-2,2,"Ing_x_Hum","Ing_x_Hum__Victim","Ing_x_Hum__Reject","Ing_x_Hum__Victim__Reject",0,0,0,1,0,0,"Victim__J_Out__C_Out__Reject","Victim__J_Out__C_Out__Reject",0,0,0,0,1,0,0,0,0,0,0,0,0,0,0,0,0,0,0,0,0,0,0,0,0,0,0
106,10,1,"victim",0,21,1,2,1,2,1,2,TRUE,2.42857142857143,2,2.625,2.85714285714286,2.16666666666667,2,1,2,1,2,2,"Out","In","outgroup","ingroup",1,0,0,0,1,1,"Out","In",,1,0,0,0,1,0,0,0,0,"Victim__J_Out__C_In",0,1,-1,"Ing_x_Hum","Ing_x_Hum__Victim","Ing_x_Hum__Accept","Ing_x_Hum__Victim__Accept",0,0,0,1,0,0,"Victim__J_Out__C_In__Accept","Victim__J_Out__C_In__Accept",0,1,0,0,0,0,0,0,0,0,0,0,0,0,0,0,0,0,0,0,0,0,0,0,0,0,0
106,10,2,"victim",0,21,1,2,1,2,1,2,TRUE,2.42857142857143,2,2.625,2.85714285714286,2.16666666666667,2,1,2,2,1,2,"Out","In","ingroup","outgroup",0,0,0,1,1,1,"In","Out",,1,0,0,0,0,0,1,0,0,"Victim__J_In__C_Out",0,1,-1,"Ing_x_Ing","Ing_x_Ing__Victim","Ing_x_Ing__Accept","Ing_x_Ing__Victim__Accept",0,0,0,0,1,0,"Victim__J_In__C_Out__Accept","Victim__J_In__C_Out__Accept",0,0,0,1,0,0,0,0,0,0,0,0,0,0,0,0,0,0,0,0,0,0,0,0,0,0,0
107,2,1,"observer",1,20,2,2,1,2,1,2,TRUE,2.07142857142857,2.14285714285714,2.375,2,1.66666666666667,2,1,1,1,1,1,"Out","Out","outgroup","outgroup",1,0,1,1,1,1,"Out","Out","Out",1,0,1,0,1,0,1,0,1,"Observer__J_Out__C_Out__V_Out",0,-9,9,"Hum_x_Hum","Hum_x_Hum__Observer","Hum_x_Hum__Accept","Hum_x_Hum__Observer__Accept",1,0,0,0,0,0,"Observer__J_Out__C_Out__V_Out__Accept","Observer__J_Out__C_Out__V_Out__Accept",0,0,0,0,0,0,0,0,0,0,0,0,0,0,0,0,0,0,0,0,0,0,1,0,0,0,0
107,2,2,"observer",1,20,2,2,1,2,1,2,TRUE,2.07142857142857,2.14285714285714,2.375,2,1.66666666666667,2,1,1,1,1,1,"Out","Out","outgroup","outgroup",1,0,1,1,1,1,"Out","Out","Out",1,0,1,0,1,0,1,0,1,"Observer__J_Out__C_Out__V_Out",0,-9,9,"Hum_x_Hum","Hum_x_Hum__Observer","Hum_x_Hum__Accept","Hum_x_Hum__Observer__Accept",1,0,0,0,0,0,"Observer__J_Out__C_Out__V_Out__Accept","Observer__J_Out__C_Out__V_Out__Accept",0,0,0,0,0,0,0,0,0,0,0,0,0,0,0,0,0,0,0,0,0,0,1,0,0,0,0
107,3,1,"observer",1,20,2,2,1,2,1,2,TRUE,2.07142857142857,2.14285714285714,2.375,2,1.66666666666667,2,2,2,2,2,2,"In","In","ingroup","ingroup",0,0,0,1,0,0,"In","In","In",0,0,0,0,0,0,0,0,0,"Observer__J_In__C_In__V_In",0,9,-9,"Ing_x_Ing","Ing_x_Ing__Observer","Ing_x_Ing__Reject","Ing_x_Ing__Observer__Reject",0,0,0,0,1,0,"Observer__J_In__C_In__V_In__Reject","Observer__J_In__C_In__V_In__Reject",0,0,0,0,0,0,0,0,0,1,0,0,0,0,0,0,0,0,0,0,0,0,0,0,0,0,0
107,3,2,"observer",1,20,2,2,1,2,1,2,TRUE,2.07142857142857,2.14285714285714,2.375,2,1.66666666666667,2,2,2,2,2,2,"In","In","ingroup","ingroup",0,0,0,1,0,0,"In","In","In",0,0,0,0,0,0,0,0,0,"Observer__J_In__C_In__V_In",0,9,-9,"Ing_x_Ing","Ing_x_Ing__Observer","Ing_x_Ing__Reject","Ing_x_Ing__Observer__Reject",0,0,0,0,1,0,"Observer__J_In__C_In__V_In__Reject","Observer__J_In__C_In__V_In__Reject",0,0,0,0,0,0,0,0,0,1,0,0,0,0,0,0,0,0,0,0,0,0,0,0,0,0,0
107,5,1,"observer",1,20,2,2,1,2,1,2,TRUE,2.07142857142857,2.14285714285714,2.375,2,1.66666666666667,2,2,1,2,1,2,"In","Out","ingroup","outgroup",0,0,0,1,0,0,"In","Out","In",0,0,1,0,0,0,1,0,0,"Observer__J_In__C_Out__V_In",0,9,-9,"Ing_x_Ing","Ing_x_Ing__Observer","Ing_x_Ing__Reject","Ing_x_Ing__Observer__Reject",0,0,0,0,1,0,"Observer__J_In__C_Out__V_In__Reject","Observer__J_In__C_Out__V_In__Reject",0,0,0,0,0,0,0,0,0,0,0,0,1,0,0,0,0,0,0,0,0,0,0,0,0,0,0
107,5,2,"observer",1,20,2,2,1,2,1,2,TRUE,2.07142857142857,2.14285714285714,2.375,2,1.66666666666667,2,2,1,1,2,2,"In","Out","outgroup","ingroup",1,0,0,0,0,0,"Out","In","In",0,0,1,0,1,0,0,0,0,"Observer__J_Out__C_In__V_In",0,9,-9,"Ing_x_Hum","Ing_x_Hum__Observer","Ing_x_Hum__Reject","Ing_x_Hum__Observer__Reject",0,0,0,1,0,0,"Observer__J_Out__C_In__V_In__Reject","Observer__J_Out__C_In__V_In__Reject",0,0,0,0,0,0,0,0,0,0,1,0,0,0,0,0,0,0,0,0,0,0,0,0,0,0,0
108,1,1,"victim",0,23,2,1,0,2,1,1,TRUE,2.10714285714286,1.85714285714286,2.125,1.85714285714286,2.66666666666667,2,2,2,2,2,2,"In","In","ingroup","ingroup",0,0,0,1,0,0,"In","In",,0,0,0,0,0,0,0,0,0,"Victim__J_In__C_In",0,9,-9,"Ing_x_Ing","Ing_x_Ing__Victim","Ing_x_Ing__Reject","Ing_x_Ing__Victim__Reject",0,0,0,0,1,0,"Victim__J_In__C_In__Reject","Victim__J_In__C_In__Reject",1,0,0,0,0,0,0,0,0,0,0,0,0,0,0,0,0,0,0,0,0,0,0,0,0,0,0
108,1,2,"victim",0,23,2,1,0,2,1,1,TRUE,2.10714285714286,1.85714285714286,2.125,1.85714285714286,2.66666666666667,2,2,2,2,2,2,"In","In","ingroup","ingroup",0,0,0,1,0,0,"In","In",,0,0,0,0,0,0,0,0,0,"Victim__J_In__C_In",0,9,-9,"Ing_x_Ing","Ing_x_Ing__Victim","Ing_x_Ing__Reject","Ing_x_Ing__Victim__Reject",0,0,0,0,1,0,"Victim__J_In__C_In__Reject","Victim__J_In__C_In__Reject",1,0,0,0,0,0,0,0,0,0,0,0,0,0,0,0,0,0,0,0,0,0,0,0,0,0,0
108,7,1,"observer",1,23,2,1,0,2,1,1,TRUE,2.10714285714286,1.85714285714286,2.125,1.85714285714286,2.66666666666667,2,2,2,2,2,2,"In","In","ingroup","ingroup",0,0,0,1,1,1,"In","In","In",0,0,0,0,0,0,0,0,0,"Observer__J_In__C_In__V_In",0,-9,9,"Ing_x_Ing","Ing_x_Ing__Observer","Ing_x_Ing__Accept","Ing_x_Ing__Observer__Accept",0,0,0,0,1,0,"Observer__J_In__C_In__V_In__Accept","Observer__J_In__C_In__V_In__Accept",0,0,0,0,0,0,0,0,0,1,0,0,0,0,0,0,0,0,0,0,0,0,0,0,0,0,0
108,7,2,"observer",1,23,2,1,0,2,1,1,TRUE,2.10714285714286,1.85714285714286,2.125,1.85714285714286,2.66666666666667,2,2,2,2,2,2,"In","In","ingroup","ingroup",0,0,0,1,1,1,"In","In","In",0,0,0,0,0,0,0,0,0,"Observer__J_In__C_In__V_In",0,-9,9,"Ing_x_Ing","Ing_x_Ing__Observer","Ing_x_Ing__Accept","Ing_x_Ing__Observer__Accept",0,0,0,0,1,0,"Observer__J_In__C_In__V_In__Accept","Observer__J_In__C_In__V_In__Accept",0,0,0,0,0,0,0,0,0,1,0,0,0,0,0,0,0,0,0,0,0,0,0,0,0,0,0
108,8,1,"observer",1,23,2,1,0,2,1,1,TRUE,2.10714285714286,1.85714285714286,2.125,1.85714285714286,2.66666666666667,2,1,1,1,1,2,"Out","Out","outgroup","outgroup",1,0,0,0,0,0,"Out","Out","In",1,0,1,0,1,0,1,0,0,"Observer__J_Out__C_Out__V_In",0,9,-9,"Ing_x_Hum","Ing_x_Hum__Observer","Ing_x_Hum__Reject","Ing_x_Hum__Observer__Reject",0,0,0,1,0,0,"Observer__J_Out__C_Out__V_In__Reject","Observer__J_Out__C_Out__V_In__Reject",0,0,0,0,0,0,0,0,0,0,0,0,0,1,0,0,0,0,0,0,0,0,0,0,0,0,0
108,8,2,"observer",1,23,2,1,0,2,1,1,TRUE,2.10714285714286,1.85714285714286,2.125,1.85714285714286,2.66666666666667,2,1,1,1,1,2,"Out","Out","outgroup","outgroup",1,0,0,0,0,0,"Out","Out","In",1,0,1,0,1,0,1,0,0,"Observer__J_Out__C_Out__V_In",0,9,-9,"Ing_x_Hum","Ing_x_Hum__Observer","Ing_x_Hum__Reject","Ing_x_Hum__Observer__Reject",0,0,0,1,0,0,"Observer__J_Out__C_Out__V_In__Reject","Observer__J_Out__C_Out__V_In__Reject",0,0,0,0,0,0,0,0,0,0,0,0,0,1,0,0,0,0,0,0,0,0,0,0,0,0,0
109,2,1,"victim",0,19,1,2,1,2,1,1,TRUE,1.46428571428571,1,1.875,1.42857142857143,1.5,2,2,2,2,2,2,"In","In","ingroup","ingroup",0,0,0,1,0,1,"In","In",,0,0,0,0,0,0,0,0,0,"Victim__J_In__C_In",0,0,0,"Ing_x_Ing","Ing_x_Ing__Victim","Ing_x_Ing__Reject","Ing_x_Ing__Victim__Reject",0,0,0,0,1,0,"Victim__J_In__C_In__Reject","Victim__J_In__C_In__Reject",1,0,0,0,0,0,0,0,0,0,0,0,0,0,0,0,0,0,0,0,0,0,0,0,0,0,0
109,2,2,"victim",0,19,1,2,1,2,1,1,TRUE,1.46428571428571,1,1.875,1.42857142857143,1.5,2,2,2,2,2,2,"In","In","ingroup","ingroup",0,0,0,1,1,0,"In","In",,0,0,0,0,0,0,0,0,0,"Victim__J_In__C_In",0,0,0,"Ing_x_Ing","Ing_x_Ing__Victim","Ing_x_Ing__Accept","Ing_x_Ing__Victim__Accept",0,0,0,0,1,0,"Victim__J_In__C_In__Accept","Victim__J_In__C_In__Accept",1,0,0,0,0,0,0,0,0,0,0,0,0,0,0,0,0,0,0,0,0,0,0,0,0,0,0
109,6,1,"observer",1,19,1,2,1,2,1,1,TRUE,1.46428571428571,1,1.875,1.42857142857143,1.5,2,2,1,2,1,2,"In","Out","ingroup","outgroup",0,0,0,1,0,1,"In","Out","In",0,0,1,0,0,0,1,0,0,"Observer__J_In__C_Out__V_In",0,0,0,"Ing_x_Ing","Ing_x_Ing__Observer","Ing_x_Ing__Reject","Ing_x_Ing__Observer__Reject",0,0,0,0,1,0,"Observer__J_In__C_Out__V_In__Reject","Observer__J_In__C_Out__V_In__Reject",0,0,0,0,0,0,0,0,0,0,0,0,1,0,0,0,0,0,0,0,0,0,0,0,0,0,0
109,6,2,"observer",1,19,1,2,1,2,1,1,TRUE,1.46428571428571,1,1.875,1.42857142857143,1.5,2,2,1,1,2,2,"In","Out","outgroup","ingroup",1,0,0,0,1,0,"Out","In","In",0,0,1,0,1,0,0,0,0,"Observer__J_Out__C_In__V_In",0,0,0,"Ing_x_Hum","Ing_x_Hum__Observer","Ing_x_Hum__Accept","Ing_x_Hum__Observer__Accept",0,0,0,1,0,0,"Observer__J_Out__C_In__V_In__Accept","Observer__J_Out__C_In__V_In__Accept",0,0,0,0,0,0,0,0,0,0,1,0,0,0,0,0,0,0,0,0,0,0,0,0,0,0,0
109,7,1,"observer",1,19,1,2,1,2,1,1,TRUE,1.46428571428571,1,1.875,1.42857142857143,1.5,2,1,1,1,1,1,"Out","Out","outgroup","outgroup",1,0,1,1,0,0,"Out","Out","Out",1,0,1,0,1,0,1,0,1,"Observer__J_Out__C_Out__V_Out",0,9,-9,"Hum_x_Hum","Hum_x_Hum__Observer","Hum_x_Hum__Reject","Hum_x_Hum__Observer__Reject",1,0,0,0,0,0,"Observer__J_Out__C_Out__V_Out__Reject","Observer__J_Out__C_Out__V_Out__Reject",0,0,0,0,0,0,0,0,0,0,0,0,0,0,0,0,0,0,0,0,0,0,1,0,0,0,0
109,7,2,"observer",1,19,1,2,1,2,1,1,TRUE,1.46428571428571,1,1.875,1.42857142857143,1.5,2,1,1,1,1,1,"Out","Out","outgroup","outgroup",1,0,1,1,0,0,"Out","Out","Out",1,0,1,0,1,0,1,0,1,"Observer__J_Out__C_Out__V_Out",0,9,-9,"Hum_x_Hum","Hum_x_Hum__Observer","Hum_x_Hum__Reject","Hum_x_Hum__Observer__Reject",1,0,0,0,0,0,"Observer__J_Out__C_Out__V_Out__Reject","Observer__J_Out__C_Out__V_Out__Reject",0,0,0,0,0,0,0,0,0,0,0,0,0,0,0,0,0,0,0,0,0,0,1,0,0,0,0
110,1,1,"observer",1,18,1,2,1,2,1,2,TRUE,2.14285714285714,1.42857142857143,2.5,3,1.5,2,2,1,2,1,2,"In","Out","ingroup","outgroup",0,0,0,1,1,0,"In","Out","In",0,0,1,0,0,0,1,0,0,"Observer__J_In__C_Out__V_In",0,-5,5,"Ing_x_Ing","Ing_x_Ing__Observer","Ing_x_Ing__Accept","Ing_x_Ing__Observer__Accept",0,0,0,0,1,0,"Observer__J_In__C_Out__V_In__Accept","Observer__J_In__C_Out__V_In__Accept",0,0,0,0,0,0,0,0,0,0,0,0,1,0,0,0,0,0,0,0,0,0,0,0,0,0,0
110,1,2,"observer",1,18,1,2,1,2,1,2,TRUE,2.14285714285714,1.42857142857143,2.5,3,1.5,2,2,1,1,2,2,"In","Out","outgroup","ingroup",1,0,0,0,0,1,"Out","In","In",0,0,1,0,1,0,0,0,0,"Observer__J_Out__C_In__V_In",0,5,-5,"Ing_x_Hum","Ing_x_Hum__Observer","Ing_x_Hum__Reject","Ing_x_Hum__Observer__Reject",0,0,0,1,0,0,"Observer__J_Out__C_In__V_In__Reject","Observer__J_Out__C_In__V_In__Reject",0,0,0,0,0,0,0,0,0,0,1,0,0,0,0,0,0,0,0,0,0,0,0,0,0,0,0
110,3,1,"observer",1,18,1,2,1,2,1,2,TRUE,2.14285714285714,1.42857142857143,2.5,3,1.5,2,1,1,1,1,1,"Out","Out","outgroup","outgroup",1,0,1,1,0,1,"Out","Out","Out",1,0,1,0,1,0,1,0,1,"Observer__J_Out__C_Out__V_Out",0,4,-4,"Hum_x_Hum","Hum_x_Hum__Observer","Hum_x_Hum__Reject","Hum_x_Hum__Observer__Reject",1,0,0,0,0,0,"Observer__J_Out__C_Out__V_Out__Reject","Observer__J_Out__C_Out__V_Out__Reject",0,0,0,0,0,0,0,0,0,0,0,0,0,0,0,0,0,0,0,0,0,0,1,0,0,0,0
110,3,2,"observer",1,18,1,2,1,2,1,2,TRUE,2.14285714285714,1.42857142857143,2.5,3,1.5,2,1,1,1,1,1,"Out","Out","outgroup","outgroup",1,0,1,1,1,0,"Out","Out","Out",1,0,1,0,1,0,1,0,1,"Observer__J_Out__C_Out__V_Out",0,-4,4,"Hum_x_Hum","Hum_x_Hum__Observer","Hum_x_Hum__Accept","Hum_x_Hum__Observer__Accept",1,0,0,0,0,0,"Observer__J_Out__C_Out__V_Out__Accept","Observer__J_Out__C_Out__V_Out__Accept",0,0,0,0,0,0,0,0,0,0,0,0,0,0,0,0,0,0,0,0,0,0,1,0,0,0,0
110,4,1,"observer",1,18,1,2,1,2,1,2,TRUE,2.14285714285714,1.42857142857143,2.5,3,1.5,2,2,2,2,2,1,"In","In","ingroup","ingroup",0,0,1,0,1,0,"In","In","Out",0,0,0,0,0,0,0,0,1,"Observer__J_In__C_In__V_Out",0,6,-6,"Hum_x_Ing","Hum_x_Ing__Observer","Hum_x_Ing__Accept","Hum_x_Ing__Observer__Accept",0,1,0,0,0,0,"Observer__J_In__C_In__V_Out__Accept","Observer__J_In__C_In__V_Out__Accept",0,0,0,0,0,0,0,0,0,0,0,0,0,0,0,0,0,0,1,0,0,0,0,0,0,0,0
110,4,2,"observer",1,18,1,2,1,2,1,2,TRUE,2.14285714285714,1.42857142857143,2.5,3,1.5,2,2,2,2,2,1,"In","In","ingroup","ingroup",0,0,1,0,0,1,"In","In","Out",0,0,0,0,0,0,0,0,1,"Observer__J_In__C_In__V_Out",0,6,-6,"Hum_x_Ing","Hum_x_Ing__Observer","Hum_x_Ing__Reject","Hum_x_Ing__Observer__Reject",0,1,0,0,0,0,"Observer__J_In__C_In__V_Out__Reject","Observer__J_In__C_In__V_Out__Reject",0,0,0,0,0,0,0,0,0,0,0,0,0,0,0,0,0,0,1,0,0,0,0,0,0,0,0
110,6,1,"victim",0,18,1,2,1,2,1,2,TRUE,2.14285714285714,1.42857142857143,2.5,3,1.5,2,1,1,1,1,2,"Out","Out","outgroup","outgroup",1,0,0,0,0,0,"Out","Out",,1,0,1,0,1,0,1,0,0,"Victim__J_Out__C_Out",0,9,-9,"Ing_x_Hum","Ing_x_Hum__Victim","Ing_x_Hum__Reject","Ing_x_Hum__Victim__Reject",0,0,0,1,0,0,"Victim__J_Out__C_Out__Reject","Victim__J_Out__C_Out__Reject",0,0,0,0,1,0,0,0,0,0,0,0,0,0,0,0,0,0,0,0,0,0,0,0,0,0,0
110,6,2,"victim",0,18,1,2,1,2,1,2,TRUE,2.14285714285714,1.42857142857143,2.5,3,1.5,2,1,1,1,1,2,"Out","Out","outgroup","outgroup",1,0,0,0,0,0,"Out","Out",,1,0,1,0,1,0,1,0,0,"Victim__J_Out__C_Out",0,9,-9,"Ing_x_Hum","Ing_x_Hum__Victim","Ing_x_Hum__Reject","Ing_x_Hum__Victim__Reject",0,0,0,1,0,0,"Victim__J_Out__C_Out__Reject","Victim__J_Out__C_Out__Reject",0,0,0,0,1,0,0,0,0,0,0,0,0,0,0,0,0,0,0,0,0,0,0,0,0,0,0
111,2,1,"observer",1,19,1,2,1,1,0,2,TRUE,2.35714285714286,2,2.5,2.71428571428571,2.16666666666667,1,2,1,2,1,2,"Out","In","outgroup","ingroup",1,0,1,1,0,1,"Out","In","Out",1,0,0,0,1,0,0,0,1,"Observer__J_Out__C_In__V_Out",0,0,0,"Ing_x_Ing","Ing_x_Ing__Observer","Ing_x_Ing__Reject","Ing_x_Ing__Observer__Reject",0,0,0,0,1,0,"Observer__J_Out__C_In__V_Out__Reject","Observer__J_Out__C_In__V_Out__Reject",0,0,0,0,0,0,0,0,0,0,0,0,0,0,0,0,0,0,0,1,0,0,0,0,0,0,0
111,2,2,"observer",1,19,1,2,1,1,0,2,TRUE,2.35714285714286,2,2.5,2.71428571428571,2.16666666666667,1,2,1,1,2,2,"Out","In","ingroup","outgroup",0,0,1,0,1,0,"In","Out","Out",1,0,0,0,0,0,1,0,1,"Observer__J_In__C_Out__V_Out",0,0,0,"Ing_x_Hum","Ing_x_Hum__Observer","Ing_x_Hum__Accept","Ing_x_Hum__Observer__Accept",0,0,0,1,0,0,"Observer__J_In__C_Out__V_Out__Accept","Observer__J_In__C_Out__V_Out__Accept",0,0,0,0,0,0,0,0,0,0,0,0,0,0,0,0,0,0,0,0,0,1,0,0,0,0,0
111,4,1,"observer",1,19,1,2,1,1,0,2,TRUE,2.35714285714286,2,2.5,2.71428571428571,2.16666666666667,1,1,2,1,2,1,"In","Out","ingroup","outgroup",0,0,0,1,1,1,"In","Out","In",0,0,1,0,0,0,1,0,0,"Observer__J_In__C_Out__V_In",0,-1,1,"Hum_x_Hum","Hum_x_Hum__Observer","Hum_x_Hum__Accept","Hum_x_Hum__Observer__Accept",1,0,0,0,0,0,"Observer__J_In__C_Out__V_In__Accept","Observer__J_In__C_Out__V_In__Accept",0,0,0,0,0,0,0,0,0,0,0,0,1,0,0,0,0,0,0,0,0,0,0,0,0,0,0
111,4,2,"observer",1,19,1,2,1,1,0,2,TRUE,2.35714285714286,2,2.5,2.71428571428571,2.16666666666667,1,1,2,2,1,1,"In","Out","outgroup","ingroup",1,0,0,0,1,1,"Out","In","In",0,0,1,0,1,0,0,0,0,"Observer__J_Out__C_In__V_In",0,-1,1,"Hum_x_Ing","Hum_x_Ing__Observer","Hum_x_Ing__Accept","Hum_x_Ing__Observer__Accept",0,1,0,0,0,0,"Observer__J_Out__C_In__V_In__Accept","Observer__J_Out__C_In__V_In__Accept",0,0,0,0,0,0,0,0,0,0,1,0,0,0,0,0,0,0,0,0,0,0,0,0,0,0,0
111,5,1,"observer",1,19,1,2,1,1,0,2,TRUE,2.35714285714286,2,2.5,2.71428571428571,2.16666666666667,1,1,1,1,1,1,"In","In","ingroup","ingroup",0,0,0,1,1,1,"In","In","In",0,0,0,0,0,0,0,0,0,"Observer__J_In__C_In__V_In",0,0,0,"Hum_x_Hum","Hum_x_Hum__Observer","Hum_x_Hum__Accept","Hum_x_Hum__Observer__Accept",1,0,0,0,0,0,"Observer__J_In__C_In__V_In__Accept","Observer__J_In__C_In__V_In__Accept",0,0,0,0,0,0,0,0,0,1,0,0,0,0,0,0,0,0,0,0,0,0,0,0,0,0,0
111,5,2,"observer",1,19,1,2,1,1,0,2,TRUE,2.35714285714286,2,2.5,2.71428571428571,2.16666666666667,1,1,1,1,1,1,"In","In","ingroup","ingroup",0,0,0,1,1,1,"In","In","In",0,0,0,0,0,0,0,0,0,"Observer__J_In__C_In__V_In",0,0,0,"Hum_x_Hum","Hum_x_Hum__Observer","Hum_x_Hum__Accept","Hum_x_Hum__Observer__Accept",1,0,0,0,0,0,"Observer__J_In__C_In__V_In__Accept","Observer__J_In__C_In__V_In__Accept",0,0,0,0,0,0,0,0,0,1,0,0,0,0,0,0,0,0,0,0,0,0,0,0,0,0,0
111,7,1,"victim",0,19,1,2,1,1,0,2,TRUE,2.35714285714286,2,2.5,2.71428571428571,2.16666666666667,1,2,2,2,2,1,"Out","Out","outgroup","outgroup",1,0,0,0,0,0,"Out","Out",,1,0,1,0,1,0,1,0,0,"Victim__J_Out__C_Out",0,1,-1,"Hum_x_Ing","Hum_x_Ing__Victim","Hum_x_Ing__Reject","Hum_x_Ing__Victim__Reject",0,1,0,0,0,0,"Victim__J_Out__C_Out__Reject","Victim__J_Out__C_Out__Reject",0,0,0,0,1,0,0,0,0,0,0,0,0,0,0,0,0,0,0,0,0,0,0,0,0,0,0
111,7,2,"victim",0,19,1,2,1,1,0,2,TRUE,2.35714285714286,2,2.5,2.71428571428571,2.16666666666667,1,2,2,2,2,1,"Out","Out","outgroup","outgroup",1,0,0,0,0,0,"Out","Out",,1,0,1,0,1,0,1,0,0,"Victim__J_Out__C_Out",0,1,-1,"Hum_x_Ing","Hum_x_Ing__Victim","Hum_x_Ing__Reject","Hum_x_Ing__Victim__Reject",0,1,0,0,0,0,"Victim__J_Out__C_Out__Reject","Victim__J_Out__C_Out__Reject",0,0,0,0,1,0,0,0,0,0,0,0,0,0,0,0,0,0,0,0,0,0,0,0,0,0,0
111,8,1,"victim",0,19,1,2,1,1,0,2,TRUE,2.35714285714286,2,2.5,2.71428571428571,2.16666666666667,1,1,2,1,2,1,"In","Out","ingroup","outgroup",0,0,0,1,0,0,"In","Out",,0,0,1,0,0,0,1,0,0,"Victim__J_In__C_Out",0,1,-1,"Hum_x_Hum","Hum_x_Hum__Victim","Hum_x_Hum__Reject","Hum_x_Hum__Victim__Reject",1,0,0,0,0,0,"Victim__J_In__C_Out__Reject","Victim__J_In__C_Out__Reject",0,0,0,1,0,0,0,0,0,0,0,0,0,0,0,0,0,0,0,0,0,0,0,0,0,0,0
111,8,2,"victim",0,19,1,2,1,1,0,2,TRUE,2.35714285714286,2,2.5,2.71428571428571,2.16666666666667,1,1,2,2,1,1,"In","Out","outgroup","ingroup",1,0,0,0,0,0,"Out","In",,0,0,1,0,1,0,0,0,0,"Victim__J_Out__C_In",0,1,-1,"Hum_x_Ing","Hum_x_Ing__Victim","Hum_x_Ing__Reject","Hum_x_Ing__Victim__Reject",0,1,0,0,0,0,"Victim__J_Out__C_In__Reject","Victim__J_Out__C_In__Reject",0,1,0,0,0,0,0,0,0,0,0,0,0,0,0,0,0,0,0,0,0,0,0,0,0,0,0
111,9,1,"victim",0,19,1,2,1,1,0,2,TRUE,2.35714285714286,2,2.5,2.71428571428571,2.16666666666667,1,1,2,1,2,1,"In","Out","ingroup","outgroup",0,0,0,1,0,0,"In","Out",,0,0,1,0,0,0,1,0,0,"Victim__J_In__C_Out",0,2,-2,"Hum_x_Hum","Hum_x_Hum__Victim","Hum_x_Hum__Reject","Hum_x_Hum__Victim__Reject",1,0,0,0,0,0,"Victim__J_In__C_Out__Reject","Victim__J_In__C_Out__Reject",0,0,0,1,0,0,0,0,0,0,0,0,0,0,0,0,0,0,0,0,0,0,0,0,0,0,0
111,9,2,"victim",0,19,1,2,1,1,0,2,TRUE,2.35714285714286,2,2.5,2.71428571428571,2.16666666666667,1,1,2,2,1,1,"In","Out","outgroup","ingroup",1,0,0,0,0,0,"Out","In",,0,0,1,0,1,0,0,0,0,"Victim__J_Out__C_In",0,2,-2,"Hum_x_Ing","Hum_x_Ing__Victim","Hum_x_Ing__Reject","Hum_x_Ing__Victim__Reject",0,1,0,0,0,0,"Victim__J_Out__C_In__Reject","Victim__J_Out__C_In__Reject",0,1,0,0,0,0,0,0,0,0,0,0,0,0,0,0,0,0,0,0,0,0,0,0,0,0,0
111,10,1,"victim",0,19,1,2,1,1,0,2,TRUE,2.35714285714286,2,2.5,2.71428571428571,2.16666666666667,1,1,1,1,1,1,"In","In","ingroup","ingroup",0,0,0,1,1,0,"In","In",,0,0,0,0,0,0,0,0,0,"Victim__J_In__C_In",0,-1,1,"Hum_x_Hum","Hum_x_Hum__Victim","Hum_x_Hum__Accept","Hum_x_Hum__Victim__Accept",1,0,0,0,0,0,"Victim__J_In__C_In__Accept","Victim__J_In__C_In__Accept",1,0,0,0,0,0,0,0,0,0,0,0,0,0,0,0,0,0,0,0,0,0,0,0,0,0,0
111,10,2,"victim",0,19,1,2,1,1,0,2,TRUE,2.35714285714286,2,2.5,2.71428571428571,2.16666666666667,1,1,1,1,1,1,"In","In","ingroup","ingroup",0,0,0,1,0,1,"In","In",,0,0,0,0,0,0,0,0,0,"Victim__J_In__C_In",0,1,-1,"Hum_x_Hum","Hum_x_Hum__Victim","Hum_x_Hum__Reject","Hum_x_Hum__Victim__Reject",1,0,0,0,0,0,"Victim__J_In__C_In__Reject","Victim__J_In__C_In__Reject",1,0,0,0,0,0,0,0,0,0,0,0,0,0,0,0,0,0,0,0,0,0,0,0,0,0,0
112,3,1,"observer",1,20,2,2,1,2,1,2,TRUE,2.46428571428571,2.42857142857143,2.75,2.42857142857143,2.16666666666667,2,2,1,2,1,2,"In","Out","ingroup","outgroup",0,0,0,1,1,0,"In","Out","In",0,0,1,0,0,0,1,0,0,"Observer__J_In__C_Out__V_In",0,-9,9,"Ing_x_Ing","Ing_x_Ing__Observer","Ing_x_Ing__Accept","Ing_x_Ing__Observer__Accept",0,0,0,0,1,0,"Observer__J_In__C_Out__V_In__Accept","Observer__J_In__C_Out__V_In__Accept",0,0,0,0,0,0,0,0,0,0,0,0,1,0,0,0,0,0,0,0,0,0,0,0,0,0,0
112,3,2,"observer",1,20,2,2,1,2,1,2,TRUE,2.46428571428571,2.42857142857143,2.75,2.42857142857143,2.16666666666667,2,2,1,1,2,2,"In","Out","outgroup","ingroup",1,0,0,0,0,1,"Out","In","In",0,0,1,0,1,0,0,0,0,"Observer__J_Out__C_In__V_In",0,9,-9,"Ing_x_Hum","Ing_x_Hum__Observer","Ing_x_Hum__Reject","Ing_x_Hum__Observer__Reject",0,0,0,1,0,0,"Observer__J_Out__C_In__V_In__Reject","Observer__J_Out__C_In__V_In__Reject",0,0,0,0,0,0,0,0,0,0,1,0,0,0,0,0,0,0,0,0,0,0,0,0,0,0,0
112,6,1,"victim",0,20,2,2,1,2,1,2,TRUE,2.46428571428571,2.42857142857143,2.75,2.42857142857143,2.16666666666667,2,1,1,1,1,2,"Out","Out","outgroup","outgroup",1,0,0,0,1,1,"Out","Out",,1,0,1,0,1,0,1,0,0,"Victim__J_Out__C_Out",0,-9,9,"Ing_x_Hum","Ing_x_Hum__Victim","Ing_x_Hum__Accept","Ing_x_Hum__Victim__Accept",0,0,0,1,0,0,"Victim__J_Out__C_Out__Accept","Victim__J_Out__C_Out__Accept",0,0,0,0,1,0,0,0,0,0,0,0,0,0,0,0,0,0,0,0,0,0,0,0,0,0,0
112,6,2,"victim",0,20,2,2,1,2,1,2,TRUE,2.46428571428571,2.42857142857143,2.75,2.42857142857143,2.16666666666667,2,1,1,1,1,2,"Out","Out","outgroup","outgroup",1,0,0,0,1,1,"Out","Out",,1,0,1,0,1,0,1,0,0,"Victim__J_Out__C_Out",0,-9,9,"Ing_x_Hum","Ing_x_Hum__Victim","Ing_x_Hum__Accept","Ing_x_Hum__Victim__Accept",0,0,0,1,0,0,"Victim__J_Out__C_Out__Accept","Victim__J_Out__C_Out__Accept",0,0,0,0,1,0,0,0,0,0,0,0,0,0,0,0,0,0,0,0,0,0,0,0,0,0,0
112,7,1,"victim",0,20,2,2,1,2,1,2,TRUE,2.46428571428571,2.42857142857143,2.75,2.42857142857143,2.16666666666667,2,2,2,2,2,2,"In","In","ingroup","ingroup",0,0,0,1,0,1,"In","In",,0,0,0,0,0,0,0,0,0,"Victim__J_In__C_In",0,9,-9,"Ing_x_Ing","Ing_x_Ing__Victim","Ing_x_Ing__Reject","Ing_x_Ing__Victim__Reject",0,0,0,0,1,0,"Victim__J_In__C_In__Reject","Victim__J_In__C_In__Reject",1,0,0,0,0,0,0,0,0,0,0,0,0,0,0,0,0,0,0,0,0,0,0,0,0,0,0
112,7,2,"victim",0,20,2,2,1,2,1,2,TRUE,2.46428571428571,2.42857142857143,2.75,2.42857142857143,2.16666666666667,2,2,2,2,2,2,"In","In","ingroup","ingroup",0,0,0,1,1,0,"In","In",,0,0,0,0,0,0,0,0,0,"Victim__J_In__C_In",0,-9,9,"Ing_x_Ing","Ing_x_Ing__Victim","Ing_x_Ing__Accept","Ing_x_Ing__Victim__Accept",0,0,0,0,1,0,"Victim__J_In__C_In__Accept","Victim__J_In__C_In__Accept",1,0,0,0,0,0,0,0,0,0,0,0,0,0,0,0,0,0,0,0,0,0,0,0,0,0,0
113,3,1,"observer",1,18,2,2,1,2,1,2,TRUE,2.67857142857143,2.14285714285714,3,2.85714285714286,2.66666666666667,2,2,1,2,1,1,"In","Out","ingroup","outgroup",0,0,1,0,1,0,"In","Out","Out",0,0,1,0,0,0,1,0,1,"Observer__J_In__C_Out__V_Out",0,-4,4,"Hum_x_Ing","Hum_x_Ing__Observer","Hum_x_Ing__Accept","Hum_x_Ing__Observer__Accept",0,1,0,0,0,0,"Observer__J_In__C_Out__V_Out__Accept","Observer__J_In__C_Out__V_Out__Accept",0,0,0,0,0,0,0,0,0,0,0,0,0,0,0,0,0,0,0,0,0,1,0,0,0,0,0
113,3,2,"observer",1,18,2,2,1,2,1,2,TRUE,2.67857142857143,2.14285714285714,3,2.85714285714286,2.66666666666667,2,2,1,1,2,1,"In","Out","outgroup","ingroup",1,0,1,1,0,1,"Out","In","Out",0,0,1,0,1,0,0,0,1,"Observer__J_Out__C_In__V_Out",0,4,-4,"Hum_x_Hum","Hum_x_Hum__Observer","Hum_x_Hum__Reject","Hum_x_Hum__Observer__Reject",1,0,0,0,0,0,"Observer__J_Out__C_In__V_Out__Reject","Observer__J_Out__C_In__V_Out__Reject",0,0,0,0,0,0,0,0,0,0,0,0,0,0,0,0,0,0,0,1,0,0,0,0,0,0,0
113,8,1,"victim",0,18,2,2,1,2,1,2,TRUE,2.67857142857143,2.14285714285714,3,2.85714285714286,2.66666666666667,2,1,2,1,2,2,"Out","In","outgroup","ingroup",1,0,0,0,0,0,"Out","In",,1,0,0,0,1,0,0,0,0,"Victim__J_Out__C_In",0,9,-9,"Ing_x_Hum","Ing_x_Hum__Victim","Ing_x_Hum__Reject","Ing_x_Hum__Victim__Reject",0,0,0,1,0,0,"Victim__J_Out__C_In__Reject","Victim__J_Out__C_In__Reject",0,1,0,0,0,0,0,0,0,0,0,0,0,0,0,0,0,0,0,0,0,0,0,0,0,0,0
113,8,2,"victim",0,18,2,2,1,2,1,2,TRUE,2.67857142857143,2.14285714285714,3,2.85714285714286,2.66666666666667,2,1,2,2,1,2,"Out","In","ingroup","outgroup",0,0,0,1,0,0,"In","Out",,1,0,0,0,0,0,1,0,0,"Victim__J_In__C_Out",0,9,-9,"Ing_x_Ing","Ing_x_Ing__Victim","Ing_x_Ing__Reject","Ing_x_Ing__Victim__Reject",0,0,0,0,1,0,"Victim__J_In__C_Out__Reject","Victim__J_In__C_Out__Reject",0,0,0,1,0,0,0,0,0,0,0,0,0,0,0,0,0,0,0,0,0,0,0,0,0,0,0
113,10,1,"victim",0,18,2,2,1,2,1,2,TRUE,2.67857142857143,2.14285714285714,3,2.85714285714286,2.66666666666667,2,2,1,2,1,2,"In","Out","ingroup","outgroup",0,0,0,1,0,0,"In","Out",,0,0,1,0,0,0,1,0,0,"Victim__J_In__C_Out",0,9,-9,"Ing_x_Ing","Ing_x_Ing__Victim","Ing_x_Ing__Reject","Ing_x_Ing__Victim__Reject",0,0,0,0,1,0,"Victim__J_In__C_Out__Reject","Victim__J_In__C_Out__Reject",0,0,0,1,0,0,0,0,0,0,0,0,0,0,0,0,0,0,0,0,0,0,0,0,0,0,0
113,10,2,"victim",0,18,2,2,1,2,1,2,TRUE,2.67857142857143,2.14285714285714,3,2.85714285714286,2.66666666666667,2,2,1,1,2,2,"In","Out","outgroup","ingroup",1,0,0,0,0,0,"Out","In",,0,0,1,0,1,0,0,0,0,"Victim__J_Out__C_In",0,9,-9,"Ing_x_Hum","Ing_x_Hum__Victim","Ing_x_Hum__Reject","Ing_x_Hum__Victim__Reject",0,0,0,1,0,0,"Victim__J_Out__C_In__Reject","Victim__J_Out__C_In__Reject",0,1,0,0,0,0,0,0,0,0,0,0,0,0,0,0,0,0,0,0,0,0,0,0,0,0,0
115,1,1,"observer",1,18,4,1,0,1,0,2,TRUE,2.64285714285714,2.42857142857143,2.625,2.85714285714286,2.66666666666667,1,1,2,1,2,2,"In","Out","ingroup","outgroup",0,0,1,0,0,0,"In","Out","Out",0,0,1,0,0,0,1,0,1,"Observer__J_In__C_Out__V_Out",0,9,-9,"Ing_x_Hum","Ing_x_Hum__Observer","Ing_x_Hum__Reject","Ing_x_Hum__Observer__Reject",0,0,0,1,0,0,"Observer__J_In__C_Out__V_Out__Reject","Observer__J_In__C_Out__V_Out__Reject",0,0,0,0,0,0,0,0,0,0,0,0,0,0,0,0,0,0,0,0,0,1,0,0,0,0,0
115,1,2,"observer",1,18,4,1,0,1,0,2,TRUE,2.64285714285714,2.42857142857143,2.625,2.85714285714286,2.66666666666667,1,1,2,2,1,2,"In","Out","outgroup","ingroup",1,0,1,1,0,0,"Out","In","Out",0,0,1,0,1,0,0,0,1,"Observer__J_Out__C_In__V_Out",0,9,-9,"Ing_x_Ing","Ing_x_Ing__Observer","Ing_x_Ing__Reject","Ing_x_Ing__Observer__Reject",0,0,0,0,1,0,"Observer__J_Out__C_In__V_Out__Reject","Observer__J_Out__C_In__V_Out__Reject",0,0,0,0,0,0,0,0,0,0,0,0,0,0,0,0,0,0,0,1,0,0,0,0,0,0,0
115,3,1,"observer",1,18,4,1,0,1,0,2,TRUE,2.64285714285714,2.42857142857143,2.625,2.85714285714286,2.66666666666667,1,2,1,2,1,1,"Out","In","outgroup","ingroup",1,0,0,0,1,1,"Out","In","In",1,0,0,0,1,0,0,0,0,"Observer__J_Out__C_In__V_In",0,-6,6,"Hum_x_Ing","Hum_x_Ing__Observer","Hum_x_Ing__Accept","Hum_x_Ing__Observer__Accept",0,1,0,0,0,0,"Observer__J_Out__C_In__V_In__Accept","Observer__J_Out__C_In__V_In__Accept",0,0,0,0,0,0,0,0,0,0,1,0,0,0,0,0,0,0,0,0,0,0,0,0,0,0,0
115,3,2,"observer",1,18,4,1,0,1,0,2,TRUE,2.64285714285714,2.42857142857143,2.625,2.85714285714286,2.66666666666667,1,2,1,1,2,1,"Out","In","ingroup","outgroup",0,0,0,1,1,1,"In","Out","In",1,0,0,0,0,0,1,0,0,"Observer__J_In__C_Out__V_In",0,-6,6,"Hum_x_Hum","Hum_x_Hum__Observer","Hum_x_Hum__Accept","Hum_x_Hum__Observer__Accept",1,0,0,0,0,0,"Observer__J_In__C_Out__V_In__Accept","Observer__J_In__C_Out__V_In__Accept",0,0,0,0,0,0,0,0,0,0,0,0,1,0,0,0,0,0,0,0,0,0,0,0,0,0,0
115,4,1,"observer",1,18,4,1,0,1,0,2,TRUE,2.64285714285714,2.42857142857143,2.625,2.85714285714286,2.66666666666667,1,1,1,1,1,2,"In","In","ingroup","ingroup",0,0,1,0,1,1,"In","In","Out",0,0,0,0,0,0,0,0,1,"Observer__J_In__C_In__V_Out",0,-8,8,"Ing_x_Hum","Ing_x_Hum__Observer","Ing_x_Hum__Accept","Ing_x_Hum__Observer__Accept",0,0,0,1,0,0,"Observer__J_In__C_In__V_Out__Accept","Observer__J_In__C_In__V_Out__Accept",0,0,0,0,0,0,0,0,0,0,0,0,0,0,0,0,0,0,1,0,0,0,0,0,0,0,0
115,4,2,"observer",1,18,4,1,0,1,0,2,TRUE,2.64285714285714,2.42857142857143,2.625,2.85714285714286,2.66666666666667,1,1,1,1,1,2,"In","In","ingroup","ingroup",0,0,1,0,1,1,"In","In","Out",0,0,0,0,0,0,0,0,1,"Observer__J_In__C_In__V_Out",0,-8,8,"Ing_x_Hum","Ing_x_Hum__Observer","Ing_x_Hum__Accept","Ing_x_Hum__Observer__Accept",0,0,0,1,0,0,"Observer__J_In__C_In__V_Out__Accept","Observer__J_In__C_In__V_Out__Accept",0,0,0,0,0,0,0,0,0,0,0,0,0,0,0,0,0,0,1,0,0,0,0,0,0,0,0
116,2,1,"victim",0,18,2,1,0,1,0,1,TRUE,2.57142857142857,2.42857142857143,2.125,3,2.83333333333333,1,2,1,2,1,1,"Out","In","outgroup","ingroup",1,0,0,0,0,1,"Out","In",,1,0,0,0,1,0,0,0,0,"Victim__J_Out__C_In",0,9,-9,"Hum_x_Ing","Hum_x_Ing__Victim","Hum_x_Ing__Reject","Hum_x_Ing__Victim__Reject",0,1,0,0,0,0,"Victim__J_Out__C_In__Reject","Victim__J_Out__C_In__Reject",0,1,0,0,0,0,0,0,0,0,0,0,0,0,0,0,0,0,0,0,0,0,0,0,0,0,0
116,2,2,"victim",0,18,2,1,0,1,0,1,TRUE,2.57142857142857,2.42857142857143,2.125,3,2.83333333333333,1,2,1,1,2,1,"Out","In","ingroup","outgroup",0,0,0,1,1,0,"In","Out",,1,0,0,0,0,0,1,0,0,"Victim__J_In__C_Out",0,0,0,"Hum_x_Hum","Hum_x_Hum__Victim","Hum_x_Hum__Accept","Hum_x_Hum__Victim__Accept",1,0,0,0,0,0,"Victim__J_In__C_Out__Accept","Victim__J_In__C_Out__Accept",0,0,0,1,0,0,0,0,0,0,0,0,0,0,0,0,0,0,0,0,0,0,0,0,0,0,0
116,3,1,"victim",0,18,2,1,0,1,0,1,TRUE,2.57142857142857,2.42857142857143,2.125,3,2.83333333333333,1,1,1,1,1,1,"In","In","ingroup","ingroup",0,0,0,1,1,0,"In","In",,0,0,0,0,0,0,0,0,0,"Victim__J_In__C_In",0,0,0,"Hum_x_Hum","Hum_x_Hum__Victim","Hum_x_Hum__Accept","Hum_x_Hum__Victim__Accept",1,0,0,0,0,0,"Victim__J_In__C_In__Accept","Victim__J_In__C_In__Accept",1,0,0,0,0,0,0,0,0,0,0,0,0,0,0,0,0,0,0,0,0,0,0,0,0,0,0
116,3,2,"victim",0,18,2,1,0,1,0,1,TRUE,2.57142857142857,2.42857142857143,2.125,3,2.83333333333333,1,1,1,1,1,1,"In","In","ingroup","ingroup",0,0,0,1,0,1,"In","In",,0,0,0,0,0,0,0,0,0,"Victim__J_In__C_In",0,9,-9,"Hum_x_Hum","Hum_x_Hum__Victim","Hum_x_Hum__Reject","Hum_x_Hum__Victim__Reject",1,0,0,0,0,0,"Victim__J_In__C_In__Reject","Victim__J_In__C_In__Reject",1,0,0,0,0,0,0,0,0,0,0,0,0,0,0,0,0,0,0,0,0,0,0,0,0,0,0
116,10,1,"observer",1,18,2,1,0,1,0,1,TRUE,2.57142857142857,2.42857142857143,2.125,3,2.83333333333333,1,2,2,2,2,2,"Out","Out","outgroup","outgroup",1,0,1,1,1,1,"Out","Out","Out",1,0,1,0,1,0,1,0,1,"Observer__J_Out__C_Out__V_Out",0,0,0,"Ing_x_Ing","Ing_x_Ing__Observer","Ing_x_Ing__Accept","Ing_x_Ing__Observer__Accept",0,0,0,0,1,0,"Observer__J_Out__C_Out__V_Out__Accept","Observer__J_Out__C_Out__V_Out__Accept",0,0,0,0,0,0,0,0,0,0,0,0,0,0,0,0,0,0,0,0,0,0,1,0,0,0,0
116,10,2,"observer",1,18,2,1,0,1,0,1,TRUE,2.57142857142857,2.42857142857143,2.125,3,2.83333333333333,1,2,2,2,2,2,"Out","Out","outgroup","outgroup",1,0,1,1,1,1,"Out","Out","Out",1,0,1,0,1,0,1,0,1,"Observer__J_Out__C_Out__V_Out",0,0,0,"Ing_x_Ing","Ing_x_Ing__Observer","Ing_x_Ing__Accept","Ing_x_Ing__Observer__Accept",0,0,0,0,1,0,"Observer__J_Out__C_Out__V_Out__Accept","Observer__J_Out__C_Out__V_Out__Accept",0,0,0,0,0,0,0,0,0,0,0,0,0,0,0,0,0,0,0,0,0,0,1,0,0,0,0
117,2,1,"observer",1,19,3,1,0,2,1,2,TRUE,2.89285714285714,2.71428571428571,3,2.85714285714286,3,2,1,2,1,2,2,"Out","In","outgroup","ingroup",1,0,0,0,1,1,"Out","In","In",1,0,0,0,1,0,0,0,0,"Observer__J_Out__C_In__V_In",0,-9,9,"Ing_x_Hum","Ing_x_Hum__Observer","Ing_x_Hum__Accept","Ing_x_Hum__Observer__Accept",0,0,0,1,0,0,"Observer__J_Out__C_In__V_In__Accept","Observer__J_Out__C_In__V_In__Accept",0,0,0,0,0,0,0,0,0,0,1,0,0,0,0,0,0,0,0,0,0,0,0,0,0,0,0
117,2,2,"observer",1,19,3,1,0,2,1,2,TRUE,2.89285714285714,2.71428571428571,3,2.85714285714286,3,2,1,2,2,1,2,"Out","In","ingroup","outgroup",0,0,0,1,1,1,"In","Out","In",1,0,0,0,0,0,1,0,0,"Observer__J_In__C_Out__V_In",0,-9,9,"Ing_x_Ing","Ing_x_Ing__Observer","Ing_x_Ing__Accept","Ing_x_Ing__Observer__Accept",0,0,0,0,1,0,"Observer__J_In__C_Out__V_In__Accept","Observer__J_In__C_Out__V_In__Accept",0,0,0,0,0,0,0,0,0,0,0,0,1,0,0,0,0,0,0,0,0,0,0,0,0,0,0
117,5,1,"observer",1,19,3,1,0,2,1,2,TRUE,2.89285714285714,2.71428571428571,3,2.85714285714286,3,2,2,1,2,1,1,"In","Out","ingroup","outgroup",0,0,1,0,0,0,"In","Out","Out",0,0,1,0,0,0,1,0,1,"Observer__J_In__C_Out__V_Out",0,9,-9,"Hum_x_Ing","Hum_x_Ing__Observer","Hum_x_Ing__Reject","Hum_x_Ing__Observer__Reject",0,1,0,0,0,0,"Observer__J_In__C_Out__V_Out__Reject","Observer__J_In__C_Out__V_Out__Reject",0,0,0,0,0,0,0,0,0,0,0,0,0,0,0,0,0,0,0,0,0,1,0,0,0,0,0
117,5,2,"observer",1,19,3,1,0,2,1,2,TRUE,2.89285714285714,2.71428571428571,3,2.85714285714286,3,2,2,1,1,2,1,"In","Out","outgroup","ingroup",1,0,1,1,0,0,"Out","In","Out",0,0,1,0,1,0,0,0,1,"Observer__J_Out__C_In__V_Out",0,9,-9,"Hum_x_Hum","Hum_x_Hum__Observer","Hum_x_Hum__Reject","Hum_x_Hum__Observer__Reject",1,0,0,0,0,0,"Observer__J_Out__C_In__V_Out__Reject","Observer__J_Out__C_In__V_Out__Reject",0,0,0,0,0,0,0,0,0,0,0,0,0,0,0,0,0,0,0,1,0,0,0,0,0,0,0
117,6,1,"victim",0,19,3,1,0,2,1,2,TRUE,2.89285714285714,2.71428571428571,3,2.85714285714286,3,2,1,1,1,1,2,"Out","Out","outgroup","outgroup",1,0,0,0,0,0,"Out","Out",,1,0,1,0,1,0,1,0,0,"Victim__J_Out__C_Out",0,9,-9,"Ing_x_Hum","Ing_x_Hum__Victim","Ing_x_Hum__Reject","Ing_x_Hum__Victim__Reject",0,0,0,1,0,0,"Victim__J_Out__C_Out__Reject","Victim__J_Out__C_Out__Reject",0,0,0,0,1,0,0,0,0,0,0,0,0,0,0,0,0,0,0,0,0,0,0,0,0,0,0
117,6,2,"victim",0,19,3,1,0,2,1,2,TRUE,2.89285714285714,2.71428571428571,3,2.85714285714286,3,2,1,1,1,1,2,"Out","Out","outgroup","outgroup",1,0,0,0,0,0,"Out","Out",,1,0,1,0,1,0,1,0,0,"Victim__J_Out__C_Out",0,9,-9,"Ing_x_Hum","Ing_x_Hum__Victim","Ing_x_Hum__Reject","Ing_x_Hum__Victim__Reject",0,0,0,1,0,0,"Victim__J_Out__C_Out__Reject","Victim__J_Out__C_Out__Reject",0,0,0,0,1,0,0,0,0,0,0,0,0,0,0,0,0,0,0,0,0,0,0,0,0,0,0
117,8,1,"victim",0,19,3,1,0,2,1,2,TRUE,2.89285714285714,2.71428571428571,3,2.85714285714286,3,2,2,2,2,2,2,"In","In","ingroup","ingroup",0,0,0,1,1,1,"In","In",,0,0,0,0,0,0,0,0,0,"Victim__J_In__C_In",0,-9,9,"Ing_x_Ing","Ing_x_Ing__Victim","Ing_x_Ing__Accept","Ing_x_Ing__Victim__Accept",0,0,0,0,1,0,"Victim__J_In__C_In__Accept","Victim__J_In__C_In__Accept",1,0,0,0,0,0,0,0,0,0,0,0,0,0,0,0,0,0,0,0,0,0,0,0,0,0,0
117,8,2,"victim",0,19,3,1,0,2,1,2,TRUE,2.89285714285714,2.71428571428571,3,2.85714285714286,3,2,2,2,2,2,2,"In","In","ingroup","ingroup",0,0,0,1,1,1,"In","In",,0,0,0,0,0,0,0,0,0,"Victim__J_In__C_In",0,-9,9,"Ing_x_Ing","Ing_x_Ing__Victim","Ing_x_Ing__Accept","Ing_x_Ing__Victim__Accept",0,0,0,0,1,0,"Victim__J_In__C_In__Accept","Victim__J_In__C_In__Accept",1,0,0,0,0,0,0,0,0,0,0,0,0,0,0,0,0,0,0,0,0,0,0,0,0,0,0
117,9,1,"victim",0,19,3,1,0,2,1,2,TRUE,2.89285714285714,2.71428571428571,3,2.85714285714286,3,2,2,1,2,1,2,"In","Out","ingroup","outgroup",0,0,0,1,1,1,"In","Out",,0,0,1,0,0,0,1,0,0,"Victim__J_In__C_Out",0,-9,9,"Ing_x_Ing","Ing_x_Ing__Victim","Ing_x_Ing__Accept","Ing_x_Ing__Victim__Accept",0,0,0,0,1,0,"Victim__J_In__C_Out__Accept","Victim__J_In__C_Out__Accept",0,0,0,1,0,0,0,0,0,0,0,0,0,0,0,0,0,0,0,0,0,0,0,0,0,0,0
117,9,2,"victim",0,19,3,1,0,2,1,2,TRUE,2.89285714285714,2.71428571428571,3,2.85714285714286,3,2,2,1,1,2,2,"In","Out","outgroup","ingroup",1,0,0,0,1,1,"Out","In",,0,0,1,0,1,0,0,0,0,"Victim__J_Out__C_In",0,-9,9,"Ing_x_Hum","Ing_x_Hum__Victim","Ing_x_Hum__Accept","Ing_x_Hum__Victim__Accept",0,0,0,1,0,0,"Victim__J_Out__C_In__Accept","Victim__J_Out__C_In__Accept",0,1,0,0,0,0,0,0,0,0,0,0,0,0,0,0,0,0,0,0,0,0,0,0,0,0,0
117,10,1,"victim",0,19,3,1,0,2,1,2,TRUE,2.89285714285714,2.71428571428571,3,2.85714285714286,3,2,1,2,1,2,2,"Out","In","outgroup","ingroup",1,0,0,0,1,0,"Out","In",,1,0,0,0,1,0,0,0,0,"Victim__J_Out__C_In",0,-9,9,"Ing_x_Hum","Ing_x_Hum__Victim","Ing_x_Hum__Accept","Ing_x_Hum__Victim__Accept",0,0,0,1,0,0,"Victim__J_Out__C_In__Accept","Victim__J_Out__C_In__Accept",0,1,0,0,0,0,0,0,0,0,0,0,0,0,0,0,0,0,0,0,0,0,0,0,0,0,0
117,10,2,"victim",0,19,3,1,0,2,1,2,TRUE,2.89285714285714,2.71428571428571,3,2.85714285714286,3,2,1,2,2,1,2,"Out","In","ingroup","outgroup",0,0,0,1,0,1,"In","Out",,1,0,0,0,0,0,1,0,0,"Victim__J_In__C_Out",0,9,-9,"Ing_x_Ing","Ing_x_Ing__Victim","Ing_x_Ing__Reject","Ing_x_Ing__Victim__Reject",0,0,0,0,1,0,"Victim__J_In__C_Out__Reject","Victim__J_In__C_Out__Reject",0,0,0,1,0,0,0,0,0,0,0,0,0,0,0,0,0,0,0,0,0,0,0,0,0,0,0
118,2,1,"victim",0,19,3,2,1,2,1,1,TRUE,2.71428571428571,2.28571428571429,2.875,3.28571428571429,2.33333333333333,2,2,2,2,2,2,"In","In","ingroup","ingroup",0,0,0,1,0,0,"In","In",,0,0,0,0,0,0,0,0,0,"Victim__J_In__C_In",0,9,-9,"Ing_x_Ing","Ing_x_Ing__Victim","Ing_x_Ing__Reject","Ing_x_Ing__Victim__Reject",0,0,0,0,1,0,"Victim__J_In__C_In__Reject","Victim__J_In__C_In__Reject",1,0,0,0,0,0,0,0,0,0,0,0,0,0,0,0,0,0,0,0,0,0,0,0,0,0,0
118,2,2,"victim",0,19,3,2,1,2,1,1,TRUE,2.71428571428571,2.28571428571429,2.875,3.28571428571429,2.33333333333333,2,2,2,2,2,2,"In","In","ingroup","ingroup",0,0,0,1,0,0,"In","In",,0,0,0,0,0,0,0,0,0,"Victim__J_In__C_In",0,9,-9,"Ing_x_Ing","Ing_x_Ing__Victim","Ing_x_Ing__Reject","Ing_x_Ing__Victim__Reject",0,0,0,0,1,0,"Victim__J_In__C_In__Reject","Victim__J_In__C_In__Reject",1,0,0,0,0,0,0,0,0,0,0,0,0,0,0,0,0,0,0,0,0,0,0,0,0,0,0
118,5,1,"victim",0,19,3,2,1,2,1,1,TRUE,2.71428571428571,2.28571428571429,2.875,3.28571428571429,2.33333333333333,2,1,2,1,2,2,"Out","In","outgroup","ingroup",1,0,0,0,0,0,"Out","In",,1,0,0,0,1,0,0,0,0,"Victim__J_Out__C_In",0,9,-9,"Ing_x_Hum","Ing_x_Hum__Victim","Ing_x_Hum__Reject","Ing_x_Hum__Victim__Reject",0,0,0,1,0,0,"Victim__J_Out__C_In__Reject","Victim__J_Out__C_In__Reject",0,1,0,0,0,0,0,0,0,0,0,0,0,0,0,0,0,0,0,0,0,0,0,0,0,0,0
118,5,2,"victim",0,19,3,2,1,2,1,1,TRUE,2.71428571428571,2.28571428571429,2.875,3.28571428571429,2.33333333333333,2,1,2,2,1,2,"Out","In","ingroup","outgroup",0,0,0,1,0,0,"In","Out",,1,0,0,0,0,0,1,0,0,"Victim__J_In__C_Out",0,9,-9,"Ing_x_Ing","Ing_x_Ing__Victim","Ing_x_Ing__Reject","Ing_x_Ing__Victim__Reject",0,0,0,0,1,0,"Victim__J_In__C_Out__Reject","Victim__J_In__C_Out__Reject",0,0,0,1,0,0,0,0,0,0,0,0,0,0,0,0,0,0,0,0,0,0,0,0,0,0,0
118,7,1,"observer",1,19,3,2,1,2,1,1,TRUE,2.71428571428571,2.28571428571429,2.875,3.28571428571429,2.33333333333333,2,1,2,1,2,1,"Out","In","outgroup","ingroup",1,0,1,1,1,0,"Out","In","Out",1,0,0,0,1,0,0,0,1,"Observer__J_Out__C_In__V_Out",0,4,-4,"Hum_x_Hum","Hum_x_Hum__Observer","Hum_x_Hum__Accept","Hum_x_Hum__Observer__Accept",1,0,0,0,0,0,"Observer__J_Out__C_In__V_Out__Accept","Observer__J_Out__C_In__V_Out__Accept",0,0,0,0,0,0,0,0,0,0,0,0,0,0,0,0,0,0,0,1,0,0,0,0,0,0,0
118,7,2,"observer",1,19,3,2,1,2,1,1,TRUE,2.71428571428571,2.28571428571429,2.875,3.28571428571429,2.33333333333333,2,1,2,2,1,1,"Out","In","ingroup","outgroup",0,0,1,0,0,1,"In","Out","Out",1,0,0,0,0,0,1,0,1,"Observer__J_In__C_Out__V_Out",0,8,-8,"Hum_x_Ing","Hum_x_Ing__Observer","Hum_x_Ing__Reject","Hum_x_Ing__Observer__Reject",0,1,0,0,0,0,"Observer__J_In__C_Out__V_Out__Reject","Observer__J_In__C_Out__V_Out__Reject",0,0,0,0,0,0,0,0,0,0,0,0,0,0,0,0,0,0,0,0,0,1,0,0,0,0,0
118,10,1,"observer",1,19,3,2,1,2,1,1,TRUE,2.71428571428571,2.28571428571429,2.875,3.28571428571429,2.33333333333333,2,1,1,1,1,1,"Out","Out","outgroup","outgroup",1,0,1,1,1,0,"Out","Out","Out",1,0,1,0,1,0,1,0,1,"Observer__J_Out__C_Out__V_Out",0,4,-4,"Hum_x_Hum","Hum_x_Hum__Observer","Hum_x_Hum__Accept","Hum_x_Hum__Observer__Accept",1,0,0,0,0,0,"Observer__J_Out__C_Out__V_Out__Accept","Observer__J_Out__C_Out__V_Out__Accept",0,0,0,0,0,0,0,0,0,0,0,0,0,0,0,0,0,0,0,0,0,0,1,0,0,0,0
118,10,2,"observer",1,19,3,2,1,2,1,1,TRUE,2.71428571428571,2.28571428571429,2.875,3.28571428571429,2.33333333333333,2,1,1,1,1,1,"Out","Out","outgroup","outgroup",1,0,1,1,0,1,"Out","Out","Out",1,0,1,0,1,0,1,0,1,"Observer__J_Out__C_Out__V_Out",0,8,-8,"Hum_x_Hum","Hum_x_Hum__Observer","Hum_x_Hum__Reject","Hum_x_Hum__Observer__Reject",1,0,0,0,0,0,"Observer__J_Out__C_Out__V_Out__Reject","Observer__J_Out__C_Out__V_Out__Reject",0,0,0,0,0,0,0,0,0,0,0,0,0,0,0,0,0,0,0,0,0,0,1,0,0,0,0
119,3,1,"observer",1,18,4,2,1,2,1,2,TRUE,1.78571428571429,1.57142857142857,1.875,1.85714285714286,1.83333333333333,2,1,1,1,1,1,"Out","Out","outgroup","outgroup",1,0,1,1,0,1,"Out","Out","Out",1,0,1,0,1,0,1,0,1,"Observer__J_Out__C_Out__V_Out",0,9,-9,"Hum_x_Hum","Hum_x_Hum__Observer","Hum_x_Hum__Reject","Hum_x_Hum__Observer__Reject",1,0,0,0,0,0,"Observer__J_Out__C_Out__V_Out__Reject","Observer__J_Out__C_Out__V_Out__Reject",0,0,0,0,0,0,0,0,0,0,0,0,0,0,0,0,0,0,0,0,0,0,1,0,0,0,0
119,3,2,"observer",1,18,4,2,1,2,1,2,TRUE,1.78571428571429,1.57142857142857,1.875,1.85714285714286,1.83333333333333,2,1,1,1,1,1,"Out","Out","outgroup","outgroup",1,0,1,1,1,0,"Out","Out","Out",1,0,1,0,1,0,1,0,1,"Observer__J_Out__C_Out__V_Out",0,-9,9,"Hum_x_Hum","Hum_x_Hum__Observer","Hum_x_Hum__Accept","Hum_x_Hum__Observer__Accept",1,0,0,0,0,0,"Observer__J_Out__C_Out__V_Out__Accept","Observer__J_Out__C_Out__V_Out__Accept",0,0,0,0,0,0,0,0,0,0,0,0,0,0,0,0,0,0,0,0,0,0,1,0,0,0,0
119,4,1,"observer",1,18,4,2,1,2,1,2,TRUE,1.78571428571429,1.57142857142857,1.875,1.85714285714286,1.83333333333333,2,1,2,1,2,1,"Out","In","outgroup","ingroup",1,0,1,1,1,1,"Out","In","Out",1,0,0,0,1,0,0,0,1,"Observer__J_Out__C_In__V_Out",0,-5,5,"Hum_x_Hum","Hum_x_Hum__Observer","Hum_x_Hum__Accept","Hum_x_Hum__Observer__Accept",1,0,0,0,0,0,"Observer__J_Out__C_In__V_Out__Accept","Observer__J_Out__C_In__V_Out__Accept",0,0,0,0,0,0,0,0,0,0,0,0,0,0,0,0,0,0,0,1,0,0,0,0,0,0,0
119,4,2,"observer",1,18,4,2,1,2,1,2,TRUE,1.78571428571429,1.57142857142857,1.875,1.85714285714286,1.83333333333333,2,1,2,2,1,1,"Out","In","ingroup","outgroup",0,0,1,0,1,1,"In","Out","Out",1,0,0,0,0,0,1,0,1,"Observer__J_In__C_Out__V_Out",0,0,0,"Hum_x_Ing","Hum_x_Ing__Observer","Hum_x_Ing__Accept","Hum_x_Ing__Observer__Accept",0,1,0,0,0,0,"Observer__J_In__C_Out__V_Out__Accept","Observer__J_In__C_Out__V_Out__Accept",0,0,0,0,0,0,0,0,0,0,0,0,0,0,0,0,0,0,0,0,0,1,0,0,0,0,0
119,5,1,"observer",1,18,4,2,1,2,1,2,TRUE,1.78571428571429,1.57142857142857,1.875,1.85714285714286,1.83333333333333,2,2,2,2,2,1,"In","In","ingroup","ingroup",0,0,1,0,0,0,"In","In","Out",0,0,0,0,0,0,0,0,1,"Observer__J_In__C_In__V_Out",0,8,-8,"Hum_x_Ing","Hum_x_Ing__Observer","Hum_x_Ing__Reject","Hum_x_Ing__Observer__Reject",0,1,0,0,0,0,"Observer__J_In__C_In__V_Out__Reject","Observer__J_In__C_In__V_Out__Reject",0,0,0,0,0,0,0,0,0,0,0,0,0,0,0,0,0,0,1,0,0,0,0,0,0,0,0
119,5,2,"observer",1,18,4,2,1,2,1,2,TRUE,1.78571428571429,1.57142857142857,1.875,1.85714285714286,1.83333333333333,2,2,2,2,2,1,"In","In","ingroup","ingroup",0,0,1,0,0,0,"In","In","Out",0,0,0,0,0,0,0,0,1,"Observer__J_In__C_In__V_Out",0,8,-8,"Hum_x_Ing","Hum_x_Ing__Observer","Hum_x_Ing__Reject","Hum_x_Ing__Observer__Reject",0,1,0,0,0,0,"Observer__J_In__C_In__V_Out__Reject","Observer__J_In__C_In__V_Out__Reject",0,0,0,0,0,0,0,0,0,0,0,0,0,0,0,0,0,0,1,0,0,0,0,0,0,0,0
119,7,1,"victim",0,18,4,2,1,2,1,2,TRUE,1.78571428571429,1.57142857142857,1.875,1.85714285714286,1.83333333333333,2,1,2,1,2,2,"Out","In","outgroup","ingroup",1,0,0,0,0,1,"Out","In",,1,0,0,0,1,0,0,0,0,"Victim__J_Out__C_In",0,8,-8,"Ing_x_Hum","Ing_x_Hum__Victim","Ing_x_Hum__Reject","Ing_x_Hum__Victim__Reject",0,0,0,1,0,0,"Victim__J_Out__C_In__Reject","Victim__J_Out__C_In__Reject",0,1,0,0,0,0,0,0,0,0,0,0,0,0,0,0,0,0,0,0,0,0,0,0,0,0,0
119,7,2,"victim",0,18,4,2,1,2,1,2,TRUE,1.78571428571429,1.57142857142857,1.875,1.85714285714286,1.83333333333333,2,1,2,2,1,2,"Out","In","ingroup","outgroup",0,0,0,1,1,0,"In","Out",,1,0,0,0,0,0,1,0,0,"Victim__J_In__C_Out",0,-8,8,"Ing_x_Ing","Ing_x_Ing__Victim","Ing_x_Ing__Accept","Ing_x_Ing__Victim__Accept",0,0,0,0,1,0,"Victim__J_In__C_Out__Accept","Victim__J_In__C_Out__Accept",0,0,0,1,0,0,0,0,0,0,0,0,0,0,0,0,0,0,0,0,0,0,0,0,0,0,0
119,8,1,"victim",0,18,4,2,1,2,1,2,TRUE,1.78571428571429,1.57142857142857,1.875,1.85714285714286,1.83333333333333,2,2,2,2,2,2,"In","In","ingroup","ingroup",0,0,0,1,0,0,"In","In",,0,0,0,0,0,0,0,0,0,"Victim__J_In__C_In",0,8,-8,"Ing_x_Ing","Ing_x_Ing__Victim","Ing_x_Ing__Reject","Ing_x_Ing__Victim__Reject",0,0,0,0,1,0,"Victim__J_In__C_In__Reject","Victim__J_In__C_In__Reject",1,0,0,0,0,0,0,0,0,0,0,0,0,0,0,0,0,0,0,0,0,0,0,0,0,0,0
119,8,2,"victim",0,18,4,2,1,2,1,2,TRUE,1.78571428571429,1.57142857142857,1.875,1.85714285714286,1.83333333333333,2,2,2,2,2,2,"In","In","ingroup","ingroup",0,0,0,1,0,0,"In","In",,0,0,0,0,0,0,0,0,0,"Victim__J_In__C_In",0,8,-8,"Ing_x_Ing","Ing_x_Ing__Victim","Ing_x_Ing__Reject","Ing_x_Ing__Victim__Reject",0,0,0,0,1,0,"Victim__J_In__C_In__Reject","Victim__J_In__C_In__Reject",1,0,0,0,0,0,0,0,0,0,0,0,0,0,0,0,0,0,0,0,0,0,0,0,0,0,0
119,9,1,"victim",0,18,4,2,1,2,1,2,TRUE,1.78571428571429,1.57142857142857,1.875,1.85714285714286,1.83333333333333,2,2,2,2,2,2,"In","In","ingroup","ingroup",0,0,0,1,1,1,"In","In",,0,0,0,0,0,0,0,0,0,"Victim__J_In__C_In",0,-8,8,"Ing_x_Ing","Ing_x_Ing__Victim","Ing_x_Ing__Accept","Ing_x_Ing__Victim__Accept",0,0,0,0,1,0,"Victim__J_In__C_In__Accept","Victim__J_In__C_In__Accept",1,0,0,0,0,0,0,0,0,0,0,0,0,0,0,0,0,0,0,0,0,0,0,0,0,0,0
119,9,2,"victim",0,18,4,2,1,2,1,2,TRUE,1.78571428571429,1.57142857142857,1.875,1.85714285714286,1.83333333333333,2,2,2,2,2,2,"In","In","ingroup","ingroup",0,0,0,1,1,1,"In","In",,0,0,0,0,0,0,0,0,0,"Victim__J_In__C_In",0,-8,8,"Ing_x_Ing","Ing_x_Ing__Victim","Ing_x_Ing__Accept","Ing_x_Ing__Victim__Accept",0,0,0,0,1,0,"Victim__J_In__C_In__Accept","Victim__J_In__C_In__Accept",1,0,0,0,0,0,0,0,0,0,0,0,0,0,0,0,0,0,0,0,0,0,0,0,0,0,0
120,4,1,"victim",0,21,3,2,1,2,1,1,TRUE,2.32142857142857,2.14285714285714,2.5,2.42857142857143,2.16666666666667,2,2,1,2,1,2,"In","Out","ingroup","outgroup",0,0,0,1,0,1,"In","Out",,0,0,1,0,0,0,1,0,0,"Victim__J_In__C_Out",0,9,-9,"Ing_x_Ing","Ing_x_Ing__Victim","Ing_x_Ing__Reject","Ing_x_Ing__Victim__Reject",0,0,0,0,1,0,"Victim__J_In__C_Out__Reject","Victim__J_In__C_Out__Reject",0,0,0,1,0,0,0,0,0,0,0,0,0,0,0,0,0,0,0,0,0,0,0,0,0,0,0
120,4,2,"victim",0,21,3,2,1,2,1,1,TRUE,2.32142857142857,2.14285714285714,2.5,2.42857142857143,2.16666666666667,2,2,1,1,2,2,"In","Out","outgroup","ingroup",1,0,0,0,1,0,"Out","In",,0,0,1,0,1,0,0,0,0,"Victim__J_Out__C_In",0,-9,9,"Ing_x_Hum","Ing_x_Hum__Victim","Ing_x_Hum__Accept","Ing_x_Hum__Victim__Accept",0,0,0,1,0,0,"Victim__J_Out__C_In__Accept","Victim__J_Out__C_In__Accept",0,1,0,0,0,0,0,0,0,0,0,0,0,0,0,0,0,0,0,0,0,0,0,0,0,0,0
120,6,1,"observer",1,21,3,2,1,2,1,1,TRUE,2.32142857142857,2.14285714285714,2.5,2.42857142857143,2.16666666666667,2,2,2,2,2,2,"In","In","ingroup","ingroup",0,0,0,1,0,0,"In","In","In",0,0,0,0,0,0,0,0,0,"Observer__J_In__C_In__V_In",0,9,-9,"Ing_x_Ing","Ing_x_Ing__Observer","Ing_x_Ing__Reject","Ing_x_Ing__Observer__Reject",0,0,0,0,1,0,"Observer__J_In__C_In__V_In__Reject","Observer__J_In__C_In__V_In__Reject",0,0,0,0,0,0,0,0,0,1,0,0,0,0,0,0,0,0,0,0,0,0,0,0,0,0,0
120,6,2,"observer",1,21,3,2,1,2,1,1,TRUE,2.32142857142857,2.14285714285714,2.5,2.42857142857143,2.16666666666667,2,2,2,2,2,2,"In","In","ingroup","ingroup",0,0,0,1,0,0,"In","In","In",0,0,0,0,0,0,0,0,0,"Observer__J_In__C_In__V_In",0,9,-9,"Ing_x_Ing","Ing_x_Ing__Observer","Ing_x_Ing__Reject","Ing_x_Ing__Observer__Reject",0,0,0,0,1,0,"Observer__J_In__C_In__V_In__Reject","Observer__J_In__C_In__V_In__Reject",0,0,0,0,0,0,0,0,0,1,0,0,0,0,0,0,0,0,0,0,0,0,0,0,0,0,0
120,8,1,"observer",1,21,3,2,1,2,1,1,TRUE,2.32142857142857,2.14285714285714,2.5,2.42857142857143,2.16666666666667,2,2,1,2,1,2,"In","Out","ingroup","outgroup",0,0,0,1,0,0,"In","Out","In",0,0,1,0,0,0,1,0,0,"Observer__J_In__C_Out__V_In",0,9,-9,"Ing_x_Ing","Ing_x_Ing__Observer","Ing_x_Ing__Reject","Ing_x_Ing__Observer__Reject",0,0,0,0,1,0,"Observer__J_In__C_Out__V_In__Reject","Observer__J_In__C_Out__V_In__Reject",0,0,0,0,0,0,0,0,0,0,0,0,1,0,0,0,0,0,0,0,0,0,0,0,0,0,0
120,8,2,"observer",1,21,3,2,1,2,1,1,TRUE,2.32142857142857,2.14285714285714,2.5,2.42857142857143,2.16666666666667,2,2,1,1,2,2,"In","Out","outgroup","ingroup",1,0,0,0,0,0,"Out","In","In",0,0,1,0,1,0,0,0,0,"Observer__J_Out__C_In__V_In",0,9,-9,"Ing_x_Hum","Ing_x_Hum__Observer","Ing_x_Hum__Reject","Ing_x_Hum__Observer__Reject",0,0,0,1,0,0,"Observer__J_Out__C_In__V_In__Reject","Observer__J_Out__C_In__V_In__Reject",0,0,0,0,0,0,0,0,0,0,1,0,0,0,0,0,0,0,0,0,0,0,0,0,0,0,0
120,9,1,"observer",1,21,3,2,1,2,1,1,TRUE,2.32142857142857,2.14285714285714,2.5,2.42857142857143,2.16666666666667,2,2,2,2,2,1,"In","In","ingroup","ingroup",0,0,1,0,1,1,"In","In","Out",0,0,0,0,0,0,0,0,1,"Observer__J_In__C_In__V_Out",0,-9,9,"Hum_x_Ing","Hum_x_Ing__Observer","Hum_x_Ing__Accept","Hum_x_Ing__Observer__Accept",0,1,0,0,0,0,"Observer__J_In__C_In__V_Out__Accept","Observer__J_In__C_In__V_Out__Accept",0,0,0,0,0,0,0,0,0,0,0,0,0,0,0,0,0,0,1,0,0,0,0,0,0,0,0
120,9,2,"observer",1,21,3,2,1,2,1,1,TRUE,2.32142857142857,2.14285714285714,2.5,2.42857142857143,2.16666666666667,2,2,2,2,2,1,"In","In","ingroup","ingroup",0,0,1,0,1,1,"In","In","Out",0,0,0,0,0,0,0,0,1,"Observer__J_In__C_In__V_Out",0,-9,9,"Hum_x_Ing","Hum_x_Ing__Observer","Hum_x_Ing__Accept","Hum_x_Ing__Observer__Accept",0,1,0,0,0,0,"Observer__J_In__C_In__V_Out__Accept","Observer__J_In__C_In__V_Out__Accept",0,0,0,0,0,0,0,0,0,0,0,0,0,0,0,0,0,0,1,0,0,0,0,0,0,0,0
120,10,1,"observer",1,21,3,2,1,2,1,1,TRUE,2.32142857142857,2.14285714285714,2.5,2.42857142857143,2.16666666666667,2,2,1,2,1,2,"In","Out","ingroup","outgroup",0,0,0,1,1,0,"In","Out","In",0,0,1,0,0,0,1,0,0,"Observer__J_In__C_Out__V_In",0,-9,9,"Ing_x_Ing","Ing_x_Ing__Observer","Ing_x_Ing__Accept","Ing_x_Ing__Observer__Accept",0,0,0,0,1,0,"Observer__J_In__C_Out__V_In__Accept","Observer__J_In__C_Out__V_In__Accept",0,0,0,0,0,0,0,0,0,0,0,0,1,0,0,0,0,0,0,0,0,0,0,0,0,0,0
120,10,2,"observer",1,21,3,2,1,2,1,1,TRUE,2.32142857142857,2.14285714285714,2.5,2.42857142857143,2.16666666666667,2,2,1,1,2,2,"In","Out","outgroup","ingroup",1,0,0,0,0,1,"Out","In","In",0,0,1,0,1,0,0,0,0,"Observer__J_Out__C_In__V_In",0,-9,9,"Ing_x_Hum","Ing_x_Hum__Observer","Ing_x_Hum__Reject","Ing_x_Hum__Observer__Reject",0,0,0,1,0,0,"Observer__J_Out__C_In__V_In__Reject","Observer__J_Out__C_In__V_In__Reject",0,0,0,0,0,0,0,0,0,0,1,0,0,0,0,0,0,0,0,0,0,0,0,0,0,0,0
121,1,1,"observer",1,21,3,2,1,2,1,2,TRUE,1.92857142857143,1.28571428571429,2.125,2.42857142857143,1.83333333333333,2,2,1,2,1,2,"In","Out","ingroup","outgroup",0,0,0,1,1,1,"In","Out","In",0,0,1,0,0,0,1,0,0,"Observer__J_In__C_Out__V_In",0,-9,9,"Ing_x_Ing","Ing_x_Ing__Observer","Ing_x_Ing__Accept","Ing_x_Ing__Observer__Accept",0,0,0,0,1,0,"Observer__J_In__C_Out__V_In__Accept","Observer__J_In__C_Out__V_In__Accept",0,0,0,0,0,0,0,0,0,0,0,0,1,0,0,0,0,0,0,0,0,0,0,0,0,0,0
121,1,2,"observer",1,21,3,2,1,2,1,2,TRUE,1.92857142857143,1.28571428571429,2.125,2.42857142857143,1.83333333333333,2,2,1,1,2,2,"In","Out","outgroup","ingroup",1,0,0,0,1,1,"Out","In","In",0,0,1,0,1,0,0,0,0,"Observer__J_Out__C_In__V_In",0,-9,9,"Ing_x_Hum","Ing_x_Hum__Observer","Ing_x_Hum__Accept","Ing_x_Hum__Observer__Accept",0,0,0,1,0,0,"Observer__J_Out__C_In__V_In__Accept","Observer__J_Out__C_In__V_In__Accept",0,0,0,0,0,0,0,0,0,0,1,0,0,0,0,0,0,0,0,0,0,0,0,0,0,0,0
121,4,1,"observer",1,21,3,2,1,2,1,2,TRUE,1.92857142857143,1.28571428571429,2.125,2.42857142857143,1.83333333333333,2,2,1,2,1,2,"In","Out","ingroup","outgroup",0,0,0,1,0,1,"In","Out","In",0,0,1,0,0,0,1,0,0,"Observer__J_In__C_Out__V_In",0,9,-9,"Ing_x_Ing","Ing_x_Ing__Observer","Ing_x_Ing__Reject","Ing_x_Ing__Observer__Reject",0,0,0,0,1,0,"Observer__J_In__C_Out__V_In__Reject","Observer__J_In__C_Out__V_In__Reject",0,0,0,0,0,0,0,0,0,0,0,0,1,0,0,0,0,0,0,0,0,0,0,0,0,0,0
121,4,2,"observer",1,21,3,2,1,2,1,2,TRUE,1.92857142857143,1.28571428571429,2.125,2.42857142857143,1.83333333333333,2,2,1,1,2,2,"In","Out","outgroup","ingroup",1,0,0,0,1,0,"Out","In","In",0,0,1,0,1,0,0,0,0,"Observer__J_Out__C_In__V_In",0,-9,9,"Ing_x_Hum","Ing_x_Hum__Observer","Ing_x_Hum__Accept","Ing_x_Hum__Observer__Accept",0,0,0,1,0,0,"Observer__J_Out__C_In__V_In__Accept","Observer__J_Out__C_In__V_In__Accept",0,0,0,0,0,0,0,0,0,0,1,0,0,0,0,0,0,0,0,0,0,0,0,0,0,0,0
121,7,1,"victim",0,21,3,2,1,2,1,2,TRUE,1.92857142857143,1.28571428571429,2.125,2.42857142857143,1.83333333333333,2,1,1,1,1,2,"Out","Out","outgroup","outgroup",1,0,0,0,1,1,"Out","Out",,1,0,1,0,1,0,1,0,0,"Victim__J_Out__C_Out",0,-9,9,"Ing_x_Hum","Ing_x_Hum__Victim","Ing_x_Hum__Accept","Ing_x_Hum__Victim__Accept",0,0,0,1,0,0,"Victim__J_Out__C_Out__Accept","Victim__J_Out__C_Out__Accept",0,0,0,0,1,0,0,0,0,0,0,0,0,0,0,0,0,0,0,0,0,0,0,0,0,0,0
121,7,2,"victim",0,21,3,2,1,2,1,2,TRUE,1.92857142857143,1.28571428571429,2.125,2.42857142857143,1.83333333333333,2,1,1,1,1,2,"Out","Out","outgroup","outgroup",1,0,0,0,1,1,"Out","Out",,1,0,1,0,1,0,1,0,0,"Victim__J_Out__C_Out",0,-9,9,"Ing_x_Hum","Ing_x_Hum__Victim","Ing_x_Hum__Accept","Ing_x_Hum__Victim__Accept",0,0,0,1,0,0,"Victim__J_Out__C_Out__Accept","Victim__J_Out__C_Out__Accept",0,0,0,0,1,0,0,0,0,0,0,0,0,0,0,0,0,0,0,0,0,0,0,0,0,0,0
121,10,1,"victim",0,21,3,2,1,2,1,2,TRUE,1.92857142857143,1.28571428571429,2.125,2.42857142857143,1.83333333333333,2,1,2,1,2,2,"Out","In","outgroup","ingroup",1,0,0,0,0,1,"Out","In",,1,0,0,0,1,0,0,0,0,"Victim__J_Out__C_In",0,9,-9,"Ing_x_Hum","Ing_x_Hum__Victim","Ing_x_Hum__Reject","Ing_x_Hum__Victim__Reject",0,0,0,1,0,0,"Victim__J_Out__C_In__Reject","Victim__J_Out__C_In__Reject",0,1,0,0,0,0,0,0,0,0,0,0,0,0,0,0,0,0,0,0,0,0,0,0,0,0,0
121,10,2,"victim",0,21,3,2,1,2,1,2,TRUE,1.92857142857143,1.28571428571429,2.125,2.42857142857143,1.83333333333333,2,1,2,2,1,2,"Out","In","ingroup","outgroup",0,0,0,1,1,0,"In","Out",,1,0,0,0,0,0,1,0,0,"Victim__J_In__C_Out",0,-9,9,"Ing_x_Ing","Ing_x_Ing__Victim","Ing_x_Ing__Accept","Ing_x_Ing__Victim__Accept",0,0,0,0,1,0,"Victim__J_In__C_Out__Accept","Victim__J_In__C_Out__Accept",0,0,0,1,0,0,0,0,0,0,0,0,0,0,0,0,0,0,0,0,0,0,0,0,0,0,0
122,1,1,"victim",0,21,3,2,1,2,1,1,TRUE,2.10714285714286,1.85714285714286,2.375,2.85714285714286,1.16666666666667,2,1,1,1,1,2,"Out","Out","outgroup","outgroup",1,0,0,0,0,0,"Out","Out",,1,0,1,0,1,0,1,0,0,"Victim__J_Out__C_Out",0,9,-9,"Ing_x_Hum","Ing_x_Hum__Victim","Ing_x_Hum__Reject","Ing_x_Hum__Victim__Reject",0,0,0,1,0,0,"Victim__J_Out__C_Out__Reject","Victim__J_Out__C_Out__Reject",0,0,0,0,1,0,0,0,0,0,0,0,0,0,0,0,0,0,0,0,0,0,0,0,0,0,0
122,1,2,"victim",0,21,3,2,1,2,1,1,TRUE,2.10714285714286,1.85714285714286,2.375,2.85714285714286,1.16666666666667,2,1,1,1,1,2,"Out","Out","outgroup","outgroup",1,0,0,0,0,0,"Out","Out",,1,0,1,0,1,0,1,0,0,"Victim__J_Out__C_Out",0,9,-9,"Ing_x_Hum","Ing_x_Hum__Victim","Ing_x_Hum__Reject","Ing_x_Hum__Victim__Reject",0,0,0,1,0,0,"Victim__J_Out__C_Out__Reject","Victim__J_Out__C_Out__Reject",0,0,0,0,1,0,0,0,0,0,0,0,0,0,0,0,0,0,0,0,0,0,0,0,0,0,0
122,2,1,"victim",0,21,3,2,1,2,1,1,TRUE,2.10714285714286,1.85714285714286,2.375,2.85714285714286,1.16666666666667,2,2,1,2,1,2,"In","Out","ingroup","outgroup",0,0,0,1,1,1,"In","Out",,0,0,1,0,0,0,1,0,0,"Victim__J_In__C_Out",0,0,0,"Ing_x_Ing","Ing_x_Ing__Victim","Ing_x_Ing__Accept","Ing_x_Ing__Victim__Accept",0,0,0,0,1,0,"Victim__J_In__C_Out__Accept","Victim__J_In__C_Out__Accept",0,0,0,1,0,0,0,0,0,0,0,0,0,0,0,0,0,0,0,0,0,0,0,0,0,0,0
122,2,2,"victim",0,21,3,2,1,2,1,1,TRUE,2.10714285714286,1.85714285714286,2.375,2.85714285714286,1.16666666666667,2,2,1,1,2,2,"In","Out","outgroup","ingroup",1,0,0,0,1,1,"Out","In",,0,0,1,0,1,0,0,0,0,"Victim__J_Out__C_In",0,0,0,"Ing_x_Hum","Ing_x_Hum__Victim","Ing_x_Hum__Accept","Ing_x_Hum__Victim__Accept",0,0,0,1,0,0,"Victim__J_Out__C_In__Accept","Victim__J_Out__C_In__Accept",0,1,0,0,0,0,0,0,0,0,0,0,0,0,0,0,0,0,0,0,0,0,0,0,0,0,0
122,9,1,"observer",1,21,3,2,1,2,1,1,TRUE,2.10714285714286,1.85714285714286,2.375,2.85714285714286,1.16666666666667,2,2,1,2,1,1,"In","Out","ingroup","outgroup",0,0,1,0,0,0,"In","Out","Out",0,0,1,0,0,0,1,0,1,"Observer__J_In__C_Out__V_Out",0,9,-9,"Hum_x_Ing","Hum_x_Ing__Observer","Hum_x_Ing__Reject","Hum_x_Ing__Observer__Reject",0,1,0,0,0,0,"Observer__J_In__C_Out__V_Out__Reject","Observer__J_In__C_Out__V_Out__Reject",0,0,0,0,0,0,0,0,0,0,0,0,0,0,0,0,0,0,0,0,0,1,0,0,0,0,0
122,9,2,"observer",1,21,3,2,1,2,1,1,TRUE,2.10714285714286,1.85714285714286,2.375,2.85714285714286,1.16666666666667,2,2,1,1,2,1,"In","Out","outgroup","ingroup",1,0,1,1,0,0,"Out","In","Out",0,0,1,0,1,0,0,0,1,"Observer__J_Out__C_In__V_Out",0,9,-9,"Hum_x_Hum","Hum_x_Hum__Observer","Hum_x_Hum__Reject","Hum_x_Hum__Observer__Reject",1,0,0,0,0,0,"Observer__J_Out__C_In__V_Out__Reject","Observer__J_Out__C_In__V_Out__Reject",0,0,0,0,0,0,0,0,0,0,0,0,0,0,0,0,0,0,0,1,0,0,0,0,0,0,0
122,10,1,"observer",1,21,3,2,1,2,1,1,TRUE,2.10714285714286,1.85714285714286,2.375,2.85714285714286,1.16666666666667,2,2,1,2,1,2,"In","Out","ingroup","outgroup",0,0,0,1,1,0,"In","Out","In",0,0,1,0,0,0,1,0,0,"Observer__J_In__C_Out__V_In",0,0,0,"Ing_x_Ing","Ing_x_Ing__Observer","Ing_x_Ing__Accept","Ing_x_Ing__Observer__Accept",0,0,0,0,1,0,"Observer__J_In__C_Out__V_In__Accept","Observer__J_In__C_Out__V_In__Accept",0,0,0,0,0,0,0,0,0,0,0,0,1,0,0,0,0,0,0,0,0,0,0,0,0,0,0
122,10,2,"observer",1,21,3,2,1,2,1,1,TRUE,2.10714285714286,1.85714285714286,2.375,2.85714285714286,1.16666666666667,2,2,1,1,2,2,"In","Out","outgroup","ingroup",1,0,0,0,0,1,"Out","In","In",0,0,1,0,1,0,0,0,0,"Observer__J_Out__C_In__V_In",0,9,-9,"Ing_x_Hum","Ing_x_Hum__Observer","Ing_x_Hum__Reject","Ing_x_Hum__Observer__Reject",0,0,0,1,0,0,"Observer__J_Out__C_In__V_In__Reject","Observer__J_Out__C_In__V_In__Reject",0,0,0,0,0,0,0,0,0,0,1,0,0,0,0,0,0,0,0,0,0,0,0,0,0,0,0
124,6,1,"victim",0,19,1,2,1,2,1,2,TRUE,1.64285714285714,1.42857142857143,2,1.28571428571429,1.83333333333333,2,1,1,1,1,2,"Out","Out","outgroup","outgroup",1,0,0,0,0,0,"Out","Out",,1,0,1,0,1,0,1,0,0,"Victim__J_Out__C_Out",0,-3,3,"Ing_x_Hum","Ing_x_Hum__Victim","Ing_x_Hum__Reject","Ing_x_Hum__Victim__Reject",0,0,0,1,0,0,"Victim__J_Out__C_Out__Reject","Victim__J_Out__C_Out__Reject",0,0,0,0,1,0,0,0,0,0,0,0,0,0,0,0,0,0,0,0,0,0,0,0,0,0,0
124,6,2,"victim",0,19,1,2,1,2,1,2,TRUE,1.64285714285714,1.42857142857143,2,1.28571428571429,1.83333333333333,2,1,1,1,1,2,"Out","Out","outgroup","outgroup",1,0,0,0,0,0,"Out","Out",,1,0,1,0,1,0,1,0,0,"Victim__J_Out__C_Out",0,2,-2,"Ing_x_Hum","Ing_x_Hum__Victim","Ing_x_Hum__Reject","Ing_x_Hum__Victim__Reject",0,0,0,1,0,0,"Victim__J_Out__C_Out__Reject","Victim__J_Out__C_Out__Reject",0,0,0,0,1,0,0,0,0,0,0,0,0,0,0,0,0,0,0,0,0,0,0,0,0,0,0
124,8,1,"victim",0,19,1,2,1,2,1,2,TRUE,1.64285714285714,1.42857142857143,2,1.28571428571429,1.83333333333333,2,2,1,2,1,2,"In","Out","ingroup","outgroup",0,0,0,1,0,0,"In","Out",,0,0,1,0,0,0,1,0,0,"Victim__J_In__C_Out",0,4,-4,"Ing_x_Ing","Ing_x_Ing__Victim","Ing_x_Ing__Reject","Ing_x_Ing__Victim__Reject",0,0,0,0,1,0,"Victim__J_In__C_Out__Reject","Victim__J_In__C_Out__Reject",0,0,0,1,0,0,0,0,0,0,0,0,0,0,0,0,0,0,0,0,0,0,0,0,0,0,0
124,8,2,"victim",0,19,1,2,1,2,1,2,TRUE,1.64285714285714,1.42857142857143,2,1.28571428571429,1.83333333333333,2,2,1,1,2,2,"In","Out","outgroup","ingroup",1,0,0,0,0,0,"Out","In",,0,0,1,0,1,0,0,0,0,"Victim__J_Out__C_In",0,4,-4,"Ing_x_Hum","Ing_x_Hum__Victim","Ing_x_Hum__Reject","Ing_x_Hum__Victim__Reject",0,0,0,1,0,0,"Victim__J_Out__C_In__Reject","Victim__J_Out__C_In__Reject",0,1,0,0,0,0,0,0,0,0,0,0,0,0,0,0,0,0,0,0,0,0,0,0,0,0,0
124,9,1,"victim",0,19,1,2,1,2,1,2,TRUE,1.64285714285714,1.42857142857143,2,1.28571428571429,1.83333333333333,2,2,2,2,2,2,"In","In","ingroup","ingroup",0,0,0,1,1,0,"In","In",,0,0,0,0,0,0,0,0,0,"Victim__J_In__C_In",0,-5,5,"Ing_x_Ing","Ing_x_Ing__Victim","Ing_x_Ing__Accept","Ing_x_Ing__Victim__Accept",0,0,0,0,1,0,"Victim__J_In__C_In__Accept","Victim__J_In__C_In__Accept",1,0,0,0,0,0,0,0,0,0,0,0,0,0,0,0,0,0,0,0,0,0,0,0,0,0,0
124,9,2,"victim",0,19,1,2,1,2,1,2,TRUE,1.64285714285714,1.42857142857143,2,1.28571428571429,1.83333333333333,2,2,2,2,2,2,"In","In","ingroup","ingroup",0,0,0,1,0,1,"In","In",,0,0,0,0,0,0,0,0,0,"Victim__J_In__C_In",0,-5,5,"Ing_x_Ing","Ing_x_Ing__Victim","Ing_x_Ing__Reject","Ing_x_Ing__Victim__Reject",0,0,0,0,1,0,"Victim__J_In__C_In__Reject","Victim__J_In__C_In__Reject",1,0,0,0,0,0,0,0,0,0,0,0,0,0,0,0,0,0,0,0,0,0,0,0,0,0,0
124,10,1,"victim",0,19,1,2,1,2,1,2,TRUE,1.64285714285714,1.42857142857143,2,1.28571428571429,1.83333333333333,2,1,1,1,1,2,"Out","Out","outgroup","outgroup",1,0,0,0,0,1,"Out","Out",,1,0,1,0,1,0,1,0,0,"Victim__J_Out__C_Out",0,-3,3,"Ing_x_Hum","Ing_x_Hum__Victim","Ing_x_Hum__Reject","Ing_x_Hum__Victim__Reject",0,0,0,1,0,0,"Victim__J_Out__C_Out__Reject","Victim__J_Out__C_Out__Reject",0,0,0,0,1,0,0,0,0,0,0,0,0,0,0,0,0,0,0,0,0,0,0,0,0,0,0
124,10,2,"victim",0,19,1,2,1,2,1,2,TRUE,1.64285714285714,1.42857142857143,2,1.28571428571429,1.83333333333333,2,1,1,1,1,2,"Out","Out","outgroup","outgroup",1,0,0,0,1,0,"Out","Out",,1,0,1,0,1,0,1,0,0,"Victim__J_Out__C_Out",0,3,-3,"Ing_x_Hum","Ing_x_Hum__Victim","Ing_x_Hum__Accept","Ing_x_Hum__Victim__Accept",0,0,0,1,0,0,"Victim__J_Out__C_Out__Accept","Victim__J_Out__C_Out__Accept",0,0,0,0,1,0,0,0,0,0,0,0,0,0,0,0,0,0,0,0,0,0,0,0,0,0,0
125,1,1,"observer",1,21,3,2,1,2,1,2,TRUE,2.42857142857143,2.14285714285714,2.625,3,1.83333333333333,2,1,2,1,2,2,"Out","In","outgroup","ingroup",1,0,0,0,1,0,"Out","In","In",1,0,0,0,1,0,0,0,0,"Observer__J_Out__C_In__V_In",0,0,0,"Ing_x_Hum","Ing_x_Hum__Observer","Ing_x_Hum__Accept","Ing_x_Hum__Observer__Accept",0,0,0,1,0,0,"Observer__J_Out__C_In__V_In__Accept","Observer__J_Out__C_In__V_In__Accept",0,0,0,0,0,0,0,0,0,0,1,0,0,0,0,0,0,0,0,0,0,0,0,0,0,0,0
125,1,2,"observer",1,21,3,2,1,2,1,2,TRUE,2.42857142857143,2.14285714285714,2.625,3,1.83333333333333,2,1,2,2,1,2,"Out","In","ingroup","outgroup",0,0,0,1,0,1,"In","Out","In",1,0,0,0,0,0,1,0,0,"Observer__J_In__C_Out__V_In",0,9,-9,"Ing_x_Ing","Ing_x_Ing__Observer","Ing_x_Ing__Reject","Ing_x_Ing__Observer__Reject",0,0,0,0,1,0,"Observer__J_In__C_Out__V_In__Reject","Observer__J_In__C_Out__V_In__Reject",0,0,0,0,0,0,0,0,0,0,0,0,1,0,0,0,0,0,0,0,0,0,0,0,0,0,0
125,2,1,"observer",1,21,3,2,1,2,1,2,TRUE,2.42857142857143,2.14285714285714,2.625,3,1.83333333333333,2,1,2,1,2,2,"Out","In","outgroup","ingroup",1,0,0,0,0,1,"Out","In","In",1,0,0,0,1,0,0,0,0,"Observer__J_Out__C_In__V_In",0,9,-9,"Ing_x_Hum","Ing_x_Hum__Observer","Ing_x_Hum__Reject","Ing_x_Hum__Observer__Reject",0,0,0,1,0,0,"Observer__J_Out__C_In__V_In__Reject","Observer__J_Out__C_In__V_In__Reject",0,0,0,0,0,0,0,0,0,0,1,0,0,0,0,0,0,0,0,0,0,0,0,0,0,0,0
125,2,2,"observer",1,21,3,2,1,2,1,2,TRUE,2.42857142857143,2.14285714285714,2.625,3,1.83333333333333,2,1,2,2,1,2,"Out","In","ingroup","outgroup",0,0,0,1,1,0,"In","Out","In",1,0,0,0,0,0,1,0,0,"Observer__J_In__C_Out__V_In",0,0,0,"Ing_x_Ing","Ing_x_Ing__Observer","Ing_x_Ing__Accept","Ing_x_Ing__Observer__Accept",0,0,0,0,1,0,"Observer__J_In__C_Out__V_In__Accept","Observer__J_In__C_Out__V_In__Accept",0,0,0,0,0,0,0,0,0,0,0,0,1,0,0,0,0,0,0,0,0,0,0,0,0,0,0
125,7,1,"victim",0,21,3,2,1,2,1,2,TRUE,2.42857142857143,2.14285714285714,2.625,3,1.83333333333333,2,1,1,1,1,2,"Out","Out","outgroup","outgroup",1,0,0,0,0,0,"Out","Out",,1,0,1,0,1,0,1,0,0,"Victim__J_Out__C_Out",0,9,-9,"Ing_x_Hum","Ing_x_Hum__Victim","Ing_x_Hum__Reject","Ing_x_Hum__Victim__Reject",0,0,0,1,0,0,"Victim__J_Out__C_Out__Reject","Victim__J_Out__C_Out__Reject",0,0,0,0,1,0,0,0,0,0,0,0,0,0,0,0,0,0,0,0,0,0,0,0,0,0,0
125,7,2,"victim",0,21,3,2,1,2,1,2,TRUE,2.42857142857143,2.14285714285714,2.625,3,1.83333333333333,2,1,1,1,1,2,"Out","Out","outgroup","outgroup",1,0,0,0,0,0,"Out","Out",,1,0,1,0,1,0,1,0,0,"Victim__J_Out__C_Out",0,9,-9,"Ing_x_Hum","Ing_x_Hum__Victim","Ing_x_Hum__Reject","Ing_x_Hum__Victim__Reject",0,0,0,1,0,0,"Victim__J_Out__C_Out__Reject","Victim__J_Out__C_Out__Reject",0,0,0,0,1,0,0,0,0,0,0,0,0,0,0,0,0,0,0,0,0,0,0,0,0,0,0
126,6,1,"observer",1,21,2,2,1,2,1,1,TRUE,1.64285714285714,2.57142857142857,1.625,0.714285714285714,1.66666666666667,2,1,1,1,1,1,"Out","Out","outgroup","outgroup",1,0,1,1,0,0,"Out","Out","Out",1,0,1,0,1,0,1,0,1,"Observer__J_Out__C_Out__V_Out",0,9,-9,"Hum_x_Hum","Hum_x_Hum__Observer","Hum_x_Hum__Reject","Hum_x_Hum__Observer__Reject",1,0,0,0,0,0,"Observer__J_Out__C_Out__V_Out__Reject","Observer__J_Out__C_Out__V_Out__Reject",0,0,0,0,0,0,0,0,0,0,0,0,0,0,0,0,0,0,0,0,0,0,1,0,0,0,0
126,6,2,"observer",1,21,2,2,1,2,1,1,TRUE,1.64285714285714,2.57142857142857,1.625,0.714285714285714,1.66666666666667,2,1,1,1,1,1,"Out","Out","outgroup","outgroup",1,0,1,1,0,0,"Out","Out","Out",1,0,1,0,1,0,1,0,1,"Observer__J_Out__C_Out__V_Out",0,9,-9,"Hum_x_Hum","Hum_x_Hum__Observer","Hum_x_Hum__Reject","Hum_x_Hum__Observer__Reject",1,0,0,0,0,0,"Observer__J_Out__C_Out__V_Out__Reject","Observer__J_Out__C_Out__V_Out__Reject",0,0,0,0,0,0,0,0,0,0,0,0,0,0,0,0,0,0,0,0,0,0,1,0,0,0,0
126,7,1,"observer",1,21,2,2,1,2,1,1,TRUE,1.64285714285714,2.57142857142857,1.625,0.714285714285714,1.66666666666667,2,2,1,2,1,2,"In","Out","ingroup","outgroup",0,0,0,1,1,0,"In","Out","In",0,0,1,0,0,0,1,0,0,"Observer__J_In__C_Out__V_In",0,-9,9,"Ing_x_Ing","Ing_x_Ing__Observer","Ing_x_Ing__Accept","Ing_x_Ing__Observer__Accept",0,0,0,0,1,0,"Observer__J_In__C_Out__V_In__Accept","Observer__J_In__C_Out__V_In__Accept",0,0,0,0,0,0,0,0,0,0,0,0,1,0,0,0,0,0,0,0,0,0,0,0,0,0,0
126,7,2,"observer",1,21,2,2,1,2,1,1,TRUE,1.64285714285714,2.57142857142857,1.625,0.714285714285714,1.66666666666667,2,2,1,1,2,2,"In","Out","outgroup","ingroup",1,0,0,0,0,1,"Out","In","In",0,0,1,0,1,0,0,0,0,"Observer__J_Out__C_In__V_In",0,9,-9,"Ing_x_Hum","Ing_x_Hum__Observer","Ing_x_Hum__Reject","Ing_x_Hum__Observer__Reject",0,0,0,1,0,0,"Observer__J_Out__C_In__V_In__Reject","Observer__J_Out__C_In__V_In__Reject",0,0,0,0,0,0,0,0,0,0,1,0,0,0,0,0,0,0,0,0,0,0,0,0,0,0,0
126,10,1,"observer",1,21,2,2,1,2,1,1,TRUE,1.64285714285714,2.57142857142857,1.625,0.714285714285714,1.66666666666667,2,2,2,2,2,2,"In","In","ingroup","ingroup",0,0,0,1,1,0,"In","In","In",0,0,0,0,0,0,0,0,0,"Observer__J_In__C_In__V_In",0,-9,9,"Ing_x_Ing","Ing_x_Ing__Observer","Ing_x_Ing__Accept","Ing_x_Ing__Observer__Accept",0,0,0,0,1,0,"Observer__J_In__C_In__V_In__Accept","Observer__J_In__C_In__V_In__Accept",0,0,0,0,0,0,0,0,0,1,0,0,0,0,0,0,0,0,0,0,0,0,0,0,0,0,0
126,10,2,"observer",1,21,2,2,1,2,1,1,TRUE,1.64285714285714,2.57142857142857,1.625,0.714285714285714,1.66666666666667,2,2,2,2,2,2,"In","In","ingroup","ingroup",0,0,0,1,0,1,"In","In","In",0,0,0,0,0,0,0,0,0,"Observer__J_In__C_In__V_In",0,9,-9,"Ing_x_Ing","Ing_x_Ing__Observer","Ing_x_Ing__Reject","Ing_x_Ing__Observer__Reject",0,0,0,0,1,0,"Observer__J_In__C_In__V_In__Reject","Observer__J_In__C_In__V_In__Reject",0,0,0,0,0,0,0,0,0,1,0,0,0,0,0,0,0,0,0,0,0,0,0,0,0,0,0
127,2,1,"observer",1,23,1,2,1,2,1,2,TRUE,1.89285714285714,1.57142857142857,2.25,2.57142857142857,1,2,2,1,2,1,2,"In","Out","ingroup","outgroup",0,0,0,1,1,1,"In","Out","In",0,0,1,0,0,0,1,0,0,"Observer__J_In__C_Out__V_In",0,-1,1,"Ing_x_Ing","Ing_x_Ing__Observer","Ing_x_Ing__Accept","Ing_x_Ing__Observer__Accept",0,0,0,0,1,0,"Observer__J_In__C_Out__V_In__Accept","Observer__J_In__C_Out__V_In__Accept",0,0,0,0,0,0,0,0,0,0,0,0,1,0,0,0,0,0,0,0,0,0,0,0,0,0,0
127,2,2,"observer",1,23,1,2,1,2,1,2,TRUE,1.89285714285714,1.57142857142857,2.25,2.57142857142857,1,2,2,1,1,2,2,"In","Out","outgroup","ingroup",1,0,0,0,1,1,"Out","In","In",0,0,1,0,1,0,0,0,0,"Observer__J_Out__C_In__V_In",0,-1,1,"Ing_x_Hum","Ing_x_Hum__Observer","Ing_x_Hum__Accept","Ing_x_Hum__Observer__Accept",0,0,0,1,0,0,"Observer__J_Out__C_In__V_In__Accept","Observer__J_Out__C_In__V_In__Accept",0,0,0,0,0,0,0,0,0,0,1,0,0,0,0,0,0,0,0,0,0,0,0,0,0,0,0
127,8,1,"victim",0,23,1,2,1,2,1,2,TRUE,1.89285714285714,1.57142857142857,2.25,2.57142857142857,1,2,2,1,2,1,2,"In","Out","ingroup","outgroup",0,0,0,1,1,0,"In","Out",,0,0,1,0,0,0,1,0,0,"Victim__J_In__C_Out",0,-4,4,"Ing_x_Ing","Ing_x_Ing__Victim","Ing_x_Ing__Accept","Ing_x_Ing__Victim__Accept",0,0,0,0,1,0,"Victim__J_In__C_Out__Accept","Victim__J_In__C_Out__Accept",0,0,0,1,0,0,0,0,0,0,0,0,0,0,0,0,0,0,0,0,0,0,0,0,0,0,0
127,8,2,"victim",0,23,1,2,1,2,1,2,TRUE,1.89285714285714,1.57142857142857,2.25,2.57142857142857,1,2,2,1,1,2,2,"In","Out","outgroup","ingroup",1,0,0,0,0,1,"Out","In",,0,0,1,0,1,0,0,0,0,"Victim__J_Out__C_In",0,-4,4,"Ing_x_Hum","Ing_x_Hum__Victim","Ing_x_Hum__Reject","Ing_x_Hum__Victim__Reject",0,0,0,1,0,0,"Victim__J_Out__C_In__Reject","Victim__J_Out__C_In__Reject",0,1,0,0,0,0,0,0,0,0,0,0,0,0,0,0,0,0,0,0,0,0,0,0,0,0,0
129,1,1,"observer",1,21,3,2,1,2,1,2,TRUE,1.35714285714286,1,1.5,1.42857142857143,1.5,2,1,1,1,1,2,"Out","Out","outgroup","outgroup",1,0,0,0,0,0,"Out","Out","In",1,0,1,0,1,0,1,0,0,"Observer__J_Out__C_Out__V_In",0,9,-9,"Ing_x_Hum","Ing_x_Hum__Observer","Ing_x_Hum__Reject","Ing_x_Hum__Observer__Reject",0,0,0,1,0,0,"Observer__J_Out__C_Out__V_In__Reject","Observer__J_Out__C_Out__V_In__Reject",0,0,0,0,0,0,0,0,0,0,0,0,0,1,0,0,0,0,0,0,0,0,0,0,0,0,0
129,1,2,"observer",1,21,3,2,1,2,1,2,TRUE,1.35714285714286,1,1.5,1.42857142857143,1.5,2,1,1,1,1,2,"Out","Out","outgroup","outgroup",1,0,0,0,0,0,"Out","Out","In",1,0,1,0,1,0,1,0,0,"Observer__J_Out__C_Out__V_In",0,9,-9,"Ing_x_Hum","Ing_x_Hum__Observer","Ing_x_Hum__Reject","Ing_x_Hum__Observer__Reject",0,0,0,1,0,0,"Observer__J_Out__C_Out__V_In__Reject","Observer__J_Out__C_Out__V_In__Reject",0,0,0,0,0,0,0,0,0,0,0,0,0,1,0,0,0,0,0,0,0,0,0,0,0,0,0
129,2,1,"observer",1,21,3,2,1,2,1,2,TRUE,1.35714285714286,1,1.5,1.42857142857143,1.5,2,2,1,2,1,1,"In","Out","ingroup","outgroup",0,0,1,0,0,1,"In","Out","Out",0,0,1,0,0,0,1,0,1,"Observer__J_In__C_Out__V_Out",0,9,-9,"Hum_x_Ing","Hum_x_Ing__Observer","Hum_x_Ing__Reject","Hum_x_Ing__Observer__Reject",0,1,0,0,0,0,"Observer__J_In__C_Out__V_Out__Reject","Observer__J_In__C_Out__V_Out__Reject",0,0,0,0,0,0,0,0,0,0,0,0,0,0,0,0,0,0,0,0,0,1,0,0,0,0,0
129,2,2,"observer",1,21,3,2,1,2,1,2,TRUE,1.35714285714286,1,1.5,1.42857142857143,1.5,2,2,1,1,2,1,"In","Out","outgroup","ingroup",1,0,1,1,1,0,"Out","In","Out",0,0,1,0,1,0,0,0,1,"Observer__J_Out__C_In__V_Out",0,-9,9,"Hum_x_Hum","Hum_x_Hum__Observer","Hum_x_Hum__Accept","Hum_x_Hum__Observer__Accept",1,0,0,0,0,0,"Observer__J_Out__C_In__V_Out__Accept","Observer__J_Out__C_In__V_Out__Accept",0,0,0,0,0,0,0,0,0,0,0,0,0,0,0,0,0,0,0,1,0,0,0,0,0,0,0
129,5,1,"observer",1,21,3,2,1,2,1,2,TRUE,1.35714285714286,1,1.5,1.42857142857143,1.5,2,2,1,2,1,2,"In","Out","ingroup","outgroup",0,0,0,1,0,1,"In","Out","In",0,0,1,0,0,0,1,0,0,"Observer__J_In__C_Out__V_In",0,9,-9,"Ing_x_Ing","Ing_x_Ing__Observer","Ing_x_Ing__Reject","Ing_x_Ing__Observer__Reject",0,0,0,0,1,0,"Observer__J_In__C_Out__V_In__Reject","Observer__J_In__C_Out__V_In__Reject",0,0,0,0,0,0,0,0,0,0,0,0,1,0,0,0,0,0,0,0,0,0,0,0,0,0,0
129,5,2,"observer",1,21,3,2,1,2,1,2,TRUE,1.35714285714286,1,1.5,1.42857142857143,1.5,2,2,1,1,2,2,"In","Out","outgroup","ingroup",1,0,0,0,1,0,"Out","In","In",0,0,1,0,1,0,0,0,0,"Observer__J_Out__C_In__V_In",0,-9,9,"Ing_x_Hum","Ing_x_Hum__Observer","Ing_x_Hum__Accept","Ing_x_Hum__Observer__Accept",0,0,0,1,0,0,"Observer__J_Out__C_In__V_In__Accept","Observer__J_Out__C_In__V_In__Accept",0,0,0,0,0,0,0,0,0,0,1,0,0,0,0,0,0,0,0,0,0,0,0,0,0,0,0
129,6,1,"victim",0,21,3,2,1,2,1,2,TRUE,1.35714285714286,1,1.5,1.42857142857143,1.5,2,1,2,1,2,2,"Out","In","outgroup","ingroup",1,0,0,0,1,0,"Out","In",,1,0,0,0,1,0,0,0,0,"Victim__J_Out__C_In",0,-9,9,"Ing_x_Hum","Ing_x_Hum__Victim","Ing_x_Hum__Accept","Ing_x_Hum__Victim__Accept",0,0,0,1,0,0,"Victim__J_Out__C_In__Accept","Victim__J_Out__C_In__Accept",0,1,0,0,0,0,0,0,0,0,0,0,0,0,0,0,0,0,0,0,0,0,0,0,0,0,0
129,6,2,"victim",0,21,3,2,1,2,1,2,TRUE,1.35714285714286,1,1.5,1.42857142857143,1.5,2,1,2,2,1,2,"Out","In","ingroup","outgroup",0,0,0,1,0,1,"In","Out",,1,0,0,0,0,0,1,0,0,"Victim__J_In__C_Out",0,9,-9,"Ing_x_Ing","Ing_x_Ing__Victim","Ing_x_Ing__Reject","Ing_x_Ing__Victim__Reject",0,0,0,0,1,0,"Victim__J_In__C_Out__Reject","Victim__J_In__C_Out__Reject",0,0,0,1,0,0,0,0,0,0,0,0,0,0,0,0,0,0,0,0,0,0,0,0,0,0,0
129,9,1,"victim",0,21,3,2,1,2,1,2,TRUE,1.35714285714286,1,1.5,1.42857142857143,1.5,2,1,2,1,2,2,"Out","In","outgroup","ingroup",1,0,0,0,1,1,"Out","In",,1,0,0,0,1,0,0,0,0,"Victim__J_Out__C_In",0,-9,9,"Ing_x_Hum","Ing_x_Hum__Victim","Ing_x_Hum__Accept","Ing_x_Hum__Victim__Accept",0,0,0,1,0,0,"Victim__J_Out__C_In__Accept","Victim__J_Out__C_In__Accept",0,1,0,0,0,0,0,0,0,0,0,0,0,0,0,0,0,0,0,0,0,0,0,0,0,0,0
129,9,2,"victim",0,21,3,2,1,2,1,2,TRUE,1.35714285714286,1,1.5,1.42857142857143,1.5,2,1,2,2,1,2,"Out","In","ingroup","outgroup",0,0,0,1,1,1,"In","Out",,1,0,0,0,0,0,1,0,0,"Victim__J_In__C_Out",0,-9,9,"Ing_x_Ing","Ing_x_Ing__Victim","Ing_x_Ing__Accept","Ing_x_Ing__Victim__Accept",0,0,0,0,1,0,"Victim__J_In__C_Out__Accept","Victim__J_In__C_Out__Accept",0,0,0,1,0,0,0,0,0,0,0,0,0,0,0,0,0,0,0,0,0,0,0,0,0,0,0
130,1,1,"victim",0,19,2,2,1,2,1,1,TRUE,1.92857142857143,1.42857142857143,1.875,2.85714285714286,1.5,2,2,1,2,1,2,"In","Out","ingroup","outgroup",0,0,0,1,0,1,"In","Out",,0,0,1,0,0,0,1,0,0,"Victim__J_In__C_Out",0,5,-5,"Ing_x_Ing","Ing_x_Ing__Victim","Ing_x_Ing__Reject","Ing_x_Ing__Victim__Reject",0,0,0,0,1,0,"Victim__J_In__C_Out__Reject","Victim__J_In__C_Out__Reject",0,0,0,1,0,0,0,0,0,0,0,0,0,0,0,0,0,0,0,0,0,0,0,0,0,0,0
130,1,2,"victim",0,19,2,2,1,2,1,1,TRUE,1.92857142857143,1.42857142857143,1.875,2.85714285714286,1.5,2,2,1,1,2,2,"In","Out","outgroup","ingroup",1,0,0,0,1,0,"Out","In",,0,0,1,0,1,0,0,0,0,"Victim__J_Out__C_In",0,-3,3,"Ing_x_Hum","Ing_x_Hum__Victim","Ing_x_Hum__Accept","Ing_x_Hum__Victim__Accept",0,0,0,1,0,0,"Victim__J_Out__C_In__Accept","Victim__J_Out__C_In__Accept",0,1,0,0,0,0,0,0,0,0,0,0,0,0,0,0,0,0,0,0,0,0,0,0,0,0,0
130,4,1,"victim",0,19,2,2,1,2,1,1,TRUE,1.92857142857143,1.42857142857143,1.875,2.85714285714286,1.5,2,2,2,2,2,2,"In","In","ingroup","ingroup",0,0,0,1,1,0,"In","In",,0,0,0,0,0,0,0,0,0,"Victim__J_In__C_In",0,-9,9,"Ing_x_Ing","Ing_x_Ing__Victim","Ing_x_Ing__Accept","Ing_x_Ing__Victim__Accept",0,0,0,0,1,0,"Victim__J_In__C_In__Accept","Victim__J_In__C_In__Accept",1,0,0,0,0,0,0,0,0,0,0,0,0,0,0,0,0,0,0,0,0,0,0,0,0,0,0
130,4,2,"victim",0,19,2,2,1,2,1,1,TRUE,1.92857142857143,1.42857142857143,1.875,2.85714285714286,1.5,2,2,2,2,2,2,"In","In","ingroup","ingroup",0,0,0,1,0,1,"In","In",,0,0,0,0,0,0,0,0,0,"Victim__J_In__C_In",0,9,-9,"Ing_x_Ing","Ing_x_Ing__Victim","Ing_x_Ing__Reject","Ing_x_Ing__Victim__Reject",0,0,0,0,1,0,"Victim__J_In__C_In__Reject","Victim__J_In__C_In__Reject",1,0,0,0,0,0,0,0,0,0,0,0,0,0,0,0,0,0,0,0,0,0,0,0,0,0,0
130,8,1,"observer",1,19,2,2,1,2,1,1,TRUE,1.92857142857143,1.42857142857143,1.875,2.85714285714286,1.5,2,2,1,2,1,2,"In","Out","ingroup","outgroup",0,0,0,1,0,1,"In","Out","In",0,0,1,0,0,0,1,0,0,"Observer__J_In__C_Out__V_In",0,5,-5,"Ing_x_Ing","Ing_x_Ing__Observer","Ing_x_Ing__Reject","Ing_x_Ing__Observer__Reject",0,0,0,0,1,0,"Observer__J_In__C_Out__V_In__Reject","Observer__J_In__C_Out__V_In__Reject",0,0,0,0,0,0,0,0,0,0,0,0,1,0,0,0,0,0,0,0,0,0,0,0,0,0,0
130,8,2,"observer",1,19,2,2,1,2,1,1,TRUE,1.92857142857143,1.42857142857143,1.875,2.85714285714286,1.5,2,2,1,1,2,2,"In","Out","outgroup","ingroup",1,0,0,0,1,0,"Out","In","In",0,0,1,0,1,0,0,0,0,"Observer__J_Out__C_In__V_In",0,-5,5,"Ing_x_Hum","Ing_x_Hum__Observer","Ing_x_Hum__Accept","Ing_x_Hum__Observer__Accept",0,0,0,1,0,0,"Observer__J_Out__C_In__V_In__Accept","Observer__J_Out__C_In__V_In__Accept",0,0,0,0,0,0,0,0,0,0,1,0,0,0,0,0,0,0,0,0,0,0,0,0,0,0,0
131,2,1,"observer",1,20,2,2,1,1,0,2,TRUE,1.67857142857143,1.57142857142857,1.875,2,1.16666666666667,1,1,1,1,1,1,"In","In","ingroup","ingroup",0,0,0,1,0,0,"In","In","In",0,0,0,0,0,0,0,0,0,"Observer__J_In__C_In__V_In",0,5,-5,"Hum_x_Hum","Hum_x_Hum__Observer","Hum_x_Hum__Reject","Hum_x_Hum__Observer__Reject",1,0,0,0,0,0,"Observer__J_In__C_In__V_In__Reject","Observer__J_In__C_In__V_In__Reject",0,0,0,0,0,0,0,0,0,1,0,0,0,0,0,0,0,0,0,0,0,0,0,0,0,0,0
131,2,2,"observer",1,20,2,2,1,1,0,2,TRUE,1.67857142857143,1.57142857142857,1.875,2,1.16666666666667,1,1,1,1,1,1,"In","In","ingroup","ingroup",0,0,0,1,0,0,"In","In","In",0,0,0,0,0,0,0,0,0,"Observer__J_In__C_In__V_In",0,5,-5,"Hum_x_Hum","Hum_x_Hum__Observer","Hum_x_Hum__Reject","Hum_x_Hum__Observer__Reject",1,0,0,0,0,0,"Observer__J_In__C_In__V_In__Reject","Observer__J_In__C_In__V_In__Reject",0,0,0,0,0,0,0,0,0,1,0,0,0,0,0,0,0,0,0,0,0,0,0,0,0,0,0
131,3,1,"observer",1,20,2,2,1,1,0,2,TRUE,1.67857142857143,1.57142857142857,1.875,2,1.16666666666667,1,1,2,1,2,1,"In","Out","ingroup","outgroup",0,0,0,1,0,0,"In","Out","In",0,0,1,0,0,0,1,0,0,"Observer__J_In__C_Out__V_In",0,5,-5,"Hum_x_Hum","Hum_x_Hum__Observer","Hum_x_Hum__Reject","Hum_x_Hum__Observer__Reject",1,0,0,0,0,0,"Observer__J_In__C_Out__V_In__Reject","Observer__J_In__C_Out__V_In__Reject",0,0,0,0,0,0,0,0,0,0,0,0,1,0,0,0,0,0,0,0,0,0,0,0,0,0,0
131,3,2,"observer",1,20,2,2,1,1,0,2,TRUE,1.67857142857143,1.57142857142857,1.875,2,1.16666666666667,1,1,2,2,1,1,"In","Out","outgroup","ingroup",1,0,0,0,0,0,"Out","In","In",0,0,1,0,1,0,0,0,0,"Observer__J_Out__C_In__V_In",0,5,-5,"Hum_x_Ing","Hum_x_Ing__Observer","Hum_x_Ing__Reject","Hum_x_Ing__Observer__Reject",0,1,0,0,0,0,"Observer__J_Out__C_In__V_In__Reject","Observer__J_Out__C_In__V_In__Reject",0,0,0,0,0,0,0,0,0,0,1,0,0,0,0,0,0,0,0,0,0,0,0,0,0,0,0
131,4,1,"observer",1,20,2,2,1,1,0,2,TRUE,1.67857142857143,1.57142857142857,1.875,2,1.16666666666667,1,1,1,1,1,2,"In","In","ingroup","ingroup",0,0,1,0,0,0,"In","In","Out",0,0,0,0,0,0,0,0,1,"Observer__J_In__C_In__V_Out",0,5,-5,"Ing_x_Hum","Ing_x_Hum__Observer","Ing_x_Hum__Reject","Ing_x_Hum__Observer__Reject",0,0,0,1,0,0,"Observer__J_In__C_In__V_Out__Reject","Observer__J_In__C_In__V_Out__Reject",0,0,0,0,0,0,0,0,0,0,0,0,0,0,0,0,0,0,1,0,0,0,0,0,0,0,0
131,4,2,"observer",1,20,2,2,1,1,0,2,TRUE,1.67857142857143,1.57142857142857,1.875,2,1.16666666666667,1,1,1,1,1,2,"In","In","ingroup","ingroup",0,0,1,0,0,0,"In","In","Out",0,0,0,0,0,0,0,0,1,"Observer__J_In__C_In__V_Out",0,5,-5,"Ing_x_Hum","Ing_x_Hum__Observer","Ing_x_Hum__Reject","Ing_x_Hum__Observer__Reject",0,0,0,1,0,0,"Observer__J_In__C_In__V_Out__Reject","Observer__J_In__C_In__V_Out__Reject",0,0,0,0,0,0,0,0,0,0,0,0,0,0,0,0,0,0,1,0,0,0,0,0,0,0,0
131,7,1,"victim",0,20,2,2,1,1,0,2,TRUE,1.67857142857143,1.57142857142857,1.875,2,1.16666666666667,1,1,1,1,1,1,"In","In","ingroup","ingroup",0,0,0,1,1,0,"In","In",,0,0,0,0,0,0,0,0,0,"Victim__J_In__C_In",0,-5,5,"Hum_x_Hum","Hum_x_Hum__Victim","Hum_x_Hum__Accept","Hum_x_Hum__Victim__Accept",1,0,0,0,0,0,"Victim__J_In__C_In__Accept","Victim__J_In__C_In__Accept",1,0,0,0,0,0,0,0,0,0,0,0,0,0,0,0,0,0,0,0,0,0,0,0,0,0,0
131,7,2,"victim",0,20,2,2,1,1,0,2,TRUE,1.67857142857143,1.57142857142857,1.875,2,1.16666666666667,1,1,1,1,1,1,"In","In","ingroup","ingroup",0,0,0,1,0,1,"In","In",,0,0,0,0,0,0,0,0,0,"Victim__J_In__C_In",0,-5,5,"Hum_x_Hum","Hum_x_Hum__Victim","Hum_x_Hum__Reject","Hum_x_Hum__Victim__Reject",1,0,0,0,0,0,"Victim__J_In__C_In__Reject","Victim__J_In__C_In__Reject",1,0,0,0,0,0,0,0,0,0,0,0,0,0,0,0,0,0,0,0,0,0,0,0,0,0,0
131,8,1,"victim",0,20,2,2,1,1,0,2,TRUE,1.67857142857143,1.57142857142857,1.875,2,1.16666666666667,1,1,2,1,2,1,"In","Out","ingroup","outgroup",0,0,0,1,1,1,"In","Out",,0,0,1,0,0,0,1,0,0,"Victim__J_In__C_Out",0,0,0,"Hum_x_Hum","Hum_x_Hum__Victim","Hum_x_Hum__Accept","Hum_x_Hum__Victim__Accept",1,0,0,0,0,0,"Victim__J_In__C_Out__Accept","Victim__J_In__C_Out__Accept",0,0,0,1,0,0,0,0,0,0,0,0,0,0,0,0,0,0,0,0,0,0,0,0,0,0,0
131,8,2,"victim",0,20,2,2,1,1,0,2,TRUE,1.67857142857143,1.57142857142857,1.875,2,1.16666666666667,1,1,2,2,1,1,"In","Out","outgroup","ingroup",1,0,0,0,1,1,"Out","In",,0,0,1,0,1,0,0,0,0,"Victim__J_Out__C_In",0,0,0,"Hum_x_Ing","Hum_x_Ing__Victim","Hum_x_Ing__Accept","Hum_x_Ing__Victim__Accept",0,1,0,0,0,0,"Victim__J_Out__C_In__Accept","Victim__J_Out__C_In__Accept",0,1,0,0,0,0,0,0,0,0,0,0,0,0,0,0,0,0,0,0,0,0,0,0,0,0,0
132,3,1,"victim",0,18,2,1,0,2,1,1,TRUE,2.42857142857143,2.14285714285714,2.625,2.28571428571429,2.66666666666667,2,2,1,2,1,2,"In","Out","ingroup","outgroup",0,0,0,1,1,0,"In","Out",,0,0,1,0,0,0,1,0,0,"Victim__J_In__C_Out",0,-9,9,"Ing_x_Ing","Ing_x_Ing__Victim","Ing_x_Ing__Accept","Ing_x_Ing__Victim__Accept",0,0,0,0,1,0,"Victim__J_In__C_Out__Accept","Victim__J_In__C_Out__Accept",0,0,0,1,0,0,0,0,0,0,0,0,0,0,0,0,0,0,0,0,0,0,0,0,0,0,0
132,3,2,"victim",0,18,2,1,0,2,1,1,TRUE,2.42857142857143,2.14285714285714,2.625,2.28571428571429,2.66666666666667,2,2,1,1,2,2,"In","Out","outgroup","ingroup",1,0,0,0,0,1,"Out","In",,0,0,1,0,1,0,0,0,0,"Victim__J_Out__C_In",0,9,-9,"Ing_x_Hum","Ing_x_Hum__Victim","Ing_x_Hum__Reject","Ing_x_Hum__Victim__Reject",0,0,0,1,0,0,"Victim__J_Out__C_In__Reject","Victim__J_Out__C_In__Reject",0,1,0,0,0,0,0,0,0,0,0,0,0,0,0,0,0,0,0,0,0,0,0,0,0,0,0
132,6,1,"observer",1,18,2,1,0,2,1,1,TRUE,2.42857142857143,2.14285714285714,2.625,2.28571428571429,2.66666666666667,2,2,1,2,1,1,"In","Out","ingroup","outgroup",0,0,1,0,0,0,"In","Out","Out",0,0,1,0,0,0,1,0,1,"Observer__J_In__C_Out__V_Out",0,9,-9,"Hum_x_Ing","Hum_x_Ing__Observer","Hum_x_Ing__Reject","Hum_x_Ing__Observer__Reject",0,1,0,0,0,0,"Observer__J_In__C_Out__V_Out__Reject","Observer__J_In__C_Out__V_Out__Reject",0,0,0,0,0,0,0,0,0,0,0,0,0,0,0,0,0,0,0,0,0,1,0,0,0,0,0
132,6,2,"observer",1,18,2,1,0,2,1,1,TRUE,2.42857142857143,2.14285714285714,2.625,2.28571428571429,2.66666666666667,2,2,1,1,2,1,"In","Out","outgroup","ingroup",1,0,1,1,0,0,"Out","In","Out",0,0,1,0,1,0,0,0,1,"Observer__J_Out__C_In__V_Out",0,9,-9,"Hum_x_Hum","Hum_x_Hum__Observer","Hum_x_Hum__Reject","Hum_x_Hum__Observer__Reject",1,0,0,0,0,0,"Observer__J_Out__C_In__V_Out__Reject","Observer__J_Out__C_In__V_Out__Reject",0,0,0,0,0,0,0,0,0,0,0,0,0,0,0,0,0,0,0,1,0,0,0,0,0,0,0
132,10,1,"observer",1,18,2,1,0,2,1,1,TRUE,2.42857142857143,2.14285714285714,2.625,2.28571428571429,2.66666666666667,2,2,2,2,2,2,"In","In","ingroup","ingroup",0,0,0,1,1,1,"In","In","In",0,0,0,0,0,0,0,0,0,"Observer__J_In__C_In__V_In",0,-9,9,"Ing_x_Ing","Ing_x_Ing__Observer","Ing_x_Ing__Accept","Ing_x_Ing__Observer__Accept",0,0,0,0,1,0,"Observer__J_In__C_In__V_In__Accept","Observer__J_In__C_In__V_In__Accept",0,0,0,0,0,0,0,0,0,1,0,0,0,0,0,0,0,0,0,0,0,0,0,0,0,0,0
132,10,2,"observer",1,18,2,1,0,2,1,1,TRUE,2.42857142857143,2.14285714285714,2.625,2.28571428571429,2.66666666666667,2,2,2,2,2,2,"In","In","ingroup","ingroup",0,0,0,1,1,1,"In","In","In",0,0,0,0,0,0,0,0,0,"Observer__J_In__C_In__V_In",0,-9,9,"Ing_x_Ing","Ing_x_Ing__Observer","Ing_x_Ing__Accept","Ing_x_Ing__Observer__Accept",0,0,0,0,1,0,"Observer__J_In__C_In__V_In__Accept","Observer__J_In__C_In__V_In__Accept",0,0,0,0,0,0,0,0,0,1,0,0,0,0,0,0,0,0,0,0,0,0,0,0,0,0,0
133,1,1,"victim",0,21,1,2,1,1,0,1,TRUE,1.75,1.42857142857143,1.75,2.71428571428571,1,1,2,1,2,1,1,"Out","In","outgroup","ingroup",1,0,0,0,1,0,"Out","In",,1,0,0,0,1,0,0,0,0,"Victim__J_Out__C_In",0,-4,4,"Hum_x_Ing","Hum_x_Ing__Victim","Hum_x_Ing__Accept","Hum_x_Ing__Victim__Accept",0,1,0,0,0,0,"Victim__J_Out__C_In__Accept","Victim__J_Out__C_In__Accept",0,1,0,0,0,0,0,0,0,0,0,0,0,0,0,0,0,0,0,0,0,0,0,0,0,0,0
133,1,2,"victim",0,21,1,2,1,1,0,1,TRUE,1.75,1.42857142857143,1.75,2.71428571428571,1,1,2,1,1,2,1,"Out","In","ingroup","outgroup",0,0,0,1,0,1,"In","Out",,1,0,0,0,0,0,1,0,0,"Victim__J_In__C_Out",0,8,-8,"Hum_x_Hum","Hum_x_Hum__Victim","Hum_x_Hum__Reject","Hum_x_Hum__Victim__Reject",1,0,0,0,0,0,"Victim__J_In__C_Out__Reject","Victim__J_In__C_Out__Reject",0,0,0,1,0,0,0,0,0,0,0,0,0,0,0,0,0,0,0,0,0,0,0,0,0,0,0
133,3,1,"victim",0,21,1,2,1,1,0,1,TRUE,1.75,1.42857142857143,1.75,2.71428571428571,1,1,1,1,1,1,1,"In","In","ingroup","ingroup",0,0,0,1,1,1,"In","In",,0,0,0,0,0,0,0,0,0,"Victim__J_In__C_In",0,0,0,"Hum_x_Hum","Hum_x_Hum__Victim","Hum_x_Hum__Accept","Hum_x_Hum__Victim__Accept",1,0,0,0,0,0,"Victim__J_In__C_In__Accept","Victim__J_In__C_In__Accept",1,0,0,0,0,0,0,0,0,0,0,0,0,0,0,0,0,0,0,0,0,0,0,0,0,0,0
133,3,2,"victim",0,21,1,2,1,1,0,1,TRUE,1.75,1.42857142857143,1.75,2.71428571428571,1,1,1,1,1,1,1,"In","In","ingroup","ingroup",0,0,0,1,1,1,"In","In",,0,0,0,0,0,0,0,0,0,"Victim__J_In__C_In",0,0,0,"Hum_x_Hum","Hum_x_Hum__Victim","Hum_x_Hum__Accept","Hum_x_Hum__Victim__Accept",1,0,0,0,0,0,"Victim__J_In__C_In__Accept","Victim__J_In__C_In__Accept",1,0,0,0,0,0,0,0,0,0,0,0,0,0,0,0,0,0,0,0,0,0,0,0,0,0,0
133,5,1,"victim",0,21,1,2,1,1,0,1,TRUE,1.75,1.42857142857143,1.75,2.71428571428571,1,1,2,2,2,2,1,"Out","Out","outgroup","outgroup",1,0,0,0,1,0,"Out","Out",,1,0,1,0,1,0,1,0,0,"Victim__J_Out__C_Out",0,-6,6,"Hum_x_Ing","Hum_x_Ing__Victim","Hum_x_Ing__Accept","Hum_x_Ing__Victim__Accept",0,1,0,0,0,0,"Victim__J_Out__C_Out__Accept","Victim__J_Out__C_Out__Accept",0,0,0,0,1,0,0,0,0,0,0,0,0,0,0,0,0,0,0,0,0,0,0,0,0,0,0
133,5,2,"victim",0,21,1,2,1,1,0,1,TRUE,1.75,1.42857142857143,1.75,2.71428571428571,1,1,2,2,2,2,1,"Out","Out","outgroup","outgroup",1,0,0,0,0,1,"Out","Out",,1,0,1,0,1,0,1,0,0,"Victim__J_Out__C_Out",0,5,-5,"Hum_x_Ing","Hum_x_Ing__Victim","Hum_x_Ing__Reject","Hum_x_Ing__Victim__Reject",0,1,0,0,0,0,"Victim__J_Out__C_Out__Reject","Victim__J_Out__C_Out__Reject",0,0,0,0,1,0,0,0,0,0,0,0,0,0,0,0,0,0,0,0,0,0,0,0,0,0,0
133,8,1,"observer",1,21,1,2,1,1,0,1,TRUE,1.75,1.42857142857143,1.75,2.71428571428571,1,1,1,1,1,1,2,"In","In","ingroup","ingroup",0,0,1,0,1,1,"In","In","Out",0,0,0,0,0,0,0,0,1,"Observer__J_In__C_In__V_Out",0,-5,5,"Ing_x_Hum","Ing_x_Hum__Observer","Ing_x_Hum__Accept","Ing_x_Hum__Observer__Accept",0,0,0,1,0,0,"Observer__J_In__C_In__V_Out__Accept","Observer__J_In__C_In__V_Out__Accept",0,0,0,0,0,0,0,0,0,0,0,0,0,0,0,0,0,0,1,0,0,0,0,0,0,0,0
133,8,2,"observer",1,21,1,2,1,1,0,1,TRUE,1.75,1.42857142857143,1.75,2.71428571428571,1,1,1,1,1,1,2,"In","In","ingroup","ingroup",0,0,1,0,1,1,"In","In","Out",0,0,0,0,0,0,0,0,1,"Observer__J_In__C_In__V_Out",0,-5,5,"Ing_x_Hum","Ing_x_Hum__Observer","Ing_x_Hum__Accept","Ing_x_Hum__Observer__Accept",0,0,0,1,0,0,"Observer__J_In__C_In__V_Out__Accept","Observer__J_In__C_In__V_Out__Accept",0,0,0,0,0,0,0,0,0,0,0,0,0,0,0,0,0,0,1,0,0,0,0,0,0,0,0
134,4,1,"observer",1,21,4,2,1,2,1,2,TRUE,2.57142857142857,1.71428571428571,2.625,3.28571428571429,2.66666666666667,2,2,2,2,2,2,"In","In","ingroup","ingroup",0,0,0,1,1,0,"In","In","In",0,0,0,0,0,0,0,0,0,"Observer__J_In__C_In__V_In",0,-9,9,"Ing_x_Ing","Ing_x_Ing__Observer","Ing_x_Ing__Accept","Ing_x_Ing__Observer__Accept",0,0,0,0,1,0,"Observer__J_In__C_In__V_In__Accept","Observer__J_In__C_In__V_In__Accept",0,0,0,0,0,0,0,0,0,1,0,0,0,0,0,0,0,0,0,0,0,0,0,0,0,0,0
134,4,2,"observer",1,21,4,2,1,2,1,2,TRUE,2.57142857142857,1.71428571428571,2.625,3.28571428571429,2.66666666666667,2,2,2,2,2,2,"In","In","ingroup","ingroup",0,0,0,1,0,1,"In","In","In",0,0,0,0,0,0,0,0,0,"Observer__J_In__C_In__V_In",0,9,-9,"Ing_x_Ing","Ing_x_Ing__Observer","Ing_x_Ing__Reject","Ing_x_Ing__Observer__Reject",0,0,0,0,1,0,"Observer__J_In__C_In__V_In__Reject","Observer__J_In__C_In__V_In__Reject",0,0,0,0,0,0,0,0,0,1,0,0,0,0,0,0,0,0,0,0,0,0,0,0,0,0,0
134,5,1,"observer",1,21,4,2,1,2,1,2,TRUE,2.57142857142857,1.71428571428571,2.625,3.28571428571429,2.66666666666667,2,2,2,2,2,1,"In","In","ingroup","ingroup",0,0,1,0,1,0,"In","In","Out",0,0,0,0,0,0,0,0,1,"Observer__J_In__C_In__V_Out",0,-9,9,"Hum_x_Ing","Hum_x_Ing__Observer","Hum_x_Ing__Accept","Hum_x_Ing__Observer__Accept",0,1,0,0,0,0,"Observer__J_In__C_In__V_Out__Accept","Observer__J_In__C_In__V_Out__Accept",0,0,0,0,0,0,0,0,0,0,0,0,0,0,0,0,0,0,1,0,0,0,0,0,0,0,0
134,5,2,"observer",1,21,4,2,1,2,1,2,TRUE,2.57142857142857,1.71428571428571,2.625,3.28571428571429,2.66666666666667,2,2,2,2,2,1,"In","In","ingroup","ingroup",0,0,1,0,0,1,"In","In","Out",0,0,0,0,0,0,0,0,1,"Observer__J_In__C_In__V_Out",0,9,-9,"Hum_x_Ing","Hum_x_Ing__Observer","Hum_x_Ing__Reject","Hum_x_Ing__Observer__Reject",0,1,0,0,0,0,"Observer__J_In__C_In__V_Out__Reject","Observer__J_In__C_In__V_Out__Reject",0,0,0,0,0,0,0,0,0,0,0,0,0,0,0,0,0,0,1,0,0,0,0,0,0,0,0
134,7,1,"victim",0,21,4,2,1,2,1,2,TRUE,2.57142857142857,1.71428571428571,2.625,3.28571428571429,2.66666666666667,2,2,2,2,2,2,"In","In","ingroup","ingroup",0,0,0,1,0,1,"In","In",,0,0,0,0,0,0,0,0,0,"Victim__J_In__C_In",0,9,-9,"Ing_x_Ing","Ing_x_Ing__Victim","Ing_x_Ing__Reject","Ing_x_Ing__Victim__Reject",0,0,0,0,1,0,"Victim__J_In__C_In__Reject","Victim__J_In__C_In__Reject",1,0,0,0,0,0,0,0,0,0,0,0,0,0,0,0,0,0,0,0,0,0,0,0,0,0,0
134,7,2,"victim",0,21,4,2,1,2,1,2,TRUE,2.57142857142857,1.71428571428571,2.625,3.28571428571429,2.66666666666667,2,2,2,2,2,2,"In","In","ingroup","ingroup",0,0,0,1,1,0,"In","In",,0,0,0,0,0,0,0,0,0,"Victim__J_In__C_In",0,-9,9,"Ing_x_Ing","Ing_x_Ing__Victim","Ing_x_Ing__Accept","Ing_x_Ing__Victim__Accept",0,0,0,0,1,0,"Victim__J_In__C_In__Accept","Victim__J_In__C_In__Accept",1,0,0,0,0,0,0,0,0,0,0,0,0,0,0,0,0,0,0,0,0,0,0,0,0,0,0
134,10,1,"victim",0,21,4,2,1,2,1,2,TRUE,2.57142857142857,1.71428571428571,2.625,3.28571428571429,2.66666666666667,2,1,2,1,2,2,"Out","In","outgroup","ingroup",1,0,0,0,1,1,"Out","In",,1,0,0,0,1,0,0,0,0,"Victim__J_Out__C_In",0,-9,9,"Ing_x_Hum","Ing_x_Hum__Victim","Ing_x_Hum__Accept","Ing_x_Hum__Victim__Accept",0,0,0,1,0,0,"Victim__J_Out__C_In__Accept","Victim__J_Out__C_In__Accept",0,1,0,0,0,0,0,0,0,0,0,0,0,0,0,0,0,0,0,0,0,0,0,0,0,0,0
134,10,2,"victim",0,21,4,2,1,2,1,2,TRUE,2.57142857142857,1.71428571428571,2.625,3.28571428571429,2.66666666666667,2,1,2,2,1,2,"Out","In","ingroup","outgroup",0,0,0,1,1,1,"In","Out",,1,0,0,0,0,0,1,0,0,"Victim__J_In__C_Out",0,-9,9,"Ing_x_Ing","Ing_x_Ing__Victim","Ing_x_Ing__Accept","Ing_x_Ing__Victim__Accept",0,0,0,0,1,0,"Victim__J_In__C_Out__Accept","Victim__J_In__C_Out__Accept",0,0,0,1,0,0,0,0,0,0,0,0,0,0,0,0,0,0,0,0,0,0,0,0,0,0,0
135,1,1,"observer",1,21,3,1,0,2,1,2,TRUE,2.5,2.71428571428571,3,1.71428571428571,2.5,2,2,1,2,1,1,"In","Out","ingroup","outgroup",0,0,1,0,1,0,"In","Out","Out",0,0,1,0,0,0,1,0,1,"Observer__J_In__C_Out__V_Out",0,-4,4,"Hum_x_Ing","Hum_x_Ing__Observer","Hum_x_Ing__Accept","Hum_x_Ing__Observer__Accept",0,1,0,0,0,0,"Observer__J_In__C_Out__V_Out__Accept","Observer__J_In__C_Out__V_Out__Accept",0,0,0,0,0,0,0,0,0,0,0,0,0,0,0,0,0,0,0,0,0,1,0,0,0,0,0
135,1,2,"observer",1,21,3,1,0,2,1,2,TRUE,2.5,2.71428571428571,3,1.71428571428571,2.5,2,2,1,1,2,1,"In","Out","outgroup","ingroup",1,0,1,1,0,1,"Out","In","Out",0,0,1,0,1,0,0,0,1,"Observer__J_Out__C_In__V_Out",0,4,-4,"Hum_x_Hum","Hum_x_Hum__Observer","Hum_x_Hum__Reject","Hum_x_Hum__Observer__Reject",1,0,0,0,0,0,"Observer__J_Out__C_In__V_Out__Reject","Observer__J_Out__C_In__V_Out__Reject",0,0,0,0,0,0,0,0,0,0,0,0,0,0,0,0,0,0,0,1,0,0,0,0,0,0,0
135,2,1,"observer",1,21,3,1,0,2,1,2,TRUE,2.5,2.71428571428571,3,1.71428571428571,2.5,2,2,1,2,1,1,"In","Out","ingroup","outgroup",0,0,1,0,0,1,"In","Out","Out",0,0,1,0,0,0,1,0,1,"Observer__J_In__C_Out__V_Out",0,5,-5,"Hum_x_Ing","Hum_x_Ing__Observer","Hum_x_Ing__Reject","Hum_x_Ing__Observer__Reject",0,1,0,0,0,0,"Observer__J_In__C_Out__V_Out__Reject","Observer__J_In__C_Out__V_Out__Reject",0,0,0,0,0,0,0,0,0,0,0,0,0,0,0,0,0,0,0,0,0,1,0,0,0,0,0
135,2,2,"observer",1,21,3,1,0,2,1,2,TRUE,2.5,2.71428571428571,3,1.71428571428571,2.5,2,2,1,1,2,1,"In","Out","outgroup","ingroup",1,0,1,1,1,0,"Out","In","Out",0,0,1,0,1,0,0,0,1,"Observer__J_Out__C_In__V_Out",0,-5,5,"Hum_x_Hum","Hum_x_Hum__Observer","Hum_x_Hum__Accept","Hum_x_Hum__Observer__Accept",1,0,0,0,0,0,"Observer__J_Out__C_In__V_Out__Accept","Observer__J_Out__C_In__V_Out__Accept",0,0,0,0,0,0,0,0,0,0,0,0,0,0,0,0,0,0,0,1,0,0,0,0,0,0,0
135,4,1,"observer",1,21,3,1,0,2,1,2,TRUE,2.5,2.71428571428571,3,1.71428571428571,2.5,2,1,2,1,2,1,"Out","In","outgroup","ingroup",1,0,1,1,1,0,"Out","In","Out",1,0,0,0,1,0,0,0,1,"Observer__J_Out__C_In__V_Out",0,-2,2,"Hum_x_Hum","Hum_x_Hum__Observer","Hum_x_Hum__Accept","Hum_x_Hum__Observer__Accept",1,0,0,0,0,0,"Observer__J_Out__C_In__V_Out__Accept","Observer__J_Out__C_In__V_Out__Accept",0,0,0,0,0,0,0,0,0,0,0,0,0,0,0,0,0,0,0,1,0,0,0,0,0,0,0
135,4,2,"observer",1,21,3,1,0,2,1,2,TRUE,2.5,2.71428571428571,3,1.71428571428571,2.5,2,1,2,2,1,1,"Out","In","ingroup","outgroup",0,0,1,0,0,1,"In","Out","Out",1,0,0,0,0,0,1,0,1,"Observer__J_In__C_Out__V_Out",0,2,-2,"Hum_x_Ing","Hum_x_Ing__Observer","Hum_x_Ing__Reject","Hum_x_Ing__Observer__Reject",0,1,0,0,0,0,"Observer__J_In__C_Out__V_Out__Reject","Observer__J_In__C_Out__V_Out__Reject",0,0,0,0,0,0,0,0,0,0,0,0,0,0,0,0,0,0,0,0,0,1,0,0,0,0,0
135,5,1,"observer",1,21,3,1,0,2,1,2,TRUE,2.5,2.71428571428571,3,1.71428571428571,2.5,2,1,1,1,1,2,"Out","Out","outgroup","outgroup",1,0,0,0,0,0,"Out","Out","In",1,0,1,0,1,0,1,0,0,"Observer__J_Out__C_Out__V_In",0,0,0,"Ing_x_Hum","Ing_x_Hum__Observer","Ing_x_Hum__Reject","Ing_x_Hum__Observer__Reject",0,0,0,1,0,0,"Observer__J_Out__C_Out__V_In__Reject","Observer__J_Out__C_Out__V_In__Reject",0,0,0,0,0,0,0,0,0,0,0,0,0,1,0,0,0,0,0,0,0,0,0,0,0,0,0
135,5,2,"observer",1,21,3,1,0,2,1,2,TRUE,2.5,2.71428571428571,3,1.71428571428571,2.5,2,1,1,1,1,2,"Out","Out","outgroup","outgroup",1,0,0,0,0,0,"Out","Out","In",1,0,1,0,1,0,1,0,0,"Observer__J_Out__C_Out__V_In",0,0,0,"Ing_x_Hum","Ing_x_Hum__Observer","Ing_x_Hum__Reject","Ing_x_Hum__Observer__Reject",0,0,0,1,0,0,"Observer__J_Out__C_Out__V_In__Reject","Observer__J_Out__C_Out__V_In__Reject",0,0,0,0,0,0,0,0,0,0,0,0,0,1,0,0,0,0,0,0,0,0,0,0,0,0,0
135,6,1,"victim",0,21,3,1,0,2,1,2,TRUE,2.5,2.71428571428571,3,1.71428571428571,2.5,2,1,1,1,1,2,"Out","Out","outgroup","outgroup",1,0,0,0,0,1,"Out","Out",,1,0,1,0,1,0,1,0,0,"Victim__J_Out__C_Out",0,6,-6,"Ing_x_Hum","Ing_x_Hum__Victim","Ing_x_Hum__Reject","Ing_x_Hum__Victim__Reject",0,0,0,1,0,0,"Victim__J_Out__C_Out__Reject","Victim__J_Out__C_Out__Reject",0,0,0,0,1,0,0,0,0,0,0,0,0,0,0,0,0,0,0,0,0,0,0,0,0,0,0
135,6,2,"victim",0,21,3,1,0,2,1,2,TRUE,2.5,2.71428571428571,3,1.71428571428571,2.5,2,1,1,1,1,2,"Out","Out","outgroup","outgroup",1,0,0,0,1,0,"Out","Out",,1,0,1,0,1,0,1,0,0,"Victim__J_Out__C_Out",0,2,-2,"Ing_x_Hum","Ing_x_Hum__Victim","Ing_x_Hum__Accept","Ing_x_Hum__Victim__Accept",0,0,0,1,0,0,"Victim__J_Out__C_Out__Accept","Victim__J_Out__C_Out__Accept",0,0,0,0,1,0,0,0,0,0,0,0,0,0,0,0,0,0,0,0,0,0,0,0,0,0,0
135,8,1,"victim",0,21,3,1,0,2,1,2,TRUE,2.5,2.71428571428571,3,1.71428571428571,2.5,2,2,2,2,2,2,"In","In","ingroup","ingroup",0,0,0,1,1,0,"In","In",,0,0,0,0,0,0,0,0,0,"Victim__J_In__C_In",0,1,-1,"Ing_x_Ing","Ing_x_Ing__Victim","Ing_x_Ing__Accept","Ing_x_Ing__Victim__Accept",0,0,0,0,1,0,"Victim__J_In__C_In__Accept","Victim__J_In__C_In__Accept",1,0,0,0,0,0,0,0,0,0,0,0,0,0,0,0,0,0,0,0,0,0,0,0,0,0,0
135,8,2,"victim",0,21,3,1,0,2,1,2,TRUE,2.5,2.71428571428571,3,1.71428571428571,2.5,2,2,2,2,2,2,"In","In","ingroup","ingroup",0,0,0,1,0,1,"In","In",,0,0,0,0,0,0,0,0,0,"Victim__J_In__C_In",0,4,-4,"Ing_x_Ing","Ing_x_Ing__Victim","Ing_x_Ing__Reject","Ing_x_Ing__Victim__Reject",0,0,0,0,1,0,"Victim__J_In__C_In__Reject","Victim__J_In__C_In__Reject",1,0,0,0,0,0,0,0,0,0,0,0,0,0,0,0,0,0,0,0,0,0,0,0,0,0,0
136,1,1,"victim",0,18,2,2,1,1,0,1,TRUE,1.78571428571429,1.57142857142857,1.75,2,1.83333333333333,1,2,1,2,1,1,"Out","In","outgroup","ingroup",1,0,0,0,1,0,"Out","In",,1,0,0,0,1,0,0,0,0,"Victim__J_Out__C_In",0,-1,1,"Hum_x_Ing","Hum_x_Ing__Victim","Hum_x_Ing__Accept","Hum_x_Ing__Victim__Accept",0,1,0,0,0,0,"Victim__J_Out__C_In__Accept","Victim__J_Out__C_In__Accept",0,1,0,0,0,0,0,0,0,0,0,0,0,0,0,0,0,0,0,0,0,0,0,0,0,0,0
136,1,2,"victim",0,18,2,2,1,1,0,1,TRUE,1.78571428571429,1.57142857142857,1.75,2,1.83333333333333,1,2,1,1,2,1,"Out","In","ingroup","outgroup",0,0,0,1,0,1,"In","Out",,1,0,0,0,0,0,1,0,0,"Victim__J_In__C_Out",0,3,-3,"Hum_x_Hum","Hum_x_Hum__Victim","Hum_x_Hum__Reject","Hum_x_Hum__Victim__Reject",1,0,0,0,0,0,"Victim__J_In__C_Out__Reject","Victim__J_In__C_Out__Reject",0,0,0,1,0,0,0,0,0,0,0,0,0,0,0,0,0,0,0,0,0,0,0,0,0,0,0
136,4,1,"victim",0,18,2,2,1,1,0,1,TRUE,1.78571428571429,1.57142857142857,1.75,2,1.83333333333333,1,2,1,2,1,1,"Out","In","outgroup","ingroup",1,0,0,0,0,0,"Out","In",,1,0,0,0,1,0,0,0,0,"Victim__J_Out__C_In",0,6,-6,"Hum_x_Ing","Hum_x_Ing__Victim","Hum_x_Ing__Reject","Hum_x_Ing__Victim__Reject",0,1,0,0,0,0,"Victim__J_Out__C_In__Reject","Victim__J_Out__C_In__Reject",0,1,0,0,0,0,0,0,0,0,0,0,0,0,0,0,0,0,0,0,0,0,0,0,0,0,0
136,4,2,"victim",0,18,2,2,1,1,0,1,TRUE,1.78571428571429,1.57142857142857,1.75,2,1.83333333333333,1,2,1,1,2,1,"Out","In","ingroup","outgroup",0,0,0,1,0,0,"In","Out",,1,0,0,0,0,0,1,0,0,"Victim__J_In__C_Out",0,6,-6,"Hum_x_Hum","Hum_x_Hum__Victim","Hum_x_Hum__Reject","Hum_x_Hum__Victim__Reject",1,0,0,0,0,0,"Victim__J_In__C_Out__Reject","Victim__J_In__C_Out__Reject",0,0,0,1,0,0,0,0,0,0,0,0,0,0,0,0,0,0,0,0,0,0,0,0,0,0,0
136,5,1,"victim",0,18,2,2,1,1,0,1,TRUE,1.78571428571429,1.57142857142857,1.75,2,1.83333333333333,1,1,1,1,1,1,"In","In","ingroup","ingroup",0,0,0,1,1,0,"In","In",,0,0,0,0,0,0,0,0,0,"Victim__J_In__C_In",0,-6,6,"Hum_x_Hum","Hum_x_Hum__Victim","Hum_x_Hum__Accept","Hum_x_Hum__Victim__Accept",1,0,0,0,0,0,"Victim__J_In__C_In__Accept","Victim__J_In__C_In__Accept",1,0,0,0,0,0,0,0,0,0,0,0,0,0,0,0,0,0,0,0,0,0,0,0,0,0,0
136,5,2,"victim",0,18,2,2,1,1,0,1,TRUE,1.78571428571429,1.57142857142857,1.75,2,1.83333333333333,1,1,1,1,1,1,"In","In","ingroup","ingroup",0,0,0,1,0,1,"In","In",,0,0,0,0,0,0,0,0,0,"Victim__J_In__C_In",0,6,-6,"Hum_x_Hum","Hum_x_Hum__Victim","Hum_x_Hum__Reject","Hum_x_Hum__Victim__Reject",1,0,0,0,0,0,"Victim__J_In__C_In__Reject","Victim__J_In__C_In__Reject",1,0,0,0,0,0,0,0,0,0,0,0,0,0,0,0,0,0,0,0,0,0,0,0,0,0,0
136,7,1,"observer",1,18,2,2,1,1,0,1,TRUE,1.78571428571429,1.57142857142857,1.75,2,1.83333333333333,1,1,2,1,2,2,"In","Out","ingroup","outgroup",0,0,1,0,1,1,"In","Out","Out",0,0,1,0,0,0,1,0,1,"Observer__J_In__C_Out__V_Out",0,0,0,"Ing_x_Hum","Ing_x_Hum__Observer","Ing_x_Hum__Accept","Ing_x_Hum__Observer__Accept",0,0,0,1,0,0,"Observer__J_In__C_Out__V_Out__Accept","Observer__J_In__C_Out__V_Out__Accept",0,0,0,0,0,0,0,0,0,0,0,0,0,0,0,0,0,0,0,0,0,1,0,0,0,0,0
136,7,2,"observer",1,18,2,2,1,1,0,1,TRUE,1.78571428571429,1.57142857142857,1.75,2,1.83333333333333,1,1,2,2,1,2,"In","Out","outgroup","ingroup",1,0,1,1,1,1,"Out","In","Out",0,0,1,0,1,0,0,0,1,"Observer__J_Out__C_In__V_Out",0,0,0,"Ing_x_Ing","Ing_x_Ing__Observer","Ing_x_Ing__Accept","Ing_x_Ing__Observer__Accept",0,0,0,0,1,0,"Observer__J_Out__C_In__V_Out__Accept","Observer__J_Out__C_In__V_Out__Accept",0,0,0,0,0,0,0,0,0,0,0,0,0,0,0,0,0,0,0,1,0,0,0,0,0,0,0
136,10,1,"observer",1,18,2,2,1,1,0,1,TRUE,1.78571428571429,1.57142857142857,1.75,2,1.83333333333333,1,1,2,1,2,2,"In","Out","ingroup","outgroup",0,0,1,0,0,0,"In","Out","Out",0,0,1,0,0,0,1,0,1,"Observer__J_In__C_Out__V_Out",0,6,-6,"Ing_x_Hum","Ing_x_Hum__Observer","Ing_x_Hum__Reject","Ing_x_Hum__Observer__Reject",0,0,0,1,0,0,"Observer__J_In__C_Out__V_Out__Reject","Observer__J_In__C_Out__V_Out__Reject",0,0,0,0,0,0,0,0,0,0,0,0,0,0,0,0,0,0,0,0,0,1,0,0,0,0,0
136,10,2,"observer",1,18,2,2,1,1,0,1,TRUE,1.78571428571429,1.57142857142857,1.75,2,1.83333333333333,1,1,2,2,1,2,"In","Out","outgroup","ingroup",1,0,1,1,0,0,"Out","In","Out",0,0,1,0,1,0,0,0,1,"Observer__J_Out__C_In__V_Out",0,6,-6,"Ing_x_Ing","Ing_x_Ing__Observer","Ing_x_Ing__Reject","Ing_x_Ing__Observer__Reject",0,0,0,0,1,0,"Observer__J_Out__C_In__V_Out__Reject","Observer__J_Out__C_In__V_Out__Reject",0,0,0,0,0,0,0,0,0,0,0,0,0,0,0,0,0,0,0,1,0,0,0,0,0,0,0
137,4,1,"victim",0,20,4,1,0,2,1,1,TRUE,2.28571428571429,1.28571428571429,3.125,2.42857142857143,2.16666666666667,2,1,2,1,2,2,"Out","In","outgroup","ingroup",1,0,0,0,1,1,"Out","In",,1,0,0,0,1,0,0,0,0,"Victim__J_Out__C_In",0,-7,7,"Ing_x_Hum","Ing_x_Hum__Victim","Ing_x_Hum__Accept","Ing_x_Hum__Victim__Accept",0,0,0,1,0,0,"Victim__J_Out__C_In__Accept","Victim__J_Out__C_In__Accept",0,1,0,0,0,0,0,0,0,0,0,0,0,0,0,0,0,0,0,0,0,0,0,0,0,0,0
137,4,2,"victim",0,20,4,1,0,2,1,1,TRUE,2.28571428571429,1.28571428571429,3.125,2.42857142857143,2.16666666666667,2,1,2,2,1,2,"Out","In","ingroup","outgroup",0,0,0,1,1,1,"In","Out",,1,0,0,0,0,0,1,0,0,"Victim__J_In__C_Out",0,-7,7,"Ing_x_Ing","Ing_x_Ing__Victim","Ing_x_Ing__Accept","Ing_x_Ing__Victim__Accept",0,0,0,0,1,0,"Victim__J_In__C_Out__Accept","Victim__J_In__C_Out__Accept",0,0,0,1,0,0,0,0,0,0,0,0,0,0,0,0,0,0,0,0,0,0,0,0,0,0,0
137,8,1,"observer",1,20,4,1,0,2,1,1,TRUE,2.28571428571429,1.28571428571429,3.125,2.42857142857143,2.16666666666667,2,1,1,1,1,2,"Out","Out","outgroup","outgroup",1,0,0,0,0,0,"Out","Out","In",1,0,1,0,1,0,1,0,0,"Observer__J_Out__C_Out__V_In",0,9,-9,"Ing_x_Hum","Ing_x_Hum__Observer","Ing_x_Hum__Reject","Ing_x_Hum__Observer__Reject",0,0,0,1,0,0,"Observer__J_Out__C_Out__V_In__Reject","Observer__J_Out__C_Out__V_In__Reject",0,0,0,0,0,0,0,0,0,0,0,0,0,1,0,0,0,0,0,0,0,0,0,0,0,0,0
137,8,2,"observer",1,20,4,1,0,2,1,1,TRUE,2.28571428571429,1.28571428571429,3.125,2.42857142857143,2.16666666666667,2,1,1,1,1,2,"Out","Out","outgroup","outgroup",1,0,0,0,0,0,"Out","Out","In",1,0,1,0,1,0,1,0,0,"Observer__J_Out__C_Out__V_In",0,9,-9,"Ing_x_Hum","Ing_x_Hum__Observer","Ing_x_Hum__Reject","Ing_x_Hum__Observer__Reject",0,0,0,1,0,0,"Observer__J_Out__C_Out__V_In__Reject","Observer__J_Out__C_Out__V_In__Reject",0,0,0,0,0,0,0,0,0,0,0,0,0,1,0,0,0,0,0,0,0,0,0,0,0,0,0
138,1,1,"victim",0,21,2,1,0,2,1,1,TRUE,2.39285714285714,2.14285714285714,2.5,2.14285714285714,2.83333333333333,2,1,2,1,2,2,"Out","In","outgroup","ingroup",1,0,0,0,1,1,"Out","In",,1,0,0,0,1,0,0,0,0,"Victim__J_Out__C_In",0,-6,6,"Ing_x_Hum","Ing_x_Hum__Victim","Ing_x_Hum__Accept","Ing_x_Hum__Victim__Accept",0,0,0,1,0,0,"Victim__J_Out__C_In__Accept","Victim__J_Out__C_In__Accept",0,1,0,0,0,0,0,0,0,0,0,0,0,0,0,0,0,0,0,0,0,0,0,0,0,0,0
138,1,2,"victim",0,21,2,1,0,2,1,1,TRUE,2.39285714285714,2.14285714285714,2.5,2.14285714285714,2.83333333333333,2,1,2,2,1,2,"Out","In","ingroup","outgroup",0,0,0,1,1,1,"In","Out",,1,0,0,0,0,0,1,0,0,"Victim__J_In__C_Out",0,-6,6,"Ing_x_Ing","Ing_x_Ing__Victim","Ing_x_Ing__Accept","Ing_x_Ing__Victim__Accept",0,0,0,0,1,0,"Victim__J_In__C_Out__Accept","Victim__J_In__C_Out__Accept",0,0,0,1,0,0,0,0,0,0,0,0,0,0,0,0,0,0,0,0,0,0,0,0,0,0,0
139,3,1,"victim",0,19,2,2,1,1,0,1,TRUE,2.32142857142857,2.28571428571429,2.25,2.85714285714286,1.83333333333333,1,2,1,2,1,1,"Out","In","outgroup","ingroup",1,0,0,0,1,0,"Out","In",,1,0,0,0,1,0,0,0,0,"Victim__J_Out__C_In",0,-5,5,"Hum_x_Ing","Hum_x_Ing__Victim","Hum_x_Ing__Accept","Hum_x_Ing__Victim__Accept",0,1,0,0,0,0,"Victim__J_Out__C_In__Accept","Victim__J_Out__C_In__Accept",0,1,0,0,0,0,0,0,0,0,0,0,0,0,0,0,0,0,0,0,0,0,0,0,0,0,0
139,3,2,"victim",0,19,2,2,1,1,0,1,TRUE,2.32142857142857,2.28571428571429,2.25,2.85714285714286,1.83333333333333,1,2,1,1,2,1,"Out","In","ingroup","outgroup",0,0,0,1,0,1,"In","Out",,1,0,0,0,0,0,1,0,0,"Victim__J_In__C_Out",0,5,-5,"Hum_x_Hum","Hum_x_Hum__Victim","Hum_x_Hum__Reject","Hum_x_Hum__Victim__Reject",1,0,0,0,0,0,"Victim__J_In__C_Out__Reject","Victim__J_In__C_Out__Reject",0,0,0,1,0,0,0,0,0,0,0,0,0,0,0,0,0,0,0,0,0,0,0,0,0,0,0
139,6,1,"observer",1,19,2,2,1,1,0,1,TRUE,2.32142857142857,2.28571428571429,2.25,2.85714285714286,1.83333333333333,1,1,1,1,1,2,"In","In","ingroup","ingroup",0,0,1,0,0,1,"In","In","Out",0,0,0,0,0,0,0,0,1,"Observer__J_In__C_In__V_Out",0,-3,3,"Ing_x_Hum","Ing_x_Hum__Observer","Ing_x_Hum__Reject","Ing_x_Hum__Observer__Reject",0,0,0,1,0,0,"Observer__J_In__C_In__V_Out__Reject","Observer__J_In__C_In__V_Out__Reject",0,0,0,0,0,0,0,0,0,0,0,0,0,0,0,0,0,0,1,0,0,0,0,0,0,0,0
139,6,2,"observer",1,19,2,2,1,1,0,1,TRUE,2.32142857142857,2.28571428571429,2.25,2.85714285714286,1.83333333333333,1,1,1,1,1,2,"In","In","ingroup","ingroup",0,0,1,0,1,0,"In","In","Out",0,0,0,0,0,0,0,0,1,"Observer__J_In__C_In__V_Out",0,5,-5,"Ing_x_Hum","Ing_x_Hum__Observer","Ing_x_Hum__Accept","Ing_x_Hum__Observer__Accept",0,0,0,1,0,0,"Observer__J_In__C_In__V_Out__Accept","Observer__J_In__C_In__V_Out__Accept",0,0,0,0,0,0,0,0,0,0,0,0,0,0,0,0,0,0,1,0,0,0,0,0,0,0,0
140,1,1,"observer",1,19,1,1,0,2,1,2,TRUE,3.17857142857143,3.14285714285714,3,3.85714285714286,2.66666666666667,2,2,1,2,1,2,"In","Out","ingroup","outgroup",0,0,0,1,1,1,"In","Out","In",0,0,1,0,0,0,1,0,0,"Observer__J_In__C_Out__V_In",0,5,-5,"Ing_x_Ing","Ing_x_Ing__Observer","Ing_x_Ing__Accept","Ing_x_Ing__Observer__Accept",0,0,0,0,1,0,"Observer__J_In__C_Out__V_In__Accept","Observer__J_In__C_Out__V_In__Accept",0,0,0,0,0,0,0,0,0,0,0,0,1,0,0,0,0,0,0,0,0,0,0,0,0,0,0
140,1,2,"observer",1,19,1,1,0,2,1,2,TRUE,3.17857142857143,3.14285714285714,3,3.85714285714286,2.66666666666667,2,2,1,1,2,2,"In","Out","outgroup","ingroup",1,0,0,0,1,1,"Out","In","In",0,0,1,0,1,0,0,0,0,"Observer__J_Out__C_In__V_In",0,5,-5,"Ing_x_Hum","Ing_x_Hum__Observer","Ing_x_Hum__Accept","Ing_x_Hum__Observer__Accept",0,0,0,1,0,0,"Observer__J_Out__C_In__V_In__Accept","Observer__J_Out__C_In__V_In__Accept",0,0,0,0,0,0,0,0,0,0,1,0,0,0,0,0,0,0,0,0,0,0,0,0,0,0,0
140,3,1,"observer",1,19,1,1,0,2,1,2,TRUE,3.17857142857143,3.14285714285714,3,3.85714285714286,2.66666666666667,2,1,2,1,2,1,"Out","In","outgroup","ingroup",1,0,1,1,1,1,"Out","In","Out",1,0,0,0,1,0,0,0,1,"Observer__J_Out__C_In__V_Out",0,-5,5,"Hum_x_Hum","Hum_x_Hum__Observer","Hum_x_Hum__Accept","Hum_x_Hum__Observer__Accept",1,0,0,0,0,0,"Observer__J_Out__C_In__V_Out__Accept","Observer__J_Out__C_In__V_Out__Accept",0,0,0,0,0,0,0,0,0,0,0,0,0,0,0,0,0,0,0,1,0,0,0,0,0,0,0
140,3,2,"observer",1,19,1,1,0,2,1,2,TRUE,3.17857142857143,3.14285714285714,3,3.85714285714286,2.66666666666667,2,1,2,2,1,1,"Out","In","ingroup","outgroup",0,0,1,0,1,1,"In","Out","Out",1,0,0,0,0,0,1,0,1,"Observer__J_In__C_Out__V_Out",0,-5,5,"Hum_x_Ing","Hum_x_Ing__Observer","Hum_x_Ing__Accept","Hum_x_Ing__Observer__Accept",0,1,0,0,0,0,"Observer__J_In__C_Out__V_Out__Accept","Observer__J_In__C_Out__V_Out__Accept",0,0,0,0,0,0,0,0,0,0,0,0,0,0,0,0,0,0,0,0,0,1,0,0,0,0,0
140,5,1,"observer",1,19,1,1,0,2,1,2,TRUE,3.17857142857143,3.14285714285714,3,3.85714285714286,2.66666666666667,2,2,1,2,1,2,"In","Out","ingroup","outgroup",0,0,0,1,0,0,"In","Out","In",0,0,1,0,0,0,1,0,0,"Observer__J_In__C_Out__V_In",0,5,-5,"Ing_x_Ing","Ing_x_Ing__Observer","Ing_x_Ing__Reject","Ing_x_Ing__Observer__Reject",0,0,0,0,1,0,"Observer__J_In__C_Out__V_In__Reject","Observer__J_In__C_Out__V_In__Reject",0,0,0,0,0,0,0,0,0,0,0,0,1,0,0,0,0,0,0,0,0,0,0,0,0,0,0
140,5,2,"observer",1,19,1,1,0,2,1,2,TRUE,3.17857142857143,3.14285714285714,3,3.85714285714286,2.66666666666667,2,2,1,1,2,2,"In","Out","outgroup","ingroup",1,0,0,0,0,0,"Out","In","In",0,0,1,0,1,0,0,0,0,"Observer__J_Out__C_In__V_In",0,5,-5,"Ing_x_Hum","Ing_x_Hum__Observer","Ing_x_Hum__Reject","Ing_x_Hum__Observer__Reject",0,0,0,1,0,0,"Observer__J_Out__C_In__V_In__Reject","Observer__J_Out__C_In__V_In__Reject",0,0,0,0,0,0,0,0,0,0,1,0,0,0,0,0,0,0,0,0,0,0,0,0,0,0,0
140,8,1,"victim",0,19,1,1,0,2,1,2,TRUE,3.17857142857143,3.14285714285714,3,3.85714285714286,2.66666666666667,2,2,2,2,2,2,"In","In","ingroup","ingroup",0,0,0,1,0,1,"In","In",,0,0,0,0,0,0,0,0,0,"Victim__J_In__C_In",0,1,-1,"Ing_x_Ing","Ing_x_Ing__Victim","Ing_x_Ing__Reject","Ing_x_Ing__Victim__Reject",0,0,0,0,1,0,"Victim__J_In__C_In__Reject","Victim__J_In__C_In__Reject",1,0,0,0,0,0,0,0,0,0,0,0,0,0,0,0,0,0,0,0,0,0,0,0,0,0,0
140,8,2,"victim",0,19,1,1,0,2,1,2,TRUE,3.17857142857143,3.14285714285714,3,3.85714285714286,2.66666666666667,2,2,2,2,2,2,"In","In","ingroup","ingroup",0,0,0,1,1,0,"In","In",,0,0,0,0,0,0,0,0,0,"Victim__J_In__C_In",0,-1,1,"Ing_x_Ing","Ing_x_Ing__Victim","Ing_x_Ing__Accept","Ing_x_Ing__Victim__Accept",0,0,0,0,1,0,"Victim__J_In__C_In__Accept","Victim__J_In__C_In__Accept",1,0,0,0,0,0,0,0,0,0,0,0,0,0,0,0,0,0,0,0,0,0,0,0,0,0,0
140,9,1,"victim",0,19,1,1,0,2,1,2,TRUE,3.17857142857143,3.14285714285714,3,3.85714285714286,2.66666666666667,2,1,1,1,1,2,"Out","Out","outgroup","outgroup",1,0,0,0,0,0,"Out","Out",,1,0,1,0,1,0,1,0,0,"Victim__J_Out__C_Out",0,9,-9,"Ing_x_Hum","Ing_x_Hum__Victim","Ing_x_Hum__Reject","Ing_x_Hum__Victim__Reject",0,0,0,1,0,0,"Victim__J_Out__C_Out__Reject","Victim__J_Out__C_Out__Reject",0,0,0,0,1,0,0,0,0,0,0,0,0,0,0,0,0,0,0,0,0,0,0,0,0,0,0
140,9,2,"victim",0,19,1,1,0,2,1,2,TRUE,3.17857142857143,3.14285714285714,3,3.85714285714286,2.66666666666667,2,1,1,1,1,2,"Out","Out","outgroup","outgroup",1,0,0,0,0,0,"Out","Out",,1,0,1,0,1,0,1,0,0,"Victim__J_Out__C_Out",0,9,-9,"Ing_x_Hum","Ing_x_Hum__Victim","Ing_x_Hum__Reject","Ing_x_Hum__Victim__Reject",0,0,0,1,0,0,"Victim__J_Out__C_Out__Reject","Victim__J_Out__C_Out__Reject",0,0,0,0,1,0,0,0,0,0,0,0,0,0,0,0,0,0,0,0,0,0,0,0,0,0,0
140,10,1,"victim",0,19,1,1,0,2,1,2,TRUE,3.17857142857143,3.14285714285714,3,3.85714285714286,2.66666666666667,2,2,1,2,1,2,"In","Out","ingroup","outgroup",0,0,0,1,1,0,"In","Out",,0,0,1,0,0,0,1,0,0,"Victim__J_In__C_Out",0,-5,5,"Ing_x_Ing","Ing_x_Ing__Victim","Ing_x_Ing__Accept","Ing_x_Ing__Victim__Accept",0,0,0,0,1,0,"Victim__J_In__C_Out__Accept","Victim__J_In__C_Out__Accept",0,0,0,1,0,0,0,0,0,0,0,0,0,0,0,0,0,0,0,0,0,0,0,0,0,0,0
140,10,2,"victim",0,19,1,1,0,2,1,2,TRUE,3.17857142857143,3.14285714285714,3,3.85714285714286,2.66666666666667,2,2,1,1,2,2,"In","Out","outgroup","ingroup",1,0,0,0,0,1,"Out","In",,0,0,1,0,1,0,0,0,0,"Victim__J_Out__C_In",0,0,0,"Ing_x_Hum","Ing_x_Hum__Victim","Ing_x_Hum__Reject","Ing_x_Hum__Victim__Reject",0,0,0,1,0,0,"Victim__J_Out__C_In__Reject","Victim__J_Out__C_In__Reject",0,1,0,0,0,0,0,0,0,0,0,0,0,0,0,0,0,0,0,0,0,0,0,0,0,0,0
141,6,1,"observer",1,20,2,2,1,2,1,1,TRUE,2.25,1.85714285714286,2.125,2.71428571428571,2.33333333333333,2,2,1,2,1,2,"In","Out","ingroup","outgroup",0,0,0,1,1,0,"In","Out","In",0,0,1,0,0,0,1,0,0,"Observer__J_In__C_Out__V_In",0,5,-5,"Ing_x_Ing","Ing_x_Ing__Observer","Ing_x_Ing__Accept","Ing_x_Ing__Observer__Accept",0,0,0,0,1,0,"Observer__J_In__C_Out__V_In__Accept","Observer__J_In__C_Out__V_In__Accept",0,0,0,0,0,0,0,0,0,0,0,0,1,0,0,0,0,0,0,0,0,0,0,0,0,0,0
141,6,2,"observer",1,20,2,2,1,2,1,1,TRUE,2.25,1.85714285714286,2.125,2.71428571428571,2.33333333333333,2,2,1,1,2,2,"In","Out","outgroup","ingroup",1,0,0,0,0,1,"Out","In","In",0,0,1,0,1,0,0,0,0,"Observer__J_Out__C_In__V_In",0,-4,4,"Ing_x_Hum","Ing_x_Hum__Observer","Ing_x_Hum__Reject","Ing_x_Hum__Observer__Reject",0,0,0,1,0,0,"Observer__J_Out__C_In__V_In__Reject","Observer__J_Out__C_In__V_In__Reject",0,0,0,0,0,0,0,0,0,0,1,0,0,0,0,0,0,0,0,0,0,0,0,0,0,0,0
141,9,1,"observer",1,20,2,2,1,2,1,1,TRUE,2.25,1.85714285714286,2.125,2.71428571428571,2.33333333333333,2,1,2,1,2,2,"Out","In","outgroup","ingroup",1,0,0,0,0,0,"Out","In","In",1,0,0,0,1,0,0,0,0,"Observer__J_Out__C_In__V_In",0,-3,3,"Ing_x_Hum","Ing_x_Hum__Observer","Ing_x_Hum__Reject","Ing_x_Hum__Observer__Reject",0,0,0,1,0,0,"Observer__J_Out__C_In__V_In__Reject","Observer__J_Out__C_In__V_In__Reject",0,0,0,0,0,0,0,0,0,0,1,0,0,0,0,0,0,0,0,0,0,0,0,0,0,0,0
141,9,2,"observer",1,20,2,2,1,2,1,1,TRUE,2.25,1.85714285714286,2.125,2.71428571428571,2.33333333333333,2,1,2,2,1,2,"Out","In","ingroup","outgroup",0,0,0,1,0,0,"In","Out","In",1,0,0,0,0,0,1,0,0,"Observer__J_In__C_Out__V_In",0,-3,3,"Ing_x_Ing","Ing_x_Ing__Observer","Ing_x_Ing__Reject","Ing_x_Ing__Observer__Reject",0,0,0,0,1,0,"Observer__J_In__C_Out__V_In__Reject","Observer__J_In__C_Out__V_In__Reject",0,0,0,0,0,0,0,0,0,0,0,0,1,0,0,0,0,0,0,0,0,0,0,0,0,0,0
142,1,1,"observer",1,23,1,2,1,1,0,2,TRUE,1.64285714285714,2.14285714285714,1.25,2.14285714285714,1,1,1,2,1,2,2,"In","Out","ingroup","outgroup",0,0,1,0,1,1,"In","Out","Out",0,0,1,0,0,0,1,0,1,"Observer__J_In__C_Out__V_Out",0,-9,9,"Ing_x_Hum","Ing_x_Hum__Observer","Ing_x_Hum__Accept","Ing_x_Hum__Observer__Accept",0,0,0,1,0,0,"Observer__J_In__C_Out__V_Out__Accept","Observer__J_In__C_Out__V_Out__Accept",0,0,0,0,0,0,0,0,0,0,0,0,0,0,0,0,0,0,0,0,0,1,0,0,0,0,0
142,1,2,"observer",1,23,1,2,1,1,0,2,TRUE,1.64285714285714,2.14285714285714,1.25,2.14285714285714,1,1,1,2,2,1,2,"In","Out","outgroup","ingroup",1,0,1,1,1,1,"Out","In","Out",0,0,1,0,1,0,0,0,1,"Observer__J_Out__C_In__V_Out",0,-9,9,"Ing_x_Ing","Ing_x_Ing__Observer","Ing_x_Ing__Accept","Ing_x_Ing__Observer__Accept",0,0,0,0,1,0,"Observer__J_Out__C_In__V_Out__Accept","Observer__J_Out__C_In__V_Out__Accept",0,0,0,0,0,0,0,0,0,0,0,0,0,0,0,0,0,0,0,1,0,0,0,0,0,0,0
142,3,1,"observer",1,23,1,2,1,1,0,2,TRUE,1.64285714285714,2.14285714285714,1.25,2.14285714285714,1,1,1,2,1,2,2,"In","Out","ingroup","outgroup",0,0,1,0,0,0,"In","Out","Out",0,0,1,0,0,0,1,0,1,"Observer__J_In__C_Out__V_Out",0,9,-9,"Ing_x_Hum","Ing_x_Hum__Observer","Ing_x_Hum__Reject","Ing_x_Hum__Observer__Reject",0,0,0,1,0,0,"Observer__J_In__C_Out__V_Out__Reject","Observer__J_In__C_Out__V_Out__Reject",0,0,0,0,0,0,0,0,0,0,0,0,0,0,0,0,0,0,0,0,0,1,0,0,0,0,0
142,3,2,"observer",1,23,1,2,1,1,0,2,TRUE,1.64285714285714,2.14285714285714,1.25,2.14285714285714,1,1,1,2,2,1,2,"In","Out","outgroup","ingroup",1,0,1,1,0,0,"Out","In","Out",0,0,1,0,1,0,0,0,1,"Observer__J_Out__C_In__V_Out",0,9,-9,"Ing_x_Ing","Ing_x_Ing__Observer","Ing_x_Ing__Reject","Ing_x_Ing__Observer__Reject",0,0,0,0,1,0,"Observer__J_Out__C_In__V_Out__Reject","Observer__J_Out__C_In__V_Out__Reject",0,0,0,0,0,0,0,0,0,0,0,0,0,0,0,0,0,0,0,1,0,0,0,0,0,0,0
142,10,1,"victim",0,23,1,2,1,1,0,2,TRUE,1.64285714285714,2.14285714285714,1.25,2.14285714285714,1,1,2,2,2,2,1,"Out","Out","outgroup","outgroup",1,0,0,0,0,1,"Out","Out",,1,0,1,0,1,0,1,0,0,"Victim__J_Out__C_Out",0,9,-9,"Hum_x_Ing","Hum_x_Ing__Victim","Hum_x_Ing__Reject","Hum_x_Ing__Victim__Reject",0,1,0,0,0,0,"Victim__J_Out__C_Out__Reject","Victim__J_Out__C_Out__Reject",0,0,0,0,1,0,0,0,0,0,0,0,0,0,0,0,0,0,0,0,0,0,0,0,0,0,0
142,10,2,"victim",0,23,1,2,1,1,0,2,TRUE,1.64285714285714,2.14285714285714,1.25,2.14285714285714,1,1,2,2,2,2,1,"Out","Out","outgroup","outgroup",1,0,0,0,1,0,"Out","Out",,1,0,1,0,1,0,1,0,0,"Victim__J_Out__C_Out",0,-9,9,"Hum_x_Ing","Hum_x_Ing__Victim","Hum_x_Ing__Accept","Hum_x_Ing__Victim__Accept",0,1,0,0,0,0,"Victim__J_Out__C_Out__Accept","Victim__J_Out__C_Out__Accept",0,0,0,0,1,0,0,0,0,0,0,0,0,0,0,0,0,0,0,0,0,0,0,0,0,0,0
143,1,1,"observer",1,19,1,1,0,2,1,2,TRUE,3.07142857142857,3,2.625,4,2.66666666666667,2,1,2,1,2,2,"Out","In","outgroup","ingroup",1,0,0,0,0,0,"Out","In","In",1,0,0,0,1,0,0,0,0,"Observer__J_Out__C_In__V_In",0,0,0,"Ing_x_Hum","Ing_x_Hum__Observer","Ing_x_Hum__Reject","Ing_x_Hum__Observer__Reject",0,0,0,1,0,0,"Observer__J_Out__C_In__V_In__Reject","Observer__J_Out__C_In__V_In__Reject",0,0,0,0,0,0,0,0,0,0,1,0,0,0,0,0,0,0,0,0,0,0,0,0,0,0,0
143,1,2,"observer",1,19,1,1,0,2,1,2,TRUE,3.07142857142857,3,2.625,4,2.66666666666667,2,1,2,2,1,2,"Out","In","ingroup","outgroup",0,0,0,1,0,0,"In","Out","In",1,0,0,0,0,0,1,0,0,"Observer__J_In__C_Out__V_In",0,0,0,"Ing_x_Ing","Ing_x_Ing__Observer","Ing_x_Ing__Reject","Ing_x_Ing__Observer__Reject",0,0,0,0,1,0,"Observer__J_In__C_Out__V_In__Reject","Observer__J_In__C_Out__V_In__Reject",0,0,0,0,0,0,0,0,0,0,0,0,1,0,0,0,0,0,0,0,0,0,0,0,0,0,0
143,2,1,"observer",1,19,1,1,0,2,1,2,TRUE,3.07142857142857,3,2.625,4,2.66666666666667,2,2,2,2,2,2,"In","In","ingroup","ingroup",0,0,0,1,0,1,"In","In","In",0,0,0,0,0,0,0,0,0,"Observer__J_In__C_In__V_In",0,-2,2,"Ing_x_Ing","Ing_x_Ing__Observer","Ing_x_Ing__Reject","Ing_x_Ing__Observer__Reject",0,0,0,0,1,0,"Observer__J_In__C_In__V_In__Reject","Observer__J_In__C_In__V_In__Reject",0,0,0,0,0,0,0,0,0,1,0,0,0,0,0,0,0,0,0,0,0,0,0,0,0,0,0
143,2,2,"observer",1,19,1,1,0,2,1,2,TRUE,3.07142857142857,3,2.625,4,2.66666666666667,2,2,2,2,2,2,"In","In","ingroup","ingroup",0,0,0,1,1,0,"In","In","In",0,0,0,0,0,0,0,0,0,"Observer__J_In__C_In__V_In",0,6,-6,"Ing_x_Ing","Ing_x_Ing__Observer","Ing_x_Ing__Accept","Ing_x_Ing__Observer__Accept",0,0,0,0,1,0,"Observer__J_In__C_In__V_In__Accept","Observer__J_In__C_In__V_In__Accept",0,0,0,0,0,0,0,0,0,1,0,0,0,0,0,0,0,0,0,0,0,0,0,0,0,0,0
143,10,1,"victim",0,19,1,1,0,2,1,2,TRUE,3.07142857142857,3,2.625,4,2.66666666666667,2,1,1,1,1,2,"Out","Out","outgroup","outgroup",1,0,0,0,0,0,"Out","Out",,1,0,1,0,1,0,1,0,0,"Victim__J_Out__C_Out",0,0,0,"Ing_x_Hum","Ing_x_Hum__Victim","Ing_x_Hum__Reject","Ing_x_Hum__Victim__Reject",0,0,0,1,0,0,"Victim__J_Out__C_Out__Reject","Victim__J_Out__C_Out__Reject",0,0,0,0,1,0,0,0,0,0,0,0,0,0,0,0,0,0,0,0,0,0,0,0,0,0,0
143,10,2,"victim",0,19,1,1,0,2,1,2,TRUE,3.07142857142857,3,2.625,4,2.66666666666667,2,1,1,1,1,2,"Out","Out","outgroup","outgroup",1,0,0,0,0,0,"Out","Out",,1,0,1,0,1,0,1,0,0,"Victim__J_Out__C_Out",0,0,0,"Ing_x_Hum","Ing_x_Hum__Victim","Ing_x_Hum__Reject","Ing_x_Hum__Victim__Reject",0,0,0,1,0,0,"Victim__J_Out__C_Out__Reject","Victim__J_Out__C_Out__Reject",0,0,0,0,1,0,0,0,0,0,0,0,0,0,0,0,0,0,0,0,0,0,0,0,0,0,0
144,2,1,"observer",1,18,2,2,1,1,0,2,TRUE,1.92857142857143,1.85714285714286,1.875,2.71428571428571,1.16666666666667,1,1,2,1,2,1,"In","Out","ingroup","outgroup",0,0,0,1,0,0,"In","Out","In",0,0,1,0,0,0,1,0,0,"Observer__J_In__C_Out__V_In",0,9,-9,"Hum_x_Hum","Hum_x_Hum__Observer","Hum_x_Hum__Reject","Hum_x_Hum__Observer__Reject",1,0,0,0,0,0,"Observer__J_In__C_Out__V_In__Reject","Observer__J_In__C_Out__V_In__Reject",0,0,0,0,0,0,0,0,0,0,0,0,1,0,0,0,0,0,0,0,0,0,0,0,0,0,0
144,2,2,"observer",1,18,2,2,1,1,0,2,TRUE,1.92857142857143,1.85714285714286,1.875,2.71428571428571,1.16666666666667,1,1,2,2,1,1,"In","Out","outgroup","ingroup",1,0,0,0,0,0,"Out","In","In",0,0,1,0,1,0,0,0,0,"Observer__J_Out__C_In__V_In",0,9,-9,"Hum_x_Ing","Hum_x_Ing__Observer","Hum_x_Ing__Reject","Hum_x_Ing__Observer__Reject",0,1,0,0,0,0,"Observer__J_Out__C_In__V_In__Reject","Observer__J_Out__C_In__V_In__Reject",0,0,0,0,0,0,0,0,0,0,1,0,0,0,0,0,0,0,0,0,0,0,0,0,0,0,0
144,4,1,"observer",1,18,2,2,1,1,0,2,TRUE,1.92857142857143,1.85714285714286,1.875,2.71428571428571,1.16666666666667,1,2,2,2,2,1,"Out","Out","outgroup","outgroup",1,0,0,0,0,1,"Out","Out","In",1,0,1,0,1,0,1,0,0,"Observer__J_Out__C_Out__V_In",0,9,-9,"Hum_x_Ing","Hum_x_Ing__Observer","Hum_x_Ing__Reject","Hum_x_Ing__Observer__Reject",0,1,0,0,0,0,"Observer__J_Out__C_Out__V_In__Reject","Observer__J_Out__C_Out__V_In__Reject",0,0,0,0,0,0,0,0,0,0,0,0,0,1,0,0,0,0,0,0,0,0,0,0,0,0,0
144,4,2,"observer",1,18,2,2,1,1,0,2,TRUE,1.92857142857143,1.85714285714286,1.875,2.71428571428571,1.16666666666667,1,2,2,2,2,1,"Out","Out","outgroup","outgroup",1,0,0,0,1,0,"Out","Out","In",1,0,1,0,1,0,1,0,0,"Observer__J_Out__C_Out__V_In",0,-9,9,"Hum_x_Ing","Hum_x_Ing__Observer","Hum_x_Ing__Accept","Hum_x_Ing__Observer__Accept",0,1,0,0,0,0,"Observer__J_Out__C_Out__V_In__Accept","Observer__J_Out__C_Out__V_In__Accept",0,0,0,0,0,0,0,0,0,0,0,0,0,1,0,0,0,0,0,0,0,0,0,0,0,0,0
144,5,1,"observer",1,18,2,2,1,1,0,2,TRUE,1.92857142857143,1.85714285714286,1.875,2.71428571428571,1.16666666666667,1,1,2,1,2,1,"In","Out","ingroup","outgroup",0,0,0,1,1,1,"In","Out","In",0,0,1,0,0,0,1,0,0,"Observer__J_In__C_Out__V_In",0,-9,9,"Hum_x_Hum","Hum_x_Hum__Observer","Hum_x_Hum__Accept","Hum_x_Hum__Observer__Accept",1,0,0,0,0,0,"Observer__J_In__C_Out__V_In__Accept","Observer__J_In__C_Out__V_In__Accept",0,0,0,0,0,0,0,0,0,0,0,0,1,0,0,0,0,0,0,0,0,0,0,0,0,0,0
144,5,2,"observer",1,18,2,2,1,1,0,2,TRUE,1.92857142857143,1.85714285714286,1.875,2.71428571428571,1.16666666666667,1,1,2,2,1,1,"In","Out","outgroup","ingroup",1,0,0,0,1,1,"Out","In","In",0,0,1,0,1,0,0,0,0,"Observer__J_Out__C_In__V_In",0,-9,9,"Hum_x_Ing","Hum_x_Ing__Observer","Hum_x_Ing__Accept","Hum_x_Ing__Observer__Accept",0,1,0,0,0,0,"Observer__J_Out__C_In__V_In__Accept","Observer__J_Out__C_In__V_In__Accept",0,0,0,0,0,0,0,0,0,0,1,0,0,0,0,0,0,0,0,0,0,0,0,0,0,0,0
144,7,1,"victim",0,18,2,2,1,1,0,2,TRUE,1.92857142857143,1.85714285714286,1.875,2.71428571428571,1.16666666666667,1,1,2,1,2,1,"In","Out","ingroup","outgroup",0,0,0,1,1,1,"In","Out",,0,0,1,0,0,0,1,0,0,"Victim__J_In__C_Out",0,-9,9,"Hum_x_Hum","Hum_x_Hum__Victim","Hum_x_Hum__Accept","Hum_x_Hum__Victim__Accept",1,0,0,0,0,0,"Victim__J_In__C_Out__Accept","Victim__J_In__C_Out__Accept",0,0,0,1,0,0,0,0,0,0,0,0,0,0,0,0,0,0,0,0,0,0,0,0,0,0,0
144,7,2,"victim",0,18,2,2,1,1,0,2,TRUE,1.92857142857143,1.85714285714286,1.875,2.71428571428571,1.16666666666667,1,1,2,2,1,1,"In","Out","outgroup","ingroup",1,0,0,0,1,1,"Out","In",,0,0,1,0,1,0,0,0,0,"Victim__J_Out__C_In",0,-9,9,"Hum_x_Ing","Hum_x_Ing__Victim","Hum_x_Ing__Accept","Hum_x_Ing__Victim__Accept",0,1,0,0,0,0,"Victim__J_Out__C_In__Accept","Victim__J_Out__C_In__Accept",0,1,0,0,0,0,0,0,0,0,0,0,0,0,0,0,0,0,0,0,0,0,0,0,0,0,0
144,8,1,"victim",0,18,2,2,1,1,0,2,TRUE,1.92857142857143,1.85714285714286,1.875,2.71428571428571,1.16666666666667,1,1,2,1,2,1,"In","Out","ingroup","outgroup",0,0,0,1,0,1,"In","Out",,0,0,1,0,0,0,1,0,0,"Victim__J_In__C_Out",0,9,-9,"Hum_x_Hum","Hum_x_Hum__Victim","Hum_x_Hum__Reject","Hum_x_Hum__Victim__Reject",1,0,0,0,0,0,"Victim__J_In__C_Out__Reject","Victim__J_In__C_Out__Reject",0,0,0,1,0,0,0,0,0,0,0,0,0,0,0,0,0,0,0,0,0,0,0,0,0,0,0
144,8,2,"victim",0,18,2,2,1,1,0,2,TRUE,1.92857142857143,1.85714285714286,1.875,2.71428571428571,1.16666666666667,1,1,2,2,1,1,"In","Out","outgroup","ingroup",1,0,0,0,1,0,"Out","In",,0,0,1,0,1,0,0,0,0,"Victim__J_Out__C_In",0,-9,9,"Hum_x_Ing","Hum_x_Ing__Victim","Hum_x_Ing__Accept","Hum_x_Ing__Victim__Accept",0,1,0,0,0,0,"Victim__J_Out__C_In__Accept","Victim__J_Out__C_In__Accept",0,1,0,0,0,0,0,0,0,0,0,0,0,0,0,0,0,0,0,0,0,0,0,0,0,0,0
144,9,1,"victim",0,18,2,2,1,1,0,2,TRUE,1.92857142857143,1.85714285714286,1.875,2.71428571428571,1.16666666666667,1,1,1,1,1,1,"In","In","ingroup","ingroup",0,0,0,1,1,0,"In","In",,0,0,0,0,0,0,0,0,0,"Victim__J_In__C_In",0,-9,9,"Hum_x_Hum","Hum_x_Hum__Victim","Hum_x_Hum__Accept","Hum_x_Hum__Victim__Accept",1,0,0,0,0,0,"Victim__J_In__C_In__Accept","Victim__J_In__C_In__Accept",1,0,0,0,0,0,0,0,0,0,0,0,0,0,0,0,0,0,0,0,0,0,0,0,0,0,0
144,9,2,"victim",0,18,2,2,1,1,0,2,TRUE,1.92857142857143,1.85714285714286,1.875,2.71428571428571,1.16666666666667,1,1,1,1,1,1,"In","In","ingroup","ingroup",0,0,0,1,0,1,"In","In",,0,0,0,0,0,0,0,0,0,"Victim__J_In__C_In",0,9,-9,"Hum_x_Hum","Hum_x_Hum__Victim","Hum_x_Hum__Reject","Hum_x_Hum__Victim__Reject",1,0,0,0,0,0,"Victim__J_In__C_In__Reject","Victim__J_In__C_In__Reject",1,0,0,0,0,0,0,0,0,0,0,0,0,0,0,0,0,0,0,0,0,0,0,0,0,0,0
144,10,1,"victim",0,18,2,2,1,1,0,2,TRUE,1.92857142857143,1.85714285714286,1.875,2.71428571428571,1.16666666666667,1,1,2,1,2,1,"In","Out","ingroup","outgroup",0,0,0,1,0,0,"In","Out",,0,0,1,0,0,0,1,0,0,"Victim__J_In__C_Out",0,9,-9,"Hum_x_Hum","Hum_x_Hum__Victim","Hum_x_Hum__Reject","Hum_x_Hum__Victim__Reject",1,0,0,0,0,0,"Victim__J_In__C_Out__Reject","Victim__J_In__C_Out__Reject",0,0,0,1,0,0,0,0,0,0,0,0,0,0,0,0,0,0,0,0,0,0,0,0,0,0,0
144,10,2,"victim",0,18,2,2,1,1,0,2,TRUE,1.92857142857143,1.85714285714286,1.875,2.71428571428571,1.16666666666667,1,1,2,2,1,1,"In","Out","outgroup","ingroup",1,0,0,0,0,0,"Out","In",,0,0,1,0,1,0,0,0,0,"Victim__J_Out__C_In",0,9,-9,"Hum_x_Ing","Hum_x_Ing__Victim","Hum_x_Ing__Reject","Hum_x_Ing__Victim__Reject",0,1,0,0,0,0,"Victim__J_Out__C_In__Reject","Victim__J_Out__C_In__Reject",0,1,0,0,0,0,0,0,0,0,0,0,0,0,0,0,0,0,0,0,0,0,0,0,0,0,0
145,1,1,"observer",1,22,3,2,1,1,0,2,TRUE,2.92857142857143,3.42857142857143,2.75,2.85714285714286,2.66666666666667,1,2,2,2,2,1,"Out","Out","outgroup","outgroup",1,0,0,0,1,1,"Out","Out","In",1,0,1,0,1,0,1,0,0,"Observer__J_Out__C_Out__V_In",0,-9,9,"Hum_x_Ing","Hum_x_Ing__Observer","Hum_x_Ing__Accept","Hum_x_Ing__Observer__Accept",0,1,0,0,0,0,"Observer__J_Out__C_Out__V_In__Accept","Observer__J_Out__C_Out__V_In__Accept",0,0,0,0,0,0,0,0,0,0,0,0,0,1,0,0,0,0,0,0,0,0,0,0,0,0,0
145,1,2,"observer",1,22,3,2,1,1,0,2,TRUE,2.92857142857143,3.42857142857143,2.75,2.85714285714286,2.66666666666667,1,2,2,2,2,1,"Out","Out","outgroup","outgroup",1,0,0,0,1,1,"Out","Out","In",1,0,1,0,1,0,1,0,0,"Observer__J_Out__C_Out__V_In",0,-9,9,"Hum_x_Ing","Hum_x_Ing__Observer","Hum_x_Ing__Accept","Hum_x_Ing__Observer__Accept",0,1,0,0,0,0,"Observer__J_Out__C_Out__V_In__Accept","Observer__J_Out__C_Out__V_In__Accept",0,0,0,0,0,0,0,0,0,0,0,0,0,1,0,0,0,0,0,0,0,0,0,0,0,0,0
145,9,1,"victim",0,22,3,2,1,1,0,2,TRUE,2.92857142857143,3.42857142857143,2.75,2.85714285714286,2.66666666666667,1,2,1,2,1,1,"Out","In","outgroup","ingroup",1,0,0,0,1,1,"Out","In",,1,0,0,0,1,0,0,0,0,"Victim__J_Out__C_In",0,-9,9,"Hum_x_Ing","Hum_x_Ing__Victim","Hum_x_Ing__Accept","Hum_x_Ing__Victim__Accept",0,1,0,0,0,0,"Victim__J_Out__C_In__Accept","Victim__J_Out__C_In__Accept",0,1,0,0,0,0,0,0,0,0,0,0,0,0,0,0,0,0,0,0,0,0,0,0,0,0,0
145,9,2,"victim",0,22,3,2,1,1,0,2,TRUE,2.92857142857143,3.42857142857143,2.75,2.85714285714286,2.66666666666667,1,2,1,1,2,1,"Out","In","ingroup","outgroup",0,0,0,1,1,1,"In","Out",,1,0,0,0,0,0,1,0,0,"Victim__J_In__C_Out",0,-9,9,"Hum_x_Hum","Hum_x_Hum__Victim","Hum_x_Hum__Accept","Hum_x_Hum__Victim__Accept",1,0,0,0,0,0,"Victim__J_In__C_Out__Accept","Victim__J_In__C_Out__Accept",0,0,0,1,0,0,0,0,0,0,0,0,0,0,0,0,0,0,0,0,0,0,0,0,0,0,0
145,10,1,"victim",0,22,3,2,1,1,0,2,TRUE,2.92857142857143,3.42857142857143,2.75,2.85714285714286,2.66666666666667,1,2,1,2,1,1,"Out","In","outgroup","ingroup",1,0,0,0,0,0,"Out","In",,1,0,0,0,1,0,0,0,0,"Victim__J_Out__C_In",0,9,-9,"Hum_x_Ing","Hum_x_Ing__Victim","Hum_x_Ing__Reject","Hum_x_Ing__Victim__Reject",0,1,0,0,0,0,"Victim__J_Out__C_In__Reject","Victim__J_Out__C_In__Reject",0,1,0,0,0,0,0,0,0,0,0,0,0,0,0,0,0,0,0,0,0,0,0,0,0,0,0
145,10,2,"victim",0,22,3,2,1,1,0,2,TRUE,2.92857142857143,3.42857142857143,2.75,2.85714285714286,2.66666666666667,1,2,1,1,2,1,"Out","In","ingroup","outgroup",0,0,0,1,0,0,"In","Out",,1,0,0,0,0,0,1,0,0,"Victim__J_In__C_Out",0,9,-9,"Hum_x_Hum","Hum_x_Hum__Victim","Hum_x_Hum__Reject","Hum_x_Hum__Victim__Reject",1,0,0,0,0,0,"Victim__J_In__C_Out__Reject","Victim__J_In__C_Out__Reject",0,0,0,1,0,0,0,0,0,0,0,0,0,0,0,0,0,0,0,0,0,0,0,0,0,0,0
146,2,1,"victim",0,24,2,2,1,2,1,1,TRUE,2.96428571428571,2.71428571428571,3.25,3,2.83333333333333,2,1,2,1,2,2,"Out","In","outgroup","ingroup",1,0,0,0,0,0,"Out","In",,1,0,0,0,1,0,0,0,0,"Victim__J_Out__C_In",0,9,-9,"Ing_x_Hum","Ing_x_Hum__Victim","Ing_x_Hum__Reject","Ing_x_Hum__Victim__Reject",0,0,0,1,0,0,"Victim__J_Out__C_In__Reject","Victim__J_Out__C_In__Reject",0,1,0,0,0,0,0,0,0,0,0,0,0,0,0,0,0,0,0,0,0,0,0,0,0,0,0
146,2,2,"victim",0,24,2,2,1,2,1,1,TRUE,2.96428571428571,2.71428571428571,3.25,3,2.83333333333333,2,1,2,2,1,2,"Out","In","ingroup","outgroup",0,0,0,1,0,0,"In","Out",,1,0,0,0,0,0,1,0,0,"Victim__J_In__C_Out",0,9,-9,"Ing_x_Ing","Ing_x_Ing__Victim","Ing_x_Ing__Reject","Ing_x_Ing__Victim__Reject",0,0,0,0,1,0,"Victim__J_In__C_Out__Reject","Victim__J_In__C_Out__Reject",0,0,0,1,0,0,0,0,0,0,0,0,0,0,0,0,0,0,0,0,0,0,0,0,0,0,0
146,4,1,"victim",0,24,2,2,1,2,1,1,TRUE,2.96428571428571,2.71428571428571,3.25,3,2.83333333333333,2,2,1,2,1,2,"In","Out","ingroup","outgroup",0,0,0,1,1,1,"In","Out",,0,0,1,0,0,0,1,0,0,"Victim__J_In__C_Out",0,-9,9,"Ing_x_Ing","Ing_x_Ing__Victim","Ing_x_Ing__Accept","Ing_x_Ing__Victim__Accept",0,0,0,0,1,0,"Victim__J_In__C_Out__Accept","Victim__J_In__C_Out__Accept",0,0,0,1,0,0,0,0,0,0,0,0,0,0,0,0,0,0,0,0,0,0,0,0,0,0,0
146,4,2,"victim",0,24,2,2,1,2,1,1,TRUE,2.96428571428571,2.71428571428571,3.25,3,2.83333333333333,2,2,1,1,2,2,"In","Out","outgroup","ingroup",1,0,0,0,1,1,"Out","In",,0,0,1,0,1,0,0,0,0,"Victim__J_Out__C_In",0,-9,9,"Ing_x_Hum","Ing_x_Hum__Victim","Ing_x_Hum__Accept","Ing_x_Hum__Victim__Accept",0,0,0,1,0,0,"Victim__J_Out__C_In__Accept","Victim__J_Out__C_In__Accept",0,1,0,0,0,0,0,0,0,0,0,0,0,0,0,0,0,0,0,0,0,0,0,0,0,0,0
146,8,1,"observer",1,24,2,2,1,2,1,1,TRUE,2.96428571428571,2.71428571428571,3.25,3,2.83333333333333,2,2,2,2,2,1,"In","In","ingroup","ingroup",0,0,1,0,1,1,"In","In","Out",0,0,0,0,0,0,0,0,1,"Observer__J_In__C_In__V_Out",0,-9,9,"Hum_x_Ing","Hum_x_Ing__Observer","Hum_x_Ing__Accept","Hum_x_Ing__Observer__Accept",0,1,0,0,0,0,"Observer__J_In__C_In__V_Out__Accept","Observer__J_In__C_In__V_Out__Accept",0,0,0,0,0,0,0,0,0,0,0,0,0,0,0,0,0,0,1,0,0,0,0,0,0,0,0
146,8,2,"observer",1,24,2,2,1,2,1,1,TRUE,2.96428571428571,2.71428571428571,3.25,3,2.83333333333333,2,2,2,2,2,1,"In","In","ingroup","ingroup",0,0,1,0,1,1,"In","In","Out",0,0,0,0,0,0,0,0,1,"Observer__J_In__C_In__V_Out",0,-9,9,"Hum_x_Ing","Hum_x_Ing__Observer","Hum_x_Ing__Accept","Hum_x_Ing__Observer__Accept",0,1,0,0,0,0,"Observer__J_In__C_In__V_Out__Accept","Observer__J_In__C_In__V_Out__Accept",0,0,0,0,0,0,0,0,0,0,0,0,0,0,0,0,0,0,1,0,0,0,0,0,0,0,0
148,9,1,"victim",0,23,3,1,0,1,0,2,TRUE,2,1.28571428571429,2.125,2.28571428571429,2.33333333333333,1,2,2,2,2,1,"Out","Out","outgroup","outgroup",1,0,0,0,1,0,"Out","Out",,1,0,1,0,1,0,1,0,0,"Victim__J_Out__C_Out",0,6,-6,"Hum_x_Ing","Hum_x_Ing__Victim","Hum_x_Ing__Accept","Hum_x_Ing__Victim__Accept",0,1,0,0,0,0,"Victim__J_Out__C_Out__Accept","Victim__J_Out__C_Out__Accept",0,0,0,0,1,0,0,0,0,0,0,0,0,0,0,0,0,0,0,0,0,0,0,0,0,0,0
148,9,2,"victim",0,23,3,1,0,1,0,2,TRUE,2,1.28571428571429,2.125,2.28571428571429,2.33333333333333,1,2,2,2,2,1,"Out","Out","outgroup","outgroup",1,0,0,0,0,1,"Out","Out",,1,0,1,0,1,0,1,0,0,"Victim__J_Out__C_Out",0,6,-6,"Hum_x_Ing","Hum_x_Ing__Victim","Hum_x_Ing__Reject","Hum_x_Ing__Victim__Reject",0,1,0,0,0,0,"Victim__J_Out__C_Out__Reject","Victim__J_Out__C_Out__Reject",0,0,0,0,1,0,0,0,0,0,0,0,0,0,0,0,0,0,0,0,0,0,0,0,0,0,0
149,1,1,"victim",0,21,3,2,1,2,1,1,TRUE,1.96428571428571,1.71428571428571,2.125,2.42857142857143,1.5,2,2,2,2,2,2,"In","In","ingroup","ingroup",0,0,0,1,1,0,"In","In",,0,0,0,0,0,0,0,0,0,"Victim__J_In__C_In",0,-3,3,"Ing_x_Ing","Ing_x_Ing__Victim","Ing_x_Ing__Accept","Ing_x_Ing__Victim__Accept",0,0,0,0,1,0,"Victim__J_In__C_In__Accept","Victim__J_In__C_In__Accept",1,0,0,0,0,0,0,0,0,0,0,0,0,0,0,0,0,0,0,0,0,0,0,0,0,0,0
149,1,2,"victim",0,21,3,2,1,2,1,1,TRUE,1.96428571428571,1.71428571428571,2.125,2.42857142857143,1.5,2,2,2,2,2,2,"In","In","ingroup","ingroup",0,0,0,1,0,1,"In","In",,0,0,0,0,0,0,0,0,0,"Victim__J_In__C_In",0,9,-9,"Ing_x_Ing","Ing_x_Ing__Victim","Ing_x_Ing__Reject","Ing_x_Ing__Victim__Reject",0,0,0,0,1,0,"Victim__J_In__C_In__Reject","Victim__J_In__C_In__Reject",1,0,0,0,0,0,0,0,0,0,0,0,0,0,0,0,0,0,0,0,0,0,0,0,0,0,0
149,4,1,"victim",0,21,3,2,1,2,1,1,TRUE,1.96428571428571,1.71428571428571,2.125,2.42857142857143,1.5,2,1,1,1,1,2,"Out","Out","outgroup","outgroup",1,0,0,0,1,0,"Out","Out",,1,0,1,0,1,0,1,0,0,"Victim__J_Out__C_Out",0,-4,4,"Ing_x_Hum","Ing_x_Hum__Victim","Ing_x_Hum__Accept","Ing_x_Hum__Victim__Accept",0,0,0,1,0,0,"Victim__J_Out__C_Out__Accept","Victim__J_Out__C_Out__Accept",0,0,0,0,1,0,0,0,0,0,0,0,0,0,0,0,0,0,0,0,0,0,0,0,0,0,0
149,4,2,"victim",0,21,3,2,1,2,1,1,TRUE,1.96428571428571,1.71428571428571,2.125,2.42857142857143,1.5,2,1,1,1,1,2,"Out","Out","outgroup","outgroup",1,0,0,0,0,1,"Out","Out",,1,0,1,0,1,0,1,0,0,"Victim__J_Out__C_Out",0,6,-6,"Ing_x_Hum","Ing_x_Hum__Victim","Ing_x_Hum__Reject","Ing_x_Hum__Victim__Reject",0,0,0,1,0,0,"Victim__J_Out__C_Out__Reject","Victim__J_Out__C_Out__Reject",0,0,0,0,1,0,0,0,0,0,0,0,0,0,0,0,0,0,0,0,0,0,0,0,0,0,0
149,5,1,"victim",0,21,3,2,1,2,1,1,TRUE,1.96428571428571,1.71428571428571,2.125,2.42857142857143,1.5,2,2,2,2,2,2,"In","In","ingroup","ingroup",0,0,0,1,1,1,"In","In",,0,0,0,0,0,0,0,0,0,"Victim__J_In__C_In",0,-3,3,"Ing_x_Ing","Ing_x_Ing__Victim","Ing_x_Ing__Accept","Ing_x_Ing__Victim__Accept",0,0,0,0,1,0,"Victim__J_In__C_In__Accept","Victim__J_In__C_In__Accept",1,0,0,0,0,0,0,0,0,0,0,0,0,0,0,0,0,0,0,0,0,0,0,0,0,0,0
149,5,2,"victim",0,21,3,2,1,2,1,1,TRUE,1.96428571428571,1.71428571428571,2.125,2.42857142857143,1.5,2,2,2,2,2,2,"In","In","ingroup","ingroup",0,0,0,1,1,1,"In","In",,0,0,0,0,0,0,0,0,0,"Victim__J_In__C_In",0,-3,3,"Ing_x_Ing","Ing_x_Ing__Victim","Ing_x_Ing__Accept","Ing_x_Ing__Victim__Accept",0,0,0,0,1,0,"Victim__J_In__C_In__Accept","Victim__J_In__C_In__Accept",1,0,0,0,0,0,0,0,0,0,0,0,0,0,0,0,0,0,0,0,0,0,0,0,0,0,0
149,6,1,"observer",1,21,3,2,1,2,1,1,TRUE,1.96428571428571,1.71428571428571,2.125,2.42857142857143,1.5,2,2,1,2,1,2,"In","Out","ingroup","outgroup",0,0,0,1,0,0,"In","Out","In",0,0,1,0,0,0,1,0,0,"Observer__J_In__C_Out__V_In",0,0,0,"Ing_x_Ing","Ing_x_Ing__Observer","Ing_x_Ing__Reject","Ing_x_Ing__Observer__Reject",0,0,0,0,1,0,"Observer__J_In__C_Out__V_In__Reject","Observer__J_In__C_Out__V_In__Reject",0,0,0,0,0,0,0,0,0,0,0,0,1,0,0,0,0,0,0,0,0,0,0,0,0,0,0
149,6,2,"observer",1,21,3,2,1,2,1,1,TRUE,1.96428571428571,1.71428571428571,2.125,2.42857142857143,1.5,2,2,1,1,2,2,"In","Out","outgroup","ingroup",1,0,0,0,0,0,"Out","In","In",0,0,1,0,1,0,0,0,0,"Observer__J_Out__C_In__V_In",0,0,0,"Ing_x_Hum","Ing_x_Hum__Observer","Ing_x_Hum__Reject","Ing_x_Hum__Observer__Reject",0,0,0,1,0,0,"Observer__J_Out__C_In__V_In__Reject","Observer__J_Out__C_In__V_In__Reject",0,0,0,0,0,0,0,0,0,0,1,0,0,0,0,0,0,0,0,0,0,0,0,0,0,0,0
149,7,1,"observer",1,21,3,2,1,2,1,1,TRUE,1.96428571428571,1.71428571428571,2.125,2.42857142857143,1.5,2,1,1,1,1,2,"Out","Out","outgroup","outgroup",1,0,0,0,0,0,"Out","Out","In",1,0,1,0,1,0,1,0,0,"Observer__J_Out__C_Out__V_In",0,0,0,"Ing_x_Hum","Ing_x_Hum__Observer","Ing_x_Hum__Reject","Ing_x_Hum__Observer__Reject",0,0,0,1,0,0,"Observer__J_Out__C_Out__V_In__Reject","Observer__J_Out__C_Out__V_In__Reject",0,0,0,0,0,0,0,0,0,0,0,0,0,1,0,0,0,0,0,0,0,0,0,0,0,0,0
149,7,2,"observer",1,21,3,2,1,2,1,1,TRUE,1.96428571428571,1.71428571428571,2.125,2.42857142857143,1.5,2,1,1,1,1,2,"Out","Out","outgroup","outgroup",1,0,0,0,0,0,"Out","Out","In",1,0,1,0,1,0,1,0,0,"Observer__J_Out__C_Out__V_In",0,0,0,"Ing_x_Hum","Ing_x_Hum__Observer","Ing_x_Hum__Reject","Ing_x_Hum__Observer__Reject",0,0,0,1,0,0,"Observer__J_Out__C_Out__V_In__Reject","Observer__J_Out__C_Out__V_In__Reject",0,0,0,0,0,0,0,0,0,0,0,0,0,1,0,0,0,0,0,0,0,0,0,0,0,0,0
149,8,1,"observer",1,21,3,2,1,2,1,1,TRUE,1.96428571428571,1.71428571428571,2.125,2.42857142857143,1.5,2,1,1,1,1,2,"Out","Out","outgroup","outgroup",1,0,0,0,0,0,"Out","Out","In",1,0,1,0,1,0,1,0,0,"Observer__J_Out__C_Out__V_In",0,0,0,"Ing_x_Hum","Ing_x_Hum__Observer","Ing_x_Hum__Reject","Ing_x_Hum__Observer__Reject",0,0,0,1,0,0,"Observer__J_Out__C_Out__V_In__Reject","Observer__J_Out__C_Out__V_In__Reject",0,0,0,0,0,0,0,0,0,0,0,0,0,1,0,0,0,0,0,0,0,0,0,0,0,0,0
149,8,2,"observer",1,21,3,2,1,2,1,1,TRUE,1.96428571428571,1.71428571428571,2.125,2.42857142857143,1.5,2,1,1,1,1,2,"Out","Out","outgroup","outgroup",1,0,0,0,0,0,"Out","Out","In",1,0,1,0,1,0,1,0,0,"Observer__J_Out__C_Out__V_In",0,0,0,"Ing_x_Hum","Ing_x_Hum__Observer","Ing_x_Hum__Reject","Ing_x_Hum__Observer__Reject",0,0,0,1,0,0,"Observer__J_Out__C_Out__V_In__Reject","Observer__J_Out__C_Out__V_In__Reject",0,0,0,0,0,0,0,0,0,0,0,0,0,1,0,0,0,0,0,0,0,0,0,0,0,0,0
149,9,1,"observer",1,21,3,2,1,2,1,1,TRUE,1.96428571428571,1.71428571428571,2.125,2.42857142857143,1.5,2,2,2,2,2,2,"In","In","ingroup","ingroup",0,0,0,1,1,1,"In","In","In",0,0,0,0,0,0,0,0,0,"Observer__J_In__C_In__V_In",0,-3,3,"Ing_x_Ing","Ing_x_Ing__Observer","Ing_x_Ing__Accept","Ing_x_Ing__Observer__Accept",0,0,0,0,1,0,"Observer__J_In__C_In__V_In__Accept","Observer__J_In__C_In__V_In__Accept",0,0,0,0,0,0,0,0,0,1,0,0,0,0,0,0,0,0,0,0,0,0,0,0,0,0,0
149,9,2,"observer",1,21,3,2,1,2,1,1,TRUE,1.96428571428571,1.71428571428571,2.125,2.42857142857143,1.5,2,2,2,2,2,2,"In","In","ingroup","ingroup",0,0,0,1,1,1,"In","In","In",0,0,0,0,0,0,0,0,0,"Observer__J_In__C_In__V_In",0,-3,3,"Ing_x_Ing","Ing_x_Ing__Observer","Ing_x_Ing__Accept","Ing_x_Ing__Observer__Accept",0,0,0,0,1,0,"Observer__J_In__C_In__V_In__Accept","Observer__J_In__C_In__V_In__Accept",0,0,0,0,0,0,0,0,0,1,0,0,0,0,0,0,0,0,0,0,0,0,0,0,0,0,0
150,1,1,"observer",1,21,3,1,0,2,1,2,TRUE,2.32142857142857,2.71428571428571,1.875,2.42857142857143,2.33333333333333,2,2,1,2,1,1,"In","Out","ingroup","outgroup",0,0,1,0,0,1,"In","Out","Out",0,0,1,0,0,0,1,0,1,"Observer__J_In__C_Out__V_Out",0,3,-3,"Hum_x_Ing","Hum_x_Ing__Observer","Hum_x_Ing__Reject","Hum_x_Ing__Observer__Reject",0,1,0,0,0,0,"Observer__J_In__C_Out__V_Out__Reject","Observer__J_In__C_Out__V_Out__Reject",0,0,0,0,0,0,0,0,0,0,0,0,0,0,0,0,0,0,0,0,0,1,0,0,0,0,0
150,1,2,"observer",1,21,3,1,0,2,1,2,TRUE,2.32142857142857,2.71428571428571,1.875,2.42857142857143,2.33333333333333,2,2,1,1,2,1,"In","Out","outgroup","ingroup",1,0,1,1,1,0,"Out","In","Out",0,0,1,0,1,0,0,0,1,"Observer__J_Out__C_In__V_Out",0,-2,2,"Hum_x_Hum","Hum_x_Hum__Observer","Hum_x_Hum__Accept","Hum_x_Hum__Observer__Accept",1,0,0,0,0,0,"Observer__J_Out__C_In__V_Out__Accept","Observer__J_Out__C_In__V_Out__Accept",0,0,0,0,0,0,0,0,0,0,0,0,0,0,0,0,0,0,0,1,0,0,0,0,0,0,0
150,2,1,"observer",1,21,3,1,0,2,1,2,TRUE,2.32142857142857,2.71428571428571,1.875,2.42857142857143,2.33333333333333,2,2,1,2,1,1,"In","Out","ingroup","outgroup",0,0,1,0,0,0,"In","Out","Out",0,0,1,0,0,0,1,0,1,"Observer__J_In__C_Out__V_Out",0,4,-4,"Hum_x_Ing","Hum_x_Ing__Observer","Hum_x_Ing__Reject","Hum_x_Ing__Observer__Reject",0,1,0,0,0,0,"Observer__J_In__C_Out__V_Out__Reject","Observer__J_In__C_Out__V_Out__Reject",0,0,0,0,0,0,0,0,0,0,0,0,0,0,0,0,0,0,0,0,0,1,0,0,0,0,0
150,2,2,"observer",1,21,3,1,0,2,1,2,TRUE,2.32142857142857,2.71428571428571,1.875,2.42857142857143,2.33333333333333,2,2,1,1,2,1,"In","Out","outgroup","ingroup",1,0,1,1,0,0,"Out","In","Out",0,0,1,0,1,0,0,0,1,"Observer__J_Out__C_In__V_Out",0,4,-4,"Hum_x_Hum","Hum_x_Hum__Observer","Hum_x_Hum__Reject","Hum_x_Hum__Observer__Reject",1,0,0,0,0,0,"Observer__J_Out__C_In__V_Out__Reject","Observer__J_Out__C_In__V_Out__Reject",0,0,0,0,0,0,0,0,0,0,0,0,0,0,0,0,0,0,0,1,0,0,0,0,0,0,0
150,3,1,"observer",1,21,3,1,0,2,1,2,TRUE,2.32142857142857,2.71428571428571,1.875,2.42857142857143,2.33333333333333,2,1,2,1,2,2,"Out","In","outgroup","ingroup",1,0,0,0,1,1,"Out","In","In",1,0,0,0,1,0,0,0,0,"Observer__J_Out__C_In__V_In",0,-3,3,"Ing_x_Hum","Ing_x_Hum__Observer","Ing_x_Hum__Accept","Ing_x_Hum__Observer__Accept",0,0,0,1,0,0,"Observer__J_Out__C_In__V_In__Accept","Observer__J_Out__C_In__V_In__Accept",0,0,0,0,0,0,0,0,0,0,1,0,0,0,0,0,0,0,0,0,0,0,0,0,0,0,0
150,3,2,"observer",1,21,3,1,0,2,1,2,TRUE,2.32142857142857,2.71428571428571,1.875,2.42857142857143,2.33333333333333,2,1,2,2,1,2,"Out","In","ingroup","outgroup",0,0,0,1,1,1,"In","Out","In",1,0,0,0,0,0,1,0,0,"Observer__J_In__C_Out__V_In",0,-5,5,"Ing_x_Ing","Ing_x_Ing__Observer","Ing_x_Ing__Accept","Ing_x_Ing__Observer__Accept",0,0,0,0,1,0,"Observer__J_In__C_Out__V_In__Accept","Observer__J_In__C_Out__V_In__Accept",0,0,0,0,0,0,0,0,0,0,0,0,1,0,0,0,0,0,0,0,0,0,0,0,0,0,0
150,4,1,"observer",1,21,3,1,0,2,1,2,TRUE,2.32142857142857,2.71428571428571,1.875,2.42857142857143,2.33333333333333,2,2,1,2,1,2,"In","Out","ingroup","outgroup",0,0,0,1,1,0,"In","Out","In",0,0,1,0,0,0,1,0,0,"Observer__J_In__C_Out__V_In",0,-5,5,"Ing_x_Ing","Ing_x_Ing__Observer","Ing_x_Ing__Accept","Ing_x_Ing__Observer__Accept",0,0,0,0,1,0,"Observer__J_In__C_Out__V_In__Accept","Observer__J_In__C_Out__V_In__Accept",0,0,0,0,0,0,0,0,0,0,0,0,1,0,0,0,0,0,0,0,0,0,0,0,0,0,0
150,4,2,"observer",1,21,3,1,0,2,1,2,TRUE,2.32142857142857,2.71428571428571,1.875,2.42857142857143,2.33333333333333,2,2,1,1,2,2,"In","Out","outgroup","ingroup",1,0,0,0,0,1,"Out","In","In",0,0,1,0,1,0,0,0,0,"Observer__J_Out__C_In__V_In",0,-3,3,"Ing_x_Hum","Ing_x_Hum__Observer","Ing_x_Hum__Reject","Ing_x_Hum__Observer__Reject",0,0,0,1,0,0,"Observer__J_Out__C_In__V_In__Reject","Observer__J_Out__C_In__V_In__Reject",0,0,0,0,0,0,0,0,0,0,1,0,0,0,0,0,0,0,0,0,0,0,0,0,0,0,0
150,5,1,"observer",1,21,3,1,0,2,1,2,TRUE,2.32142857142857,2.71428571428571,1.875,2.42857142857143,2.33333333333333,2,1,2,1,2,1,"Out","In","outgroup","ingroup",1,0,1,1,1,0,"Out","In","Out",1,0,0,0,1,0,0,0,1,"Observer__J_Out__C_In__V_Out",0,-3,3,"Hum_x_Hum","Hum_x_Hum__Observer","Hum_x_Hum__Accept","Hum_x_Hum__Observer__Accept",1,0,0,0,0,0,"Observer__J_Out__C_In__V_Out__Accept","Observer__J_Out__C_In__V_Out__Accept",0,0,0,0,0,0,0,0,0,0,0,0,0,0,0,0,0,0,0,1,0,0,0,0,0,0,0
150,5,2,"observer",1,21,3,1,0,2,1,2,TRUE,2.32142857142857,2.71428571428571,1.875,2.42857142857143,2.33333333333333,2,1,2,2,1,1,"Out","In","ingroup","outgroup",0,0,1,0,0,1,"In","Out","Out",1,0,0,0,0,0,1,0,1,"Observer__J_In__C_Out__V_Out",0,4,-4,"Hum_x_Ing","Hum_x_Ing__Observer","Hum_x_Ing__Reject","Hum_x_Ing__Observer__Reject",0,1,0,0,0,0,"Observer__J_In__C_Out__V_Out__Reject","Observer__J_In__C_Out__V_Out__Reject",0,0,0,0,0,0,0,0,0,0,0,0,0,0,0,0,0,0,0,0,0,1,0,0,0,0,0
150,7,1,"victim",0,21,3,1,0,2,1,2,TRUE,2.32142857142857,2.71428571428571,1.875,2.42857142857143,2.33333333333333,2,2,1,2,1,2,"In","Out","ingroup","outgroup",0,0,0,1,0,1,"In","Out",,0,0,1,0,0,0,1,0,0,"Victim__J_In__C_Out",0,5,-5,"Ing_x_Ing","Ing_x_Ing__Victim","Ing_x_Ing__Reject","Ing_x_Ing__Victim__Reject",0,0,0,0,1,0,"Victim__J_In__C_Out__Reject","Victim__J_In__C_Out__Reject",0,0,0,1,0,0,0,0,0,0,0,0,0,0,0,0,0,0,0,0,0,0,0,0,0,0,0
150,7,2,"victim",0,21,3,1,0,2,1,2,TRUE,2.32142857142857,2.71428571428571,1.875,2.42857142857143,2.33333333333333,2,2,1,1,2,2,"In","Out","outgroup","ingroup",1,0,0,0,1,0,"Out","In",,0,0,1,0,1,0,0,0,0,"Victim__J_Out__C_In",0,-6,6,"Ing_x_Hum","Ing_x_Hum__Victim","Ing_x_Hum__Accept","Ing_x_Hum__Victim__Accept",0,0,0,1,0,0,"Victim__J_Out__C_In__Accept","Victim__J_Out__C_In__Accept",0,1,0,0,0,0,0,0,0,0,0,0,0,0,0,0,0,0,0,0,0,0,0,0,0,0,0
151,2,1,"victim",0,21,4,1,0,2,1,1,TRUE,2.89285714285714,3.28571428571429,2.625,2.85714285714286,2.83333333333333,2,2,1,2,1,2,"In","Out","ingroup","outgroup",0,0,0,1,1,1,"In","Out",,0,0,1,0,0,0,1,0,0,"Victim__J_In__C_Out",0,-2,2,"Ing_x_Ing","Ing_x_Ing__Victim","Ing_x_Ing__Accept","Ing_x_Ing__Victim__Accept",0,0,0,0,1,0,"Victim__J_In__C_Out__Accept","Victim__J_In__C_Out__Accept",0,0,0,1,0,0,0,0,0,0,0,0,0,0,0,0,0,0,0,0,0,0,0,0,0,0,0
151,2,2,"victim",0,21,4,1,0,2,1,1,TRUE,2.89285714285714,3.28571428571429,2.625,2.85714285714286,2.83333333333333,2,2,1,1,2,2,"In","Out","outgroup","ingroup",1,0,0,0,1,1,"Out","In",,0,0,1,0,1,0,0,0,0,"Victim__J_Out__C_In",0,-2,2,"Ing_x_Hum","Ing_x_Hum__Victim","Ing_x_Hum__Accept","Ing_x_Hum__Victim__Accept",0,0,0,1,0,0,"Victim__J_Out__C_In__Accept","Victim__J_Out__C_In__Accept",0,1,0,0,0,0,0,0,0,0,0,0,0,0,0,0,0,0,0,0,0,0,0,0,0,0,0
151,6,1,"observer",1,21,4,1,0,2,1,1,TRUE,2.89285714285714,3.28571428571429,2.625,2.85714285714286,2.83333333333333,2,2,2,2,2,2,"In","In","ingroup","ingroup",0,0,0,1,1,0,"In","In","In",0,0,0,0,0,0,0,0,0,"Observer__J_In__C_In__V_In",0,-5,5,"Ing_x_Ing","Ing_x_Ing__Observer","Ing_x_Ing__Accept","Ing_x_Ing__Observer__Accept",0,0,0,0,1,0,"Observer__J_In__C_In__V_In__Accept","Observer__J_In__C_In__V_In__Accept",0,0,0,0,0,0,0,0,0,1,0,0,0,0,0,0,0,0,0,0,0,0,0,0,0,0,0
151,6,2,"observer",1,21,4,1,0,2,1,1,TRUE,2.89285714285714,3.28571428571429,2.625,2.85714285714286,2.83333333333333,2,2,2,2,2,2,"In","In","ingroup","ingroup",0,0,0,1,0,1,"In","In","In",0,0,0,0,0,0,0,0,0,"Observer__J_In__C_In__V_In",0,0,0,"Ing_x_Ing","Ing_x_Ing__Observer","Ing_x_Ing__Reject","Ing_x_Ing__Observer__Reject",0,0,0,0,1,0,"Observer__J_In__C_In__V_In__Reject","Observer__J_In__C_In__V_In__Reject",0,0,0,0,0,0,0,0,0,1,0,0,0,0,0,0,0,0,0,0,0,0,0,0,0,0,0
151,8,1,"observer",1,21,4,1,0,2,1,1,TRUE,2.89285714285714,3.28571428571429,2.625,2.85714285714286,2.83333333333333,2,2,1,2,1,2,"In","Out","ingroup","outgroup",0,0,0,1,0,1,"In","Out","In",0,0,1,0,0,0,1,0,0,"Observer__J_In__C_Out__V_In",0,0,0,"Ing_x_Ing","Ing_x_Ing__Observer","Ing_x_Ing__Reject","Ing_x_Ing__Observer__Reject",0,0,0,0,1,0,"Observer__J_In__C_Out__V_In__Reject","Observer__J_In__C_Out__V_In__Reject",0,0,0,0,0,0,0,0,0,0,0,0,1,0,0,0,0,0,0,0,0,0,0,0,0,0,0
151,8,2,"observer",1,21,4,1,0,2,1,1,TRUE,2.89285714285714,3.28571428571429,2.625,2.85714285714286,2.83333333333333,2,2,1,1,2,2,"In","Out","outgroup","ingroup",1,0,0,0,1,0,"Out","In","In",0,0,1,0,1,0,0,0,0,"Observer__J_Out__C_In__V_In",0,-2,2,"Ing_x_Hum","Ing_x_Hum__Observer","Ing_x_Hum__Accept","Ing_x_Hum__Observer__Accept",0,0,0,1,0,0,"Observer__J_Out__C_In__V_In__Accept","Observer__J_Out__C_In__V_In__Accept",0,0,0,0,0,0,0,0,0,0,1,0,0,0,0,0,0,0,0,0,0,0,0,0,0,0,0
152,2,1,"victim",0,21,3,1,0,2,1,1,TRUE,3.64285714285714,3.71428571428571,3.875,3.14285714285714,3.83333333333333,2,2,2,2,2,2,"In","In","ingroup","ingroup",0,0,0,1,1,0,"In","In",,0,0,0,0,0,0,0,0,0,"Victim__J_In__C_In",0,-8,8,"Ing_x_Ing","Ing_x_Ing__Victim","Ing_x_Ing__Accept","Ing_x_Ing__Victim__Accept",0,0,0,0,1,0,"Victim__J_In__C_In__Accept","Victim__J_In__C_In__Accept",1,0,0,0,0,0,0,0,0,0,0,0,0,0,0,0,0,0,0,0,0,0,0,0,0,0,0
152,2,2,"victim",0,21,3,1,0,2,1,1,TRUE,3.64285714285714,3.71428571428571,3.875,3.14285714285714,3.83333333333333,2,2,2,2,2,2,"In","In","ingroup","ingroup",0,0,0,1,0,1,"In","In",,0,0,0,0,0,0,0,0,0,"Victim__J_In__C_In",0,9,-9,"Ing_x_Ing","Ing_x_Ing__Victim","Ing_x_Ing__Reject","Ing_x_Ing__Victim__Reject",0,0,0,0,1,0,"Victim__J_In__C_In__Reject","Victim__J_In__C_In__Reject",1,0,0,0,0,0,0,0,0,0,0,0,0,0,0,0,0,0,0,0,0,0,0,0,0,0,0
152,3,1,"victim",0,21,3,1,0,2,1,1,TRUE,3.64285714285714,3.71428571428571,3.875,3.14285714285714,3.83333333333333,2,2,2,2,2,2,"In","In","ingroup","ingroup",0,0,0,1,1,0,"In","In",,0,0,0,0,0,0,0,0,0,"Victim__J_In__C_In",0,-8,8,"Ing_x_Ing","Ing_x_Ing__Victim","Ing_x_Ing__Accept","Ing_x_Ing__Victim__Accept",0,0,0,0,1,0,"Victim__J_In__C_In__Accept","Victim__J_In__C_In__Accept",1,0,0,0,0,0,0,0,0,0,0,0,0,0,0,0,0,0,0,0,0,0,0,0,0,0,0
152,3,2,"victim",0,21,3,1,0,2,1,1,TRUE,3.64285714285714,3.71428571428571,3.875,3.14285714285714,3.83333333333333,2,2,2,2,2,2,"In","In","ingroup","ingroup",0,0,0,1,0,1,"In","In",,0,0,0,0,0,0,0,0,0,"Victim__J_In__C_In",0,9,-9,"Ing_x_Ing","Ing_x_Ing__Victim","Ing_x_Ing__Reject","Ing_x_Ing__Victim__Reject",0,0,0,0,1,0,"Victim__J_In__C_In__Reject","Victim__J_In__C_In__Reject",1,0,0,0,0,0,0,0,0,0,0,0,0,0,0,0,0,0,0,0,0,0,0,0,0,0,0
152,8,1,"observer",1,21,3,1,0,2,1,1,TRUE,3.64285714285714,3.71428571428571,3.875,3.14285714285714,3.83333333333333,2,2,1,2,1,2,"In","Out","ingroup","outgroup",0,0,0,1,0,1,"In","Out","In",0,0,1,0,0,0,1,0,0,"Observer__J_In__C_Out__V_In",0,9,-9,"Ing_x_Ing","Ing_x_Ing__Observer","Ing_x_Ing__Reject","Ing_x_Ing__Observer__Reject",0,0,0,0,1,0,"Observer__J_In__C_Out__V_In__Reject","Observer__J_In__C_Out__V_In__Reject",0,0,0,0,0,0,0,0,0,0,0,0,1,0,0,0,0,0,0,0,0,0,0,0,0,0,0
152,8,2,"observer",1,21,3,1,0,2,1,1,TRUE,3.64285714285714,3.71428571428571,3.875,3.14285714285714,3.83333333333333,2,2,1,1,2,2,"In","Out","outgroup","ingroup",1,0,0,0,1,0,"Out","In","In",0,0,1,0,1,0,0,0,0,"Observer__J_Out__C_In__V_In",0,-8,8,"Ing_x_Hum","Ing_x_Hum__Observer","Ing_x_Hum__Accept","Ing_x_Hum__Observer__Accept",0,0,0,1,0,0,"Observer__J_Out__C_In__V_In__Accept","Observer__J_Out__C_In__V_In__Accept",0,0,0,0,0,0,0,0,0,0,1,0,0,0,0,0,0,0,0,0,0,0,0,0,0,0,0
152,9,1,"observer",1,21,3,1,0,2,1,1,TRUE,3.64285714285714,3.71428571428571,3.875,3.14285714285714,3.83333333333333,2,2,2,2,2,2,"In","In","ingroup","ingroup",0,0,0,1,1,1,"In","In","In",0,0,0,0,0,0,0,0,0,"Observer__J_In__C_In__V_In",0,-8,8,"Ing_x_Ing","Ing_x_Ing__Observer","Ing_x_Ing__Accept","Ing_x_Ing__Observer__Accept",0,0,0,0,1,0,"Observer__J_In__C_In__V_In__Accept","Observer__J_In__C_In__V_In__Accept",0,0,0,0,0,0,0,0,0,1,0,0,0,0,0,0,0,0,0,0,0,0,0,0,0,0,0
152,9,2,"observer",1,21,3,1,0,2,1,1,TRUE,3.64285714285714,3.71428571428571,3.875,3.14285714285714,3.83333333333333,2,2,2,2,2,2,"In","In","ingroup","ingroup",0,0,0,1,1,1,"In","In","In",0,0,0,0,0,0,0,0,0,"Observer__J_In__C_In__V_In",0,-8,8,"Ing_x_Ing","Ing_x_Ing__Observer","Ing_x_Ing__Accept","Ing_x_Ing__Observer__Accept",0,0,0,0,1,0,"Observer__J_In__C_In__V_In__Accept","Observer__J_In__C_In__V_In__Accept",0,0,0,0,0,0,0,0,0,1,0,0,0,0,0,0,0,0,0,0,0,0,0,0,0,0,0
153,1,1,"victim",0,20,4,2,1,2,1,1,TRUE,2.25,1.85714285714286,2,3.28571428571429,1.83333333333333,2,2,2,2,2,2,"In","In","ingroup","ingroup",0,0,0,1,0,0,"In","In",,0,0,0,0,0,0,0,0,0,"Victim__J_In__C_In",0,9,-9,"Ing_x_Ing","Ing_x_Ing__Victim","Ing_x_Ing__Reject","Ing_x_Ing__Victim__Reject",0,0,0,0,1,0,"Victim__J_In__C_In__Reject","Victim__J_In__C_In__Reject",1,0,0,0,0,0,0,0,0,0,0,0,0,0,0,0,0,0,0,0,0,0,0,0,0,0,0
153,1,2,"victim",0,20,4,2,1,2,1,1,TRUE,2.25,1.85714285714286,2,3.28571428571429,1.83333333333333,2,2,2,2,2,2,"In","In","ingroup","ingroup",0,0,0,1,0,0,"In","In",,0,0,0,0,0,0,0,0,0,"Victim__J_In__C_In",0,9,-9,"Ing_x_Ing","Ing_x_Ing__Victim","Ing_x_Ing__Reject","Ing_x_Ing__Victim__Reject",0,0,0,0,1,0,"Victim__J_In__C_In__Reject","Victim__J_In__C_In__Reject",1,0,0,0,0,0,0,0,0,0,0,0,0,0,0,0,0,0,0,0,0,0,0,0,0,0,0
153,2,1,"victim",0,20,4,2,1,2,1,1,TRUE,2.25,1.85714285714286,2,3.28571428571429,1.83333333333333,2,1,2,1,2,2,"Out","In","outgroup","ingroup",1,0,0,0,0,1,"Out","In",,1,0,0,0,1,0,0,0,0,"Victim__J_Out__C_In",0,9,-9,"Ing_x_Hum","Ing_x_Hum__Victim","Ing_x_Hum__Reject","Ing_x_Hum__Victim__Reject",0,0,0,1,0,0,"Victim__J_Out__C_In__Reject","Victim__J_Out__C_In__Reject",0,1,0,0,0,0,0,0,0,0,0,0,0,0,0,0,0,0,0,0,0,0,0,0,0,0,0
153,2,2,"victim",0,20,4,2,1,2,1,1,TRUE,2.25,1.85714285714286,2,3.28571428571429,1.83333333333333,2,1,2,2,1,2,"Out","In","ingroup","outgroup",0,0,0,1,1,0,"In","Out",,1,0,0,0,0,0,1,0,0,"Victim__J_In__C_Out",0,-5,5,"Ing_x_Ing","Ing_x_Ing__Victim","Ing_x_Ing__Accept","Ing_x_Ing__Victim__Accept",0,0,0,0,1,0,"Victim__J_In__C_Out__Accept","Victim__J_In__C_Out__Accept",0,0,0,1,0,0,0,0,0,0,0,0,0,0,0,0,0,0,0,0,0,0,0,0,0,0,0
153,4,1,"victim",0,20,4,2,1,2,1,1,TRUE,2.25,1.85714285714286,2,3.28571428571429,1.83333333333333,2,2,1,2,1,2,"In","Out","ingroup","outgroup",0,0,0,1,0,0,"In","Out",,0,0,1,0,0,0,1,0,0,"Victim__J_In__C_Out",0,9,-9,"Ing_x_Ing","Ing_x_Ing__Victim","Ing_x_Ing__Reject","Ing_x_Ing__Victim__Reject",0,0,0,0,1,0,"Victim__J_In__C_Out__Reject","Victim__J_In__C_Out__Reject",0,0,0,1,0,0,0,0,0,0,0,0,0,0,0,0,0,0,0,0,0,0,0,0,0,0,0
153,4,2,"victim",0,20,4,2,1,2,1,1,TRUE,2.25,1.85714285714286,2,3.28571428571429,1.83333333333333,2,2,1,1,2,2,"In","Out","outgroup","ingroup",1,0,0,0,0,0,"Out","In",,0,0,1,0,1,0,0,0,0,"Victim__J_Out__C_In",0,9,-9,"Ing_x_Hum","Ing_x_Hum__Victim","Ing_x_Hum__Reject","Ing_x_Hum__Victim__Reject",0,0,0,1,0,0,"Victim__J_Out__C_In__Reject","Victim__J_Out__C_In__Reject",0,1,0,0,0,0,0,0,0,0,0,0,0,0,0,0,0,0,0,0,0,0,0,0,0,0,0
153,5,1,"victim",0,20,4,2,1,2,1,1,TRUE,2.25,1.85714285714286,2,3.28571428571429,1.83333333333333,2,2,2,2,2,2,"In","In","ingroup","ingroup",0,0,0,1,0,0,"In","In",,0,0,0,0,0,0,0,0,0,"Victim__J_In__C_In",0,9,-9,"Ing_x_Ing","Ing_x_Ing__Victim","Ing_x_Ing__Reject","Ing_x_Ing__Victim__Reject",0,0,0,0,1,0,"Victim__J_In__C_In__Reject","Victim__J_In__C_In__Reject",1,0,0,0,0,0,0,0,0,0,0,0,0,0,0,0,0,0,0,0,0,0,0,0,0,0,0
153,5,2,"victim",0,20,4,2,1,2,1,1,TRUE,2.25,1.85714285714286,2,3.28571428571429,1.83333333333333,2,2,2,2,2,2,"In","In","ingroup","ingroup",0,0,0,1,0,0,"In","In",,0,0,0,0,0,0,0,0,0,"Victim__J_In__C_In",0,9,-9,"Ing_x_Ing","Ing_x_Ing__Victim","Ing_x_Ing__Reject","Ing_x_Ing__Victim__Reject",0,0,0,0,1,0,"Victim__J_In__C_In__Reject","Victim__J_In__C_In__Reject",1,0,0,0,0,0,0,0,0,0,0,0,0,0,0,0,0,0,0,0,0,0,0,0,0,0,0
153,6,1,"observer",1,20,4,2,1,2,1,1,TRUE,2.25,1.85714285714286,2,3.28571428571429,1.83333333333333,2,1,1,1,1,1,"Out","Out","outgroup","outgroup",1,0,1,1,0,0,"Out","Out","Out",1,0,1,0,1,0,1,0,1,"Observer__J_Out__C_Out__V_Out",0,9,-9,"Hum_x_Hum","Hum_x_Hum__Observer","Hum_x_Hum__Reject","Hum_x_Hum__Observer__Reject",1,0,0,0,0,0,"Observer__J_Out__C_Out__V_Out__Reject","Observer__J_Out__C_Out__V_Out__Reject",0,0,0,0,0,0,0,0,0,0,0,0,0,0,0,0,0,0,0,0,0,0,1,0,0,0,0
153,6,2,"observer",1,20,4,2,1,2,1,1,TRUE,2.25,1.85714285714286,2,3.28571428571429,1.83333333333333,2,1,1,1,1,1,"Out","Out","outgroup","outgroup",1,0,1,1,0,0,"Out","Out","Out",1,0,1,0,1,0,1,0,1,"Observer__J_Out__C_Out__V_Out",0,9,-9,"Hum_x_Hum","Hum_x_Hum__Observer","Hum_x_Hum__Reject","Hum_x_Hum__Observer__Reject",1,0,0,0,0,0,"Observer__J_Out__C_Out__V_Out__Reject","Observer__J_Out__C_Out__V_Out__Reject",0,0,0,0,0,0,0,0,0,0,0,0,0,0,0,0,0,0,0,0,0,0,1,0,0,0,0
153,7,1,"observer",1,20,4,2,1,2,1,1,TRUE,2.25,1.85714285714286,2,3.28571428571429,1.83333333333333,2,2,2,2,2,2,"In","In","ingroup","ingroup",0,0,0,1,0,0,"In","In","In",0,0,0,0,0,0,0,0,0,"Observer__J_In__C_In__V_In",0,9,-9,"Ing_x_Ing","Ing_x_Ing__Observer","Ing_x_Ing__Reject","Ing_x_Ing__Observer__Reject",0,0,0,0,1,0,"Observer__J_In__C_In__V_In__Reject","Observer__J_In__C_In__V_In__Reject",0,0,0,0,0,0,0,0,0,1,0,0,0,0,0,0,0,0,0,0,0,0,0,0,0,0,0
153,7,2,"observer",1,20,4,2,1,2,1,1,TRUE,2.25,1.85714285714286,2,3.28571428571429,1.83333333333333,2,2,2,2,2,2,"In","In","ingroup","ingroup",0,0,0,1,0,0,"In","In","In",0,0,0,0,0,0,0,0,0,"Observer__J_In__C_In__V_In",0,9,-9,"Ing_x_Ing","Ing_x_Ing__Observer","Ing_x_Ing__Reject","Ing_x_Ing__Observer__Reject",0,0,0,0,1,0,"Observer__J_In__C_In__V_In__Reject","Observer__J_In__C_In__V_In__Reject",0,0,0,0,0,0,0,0,0,1,0,0,0,0,0,0,0,0,0,0,0,0,0,0,0,0,0
154,4,1,"victim",0,20,4,2,1,2,1,1,TRUE,1.71428571428571,1.14285714285714,1.875,1.85714285714286,2,2,2,2,2,2,2,"In","In","ingroup","ingroup",0,0,0,1,1,1,"In","In",,0,0,0,0,0,0,0,0,0,"Victim__J_In__C_In",0,-9,9,"Ing_x_Ing","Ing_x_Ing__Victim","Ing_x_Ing__Accept","Ing_x_Ing__Victim__Accept",0,0,0,0,1,0,"Victim__J_In__C_In__Accept","Victim__J_In__C_In__Accept",1,0,0,0,0,0,0,0,0,0,0,0,0,0,0,0,0,0,0,0,0,0,0,0,0,0,0
154,4,2,"victim",0,20,4,2,1,2,1,1,TRUE,1.71428571428571,1.14285714285714,1.875,1.85714285714286,2,2,2,2,2,2,2,"In","In","ingroup","ingroup",0,0,0,1,1,1,"In","In",,0,0,0,0,0,0,0,0,0,"Victim__J_In__C_In",0,-9,9,"Ing_x_Ing","Ing_x_Ing__Victim","Ing_x_Ing__Accept","Ing_x_Ing__Victim__Accept",0,0,0,0,1,0,"Victim__J_In__C_In__Accept","Victim__J_In__C_In__Accept",1,0,0,0,0,0,0,0,0,0,0,0,0,0,0,0,0,0,0,0,0,0,0,0,0,0,0
155,1,1,"observer",1,20,4,2,1,2,1,2,TRUE,2.35714285714286,2.14285714285714,2.375,2.71428571428571,2.16666666666667,2,2,2,2,2,2,"In","In","ingroup","ingroup",0,0,0,1,0,1,"In","In","In",0,0,0,0,0,0,0,0,0,"Observer__J_In__C_In__V_In",0,9,-9,"Ing_x_Ing","Ing_x_Ing__Observer","Ing_x_Ing__Reject","Ing_x_Ing__Observer__Reject",0,0,0,0,1,0,"Observer__J_In__C_In__V_In__Reject","Observer__J_In__C_In__V_In__Reject",0,0,0,0,0,0,0,0,0,1,0,0,0,0,0,0,0,0,0,0,0,0,0,0,0,0,0
155,1,2,"observer",1,20,4,2,1,2,1,2,TRUE,2.35714285714286,2.14285714285714,2.375,2.71428571428571,2.16666666666667,2,2,2,2,2,2,"In","In","ingroup","ingroup",0,0,0,1,1,0,"In","In","In",0,0,0,0,0,0,0,0,0,"Observer__J_In__C_In__V_In",0,-7,7,"Ing_x_Ing","Ing_x_Ing__Observer","Ing_x_Ing__Accept","Ing_x_Ing__Observer__Accept",0,0,0,0,1,0,"Observer__J_In__C_In__V_In__Accept","Observer__J_In__C_In__V_In__Accept",0,0,0,0,0,0,0,0,0,1,0,0,0,0,0,0,0,0,0,0,0,0,0,0,0,0,0
155,2,1,"observer",1,20,4,2,1,2,1,2,TRUE,2.35714285714286,2.14285714285714,2.375,2.71428571428571,2.16666666666667,2,2,2,2,2,1,"In","In","ingroup","ingroup",0,0,1,0,0,0,"In","In","Out",0,0,0,0,0,0,0,0,1,"Observer__J_In__C_In__V_Out",0,9,-9,"Hum_x_Ing","Hum_x_Ing__Observer","Hum_x_Ing__Reject","Hum_x_Ing__Observer__Reject",0,1,0,0,0,0,"Observer__J_In__C_In__V_Out__Reject","Observer__J_In__C_In__V_Out__Reject",0,0,0,0,0,0,0,0,0,0,0,0,0,0,0,0,0,0,1,0,0,0,0,0,0,0,0
155,2,2,"observer",1,20,4,2,1,2,1,2,TRUE,2.35714285714286,2.14285714285714,2.375,2.71428571428571,2.16666666666667,2,2,2,2,2,1,"In","In","ingroup","ingroup",0,0,1,0,0,0,"In","In","Out",0,0,0,0,0,0,0,0,1,"Observer__J_In__C_In__V_Out",0,9,-9,"Hum_x_Ing","Hum_x_Ing__Observer","Hum_x_Ing__Reject","Hum_x_Ing__Observer__Reject",0,1,0,0,0,0,"Observer__J_In__C_In__V_Out__Reject","Observer__J_In__C_In__V_Out__Reject",0,0,0,0,0,0,0,0,0,0,0,0,0,0,0,0,0,0,1,0,0,0,0,0,0,0,0
155,4,1,"observer",1,20,4,2,1,2,1,2,TRUE,2.35714285714286,2.14285714285714,2.375,2.71428571428571,2.16666666666667,2,1,2,1,2,2,"Out","In","outgroup","ingroup",1,0,0,0,0,0,"Out","In","In",1,0,0,0,1,0,0,0,0,"Observer__J_Out__C_In__V_In",0,9,-9,"Ing_x_Hum","Ing_x_Hum__Observer","Ing_x_Hum__Reject","Ing_x_Hum__Observer__Reject",0,0,0,1,0,0,"Observer__J_Out__C_In__V_In__Reject","Observer__J_Out__C_In__V_In__Reject",0,0,0,0,0,0,0,0,0,0,1,0,0,0,0,0,0,0,0,0,0,0,0,0,0,0,0
155,4,2,"observer",1,20,4,2,1,2,1,2,TRUE,2.35714285714286,2.14285714285714,2.375,2.71428571428571,2.16666666666667,2,1,2,2,1,2,"Out","In","ingroup","outgroup",0,0,0,1,0,0,"In","Out","In",1,0,0,0,0,0,1,0,0,"Observer__J_In__C_Out__V_In",0,9,-9,"Ing_x_Ing","Ing_x_Ing__Observer","Ing_x_Ing__Reject","Ing_x_Ing__Observer__Reject",0,0,0,0,1,0,"Observer__J_In__C_Out__V_In__Reject","Observer__J_In__C_Out__V_In__Reject",0,0,0,0,0,0,0,0,0,0,0,0,1,0,0,0,0,0,0,0,0,0,0,0,0,0,0
155,5,1,"observer",1,20,4,2,1,2,1,2,TRUE,2.35714285714286,2.14285714285714,2.375,2.71428571428571,2.16666666666667,2,2,2,2,2,2,"In","In","ingroup","ingroup",0,0,0,1,0,0,"In","In","In",0,0,0,0,0,0,0,0,0,"Observer__J_In__C_In__V_In",0,9,-9,"Ing_x_Ing","Ing_x_Ing__Observer","Ing_x_Ing__Reject","Ing_x_Ing__Observer__Reject",0,0,0,0,1,0,"Observer__J_In__C_In__V_In__Reject","Observer__J_In__C_In__V_In__Reject",0,0,0,0,0,0,0,0,0,1,0,0,0,0,0,0,0,0,0,0,0,0,0,0,0,0,0
155,5,2,"observer",1,20,4,2,1,2,1,2,TRUE,2.35714285714286,2.14285714285714,2.375,2.71428571428571,2.16666666666667,2,2,2,2,2,2,"In","In","ingroup","ingroup",0,0,0,1,0,0,"In","In","In",0,0,0,0,0,0,0,0,0,"Observer__J_In__C_In__V_In",0,9,-9,"Ing_x_Ing","Ing_x_Ing__Observer","Ing_x_Ing__Reject","Ing_x_Ing__Observer__Reject",0,0,0,0,1,0,"Observer__J_In__C_In__V_In__Reject","Observer__J_In__C_In__V_In__Reject",0,0,0,0,0,0,0,0,0,1,0,0,0,0,0,0,0,0,0,0,0,0,0,0,0,0,0
155,6,1,"victim",0,20,4,2,1,2,1,2,TRUE,2.35714285714286,2.14285714285714,2.375,2.71428571428571,2.16666666666667,2,1,1,1,1,2,"Out","Out","outgroup","outgroup",1,0,0,0,1,1,"Out","Out",,1,0,1,0,1,0,1,0,0,"Victim__J_Out__C_Out",0,-9,9,"Ing_x_Hum","Ing_x_Hum__Victim","Ing_x_Hum__Accept","Ing_x_Hum__Victim__Accept",0,0,0,1,0,0,"Victim__J_Out__C_Out__Accept","Victim__J_Out__C_Out__Accept",0,0,0,0,1,0,0,0,0,0,0,0,0,0,0,0,0,0,0,0,0,0,0,0,0,0,0
155,6,2,"victim",0,20,4,2,1,2,1,2,TRUE,2.35714285714286,2.14285714285714,2.375,2.71428571428571,2.16666666666667,2,1,1,1,1,2,"Out","Out","outgroup","outgroup",1,0,0,0,1,1,"Out","Out",,1,0,1,0,1,0,1,0,0,"Victim__J_Out__C_Out",0,-9,9,"Ing_x_Hum","Ing_x_Hum__Victim","Ing_x_Hum__Accept","Ing_x_Hum__Victim__Accept",0,0,0,1,0,0,"Victim__J_Out__C_Out__Accept","Victim__J_Out__C_Out__Accept",0,0,0,0,1,0,0,0,0,0,0,0,0,0,0,0,0,0,0,0,0,0,0,0,0,0,0
155,9,1,"victim",0,20,4,2,1,2,1,2,TRUE,2.35714285714286,2.14285714285714,2.375,2.71428571428571,2.16666666666667,2,1,2,1,2,2,"Out","In","outgroup","ingroup",1,0,0,0,0,1,"Out","In",,1,0,0,0,1,0,0,0,0,"Victim__J_Out__C_In",0,9,-9,"Ing_x_Hum","Ing_x_Hum__Victim","Ing_x_Hum__Reject","Ing_x_Hum__Victim__Reject",0,0,0,1,0,0,"Victim__J_Out__C_In__Reject","Victim__J_Out__C_In__Reject",0,1,0,0,0,0,0,0,0,0,0,0,0,0,0,0,0,0,0,0,0,0,0,0,0,0,0
155,9,2,"victim",0,20,4,2,1,2,1,2,TRUE,2.35714285714286,2.14285714285714,2.375,2.71428571428571,2.16666666666667,2,1,2,2,1,2,"Out","In","ingroup","outgroup",0,0,0,1,1,0,"In","Out",,1,0,0,0,0,0,1,0,0,"Victim__J_In__C_Out",0,-9,9,"Ing_x_Ing","Ing_x_Ing__Victim","Ing_x_Ing__Accept","Ing_x_Ing__Victim__Accept",0,0,0,0,1,0,"Victim__J_In__C_Out__Accept","Victim__J_In__C_Out__Accept",0,0,0,1,0,0,0,0,0,0,0,0,0,0,0,0,0,0,0,0,0,0,0,0,0,0,0
156,4,1,"observer",1,19,3,1,0,1,0,2,TRUE,1.53571428571429,1.28571428571429,1.125,1.85714285714286,2,1,1,2,1,2,2,"In","Out","ingroup","outgroup",0,0,1,0,0,0,"In","Out","Out",0,0,1,0,0,0,1,0,1,"Observer__J_In__C_Out__V_Out",0,9,-9,"Ing_x_Hum","Ing_x_Hum__Observer","Ing_x_Hum__Reject","Ing_x_Hum__Observer__Reject",0,0,0,1,0,0,"Observer__J_In__C_Out__V_Out__Reject","Observer__J_In__C_Out__V_Out__Reject",0,0,0,0,0,0,0,0,0,0,0,0,0,0,0,0,0,0,0,0,0,1,0,0,0,0,0
156,4,2,"observer",1,19,3,1,0,1,0,2,TRUE,1.53571428571429,1.28571428571429,1.125,1.85714285714286,2,1,1,2,2,1,2,"In","Out","outgroup","ingroup",1,0,1,1,0,0,"Out","In","Out",0,0,1,0,1,0,0,0,1,"Observer__J_Out__C_In__V_Out",0,9,-9,"Ing_x_Ing","Ing_x_Ing__Observer","Ing_x_Ing__Reject","Ing_x_Ing__Observer__Reject",0,0,0,0,1,0,"Observer__J_Out__C_In__V_Out__Reject","Observer__J_Out__C_In__V_Out__Reject",0,0,0,0,0,0,0,0,0,0,0,0,0,0,0,0,0,0,0,1,0,0,0,0,0,0,0
156,5,1,"observer",1,19,3,1,0,1,0,2,TRUE,1.53571428571429,1.28571428571429,1.125,1.85714285714286,2,1,1,1,1,1,1,"In","In","ingroup","ingroup",0,0,0,1,0,0,"In","In","In",0,0,0,0,0,0,0,0,0,"Observer__J_In__C_In__V_In",0,9,-9,"Hum_x_Hum","Hum_x_Hum__Observer","Hum_x_Hum__Reject","Hum_x_Hum__Observer__Reject",1,0,0,0,0,0,"Observer__J_In__C_In__V_In__Reject","Observer__J_In__C_In__V_In__Reject",0,0,0,0,0,0,0,0,0,1,0,0,0,0,0,0,0,0,0,0,0,0,0,0,0,0,0
156,5,2,"observer",1,19,3,1,0,1,0,2,TRUE,1.53571428571429,1.28571428571429,1.125,1.85714285714286,2,1,1,1,1,1,1,"In","In","ingroup","ingroup",0,0,0,1,0,0,"In","In","In",0,0,0,0,0,0,0,0,0,"Observer__J_In__C_In__V_In",0,9,-9,"Hum_x_Hum","Hum_x_Hum__Observer","Hum_x_Hum__Reject","Hum_x_Hum__Observer__Reject",1,0,0,0,0,0,"Observer__J_In__C_In__V_In__Reject","Observer__J_In__C_In__V_In__Reject",0,0,0,0,0,0,0,0,0,1,0,0,0,0,0,0,0,0,0,0,0,0,0,0,0,0,0
157,6,1,"victim",0,20,2,2,1,1,0,2,TRUE,1.89285714285714,1.57142857142857,2.25,2,1.66666666666667,1,2,1,2,1,1,"Out","In","outgroup","ingroup",1,0,0,0,0,1,"Out","In",,1,0,0,0,1,0,0,0,0,"Victim__J_Out__C_In",0,9,-9,"Hum_x_Ing","Hum_x_Ing__Victim","Hum_x_Ing__Reject","Hum_x_Ing__Victim__Reject",0,1,0,0,0,0,"Victim__J_Out__C_In__Reject","Victim__J_Out__C_In__Reject",0,1,0,0,0,0,0,0,0,0,0,0,0,0,0,0,0,0,0,0,0,0,0,0,0,0,0
157,6,2,"victim",0,20,2,2,1,1,0,2,TRUE,1.89285714285714,1.57142857142857,2.25,2,1.66666666666667,1,2,1,1,2,1,"Out","In","ingroup","outgroup",0,0,0,1,1,0,"In","Out",,1,0,0,0,0,0,1,0,0,"Victim__J_In__C_Out",0,-9,9,"Hum_x_Hum","Hum_x_Hum__Victim","Hum_x_Hum__Accept","Hum_x_Hum__Victim__Accept",1,0,0,0,0,0,"Victim__J_In__C_Out__Accept","Victim__J_In__C_Out__Accept",0,0,0,1,0,0,0,0,0,0,0,0,0,0,0,0,0,0,0,0,0,0,0,0,0,0,0
157,8,1,"victim",0,20,2,2,1,1,0,2,TRUE,1.89285714285714,1.57142857142857,2.25,2,1.66666666666667,1,2,1,2,1,1,"Out","In","outgroup","ingroup",1,0,0,0,1,0,"Out","In",,1,0,0,0,1,0,0,0,0,"Victim__J_Out__C_In",0,-9,9,"Hum_x_Ing","Hum_x_Ing__Victim","Hum_x_Ing__Accept","Hum_x_Ing__Victim__Accept",0,1,0,0,0,0,"Victim__J_Out__C_In__Accept","Victim__J_Out__C_In__Accept",0,1,0,0,0,0,0,0,0,0,0,0,0,0,0,0,0,0,0,0,0,0,0,0,0,0,0
157,8,2,"victim",0,20,2,2,1,1,0,2,TRUE,1.89285714285714,1.57142857142857,2.25,2,1.66666666666667,1,2,1,1,2,1,"Out","In","ingroup","outgroup",0,0,0,1,0,1,"In","Out",,1,0,0,0,0,0,1,0,0,"Victim__J_In__C_Out",0,9,-9,"Hum_x_Hum","Hum_x_Hum__Victim","Hum_x_Hum__Reject","Hum_x_Hum__Victim__Reject",1,0,0,0,0,0,"Victim__J_In__C_Out__Reject","Victim__J_In__C_Out__Reject",0,0,0,1,0,0,0,0,0,0,0,0,0,0,0,0,0,0,0,0,0,0,0,0,0,0,0
157,9,1,"victim",0,20,2,2,1,1,0,2,TRUE,1.89285714285714,1.57142857142857,2.25,2,1.66666666666667,1,2,2,2,2,1,"Out","Out","outgroup","outgroup",1,0,0,0,1,1,"Out","Out",,1,0,1,0,1,0,1,0,0,"Victim__J_Out__C_Out",0,-9,9,"Hum_x_Ing","Hum_x_Ing__Victim","Hum_x_Ing__Accept","Hum_x_Ing__Victim__Accept",0,1,0,0,0,0,"Victim__J_Out__C_Out__Accept","Victim__J_Out__C_Out__Accept",0,0,0,0,1,0,0,0,0,0,0,0,0,0,0,0,0,0,0,0,0,0,0,0,0,0,0
157,9,2,"victim",0,20,2,2,1,1,0,2,TRUE,1.89285714285714,1.57142857142857,2.25,2,1.66666666666667,1,2,2,2,2,1,"Out","Out","outgroup","outgroup",1,0,0,0,1,1,"Out","Out",,1,0,1,0,1,0,1,0,0,"Victim__J_Out__C_Out",0,-9,9,"Hum_x_Ing","Hum_x_Ing__Victim","Hum_x_Ing__Accept","Hum_x_Ing__Victim__Accept",0,1,0,0,0,0,"Victim__J_Out__C_Out__Accept","Victim__J_Out__C_Out__Accept",0,0,0,0,1,0,0,0,0,0,0,0,0,0,0,0,0,0,0,0,0,0,0,0,0,0,0
157,10,1,"victim",0,20,2,2,1,1,0,2,TRUE,1.89285714285714,1.57142857142857,2.25,2,1.66666666666667,1,1,2,1,2,1,"In","Out","ingroup","outgroup",0,0,0,1,0,1,"In","Out",,0,0,1,0,0,0,1,0,0,"Victim__J_In__C_Out",0,9,-9,"Hum_x_Hum","Hum_x_Hum__Victim","Hum_x_Hum__Reject","Hum_x_Hum__Victim__Reject",1,0,0,0,0,0,"Victim__J_In__C_Out__Reject","Victim__J_In__C_Out__Reject",0,0,0,1,0,0,0,0,0,0,0,0,0,0,0,0,0,0,0,0,0,0,0,0,0,0,0
157,10,2,"victim",0,20,2,2,1,1,0,2,TRUE,1.89285714285714,1.57142857142857,2.25,2,1.66666666666667,1,1,2,2,1,1,"In","Out","outgroup","ingroup",1,0,0,0,1,0,"Out","In",,0,0,1,0,1,0,0,0,0,"Victim__J_Out__C_In",0,-9,9,"Hum_x_Ing","Hum_x_Ing__Victim","Hum_x_Ing__Accept","Hum_x_Ing__Victim__Accept",0,1,0,0,0,0,"Victim__J_Out__C_In__Accept","Victim__J_Out__C_In__Accept",0,1,0,0,0,0,0,0,0,0,0,0,0,0,0,0,0,0,0,0,0,0,0,0,0,0,0
158,1,1,"victim",0,18,0,2,1,1,0,1,TRUE,1.21428571428571,1.14285714285714,1.5,1,1.16666666666667,1,1,1,1,1,1,"In","In","ingroup","ingroup",0,0,0,1,1,0,"In","In",,0,0,0,0,0,0,0,0,0,"Victim__J_In__C_In",0,-3,3,"Hum_x_Hum","Hum_x_Hum__Victim","Hum_x_Hum__Accept","Hum_x_Hum__Victim__Accept",1,0,0,0,0,0,"Victim__J_In__C_In__Accept","Victim__J_In__C_In__Accept",1,0,0,0,0,0,0,0,0,0,0,0,0,0,0,0,0,0,0,0,0,0,0,0,0,0,0
158,1,2,"victim",0,18,0,2,1,1,0,1,TRUE,1.21428571428571,1.14285714285714,1.5,1,1.16666666666667,1,1,1,1,1,1,"In","In","ingroup","ingroup",0,0,0,1,0,1,"In","In",,0,0,0,0,0,0,0,0,0,"Victim__J_In__C_In",0,9,-9,"Hum_x_Hum","Hum_x_Hum__Victim","Hum_x_Hum__Reject","Hum_x_Hum__Victim__Reject",1,0,0,0,0,0,"Victim__J_In__C_In__Reject","Victim__J_In__C_In__Reject",1,0,0,0,0,0,0,0,0,0,0,0,0,0,0,0,0,0,0,0,0,0,0,0,0,0,0
158,3,1,"victim",0,18,0,2,1,1,0,1,TRUE,1.21428571428571,1.14285714285714,1.5,1,1.16666666666667,1,2,2,2,2,1,"Out","Out","outgroup","outgroup",1,0,0,0,0,0,"Out","Out",,1,0,1,0,1,0,1,0,0,"Victim__J_Out__C_Out",0,9,-9,"Hum_x_Ing","Hum_x_Ing__Victim","Hum_x_Ing__Reject","Hum_x_Ing__Victim__Reject",0,1,0,0,0,0,"Victim__J_Out__C_Out__Reject","Victim__J_Out__C_Out__Reject",0,0,0,0,1,0,0,0,0,0,0,0,0,0,0,0,0,0,0,0,0,0,0,0,0,0,0
158,3,2,"victim",0,18,0,2,1,1,0,1,TRUE,1.21428571428571,1.14285714285714,1.5,1,1.16666666666667,1,2,2,2,2,1,"Out","Out","outgroup","outgroup",1,0,0,0,0,0,"Out","Out",,1,0,1,0,1,0,1,0,0,"Victim__J_Out__C_Out",0,9,-9,"Hum_x_Ing","Hum_x_Ing__Victim","Hum_x_Ing__Reject","Hum_x_Ing__Victim__Reject",0,1,0,0,0,0,"Victim__J_Out__C_Out__Reject","Victim__J_Out__C_Out__Reject",0,0,0,0,1,0,0,0,0,0,0,0,0,0,0,0,0,0,0,0,0,0,0,0,0,0,0
158,8,1,"observer",1,18,0,2,1,1,0,1,TRUE,1.21428571428571,1.14285714285714,1.5,1,1.16666666666667,1,2,1,2,1,1,"Out","In","outgroup","ingroup",1,0,0,0,1,0,"Out","In","In",1,0,0,0,1,0,0,0,0,"Observer__J_Out__C_In__V_In",0,-5,5,"Hum_x_Ing","Hum_x_Ing__Observer","Hum_x_Ing__Accept","Hum_x_Ing__Observer__Accept",0,1,0,0,0,0,"Observer__J_Out__C_In__V_In__Accept","Observer__J_Out__C_In__V_In__Accept",0,0,0,0,0,0,0,0,0,0,1,0,0,0,0,0,0,0,0,0,0,0,0,0,0,0,0
158,8,2,"observer",1,18,0,2,1,1,0,1,TRUE,1.21428571428571,1.14285714285714,1.5,1,1.16666666666667,1,2,1,1,2,1,"Out","In","ingroup","outgroup",0,0,0,1,0,1,"In","Out","In",1,0,0,0,0,0,1,0,0,"Observer__J_In__C_Out__V_In",0,8,-8,"Hum_x_Hum","Hum_x_Hum__Observer","Hum_x_Hum__Reject","Hum_x_Hum__Observer__Reject",1,0,0,0,0,0,"Observer__J_In__C_Out__V_In__Reject","Observer__J_In__C_Out__V_In__Reject",0,0,0,0,0,0,0,0,0,0,0,0,1,0,0,0,0,0,0,0,0,0,0,0,0,0,0
158,9,1,"observer",1,18,0,2,1,1,0,1,TRUE,1.21428571428571,1.14285714285714,1.5,1,1.16666666666667,1,2,1,2,1,2,"Out","In","outgroup","ingroup",1,0,1,1,1,0,"Out","In","Out",1,0,0,0,1,0,0,0,1,"Observer__J_Out__C_In__V_Out",0,-5,5,"Ing_x_Ing","Ing_x_Ing__Observer","Ing_x_Ing__Accept","Ing_x_Ing__Observer__Accept",0,0,0,0,1,0,"Observer__J_Out__C_In__V_Out__Accept","Observer__J_Out__C_In__V_Out__Accept",0,0,0,0,0,0,0,0,0,0,0,0,0,0,0,0,0,0,0,1,0,0,0,0,0,0,0
158,9,2,"observer",1,18,0,2,1,1,0,1,TRUE,1.21428571428571,1.14285714285714,1.5,1,1.16666666666667,1,2,1,1,2,2,"Out","In","ingroup","outgroup",0,0,1,0,0,1,"In","Out","Out",1,0,0,0,0,0,1,0,1,"Observer__J_In__C_Out__V_Out",0,9,-9,"Ing_x_Hum","Ing_x_Hum__Observer","Ing_x_Hum__Reject","Ing_x_Hum__Observer__Reject",0,0,0,1,0,0,"Observer__J_In__C_Out__V_Out__Reject","Observer__J_In__C_Out__V_Out__Reject",0,0,0,0,0,0,0,0,0,0,0,0,0,0,0,0,0,0,0,0,0,1,0,0,0,0,0
158,10,1,"observer",1,18,0,2,1,1,0,1,TRUE,1.21428571428571,1.14285714285714,1.5,1,1.16666666666667,1,2,2,2,2,1,"Out","Out","outgroup","outgroup",1,0,0,0,1,0,"Out","Out","In",1,0,1,0,1,0,1,0,0,"Observer__J_Out__C_Out__V_In",0,-5,5,"Hum_x_Ing","Hum_x_Ing__Observer","Hum_x_Ing__Accept","Hum_x_Ing__Observer__Accept",0,1,0,0,0,0,"Observer__J_Out__C_Out__V_In__Accept","Observer__J_Out__C_Out__V_In__Accept",0,0,0,0,0,0,0,0,0,0,0,0,0,1,0,0,0,0,0,0,0,0,0,0,0,0,0
158,10,2,"observer",1,18,0,2,1,1,0,1,TRUE,1.21428571428571,1.14285714285714,1.5,1,1.16666666666667,1,2,2,2,2,1,"Out","Out","outgroup","outgroup",1,0,0,0,0,1,"Out","Out","In",1,0,1,0,1,0,1,0,0,"Observer__J_Out__C_Out__V_In",0,8,-8,"Hum_x_Ing","Hum_x_Ing__Observer","Hum_x_Ing__Reject","Hum_x_Ing__Observer__Reject",0,1,0,0,0,0,"Observer__J_Out__C_Out__V_In__Reject","Observer__J_Out__C_Out__V_In__Reject",0,0,0,0,0,0,0,0,0,0,0,0,0,1,0,0,0,0,0,0,0,0,0,0,0,0,0
159,1,1,"victim",0,26,2,2,1,1,0,1,TRUE,2.14285714285714,2.42857142857143,1.875,2.71428571428571,1.5,1,2,2,2,2,1,"Out","Out","outgroup","outgroup",1,0,0,0,0,1,"Out","Out",,1,0,1,0,1,0,1,0,0,"Victim__J_Out__C_Out",0,9,-9,"Hum_x_Ing","Hum_x_Ing__Victim","Hum_x_Ing__Reject","Hum_x_Ing__Victim__Reject",0,1,0,0,0,0,"Victim__J_Out__C_Out__Reject","Victim__J_Out__C_Out__Reject",0,0,0,0,1,0,0,0,0,0,0,0,0,0,0,0,0,0,0,0,0,0,0,0,0,0,0
159,1,2,"victim",0,26,2,2,1,1,0,1,TRUE,2.14285714285714,2.42857142857143,1.875,2.71428571428571,1.5,1,2,2,2,2,1,"Out","Out","outgroup","outgroup",1,0,0,0,1,0,"Out","Out",,1,0,1,0,1,0,1,0,0,"Victim__J_Out__C_Out",0,0,0,"Hum_x_Ing","Hum_x_Ing__Victim","Hum_x_Ing__Accept","Hum_x_Ing__Victim__Accept",0,1,0,0,0,0,"Victim__J_Out__C_Out__Accept","Victim__J_Out__C_Out__Accept",0,0,0,0,1,0,0,0,0,0,0,0,0,0,0,0,0,0,0,0,0,0,0,0,0,0,0
159,2,1,"victim",0,26,2,2,1,1,0,1,TRUE,2.14285714285714,2.42857142857143,1.875,2.71428571428571,1.5,1,1,1,1,1,1,"In","In","ingroup","ingroup",0,0,0,1,1,1,"In","In",,0,0,0,0,0,0,0,0,0,"Victim__J_In__C_In",0,0,0,"Hum_x_Hum","Hum_x_Hum__Victim","Hum_x_Hum__Accept","Hum_x_Hum__Victim__Accept",1,0,0,0,0,0,"Victim__J_In__C_In__Accept","Victim__J_In__C_In__Accept",1,0,0,0,0,0,0,0,0,0,0,0,0,0,0,0,0,0,0,0,0,0,0,0,0,0,0
159,2,2,"victim",0,26,2,2,1,1,0,1,TRUE,2.14285714285714,2.42857142857143,1.875,2.71428571428571,1.5,1,1,1,1,1,1,"In","In","ingroup","ingroup",0,0,0,1,1,1,"In","In",,0,0,0,0,0,0,0,0,0,"Victim__J_In__C_In",0,0,0,"Hum_x_Hum","Hum_x_Hum__Victim","Hum_x_Hum__Accept","Hum_x_Hum__Victim__Accept",1,0,0,0,0,0,"Victim__J_In__C_In__Accept","Victim__J_In__C_In__Accept",1,0,0,0,0,0,0,0,0,0,0,0,0,0,0,0,0,0,0,0,0,0,0,0,0,0,0
159,3,1,"victim",0,26,2,2,1,1,0,1,TRUE,2.14285714285714,2.42857142857143,1.875,2.71428571428571,1.5,1,2,2,2,2,1,"Out","Out","outgroup","outgroup",1,0,0,0,0,0,"Out","Out",,1,0,1,0,1,0,1,0,0,"Victim__J_Out__C_Out",0,4,-4,"Hum_x_Ing","Hum_x_Ing__Victim","Hum_x_Ing__Reject","Hum_x_Ing__Victim__Reject",0,1,0,0,0,0,"Victim__J_Out__C_Out__Reject","Victim__J_Out__C_Out__Reject",0,0,0,0,1,0,0,0,0,0,0,0,0,0,0,0,0,0,0,0,0,0,0,0,0,0,0
159,3,2,"victim",0,26,2,2,1,1,0,1,TRUE,2.14285714285714,2.42857142857143,1.875,2.71428571428571,1.5,1,2,2,2,2,1,"Out","Out","outgroup","outgroup",1,0,0,0,0,0,"Out","Out",,1,0,1,0,1,0,1,0,0,"Victim__J_Out__C_Out",0,4,-4,"Hum_x_Ing","Hum_x_Ing__Victim","Hum_x_Ing__Reject","Hum_x_Ing__Victim__Reject",0,1,0,0,0,0,"Victim__J_Out__C_Out__Reject","Victim__J_Out__C_Out__Reject",0,0,0,0,1,0,0,0,0,0,0,0,0,0,0,0,0,0,0,0,0,0,0,0,0,0,0
159,8,1,"observer",1,26,2,2,1,1,0,1,TRUE,2.14285714285714,2.42857142857143,1.875,2.71428571428571,1.5,1,2,2,2,2,2,"Out","Out","outgroup","outgroup",1,0,1,1,1,0,"Out","Out","Out",1,0,1,0,1,0,1,0,1,"Observer__J_Out__C_Out__V_Out",0,0,0,"Ing_x_Ing","Ing_x_Ing__Observer","Ing_x_Ing__Accept","Ing_x_Ing__Observer__Accept",0,0,0,0,1,0,"Observer__J_Out__C_Out__V_Out__Accept","Observer__J_Out__C_Out__V_Out__Accept",0,0,0,0,0,0,0,0,0,0,0,0,0,0,0,0,0,0,0,0,0,0,1,0,0,0,0
159,8,2,"observer",1,26,2,2,1,1,0,1,TRUE,2.14285714285714,2.42857142857143,1.875,2.71428571428571,1.5,1,2,2,2,2,2,"Out","Out","outgroup","outgroup",1,0,1,1,0,1,"Out","Out","Out",1,0,1,0,1,0,1,0,1,"Observer__J_Out__C_Out__V_Out",0,0,0,"Ing_x_Ing","Ing_x_Ing__Observer","Ing_x_Ing__Reject","Ing_x_Ing__Observer__Reject",0,0,0,0,1,0,"Observer__J_Out__C_Out__V_Out__Reject","Observer__J_Out__C_Out__V_Out__Reject",0,0,0,0,0,0,0,0,0,0,0,0,0,0,0,0,0,0,0,0,0,0,1,0,0,0,0
159,9,1,"observer",1,26,2,2,1,1,0,1,TRUE,2.14285714285714,2.42857142857143,1.875,2.71428571428571,1.5,1,1,1,1,1,2,"In","In","ingroup","ingroup",0,0,1,0,0,0,"In","In","Out",0,0,0,0,0,0,0,0,1,"Observer__J_In__C_In__V_Out",0,0,0,"Ing_x_Hum","Ing_x_Hum__Observer","Ing_x_Hum__Reject","Ing_x_Hum__Observer__Reject",0,0,0,1,0,0,"Observer__J_In__C_In__V_Out__Reject","Observer__J_In__C_In__V_Out__Reject",0,0,0,0,0,0,0,0,0,0,0,0,0,0,0,0,0,0,1,0,0,0,0,0,0,0,0
159,9,2,"observer",1,26,2,2,1,1,0,1,TRUE,2.14285714285714,2.42857142857143,1.875,2.71428571428571,1.5,1,1,1,1,1,2,"In","In","ingroup","ingroup",0,0,1,0,0,0,"In","In","Out",0,0,0,0,0,0,0,0,1,"Observer__J_In__C_In__V_Out",0,0,0,"Ing_x_Hum","Ing_x_Hum__Observer","Ing_x_Hum__Reject","Ing_x_Hum__Observer__Reject",0,0,0,1,0,0,"Observer__J_In__C_In__V_Out__Reject","Observer__J_In__C_In__V_Out__Reject",0,0,0,0,0,0,0,0,0,0,0,0,0,0,0,0,0,0,1,0,0,0,0,0,0,0,0
160,2,1,"victim",0,19,0,1,0,1,0,1,TRUE,1.53571428571429,1.42857142857143,1.625,1.57142857142857,1.5,1,2,2,2,2,1,"Out","Out","outgroup","outgroup",1,0,0,0,0,1,"Out","Out",,1,0,1,0,1,0,1,0,0,"Victim__J_Out__C_Out",0,9,-9,"Hum_x_Ing","Hum_x_Ing__Victim","Hum_x_Ing__Reject","Hum_x_Ing__Victim__Reject",0,1,0,0,0,0,"Victim__J_Out__C_Out__Reject","Victim__J_Out__C_Out__Reject",0,0,0,0,1,0,0,0,0,0,0,0,0,0,0,0,0,0,0,0,0,0,0,0,0,0,0
160,2,2,"victim",0,19,0,1,0,1,0,1,TRUE,1.53571428571429,1.42857142857143,1.625,1.57142857142857,1.5,1,2,2,2,2,1,"Out","Out","outgroup","outgroup",1,0,0,0,1,0,"Out","Out",,1,0,1,0,1,0,1,0,0,"Victim__J_Out__C_Out",0,-9,9,"Hum_x_Ing","Hum_x_Ing__Victim","Hum_x_Ing__Accept","Hum_x_Ing__Victim__Accept",0,1,0,0,0,0,"Victim__J_Out__C_Out__Accept","Victim__J_Out__C_Out__Accept",0,0,0,0,1,0,0,0,0,0,0,0,0,0,0,0,0,0,0,0,0,0,0,0,0,0,0
160,3,1,"victim",0,19,0,1,0,1,0,1,TRUE,1.53571428571429,1.42857142857143,1.625,1.57142857142857,1.5,1,2,1,2,1,1,"Out","In","outgroup","ingroup",1,0,0,0,0,1,"Out","In",,1,0,0,0,1,0,0,0,0,"Victim__J_Out__C_In",0,9,-9,"Hum_x_Ing","Hum_x_Ing__Victim","Hum_x_Ing__Reject","Hum_x_Ing__Victim__Reject",0,1,0,0,0,0,"Victim__J_Out__C_In__Reject","Victim__J_Out__C_In__Reject",0,1,0,0,0,0,0,0,0,0,0,0,0,0,0,0,0,0,0,0,0,0,0,0,0,0,0
160,3,2,"victim",0,19,0,1,0,1,0,1,TRUE,1.53571428571429,1.42857142857143,1.625,1.57142857142857,1.5,1,2,1,1,2,1,"Out","In","ingroup","outgroup",0,0,0,1,1,0,"In","Out",,1,0,0,0,0,0,1,0,0,"Victim__J_In__C_Out",0,-9,9,"Hum_x_Hum","Hum_x_Hum__Victim","Hum_x_Hum__Accept","Hum_x_Hum__Victim__Accept",1,0,0,0,0,0,"Victim__J_In__C_Out__Accept","Victim__J_In__C_Out__Accept",0,0,0,1,0,0,0,0,0,0,0,0,0,0,0,0,0,0,0,0,0,0,0,0,0,0,0
160,7,1,"observer",1,19,0,1,0,1,0,1,TRUE,1.53571428571429,1.42857142857143,1.625,1.57142857142857,1.5,1,2,1,2,1,2,"Out","In","outgroup","ingroup",1,0,1,1,1,0,"Out","In","Out",1,0,0,0,1,0,0,0,1,"Observer__J_Out__C_In__V_Out",0,-9,9,"Ing_x_Ing","Ing_x_Ing__Observer","Ing_x_Ing__Accept","Ing_x_Ing__Observer__Accept",0,0,0,0,1,0,"Observer__J_Out__C_In__V_Out__Accept","Observer__J_Out__C_In__V_Out__Accept",0,0,0,0,0,0,0,0,0,0,0,0,0,0,0,0,0,0,0,1,0,0,0,0,0,0,0
160,7,2,"observer",1,19,0,1,0,1,0,1,TRUE,1.53571428571429,1.42857142857143,1.625,1.57142857142857,1.5,1,2,1,1,2,2,"Out","In","ingroup","outgroup",0,0,1,0,0,1,"In","Out","Out",1,0,0,0,0,0,1,0,1,"Observer__J_In__C_Out__V_Out",0,9,-9,"Ing_x_Hum","Ing_x_Hum__Observer","Ing_x_Hum__Reject","Ing_x_Hum__Observer__Reject",0,0,0,1,0,0,"Observer__J_In__C_Out__V_Out__Reject","Observer__J_In__C_Out__V_Out__Reject",0,0,0,0,0,0,0,0,0,0,0,0,0,0,0,0,0,0,0,0,0,1,0,0,0,0,0
161,1,1,"observer",1,18,3,1,0,1,0,2,TRUE,2.57142857142857,2.14285714285714,3.125,2.57142857142857,2.33333333333333,1,2,1,2,1,2,"Out","In","outgroup","ingroup",1,0,1,1,1,1,"Out","In","Out",1,0,0,0,1,0,0,0,1,"Observer__J_Out__C_In__V_Out",0,-3,3,"Ing_x_Ing","Ing_x_Ing__Observer","Ing_x_Ing__Accept","Ing_x_Ing__Observer__Accept",0,0,0,0,1,0,"Observer__J_Out__C_In__V_Out__Accept","Observer__J_Out__C_In__V_Out__Accept",0,0,0,0,0,0,0,0,0,0,0,0,0,0,0,0,0,0,0,1,0,0,0,0,0,0,0
161,1,2,"observer",1,18,3,1,0,1,0,2,TRUE,2.57142857142857,2.14285714285714,3.125,2.57142857142857,2.33333333333333,1,2,1,1,2,2,"Out","In","ingroup","outgroup",0,0,1,0,1,1,"In","Out","Out",1,0,0,0,0,0,1,0,1,"Observer__J_In__C_Out__V_Out",0,-3,3,"Ing_x_Hum","Ing_x_Hum__Observer","Ing_x_Hum__Accept","Ing_x_Hum__Observer__Accept",0,0,0,1,0,0,"Observer__J_In__C_Out__V_Out__Accept","Observer__J_In__C_Out__V_Out__Accept",0,0,0,0,0,0,0,0,0,0,0,0,0,0,0,0,0,0,0,0,0,1,0,0,0,0,0
161,2,1,"observer",1,18,3,1,0,1,0,2,TRUE,2.57142857142857,2.14285714285714,3.125,2.57142857142857,2.33333333333333,1,2,1,2,1,1,"Out","In","outgroup","ingroup",1,0,0,0,0,0,"Out","In","In",1,0,0,0,1,0,0,0,0,"Observer__J_Out__C_In__V_In",0,3,-3,"Hum_x_Ing","Hum_x_Ing__Observer","Hum_x_Ing__Reject","Hum_x_Ing__Observer__Reject",0,1,0,0,0,0,"Observer__J_Out__C_In__V_In__Reject","Observer__J_Out__C_In__V_In__Reject",0,0,0,0,0,0,0,0,0,0,1,0,0,0,0,0,0,0,0,0,0,0,0,0,0,0,0
161,2,2,"observer",1,18,3,1,0,1,0,2,TRUE,2.57142857142857,2.14285714285714,3.125,2.57142857142857,2.33333333333333,1,2,1,1,2,1,"Out","In","ingroup","outgroup",0,0,0,1,0,0,"In","Out","In",1,0,0,0,0,0,1,0,0,"Observer__J_In__C_Out__V_In",0,3,-3,"Hum_x_Hum","Hum_x_Hum__Observer","Hum_x_Hum__Reject","Hum_x_Hum__Observer__Reject",1,0,0,0,0,0,"Observer__J_In__C_Out__V_In__Reject","Observer__J_In__C_Out__V_In__Reject",0,0,0,0,0,0,0,0,0,0,0,0,1,0,0,0,0,0,0,0,0,0,0,0,0,0,0
161,3,1,"observer",1,18,3,1,0,1,0,2,TRUE,2.57142857142857,2.14285714285714,3.125,2.57142857142857,2.33333333333333,1,1,2,1,2,1,"In","Out","ingroup","outgroup",0,0,0,1,0,0,"In","Out","In",0,0,1,0,0,0,1,0,0,"Observer__J_In__C_Out__V_In",0,3,-3,"Hum_x_Hum","Hum_x_Hum__Observer","Hum_x_Hum__Reject","Hum_x_Hum__Observer__Reject",1,0,0,0,0,0,"Observer__J_In__C_Out__V_In__Reject","Observer__J_In__C_Out__V_In__Reject",0,0,0,0,0,0,0,0,0,0,0,0,1,0,0,0,0,0,0,0,0,0,0,0,0,0,0
161,3,2,"observer",1,18,3,1,0,1,0,2,TRUE,2.57142857142857,2.14285714285714,3.125,2.57142857142857,2.33333333333333,1,1,2,2,1,1,"In","Out","outgroup","ingroup",1,0,0,0,0,0,"Out","In","In",0,0,1,0,1,0,0,0,0,"Observer__J_Out__C_In__V_In",0,3,-3,"Hum_x_Ing","Hum_x_Ing__Observer","Hum_x_Ing__Reject","Hum_x_Ing__Observer__Reject",0,1,0,0,0,0,"Observer__J_Out__C_In__V_In__Reject","Observer__J_Out__C_In__V_In__Reject",0,0,0,0,0,0,0,0,0,0,1,0,0,0,0,0,0,0,0,0,0,0,0,0,0,0,0
161,7,1,"victim",0,18,3,1,0,1,0,2,TRUE,2.57142857142857,2.14285714285714,3.125,2.57142857142857,2.33333333333333,1,2,1,2,1,1,"Out","In","outgroup","ingroup",1,0,0,0,0,0,"Out","In",,1,0,0,0,1,0,0,0,0,"Victim__J_Out__C_In",0,3,-3,"Hum_x_Ing","Hum_x_Ing__Victim","Hum_x_Ing__Reject","Hum_x_Ing__Victim__Reject",0,1,0,0,0,0,"Victim__J_Out__C_In__Reject","Victim__J_Out__C_In__Reject",0,1,0,0,0,0,0,0,0,0,0,0,0,0,0,0,0,0,0,0,0,0,0,0,0,0,0
161,7,2,"victim",0,18,3,1,0,1,0,2,TRUE,2.57142857142857,2.14285714285714,3.125,2.57142857142857,2.33333333333333,1,2,1,1,2,1,"Out","In","ingroup","outgroup",0,0,0,1,0,0,"In","Out",,1,0,0,0,0,0,1,0,0,"Victim__J_In__C_Out",0,3,-3,"Hum_x_Hum","Hum_x_Hum__Victim","Hum_x_Hum__Reject","Hum_x_Hum__Victim__Reject",1,0,0,0,0,0,"Victim__J_In__C_Out__Reject","Victim__J_In__C_Out__Reject",0,0,0,1,0,0,0,0,0,0,0,0,0,0,0,0,0,0,0,0,0,0,0,0,0,0,0
162,2,1,"observer",1,22,2,1,0,2,1,2,TRUE,2.85714285714286,2.71428571428571,2.625,3.42857142857143,2.66666666666667,2,2,2,2,2,1,"In","In","ingroup","ingroup",0,0,1,0,1,0,"In","In","Out",0,0,0,0,0,0,0,0,1,"Observer__J_In__C_In__V_Out",0,-9,9,"Hum_x_Ing","Hum_x_Ing__Observer","Hum_x_Ing__Accept","Hum_x_Ing__Observer__Accept",0,1,0,0,0,0,"Observer__J_In__C_In__V_Out__Accept","Observer__J_In__C_In__V_Out__Accept",0,0,0,0,0,0,0,0,0,0,0,0,0,0,0,0,0,0,1,0,0,0,0,0,0,0,0
162,2,2,"observer",1,22,2,1,0,2,1,2,TRUE,2.85714285714286,2.71428571428571,2.625,3.42857142857143,2.66666666666667,2,2,2,2,2,1,"In","In","ingroup","ingroup",0,0,1,0,0,1,"In","In","Out",0,0,0,0,0,0,0,0,1,"Observer__J_In__C_In__V_Out",0,9,-9,"Hum_x_Ing","Hum_x_Ing__Observer","Hum_x_Ing__Reject","Hum_x_Ing__Observer__Reject",0,1,0,0,0,0,"Observer__J_In__C_In__V_Out__Reject","Observer__J_In__C_In__V_Out__Reject",0,0,0,0,0,0,0,0,0,0,0,0,0,0,0,0,0,0,1,0,0,0,0,0,0,0,0
162,3,1,"observer",1,22,2,1,0,2,1,2,TRUE,2.85714285714286,2.71428571428571,2.625,3.42857142857143,2.66666666666667,2,1,2,1,2,2,"Out","In","outgroup","ingroup",1,0,0,0,1,0,"Out","In","In",1,0,0,0,1,0,0,0,0,"Observer__J_Out__C_In__V_In",0,-9,9,"Ing_x_Hum","Ing_x_Hum__Observer","Ing_x_Hum__Accept","Ing_x_Hum__Observer__Accept",0,0,0,1,0,0,"Observer__J_Out__C_In__V_In__Accept","Observer__J_Out__C_In__V_In__Accept",0,0,0,0,0,0,0,0,0,0,1,0,0,0,0,0,0,0,0,0,0,0,0,0,0,0,0
162,3,2,"observer",1,22,2,1,0,2,1,2,TRUE,2.85714285714286,2.71428571428571,2.625,3.42857142857143,2.66666666666667,2,1,2,2,1,2,"Out","In","ingroup","outgroup",0,0,0,1,0,1,"In","Out","In",1,0,0,0,0,0,1,0,0,"Observer__J_In__C_Out__V_In",0,9,-9,"Ing_x_Ing","Ing_x_Ing__Observer","Ing_x_Ing__Reject","Ing_x_Ing__Observer__Reject",0,0,0,0,1,0,"Observer__J_In__C_Out__V_In__Reject","Observer__J_In__C_Out__V_In__Reject",0,0,0,0,0,0,0,0,0,0,0,0,1,0,0,0,0,0,0,0,0,0,0,0,0,0,0
162,5,1,"observer",1,22,2,1,0,2,1,2,TRUE,2.85714285714286,2.71428571428571,2.625,3.42857142857143,2.66666666666667,2,1,1,1,1,1,"Out","Out","outgroup","outgroup",1,0,1,1,0,1,"Out","Out","Out",1,0,1,0,1,0,1,0,1,"Observer__J_Out__C_Out__V_Out",0,9,-9,"Hum_x_Hum","Hum_x_Hum__Observer","Hum_x_Hum__Reject","Hum_x_Hum__Observer__Reject",1,0,0,0,0,0,"Observer__J_Out__C_Out__V_Out__Reject","Observer__J_Out__C_Out__V_Out__Reject",0,0,0,0,0,0,0,0,0,0,0,0,0,0,0,0,0,0,0,0,0,0,1,0,0,0,0
162,5,2,"observer",1,22,2,1,0,2,1,2,TRUE,2.85714285714286,2.71428571428571,2.625,3.42857142857143,2.66666666666667,2,1,1,1,1,1,"Out","Out","outgroup","outgroup",1,0,1,1,1,0,"Out","Out","Out",1,0,1,0,1,0,1,0,1,"Observer__J_Out__C_Out__V_Out",0,-9,9,"Hum_x_Hum","Hum_x_Hum__Observer","Hum_x_Hum__Accept","Hum_x_Hum__Observer__Accept",1,0,0,0,0,0,"Observer__J_Out__C_Out__V_Out__Accept","Observer__J_Out__C_Out__V_Out__Accept",0,0,0,0,0,0,0,0,0,0,0,0,0,0,0,0,0,0,0,0,0,0,1,0,0,0,0
162,7,1,"victim",0,22,2,1,0,2,1,2,TRUE,2.85714285714286,2.71428571428571,2.625,3.42857142857143,2.66666666666667,2,1,1,1,1,2,"Out","Out","outgroup","outgroup",1,0,0,0,0,1,"Out","Out",,1,0,1,0,1,0,1,0,0,"Victim__J_Out__C_Out",0,9,-9,"Ing_x_Hum","Ing_x_Hum__Victim","Ing_x_Hum__Reject","Ing_x_Hum__Victim__Reject",0,0,0,1,0,0,"Victim__J_Out__C_Out__Reject","Victim__J_Out__C_Out__Reject",0,0,0,0,1,0,0,0,0,0,0,0,0,0,0,0,0,0,0,0,0,0,0,0,0,0,0
162,7,2,"victim",0,22,2,1,0,2,1,2,TRUE,2.85714285714286,2.71428571428571,2.625,3.42857142857143,2.66666666666667,2,1,1,1,1,2,"Out","Out","outgroup","outgroup",1,0,0,0,1,0,"Out","Out",,1,0,1,0,1,0,1,0,0,"Victim__J_Out__C_Out",0,-9,9,"Ing_x_Hum","Ing_x_Hum__Victim","Ing_x_Hum__Accept","Ing_x_Hum__Victim__Accept",0,0,0,1,0,0,"Victim__J_Out__C_Out__Accept","Victim__J_Out__C_Out__Accept",0,0,0,0,1,0,0,0,0,0,0,0,0,0,0,0,0,0,0,0,0,0,0,0,0,0,0
163,1,1,"victim",0,20,0,2,1,2,1,1,TRUE,2.78571428571429,2.28571428571429,2.875,2.85714285714286,3.16666666666667,2,2,2,2,2,2,"In","In","ingroup","ingroup",0,0,0,1,1,1,"In","In",,0,0,0,0,0,0,0,0,0,"Victim__J_In__C_In",0,-5,5,"Ing_x_Ing","Ing_x_Ing__Victim","Ing_x_Ing__Accept","Ing_x_Ing__Victim__Accept",0,0,0,0,1,0,"Victim__J_In__C_In__Accept","Victim__J_In__C_In__Accept",1,0,0,0,0,0,0,0,0,0,0,0,0,0,0,0,0,0,0,0,0,0,0,0,0,0,0
163,1,2,"victim",0,20,0,2,1,2,1,1,TRUE,2.78571428571429,2.28571428571429,2.875,2.85714285714286,3.16666666666667,2,2,2,2,2,2,"In","In","ingroup","ingroup",0,0,0,1,1,1,"In","In",,0,0,0,0,0,0,0,0,0,"Victim__J_In__C_In",0,-5,5,"Ing_x_Ing","Ing_x_Ing__Victim","Ing_x_Ing__Accept","Ing_x_Ing__Victim__Accept",0,0,0,0,1,0,"Victim__J_In__C_In__Accept","Victim__J_In__C_In__Accept",1,0,0,0,0,0,0,0,0,0,0,0,0,0,0,0,0,0,0,0,0,0,0,0,0,0,0
163,5,1,"victim",0,20,0,2,1,2,1,1,TRUE,2.78571428571429,2.28571428571429,2.875,2.85714285714286,3.16666666666667,2,1,2,1,2,2,"Out","In","outgroup","ingroup",1,0,0,0,0,1,"Out","In",,1,0,0,0,1,0,0,0,0,"Victim__J_Out__C_In",0,7,-7,"Ing_x_Hum","Ing_x_Hum__Victim","Ing_x_Hum__Reject","Ing_x_Hum__Victim__Reject",0,0,0,1,0,0,"Victim__J_Out__C_In__Reject","Victim__J_Out__C_In__Reject",0,1,0,0,0,0,0,0,0,0,0,0,0,0,0,0,0,0,0,0,0,0,0,0,0,0,0
163,5,2,"victim",0,20,0,2,1,2,1,1,TRUE,2.78571428571429,2.28571428571429,2.875,2.85714285714286,3.16666666666667,2,1,2,2,1,2,"Out","In","ingroup","outgroup",0,0,0,1,1,0,"In","Out",,1,0,0,0,0,0,1,0,0,"Victim__J_In__C_Out",0,-4,4,"Ing_x_Ing","Ing_x_Ing__Victim","Ing_x_Ing__Accept","Ing_x_Ing__Victim__Accept",0,0,0,0,1,0,"Victim__J_In__C_Out__Accept","Victim__J_In__C_Out__Accept",0,0,0,1,0,0,0,0,0,0,0,0,0,0,0,0,0,0,0,0,0,0,0,0,0,0,0
163,7,1,"observer",1,20,0,2,1,2,1,1,TRUE,2.78571428571429,2.28571428571429,2.875,2.85714285714286,3.16666666666667,2,2,1,2,1,2,"In","Out","ingroup","outgroup",0,0,0,1,0,1,"In","Out","In",0,0,1,0,0,0,1,0,0,"Observer__J_In__C_Out__V_In",0,7,-7,"Ing_x_Ing","Ing_x_Ing__Observer","Ing_x_Ing__Reject","Ing_x_Ing__Observer__Reject",0,0,0,0,1,0,"Observer__J_In__C_Out__V_In__Reject","Observer__J_In__C_Out__V_In__Reject",0,0,0,0,0,0,0,0,0,0,0,0,1,0,0,0,0,0,0,0,0,0,0,0,0,0,0
163,7,2,"observer",1,20,0,2,1,2,1,1,TRUE,2.78571428571429,2.28571428571429,2.875,2.85714285714286,3.16666666666667,2,2,1,1,2,2,"In","Out","outgroup","ingroup",1,0,0,0,1,0,"Out","In","In",0,0,1,0,1,0,0,0,0,"Observer__J_Out__C_In__V_In",0,-4,4,"Ing_x_Hum","Ing_x_Hum__Observer","Ing_x_Hum__Accept","Ing_x_Hum__Observer__Accept",0,0,0,1,0,0,"Observer__J_Out__C_In__V_In__Accept","Observer__J_Out__C_In__V_In__Accept",0,0,0,0,0,0,0,0,0,0,1,0,0,0,0,0,0,0,0,0,0,0,0,0,0,0,0
163,8,1,"observer",1,20,0,2,1,2,1,1,TRUE,2.78571428571429,2.28571428571429,2.875,2.85714285714286,3.16666666666667,2,2,2,2,2,2,"In","In","ingroup","ingroup",0,0,0,1,1,1,"In","In","In",0,0,0,0,0,0,0,0,0,"Observer__J_In__C_In__V_In",0,-4,4,"Ing_x_Ing","Ing_x_Ing__Observer","Ing_x_Ing__Accept","Ing_x_Ing__Observer__Accept",0,0,0,0,1,0,"Observer__J_In__C_In__V_In__Accept","Observer__J_In__C_In__V_In__Accept",0,0,0,0,0,0,0,0,0,1,0,0,0,0,0,0,0,0,0,0,0,0,0,0,0,0,0
163,8,2,"observer",1,20,0,2,1,2,1,1,TRUE,2.78571428571429,2.28571428571429,2.875,2.85714285714286,3.16666666666667,2,2,2,2,2,2,"In","In","ingroup","ingroup",0,0,0,1,1,1,"In","In","In",0,0,0,0,0,0,0,0,0,"Observer__J_In__C_In__V_In",0,-4,4,"Ing_x_Ing","Ing_x_Ing__Observer","Ing_x_Ing__Accept","Ing_x_Ing__Observer__Accept",0,0,0,0,1,0,"Observer__J_In__C_In__V_In__Accept","Observer__J_In__C_In__V_In__Accept",0,0,0,0,0,0,0,0,0,1,0,0,0,0,0,0,0,0,0,0,0,0,0,0,0,0,0
163,10,1,"observer",1,20,0,2,1,2,1,1,TRUE,2.78571428571429,2.28571428571429,2.875,2.85714285714286,3.16666666666667,2,2,1,2,1,1,"In","Out","ingroup","outgroup",0,0,1,0,0,1,"In","Out","Out",0,0,1,0,0,0,1,0,1,"Observer__J_In__C_Out__V_Out",0,7,-7,"Hum_x_Ing","Hum_x_Ing__Observer","Hum_x_Ing__Reject","Hum_x_Ing__Observer__Reject",0,1,0,0,0,0,"Observer__J_In__C_Out__V_Out__Reject","Observer__J_In__C_Out__V_Out__Reject",0,0,0,0,0,0,0,0,0,0,0,0,0,0,0,0,0,0,0,0,0,1,0,0,0,0,0
163,10,2,"observer",1,20,0,2,1,2,1,1,TRUE,2.78571428571429,2.28571428571429,2.875,2.85714285714286,3.16666666666667,2,2,1,1,2,1,"In","Out","outgroup","ingroup",1,0,1,1,1,0,"Out","In","Out",0,0,1,0,1,0,0,0,1,"Observer__J_Out__C_In__V_Out",0,-4,4,"Hum_x_Hum","Hum_x_Hum__Observer","Hum_x_Hum__Accept","Hum_x_Hum__Observer__Accept",1,0,0,0,0,0,"Observer__J_Out__C_In__V_Out__Accept","Observer__J_Out__C_In__V_Out__Accept",0,0,0,0,0,0,0,0,0,0,0,0,0,0,0,0,0,0,0,1,0,0,0,0,0,0,0
164,1,1,"victim",0,19,1,2,1,2,1,1,TRUE,2.32142857142857,1.85714285714286,2.625,2.42857142857143,2.33333333333333,2,1,2,1,2,2,"Out","In","outgroup","ingroup",1,0,0,0,0,0,"Out","In",,1,0,0,0,1,0,0,0,0,"Victim__J_Out__C_In",0,9,-9,"Ing_x_Hum","Ing_x_Hum__Victim","Ing_x_Hum__Reject","Ing_x_Hum__Victim__Reject",0,0,0,1,0,0,"Victim__J_Out__C_In__Reject","Victim__J_Out__C_In__Reject",0,1,0,0,0,0,0,0,0,0,0,0,0,0,0,0,0,0,0,0,0,0,0,0,0,0,0
164,1,2,"victim",0,19,1,2,1,2,1,1,TRUE,2.32142857142857,1.85714285714286,2.625,2.42857142857143,2.33333333333333,2,1,2,2,1,2,"Out","In","ingroup","outgroup",0,0,0,1,0,0,"In","Out",,1,0,0,0,0,0,1,0,0,"Victim__J_In__C_Out",0,9,-9,"Ing_x_Ing","Ing_x_Ing__Victim","Ing_x_Ing__Reject","Ing_x_Ing__Victim__Reject",0,0,0,0,1,0,"Victim__J_In__C_Out__Reject","Victim__J_In__C_Out__Reject",0,0,0,1,0,0,0,0,0,0,0,0,0,0,0,0,0,0,0,0,0,0,0,0,0,0,0
164,2,1,"victim",0,19,1,2,1,2,1,1,TRUE,2.32142857142857,1.85714285714286,2.625,2.42857142857143,2.33333333333333,2,2,2,2,2,2,"In","In","ingroup","ingroup",0,0,0,1,0,0,"In","In",,0,0,0,0,0,0,0,0,0,"Victim__J_In__C_In",0,9,-9,"Ing_x_Ing","Ing_x_Ing__Victim","Ing_x_Ing__Reject","Ing_x_Ing__Victim__Reject",0,0,0,0,1,0,"Victim__J_In__C_In__Reject","Victim__J_In__C_In__Reject",1,0,0,0,0,0,0,0,0,0,0,0,0,0,0,0,0,0,0,0,0,0,0,0,0,0,0
164,2,2,"victim",0,19,1,2,1,2,1,1,TRUE,2.32142857142857,1.85714285714286,2.625,2.42857142857143,2.33333333333333,2,2,2,2,2,2,"In","In","ingroup","ingroup",0,0,0,1,0,0,"In","In",,0,0,0,0,0,0,0,0,0,"Victim__J_In__C_In",0,9,-9,"Ing_x_Ing","Ing_x_Ing__Victim","Ing_x_Ing__Reject","Ing_x_Ing__Victim__Reject",0,0,0,0,1,0,"Victim__J_In__C_In__Reject","Victim__J_In__C_In__Reject",1,0,0,0,0,0,0,0,0,0,0,0,0,0,0,0,0,0,0,0,0,0,0,0,0,0,0
164,4,1,"victim",0,19,1,2,1,2,1,1,TRUE,2.32142857142857,1.85714285714286,2.625,2.42857142857143,2.33333333333333,2,1,1,1,1,2,"Out","Out","outgroup","outgroup",1,0,0,0,0,0,"Out","Out",,1,0,1,0,1,0,1,0,0,"Victim__J_Out__C_Out",0,9,-9,"Ing_x_Hum","Ing_x_Hum__Victim","Ing_x_Hum__Reject","Ing_x_Hum__Victim__Reject",0,0,0,1,0,0,"Victim__J_Out__C_Out__Reject","Victim__J_Out__C_Out__Reject",0,0,0,0,1,0,0,0,0,0,0,0,0,0,0,0,0,0,0,0,0,0,0,0,0,0,0
164,4,2,"victim",0,19,1,2,1,2,1,1,TRUE,2.32142857142857,1.85714285714286,2.625,2.42857142857143,2.33333333333333,2,1,1,1,1,2,"Out","Out","outgroup","outgroup",1,0,0,0,0,0,"Out","Out",,1,0,1,0,1,0,1,0,0,"Victim__J_Out__C_Out",0,9,-9,"Ing_x_Hum","Ing_x_Hum__Victim","Ing_x_Hum__Reject","Ing_x_Hum__Victim__Reject",0,0,0,1,0,0,"Victim__J_Out__C_Out__Reject","Victim__J_Out__C_Out__Reject",0,0,0,0,1,0,0,0,0,0,0,0,0,0,0,0,0,0,0,0,0,0,0,0,0,0,0
165,2,1,"observer",1,22,2,1,0,2,1,2,TRUE,2.35714285714286,1.85714285714286,2.625,2.42857142857143,2.5,2,2,2,2,2,1,"In","In","ingroup","ingroup",0,0,1,0,0,1,"In","In","Out",0,0,0,0,0,0,0,0,1,"Observer__J_In__C_In__V_Out",0,5,-5,"Hum_x_Ing","Hum_x_Ing__Observer","Hum_x_Ing__Reject","Hum_x_Ing__Observer__Reject",0,1,0,0,0,0,"Observer__J_In__C_In__V_Out__Reject","Observer__J_In__C_In__V_Out__Reject",0,0,0,0,0,0,0,0,0,0,0,0,0,0,0,0,0,0,1,0,0,0,0,0,0,0,0
165,2,2,"observer",1,22,2,1,0,2,1,2,TRUE,2.35714285714286,1.85714285714286,2.625,2.42857142857143,2.5,2,2,2,2,2,1,"In","In","ingroup","ingroup",0,0,1,0,1,0,"In","In","Out",0,0,0,0,0,0,0,0,1,"Observer__J_In__C_In__V_Out",0,-5,5,"Hum_x_Ing","Hum_x_Ing__Observer","Hum_x_Ing__Accept","Hum_x_Ing__Observer__Accept",0,1,0,0,0,0,"Observer__J_In__C_In__V_Out__Accept","Observer__J_In__C_In__V_Out__Accept",0,0,0,0,0,0,0,0,0,0,0,0,0,0,0,0,0,0,1,0,0,0,0,0,0,0,0
165,4,1,"observer",1,22,2,1,0,2,1,2,TRUE,2.35714285714286,1.85714285714286,2.625,2.42857142857143,2.5,2,1,2,1,2,2,"Out","In","outgroup","ingroup",1,0,0,0,0,1,"Out","In","In",1,0,0,0,1,0,0,0,0,"Observer__J_Out__C_In__V_In",0,4,-4,"Ing_x_Hum","Ing_x_Hum__Observer","Ing_x_Hum__Reject","Ing_x_Hum__Observer__Reject",0,0,0,1,0,0,"Observer__J_Out__C_In__V_In__Reject","Observer__J_Out__C_In__V_In__Reject",0,0,0,0,0,0,0,0,0,0,1,0,0,0,0,0,0,0,0,0,0,0,0,0,0,0,0
165,4,2,"observer",1,22,2,1,0,2,1,2,TRUE,2.35714285714286,1.85714285714286,2.625,2.42857142857143,2.5,2,1,2,2,1,2,"Out","In","ingroup","outgroup",0,0,0,1,1,0,"In","Out","In",1,0,0,0,0,0,1,0,0,"Observer__J_In__C_Out__V_In",0,-3,3,"Ing_x_Ing","Ing_x_Ing__Observer","Ing_x_Ing__Accept","Ing_x_Ing__Observer__Accept",0,0,0,0,1,0,"Observer__J_In__C_Out__V_In__Accept","Observer__J_In__C_Out__V_In__Accept",0,0,0,0,0,0,0,0,0,0,0,0,1,0,0,0,0,0,0,0,0,0,0,0,0,0,0
165,6,1,"victim",0,22,2,1,0,2,1,2,TRUE,2.35714285714286,1.85714285714286,2.625,2.42857142857143,2.5,2,2,1,2,1,2,"In","Out","ingroup","outgroup",0,0,0,1,1,1,"In","Out",,0,0,1,0,0,0,1,0,0,"Victim__J_In__C_Out",0,-3,3,"Ing_x_Ing","Ing_x_Ing__Victim","Ing_x_Ing__Accept","Ing_x_Ing__Victim__Accept",0,0,0,0,1,0,"Victim__J_In__C_Out__Accept","Victim__J_In__C_Out__Accept",0,0,0,1,0,0,0,0,0,0,0,0,0,0,0,0,0,0,0,0,0,0,0,0,0,0,0
165,6,2,"victim",0,22,2,1,0,2,1,2,TRUE,2.35714285714286,1.85714285714286,2.625,2.42857142857143,2.5,2,2,1,1,2,2,"In","Out","outgroup","ingroup",1,0,0,0,1,1,"Out","In",,0,0,1,0,1,0,0,0,0,"Victim__J_Out__C_In",0,-3,3,"Ing_x_Hum","Ing_x_Hum__Victim","Ing_x_Hum__Accept","Ing_x_Hum__Victim__Accept",0,0,0,1,0,0,"Victim__J_Out__C_In__Accept","Victim__J_Out__C_In__Accept",0,1,0,0,0,0,0,0,0,0,0,0,0,0,0,0,0,0,0,0,0,0,0,0,0,0,0
166,4,1,"observer",1,19,2,2,1,2,1,2,TRUE,2.39285714285714,2.57142857142857,1.875,3.28571428571429,1.83333333333333,2,2,2,2,2,1,"In","In","ingroup","ingroup",0,0,1,0,1,1,"In","In","Out",0,0,0,0,0,0,0,0,1,"Observer__J_In__C_In__V_Out",0,-6,6,"Hum_x_Ing","Hum_x_Ing__Observer","Hum_x_Ing__Accept","Hum_x_Ing__Observer__Accept",0,1,0,0,0,0,"Observer__J_In__C_In__V_Out__Accept","Observer__J_In__C_In__V_Out__Accept",0,0,0,0,0,0,0,0,0,0,0,0,0,0,0,0,0,0,1,0,0,0,0,0,0,0,0
166,4,2,"observer",1,19,2,2,1,2,1,2,TRUE,2.39285714285714,2.57142857142857,1.875,3.28571428571429,1.83333333333333,2,2,2,2,2,1,"In","In","ingroup","ingroup",0,0,1,0,1,1,"In","In","Out",0,0,0,0,0,0,0,0,1,"Observer__J_In__C_In__V_Out",0,-6,6,"Hum_x_Ing","Hum_x_Ing__Observer","Hum_x_Ing__Accept","Hum_x_Ing__Observer__Accept",0,1,0,0,0,0,"Observer__J_In__C_In__V_Out__Accept","Observer__J_In__C_In__V_Out__Accept",0,0,0,0,0,0,0,0,0,0,0,0,0,0,0,0,0,0,1,0,0,0,0,0,0,0,0
166,6,1,"victim",0,19,2,2,1,2,1,2,TRUE,2.39285714285714,2.57142857142857,1.875,3.28571428571429,1.83333333333333,2,2,1,2,1,2,"In","Out","ingroup","outgroup",0,0,0,1,1,1,"In","Out",,0,0,1,0,0,0,1,0,0,"Victim__J_In__C_Out",0,-5,5,"Ing_x_Ing","Ing_x_Ing__Victim","Ing_x_Ing__Accept","Ing_x_Ing__Victim__Accept",0,0,0,0,1,0,"Victim__J_In__C_Out__Accept","Victim__J_In__C_Out__Accept",0,0,0,1,0,0,0,0,0,0,0,0,0,0,0,0,0,0,0,0,0,0,0,0,0,0,0
166,6,2,"victim",0,19,2,2,1,2,1,2,TRUE,2.39285714285714,2.57142857142857,1.875,3.28571428571429,1.83333333333333,2,2,1,1,2,2,"In","Out","outgroup","ingroup",1,0,0,0,1,1,"Out","In",,0,0,1,0,1,0,0,0,0,"Victim__J_Out__C_In",0,-5,5,"Ing_x_Hum","Ing_x_Hum__Victim","Ing_x_Hum__Accept","Ing_x_Hum__Victim__Accept",0,0,0,1,0,0,"Victim__J_Out__C_In__Accept","Victim__J_Out__C_In__Accept",0,1,0,0,0,0,0,0,0,0,0,0,0,0,0,0,0,0,0,0,0,0,0,0,0,0,0
166,7,1,"victim",0,19,2,2,1,2,1,2,TRUE,2.39285714285714,2.57142857142857,1.875,3.28571428571429,1.83333333333333,2,2,2,2,2,2,"In","In","ingroup","ingroup",0,0,0,1,0,0,"In","In",,0,0,0,0,0,0,0,0,0,"Victim__J_In__C_In",0,9,-9,"Ing_x_Ing","Ing_x_Ing__Victim","Ing_x_Ing__Reject","Ing_x_Ing__Victim__Reject",0,0,0,0,1,0,"Victim__J_In__C_In__Reject","Victim__J_In__C_In__Reject",1,0,0,0,0,0,0,0,0,0,0,0,0,0,0,0,0,0,0,0,0,0,0,0,0,0,0
166,7,2,"victim",0,19,2,2,1,2,1,2,TRUE,2.39285714285714,2.57142857142857,1.875,3.28571428571429,1.83333333333333,2,2,2,2,2,2,"In","In","ingroup","ingroup",0,0,0,1,0,0,"In","In",,0,0,0,0,0,0,0,0,0,"Victim__J_In__C_In",0,9,-9,"Ing_x_Ing","Ing_x_Ing__Victim","Ing_x_Ing__Reject","Ing_x_Ing__Victim__Reject",0,0,0,0,1,0,"Victim__J_In__C_In__Reject","Victim__J_In__C_In__Reject",1,0,0,0,0,0,0,0,0,0,0,0,0,0,0,0,0,0,0,0,0,0,0,0,0,0,0
167,2,1,"victim",0,21,1,1,0,2,1,1,TRUE,2.14285714285714,1.85714285714286,2.25,2.14285714285714,2.33333333333333,2,1,2,1,2,2,"Out","In","outgroup","ingroup",1,0,0,0,0,1,"Out","In",,1,0,0,0,1,0,0,0,0,"Victim__J_Out__C_In",0,-5,5,"Ing_x_Hum","Ing_x_Hum__Victim","Ing_x_Hum__Reject","Ing_x_Hum__Victim__Reject",0,0,0,1,0,0,"Victim__J_Out__C_In__Reject","Victim__J_Out__C_In__Reject",0,1,0,0,0,0,0,0,0,0,0,0,0,0,0,0,0,0,0,0,0,0,0,0,0,0,0
167,2,2,"victim",0,21,1,1,0,2,1,1,TRUE,2.14285714285714,1.85714285714286,2.25,2.14285714285714,2.33333333333333,2,1,2,2,1,2,"Out","In","ingroup","outgroup",0,0,0,1,1,0,"In","Out",,1,0,0,0,0,0,1,0,0,"Victim__J_In__C_Out",0,4,-4,"Ing_x_Ing","Ing_x_Ing__Victim","Ing_x_Ing__Accept","Ing_x_Ing__Victim__Accept",0,0,0,0,1,0,"Victim__J_In__C_Out__Accept","Victim__J_In__C_Out__Accept",0,0,0,1,0,0,0,0,0,0,0,0,0,0,0,0,0,0,0,0,0,0,0,0,0,0,0
167,3,1,"victim",0,21,1,1,0,2,1,1,TRUE,2.14285714285714,1.85714285714286,2.25,2.14285714285714,2.33333333333333,2,2,1,2,1,2,"In","Out","ingroup","outgroup",0,0,0,1,0,1,"In","Out",,0,0,1,0,0,0,1,0,0,"Victim__J_In__C_Out",0,6,-6,"Ing_x_Ing","Ing_x_Ing__Victim","Ing_x_Ing__Reject","Ing_x_Ing__Victim__Reject",0,0,0,0,1,0,"Victim__J_In__C_Out__Reject","Victim__J_In__C_Out__Reject",0,0,0,1,0,0,0,0,0,0,0,0,0,0,0,0,0,0,0,0,0,0,0,0,0,0,0
167,3,2,"victim",0,21,1,1,0,2,1,1,TRUE,2.14285714285714,1.85714285714286,2.25,2.14285714285714,2.33333333333333,2,2,1,1,2,2,"In","Out","outgroup","ingroup",1,0,0,0,1,0,"Out","In",,0,0,1,0,1,0,0,0,0,"Victim__J_Out__C_In",0,-5,5,"Ing_x_Hum","Ing_x_Hum__Victim","Ing_x_Hum__Accept","Ing_x_Hum__Victim__Accept",0,0,0,1,0,0,"Victim__J_Out__C_In__Accept","Victim__J_Out__C_In__Accept",0,1,0,0,0,0,0,0,0,0,0,0,0,0,0,0,0,0,0,0,0,0,0,0,0,0,0
167,6,1,"observer",1,21,1,1,0,2,1,1,TRUE,2.14285714285714,1.85714285714286,2.25,2.14285714285714,2.33333333333333,2,1,2,1,2,2,"Out","In","outgroup","ingroup",1,0,0,0,1,0,"Out","In","In",1,0,0,0,1,0,0,0,0,"Observer__J_Out__C_In__V_In",0,0,0,"Ing_x_Hum","Ing_x_Hum__Observer","Ing_x_Hum__Accept","Ing_x_Hum__Observer__Accept",0,0,0,1,0,0,"Observer__J_Out__C_In__V_In__Accept","Observer__J_Out__C_In__V_In__Accept",0,0,0,0,0,0,0,0,0,0,1,0,0,0,0,0,0,0,0,0,0,0,0,0,0,0,0
167,6,2,"observer",1,21,1,1,0,2,1,1,TRUE,2.14285714285714,1.85714285714286,2.25,2.14285714285714,2.33333333333333,2,1,2,2,1,2,"Out","In","ingroup","outgroup",0,0,0,1,0,1,"In","Out","In",1,0,0,0,0,0,1,0,0,"Observer__J_In__C_Out__V_In",0,0,0,"Ing_x_Ing","Ing_x_Ing__Observer","Ing_x_Ing__Reject","Ing_x_Ing__Observer__Reject",0,0,0,0,1,0,"Observer__J_In__C_Out__V_In__Reject","Observer__J_In__C_Out__V_In__Reject",0,0,0,0,0,0,0,0,0,0,0,0,1,0,0,0,0,0,0,0,0,0,0,0,0,0,0
168,2,1,"observer",1,24,2,1,0,1,0,2,TRUE,2.85714285714286,2.42857142857143,3,3.42857142857143,2.5,1,2,1,2,1,1,"Out","In","outgroup","ingroup",1,0,0,0,0,0,"Out","In","In",1,0,0,0,1,0,0,0,0,"Observer__J_Out__C_In__V_In",0,9,-9,"Hum_x_Ing","Hum_x_Ing__Observer","Hum_x_Ing__Reject","Hum_x_Ing__Observer__Reject",0,1,0,0,0,0,"Observer__J_Out__C_In__V_In__Reject","Observer__J_Out__C_In__V_In__Reject",0,0,0,0,0,0,0,0,0,0,1,0,0,0,0,0,0,0,0,0,0,0,0,0,0,0,0
168,2,2,"observer",1,24,2,1,0,1,0,2,TRUE,2.85714285714286,2.42857142857143,3,3.42857142857143,2.5,1,2,1,1,2,1,"Out","In","ingroup","outgroup",0,0,0,1,0,0,"In","Out","In",1,0,0,0,0,0,1,0,0,"Observer__J_In__C_Out__V_In",0,9,-9,"Hum_x_Hum","Hum_x_Hum__Observer","Hum_x_Hum__Reject","Hum_x_Hum__Observer__Reject",1,0,0,0,0,0,"Observer__J_In__C_Out__V_In__Reject","Observer__J_In__C_Out__V_In__Reject",0,0,0,0,0,0,0,0,0,0,0,0,1,0,0,0,0,0,0,0,0,0,0,0,0,0,0
168,5,1,"observer",1,24,2,1,0,1,0,2,TRUE,2.85714285714286,2.42857142857143,3,3.42857142857143,2.5,1,2,2,2,2,1,"Out","Out","outgroup","outgroup",1,0,0,0,1,0,"Out","Out","In",1,0,1,0,1,0,1,0,0,"Observer__J_Out__C_Out__V_In",0,-9,9,"Hum_x_Ing","Hum_x_Ing__Observer","Hum_x_Ing__Accept","Hum_x_Ing__Observer__Accept",0,1,0,0,0,0,"Observer__J_Out__C_Out__V_In__Accept","Observer__J_Out__C_Out__V_In__Accept",0,0,0,0,0,0,0,0,0,0,0,0,0,1,0,0,0,0,0,0,0,0,0,0,0,0,0
168,5,2,"observer",1,24,2,1,0,1,0,2,TRUE,2.85714285714286,2.42857142857143,3,3.42857142857143,2.5,1,2,2,2,2,1,"Out","Out","outgroup","outgroup",1,0,0,0,0,1,"Out","Out","In",1,0,1,0,1,0,1,0,0,"Observer__J_Out__C_Out__V_In",0,9,-9,"Hum_x_Ing","Hum_x_Ing__Observer","Hum_x_Ing__Reject","Hum_x_Ing__Observer__Reject",0,1,0,0,0,0,"Observer__J_Out__C_Out__V_In__Reject","Observer__J_Out__C_Out__V_In__Reject",0,0,0,0,0,0,0,0,0,0,0,0,0,1,0,0,0,0,0,0,0,0,0,0,0,0,0
168,7,1,"victim",0,24,2,1,0,1,0,2,TRUE,2.85714285714286,2.42857142857143,3,3.42857142857143,2.5,1,1,1,1,1,1,"In","In","ingroup","ingroup",0,0,0,1,1,0,"In","In",,0,0,0,0,0,0,0,0,0,"Victim__J_In__C_In",0,-9,9,"Hum_x_Hum","Hum_x_Hum__Victim","Hum_x_Hum__Accept","Hum_x_Hum__Victim__Accept",1,0,0,0,0,0,"Victim__J_In__C_In__Accept","Victim__J_In__C_In__Accept",1,0,0,0,0,0,0,0,0,0,0,0,0,0,0,0,0,0,0,0,0,0,0,0,0,0,0
168,7,2,"victim",0,24,2,1,0,1,0,2,TRUE,2.85714285714286,2.42857142857143,3,3.42857142857143,2.5,1,1,1,1,1,1,"In","In","ingroup","ingroup",0,0,0,1,0,1,"In","In",,0,0,0,0,0,0,0,0,0,"Victim__J_In__C_In",0,9,-9,"Hum_x_Hum","Hum_x_Hum__Victim","Hum_x_Hum__Reject","Hum_x_Hum__Victim__Reject",1,0,0,0,0,0,"Victim__J_In__C_In__Reject","Victim__J_In__C_In__Reject",1,0,0,0,0,0,0,0,0,0,0,0,0,0,0,0,0,0,0,0,0,0,0,0,0,0,0
169,1,1,"victim",0,18,1,2,1,2,1,1,TRUE,2.21428571428571,1.57142857142857,2.5,2.57142857142857,2.16666666666667,2,2,1,2,1,2,"In","Out","ingroup","outgroup",0,0,0,1,0,0,"In","Out",,0,0,1,0,0,0,1,0,0,"Victim__J_In__C_Out",0,9,-9,"Ing_x_Ing","Ing_x_Ing__Victim","Ing_x_Ing__Reject","Ing_x_Ing__Victim__Reject",0,0,0,0,1,0,"Victim__J_In__C_Out__Reject","Victim__J_In__C_Out__Reject",0,0,0,1,0,0,0,0,0,0,0,0,0,0,0,0,0,0,0,0,0,0,0,0,0,0,0
169,1,2,"victim",0,18,1,2,1,2,1,1,TRUE,2.21428571428571,1.57142857142857,2.5,2.57142857142857,2.16666666666667,2,2,1,1,2,2,"In","Out","outgroup","ingroup",1,0,0,0,0,0,"Out","In",,0,0,1,0,1,0,0,0,0,"Victim__J_Out__C_In",0,9,-9,"Ing_x_Hum","Ing_x_Hum__Victim","Ing_x_Hum__Reject","Ing_x_Hum__Victim__Reject",0,0,0,1,0,0,"Victim__J_Out__C_In__Reject","Victim__J_Out__C_In__Reject",0,1,0,0,0,0,0,0,0,0,0,0,0,0,0,0,0,0,0,0,0,0,0,0,0,0,0
169,2,1,"victim",0,18,1,2,1,2,1,1,TRUE,2.21428571428571,1.57142857142857,2.5,2.57142857142857,2.16666666666667,2,2,1,2,1,2,"In","Out","ingroup","outgroup",0,0,0,1,0,1,"In","Out",,0,0,1,0,0,0,1,0,0,"Victim__J_In__C_Out",0,9,-9,"Ing_x_Ing","Ing_x_Ing__Victim","Ing_x_Ing__Reject","Ing_x_Ing__Victim__Reject",0,0,0,0,1,0,"Victim__J_In__C_Out__Reject","Victim__J_In__C_Out__Reject",0,0,0,1,0,0,0,0,0,0,0,0,0,0,0,0,0,0,0,0,0,0,0,0,0,0,0
169,2,2,"victim",0,18,1,2,1,2,1,1,TRUE,2.21428571428571,1.57142857142857,2.5,2.57142857142857,2.16666666666667,2,2,1,1,2,2,"In","Out","outgroup","ingroup",1,0,0,0,1,0,"Out","In",,0,0,1,0,1,0,0,0,0,"Victim__J_Out__C_In",0,-6,6,"Ing_x_Hum","Ing_x_Hum__Victim","Ing_x_Hum__Accept","Ing_x_Hum__Victim__Accept",0,0,0,1,0,0,"Victim__J_Out__C_In__Accept","Victim__J_Out__C_In__Accept",0,1,0,0,0,0,0,0,0,0,0,0,0,0,0,0,0,0,0,0,0,0,0,0,0,0,0
169,5,1,"victim",0,18,1,2,1,2,1,1,TRUE,2.21428571428571,1.57142857142857,2.5,2.57142857142857,2.16666666666667,2,1,1,1,1,2,"Out","Out","outgroup","outgroup",1,0,0,0,1,1,"Out","Out",,1,0,1,0,1,0,1,0,0,"Victim__J_Out__C_Out",0,-8,8,"Ing_x_Hum","Ing_x_Hum__Victim","Ing_x_Hum__Accept","Ing_x_Hum__Victim__Accept",0,0,0,1,0,0,"Victim__J_Out__C_Out__Accept","Victim__J_Out__C_Out__Accept",0,0,0,0,1,0,0,0,0,0,0,0,0,0,0,0,0,0,0,0,0,0,0,0,0,0,0
169,5,2,"victim",0,18,1,2,1,2,1,1,TRUE,2.21428571428571,1.57142857142857,2.5,2.57142857142857,2.16666666666667,2,1,1,1,1,2,"Out","Out","outgroup","outgroup",1,0,0,0,1,1,"Out","Out",,1,0,1,0,1,0,1,0,0,"Victim__J_Out__C_Out",0,-8,8,"Ing_x_Hum","Ing_x_Hum__Victim","Ing_x_Hum__Accept","Ing_x_Hum__Victim__Accept",0,0,0,1,0,0,"Victim__J_Out__C_Out__Accept","Victim__J_Out__C_Out__Accept",0,0,0,0,1,0,0,0,0,0,0,0,0,0,0,0,0,0,0,0,0,0,0,0,0,0,0
170,3,1,"observer",1,18,3,2,1,2,1,2,TRUE,1.53571428571429,0.714285714285714,1.75,2,1.66666666666667,2,1,1,1,1,2,"Out","Out","outgroup","outgroup",1,0,0,0,0,0,"Out","Out","In",1,0,1,0,1,0,1,0,0,"Observer__J_Out__C_Out__V_In",0,9,-9,"Ing_x_Hum","Ing_x_Hum__Observer","Ing_x_Hum__Reject","Ing_x_Hum__Observer__Reject",0,0,0,1,0,0,"Observer__J_Out__C_Out__V_In__Reject","Observer__J_Out__C_Out__V_In__Reject",0,0,0,0,0,0,0,0,0,0,0,0,0,1,0,0,0,0,0,0,0,0,0,0,0,0,0
170,3,2,"observer",1,18,3,2,1,2,1,2,TRUE,1.53571428571429,0.714285714285714,1.75,2,1.66666666666667,2,1,1,1,1,2,"Out","Out","outgroup","outgroup",1,0,0,0,0,0,"Out","Out","In",1,0,1,0,1,0,1,0,0,"Observer__J_Out__C_Out__V_In",0,9,-9,"Ing_x_Hum","Ing_x_Hum__Observer","Ing_x_Hum__Reject","Ing_x_Hum__Observer__Reject",0,0,0,1,0,0,"Observer__J_Out__C_Out__V_In__Reject","Observer__J_Out__C_Out__V_In__Reject",0,0,0,0,0,0,0,0,0,0,0,0,0,1,0,0,0,0,0,0,0,0,0,0,0,0,0
170,5,1,"observer",1,18,3,2,1,2,1,2,TRUE,1.53571428571429,0.714285714285714,1.75,2,1.66666666666667,2,2,2,2,2,1,"In","In","ingroup","ingroup",0,0,1,0,0,0,"In","In","Out",0,0,0,0,0,0,0,0,1,"Observer__J_In__C_In__V_Out",0,9,-9,"Hum_x_Ing","Hum_x_Ing__Observer","Hum_x_Ing__Reject","Hum_x_Ing__Observer__Reject",0,1,0,0,0,0,"Observer__J_In__C_In__V_Out__Reject","Observer__J_In__C_In__V_Out__Reject",0,0,0,0,0,0,0,0,0,0,0,0,0,0,0,0,0,0,1,0,0,0,0,0,0,0,0
170,5,2,"observer",1,18,3,2,1,2,1,2,TRUE,1.53571428571429,0.714285714285714,1.75,2,1.66666666666667,2,2,2,2,2,1,"In","In","ingroup","ingroup",0,0,1,0,0,0,"In","In","Out",0,0,0,0,0,0,0,0,1,"Observer__J_In__C_In__V_Out",0,9,-9,"Hum_x_Ing","Hum_x_Ing__Observer","Hum_x_Ing__Reject","Hum_x_Ing__Observer__Reject",0,1,0,0,0,0,"Observer__J_In__C_In__V_Out__Reject","Observer__J_In__C_In__V_Out__Reject",0,0,0,0,0,0,0,0,0,0,0,0,0,0,0,0,0,0,1,0,0,0,0,0,0,0,0
171,1,1,"victim",0,23,3,1,0,1,0,1,TRUE,2.14285714285714,1.71428571428571,2.625,2.14285714285714,2,1,1,1,1,1,1,"In","In","ingroup","ingroup",0,0,0,1,0,0,"In","In",,0,0,0,0,0,0,0,0,0,"Victim__J_In__C_In",0,0,0,"Hum_x_Hum","Hum_x_Hum__Victim","Hum_x_Hum__Reject","Hum_x_Hum__Victim__Reject",1,0,0,0,0,0,"Victim__J_In__C_In__Reject","Victim__J_In__C_In__Reject",1,0,0,0,0,0,0,0,0,0,0,0,0,0,0,0,0,0,0,0,0,0,0,0,0,0,0
171,1,2,"victim",0,23,3,1,0,1,0,1,TRUE,2.14285714285714,1.71428571428571,2.625,2.14285714285714,2,1,1,1,1,1,1,"In","In","ingroup","ingroup",0,0,0,1,0,0,"In","In",,0,0,0,0,0,0,0,0,0,"Victim__J_In__C_In",0,0,0,"Hum_x_Hum","Hum_x_Hum__Victim","Hum_x_Hum__Reject","Hum_x_Hum__Victim__Reject",1,0,0,0,0,0,"Victim__J_In__C_In__Reject","Victim__J_In__C_In__Reject",1,0,0,0,0,0,0,0,0,0,0,0,0,0,0,0,0,0,0,0,0,0,0,0,0,0,0
171,2,1,"victim",0,23,3,1,0,1,0,1,TRUE,2.14285714285714,1.71428571428571,2.625,2.14285714285714,2,1,2,2,2,2,1,"Out","Out","outgroup","outgroup",1,0,0,0,1,1,"Out","Out",,1,0,1,0,1,0,1,0,0,"Victim__J_Out__C_Out",0,0,0,"Hum_x_Ing","Hum_x_Ing__Victim","Hum_x_Ing__Accept","Hum_x_Ing__Victim__Accept",0,1,0,0,0,0,"Victim__J_Out__C_Out__Accept","Victim__J_Out__C_Out__Accept",0,0,0,0,1,0,0,0,0,0,0,0,0,0,0,0,0,0,0,0,0,0,0,0,0,0,0
171,2,2,"victim",0,23,3,1,0,1,0,1,TRUE,2.14285714285714,1.71428571428571,2.625,2.14285714285714,2,1,2,2,2,2,1,"Out","Out","outgroup","outgroup",1,0,0,0,1,1,"Out","Out",,1,0,1,0,1,0,1,0,0,"Victim__J_Out__C_Out",0,0,0,"Hum_x_Ing","Hum_x_Ing__Victim","Hum_x_Ing__Accept","Hum_x_Ing__Victim__Accept",0,1,0,0,0,0,"Victim__J_Out__C_Out__Accept","Victim__J_Out__C_Out__Accept",0,0,0,0,1,0,0,0,0,0,0,0,0,0,0,0,0,0,0,0,0,0,0,0,0,0,0
171,3,1,"victim",0,23,3,1,0,1,0,1,TRUE,2.14285714285714,1.71428571428571,2.625,2.14285714285714,2,1,2,1,2,1,1,"Out","In","outgroup","ingroup",1,0,0,0,1,0,"Out","In",,1,0,0,0,1,0,0,0,0,"Victim__J_Out__C_In",0,0,0,"Hum_x_Ing","Hum_x_Ing__Victim","Hum_x_Ing__Accept","Hum_x_Ing__Victim__Accept",0,1,0,0,0,0,"Victim__J_Out__C_In__Accept","Victim__J_Out__C_In__Accept",0,1,0,0,0,0,0,0,0,0,0,0,0,0,0,0,0,0,0,0,0,0,0,0,0,0,0
171,3,2,"victim",0,23,3,1,0,1,0,1,TRUE,2.14285714285714,1.71428571428571,2.625,2.14285714285714,2,1,2,1,1,2,1,"Out","In","ingroup","outgroup",0,0,0,1,0,1,"In","Out",,1,0,0,0,0,0,1,0,0,"Victim__J_In__C_Out",0,0,0,"Hum_x_Hum","Hum_x_Hum__Victim","Hum_x_Hum__Reject","Hum_x_Hum__Victim__Reject",1,0,0,0,0,0,"Victim__J_In__C_Out__Reject","Victim__J_In__C_Out__Reject",0,0,0,1,0,0,0,0,0,0,0,0,0,0,0,0,0,0,0,0,0,0,0,0,0,0,0
171,4,1,"victim",0,23,3,1,0,1,0,1,TRUE,2.14285714285714,1.71428571428571,2.625,2.14285714285714,2,1,1,1,1,1,1,"In","In","ingroup","ingroup",0,0,0,1,0,0,"In","In",,0,0,0,0,0,0,0,0,0,"Victim__J_In__C_In",0,0,0,"Hum_x_Hum","Hum_x_Hum__Victim","Hum_x_Hum__Reject","Hum_x_Hum__Victim__Reject",1,0,0,0,0,0,"Victim__J_In__C_In__Reject","Victim__J_In__C_In__Reject",1,0,0,0,0,0,0,0,0,0,0,0,0,0,0,0,0,0,0,0,0,0,0,0,0,0,0
171,4,2,"victim",0,23,3,1,0,1,0,1,TRUE,2.14285714285714,1.71428571428571,2.625,2.14285714285714,2,1,1,1,1,1,1,"In","In","ingroup","ingroup",0,0,0,1,0,0,"In","In",,0,0,0,0,0,0,0,0,0,"Victim__J_In__C_In",0,0,0,"Hum_x_Hum","Hum_x_Hum__Victim","Hum_x_Hum__Reject","Hum_x_Hum__Victim__Reject",1,0,0,0,0,0,"Victim__J_In__C_In__Reject","Victim__J_In__C_In__Reject",1,0,0,0,0,0,0,0,0,0,0,0,0,0,0,0,0,0,0,0,0,0,0,0,0,0,0
171,6,1,"observer",1,23,3,1,0,1,0,1,TRUE,2.14285714285714,1.71428571428571,2.625,2.14285714285714,2,1,1,2,1,2,2,"In","Out","ingroup","outgroup",0,0,1,0,0,1,"In","Out","Out",0,0,1,0,0,0,1,0,1,"Observer__J_In__C_Out__V_Out",0,0,0,"Ing_x_Hum","Ing_x_Hum__Observer","Ing_x_Hum__Reject","Ing_x_Hum__Observer__Reject",0,0,0,1,0,0,"Observer__J_In__C_Out__V_Out__Reject","Observer__J_In__C_Out__V_Out__Reject",0,0,0,0,0,0,0,0,0,0,0,0,0,0,0,0,0,0,0,0,0,1,0,0,0,0,0
171,6,2,"observer",1,23,3,1,0,1,0,1,TRUE,2.14285714285714,1.71428571428571,2.625,2.14285714285714,2,1,1,2,2,1,2,"In","Out","outgroup","ingroup",1,0,1,1,1,0,"Out","In","Out",0,0,1,0,1,0,0,0,1,"Observer__J_Out__C_In__V_Out",0,0,0,"Ing_x_Ing","Ing_x_Ing__Observer","Ing_x_Ing__Accept","Ing_x_Ing__Observer__Accept",0,0,0,0,1,0,"Observer__J_Out__C_In__V_Out__Accept","Observer__J_Out__C_In__V_Out__Accept",0,0,0,0,0,0,0,0,0,0,0,0,0,0,0,0,0,0,0,1,0,0,0,0,0,0,0
171,7,1,"observer",1,23,3,1,0,1,0,1,TRUE,2.14285714285714,1.71428571428571,2.625,2.14285714285714,2,1,2,2,2,2,1,"Out","Out","outgroup","outgroup",1,0,0,0,0,0,"Out","Out","In",1,0,1,0,1,0,1,0,0,"Observer__J_Out__C_Out__V_In",0,5,-5,"Hum_x_Ing","Hum_x_Ing__Observer","Hum_x_Ing__Reject","Hum_x_Ing__Observer__Reject",0,1,0,0,0,0,"Observer__J_Out__C_Out__V_In__Reject","Observer__J_Out__C_Out__V_In__Reject",0,0,0,0,0,0,0,0,0,0,0,0,0,1,0,0,0,0,0,0,0,0,0,0,0,0,0
171,7,2,"observer",1,23,3,1,0,1,0,1,TRUE,2.14285714285714,1.71428571428571,2.625,2.14285714285714,2,1,2,2,2,2,1,"Out","Out","outgroup","outgroup",1,0,0,0,0,0,"Out","Out","In",1,0,1,0,1,0,1,0,0,"Observer__J_Out__C_Out__V_In",0,5,-5,"Hum_x_Ing","Hum_x_Ing__Observer","Hum_x_Ing__Reject","Hum_x_Ing__Observer__Reject",0,1,0,0,0,0,"Observer__J_Out__C_Out__V_In__Reject","Observer__J_Out__C_Out__V_In__Reject",0,0,0,0,0,0,0,0,0,0,0,0,0,1,0,0,0,0,0,0,0,0,0,0,0,0,0
171,10,1,"observer",1,23,3,1,0,1,0,1,TRUE,2.14285714285714,1.71428571428571,2.625,2.14285714285714,2,1,2,1,2,1,1,"Out","In","outgroup","ingroup",1,0,0,0,1,1,"Out","In","In",1,0,0,0,1,0,0,0,0,"Observer__J_Out__C_In__V_In",0,0,0,"Hum_x_Ing","Hum_x_Ing__Observer","Hum_x_Ing__Accept","Hum_x_Ing__Observer__Accept",0,1,0,0,0,0,"Observer__J_Out__C_In__V_In__Accept","Observer__J_Out__C_In__V_In__Accept",0,0,0,0,0,0,0,0,0,0,1,0,0,0,0,0,0,0,0,0,0,0,0,0,0,0,0
171,10,2,"observer",1,23,3,1,0,1,0,1,TRUE,2.14285714285714,1.71428571428571,2.625,2.14285714285714,2,1,2,1,1,2,1,"Out","In","ingroup","outgroup",0,0,0,1,1,1,"In","Out","In",1,0,0,0,0,0,1,0,0,"Observer__J_In__C_Out__V_In",0,0,0,"Hum_x_Hum","Hum_x_Hum__Observer","Hum_x_Hum__Accept","Hum_x_Hum__Observer__Accept",1,0,0,0,0,0,"Observer__J_In__C_Out__V_In__Accept","Observer__J_In__C_Out__V_In__Accept",0,0,0,0,0,0,0,0,0,0,0,0,1,0,0,0,0,0,0,0,0,0,0,0,0,0,0
172,3,1,"victim",0,18,3,2,1,2,1,1,TRUE,1.89285714285714,1.14285714285714,1.75,2.28571428571429,2.5,2,2,2,2,2,2,"In","In","ingroup","ingroup",0,0,0,1,0,0,"In","In",,0,0,0,0,0,0,0,0,0,"Victim__J_In__C_In",0,9,-9,"Ing_x_Ing","Ing_x_Ing__Victim","Ing_x_Ing__Reject","Ing_x_Ing__Victim__Reject",0,0,0,0,1,0,"Victim__J_In__C_In__Reject","Victim__J_In__C_In__Reject",1,0,0,0,0,0,0,0,0,0,0,0,0,0,0,0,0,0,0,0,0,0,0,0,0,0,0
172,3,2,"victim",0,18,3,2,1,2,1,1,TRUE,1.89285714285714,1.14285714285714,1.75,2.28571428571429,2.5,2,2,2,2,2,2,"In","In","ingroup","ingroup",0,0,0,1,0,0,"In","In",,0,0,0,0,0,0,0,0,0,"Victim__J_In__C_In",0,9,-9,"Ing_x_Ing","Ing_x_Ing__Victim","Ing_x_Ing__Reject","Ing_x_Ing__Victim__Reject",0,0,0,0,1,0,"Victim__J_In__C_In__Reject","Victim__J_In__C_In__Reject",1,0,0,0,0,0,0,0,0,0,0,0,0,0,0,0,0,0,0,0,0,0,0,0,0,0,0
172,6,1,"observer",1,18,3,2,1,2,1,1,TRUE,1.89285714285714,1.14285714285714,1.75,2.28571428571429,2.5,2,2,1,2,1,2,"In","Out","ingroup","outgroup",0,0,0,1,0,0,"In","Out","In",0,0,1,0,0,0,1,0,0,"Observer__J_In__C_Out__V_In",0,2,-2,"Ing_x_Ing","Ing_x_Ing__Observer","Ing_x_Ing__Reject","Ing_x_Ing__Observer__Reject",0,0,0,0,1,0,"Observer__J_In__C_Out__V_In__Reject","Observer__J_In__C_Out__V_In__Reject",0,0,0,0,0,0,0,0,0,0,0,0,1,0,0,0,0,0,0,0,0,0,0,0,0,0,0
172,6,2,"observer",1,18,3,2,1,2,1,1,TRUE,1.89285714285714,1.14285714285714,1.75,2.28571428571429,2.5,2,2,1,1,2,2,"In","Out","outgroup","ingroup",1,0,0,0,0,0,"Out","In","In",0,0,1,0,1,0,0,0,0,"Observer__J_Out__C_In__V_In",0,2,-2,"Ing_x_Hum","Ing_x_Hum__Observer","Ing_x_Hum__Reject","Ing_x_Hum__Observer__Reject",0,0,0,1,0,0,"Observer__J_Out__C_In__V_In__Reject","Observer__J_Out__C_In__V_In__Reject",0,0,0,0,0,0,0,0,0,0,1,0,0,0,0,0,0,0,0,0,0,0,0,0,0,0,0
172,7,1,"observer",1,18,3,2,1,2,1,1,TRUE,1.89285714285714,1.14285714285714,1.75,2.28571428571429,2.5,2,2,1,2,1,1,"In","Out","ingroup","outgroup",0,0,1,0,0,1,"In","Out","Out",0,0,1,0,0,0,1,0,1,"Observer__J_In__C_Out__V_Out",0,2,-2,"Hum_x_Ing","Hum_x_Ing__Observer","Hum_x_Ing__Reject","Hum_x_Ing__Observer__Reject",0,1,0,0,0,0,"Observer__J_In__C_Out__V_Out__Reject","Observer__J_In__C_Out__V_Out__Reject",0,0,0,0,0,0,0,0,0,0,0,0,0,0,0,0,0,0,0,0,0,1,0,0,0,0,0
172,7,2,"observer",1,18,3,2,1,2,1,1,TRUE,1.89285714285714,1.14285714285714,1.75,2.28571428571429,2.5,2,2,1,1,2,1,"In","Out","outgroup","ingroup",1,0,1,1,1,0,"Out","In","Out",0,0,1,0,1,0,0,0,1,"Observer__J_Out__C_In__V_Out",0,-2,2,"Hum_x_Hum","Hum_x_Hum__Observer","Hum_x_Hum__Accept","Hum_x_Hum__Observer__Accept",1,0,0,0,0,0,"Observer__J_Out__C_In__V_Out__Accept","Observer__J_Out__C_In__V_Out__Accept",0,0,0,0,0,0,0,0,0,0,0,0,0,0,0,0,0,0,0,1,0,0,0,0,0,0,0
173,3,1,"observer",1,18,3,1,0,2,1,2,TRUE,1.92857142857143,1.57142857142857,1.875,2,2.33333333333333,2,2,1,2,1,2,"In","Out","ingroup","outgroup",0,0,0,1,1,1,"In","Out","In",0,0,1,0,0,0,1,0,0,"Observer__J_In__C_Out__V_In",0,8,-8,"Ing_x_Ing","Ing_x_Ing__Observer","Ing_x_Ing__Accept","Ing_x_Ing__Observer__Accept",0,0,0,0,1,0,"Observer__J_In__C_Out__V_In__Accept","Observer__J_In__C_Out__V_In__Accept",0,0,0,0,0,0,0,0,0,0,0,0,1,0,0,0,0,0,0,0,0,0,0,0,0,0,0
173,3,2,"observer",1,18,3,1,0,2,1,2,TRUE,1.92857142857143,1.57142857142857,1.875,2,2.33333333333333,2,2,1,1,2,2,"In","Out","outgroup","ingroup",1,0,0,0,1,1,"Out","In","In",0,0,1,0,1,0,0,0,0,"Observer__J_Out__C_In__V_In",0,8,-8,"Ing_x_Hum","Ing_x_Hum__Observer","Ing_x_Hum__Accept","Ing_x_Hum__Observer__Accept",0,0,0,1,0,0,"Observer__J_Out__C_In__V_In__Accept","Observer__J_Out__C_In__V_In__Accept",0,0,0,0,0,0,0,0,0,0,1,0,0,0,0,0,0,0,0,0,0,0,0,0,0,0,0
173,4,1,"observer",1,18,3,1,0,2,1,2,TRUE,1.92857142857143,1.57142857142857,1.875,2,2.33333333333333,2,1,2,1,2,1,"Out","In","outgroup","ingroup",1,0,1,1,0,1,"Out","In","Out",1,0,0,0,1,0,0,0,1,"Observer__J_Out__C_In__V_Out",0,8,-8,"Hum_x_Hum","Hum_x_Hum__Observer","Hum_x_Hum__Reject","Hum_x_Hum__Observer__Reject",1,0,0,0,0,0,"Observer__J_Out__C_In__V_Out__Reject","Observer__J_Out__C_In__V_Out__Reject",0,0,0,0,0,0,0,0,0,0,0,0,0,0,0,0,0,0,0,1,0,0,0,0,0,0,0
173,4,2,"observer",1,18,3,1,0,2,1,2,TRUE,1.92857142857143,1.57142857142857,1.875,2,2.33333333333333,2,1,2,2,1,1,"Out","In","ingroup","outgroup",0,0,1,0,1,0,"In","Out","Out",1,0,0,0,0,0,1,0,1,"Observer__J_In__C_Out__V_Out",0,8,-8,"Hum_x_Ing","Hum_x_Ing__Observer","Hum_x_Ing__Accept","Hum_x_Ing__Observer__Accept",0,1,0,0,0,0,"Observer__J_In__C_Out__V_Out__Accept","Observer__J_In__C_Out__V_Out__Accept",0,0,0,0,0,0,0,0,0,0,0,0,0,0,0,0,0,0,0,0,0,1,0,0,0,0,0
173,6,1,"victim",0,18,3,1,0,2,1,2,TRUE,1.92857142857143,1.57142857142857,1.875,2,2.33333333333333,2,2,2,2,2,2,"In","In","ingroup","ingroup",0,0,0,1,0,0,"In","In",,0,0,0,0,0,0,0,0,0,"Victim__J_In__C_In",0,9,-9,"Ing_x_Ing","Ing_x_Ing__Victim","Ing_x_Ing__Reject","Ing_x_Ing__Victim__Reject",0,0,0,0,1,0,"Victim__J_In__C_In__Reject","Victim__J_In__C_In__Reject",1,0,0,0,0,0,0,0,0,0,0,0,0,0,0,0,0,0,0,0,0,0,0,0,0,0,0
173,6,2,"victim",0,18,3,1,0,2,1,2,TRUE,1.92857142857143,1.57142857142857,1.875,2,2.33333333333333,2,2,2,2,2,2,"In","In","ingroup","ingroup",0,0,0,1,0,0,"In","In",,0,0,0,0,0,0,0,0,0,"Victim__J_In__C_In",0,9,-9,"Ing_x_Ing","Ing_x_Ing__Victim","Ing_x_Ing__Reject","Ing_x_Ing__Victim__Reject",0,0,0,0,1,0,"Victim__J_In__C_In__Reject","Victim__J_In__C_In__Reject",1,0,0,0,0,0,0,0,0,0,0,0,0,0,0,0,0,0,0,0,0,0,0,0,0,0,0
173,7,1,"victim",0,18,3,1,0,2,1,2,TRUE,1.92857142857143,1.57142857142857,1.875,2,2.33333333333333,2,2,1,2,1,2,"In","Out","ingroup","outgroup",0,0,0,1,0,0,"In","Out",,0,0,1,0,0,0,1,0,0,"Victim__J_In__C_Out",0,9,-9,"Ing_x_Ing","Ing_x_Ing__Victim","Ing_x_Ing__Reject","Ing_x_Ing__Victim__Reject",0,0,0,0,1,0,"Victim__J_In__C_Out__Reject","Victim__J_In__C_Out__Reject",0,0,0,1,0,0,0,0,0,0,0,0,0,0,0,0,0,0,0,0,0,0,0,0,0,0,0
173,7,2,"victim",0,18,3,1,0,2,1,2,TRUE,1.92857142857143,1.57142857142857,1.875,2,2.33333333333333,2,2,1,1,2,2,"In","Out","outgroup","ingroup",1,0,0,0,0,0,"Out","In",,0,0,1,0,1,0,0,0,0,"Victim__J_Out__C_In",0,9,-9,"Ing_x_Hum","Ing_x_Hum__Victim","Ing_x_Hum__Reject","Ing_x_Hum__Victim__Reject",0,0,0,1,0,0,"Victim__J_Out__C_In__Reject","Victim__J_Out__C_In__Reject",0,1,0,0,0,0,0,0,0,0,0,0,0,0,0,0,0,0,0,0,0,0,0,0,0,0,0
173,8,1,"victim",0,18,3,1,0,2,1,2,TRUE,1.92857142857143,1.57142857142857,1.875,2,2.33333333333333,2,1,2,1,2,2,"Out","In","outgroup","ingroup",1,0,0,0,0,0,"Out","In",,1,0,0,0,1,0,0,0,0,"Victim__J_Out__C_In",0,8,-8,"Ing_x_Hum","Ing_x_Hum__Victim","Ing_x_Hum__Reject","Ing_x_Hum__Victim__Reject",0,0,0,1,0,0,"Victim__J_Out__C_In__Reject","Victim__J_Out__C_In__Reject",0,1,0,0,0,0,0,0,0,0,0,0,0,0,0,0,0,0,0,0,0,0,0,0,0,0,0
173,8,2,"victim",0,18,3,1,0,2,1,2,TRUE,1.92857142857143,1.57142857142857,1.875,2,2.33333333333333,2,1,2,2,1,2,"Out","In","ingroup","outgroup",0,0,0,1,0,0,"In","Out",,1,0,0,0,0,0,1,0,0,"Victim__J_In__C_Out",0,8,-8,"Ing_x_Ing","Ing_x_Ing__Victim","Ing_x_Ing__Reject","Ing_x_Ing__Victim__Reject",0,0,0,0,1,0,"Victim__J_In__C_Out__Reject","Victim__J_In__C_Out__Reject",0,0,0,1,0,0,0,0,0,0,0,0,0,0,0,0,0,0,0,0,0,0,0,0,0,0,0
174,3,1,"observer",1,18,3,2,1,2,1,2,TRUE,2.46428571428571,2.85714285714286,1.875,3,2.16666666666667,2,1,1,1,1,2,"Out","Out","outgroup","outgroup",1,0,0,0,0,1,"Out","Out","In",1,0,1,0,1,0,1,0,0,"Observer__J_Out__C_Out__V_In",0,0,0,"Ing_x_Hum","Ing_x_Hum__Observer","Ing_x_Hum__Reject","Ing_x_Hum__Observer__Reject",0,0,0,1,0,0,"Observer__J_Out__C_Out__V_In__Reject","Observer__J_Out__C_Out__V_In__Reject",0,0,0,0,0,0,0,0,0,0,0,0,0,1,0,0,0,0,0,0,0,0,0,0,0,0,0
174,3,2,"observer",1,18,3,2,1,2,1,2,TRUE,2.46428571428571,2.85714285714286,1.875,3,2.16666666666667,2,1,1,1,1,2,"Out","Out","outgroup","outgroup",1,0,0,0,1,0,"Out","Out","In",1,0,1,0,1,0,1,0,0,"Observer__J_Out__C_Out__V_In",0,-1,1,"Ing_x_Hum","Ing_x_Hum__Observer","Ing_x_Hum__Accept","Ing_x_Hum__Observer__Accept",0,0,0,1,0,0,"Observer__J_Out__C_Out__V_In__Accept","Observer__J_Out__C_Out__V_In__Accept",0,0,0,0,0,0,0,0,0,0,0,0,0,1,0,0,0,0,0,0,0,0,0,0,0,0,0
174,5,1,"observer",1,18,3,2,1,2,1,2,TRUE,2.46428571428571,2.85714285714286,1.875,3,2.16666666666667,2,2,2,2,2,1,"In","In","ingroup","ingroup",0,0,1,0,0,0,"In","In","Out",0,0,0,0,0,0,0,0,1,"Observer__J_In__C_In__V_Out",0,1,-1,"Hum_x_Ing","Hum_x_Ing__Observer","Hum_x_Ing__Reject","Hum_x_Ing__Observer__Reject",0,1,0,0,0,0,"Observer__J_In__C_In__V_Out__Reject","Observer__J_In__C_In__V_Out__Reject",0,0,0,0,0,0,0,0,0,0,0,0,0,0,0,0,0,0,1,0,0,0,0,0,0,0,0
174,5,2,"observer",1,18,3,2,1,2,1,2,TRUE,2.46428571428571,2.85714285714286,1.875,3,2.16666666666667,2,2,2,2,2,1,"In","In","ingroup","ingroup",0,0,1,0,0,0,"In","In","Out",0,0,0,0,0,0,0,0,1,"Observer__J_In__C_In__V_Out",0,1,-1,"Hum_x_Ing","Hum_x_Ing__Observer","Hum_x_Ing__Reject","Hum_x_Ing__Observer__Reject",0,1,0,0,0,0,"Observer__J_In__C_In__V_Out__Reject","Observer__J_In__C_In__V_Out__Reject",0,0,0,0,0,0,0,0,0,0,0,0,0,0,0,0,0,0,1,0,0,0,0,0,0,0,0
174,6,1,"victim",0,18,3,2,1,2,1,2,TRUE,2.46428571428571,2.85714285714286,1.875,3,2.16666666666667,2,1,1,1,1,2,"Out","Out","outgroup","outgroup",1,0,0,0,0,0,"Out","Out",,1,0,1,0,1,0,1,0,0,"Victim__J_Out__C_Out",0,1,-1,"Ing_x_Hum","Ing_x_Hum__Victim","Ing_x_Hum__Reject","Ing_x_Hum__Victim__Reject",0,0,0,1,0,0,"Victim__J_Out__C_Out__Reject","Victim__J_Out__C_Out__Reject",0,0,0,0,1,0,0,0,0,0,0,0,0,0,0,0,0,0,0,0,0,0,0,0,0,0,0
174,6,2,"victim",0,18,3,2,1,2,1,2,TRUE,2.46428571428571,2.85714285714286,1.875,3,2.16666666666667,2,1,1,1,1,2,"Out","Out","outgroup","outgroup",1,0,0,0,0,0,"Out","Out",,1,0,1,0,1,0,1,0,0,"Victim__J_Out__C_Out",0,1,-1,"Ing_x_Hum","Ing_x_Hum__Victim","Ing_x_Hum__Reject","Ing_x_Hum__Victim__Reject",0,0,0,1,0,0,"Victim__J_Out__C_Out__Reject","Victim__J_Out__C_Out__Reject",0,0,0,0,1,0,0,0,0,0,0,0,0,0,0,0,0,0,0,0,0,0,0,0,0,0,0
174,8,1,"victim",0,18,3,2,1,2,1,2,TRUE,2.46428571428571,2.85714285714286,1.875,3,2.16666666666667,2,2,2,2,2,2,"In","In","ingroup","ingroup",0,0,0,1,0,1,"In","In",,0,0,0,0,0,0,0,0,0,"Victim__J_In__C_In",0,1,-1,"Ing_x_Ing","Ing_x_Ing__Victim","Ing_x_Ing__Reject","Ing_x_Ing__Victim__Reject",0,0,0,0,1,0,"Victim__J_In__C_In__Reject","Victim__J_In__C_In__Reject",1,0,0,0,0,0,0,0,0,0,0,0,0,0,0,0,0,0,0,0,0,0,0,0,0,0,0
174,8,2,"victim",0,18,3,2,1,2,1,2,TRUE,2.46428571428571,2.85714285714286,1.875,3,2.16666666666667,2,2,2,2,2,2,"In","In","ingroup","ingroup",0,0,0,1,1,0,"In","In",,0,0,0,0,0,0,0,0,0,"Victim__J_In__C_In",0,-1,1,"Ing_x_Ing","Ing_x_Ing__Victim","Ing_x_Ing__Accept","Ing_x_Ing__Victim__Accept",0,0,0,0,1,0,"Victim__J_In__C_In__Accept","Victim__J_In__C_In__Accept",1,0,0,0,0,0,0,0,0,0,0,0,0,0,0,0,0,0,0,0,0,0,0,0,0,0,0
174,9,1,"victim",0,18,3,2,1,2,1,2,TRUE,2.46428571428571,2.85714285714286,1.875,3,2.16666666666667,2,1,1,1,1,2,"Out","Out","outgroup","outgroup",1,0,0,0,1,1,"Out","Out",,1,0,1,0,1,0,1,0,0,"Victim__J_Out__C_Out",0,-1,1,"Ing_x_Hum","Ing_x_Hum__Victim","Ing_x_Hum__Accept","Ing_x_Hum__Victim__Accept",0,0,0,1,0,0,"Victim__J_Out__C_Out__Accept","Victim__J_Out__C_Out__Accept",0,0,0,0,1,0,0,0,0,0,0,0,0,0,0,0,0,0,0,0,0,0,0,0,0,0,0
174,9,2,"victim",0,18,3,2,1,2,1,2,TRUE,2.46428571428571,2.85714285714286,1.875,3,2.16666666666667,2,1,1,1,1,2,"Out","Out","outgroup","outgroup",1,0,0,0,1,1,"Out","Out",,1,0,1,0,1,0,1,0,0,"Victim__J_Out__C_Out",0,-1,1,"Ing_x_Hum","Ing_x_Hum__Victim","Ing_x_Hum__Accept","Ing_x_Hum__Victim__Accept",0,0,0,1,0,0,"Victim__J_Out__C_Out__Accept","Victim__J_Out__C_Out__Accept",0,0,0,0,1,0,0,0,0,0,0,0,0,0,0,0,0,0,0,0,0,0,0,0,0,0,0
174,10,1,"victim",0,18,3,2,1,2,1,2,TRUE,2.46428571428571,2.85714285714286,1.875,3,2.16666666666667,2,2,1,2,1,2,"In","Out","ingroup","outgroup",0,0,0,1,0,1,"In","Out",,0,0,1,0,0,0,1,0,0,"Victim__J_In__C_Out",0,1,-1,"Ing_x_Ing","Ing_x_Ing__Victim","Ing_x_Ing__Reject","Ing_x_Ing__Victim__Reject",0,0,0,0,1,0,"Victim__J_In__C_Out__Reject","Victim__J_In__C_Out__Reject",0,0,0,1,0,0,0,0,0,0,0,0,0,0,0,0,0,0,0,0,0,0,0,0,0,0,0
174,10,2,"victim",0,18,3,2,1,2,1,2,TRUE,2.46428571428571,2.85714285714286,1.875,3,2.16666666666667,2,2,1,1,2,2,"In","Out","outgroup","ingroup",1,0,0,0,1,0,"Out","In",,0,0,1,0,1,0,0,0,0,"Victim__J_Out__C_In",0,-1,1,"Ing_x_Hum","Ing_x_Hum__Victim","Ing_x_Hum__Accept","Ing_x_Hum__Victim__Accept",0,0,0,1,0,0,"Victim__J_Out__C_In__Accept","Victim__J_Out__C_In__Accept",0,1,0,0,0,0,0,0,0,0,0,0,0,0,0,0,0,0,0,0,0,0,0,0,0,0,0
176,1,1,"observer",1,23,3,2,1,2,1,2,TRUE,1.64285714285714,1.28571428571429,1.25,2,2.16666666666667,2,2,1,2,1,2,"In","Out","ingroup","outgroup",0,0,0,1,1,1,"In","Out","In",0,0,1,0,0,0,1,0,0,"Observer__J_In__C_Out__V_In",0,9,-9,"Ing_x_Ing","Ing_x_Ing__Observer","Ing_x_Ing__Accept","Ing_x_Ing__Observer__Accept",0,0,0,0,1,0,"Observer__J_In__C_Out__V_In__Accept","Observer__J_In__C_Out__V_In__Accept",0,0,0,0,0,0,0,0,0,0,0,0,1,0,0,0,0,0,0,0,0,0,0,0,0,0,0
176,1,2,"observer",1,23,3,2,1,2,1,2,TRUE,1.64285714285714,1.28571428571429,1.25,2,2.16666666666667,2,2,1,1,2,2,"In","Out","outgroup","ingroup",1,0,0,0,1,1,"Out","In","In",0,0,1,0,1,0,0,0,0,"Observer__J_Out__C_In__V_In",0,9,-9,"Ing_x_Hum","Ing_x_Hum__Observer","Ing_x_Hum__Accept","Ing_x_Hum__Observer__Accept",0,0,0,1,0,0,"Observer__J_Out__C_In__V_In__Accept","Observer__J_Out__C_In__V_In__Accept",0,0,0,0,0,0,0,0,0,0,1,0,0,0,0,0,0,0,0,0,0,0,0,0,0,0,0
176,2,1,"observer",1,23,3,2,1,2,1,2,TRUE,1.64285714285714,1.28571428571429,1.25,2,2.16666666666667,2,1,2,1,2,2,"Out","In","outgroup","ingroup",1,0,0,0,1,0,"Out","In","In",1,0,0,0,1,0,0,0,0,"Observer__J_Out__C_In__V_In",0,9,-9,"Ing_x_Hum","Ing_x_Hum__Observer","Ing_x_Hum__Accept","Ing_x_Hum__Observer__Accept",0,0,0,1,0,0,"Observer__J_Out__C_In__V_In__Accept","Observer__J_Out__C_In__V_In__Accept",0,0,0,0,0,0,0,0,0,0,1,0,0,0,0,0,0,0,0,0,0,0,0,0,0,0,0
176,2,2,"observer",1,23,3,2,1,2,1,2,TRUE,1.64285714285714,1.28571428571429,1.25,2,2.16666666666667,2,1,2,2,1,2,"Out","In","ingroup","outgroup",0,0,0,1,0,1,"In","Out","In",1,0,0,0,0,0,1,0,0,"Observer__J_In__C_Out__V_In",0,9,-9,"Ing_x_Ing","Ing_x_Ing__Observer","Ing_x_Ing__Reject","Ing_x_Ing__Observer__Reject",0,0,0,0,1,0,"Observer__J_In__C_Out__V_In__Reject","Observer__J_In__C_Out__V_In__Reject",0,0,0,0,0,0,0,0,0,0,0,0,1,0,0,0,0,0,0,0,0,0,0,0,0,0,0
176,3,1,"observer",1,23,3,2,1,2,1,2,TRUE,1.64285714285714,1.28571428571429,1.25,2,2.16666666666667,2,1,1,1,1,1,"Out","Out","outgroup","outgroup",1,0,1,1,1,0,"Out","Out","Out",1,0,1,0,1,0,1,0,1,"Observer__J_Out__C_Out__V_Out",0,9,-9,"Hum_x_Hum","Hum_x_Hum__Observer","Hum_x_Hum__Accept","Hum_x_Hum__Observer__Accept",1,0,0,0,0,0,"Observer__J_Out__C_Out__V_Out__Accept","Observer__J_Out__C_Out__V_Out__Accept",0,0,0,0,0,0,0,0,0,0,0,0,0,0,0,0,0,0,0,0,0,0,1,0,0,0,0
176,3,2,"observer",1,23,3,2,1,2,1,2,TRUE,1.64285714285714,1.28571428571429,1.25,2,2.16666666666667,2,1,1,1,1,1,"Out","Out","outgroup","outgroup",1,0,1,1,0,1,"Out","Out","Out",1,0,1,0,1,0,1,0,1,"Observer__J_Out__C_Out__V_Out",0,9,-9,"Hum_x_Hum","Hum_x_Hum__Observer","Hum_x_Hum__Reject","Hum_x_Hum__Observer__Reject",1,0,0,0,0,0,"Observer__J_Out__C_Out__V_Out__Reject","Observer__J_Out__C_Out__V_Out__Reject",0,0,0,0,0,0,0,0,0,0,0,0,0,0,0,0,0,0,0,0,0,0,1,0,0,0,0
176,7,1,"victim",0,23,3,2,1,2,1,2,TRUE,1.64285714285714,1.28571428571429,1.25,2,2.16666666666667,2,2,1,2,1,2,"In","Out","ingroup","outgroup",0,0,0,1,0,1,"In","Out",,0,0,1,0,0,0,1,0,0,"Victim__J_In__C_Out",0,9,-9,"Ing_x_Ing","Ing_x_Ing__Victim","Ing_x_Ing__Reject","Ing_x_Ing__Victim__Reject",0,0,0,0,1,0,"Victim__J_In__C_Out__Reject","Victim__J_In__C_Out__Reject",0,0,0,1,0,0,0,0,0,0,0,0,0,0,0,0,0,0,0,0,0,0,0,0,0,0,0
176,7,2,"victim",0,23,3,2,1,2,1,2,TRUE,1.64285714285714,1.28571428571429,1.25,2,2.16666666666667,2,2,1,1,2,2,"In","Out","outgroup","ingroup",1,0,0,0,1,0,"Out","In",,0,0,1,0,1,0,0,0,0,"Victim__J_Out__C_In",0,9,-9,"Ing_x_Hum","Ing_x_Hum__Victim","Ing_x_Hum__Accept","Ing_x_Hum__Victim__Accept",0,0,0,1,0,0,"Victim__J_Out__C_In__Accept","Victim__J_Out__C_In__Accept",0,1,0,0,0,0,0,0,0,0,0,0,0,0,0,0,0,0,0,0,0,0,0,0,0,0,0
177,4,1,"victim",0,20,3,2,1,2,1,1,TRUE,2.78571428571429,3,2.75,2.28571428571429,3.16666666666667,2,1,1,1,1,2,"Out","Out","outgroup","outgroup",1,0,0,0,0,0,"Out","Out",,1,0,1,0,1,0,1,0,0,"Victim__J_Out__C_Out",0,9,-9,"Ing_x_Hum","Ing_x_Hum__Victim","Ing_x_Hum__Reject","Ing_x_Hum__Victim__Reject",0,0,0,1,0,0,"Victim__J_Out__C_Out__Reject","Victim__J_Out__C_Out__Reject",0,0,0,0,1,0,0,0,0,0,0,0,0,0,0,0,0,0,0,0,0,0,0,0,0,0,0
177,4,2,"victim",0,20,3,2,1,2,1,1,TRUE,2.78571428571429,3,2.75,2.28571428571429,3.16666666666667,2,1,1,1,1,2,"Out","Out","outgroup","outgroup",1,0,0,0,0,0,"Out","Out",,1,0,1,0,1,0,1,0,0,"Victim__J_Out__C_Out",0,9,-9,"Ing_x_Hum","Ing_x_Hum__Victim","Ing_x_Hum__Reject","Ing_x_Hum__Victim__Reject",0,0,0,1,0,0,"Victim__J_Out__C_Out__Reject","Victim__J_Out__C_Out__Reject",0,0,0,0,1,0,0,0,0,0,0,0,0,0,0,0,0,0,0,0,0,0,0,0,0,0,0
177,5,1,"victim",0,20,3,2,1,2,1,1,TRUE,2.78571428571429,3,2.75,2.28571428571429,3.16666666666667,2,1,2,1,2,2,"Out","In","outgroup","ingroup",1,0,0,0,1,1,"Out","In",,1,0,0,0,1,0,0,0,0,"Victim__J_Out__C_In",0,-2,2,"Ing_x_Hum","Ing_x_Hum__Victim","Ing_x_Hum__Accept","Ing_x_Hum__Victim__Accept",0,0,0,1,0,0,"Victim__J_Out__C_In__Accept","Victim__J_Out__C_In__Accept",0,1,0,0,0,0,0,0,0,0,0,0,0,0,0,0,0,0,0,0,0,0,0,0,0,0,0
177,5,2,"victim",0,20,3,2,1,2,1,1,TRUE,2.78571428571429,3,2.75,2.28571428571429,3.16666666666667,2,1,2,2,1,2,"Out","In","ingroup","outgroup",0,0,0,1,1,1,"In","Out",,1,0,0,0,0,0,1,0,0,"Victim__J_In__C_Out",0,-2,2,"Ing_x_Ing","Ing_x_Ing__Victim","Ing_x_Ing__Accept","Ing_x_Ing__Victim__Accept",0,0,0,0,1,0,"Victim__J_In__C_Out__Accept","Victim__J_In__C_Out__Accept",0,0,0,1,0,0,0,0,0,0,0,0,0,0,0,0,0,0,0,0,0,0,0,0,0,0,0
177,6,1,"observer",1,20,3,2,1,2,1,1,TRUE,2.78571428571429,3,2.75,2.28571428571429,3.16666666666667,2,1,2,1,2,1,"Out","In","outgroup","ingroup",1,0,1,1,1,0,"Out","In","Out",1,0,0,0,1,0,0,0,1,"Observer__J_Out__C_In__V_Out",0,-2,2,"Hum_x_Hum","Hum_x_Hum__Observer","Hum_x_Hum__Accept","Hum_x_Hum__Observer__Accept",1,0,0,0,0,0,"Observer__J_Out__C_In__V_Out__Accept","Observer__J_Out__C_In__V_Out__Accept",0,0,0,0,0,0,0,0,0,0,0,0,0,0,0,0,0,0,0,1,0,0,0,0,0,0,0
177,6,2,"observer",1,20,3,2,1,2,1,1,TRUE,2.78571428571429,3,2.75,2.28571428571429,3.16666666666667,2,1,2,2,1,1,"Out","In","ingroup","outgroup",0,0,1,0,0,1,"In","Out","Out",1,0,0,0,0,0,1,0,1,"Observer__J_In__C_Out__V_Out",0,9,-9,"Hum_x_Ing","Hum_x_Ing__Observer","Hum_x_Ing__Reject","Hum_x_Ing__Observer__Reject",0,1,0,0,0,0,"Observer__J_In__C_Out__V_Out__Reject","Observer__J_In__C_Out__V_Out__Reject",0,0,0,0,0,0,0,0,0,0,0,0,0,0,0,0,0,0,0,0,0,1,0,0,0,0,0
177,7,1,"observer",1,20,3,2,1,2,1,1,TRUE,2.78571428571429,3,2.75,2.28571428571429,3.16666666666667,2,1,1,1,1,1,"Out","Out","outgroup","outgroup",1,0,1,1,1,1,"Out","Out","Out",1,0,1,0,1,0,1,0,1,"Observer__J_Out__C_Out__V_Out",0,-2,2,"Hum_x_Hum","Hum_x_Hum__Observer","Hum_x_Hum__Accept","Hum_x_Hum__Observer__Accept",1,0,0,0,0,0,"Observer__J_Out__C_Out__V_Out__Accept","Observer__J_Out__C_Out__V_Out__Accept",0,0,0,0,0,0,0,0,0,0,0,0,0,0,0,0,0,0,0,0,0,0,1,0,0,0,0
177,7,2,"observer",1,20,3,2,1,2,1,1,TRUE,2.78571428571429,3,2.75,2.28571428571429,3.16666666666667,2,1,1,1,1,1,"Out","Out","outgroup","outgroup",1,0,1,1,1,1,"Out","Out","Out",1,0,1,0,1,0,1,0,1,"Observer__J_Out__C_Out__V_Out",0,-2,2,"Hum_x_Hum","Hum_x_Hum__Observer","Hum_x_Hum__Accept","Hum_x_Hum__Observer__Accept",1,0,0,0,0,0,"Observer__J_Out__C_Out__V_Out__Accept","Observer__J_Out__C_Out__V_Out__Accept",0,0,0,0,0,0,0,0,0,0,0,0,0,0,0,0,0,0,0,0,0,0,1,0,0,0,0
177,10,1,"observer",1,20,3,2,1,2,1,1,TRUE,2.78571428571429,3,2.75,2.28571428571429,3.16666666666667,2,2,2,2,2,1,"In","In","ingroup","ingroup",0,0,1,0,0,1,"In","In","Out",0,0,0,0,0,0,0,0,1,"Observer__J_In__C_In__V_Out",0,-1,1,"Hum_x_Ing","Hum_x_Ing__Observer","Hum_x_Ing__Reject","Hum_x_Ing__Observer__Reject",0,1,0,0,0,0,"Observer__J_In__C_In__V_Out__Reject","Observer__J_In__C_In__V_Out__Reject",0,0,0,0,0,0,0,0,0,0,0,0,0,0,0,0,0,0,1,0,0,0,0,0,0,0,0
177,10,2,"observer",1,20,3,2,1,2,1,1,TRUE,2.78571428571429,3,2.75,2.28571428571429,3.16666666666667,2,2,2,2,2,1,"In","In","ingroup","ingroup",0,0,1,0,1,0,"In","In","Out",0,0,0,0,0,0,0,0,1,"Observer__J_In__C_In__V_Out",0,-1,1,"Hum_x_Ing","Hum_x_Ing__Observer","Hum_x_Ing__Accept","Hum_x_Ing__Observer__Accept",0,1,0,0,0,0,"Observer__J_In__C_In__V_Out__Accept","Observer__J_In__C_In__V_Out__Accept",0,0,0,0,0,0,0,0,0,0,0,0,0,0,0,0,0,0,1,0,0,0,0,0,0,0,0
178,2,1,"observer",1,22,3,1,0,2,1,2,TRUE,1.53571428571429,1.14285714285714,1.5,2.14285714285714,1.33333333333333,2,1,2,1,2,1,"Out","In","outgroup","ingroup",1,0,1,1,1,0,"Out","In","Out",1,0,0,0,1,0,0,0,1,"Observer__J_Out__C_In__V_Out",0,-9,9,"Hum_x_Hum","Hum_x_Hum__Observer","Hum_x_Hum__Accept","Hum_x_Hum__Observer__Accept",1,0,0,0,0,0,"Observer__J_Out__C_In__V_Out__Accept","Observer__J_Out__C_In__V_Out__Accept",0,0,0,0,0,0,0,0,0,0,0,0,0,0,0,0,0,0,0,1,0,0,0,0,0,0,0
178,2,2,"observer",1,22,3,1,0,2,1,2,TRUE,1.53571428571429,1.14285714285714,1.5,2.14285714285714,1.33333333333333,2,1,2,2,1,1,"Out","In","ingroup","outgroup",0,0,1,0,0,1,"In","Out","Out",1,0,0,0,0,0,1,0,1,"Observer__J_In__C_Out__V_Out",0,9,-9,"Hum_x_Ing","Hum_x_Ing__Observer","Hum_x_Ing__Reject","Hum_x_Ing__Observer__Reject",0,1,0,0,0,0,"Observer__J_In__C_Out__V_Out__Reject","Observer__J_In__C_Out__V_Out__Reject",0,0,0,0,0,0,0,0,0,0,0,0,0,0,0,0,0,0,0,0,0,1,0,0,0,0,0
178,8,1,"victim",0,22,3,1,0,2,1,2,TRUE,1.53571428571429,1.14285714285714,1.5,2.14285714285714,1.33333333333333,2,1,1,1,1,2,"Out","Out","outgroup","outgroup",1,0,0,0,0,1,"Out","Out",,1,0,1,0,1,0,1,0,0,"Victim__J_Out__C_Out",0,5,-5,"Ing_x_Hum","Ing_x_Hum__Victim","Ing_x_Hum__Reject","Ing_x_Hum__Victim__Reject",0,0,0,1,0,0,"Victim__J_Out__C_Out__Reject","Victim__J_Out__C_Out__Reject",0,0,0,0,1,0,0,0,0,0,0,0,0,0,0,0,0,0,0,0,0,0,0,0,0,0,0
178,8,2,"victim",0,22,3,1,0,2,1,2,TRUE,1.53571428571429,1.14285714285714,1.5,2.14285714285714,1.33333333333333,2,1,1,1,1,2,"Out","Out","outgroup","outgroup",1,0,0,0,1,0,"Out","Out",,1,0,1,0,1,0,1,0,0,"Victim__J_Out__C_Out",0,-5,5,"Ing_x_Hum","Ing_x_Hum__Victim","Ing_x_Hum__Accept","Ing_x_Hum__Victim__Accept",0,0,0,1,0,0,"Victim__J_Out__C_Out__Accept","Victim__J_Out__C_Out__Accept",0,0,0,0,1,0,0,0,0,0,0,0,0,0,0,0,0,0,0,0,0,0,0,0,0,0,0
179,1,1,"observer",1,21,3,1,0,2,1,2,TRUE,2.32142857142857,2.71428571428571,1.875,2.42857142857143,2.33333333333333,2,2,1,2,1,1,"In","Out","ingroup","outgroup",0,0,1,0,0,1,"In","Out","Out",0,0,1,0,0,0,1,0,1,"Observer__J_In__C_Out__V_Out",0,3,-3,"Hum_x_Ing","Hum_x_Ing__Observer","Hum_x_Ing__Reject","Hum_x_Ing__Observer__Reject",0,1,0,0,0,0,"Observer__J_In__C_Out__V_Out__Reject","Observer__J_In__C_Out__V_Out__Reject",0,0,0,0,0,0,0,0,0,0,0,0,0,0,0,0,0,0,0,0,0,1,0,0,0,0,0
179,1,2,"observer",1,21,3,1,0,2,1,2,TRUE,2.32142857142857,2.71428571428571,1.875,2.42857142857143,2.33333333333333,2,2,1,1,2,1,"In","Out","outgroup","ingroup",1,0,1,1,1,0,"Out","In","Out",0,0,1,0,1,0,0,0,1,"Observer__J_Out__C_In__V_Out",0,-2,2,"Hum_x_Hum","Hum_x_Hum__Observer","Hum_x_Hum__Accept","Hum_x_Hum__Observer__Accept",1,0,0,0,0,0,"Observer__J_Out__C_In__V_Out__Accept","Observer__J_Out__C_In__V_Out__Accept",0,0,0,0,0,0,0,0,0,0,0,0,0,0,0,0,0,0,0,1,0,0,0,0,0,0,0
179,2,1,"observer",1,21,3,1,0,2,1,2,TRUE,2.32142857142857,2.71428571428571,1.875,2.42857142857143,2.33333333333333,2,2,1,2,1,1,"In","Out","ingroup","outgroup",0,0,1,0,0,0,"In","Out","Out",0,0,1,0,0,0,1,0,1,"Observer__J_In__C_Out__V_Out",0,4,-4,"Hum_x_Ing","Hum_x_Ing__Observer","Hum_x_Ing__Reject","Hum_x_Ing__Observer__Reject",0,1,0,0,0,0,"Observer__J_In__C_Out__V_Out__Reject","Observer__J_In__C_Out__V_Out__Reject",0,0,0,0,0,0,0,0,0,0,0,0,0,0,0,0,0,0,0,0,0,1,0,0,0,0,0
179,2,2,"observer",1,21,3,1,0,2,1,2,TRUE,2.32142857142857,2.71428571428571,1.875,2.42857142857143,2.33333333333333,2,2,1,1,2,1,"In","Out","outgroup","ingroup",1,0,1,1,0,0,"Out","In","Out",0,0,1,0,1,0,0,0,1,"Observer__J_Out__C_In__V_Out",0,4,-4,"Hum_x_Hum","Hum_x_Hum__Observer","Hum_x_Hum__Reject","Hum_x_Hum__Observer__Reject",1,0,0,0,0,0,"Observer__J_Out__C_In__V_Out__Reject","Observer__J_Out__C_In__V_Out__Reject",0,0,0,0,0,0,0,0,0,0,0,0,0,0,0,0,0,0,0,1,0,0,0,0,0,0,0
179,3,1,"observer",1,21,3,1,0,2,1,2,TRUE,2.32142857142857,2.71428571428571,1.875,2.42857142857143,2.33333333333333,2,1,2,1,2,2,"Out","In","outgroup","ingroup",1,0,0,0,1,1,"Out","In","In",1,0,0,0,1,0,0,0,0,"Observer__J_Out__C_In__V_In",0,-3,3,"Ing_x_Hum","Ing_x_Hum__Observer","Ing_x_Hum__Accept","Ing_x_Hum__Observer__Accept",0,0,0,1,0,0,"Observer__J_Out__C_In__V_In__Accept","Observer__J_Out__C_In__V_In__Accept",0,0,0,0,0,0,0,0,0,0,1,0,0,0,0,0,0,0,0,0,0,0,0,0,0,0,0
179,3,2,"observer",1,21,3,1,0,2,1,2,TRUE,2.32142857142857,2.71428571428571,1.875,2.42857142857143,2.33333333333333,2,1,2,2,1,2,"Out","In","ingroup","outgroup",0,0,0,1,1,1,"In","Out","In",1,0,0,0,0,0,1,0,0,"Observer__J_In__C_Out__V_In",0,-5,5,"Ing_x_Ing","Ing_x_Ing__Observer","Ing_x_Ing__Accept","Ing_x_Ing__Observer__Accept",0,0,0,0,1,0,"Observer__J_In__C_Out__V_In__Accept","Observer__J_In__C_Out__V_In__Accept",0,0,0,0,0,0,0,0,0,0,0,0,1,0,0,0,0,0,0,0,0,0,0,0,0,0,0
179,4,1,"observer",1,21,3,1,0,2,1,2,TRUE,2.32142857142857,2.71428571428571,1.875,2.42857142857143,2.33333333333333,2,2,1,2,1,2,"In","Out","ingroup","outgroup",0,0,0,1,1,0,"In","Out","In",0,0,1,0,0,0,1,0,0,"Observer__J_In__C_Out__V_In",0,-5,5,"Ing_x_Ing","Ing_x_Ing__Observer","Ing_x_Ing__Accept","Ing_x_Ing__Observer__Accept",0,0,0,0,1,0,"Observer__J_In__C_Out__V_In__Accept","Observer__J_In__C_Out__V_In__Accept",0,0,0,0,0,0,0,0,0,0,0,0,1,0,0,0,0,0,0,0,0,0,0,0,0,0,0
179,4,2,"observer",1,21,3,1,0,2,1,2,TRUE,2.32142857142857,2.71428571428571,1.875,2.42857142857143,2.33333333333333,2,2,1,1,2,2,"In","Out","outgroup","ingroup",1,0,0,0,0,1,"Out","In","In",0,0,1,0,1,0,0,0,0,"Observer__J_Out__C_In__V_In",0,-3,3,"Ing_x_Hum","Ing_x_Hum__Observer","Ing_x_Hum__Reject","Ing_x_Hum__Observer__Reject",0,0,0,1,0,0,"Observer__J_Out__C_In__V_In__Reject","Observer__J_Out__C_In__V_In__Reject",0,0,0,0,0,0,0,0,0,0,1,0,0,0,0,0,0,0,0,0,0,0,0,0,0,0,0
179,5,1,"observer",1,21,3,1,0,2,1,2,TRUE,2.32142857142857,2.71428571428571,1.875,2.42857142857143,2.33333333333333,2,1,2,1,2,1,"Out","In","outgroup","ingroup",1,0,1,1,1,0,"Out","In","Out",1,0,0,0,1,0,0,0,1,"Observer__J_Out__C_In__V_Out",0,-3,3,"Hum_x_Hum","Hum_x_Hum__Observer","Hum_x_Hum__Accept","Hum_x_Hum__Observer__Accept",1,0,0,0,0,0,"Observer__J_Out__C_In__V_Out__Accept","Observer__J_Out__C_In__V_Out__Accept",0,0,0,0,0,0,0,0,0,0,0,0,0,0,0,0,0,0,0,1,0,0,0,0,0,0,0
179,5,2,"observer",1,21,3,1,0,2,1,2,TRUE,2.32142857142857,2.71428571428571,1.875,2.42857142857143,2.33333333333333,2,1,2,2,1,1,"Out","In","ingroup","outgroup",0,0,1,0,0,1,"In","Out","Out",1,0,0,0,0,0,1,0,1,"Observer__J_In__C_Out__V_Out",0,4,-4,"Hum_x_Ing","Hum_x_Ing__Observer","Hum_x_Ing__Reject","Hum_x_Ing__Observer__Reject",0,1,0,0,0,0,"Observer__J_In__C_Out__V_Out__Reject","Observer__J_In__C_Out__V_Out__Reject",0,0,0,0,0,0,0,0,0,0,0,0,0,0,0,0,0,0,0,0,0,1,0,0,0,0,0
179,7,1,"victim",0,21,3,1,0,2,1,2,TRUE,2.32142857142857,2.71428571428571,1.875,2.42857142857143,2.33333333333333,2,2,1,2,1,2,"In","Out","ingroup","outgroup",0,0,0,1,0,1,"In","Out",,0,0,1,0,0,0,1,0,0,"Victim__J_In__C_Out",0,5,-5,"Ing_x_Ing","Ing_x_Ing__Victim","Ing_x_Ing__Reject","Ing_x_Ing__Victim__Reject",0,0,0,0,1,0,"Victim__J_In__C_Out__Reject","Victim__J_In__C_Out__Reject",0,0,0,1,0,0,0,0,0,0,0,0,0,0,0,0,0,0,0,0,0,0,0,0,0,0,0
179,7,2,"victim",0,21,3,1,0,2,1,2,TRUE,2.32142857142857,2.71428571428571,1.875,2.42857142857143,2.33333333333333,2,2,1,1,2,2,"In","Out","outgroup","ingroup",1,0,0,0,1,0,"Out","In",,0,0,1,0,1,0,0,0,0,"Victim__J_Out__C_In",0,-6,6,"Ing_x_Hum","Ing_x_Hum__Victim","Ing_x_Hum__Accept","Ing_x_Hum__Victim__Accept",0,0,0,1,0,0,"Victim__J_Out__C_In__Accept","Victim__J_Out__C_In__Accept",0,1,0,0,0,0,0,0,0,0,0,0,0,0,0,0,0,0,0,0,0,0,0,0,0,0,0
180,2,1,"victim",0,21,4,1,0,2,1,1,TRUE,2.89285714285714,3.28571428571429,2.625,2.85714285714286,2.83333333333333,2,2,1,2,1,2,"In","Out","ingroup","outgroup",0,0,0,1,1,1,"In","Out",,0,0,1,0,0,0,1,0,0,"Victim__J_In__C_Out",0,-2,2,"Ing_x_Ing","Ing_x_Ing__Victim","Ing_x_Ing__Accept","Ing_x_Ing__Victim__Accept",0,0,0,0,1,0,"Victim__J_In__C_Out__Accept","Victim__J_In__C_Out__Accept",0,0,0,1,0,0,0,0,0,0,0,0,0,0,0,0,0,0,0,0,0,0,0,0,0,0,0
180,2,2,"victim",0,21,4,1,0,2,1,1,TRUE,2.89285714285714,3.28571428571429,2.625,2.85714285714286,2.83333333333333,2,2,1,1,2,2,"In","Out","outgroup","ingroup",1,0,0,0,1,1,"Out","In",,0,0,1,0,1,0,0,0,0,"Victim__J_Out__C_In",0,-2,2,"Ing_x_Hum","Ing_x_Hum__Victim","Ing_x_Hum__Accept","Ing_x_Hum__Victim__Accept",0,0,0,1,0,0,"Victim__J_Out__C_In__Accept","Victim__J_Out__C_In__Accept",0,1,0,0,0,0,0,0,0,0,0,0,0,0,0,0,0,0,0,0,0,0,0,0,0,0,0
180,6,1,"observer",1,21,4,1,0,2,1,1,TRUE,2.89285714285714,3.28571428571429,2.625,2.85714285714286,2.83333333333333,2,2,2,2,2,2,"In","In","ingroup","ingroup",0,0,0,1,1,0,"In","In","In",0,0,0,0,0,0,0,0,0,"Observer__J_In__C_In__V_In",0,-5,5,"Ing_x_Ing","Ing_x_Ing__Observer","Ing_x_Ing__Accept","Ing_x_Ing__Observer__Accept",0,0,0,0,1,0,"Observer__J_In__C_In__V_In__Accept","Observer__J_In__C_In__V_In__Accept",0,0,0,0,0,0,0,0,0,1,0,0,0,0,0,0,0,0,0,0,0,0,0,0,0,0,0
180,6,2,"observer",1,21,4,1,0,2,1,1,TRUE,2.89285714285714,3.28571428571429,2.625,2.85714285714286,2.83333333333333,2,2,2,2,2,2,"In","In","ingroup","ingroup",0,0,0,1,0,1,"In","In","In",0,0,0,0,0,0,0,0,0,"Observer__J_In__C_In__V_In",0,0,0,"Ing_x_Ing","Ing_x_Ing__Observer","Ing_x_Ing__Reject","Ing_x_Ing__Observer__Reject",0,0,0,0,1,0,"Observer__J_In__C_In__V_In__Reject","Observer__J_In__C_In__V_In__Reject",0,0,0,0,0,0,0,0,0,1,0,0,0,0,0,0,0,0,0,0,0,0,0,0,0,0,0
180,8,1,"observer",1,21,4,1,0,2,1,1,TRUE,2.89285714285714,3.28571428571429,2.625,2.85714285714286,2.83333333333333,2,2,1,2,1,2,"In","Out","ingroup","outgroup",0,0,0,1,0,1,"In","Out","In",0,0,1,0,0,0,1,0,0,"Observer__J_In__C_Out__V_In",0,0,0,"Ing_x_Ing","Ing_x_Ing__Observer","Ing_x_Ing__Reject","Ing_x_Ing__Observer__Reject",0,0,0,0,1,0,"Observer__J_In__C_Out__V_In__Reject","Observer__J_In__C_Out__V_In__Reject",0,0,0,0,0,0,0,0,0,0,0,0,1,0,0,0,0,0,0,0,0,0,0,0,0,0,0
180,8,2,"observer",1,21,4,1,0,2,1,1,TRUE,2.89285714285714,3.28571428571429,2.625,2.85714285714286,2.83333333333333,2,2,1,1,2,2,"In","Out","outgroup","ingroup",1,0,0,0,1,0,"Out","In","In",0,0,1,0,1,0,0,0,0,"Observer__J_Out__C_In__V_In",0,-2,2,"Ing_x_Hum","Ing_x_Hum__Observer","Ing_x_Hum__Accept","Ing_x_Hum__Observer__Accept",0,0,0,1,0,0,"Observer__J_Out__C_In__V_In__Accept","Observer__J_Out__C_In__V_In__Accept",0,0,0,0,0,0,0,0,0,0,1,0,0,0,0,0,0,0,0,0,0,0,0,0,0,0,0
181,2,1,"victim",0,21,3,1,0,2,1,1,TRUE,3.64285714285714,3.71428571428571,3.875,3.14285714285714,3.83333333333333,2,2,2,2,2,2,"In","In","ingroup","ingroup",0,0,0,1,1,0,"In","In",,0,0,0,0,0,0,0,0,0,"Victim__J_In__C_In",0,-8,8,"Ing_x_Ing","Ing_x_Ing__Victim","Ing_x_Ing__Accept","Ing_x_Ing__Victim__Accept",0,0,0,0,1,0,"Victim__J_In__C_In__Accept","Victim__J_In__C_In__Accept",1,0,0,0,0,0,0,0,0,0,0,0,0,0,0,0,0,0,0,0,0,0,0,0,0,0,0
181,2,2,"victim",0,21,3,1,0,2,1,1,TRUE,3.64285714285714,3.71428571428571,3.875,3.14285714285714,3.83333333333333,2,2,2,2,2,2,"In","In","ingroup","ingroup",0,0,0,1,0,1,"In","In",,0,0,0,0,0,0,0,0,0,"Victim__J_In__C_In",0,9,-9,"Ing_x_Ing","Ing_x_Ing__Victim","Ing_x_Ing__Reject","Ing_x_Ing__Victim__Reject",0,0,0,0,1,0,"Victim__J_In__C_In__Reject","Victim__J_In__C_In__Reject",1,0,0,0,0,0,0,0,0,0,0,0,0,0,0,0,0,0,0,0,0,0,0,0,0,0,0
181,3,1,"victim",0,21,3,1,0,2,1,1,TRUE,3.64285714285714,3.71428571428571,3.875,3.14285714285714,3.83333333333333,2,2,2,2,2,2,"In","In","ingroup","ingroup",0,0,0,1,1,0,"In","In",,0,0,0,0,0,0,0,0,0,"Victim__J_In__C_In",0,-8,8,"Ing_x_Ing","Ing_x_Ing__Victim","Ing_x_Ing__Accept","Ing_x_Ing__Victim__Accept",0,0,0,0,1,0,"Victim__J_In__C_In__Accept","Victim__J_In__C_In__Accept",1,0,0,0,0,0,0,0,0,0,0,0,0,0,0,0,0,0,0,0,0,0,0,0,0,0,0
181,3,2,"victim",0,21,3,1,0,2,1,1,TRUE,3.64285714285714,3.71428571428571,3.875,3.14285714285714,3.83333333333333,2,2,2,2,2,2,"In","In","ingroup","ingroup",0,0,0,1,0,1,"In","In",,0,0,0,0,0,0,0,0,0,"Victim__J_In__C_In",0,9,-9,"Ing_x_Ing","Ing_x_Ing__Victim","Ing_x_Ing__Reject","Ing_x_Ing__Victim__Reject",0,0,0,0,1,0,"Victim__J_In__C_In__Reject","Victim__J_In__C_In__Reject",1,0,0,0,0,0,0,0,0,0,0,0,0,0,0,0,0,0,0,0,0,0,0,0,0,0,0
181,8,1,"observer",1,21,3,1,0,2,1,1,TRUE,3.64285714285714,3.71428571428571,3.875,3.14285714285714,3.83333333333333,2,2,1,2,1,2,"In","Out","ingroup","outgroup",0,0,0,1,0,1,"In","Out","In",0,0,1,0,0,0,1,0,0,"Observer__J_In__C_Out__V_In",0,9,-9,"Ing_x_Ing","Ing_x_Ing__Observer","Ing_x_Ing__Reject","Ing_x_Ing__Observer__Reject",0,0,0,0,1,0,"Observer__J_In__C_Out__V_In__Reject","Observer__J_In__C_Out__V_In__Reject",0,0,0,0,0,0,0,0,0,0,0,0,1,0,0,0,0,0,0,0,0,0,0,0,0,0,0
181,8,2,"observer",1,21,3,1,0,2,1,1,TRUE,3.64285714285714,3.71428571428571,3.875,3.14285714285714,3.83333333333333,2,2,1,1,2,2,"In","Out","outgroup","ingroup",1,0,0,0,1,0,"Out","In","In",0,0,1,0,1,0,0,0,0,"Observer__J_Out__C_In__V_In",0,-8,8,"Ing_x_Hum","Ing_x_Hum__Observer","Ing_x_Hum__Accept","Ing_x_Hum__Observer__Accept",0,0,0,1,0,0,"Observer__J_Out__C_In__V_In__Accept","Observer__J_Out__C_In__V_In__Accept",0,0,0,0,0,0,0,0,0,0,1,0,0,0,0,0,0,0,0,0,0,0,0,0,0,0,0
181,9,1,"observer",1,21,3,1,0,2,1,1,TRUE,3.64285714285714,3.71428571428571,3.875,3.14285714285714,3.83333333333333,2,2,2,2,2,2,"In","In","ingroup","ingroup",0,0,0,1,1,1,"In","In","In",0,0,0,0,0,0,0,0,0,"Observer__J_In__C_In__V_In",0,-8,8,"Ing_x_Ing","Ing_x_Ing__Observer","Ing_x_Ing__Accept","Ing_x_Ing__Observer__Accept",0,0,0,0,1,0,"Observer__J_In__C_In__V_In__Accept","Observer__J_In__C_In__V_In__Accept",0,0,0,0,0,0,0,0,0,1,0,0,0,0,0,0,0,0,0,0,0,0,0,0,0,0,0
181,9,2,"observer",1,21,3,1,0,2,1,1,TRUE,3.64285714285714,3.71428571428571,3.875,3.14285714285714,3.83333333333333,2,2,2,2,2,2,"In","In","ingroup","ingroup",0,0,0,1,1,1,"In","In","In",0,0,0,0,0,0,0,0,0,"Observer__J_In__C_In__V_In",0,-8,8,"Ing_x_Ing","Ing_x_Ing__Observer","Ing_x_Ing__Accept","Ing_x_Ing__Observer__Accept",0,0,0,0,1,0,"Observer__J_In__C_In__V_In__Accept","Observer__J_In__C_In__V_In__Accept",0,0,0,0,0,0,0,0,0,1,0,0,0,0,0,0,0,0,0,0,0,0,0,0,0,0,0
182,1,1,"victim",0,20,4,2,1,2,1,1,TRUE,2.25,1.85714285714286,2,3.28571428571429,1.83333333333333,2,2,2,2,2,2,"In","In","ingroup","ingroup",0,0,0,1,0,0,"In","In",,0,0,0,0,0,0,0,0,0,"Victim__J_In__C_In",0,9,-9,"Ing_x_Ing","Ing_x_Ing__Victim","Ing_x_Ing__Reject","Ing_x_Ing__Victim__Reject",0,0,0,0,1,0,"Victim__J_In__C_In__Reject","Victim__J_In__C_In__Reject",1,0,0,0,0,0,0,0,0,0,0,0,0,0,0,0,0,0,0,0,0,0,0,0,0,0,0
182,1,2,"victim",0,20,4,2,1,2,1,1,TRUE,2.25,1.85714285714286,2,3.28571428571429,1.83333333333333,2,2,2,2,2,2,"In","In","ingroup","ingroup",0,0,0,1,0,0,"In","In",,0,0,0,0,0,0,0,0,0,"Victim__J_In__C_In",0,9,-9,"Ing_x_Ing","Ing_x_Ing__Victim","Ing_x_Ing__Reject","Ing_x_Ing__Victim__Reject",0,0,0,0,1,0,"Victim__J_In__C_In__Reject","Victim__J_In__C_In__Reject",1,0,0,0,0,0,0,0,0,0,0,0,0,0,0,0,0,0,0,0,0,0,0,0,0,0,0
182,2,1,"victim",0,20,4,2,1,2,1,1,TRUE,2.25,1.85714285714286,2,3.28571428571429,1.83333333333333,2,1,2,1,2,2,"Out","In","outgroup","ingroup",1,0,0,0,0,1,"Out","In",,1,0,0,0,1,0,0,0,0,"Victim__J_Out__C_In",0,9,-9,"Ing_x_Hum","Ing_x_Hum__Victim","Ing_x_Hum__Reject","Ing_x_Hum__Victim__Reject",0,0,0,1,0,0,"Victim__J_Out__C_In__Reject","Victim__J_Out__C_In__Reject",0,1,0,0,0,0,0,0,0,0,0,0,0,0,0,0,0,0,0,0,0,0,0,0,0,0,0
182,2,2,"victim",0,20,4,2,1,2,1,1,TRUE,2.25,1.85714285714286,2,3.28571428571429,1.83333333333333,2,1,2,2,1,2,"Out","In","ingroup","outgroup",0,0,0,1,1,0,"In","Out",,1,0,0,0,0,0,1,0,0,"Victim__J_In__C_Out",0,-5,5,"Ing_x_Ing","Ing_x_Ing__Victim","Ing_x_Ing__Accept","Ing_x_Ing__Victim__Accept",0,0,0,0,1,0,"Victim__J_In__C_Out__Accept","Victim__J_In__C_Out__Accept",0,0,0,1,0,0,0,0,0,0,0,0,0,0,0,0,0,0,0,0,0,0,0,0,0,0,0
182,4,1,"victim",0,20,4,2,1,2,1,1,TRUE,2.25,1.85714285714286,2,3.28571428571429,1.83333333333333,2,2,1,2,1,2,"In","Out","ingroup","outgroup",0,0,0,1,0,0,"In","Out",,0,0,1,0,0,0,1,0,0,"Victim__J_In__C_Out",0,9,-9,"Ing_x_Ing","Ing_x_Ing__Victim","Ing_x_Ing__Reject","Ing_x_Ing__Victim__Reject",0,0,0,0,1,0,"Victim__J_In__C_Out__Reject","Victim__J_In__C_Out__Reject",0,0,0,1,0,0,0,0,0,0,0,0,0,0,0,0,0,0,0,0,0,0,0,0,0,0,0
182,4,2,"victim",0,20,4,2,1,2,1,1,TRUE,2.25,1.85714285714286,2,3.28571428571429,1.83333333333333,2,2,1,1,2,2,"In","Out","outgroup","ingroup",1,0,0,0,0,0,"Out","In",,0,0,1,0,1,0,0,0,0,"Victim__J_Out__C_In",0,9,-9,"Ing_x_Hum","Ing_x_Hum__Victim","Ing_x_Hum__Reject","Ing_x_Hum__Victim__Reject",0,0,0,1,0,0,"Victim__J_Out__C_In__Reject","Victim__J_Out__C_In__Reject",0,1,0,0,0,0,0,0,0,0,0,0,0,0,0,0,0,0,0,0,0,0,0,0,0,0,0
182,5,1,"victim",0,20,4,2,1,2,1,1,TRUE,2.25,1.85714285714286,2,3.28571428571429,1.83333333333333,2,2,2,2,2,2,"In","In","ingroup","ingroup",0,0,0,1,0,0,"In","In",,0,0,0,0,0,0,0,0,0,"Victim__J_In__C_In",0,9,-9,"Ing_x_Ing","Ing_x_Ing__Victim","Ing_x_Ing__Reject","Ing_x_Ing__Victim__Reject",0,0,0,0,1,0,"Victim__J_In__C_In__Reject","Victim__J_In__C_In__Reject",1,0,0,0,0,0,0,0,0,0,0,0,0,0,0,0,0,0,0,0,0,0,0,0,0,0,0
182,5,2,"victim",0,20,4,2,1,2,1,1,TRUE,2.25,1.85714285714286,2,3.28571428571429,1.83333333333333,2,2,2,2,2,2,"In","In","ingroup","ingroup",0,0,0,1,0,0,"In","In",,0,0,0,0,0,0,0,0,0,"Victim__J_In__C_In",0,9,-9,"Ing_x_Ing","Ing_x_Ing__Victim","Ing_x_Ing__Reject","Ing_x_Ing__Victim__Reject",0,0,0,0,1,0,"Victim__J_In__C_In__Reject","Victim__J_In__C_In__Reject",1,0,0,0,0,0,0,0,0,0,0,0,0,0,0,0,0,0,0,0,0,0,0,0,0,0,0
182,6,1,"observer",1,20,4,2,1,2,1,1,TRUE,2.25,1.85714285714286,2,3.28571428571429,1.83333333333333,2,1,1,1,1,1,"Out","Out","outgroup","outgroup",1,0,1,1,0,0,"Out","Out","Out",1,0,1,0,1,0,1,0,1,"Observer__J_Out__C_Out__V_Out",0,9,-9,"Hum_x_Hum","Hum_x_Hum__Observer","Hum_x_Hum__Reject","Hum_x_Hum__Observer__Reject",1,0,0,0,0,0,"Observer__J_Out__C_Out__V_Out__Reject","Observer__J_Out__C_Out__V_Out__Reject",0,0,0,0,0,0,0,0,0,0,0,0,0,0,0,0,0,0,0,0,0,0,1,0,0,0,0
182,6,2,"observer",1,20,4,2,1,2,1,1,TRUE,2.25,1.85714285714286,2,3.28571428571429,1.83333333333333,2,1,1,1,1,1,"Out","Out","outgroup","outgroup",1,0,1,1,0,0,"Out","Out","Out",1,0,1,0,1,0,1,0,1,"Observer__J_Out__C_Out__V_Out",0,9,-9,"Hum_x_Hum","Hum_x_Hum__Observer","Hum_x_Hum__Reject","Hum_x_Hum__Observer__Reject",1,0,0,0,0,0,"Observer__J_Out__C_Out__V_Out__Reject","Observer__J_Out__C_Out__V_Out__Reject",0,0,0,0,0,0,0,0,0,0,0,0,0,0,0,0,0,0,0,0,0,0,1,0,0,0,0
182,7,1,"observer",1,20,4,2,1,2,1,1,TRUE,2.25,1.85714285714286,2,3.28571428571429,1.83333333333333,2,2,2,2,2,2,"In","In","ingroup","ingroup",0,0,0,1,0,0,"In","In","In",0,0,0,0,0,0,0,0,0,"Observer__J_In__C_In__V_In",0,9,-9,"Ing_x_Ing","Ing_x_Ing__Observer","Ing_x_Ing__Reject","Ing_x_Ing__Observer__Reject",0,0,0,0,1,0,"Observer__J_In__C_In__V_In__Reject","Observer__J_In__C_In__V_In__Reject",0,0,0,0,0,0,0,0,0,1,0,0,0,0,0,0,0,0,0,0,0,0,0,0,0,0,0
182,7,2,"observer",1,20,4,2,1,2,1,1,TRUE,2.25,1.85714285714286,2,3.28571428571429,1.83333333333333,2,2,2,2,2,2,"In","In","ingroup","ingroup",0,0,0,1,0,0,"In","In","In",0,0,0,0,0,0,0,0,0,"Observer__J_In__C_In__V_In",0,9,-9,"Ing_x_Ing","Ing_x_Ing__Observer","Ing_x_Ing__Reject","Ing_x_Ing__Observer__Reject",0,0,0,0,1,0,"Observer__J_In__C_In__V_In__Reject","Observer__J_In__C_In__V_In__Reject",0,0,0,0,0,0,0,0,0,1,0,0,0,0,0,0,0,0,0,0,0,0,0,0,0,0,0
183,4,1,"victim",0,20,4,2,1,2,1,1,TRUE,1.71428571428571,1.14285714285714,1.875,1.85714285714286,2,2,2,2,2,2,2,"In","In","ingroup","ingroup",0,0,0,1,1,1,"In","In",,0,0,0,0,0,0,0,0,0,"Victim__J_In__C_In",0,-9,9,"Ing_x_Ing","Ing_x_Ing__Victim","Ing_x_Ing__Accept","Ing_x_Ing__Victim__Accept",0,0,0,0,1,0,"Victim__J_In__C_In__Accept","Victim__J_In__C_In__Accept",1,0,0,0,0,0,0,0,0,0,0,0,0,0,0,0,0,0,0,0,0,0,0,0,0,0,0
183,4,2,"victim",0,20,4,2,1,2,1,1,TRUE,1.71428571428571,1.14285714285714,1.875,1.85714285714286,2,2,2,2,2,2,2,"In","In","ingroup","ingroup",0,0,0,1,1,1,"In","In",,0,0,0,0,0,0,0,0,0,"Victim__J_In__C_In",0,-9,9,"Ing_x_Ing","Ing_x_Ing__Victim","Ing_x_Ing__Accept","Ing_x_Ing__Victim__Accept",0,0,0,0,1,0,"Victim__J_In__C_In__Accept","Victim__J_In__C_In__Accept",1,0,0,0,0,0,0,0,0,0,0,0,0,0,0,0,0,0,0,0,0,0,0,0,0,0,0
184,1,1,"observer",1,20,4,2,1,2,1,2,TRUE,2.35714285714286,2.14285714285714,2.375,2.71428571428571,2.16666666666667,2,2,2,2,2,2,"In","In","ingroup","ingroup",0,0,0,1,0,1,"In","In","In",0,0,0,0,0,0,0,0,0,"Observer__J_In__C_In__V_In",0,9,-9,"Ing_x_Ing","Ing_x_Ing__Observer","Ing_x_Ing__Reject","Ing_x_Ing__Observer__Reject",0,0,0,0,1,0,"Observer__J_In__C_In__V_In__Reject","Observer__J_In__C_In__V_In__Reject",0,0,0,0,0,0,0,0,0,1,0,0,0,0,0,0,0,0,0,0,0,0,0,0,0,0,0
184,1,2,"observer",1,20,4,2,1,2,1,2,TRUE,2.35714285714286,2.14285714285714,2.375,2.71428571428571,2.16666666666667,2,2,2,2,2,2,"In","In","ingroup","ingroup",0,0,0,1,1,0,"In","In","In",0,0,0,0,0,0,0,0,0,"Observer__J_In__C_In__V_In",0,-7,7,"Ing_x_Ing","Ing_x_Ing__Observer","Ing_x_Ing__Accept","Ing_x_Ing__Observer__Accept",0,0,0,0,1,0,"Observer__J_In__C_In__V_In__Accept","Observer__J_In__C_In__V_In__Accept",0,0,0,0,0,0,0,0,0,1,0,0,0,0,0,0,0,0,0,0,0,0,0,0,0,0,0
184,2,1,"observer",1,20,4,2,1,2,1,2,TRUE,2.35714285714286,2.14285714285714,2.375,2.71428571428571,2.16666666666667,2,2,2,2,2,1,"In","In","ingroup","ingroup",0,0,1,0,0,0,"In","In","Out",0,0,0,0,0,0,0,0,1,"Observer__J_In__C_In__V_Out",0,9,-9,"Hum_x_Ing","Hum_x_Ing__Observer","Hum_x_Ing__Reject","Hum_x_Ing__Observer__Reject",0,1,0,0,0,0,"Observer__J_In__C_In__V_Out__Reject","Observer__J_In__C_In__V_Out__Reject",0,0,0,0,0,0,0,0,0,0,0,0,0,0,0,0,0,0,1,0,0,0,0,0,0,0,0
184,2,2,"observer",1,20,4,2,1,2,1,2,TRUE,2.35714285714286,2.14285714285714,2.375,2.71428571428571,2.16666666666667,2,2,2,2,2,1,"In","In","ingroup","ingroup",0,0,1,0,0,0,"In","In","Out",0,0,0,0,0,0,0,0,1,"Observer__J_In__C_In__V_Out",0,9,-9,"Hum_x_Ing","Hum_x_Ing__Observer","Hum_x_Ing__Reject","Hum_x_Ing__Observer__Reject",0,1,0,0,0,0,"Observer__J_In__C_In__V_Out__Reject","Observer__J_In__C_In__V_Out__Reject",0,0,0,0,0,0,0,0,0,0,0,0,0,0,0,0,0,0,1,0,0,0,0,0,0,0,0
184,4,1,"observer",1,20,4,2,1,2,1,2,TRUE,2.35714285714286,2.14285714285714,2.375,2.71428571428571,2.16666666666667,2,1,2,1,2,2,"Out","In","outgroup","ingroup",1,0,0,0,0,0,"Out","In","In",1,0,0,0,1,0,0,0,0,"Observer__J_Out__C_In__V_In",0,9,-9,"Ing_x_Hum","Ing_x_Hum__Observer","Ing_x_Hum__Reject","Ing_x_Hum__Observer__Reject",0,0,0,1,0,0,"Observer__J_Out__C_In__V_In__Reject","Observer__J_Out__C_In__V_In__Reject",0,0,0,0,0,0,0,0,0,0,1,0,0,0,0,0,0,0,0,0,0,0,0,0,0,0,0
184,4,2,"observer",1,20,4,2,1,2,1,2,TRUE,2.35714285714286,2.14285714285714,2.375,2.71428571428571,2.16666666666667,2,1,2,2,1,2,"Out","In","ingroup","outgroup",0,0,0,1,0,0,"In","Out","In",1,0,0,0,0,0,1,0,0,"Observer__J_In__C_Out__V_In",0,9,-9,"Ing_x_Ing","Ing_x_Ing__Observer","Ing_x_Ing__Reject","Ing_x_Ing__Observer__Reject",0,0,0,0,1,0,"Observer__J_In__C_Out__V_In__Reject","Observer__J_In__C_Out__V_In__Reject",0,0,0,0,0,0,0,0,0,0,0,0,1,0,0,0,0,0,0,0,0,0,0,0,0,0,0
184,5,1,"observer",1,20,4,2,1,2,1,2,TRUE,2.35714285714286,2.14285714285714,2.375,2.71428571428571,2.16666666666667,2,2,2,2,2,2,"In","In","ingroup","ingroup",0,0,0,1,0,0,"In","In","In",0,0,0,0,0,0,0,0,0,"Observer__J_In__C_In__V_In",0,9,-9,"Ing_x_Ing","Ing_x_Ing__Observer","Ing_x_Ing__Reject","Ing_x_Ing__Observer__Reject",0,0,0,0,1,0,"Observer__J_In__C_In__V_In__Reject","Observer__J_In__C_In__V_In__Reject",0,0,0,0,0,0,0,0,0,1,0,0,0,0,0,0,0,0,0,0,0,0,0,0,0,0,0
184,5,2,"observer",1,20,4,2,1,2,1,2,TRUE,2.35714285714286,2.14285714285714,2.375,2.71428571428571,2.16666666666667,2,2,2,2,2,2,"In","In","ingroup","ingroup",0,0,0,1,0,0,"In","In","In",0,0,0,0,0,0,0,0,0,"Observer__J_In__C_In__V_In",0,9,-9,"Ing_x_Ing","Ing_x_Ing__Observer","Ing_x_Ing__Reject","Ing_x_Ing__Observer__Reject",0,0,0,0,1,0,"Observer__J_In__C_In__V_In__Reject","Observer__J_In__C_In__V_In__Reject",0,0,0,0,0,0,0,0,0,1,0,0,0,0,0,0,0,0,0,0,0,0,0,0,0,0,0
184,6,1,"victim",0,20,4,2,1,2,1,2,TRUE,2.35714285714286,2.14285714285714,2.375,2.71428571428571,2.16666666666667,2,1,1,1,1,2,"Out","Out","outgroup","outgroup",1,0,0,0,1,1,"Out","Out",,1,0,1,0,1,0,1,0,0,"Victim__J_Out__C_Out",0,-9,9,"Ing_x_Hum","Ing_x_Hum__Victim","Ing_x_Hum__Accept","Ing_x_Hum__Victim__Accept",0,0,0,1,0,0,"Victim__J_Out__C_Out__Accept","Victim__J_Out__C_Out__Accept",0,0,0,0,1,0,0,0,0,0,0,0,0,0,0,0,0,0,0,0,0,0,0,0,0,0,0
184,6,2,"victim",0,20,4,2,1,2,1,2,TRUE,2.35714285714286,2.14285714285714,2.375,2.71428571428571,2.16666666666667,2,1,1,1,1,2,"Out","Out","outgroup","outgroup",1,0,0,0,1,1,"Out","Out",,1,0,1,0,1,0,1,0,0,"Victim__J_Out__C_Out",0,-9,9,"Ing_x_Hum","Ing_x_Hum__Victim","Ing_x_Hum__Accept","Ing_x_Hum__Victim__Accept",0,0,0,1,0,0,"Victim__J_Out__C_Out__Accept","Victim__J_Out__C_Out__Accept",0,0,0,0,1,0,0,0,0,0,0,0,0,0,0,0,0,0,0,0,0,0,0,0,0,0,0
184,9,1,"victim",0,20,4,2,1,2,1,2,TRUE,2.35714285714286,2.14285714285714,2.375,2.71428571428571,2.16666666666667,2,1,2,1,2,2,"Out","In","outgroup","ingroup",1,0,0,0,0,1,"Out","In",,1,0,0,0,1,0,0,0,0,"Victim__J_Out__C_In",0,9,-9,"Ing_x_Hum","Ing_x_Hum__Victim","Ing_x_Hum__Reject","Ing_x_Hum__Victim__Reject",0,0,0,1,0,0,"Victim__J_Out__C_In__Reject","Victim__J_Out__C_In__Reject",0,1,0,0,0,0,0,0,0,0,0,0,0,0,0,0,0,0,0,0,0,0,0,0,0,0,0
184,9,2,"victim",0,20,4,2,1,2,1,2,TRUE,2.35714285714286,2.14285714285714,2.375,2.71428571428571,2.16666666666667,2,1,2,2,1,2,"Out","In","ingroup","outgroup",0,0,0,1,1,0,"In","Out",,1,0,0,0,0,0,1,0,0,"Victim__J_In__C_Out",0,-9,9,"Ing_x_Ing","Ing_x_Ing__Victim","Ing_x_Ing__Accept","Ing_x_Ing__Victim__Accept",0,0,0,0,1,0,"Victim__J_In__C_Out__Accept","Victim__J_In__C_Out__Accept",0,0,0,1,0,0,0,0,0,0,0,0,0,0,0,0,0,0,0,0,0,0,0,0,0,0,0
185,4,1,"observer",1,19,3,1,0,1,0,2,TRUE,1.53571428571429,1.28571428571429,1.125,1.85714285714286,2,1,1,2,1,2,2,"In","Out","ingroup","outgroup",0,0,1,0,0,0,"In","Out","Out",0,0,1,0,0,0,1,0,1,"Observer__J_In__C_Out__V_Out",0,9,-9,"Ing_x_Hum","Ing_x_Hum__Observer","Ing_x_Hum__Reject","Ing_x_Hum__Observer__Reject",0,0,0,1,0,0,"Observer__J_In__C_Out__V_Out__Reject","Observer__J_In__C_Out__V_Out__Reject",0,0,0,0,0,0,0,0,0,0,0,0,0,0,0,0,0,0,0,0,0,1,0,0,0,0,0
185,4,2,"observer",1,19,3,1,0,1,0,2,TRUE,1.53571428571429,1.28571428571429,1.125,1.85714285714286,2,1,1,2,2,1,2,"In","Out","outgroup","ingroup",1,0,1,1,0,0,"Out","In","Out",0,0,1,0,1,0,0,0,1,"Observer__J_Out__C_In__V_Out",0,9,-9,"Ing_x_Ing","Ing_x_Ing__Observer","Ing_x_Ing__Reject","Ing_x_Ing__Observer__Reject",0,0,0,0,1,0,"Observer__J_Out__C_In__V_Out__Reject","Observer__J_Out__C_In__V_Out__Reject",0,0,0,0,0,0,0,0,0,0,0,0,0,0,0,0,0,0,0,1,0,0,0,0,0,0,0
185,5,1,"observer",1,19,3,1,0,1,0,2,TRUE,1.53571428571429,1.28571428571429,1.125,1.85714285714286,2,1,1,1,1,1,1,"In","In","ingroup","ingroup",0,0,0,1,0,0,"In","In","In",0,0,0,0,0,0,0,0,0,"Observer__J_In__C_In__V_In",0,9,-9,"Hum_x_Hum","Hum_x_Hum__Observer","Hum_x_Hum__Reject","Hum_x_Hum__Observer__Reject",1,0,0,0,0,0,"Observer__J_In__C_In__V_In__Reject","Observer__J_In__C_In__V_In__Reject",0,0,0,0,0,0,0,0,0,1,0,0,0,0,0,0,0,0,0,0,0,0,0,0,0,0,0
185,5,2,"observer",1,19,3,1,0,1,0,2,TRUE,1.53571428571429,1.28571428571429,1.125,1.85714285714286,2,1,1,1,1,1,1,"In","In","ingroup","ingroup",0,0,0,1,0,0,"In","In","In",0,0,0,0,0,0,0,0,0,"Observer__J_In__C_In__V_In",0,9,-9,"Hum_x_Hum","Hum_x_Hum__Observer","Hum_x_Hum__Reject","Hum_x_Hum__Observer__Reject",1,0,0,0,0,0,"Observer__J_In__C_In__V_In__Reject","Observer__J_In__C_In__V_In__Reject",0,0,0,0,0,0,0,0,0,1,0,0,0,0,0,0,0,0,0,0,0,0,0,0,0,0,0
186,6,1,"victim",0,20,2,2,1,1,0,2,TRUE,1.89285714285714,1.57142857142857,2.25,2,1.66666666666667,1,2,1,2,1,1,"Out","In","outgroup","ingroup",1,0,0,0,0,1,"Out","In",,1,0,0,0,1,0,0,0,0,"Victim__J_Out__C_In",0,9,-9,"Hum_x_Ing","Hum_x_Ing__Victim","Hum_x_Ing__Reject","Hum_x_Ing__Victim__Reject",0,1,0,0,0,0,"Victim__J_Out__C_In__Reject","Victim__J_Out__C_In__Reject",0,1,0,0,0,0,0,0,0,0,0,0,0,0,0,0,0,0,0,0,0,0,0,0,0,0,0
186,6,2,"victim",0,20,2,2,1,1,0,2,TRUE,1.89285714285714,1.57142857142857,2.25,2,1.66666666666667,1,2,1,1,2,1,"Out","In","ingroup","outgroup",0,0,0,1,1,0,"In","Out",,1,0,0,0,0,0,1,0,0,"Victim__J_In__C_Out",0,-9,9,"Hum_x_Hum","Hum_x_Hum__Victim","Hum_x_Hum__Accept","Hum_x_Hum__Victim__Accept",1,0,0,0,0,0,"Victim__J_In__C_Out__Accept","Victim__J_In__C_Out__Accept",0,0,0,1,0,0,0,0,0,0,0,0,0,0,0,0,0,0,0,0,0,0,0,0,0,0,0
186,8,1,"victim",0,20,2,2,1,1,0,2,TRUE,1.89285714285714,1.57142857142857,2.25,2,1.66666666666667,1,2,1,2,1,1,"Out","In","outgroup","ingroup",1,0,0,0,1,0,"Out","In",,1,0,0,0,1,0,0,0,0,"Victim__J_Out__C_In",0,-9,9,"Hum_x_Ing","Hum_x_Ing__Victim","Hum_x_Ing__Accept","Hum_x_Ing__Victim__Accept",0,1,0,0,0,0,"Victim__J_Out__C_In__Accept","Victim__J_Out__C_In__Accept",0,1,0,0,0,0,0,0,0,0,0,0,0,0,0,0,0,0,0,0,0,0,0,0,0,0,0
186,8,2,"victim",0,20,2,2,1,1,0,2,TRUE,1.89285714285714,1.57142857142857,2.25,2,1.66666666666667,1,2,1,1,2,1,"Out","In","ingroup","outgroup",0,0,0,1,0,1,"In","Out",,1,0,0,0,0,0,1,0,0,"Victim__J_In__C_Out",0,9,-9,"Hum_x_Hum","Hum_x_Hum__Victim","Hum_x_Hum__Reject","Hum_x_Hum__Victim__Reject",1,0,0,0,0,0,"Victim__J_In__C_Out__Reject","Victim__J_In__C_Out__Reject",0,0,0,1,0,0,0,0,0,0,0,0,0,0,0,0,0,0,0,0,0,0,0,0,0,0,0
186,9,1,"victim",0,20,2,2,1,1,0,2,TRUE,1.89285714285714,1.57142857142857,2.25,2,1.66666666666667,1,2,2,2,2,1,"Out","Out","outgroup","outgroup",1,0,0,0,1,1,"Out","Out",,1,0,1,0,1,0,1,0,0,"Victim__J_Out__C_Out",0,-9,9,"Hum_x_Ing","Hum_x_Ing__Victim","Hum_x_Ing__Accept","Hum_x_Ing__Victim__Accept",0,1,0,0,0,0,"Victim__J_Out__C_Out__Accept","Victim__J_Out__C_Out__Accept",0,0,0,0,1,0,0,0,0,0,0,0,0,0,0,0,0,0,0,0,0,0,0,0,0,0,0
186,9,2,"victim",0,20,2,2,1,1,0,2,TRUE,1.89285714285714,1.57142857142857,2.25,2,1.66666666666667,1,2,2,2,2,1,"Out","Out","outgroup","outgroup",1,0,0,0,1,1,"Out","Out",,1,0,1,0,1,0,1,0,0,"Victim__J_Out__C_Out",0,-9,9,"Hum_x_Ing","Hum_x_Ing__Victim","Hum_x_Ing__Accept","Hum_x_Ing__Victim__Accept",0,1,0,0,0,0,"Victim__J_Out__C_Out__Accept","Victim__J_Out__C_Out__Accept",0,0,0,0,1,0,0,0,0,0,0,0,0,0,0,0,0,0,0,0,0,0,0,0,0,0,0
186,10,1,"victim",0,20,2,2,1,1,0,2,TRUE,1.89285714285714,1.57142857142857,2.25,2,1.66666666666667,1,1,2,1,2,1,"In","Out","ingroup","outgroup",0,0,0,1,0,1,"In","Out",,0,0,1,0,0,0,1,0,0,"Victim__J_In__C_Out",0,9,-9,"Hum_x_Hum","Hum_x_Hum__Victim","Hum_x_Hum__Reject","Hum_x_Hum__Victim__Reject",1,0,0,0,0,0,"Victim__J_In__C_Out__Reject","Victim__J_In__C_Out__Reject",0,0,0,1,0,0,0,0,0,0,0,0,0,0,0,0,0,0,0,0,0,0,0,0,0,0,0
186,10,2,"victim",0,20,2,2,1,1,0,2,TRUE,1.89285714285714,1.57142857142857,2.25,2,1.66666666666667,1,1,2,2,1,1,"In","Out","outgroup","ingroup",1,0,0,0,1,0,"Out","In",,0,0,1,0,1,0,0,0,0,"Victim__J_Out__C_In",0,-9,9,"Hum_x_Ing","Hum_x_Ing__Victim","Hum_x_Ing__Accept","Hum_x_Ing__Victim__Accept",0,1,0,0,0,0,"Victim__J_Out__C_In__Accept","Victim__J_Out__C_In__Accept",0,1,0,0,0,0,0,0,0,0,0,0,0,0,0,0,0,0,0,0,0,0,0,0,0,0,0
187,1,1,"victim",0,18,0,2,1,1,0,1,TRUE,1.21428571428571,1.14285714285714,1.5,1,1.16666666666667,1,1,1,1,1,1,"In","In","ingroup","ingroup",0,0,0,1,1,0,"In","In",,0,0,0,0,0,0,0,0,0,"Victim__J_In__C_In",0,-3,3,"Hum_x_Hum","Hum_x_Hum__Victim","Hum_x_Hum__Accept","Hum_x_Hum__Victim__Accept",1,0,0,0,0,0,"Victim__J_In__C_In__Accept","Victim__J_In__C_In__Accept",1,0,0,0,0,0,0,0,0,0,0,0,0,0,0,0,0,0,0,0,0,0,0,0,0,0,0
187,1,2,"victim",0,18,0,2,1,1,0,1,TRUE,1.21428571428571,1.14285714285714,1.5,1,1.16666666666667,1,1,1,1,1,1,"In","In","ingroup","ingroup",0,0,0,1,0,1,"In","In",,0,0,0,0,0,0,0,0,0,"Victim__J_In__C_In",0,9,-9,"Hum_x_Hum","Hum_x_Hum__Victim","Hum_x_Hum__Reject","Hum_x_Hum__Victim__Reject",1,0,0,0,0,0,"Victim__J_In__C_In__Reject","Victim__J_In__C_In__Reject",1,0,0,0,0,0,0,0,0,0,0,0,0,0,0,0,0,0,0,0,0,0,0,0,0,0,0
187,3,1,"victim",0,18,0,2,1,1,0,1,TRUE,1.21428571428571,1.14285714285714,1.5,1,1.16666666666667,1,2,2,2,2,1,"Out","Out","outgroup","outgroup",1,0,0,0,0,0,"Out","Out",,1,0,1,0,1,0,1,0,0,"Victim__J_Out__C_Out",0,9,-9,"Hum_x_Ing","Hum_x_Ing__Victim","Hum_x_Ing__Reject","Hum_x_Ing__Victim__Reject",0,1,0,0,0,0,"Victim__J_Out__C_Out__Reject","Victim__J_Out__C_Out__Reject",0,0,0,0,1,0,0,0,0,0,0,0,0,0,0,0,0,0,0,0,0,0,0,0,0,0,0
187,3,2,"victim",0,18,0,2,1,1,0,1,TRUE,1.21428571428571,1.14285714285714,1.5,1,1.16666666666667,1,2,2,2,2,1,"Out","Out","outgroup","outgroup",1,0,0,0,0,0,"Out","Out",,1,0,1,0,1,0,1,0,0,"Victim__J_Out__C_Out",0,9,-9,"Hum_x_Ing","Hum_x_Ing__Victim","Hum_x_Ing__Reject","Hum_x_Ing__Victim__Reject",0,1,0,0,0,0,"Victim__J_Out__C_Out__Reject","Victim__J_Out__C_Out__Reject",0,0,0,0,1,0,0,0,0,0,0,0,0,0,0,0,0,0,0,0,0,0,0,0,0,0,0
187,8,1,"observer",1,18,0,2,1,1,0,1,TRUE,1.21428571428571,1.14285714285714,1.5,1,1.16666666666667,1,2,1,2,1,1,"Out","In","outgroup","ingroup",1,0,0,0,1,0,"Out","In","In",1,0,0,0,1,0,0,0,0,"Observer__J_Out__C_In__V_In",0,-5,5,"Hum_x_Ing","Hum_x_Ing__Observer","Hum_x_Ing__Accept","Hum_x_Ing__Observer__Accept",0,1,0,0,0,0,"Observer__J_Out__C_In__V_In__Accept","Observer__J_Out__C_In__V_In__Accept",0,0,0,0,0,0,0,0,0,0,1,0,0,0,0,0,0,0,0,0,0,0,0,0,0,0,0
187,8,2,"observer",1,18,0,2,1,1,0,1,TRUE,1.21428571428571,1.14285714285714,1.5,1,1.16666666666667,1,2,1,1,2,1,"Out","In","ingroup","outgroup",0,0,0,1,0,1,"In","Out","In",1,0,0,0,0,0,1,0,0,"Observer__J_In__C_Out__V_In",0,8,-8,"Hum_x_Hum","Hum_x_Hum__Observer","Hum_x_Hum__Reject","Hum_x_Hum__Observer__Reject",1,0,0,0,0,0,"Observer__J_In__C_Out__V_In__Reject","Observer__J_In__C_Out__V_In__Reject",0,0,0,0,0,0,0,0,0,0,0,0,1,0,0,0,0,0,0,0,0,0,0,0,0,0,0
187,9,1,"observer",1,18,0,2,1,1,0,1,TRUE,1.21428571428571,1.14285714285714,1.5,1,1.16666666666667,1,2,1,2,1,2,"Out","In","outgroup","ingroup",1,0,1,1,1,0,"Out","In","Out",1,0,0,0,1,0,0,0,1,"Observer__J_Out__C_In__V_Out",0,-5,5,"Ing_x_Ing","Ing_x_Ing__Observer","Ing_x_Ing__Accept","Ing_x_Ing__Observer__Accept",0,0,0,0,1,0,"Observer__J_Out__C_In__V_Out__Accept","Observer__J_Out__C_In__V_Out__Accept",0,0,0,0,0,0,0,0,0,0,0,0,0,0,0,0,0,0,0,1,0,0,0,0,0,0,0
187,9,2,"observer",1,18,0,2,1,1,0,1,TRUE,1.21428571428571,1.14285714285714,1.5,1,1.16666666666667,1,2,1,1,2,2,"Out","In","ingroup","outgroup",0,0,1,0,0,1,"In","Out","Out",1,0,0,0,0,0,1,0,1,"Observer__J_In__C_Out__V_Out",0,9,-9,"Ing_x_Hum","Ing_x_Hum__Observer","Ing_x_Hum__Reject","Ing_x_Hum__Observer__Reject",0,0,0,1,0,0,"Observer__J_In__C_Out__V_Out__Reject","Observer__J_In__C_Out__V_Out__Reject",0,0,0,0,0,0,0,0,0,0,0,0,0,0,0,0,0,0,0,0,0,1,0,0,0,0,0
187,10,1,"observer",1,18,0,2,1,1,0,1,TRUE,1.21428571428571,1.14285714285714,1.5,1,1.16666666666667,1,2,2,2,2,1,"Out","Out","outgroup","outgroup",1,0,0,0,1,0,"Out","Out","In",1,0,1,0,1,0,1,0,0,"Observer__J_Out__C_Out__V_In",0,-5,5,"Hum_x_Ing","Hum_x_Ing__Observer","Hum_x_Ing__Accept","Hum_x_Ing__Observer__Accept",0,1,0,0,0,0,"Observer__J_Out__C_Out__V_In__Accept","Observer__J_Out__C_Out__V_In__Accept",0,0,0,0,0,0,0,0,0,0,0,0,0,1,0,0,0,0,0,0,0,0,0,0,0,0,0
187,10,2,"observer",1,18,0,2,1,1,0,1,TRUE,1.21428571428571,1.14285714285714,1.5,1,1.16666666666667,1,2,2,2,2,1,"Out","Out","outgroup","outgroup",1,0,0,0,0,1,"Out","Out","In",1,0,1,0,1,0,1,0,0,"Observer__J_Out__C_Out__V_In",0,8,-8,"Hum_x_Ing","Hum_x_Ing__Observer","Hum_x_Ing__Reject","Hum_x_Ing__Observer__Reject",0,1,0,0,0,0,"Observer__J_Out__C_Out__V_In__Reject","Observer__J_Out__C_Out__V_In__Reject",0,0,0,0,0,0,0,0,0,0,0,0,0,1,0,0,0,0,0,0,0,0,0,0,0,0,0
188,1,1,"victim",0,26,2,2,1,1,0,1,TRUE,2.14285714285714,2.42857142857143,1.875,2.71428571428571,1.5,1,2,2,2,2,1,"Out","Out","outgroup","outgroup",1,0,0,0,0,1,"Out","Out",,1,0,1,0,1,0,1,0,0,"Victim__J_Out__C_Out",0,9,-9,"Hum_x_Ing","Hum_x_Ing__Victim","Hum_x_Ing__Reject","Hum_x_Ing__Victim__Reject",0,1,0,0,0,0,"Victim__J_Out__C_Out__Reject","Victim__J_Out__C_Out__Reject",0,0,0,0,1,0,0,0,0,0,0,0,0,0,0,0,0,0,0,0,0,0,0,0,0,0,0
188,1,2,"victim",0,26,2,2,1,1,0,1,TRUE,2.14285714285714,2.42857142857143,1.875,2.71428571428571,1.5,1,2,2,2,2,1,"Out","Out","outgroup","outgroup",1,0,0,0,1,0,"Out","Out",,1,0,1,0,1,0,1,0,0,"Victim__J_Out__C_Out",0,0,0,"Hum_x_Ing","Hum_x_Ing__Victim","Hum_x_Ing__Accept","Hum_x_Ing__Victim__Accept",0,1,0,0,0,0,"Victim__J_Out__C_Out__Accept","Victim__J_Out__C_Out__Accept",0,0,0,0,1,0,0,0,0,0,0,0,0,0,0,0,0,0,0,0,0,0,0,0,0,0,0
188,2,1,"victim",0,26,2,2,1,1,0,1,TRUE,2.14285714285714,2.42857142857143,1.875,2.71428571428571,1.5,1,1,1,1,1,1,"In","In","ingroup","ingroup",0,0,0,1,1,1,"In","In",,0,0,0,0,0,0,0,0,0,"Victim__J_In__C_In",0,0,0,"Hum_x_Hum","Hum_x_Hum__Victim","Hum_x_Hum__Accept","Hum_x_Hum__Victim__Accept",1,0,0,0,0,0,"Victim__J_In__C_In__Accept","Victim__J_In__C_In__Accept",1,0,0,0,0,0,0,0,0,0,0,0,0,0,0,0,0,0,0,0,0,0,0,0,0,0,0
188,2,2,"victim",0,26,2,2,1,1,0,1,TRUE,2.14285714285714,2.42857142857143,1.875,2.71428571428571,1.5,1,1,1,1,1,1,"In","In","ingroup","ingroup",0,0,0,1,1,1,"In","In",,0,0,0,0,0,0,0,0,0,"Victim__J_In__C_In",0,0,0,"Hum_x_Hum","Hum_x_Hum__Victim","Hum_x_Hum__Accept","Hum_x_Hum__Victim__Accept",1,0,0,0,0,0,"Victim__J_In__C_In__Accept","Victim__J_In__C_In__Accept",1,0,0,0,0,0,0,0,0,0,0,0,0,0,0,0,0,0,0,0,0,0,0,0,0,0,0
188,3,1,"victim",0,26,2,2,1,1,0,1,TRUE,2.14285714285714,2.42857142857143,1.875,2.71428571428571,1.5,1,2,2,2,2,1,"Out","Out","outgroup","outgroup",1,0,0,0,0,0,"Out","Out",,1,0,1,0,1,0,1,0,0,"Victim__J_Out__C_Out",0,4,-4,"Hum_x_Ing","Hum_x_Ing__Victim","Hum_x_Ing__Reject","Hum_x_Ing__Victim__Reject",0,1,0,0,0,0,"Victim__J_Out__C_Out__Reject","Victim__J_Out__C_Out__Reject",0,0,0,0,1,0,0,0,0,0,0,0,0,0,0,0,0,0,0,0,0,0,0,0,0,0,0
188,3,2,"victim",0,26,2,2,1,1,0,1,TRUE,2.14285714285714,2.42857142857143,1.875,2.71428571428571,1.5,1,2,2,2,2,1,"Out","Out","outgroup","outgroup",1,0,0,0,0,0,"Out","Out",,1,0,1,0,1,0,1,0,0,"Victim__J_Out__C_Out",0,4,-4,"Hum_x_Ing","Hum_x_Ing__Victim","Hum_x_Ing__Reject","Hum_x_Ing__Victim__Reject",0,1,0,0,0,0,"Victim__J_Out__C_Out__Reject","Victim__J_Out__C_Out__Reject",0,0,0,0,1,0,0,0,0,0,0,0,0,0,0,0,0,0,0,0,0,0,0,0,0,0,0
188,8,1,"observer",1,26,2,2,1,1,0,1,TRUE,2.14285714285714,2.42857142857143,1.875,2.71428571428571,1.5,1,2,2,2,2,2,"Out","Out","outgroup","outgroup",1,0,1,1,1,0,"Out","Out","Out",1,0,1,0,1,0,1,0,1,"Observer__J_Out__C_Out__V_Out",0,0,0,"Ing_x_Ing","Ing_x_Ing__Observer","Ing_x_Ing__Accept","Ing_x_Ing__Observer__Accept",0,0,0,0,1,0,"Observer__J_Out__C_Out__V_Out__Accept","Observer__J_Out__C_Out__V_Out__Accept",0,0,0,0,0,0,0,0,0,0,0,0,0,0,0,0,0,0,0,0,0,0,1,0,0,0,0
188,8,2,"observer",1,26,2,2,1,1,0,1,TRUE,2.14285714285714,2.42857142857143,1.875,2.71428571428571,1.5,1,2,2,2,2,2,"Out","Out","outgroup","outgroup",1,0,1,1,0,1,"Out","Out","Out",1,0,1,0,1,0,1,0,1,"Observer__J_Out__C_Out__V_Out",0,0,0,"Ing_x_Ing","Ing_x_Ing__Observer","Ing_x_Ing__Reject","Ing_x_Ing__Observer__Reject",0,0,0,0,1,0,"Observer__J_Out__C_Out__V_Out__Reject","Observer__J_Out__C_Out__V_Out__Reject",0,0,0,0,0,0,0,0,0,0,0,0,0,0,0,0,0,0,0,0,0,0,1,0,0,0,0
188,9,1,"observer",1,26,2,2,1,1,0,1,TRUE,2.14285714285714,2.42857142857143,1.875,2.71428571428571,1.5,1,1,1,1,1,2,"In","In","ingroup","ingroup",0,0,1,0,0,0,"In","In","Out",0,0,0,0,0,0,0,0,1,"Observer__J_In__C_In__V_Out",0,0,0,"Ing_x_Hum","Ing_x_Hum__Observer","Ing_x_Hum__Reject","Ing_x_Hum__Observer__Reject",0,0,0,1,0,0,"Observer__J_In__C_In__V_Out__Reject","Observer__J_In__C_In__V_Out__Reject",0,0,0,0,0,0,0,0,0,0,0,0,0,0,0,0,0,0,1,0,0,0,0,0,0,0,0
188,9,2,"observer",1,26,2,2,1,1,0,1,TRUE,2.14285714285714,2.42857142857143,1.875,2.71428571428571,1.5,1,1,1,1,1,2,"In","In","ingroup","ingroup",0,0,1,0,0,0,"In","In","Out",0,0,0,0,0,0,0,0,1,"Observer__J_In__C_In__V_Out",0,0,0,"Ing_x_Hum","Ing_x_Hum__Observer","Ing_x_Hum__Reject","Ing_x_Hum__Observer__Reject",0,0,0,1,0,0,"Observer__J_In__C_In__V_Out__Reject","Observer__J_In__C_In__V_Out__Reject",0,0,0,0,0,0,0,0,0,0,0,0,0,0,0,0,0,0,1,0,0,0,0,0,0,0,0
189,2,1,"victim",0,19,0,1,0,1,0,1,TRUE,1.53571428571429,1.42857142857143,1.625,1.57142857142857,1.5,1,2,2,2,2,1,"Out","Out","outgroup","outgroup",1,0,0,0,0,1,"Out","Out",,1,0,1,0,1,0,1,0,0,"Victim__J_Out__C_Out",0,9,-9,"Hum_x_Ing","Hum_x_Ing__Victim","Hum_x_Ing__Reject","Hum_x_Ing__Victim__Reject",0,1,0,0,0,0,"Victim__J_Out__C_Out__Reject","Victim__J_Out__C_Out__Reject",0,0,0,0,1,0,0,0,0,0,0,0,0,0,0,0,0,0,0,0,0,0,0,0,0,0,0
189,2,2,"victim",0,19,0,1,0,1,0,1,TRUE,1.53571428571429,1.42857142857143,1.625,1.57142857142857,1.5,1,2,2,2,2,1,"Out","Out","outgroup","outgroup",1,0,0,0,1,0,"Out","Out",,1,0,1,0,1,0,1,0,0,"Victim__J_Out__C_Out",0,-9,9,"Hum_x_Ing","Hum_x_Ing__Victim","Hum_x_Ing__Accept","Hum_x_Ing__Victim__Accept",0,1,0,0,0,0,"Victim__J_Out__C_Out__Accept","Victim__J_Out__C_Out__Accept",0,0,0,0,1,0,0,0,0,0,0,0,0,0,0,0,0,0,0,0,0,0,0,0,0,0,0
189,3,1,"victim",0,19,0,1,0,1,0,1,TRUE,1.53571428571429,1.42857142857143,1.625,1.57142857142857,1.5,1,2,1,2,1,1,"Out","In","outgroup","ingroup",1,0,0,0,0,1,"Out","In",,1,0,0,0,1,0,0,0,0,"Victim__J_Out__C_In",0,9,-9,"Hum_x_Ing","Hum_x_Ing__Victim","Hum_x_Ing__Reject","Hum_x_Ing__Victim__Reject",0,1,0,0,0,0,"Victim__J_Out__C_In__Reject","Victim__J_Out__C_In__Reject",0,1,0,0,0,0,0,0,0,0,0,0,0,0,0,0,0,0,0,0,0,0,0,0,0,0,0
189,3,2,"victim",0,19,0,1,0,1,0,1,TRUE,1.53571428571429,1.42857142857143,1.625,1.57142857142857,1.5,1,2,1,1,2,1,"Out","In","ingroup","outgroup",0,0,0,1,1,0,"In","Out",,1,0,0,0,0,0,1,0,0,"Victim__J_In__C_Out",0,-9,9,"Hum_x_Hum","Hum_x_Hum__Victim","Hum_x_Hum__Accept","Hum_x_Hum__Victim__Accept",1,0,0,0,0,0,"Victim__J_In__C_Out__Accept","Victim__J_In__C_Out__Accept",0,0,0,1,0,0,0,0,0,0,0,0,0,0,0,0,0,0,0,0,0,0,0,0,0,0,0
189,7,1,"observer",1,19,0,1,0,1,0,1,TRUE,1.53571428571429,1.42857142857143,1.625,1.57142857142857,1.5,1,2,1,2,1,2,"Out","In","outgroup","ingroup",1,0,1,1,1,0,"Out","In","Out",1,0,0,0,1,0,0,0,1,"Observer__J_Out__C_In__V_Out",0,-9,9,"Ing_x_Ing","Ing_x_Ing__Observer","Ing_x_Ing__Accept","Ing_x_Ing__Observer__Accept",0,0,0,0,1,0,"Observer__J_Out__C_In__V_Out__Accept","Observer__J_Out__C_In__V_Out__Accept",0,0,0,0,0,0,0,0,0,0,0,0,0,0,0,0,0,0,0,1,0,0,0,0,0,0,0
189,7,2,"observer",1,19,0,1,0,1,0,1,TRUE,1.53571428571429,1.42857142857143,1.625,1.57142857142857,1.5,1,2,1,1,2,2,"Out","In","ingroup","outgroup",0,0,1,0,0,1,"In","Out","Out",1,0,0,0,0,0,1,0,1,"Observer__J_In__C_Out__V_Out",0,9,-9,"Ing_x_Hum","Ing_x_Hum__Observer","Ing_x_Hum__Reject","Ing_x_Hum__Observer__Reject",0,0,0,1,0,0,"Observer__J_In__C_Out__V_Out__Reject","Observer__J_In__C_Out__V_Out__Reject",0,0,0,0,0,0,0,0,0,0,0,0,0,0,0,0,0,0,0,0,0,1,0,0,0,0,0
190,1,1,"observer",1,18,3,1,0,1,0,2,TRUE,2.57142857142857,2.14285714285714,3.125,2.57142857142857,2.33333333333333,1,2,1,2,1,2,"Out","In","outgroup","ingroup",1,0,1,1,1,1,"Out","In","Out",1,0,0,0,1,0,0,0,1,"Observer__J_Out__C_In__V_Out",0,-3,3,"Ing_x_Ing","Ing_x_Ing__Observer","Ing_x_Ing__Accept","Ing_x_Ing__Observer__Accept",0,0,0,0,1,0,"Observer__J_Out__C_In__V_Out__Accept","Observer__J_Out__C_In__V_Out__Accept",0,0,0,0,0,0,0,0,0,0,0,0,0,0,0,0,0,0,0,1,0,0,0,0,0,0,0
190,1,2,"observer",1,18,3,1,0,1,0,2,TRUE,2.57142857142857,2.14285714285714,3.125,2.57142857142857,2.33333333333333,1,2,1,1,2,2,"Out","In","ingroup","outgroup",0,0,1,0,1,1,"In","Out","Out",1,0,0,0,0,0,1,0,1,"Observer__J_In__C_Out__V_Out",0,-3,3,"Ing_x_Hum","Ing_x_Hum__Observer","Ing_x_Hum__Accept","Ing_x_Hum__Observer__Accept",0,0,0,1,0,0,"Observer__J_In__C_Out__V_Out__Accept","Observer__J_In__C_Out__V_Out__Accept",0,0,0,0,0,0,0,0,0,0,0,0,0,0,0,0,0,0,0,0,0,1,0,0,0,0,0
190,2,1,"observer",1,18,3,1,0,1,0,2,TRUE,2.57142857142857,2.14285714285714,3.125,2.57142857142857,2.33333333333333,1,2,1,2,1,1,"Out","In","outgroup","ingroup",1,0,0,0,0,0,"Out","In","In",1,0,0,0,1,0,0,0,0,"Observer__J_Out__C_In__V_In",0,3,-3,"Hum_x_Ing","Hum_x_Ing__Observer","Hum_x_Ing__Reject","Hum_x_Ing__Observer__Reject",0,1,0,0,0,0,"Observer__J_Out__C_In__V_In__Reject","Observer__J_Out__C_In__V_In__Reject",0,0,0,0,0,0,0,0,0,0,1,0,0,0,0,0,0,0,0,0,0,0,0,0,0,0,0
190,2,2,"observer",1,18,3,1,0,1,0,2,TRUE,2.57142857142857,2.14285714285714,3.125,2.57142857142857,2.33333333333333,1,2,1,1,2,1,"Out","In","ingroup","outgroup",0,0,0,1,0,0,"In","Out","In",1,0,0,0,0,0,1,0,0,"Observer__J_In__C_Out__V_In",0,3,-3,"Hum_x_Hum","Hum_x_Hum__Observer","Hum_x_Hum__Reject","Hum_x_Hum__Observer__Reject",1,0,0,0,0,0,"Observer__J_In__C_Out__V_In__Reject","Observer__J_In__C_Out__V_In__Reject",0,0,0,0,0,0,0,0,0,0,0,0,1,0,0,0,0,0,0,0,0,0,0,0,0,0,0
190,3,1,"observer",1,18,3,1,0,1,0,2,TRUE,2.57142857142857,2.14285714285714,3.125,2.57142857142857,2.33333333333333,1,1,2,1,2,1,"In","Out","ingroup","outgroup",0,0,0,1,0,0,"In","Out","In",0,0,1,0,0,0,1,0,0,"Observer__J_In__C_Out__V_In",0,3,-3,"Hum_x_Hum","Hum_x_Hum__Observer","Hum_x_Hum__Reject","Hum_x_Hum__Observer__Reject",1,0,0,0,0,0,"Observer__J_In__C_Out__V_In__Reject","Observer__J_In__C_Out__V_In__Reject",0,0,0,0,0,0,0,0,0,0,0,0,1,0,0,0,0,0,0,0,0,0,0,0,0,0,0
190,3,2,"observer",1,18,3,1,0,1,0,2,TRUE,2.57142857142857,2.14285714285714,3.125,2.57142857142857,2.33333333333333,1,1,2,2,1,1,"In","Out","outgroup","ingroup",1,0,0,0,0,0,"Out","In","In",0,0,1,0,1,0,0,0,0,"Observer__J_Out__C_In__V_In",0,3,-3,"Hum_x_Ing","Hum_x_Ing__Observer","Hum_x_Ing__Reject","Hum_x_Ing__Observer__Reject",0,1,0,0,0,0,"Observer__J_Out__C_In__V_In__Reject","Observer__J_Out__C_In__V_In__Reject",0,0,0,0,0,0,0,0,0,0,1,0,0,0,0,0,0,0,0,0,0,0,0,0,0,0,0
190,7,1,"victim",0,18,3,1,0,1,0,2,TRUE,2.57142857142857,2.14285714285714,3.125,2.57142857142857,2.33333333333333,1,2,1,2,1,1,"Out","In","outgroup","ingroup",1,0,0,0,0,0,"Out","In",,1,0,0,0,1,0,0,0,0,"Victim__J_Out__C_In",0,3,-3,"Hum_x_Ing","Hum_x_Ing__Victim","Hum_x_Ing__Reject","Hum_x_Ing__Victim__Reject",0,1,0,0,0,0,"Victim__J_Out__C_In__Reject","Victim__J_Out__C_In__Reject",0,1,0,0,0,0,0,0,0,0,0,0,0,0,0,0,0,0,0,0,0,0,0,0,0,0,0
190,7,2,"victim",0,18,3,1,0,1,0,2,TRUE,2.57142857142857,2.14285714285714,3.125,2.57142857142857,2.33333333333333,1,2,1,1,2,1,"Out","In","ingroup","outgroup",0,0,0,1,0,0,"In","Out",,1,0,0,0,0,0,1,0,0,"Victim__J_In__C_Out",0,3,-3,"Hum_x_Hum","Hum_x_Hum__Victim","Hum_x_Hum__Reject","Hum_x_Hum__Victim__Reject",1,0,0,0,0,0,"Victim__J_In__C_Out__Reject","Victim__J_In__C_Out__Reject",0,0,0,1,0,0,0,0,0,0,0,0,0,0,0,0,0,0,0,0,0,0,0,0,0,0,0
191,2,1,"observer",1,22,2,1,0,2,1,2,TRUE,2.85714285714286,2.71428571428571,2.625,3.42857142857143,2.66666666666667,2,2,2,2,2,1,"In","In","ingroup","ingroup",0,0,1,0,1,0,"In","In","Out",0,0,0,0,0,0,0,0,1,"Observer__J_In__C_In__V_Out",0,-9,9,"Hum_x_Ing","Hum_x_Ing__Observer","Hum_x_Ing__Accept","Hum_x_Ing__Observer__Accept",0,1,0,0,0,0,"Observer__J_In__C_In__V_Out__Accept","Observer__J_In__C_In__V_Out__Accept",0,0,0,0,0,0,0,0,0,0,0,0,0,0,0,0,0,0,1,0,0,0,0,0,0,0,0
191,2,2,"observer",1,22,2,1,0,2,1,2,TRUE,2.85714285714286,2.71428571428571,2.625,3.42857142857143,2.66666666666667,2,2,2,2,2,1,"In","In","ingroup","ingroup",0,0,1,0,0,1,"In","In","Out",0,0,0,0,0,0,0,0,1,"Observer__J_In__C_In__V_Out",0,9,-9,"Hum_x_Ing","Hum_x_Ing__Observer","Hum_x_Ing__Reject","Hum_x_Ing__Observer__Reject",0,1,0,0,0,0,"Observer__J_In__C_In__V_Out__Reject","Observer__J_In__C_In__V_Out__Reject",0,0,0,0,0,0,0,0,0,0,0,0,0,0,0,0,0,0,1,0,0,0,0,0,0,0,0
191,3,1,"observer",1,22,2,1,0,2,1,2,TRUE,2.85714285714286,2.71428571428571,2.625,3.42857142857143,2.66666666666667,2,1,2,1,2,2,"Out","In","outgroup","ingroup",1,0,0,0,1,0,"Out","In","In",1,0,0,0,1,0,0,0,0,"Observer__J_Out__C_In__V_In",0,-9,9,"Ing_x_Hum","Ing_x_Hum__Observer","Ing_x_Hum__Accept","Ing_x_Hum__Observer__Accept",0,0,0,1,0,0,"Observer__J_Out__C_In__V_In__Accept","Observer__J_Out__C_In__V_In__Accept",0,0,0,0,0,0,0,0,0,0,1,0,0,0,0,0,0,0,0,0,0,0,0,0,0,0,0
191,3,2,"observer",1,22,2,1,0,2,1,2,TRUE,2.85714285714286,2.71428571428571,2.625,3.42857142857143,2.66666666666667,2,1,2,2,1,2,"Out","In","ingroup","outgroup",0,0,0,1,0,1,"In","Out","In",1,0,0,0,0,0,1,0,0,"Observer__J_In__C_Out__V_In",0,9,-9,"Ing_x_Ing","Ing_x_Ing__Observer","Ing_x_Ing__Reject","Ing_x_Ing__Observer__Reject",0,0,0,0,1,0,"Observer__J_In__C_Out__V_In__Reject","Observer__J_In__C_Out__V_In__Reject",0,0,0,0,0,0,0,0,0,0,0,0,1,0,0,0,0,0,0,0,0,0,0,0,0,0,0
191,5,1,"observer",1,22,2,1,0,2,1,2,TRUE,2.85714285714286,2.71428571428571,2.625,3.42857142857143,2.66666666666667,2,1,1,1,1,1,"Out","Out","outgroup","outgroup",1,0,1,1,0,1,"Out","Out","Out",1,0,1,0,1,0,1,0,1,"Observer__J_Out__C_Out__V_Out",0,9,-9,"Hum_x_Hum","Hum_x_Hum__Observer","Hum_x_Hum__Reject","Hum_x_Hum__Observer__Reject",1,0,0,0,0,0,"Observer__J_Out__C_Out__V_Out__Reject","Observer__J_Out__C_Out__V_Out__Reject",0,0,0,0,0,0,0,0,0,0,0,0,0,0,0,0,0,0,0,0,0,0,1,0,0,0,0
191,5,2,"observer",1,22,2,1,0,2,1,2,TRUE,2.85714285714286,2.71428571428571,2.625,3.42857142857143,2.66666666666667,2,1,1,1,1,1,"Out","Out","outgroup","outgroup",1,0,1,1,1,0,"Out","Out","Out",1,0,1,0,1,0,1,0,1,"Observer__J_Out__C_Out__V_Out",0,-9,9,"Hum_x_Hum","Hum_x_Hum__Observer","Hum_x_Hum__Accept","Hum_x_Hum__Observer__Accept",1,0,0,0,0,0,"Observer__J_Out__C_Out__V_Out__Accept","Observer__J_Out__C_Out__V_Out__Accept",0,0,0,0,0,0,0,0,0,0,0,0,0,0,0,0,0,0,0,0,0,0,1,0,0,0,0
191,7,1,"victim",0,22,2,1,0,2,1,2,TRUE,2.85714285714286,2.71428571428571,2.625,3.42857142857143,2.66666666666667,2,1,1,1,1,2,"Out","Out","outgroup","outgroup",1,0,0,0,0,1,"Out","Out",,1,0,1,0,1,0,1,0,0,"Victim__J_Out__C_Out",0,9,-9,"Ing_x_Hum","Ing_x_Hum__Victim","Ing_x_Hum__Reject","Ing_x_Hum__Victim__Reject",0,0,0,1,0,0,"Victim__J_Out__C_Out__Reject","Victim__J_Out__C_Out__Reject",0,0,0,0,1,0,0,0,0,0,0,0,0,0,0,0,0,0,0,0,0,0,0,0,0,0,0
191,7,2,"victim",0,22,2,1,0,2,1,2,TRUE,2.85714285714286,2.71428571428571,2.625,3.42857142857143,2.66666666666667,2,1,1,1,1,2,"Out","Out","outgroup","outgroup",1,0,0,0,1,0,"Out","Out",,1,0,1,0,1,0,1,0,0,"Victim__J_Out__C_Out",0,-9,9,"Ing_x_Hum","Ing_x_Hum__Victim","Ing_x_Hum__Accept","Ing_x_Hum__Victim__Accept",0,0,0,1,0,0,"Victim__J_Out__C_Out__Accept","Victim__J_Out__C_Out__Accept",0,0,0,0,1,0,0,0,0,0,0,0,0,0,0,0,0,0,0,0,0,0,0,0,0,0,0
192,1,1,"victim",0,20,0,2,1,2,1,1,TRUE,2.78571428571429,2.28571428571429,2.875,2.85714285714286,3.16666666666667,2,2,2,2,2,2,"In","In","ingroup","ingroup",0,0,0,1,1,1,"In","In",,0,0,0,0,0,0,0,0,0,"Victim__J_In__C_In",0,-5,5,"Ing_x_Ing","Ing_x_Ing__Victim","Ing_x_Ing__Accept","Ing_x_Ing__Victim__Accept",0,0,0,0,1,0,"Victim__J_In__C_In__Accept","Victim__J_In__C_In__Accept",1,0,0,0,0,0,0,0,0,0,0,0,0,0,0,0,0,0,0,0,0,0,0,0,0,0,0
192,1,2,"victim",0,20,0,2,1,2,1,1,TRUE,2.78571428571429,2.28571428571429,2.875,2.85714285714286,3.16666666666667,2,2,2,2,2,2,"In","In","ingroup","ingroup",0,0,0,1,1,1,"In","In",,0,0,0,0,0,0,0,0,0,"Victim__J_In__C_In",0,-5,5,"Ing_x_Ing","Ing_x_Ing__Victim","Ing_x_Ing__Accept","Ing_x_Ing__Victim__Accept",0,0,0,0,1,0,"Victim__J_In__C_In__Accept","Victim__J_In__C_In__Accept",1,0,0,0,0,0,0,0,0,0,0,0,0,0,0,0,0,0,0,0,0,0,0,0,0,0,0
192,5,1,"victim",0,20,0,2,1,2,1,1,TRUE,2.78571428571429,2.28571428571429,2.875,2.85714285714286,3.16666666666667,2,1,2,1,2,2,"Out","In","outgroup","ingroup",1,0,0,0,0,1,"Out","In",,1,0,0,0,1,0,0,0,0,"Victim__J_Out__C_In",0,7,-7,"Ing_x_Hum","Ing_x_Hum__Victim","Ing_x_Hum__Reject","Ing_x_Hum__Victim__Reject",0,0,0,1,0,0,"Victim__J_Out__C_In__Reject","Victim__J_Out__C_In__Reject",0,1,0,0,0,0,0,0,0,0,0,0,0,0,0,0,0,0,0,0,0,0,0,0,0,0,0
192,5,2,"victim",0,20,0,2,1,2,1,1,TRUE,2.78571428571429,2.28571428571429,2.875,2.85714285714286,3.16666666666667,2,1,2,2,1,2,"Out","In","ingroup","outgroup",0,0,0,1,1,0,"In","Out",,1,0,0,0,0,0,1,0,0,"Victim__J_In__C_Out",0,-4,4,"Ing_x_Ing","Ing_x_Ing__Victim","Ing_x_Ing__Accept","Ing_x_Ing__Victim__Accept",0,0,0,0,1,0,"Victim__J_In__C_Out__Accept","Victim__J_In__C_Out__Accept",0,0,0,1,0,0,0,0,0,0,0,0,0,0,0,0,0,0,0,0,0,0,0,0,0,0,0
192,7,1,"observer",1,20,0,2,1,2,1,1,TRUE,2.78571428571429,2.28571428571429,2.875,2.85714285714286,3.16666666666667,2,2,1,2,1,2,"In","Out","ingroup","outgroup",0,0,0,1,0,1,"In","Out","In",0,0,1,0,0,0,1,0,0,"Observer__J_In__C_Out__V_In",0,7,-7,"Ing_x_Ing","Ing_x_Ing__Observer","Ing_x_Ing__Reject","Ing_x_Ing__Observer__Reject",0,0,0,0,1,0,"Observer__J_In__C_Out__V_In__Reject","Observer__J_In__C_Out__V_In__Reject",0,0,0,0,0,0,0,0,0,0,0,0,1,0,0,0,0,0,0,0,0,0,0,0,0,0,0
192,7,2,"observer",1,20,0,2,1,2,1,1,TRUE,2.78571428571429,2.28571428571429,2.875,2.85714285714286,3.16666666666667,2,2,1,1,2,2,"In","Out","outgroup","ingroup",1,0,0,0,1,0,"Out","In","In",0,0,1,0,1,0,0,0,0,"Observer__J_Out__C_In__V_In",0,-4,4,"Ing_x_Hum","Ing_x_Hum__Observer","Ing_x_Hum__Accept","Ing_x_Hum__Observer__Accept",0,0,0,1,0,0,"Observer__J_Out__C_In__V_In__Accept","Observer__J_Out__C_In__V_In__Accept",0,0,0,0,0,0,0,0,0,0,1,0,0,0,0,0,0,0,0,0,0,0,0,0,0,0,0
192,8,1,"observer",1,20,0,2,1,2,1,1,TRUE,2.78571428571429,2.28571428571429,2.875,2.85714285714286,3.16666666666667,2,2,2,2,2,2,"In","In","ingroup","ingroup",0,0,0,1,1,1,"In","In","In",0,0,0,0,0,0,0,0,0,"Observer__J_In__C_In__V_In",0,-4,4,"Ing_x_Ing","Ing_x_Ing__Observer","Ing_x_Ing__Accept","Ing_x_Ing__Observer__Accept",0,0,0,0,1,0,"Observer__J_In__C_In__V_In__Accept","Observer__J_In__C_In__V_In__Accept",0,0,0,0,0,0,0,0,0,1,0,0,0,0,0,0,0,0,0,0,0,0,0,0,0,0,0
192,8,2,"observer",1,20,0,2,1,2,1,1,TRUE,2.78571428571429,2.28571428571429,2.875,2.85714285714286,3.16666666666667,2,2,2,2,2,2,"In","In","ingroup","ingroup",0,0,0,1,1,1,"In","In","In",0,0,0,0,0,0,0,0,0,"Observer__J_In__C_In__V_In",0,-4,4,"Ing_x_Ing","Ing_x_Ing__Observer","Ing_x_Ing__Accept","Ing_x_Ing__Observer__Accept",0,0,0,0,1,0,"Observer__J_In__C_In__V_In__Accept","Observer__J_In__C_In__V_In__Accept",0,0,0,0,0,0,0,0,0,1,0,0,0,0,0,0,0,0,0,0,0,0,0,0,0,0,0
192,10,1,"observer",1,20,0,2,1,2,1,1,TRUE,2.78571428571429,2.28571428571429,2.875,2.85714285714286,3.16666666666667,2,2,1,2,1,1,"In","Out","ingroup","outgroup",0,0,1,0,0,1,"In","Out","Out",0,0,1,0,0,0,1,0,1,"Observer__J_In__C_Out__V_Out",0,7,-7,"Hum_x_Ing","Hum_x_Ing__Observer","Hum_x_Ing__Reject","Hum_x_Ing__Observer__Reject",0,1,0,0,0,0,"Observer__J_In__C_Out__V_Out__Reject","Observer__J_In__C_Out__V_Out__Reject",0,0,0,0,0,0,0,0,0,0,0,0,0,0,0,0,0,0,0,0,0,1,0,0,0,0,0
192,10,2,"observer",1,20,0,2,1,2,1,1,TRUE,2.78571428571429,2.28571428571429,2.875,2.85714285714286,3.16666666666667,2,2,1,1,2,1,"In","Out","outgroup","ingroup",1,0,1,1,1,0,"Out","In","Out",0,0,1,0,1,0,0,0,1,"Observer__J_Out__C_In__V_Out",0,-4,4,"Hum_x_Hum","Hum_x_Hum__Observer","Hum_x_Hum__Accept","Hum_x_Hum__Observer__Accept",1,0,0,0,0,0,"Observer__J_Out__C_In__V_Out__Accept","Observer__J_Out__C_In__V_Out__Accept",0,0,0,0,0,0,0,0,0,0,0,0,0,0,0,0,0,0,0,1,0,0,0,0,0,0,0
193,1,1,"victim",0,19,1,2,1,2,1,1,TRUE,2.32142857142857,1.85714285714286,2.625,2.42857142857143,2.33333333333333,2,1,2,1,2,2,"Out","In","outgroup","ingroup",1,0,0,0,0,0,"Out","In",,1,0,0,0,1,0,0,0,0,"Victim__J_Out__C_In",0,9,-9,"Ing_x_Hum","Ing_x_Hum__Victim","Ing_x_Hum__Reject","Ing_x_Hum__Victim__Reject",0,0,0,1,0,0,"Victim__J_Out__C_In__Reject","Victim__J_Out__C_In__Reject",0,1,0,0,0,0,0,0,0,0,0,0,0,0,0,0,0,0,0,0,0,0,0,0,0,0,0
193,1,2,"victim",0,19,1,2,1,2,1,1,TRUE,2.32142857142857,1.85714285714286,2.625,2.42857142857143,2.33333333333333,2,1,2,2,1,2,"Out","In","ingroup","outgroup",0,0,0,1,0,0,"In","Out",,1,0,0,0,0,0,1,0,0,"Victim__J_In__C_Out",0,9,-9,"Ing_x_Ing","Ing_x_Ing__Victim","Ing_x_Ing__Reject","Ing_x_Ing__Victim__Reject",0,0,0,0,1,0,"Victim__J_In__C_Out__Reject","Victim__J_In__C_Out__Reject",0,0,0,1,0,0,0,0,0,0,0,0,0,0,0,0,0,0,0,0,0,0,0,0,0,0,0
193,2,1,"victim",0,19,1,2,1,2,1,1,TRUE,2.32142857142857,1.85714285714286,2.625,2.42857142857143,2.33333333333333,2,2,2,2,2,2,"In","In","ingroup","ingroup",0,0,0,1,0,0,"In","In",,0,0,0,0,0,0,0,0,0,"Victim__J_In__C_In",0,9,-9,"Ing_x_Ing","Ing_x_Ing__Victim","Ing_x_Ing__Reject","Ing_x_Ing__Victim__Reject",0,0,0,0,1,0,"Victim__J_In__C_In__Reject","Victim__J_In__C_In__Reject",1,0,0,0,0,0,0,0,0,0,0,0,0,0,0,0,0,0,0,0,0,0,0,0,0,0,0
193,2,2,"victim",0,19,1,2,1,2,1,1,TRUE,2.32142857142857,1.85714285714286,2.625,2.42857142857143,2.33333333333333,2,2,2,2,2,2,"In","In","ingroup","ingroup",0,0,0,1,0,0,"In","In",,0,0,0,0,0,0,0,0,0,"Victim__J_In__C_In",0,9,-9,"Ing_x_Ing","Ing_x_Ing__Victim","Ing_x_Ing__Reject","Ing_x_Ing__Victim__Reject",0,0,0,0,1,0,"Victim__J_In__C_In__Reject","Victim__J_In__C_In__Reject",1,0,0,0,0,0,0,0,0,0,0,0,0,0,0,0,0,0,0,0,0,0,0,0,0,0,0
193,4,1,"victim",0,19,1,2,1,2,1,1,TRUE,2.32142857142857,1.85714285714286,2.625,2.42857142857143,2.33333333333333,2,1,1,1,1,2,"Out","Out","outgroup","outgroup",1,0,0,0,0,0,"Out","Out",,1,0,1,0,1,0,1,0,0,"Victim__J_Out__C_Out",0,9,-9,"Ing_x_Hum","Ing_x_Hum__Victim","Ing_x_Hum__Reject","Ing_x_Hum__Victim__Reject",0,0,0,1,0,0,"Victim__J_Out__C_Out__Reject","Victim__J_Out__C_Out__Reject",0,0,0,0,1,0,0,0,0,0,0,0,0,0,0,0,0,0,0,0,0,0,0,0,0,0,0
193,4,2,"victim",0,19,1,2,1,2,1,1,TRUE,2.32142857142857,1.85714285714286,2.625,2.42857142857143,2.33333333333333,2,1,1,1,1,2,"Out","Out","outgroup","outgroup",1,0,0,0,0,0,"Out","Out",,1,0,1,0,1,0,1,0,0,"Victim__J_Out__C_Out",0,9,-9,"Ing_x_Hum","Ing_x_Hum__Victim","Ing_x_Hum__Reject","Ing_x_Hum__Victim__Reject",0,0,0,1,0,0,"Victim__J_Out__C_Out__Reject","Victim__J_Out__C_Out__Reject",0,0,0,0,1,0,0,0,0,0,0,0,0,0,0,0,0,0,0,0,0,0,0,0,0,0,0
194,2,1,"observer",1,22,2,1,0,2,1,2,TRUE,2.35714285714286,1.85714285714286,2.625,2.42857142857143,2.5,2,2,2,2,2,1,"In","In","ingroup","ingroup",0,0,1,0,0,1,"In","In","Out",0,0,0,0,0,0,0,0,1,"Observer__J_In__C_In__V_Out",0,5,-5,"Hum_x_Ing","Hum_x_Ing__Observer","Hum_x_Ing__Reject","Hum_x_Ing__Observer__Reject",0,1,0,0,0,0,"Observer__J_In__C_In__V_Out__Reject","Observer__J_In__C_In__V_Out__Reject",0,0,0,0,0,0,0,0,0,0,0,0,0,0,0,0,0,0,1,0,0,0,0,0,0,0,0
194,2,2,"observer",1,22,2,1,0,2,1,2,TRUE,2.35714285714286,1.85714285714286,2.625,2.42857142857143,2.5,2,2,2,2,2,1,"In","In","ingroup","ingroup",0,0,1,0,1,0,"In","In","Out",0,0,0,0,0,0,0,0,1,"Observer__J_In__C_In__V_Out",0,-5,5,"Hum_x_Ing","Hum_x_Ing__Observer","Hum_x_Ing__Accept","Hum_x_Ing__Observer__Accept",0,1,0,0,0,0,"Observer__J_In__C_In__V_Out__Accept","Observer__J_In__C_In__V_Out__Accept",0,0,0,0,0,0,0,0,0,0,0,0,0,0,0,0,0,0,1,0,0,0,0,0,0,0,0
194,4,1,"observer",1,22,2,1,0,2,1,2,TRUE,2.35714285714286,1.85714285714286,2.625,2.42857142857143,2.5,2,1,2,1,2,2,"Out","In","outgroup","ingroup",1,0,0,0,0,1,"Out","In","In",1,0,0,0,1,0,0,0,0,"Observer__J_Out__C_In__V_In",0,4,-4,"Ing_x_Hum","Ing_x_Hum__Observer","Ing_x_Hum__Reject","Ing_x_Hum__Observer__Reject",0,0,0,1,0,0,"Observer__J_Out__C_In__V_In__Reject","Observer__J_Out__C_In__V_In__Reject",0,0,0,0,0,0,0,0,0,0,1,0,0,0,0,0,0,0,0,0,0,0,0,0,0,0,0
194,4,2,"observer",1,22,2,1,0,2,1,2,TRUE,2.35714285714286,1.85714285714286,2.625,2.42857142857143,2.5,2,1,2,2,1,2,"Out","In","ingroup","outgroup",0,0,0,1,1,0,"In","Out","In",1,0,0,0,0,0,1,0,0,"Observer__J_In__C_Out__V_In",0,-3,3,"Ing_x_Ing","Ing_x_Ing__Observer","Ing_x_Ing__Accept","Ing_x_Ing__Observer__Accept",0,0,0,0,1,0,"Observer__J_In__C_Out__V_In__Accept","Observer__J_In__C_Out__V_In__Accept",0,0,0,0,0,0,0,0,0,0,0,0,1,0,0,0,0,0,0,0,0,0,0,0,0,0,0
194,6,1,"victim",0,22,2,1,0,2,1,2,TRUE,2.35714285714286,1.85714285714286,2.625,2.42857142857143,2.5,2,2,1,2,1,2,"In","Out","ingroup","outgroup",0,0,0,1,1,1,"In","Out",,0,0,1,0,0,0,1,0,0,"Victim__J_In__C_Out",0,-3,3,"Ing_x_Ing","Ing_x_Ing__Victim","Ing_x_Ing__Accept","Ing_x_Ing__Victim__Accept",0,0,0,0,1,0,"Victim__J_In__C_Out__Accept","Victim__J_In__C_Out__Accept",0,0,0,1,0,0,0,0,0,0,0,0,0,0,0,0,0,0,0,0,0,0,0,0,0,0,0
194,6,2,"victim",0,22,2,1,0,2,1,2,TRUE,2.35714285714286,1.85714285714286,2.625,2.42857142857143,2.5,2,2,1,1,2,2,"In","Out","outgroup","ingroup",1,0,0,0,1,1,"Out","In",,0,0,1,0,1,0,0,0,0,"Victim__J_Out__C_In",0,-3,3,"Ing_x_Hum","Ing_x_Hum__Victim","Ing_x_Hum__Accept","Ing_x_Hum__Victim__Accept",0,0,0,1,0,0,"Victim__J_Out__C_In__Accept","Victim__J_Out__C_In__Accept",0,1,0,0,0,0,0,0,0,0,0,0,0,0,0,0,0,0,0,0,0,0,0,0,0,0,0
195,4,1,"observer",1,19,2,2,1,2,1,2,TRUE,2.39285714285714,2.57142857142857,1.875,3.28571428571429,1.83333333333333,2,2,2,2,2,1,"In","In","ingroup","ingroup",0,0,1,0,1,1,"In","In","Out",0,0,0,0,0,0,0,0,1,"Observer__J_In__C_In__V_Out",0,-6,6,"Hum_x_Ing","Hum_x_Ing__Observer","Hum_x_Ing__Accept","Hum_x_Ing__Observer__Accept",0,1,0,0,0,0,"Observer__J_In__C_In__V_Out__Accept","Observer__J_In__C_In__V_Out__Accept",0,0,0,0,0,0,0,0,0,0,0,0,0,0,0,0,0,0,1,0,0,0,0,0,0,0,0
195,4,2,"observer",1,19,2,2,1,2,1,2,TRUE,2.39285714285714,2.57142857142857,1.875,3.28571428571429,1.83333333333333,2,2,2,2,2,1,"In","In","ingroup","ingroup",0,0,1,0,1,1,"In","In","Out",0,0,0,0,0,0,0,0,1,"Observer__J_In__C_In__V_Out",0,-6,6,"Hum_x_Ing","Hum_x_Ing__Observer","Hum_x_Ing__Accept","Hum_x_Ing__Observer__Accept",0,1,0,0,0,0,"Observer__J_In__C_In__V_Out__Accept","Observer__J_In__C_In__V_Out__Accept",0,0,0,0,0,0,0,0,0,0,0,0,0,0,0,0,0,0,1,0,0,0,0,0,0,0,0
195,6,1,"victim",0,19,2,2,1,2,1,2,TRUE,2.39285714285714,2.57142857142857,1.875,3.28571428571429,1.83333333333333,2,2,1,2,1,2,"In","Out","ingroup","outgroup",0,0,0,1,1,1,"In","Out",,0,0,1,0,0,0,1,0,0,"Victim__J_In__C_Out",0,-5,5,"Ing_x_Ing","Ing_x_Ing__Victim","Ing_x_Ing__Accept","Ing_x_Ing__Victim__Accept",0,0,0,0,1,0,"Victim__J_In__C_Out__Accept","Victim__J_In__C_Out__Accept",0,0,0,1,0,0,0,0,0,0,0,0,0,0,0,0,0,0,0,0,0,0,0,0,0,0,0
195,6,2,"victim",0,19,2,2,1,2,1,2,TRUE,2.39285714285714,2.57142857142857,1.875,3.28571428571429,1.83333333333333,2,2,1,1,2,2,"In","Out","outgroup","ingroup",1,0,0,0,1,1,"Out","In",,0,0,1,0,1,0,0,0,0,"Victim__J_Out__C_In",0,-5,5,"Ing_x_Hum","Ing_x_Hum__Victim","Ing_x_Hum__Accept","Ing_x_Hum__Victim__Accept",0,0,0,1,0,0,"Victim__J_Out__C_In__Accept","Victim__J_Out__C_In__Accept",0,1,0,0,0,0,0,0,0,0,0,0,0,0,0,0,0,0,0,0,0,0,0,0,0,0,0
195,7,1,"victim",0,19,2,2,1,2,1,2,TRUE,2.39285714285714,2.57142857142857,1.875,3.28571428571429,1.83333333333333,2,2,2,2,2,2,"In","In","ingroup","ingroup",0,0,0,1,0,0,"In","In",,0,0,0,0,0,0,0,0,0,"Victim__J_In__C_In",0,9,-9,"Ing_x_Ing","Ing_x_Ing__Victim","Ing_x_Ing__Reject","Ing_x_Ing__Victim__Reject",0,0,0,0,1,0,"Victim__J_In__C_In__Reject","Victim__J_In__C_In__Reject",1,0,0,0,0,0,0,0,0,0,0,0,0,0,0,0,0,0,0,0,0,0,0,0,0,0,0
195,7,2,"victim",0,19,2,2,1,2,1,2,TRUE,2.39285714285714,2.57142857142857,1.875,3.28571428571429,1.83333333333333,2,2,2,2,2,2,"In","In","ingroup","ingroup",0,0,0,1,0,0,"In","In",,0,0,0,0,0,0,0,0,0,"Victim__J_In__C_In",0,9,-9,"Ing_x_Ing","Ing_x_Ing__Victim","Ing_x_Ing__Reject","Ing_x_Ing__Victim__Reject",0,0,0,0,1,0,"Victim__J_In__C_In__Reject","Victim__J_In__C_In__Reject",1,0,0,0,0,0,0,0,0,0,0,0,0,0,0,0,0,0,0,0,0,0,0,0,0,0,0
196,2,1,"victim",0,21,1,1,0,2,1,1,TRUE,2.14285714285714,1.85714285714286,2.25,2.14285714285714,2.33333333333333,2,1,2,1,2,2,"Out","In","outgroup","ingroup",1,0,0,0,0,1,"Out","In",,1,0,0,0,1,0,0,0,0,"Victim__J_Out__C_In",0,-5,5,"Ing_x_Hum","Ing_x_Hum__Victim","Ing_x_Hum__Reject","Ing_x_Hum__Victim__Reject",0,0,0,1,0,0,"Victim__J_Out__C_In__Reject","Victim__J_Out__C_In__Reject",0,1,0,0,0,0,0,0,0,0,0,0,0,0,0,0,0,0,0,0,0,0,0,0,0,0,0
196,2,2,"victim",0,21,1,1,0,2,1,1,TRUE,2.14285714285714,1.85714285714286,2.25,2.14285714285714,2.33333333333333,2,1,2,2,1,2,"Out","In","ingroup","outgroup",0,0,0,1,1,0,"In","Out",,1,0,0,0,0,0,1,0,0,"Victim__J_In__C_Out",0,4,-4,"Ing_x_Ing","Ing_x_Ing__Victim","Ing_x_Ing__Accept","Ing_x_Ing__Victim__Accept",0,0,0,0,1,0,"Victim__J_In__C_Out__Accept","Victim__J_In__C_Out__Accept",0,0,0,1,0,0,0,0,0,0,0,0,0,0,0,0,0,0,0,0,0,0,0,0,0,0,0
196,3,1,"victim",0,21,1,1,0,2,1,1,TRUE,2.14285714285714,1.85714285714286,2.25,2.14285714285714,2.33333333333333,2,2,1,2,1,2,"In","Out","ingroup","outgroup",0,0,0,1,0,1,"In","Out",,0,0,1,0,0,0,1,0,0,"Victim__J_In__C_Out",0,6,-6,"Ing_x_Ing","Ing_x_Ing__Victim","Ing_x_Ing__Reject","Ing_x_Ing__Victim__Reject",0,0,0,0,1,0,"Victim__J_In__C_Out__Reject","Victim__J_In__C_Out__Reject",0,0,0,1,0,0,0,0,0,0,0,0,0,0,0,0,0,0,0,0,0,0,0,0,0,0,0
196,3,2,"victim",0,21,1,1,0,2,1,1,TRUE,2.14285714285714,1.85714285714286,2.25,2.14285714285714,2.33333333333333,2,2,1,1,2,2,"In","Out","outgroup","ingroup",1,0,0,0,1,0,"Out","In",,0,0,1,0,1,0,0,0,0,"Victim__J_Out__C_In",0,-5,5,"Ing_x_Hum","Ing_x_Hum__Victim","Ing_x_Hum__Accept","Ing_x_Hum__Victim__Accept",0,0,0,1,0,0,"Victim__J_Out__C_In__Accept","Victim__J_Out__C_In__Accept",0,1,0,0,0,0,0,0,0,0,0,0,0,0,0,0,0,0,0,0,0,0,0,0,0,0,0
196,6,1,"observer",1,21,1,1,0,2,1,1,TRUE,2.14285714285714,1.85714285714286,2.25,2.14285714285714,2.33333333333333,2,1,2,1,2,2,"Out","In","outgroup","ingroup",1,0,0,0,1,0,"Out","In","In",1,0,0,0,1,0,0,0,0,"Observer__J_Out__C_In__V_In",0,0,0,"Ing_x_Hum","Ing_x_Hum__Observer","Ing_x_Hum__Accept","Ing_x_Hum__Observer__Accept",0,0,0,1,0,0,"Observer__J_Out__C_In__V_In__Accept","Observer__J_Out__C_In__V_In__Accept",0,0,0,0,0,0,0,0,0,0,1,0,0,0,0,0,0,0,0,0,0,0,0,0,0,0,0
196,6,2,"observer",1,21,1,1,0,2,1,1,TRUE,2.14285714285714,1.85714285714286,2.25,2.14285714285714,2.33333333333333,2,1,2,2,1,2,"Out","In","ingroup","outgroup",0,0,0,1,0,1,"In","Out","In",1,0,0,0,0,0,1,0,0,"Observer__J_In__C_Out__V_In",0,0,0,"Ing_x_Ing","Ing_x_Ing__Observer","Ing_x_Ing__Reject","Ing_x_Ing__Observer__Reject",0,0,0,0,1,0,"Observer__J_In__C_Out__V_In__Reject","Observer__J_In__C_Out__V_In__Reject",0,0,0,0,0,0,0,0,0,0,0,0,1,0,0,0,0,0,0,0,0,0,0,0,0,0,0
197,2,1,"observer",1,24,2,1,0,1,0,2,TRUE,2.85714285714286,2.42857142857143,3,3.42857142857143,2.5,1,2,1,2,1,1,"Out","In","outgroup","ingroup",1,0,0,0,0,0,"Out","In","In",1,0,0,0,1,0,0,0,0,"Observer__J_Out__C_In__V_In",0,9,-9,"Hum_x_Ing","Hum_x_Ing__Observer","Hum_x_Ing__Reject","Hum_x_Ing__Observer__Reject",0,1,0,0,0,0,"Observer__J_Out__C_In__V_In__Reject","Observer__J_Out__C_In__V_In__Reject",0,0,0,0,0,0,0,0,0,0,1,0,0,0,0,0,0,0,0,0,0,0,0,0,0,0,0
197,2,2,"observer",1,24,2,1,0,1,0,2,TRUE,2.85714285714286,2.42857142857143,3,3.42857142857143,2.5,1,2,1,1,2,1,"Out","In","ingroup","outgroup",0,0,0,1,0,0,"In","Out","In",1,0,0,0,0,0,1,0,0,"Observer__J_In__C_Out__V_In",0,9,-9,"Hum_x_Hum","Hum_x_Hum__Observer","Hum_x_Hum__Reject","Hum_x_Hum__Observer__Reject",1,0,0,0,0,0,"Observer__J_In__C_Out__V_In__Reject","Observer__J_In__C_Out__V_In__Reject",0,0,0,0,0,0,0,0,0,0,0,0,1,0,0,0,0,0,0,0,0,0,0,0,0,0,0
197,5,1,"observer",1,24,2,1,0,1,0,2,TRUE,2.85714285714286,2.42857142857143,3,3.42857142857143,2.5,1,2,2,2,2,1,"Out","Out","outgroup","outgroup",1,0,0,0,1,0,"Out","Out","In",1,0,1,0,1,0,1,0,0,"Observer__J_Out__C_Out__V_In",0,-9,9,"Hum_x_Ing","Hum_x_Ing__Observer","Hum_x_Ing__Accept","Hum_x_Ing__Observer__Accept",0,1,0,0,0,0,"Observer__J_Out__C_Out__V_In__Accept","Observer__J_Out__C_Out__V_In__Accept",0,0,0,0,0,0,0,0,0,0,0,0,0,1,0,0,0,0,0,0,0,0,0,0,0,0,0
197,5,2,"observer",1,24,2,1,0,1,0,2,TRUE,2.85714285714286,2.42857142857143,3,3.42857142857143,2.5,1,2,2,2,2,1,"Out","Out","outgroup","outgroup",1,0,0,0,0,1,"Out","Out","In",1,0,1,0,1,0,1,0,0,"Observer__J_Out__C_Out__V_In",0,9,-9,"Hum_x_Ing","Hum_x_Ing__Observer","Hum_x_Ing__Reject","Hum_x_Ing__Observer__Reject",0,1,0,0,0,0,"Observer__J_Out__C_Out__V_In__Reject","Observer__J_Out__C_Out__V_In__Reject",0,0,0,0,0,0,0,0,0,0,0,0,0,1,0,0,0,0,0,0,0,0,0,0,0,0,0
197,7,1,"victim",0,24,2,1,0,1,0,2,TRUE,2.85714285714286,2.42857142857143,3,3.42857142857143,2.5,1,1,1,1,1,1,"In","In","ingroup","ingroup",0,0,0,1,1,0,"In","In",,0,0,0,0,0,0,0,0,0,"Victim__J_In__C_In",0,-9,9,"Hum_x_Hum","Hum_x_Hum__Victim","Hum_x_Hum__Accept","Hum_x_Hum__Victim__Accept",1,0,0,0,0,0,"Victim__J_In__C_In__Accept","Victim__J_In__C_In__Accept",1,0,0,0,0,0,0,0,0,0,0,0,0,0,0,0,0,0,0,0,0,0,0,0,0,0,0
197,7,2,"victim",0,24,2,1,0,1,0,2,TRUE,2.85714285714286,2.42857142857143,3,3.42857142857143,2.5,1,1,1,1,1,1,"In","In","ingroup","ingroup",0,0,0,1,0,1,"In","In",,0,0,0,0,0,0,0,0,0,"Victim__J_In__C_In",0,9,-9,"Hum_x_Hum","Hum_x_Hum__Victim","Hum_x_Hum__Reject","Hum_x_Hum__Victim__Reject",1,0,0,0,0,0,"Victim__J_In__C_In__Reject","Victim__J_In__C_In__Reject",1,0,0,0,0,0,0,0,0,0,0,0,0,0,0,0,0,0,0,0,0,0,0,0,0,0,0
198,1,1,"victim",0,18,1,2,1,2,1,1,TRUE,2.21428571428571,1.57142857142857,2.5,2.57142857142857,2.16666666666667,2,2,1,2,1,2,"In","Out","ingroup","outgroup",0,0,0,1,0,0,"In","Out",,0,0,1,0,0,0,1,0,0,"Victim__J_In__C_Out",0,9,-9,"Ing_x_Ing","Ing_x_Ing__Victim","Ing_x_Ing__Reject","Ing_x_Ing__Victim__Reject",0,0,0,0,1,0,"Victim__J_In__C_Out__Reject","Victim__J_In__C_Out__Reject",0,0,0,1,0,0,0,0,0,0,0,0,0,0,0,0,0,0,0,0,0,0,0,0,0,0,0
198,1,2,"victim",0,18,1,2,1,2,1,1,TRUE,2.21428571428571,1.57142857142857,2.5,2.57142857142857,2.16666666666667,2,2,1,1,2,2,"In","Out","outgroup","ingroup",1,0,0,0,0,0,"Out","In",,0,0,1,0,1,0,0,0,0,"Victim__J_Out__C_In",0,9,-9,"Ing_x_Hum","Ing_x_Hum__Victim","Ing_x_Hum__Reject","Ing_x_Hum__Victim__Reject",0,0,0,1,0,0,"Victim__J_Out__C_In__Reject","Victim__J_Out__C_In__Reject",0,1,0,0,0,0,0,0,0,0,0,0,0,0,0,0,0,0,0,0,0,0,0,0,0,0,0
198,2,1,"victim",0,18,1,2,1,2,1,1,TRUE,2.21428571428571,1.57142857142857,2.5,2.57142857142857,2.16666666666667,2,2,1,2,1,2,"In","Out","ingroup","outgroup",0,0,0,1,0,1,"In","Out",,0,0,1,0,0,0,1,0,0,"Victim__J_In__C_Out",0,9,-9,"Ing_x_Ing","Ing_x_Ing__Victim","Ing_x_Ing__Reject","Ing_x_Ing__Victim__Reject",0,0,0,0,1,0,"Victim__J_In__C_Out__Reject","Victim__J_In__C_Out__Reject",0,0,0,1,0,0,0,0,0,0,0,0,0,0,0,0,0,0,0,0,0,0,0,0,0,0,0
198,2,2,"victim",0,18,1,2,1,2,1,1,TRUE,2.21428571428571,1.57142857142857,2.5,2.57142857142857,2.16666666666667,2,2,1,1,2,2,"In","Out","outgroup","ingroup",1,0,0,0,1,0,"Out","In",,0,0,1,0,1,0,0,0,0,"Victim__J_Out__C_In",0,-6,6,"Ing_x_Hum","Ing_x_Hum__Victim","Ing_x_Hum__Accept","Ing_x_Hum__Victim__Accept",0,0,0,1,0,0,"Victim__J_Out__C_In__Accept","Victim__J_Out__C_In__Accept",0,1,0,0,0,0,0,0,0,0,0,0,0,0,0,0,0,0,0,0,0,0,0,0,0,0,0
198,5,1,"victim",0,18,1,2,1,2,1,1,TRUE,2.21428571428571,1.57142857142857,2.5,2.57142857142857,2.16666666666667,2,1,1,1,1,2,"Out","Out","outgroup","outgroup",1,0,0,0,1,1,"Out","Out",,1,0,1,0,1,0,1,0,0,"Victim__J_Out__C_Out",0,-8,8,"Ing_x_Hum","Ing_x_Hum__Victim","Ing_x_Hum__Accept","Ing_x_Hum__Victim__Accept",0,0,0,1,0,0,"Victim__J_Out__C_Out__Accept","Victim__J_Out__C_Out__Accept",0,0,0,0,1,0,0,0,0,0,0,0,0,0,0,0,0,0,0,0,0,0,0,0,0,0,0
198,5,2,"victim",0,18,1,2,1,2,1,1,TRUE,2.21428571428571,1.57142857142857,2.5,2.57142857142857,2.16666666666667,2,1,1,1,1,2,"Out","Out","outgroup","outgroup",1,0,0,0,1,1,"Out","Out",,1,0,1,0,1,0,1,0,0,"Victim__J_Out__C_Out",0,-8,8,"Ing_x_Hum","Ing_x_Hum__Victim","Ing_x_Hum__Accept","Ing_x_Hum__Victim__Accept",0,0,0,1,0,0,"Victim__J_Out__C_Out__Accept","Victim__J_Out__C_Out__Accept",0,0,0,0,1,0,0,0,0,0,0,0,0,0,0,0,0,0,0,0,0,0,0,0,0,0,0
199,3,1,"observer",1,18,3,2,1,2,1,2,TRUE,1.53571428571429,0.714285714285714,1.75,2,1.66666666666667,2,1,1,1,1,2,"Out","Out","outgroup","outgroup",1,0,0,0,0,0,"Out","Out","In",1,0,1,0,1,0,1,0,0,"Observer__J_Out__C_Out__V_In",0,9,-9,"Ing_x_Hum","Ing_x_Hum__Observer","Ing_x_Hum__Reject","Ing_x_Hum__Observer__Reject",0,0,0,1,0,0,"Observer__J_Out__C_Out__V_In__Reject","Observer__J_Out__C_Out__V_In__Reject",0,0,0,0,0,0,0,0,0,0,0,0,0,1,0,0,0,0,0,0,0,0,0,0,0,0,0
199,3,2,"observer",1,18,3,2,1,2,1,2,TRUE,1.53571428571429,0.714285714285714,1.75,2,1.66666666666667,2,1,1,1,1,2,"Out","Out","outgroup","outgroup",1,0,0,0,0,0,"Out","Out","In",1,0,1,0,1,0,1,0,0,"Observer__J_Out__C_Out__V_In",0,9,-9,"Ing_x_Hum","Ing_x_Hum__Observer","Ing_x_Hum__Reject","Ing_x_Hum__Observer__Reject",0,0,0,1,0,0,"Observer__J_Out__C_Out__V_In__Reject","Observer__J_Out__C_Out__V_In__Reject",0,0,0,0,0,0,0,0,0,0,0,0,0,1,0,0,0,0,0,0,0,0,0,0,0,0,0
199,5,1,"observer",1,18,3,2,1,2,1,2,TRUE,1.53571428571429,0.714285714285714,1.75,2,1.66666666666667,2,2,2,2,2,1,"In","In","ingroup","ingroup",0,0,1,0,0,0,"In","In","Out",0,0,0,0,0,0,0,0,1,"Observer__J_In__C_In__V_Out",0,9,-9,"Hum_x_Ing","Hum_x_Ing__Observer","Hum_x_Ing__Reject","Hum_x_Ing__Observer__Reject",0,1,0,0,0,0,"Observer__J_In__C_In__V_Out__Reject","Observer__J_In__C_In__V_Out__Reject",0,0,0,0,0,0,0,0,0,0,0,0,0,0,0,0,0,0,1,0,0,0,0,0,0,0,0
199,5,2,"observer",1,18,3,2,1,2,1,2,TRUE,1.53571428571429,0.714285714285714,1.75,2,1.66666666666667,2,2,2,2,2,1,"In","In","ingroup","ingroup",0,0,1,0,0,0,"In","In","Out",0,0,0,0,0,0,0,0,1,"Observer__J_In__C_In__V_Out",0,9,-9,"Hum_x_Ing","Hum_x_Ing__Observer","Hum_x_Ing__Reject","Hum_x_Ing__Observer__Reject",0,1,0,0,0,0,"Observer__J_In__C_In__V_Out__Reject","Observer__J_In__C_In__V_Out__Reject",0,0,0,0,0,0,0,0,0,0,0,0,0,0,0,0,0,0,1,0,0,0,0,0,0,0,0
200,1,1,"victim",0,23,3,1,0,1,0,1,TRUE,2.14285714285714,1.71428571428571,2.625,2.14285714285714,2,1,1,1,1,1,1,"In","In","ingroup","ingroup",0,0,0,1,0,0,"In","In",,0,0,0,0,0,0,0,0,0,"Victim__J_In__C_In",0,0,0,"Hum_x_Hum","Hum_x_Hum__Victim","Hum_x_Hum__Reject","Hum_x_Hum__Victim__Reject",1,0,0,0,0,0,"Victim__J_In__C_In__Reject","Victim__J_In__C_In__Reject",1,0,0,0,0,0,0,0,0,0,0,0,0,0,0,0,0,0,0,0,0,0,0,0,0,0,0
200,1,2,"victim",0,23,3,1,0,1,0,1,TRUE,2.14285714285714,1.71428571428571,2.625,2.14285714285714,2,1,1,1,1,1,1,"In","In","ingroup","ingroup",0,0,0,1,0,0,"In","In",,0,0,0,0,0,0,0,0,0,"Victim__J_In__C_In",0,0,0,"Hum_x_Hum","Hum_x_Hum__Victim","Hum_x_Hum__Reject","Hum_x_Hum__Victim__Reject",1,0,0,0,0,0,"Victim__J_In__C_In__Reject","Victim__J_In__C_In__Reject",1,0,0,0,0,0,0,0,0,0,0,0,0,0,0,0,0,0,0,0,0,0,0,0,0,0,0
200,2,1,"victim",0,23,3,1,0,1,0,1,TRUE,2.14285714285714,1.71428571428571,2.625,2.14285714285714,2,1,2,2,2,2,1,"Out","Out","outgroup","outgroup",1,0,0,0,1,1,"Out","Out",,1,0,1,0,1,0,1,0,0,"Victim__J_Out__C_Out",0,0,0,"Hum_x_Ing","Hum_x_Ing__Victim","Hum_x_Ing__Accept","Hum_x_Ing__Victim__Accept",0,1,0,0,0,0,"Victim__J_Out__C_Out__Accept","Victim__J_Out__C_Out__Accept",0,0,0,0,1,0,0,0,0,0,0,0,0,0,0,0,0,0,0,0,0,0,0,0,0,0,0
200,2,2,"victim",0,23,3,1,0,1,0,1,TRUE,2.14285714285714,1.71428571428571,2.625,2.14285714285714,2,1,2,2,2,2,1,"Out","Out","outgroup","outgroup",1,0,0,0,1,1,"Out","Out",,1,0,1,0,1,0,1,0,0,"Victim__J_Out__C_Out",0,0,0,"Hum_x_Ing","Hum_x_Ing__Victim","Hum_x_Ing__Accept","Hum_x_Ing__Victim__Accept",0,1,0,0,0,0,"Victim__J_Out__C_Out__Accept","Victim__J_Out__C_Out__Accept",0,0,0,0,1,0,0,0,0,0,0,0,0,0,0,0,0,0,0,0,0,0,0,0,0,0,0
200,3,1,"victim",0,23,3,1,0,1,0,1,TRUE,2.14285714285714,1.71428571428571,2.625,2.14285714285714,2,1,2,1,2,1,1,"Out","In","outgroup","ingroup",1,0,0,0,1,0,"Out","In",,1,0,0,0,1,0,0,0,0,"Victim__J_Out__C_In",0,0,0,"Hum_x_Ing","Hum_x_Ing__Victim","Hum_x_Ing__Accept","Hum_x_Ing__Victim__Accept",0,1,0,0,0,0,"Victim__J_Out__C_In__Accept","Victim__J_Out__C_In__Accept",0,1,0,0,0,0,0,0,0,0,0,0,0,0,0,0,0,0,0,0,0,0,0,0,0,0,0
200,3,2,"victim",0,23,3,1,0,1,0,1,TRUE,2.14285714285714,1.71428571428571,2.625,2.14285714285714,2,1,2,1,1,2,1,"Out","In","ingroup","outgroup",0,0,0,1,0,1,"In","Out",,1,0,0,0,0,0,1,0,0,"Victim__J_In__C_Out",0,0,0,"Hum_x_Hum","Hum_x_Hum__Victim","Hum_x_Hum__Reject","Hum_x_Hum__Victim__Reject",1,0,0,0,0,0,"Victim__J_In__C_Out__Reject","Victim__J_In__C_Out__Reject",0,0,0,1,0,0,0,0,0,0,0,0,0,0,0,0,0,0,0,0,0,0,0,0,0,0,0
200,4,1,"victim",0,23,3,1,0,1,0,1,TRUE,2.14285714285714,1.71428571428571,2.625,2.14285714285714,2,1,1,1,1,1,1,"In","In","ingroup","ingroup",0,0,0,1,0,0,"In","In",,0,0,0,0,0,0,0,0,0,"Victim__J_In__C_In",0,0,0,"Hum_x_Hum","Hum_x_Hum__Victim","Hum_x_Hum__Reject","Hum_x_Hum__Victim__Reject",1,0,0,0,0,0,"Victim__J_In__C_In__Reject","Victim__J_In__C_In__Reject",1,0,0,0,0,0,0,0,0,0,0,0,0,0,0,0,0,0,0,0,0,0,0,0,0,0,0
200,4,2,"victim",0,23,3,1,0,1,0,1,TRUE,2.14285714285714,1.71428571428571,2.625,2.14285714285714,2,1,1,1,1,1,1,"In","In","ingroup","ingroup",0,0,0,1,0,0,"In","In",,0,0,0,0,0,0,0,0,0,"Victim__J_In__C_In",0,0,0,"Hum_x_Hum","Hum_x_Hum__Victim","Hum_x_Hum__Reject","Hum_x_Hum__Victim__Reject",1,0,0,0,0,0,"Victim__J_In__C_In__Reject","Victim__J_In__C_In__Reject",1,0,0,0,0,0,0,0,0,0,0,0,0,0,0,0,0,0,0,0,0,0,0,0,0,0,0
200,6,1,"observer",1,23,3,1,0,1,0,1,TRUE,2.14285714285714,1.71428571428571,2.625,2.14285714285714,2,1,1,2,1,2,2,"In","Out","ingroup","outgroup",0,0,1,0,0,1,"In","Out","Out",0,0,1,0,0,0,1,0,1,"Observer__J_In__C_Out__V_Out",0,0,0,"Ing_x_Hum","Ing_x_Hum__Observer","Ing_x_Hum__Reject","Ing_x_Hum__Observer__Reject",0,0,0,1,0,0,"Observer__J_In__C_Out__V_Out__Reject","Observer__J_In__C_Out__V_Out__Reject",0,0,0,0,0,0,0,0,0,0,0,0,0,0,0,0,0,0,0,0,0,1,0,0,0,0,0
200,6,2,"observer",1,23,3,1,0,1,0,1,TRUE,2.14285714285714,1.71428571428571,2.625,2.14285714285714,2,1,1,2,2,1,2,"In","Out","outgroup","ingroup",1,0,1,1,1,0,"Out","In","Out",0,0,1,0,1,0,0,0,1,"Observer__J_Out__C_In__V_Out",0,0,0,"Ing_x_Ing","Ing_x_Ing__Observer","Ing_x_Ing__Accept","Ing_x_Ing__Observer__Accept",0,0,0,0,1,0,"Observer__J_Out__C_In__V_Out__Accept","Observer__J_Out__C_In__V_Out__Accept",0,0,0,0,0,0,0,0,0,0,0,0,0,0,0,0,0,0,0,1,0,0,0,0,0,0,0
200,7,1,"observer",1,23,3,1,0,1,0,1,TRUE,2.14285714285714,1.71428571428571,2.625,2.14285714285714,2,1,2,2,2,2,1,"Out","Out","outgroup","outgroup",1,0,0,0,0,0,"Out","Out","In",1,0,1,0,1,0,1,0,0,"Observer__J_Out__C_Out__V_In",0,5,-5,"Hum_x_Ing","Hum_x_Ing__Observer","Hum_x_Ing__Reject","Hum_x_Ing__Observer__Reject",0,1,0,0,0,0,"Observer__J_Out__C_Out__V_In__Reject","Observer__J_Out__C_Out__V_In__Reject",0,0,0,0,0,0,0,0,0,0,0,0,0,1,0,0,0,0,0,0,0,0,0,0,0,0,0
200,7,2,"observer",1,23,3,1,0,1,0,1,TRUE,2.14285714285714,1.71428571428571,2.625,2.14285714285714,2,1,2,2,2,2,1,"Out","Out","outgroup","outgroup",1,0,0,0,0,0,"Out","Out","In",1,0,1,0,1,0,1,0,0,"Observer__J_Out__C_Out__V_In",0,5,-5,"Hum_x_Ing","Hum_x_Ing__Observer","Hum_x_Ing__Reject","Hum_x_Ing__Observer__Reject",0,1,0,0,0,0,"Observer__J_Out__C_Out__V_In__Reject","Observer__J_Out__C_Out__V_In__Reject",0,0,0,0,0,0,0,0,0,0,0,0,0,1,0,0,0,0,0,0,0,0,0,0,0,0,0
200,10,1,"observer",1,23,3,1,0,1,0,1,TRUE,2.14285714285714,1.71428571428571,2.625,2.14285714285714,2,1,2,1,2,1,1,"Out","In","outgroup","ingroup",1,0,0,0,1,1,"Out","In","In",1,0,0,0,1,0,0,0,0,"Observer__J_Out__C_In__V_In",0,0,0,"Hum_x_Ing","Hum_x_Ing__Observer","Hum_x_Ing__Accept","Hum_x_Ing__Observer__Accept",0,1,0,0,0,0,"Observer__J_Out__C_In__V_In__Accept","Observer__J_Out__C_In__V_In__Accept",0,0,0,0,0,0,0,0,0,0,1,0,0,0,0,0,0,0,0,0,0,0,0,0,0,0,0
200,10,2,"observer",1,23,3,1,0,1,0,1,TRUE,2.14285714285714,1.71428571428571,2.625,2.14285714285714,2,1,2,1,1,2,1,"Out","In","ingroup","outgroup",0,0,0,1,1,1,"In","Out","In",1,0,0,0,0,0,1,0,0,"Observer__J_In__C_Out__V_In",0,0,0,"Hum_x_Hum","Hum_x_Hum__Observer","Hum_x_Hum__Accept","Hum_x_Hum__Observer__Accept",1,0,0,0,0,0,"Observer__J_In__C_Out__V_In__Accept","Observer__J_In__C_Out__V_In__Accept",0,0,0,0,0,0,0,0,0,0,0,0,1,0,0,0,0,0,0,0,0,0,0,0,0,0,0
201,3,1,"victim",0,18,3,2,1,2,1,1,TRUE,1.89285714285714,1.14285714285714,1.75,2.28571428571429,2.5,2,2,2,2,2,2,"In","In","ingroup","ingroup",0,0,0,1,0,0,"In","In",,0,0,0,0,0,0,0,0,0,"Victim__J_In__C_In",0,9,-9,"Ing_x_Ing","Ing_x_Ing__Victim","Ing_x_Ing__Reject","Ing_x_Ing__Victim__Reject",0,0,0,0,1,0,"Victim__J_In__C_In__Reject","Victim__J_In__C_In__Reject",1,0,0,0,0,0,0,0,0,0,0,0,0,0,0,0,0,0,0,0,0,0,0,0,0,0,0
201,3,2,"victim",0,18,3,2,1,2,1,1,TRUE,1.89285714285714,1.14285714285714,1.75,2.28571428571429,2.5,2,2,2,2,2,2,"In","In","ingroup","ingroup",0,0,0,1,0,0,"In","In",,0,0,0,0,0,0,0,0,0,"Victim__J_In__C_In",0,9,-9,"Ing_x_Ing","Ing_x_Ing__Victim","Ing_x_Ing__Reject","Ing_x_Ing__Victim__Reject",0,0,0,0,1,0,"Victim__J_In__C_In__Reject","Victim__J_In__C_In__Reject",1,0,0,0,0,0,0,0,0,0,0,0,0,0,0,0,0,0,0,0,0,0,0,0,0,0,0
201,6,1,"observer",1,18,3,2,1,2,1,1,TRUE,1.89285714285714,1.14285714285714,1.75,2.28571428571429,2.5,2,2,1,2,1,2,"In","Out","ingroup","outgroup",0,0,0,1,0,0,"In","Out","In",0,0,1,0,0,0,1,0,0,"Observer__J_In__C_Out__V_In",0,2,-2,"Ing_x_Ing","Ing_x_Ing__Observer","Ing_x_Ing__Reject","Ing_x_Ing__Observer__Reject",0,0,0,0,1,0,"Observer__J_In__C_Out__V_In__Reject","Observer__J_In__C_Out__V_In__Reject",0,0,0,0,0,0,0,0,0,0,0,0,1,0,0,0,0,0,0,0,0,0,0,0,0,0,0
201,6,2,"observer",1,18,3,2,1,2,1,1,TRUE,1.89285714285714,1.14285714285714,1.75,2.28571428571429,2.5,2,2,1,1,2,2,"In","Out","outgroup","ingroup",1,0,0,0,0,0,"Out","In","In",0,0,1,0,1,0,0,0,0,"Observer__J_Out__C_In__V_In",0,2,-2,"Ing_x_Hum","Ing_x_Hum__Observer","Ing_x_Hum__Reject","Ing_x_Hum__Observer__Reject",0,0,0,1,0,0,"Observer__J_Out__C_In__V_In__Reject","Observer__J_Out__C_In__V_In__Reject",0,0,0,0,0,0,0,0,0,0,1,0,0,0,0,0,0,0,0,0,0,0,0,0,0,0,0
201,7,1,"observer",1,18,3,2,1,2,1,1,TRUE,1.89285714285714,1.14285714285714,1.75,2.28571428571429,2.5,2,2,1,2,1,1,"In","Out","ingroup","outgroup",0,0,1,0,0,1,"In","Out","Out",0,0,1,0,0,0,1,0,1,"Observer__J_In__C_Out__V_Out",0,2,-2,"Hum_x_Ing","Hum_x_Ing__Observer","Hum_x_Ing__Reject","Hum_x_Ing__Observer__Reject",0,1,0,0,0,0,"Observer__J_In__C_Out__V_Out__Reject","Observer__J_In__C_Out__V_Out__Reject",0,0,0,0,0,0,0,0,0,0,0,0,0,0,0,0,0,0,0,0,0,1,0,0,0,0,0
201,7,2,"observer",1,18,3,2,1,2,1,1,TRUE,1.89285714285714,1.14285714285714,1.75,2.28571428571429,2.5,2,2,1,1,2,1,"In","Out","outgroup","ingroup",1,0,1,1,1,0,"Out","In","Out",0,0,1,0,1,0,0,0,1,"Observer__J_Out__C_In__V_Out",0,-2,2,"Hum_x_Hum","Hum_x_Hum__Observer","Hum_x_Hum__Accept","Hum_x_Hum__Observer__Accept",1,0,0,0,0,0,"Observer__J_Out__C_In__V_Out__Accept","Observer__J_Out__C_In__V_Out__Accept",0,0,0,0,0,0,0,0,0,0,0,0,0,0,0,0,0,0,0,1,0,0,0,0,0,0,0
202,3,1,"observer",1,18,3,1,0,2,1,2,TRUE,1.92857142857143,1.57142857142857,1.875,2,2.33333333333333,2,2,1,2,1,2,"In","Out","ingroup","outgroup",0,0,0,1,1,1,"In","Out","In",0,0,1,0,0,0,1,0,0,"Observer__J_In__C_Out__V_In",0,8,-8,"Ing_x_Ing","Ing_x_Ing__Observer","Ing_x_Ing__Accept","Ing_x_Ing__Observer__Accept",0,0,0,0,1,0,"Observer__J_In__C_Out__V_In__Accept","Observer__J_In__C_Out__V_In__Accept",0,0,0,0,0,0,0,0,0,0,0,0,1,0,0,0,0,0,0,0,0,0,0,0,0,0,0
202,3,2,"observer",1,18,3,1,0,2,1,2,TRUE,1.92857142857143,1.57142857142857,1.875,2,2.33333333333333,2,2,1,1,2,2,"In","Out","outgroup","ingroup",1,0,0,0,1,1,"Out","In","In",0,0,1,0,1,0,0,0,0,"Observer__J_Out__C_In__V_In",0,8,-8,"Ing_x_Hum","Ing_x_Hum__Observer","Ing_x_Hum__Accept","Ing_x_Hum__Observer__Accept",0,0,0,1,0,0,"Observer__J_Out__C_In__V_In__Accept","Observer__J_Out__C_In__V_In__Accept",0,0,0,0,0,0,0,0,0,0,1,0,0,0,0,0,0,0,0,0,0,0,0,0,0,0,0
202,4,1,"observer",1,18,3,1,0,2,1,2,TRUE,1.92857142857143,1.57142857142857,1.875,2,2.33333333333333,2,1,2,1,2,1,"Out","In","outgroup","ingroup",1,0,1,1,0,1,"Out","In","Out",1,0,0,0,1,0,0,0,1,"Observer__J_Out__C_In__V_Out",0,8,-8,"Hum_x_Hum","Hum_x_Hum__Observer","Hum_x_Hum__Reject","Hum_x_Hum__Observer__Reject",1,0,0,0,0,0,"Observer__J_Out__C_In__V_Out__Reject","Observer__J_Out__C_In__V_Out__Reject",0,0,0,0,0,0,0,0,0,0,0,0,0,0,0,0,0,0,0,1,0,0,0,0,0,0,0
202,4,2,"observer",1,18,3,1,0,2,1,2,TRUE,1.92857142857143,1.57142857142857,1.875,2,2.33333333333333,2,1,2,2,1,1,"Out","In","ingroup","outgroup",0,0,1,0,1,0,"In","Out","Out",1,0,0,0,0,0,1,0,1,"Observer__J_In__C_Out__V_Out",0,8,-8,"Hum_x_Ing","Hum_x_Ing__Observer","Hum_x_Ing__Accept","Hum_x_Ing__Observer__Accept",0,1,0,0,0,0,"Observer__J_In__C_Out__V_Out__Accept","Observer__J_In__C_Out__V_Out__Accept",0,0,0,0,0,0,0,0,0,0,0,0,0,0,0,0,0,0,0,0,0,1,0,0,0,0,0
202,6,1,"victim",0,18,3,1,0,2,1,2,TRUE,1.92857142857143,1.57142857142857,1.875,2,2.33333333333333,2,2,2,2,2,2,"In","In","ingroup","ingroup",0,0,0,1,0,0,"In","In",,0,0,0,0,0,0,0,0,0,"Victim__J_In__C_In",0,9,-9,"Ing_x_Ing","Ing_x_Ing__Victim","Ing_x_Ing__Reject","Ing_x_Ing__Victim__Reject",0,0,0,0,1,0,"Victim__J_In__C_In__Reject","Victim__J_In__C_In__Reject",1,0,0,0,0,0,0,0,0,0,0,0,0,0,0,0,0,0,0,0,0,0,0,0,0,0,0
202,6,2,"victim",0,18,3,1,0,2,1,2,TRUE,1.92857142857143,1.57142857142857,1.875,2,2.33333333333333,2,2,2,2,2,2,"In","In","ingroup","ingroup",0,0,0,1,0,0,"In","In",,0,0,0,0,0,0,0,0,0,"Victim__J_In__C_In",0,9,-9,"Ing_x_Ing","Ing_x_Ing__Victim","Ing_x_Ing__Reject","Ing_x_Ing__Victim__Reject",0,0,0,0,1,0,"Victim__J_In__C_In__Reject","Victim__J_In__C_In__Reject",1,0,0,0,0,0,0,0,0,0,0,0,0,0,0,0,0,0,0,0,0,0,0,0,0,0,0
202,7,1,"victim",0,18,3,1,0,2,1,2,TRUE,1.92857142857143,1.57142857142857,1.875,2,2.33333333333333,2,2,1,2,1,2,"In","Out","ingroup","outgroup",0,0,0,1,0,0,"In","Out",,0,0,1,0,0,0,1,0,0,"Victim__J_In__C_Out",0,9,-9,"Ing_x_Ing","Ing_x_Ing__Victim","Ing_x_Ing__Reject","Ing_x_Ing__Victim__Reject",0,0,0,0,1,0,"Victim__J_In__C_Out__Reject","Victim__J_In__C_Out__Reject",0,0,0,1,0,0,0,0,0,0,0,0,0,0,0,0,0,0,0,0,0,0,0,0,0,0,0
202,7,2,"victim",0,18,3,1,0,2,1,2,TRUE,1.92857142857143,1.57142857142857,1.875,2,2.33333333333333,2,2,1,1,2,2,"In","Out","outgroup","ingroup",1,0,0,0,0,0,"Out","In",,0,0,1,0,1,0,0,0,0,"Victim__J_Out__C_In",0,9,-9,"Ing_x_Hum","Ing_x_Hum__Victim","Ing_x_Hum__Reject","Ing_x_Hum__Victim__Reject",0,0,0,1,0,0,"Victim__J_Out__C_In__Reject","Victim__J_Out__C_In__Reject",0,1,0,0,0,0,0,0,0,0,0,0,0,0,0,0,0,0,0,0,0,0,0,0,0,0,0
202,8,1,"victim",0,18,3,1,0,2,1,2,TRUE,1.92857142857143,1.57142857142857,1.875,2,2.33333333333333,2,1,2,1,2,2,"Out","In","outgroup","ingroup",1,0,0,0,0,0,"Out","In",,1,0,0,0,1,0,0,0,0,"Victim__J_Out__C_In",0,8,-8,"Ing_x_Hum","Ing_x_Hum__Victim","Ing_x_Hum__Reject","Ing_x_Hum__Victim__Reject",0,0,0,1,0,0,"Victim__J_Out__C_In__Reject","Victim__J_Out__C_In__Reject",0,1,0,0,0,0,0,0,0,0,0,0,0,0,0,0,0,0,0,0,0,0,0,0,0,0,0
202,8,2,"victim",0,18,3,1,0,2,1,2,TRUE,1.92857142857143,1.57142857142857,1.875,2,2.33333333333333,2,1,2,2,1,2,"Out","In","ingroup","outgroup",0,0,0,1,0,0,"In","Out",,1,0,0,0,0,0,1,0,0,"Victim__J_In__C_Out",0,8,-8,"Ing_x_Ing","Ing_x_Ing__Victim","Ing_x_Ing__Reject","Ing_x_Ing__Victim__Reject",0,0,0,0,1,0,"Victim__J_In__C_Out__Reject","Victim__J_In__C_Out__Reject",0,0,0,1,0,0,0,0,0,0,0,0,0,0,0,0,0,0,0,0,0,0,0,0,0,0,0
203,3,1,"observer",1,18,3,2,1,2,1,2,TRUE,2.46428571428571,2.85714285714286,1.875,3,2.16666666666667,2,1,1,1,1,2,"Out","Out","outgroup","outgroup",1,0,0,0,0,1,"Out","Out","In",1,0,1,0,1,0,1,0,0,"Observer__J_Out__C_Out__V_In",0,0,0,"Ing_x_Hum","Ing_x_Hum__Observer","Ing_x_Hum__Reject","Ing_x_Hum__Observer__Reject",0,0,0,1,0,0,"Observer__J_Out__C_Out__V_In__Reject","Observer__J_Out__C_Out__V_In__Reject",0,0,0,0,0,0,0,0,0,0,0,0,0,1,0,0,0,0,0,0,0,0,0,0,0,0,0
203,3,2,"observer",1,18,3,2,1,2,1,2,TRUE,2.46428571428571,2.85714285714286,1.875,3,2.16666666666667,2,1,1,1,1,2,"Out","Out","outgroup","outgroup",1,0,0,0,1,0,"Out","Out","In",1,0,1,0,1,0,1,0,0,"Observer__J_Out__C_Out__V_In",0,-1,1,"Ing_x_Hum","Ing_x_Hum__Observer","Ing_x_Hum__Accept","Ing_x_Hum__Observer__Accept",0,0,0,1,0,0,"Observer__J_Out__C_Out__V_In__Accept","Observer__J_Out__C_Out__V_In__Accept",0,0,0,0,0,0,0,0,0,0,0,0,0,1,0,0,0,0,0,0,0,0,0,0,0,0,0
203,5,1,"observer",1,18,3,2,1,2,1,2,TRUE,2.46428571428571,2.85714285714286,1.875,3,2.16666666666667,2,2,2,2,2,1,"In","In","ingroup","ingroup",0,0,1,0,0,0,"In","In","Out",0,0,0,0,0,0,0,0,1,"Observer__J_In__C_In__V_Out",0,1,-1,"Hum_x_Ing","Hum_x_Ing__Observer","Hum_x_Ing__Reject","Hum_x_Ing__Observer__Reject",0,1,0,0,0,0,"Observer__J_In__C_In__V_Out__Reject","Observer__J_In__C_In__V_Out__Reject",0,0,0,0,0,0,0,0,0,0,0,0,0,0,0,0,0,0,1,0,0,0,0,0,0,0,0
203,5,2,"observer",1,18,3,2,1,2,1,2,TRUE,2.46428571428571,2.85714285714286,1.875,3,2.16666666666667,2,2,2,2,2,1,"In","In","ingroup","ingroup",0,0,1,0,0,0,"In","In","Out",0,0,0,0,0,0,0,0,1,"Observer__J_In__C_In__V_Out",0,1,-1,"Hum_x_Ing","Hum_x_Ing__Observer","Hum_x_Ing__Reject","Hum_x_Ing__Observer__Reject",0,1,0,0,0,0,"Observer__J_In__C_In__V_Out__Reject","Observer__J_In__C_In__V_Out__Reject",0,0,0,0,0,0,0,0,0,0,0,0,0,0,0,0,0,0,1,0,0,0,0,0,0,0,0
203,6,1,"victim",0,18,3,2,1,2,1,2,TRUE,2.46428571428571,2.85714285714286,1.875,3,2.16666666666667,2,1,1,1,1,2,"Out","Out","outgroup","outgroup",1,0,0,0,0,0,"Out","Out",,1,0,1,0,1,0,1,0,0,"Victim__J_Out__C_Out",0,1,-1,"Ing_x_Hum","Ing_x_Hum__Victim","Ing_x_Hum__Reject","Ing_x_Hum__Victim__Reject",0,0,0,1,0,0,"Victim__J_Out__C_Out__Reject","Victim__J_Out__C_Out__Reject",0,0,0,0,1,0,0,0,0,0,0,0,0,0,0,0,0,0,0,0,0,0,0,0,0,0,0
203,6,2,"victim",0,18,3,2,1,2,1,2,TRUE,2.46428571428571,2.85714285714286,1.875,3,2.16666666666667,2,1,1,1,1,2,"Out","Out","outgroup","outgroup",1,0,0,0,0,0,"Out","Out",,1,0,1,0,1,0,1,0,0,"Victim__J_Out__C_Out",0,1,-1,"Ing_x_Hum","Ing_x_Hum__Victim","Ing_x_Hum__Reject","Ing_x_Hum__Victim__Reject",0,0,0,1,0,0,"Victim__J_Out__C_Out__Reject","Victim__J_Out__C_Out__Reject",0,0,0,0,1,0,0,0,0,0,0,0,0,0,0,0,0,0,0,0,0,0,0,0,0,0,0
203,8,1,"victim",0,18,3,2,1,2,1,2,TRUE,2.46428571428571,2.85714285714286,1.875,3,2.16666666666667,2,2,2,2,2,2,"In","In","ingroup","ingroup",0,0,0,1,0,1,"In","In",,0,0,0,0,0,0,0,0,0,"Victim__J_In__C_In",0,1,-1,"Ing_x_Ing","Ing_x_Ing__Victim","Ing_x_Ing__Reject","Ing_x_Ing__Victim__Reject",0,0,0,0,1,0,"Victim__J_In__C_In__Reject","Victim__J_In__C_In__Reject",1,0,0,0,0,0,0,0,0,0,0,0,0,0,0,0,0,0,0,0,0,0,0,0,0,0,0
203,8,2,"victim",0,18,3,2,1,2,1,2,TRUE,2.46428571428571,2.85714285714286,1.875,3,2.16666666666667,2,2,2,2,2,2,"In","In","ingroup","ingroup",0,0,0,1,1,0,"In","In",,0,0,0,0,0,0,0,0,0,"Victim__J_In__C_In",0,-1,1,"Ing_x_Ing","Ing_x_Ing__Victim","Ing_x_Ing__Accept","Ing_x_Ing__Victim__Accept",0,0,0,0,1,0,"Victim__J_In__C_In__Accept","Victim__J_In__C_In__Accept",1,0,0,0,0,0,0,0,0,0,0,0,0,0,0,0,0,0,0,0,0,0,0,0,0,0,0
203,9,1,"victim",0,18,3,2,1,2,1,2,TRUE,2.46428571428571,2.85714285714286,1.875,3,2.16666666666667,2,1,1,1,1,2,"Out","Out","outgroup","outgroup",1,0,0,0,1,1,"Out","Out",,1,0,1,0,1,0,1,0,0,"Victim__J_Out__C_Out",0,-1,1,"Ing_x_Hum","Ing_x_Hum__Victim","Ing_x_Hum__Accept","Ing_x_Hum__Victim__Accept",0,0,0,1,0,0,"Victim__J_Out__C_Out__Accept","Victim__J_Out__C_Out__Accept",0,0,0,0,1,0,0,0,0,0,0,0,0,0,0,0,0,0,0,0,0,0,0,0,0,0,0
203,9,2,"victim",0,18,3,2,1,2,1,2,TRUE,2.46428571428571,2.85714285714286,1.875,3,2.16666666666667,2,1,1,1,1,2,"Out","Out","outgroup","outgroup",1,0,0,0,1,1,"Out","Out",,1,0,1,0,1,0,1,0,0,"Victim__J_Out__C_Out",0,-1,1,"Ing_x_Hum","Ing_x_Hum__Victim","Ing_x_Hum__Accept","Ing_x_Hum__Victim__Accept",0,0,0,1,0,0,"Victim__J_Out__C_Out__Accept","Victim__J_Out__C_Out__Accept",0,0,0,0,1,0,0,0,0,0,0,0,0,0,0,0,0,0,0,0,0,0,0,0,0,0,0
203,10,1,"victim",0,18,3,2,1,2,1,2,TRUE,2.46428571428571,2.85714285714286,1.875,3,2.16666666666667,2,2,1,2,1,2,"In","Out","ingroup","outgroup",0,0,0,1,0,1,"In","Out",,0,0,1,0,0,0,1,0,0,"Victim__J_In__C_Out",0,1,-1,"Ing_x_Ing","Ing_x_Ing__Victim","Ing_x_Ing__Reject","Ing_x_Ing__Victim__Reject",0,0,0,0,1,0,"Victim__J_In__C_Out__Reject","Victim__J_In__C_Out__Reject",0,0,0,1,0,0,0,0,0,0,0,0,0,0,0,0,0,0,0,0,0,0,0,0,0,0,0
203,10,2,"victim",0,18,3,2,1,2,1,2,TRUE,2.46428571428571,2.85714285714286,1.875,3,2.16666666666667,2,2,1,1,2,2,"In","Out","outgroup","ingroup",1,0,0,0,1,0,"Out","In",,0,0,1,0,1,0,0,0,0,"Victim__J_Out__C_In",0,-1,1,"Ing_x_Hum","Ing_x_Hum__Victim","Ing_x_Hum__Accept","Ing_x_Hum__Victim__Accept",0,0,0,1,0,0,"Victim__J_Out__C_In__Accept","Victim__J_Out__C_In__Accept",0,1,0,0,0,0,0,0,0,0,0,0,0,0,0,0,0,0,0,0,0,0,0,0,0,0,0
205,1,1,"observer",1,23,3,2,1,2,1,2,TRUE,1.64285714285714,1.28571428571429,1.25,2,2.16666666666667,2,2,1,2,1,2,"In","Out","ingroup","outgroup",0,0,0,1,1,1,"In","Out","In",0,0,1,0,0,0,1,0,0,"Observer__J_In__C_Out__V_In",0,9,-9,"Ing_x_Ing","Ing_x_Ing__Observer","Ing_x_Ing__Accept","Ing_x_Ing__Observer__Accept",0,0,0,0,1,0,"Observer__J_In__C_Out__V_In__Accept","Observer__J_In__C_Out__V_In__Accept",0,0,0,0,0,0,0,0,0,0,0,0,1,0,0,0,0,0,0,0,0,0,0,0,0,0,0
205,1,2,"observer",1,23,3,2,1,2,1,2,TRUE,1.64285714285714,1.28571428571429,1.25,2,2.16666666666667,2,2,1,1,2,2,"In","Out","outgroup","ingroup",1,0,0,0,1,1,"Out","In","In",0,0,1,0,1,0,0,0,0,"Observer__J_Out__C_In__V_In",0,9,-9,"Ing_x_Hum","Ing_x_Hum__Observer","Ing_x_Hum__Accept","Ing_x_Hum__Observer__Accept",0,0,0,1,0,0,"Observer__J_Out__C_In__V_In__Accept","Observer__J_Out__C_In__V_In__Accept",0,0,0,0,0,0,0,0,0,0,1,0,0,0,0,0,0,0,0,0,0,0,0,0,0,0,0
205,2,1,"observer",1,23,3,2,1,2,1,2,TRUE,1.64285714285714,1.28571428571429,1.25,2,2.16666666666667,2,1,2,1,2,2,"Out","In","outgroup","ingroup",1,0,0,0,1,0,"Out","In","In",1,0,0,0,1,0,0,0,0,"Observer__J_Out__C_In__V_In",0,9,-9,"Ing_x_Hum","Ing_x_Hum__Observer","Ing_x_Hum__Accept","Ing_x_Hum__Observer__Accept",0,0,0,1,0,0,"Observer__J_Out__C_In__V_In__Accept","Observer__J_Out__C_In__V_In__Accept",0,0,0,0,0,0,0,0,0,0,1,0,0,0,0,0,0,0,0,0,0,0,0,0,0,0,0
205,2,2,"observer",1,23,3,2,1,2,1,2,TRUE,1.64285714285714,1.28571428571429,1.25,2,2.16666666666667,2,1,2,2,1,2,"Out","In","ingroup","outgroup",0,0,0,1,0,1,"In","Out","In",1,0,0,0,0,0,1,0,0,"Observer__J_In__C_Out__V_In",0,9,-9,"Ing_x_Ing","Ing_x_Ing__Observer","Ing_x_Ing__Reject","Ing_x_Ing__Observer__Reject",0,0,0,0,1,0,"Observer__J_In__C_Out__V_In__Reject","Observer__J_In__C_Out__V_In__Reject",0,0,0,0,0,0,0,0,0,0,0,0,1,0,0,0,0,0,0,0,0,0,0,0,0,0,0
205,3,1,"observer",1,23,3,2,1,2,1,2,TRUE,1.64285714285714,1.28571428571429,1.25,2,2.16666666666667,2,1,1,1,1,1,"Out","Out","outgroup","outgroup",1,0,1,1,1,0,"Out","Out","Out",1,0,1,0,1,0,1,0,1,"Observer__J_Out__C_Out__V_Out",0,9,-9,"Hum_x_Hum","Hum_x_Hum__Observer","Hum_x_Hum__Accept","Hum_x_Hum__Observer__Accept",1,0,0,0,0,0,"Observer__J_Out__C_Out__V_Out__Accept","Observer__J_Out__C_Out__V_Out__Accept",0,0,0,0,0,0,0,0,0,0,0,0,0,0,0,0,0,0,0,0,0,0,1,0,0,0,0
205,3,2,"observer",1,23,3,2,1,2,1,2,TRUE,1.64285714285714,1.28571428571429,1.25,2,2.16666666666667,2,1,1,1,1,1,"Out","Out","outgroup","outgroup",1,0,1,1,0,1,"Out","Out","Out",1,0,1,0,1,0,1,0,1,"Observer__J_Out__C_Out__V_Out",0,9,-9,"Hum_x_Hum","Hum_x_Hum__Observer","Hum_x_Hum__Reject","Hum_x_Hum__Observer__Reject",1,0,0,0,0,0,"Observer__J_Out__C_Out__V_Out__Reject","Observer__J_Out__C_Out__V_Out__Reject",0,0,0,0,0,0,0,0,0,0,0,0,0,0,0,0,0,0,0,0,0,0,1,0,0,0,0
205,7,1,"victim",0,23,3,2,1,2,1,2,TRUE,1.64285714285714,1.28571428571429,1.25,2,2.16666666666667,2,2,1,2,1,2,"In","Out","ingroup","outgroup",0,0,0,1,0,1,"In","Out",,0,0,1,0,0,0,1,0,0,"Victim__J_In__C_Out",0,9,-9,"Ing_x_Ing","Ing_x_Ing__Victim","Ing_x_Ing__Reject","Ing_x_Ing__Victim__Reject",0,0,0,0,1,0,"Victim__J_In__C_Out__Reject","Victim__J_In__C_Out__Reject",0,0,0,1,0,0,0,0,0,0,0,0,0,0,0,0,0,0,0,0,0,0,0,0,0,0,0
205,7,2,"victim",0,23,3,2,1,2,1,2,TRUE,1.64285714285714,1.28571428571429,1.25,2,2.16666666666667,2,2,1,1,2,2,"In","Out","outgroup","ingroup",1,0,0,0,1,0,"Out","In",,0,0,1,0,1,0,0,0,0,"Victim__J_Out__C_In",0,9,-9,"Ing_x_Hum","Ing_x_Hum__Victim","Ing_x_Hum__Accept","Ing_x_Hum__Victim__Accept",0,0,0,1,0,0,"Victim__J_Out__C_In__Accept","Victim__J_Out__C_In__Accept",0,1,0,0,0,0,0,0,0,0,0,0,0,0,0,0,0,0,0,0,0,0,0,0,0,0,0
206,4,1,"victim",0,20,3,2,1,2,1,1,TRUE,2.78571428571429,3,2.75,2.28571428571429,3.16666666666667,2,1,1,1,1,2,"Out","Out","outgroup","outgroup",1,0,0,0,0,0,"Out","Out",,1,0,1,0,1,0,1,0,0,"Victim__J_Out__C_Out",0,9,-9,"Ing_x_Hum","Ing_x_Hum__Victim","Ing_x_Hum__Reject","Ing_x_Hum__Victim__Reject",0,0,0,1,0,0,"Victim__J_Out__C_Out__Reject","Victim__J_Out__C_Out__Reject",0,0,0,0,1,0,0,0,0,0,0,0,0,0,0,0,0,0,0,0,0,0,0,0,0,0,0
206,4,2,"victim",0,20,3,2,1,2,1,1,TRUE,2.78571428571429,3,2.75,2.28571428571429,3.16666666666667,2,1,1,1,1,2,"Out","Out","outgroup","outgroup",1,0,0,0,0,0,"Out","Out",,1,0,1,0,1,0,1,0,0,"Victim__J_Out__C_Out",0,9,-9,"Ing_x_Hum","Ing_x_Hum__Victim","Ing_x_Hum__Reject","Ing_x_Hum__Victim__Reject",0,0,0,1,0,0,"Victim__J_Out__C_Out__Reject","Victim__J_Out__C_Out__Reject",0,0,0,0,1,0,0,0,0,0,0,0,0,0,0,0,0,0,0,0,0,0,0,0,0,0,0
206,5,1,"victim",0,20,3,2,1,2,1,1,TRUE,2.78571428571429,3,2.75,2.28571428571429,3.16666666666667,2,1,2,1,2,2,"Out","In","outgroup","ingroup",1,0,0,0,1,1,"Out","In",,1,0,0,0,1,0,0,0,0,"Victim__J_Out__C_In",0,-2,2,"Ing_x_Hum","Ing_x_Hum__Victim","Ing_x_Hum__Accept","Ing_x_Hum__Victim__Accept",0,0,0,1,0,0,"Victim__J_Out__C_In__Accept","Victim__J_Out__C_In__Accept",0,1,0,0,0,0,0,0,0,0,0,0,0,0,0,0,0,0,0,0,0,0,0,0,0,0,0
206,5,2,"victim",0,20,3,2,1,2,1,1,TRUE,2.78571428571429,3,2.75,2.28571428571429,3.16666666666667,2,1,2,2,1,2,"Out","In","ingroup","outgroup",0,0,0,1,1,1,"In","Out",,1,0,0,0,0,0,1,0,0,"Victim__J_In__C_Out",0,-2,2,"Ing_x_Ing","Ing_x_Ing__Victim","Ing_x_Ing__Accept","Ing_x_Ing__Victim__Accept",0,0,0,0,1,0,"Victim__J_In__C_Out__Accept","Victim__J_In__C_Out__Accept",0,0,0,1,0,0,0,0,0,0,0,0,0,0,0,0,0,0,0,0,0,0,0,0,0,0,0
206,6,1,"observer",1,20,3,2,1,2,1,1,TRUE,2.78571428571429,3,2.75,2.28571428571429,3.16666666666667,2,1,2,1,2,1,"Out","In","outgroup","ingroup",1,0,1,1,1,0,"Out","In","Out",1,0,0,0,1,0,0,0,1,"Observer__J_Out__C_In__V_Out",0,-2,2,"Hum_x_Hum","Hum_x_Hum__Observer","Hum_x_Hum__Accept","Hum_x_Hum__Observer__Accept",1,0,0,0,0,0,"Observer__J_Out__C_In__V_Out__Accept","Observer__J_Out__C_In__V_Out__Accept",0,0,0,0,0,0,0,0,0,0,0,0,0,0,0,0,0,0,0,1,0,0,0,0,0,0,0
206,6,2,"observer",1,20,3,2,1,2,1,1,TRUE,2.78571428571429,3,2.75,2.28571428571429,3.16666666666667,2,1,2,2,1,1,"Out","In","ingroup","outgroup",0,0,1,0,0,1,"In","Out","Out",1,0,0,0,0,0,1,0,1,"Observer__J_In__C_Out__V_Out",0,9,-9,"Hum_x_Ing","Hum_x_Ing__Observer","Hum_x_Ing__Reject","Hum_x_Ing__Observer__Reject",0,1,0,0,0,0,"Observer__J_In__C_Out__V_Out__Reject","Observer__J_In__C_Out__V_Out__Reject",0,0,0,0,0,0,0,0,0,0,0,0,0,0,0,0,0,0,0,0,0,1,0,0,0,0,0
206,7,1,"observer",1,20,3,2,1,2,1,1,TRUE,2.78571428571429,3,2.75,2.28571428571429,3.16666666666667,2,1,1,1,1,1,"Out","Out","outgroup","outgroup",1,0,1,1,1,1,"Out","Out","Out",1,0,1,0,1,0,1,0,1,"Observer__J_Out__C_Out__V_Out",0,-2,2,"Hum_x_Hum","Hum_x_Hum__Observer","Hum_x_Hum__Accept","Hum_x_Hum__Observer__Accept",1,0,0,0,0,0,"Observer__J_Out__C_Out__V_Out__Accept","Observer__J_Out__C_Out__V_Out__Accept",0,0,0,0,0,0,0,0,0,0,0,0,0,0,0,0,0,0,0,0,0,0,1,0,0,0,0
206,7,2,"observer",1,20,3,2,1,2,1,1,TRUE,2.78571428571429,3,2.75,2.28571428571429,3.16666666666667,2,1,1,1,1,1,"Out","Out","outgroup","outgroup",1,0,1,1,1,1,"Out","Out","Out",1,0,1,0,1,0,1,0,1,"Observer__J_Out__C_Out__V_Out",0,-2,2,"Hum_x_Hum","Hum_x_Hum__Observer","Hum_x_Hum__Accept","Hum_x_Hum__Observer__Accept",1,0,0,0,0,0,"Observer__J_Out__C_Out__V_Out__Accept","Observer__J_Out__C_Out__V_Out__Accept",0,0,0,0,0,0,0,0,0,0,0,0,0,0,0,0,0,0,0,0,0,0,1,0,0,0,0
206,10,1,"observer",1,20,3,2,1,2,1,1,TRUE,2.78571428571429,3,2.75,2.28571428571429,3.16666666666667,2,2,2,2,2,1,"In","In","ingroup","ingroup",0,0,1,0,0,1,"In","In","Out",0,0,0,0,0,0,0,0,1,"Observer__J_In__C_In__V_Out",0,-1,1,"Hum_x_Ing","Hum_x_Ing__Observer","Hum_x_Ing__Reject","Hum_x_Ing__Observer__Reject",0,1,0,0,0,0,"Observer__J_In__C_In__V_Out__Reject","Observer__J_In__C_In__V_Out__Reject",0,0,0,0,0,0,0,0,0,0,0,0,0,0,0,0,0,0,1,0,0,0,0,0,0,0,0
206,10,2,"observer",1,20,3,2,1,2,1,1,TRUE,2.78571428571429,3,2.75,2.28571428571429,3.16666666666667,2,2,2,2,2,1,"In","In","ingroup","ingroup",0,0,1,0,1,0,"In","In","Out",0,0,0,0,0,0,0,0,1,"Observer__J_In__C_In__V_Out",0,-1,1,"Hum_x_Ing","Hum_x_Ing__Observer","Hum_x_Ing__Accept","Hum_x_Ing__Observer__Accept",0,1,0,0,0,0,"Observer__J_In__C_In__V_Out__Accept","Observer__J_In__C_In__V_Out__Accept",0,0,0,0,0,0,0,0,0,0,0,0,0,0,0,0,0,0,1,0,0,0,0,0,0,0,0
207,2,1,"observer",1,22,3,1,0,2,1,2,TRUE,1.53571428571429,1.14285714285714,1.5,2.14285714285714,1.33333333333333,2,1,2,1,2,1,"Out","In","outgroup","ingroup",1,0,1,1,1,0,"Out","In","Out",1,0,0,0,1,0,0,0,1,"Observer__J_Out__C_In__V_Out",0,-9,9,"Hum_x_Hum","Hum_x_Hum__Observer","Hum_x_Hum__Accept","Hum_x_Hum__Observer__Accept",1,0,0,0,0,0,"Observer__J_Out__C_In__V_Out__Accept","Observer__J_Out__C_In__V_Out__Accept",0,0,0,0,0,0,0,0,0,0,0,0,0,0,0,0,0,0,0,1,0,0,0,0,0,0,0
207,2,2,"observer",1,22,3,1,0,2,1,2,TRUE,1.53571428571429,1.14285714285714,1.5,2.14285714285714,1.33333333333333,2,1,2,2,1,1,"Out","In","ingroup","outgroup",0,0,1,0,0,1,"In","Out","Out",1,0,0,0,0,0,1,0,1,"Observer__J_In__C_Out__V_Out",0,9,-9,"Hum_x_Ing","Hum_x_Ing__Observer","Hum_x_Ing__Reject","Hum_x_Ing__Observer__Reject",0,1,0,0,0,0,"Observer__J_In__C_Out__V_Out__Reject","Observer__J_In__C_Out__V_Out__Reject",0,0,0,0,0,0,0,0,0,0,0,0,0,0,0,0,0,0,0,0,0,1,0,0,0,0,0
207,8,1,"victim",0,22,3,1,0,2,1,2,TRUE,1.53571428571429,1.14285714285714,1.5,2.14285714285714,1.33333333333333,2,1,1,1,1,2,"Out","Out","outgroup","outgroup",1,0,0,0,0,1,"Out","Out",,1,0,1,0,1,0,1,0,0,"Victim__J_Out__C_Out",0,5,-5,"Ing_x_Hum","Ing_x_Hum__Victim","Ing_x_Hum__Reject","Ing_x_Hum__Victim__Reject",0,0,0,1,0,0,"Victim__J_Out__C_Out__Reject","Victim__J_Out__C_Out__Reject",0,0,0,0,1,0,0,0,0,0,0,0,0,0,0,0,0,0,0,0,0,0,0,0,0,0,0
207,8,2,"victim",0,22,3,1,0,2,1,2,TRUE,1.53571428571429,1.14285714285714,1.5,2.14285714285714,1.33333333333333,2,1,1,1,1,2,"Out","Out","outgroup","outgroup",1,0,0,0,1,0,"Out","Out",,1,0,1,0,1,0,1,0,0,"Victim__J_Out__C_Out",0,-5,5,"Ing_x_Hum","Ing_x_Hum__Victim","Ing_x_Hum__Accept","Ing_x_Hum__Victim__Accept",0,0,0,1,0,0,"Victim__J_Out__C_Out__Accept","Victim__J_Out__C_Out__Accept",0,0,0,0,1,0,0,0,0,0,0,0,0,0,0,0,0,0,0,0,0,0,0,0,0,0,0
208,1,1,"victim",0,23,3,2,1,2,1,1,TRUE,2.42857142857143,2.14285714285714,2.375,3.28571428571429,1.83333333333333,2,2,1,2,1,2,"In","Out","ingroup","outgroup",0,0,0,1,0,1,"In","Out",,0,0,1,0,0,0,1,0,0,"Victim__J_In__C_Out",0,9,-9,"Ing_x_Ing","Ing_x_Ing__Victim","Ing_x_Ing__Reject","Ing_x_Ing__Victim__Reject",0,0,0,0,1,0,"Victim__J_In__C_Out__Reject","Victim__J_In__C_Out__Reject",0,0,0,1,0,0,0,0,0,0,0,0,0,0,0,0,0,0,0,0,0,0,0,0,0,0,0
208,1,2,"victim",0,23,3,2,1,2,1,1,TRUE,2.42857142857143,2.14285714285714,2.375,3.28571428571429,1.83333333333333,2,2,1,1,2,2,"In","Out","outgroup","ingroup",1,0,0,0,1,0,"Out","In",,0,0,1,0,1,0,0,0,0,"Victim__J_Out__C_In",0,9,-9,"Ing_x_Hum","Ing_x_Hum__Victim","Ing_x_Hum__Accept","Ing_x_Hum__Victim__Accept",0,0,0,1,0,0,"Victim__J_Out__C_In__Accept","Victim__J_Out__C_In__Accept",0,1,0,0,0,0,0,0,0,0,0,0,0,0,0,0,0,0,0,0,0,0,0,0,0,0,0
208,2,1,"victim",0,23,3,2,1,2,1,1,TRUE,2.42857142857143,2.14285714285714,2.375,3.28571428571429,1.83333333333333,2,1,1,1,1,2,"Out","Out","outgroup","outgroup",1,0,0,0,1,1,"Out","Out",,1,0,1,0,1,0,1,0,0,"Victim__J_Out__C_Out",0,9,-9,"Ing_x_Hum","Ing_x_Hum__Victim","Ing_x_Hum__Accept","Ing_x_Hum__Victim__Accept",0,0,0,1,0,0,"Victim__J_Out__C_Out__Accept","Victim__J_Out__C_Out__Accept",0,0,0,0,1,0,0,0,0,0,0,0,0,0,0,0,0,0,0,0,0,0,0,0,0,0,0
208,2,2,"victim",0,23,3,2,1,2,1,1,TRUE,2.42857142857143,2.14285714285714,2.375,3.28571428571429,1.83333333333333,2,1,1,1,1,2,"Out","Out","outgroup","outgroup",1,0,0,0,1,1,"Out","Out",,1,0,1,0,1,0,1,0,0,"Victim__J_Out__C_Out",0,9,-9,"Ing_x_Hum","Ing_x_Hum__Victim","Ing_x_Hum__Accept","Ing_x_Hum__Victim__Accept",0,0,0,1,0,0,"Victim__J_Out__C_Out__Accept","Victim__J_Out__C_Out__Accept",0,0,0,0,1,0,0,0,0,0,0,0,0,0,0,0,0,0,0,0,0,0,0,0,0,0,0
208,4,1,"victim",0,23,3,2,1,2,1,1,TRUE,2.42857142857143,2.14285714285714,2.375,3.28571428571429,1.83333333333333,2,1,2,1,2,2,"Out","In","outgroup","ingroup",1,0,0,0,0,0,"Out","In",,1,0,0,0,1,0,0,0,0,"Victim__J_Out__C_In",0,3,-3,"Ing_x_Hum","Ing_x_Hum__Victim","Ing_x_Hum__Reject","Ing_x_Hum__Victim__Reject",0,0,0,1,0,0,"Victim__J_Out__C_In__Reject","Victim__J_Out__C_In__Reject",0,1,0,0,0,0,0,0,0,0,0,0,0,0,0,0,0,0,0,0,0,0,0,0,0,0,0
208,4,2,"victim",0,23,3,2,1,2,1,1,TRUE,2.42857142857143,2.14285714285714,2.375,3.28571428571429,1.83333333333333,2,1,2,2,1,2,"Out","In","ingroup","outgroup",0,0,0,1,0,0,"In","Out",,1,0,0,0,0,0,1,0,0,"Victim__J_In__C_Out",0,3,-3,"Ing_x_Ing","Ing_x_Ing__Victim","Ing_x_Ing__Reject","Ing_x_Ing__Victim__Reject",0,0,0,0,1,0,"Victim__J_In__C_Out__Reject","Victim__J_In__C_Out__Reject",0,0,0,1,0,0,0,0,0,0,0,0,0,0,0,0,0,0,0,0,0,0,0,0,0,0,0
208,5,1,"victim",0,23,3,2,1,2,1,1,TRUE,2.42857142857143,2.14285714285714,2.375,3.28571428571429,1.83333333333333,2,2,2,2,2,2,"In","In","ingroup","ingroup",0,0,0,1,0,0,"In","In",,0,0,0,0,0,0,0,0,0,"Victim__J_In__C_In",0,3,-3,"Ing_x_Ing","Ing_x_Ing__Victim","Ing_x_Ing__Reject","Ing_x_Ing__Victim__Reject",0,0,0,0,1,0,"Victim__J_In__C_In__Reject","Victim__J_In__C_In__Reject",1,0,0,0,0,0,0,0,0,0,0,0,0,0,0,0,0,0,0,0,0,0,0,0,0,0,0
208,5,2,"victim",0,23,3,2,1,2,1,1,TRUE,2.42857142857143,2.14285714285714,2.375,3.28571428571429,1.83333333333333,2,2,2,2,2,2,"In","In","ingroup","ingroup",0,0,0,1,0,0,"In","In",,0,0,0,0,0,0,0,0,0,"Victim__J_In__C_In",0,3,-3,"Ing_x_Ing","Ing_x_Ing__Victim","Ing_x_Ing__Reject","Ing_x_Ing__Victim__Reject",0,0,0,0,1,0,"Victim__J_In__C_In__Reject","Victim__J_In__C_In__Reject",1,0,0,0,0,0,0,0,0,0,0,0,0,0,0,0,0,0,0,0,0,0,0,0,0,0,0
208,6,1,"observer",1,23,3,2,1,2,1,1,TRUE,2.42857142857143,2.14285714285714,2.375,3.28571428571429,1.83333333333333,2,1,2,1,2,2,"Out","In","outgroup","ingroup",1,0,0,0,1,0,"Out","In","In",1,0,0,0,1,0,0,0,0,"Observer__J_Out__C_In__V_In",0,-3,3,"Ing_x_Hum","Ing_x_Hum__Observer","Ing_x_Hum__Accept","Ing_x_Hum__Observer__Accept",0,0,0,1,0,0,"Observer__J_Out__C_In__V_In__Accept","Observer__J_Out__C_In__V_In__Accept",0,0,0,0,0,0,0,0,0,0,1,0,0,0,0,0,0,0,0,0,0,0,0,0,0,0,0
208,6,2,"observer",1,23,3,2,1,2,1,1,TRUE,2.42857142857143,2.14285714285714,2.375,3.28571428571429,1.83333333333333,2,1,2,2,1,2,"Out","In","ingroup","outgroup",0,0,0,1,0,1,"In","Out","In",1,0,0,0,0,0,1,0,0,"Observer__J_In__C_Out__V_In",0,3,-3,"Ing_x_Ing","Ing_x_Ing__Observer","Ing_x_Ing__Reject","Ing_x_Ing__Observer__Reject",0,0,0,0,1,0,"Observer__J_In__C_Out__V_In__Reject","Observer__J_In__C_Out__V_In__Reject",0,0,0,0,0,0,0,0,0,0,0,0,1,0,0,0,0,0,0,0,0,0,0,0,0,0,0
208,7,1,"observer",1,23,3,2,1,2,1,1,TRUE,2.42857142857143,2.14285714285714,2.375,3.28571428571429,1.83333333333333,2,1,1,1,1,1,"Out","Out","outgroup","outgroup",1,0,1,1,1,1,"Out","Out","Out",1,0,1,0,1,0,1,0,1,"Observer__J_Out__C_Out__V_Out",0,-5,5,"Hum_x_Hum","Hum_x_Hum__Observer","Hum_x_Hum__Accept","Hum_x_Hum__Observer__Accept",1,0,0,0,0,0,"Observer__J_Out__C_Out__V_Out__Accept","Observer__J_Out__C_Out__V_Out__Accept",0,0,0,0,0,0,0,0,0,0,0,0,0,0,0,0,0,0,0,0,0,0,1,0,0,0,0
208,7,2,"observer",1,23,3,2,1,2,1,1,TRUE,2.42857142857143,2.14285714285714,2.375,3.28571428571429,1.83333333333333,2,1,1,1,1,1,"Out","Out","outgroup","outgroup",1,0,1,1,1,1,"Out","Out","Out",1,0,1,0,1,0,1,0,1,"Observer__J_Out__C_Out__V_Out",0,-5,5,"Hum_x_Hum","Hum_x_Hum__Observer","Hum_x_Hum__Accept","Hum_x_Hum__Observer__Accept",1,0,0,0,0,0,"Observer__J_Out__C_Out__V_Out__Accept","Observer__J_Out__C_Out__V_Out__Accept",0,0,0,0,0,0,0,0,0,0,0,0,0,0,0,0,0,0,0,0,0,0,1,0,0,0,0
208,9,1,"observer",1,23,3,2,1,2,1,1,TRUE,2.42857142857143,2.14285714285714,2.375,3.28571428571429,1.83333333333333,2,2,1,2,1,1,"In","Out","ingroup","outgroup",0,0,1,0,1,1,"In","Out","Out",0,0,1,0,0,0,1,0,1,"Observer__J_In__C_Out__V_Out",0,-7,7,"Hum_x_Ing","Hum_x_Ing__Observer","Hum_x_Ing__Accept","Hum_x_Ing__Observer__Accept",0,1,0,0,0,0,"Observer__J_In__C_Out__V_Out__Accept","Observer__J_In__C_Out__V_Out__Accept",0,0,0,0,0,0,0,0,0,0,0,0,0,0,0,0,0,0,0,0,0,1,0,0,0,0,0
208,9,2,"observer",1,23,3,2,1,2,1,1,TRUE,2.42857142857143,2.14285714285714,2.375,3.28571428571429,1.83333333333333,2,2,1,1,2,1,"In","Out","outgroup","ingroup",1,0,1,1,1,1,"Out","In","Out",0,0,1,0,1,0,0,0,1,"Observer__J_Out__C_In__V_Out",0,-7,7,"Hum_x_Hum","Hum_x_Hum__Observer","Hum_x_Hum__Accept","Hum_x_Hum__Observer__Accept",1,0,0,0,0,0,"Observer__J_Out__C_In__V_Out__Accept","Observer__J_Out__C_In__V_Out__Accept",0,0,0,0,0,0,0,0,0,0,0,0,0,0,0,0,0,0,0,1,0,0,0,0,0,0,0
209,2,1,"victim",0,18,2,2,1,2,1,1,TRUE,2.60714285714286,3,2.375,3,2,2,2,2,2,2,2,"In","In","ingroup","ingroup",0,0,0,1,0,1,"In","In",,0,0,0,0,0,0,0,0,0,"Victim__J_In__C_In",0,-4,4,"Ing_x_Ing","Ing_x_Ing__Victim","Ing_x_Ing__Reject","Ing_x_Ing__Victim__Reject",0,0,0,0,1,0,"Victim__J_In__C_In__Reject","Victim__J_In__C_In__Reject",1,0,0,0,0,0,0,0,0,0,0,0,0,0,0,0,0,0,0,0,0,0,0,0,0,0,0
209,2,2,"victim",0,18,2,2,1,2,1,1,TRUE,2.60714285714286,3,2.375,3,2,2,2,2,2,2,2,"In","In","ingroup","ingroup",0,0,0,1,1,0,"In","In",,0,0,0,0,0,0,0,0,0,"Victim__J_In__C_In",0,-8,8,"Ing_x_Ing","Ing_x_Ing__Victim","Ing_x_Ing__Accept","Ing_x_Ing__Victim__Accept",0,0,0,0,1,0,"Victim__J_In__C_In__Accept","Victim__J_In__C_In__Accept",1,0,0,0,0,0,0,0,0,0,0,0,0,0,0,0,0,0,0,0,0,0,0,0,0,0,0
209,6,1,"observer",1,18,2,2,1,2,1,1,TRUE,2.60714285714286,3,2.375,3,2,2,2,1,2,1,1,"In","Out","ingroup","outgroup",0,0,1,0,0,1,"In","Out","Out",0,0,1,0,0,0,1,0,1,"Observer__J_In__C_Out__V_Out",0,8,-8,"Hum_x_Ing","Hum_x_Ing__Observer","Hum_x_Ing__Reject","Hum_x_Ing__Observer__Reject",0,1,0,0,0,0,"Observer__J_In__C_Out__V_Out__Reject","Observer__J_In__C_Out__V_Out__Reject",0,0,0,0,0,0,0,0,0,0,0,0,0,0,0,0,0,0,0,0,0,1,0,0,0,0,0
209,6,2,"observer",1,18,2,2,1,2,1,1,TRUE,2.60714285714286,3,2.375,3,2,2,2,1,1,2,1,"In","Out","outgroup","ingroup",1,0,1,1,1,0,"Out","In","Out",0,0,1,0,1,0,0,0,1,"Observer__J_Out__C_In__V_Out",0,-7,7,"Hum_x_Hum","Hum_x_Hum__Observer","Hum_x_Hum__Accept","Hum_x_Hum__Observer__Accept",1,0,0,0,0,0,"Observer__J_Out__C_In__V_Out__Accept","Observer__J_Out__C_In__V_Out__Accept",0,0,0,0,0,0,0,0,0,0,0,0,0,0,0,0,0,0,0,1,0,0,0,0,0,0,0
209,7,1,"observer",1,18,2,2,1,2,1,1,TRUE,2.60714285714286,3,2.375,3,2,2,2,1,2,1,1,"In","Out","ingroup","outgroup",0,0,1,0,0,1,"In","Out","Out",0,0,1,0,0,0,1,0,1,"Observer__J_In__C_Out__V_Out",0,7,-7,"Hum_x_Ing","Hum_x_Ing__Observer","Hum_x_Ing__Reject","Hum_x_Ing__Observer__Reject",0,1,0,0,0,0,"Observer__J_In__C_Out__V_Out__Reject","Observer__J_In__C_Out__V_Out__Reject",0,0,0,0,0,0,0,0,0,0,0,0,0,0,0,0,0,0,0,0,0,1,0,0,0,0,0
209,7,2,"observer",1,18,2,2,1,2,1,1,TRUE,2.60714285714286,3,2.375,3,2,2,2,1,1,2,1,"In","Out","outgroup","ingroup",1,0,1,1,1,0,"Out","In","Out",0,0,1,0,1,0,0,0,1,"Observer__J_Out__C_In__V_Out",0,-6,6,"Hum_x_Hum","Hum_x_Hum__Observer","Hum_x_Hum__Accept","Hum_x_Hum__Observer__Accept",1,0,0,0,0,0,"Observer__J_Out__C_In__V_Out__Accept","Observer__J_Out__C_In__V_Out__Accept",0,0,0,0,0,0,0,0,0,0,0,0,0,0,0,0,0,0,0,1,0,0,0,0,0,0,0
209,9,1,"observer",1,18,2,2,1,2,1,1,TRUE,2.60714285714286,3,2.375,3,2,2,2,1,2,1,2,"In","Out","ingroup","outgroup",0,0,0,1,0,0,"In","Out","In",0,0,1,0,0,0,1,0,0,"Observer__J_In__C_Out__V_In",0,8,-8,"Ing_x_Ing","Ing_x_Ing__Observer","Ing_x_Ing__Reject","Ing_x_Ing__Observer__Reject",0,0,0,0,1,0,"Observer__J_In__C_Out__V_In__Reject","Observer__J_In__C_Out__V_In__Reject",0,0,0,0,0,0,0,0,0,0,0,0,1,0,0,0,0,0,0,0,0,0,0,0,0,0,0
209,9,2,"observer",1,18,2,2,1,2,1,1,TRUE,2.60714285714286,3,2.375,3,2,2,2,1,1,2,2,"In","Out","outgroup","ingroup",1,0,0,0,0,0,"Out","In","In",0,0,1,0,1,0,0,0,0,"Observer__J_Out__C_In__V_In",0,8,-8,"Ing_x_Hum","Ing_x_Hum__Observer","Ing_x_Hum__Reject","Ing_x_Hum__Observer__Reject",0,0,0,1,0,0,"Observer__J_Out__C_In__V_In__Reject","Observer__J_Out__C_In__V_In__Reject",0,0,0,0,0,0,0,0,0,0,1,0,0,0,0,0,0,0,0,0,0,0,0,0,0,0,0
210,1,1,"observer",1,20,3,2,1,2,1,2,TRUE,2.64285714285714,2.85714285714286,2.5,2.42857142857143,2.83333333333333,2,1,2,1,2,1,"Out","In","outgroup","ingroup",1,0,1,1,1,0,"Out","In","Out",1,0,0,0,1,0,0,0,1,"Observer__J_Out__C_In__V_Out",0,-1,1,"Hum_x_Hum","Hum_x_Hum__Observer","Hum_x_Hum__Accept","Hum_x_Hum__Observer__Accept",1,0,0,0,0,0,"Observer__J_Out__C_In__V_Out__Accept","Observer__J_Out__C_In__V_Out__Accept",0,0,0,0,0,0,0,0,0,0,0,0,0,0,0,0,0,0,0,1,0,0,0,0,0,0,0
210,1,2,"observer",1,20,3,2,1,2,1,2,TRUE,2.64285714285714,2.85714285714286,2.5,2.42857142857143,2.83333333333333,2,1,2,2,1,1,"Out","In","ingroup","outgroup",0,0,1,0,0,1,"In","Out","Out",1,0,0,0,0,0,1,0,1,"Observer__J_In__C_Out__V_Out",0,-3,3,"Hum_x_Ing","Hum_x_Ing__Observer","Hum_x_Ing__Reject","Hum_x_Ing__Observer__Reject",0,1,0,0,0,0,"Observer__J_In__C_Out__V_Out__Reject","Observer__J_In__C_Out__V_Out__Reject",0,0,0,0,0,0,0,0,0,0,0,0,0,0,0,0,0,0,0,0,0,1,0,0,0,0,0
210,2,1,"observer",1,20,3,2,1,2,1,2,TRUE,2.64285714285714,2.85714285714286,2.5,2.42857142857143,2.83333333333333,2,2,1,2,1,1,"In","Out","ingroup","outgroup",0,0,1,0,0,1,"In","Out","Out",0,0,1,0,0,0,1,0,1,"Observer__J_In__C_Out__V_Out",0,-3,3,"Hum_x_Ing","Hum_x_Ing__Observer","Hum_x_Ing__Reject","Hum_x_Ing__Observer__Reject",0,1,0,0,0,0,"Observer__J_In__C_Out__V_Out__Reject","Observer__J_In__C_Out__V_Out__Reject",0,0,0,0,0,0,0,0,0,0,0,0,0,0,0,0,0,0,0,0,0,1,0,0,0,0,0
210,2,2,"observer",1,20,3,2,1,2,1,2,TRUE,2.64285714285714,2.85714285714286,2.5,2.42857142857143,2.83333333333333,2,2,1,1,2,1,"In","Out","outgroup","ingroup",1,0,1,1,1,0,"Out","In","Out",0,0,1,0,1,0,0,0,1,"Observer__J_Out__C_In__V_Out",0,-1,1,"Hum_x_Hum","Hum_x_Hum__Observer","Hum_x_Hum__Accept","Hum_x_Hum__Observer__Accept",1,0,0,0,0,0,"Observer__J_Out__C_In__V_Out__Accept","Observer__J_Out__C_In__V_Out__Accept",0,0,0,0,0,0,0,0,0,0,0,0,0,0,0,0,0,0,0,1,0,0,0,0,0,0,0
210,3,1,"observer",1,20,3,2,1,2,1,2,TRUE,2.64285714285714,2.85714285714286,2.5,2.42857142857143,2.83333333333333,2,1,2,1,2,1,"Out","In","outgroup","ingroup",1,0,1,1,0,0,"Out","In","Out",1,0,0,0,1,0,0,0,1,"Observer__J_Out__C_In__V_Out",0,6,-6,"Hum_x_Hum","Hum_x_Hum__Observer","Hum_x_Hum__Reject","Hum_x_Hum__Observer__Reject",1,0,0,0,0,0,"Observer__J_Out__C_In__V_Out__Reject","Observer__J_Out__C_In__V_Out__Reject",0,0,0,0,0,0,0,0,0,0,0,0,0,0,0,0,0,0,0,1,0,0,0,0,0,0,0
210,3,2,"observer",1,20,3,2,1,2,1,2,TRUE,2.64285714285714,2.85714285714286,2.5,2.42857142857143,2.83333333333333,2,1,2,2,1,1,"Out","In","ingroup","outgroup",0,0,1,0,0,0,"In","Out","Out",1,0,0,0,0,0,1,0,1,"Observer__J_In__C_Out__V_Out",0,6,-6,"Hum_x_Ing","Hum_x_Ing__Observer","Hum_x_Ing__Reject","Hum_x_Ing__Observer__Reject",0,1,0,0,0,0,"Observer__J_In__C_Out__V_Out__Reject","Observer__J_In__C_Out__V_Out__Reject",0,0,0,0,0,0,0,0,0,0,0,0,0,0,0,0,0,0,0,0,0,1,0,0,0,0,0
210,6,1,"victim",0,20,3,2,1,2,1,2,TRUE,2.64285714285714,2.85714285714286,2.5,2.42857142857143,2.83333333333333,2,1,1,1,1,2,"Out","Out","outgroup","outgroup",1,0,0,0,0,0,"Out","Out",,1,0,1,0,1,0,1,0,0,"Victim__J_Out__C_Out",0,4,-4,"Ing_x_Hum","Ing_x_Hum__Victim","Ing_x_Hum__Reject","Ing_x_Hum__Victim__Reject",0,0,0,1,0,0,"Victim__J_Out__C_Out__Reject","Victim__J_Out__C_Out__Reject",0,0,0,0,1,0,0,0,0,0,0,0,0,0,0,0,0,0,0,0,0,0,0,0,0,0,0
210,6,2,"victim",0,20,3,2,1,2,1,2,TRUE,2.64285714285714,2.85714285714286,2.5,2.42857142857143,2.83333333333333,2,1,1,1,1,2,"Out","Out","outgroup","outgroup",1,0,0,0,0,0,"Out","Out",,1,0,1,0,1,0,1,0,0,"Victim__J_Out__C_Out",0,4,-4,"Ing_x_Hum","Ing_x_Hum__Victim","Ing_x_Hum__Reject","Ing_x_Hum__Victim__Reject",0,0,0,1,0,0,"Victim__J_Out__C_Out__Reject","Victim__J_Out__C_Out__Reject",0,0,0,0,1,0,0,0,0,0,0,0,0,0,0,0,0,0,0,0,0,0,0,0,0,0,0
210,10,1,"victim",0,20,3,2,1,2,1,2,TRUE,2.64285714285714,2.85714285714286,2.5,2.42857142857143,2.83333333333333,2,2,2,2,2,2,"In","In","ingroup","ingroup",0,0,0,1,1,0,"In","In",,0,0,0,0,0,0,0,0,0,"Victim__J_In__C_In",0,-5,5,"Ing_x_Ing","Ing_x_Ing__Victim","Ing_x_Ing__Accept","Ing_x_Ing__Victim__Accept",0,0,0,0,1,0,"Victim__J_In__C_In__Accept","Victim__J_In__C_In__Accept",1,0,0,0,0,0,0,0,0,0,0,0,0,0,0,0,0,0,0,0,0,0,0,0,0,0,0
210,10,2,"victim",0,20,3,2,1,2,1,2,TRUE,2.64285714285714,2.85714285714286,2.5,2.42857142857143,2.83333333333333,2,2,2,2,2,2,"In","In","ingroup","ingroup",0,0,0,1,0,1,"In","In",,0,0,0,0,0,0,0,0,0,"Victim__J_In__C_In",0,2,-2,"Ing_x_Ing","Ing_x_Ing__Victim","Ing_x_Ing__Reject","Ing_x_Ing__Victim__Reject",0,0,0,0,1,0,"Victim__J_In__C_In__Reject","Victim__J_In__C_In__Reject",1,0,0,0,0,0,0,0,0,0,0,0,0,0,0,0,0,0,0,0,0,0,0,0,0,0,0
211,2,1,"observer",1,19,3,2,1,1,0,2,TRUE,1.60714285714286,1.28571428571429,1.375,2.28571428571429,1.5,1,2,2,2,2,2,"Out","Out","outgroup","outgroup",1,0,1,1,0,0,"Out","Out","Out",1,0,1,0,1,0,1,0,1,"Observer__J_Out__C_Out__V_Out",0,9,-9,"Ing_x_Ing","Ing_x_Ing__Observer","Ing_x_Ing__Reject","Ing_x_Ing__Observer__Reject",0,0,0,0,1,0,"Observer__J_Out__C_Out__V_Out__Reject","Observer__J_Out__C_Out__V_Out__Reject",0,0,0,0,0,0,0,0,0,0,0,0,0,0,0,0,0,0,0,0,0,0,1,0,0,0,0
211,2,2,"observer",1,19,3,2,1,1,0,2,TRUE,1.60714285714286,1.28571428571429,1.375,2.28571428571429,1.5,1,2,2,2,2,2,"Out","Out","outgroup","outgroup",1,0,1,1,0,0,"Out","Out","Out",1,0,1,0,1,0,1,0,1,"Observer__J_Out__C_Out__V_Out",0,9,-9,"Ing_x_Ing","Ing_x_Ing__Observer","Ing_x_Ing__Reject","Ing_x_Ing__Observer__Reject",0,0,0,0,1,0,"Observer__J_Out__C_Out__V_Out__Reject","Observer__J_Out__C_Out__V_Out__Reject",0,0,0,0,0,0,0,0,0,0,0,0,0,0,0,0,0,0,0,0,0,0,1,0,0,0,0
211,4,1,"observer",1,19,3,2,1,1,0,2,TRUE,1.60714285714286,1.28571428571429,1.375,2.28571428571429,1.5,1,1,1,1,1,1,"In","In","ingroup","ingroup",0,0,0,1,0,0,"In","In","In",0,0,0,0,0,0,0,0,0,"Observer__J_In__C_In__V_In",0,9,-9,"Hum_x_Hum","Hum_x_Hum__Observer","Hum_x_Hum__Reject","Hum_x_Hum__Observer__Reject",1,0,0,0,0,0,"Observer__J_In__C_In__V_In__Reject","Observer__J_In__C_In__V_In__Reject",0,0,0,0,0,0,0,0,0,1,0,0,0,0,0,0,0,0,0,0,0,0,0,0,0,0,0
211,4,2,"observer",1,19,3,2,1,1,0,2,TRUE,1.60714285714286,1.28571428571429,1.375,2.28571428571429,1.5,1,1,1,1,1,1,"In","In","ingroup","ingroup",0,0,0,1,0,0,"In","In","In",0,0,0,0,0,0,0,0,0,"Observer__J_In__C_In__V_In",0,9,-9,"Hum_x_Hum","Hum_x_Hum__Observer","Hum_x_Hum__Reject","Hum_x_Hum__Observer__Reject",1,0,0,0,0,0,"Observer__J_In__C_In__V_In__Reject","Observer__J_In__C_In__V_In__Reject",0,0,0,0,0,0,0,0,0,1,0,0,0,0,0,0,0,0,0,0,0,0,0,0,0,0,0
211,5,1,"observer",1,19,3,2,1,1,0,2,TRUE,1.60714285714286,1.28571428571429,1.375,2.28571428571429,1.5,1,2,1,2,1,2,"Out","In","outgroup","ingroup",1,0,1,1,0,1,"Out","In","Out",1,0,0,0,1,0,0,0,1,"Observer__J_Out__C_In__V_Out",0,9,-9,"Ing_x_Ing","Ing_x_Ing__Observer","Ing_x_Ing__Reject","Ing_x_Ing__Observer__Reject",0,0,0,0,1,0,"Observer__J_Out__C_In__V_Out__Reject","Observer__J_Out__C_In__V_Out__Reject",0,0,0,0,0,0,0,0,0,0,0,0,0,0,0,0,0,0,0,1,0,0,0,0,0,0,0
211,5,2,"observer",1,19,3,2,1,1,0,2,TRUE,1.60714285714286,1.28571428571429,1.375,2.28571428571429,1.5,1,2,1,1,2,2,"Out","In","ingroup","outgroup",0,0,1,0,1,0,"In","Out","Out",1,0,0,0,0,0,1,0,1,"Observer__J_In__C_Out__V_Out",0,-9,9,"Ing_x_Hum","Ing_x_Hum__Observer","Ing_x_Hum__Accept","Ing_x_Hum__Observer__Accept",0,0,0,1,0,0,"Observer__J_In__C_Out__V_Out__Accept","Observer__J_In__C_Out__V_Out__Accept",0,0,0,0,0,0,0,0,0,0,0,0,0,0,0,0,0,0,0,0,0,1,0,0,0,0,0
211,6,1,"victim",0,19,3,2,1,1,0,2,TRUE,1.60714285714286,1.28571428571429,1.375,2.28571428571429,1.5,1,1,2,1,2,1,"In","Out","ingroup","outgroup",0,0,0,1,0,0,"In","Out",,0,0,1,0,0,0,1,0,0,"Victim__J_In__C_Out",0,9,-9,"Hum_x_Hum","Hum_x_Hum__Victim","Hum_x_Hum__Reject","Hum_x_Hum__Victim__Reject",1,0,0,0,0,0,"Victim__J_In__C_Out__Reject","Victim__J_In__C_Out__Reject",0,0,0,1,0,0,0,0,0,0,0,0,0,0,0,0,0,0,0,0,0,0,0,0,0,0,0
211,6,2,"victim",0,19,3,2,1,1,0,2,TRUE,1.60714285714286,1.28571428571429,1.375,2.28571428571429,1.5,1,1,2,2,1,1,"In","Out","outgroup","ingroup",1,0,0,0,0,0,"Out","In",,0,0,1,0,1,0,0,0,0,"Victim__J_Out__C_In",0,9,-9,"Hum_x_Ing","Hum_x_Ing__Victim","Hum_x_Ing__Reject","Hum_x_Ing__Victim__Reject",0,1,0,0,0,0,"Victim__J_Out__C_In__Reject","Victim__J_Out__C_In__Reject",0,1,0,0,0,0,0,0,0,0,0,0,0,0,0,0,0,0,0,0,0,0,0,0,0,0,0
211,7,1,"victim",0,19,3,2,1,1,0,2,TRUE,1.60714285714286,1.28571428571429,1.375,2.28571428571429,1.5,1,1,2,1,2,1,"In","Out","ingroup","outgroup",0,0,0,1,0,0,"In","Out",,0,0,1,0,0,0,1,0,0,"Victim__J_In__C_Out",0,9,-9,"Hum_x_Hum","Hum_x_Hum__Victim","Hum_x_Hum__Reject","Hum_x_Hum__Victim__Reject",1,0,0,0,0,0,"Victim__J_In__C_Out__Reject","Victim__J_In__C_Out__Reject",0,0,0,1,0,0,0,0,0,0,0,0,0,0,0,0,0,0,0,0,0,0,0,0,0,0,0
211,7,2,"victim",0,19,3,2,1,1,0,2,TRUE,1.60714285714286,1.28571428571429,1.375,2.28571428571429,1.5,1,1,2,2,1,1,"In","Out","outgroup","ingroup",1,0,0,0,0,0,"Out","In",,0,0,1,0,1,0,0,0,0,"Victim__J_Out__C_In",0,9,-9,"Hum_x_Ing","Hum_x_Ing__Victim","Hum_x_Ing__Reject","Hum_x_Ing__Victim__Reject",0,1,0,0,0,0,"Victim__J_Out__C_In__Reject","Victim__J_Out__C_In__Reject",0,1,0,0,0,0,0,0,0,0,0,0,0,0,0,0,0,0,0,0,0,0,0,0,0,0,0
211,9,1,"victim",0,19,3,2,1,1,0,2,TRUE,1.60714285714286,1.28571428571429,1.375,2.28571428571429,1.5,1,1,1,1,1,1,"In","In","ingroup","ingroup",0,0,0,1,1,1,"In","In",,0,0,0,0,0,0,0,0,0,"Victim__J_In__C_In",0,-4,4,"Hum_x_Hum","Hum_x_Hum__Victim","Hum_x_Hum__Accept","Hum_x_Hum__Victim__Accept",1,0,0,0,0,0,"Victim__J_In__C_In__Accept","Victim__J_In__C_In__Accept",1,0,0,0,0,0,0,0,0,0,0,0,0,0,0,0,0,0,0,0,0,0,0,0,0,0,0
211,9,2,"victim",0,19,3,2,1,1,0,2,TRUE,1.60714285714286,1.28571428571429,1.375,2.28571428571429,1.5,1,1,1,1,1,1,"In","In","ingroup","ingroup",0,0,0,1,1,1,"In","In",,0,0,0,0,0,0,0,0,0,"Victim__J_In__C_In",0,-4,4,"Hum_x_Hum","Hum_x_Hum__Victim","Hum_x_Hum__Accept","Hum_x_Hum__Victim__Accept",1,0,0,0,0,0,"Victim__J_In__C_In__Accept","Victim__J_In__C_In__Accept",1,0,0,0,0,0,0,0,0,0,0,0,0,0,0,0,0,0,0,0,0,0,0,0,0,0,0
212,3,1,"observer",1,18,4,2,1,1,0,2,TRUE,2.21428571428571,2.42857142857143,2,2.57142857142857,1.83333333333333,1,2,1,2,1,2,"Out","In","outgroup","ingroup",1,0,1,1,0,0,"Out","In","Out",1,0,0,0,1,0,0,0,1,"Observer__J_Out__C_In__V_Out",0,5,-5,"Ing_x_Ing","Ing_x_Ing__Observer","Ing_x_Ing__Reject","Ing_x_Ing__Observer__Reject",0,0,0,0,1,0,"Observer__J_Out__C_In__V_Out__Reject","Observer__J_Out__C_In__V_Out__Reject",0,0,0,0,0,0,0,0,0,0,0,0,0,0,0,0,0,0,0,1,0,0,0,0,0,0,0
212,3,2,"observer",1,18,4,2,1,1,0,2,TRUE,2.21428571428571,2.42857142857143,2,2.57142857142857,1.83333333333333,1,2,1,1,2,2,"Out","In","ingroup","outgroup",0,0,1,0,0,0,"In","Out","Out",1,0,0,0,0,0,1,0,1,"Observer__J_In__C_Out__V_Out",0,5,-5,"Ing_x_Hum","Ing_x_Hum__Observer","Ing_x_Hum__Reject","Ing_x_Hum__Observer__Reject",0,0,0,1,0,0,"Observer__J_In__C_Out__V_Out__Reject","Observer__J_In__C_Out__V_Out__Reject",0,0,0,0,0,0,0,0,0,0,0,0,0,0,0,0,0,0,0,0,0,1,0,0,0,0,0
212,6,1,"victim",0,18,4,2,1,1,0,2,TRUE,2.21428571428571,2.42857142857143,2,2.57142857142857,1.83333333333333,1,2,2,2,2,1,"Out","Out","outgroup","outgroup",1,0,0,0,1,0,"Out","Out",,1,0,1,0,1,0,1,0,0,"Victim__J_Out__C_Out",0,0,0,"Hum_x_Ing","Hum_x_Ing__Victim","Hum_x_Ing__Accept","Hum_x_Ing__Victim__Accept",0,1,0,0,0,0,"Victim__J_Out__C_Out__Accept","Victim__J_Out__C_Out__Accept",0,0,0,0,1,0,0,0,0,0,0,0,0,0,0,0,0,0,0,0,0,0,0,0,0,0,0
212,6,2,"victim",0,18,4,2,1,1,0,2,TRUE,2.21428571428571,2.42857142857143,2,2.57142857142857,1.83333333333333,1,2,2,2,2,1,"Out","Out","outgroup","outgroup",1,0,0,0,0,1,"Out","Out",,1,0,1,0,1,0,1,0,0,"Victim__J_Out__C_Out",0,0,0,"Hum_x_Ing","Hum_x_Ing__Victim","Hum_x_Ing__Reject","Hum_x_Ing__Victim__Reject",0,1,0,0,0,0,"Victim__J_Out__C_Out__Reject","Victim__J_Out__C_Out__Reject",0,0,0,0,1,0,0,0,0,0,0,0,0,0,0,0,0,0,0,0,0,0,0,0,0,0,0
212,9,1,"victim",0,18,4,2,1,1,0,2,TRUE,2.21428571428571,2.42857142857143,2,2.57142857142857,1.83333333333333,1,1,1,1,1,1,"In","In","ingroup","ingroup",0,0,0,1,0,0,"In","In",,0,0,0,0,0,0,0,0,0,"Victim__J_In__C_In",0,5,-5,"Hum_x_Hum","Hum_x_Hum__Victim","Hum_x_Hum__Reject","Hum_x_Hum__Victim__Reject",1,0,0,0,0,0,"Victim__J_In__C_In__Reject","Victim__J_In__C_In__Reject",1,0,0,0,0,0,0,0,0,0,0,0,0,0,0,0,0,0,0,0,0,0,0,0,0,0,0
212,9,2,"victim",0,18,4,2,1,1,0,2,TRUE,2.21428571428571,2.42857142857143,2,2.57142857142857,1.83333333333333,1,1,1,1,1,1,"In","In","ingroup","ingroup",0,0,0,1,0,0,"In","In",,0,0,0,0,0,0,0,0,0,"Victim__J_In__C_In",0,5,-5,"Hum_x_Hum","Hum_x_Hum__Victim","Hum_x_Hum__Reject","Hum_x_Hum__Victim__Reject",1,0,0,0,0,0,"Victim__J_In__C_In__Reject","Victim__J_In__C_In__Reject",1,0,0,0,0,0,0,0,0,0,0,0,0,0,0,0,0,0,0,0,0,0,0,0,0,0,0
212,10,1,"victim",0,18,4,2,1,1,0,2,TRUE,2.21428571428571,2.42857142857143,2,2.57142857142857,1.83333333333333,1,1,1,1,1,1,"In","In","ingroup","ingroup",0,0,0,1,0,0,"In","In",,0,0,0,0,0,0,0,0,0,"Victim__J_In__C_In",0,5,-5,"Hum_x_Hum","Hum_x_Hum__Victim","Hum_x_Hum__Reject","Hum_x_Hum__Victim__Reject",1,0,0,0,0,0,"Victim__J_In__C_In__Reject","Victim__J_In__C_In__Reject",1,0,0,0,0,0,0,0,0,0,0,0,0,0,0,0,0,0,0,0,0,0,0,0,0,0,0
212,10,2,"victim",0,18,4,2,1,1,0,2,TRUE,2.21428571428571,2.42857142857143,2,2.57142857142857,1.83333333333333,1,1,1,1,1,1,"In","In","ingroup","ingroup",0,0,0,1,0,0,"In","In",,0,0,0,0,0,0,0,0,0,"Victim__J_In__C_In",0,5,-5,"Hum_x_Hum","Hum_x_Hum__Victim","Hum_x_Hum__Reject","Hum_x_Hum__Victim__Reject",1,0,0,0,0,0,"Victim__J_In__C_In__Reject","Victim__J_In__C_In__Reject",1,0,0,0,0,0,0,0,0,0,0,0,0,0,0,0,0,0,0,0,0,0,0,0,0,0,0
213,4,1,"victim",0,18,2,2,1,2,1,1,TRUE,2.46428571428571,1.57142857142857,2.875,3,2.33333333333333,2,1,1,1,1,2,"Out","Out","outgroup","outgroup",1,0,0,0,0,0,"Out","Out",,1,0,1,0,1,0,1,0,0,"Victim__J_Out__C_Out",0,9,-9,"Ing_x_Hum","Ing_x_Hum__Victim","Ing_x_Hum__Reject","Ing_x_Hum__Victim__Reject",0,0,0,1,0,0,"Victim__J_Out__C_Out__Reject","Victim__J_Out__C_Out__Reject",0,0,0,0,1,0,0,0,0,0,0,0,0,0,0,0,0,0,0,0,0,0,0,0,0,0,0
213,4,2,"victim",0,18,2,2,1,2,1,1,TRUE,2.46428571428571,1.57142857142857,2.875,3,2.33333333333333,2,1,1,1,1,2,"Out","Out","outgroup","outgroup",1,0,0,0,0,0,"Out","Out",,1,0,1,0,1,0,1,0,0,"Victim__J_Out__C_Out",0,9,-9,"Ing_x_Hum","Ing_x_Hum__Victim","Ing_x_Hum__Reject","Ing_x_Hum__Victim__Reject",0,0,0,1,0,0,"Victim__J_Out__C_Out__Reject","Victim__J_Out__C_Out__Reject",0,0,0,0,1,0,0,0,0,0,0,0,0,0,0,0,0,0,0,0,0,0,0,0,0,0,0
213,6,1,"observer",1,18,2,2,1,2,1,1,TRUE,2.46428571428571,1.57142857142857,2.875,3,2.33333333333333,2,1,1,1,1,2,"Out","Out","outgroup","outgroup",1,0,0,0,0,0,"Out","Out","In",1,0,1,0,1,0,1,0,0,"Observer__J_Out__C_Out__V_In",0,9,-9,"Ing_x_Hum","Ing_x_Hum__Observer","Ing_x_Hum__Reject","Ing_x_Hum__Observer__Reject",0,0,0,1,0,0,"Observer__J_Out__C_Out__V_In__Reject","Observer__J_Out__C_Out__V_In__Reject",0,0,0,0,0,0,0,0,0,0,0,0,0,1,0,0,0,0,0,0,0,0,0,0,0,0,0
213,6,2,"observer",1,18,2,2,1,2,1,1,TRUE,2.46428571428571,1.57142857142857,2.875,3,2.33333333333333,2,1,1,1,1,2,"Out","Out","outgroup","outgroup",1,0,0,0,0,0,"Out","Out","In",1,0,1,0,1,0,1,0,0,"Observer__J_Out__C_Out__V_In",0,9,-9,"Ing_x_Hum","Ing_x_Hum__Observer","Ing_x_Hum__Reject","Ing_x_Hum__Observer__Reject",0,0,0,1,0,0,"Observer__J_Out__C_Out__V_In__Reject","Observer__J_Out__C_Out__V_In__Reject",0,0,0,0,0,0,0,0,0,0,0,0,0,1,0,0,0,0,0,0,0,0,0,0,0,0,0
213,9,1,"observer",1,18,2,2,1,2,1,1,TRUE,2.46428571428571,1.57142857142857,2.875,3,2.33333333333333,2,2,1,2,1,2,"In","Out","ingroup","outgroup",0,0,0,1,1,1,"In","Out","In",0,0,1,0,0,0,1,0,0,"Observer__J_In__C_Out__V_In",0,0,0,"Ing_x_Ing","Ing_x_Ing__Observer","Ing_x_Ing__Accept","Ing_x_Ing__Observer__Accept",0,0,0,0,1,0,"Observer__J_In__C_Out__V_In__Accept","Observer__J_In__C_Out__V_In__Accept",0,0,0,0,0,0,0,0,0,0,0,0,1,0,0,0,0,0,0,0,0,0,0,0,0,0,0
213,9,2,"observer",1,18,2,2,1,2,1,1,TRUE,2.46428571428571,1.57142857142857,2.875,3,2.33333333333333,2,2,1,1,2,2,"In","Out","outgroup","ingroup",1,0,0,0,1,1,"Out","In","In",0,0,1,0,1,0,0,0,0,"Observer__J_Out__C_In__V_In",0,0,0,"Ing_x_Hum","Ing_x_Hum__Observer","Ing_x_Hum__Accept","Ing_x_Hum__Observer__Accept",0,0,0,1,0,0,"Observer__J_Out__C_In__V_In__Accept","Observer__J_Out__C_In__V_In__Accept",0,0,0,0,0,0,0,0,0,0,1,0,0,0,0,0,0,0,0,0,0,0,0,0,0,0,0
213,10,1,"observer",1,18,2,2,1,2,1,1,TRUE,2.46428571428571,1.57142857142857,2.875,3,2.33333333333333,2,2,2,2,2,1,"In","In","ingroup","ingroup",0,0,1,0,1,0,"In","In","Out",0,0,0,0,0,0,0,0,1,"Observer__J_In__C_In__V_Out",0,-4,4,"Hum_x_Ing","Hum_x_Ing__Observer","Hum_x_Ing__Accept","Hum_x_Ing__Observer__Accept",0,1,0,0,0,0,"Observer__J_In__C_In__V_Out__Accept","Observer__J_In__C_In__V_Out__Accept",0,0,0,0,0,0,0,0,0,0,0,0,0,0,0,0,0,0,1,0,0,0,0,0,0,0,0
213,10,2,"observer",1,18,2,2,1,2,1,1,TRUE,2.46428571428571,1.57142857142857,2.875,3,2.33333333333333,2,2,2,2,2,1,"In","In","ingroup","ingroup",0,0,1,0,0,1,"In","In","Out",0,0,0,0,0,0,0,0,1,"Observer__J_In__C_In__V_Out",0,9,-9,"Hum_x_Ing","Hum_x_Ing__Observer","Hum_x_Ing__Reject","Hum_x_Ing__Observer__Reject",0,1,0,0,0,0,"Observer__J_In__C_In__V_Out__Reject","Observer__J_In__C_In__V_Out__Reject",0,0,0,0,0,0,0,0,0,0,0,0,0,0,0,0,0,0,1,0,0,0,0,0,0,0,0
214,7,1,"observer",1,20,2,2,1,2,1,1,TRUE,1.60714285714286,1.57142857142857,1.375,2.28571428571429,1.16666666666667,2,1,2,1,2,2,"Out","In","outgroup","ingroup",1,0,0,0,1,0,"Out","In","In",1,0,0,0,1,0,0,0,0,"Observer__J_Out__C_In__V_In",0,-5,5,"Ing_x_Hum","Ing_x_Hum__Observer","Ing_x_Hum__Accept","Ing_x_Hum__Observer__Accept",0,0,0,1,0,0,"Observer__J_Out__C_In__V_In__Accept","Observer__J_Out__C_In__V_In__Accept",0,0,0,0,0,0,0,0,0,0,1,0,0,0,0,0,0,0,0,0,0,0,0,0,0,0,0
214,7,2,"observer",1,20,2,2,1,2,1,1,TRUE,1.60714285714286,1.57142857142857,1.375,2.28571428571429,1.16666666666667,2,1,2,2,1,2,"Out","In","ingroup","outgroup",0,0,0,1,0,1,"In","Out","In",1,0,0,0,0,0,1,0,0,"Observer__J_In__C_Out__V_In",0,5,-5,"Ing_x_Ing","Ing_x_Ing__Observer","Ing_x_Ing__Reject","Ing_x_Ing__Observer__Reject",0,0,0,0,1,0,"Observer__J_In__C_Out__V_In__Reject","Observer__J_In__C_Out__V_In__Reject",0,0,0,0,0,0,0,0,0,0,0,0,1,0,0,0,0,0,0,0,0,0,0,0,0,0,0
215,7,1,"observer",1,18,2,2,1,2,1,1,TRUE,3.17857142857143,2.85714285714286,3,3.57142857142857,3.33333333333333,2,2,2,2,2,1,"In","In","ingroup","ingroup",0,0,1,0,1,1,"In","In","Out",0,0,0,0,0,0,0,0,1,"Observer__J_In__C_In__V_Out",0,-6,6,"Hum_x_Ing","Hum_x_Ing__Observer","Hum_x_Ing__Accept","Hum_x_Ing__Observer__Accept",0,1,0,0,0,0,"Observer__J_In__C_In__V_Out__Accept","Observer__J_In__C_In__V_Out__Accept",0,0,0,0,0,0,0,0,0,0,0,0,0,0,0,0,0,0,1,0,0,0,0,0,0,0,0
215,7,2,"observer",1,18,2,2,1,2,1,1,TRUE,3.17857142857143,2.85714285714286,3,3.57142857142857,3.33333333333333,2,2,2,2,2,1,"In","In","ingroup","ingroup",0,0,1,0,1,1,"In","In","Out",0,0,0,0,0,0,0,0,1,"Observer__J_In__C_In__V_Out",0,-6,6,"Hum_x_Ing","Hum_x_Ing__Observer","Hum_x_Ing__Accept","Hum_x_Ing__Observer__Accept",0,1,0,0,0,0,"Observer__J_In__C_In__V_Out__Accept","Observer__J_In__C_In__V_Out__Accept",0,0,0,0,0,0,0,0,0,0,0,0,0,0,0,0,0,0,1,0,0,0,0,0,0,0,0
215,8,1,"observer",1,18,2,2,1,2,1,1,TRUE,3.17857142857143,2.85714285714286,3,3.57142857142857,3.33333333333333,2,1,2,1,2,1,"Out","In","outgroup","ingroup",1,0,1,1,1,0,"Out","In","Out",1,0,0,0,1,0,0,0,1,"Observer__J_Out__C_In__V_Out",0,-7,7,"Hum_x_Hum","Hum_x_Hum__Observer","Hum_x_Hum__Accept","Hum_x_Hum__Observer__Accept",1,0,0,0,0,0,"Observer__J_Out__C_In__V_Out__Accept","Observer__J_Out__C_In__V_Out__Accept",0,0,0,0,0,0,0,0,0,0,0,0,0,0,0,0,0,0,0,1,0,0,0,0,0,0,0
215,8,2,"observer",1,18,2,2,1,2,1,1,TRUE,3.17857142857143,2.85714285714286,3,3.57142857142857,3.33333333333333,2,1,2,2,1,1,"Out","In","ingroup","outgroup",0,0,1,0,0,1,"In","Out","Out",1,0,0,0,0,0,1,0,1,"Observer__J_In__C_Out__V_Out",0,7,-7,"Hum_x_Ing","Hum_x_Ing__Observer","Hum_x_Ing__Reject","Hum_x_Ing__Observer__Reject",0,1,0,0,0,0,"Observer__J_In__C_Out__V_Out__Reject","Observer__J_In__C_Out__V_Out__Reject",0,0,0,0,0,0,0,0,0,0,0,0,0,0,0,0,0,0,0,0,0,1,0,0,0,0,0
215,10,1,"observer",1,18,2,2,1,2,1,1,TRUE,3.17857142857143,2.85714285714286,3,3.57142857142857,3.33333333333333,2,2,2,2,2,1,"In","In","ingroup","ingroup",0,0,1,0,0,0,"In","In","Out",0,0,0,0,0,0,0,0,1,"Observer__J_In__C_In__V_Out",0,8,-8,"Hum_x_Ing","Hum_x_Ing__Observer","Hum_x_Ing__Reject","Hum_x_Ing__Observer__Reject",0,1,0,0,0,0,"Observer__J_In__C_In__V_Out__Reject","Observer__J_In__C_In__V_Out__Reject",0,0,0,0,0,0,0,0,0,0,0,0,0,0,0,0,0,0,1,0,0,0,0,0,0,0,0
215,10,2,"observer",1,18,2,2,1,2,1,1,TRUE,3.17857142857143,2.85714285714286,3,3.57142857142857,3.33333333333333,2,2,2,2,2,1,"In","In","ingroup","ingroup",0,0,1,0,0,0,"In","In","Out",0,0,0,0,0,0,0,0,1,"Observer__J_In__C_In__V_Out",0,8,-8,"Hum_x_Ing","Hum_x_Ing__Observer","Hum_x_Ing__Reject","Hum_x_Ing__Observer__Reject",0,1,0,0,0,0,"Observer__J_In__C_In__V_Out__Reject","Observer__J_In__C_In__V_Out__Reject",0,0,0,0,0,0,0,0,0,0,0,0,0,0,0,0,0,0,1,0,0,0,0,0,0,0,0
216,2,1,"observer",1,18,2,2,1,2,1,2,TRUE,2.96428571428571,3,3.25,2.57142857142857,3,2,2,1,2,1,2,"In","Out","ingroup","outgroup",0,0,0,1,1,1,"In","Out","In",0,0,1,0,0,0,1,0,0,"Observer__J_In__C_Out__V_In",0,-5,5,"Ing_x_Ing","Ing_x_Ing__Observer","Ing_x_Ing__Accept","Ing_x_Ing__Observer__Accept",0,0,0,0,1,0,"Observer__J_In__C_Out__V_In__Accept","Observer__J_In__C_Out__V_In__Accept",0,0,0,0,0,0,0,0,0,0,0,0,1,0,0,0,0,0,0,0,0,0,0,0,0,0,0
216,2,2,"observer",1,18,2,2,1,2,1,2,TRUE,2.96428571428571,3,3.25,2.57142857142857,3,2,2,1,1,2,2,"In","Out","outgroup","ingroup",1,0,0,0,1,1,"Out","In","In",0,0,1,0,1,0,0,0,0,"Observer__J_Out__C_In__V_In",0,-6,6,"Ing_x_Hum","Ing_x_Hum__Observer","Ing_x_Hum__Accept","Ing_x_Hum__Observer__Accept",0,0,0,1,0,0,"Observer__J_Out__C_In__V_In__Accept","Observer__J_Out__C_In__V_In__Accept",0,0,0,0,0,0,0,0,0,0,1,0,0,0,0,0,0,0,0,0,0,0,0,0,0,0,0
216,6,1,"victim",0,18,2,2,1,2,1,2,TRUE,2.96428571428571,3,3.25,2.57142857142857,3,2,2,1,2,1,2,"In","Out","ingroup","outgroup",0,0,0,1,1,0,"In","Out",,0,0,1,0,0,0,1,0,0,"Victim__J_In__C_Out",0,-5,5,"Ing_x_Ing","Ing_x_Ing__Victim","Ing_x_Ing__Accept","Ing_x_Ing__Victim__Accept",0,0,0,0,1,0,"Victim__J_In__C_Out__Accept","Victim__J_In__C_Out__Accept",0,0,0,1,0,0,0,0,0,0,0,0,0,0,0,0,0,0,0,0,0,0,0,0,0,0,0
216,6,2,"victim",0,18,2,2,1,2,1,2,TRUE,2.96428571428571,3,3.25,2.57142857142857,3,2,2,1,1,2,2,"In","Out","outgroup","ingroup",1,0,0,0,0,1,"Out","In",,0,0,1,0,1,0,0,0,0,"Victim__J_Out__C_In",0,9,-9,"Ing_x_Hum","Ing_x_Hum__Victim","Ing_x_Hum__Reject","Ing_x_Hum__Victim__Reject",0,0,0,1,0,0,"Victim__J_Out__C_In__Reject","Victim__J_Out__C_In__Reject",0,1,0,0,0,0,0,0,0,0,0,0,0,0,0,0,0,0,0,0,0,0,0,0,0,0,0
216,7,1,"victim",0,18,2,2,1,2,1,2,TRUE,2.96428571428571,3,3.25,2.57142857142857,3,2,2,2,2,2,2,"In","In","ingroup","ingroup",0,0,0,1,1,0,"In","In",,0,0,0,0,0,0,0,0,0,"Victim__J_In__C_In",0,-5,5,"Ing_x_Ing","Ing_x_Ing__Victim","Ing_x_Ing__Accept","Ing_x_Ing__Victim__Accept",0,0,0,0,1,0,"Victim__J_In__C_In__Accept","Victim__J_In__C_In__Accept",1,0,0,0,0,0,0,0,0,0,0,0,0,0,0,0,0,0,0,0,0,0,0,0,0,0,0
216,7,2,"victim",0,18,2,2,1,2,1,2,TRUE,2.96428571428571,3,3.25,2.57142857142857,3,2,2,2,2,2,2,"In","In","ingroup","ingroup",0,0,0,1,0,1,"In","In",,0,0,0,0,0,0,0,0,0,"Victim__J_In__C_In",0,9,-9,"Ing_x_Ing","Ing_x_Ing__Victim","Ing_x_Ing__Reject","Ing_x_Ing__Victim__Reject",0,0,0,0,1,0,"Victim__J_In__C_In__Reject","Victim__J_In__C_In__Reject",1,0,0,0,0,0,0,0,0,0,0,0,0,0,0,0,0,0,0,0,0,0,0,0,0,0,0
216,8,1,"victim",0,18,2,2,1,2,1,2,TRUE,2.96428571428571,3,3.25,2.57142857142857,3,2,2,1,2,1,2,"In","Out","ingroup","outgroup",0,0,0,1,0,0,"In","Out",,0,0,1,0,0,0,1,0,0,"Victim__J_In__C_Out",0,9,-9,"Ing_x_Ing","Ing_x_Ing__Victim","Ing_x_Ing__Reject","Ing_x_Ing__Victim__Reject",0,0,0,0,1,0,"Victim__J_In__C_Out__Reject","Victim__J_In__C_Out__Reject",0,0,0,1,0,0,0,0,0,0,0,0,0,0,0,0,0,0,0,0,0,0,0,0,0,0,0
216,8,2,"victim",0,18,2,2,1,2,1,2,TRUE,2.96428571428571,3,3.25,2.57142857142857,3,2,2,1,1,2,2,"In","Out","outgroup","ingroup",1,0,0,0,0,0,"Out","In",,0,0,1,0,1,0,0,0,0,"Victim__J_Out__C_In",0,9,-9,"Ing_x_Hum","Ing_x_Hum__Victim","Ing_x_Hum__Reject","Ing_x_Hum__Victim__Reject",0,0,0,1,0,0,"Victim__J_Out__C_In__Reject","Victim__J_Out__C_In__Reject",0,1,0,0,0,0,0,0,0,0,0,0,0,0,0,0,0,0,0,0,0,0,0,0,0,0,0
217,2,1,"observer",1,18,2,1,0,1,0,2,TRUE,2.07142857142857,2,2.25,2.14285714285714,1.83333333333333,1,2,1,2,1,1,"Out","In","outgroup","ingroup",1,0,0,0,1,0,"Out","In","In",1,0,0,0,1,0,0,0,0,"Observer__J_Out__C_In__V_In",0,-3,3,"Hum_x_Ing","Hum_x_Ing__Observer","Hum_x_Ing__Accept","Hum_x_Ing__Observer__Accept",0,1,0,0,0,0,"Observer__J_Out__C_In__V_In__Accept","Observer__J_Out__C_In__V_In__Accept",0,0,0,0,0,0,0,0,0,0,1,0,0,0,0,0,0,0,0,0,0,0,0,0,0,0,0
217,2,2,"observer",1,18,2,1,0,1,0,2,TRUE,2.07142857142857,2,2.25,2.14285714285714,1.83333333333333,1,2,1,1,2,1,"Out","In","ingroup","outgroup",0,0,0,1,0,1,"In","Out","In",1,0,0,0,0,0,1,0,0,"Observer__J_In__C_Out__V_In",0,3,-3,"Hum_x_Hum","Hum_x_Hum__Observer","Hum_x_Hum__Reject","Hum_x_Hum__Observer__Reject",1,0,0,0,0,0,"Observer__J_In__C_Out__V_In__Reject","Observer__J_In__C_Out__V_In__Reject",0,0,0,0,0,0,0,0,0,0,0,0,1,0,0,0,0,0,0,0,0,0,0,0,0,0,0
217,7,1,"victim",0,18,2,1,0,1,0,2,TRUE,2.07142857142857,2,2.25,2.14285714285714,1.83333333333333,1,1,1,1,1,1,"In","In","ingroup","ingroup",0,0,0,1,1,1,"In","In",,0,0,0,0,0,0,0,0,0,"Victim__J_In__C_In",0,-3,3,"Hum_x_Hum","Hum_x_Hum__Victim","Hum_x_Hum__Accept","Hum_x_Hum__Victim__Accept",1,0,0,0,0,0,"Victim__J_In__C_In__Accept","Victim__J_In__C_In__Accept",1,0,0,0,0,0,0,0,0,0,0,0,0,0,0,0,0,0,0,0,0,0,0,0,0,0,0
217,7,2,"victim",0,18,2,1,0,1,0,2,TRUE,2.07142857142857,2,2.25,2.14285714285714,1.83333333333333,1,1,1,1,1,1,"In","In","ingroup","ingroup",0,0,0,1,1,1,"In","In",,0,0,0,0,0,0,0,0,0,"Victim__J_In__C_In",0,-3,3,"Hum_x_Hum","Hum_x_Hum__Victim","Hum_x_Hum__Accept","Hum_x_Hum__Victim__Accept",1,0,0,0,0,0,"Victim__J_In__C_In__Accept","Victim__J_In__C_In__Accept",1,0,0,0,0,0,0,0,0,0,0,0,0,0,0,0,0,0,0,0,0,0,0,0,0,0,0
217,8,1,"victim",0,18,2,1,0,1,0,2,TRUE,2.07142857142857,2,2.25,2.14285714285714,1.83333333333333,1,2,2,2,2,1,"Out","Out","outgroup","outgroup",1,0,0,0,0,0,"Out","Out",,1,0,1,0,1,0,1,0,0,"Victim__J_Out__C_Out",0,0,0,"Hum_x_Ing","Hum_x_Ing__Victim","Hum_x_Ing__Reject","Hum_x_Ing__Victim__Reject",0,1,0,0,0,0,"Victim__J_Out__C_Out__Reject","Victim__J_Out__C_Out__Reject",0,0,0,0,1,0,0,0,0,0,0,0,0,0,0,0,0,0,0,0,0,0,0,0,0,0,0
217,8,2,"victim",0,18,2,1,0,1,0,2,TRUE,2.07142857142857,2,2.25,2.14285714285714,1.83333333333333,1,2,2,2,2,1,"Out","Out","outgroup","outgroup",1,0,0,0,0,0,"Out","Out",,1,0,1,0,1,0,1,0,0,"Victim__J_Out__C_Out",0,2,-2,"Hum_x_Ing","Hum_x_Ing__Victim","Hum_x_Ing__Reject","Hum_x_Ing__Victim__Reject",0,1,0,0,0,0,"Victim__J_Out__C_Out__Reject","Victim__J_Out__C_Out__Reject",0,0,0,0,1,0,0,0,0,0,0,0,0,0,0,0,0,0,0,0,0,0,0,0,0,0,0
217,9,1,"victim",0,18,2,1,0,1,0,2,TRUE,2.07142857142857,2,2.25,2.14285714285714,1.83333333333333,1,2,1,2,1,1,"Out","In","outgroup","ingroup",1,0,0,0,0,1,"Out","In",,1,0,0,0,1,0,0,0,0,"Victim__J_Out__C_In",0,3,-3,"Hum_x_Ing","Hum_x_Ing__Victim","Hum_x_Ing__Reject","Hum_x_Ing__Victim__Reject",0,1,0,0,0,0,"Victim__J_Out__C_In__Reject","Victim__J_Out__C_In__Reject",0,1,0,0,0,0,0,0,0,0,0,0,0,0,0,0,0,0,0,0,0,0,0,0,0,0,0
217,9,2,"victim",0,18,2,1,0,1,0,2,TRUE,2.07142857142857,2,2.25,2.14285714285714,1.83333333333333,1,2,1,1,2,1,"Out","In","ingroup","outgroup",0,0,0,1,1,0,"In","Out",,1,0,0,0,0,0,1,0,0,"Victim__J_In__C_Out",0,-3,3,"Hum_x_Hum","Hum_x_Hum__Victim","Hum_x_Hum__Accept","Hum_x_Hum__Victim__Accept",1,0,0,0,0,0,"Victim__J_In__C_Out__Accept","Victim__J_In__C_Out__Accept",0,0,0,1,0,0,0,0,0,0,0,0,0,0,0,0,0,0,0,0,0,0,0,0,0,0,0
217,10,1,"victim",0,18,2,1,0,1,0,2,TRUE,2.07142857142857,2,2.25,2.14285714285714,1.83333333333333,1,1,2,1,2,1,"In","Out","ingroup","outgroup",0,0,0,1,0,1,"In","Out",,0,0,1,0,0,0,1,0,0,"Victim__J_In__C_Out",0,3,-3,"Hum_x_Hum","Hum_x_Hum__Victim","Hum_x_Hum__Reject","Hum_x_Hum__Victim__Reject",1,0,0,0,0,0,"Victim__J_In__C_Out__Reject","Victim__J_In__C_Out__Reject",0,0,0,1,0,0,0,0,0,0,0,0,0,0,0,0,0,0,0,0,0,0,0,0,0,0,0
217,10,2,"victim",0,18,2,1,0,1,0,2,TRUE,2.07142857142857,2,2.25,2.14285714285714,1.83333333333333,1,1,2,2,1,1,"In","Out","outgroup","ingroup",1,0,0,0,1,0,"Out","In",,0,0,1,0,1,0,0,0,0,"Victim__J_Out__C_In",0,-2,2,"Hum_x_Ing","Hum_x_Ing__Victim","Hum_x_Ing__Accept","Hum_x_Ing__Victim__Accept",0,1,0,0,0,0,"Victim__J_Out__C_In__Accept","Victim__J_Out__C_In__Accept",0,1,0,0,0,0,0,0,0,0,0,0,0,0,0,0,0,0,0,0,0,0,0,0,0,0,0
218,3,1,"victim",0,18,3,1,0,1,0,1,TRUE,3.28571428571429,3.71428571428571,2.875,3.14285714285714,3.5,1,2,2,2,2,1,"Out","Out","outgroup","outgroup",1,0,0,0,0,0,"Out","Out",,1,0,1,0,1,0,1,0,0,"Victim__J_Out__C_Out",0,8,-8,"Hum_x_Ing","Hum_x_Ing__Victim","Hum_x_Ing__Reject","Hum_x_Ing__Victim__Reject",0,1,0,0,0,0,"Victim__J_Out__C_Out__Reject","Victim__J_Out__C_Out__Reject",0,0,0,0,1,0,0,0,0,0,0,0,0,0,0,0,0,0,0,0,0,0,0,0,0,0,0
218,3,2,"victim",0,18,3,1,0,1,0,1,TRUE,3.28571428571429,3.71428571428571,2.875,3.14285714285714,3.5,1,2,2,2,2,1,"Out","Out","outgroup","outgroup",1,0,0,0,0,0,"Out","Out",,1,0,1,0,1,0,1,0,0,"Victim__J_Out__C_Out",0,8,-8,"Hum_x_Ing","Hum_x_Ing__Victim","Hum_x_Ing__Reject","Hum_x_Ing__Victim__Reject",0,1,0,0,0,0,"Victim__J_Out__C_Out__Reject","Victim__J_Out__C_Out__Reject",0,0,0,0,1,0,0,0,0,0,0,0,0,0,0,0,0,0,0,0,0,0,0,0,0,0,0
218,7,1,"observer",1,18,3,1,0,1,0,1,TRUE,3.28571428571429,3.71428571428571,2.875,3.14285714285714,3.5,1,2,1,2,1,2,"Out","In","outgroup","ingroup",1,0,1,1,1,1,"Out","In","Out",1,0,0,0,1,0,0,0,1,"Observer__J_Out__C_In__V_Out",0,-1,1,"Ing_x_Ing","Ing_x_Ing__Observer","Ing_x_Ing__Accept","Ing_x_Ing__Observer__Accept",0,0,0,0,1,0,"Observer__J_Out__C_In__V_Out__Accept","Observer__J_Out__C_In__V_Out__Accept",0,0,0,0,0,0,0,0,0,0,0,0,0,0,0,0,0,0,0,1,0,0,0,0,0,0,0
218,7,2,"observer",1,18,3,1,0,1,0,1,TRUE,3.28571428571429,3.71428571428571,2.875,3.14285714285714,3.5,1,2,1,1,2,2,"Out","In","ingroup","outgroup",0,0,1,0,1,1,"In","Out","Out",1,0,0,0,0,0,1,0,1,"Observer__J_In__C_Out__V_Out",0,-1,1,"Ing_x_Hum","Ing_x_Hum__Observer","Ing_x_Hum__Accept","Ing_x_Hum__Observer__Accept",0,0,0,1,0,0,"Observer__J_In__C_Out__V_Out__Accept","Observer__J_In__C_Out__V_Out__Accept",0,0,0,0,0,0,0,0,0,0,0,0,0,0,0,0,0,0,0,0,0,1,0,0,0,0,0
218,8,1,"observer",1,18,3,1,0,1,0,1,TRUE,3.28571428571429,3.71428571428571,2.875,3.14285714285714,3.5,1,2,1,2,1,1,"Out","In","outgroup","ingroup",1,0,0,0,1,1,"Out","In","In",1,0,0,0,1,0,0,0,0,"Observer__J_Out__C_In__V_In",0,-1,1,"Hum_x_Ing","Hum_x_Ing__Observer","Hum_x_Ing__Accept","Hum_x_Ing__Observer__Accept",0,1,0,0,0,0,"Observer__J_Out__C_In__V_In__Accept","Observer__J_Out__C_In__V_In__Accept",0,0,0,0,0,0,0,0,0,0,1,0,0,0,0,0,0,0,0,0,0,0,0,0,0,0,0
218,8,2,"observer",1,18,3,1,0,1,0,1,TRUE,3.28571428571429,3.71428571428571,2.875,3.14285714285714,3.5,1,2,1,1,2,1,"Out","In","ingroup","outgroup",0,0,0,1,1,1,"In","Out","In",1,0,0,0,0,0,1,0,0,"Observer__J_In__C_Out__V_In",0,-1,1,"Hum_x_Hum","Hum_x_Hum__Observer","Hum_x_Hum__Accept","Hum_x_Hum__Observer__Accept",1,0,0,0,0,0,"Observer__J_In__C_Out__V_In__Accept","Observer__J_In__C_Out__V_In__Accept",0,0,0,0,0,0,0,0,0,0,0,0,1,0,0,0,0,0,0,0,0,0,0,0,0,0,0
218,9,1,"observer",1,18,3,1,0,1,0,1,TRUE,3.28571428571429,3.71428571428571,2.875,3.14285714285714,3.5,1,2,1,2,1,2,"Out","In","outgroup","ingroup",1,0,1,1,1,1,"Out","In","Out",1,0,0,0,1,0,0,0,1,"Observer__J_Out__C_In__V_Out",0,-1,1,"Ing_x_Ing","Ing_x_Ing__Observer","Ing_x_Ing__Accept","Ing_x_Ing__Observer__Accept",0,0,0,0,1,0,"Observer__J_Out__C_In__V_Out__Accept","Observer__J_Out__C_In__V_Out__Accept",0,0,0,0,0,0,0,0,0,0,0,0,0,0,0,0,0,0,0,1,0,0,0,0,0,0,0
218,9,2,"observer",1,18,3,1,0,1,0,1,TRUE,3.28571428571429,3.71428571428571,2.875,3.14285714285714,3.5,1,2,1,1,2,2,"Out","In","ingroup","outgroup",0,0,1,0,1,1,"In","Out","Out",1,0,0,0,0,0,1,0,1,"Observer__J_In__C_Out__V_Out",0,-1,1,"Ing_x_Hum","Ing_x_Hum__Observer","Ing_x_Hum__Accept","Ing_x_Hum__Observer__Accept",0,0,0,1,0,0,"Observer__J_In__C_Out__V_Out__Accept","Observer__J_In__C_Out__V_Out__Accept",0,0,0,0,0,0,0,0,0,0,0,0,0,0,0,0,0,0,0,0,0,1,0,0,0,0,0
218,10,1,"observer",1,18,3,1,0,1,0,1,TRUE,3.28571428571429,3.71428571428571,2.875,3.14285714285714,3.5,1,1,1,1,1,2,"In","In","ingroup","ingroup",0,0,1,0,1,1,"In","In","Out",0,0,0,0,0,0,0,0,1,"Observer__J_In__C_In__V_Out",0,-1,1,"Ing_x_Hum","Ing_x_Hum__Observer","Ing_x_Hum__Accept","Ing_x_Hum__Observer__Accept",0,0,0,1,0,0,"Observer__J_In__C_In__V_Out__Accept","Observer__J_In__C_In__V_Out__Accept",0,0,0,0,0,0,0,0,0,0,0,0,0,0,0,0,0,0,1,0,0,0,0,0,0,0,0
218,10,2,"observer",1,18,3,1,0,1,0,1,TRUE,3.28571428571429,3.71428571428571,2.875,3.14285714285714,3.5,1,1,1,1,1,2,"In","In","ingroup","ingroup",0,0,1,0,1,1,"In","In","Out",0,0,0,0,0,0,0,0,1,"Observer__J_In__C_In__V_Out",0,-1,1,"Ing_x_Hum","Ing_x_Hum__Observer","Ing_x_Hum__Accept","Ing_x_Hum__Observer__Accept",0,0,0,1,0,0,"Observer__J_In__C_In__V_Out__Accept","Observer__J_In__C_In__V_Out__Accept",0,0,0,0,0,0,0,0,0,0,0,0,0,0,0,0,0,0,1,0,0,0,0,0,0,0,0
219,4,1,"victim",0,18,2,2,1,1,0,1,TRUE,2.07142857142857,1,2.5,2.28571428571429,2.5,1,2,2,2,2,1,"Out","Out","outgroup","outgroup",1,0,0,0,1,0,"Out","Out",,1,0,1,0,1,0,1,0,0,"Victim__J_Out__C_Out",0,-2,2,"Hum_x_Ing","Hum_x_Ing__Victim","Hum_x_Ing__Accept","Hum_x_Ing__Victim__Accept",0,1,0,0,0,0,"Victim__J_Out__C_Out__Accept","Victim__J_Out__C_Out__Accept",0,0,0,0,1,0,0,0,0,0,0,0,0,0,0,0,0,0,0,0,0,0,0,0,0,0,0
219,4,2,"victim",0,18,2,2,1,1,0,1,TRUE,2.07142857142857,1,2.5,2.28571428571429,2.5,1,2,2,2,2,1,"Out","Out","outgroup","outgroup",1,0,0,0,0,1,"Out","Out",,1,0,1,0,1,0,1,0,0,"Victim__J_Out__C_Out",0,4,-4,"Hum_x_Ing","Hum_x_Ing__Victim","Hum_x_Ing__Reject","Hum_x_Ing__Victim__Reject",0,1,0,0,0,0,"Victim__J_Out__C_Out__Reject","Victim__J_Out__C_Out__Reject",0,0,0,0,1,0,0,0,0,0,0,0,0,0,0,0,0,0,0,0,0,0,0,0,0,0,0
219,7,1,"observer",1,18,2,2,1,1,0,1,TRUE,2.07142857142857,1,2.5,2.28571428571429,2.5,1,1,1,1,1,1,"In","In","ingroup","ingroup",0,0,0,1,0,1,"In","In","In",0,0,0,0,0,0,0,0,0,"Observer__J_In__C_In__V_In",0,3,-3,"Hum_x_Hum","Hum_x_Hum__Observer","Hum_x_Hum__Reject","Hum_x_Hum__Observer__Reject",1,0,0,0,0,0,"Observer__J_In__C_In__V_In__Reject","Observer__J_In__C_In__V_In__Reject",0,0,0,0,0,0,0,0,0,1,0,0,0,0,0,0,0,0,0,0,0,0,0,0,0,0,0
219,7,2,"observer",1,18,2,2,1,1,0,1,TRUE,2.07142857142857,1,2.5,2.28571428571429,2.5,1,1,1,1,1,1,"In","In","ingroup","ingroup",0,0,0,1,1,0,"In","In","In",0,0,0,0,0,0,0,0,0,"Observer__J_In__C_In__V_In",0,-3,3,"Hum_x_Hum","Hum_x_Hum__Observer","Hum_x_Hum__Accept","Hum_x_Hum__Observer__Accept",1,0,0,0,0,0,"Observer__J_In__C_In__V_In__Accept","Observer__J_In__C_In__V_In__Accept",0,0,0,0,0,0,0,0,0,1,0,0,0,0,0,0,0,0,0,0,0,0,0,0,0,0,0
219,8,1,"observer",1,18,2,2,1,1,0,1,TRUE,2.07142857142857,1,2.5,2.28571428571429,2.5,1,2,1,2,1,2,"Out","In","outgroup","ingroup",1,0,1,1,1,0,"Out","In","Out",1,0,0,0,1,0,0,0,1,"Observer__J_Out__C_In__V_Out",0,-3,3,"Ing_x_Ing","Ing_x_Ing__Observer","Ing_x_Ing__Accept","Ing_x_Ing__Observer__Accept",0,0,0,0,1,0,"Observer__J_Out__C_In__V_Out__Accept","Observer__J_Out__C_In__V_Out__Accept",0,0,0,0,0,0,0,0,0,0,0,0,0,0,0,0,0,0,0,1,0,0,0,0,0,0,0
219,8,2,"observer",1,18,2,2,1,1,0,1,TRUE,2.07142857142857,1,2.5,2.28571428571429,2.5,1,2,1,1,2,2,"Out","In","ingroup","outgroup",0,0,1,0,0,1,"In","Out","Out",1,0,0,0,0,0,1,0,1,"Observer__J_In__C_Out__V_Out",0,3,-3,"Ing_x_Hum","Ing_x_Hum__Observer","Ing_x_Hum__Reject","Ing_x_Hum__Observer__Reject",0,0,0,1,0,0,"Observer__J_In__C_Out__V_Out__Reject","Observer__J_In__C_Out__V_Out__Reject",0,0,0,0,0,0,0,0,0,0,0,0,0,0,0,0,0,0,0,0,0,1,0,0,0,0,0
219,9,1,"observer",1,18,2,2,1,1,0,1,TRUE,2.07142857142857,1,2.5,2.28571428571429,2.5,1,2,1,2,1,1,"Out","In","outgroup","ingroup",1,0,0,0,0,0,"Out","In","In",1,0,0,0,1,0,0,0,0,"Observer__J_Out__C_In__V_In",0,4,-4,"Hum_x_Ing","Hum_x_Ing__Observer","Hum_x_Ing__Reject","Hum_x_Ing__Observer__Reject",0,1,0,0,0,0,"Observer__J_Out__C_In__V_In__Reject","Observer__J_Out__C_In__V_In__Reject",0,0,0,0,0,0,0,0,0,0,1,0,0,0,0,0,0,0,0,0,0,0,0,0,0,0,0
219,9,2,"observer",1,18,2,2,1,1,0,1,TRUE,2.07142857142857,1,2.5,2.28571428571429,2.5,1,2,1,1,2,1,"Out","In","ingroup","outgroup",0,0,0,1,0,0,"In","Out","In",1,0,0,0,0,0,1,0,0,"Observer__J_In__C_Out__V_In",0,4,-4,"Hum_x_Hum","Hum_x_Hum__Observer","Hum_x_Hum__Reject","Hum_x_Hum__Observer__Reject",1,0,0,0,0,0,"Observer__J_In__C_Out__V_In__Reject","Observer__J_In__C_Out__V_In__Reject",0,0,0,0,0,0,0,0,0,0,0,0,1,0,0,0,0,0,0,0,0,0,0,0,0,0,0
219,10,1,"observer",1,18,2,2,1,1,0,1,TRUE,2.07142857142857,1,2.5,2.28571428571429,2.5,1,1,1,1,1,1,"In","In","ingroup","ingroup",0,0,0,1,1,0,"In","In","In",0,0,0,0,0,0,0,0,0,"Observer__J_In__C_In__V_In",0,-3,3,"Hum_x_Hum","Hum_x_Hum__Observer","Hum_x_Hum__Accept","Hum_x_Hum__Observer__Accept",1,0,0,0,0,0,"Observer__J_In__C_In__V_In__Accept","Observer__J_In__C_In__V_In__Accept",0,0,0,0,0,0,0,0,0,1,0,0,0,0,0,0,0,0,0,0,0,0,0,0,0,0,0
219,10,2,"observer",1,18,2,2,1,1,0,1,TRUE,2.07142857142857,1,2.5,2.28571428571429,2.5,1,1,1,1,1,1,"In","In","ingroup","ingroup",0,0,0,1,0,1,"In","In","In",0,0,0,0,0,0,0,0,0,"Observer__J_In__C_In__V_In",0,3,-3,"Hum_x_Hum","Hum_x_Hum__Observer","Hum_x_Hum__Reject","Hum_x_Hum__Observer__Reject",1,0,0,0,0,0,"Observer__J_In__C_In__V_In__Reject","Observer__J_In__C_In__V_In__Reject",0,0,0,0,0,0,0,0,0,1,0,0,0,0,0,0,0,0,0,0,0,0,0,0,0,0,0
220,3,1,"victim",0,18,3,2,1,1,0,1,TRUE,3.10714285714286,3.14285714285714,3.125,3.28571428571429,2.83333333333333,1,2,1,2,1,1,"Out","In","outgroup","ingroup",1,0,0,0,1,0,"Out","In",,1,0,0,0,1,0,0,0,0,"Victim__J_Out__C_In",0,-9,9,"Hum_x_Ing","Hum_x_Ing__Victim","Hum_x_Ing__Accept","Hum_x_Ing__Victim__Accept",0,1,0,0,0,0,"Victim__J_Out__C_In__Accept","Victim__J_Out__C_In__Accept",0,1,0,0,0,0,0,0,0,0,0,0,0,0,0,0,0,0,0,0,0,0,0,0,0,0,0
220,3,2,"victim",0,18,3,2,1,1,0,1,TRUE,3.10714285714286,3.14285714285714,3.125,3.28571428571429,2.83333333333333,1,2,1,1,2,1,"Out","In","ingroup","outgroup",0,0,0,1,0,1,"In","Out",,1,0,0,0,0,0,1,0,0,"Victim__J_In__C_Out",0,9,-9,"Hum_x_Hum","Hum_x_Hum__Victim","Hum_x_Hum__Reject","Hum_x_Hum__Victim__Reject",1,0,0,0,0,0,"Victim__J_In__C_Out__Reject","Victim__J_In__C_Out__Reject",0,0,0,1,0,0,0,0,0,0,0,0,0,0,0,0,0,0,0,0,0,0,0,0,0,0,0
220,5,1,"victim",0,18,3,2,1,1,0,1,TRUE,3.10714285714286,3.14285714285714,3.125,3.28571428571429,2.83333333333333,1,2,1,2,1,1,"Out","In","outgroup","ingroup",1,0,0,0,1,0,"Out","In",,1,0,0,0,1,0,0,0,0,"Victim__J_Out__C_In",0,-9,9,"Hum_x_Ing","Hum_x_Ing__Victim","Hum_x_Ing__Accept","Hum_x_Ing__Victim__Accept",0,1,0,0,0,0,"Victim__J_Out__C_In__Accept","Victim__J_Out__C_In__Accept",0,1,0,0,0,0,0,0,0,0,0,0,0,0,0,0,0,0,0,0,0,0,0,0,0,0,0
220,5,2,"victim",0,18,3,2,1,1,0,1,TRUE,3.10714285714286,3.14285714285714,3.125,3.28571428571429,2.83333333333333,1,2,1,1,2,1,"Out","In","ingroup","outgroup",0,0,0,1,0,1,"In","Out",,1,0,0,0,0,0,1,0,0,"Victim__J_In__C_Out",0,9,-9,"Hum_x_Hum","Hum_x_Hum__Victim","Hum_x_Hum__Reject","Hum_x_Hum__Victim__Reject",1,0,0,0,0,0,"Victim__J_In__C_Out__Reject","Victim__J_In__C_Out__Reject",0,0,0,1,0,0,0,0,0,0,0,0,0,0,0,0,0,0,0,0,0,0,0,0,0,0,0
220,8,1,"observer",1,18,3,2,1,1,0,1,TRUE,3.10714285714286,3.14285714285714,3.125,3.28571428571429,2.83333333333333,1,1,2,1,2,1,"In","Out","ingroup","outgroup",0,0,0,1,1,1,"In","Out","In",0,0,1,0,0,0,1,0,0,"Observer__J_In__C_Out__V_In",0,-9,9,"Hum_x_Hum","Hum_x_Hum__Observer","Hum_x_Hum__Accept","Hum_x_Hum__Observer__Accept",1,0,0,0,0,0,"Observer__J_In__C_Out__V_In__Accept","Observer__J_In__C_Out__V_In__Accept",0,0,0,0,0,0,0,0,0,0,0,0,1,0,0,0,0,0,0,0,0,0,0,0,0,0,0
220,8,2,"observer",1,18,3,2,1,1,0,1,TRUE,3.10714285714286,3.14285714285714,3.125,3.28571428571429,2.83333333333333,1,1,2,2,1,1,"In","Out","outgroup","ingroup",1,0,0,0,1,1,"Out","In","In",0,0,1,0,1,0,0,0,0,"Observer__J_Out__C_In__V_In",0,-9,9,"Hum_x_Ing","Hum_x_Ing__Observer","Hum_x_Ing__Accept","Hum_x_Ing__Observer__Accept",0,1,0,0,0,0,"Observer__J_Out__C_In__V_In__Accept","Observer__J_Out__C_In__V_In__Accept",0,0,0,0,0,0,0,0,0,0,1,0,0,0,0,0,0,0,0,0,0,0,0,0,0,0,0
220,9,1,"observer",1,18,3,2,1,1,0,1,TRUE,3.10714285714286,3.14285714285714,3.125,3.28571428571429,2.83333333333333,1,1,1,1,1,2,"In","In","ingroup","ingroup",0,0,1,0,1,0,"In","In","Out",0,0,0,0,0,0,0,0,1,"Observer__J_In__C_In__V_Out",0,-9,9,"Ing_x_Hum","Ing_x_Hum__Observer","Ing_x_Hum__Accept","Ing_x_Hum__Observer__Accept",0,0,0,1,0,0,"Observer__J_In__C_In__V_Out__Accept","Observer__J_In__C_In__V_Out__Accept",0,0,0,0,0,0,0,0,0,0,0,0,0,0,0,0,0,0,1,0,0,0,0,0,0,0,0
220,9,2,"observer",1,18,3,2,1,1,0,1,TRUE,3.10714285714286,3.14285714285714,3.125,3.28571428571429,2.83333333333333,1,1,1,1,1,2,"In","In","ingroup","ingroup",0,0,1,0,0,1,"In","In","Out",0,0,0,0,0,0,0,0,1,"Observer__J_In__C_In__V_Out",0,9,-9,"Ing_x_Hum","Ing_x_Hum__Observer","Ing_x_Hum__Reject","Ing_x_Hum__Observer__Reject",0,0,0,1,0,0,"Observer__J_In__C_In__V_Out__Reject","Observer__J_In__C_In__V_Out__Reject",0,0,0,0,0,0,0,0,0,0,0,0,0,0,0,0,0,0,1,0,0,0,0,0,0,0,0
221,2,1,"victim",0,22,1,1,0,1,0,1,TRUE,2.10714285714286,1.71428571428571,2.375,2.57142857142857,1.66666666666667,1,2,2,2,2,1,"Out","Out","outgroup","outgroup",1,0,0,0,0,1,"Out","Out",,1,0,1,0,1,0,1,0,0,"Victim__J_Out__C_Out",0,-3,3,"Hum_x_Ing","Hum_x_Ing__Victim","Hum_x_Ing__Reject","Hum_x_Ing__Victim__Reject",0,1,0,0,0,0,"Victim__J_Out__C_Out__Reject","Victim__J_Out__C_Out__Reject",0,0,0,0,1,0,0,0,0,0,0,0,0,0,0,0,0,0,0,0,0,0,0,0,0,0,0
221,2,2,"victim",0,22,1,1,0,1,0,1,TRUE,2.10714285714286,1.71428571428571,2.375,2.57142857142857,1.66666666666667,1,2,2,2,2,1,"Out","Out","outgroup","outgroup",1,0,0,0,1,0,"Out","Out",,1,0,1,0,1,0,1,0,0,"Victim__J_Out__C_Out",0,-3,3,"Hum_x_Ing","Hum_x_Ing__Victim","Hum_x_Ing__Accept","Hum_x_Ing__Victim__Accept",0,1,0,0,0,0,"Victim__J_Out__C_Out__Accept","Victim__J_Out__C_Out__Accept",0,0,0,0,1,0,0,0,0,0,0,0,0,0,0,0,0,0,0,0,0,0,0,0,0,0,0
221,4,1,"victim",0,22,1,1,0,1,0,1,TRUE,2.10714285714286,1.71428571428571,2.375,2.57142857142857,1.66666666666667,1,2,1,2,1,1,"Out","In","outgroup","ingroup",1,0,0,0,1,1,"Out","In",,1,0,0,0,1,0,0,0,0,"Victim__J_Out__C_In",0,-2,2,"Hum_x_Ing","Hum_x_Ing__Victim","Hum_x_Ing__Accept","Hum_x_Ing__Victim__Accept",0,1,0,0,0,0,"Victim__J_Out__C_In__Accept","Victim__J_Out__C_In__Accept",0,1,0,0,0,0,0,0,0,0,0,0,0,0,0,0,0,0,0,0,0,0,0,0,0,0,0
221,4,2,"victim",0,22,1,1,0,1,0,1,TRUE,2.10714285714286,1.71428571428571,2.375,2.57142857142857,1.66666666666667,1,2,1,1,2,1,"Out","In","ingroup","outgroup",0,0,0,1,1,1,"In","Out",,1,0,0,0,0,0,1,0,0,"Victim__J_In__C_Out",0,-2,2,"Hum_x_Hum","Hum_x_Hum__Victim","Hum_x_Hum__Accept","Hum_x_Hum__Victim__Accept",1,0,0,0,0,0,"Victim__J_In__C_Out__Accept","Victim__J_In__C_Out__Accept",0,0,0,1,0,0,0,0,0,0,0,0,0,0,0,0,0,0,0,0,0,0,0,0,0,0,0
221,7,1,"observer",1,22,1,1,0,1,0,1,TRUE,2.10714285714286,1.71428571428571,2.375,2.57142857142857,1.66666666666667,1,1,1,1,1,2,"In","In","ingroup","ingroup",0,0,1,0,0,1,"In","In","Out",0,0,0,0,0,0,0,0,1,"Observer__J_In__C_In__V_Out",0,1,-1,"Ing_x_Hum","Ing_x_Hum__Observer","Ing_x_Hum__Reject","Ing_x_Hum__Observer__Reject",0,0,0,1,0,0,"Observer__J_In__C_In__V_Out__Reject","Observer__J_In__C_In__V_Out__Reject",0,0,0,0,0,0,0,0,0,0,0,0,0,0,0,0,0,0,1,0,0,0,0,0,0,0,0
221,7,2,"observer",1,22,1,1,0,1,0,1,TRUE,2.10714285714286,1.71428571428571,2.375,2.57142857142857,1.66666666666667,1,1,1,1,1,2,"In","In","ingroup","ingroup",0,0,1,0,1,0,"In","In","Out",0,0,0,0,0,0,0,0,1,"Observer__J_In__C_In__V_Out",0,-3,3,"Ing_x_Hum","Ing_x_Hum__Observer","Ing_x_Hum__Accept","Ing_x_Hum__Observer__Accept",0,0,0,1,0,0,"Observer__J_In__C_In__V_Out__Accept","Observer__J_In__C_In__V_Out__Accept",0,0,0,0,0,0,0,0,0,0,0,0,0,0,0,0,0,0,1,0,0,0,0,0,0,0,0
221,8,1,"observer",1,22,1,1,0,1,0,1,TRUE,2.10714285714286,1.71428571428571,2.375,2.57142857142857,1.66666666666667,1,2,2,2,2,1,"Out","Out","outgroup","outgroup",1,0,0,0,0,0,"Out","Out","In",1,0,1,0,1,0,1,0,0,"Observer__J_Out__C_Out__V_In",0,5,-5,"Hum_x_Ing","Hum_x_Ing__Observer","Hum_x_Ing__Reject","Hum_x_Ing__Observer__Reject",0,1,0,0,0,0,"Observer__J_Out__C_Out__V_In__Reject","Observer__J_Out__C_Out__V_In__Reject",0,0,0,0,0,0,0,0,0,0,0,0,0,1,0,0,0,0,0,0,0,0,0,0,0,0,0
221,8,2,"observer",1,22,1,1,0,1,0,1,TRUE,2.10714285714286,1.71428571428571,2.375,2.57142857142857,1.66666666666667,1,2,2,2,2,1,"Out","Out","outgroup","outgroup",1,0,0,0,0,0,"Out","Out","In",1,0,1,0,1,0,1,0,0,"Observer__J_Out__C_Out__V_In",0,5,-5,"Hum_x_Ing","Hum_x_Ing__Observer","Hum_x_Ing__Reject","Hum_x_Ing__Observer__Reject",0,1,0,0,0,0,"Observer__J_Out__C_Out__V_In__Reject","Observer__J_Out__C_Out__V_In__Reject",0,0,0,0,0,0,0,0,0,0,0,0,0,1,0,0,0,0,0,0,0,0,0,0,0,0,0
221,10,1,"observer",1,22,1,1,0,1,0,1,TRUE,2.10714285714286,1.71428571428571,2.375,2.57142857142857,1.66666666666667,1,2,1,2,1,1,"Out","In","outgroup","ingroup",1,0,0,0,0,1,"Out","In","In",1,0,0,0,1,0,0,0,0,"Observer__J_Out__C_In__V_In",0,3,-3,"Hum_x_Ing","Hum_x_Ing__Observer","Hum_x_Ing__Reject","Hum_x_Ing__Observer__Reject",0,1,0,0,0,0,"Observer__J_Out__C_In__V_In__Reject","Observer__J_Out__C_In__V_In__Reject",0,0,0,0,0,0,0,0,0,0,1,0,0,0,0,0,0,0,0,0,0,0,0,0,0,0,0
221,10,2,"observer",1,22,1,1,0,1,0,1,TRUE,2.10714285714286,1.71428571428571,2.375,2.57142857142857,1.66666666666667,1,2,1,1,2,1,"Out","In","ingroup","outgroup",0,0,0,1,1,0,"In","Out","In",1,0,0,0,0,0,1,0,0,"Observer__J_In__C_Out__V_In",0,-3,3,"Hum_x_Hum","Hum_x_Hum__Observer","Hum_x_Hum__Accept","Hum_x_Hum__Observer__Accept",1,0,0,0,0,0,"Observer__J_In__C_Out__V_In__Accept","Observer__J_In__C_Out__V_In__Accept",0,0,0,0,0,0,0,0,0,0,0,0,1,0,0,0,0,0,0,0,0,0,0,0,0,0,0
222,4,1,"observer",1,19,3,1,0,1,0,2,TRUE,2.35714285714286,2.28571428571429,3.125,1.85714285714286,2,1,1,1,1,1,1,"In","In","ingroup","ingroup",0,0,0,1,0,1,"In","In","In",0,0,0,0,0,0,0,0,0,"Observer__J_In__C_In__V_In",0,-8,8,"Hum_x_Hum","Hum_x_Hum__Observer","Hum_x_Hum__Reject","Hum_x_Hum__Observer__Reject",1,0,0,0,0,0,"Observer__J_In__C_In__V_In__Reject","Observer__J_In__C_In__V_In__Reject",0,0,0,0,0,0,0,0,0,1,0,0,0,0,0,0,0,0,0,0,0,0,0,0,0,0,0
222,4,2,"observer",1,19,3,1,0,1,0,2,TRUE,2.35714285714286,2.28571428571429,3.125,1.85714285714286,2,1,1,1,1,1,1,"In","In","ingroup","ingroup",0,0,0,1,1,0,"In","In","In",0,0,0,0,0,0,0,0,0,"Observer__J_In__C_In__V_In",0,-8,8,"Hum_x_Hum","Hum_x_Hum__Observer","Hum_x_Hum__Accept","Hum_x_Hum__Observer__Accept",1,0,0,0,0,0,"Observer__J_In__C_In__V_In__Accept","Observer__J_In__C_In__V_In__Accept",0,0,0,0,0,0,0,0,0,1,0,0,0,0,0,0,0,0,0,0,0,0,0,0,0,0,0
222,5,1,"observer",1,19,3,1,0,1,0,2,TRUE,2.35714285714286,2.28571428571429,3.125,1.85714285714286,2,1,2,2,2,2,2,"Out","Out","outgroup","outgroup",1,0,1,1,0,0,"Out","Out","Out",1,0,1,0,1,0,1,0,1,"Observer__J_Out__C_Out__V_Out",0,9,-9,"Ing_x_Ing","Ing_x_Ing__Observer","Ing_x_Ing__Reject","Ing_x_Ing__Observer__Reject",0,0,0,0,1,0,"Observer__J_Out__C_Out__V_Out__Reject","Observer__J_Out__C_Out__V_Out__Reject",0,0,0,0,0,0,0,0,0,0,0,0,0,0,0,0,0,0,0,0,0,0,1,0,0,0,0
222,5,2,"observer",1,19,3,1,0,1,0,2,TRUE,2.35714285714286,2.28571428571429,3.125,1.85714285714286,2,1,2,2,2,2,2,"Out","Out","outgroup","outgroup",1,0,1,1,0,0,"Out","Out","Out",1,0,1,0,1,0,1,0,1,"Observer__J_Out__C_Out__V_Out",0,9,-9,"Ing_x_Ing","Ing_x_Ing__Observer","Ing_x_Ing__Reject","Ing_x_Ing__Observer__Reject",0,0,0,0,1,0,"Observer__J_Out__C_Out__V_Out__Reject","Observer__J_Out__C_Out__V_Out__Reject",0,0,0,0,0,0,0,0,0,0,0,0,0,0,0,0,0,0,0,0,0,0,1,0,0,0,0
222,8,1,"victim",0,19,3,1,0,1,0,2,TRUE,2.35714285714286,2.28571428571429,3.125,1.85714285714286,2,1,2,1,2,1,1,"Out","In","outgroup","ingroup",1,0,0,0,0,0,"Out","In",,1,0,0,0,1,0,0,0,0,"Victim__J_Out__C_In",0,7,-7,"Hum_x_Ing","Hum_x_Ing__Victim","Hum_x_Ing__Reject","Hum_x_Ing__Victim__Reject",0,1,0,0,0,0,"Victim__J_Out__C_In__Reject","Victim__J_Out__C_In__Reject",0,1,0,0,0,0,0,0,0,0,0,0,0,0,0,0,0,0,0,0,0,0,0,0,0,0,0
222,8,2,"victim",0,19,3,1,0,1,0,2,TRUE,2.35714285714286,2.28571428571429,3.125,1.85714285714286,2,1,2,1,1,2,1,"Out","In","ingroup","outgroup",0,0,0,1,0,0,"In","Out",,1,0,0,0,0,0,1,0,0,"Victim__J_In__C_Out",0,7,-7,"Hum_x_Hum","Hum_x_Hum__Victim","Hum_x_Hum__Reject","Hum_x_Hum__Victim__Reject",1,0,0,0,0,0,"Victim__J_In__C_Out__Reject","Victim__J_In__C_Out__Reject",0,0,0,1,0,0,0,0,0,0,0,0,0,0,0,0,0,0,0,0,0,0,0,0,0,0,0
222,10,1,"victim",0,19,3,1,0,1,0,2,TRUE,2.35714285714286,2.28571428571429,3.125,1.85714285714286,2,1,2,1,2,1,1,"Out","In","outgroup","ingroup",1,0,0,0,0,1,"Out","In",,1,0,0,0,1,0,0,0,0,"Victim__J_Out__C_In",0,-3,3,"Hum_x_Ing","Hum_x_Ing__Victim","Hum_x_Ing__Reject","Hum_x_Ing__Victim__Reject",0,1,0,0,0,0,"Victim__J_Out__C_In__Reject","Victim__J_Out__C_In__Reject",0,1,0,0,0,0,0,0,0,0,0,0,0,0,0,0,0,0,0,0,0,0,0,0,0,0,0
222,10,2,"victim",0,19,3,1,0,1,0,2,TRUE,2.35714285714286,2.28571428571429,3.125,1.85714285714286,2,1,2,1,1,2,1,"Out","In","ingroup","outgroup",0,0,0,1,1,0,"In","Out",,1,0,0,0,0,0,1,0,0,"Victim__J_In__C_Out",0,-9,9,"Hum_x_Hum","Hum_x_Hum__Victim","Hum_x_Hum__Accept","Hum_x_Hum__Victim__Accept",1,0,0,0,0,0,"Victim__J_In__C_Out__Accept","Victim__J_In__C_Out__Accept",0,0,0,1,0,0,0,0,0,0,0,0,0,0,0,0,0,0,0,0,0,0,0,0,0,0,0
223,1,1,"victim",0,20,1,2,1,1,0,1,TRUE,1.82142857142857,1.28571428571429,2.125,2.14285714285714,1.66666666666667,1,2,1,2,1,1,"Out","In","outgroup","ingroup",1,0,0,0,1,0,"Out","In",,1,0,0,0,1,0,0,0,0,"Victim__J_Out__C_In",0,-9,9,"Hum_x_Ing","Hum_x_Ing__Victim","Hum_x_Ing__Accept","Hum_x_Ing__Victim__Accept",0,1,0,0,0,0,"Victim__J_Out__C_In__Accept","Victim__J_Out__C_In__Accept",0,1,0,0,0,0,0,0,0,0,0,0,0,0,0,0,0,0,0,0,0,0,0,0,0,0,0
223,1,2,"victim",0,20,1,2,1,1,0,1,TRUE,1.82142857142857,1.28571428571429,2.125,2.14285714285714,1.66666666666667,1,2,1,1,2,1,"Out","In","ingroup","outgroup",0,0,0,1,0,1,"In","Out",,1,0,0,0,0,0,1,0,0,"Victim__J_In__C_Out",0,9,-9,"Hum_x_Hum","Hum_x_Hum__Victim","Hum_x_Hum__Reject","Hum_x_Hum__Victim__Reject",1,0,0,0,0,0,"Victim__J_In__C_Out__Reject","Victim__J_In__C_Out__Reject",0,0,0,1,0,0,0,0,0,0,0,0,0,0,0,0,0,0,0,0,0,0,0,0,0,0,0
223,5,1,"victim",0,20,1,2,1,1,0,1,TRUE,1.82142857142857,1.28571428571429,2.125,2.14285714285714,1.66666666666667,1,2,2,2,2,1,"Out","Out","outgroup","outgroup",1,0,0,0,0,1,"Out","Out",,1,0,1,0,1,0,1,0,0,"Victim__J_Out__C_Out",0,9,-9,"Hum_x_Ing","Hum_x_Ing__Victim","Hum_x_Ing__Reject","Hum_x_Ing__Victim__Reject",0,1,0,0,0,0,"Victim__J_Out__C_Out__Reject","Victim__J_Out__C_Out__Reject",0,0,0,0,1,0,0,0,0,0,0,0,0,0,0,0,0,0,0,0,0,0,0,0,0,0,0
223,5,2,"victim",0,20,1,2,1,1,0,1,TRUE,1.82142857142857,1.28571428571429,2.125,2.14285714285714,1.66666666666667,1,2,2,2,2,1,"Out","Out","outgroup","outgroup",1,0,0,0,1,0,"Out","Out",,1,0,1,0,1,0,1,0,0,"Victim__J_Out__C_Out",0,-9,9,"Hum_x_Ing","Hum_x_Ing__Victim","Hum_x_Ing__Accept","Hum_x_Ing__Victim__Accept",0,1,0,0,0,0,"Victim__J_Out__C_Out__Accept","Victim__J_Out__C_Out__Accept",0,0,0,0,1,0,0,0,0,0,0,0,0,0,0,0,0,0,0,0,0,0,0,0,0,0,0
223,7,1,"observer",1,20,1,2,1,1,0,1,TRUE,1.82142857142857,1.28571428571429,2.125,2.14285714285714,1.66666666666667,1,2,1,2,1,2,"Out","In","outgroup","ingroup",1,0,1,1,0,0,"Out","In","Out",1,0,0,0,1,0,0,0,1,"Observer__J_Out__C_In__V_Out",0,9,-9,"Ing_x_Ing","Ing_x_Ing__Observer","Ing_x_Ing__Reject","Ing_x_Ing__Observer__Reject",0,0,0,0,1,0,"Observer__J_Out__C_In__V_Out__Reject","Observer__J_Out__C_In__V_Out__Reject",0,0,0,0,0,0,0,0,0,0,0,0,0,0,0,0,0,0,0,1,0,0,0,0,0,0,0
223,7,2,"observer",1,20,1,2,1,1,0,1,TRUE,1.82142857142857,1.28571428571429,2.125,2.14285714285714,1.66666666666667,1,2,1,1,2,2,"Out","In","ingroup","outgroup",0,0,1,0,0,0,"In","Out","Out",1,0,0,0,0,0,1,0,1,"Observer__J_In__C_Out__V_Out",0,9,-9,"Ing_x_Hum","Ing_x_Hum__Observer","Ing_x_Hum__Reject","Ing_x_Hum__Observer__Reject",0,0,0,1,0,0,"Observer__J_In__C_Out__V_Out__Reject","Observer__J_In__C_Out__V_Out__Reject",0,0,0,0,0,0,0,0,0,0,0,0,0,0,0,0,0,0,0,0,0,1,0,0,0,0,0
223,8,1,"observer",1,20,1,2,1,1,0,1,TRUE,1.82142857142857,1.28571428571429,2.125,2.14285714285714,1.66666666666667,1,1,1,1,1,2,"In","In","ingroup","ingroup",0,0,1,0,1,0,"In","In","Out",0,0,0,0,0,0,0,0,1,"Observer__J_In__C_In__V_Out",0,9,-9,"Ing_x_Hum","Ing_x_Hum__Observer","Ing_x_Hum__Accept","Ing_x_Hum__Observer__Accept",0,0,0,1,0,0,"Observer__J_In__C_In__V_Out__Accept","Observer__J_In__C_In__V_Out__Accept",0,0,0,0,0,0,0,0,0,0,0,0,0,0,0,0,0,0,1,0,0,0,0,0,0,0,0
223,8,2,"observer",1,20,1,2,1,1,0,1,TRUE,1.82142857142857,1.28571428571429,2.125,2.14285714285714,1.66666666666667,1,1,1,1,1,2,"In","In","ingroup","ingroup",0,0,1,0,0,1,"In","In","Out",0,0,0,0,0,0,0,0,1,"Observer__J_In__C_In__V_Out",0,-9,9,"Ing_x_Hum","Ing_x_Hum__Observer","Ing_x_Hum__Reject","Ing_x_Hum__Observer__Reject",0,0,0,1,0,0,"Observer__J_In__C_In__V_Out__Reject","Observer__J_In__C_In__V_Out__Reject",0,0,0,0,0,0,0,0,0,0,0,0,0,0,0,0,0,0,1,0,0,0,0,0,0,0,0
224,1,1,"observer",1,22,2,2,1,1,0,2,TRUE,1.92857142857143,1.14285714285714,2,2.14285714285714,2.5,1,1,2,1,2,1,"In","Out","ingroup","outgroup",0,0,0,1,0,1,"In","Out","In",0,0,1,0,0,0,1,0,0,"Observer__J_In__C_Out__V_In",0,9,-9,"Hum_x_Hum","Hum_x_Hum__Observer","Hum_x_Hum__Reject","Hum_x_Hum__Observer__Reject",1,0,0,0,0,0,"Observer__J_In__C_Out__V_In__Reject","Observer__J_In__C_Out__V_In__Reject",0,0,0,0,0,0,0,0,0,0,0,0,1,0,0,0,0,0,0,0,0,0,0,0,0,0,0
224,1,2,"observer",1,22,2,2,1,1,0,2,TRUE,1.92857142857143,1.14285714285714,2,2.14285714285714,2.5,1,1,2,2,1,1,"In","Out","outgroup","ingroup",1,0,0,0,1,0,"Out","In","In",0,0,1,0,1,0,0,0,0,"Observer__J_Out__C_In__V_In",0,-9,9,"Hum_x_Ing","Hum_x_Ing__Observer","Hum_x_Ing__Accept","Hum_x_Ing__Observer__Accept",0,1,0,0,0,0,"Observer__J_Out__C_In__V_In__Accept","Observer__J_Out__C_In__V_In__Accept",0,0,0,0,0,0,0,0,0,0,1,0,0,0,0,0,0,0,0,0,0,0,0,0,0,0,0
224,2,1,"observer",1,22,2,2,1,1,0,2,TRUE,1.92857142857143,1.14285714285714,2,2.14285714285714,2.5,1,1,1,1,1,2,"In","In","ingroup","ingroup",0,0,1,0,1,1,"In","In","Out",0,0,0,0,0,0,0,0,1,"Observer__J_In__C_In__V_Out",0,-1,1,"Ing_x_Hum","Ing_x_Hum__Observer","Ing_x_Hum__Accept","Ing_x_Hum__Observer__Accept",0,0,0,1,0,0,"Observer__J_In__C_In__V_Out__Accept","Observer__J_In__C_In__V_Out__Accept",0,0,0,0,0,0,0,0,0,0,0,0,0,0,0,0,0,0,1,0,0,0,0,0,0,0,0
224,2,2,"observer",1,22,2,2,1,1,0,2,TRUE,1.92857142857143,1.14285714285714,2,2.14285714285714,2.5,1,1,1,1,1,2,"In","In","ingroup","ingroup",0,0,1,0,1,1,"In","In","Out",0,0,0,0,0,0,0,0,1,"Observer__J_In__C_In__V_Out",0,-1,1,"Ing_x_Hum","Ing_x_Hum__Observer","Ing_x_Hum__Accept","Ing_x_Hum__Observer__Accept",0,0,0,1,0,0,"Observer__J_In__C_In__V_Out__Accept","Observer__J_In__C_In__V_Out__Accept",0,0,0,0,0,0,0,0,0,0,0,0,0,0,0,0,0,0,1,0,0,0,0,0,0,0,0
224,4,1,"observer",1,22,2,2,1,1,0,2,TRUE,1.92857142857143,1.14285714285714,2,2.14285714285714,2.5,1,1,2,1,2,1,"In","Out","ingroup","outgroup",0,0,0,1,0,0,"In","Out","In",0,0,1,0,0,0,1,0,0,"Observer__J_In__C_Out__V_In",0,4,-4,"Hum_x_Hum","Hum_x_Hum__Observer","Hum_x_Hum__Reject","Hum_x_Hum__Observer__Reject",1,0,0,0,0,0,"Observer__J_In__C_Out__V_In__Reject","Observer__J_In__C_Out__V_In__Reject",0,0,0,0,0,0,0,0,0,0,0,0,1,0,0,0,0,0,0,0,0,0,0,0,0,0,0
224,4,2,"observer",1,22,2,2,1,1,0,2,TRUE,1.92857142857143,1.14285714285714,2,2.14285714285714,2.5,1,1,2,2,1,1,"In","Out","outgroup","ingroup",1,0,0,0,0,0,"Out","In","In",0,0,1,0,1,0,0,0,0,"Observer__J_Out__C_In__V_In",0,4,-4,"Hum_x_Ing","Hum_x_Ing__Observer","Hum_x_Ing__Reject","Hum_x_Ing__Observer__Reject",0,1,0,0,0,0,"Observer__J_Out__C_In__V_In__Reject","Observer__J_Out__C_In__V_In__Reject",0,0,0,0,0,0,0,0,0,0,1,0,0,0,0,0,0,0,0,0,0,0,0,0,0,0,0
224,5,1,"observer",1,22,2,2,1,1,0,2,TRUE,1.92857142857143,1.14285714285714,2,2.14285714285714,2.5,1,1,1,1,1,2,"In","In","ingroup","ingroup",0,0,1,0,1,0,"In","In","Out",0,0,0,0,0,0,0,0,1,"Observer__J_In__C_In__V_Out",0,-3,3,"Ing_x_Hum","Ing_x_Hum__Observer","Ing_x_Hum__Accept","Ing_x_Hum__Observer__Accept",0,0,0,1,0,0,"Observer__J_In__C_In__V_Out__Accept","Observer__J_In__C_In__V_Out__Accept",0,0,0,0,0,0,0,0,0,0,0,0,0,0,0,0,0,0,1,0,0,0,0,0,0,0,0
224,5,2,"observer",1,22,2,2,1,1,0,2,TRUE,1.92857142857143,1.14285714285714,2,2.14285714285714,2.5,1,1,1,1,1,2,"In","In","ingroup","ingroup",0,0,1,0,0,1,"In","In","Out",0,0,0,0,0,0,0,0,1,"Observer__J_In__C_In__V_Out",0,3,-3,"Ing_x_Hum","Ing_x_Hum__Observer","Ing_x_Hum__Reject","Ing_x_Hum__Observer__Reject",0,0,0,1,0,0,"Observer__J_In__C_In__V_Out__Reject","Observer__J_In__C_In__V_Out__Reject",0,0,0,0,0,0,0,0,0,0,0,0,0,0,0,0,0,0,1,0,0,0,0,0,0,0,0
224,7,1,"victim",0,22,2,2,1,1,0,2,TRUE,1.92857142857143,1.14285714285714,2,2.14285714285714,2.5,1,1,1,1,1,1,"In","In","ingroup","ingroup",0,0,0,1,0,1,"In","In",,0,0,0,0,0,0,0,0,0,"Victim__J_In__C_In",0,2,-2,"Hum_x_Hum","Hum_x_Hum__Victim","Hum_x_Hum__Reject","Hum_x_Hum__Victim__Reject",1,0,0,0,0,0,"Victim__J_In__C_In__Reject","Victim__J_In__C_In__Reject",1,0,0,0,0,0,0,0,0,0,0,0,0,0,0,0,0,0,0,0,0,0,0,0,0,0,0
224,7,2,"victim",0,22,2,2,1,1,0,2,TRUE,1.92857142857143,1.14285714285714,2,2.14285714285714,2.5,1,1,1,1,1,1,"In","In","ingroup","ingroup",0,0,0,1,1,0,"In","In",,0,0,0,0,0,0,0,0,0,"Victim__J_In__C_In",0,-2,2,"Hum_x_Hum","Hum_x_Hum__Victim","Hum_x_Hum__Accept","Hum_x_Hum__Victim__Accept",1,0,0,0,0,0,"Victim__J_In__C_In__Accept","Victim__J_In__C_In__Accept",1,0,0,0,0,0,0,0,0,0,0,0,0,0,0,0,0,0,0,0,0,0,0,0,0,0,0
224,9,1,"victim",0,22,2,2,1,1,0,2,TRUE,1.92857142857143,1.14285714285714,2,2.14285714285714,2.5,1,2,2,2,2,1,"Out","Out","outgroup","outgroup",1,0,0,0,1,0,"Out","Out",,1,0,1,0,1,0,1,0,0,"Victim__J_Out__C_Out",0,-3,3,"Hum_x_Ing","Hum_x_Ing__Victim","Hum_x_Ing__Accept","Hum_x_Ing__Victim__Accept",0,1,0,0,0,0,"Victim__J_Out__C_Out__Accept","Victim__J_Out__C_Out__Accept",0,0,0,0,1,0,0,0,0,0,0,0,0,0,0,0,0,0,0,0,0,0,0,0,0,0,0
224,9,2,"victim",0,22,2,2,1,1,0,2,TRUE,1.92857142857143,1.14285714285714,2,2.14285714285714,2.5,1,2,2,2,2,1,"Out","Out","outgroup","outgroup",1,0,0,0,0,1,"Out","Out",,1,0,1,0,1,0,1,0,0,"Victim__J_Out__C_Out",0,2,-2,"Hum_x_Ing","Hum_x_Ing__Victim","Hum_x_Ing__Reject","Hum_x_Ing__Victim__Reject",0,1,0,0,0,0,"Victim__J_Out__C_Out__Reject","Victim__J_Out__C_Out__Reject",0,0,0,0,1,0,0,0,0,0,0,0,0,0,0,0,0,0,0,0,0,0,0,0,0,0,0
224,10,1,"victim",0,22,2,2,1,1,0,2,TRUE,1.92857142857143,1.14285714285714,2,2.14285714285714,2.5,1,1,2,1,2,1,"In","Out","ingroup","outgroup",0,0,0,1,1,1,"In","Out",,0,0,1,0,0,0,1,0,0,"Victim__J_In__C_Out",0,-2,2,"Hum_x_Hum","Hum_x_Hum__Victim","Hum_x_Hum__Accept","Hum_x_Hum__Victim__Accept",1,0,0,0,0,0,"Victim__J_In__C_Out__Accept","Victim__J_In__C_Out__Accept",0,0,0,1,0,0,0,0,0,0,0,0,0,0,0,0,0,0,0,0,0,0,0,0,0,0,0
224,10,2,"victim",0,22,2,2,1,1,0,2,TRUE,1.92857142857143,1.14285714285714,2,2.14285714285714,2.5,1,1,2,2,1,1,"In","Out","outgroup","ingroup",1,0,0,0,1,1,"Out","In",,0,0,1,0,1,0,0,0,0,"Victim__J_Out__C_In",0,-2,2,"Hum_x_Ing","Hum_x_Ing__Victim","Hum_x_Ing__Accept","Hum_x_Ing__Victim__Accept",0,1,0,0,0,0,"Victim__J_Out__C_In__Accept","Victim__J_Out__C_In__Accept",0,1,0,0,0,0,0,0,0,0,0,0,0,0,0,0,0,0,0,0,0,0,0,0,0,0,0
225,6,1,"observer",1,21,4,1,0,1,0,1,TRUE,2.57142857142857,2.57142857142857,2.5,3.28571428571429,1.83333333333333,1,2,2,2,2,2,"Out","Out","outgroup","outgroup",1,0,1,1,0,0,"Out","Out","Out",1,0,1,0,1,0,1,0,1,"Observer__J_Out__C_Out__V_Out",0,9,-9,"Ing_x_Ing","Ing_x_Ing__Observer","Ing_x_Ing__Reject","Ing_x_Ing__Observer__Reject",0,0,0,0,1,0,"Observer__J_Out__C_Out__V_Out__Reject","Observer__J_Out__C_Out__V_Out__Reject",0,0,0,0,0,0,0,0,0,0,0,0,0,0,0,0,0,0,0,0,0,0,1,0,0,0,0
225,6,2,"observer",1,21,4,1,0,1,0,1,TRUE,2.57142857142857,2.57142857142857,2.5,3.28571428571429,1.83333333333333,1,2,2,2,2,2,"Out","Out","outgroup","outgroup",1,0,1,1,0,0,"Out","Out","Out",1,0,1,0,1,0,1,0,1,"Observer__J_Out__C_Out__V_Out",0,9,-9,"Ing_x_Ing","Ing_x_Ing__Observer","Ing_x_Ing__Reject","Ing_x_Ing__Observer__Reject",0,0,0,0,1,0,"Observer__J_Out__C_Out__V_Out__Reject","Observer__J_Out__C_Out__V_Out__Reject",0,0,0,0,0,0,0,0,0,0,0,0,0,0,0,0,0,0,0,0,0,0,1,0,0,0,0
225,10,1,"observer",1,21,4,1,0,1,0,1,TRUE,2.57142857142857,2.57142857142857,2.5,3.28571428571429,1.83333333333333,1,1,1,1,1,1,"In","In","ingroup","ingroup",0,0,0,1,0,0,"In","In","In",0,0,0,0,0,0,0,0,0,"Observer__J_In__C_In__V_In",0,9,-9,"Hum_x_Hum","Hum_x_Hum__Observer","Hum_x_Hum__Reject","Hum_x_Hum__Observer__Reject",1,0,0,0,0,0,"Observer__J_In__C_In__V_In__Reject","Observer__J_In__C_In__V_In__Reject",0,0,0,0,0,0,0,0,0,1,0,0,0,0,0,0,0,0,0,0,0,0,0,0,0,0,0
225,10,2,"observer",1,21,4,1,0,1,0,1,TRUE,2.57142857142857,2.57142857142857,2.5,3.28571428571429,1.83333333333333,1,1,1,1,1,1,"In","In","ingroup","ingroup",0,0,0,1,0,0,"In","In","In",0,0,0,0,0,0,0,0,0,"Observer__J_In__C_In__V_In",0,9,-9,"Hum_x_Hum","Hum_x_Hum__Observer","Hum_x_Hum__Reject","Hum_x_Hum__Observer__Reject",1,0,0,0,0,0,"Observer__J_In__C_In__V_In__Reject","Observer__J_In__C_In__V_In__Reject",0,0,0,0,0,0,0,0,0,1,0,0,0,0,0,0,0,0,0,0,0,0,0,0,0,0,0
226,2,1,"observer",1,23,3,2,1,2,1,2,TRUE,2.28571428571429,2.14285714285714,1.875,3.57142857142857,1.5,2,1,2,1,2,1,"Out","In","outgroup","ingroup",1,0,1,1,0,1,"Out","In","Out",1,0,0,0,1,0,0,0,1,"Observer__J_Out__C_In__V_Out",0,6,-6,"Hum_x_Hum","Hum_x_Hum__Observer","Hum_x_Hum__Reject","Hum_x_Hum__Observer__Reject",1,0,0,0,0,0,"Observer__J_Out__C_In__V_Out__Reject","Observer__J_Out__C_In__V_Out__Reject",0,0,0,0,0,0,0,0,0,0,0,0,0,0,0,0,0,0,0,1,0,0,0,0,0,0,0
226,2,2,"observer",1,23,3,2,1,2,1,2,TRUE,2.28571428571429,2.14285714285714,1.875,3.57142857142857,1.5,2,1,2,2,1,1,"Out","In","ingroup","outgroup",0,0,1,0,1,0,"In","Out","Out",1,0,0,0,0,0,1,0,1,"Observer__J_In__C_Out__V_Out",0,-5,5,"Hum_x_Ing","Hum_x_Ing__Observer","Hum_x_Ing__Accept","Hum_x_Ing__Observer__Accept",0,1,0,0,0,0,"Observer__J_In__C_Out__V_Out__Accept","Observer__J_In__C_Out__V_Out__Accept",0,0,0,0,0,0,0,0,0,0,0,0,0,0,0,0,0,0,0,0,0,1,0,0,0,0,0
226,4,1,"observer",1,23,3,2,1,2,1,2,TRUE,2.28571428571429,2.14285714285714,1.875,3.57142857142857,1.5,2,2,2,2,2,2,"In","In","ingroup","ingroup",0,0,0,1,0,0,"In","In","In",0,0,0,0,0,0,0,0,0,"Observer__J_In__C_In__V_In",0,9,-9,"Ing_x_Ing","Ing_x_Ing__Observer","Ing_x_Ing__Reject","Ing_x_Ing__Observer__Reject",0,0,0,0,1,0,"Observer__J_In__C_In__V_In__Reject","Observer__J_In__C_In__V_In__Reject",0,0,0,0,0,0,0,0,0,1,0,0,0,0,0,0,0,0,0,0,0,0,0,0,0,0,0
226,4,2,"observer",1,23,3,2,1,2,1,2,TRUE,2.28571428571429,2.14285714285714,1.875,3.57142857142857,1.5,2,2,2,2,2,2,"In","In","ingroup","ingroup",0,0,0,1,0,0,"In","In","In",0,0,0,0,0,0,0,0,0,"Observer__J_In__C_In__V_In",0,9,-9,"Ing_x_Ing","Ing_x_Ing__Observer","Ing_x_Ing__Reject","Ing_x_Ing__Observer__Reject",0,0,0,0,1,0,"Observer__J_In__C_In__V_In__Reject","Observer__J_In__C_In__V_In__Reject",0,0,0,0,0,0,0,0,0,1,0,0,0,0,0,0,0,0,0,0,0,0,0,0,0,0,0
226,5,1,"observer",1,23,3,2,1,2,1,2,TRUE,2.28571428571429,2.14285714285714,1.875,3.57142857142857,1.5,2,1,1,1,1,2,"Out","Out","outgroup","outgroup",1,0,0,0,0,0,"Out","Out","In",1,0,1,0,1,0,1,0,0,"Observer__J_Out__C_Out__V_In",0,9,-9,"Ing_x_Hum","Ing_x_Hum__Observer","Ing_x_Hum__Reject","Ing_x_Hum__Observer__Reject",0,0,0,1,0,0,"Observer__J_Out__C_Out__V_In__Reject","Observer__J_Out__C_Out__V_In__Reject",0,0,0,0,0,0,0,0,0,0,0,0,0,1,0,0,0,0,0,0,0,0,0,0,0,0,0
226,5,2,"observer",1,23,3,2,1,2,1,2,TRUE,2.28571428571429,2.14285714285714,1.875,3.57142857142857,1.5,2,1,1,1,1,2,"Out","Out","outgroup","outgroup",1,0,0,0,0,0,"Out","Out","In",1,0,1,0,1,0,1,0,0,"Observer__J_Out__C_Out__V_In",0,9,-9,"Ing_x_Hum","Ing_x_Hum__Observer","Ing_x_Hum__Reject","Ing_x_Hum__Observer__Reject",0,0,0,1,0,0,"Observer__J_Out__C_Out__V_In__Reject","Observer__J_Out__C_Out__V_In__Reject",0,0,0,0,0,0,0,0,0,0,0,0,0,1,0,0,0,0,0,0,0,0,0,0,0,0,0
226,6,1,"victim",0,23,3,2,1,2,1,2,TRUE,2.28571428571429,2.14285714285714,1.875,3.57142857142857,1.5,2,1,2,1,2,2,"Out","In","outgroup","ingroup",1,0,0,0,0,0,"Out","In",,1,0,0,0,1,0,0,0,0,"Victim__J_Out__C_In",0,9,-9,"Ing_x_Hum","Ing_x_Hum__Victim","Ing_x_Hum__Reject","Ing_x_Hum__Victim__Reject",0,0,0,1,0,0,"Victim__J_Out__C_In__Reject","Victim__J_Out__C_In__Reject",0,1,0,0,0,0,0,0,0,0,0,0,0,0,0,0,0,0,0,0,0,0,0,0,0,0,0
226,6,2,"victim",0,23,3,2,1,2,1,2,TRUE,2.28571428571429,2.14285714285714,1.875,3.57142857142857,1.5,2,1,2,2,1,2,"Out","In","ingroup","outgroup",0,0,0,1,0,0,"In","Out",,1,0,0,0,0,0,1,0,0,"Victim__J_In__C_Out",0,9,-9,"Ing_x_Ing","Ing_x_Ing__Victim","Ing_x_Ing__Reject","Ing_x_Ing__Victim__Reject",0,0,0,0,1,0,"Victim__J_In__C_Out__Reject","Victim__J_In__C_Out__Reject",0,0,0,1,0,0,0,0,0,0,0,0,0,0,0,0,0,0,0,0,0,0,0,0,0,0,0
226,7,1,"victim",0,23,3,2,1,2,1,2,TRUE,2.28571428571429,2.14285714285714,1.875,3.57142857142857,1.5,2,2,1,2,1,2,"In","Out","ingroup","outgroup",0,0,0,1,0,0,"In","Out",,0,0,1,0,0,0,1,0,0,"Victim__J_In__C_Out",0,9,-9,"Ing_x_Ing","Ing_x_Ing__Victim","Ing_x_Ing__Reject","Ing_x_Ing__Victim__Reject",0,0,0,0,1,0,"Victim__J_In__C_Out__Reject","Victim__J_In__C_Out__Reject",0,0,0,1,0,0,0,0,0,0,0,0,0,0,0,0,0,0,0,0,0,0,0,0,0,0,0
226,7,2,"victim",0,23,3,2,1,2,1,2,TRUE,2.28571428571429,2.14285714285714,1.875,3.57142857142857,1.5,2,2,1,1,2,2,"In","Out","outgroup","ingroup",1,0,0,0,0,0,"Out","In",,0,0,1,0,1,0,0,0,0,"Victim__J_Out__C_In",0,9,-9,"Ing_x_Hum","Ing_x_Hum__Victim","Ing_x_Hum__Reject","Ing_x_Hum__Victim__Reject",0,0,0,1,0,0,"Victim__J_Out__C_In__Reject","Victim__J_Out__C_In__Reject",0,1,0,0,0,0,0,0,0,0,0,0,0,0,0,0,0,0,0,0,0,0,0,0,0,0,0
226,10,1,"victim",0,23,3,2,1,2,1,2,TRUE,2.28571428571429,2.14285714285714,1.875,3.57142857142857,1.5,2,1,2,1,2,2,"Out","In","outgroup","ingroup",1,0,0,0,0,1,"Out","In",,1,0,0,0,1,0,0,0,0,"Victim__J_Out__C_In",0,9,-9,"Ing_x_Hum","Ing_x_Hum__Victim","Ing_x_Hum__Reject","Ing_x_Hum__Victim__Reject",0,0,0,1,0,0,"Victim__J_Out__C_In__Reject","Victim__J_Out__C_In__Reject",0,1,0,0,0,0,0,0,0,0,0,0,0,0,0,0,0,0,0,0,0,0,0,0,0,0,0
226,10,2,"victim",0,23,3,2,1,2,1,2,TRUE,2.28571428571429,2.14285714285714,1.875,3.57142857142857,1.5,2,1,2,2,1,2,"Out","In","ingroup","outgroup",0,0,0,1,1,0,"In","Out",,1,0,0,0,0,0,1,0,0,"Victim__J_In__C_Out",0,-9,9,"Ing_x_Ing","Ing_x_Ing__Victim","Ing_x_Ing__Accept","Ing_x_Ing__Victim__Accept",0,0,0,0,1,0,"Victim__J_In__C_Out__Accept","Victim__J_In__C_Out__Accept",0,0,0,1,0,0,0,0,0,0,0,0,0,0,0,0,0,0,0,0,0,0,0,0,0,0,0
227,1,1,"observer",1,20,4,2,1,1,0,2,TRUE,1.67857142857143,1.57142857142857,1.875,1.85714285714286,1.33333333333333,1,1,2,1,2,2,"In","Out","ingroup","outgroup",0,0,1,0,1,0,"In","Out","Out",0,0,1,0,0,0,1,0,1,"Observer__J_In__C_Out__V_Out",0,-2,2,"Ing_x_Hum","Ing_x_Hum__Observer","Ing_x_Hum__Accept","Ing_x_Hum__Observer__Accept",0,0,0,1,0,0,"Observer__J_In__C_Out__V_Out__Accept","Observer__J_In__C_Out__V_Out__Accept",0,0,0,0,0,0,0,0,0,0,0,0,0,0,0,0,0,0,0,0,0,1,0,0,0,0,0
227,1,2,"observer",1,20,4,2,1,1,0,2,TRUE,1.67857142857143,1.57142857142857,1.875,1.85714285714286,1.33333333333333,1,1,2,2,1,2,"In","Out","outgroup","ingroup",1,0,1,1,0,1,"Out","In","Out",0,0,1,0,1,0,0,0,1,"Observer__J_Out__C_In__V_Out",0,7,-7,"Ing_x_Ing","Ing_x_Ing__Observer","Ing_x_Ing__Reject","Ing_x_Ing__Observer__Reject",0,0,0,0,1,0,"Observer__J_Out__C_In__V_Out__Reject","Observer__J_Out__C_In__V_Out__Reject",0,0,0,0,0,0,0,0,0,0,0,0,0,0,0,0,0,0,0,1,0,0,0,0,0,0,0
227,2,1,"observer",1,20,4,2,1,1,0,2,TRUE,1.67857142857143,1.57142857142857,1.875,1.85714285714286,1.33333333333333,1,2,1,2,1,2,"Out","In","outgroup","ingroup",1,0,1,1,0,0,"Out","In","Out",1,0,0,0,1,0,0,0,1,"Observer__J_Out__C_In__V_Out",0,7,-7,"Ing_x_Ing","Ing_x_Ing__Observer","Ing_x_Ing__Reject","Ing_x_Ing__Observer__Reject",0,0,0,0,1,0,"Observer__J_Out__C_In__V_Out__Reject","Observer__J_Out__C_In__V_Out__Reject",0,0,0,0,0,0,0,0,0,0,0,0,0,0,0,0,0,0,0,1,0,0,0,0,0,0,0
227,2,2,"observer",1,20,4,2,1,1,0,2,TRUE,1.67857142857143,1.57142857142857,1.875,1.85714285714286,1.33333333333333,1,2,1,1,2,2,"Out","In","ingroup","outgroup",0,0,1,0,0,0,"In","Out","Out",1,0,0,0,0,0,1,0,1,"Observer__J_In__C_Out__V_Out",0,7,-7,"Ing_x_Hum","Ing_x_Hum__Observer","Ing_x_Hum__Reject","Ing_x_Hum__Observer__Reject",0,0,0,1,0,0,"Observer__J_In__C_Out__V_Out__Reject","Observer__J_In__C_Out__V_Out__Reject",0,0,0,0,0,0,0,0,0,0,0,0,0,0,0,0,0,0,0,0,0,1,0,0,0,0,0
227,8,1,"victim",0,20,4,2,1,1,0,2,TRUE,1.67857142857143,1.57142857142857,1.875,1.85714285714286,1.33333333333333,1,2,1,2,1,1,"Out","In","outgroup","ingroup",1,0,0,0,0,0,"Out","In",,1,0,0,0,1,0,0,0,0,"Victim__J_Out__C_In",0,9,-9,"Hum_x_Ing","Hum_x_Ing__Victim","Hum_x_Ing__Reject","Hum_x_Ing__Victim__Reject",0,1,0,0,0,0,"Victim__J_Out__C_In__Reject","Victim__J_Out__C_In__Reject",0,1,0,0,0,0,0,0,0,0,0,0,0,0,0,0,0,0,0,0,0,0,0,0,0,0,0
227,8,2,"victim",0,20,4,2,1,1,0,2,TRUE,1.67857142857143,1.57142857142857,1.875,1.85714285714286,1.33333333333333,1,2,1,1,2,1,"Out","In","ingroup","outgroup",0,0,0,1,0,0,"In","Out",,1,0,0,0,0,0,1,0,0,"Victim__J_In__C_Out",0,9,-9,"Hum_x_Hum","Hum_x_Hum__Victim","Hum_x_Hum__Reject","Hum_x_Hum__Victim__Reject",1,0,0,0,0,0,"Victim__J_In__C_Out__Reject","Victim__J_In__C_Out__Reject",0,0,0,1,0,0,0,0,0,0,0,0,0,0,0,0,0,0,0,0,0,0,0,0,0,0,0
227,9,1,"victim",0,20,4,2,1,1,0,2,TRUE,1.67857142857143,1.57142857142857,1.875,1.85714285714286,1.33333333333333,1,2,2,2,2,1,"Out","Out","outgroup","outgroup",1,0,0,0,1,0,"Out","Out",,1,0,1,0,1,0,1,0,0,"Victim__J_Out__C_Out",0,-5,5,"Hum_x_Ing","Hum_x_Ing__Victim","Hum_x_Ing__Accept","Hum_x_Ing__Victim__Accept",0,1,0,0,0,0,"Victim__J_Out__C_Out__Accept","Victim__J_Out__C_Out__Accept",0,0,0,0,1,0,0,0,0,0,0,0,0,0,0,0,0,0,0,0,0,0,0,0,0,0,0
227,9,2,"victim",0,20,4,2,1,1,0,2,TRUE,1.67857142857143,1.57142857142857,1.875,1.85714285714286,1.33333333333333,1,2,2,2,2,1,"Out","Out","outgroup","outgroup",1,0,0,0,0,1,"Out","Out",,1,0,1,0,1,0,1,0,0,"Victim__J_Out__C_Out",0,9,-9,"Hum_x_Ing","Hum_x_Ing__Victim","Hum_x_Ing__Reject","Hum_x_Ing__Victim__Reject",0,1,0,0,0,0,"Victim__J_Out__C_Out__Reject","Victim__J_Out__C_Out__Reject",0,0,0,0,1,0,0,0,0,0,0,0,0,0,0,0,0,0,0,0,0,0,0,0,0,0,0
227,10,1,"victim",0,20,4,2,1,1,0,2,TRUE,1.67857142857143,1.57142857142857,1.875,1.85714285714286,1.33333333333333,1,1,2,1,2,1,"In","Out","ingroup","outgroup",0,0,0,1,1,0,"In","Out",,0,0,1,0,0,0,1,0,0,"Victim__J_In__C_Out",0,-5,5,"Hum_x_Hum","Hum_x_Hum__Victim","Hum_x_Hum__Accept","Hum_x_Hum__Victim__Accept",1,0,0,0,0,0,"Victim__J_In__C_Out__Accept","Victim__J_In__C_Out__Accept",0,0,0,1,0,0,0,0,0,0,0,0,0,0,0,0,0,0,0,0,0,0,0,0,0,0,0
227,10,2,"victim",0,20,4,2,1,1,0,2,TRUE,1.67857142857143,1.57142857142857,1.875,1.85714285714286,1.33333333333333,1,1,2,2,1,1,"In","Out","outgroup","ingroup",1,0,0,0,0,1,"Out","In",,0,0,1,0,1,0,0,0,0,"Victim__J_Out__C_In",0,8,-8,"Hum_x_Ing","Hum_x_Ing__Victim","Hum_x_Ing__Reject","Hum_x_Ing__Victim__Reject",0,1,0,0,0,0,"Victim__J_Out__C_In__Reject","Victim__J_Out__C_In__Reject",0,1,0,0,0,0,0,0,0,0,0,0,0,0,0,0,0,0,0,0,0,0,0,0,0,0,0
228,1,1,"victim",0,19,3,2,1,2,1,1,TRUE,1.57142857142857,1.71428571428571,1.25,2.42857142857143,0.833333333333333,2,2,1,2,1,2,"In","Out","ingroup","outgroup",0,0,0,1,1,0,"In","Out",,0,0,1,0,0,0,1,0,0,"Victim__J_In__C_Out",0,-9,9,"Ing_x_Ing","Ing_x_Ing__Victim","Ing_x_Ing__Accept","Ing_x_Ing__Victim__Accept",0,0,0,0,1,0,"Victim__J_In__C_Out__Accept","Victim__J_In__C_Out__Accept",0,0,0,1,0,0,0,0,0,0,0,0,0,0,0,0,0,0,0,0,0,0,0,0,0,0,0
228,1,2,"victim",0,19,3,2,1,2,1,1,TRUE,1.57142857142857,1.71428571428571,1.25,2.42857142857143,0.833333333333333,2,2,1,1,2,2,"In","Out","outgroup","ingroup",1,0,0,0,0,1,"Out","In",,0,0,1,0,1,0,0,0,0,"Victim__J_Out__C_In",0,9,-9,"Ing_x_Hum","Ing_x_Hum__Victim","Ing_x_Hum__Reject","Ing_x_Hum__Victim__Reject",0,0,0,1,0,0,"Victim__J_Out__C_In__Reject","Victim__J_Out__C_In__Reject",0,1,0,0,0,0,0,0,0,0,0,0,0,0,0,0,0,0,0,0,0,0,0,0,0,0,0
228,2,1,"victim",0,19,3,2,1,2,1,1,TRUE,1.57142857142857,1.71428571428571,1.25,2.42857142857143,0.833333333333333,2,1,1,1,1,2,"Out","Out","outgroup","outgroup",1,0,0,0,0,0,"Out","Out",,1,0,1,0,1,0,1,0,0,"Victim__J_Out__C_Out",0,9,-9,"Ing_x_Hum","Ing_x_Hum__Victim","Ing_x_Hum__Reject","Ing_x_Hum__Victim__Reject",0,0,0,1,0,0,"Victim__J_Out__C_Out__Reject","Victim__J_Out__C_Out__Reject",0,0,0,0,1,0,0,0,0,0,0,0,0,0,0,0,0,0,0,0,0,0,0,0,0,0,0
228,2,2,"victim",0,19,3,2,1,2,1,1,TRUE,1.57142857142857,1.71428571428571,1.25,2.42857142857143,0.833333333333333,2,1,1,1,1,2,"Out","Out","outgroup","outgroup",1,0,0,0,0,0,"Out","Out",,1,0,1,0,1,0,1,0,0,"Victim__J_Out__C_Out",0,9,-9,"Ing_x_Hum","Ing_x_Hum__Victim","Ing_x_Hum__Reject","Ing_x_Hum__Victim__Reject",0,0,0,1,0,0,"Victim__J_Out__C_Out__Reject","Victim__J_Out__C_Out__Reject",0,0,0,0,1,0,0,0,0,0,0,0,0,0,0,0,0,0,0,0,0,0,0,0,0,0,0
228,3,1,"victim",0,19,3,2,1,2,1,1,TRUE,1.57142857142857,1.71428571428571,1.25,2.42857142857143,0.833333333333333,2,1,2,1,2,2,"Out","In","outgroup","ingroup",1,0,0,0,0,0,"Out","In",,1,0,0,0,1,0,0,0,0,"Victim__J_Out__C_In",0,9,-9,"Ing_x_Hum","Ing_x_Hum__Victim","Ing_x_Hum__Reject","Ing_x_Hum__Victim__Reject",0,0,0,1,0,0,"Victim__J_Out__C_In__Reject","Victim__J_Out__C_In__Reject",0,1,0,0,0,0,0,0,0,0,0,0,0,0,0,0,0,0,0,0,0,0,0,0,0,0,0
228,3,2,"victim",0,19,3,2,1,2,1,1,TRUE,1.57142857142857,1.71428571428571,1.25,2.42857142857143,0.833333333333333,2,1,2,2,1,2,"Out","In","ingroup","outgroup",0,0,0,1,0,0,"In","Out",,1,0,0,0,0,0,1,0,0,"Victim__J_In__C_Out",0,9,-9,"Ing_x_Ing","Ing_x_Ing__Victim","Ing_x_Ing__Reject","Ing_x_Ing__Victim__Reject",0,0,0,0,1,0,"Victim__J_In__C_Out__Reject","Victim__J_In__C_Out__Reject",0,0,0,1,0,0,0,0,0,0,0,0,0,0,0,0,0,0,0,0,0,0,0,0,0,0,0
228,6,1,"observer",1,19,3,2,1,2,1,1,TRUE,1.57142857142857,1.71428571428571,1.25,2.42857142857143,0.833333333333333,2,1,2,1,2,1,"Out","In","outgroup","ingroup",1,0,1,1,0,1,"Out","In","Out",1,0,0,0,1,0,0,0,1,"Observer__J_Out__C_In__V_Out",0,9,-9,"Hum_x_Hum","Hum_x_Hum__Observer","Hum_x_Hum__Reject","Hum_x_Hum__Observer__Reject",1,0,0,0,0,0,"Observer__J_Out__C_In__V_Out__Reject","Observer__J_Out__C_In__V_Out__Reject",0,0,0,0,0,0,0,0,0,0,0,0,0,0,0,0,0,0,0,1,0,0,0,0,0,0,0
228,6,2,"observer",1,19,3,2,1,2,1,1,TRUE,1.57142857142857,1.71428571428571,1.25,2.42857142857143,0.833333333333333,2,1,2,2,1,1,"Out","In","ingroup","outgroup",0,0,1,0,1,0,"In","Out","Out",1,0,0,0,0,0,1,0,1,"Observer__J_In__C_Out__V_Out",0,9,-9,"Hum_x_Ing","Hum_x_Ing__Observer","Hum_x_Ing__Accept","Hum_x_Ing__Observer__Accept",0,1,0,0,0,0,"Observer__J_In__C_Out__V_Out__Accept","Observer__J_In__C_Out__V_Out__Accept",0,0,0,0,0,0,0,0,0,0,0,0,0,0,0,0,0,0,0,0,0,1,0,0,0,0,0
229,1,1,"victim",0,18,3,2,1,2,1,1,TRUE,2.28571428571429,2.57142857142857,2,2.85714285714286,1.66666666666667,2,2,1,2,1,2,"In","Out","ingroup","outgroup",0,0,0,1,1,0,"In","Out",,0,0,1,0,0,0,1,0,0,"Victim__J_In__C_Out",0,-9,9,"Ing_x_Ing","Ing_x_Ing__Victim","Ing_x_Ing__Accept","Ing_x_Ing__Victim__Accept",0,0,0,0,1,0,"Victim__J_In__C_Out__Accept","Victim__J_In__C_Out__Accept",0,0,0,1,0,0,0,0,0,0,0,0,0,0,0,0,0,0,0,0,0,0,0,0,0,0,0
229,1,2,"victim",0,18,3,2,1,2,1,1,TRUE,2.28571428571429,2.57142857142857,2,2.85714285714286,1.66666666666667,2,2,1,1,2,2,"In","Out","outgroup","ingroup",1,0,0,0,0,1,"Out","In",,0,0,1,0,1,0,0,0,0,"Victim__J_Out__C_In",0,9,-9,"Ing_x_Hum","Ing_x_Hum__Victim","Ing_x_Hum__Reject","Ing_x_Hum__Victim__Reject",0,0,0,1,0,0,"Victim__J_Out__C_In__Reject","Victim__J_Out__C_In__Reject",0,1,0,0,0,0,0,0,0,0,0,0,0,0,0,0,0,0,0,0,0,0,0,0,0,0,0
229,7,1,"observer",1,18,3,2,1,2,1,1,TRUE,2.28571428571429,2.57142857142857,2,2.85714285714286,1.66666666666667,2,1,2,1,2,1,"Out","In","outgroup","ingroup",1,0,1,1,0,0,"Out","In","Out",1,0,0,0,1,0,0,0,1,"Observer__J_Out__C_In__V_Out",0,9,-9,"Hum_x_Hum","Hum_x_Hum__Observer","Hum_x_Hum__Reject","Hum_x_Hum__Observer__Reject",1,0,0,0,0,0,"Observer__J_Out__C_In__V_Out__Reject","Observer__J_Out__C_In__V_Out__Reject",0,0,0,0,0,0,0,0,0,0,0,0,0,0,0,0,0,0,0,1,0,0,0,0,0,0,0
229,7,2,"observer",1,18,3,2,1,2,1,1,TRUE,2.28571428571429,2.57142857142857,2,2.85714285714286,1.66666666666667,2,1,2,2,1,1,"Out","In","ingroup","outgroup",0,0,1,0,0,0,"In","Out","Out",1,0,0,0,0,0,1,0,1,"Observer__J_In__C_Out__V_Out",0,9,-9,"Hum_x_Ing","Hum_x_Ing__Observer","Hum_x_Ing__Reject","Hum_x_Ing__Observer__Reject",0,1,0,0,0,0,"Observer__J_In__C_Out__V_Out__Reject","Observer__J_In__C_Out__V_Out__Reject",0,0,0,0,0,0,0,0,0,0,0,0,0,0,0,0,0,0,0,0,0,1,0,0,0,0,0
229,8,1,"observer",1,18,3,2,1,2,1,1,TRUE,2.28571428571429,2.57142857142857,2,2.85714285714286,1.66666666666667,2,1,1,1,1,2,"Out","Out","outgroup","outgroup",1,0,0,0,1,0,"Out","Out","In",1,0,1,0,1,0,1,0,0,"Observer__J_Out__C_Out__V_In",0,-9,9,"Ing_x_Hum","Ing_x_Hum__Observer","Ing_x_Hum__Accept","Ing_x_Hum__Observer__Accept",0,0,0,1,0,0,"Observer__J_Out__C_Out__V_In__Accept","Observer__J_Out__C_Out__V_In__Accept",0,0,0,0,0,0,0,0,0,0,0,0,0,1,0,0,0,0,0,0,0,0,0,0,0,0,0
229,8,2,"observer",1,18,3,2,1,2,1,1,TRUE,2.28571428571429,2.57142857142857,2,2.85714285714286,1.66666666666667,2,1,1,1,1,2,"Out","Out","outgroup","outgroup",1,0,0,0,0,1,"Out","Out","In",1,0,1,0,1,0,1,0,0,"Observer__J_Out__C_Out__V_In",0,9,-9,"Ing_x_Hum","Ing_x_Hum__Observer","Ing_x_Hum__Reject","Ing_x_Hum__Observer__Reject",0,0,0,1,0,0,"Observer__J_Out__C_Out__V_In__Reject","Observer__J_Out__C_Out__V_In__Reject",0,0,0,0,0,0,0,0,0,0,0,0,0,1,0,0,0,0,0,0,0,0,0,0,0,0,0
229,9,1,"observer",1,18,3,2,1,2,1,1,TRUE,2.28571428571429,2.57142857142857,2,2.85714285714286,1.66666666666667,2,2,2,2,2,2,"In","In","ingroup","ingroup",0,0,0,1,1,0,"In","In","In",0,0,0,0,0,0,0,0,0,"Observer__J_In__C_In__V_In",0,-9,9,"Ing_x_Ing","Ing_x_Ing__Observer","Ing_x_Ing__Accept","Ing_x_Ing__Observer__Accept",0,0,0,0,1,0,"Observer__J_In__C_In__V_In__Accept","Observer__J_In__C_In__V_In__Accept",0,0,0,0,0,0,0,0,0,1,0,0,0,0,0,0,0,0,0,0,0,0,0,0,0,0,0
229,9,2,"observer",1,18,3,2,1,2,1,1,TRUE,2.28571428571429,2.57142857142857,2,2.85714285714286,1.66666666666667,2,2,2,2,2,2,"In","In","ingroup","ingroup",0,0,0,1,0,1,"In","In","In",0,0,0,0,0,0,0,0,0,"Observer__J_In__C_In__V_In",0,9,-9,"Ing_x_Ing","Ing_x_Ing__Observer","Ing_x_Ing__Reject","Ing_x_Ing__Observer__Reject",0,0,0,0,1,0,"Observer__J_In__C_In__V_In__Reject","Observer__J_In__C_In__V_In__Reject",0,0,0,0,0,0,0,0,0,1,0,0,0,0,0,0,0,0,0,0,0,0,0,0,0,0,0
230,2,1,"observer",1,18,3,2,1,2,1,2,TRUE,2.07142857142857,1.85714285714286,2.5,2.28571428571429,1.5,2,2,1,2,1,1,"In","Out","ingroup","outgroup",0,0,1,0,1,1,"In","Out","Out",0,0,1,0,0,0,1,0,1,"Observer__J_In__C_Out__V_Out",0,-4,4,"Hum_x_Ing","Hum_x_Ing__Observer","Hum_x_Ing__Accept","Hum_x_Ing__Observer__Accept",0,1,0,0,0,0,"Observer__J_In__C_Out__V_Out__Accept","Observer__J_In__C_Out__V_Out__Accept",0,0,0,0,0,0,0,0,0,0,0,0,0,0,0,0,0,0,0,0,0,1,0,0,0,0,0
230,2,2,"observer",1,18,3,2,1,2,1,2,TRUE,2.07142857142857,1.85714285714286,2.5,2.28571428571429,1.5,2,2,1,1,2,1,"In","Out","outgroup","ingroup",1,0,1,1,1,1,"Out","In","Out",0,0,1,0,1,0,0,0,1,"Observer__J_Out__C_In__V_Out",0,-4,4,"Hum_x_Hum","Hum_x_Hum__Observer","Hum_x_Hum__Accept","Hum_x_Hum__Observer__Accept",1,0,0,0,0,0,"Observer__J_Out__C_In__V_Out__Accept","Observer__J_Out__C_In__V_Out__Accept",0,0,0,0,0,0,0,0,0,0,0,0,0,0,0,0,0,0,0,1,0,0,0,0,0,0,0
230,5,1,"observer",1,18,3,2,1,2,1,2,TRUE,2.07142857142857,1.85714285714286,2.5,2.28571428571429,1.5,2,1,1,1,1,2,"Out","Out","outgroup","outgroup",1,0,0,0,1,0,"Out","Out","In",1,0,1,0,1,0,1,0,0,"Observer__J_Out__C_Out__V_In",0,-9,9,"Ing_x_Hum","Ing_x_Hum__Observer","Ing_x_Hum__Accept","Ing_x_Hum__Observer__Accept",0,0,0,1,0,0,"Observer__J_Out__C_Out__V_In__Accept","Observer__J_Out__C_Out__V_In__Accept",0,0,0,0,0,0,0,0,0,0,0,0,0,1,0,0,0,0,0,0,0,0,0,0,0,0,0
230,5,2,"observer",1,18,3,2,1,2,1,2,TRUE,2.07142857142857,1.85714285714286,2.5,2.28571428571429,1.5,2,1,1,1,1,2,"Out","Out","outgroup","outgroup",1,0,0,0,0,1,"Out","Out","In",1,0,1,0,1,0,1,0,0,"Observer__J_Out__C_Out__V_In",0,-9,9,"Ing_x_Hum","Ing_x_Hum__Observer","Ing_x_Hum__Reject","Ing_x_Hum__Observer__Reject",0,0,0,1,0,0,"Observer__J_Out__C_Out__V_In__Reject","Observer__J_Out__C_Out__V_In__Reject",0,0,0,0,0,0,0,0,0,0,0,0,0,1,0,0,0,0,0,0,0,0,0,0,0,0,0
230,7,1,"victim",0,18,3,2,1,2,1,2,TRUE,2.07142857142857,1.85714285714286,2.5,2.28571428571429,1.5,2,2,1,2,1,2,"In","Out","ingroup","outgroup",0,0,0,1,0,0,"In","Out",,0,0,1,0,0,0,1,0,0,"Victim__J_In__C_Out",0,9,-9,"Ing_x_Ing","Ing_x_Ing__Victim","Ing_x_Ing__Reject","Ing_x_Ing__Victim__Reject",0,0,0,0,1,0,"Victim__J_In__C_Out__Reject","Victim__J_In__C_Out__Reject",0,0,0,1,0,0,0,0,0,0,0,0,0,0,0,0,0,0,0,0,0,0,0,0,0,0,0
230,7,2,"victim",0,18,3,2,1,2,1,2,TRUE,2.07142857142857,1.85714285714286,2.5,2.28571428571429,1.5,2,2,1,1,2,2,"In","Out","outgroup","ingroup",1,0,0,0,0,0,"Out","In",,0,0,1,0,1,0,0,0,0,"Victim__J_Out__C_In",0,9,-9,"Ing_x_Hum","Ing_x_Hum__Victim","Ing_x_Hum__Reject","Ing_x_Hum__Victim__Reject",0,0,0,1,0,0,"Victim__J_Out__C_In__Reject","Victim__J_Out__C_In__Reject",0,1,0,0,0,0,0,0,0,0,0,0,0,0,0,0,0,0,0,0,0,0,0,0,0,0,0
230,8,1,"victim",0,18,3,2,1,2,1,2,TRUE,2.07142857142857,1.85714285714286,2.5,2.28571428571429,1.5,2,2,2,2,2,2,"In","In","ingroup","ingroup",0,0,0,1,1,1,"In","In",,0,0,0,0,0,0,0,0,0,"Victim__J_In__C_In",0,-6,6,"Ing_x_Ing","Ing_x_Ing__Victim","Ing_x_Ing__Accept","Ing_x_Ing__Victim__Accept",0,0,0,0,1,0,"Victim__J_In__C_In__Accept","Victim__J_In__C_In__Accept",1,0,0,0,0,0,0,0,0,0,0,0,0,0,0,0,0,0,0,0,0,0,0,0,0,0,0
230,8,2,"victim",0,18,3,2,1,2,1,2,TRUE,2.07142857142857,1.85714285714286,2.5,2.28571428571429,1.5,2,2,2,2,2,2,"In","In","ingroup","ingroup",0,0,0,1,1,1,"In","In",,0,0,0,0,0,0,0,0,0,"Victim__J_In__C_In",0,-6,6,"Ing_x_Ing","Ing_x_Ing__Victim","Ing_x_Ing__Accept","Ing_x_Ing__Victim__Accept",0,0,0,0,1,0,"Victim__J_In__C_In__Accept","Victim__J_In__C_In__Accept",1,0,0,0,0,0,0,0,0,0,0,0,0,0,0,0,0,0,0,0,0,0,0,0,0,0,0
231,1,1,"victim",0,18,1,2,1,1,0,1,TRUE,1.96428571428571,1.85714285714286,2.25,1.85714285714286,1.83333333333333,1,1,1,1,1,1,"In","In","ingroup","ingroup",0,0,0,1,0,0,"In","In",,0,0,0,0,0,0,0,0,0,"Victim__J_In__C_In",0,0,0,"Hum_x_Hum","Hum_x_Hum__Victim","Hum_x_Hum__Reject","Hum_x_Hum__Victim__Reject",1,0,0,0,0,0,"Victim__J_In__C_In__Reject","Victim__J_In__C_In__Reject",1,0,0,0,0,0,0,0,0,0,0,0,0,0,0,0,0,0,0,0,0,0,0,0,0,0,0
231,1,2,"victim",0,18,1,2,1,1,0,1,TRUE,1.96428571428571,1.85714285714286,2.25,1.85714285714286,1.83333333333333,1,1,1,1,1,1,"In","In","ingroup","ingroup",0,0,0,1,0,0,"In","In",,0,0,0,0,0,0,0,0,0,"Victim__J_In__C_In",0,9,-9,"Hum_x_Hum","Hum_x_Hum__Victim","Hum_x_Hum__Reject","Hum_x_Hum__Victim__Reject",1,0,0,0,0,0,"Victim__J_In__C_In__Reject","Victim__J_In__C_In__Reject",1,0,0,0,0,0,0,0,0,0,0,0,0,0,0,0,0,0,0,0,0,0,0,0,0,0,0
231,2,1,"victim",0,18,1,2,1,1,0,1,TRUE,1.96428571428571,1.85714285714286,2.25,1.85714285714286,1.83333333333333,1,2,1,2,1,1,"Out","In","outgroup","ingroup",1,0,0,0,1,0,"Out","In",,1,0,0,0,1,0,0,0,0,"Victim__J_Out__C_In",0,-5,5,"Hum_x_Ing","Hum_x_Ing__Victim","Hum_x_Ing__Accept","Hum_x_Ing__Victim__Accept",0,1,0,0,0,0,"Victim__J_Out__C_In__Accept","Victim__J_Out__C_In__Accept",0,1,0,0,0,0,0,0,0,0,0,0,0,0,0,0,0,0,0,0,0,0,0,0,0,0,0
231,2,2,"victim",0,18,1,2,1,1,0,1,TRUE,1.96428571428571,1.85714285714286,2.25,1.85714285714286,1.83333333333333,1,2,1,1,2,1,"Out","In","ingroup","outgroup",0,0,0,1,0,1,"In","Out",,1,0,0,0,0,0,1,0,0,"Victim__J_In__C_Out",0,5,-5,"Hum_x_Hum","Hum_x_Hum__Victim","Hum_x_Hum__Reject","Hum_x_Hum__Victim__Reject",1,0,0,0,0,0,"Victim__J_In__C_Out__Reject","Victim__J_In__C_Out__Reject",0,0,0,1,0,0,0,0,0,0,0,0,0,0,0,0,0,0,0,0,0,0,0,0,0,0,0
231,3,1,"victim",0,18,1,2,1,1,0,1,TRUE,1.96428571428571,1.85714285714286,2.25,1.85714285714286,1.83333333333333,1,1,2,1,2,1,"In","Out","ingroup","outgroup",0,0,0,1,0,1,"In","Out",,0,0,1,0,0,0,1,0,0,"Victim__J_In__C_Out",0,5,-5,"Hum_x_Hum","Hum_x_Hum__Victim","Hum_x_Hum__Reject","Hum_x_Hum__Victim__Reject",1,0,0,0,0,0,"Victim__J_In__C_Out__Reject","Victim__J_In__C_Out__Reject",0,0,0,1,0,0,0,0,0,0,0,0,0,0,0,0,0,0,0,0,0,0,0,0,0,0,0
231,3,2,"victim",0,18,1,2,1,1,0,1,TRUE,1.96428571428571,1.85714285714286,2.25,1.85714285714286,1.83333333333333,1,1,2,2,1,1,"In","Out","outgroup","ingroup",1,0,0,0,1,0,"Out","In",,0,0,1,0,1,0,0,0,0,"Victim__J_Out__C_In",0,-5,5,"Hum_x_Ing","Hum_x_Ing__Victim","Hum_x_Ing__Accept","Hum_x_Ing__Victim__Accept",0,1,0,0,0,0,"Victim__J_Out__C_In__Accept","Victim__J_Out__C_In__Accept",0,1,0,0,0,0,0,0,0,0,0,0,0,0,0,0,0,0,0,0,0,0,0,0,0,0,0
231,6,1,"observer",1,18,1,2,1,1,0,1,TRUE,1.96428571428571,1.85714285714286,2.25,1.85714285714286,1.83333333333333,1,1,2,1,2,1,"In","Out","ingroup","outgroup",0,0,0,1,1,1,"In","Out","In",0,0,1,0,0,0,1,0,0,"Observer__J_In__C_Out__V_In",0,-9,9,"Hum_x_Hum","Hum_x_Hum__Observer","Hum_x_Hum__Accept","Hum_x_Hum__Observer__Accept",1,0,0,0,0,0,"Observer__J_In__C_Out__V_In__Accept","Observer__J_In__C_Out__V_In__Accept",0,0,0,0,0,0,0,0,0,0,0,0,1,0,0,0,0,0,0,0,0,0,0,0,0,0,0
231,6,2,"observer",1,18,1,2,1,1,0,1,TRUE,1.96428571428571,1.85714285714286,2.25,1.85714285714286,1.83333333333333,1,1,2,2,1,1,"In","Out","outgroup","ingroup",1,0,0,0,1,1,"Out","In","In",0,0,1,0,1,0,0,0,0,"Observer__J_Out__C_In__V_In",0,-5,5,"Hum_x_Ing","Hum_x_Ing__Observer","Hum_x_Ing__Accept","Hum_x_Ing__Observer__Accept",0,1,0,0,0,0,"Observer__J_Out__C_In__V_In__Accept","Observer__J_Out__C_In__V_In__Accept",0,0,0,0,0,0,0,0,0,0,1,0,0,0,0,0,0,0,0,0,0,0,0,0,0,0,0
232,3,1,"observer",1,24,2,1,0,2,1,2,TRUE,2.25,2.28571428571429,2.625,2.71428571428571,1.16666666666667,2,1,1,1,1,2,"Out","Out","outgroup","outgroup",1,0,0,0,1,1,"Out","Out","In",1,0,1,0,1,0,1,0,0,"Observer__J_Out__C_Out__V_In",0,-7,7,"Ing_x_Hum","Ing_x_Hum__Observer","Ing_x_Hum__Accept","Ing_x_Hum__Observer__Accept",0,0,0,1,0,0,"Observer__J_Out__C_Out__V_In__Accept","Observer__J_Out__C_Out__V_In__Accept",0,0,0,0,0,0,0,0,0,0,0,0,0,1,0,0,0,0,0,0,0,0,0,0,0,0,0
232,3,2,"observer",1,24,2,1,0,2,1,2,TRUE,2.25,2.28571428571429,2.625,2.71428571428571,1.16666666666667,2,1,1,1,1,2,"Out","Out","outgroup","outgroup",1,0,0,0,1,1,"Out","Out","In",1,0,1,0,1,0,1,0,0,"Observer__J_Out__C_Out__V_In",0,-7,7,"Ing_x_Hum","Ing_x_Hum__Observer","Ing_x_Hum__Accept","Ing_x_Hum__Observer__Accept",0,0,0,1,0,0,"Observer__J_Out__C_Out__V_In__Accept","Observer__J_Out__C_Out__V_In__Accept",0,0,0,0,0,0,0,0,0,0,0,0,0,1,0,0,0,0,0,0,0,0,0,0,0,0,0
232,5,1,"observer",1,24,2,1,0,2,1,2,TRUE,2.25,2.28571428571429,2.625,2.71428571428571,1.16666666666667,2,1,2,1,2,1,"Out","In","outgroup","ingroup",1,0,1,1,1,1,"Out","In","Out",1,0,0,0,1,0,0,0,1,"Observer__J_Out__C_In__V_Out",0,-7,7,"Hum_x_Hum","Hum_x_Hum__Observer","Hum_x_Hum__Accept","Hum_x_Hum__Observer__Accept",1,0,0,0,0,0,"Observer__J_Out__C_In__V_Out__Accept","Observer__J_Out__C_In__V_Out__Accept",0,0,0,0,0,0,0,0,0,0,0,0,0,0,0,0,0,0,0,1,0,0,0,0,0,0,0
232,5,2,"observer",1,24,2,1,0,2,1,2,TRUE,2.25,2.28571428571429,2.625,2.71428571428571,1.16666666666667,2,1,2,2,1,1,"Out","In","ingroup","outgroup",0,0,1,0,1,1,"In","Out","Out",1,0,0,0,0,0,1,0,1,"Observer__J_In__C_Out__V_Out",0,-7,7,"Hum_x_Ing","Hum_x_Ing__Observer","Hum_x_Ing__Accept","Hum_x_Ing__Observer__Accept",0,1,0,0,0,0,"Observer__J_In__C_Out__V_Out__Accept","Observer__J_In__C_Out__V_Out__Accept",0,0,0,0,0,0,0,0,0,0,0,0,0,0,0,0,0,0,0,0,0,1,0,0,0,0,0
232,7,1,"victim",0,24,2,1,0,2,1,2,TRUE,2.25,2.28571428571429,2.625,2.71428571428571,1.16666666666667,2,1,1,1,1,2,"Out","Out","outgroup","outgroup",1,0,0,0,1,0,"Out","Out",,1,0,1,0,1,0,1,0,0,"Victim__J_Out__C_Out",0,-9,9,"Ing_x_Hum","Ing_x_Hum__Victim","Ing_x_Hum__Accept","Ing_x_Hum__Victim__Accept",0,0,0,1,0,0,"Victim__J_Out__C_Out__Accept","Victim__J_Out__C_Out__Accept",0,0,0,0,1,0,0,0,0,0,0,0,0,0,0,0,0,0,0,0,0,0,0,0,0,0,0
232,7,2,"victim",0,24,2,1,0,2,1,2,TRUE,2.25,2.28571428571429,2.625,2.71428571428571,1.16666666666667,2,1,1,1,1,2,"Out","Out","outgroup","outgroup",1,0,0,0,0,1,"Out","Out",,1,0,1,0,1,0,1,0,0,"Victim__J_Out__C_Out",0,9,-9,"Ing_x_Hum","Ing_x_Hum__Victim","Ing_x_Hum__Reject","Ing_x_Hum__Victim__Reject",0,0,0,1,0,0,"Victim__J_Out__C_Out__Reject","Victim__J_Out__C_Out__Reject",0,0,0,0,1,0,0,0,0,0,0,0,0,0,0,0,0,0,0,0,0,0,0,0,0,0,0
232,9,1,"victim",0,24,2,1,0,2,1,2,TRUE,2.25,2.28571428571429,2.625,2.71428571428571,1.16666666666667,2,1,1,1,1,2,"Out","Out","outgroup","outgroup",1,0,0,0,0,1,"Out","Out",,1,0,1,0,1,0,1,0,0,"Victim__J_Out__C_Out",0,9,-9,"Ing_x_Hum","Ing_x_Hum__Victim","Ing_x_Hum__Reject","Ing_x_Hum__Victim__Reject",0,0,0,1,0,0,"Victim__J_Out__C_Out__Reject","Victim__J_Out__C_Out__Reject",0,0,0,0,1,0,0,0,0,0,0,0,0,0,0,0,0,0,0,0,0,0,0,0,0,0,0
232,9,2,"victim",0,24,2,1,0,2,1,2,TRUE,2.25,2.28571428571429,2.625,2.71428571428571,1.16666666666667,2,1,1,1,1,2,"Out","Out","outgroup","outgroup",1,0,0,0,1,0,"Out","Out",,1,0,1,0,1,0,1,0,0,"Victim__J_Out__C_Out",0,-9,9,"Ing_x_Hum","Ing_x_Hum__Victim","Ing_x_Hum__Accept","Ing_x_Hum__Victim__Accept",0,0,0,1,0,0,"Victim__J_Out__C_Out__Accept","Victim__J_Out__C_Out__Accept",0,0,0,0,1,0,0,0,0,0,0,0,0,0,0,0,0,0,0,0,0,0,0,0,0,0,0
232,10,1,"victim",0,24,2,1,0,2,1,2,TRUE,2.25,2.28571428571429,2.625,2.71428571428571,1.16666666666667,2,2,1,2,1,2,"In","Out","ingroup","outgroup",0,0,0,1,1,1,"In","Out",,0,0,1,0,0,0,1,0,0,"Victim__J_In__C_Out",0,-9,9,"Ing_x_Ing","Ing_x_Ing__Victim","Ing_x_Ing__Accept","Ing_x_Ing__Victim__Accept",0,0,0,0,1,0,"Victim__J_In__C_Out__Accept","Victim__J_In__C_Out__Accept",0,0,0,1,0,0,0,0,0,0,0,0,0,0,0,0,0,0,0,0,0,0,0,0,0,0,0
232,10,2,"victim",0,24,2,1,0,2,1,2,TRUE,2.25,2.28571428571429,2.625,2.71428571428571,1.16666666666667,2,2,1,1,2,2,"In","Out","outgroup","ingroup",1,0,0,0,1,1,"Out","In",,0,0,1,0,1,0,0,0,0,"Victim__J_Out__C_In",0,-9,9,"Ing_x_Hum","Ing_x_Hum__Victim","Ing_x_Hum__Accept","Ing_x_Hum__Victim__Accept",0,0,0,1,0,0,"Victim__J_Out__C_In__Accept","Victim__J_Out__C_In__Accept",0,1,0,0,0,0,0,0,0,0,0,0,0,0,0,0,0,0,0,0,0,0,0,0,0,0,0
233,4,1,"victim",0,23,3,1,0,2,1,1,TRUE,2.42857142857143,2,2.375,2.71428571428571,2.66666666666667,2,1,2,1,2,2,"Out","In","outgroup","ingroup",1,0,0,0,0,1,"Out","In",,1,0,0,0,1,0,0,0,0,"Victim__J_Out__C_In",0,9,-9,"Ing_x_Hum","Ing_x_Hum__Victim","Ing_x_Hum__Reject","Ing_x_Hum__Victim__Reject",0,0,0,1,0,0,"Victim__J_Out__C_In__Reject","Victim__J_Out__C_In__Reject",0,1,0,0,0,0,0,0,0,0,0,0,0,0,0,0,0,0,0,0,0,0,0,0,0,0,0
233,4,2,"victim",0,23,3,1,0,2,1,1,TRUE,2.42857142857143,2,2.375,2.71428571428571,2.66666666666667,2,1,2,2,1,2,"Out","In","ingroup","outgroup",0,0,0,1,1,0,"In","Out",,1,0,0,0,0,0,1,0,0,"Victim__J_In__C_Out",0,4,-4,"Ing_x_Ing","Ing_x_Ing__Victim","Ing_x_Ing__Accept","Ing_x_Ing__Victim__Accept",0,0,0,0,1,0,"Victim__J_In__C_Out__Accept","Victim__J_In__C_Out__Accept",0,0,0,1,0,0,0,0,0,0,0,0,0,0,0,0,0,0,0,0,0,0,0,0,0,0,0
233,5,1,"victim",0,23,3,1,0,2,1,1,TRUE,2.42857142857143,2,2.375,2.71428571428571,2.66666666666667,2,2,1,2,1,2,"In","Out","ingroup","outgroup",0,0,0,1,0,0,"In","Out",,0,0,1,0,0,0,1,0,0,"Victim__J_In__C_Out",0,9,-9,"Ing_x_Ing","Ing_x_Ing__Victim","Ing_x_Ing__Reject","Ing_x_Ing__Victim__Reject",0,0,0,0,1,0,"Victim__J_In__C_Out__Reject","Victim__J_In__C_Out__Reject",0,0,0,1,0,0,0,0,0,0,0,0,0,0,0,0,0,0,0,0,0,0,0,0,0,0,0
233,5,2,"victim",0,23,3,1,0,2,1,1,TRUE,2.42857142857143,2,2.375,2.71428571428571,2.66666666666667,2,2,1,1,2,2,"In","Out","outgroup","ingroup",1,0,0,0,0,0,"Out","In",,0,0,1,0,1,0,0,0,0,"Victim__J_Out__C_In",0,9,-9,"Ing_x_Hum","Ing_x_Hum__Victim","Ing_x_Hum__Reject","Ing_x_Hum__Victim__Reject",0,0,0,1,0,0,"Victim__J_Out__C_In__Reject","Victim__J_Out__C_In__Reject",0,1,0,0,0,0,0,0,0,0,0,0,0,0,0,0,0,0,0,0,0,0,0,0,0,0,0
233,7,1,"observer",1,23,3,1,0,2,1,1,TRUE,2.42857142857143,2,2.375,2.71428571428571,2.66666666666667,2,1,2,1,2,2,"Out","In","outgroup","ingroup",1,0,0,0,1,0,"Out","In","In",1,0,0,0,1,0,0,0,0,"Observer__J_Out__C_In__V_In",0,1,-1,"Ing_x_Hum","Ing_x_Hum__Observer","Ing_x_Hum__Accept","Ing_x_Hum__Observer__Accept",0,0,0,1,0,0,"Observer__J_Out__C_In__V_In__Accept","Observer__J_Out__C_In__V_In__Accept",0,0,0,0,0,0,0,0,0,0,1,0,0,0,0,0,0,0,0,0,0,0,0,0,0,0,0
233,7,2,"observer",1,23,3,1,0,2,1,1,TRUE,2.42857142857143,2,2.375,2.71428571428571,2.66666666666667,2,1,2,2,1,2,"Out","In","ingroup","outgroup",0,0,0,1,0,1,"In","Out","In",1,0,0,0,0,0,1,0,0,"Observer__J_In__C_Out__V_In",0,9,-9,"Ing_x_Ing","Ing_x_Ing__Observer","Ing_x_Ing__Reject","Ing_x_Ing__Observer__Reject",0,0,0,0,1,0,"Observer__J_In__C_Out__V_In__Reject","Observer__J_In__C_Out__V_In__Reject",0,0,0,0,0,0,0,0,0,0,0,0,1,0,0,0,0,0,0,0,0,0,0,0,0,0,0
233,10,1,"observer",1,23,3,1,0,2,1,1,TRUE,2.42857142857143,2,2.375,2.71428571428571,2.66666666666667,2,1,1,1,1,2,"Out","Out","outgroup","outgroup",1,0,0,0,1,0,"Out","Out","In",1,0,1,0,1,0,1,0,0,"Observer__J_Out__C_Out__V_In",0,1,-1,"Ing_x_Hum","Ing_x_Hum__Observer","Ing_x_Hum__Accept","Ing_x_Hum__Observer__Accept",0,0,0,1,0,0,"Observer__J_Out__C_Out__V_In__Accept","Observer__J_Out__C_Out__V_In__Accept",0,0,0,0,0,0,0,0,0,0,0,0,0,1,0,0,0,0,0,0,0,0,0,0,0,0,0
233,10,2,"observer",1,23,3,1,0,2,1,1,TRUE,2.42857142857143,2,2.375,2.71428571428571,2.66666666666667,2,1,1,1,1,2,"Out","Out","outgroup","outgroup",1,0,0,0,0,1,"Out","Out","In",1,0,1,0,1,0,1,0,0,"Observer__J_Out__C_Out__V_In",0,9,-9,"Ing_x_Hum","Ing_x_Hum__Observer","Ing_x_Hum__Reject","Ing_x_Hum__Observer__Reject",0,0,0,1,0,0,"Observer__J_Out__C_Out__V_In__Reject","Observer__J_Out__C_Out__V_In__Reject",0,0,0,0,0,0,0,0,0,0,0,0,0,1,0,0,0,0,0,0,0,0,0,0,0,0,0
234,2,1,"victim",0,23,1,1,0,2,1,1,TRUE,2.39285714285714,1.71428571428571,2.75,2.42857142857143,2.66666666666667,2,1,2,1,2,2,"Out","In","outgroup","ingroup",1,0,0,0,1,1,"Out","In",,1,0,0,0,1,0,0,0,0,"Victim__J_Out__C_In",0,-3,3,"Ing_x_Hum","Ing_x_Hum__Victim","Ing_x_Hum__Accept","Ing_x_Hum__Victim__Accept",0,0,0,1,0,0,"Victim__J_Out__C_In__Accept","Victim__J_Out__C_In__Accept",0,1,0,0,0,0,0,0,0,0,0,0,0,0,0,0,0,0,0,0,0,0,0,0,0,0,0
234,2,2,"victim",0,23,1,1,0,2,1,1,TRUE,2.39285714285714,1.71428571428571,2.75,2.42857142857143,2.66666666666667,2,1,2,2,1,2,"Out","In","ingroup","outgroup",0,0,0,1,1,1,"In","Out",,1,0,0,0,0,0,1,0,0,"Victim__J_In__C_Out",0,-3,3,"Ing_x_Ing","Ing_x_Ing__Victim","Ing_x_Ing__Accept","Ing_x_Ing__Victim__Accept",0,0,0,0,1,0,"Victim__J_In__C_Out__Accept","Victim__J_In__C_Out__Accept",0,0,0,1,0,0,0,0,0,0,0,0,0,0,0,0,0,0,0,0,0,0,0,0,0,0,0
234,3,1,"victim",0,23,1,1,0,2,1,1,TRUE,2.39285714285714,1.71428571428571,2.75,2.42857142857143,2.66666666666667,2,2,2,2,2,2,"In","In","ingroup","ingroup",0,0,0,1,1,1,"In","In",,0,0,0,0,0,0,0,0,0,"Victim__J_In__C_In",0,-3,3,"Ing_x_Ing","Ing_x_Ing__Victim","Ing_x_Ing__Accept","Ing_x_Ing__Victim__Accept",0,0,0,0,1,0,"Victim__J_In__C_In__Accept","Victim__J_In__C_In__Accept",1,0,0,0,0,0,0,0,0,0,0,0,0,0,0,0,0,0,0,0,0,0,0,0,0,0,0
234,3,2,"victim",0,23,1,1,0,2,1,1,TRUE,2.39285714285714,1.71428571428571,2.75,2.42857142857143,2.66666666666667,2,2,2,2,2,2,"In","In","ingroup","ingroup",0,0,0,1,1,1,"In","In",,0,0,0,0,0,0,0,0,0,"Victim__J_In__C_In",0,-3,3,"Ing_x_Ing","Ing_x_Ing__Victim","Ing_x_Ing__Accept","Ing_x_Ing__Victim__Accept",0,0,0,0,1,0,"Victim__J_In__C_In__Accept","Victim__J_In__C_In__Accept",1,0,0,0,0,0,0,0,0,0,0,0,0,0,0,0,0,0,0,0,0,0,0,0,0,0,0
234,4,1,"victim",0,23,1,1,0,2,1,1,TRUE,2.39285714285714,1.71428571428571,2.75,2.42857142857143,2.66666666666667,2,1,2,1,2,2,"Out","In","outgroup","ingroup",1,0,0,0,0,1,"Out","In",,1,0,0,0,1,0,0,0,0,"Victim__J_Out__C_In",0,9,-9,"Ing_x_Hum","Ing_x_Hum__Victim","Ing_x_Hum__Reject","Ing_x_Hum__Victim__Reject",0,0,0,1,0,0,"Victim__J_Out__C_In__Reject","Victim__J_Out__C_In__Reject",0,1,0,0,0,0,0,0,0,0,0,0,0,0,0,0,0,0,0,0,0,0,0,0,0,0,0
234,4,2,"victim",0,23,1,1,0,2,1,1,TRUE,2.39285714285714,1.71428571428571,2.75,2.42857142857143,2.66666666666667,2,1,2,2,1,2,"Out","In","ingroup","outgroup",0,0,0,1,1,0,"In","Out",,1,0,0,0,0,0,1,0,0,"Victim__J_In__C_Out",0,-3,3,"Ing_x_Ing","Ing_x_Ing__Victim","Ing_x_Ing__Accept","Ing_x_Ing__Victim__Accept",0,0,0,0,1,0,"Victim__J_In__C_Out__Accept","Victim__J_In__C_Out__Accept",0,0,0,1,0,0,0,0,0,0,0,0,0,0,0,0,0,0,0,0,0,0,0,0,0,0,0
234,5,1,"victim",0,23,1,1,0,2,1,1,TRUE,2.39285714285714,1.71428571428571,2.75,2.42857142857143,2.66666666666667,2,2,2,2,2,2,"In","In","ingroup","ingroup",0,0,0,1,0,0,"In","In",,0,0,0,0,0,0,0,0,0,"Victim__J_In__C_In",0,9,-9,"Ing_x_Ing","Ing_x_Ing__Victim","Ing_x_Ing__Reject","Ing_x_Ing__Victim__Reject",0,0,0,0,1,0,"Victim__J_In__C_In__Reject","Victim__J_In__C_In__Reject",1,0,0,0,0,0,0,0,0,0,0,0,0,0,0,0,0,0,0,0,0,0,0,0,0,0,0
234,5,2,"victim",0,23,1,1,0,2,1,1,TRUE,2.39285714285714,1.71428571428571,2.75,2.42857142857143,2.66666666666667,2,2,2,2,2,2,"In","In","ingroup","ingroup",0,0,0,1,0,0,"In","In",,0,0,0,0,0,0,0,0,0,"Victim__J_In__C_In",0,9,-9,"Ing_x_Ing","Ing_x_Ing__Victim","Ing_x_Ing__Reject","Ing_x_Ing__Victim__Reject",0,0,0,0,1,0,"Victim__J_In__C_In__Reject","Victim__J_In__C_In__Reject",1,0,0,0,0,0,0,0,0,0,0,0,0,0,0,0,0,0,0,0,0,0,0,0,0,0,0
234,7,1,"observer",1,23,1,1,0,2,1,1,TRUE,2.39285714285714,1.71428571428571,2.75,2.42857142857143,2.66666666666667,2,2,2,2,2,1,"In","In","ingroup","ingroup",0,0,1,0,1,1,"In","In","Out",0,0,0,0,0,0,0,0,1,"Observer__J_In__C_In__V_Out",0,-3,3,"Hum_x_Ing","Hum_x_Ing__Observer","Hum_x_Ing__Accept","Hum_x_Ing__Observer__Accept",0,1,0,0,0,0,"Observer__J_In__C_In__V_Out__Accept","Observer__J_In__C_In__V_Out__Accept",0,0,0,0,0,0,0,0,0,0,0,0,0,0,0,0,0,0,1,0,0,0,0,0,0,0,0
234,7,2,"observer",1,23,1,1,0,2,1,1,TRUE,2.39285714285714,1.71428571428571,2.75,2.42857142857143,2.66666666666667,2,2,2,2,2,1,"In","In","ingroup","ingroup",0,0,1,0,1,1,"In","In","Out",0,0,0,0,0,0,0,0,1,"Observer__J_In__C_In__V_Out",0,-3,3,"Hum_x_Ing","Hum_x_Ing__Observer","Hum_x_Ing__Accept","Hum_x_Ing__Observer__Accept",0,1,0,0,0,0,"Observer__J_In__C_In__V_Out__Accept","Observer__J_In__C_In__V_Out__Accept",0,0,0,0,0,0,0,0,0,0,0,0,0,0,0,0,0,0,1,0,0,0,0,0,0,0,0
234,9,1,"observer",1,23,1,1,0,2,1,1,TRUE,2.39285714285714,1.71428571428571,2.75,2.42857142857143,2.66666666666667,2,2,1,2,1,2,"In","Out","ingroup","outgroup",0,0,0,1,1,1,"In","Out","In",0,0,1,0,0,0,1,0,0,"Observer__J_In__C_Out__V_In",0,-3,3,"Ing_x_Ing","Ing_x_Ing__Observer","Ing_x_Ing__Accept","Ing_x_Ing__Observer__Accept",0,0,0,0,1,0,"Observer__J_In__C_Out__V_In__Accept","Observer__J_In__C_Out__V_In__Accept",0,0,0,0,0,0,0,0,0,0,0,0,1,0,0,0,0,0,0,0,0,0,0,0,0,0,0
234,9,2,"observer",1,23,1,1,0,2,1,1,TRUE,2.39285714285714,1.71428571428571,2.75,2.42857142857143,2.66666666666667,2,2,1,1,2,2,"In","Out","outgroup","ingroup",1,0,0,0,1,1,"Out","In","In",0,0,1,0,1,0,0,0,0,"Observer__J_Out__C_In__V_In",0,-3,3,"Ing_x_Hum","Ing_x_Hum__Observer","Ing_x_Hum__Accept","Ing_x_Hum__Observer__Accept",0,0,0,1,0,0,"Observer__J_Out__C_In__V_In__Accept","Observer__J_Out__C_In__V_In__Accept",0,0,0,0,0,0,0,0,0,0,1,0,0,0,0,0,0,0,0,0,0,0,0,0,0,0,0
235,3,1,"observer",1,21,2,2,1,1,0,2,TRUE,1.92857142857143,1.14285714285714,2.375,2,2.16666666666667,1,1,1,1,1,1,"In","In","ingroup","ingroup",0,0,0,1,0,0,"In","In","In",0,0,0,0,0,0,0,0,0,"Observer__J_In__C_In__V_In",0,9,-9,"Hum_x_Hum","Hum_x_Hum__Observer","Hum_x_Hum__Reject","Hum_x_Hum__Observer__Reject",1,0,0,0,0,0,"Observer__J_In__C_In__V_In__Reject","Observer__J_In__C_In__V_In__Reject",0,0,0,0,0,0,0,0,0,1,0,0,0,0,0,0,0,0,0,0,0,0,0,0,0,0,0
235,3,2,"observer",1,21,2,2,1,1,0,2,TRUE,1.92857142857143,1.14285714285714,2.375,2,2.16666666666667,1,1,1,1,1,1,"In","In","ingroup","ingroup",0,0,0,1,0,0,"In","In","In",0,0,0,0,0,0,0,0,0,"Observer__J_In__C_In__V_In",0,9,-9,"Hum_x_Hum","Hum_x_Hum__Observer","Hum_x_Hum__Reject","Hum_x_Hum__Observer__Reject",1,0,0,0,0,0,"Observer__J_In__C_In__V_In__Reject","Observer__J_In__C_In__V_In__Reject",0,0,0,0,0,0,0,0,0,1,0,0,0,0,0,0,0,0,0,0,0,0,0,0,0,0,0
235,5,1,"observer",1,21,2,2,1,1,0,2,TRUE,1.92857142857143,1.14285714285714,2.375,2,2.16666666666667,1,2,1,2,1,1,"Out","In","outgroup","ingroup",1,0,0,0,0,0,"Out","In","In",1,0,0,0,1,0,0,0,0,"Observer__J_Out__C_In__V_In",0,9,-9,"Hum_x_Ing","Hum_x_Ing__Observer","Hum_x_Ing__Reject","Hum_x_Ing__Observer__Reject",0,1,0,0,0,0,"Observer__J_Out__C_In__V_In__Reject","Observer__J_Out__C_In__V_In__Reject",0,0,0,0,0,0,0,0,0,0,1,0,0,0,0,0,0,0,0,0,0,0,0,0,0,0,0
235,5,2,"observer",1,21,2,2,1,1,0,2,TRUE,1.92857142857143,1.14285714285714,2.375,2,2.16666666666667,1,2,1,1,2,1,"Out","In","ingroup","outgroup",0,0,0,1,0,0,"In","Out","In",1,0,0,0,0,0,1,0,0,"Observer__J_In__C_Out__V_In",0,9,-9,"Hum_x_Hum","Hum_x_Hum__Observer","Hum_x_Hum__Reject","Hum_x_Hum__Observer__Reject",1,0,0,0,0,0,"Observer__J_In__C_Out__V_In__Reject","Observer__J_In__C_Out__V_In__Reject",0,0,0,0,0,0,0,0,0,0,0,0,1,0,0,0,0,0,0,0,0,0,0,0,0,0,0
235,6,1,"victim",0,21,2,2,1,1,0,2,TRUE,1.92857142857143,1.14285714285714,2.375,2,2.16666666666667,1,1,1,1,1,1,"In","In","ingroup","ingroup",0,0,0,1,1,0,"In","In",,0,0,0,0,0,0,0,0,0,"Victim__J_In__C_In",0,-9,9,"Hum_x_Hum","Hum_x_Hum__Victim","Hum_x_Hum__Accept","Hum_x_Hum__Victim__Accept",1,0,0,0,0,0,"Victim__J_In__C_In__Accept","Victim__J_In__C_In__Accept",1,0,0,0,0,0,0,0,0,0,0,0,0,0,0,0,0,0,0,0,0,0,0,0,0,0,0
235,6,2,"victim",0,21,2,2,1,1,0,2,TRUE,1.92857142857143,1.14285714285714,2.375,2,2.16666666666667,1,1,1,1,1,1,"In","In","ingroup","ingroup",0,0,0,1,0,1,"In","In",,0,0,0,0,0,0,0,0,0,"Victim__J_In__C_In",0,9,-9,"Hum_x_Hum","Hum_x_Hum__Victim","Hum_x_Hum__Reject","Hum_x_Hum__Victim__Reject",1,0,0,0,0,0,"Victim__J_In__C_In__Reject","Victim__J_In__C_In__Reject",1,0,0,0,0,0,0,0,0,0,0,0,0,0,0,0,0,0,0,0,0,0,0,0,0,0,0
235,10,1,"victim",0,21,2,2,1,1,0,2,TRUE,1.92857142857143,1.14285714285714,2.375,2,2.16666666666667,1,1,1,1,1,1,"In","In","ingroup","ingroup",0,0,0,1,1,1,"In","In",,0,0,0,0,0,0,0,0,0,"Victim__J_In__C_In",0,-9,9,"Hum_x_Hum","Hum_x_Hum__Victim","Hum_x_Hum__Accept","Hum_x_Hum__Victim__Accept",1,0,0,0,0,0,"Victim__J_In__C_In__Accept","Victim__J_In__C_In__Accept",1,0,0,0,0,0,0,0,0,0,0,0,0,0,0,0,0,0,0,0,0,0,0,0,0,0,0
235,10,2,"victim",0,21,2,2,1,1,0,2,TRUE,1.92857142857143,1.14285714285714,2.375,2,2.16666666666667,1,1,1,1,1,1,"In","In","ingroup","ingroup",0,0,0,1,1,1,"In","In",,0,0,0,0,0,0,0,0,0,"Victim__J_In__C_In",0,-9,9,"Hum_x_Hum","Hum_x_Hum__Victim","Hum_x_Hum__Accept","Hum_x_Hum__Victim__Accept",1,0,0,0,0,0,"Victim__J_In__C_In__Accept","Victim__J_In__C_In__Accept",1,0,0,0,0,0,0,0,0,0,0,0,0,0,0,0,0,0,0,0,0,0,0,0,0,0,0
237,3,1,"victim",0,18,3,2,1,1,0,1,TRUE,2.32142857142857,2.71428571428571,2,2.28571428571429,2.33333333333333,1,1,2,1,2,1,"In","Out","ingroup","outgroup",0,0,0,1,1,0,"In","Out",,0,0,1,0,0,0,1,0,0,"Victim__J_In__C_Out",0,-9,9,"Hum_x_Hum","Hum_x_Hum__Victim","Hum_x_Hum__Accept","Hum_x_Hum__Victim__Accept",1,0,0,0,0,0,"Victim__J_In__C_Out__Accept","Victim__J_In__C_Out__Accept",0,0,0,1,0,0,0,0,0,0,0,0,0,0,0,0,0,0,0,0,0,0,0,0,0,0,0
237,3,2,"victim",0,18,3,2,1,1,0,1,TRUE,2.32142857142857,2.71428571428571,2,2.28571428571429,2.33333333333333,1,1,2,2,1,1,"In","Out","outgroup","ingroup",1,0,0,0,0,1,"Out","In",,0,0,1,0,1,0,0,0,0,"Victim__J_Out__C_In",0,9,-9,"Hum_x_Ing","Hum_x_Ing__Victim","Hum_x_Ing__Reject","Hum_x_Ing__Victim__Reject",0,1,0,0,0,0,"Victim__J_Out__C_In__Reject","Victim__J_Out__C_In__Reject",0,1,0,0,0,0,0,0,0,0,0,0,0,0,0,0,0,0,0,0,0,0,0,0,0,0,0
237,4,1,"victim",0,18,3,2,1,1,0,1,TRUE,2.32142857142857,2.71428571428571,2,2.28571428571429,2.33333333333333,1,1,1,1,1,1,"In","In","ingroup","ingroup",0,0,0,1,0,0,"In","In",,0,0,0,0,0,0,0,0,0,"Victim__J_In__C_In",0,9,-9,"Hum_x_Hum","Hum_x_Hum__Victim","Hum_x_Hum__Reject","Hum_x_Hum__Victim__Reject",1,0,0,0,0,0,"Victim__J_In__C_In__Reject","Victim__J_In__C_In__Reject",1,0,0,0,0,0,0,0,0,0,0,0,0,0,0,0,0,0,0,0,0,0,0,0,0,0,0
237,4,2,"victim",0,18,3,2,1,1,0,1,TRUE,2.32142857142857,2.71428571428571,2,2.28571428571429,2.33333333333333,1,1,1,1,1,1,"In","In","ingroup","ingroup",0,0,0,1,0,0,"In","In",,0,0,0,0,0,0,0,0,0,"Victim__J_In__C_In",0,9,-9,"Hum_x_Hum","Hum_x_Hum__Victim","Hum_x_Hum__Reject","Hum_x_Hum__Victim__Reject",1,0,0,0,0,0,"Victim__J_In__C_In__Reject","Victim__J_In__C_In__Reject",1,0,0,0,0,0,0,0,0,0,0,0,0,0,0,0,0,0,0,0,0,0,0,0,0,0,0
237,7,1,"observer",1,18,3,2,1,1,0,1,TRUE,2.32142857142857,2.71428571428571,2,2.28571428571429,2.33333333333333,1,1,1,1,1,1,"In","In","ingroup","ingroup",0,0,0,1,0,0,"In","In","In",0,0,0,0,0,0,0,0,0,"Observer__J_In__C_In__V_In",0,9,-9,"Hum_x_Hum","Hum_x_Hum__Observer","Hum_x_Hum__Reject","Hum_x_Hum__Observer__Reject",1,0,0,0,0,0,"Observer__J_In__C_In__V_In__Reject","Observer__J_In__C_In__V_In__Reject",0,0,0,0,0,0,0,0,0,1,0,0,0,0,0,0,0,0,0,0,0,0,0,0,0,0,0
237,7,2,"observer",1,18,3,2,1,1,0,1,TRUE,2.32142857142857,2.71428571428571,2,2.28571428571429,2.33333333333333,1,1,1,1,1,1,"In","In","ingroup","ingroup",0,0,0,1,0,0,"In","In","In",0,0,0,0,0,0,0,0,0,"Observer__J_In__C_In__V_In",0,9,-9,"Hum_x_Hum","Hum_x_Hum__Observer","Hum_x_Hum__Reject","Hum_x_Hum__Observer__Reject",1,0,0,0,0,0,"Observer__J_In__C_In__V_In__Reject","Observer__J_In__C_In__V_In__Reject",0,0,0,0,0,0,0,0,0,1,0,0,0,0,0,0,0,0,0,0,0,0,0,0,0,0,0
237,9,1,"observer",1,18,3,2,1,1,0,1,TRUE,2.32142857142857,2.71428571428571,2,2.28571428571429,2.33333333333333,1,1,1,1,1,1,"In","In","ingroup","ingroup",0,0,0,1,0,0,"In","In","In",0,0,0,0,0,0,0,0,0,"Observer__J_In__C_In__V_In",0,9,-9,"Hum_x_Hum","Hum_x_Hum__Observer","Hum_x_Hum__Reject","Hum_x_Hum__Observer__Reject",1,0,0,0,0,0,"Observer__J_In__C_In__V_In__Reject","Observer__J_In__C_In__V_In__Reject",0,0,0,0,0,0,0,0,0,1,0,0,0,0,0,0,0,0,0,0,0,0,0,0,0,0,0
237,9,2,"observer",1,18,3,2,1,1,0,1,TRUE,2.32142857142857,2.71428571428571,2,2.28571428571429,2.33333333333333,1,1,1,1,1,1,"In","In","ingroup","ingroup",0,0,0,1,0,0,"In","In","In",0,0,0,0,0,0,0,0,0,"Observer__J_In__C_In__V_In",0,9,-9,"Hum_x_Hum","Hum_x_Hum__Observer","Hum_x_Hum__Reject","Hum_x_Hum__Observer__Reject",1,0,0,0,0,0,"Observer__J_In__C_In__V_In__Reject","Observer__J_In__C_In__V_In__Reject",0,0,0,0,0,0,0,0,0,1,0,0,0,0,0,0,0,0,0,0,0,0,0,0,0,0,0
237,10,1,"observer",1,18,3,2,1,1,0,1,TRUE,2.32142857142857,2.71428571428571,2,2.28571428571429,2.33333333333333,1,2,1,2,1,2,"Out","In","outgroup","ingroup",1,0,1,1,0,0,"Out","In","Out",1,0,0,0,1,0,0,0,1,"Observer__J_Out__C_In__V_Out",0,9,-9,"Ing_x_Ing","Ing_x_Ing__Observer","Ing_x_Ing__Reject","Ing_x_Ing__Observer__Reject",0,0,0,0,1,0,"Observer__J_Out__C_In__V_Out__Reject","Observer__J_Out__C_In__V_Out__Reject",0,0,0,0,0,0,0,0,0,0,0,0,0,0,0,0,0,0,0,1,0,0,0,0,0,0,0
237,10,2,"observer",1,18,3,2,1,1,0,1,TRUE,2.32142857142857,2.71428571428571,2,2.28571428571429,2.33333333333333,1,2,1,1,2,2,"Out","In","ingroup","outgroup",0,0,1,0,0,0,"In","Out","Out",1,0,0,0,0,0,1,0,1,"Observer__J_In__C_Out__V_Out",0,9,-9,"Ing_x_Hum","Ing_x_Hum__Observer","Ing_x_Hum__Reject","Ing_x_Hum__Observer__Reject",0,0,0,1,0,0,"Observer__J_In__C_Out__V_Out__Reject","Observer__J_In__C_Out__V_Out__Reject",0,0,0,0,0,0,0,0,0,0,0,0,0,0,0,0,0,0,0,0,0,1,0,0,0,0,0
238,2,1,"observer",1,19,1,2,1,1,0,2,TRUE,2.67857142857143,2.28571428571429,3,3,2.33333333333333,1,2,2,2,2,1,"Out","Out","outgroup","outgroup",1,0,0,0,1,0,"Out","Out","In",1,0,1,0,1,0,1,0,0,"Observer__J_Out__C_Out__V_In",0,-3,3,"Hum_x_Ing","Hum_x_Ing__Observer","Hum_x_Ing__Accept","Hum_x_Ing__Observer__Accept",0,1,0,0,0,0,"Observer__J_Out__C_Out__V_In__Accept","Observer__J_Out__C_Out__V_In__Accept",0,0,0,0,0,0,0,0,0,0,0,0,0,1,0,0,0,0,0,0,0,0,0,0,0,0,0
238,2,2,"observer",1,19,1,2,1,1,0,2,TRUE,2.67857142857143,2.28571428571429,3,3,2.33333333333333,1,2,2,2,2,1,"Out","Out","outgroup","outgroup",1,0,0,0,0,1,"Out","Out","In",1,0,1,0,1,0,1,0,0,"Observer__J_Out__C_Out__V_In",0,1,-1,"Hum_x_Ing","Hum_x_Ing__Observer","Hum_x_Ing__Reject","Hum_x_Ing__Observer__Reject",0,1,0,0,0,0,"Observer__J_Out__C_Out__V_In__Reject","Observer__J_Out__C_Out__V_In__Reject",0,0,0,0,0,0,0,0,0,0,0,0,0,1,0,0,0,0,0,0,0,0,0,0,0,0,0
238,3,1,"observer",1,19,1,2,1,1,0,2,TRUE,2.67857142857143,2.28571428571429,3,3,2.33333333333333,1,2,2,2,2,2,"Out","Out","outgroup","outgroup",1,0,1,1,1,0,"Out","Out","Out",1,0,1,0,1,0,1,0,1,"Observer__J_Out__C_Out__V_Out",0,-1,1,"Ing_x_Ing","Ing_x_Ing__Observer","Ing_x_Ing__Accept","Ing_x_Ing__Observer__Accept",0,0,0,0,1,0,"Observer__J_Out__C_Out__V_Out__Accept","Observer__J_Out__C_Out__V_Out__Accept",0,0,0,0,0,0,0,0,0,0,0,0,0,0,0,0,0,0,0,0,0,0,1,0,0,0,0
238,3,2,"observer",1,19,1,2,1,1,0,2,TRUE,2.67857142857143,2.28571428571429,3,3,2.33333333333333,1,2,2,2,2,2,"Out","Out","outgroup","outgroup",1,0,1,1,0,1,"Out","Out","Out",1,0,1,0,1,0,1,0,1,"Observer__J_Out__C_Out__V_Out",0,1,-1,"Ing_x_Ing","Ing_x_Ing__Observer","Ing_x_Ing__Reject","Ing_x_Ing__Observer__Reject",0,0,0,0,1,0,"Observer__J_Out__C_Out__V_Out__Reject","Observer__J_Out__C_Out__V_Out__Reject",0,0,0,0,0,0,0,0,0,0,0,0,0,0,0,0,0,0,0,0,0,0,1,0,0,0,0
238,4,1,"observer",1,19,1,2,1,1,0,2,TRUE,2.67857142857143,2.28571428571429,3,3,2.33333333333333,1,1,2,1,2,1,"In","Out","ingroup","outgroup",0,0,0,1,1,0,"In","Out","In",0,0,1,0,0,0,1,0,0,"Observer__J_In__C_Out__V_In",0,-1,1,"Hum_x_Hum","Hum_x_Hum__Observer","Hum_x_Hum__Accept","Hum_x_Hum__Observer__Accept",1,0,0,0,0,0,"Observer__J_In__C_Out__V_In__Accept","Observer__J_In__C_Out__V_In__Accept",0,0,0,0,0,0,0,0,0,0,0,0,1,0,0,0,0,0,0,0,0,0,0,0,0,0,0
238,4,2,"observer",1,19,1,2,1,1,0,2,TRUE,2.67857142857143,2.28571428571429,3,3,2.33333333333333,1,1,2,2,1,1,"In","Out","outgroup","ingroup",1,0,0,0,0,1,"Out","In","In",0,0,1,0,1,0,0,0,0,"Observer__J_Out__C_In__V_In",0,1,-1,"Hum_x_Ing","Hum_x_Ing__Observer","Hum_x_Ing__Reject","Hum_x_Ing__Observer__Reject",0,1,0,0,0,0,"Observer__J_Out__C_In__V_In__Reject","Observer__J_Out__C_In__V_In__Reject",0,0,0,0,0,0,0,0,0,0,1,0,0,0,0,0,0,0,0,0,0,0,0,0,0,0,0
238,9,1,"victim",0,19,1,2,1,1,0,2,TRUE,2.67857142857143,2.28571428571429,3,3,2.33333333333333,1,2,2,2,2,1,"Out","Out","outgroup","outgroup",1,0,0,0,1,1,"Out","Out",,1,0,1,0,1,0,1,0,0,"Victim__J_Out__C_Out",0,-3,3,"Hum_x_Ing","Hum_x_Ing__Victim","Hum_x_Ing__Accept","Hum_x_Ing__Victim__Accept",0,1,0,0,0,0,"Victim__J_Out__C_Out__Accept","Victim__J_Out__C_Out__Accept",0,0,0,0,1,0,0,0,0,0,0,0,0,0,0,0,0,0,0,0,0,0,0,0,0,0,0
238,9,2,"victim",0,19,1,2,1,1,0,2,TRUE,2.67857142857143,2.28571428571429,3,3,2.33333333333333,1,2,2,2,2,1,"Out","Out","outgroup","outgroup",1,0,0,0,1,1,"Out","Out",,1,0,1,0,1,0,1,0,0,"Victim__J_Out__C_Out",0,-3,3,"Hum_x_Ing","Hum_x_Ing__Victim","Hum_x_Ing__Accept","Hum_x_Ing__Victim__Accept",0,1,0,0,0,0,"Victim__J_Out__C_Out__Accept","Victim__J_Out__C_Out__Accept",0,0,0,0,1,0,0,0,0,0,0,0,0,0,0,0,0,0,0,0,0,0,0,0,0,0,0
239,2,1,"observer",1,18,3,1,0,2,1,2,TRUE,2.71428571428571,2.71428571428571,3,2.28571428571429,2.83333333333333,2,1,1,1,1,2,"Out","Out","outgroup","outgroup",1,0,0,0,0,1,"Out","Out","In",1,0,1,0,1,0,1,0,0,"Observer__J_Out__C_Out__V_In",0,9,-9,"Ing_x_Hum","Ing_x_Hum__Observer","Ing_x_Hum__Reject","Ing_x_Hum__Observer__Reject",0,0,0,1,0,0,"Observer__J_Out__C_Out__V_In__Reject","Observer__J_Out__C_Out__V_In__Reject",0,0,0,0,0,0,0,0,0,0,0,0,0,1,0,0,0,0,0,0,0,0,0,0,0,0,0
239,2,2,"observer",1,18,3,1,0,2,1,2,TRUE,2.71428571428571,2.71428571428571,3,2.28571428571429,2.83333333333333,2,1,1,1,1,2,"Out","Out","outgroup","outgroup",1,0,0,0,1,0,"Out","Out","In",1,0,1,0,1,0,1,0,0,"Observer__J_Out__C_Out__V_In",0,-9,9,"Ing_x_Hum","Ing_x_Hum__Observer","Ing_x_Hum__Accept","Ing_x_Hum__Observer__Accept",0,0,0,1,0,0,"Observer__J_Out__C_Out__V_In__Accept","Observer__J_Out__C_Out__V_In__Accept",0,0,0,0,0,0,0,0,0,0,0,0,0,1,0,0,0,0,0,0,0,0,0,0,0,0,0
239,3,1,"observer",1,18,3,1,0,2,1,2,TRUE,2.71428571428571,2.71428571428571,3,2.28571428571429,2.83333333333333,2,2,1,2,1,1,"In","Out","ingroup","outgroup",0,0,1,0,0,0,"In","Out","Out",0,0,1,0,0,0,1,0,1,"Observer__J_In__C_Out__V_Out",0,9,-9,"Hum_x_Ing","Hum_x_Ing__Observer","Hum_x_Ing__Reject","Hum_x_Ing__Observer__Reject",0,1,0,0,0,0,"Observer__J_In__C_Out__V_Out__Reject","Observer__J_In__C_Out__V_Out__Reject",0,0,0,0,0,0,0,0,0,0,0,0,0,0,0,0,0,0,0,0,0,1,0,0,0,0,0
239,3,2,"observer",1,18,3,1,0,2,1,2,TRUE,2.71428571428571,2.71428571428571,3,2.28571428571429,2.83333333333333,2,2,1,1,2,1,"In","Out","outgroup","ingroup",1,0,1,1,0,0,"Out","In","Out",0,0,1,0,1,0,0,0,1,"Observer__J_Out__C_In__V_Out",0,9,-9,"Hum_x_Hum","Hum_x_Hum__Observer","Hum_x_Hum__Reject","Hum_x_Hum__Observer__Reject",1,0,0,0,0,0,"Observer__J_Out__C_In__V_Out__Reject","Observer__J_Out__C_In__V_Out__Reject",0,0,0,0,0,0,0,0,0,0,0,0,0,0,0,0,0,0,0,1,0,0,0,0,0,0,0
239,5,1,"observer",1,18,3,1,0,2,1,2,TRUE,2.71428571428571,2.71428571428571,3,2.28571428571429,2.83333333333333,2,1,2,1,2,2,"Out","In","outgroup","ingroup",1,0,0,0,1,0,"Out","In","In",1,0,0,0,1,0,0,0,0,"Observer__J_Out__C_In__V_In",0,-9,9,"Ing_x_Hum","Ing_x_Hum__Observer","Ing_x_Hum__Accept","Ing_x_Hum__Observer__Accept",0,0,0,1,0,0,"Observer__J_Out__C_In__V_In__Accept","Observer__J_Out__C_In__V_In__Accept",0,0,0,0,0,0,0,0,0,0,1,0,0,0,0,0,0,0,0,0,0,0,0,0,0,0,0
239,5,2,"observer",1,18,3,1,0,2,1,2,TRUE,2.71428571428571,2.71428571428571,3,2.28571428571429,2.83333333333333,2,1,2,2,1,2,"Out","In","ingroup","outgroup",0,0,0,1,0,1,"In","Out","In",1,0,0,0,0,0,1,0,0,"Observer__J_In__C_Out__V_In",0,9,-9,"Ing_x_Ing","Ing_x_Ing__Observer","Ing_x_Ing__Reject","Ing_x_Ing__Observer__Reject",0,0,0,0,1,0,"Observer__J_In__C_Out__V_In__Reject","Observer__J_In__C_Out__V_In__Reject",0,0,0,0,0,0,0,0,0,0,0,0,1,0,0,0,0,0,0,0,0,0,0,0,0,0,0
239,6,1,"victim",0,18,3,1,0,2,1,2,TRUE,2.71428571428571,2.71428571428571,3,2.28571428571429,2.83333333333333,2,1,2,1,2,2,"Out","In","outgroup","ingroup",1,0,0,0,0,0,"Out","In",,1,0,0,0,1,0,0,0,0,"Victim__J_Out__C_In",0,9,-9,"Ing_x_Hum","Ing_x_Hum__Victim","Ing_x_Hum__Reject","Ing_x_Hum__Victim__Reject",0,0,0,1,0,0,"Victim__J_Out__C_In__Reject","Victim__J_Out__C_In__Reject",0,1,0,0,0,0,0,0,0,0,0,0,0,0,0,0,0,0,0,0,0,0,0,0,0,0,0
239,6,2,"victim",0,18,3,1,0,2,1,2,TRUE,2.71428571428571,2.71428571428571,3,2.28571428571429,2.83333333333333,2,1,2,2,1,2,"Out","In","ingroup","outgroup",0,0,0,1,0,0,"In","Out",,1,0,0,0,0,0,1,0,0,"Victim__J_In__C_Out",0,9,-9,"Ing_x_Ing","Ing_x_Ing__Victim","Ing_x_Ing__Reject","Ing_x_Ing__Victim__Reject",0,0,0,0,1,0,"Victim__J_In__C_Out__Reject","Victim__J_In__C_Out__Reject",0,0,0,1,0,0,0,0,0,0,0,0,0,0,0,0,0,0,0,0,0,0,0,0,0,0,0
239,9,1,"victim",0,18,3,1,0,2,1,2,TRUE,2.71428571428571,2.71428571428571,3,2.28571428571429,2.83333333333333,2,1,1,1,1,2,"Out","Out","outgroup","outgroup",1,0,0,0,1,1,"Out","Out",,1,0,1,0,1,0,1,0,0,"Victim__J_Out__C_Out",0,-9,9,"Ing_x_Hum","Ing_x_Hum__Victim","Ing_x_Hum__Accept","Ing_x_Hum__Victim__Accept",0,0,0,1,0,0,"Victim__J_Out__C_Out__Accept","Victim__J_Out__C_Out__Accept",0,0,0,0,1,0,0,0,0,0,0,0,0,0,0,0,0,0,0,0,0,0,0,0,0,0,0
239,9,2,"victim",0,18,3,1,0,2,1,2,TRUE,2.71428571428571,2.71428571428571,3,2.28571428571429,2.83333333333333,2,1,1,1,1,2,"Out","Out","outgroup","outgroup",1,0,0,0,1,1,"Out","Out",,1,0,1,0,1,0,1,0,0,"Victim__J_Out__C_Out",0,-9,9,"Ing_x_Hum","Ing_x_Hum__Victim","Ing_x_Hum__Accept","Ing_x_Hum__Victim__Accept",0,0,0,1,0,0,"Victim__J_Out__C_Out__Accept","Victim__J_Out__C_Out__Accept",0,0,0,0,1,0,0,0,0,0,0,0,0,0,0,0,0,0,0,0,0,0,0,0,0,0,0
240,6,1,"observer",1,18,3,2,1,1,0,1,TRUE,2.46428571428571,2.85714285714286,2.625,2.28571428571429,2,1,2,1,2,1,2,"Out","In","outgroup","ingroup",1,0,1,1,0,0,"Out","In","Out",1,0,0,0,1,0,0,0,1,"Observer__J_Out__C_In__V_Out",0,9,-9,"Ing_x_Ing","Ing_x_Ing__Observer","Ing_x_Ing__Reject","Ing_x_Ing__Observer__Reject",0,0,0,0,1,0,"Observer__J_Out__C_In__V_Out__Reject","Observer__J_Out__C_In__V_Out__Reject",0,0,0,0,0,0,0,0,0,0,0,0,0,0,0,0,0,0,0,1,0,0,0,0,0,0,0
240,6,2,"observer",1,18,3,2,1,1,0,1,TRUE,2.46428571428571,2.85714285714286,2.625,2.28571428571429,2,1,2,1,1,2,2,"Out","In","ingroup","outgroup",0,0,1,0,0,0,"In","Out","Out",1,0,0,0,0,0,1,0,1,"Observer__J_In__C_Out__V_Out",0,9,-9,"Ing_x_Hum","Ing_x_Hum__Observer","Ing_x_Hum__Reject","Ing_x_Hum__Observer__Reject",0,0,0,1,0,0,"Observer__J_In__C_Out__V_Out__Reject","Observer__J_In__C_Out__V_Out__Reject",0,0,0,0,0,0,0,0,0,0,0,0,0,0,0,0,0,0,0,0,0,1,0,0,0,0,0
240,7,1,"observer",1,18,3,2,1,1,0,1,TRUE,2.46428571428571,2.85714285714286,2.625,2.28571428571429,2,1,2,1,2,1,1,"Out","In","outgroup","ingroup",1,0,0,0,1,1,"Out","In","In",1,0,0,0,1,0,0,0,0,"Observer__J_Out__C_In__V_In",0,-4,4,"Hum_x_Ing","Hum_x_Ing__Observer","Hum_x_Ing__Accept","Hum_x_Ing__Observer__Accept",0,1,0,0,0,0,"Observer__J_Out__C_In__V_In__Accept","Observer__J_Out__C_In__V_In__Accept",0,0,0,0,0,0,0,0,0,0,1,0,0,0,0,0,0,0,0,0,0,0,0,0,0,0,0
240,7,2,"observer",1,18,3,2,1,1,0,1,TRUE,2.46428571428571,2.85714285714286,2.625,2.28571428571429,2,1,2,1,1,2,1,"Out","In","ingroup","outgroup",0,0,0,1,1,1,"In","Out","In",1,0,0,0,0,0,1,0,0,"Observer__J_In__C_Out__V_In",0,-7,7,"Hum_x_Hum","Hum_x_Hum__Observer","Hum_x_Hum__Accept","Hum_x_Hum__Observer__Accept",1,0,0,0,0,0,"Observer__J_In__C_Out__V_In__Accept","Observer__J_In__C_Out__V_In__Accept",0,0,0,0,0,0,0,0,0,0,0,0,1,0,0,0,0,0,0,0,0,0,0,0,0,0,0
240,8,1,"observer",1,18,3,2,1,1,0,1,TRUE,2.46428571428571,2.85714285714286,2.625,2.28571428571429,2,1,1,2,1,2,2,"In","Out","ingroup","outgroup",0,0,1,0,1,0,"In","Out","Out",0,0,1,0,0,0,1,0,1,"Observer__J_In__C_Out__V_Out",0,-9,9,"Ing_x_Hum","Ing_x_Hum__Observer","Ing_x_Hum__Accept","Ing_x_Hum__Observer__Accept",0,0,0,1,0,0,"Observer__J_In__C_Out__V_Out__Accept","Observer__J_In__C_Out__V_Out__Accept",0,0,0,0,0,0,0,0,0,0,0,0,0,0,0,0,0,0,0,0,0,1,0,0,0,0,0
240,8,2,"observer",1,18,3,2,1,1,0,1,TRUE,2.46428571428571,2.85714285714286,2.625,2.28571428571429,2,1,1,2,2,1,2,"In","Out","outgroup","ingroup",1,0,1,1,0,1,"Out","In","Out",0,0,1,0,1,0,0,0,1,"Observer__J_Out__C_In__V_Out",0,0,0,"Ing_x_Ing","Ing_x_Ing__Observer","Ing_x_Ing__Reject","Ing_x_Ing__Observer__Reject",0,0,0,0,1,0,"Observer__J_Out__C_In__V_Out__Reject","Observer__J_Out__C_In__V_Out__Reject",0,0,0,0,0,0,0,0,0,0,0,0,0,0,0,0,0,0,0,1,0,0,0,0,0,0,0
241,4,1,"observer",1,18,3,1,0,1,0,2,TRUE,2.03571428571429,2,1.75,2.28571428571429,2.16666666666667,1,2,2,2,2,2,"Out","Out","outgroup","outgroup",1,0,1,1,1,0,"Out","Out","Out",1,0,1,0,1,0,1,0,1,"Observer__J_Out__C_Out__V_Out",0,-9,9,"Ing_x_Ing","Ing_x_Ing__Observer","Ing_x_Ing__Accept","Ing_x_Ing__Observer__Accept",0,0,0,0,1,0,"Observer__J_Out__C_Out__V_Out__Accept","Observer__J_Out__C_Out__V_Out__Accept",0,0,0,0,0,0,0,0,0,0,0,0,0,0,0,0,0,0,0,0,0,0,1,0,0,0,0
241,4,2,"observer",1,18,3,1,0,1,0,2,TRUE,2.03571428571429,2,1.75,2.28571428571429,2.16666666666667,1,2,2,2,2,2,"Out","Out","outgroup","outgroup",1,0,1,1,0,1,"Out","Out","Out",1,0,1,0,1,0,1,0,1,"Observer__J_Out__C_Out__V_Out",0,9,-9,"Ing_x_Ing","Ing_x_Ing__Observer","Ing_x_Ing__Reject","Ing_x_Ing__Observer__Reject",0,0,0,0,1,0,"Observer__J_Out__C_Out__V_Out__Reject","Observer__J_Out__C_Out__V_Out__Reject",0,0,0,0,0,0,0,0,0,0,0,0,0,0,0,0,0,0,0,0,0,0,1,0,0,0,0
241,5,1,"observer",1,18,3,1,0,1,0,2,TRUE,2.03571428571429,2,1.75,2.28571428571429,2.16666666666667,1,2,2,2,2,2,"Out","Out","outgroup","outgroup",1,0,1,1,1,0,"Out","Out","Out",1,0,1,0,1,0,1,0,1,"Observer__J_Out__C_Out__V_Out",0,-9,9,"Ing_x_Ing","Ing_x_Ing__Observer","Ing_x_Ing__Accept","Ing_x_Ing__Observer__Accept",0,0,0,0,1,0,"Observer__J_Out__C_Out__V_Out__Accept","Observer__J_Out__C_Out__V_Out__Accept",0,0,0,0,0,0,0,0,0,0,0,0,0,0,0,0,0,0,0,0,0,0,1,0,0,0,0
241,5,2,"observer",1,18,3,1,0,1,0,2,TRUE,2.03571428571429,2,1.75,2.28571428571429,2.16666666666667,1,2,2,2,2,2,"Out","Out","outgroup","outgroup",1,0,1,1,0,1,"Out","Out","Out",1,0,1,0,1,0,1,0,1,"Observer__J_Out__C_Out__V_Out",0,9,-9,"Ing_x_Ing","Ing_x_Ing__Observer","Ing_x_Ing__Reject","Ing_x_Ing__Observer__Reject",0,0,0,0,1,0,"Observer__J_Out__C_Out__V_Out__Reject","Observer__J_Out__C_Out__V_Out__Reject",0,0,0,0,0,0,0,0,0,0,0,0,0,0,0,0,0,0,0,0,0,0,1,0,0,0,0
241,6,1,"victim",0,18,3,1,0,1,0,2,TRUE,2.03571428571429,2,1.75,2.28571428571429,2.16666666666667,1,1,2,1,2,1,"In","Out","ingroup","outgroup",0,0,0,1,1,0,"In","Out",,0,0,1,0,0,0,1,0,0,"Victim__J_In__C_Out",0,-9,9,"Hum_x_Hum","Hum_x_Hum__Victim","Hum_x_Hum__Accept","Hum_x_Hum__Victim__Accept",1,0,0,0,0,0,"Victim__J_In__C_Out__Accept","Victim__J_In__C_Out__Accept",0,0,0,1,0,0,0,0,0,0,0,0,0,0,0,0,0,0,0,0,0,0,0,0,0,0,0
241,6,2,"victim",0,18,3,1,0,1,0,2,TRUE,2.03571428571429,2,1.75,2.28571428571429,2.16666666666667,1,1,2,2,1,1,"In","Out","outgroup","ingroup",1,0,0,0,0,1,"Out","In",,0,0,1,0,1,0,0,0,0,"Victim__J_Out__C_In",0,9,-9,"Hum_x_Ing","Hum_x_Ing__Victim","Hum_x_Ing__Reject","Hum_x_Ing__Victim__Reject",0,1,0,0,0,0,"Victim__J_Out__C_In__Reject","Victim__J_Out__C_In__Reject",0,1,0,0,0,0,0,0,0,0,0,0,0,0,0,0,0,0,0,0,0,0,0,0,0,0,0
241,7,1,"victim",0,18,3,1,0,1,0,2,TRUE,2.03571428571429,2,1.75,2.28571428571429,2.16666666666667,1,2,2,2,2,1,"Out","Out","outgroup","outgroup",1,0,0,0,0,0,"Out","Out",,1,0,1,0,1,0,1,0,0,"Victim__J_Out__C_Out",0,9,-9,"Hum_x_Ing","Hum_x_Ing__Victim","Hum_x_Ing__Reject","Hum_x_Ing__Victim__Reject",0,1,0,0,0,0,"Victim__J_Out__C_Out__Reject","Victim__J_Out__C_Out__Reject",0,0,0,0,1,0,0,0,0,0,0,0,0,0,0,0,0,0,0,0,0,0,0,0,0,0,0
241,7,2,"victim",0,18,3,1,0,1,0,2,TRUE,2.03571428571429,2,1.75,2.28571428571429,2.16666666666667,1,2,2,2,2,1,"Out","Out","outgroup","outgroup",1,0,0,0,0,0,"Out","Out",,1,0,1,0,1,0,1,0,0,"Victim__J_Out__C_Out",0,9,-9,"Hum_x_Ing","Hum_x_Ing__Victim","Hum_x_Ing__Reject","Hum_x_Ing__Victim__Reject",0,1,0,0,0,0,"Victim__J_Out__C_Out__Reject","Victim__J_Out__C_Out__Reject",0,0,0,0,1,0,0,0,0,0,0,0,0,0,0,0,0,0,0,0,0,0,0,0,0,0,0
241,9,1,"victim",0,18,3,1,0,1,0,2,TRUE,2.03571428571429,2,1.75,2.28571428571429,2.16666666666667,1,1,2,1,2,1,"In","Out","ingroup","outgroup",0,0,0,1,0,0,"In","Out",,0,0,1,0,0,0,1,0,0,"Victim__J_In__C_Out",0,9,-9,"Hum_x_Hum","Hum_x_Hum__Victim","Hum_x_Hum__Reject","Hum_x_Hum__Victim__Reject",1,0,0,0,0,0,"Victim__J_In__C_Out__Reject","Victim__J_In__C_Out__Reject",0,0,0,1,0,0,0,0,0,0,0,0,0,0,0,0,0,0,0,0,0,0,0,0,0,0,0
241,9,2,"victim",0,18,3,1,0,1,0,2,TRUE,2.03571428571429,2,1.75,2.28571428571429,2.16666666666667,1,1,2,2,1,1,"In","Out","outgroup","ingroup",1,0,0,0,0,0,"Out","In",,0,0,1,0,1,0,0,0,0,"Victim__J_Out__C_In",0,9,-9,"Hum_x_Ing","Hum_x_Ing__Victim","Hum_x_Ing__Reject","Hum_x_Ing__Victim__Reject",0,1,0,0,0,0,"Victim__J_Out__C_In__Reject","Victim__J_Out__C_In__Reject",0,1,0,0,0,0,0,0,0,0,0,0,0,0,0,0,0,0,0,0,0,0,0,0,0,0,0
243,1,1,"observer",1,19,4,1,0,1,0,2,TRUE,1.89285714285714,1,1.75,2.85714285714286,2,1,1,1,1,1,1,"In","In","ingroup","ingroup",0,0,0,1,0,0,"In","In","In",0,0,0,0,0,0,0,0,0,"Observer__J_In__C_In__V_In",0,9,-9,"Hum_x_Hum","Hum_x_Hum__Observer","Hum_x_Hum__Reject","Hum_x_Hum__Observer__Reject",1,0,0,0,0,0,"Observer__J_In__C_In__V_In__Reject","Observer__J_In__C_In__V_In__Reject",0,0,0,0,0,0,0,0,0,1,0,0,0,0,0,0,0,0,0,0,0,0,0,0,0,0,0
243,1,2,"observer",1,19,4,1,0,1,0,2,TRUE,1.89285714285714,1,1.75,2.85714285714286,2,1,1,1,1,1,1,"In","In","ingroup","ingroup",0,0,0,1,0,0,"In","In","In",0,0,0,0,0,0,0,0,0,"Observer__J_In__C_In__V_In",0,9,-9,"Hum_x_Hum","Hum_x_Hum__Observer","Hum_x_Hum__Reject","Hum_x_Hum__Observer__Reject",1,0,0,0,0,0,"Observer__J_In__C_In__V_In__Reject","Observer__J_In__C_In__V_In__Reject",0,0,0,0,0,0,0,0,0,1,0,0,0,0,0,0,0,0,0,0,0,0,0,0,0,0,0
243,4,1,"observer",1,19,4,1,0,1,0,2,TRUE,1.89285714285714,1,1.75,2.85714285714286,2,1,1,1,1,1,2,"In","In","ingroup","ingroup",0,0,1,0,1,1,"In","In","Out",0,0,0,0,0,0,0,0,1,"Observer__J_In__C_In__V_Out",0,-3,3,"Ing_x_Hum","Ing_x_Hum__Observer","Ing_x_Hum__Accept","Ing_x_Hum__Observer__Accept",0,0,0,1,0,0,"Observer__J_In__C_In__V_Out__Accept","Observer__J_In__C_In__V_Out__Accept",0,0,0,0,0,0,0,0,0,0,0,0,0,0,0,0,0,0,1,0,0,0,0,0,0,0,0
243,4,2,"observer",1,19,4,1,0,1,0,2,TRUE,1.89285714285714,1,1.75,2.85714285714286,2,1,1,1,1,1,2,"In","In","ingroup","ingroup",0,0,1,0,1,1,"In","In","Out",0,0,0,0,0,0,0,0,1,"Observer__J_In__C_In__V_Out",0,-3,3,"Ing_x_Hum","Ing_x_Hum__Observer","Ing_x_Hum__Accept","Ing_x_Hum__Observer__Accept",0,0,0,1,0,0,"Observer__J_In__C_In__V_Out__Accept","Observer__J_In__C_In__V_Out__Accept",0,0,0,0,0,0,0,0,0,0,0,0,0,0,0,0,0,0,1,0,0,0,0,0,0,0,0
243,5,1,"observer",1,19,4,1,0,1,0,2,TRUE,1.89285714285714,1,1.75,2.85714285714286,2,1,2,1,2,1,2,"Out","In","outgroup","ingroup",1,0,1,1,0,0,"Out","In","Out",1,0,0,0,1,0,0,0,1,"Observer__J_Out__C_In__V_Out",0,9,-9,"Ing_x_Ing","Ing_x_Ing__Observer","Ing_x_Ing__Reject","Ing_x_Ing__Observer__Reject",0,0,0,0,1,0,"Observer__J_Out__C_In__V_Out__Reject","Observer__J_Out__C_In__V_Out__Reject",0,0,0,0,0,0,0,0,0,0,0,0,0,0,0,0,0,0,0,1,0,0,0,0,0,0,0
243,5,2,"observer",1,19,4,1,0,1,0,2,TRUE,1.89285714285714,1,1.75,2.85714285714286,2,1,2,1,1,2,2,"Out","In","ingroup","outgroup",0,0,1,0,0,0,"In","Out","Out",1,0,0,0,0,0,1,0,1,"Observer__J_In__C_Out__V_Out",0,9,-9,"Ing_x_Hum","Ing_x_Hum__Observer","Ing_x_Hum__Reject","Ing_x_Hum__Observer__Reject",0,0,0,1,0,0,"Observer__J_In__C_Out__V_Out__Reject","Observer__J_In__C_Out__V_Out__Reject",0,0,0,0,0,0,0,0,0,0,0,0,0,0,0,0,0,0,0,0,0,1,0,0,0,0,0
244,1,1,"victim",0,19,2,2,1,2,1,1,TRUE,2.82142857142857,2.71428571428571,2.75,3.28571428571429,2.5,2,1,1,1,1,2,"Out","Out","outgroup","outgroup",1,0,0,0,0,1,"Out","Out",,1,0,1,0,1,0,1,0,0,"Victim__J_Out__C_Out",0,9,-9,"Ing_x_Hum","Ing_x_Hum__Victim","Ing_x_Hum__Reject","Ing_x_Hum__Victim__Reject",0,0,0,1,0,0,"Victim__J_Out__C_Out__Reject","Victim__J_Out__C_Out__Reject",0,0,0,0,1,0,0,0,0,0,0,0,0,0,0,0,0,0,0,0,0,0,0,0,0,0,0
244,1,2,"victim",0,19,2,2,1,2,1,1,TRUE,2.82142857142857,2.71428571428571,2.75,3.28571428571429,2.5,2,1,1,1,1,2,"Out","Out","outgroup","outgroup",1,0,0,0,1,0,"Out","Out",,1,0,1,0,1,0,1,0,0,"Victim__J_Out__C_Out",0,-4,4,"Ing_x_Hum","Ing_x_Hum__Victim","Ing_x_Hum__Accept","Ing_x_Hum__Victim__Accept",0,0,0,1,0,0,"Victim__J_Out__C_Out__Accept","Victim__J_Out__C_Out__Accept",0,0,0,0,1,0,0,0,0,0,0,0,0,0,0,0,0,0,0,0,0,0,0,0,0,0,0
244,2,1,"victim",0,19,2,2,1,2,1,1,TRUE,2.82142857142857,2.71428571428571,2.75,3.28571428571429,2.5,2,1,2,1,2,2,"Out","In","outgroup","ingroup",1,0,0,0,0,0,"Out","In",,1,0,0,0,1,0,0,0,0,"Victim__J_Out__C_In",0,9,-9,"Ing_x_Hum","Ing_x_Hum__Victim","Ing_x_Hum__Reject","Ing_x_Hum__Victim__Reject",0,0,0,1,0,0,"Victim__J_Out__C_In__Reject","Victim__J_Out__C_In__Reject",0,1,0,0,0,0,0,0,0,0,0,0,0,0,0,0,0,0,0,0,0,0,0,0,0,0,0
244,2,2,"victim",0,19,2,2,1,2,1,1,TRUE,2.82142857142857,2.71428571428571,2.75,3.28571428571429,2.5,2,1,2,2,1,2,"Out","In","ingroup","outgroup",0,0,0,1,0,0,"In","Out",,1,0,0,0,0,0,1,0,0,"Victim__J_In__C_Out",0,9,-9,"Ing_x_Ing","Ing_x_Ing__Victim","Ing_x_Ing__Reject","Ing_x_Ing__Victim__Reject",0,0,0,0,1,0,"Victim__J_In__C_Out__Reject","Victim__J_In__C_Out__Reject",0,0,0,1,0,0,0,0,0,0,0,0,0,0,0,0,0,0,0,0,0,0,0,0,0,0,0
244,7,1,"observer",1,19,2,2,1,2,1,1,TRUE,2.82142857142857,2.71428571428571,2.75,3.28571428571429,2.5,2,1,1,1,1,2,"Out","Out","outgroup","outgroup",1,0,0,0,0,0,"Out","Out","In",1,0,1,0,1,0,1,0,0,"Observer__J_Out__C_Out__V_In",0,5,-5,"Ing_x_Hum","Ing_x_Hum__Observer","Ing_x_Hum__Reject","Ing_x_Hum__Observer__Reject",0,0,0,1,0,0,"Observer__J_Out__C_Out__V_In__Reject","Observer__J_Out__C_Out__V_In__Reject",0,0,0,0,0,0,0,0,0,0,0,0,0,1,0,0,0,0,0,0,0,0,0,0,0,0,0
244,7,2,"observer",1,19,2,2,1,2,1,1,TRUE,2.82142857142857,2.71428571428571,2.75,3.28571428571429,2.5,2,1,1,1,1,2,"Out","Out","outgroup","outgroup",1,0,0,0,0,0,"Out","Out","In",1,0,1,0,1,0,1,0,0,"Observer__J_Out__C_Out__V_In",0,5,-5,"Ing_x_Hum","Ing_x_Hum__Observer","Ing_x_Hum__Reject","Ing_x_Hum__Observer__Reject",0,0,0,1,0,0,"Observer__J_Out__C_Out__V_In__Reject","Observer__J_Out__C_Out__V_In__Reject",0,0,0,0,0,0,0,0,0,0,0,0,0,1,0,0,0,0,0,0,0,0,0,0,0,0,0
244,8,1,"observer",1,19,2,2,1,2,1,1,TRUE,2.82142857142857,2.71428571428571,2.75,3.28571428571429,2.5,2,2,1,2,1,1,"In","Out","ingroup","outgroup",0,0,1,0,0,0,"In","Out","Out",0,0,1,0,0,0,1,0,1,"Observer__J_In__C_Out__V_Out",0,4,-4,"Hum_x_Ing","Hum_x_Ing__Observer","Hum_x_Ing__Reject","Hum_x_Ing__Observer__Reject",0,1,0,0,0,0,"Observer__J_In__C_Out__V_Out__Reject","Observer__J_In__C_Out__V_Out__Reject",0,0,0,0,0,0,0,0,0,0,0,0,0,0,0,0,0,0,0,0,0,1,0,0,0,0,0
244,8,2,"observer",1,19,2,2,1,2,1,1,TRUE,2.82142857142857,2.71428571428571,2.75,3.28571428571429,2.5,2,2,1,1,2,1,"In","Out","outgroup","ingroup",1,0,1,1,0,0,"Out","In","Out",0,0,1,0,1,0,0,0,1,"Observer__J_Out__C_In__V_Out",0,4,-4,"Hum_x_Hum","Hum_x_Hum__Observer","Hum_x_Hum__Reject","Hum_x_Hum__Observer__Reject",1,0,0,0,0,0,"Observer__J_Out__C_In__V_Out__Reject","Observer__J_Out__C_In__V_Out__Reject",0,0,0,0,0,0,0,0,0,0,0,0,0,0,0,0,0,0,0,1,0,0,0,0,0,0,0
244,10,1,"observer",1,19,2,2,1,2,1,1,TRUE,2.82142857142857,2.71428571428571,2.75,3.28571428571429,2.5,2,1,2,1,2,2,"Out","In","outgroup","ingroup",1,0,0,0,0,1,"Out","In","In",1,0,0,0,1,0,0,0,0,"Observer__J_Out__C_In__V_In",0,3,-3,"Ing_x_Hum","Ing_x_Hum__Observer","Ing_x_Hum__Reject","Ing_x_Hum__Observer__Reject",0,0,0,1,0,0,"Observer__J_Out__C_In__V_In__Reject","Observer__J_Out__C_In__V_In__Reject",0,0,0,0,0,0,0,0,0,0,1,0,0,0,0,0,0,0,0,0,0,0,0,0,0,0,0
244,10,2,"observer",1,19,2,2,1,2,1,1,TRUE,2.82142857142857,2.71428571428571,2.75,3.28571428571429,2.5,2,1,2,2,1,2,"Out","In","ingroup","outgroup",0,0,0,1,1,0,"In","Out","In",1,0,0,0,0,0,1,0,0,"Observer__J_In__C_Out__V_In",0,-4,4,"Ing_x_Ing","Ing_x_Ing__Observer","Ing_x_Ing__Accept","Ing_x_Ing__Observer__Accept",0,0,0,0,1,0,"Observer__J_In__C_Out__V_In__Accept","Observer__J_In__C_Out__V_In__Accept",0,0,0,0,0,0,0,0,0,0,0,0,1,0,0,0,0,0,0,0,0,0,0,0,0,0,0
245,1,1,"observer",1,23,3,2,1,1,0,2,TRUE,2.42857142857143,2.85714285714286,1.875,2.57142857142857,2.5,1,1,2,1,2,2,"In","Out","ingroup","outgroup",0,0,1,0,1,0,"In","Out","Out",0,0,1,0,0,0,1,0,1,"Observer__J_In__C_Out__V_Out",0,-3,3,"Ing_x_Hum","Ing_x_Hum__Observer","Ing_x_Hum__Accept","Ing_x_Hum__Observer__Accept",0,0,0,1,0,0,"Observer__J_In__C_Out__V_Out__Accept","Observer__J_In__C_Out__V_Out__Accept",0,0,0,0,0,0,0,0,0,0,0,0,0,0,0,0,0,0,0,0,0,1,0,0,0,0,0
245,1,2,"observer",1,23,3,2,1,1,0,2,TRUE,2.42857142857143,2.85714285714286,1.875,2.57142857142857,2.5,1,1,2,2,1,2,"In","Out","outgroup","ingroup",1,0,1,1,0,1,"Out","In","Out",0,0,1,0,1,0,0,0,1,"Observer__J_Out__C_In__V_Out",0,3,-3,"Ing_x_Ing","Ing_x_Ing__Observer","Ing_x_Ing__Reject","Ing_x_Ing__Observer__Reject",0,0,0,0,1,0,"Observer__J_Out__C_In__V_Out__Reject","Observer__J_Out__C_In__V_Out__Reject",0,0,0,0,0,0,0,0,0,0,0,0,0,0,0,0,0,0,0,1,0,0,0,0,0,0,0
245,4,1,"observer",1,23,3,2,1,1,0,2,TRUE,2.42857142857143,2.85714285714286,1.875,2.57142857142857,2.5,1,2,1,2,1,1,"Out","In","outgroup","ingroup",1,0,0,0,0,1,"Out","In","In",1,0,0,0,1,0,0,0,0,"Observer__J_Out__C_In__V_In",0,3,-3,"Hum_x_Ing","Hum_x_Ing__Observer","Hum_x_Ing__Reject","Hum_x_Ing__Observer__Reject",0,1,0,0,0,0,"Observer__J_Out__C_In__V_In__Reject","Observer__J_Out__C_In__V_In__Reject",0,0,0,0,0,0,0,0,0,0,1,0,0,0,0,0,0,0,0,0,0,0,0,0,0,0,0
245,4,2,"observer",1,23,3,2,1,1,0,2,TRUE,2.42857142857143,2.85714285714286,1.875,2.57142857142857,2.5,1,2,1,1,2,1,"Out","In","ingroup","outgroup",0,0,0,1,1,0,"In","Out","In",1,0,0,0,0,0,1,0,0,"Observer__J_In__C_Out__V_In",0,-5,5,"Hum_x_Hum","Hum_x_Hum__Observer","Hum_x_Hum__Accept","Hum_x_Hum__Observer__Accept",1,0,0,0,0,0,"Observer__J_In__C_Out__V_In__Accept","Observer__J_In__C_Out__V_In__Accept",0,0,0,0,0,0,0,0,0,0,0,0,1,0,0,0,0,0,0,0,0,0,0,0,0,0,0
245,5,1,"observer",1,23,3,2,1,1,0,2,TRUE,2.42857142857143,2.85714285714286,1.875,2.57142857142857,2.5,1,2,2,2,2,2,"Out","Out","outgroup","outgroup",1,0,1,1,1,0,"Out","Out","Out",1,0,1,0,1,0,1,0,1,"Observer__J_Out__C_Out__V_Out",0,-6,6,"Ing_x_Ing","Ing_x_Ing__Observer","Ing_x_Ing__Accept","Ing_x_Ing__Observer__Accept",0,0,0,0,1,0,"Observer__J_Out__C_Out__V_Out__Accept","Observer__J_Out__C_Out__V_Out__Accept",0,0,0,0,0,0,0,0,0,0,0,0,0,0,0,0,0,0,0,0,0,0,1,0,0,0,0
245,5,2,"observer",1,23,3,2,1,1,0,2,TRUE,2.42857142857143,2.85714285714286,1.875,2.57142857142857,2.5,1,2,2,2,2,2,"Out","Out","outgroup","outgroup",1,0,1,1,0,1,"Out","Out","Out",1,0,1,0,1,0,1,0,1,"Observer__J_Out__C_Out__V_Out",0,4,-4,"Ing_x_Ing","Ing_x_Ing__Observer","Ing_x_Ing__Reject","Ing_x_Ing__Observer__Reject",0,0,0,0,1,0,"Observer__J_Out__C_Out__V_Out__Reject","Observer__J_Out__C_Out__V_Out__Reject",0,0,0,0,0,0,0,0,0,0,0,0,0,0,0,0,0,0,0,0,0,0,1,0,0,0,0
245,6,1,"victim",0,23,3,2,1,1,0,2,TRUE,2.42857142857143,2.85714285714286,1.875,2.57142857142857,2.5,1,1,1,1,1,1,"In","In","ingroup","ingroup",0,0,0,1,0,0,"In","In",,0,0,0,0,0,0,0,0,0,"Victim__J_In__C_In",0,6,-6,"Hum_x_Hum","Hum_x_Hum__Victim","Hum_x_Hum__Reject","Hum_x_Hum__Victim__Reject",1,0,0,0,0,0,"Victim__J_In__C_In__Reject","Victim__J_In__C_In__Reject",1,0,0,0,0,0,0,0,0,0,0,0,0,0,0,0,0,0,0,0,0,0,0,0,0,0,0
245,6,2,"victim",0,23,3,2,1,1,0,2,TRUE,2.42857142857143,2.85714285714286,1.875,2.57142857142857,2.5,1,1,1,1,1,1,"In","In","ingroup","ingroup",0,0,0,1,0,0,"In","In",,0,0,0,0,0,0,0,0,0,"Victim__J_In__C_In",0,6,-6,"Hum_x_Hum","Hum_x_Hum__Victim","Hum_x_Hum__Reject","Hum_x_Hum__Victim__Reject",1,0,0,0,0,0,"Victim__J_In__C_In__Reject","Victim__J_In__C_In__Reject",1,0,0,0,0,0,0,0,0,0,0,0,0,0,0,0,0,0,0,0,0,0,0,0,0,0,0
245,7,1,"victim",0,23,3,2,1,1,0,2,TRUE,2.42857142857143,2.85714285714286,1.875,2.57142857142857,2.5,1,1,2,1,2,1,"In","Out","ingroup","outgroup",0,0,0,1,1,1,"In","Out",,0,0,1,0,0,0,1,0,0,"Victim__J_In__C_Out",0,-5,5,"Hum_x_Hum","Hum_x_Hum__Victim","Hum_x_Hum__Accept","Hum_x_Hum__Victim__Accept",1,0,0,0,0,0,"Victim__J_In__C_Out__Accept","Victim__J_In__C_Out__Accept",0,0,0,1,0,0,0,0,0,0,0,0,0,0,0,0,0,0,0,0,0,0,0,0,0,0,0
245,7,2,"victim",0,23,3,2,1,1,0,2,TRUE,2.42857142857143,2.85714285714286,1.875,2.57142857142857,2.5,1,1,2,2,1,1,"In","Out","outgroup","ingroup",1,0,0,0,1,1,"Out","In",,0,0,1,0,1,0,0,0,0,"Victim__J_Out__C_In",0,4,-4,"Hum_x_Ing","Hum_x_Ing__Victim","Hum_x_Ing__Accept","Hum_x_Ing__Victim__Accept",0,1,0,0,0,0,"Victim__J_Out__C_In__Accept","Victim__J_Out__C_In__Accept",0,1,0,0,0,0,0,0,0,0,0,0,0,0,0,0,0,0,0,0,0,0,0,0,0,0,0
245,9,1,"victim",0,23,3,2,1,1,0,2,TRUE,2.42857142857143,2.85714285714286,1.875,2.57142857142857,2.5,1,2,1,2,1,1,"Out","In","outgroup","ingroup",1,0,0,0,1,1,"Out","In",,1,0,0,0,1,0,0,0,0,"Victim__J_Out__C_In",0,3,-3,"Hum_x_Ing","Hum_x_Ing__Victim","Hum_x_Ing__Accept","Hum_x_Ing__Victim__Accept",0,1,0,0,0,0,"Victim__J_Out__C_In__Accept","Victim__J_Out__C_In__Accept",0,1,0,0,0,0,0,0,0,0,0,0,0,0,0,0,0,0,0,0,0,0,0,0,0,0,0
245,9,2,"victim",0,23,3,2,1,1,0,2,TRUE,2.42857142857143,2.85714285714286,1.875,2.57142857142857,2.5,1,2,1,1,2,1,"Out","In","ingroup","outgroup",0,0,0,1,1,1,"In","Out",,1,0,0,0,0,0,1,0,0,"Victim__J_In__C_Out",0,-4,4,"Hum_x_Hum","Hum_x_Hum__Victim","Hum_x_Hum__Accept","Hum_x_Hum__Victim__Accept",1,0,0,0,0,0,"Victim__J_In__C_Out__Accept","Victim__J_In__C_Out__Accept",0,0,0,1,0,0,0,0,0,0,0,0,0,0,0,0,0,0,0,0,0,0,0,0,0,0,0
246,1,1,"victim",0,21,1,2,1,1,0,1,TRUE,1.28571428571429,2,0.875,1.71428571428571,0.5,1,1,1,1,1,1,"In","In","ingroup","ingroup",0,0,0,1,1,0,"In","In",,0,0,0,0,0,0,0,0,0,"Victim__J_In__C_In",0,4,-4,"Hum_x_Hum","Hum_x_Hum__Victim","Hum_x_Hum__Accept","Hum_x_Hum__Victim__Accept",1,0,0,0,0,0,"Victim__J_In__C_In__Accept","Victim__J_In__C_In__Accept",1,0,0,0,0,0,0,0,0,0,0,0,0,0,0,0,0,0,0,0,0,0,0,0,0,0,0
246,1,2,"victim",0,21,1,2,1,1,0,1,TRUE,1.28571428571429,2,0.875,1.71428571428571,0.5,1,1,1,1,1,1,"In","In","ingroup","ingroup",0,0,0,1,0,1,"In","In",,0,0,0,0,0,0,0,0,0,"Victim__J_In__C_In",0,4,-4,"Hum_x_Hum","Hum_x_Hum__Victim","Hum_x_Hum__Reject","Hum_x_Hum__Victim__Reject",1,0,0,0,0,0,"Victim__J_In__C_In__Reject","Victim__J_In__C_In__Reject",1,0,0,0,0,0,0,0,0,0,0,0,0,0,0,0,0,0,0,0,0,0,0,0,0,0,0
246,4,1,"victim",0,21,1,2,1,1,0,1,TRUE,1.28571428571429,2,0.875,1.71428571428571,0.5,1,2,1,2,1,1,"Out","In","outgroup","ingroup",1,0,0,0,0,0,"Out","In",,1,0,0,0,1,0,0,0,0,"Victim__J_Out__C_In",0,7,-7,"Hum_x_Ing","Hum_x_Ing__Victim","Hum_x_Ing__Reject","Hum_x_Ing__Victim__Reject",0,1,0,0,0,0,"Victim__J_Out__C_In__Reject","Victim__J_Out__C_In__Reject",0,1,0,0,0,0,0,0,0,0,0,0,0,0,0,0,0,0,0,0,0,0,0,0,0,0,0
246,4,2,"victim",0,21,1,2,1,1,0,1,TRUE,1.28571428571429,2,0.875,1.71428571428571,0.5,1,2,1,1,2,1,"Out","In","ingroup","outgroup",0,0,0,1,0,0,"In","Out",,1,0,0,0,0,0,1,0,0,"Victim__J_In__C_Out",0,7,-7,"Hum_x_Hum","Hum_x_Hum__Victim","Hum_x_Hum__Reject","Hum_x_Hum__Victim__Reject",1,0,0,0,0,0,"Victim__J_In__C_Out__Reject","Victim__J_In__C_Out__Reject",0,0,0,1,0,0,0,0,0,0,0,0,0,0,0,0,0,0,0,0,0,0,0,0,0,0,0
246,5,1,"victim",0,21,1,2,1,1,0,1,TRUE,1.28571428571429,2,0.875,1.71428571428571,0.5,1,1,1,1,1,1,"In","In","ingroup","ingroup",0,0,0,1,1,0,"In","In",,0,0,0,0,0,0,0,0,0,"Victim__J_In__C_In",0,-3,3,"Hum_x_Hum","Hum_x_Hum__Victim","Hum_x_Hum__Accept","Hum_x_Hum__Victim__Accept",1,0,0,0,0,0,"Victim__J_In__C_In__Accept","Victim__J_In__C_In__Accept",1,0,0,0,0,0,0,0,0,0,0,0,0,0,0,0,0,0,0,0,0,0,0,0,0,0,0
246,5,2,"victim",0,21,1,2,1,1,0,1,TRUE,1.28571428571429,2,0.875,1.71428571428571,0.5,1,1,1,1,1,1,"In","In","ingroup","ingroup",0,0,0,1,0,1,"In","In",,0,0,0,0,0,0,0,0,0,"Victim__J_In__C_In",0,-3,3,"Hum_x_Hum","Hum_x_Hum__Victim","Hum_x_Hum__Reject","Hum_x_Hum__Victim__Reject",1,0,0,0,0,0,"Victim__J_In__C_In__Reject","Victim__J_In__C_In__Reject",1,0,0,0,0,0,0,0,0,0,0,0,0,0,0,0,0,0,0,0,0,0,0,0,0,0,0
246,8,1,"observer",1,21,1,2,1,1,0,1,TRUE,1.28571428571429,2,0.875,1.71428571428571,0.5,1,2,2,2,2,2,"Out","Out","outgroup","outgroup",1,0,1,1,1,1,"Out","Out","Out",1,0,1,0,1,0,1,0,1,"Observer__J_Out__C_Out__V_Out",0,-3,3,"Ing_x_Ing","Ing_x_Ing__Observer","Ing_x_Ing__Accept","Ing_x_Ing__Observer__Accept",0,0,0,0,1,0,"Observer__J_Out__C_Out__V_Out__Accept","Observer__J_Out__C_Out__V_Out__Accept",0,0,0,0,0,0,0,0,0,0,0,0,0,0,0,0,0,0,0,0,0,0,1,0,0,0,0
246,8,2,"observer",1,21,1,2,1,1,0,1,TRUE,1.28571428571429,2,0.875,1.71428571428571,0.5,1,2,2,2,2,2,"Out","Out","outgroup","outgroup",1,0,1,1,1,1,"Out","Out","Out",1,0,1,0,1,0,1,0,1,"Observer__J_Out__C_Out__V_Out",0,-3,3,"Ing_x_Ing","Ing_x_Ing__Observer","Ing_x_Ing__Accept","Ing_x_Ing__Observer__Accept",0,0,0,0,1,0,"Observer__J_Out__C_Out__V_Out__Accept","Observer__J_Out__C_Out__V_Out__Accept",0,0,0,0,0,0,0,0,0,0,0,0,0,0,0,0,0,0,0,0,0,0,1,0,0,0,0
247,1,1,"victim",0,23,1,1,0,2,1,1,TRUE,2.57142857142857,2.42857142857143,1.875,3.42857142857143,2.66666666666667,2,1,1,1,1,2,"Out","Out","outgroup","outgroup",1,0,0,0,1,1,"Out","Out",,1,0,1,0,1,0,1,0,0,"Victim__J_Out__C_Out",0,9,-9,"Ing_x_Hum","Ing_x_Hum__Victim","Ing_x_Hum__Accept","Ing_x_Hum__Victim__Accept",0,0,0,1,0,0,"Victim__J_Out__C_Out__Accept","Victim__J_Out__C_Out__Accept",0,0,0,0,1,0,0,0,0,0,0,0,0,0,0,0,0,0,0,0,0,0,0,0,0,0,0
247,1,2,"victim",0,23,1,1,0,2,1,1,TRUE,2.57142857142857,2.42857142857143,1.875,3.42857142857143,2.66666666666667,2,1,1,1,1,2,"Out","Out","outgroup","outgroup",1,0,0,0,1,1,"Out","Out",,1,0,1,0,1,0,1,0,0,"Victim__J_Out__C_Out",0,9,-9,"Ing_x_Hum","Ing_x_Hum__Victim","Ing_x_Hum__Accept","Ing_x_Hum__Victim__Accept",0,0,0,1,0,0,"Victim__J_Out__C_Out__Accept","Victim__J_Out__C_Out__Accept",0,0,0,0,1,0,0,0,0,0,0,0,0,0,0,0,0,0,0,0,0,0,0,0,0,0,0
247,2,1,"victim",0,23,1,1,0,2,1,1,TRUE,2.57142857142857,2.42857142857143,1.875,3.42857142857143,2.66666666666667,2,2,2,2,2,2,"In","In","ingroup","ingroup",0,0,0,1,0,0,"In","In",,0,0,0,0,0,0,0,0,0,"Victim__J_In__C_In",0,0,0,"Ing_x_Ing","Ing_x_Ing__Victim","Ing_x_Ing__Reject","Ing_x_Ing__Victim__Reject",0,0,0,0,1,0,"Victim__J_In__C_In__Reject","Victim__J_In__C_In__Reject",1,0,0,0,0,0,0,0,0,0,0,0,0,0,0,0,0,0,0,0,0,0,0,0,0,0,0
247,2,2,"victim",0,23,1,1,0,2,1,1,TRUE,2.57142857142857,2.42857142857143,1.875,3.42857142857143,2.66666666666667,2,2,2,2,2,2,"In","In","ingroup","ingroup",0,0,0,1,0,0,"In","In",,0,0,0,0,0,0,0,0,0,"Victim__J_In__C_In",0,0,0,"Ing_x_Ing","Ing_x_Ing__Victim","Ing_x_Ing__Reject","Ing_x_Ing__Victim__Reject",0,0,0,0,1,0,"Victim__J_In__C_In__Reject","Victim__J_In__C_In__Reject",1,0,0,0,0,0,0,0,0,0,0,0,0,0,0,0,0,0,0,0,0,0,0,0,0,0,0
247,6,1,"observer",1,23,1,1,0,2,1,1,TRUE,2.57142857142857,2.42857142857143,1.875,3.42857142857143,2.66666666666667,2,2,1,2,1,1,"In","Out","ingroup","outgroup",0,0,1,0,0,1,"In","Out","Out",0,0,1,0,0,0,1,0,1,"Observer__J_In__C_Out__V_Out",0,0,0,"Hum_x_Ing","Hum_x_Ing__Observer","Hum_x_Ing__Reject","Hum_x_Ing__Observer__Reject",0,1,0,0,0,0,"Observer__J_In__C_Out__V_Out__Reject","Observer__J_In__C_Out__V_Out__Reject",0,0,0,0,0,0,0,0,0,0,0,0,0,0,0,0,0,0,0,0,0,1,0,0,0,0,0
247,6,2,"observer",1,23,1,1,0,2,1,1,TRUE,2.57142857142857,2.42857142857143,1.875,3.42857142857143,2.66666666666667,2,2,1,1,2,1,"In","Out","outgroup","ingroup",1,0,1,1,1,0,"Out","In","Out",0,0,1,0,1,0,0,0,1,"Observer__J_Out__C_In__V_Out",0,0,0,"Hum_x_Hum","Hum_x_Hum__Observer","Hum_x_Hum__Accept","Hum_x_Hum__Observer__Accept",1,0,0,0,0,0,"Observer__J_Out__C_In__V_Out__Accept","Observer__J_Out__C_In__V_Out__Accept",0,0,0,0,0,0,0,0,0,0,0,0,0,0,0,0,0,0,0,1,0,0,0,0,0,0,0
247,10,1,"observer",1,23,1,1,0,2,1,1,TRUE,2.57142857142857,2.42857142857143,1.875,3.42857142857143,2.66666666666667,2,2,2,2,2,2,"In","In","ingroup","ingroup",0,0,0,1,0,0,"In","In","In",0,0,0,0,0,0,0,0,0,"Observer__J_In__C_In__V_In",0,0,0,"Ing_x_Ing","Ing_x_Ing__Observer","Ing_x_Ing__Reject","Ing_x_Ing__Observer__Reject",0,0,0,0,1,0,"Observer__J_In__C_In__V_In__Reject","Observer__J_In__C_In__V_In__Reject",0,0,0,0,0,0,0,0,0,1,0,0,0,0,0,0,0,0,0,0,0,0,0,0,0,0,0
247,10,2,"observer",1,23,1,1,0,2,1,1,TRUE,2.57142857142857,2.42857142857143,1.875,3.42857142857143,2.66666666666667,2,2,2,2,2,2,"In","In","ingroup","ingroup",0,0,0,1,0,0,"In","In","In",0,0,0,0,0,0,0,0,0,"Observer__J_In__C_In__V_In",0,0,0,"Ing_x_Ing","Ing_x_Ing__Observer","Ing_x_Ing__Reject","Ing_x_Ing__Observer__Reject",0,0,0,0,1,0,"Observer__J_In__C_In__V_In__Reject","Observer__J_In__C_In__V_In__Reject",0,0,0,0,0,0,0,0,0,1,0,0,0,0,0,0,0,0,0,0,0,0,0,0,0,0,0
248,2,1,"victim",0,20,2,1,0,1,0,1,TRUE,2.92857142857143,2.57142857142857,3.125,3.57142857142857,2.33333333333333,1,1,1,1,1,1,"In","In","ingroup","ingroup",0,0,0,1,0,0,"In","In",,0,0,0,0,0,0,0,0,0,"Victim__J_In__C_In",0,9,-9,"Hum_x_Hum","Hum_x_Hum__Victim","Hum_x_Hum__Reject","Hum_x_Hum__Victim__Reject",1,0,0,0,0,0,"Victim__J_In__C_In__Reject","Victim__J_In__C_In__Reject",1,0,0,0,0,0,0,0,0,0,0,0,0,0,0,0,0,0,0,0,0,0,0,0,0,0,0
248,2,2,"victim",0,20,2,1,0,1,0,1,TRUE,2.92857142857143,2.57142857142857,3.125,3.57142857142857,2.33333333333333,1,1,1,1,1,1,"In","In","ingroup","ingroup",0,0,0,1,0,0,"In","In",,0,0,0,0,0,0,0,0,0,"Victim__J_In__C_In",0,9,-9,"Hum_x_Hum","Hum_x_Hum__Victim","Hum_x_Hum__Reject","Hum_x_Hum__Victim__Reject",1,0,0,0,0,0,"Victim__J_In__C_In__Reject","Victim__J_In__C_In__Reject",1,0,0,0,0,0,0,0,0,0,0,0,0,0,0,0,0,0,0,0,0,0,0,0,0,0,0
248,3,1,"victim",0,20,2,1,0,1,0,1,TRUE,2.92857142857143,2.57142857142857,3.125,3.57142857142857,2.33333333333333,1,1,1,1,1,1,"In","In","ingroup","ingroup",0,0,0,1,1,1,"In","In",,0,0,0,0,0,0,0,0,0,"Victim__J_In__C_In",0,5,-5,"Hum_x_Hum","Hum_x_Hum__Victim","Hum_x_Hum__Accept","Hum_x_Hum__Victim__Accept",1,0,0,0,0,0,"Victim__J_In__C_In__Accept","Victim__J_In__C_In__Accept",1,0,0,0,0,0,0,0,0,0,0,0,0,0,0,0,0,0,0,0,0,0,0,0,0,0,0
248,3,2,"victim",0,20,2,1,0,1,0,1,TRUE,2.92857142857143,2.57142857142857,3.125,3.57142857142857,2.33333333333333,1,1,1,1,1,1,"In","In","ingroup","ingroup",0,0,0,1,1,1,"In","In",,0,0,0,0,0,0,0,0,0,"Victim__J_In__C_In",0,5,-5,"Hum_x_Hum","Hum_x_Hum__Victim","Hum_x_Hum__Accept","Hum_x_Hum__Victim__Accept",1,0,0,0,0,0,"Victim__J_In__C_In__Accept","Victim__J_In__C_In__Accept",1,0,0,0,0,0,0,0,0,0,0,0,0,0,0,0,0,0,0,0,0,0,0,0,0,0,0
248,4,1,"victim",0,20,2,1,0,1,0,1,TRUE,2.92857142857143,2.57142857142857,3.125,3.57142857142857,2.33333333333333,1,2,1,2,1,1,"Out","In","outgroup","ingroup",1,0,0,0,0,1,"Out","In",,1,0,0,0,1,0,0,0,0,"Victim__J_Out__C_In",0,9,-9,"Hum_x_Ing","Hum_x_Ing__Victim","Hum_x_Ing__Reject","Hum_x_Ing__Victim__Reject",0,1,0,0,0,0,"Victim__J_Out__C_In__Reject","Victim__J_Out__C_In__Reject",0,1,0,0,0,0,0,0,0,0,0,0,0,0,0,0,0,0,0,0,0,0,0,0,0,0,0
248,4,2,"victim",0,20,2,1,0,1,0,1,TRUE,2.92857142857143,2.57142857142857,3.125,3.57142857142857,2.33333333333333,1,2,1,1,2,1,"Out","In","ingroup","outgroup",0,0,0,1,1,0,"In","Out",,1,0,0,0,0,0,1,0,0,"Victim__J_In__C_Out",0,2,-2,"Hum_x_Hum","Hum_x_Hum__Victim","Hum_x_Hum__Accept","Hum_x_Hum__Victim__Accept",1,0,0,0,0,0,"Victim__J_In__C_Out__Accept","Victim__J_In__C_Out__Accept",0,0,0,1,0,0,0,0,0,0,0,0,0,0,0,0,0,0,0,0,0,0,0,0,0,0,0
248,5,1,"victim",0,20,2,1,0,1,0,1,TRUE,2.92857142857143,2.57142857142857,3.125,3.57142857142857,2.33333333333333,1,1,1,1,1,1,"In","In","ingroup","ingroup",0,0,0,1,0,1,"In","In",,0,0,0,0,0,0,0,0,0,"Victim__J_In__C_In",0,9,-9,"Hum_x_Hum","Hum_x_Hum__Victim","Hum_x_Hum__Reject","Hum_x_Hum__Victim__Reject",1,0,0,0,0,0,"Victim__J_In__C_In__Reject","Victim__J_In__C_In__Reject",1,0,0,0,0,0,0,0,0,0,0,0,0,0,0,0,0,0,0,0,0,0,0,0,0,0,0
248,5,2,"victim",0,20,2,1,0,1,0,1,TRUE,2.92857142857143,2.57142857142857,3.125,3.57142857142857,2.33333333333333,1,1,1,1,1,1,"In","In","ingroup","ingroup",0,0,0,1,1,0,"In","In",,0,0,0,0,0,0,0,0,0,"Victim__J_In__C_In",0,2,-2,"Hum_x_Hum","Hum_x_Hum__Victim","Hum_x_Hum__Accept","Hum_x_Hum__Victim__Accept",1,0,0,0,0,0,"Victim__J_In__C_In__Accept","Victim__J_In__C_In__Accept",1,0,0,0,0,0,0,0,0,0,0,0,0,0,0,0,0,0,0,0,0,0,0,0,0,0,0
248,7,1,"observer",1,20,2,1,0,1,0,1,TRUE,2.92857142857143,2.57142857142857,3.125,3.57142857142857,2.33333333333333,1,2,2,2,2,1,"Out","Out","outgroup","outgroup",1,0,0,0,1,1,"Out","Out","In",1,0,1,0,1,0,1,0,0,"Observer__J_Out__C_Out__V_In",0,2,-2,"Hum_x_Ing","Hum_x_Ing__Observer","Hum_x_Ing__Accept","Hum_x_Ing__Observer__Accept",0,1,0,0,0,0,"Observer__J_Out__C_Out__V_In__Accept","Observer__J_Out__C_Out__V_In__Accept",0,0,0,0,0,0,0,0,0,0,0,0,0,1,0,0,0,0,0,0,0,0,0,0,0,0,0
248,7,2,"observer",1,20,2,1,0,1,0,1,TRUE,2.92857142857143,2.57142857142857,3.125,3.57142857142857,2.33333333333333,1,2,2,2,2,1,"Out","Out","outgroup","outgroup",1,0,0,0,1,1,"Out","Out","In",1,0,1,0,1,0,1,0,0,"Observer__J_Out__C_Out__V_In",0,2,-2,"Hum_x_Ing","Hum_x_Ing__Observer","Hum_x_Ing__Accept","Hum_x_Ing__Observer__Accept",0,1,0,0,0,0,"Observer__J_Out__C_Out__V_In__Accept","Observer__J_Out__C_Out__V_In__Accept",0,0,0,0,0,0,0,0,0,0,0,0,0,1,0,0,0,0,0,0,0,0,0,0,0,0,0
248,8,1,"observer",1,20,2,1,0,1,0,1,TRUE,2.92857142857143,2.57142857142857,3.125,3.57142857142857,2.33333333333333,1,2,1,2,1,2,"Out","In","outgroup","ingroup",1,0,1,1,1,1,"Out","In","Out",1,0,0,0,1,0,0,0,1,"Observer__J_Out__C_In__V_Out",0,-2,2,"Ing_x_Ing","Ing_x_Ing__Observer","Ing_x_Ing__Accept","Ing_x_Ing__Observer__Accept",0,0,0,0,1,0,"Observer__J_Out__C_In__V_Out__Accept","Observer__J_Out__C_In__V_Out__Accept",0,0,0,0,0,0,0,0,0,0,0,0,0,0,0,0,0,0,0,1,0,0,0,0,0,0,0
248,8,2,"observer",1,20,2,1,0,1,0,1,TRUE,2.92857142857143,2.57142857142857,3.125,3.57142857142857,2.33333333333333,1,2,1,1,2,2,"Out","In","ingroup","outgroup",0,0,1,0,1,1,"In","Out","Out",1,0,0,0,0,0,1,0,1,"Observer__J_In__C_Out__V_Out",0,-2,2,"Ing_x_Hum","Ing_x_Hum__Observer","Ing_x_Hum__Accept","Ing_x_Hum__Observer__Accept",0,0,0,1,0,0,"Observer__J_In__C_Out__V_Out__Accept","Observer__J_In__C_Out__V_Out__Accept",0,0,0,0,0,0,0,0,0,0,0,0,0,0,0,0,0,0,0,0,0,1,0,0,0,0,0
248,10,1,"observer",1,20,2,1,0,1,0,1,TRUE,2.92857142857143,2.57142857142857,3.125,3.57142857142857,2.33333333333333,1,1,2,1,2,1,"In","Out","ingroup","outgroup",0,0,0,1,1,1,"In","Out","In",0,0,1,0,0,0,1,0,0,"Observer__J_In__C_Out__V_In",0,-1,1,"Hum_x_Hum","Hum_x_Hum__Observer","Hum_x_Hum__Accept","Hum_x_Hum__Observer__Accept",1,0,0,0,0,0,"Observer__J_In__C_Out__V_In__Accept","Observer__J_In__C_Out__V_In__Accept",0,0,0,0,0,0,0,0,0,0,0,0,1,0,0,0,0,0,0,0,0,0,0,0,0,0,0
248,10,2,"observer",1,20,2,1,0,1,0,1,TRUE,2.92857142857143,2.57142857142857,3.125,3.57142857142857,2.33333333333333,1,1,2,2,1,1,"In","Out","outgroup","ingroup",1,0,0,0,1,1,"Out","In","In",0,0,1,0,1,0,0,0,0,"Observer__J_Out__C_In__V_In",0,-1,1,"Hum_x_Ing","Hum_x_Ing__Observer","Hum_x_Ing__Accept","Hum_x_Ing__Observer__Accept",0,1,0,0,0,0,"Observer__J_Out__C_In__V_In__Accept","Observer__J_Out__C_In__V_In__Accept",0,0,0,0,0,0,0,0,0,0,1,0,0,0,0,0,0,0,0,0,0,0,0,0,0,0,0
249,4,1,"victim",0,21,2,1,0,1,0,1,TRUE,2.21428571428571,2.14285714285714,2.125,3,1.5,1,2,1,2,1,1,"Out","In","outgroup","ingroup",1,0,0,0,1,0,"Out","In",,1,0,0,0,1,0,0,0,0,"Victim__J_Out__C_In",0,-5,5,"Hum_x_Ing","Hum_x_Ing__Victim","Hum_x_Ing__Accept","Hum_x_Ing__Victim__Accept",0,1,0,0,0,0,"Victim__J_Out__C_In__Accept","Victim__J_Out__C_In__Accept",0,1,0,0,0,0,0,0,0,0,0,0,0,0,0,0,0,0,0,0,0,0,0,0,0,0,0
249,4,2,"victim",0,21,2,1,0,1,0,1,TRUE,2.21428571428571,2.14285714285714,2.125,3,1.5,1,2,1,1,2,1,"Out","In","ingroup","outgroup",0,0,0,1,0,1,"In","Out",,1,0,0,0,0,0,1,0,0,"Victim__J_In__C_Out",0,3,-3,"Hum_x_Hum","Hum_x_Hum__Victim","Hum_x_Hum__Reject","Hum_x_Hum__Victim__Reject",1,0,0,0,0,0,"Victim__J_In__C_Out__Reject","Victim__J_In__C_Out__Reject",0,0,0,1,0,0,0,0,0,0,0,0,0,0,0,0,0,0,0,0,0,0,0,0,0,0,0
249,6,1,"observer",1,21,2,1,0,1,0,1,TRUE,2.21428571428571,2.14285714285714,2.125,3,1.5,1,1,2,1,2,2,"In","Out","ingroup","outgroup",0,0,1,0,1,1,"In","Out","Out",0,0,1,0,0,0,1,0,1,"Observer__J_In__C_Out__V_Out",0,-2,2,"Ing_x_Hum","Ing_x_Hum__Observer","Ing_x_Hum__Accept","Ing_x_Hum__Observer__Accept",0,0,0,1,0,0,"Observer__J_In__C_Out__V_Out__Accept","Observer__J_In__C_Out__V_Out__Accept",0,0,0,0,0,0,0,0,0,0,0,0,0,0,0,0,0,0,0,0,0,1,0,0,0,0,0
249,6,2,"observer",1,21,2,1,0,1,0,1,TRUE,2.21428571428571,2.14285714285714,2.125,3,1.5,1,1,2,2,1,2,"In","Out","outgroup","ingroup",1,0,1,1,1,1,"Out","In","Out",0,0,1,0,1,0,0,0,1,"Observer__J_Out__C_In__V_Out",0,-2,2,"Ing_x_Ing","Ing_x_Ing__Observer","Ing_x_Ing__Accept","Ing_x_Ing__Observer__Accept",0,0,0,0,1,0,"Observer__J_Out__C_In__V_Out__Accept","Observer__J_Out__C_In__V_Out__Accept",0,0,0,0,0,0,0,0,0,0,0,0,0,0,0,0,0,0,0,1,0,0,0,0,0,0,0
249,8,1,"observer",1,21,2,1,0,1,0,1,TRUE,2.21428571428571,2.14285714285714,2.125,3,1.5,1,1,2,1,2,1,"In","Out","ingroup","outgroup",0,0,0,1,1,1,"In","Out","In",0,0,1,0,0,0,1,0,0,"Observer__J_In__C_Out__V_In",0,-3,3,"Hum_x_Hum","Hum_x_Hum__Observer","Hum_x_Hum__Accept","Hum_x_Hum__Observer__Accept",1,0,0,0,0,0,"Observer__J_In__C_Out__V_In__Accept","Observer__J_In__C_Out__V_In__Accept",0,0,0,0,0,0,0,0,0,0,0,0,1,0,0,0,0,0,0,0,0,0,0,0,0,0,0
249,8,2,"observer",1,21,2,1,0,1,0,1,TRUE,2.21428571428571,2.14285714285714,2.125,3,1.5,1,1,2,2,1,1,"In","Out","outgroup","ingroup",1,0,0,0,1,1,"Out","In","In",0,0,1,0,1,0,0,0,0,"Observer__J_Out__C_In__V_In",0,-3,3,"Hum_x_Ing","Hum_x_Ing__Observer","Hum_x_Ing__Accept","Hum_x_Ing__Observer__Accept",0,1,0,0,0,0,"Observer__J_Out__C_In__V_In__Accept","Observer__J_Out__C_In__V_In__Accept",0,0,0,0,0,0,0,0,0,0,1,0,0,0,0,0,0,0,0,0,0,0,0,0,0,0,0
249,9,1,"observer",1,21,2,1,0,1,0,1,TRUE,2.21428571428571,2.14285714285714,2.125,3,1.5,1,2,1,2,1,2,"Out","In","outgroup","ingroup",1,0,1,1,0,1,"Out","In","Out",1,0,0,0,1,0,0,0,1,"Observer__J_Out__C_In__V_Out",0,4,-4,"Ing_x_Ing","Ing_x_Ing__Observer","Ing_x_Ing__Reject","Ing_x_Ing__Observer__Reject",0,0,0,0,1,0,"Observer__J_Out__C_In__V_Out__Reject","Observer__J_Out__C_In__V_Out__Reject",0,0,0,0,0,0,0,0,0,0,0,0,0,0,0,0,0,0,0,1,0,0,0,0,0,0,0
249,9,2,"observer",1,21,2,1,0,1,0,1,TRUE,2.21428571428571,2.14285714285714,2.125,3,1.5,1,2,1,1,2,2,"Out","In","ingroup","outgroup",0,0,1,0,1,0,"In","Out","Out",1,0,0,0,0,0,1,0,1,"Observer__J_In__C_Out__V_Out",0,-3,3,"Ing_x_Hum","Ing_x_Hum__Observer","Ing_x_Hum__Accept","Ing_x_Hum__Observer__Accept",0,0,0,1,0,0,"Observer__J_In__C_Out__V_Out__Accept","Observer__J_In__C_Out__V_Out__Accept",0,0,0,0,0,0,0,0,0,0,0,0,0,0,0,0,0,0,0,0,0,1,0,0,0,0,0
250,2,1,"observer",1,21,3,1,0,1,0,2,TRUE,2.10714285714286,1.71428571428571,2.25,2.71428571428571,1.66666666666667,1,2,2,2,2,2,"Out","Out","outgroup","outgroup",1,0,1,1,1,0,"Out","Out","Out",1,0,1,0,1,0,1,0,1,"Observer__J_Out__C_Out__V_Out",0,-3,3,"Ing_x_Ing","Ing_x_Ing__Observer","Ing_x_Ing__Accept","Ing_x_Ing__Observer__Accept",0,0,0,0,1,0,"Observer__J_Out__C_Out__V_Out__Accept","Observer__J_Out__C_Out__V_Out__Accept",0,0,0,0,0,0,0,0,0,0,0,0,0,0,0,0,0,0,0,0,0,0,1,0,0,0,0
250,2,2,"observer",1,21,3,1,0,1,0,2,TRUE,2.10714285714286,1.71428571428571,2.25,2.71428571428571,1.66666666666667,1,2,2,2,2,2,"Out","Out","outgroup","outgroup",1,0,1,1,0,1,"Out","Out","Out",1,0,1,0,1,0,1,0,1,"Observer__J_Out__C_Out__V_Out",0,9,-9,"Ing_x_Ing","Ing_x_Ing__Observer","Ing_x_Ing__Reject","Ing_x_Ing__Observer__Reject",0,0,0,0,1,0,"Observer__J_Out__C_Out__V_Out__Reject","Observer__J_Out__C_Out__V_Out__Reject",0,0,0,0,0,0,0,0,0,0,0,0,0,0,0,0,0,0,0,0,0,0,1,0,0,0,0
250,4,1,"observer",1,21,3,1,0,1,0,2,TRUE,2.10714285714286,1.71428571428571,2.25,2.71428571428571,1.66666666666667,1,2,2,2,2,2,"Out","Out","outgroup","outgroup",1,0,1,1,0,0,"Out","Out","Out",1,0,1,0,1,0,1,0,1,"Observer__J_Out__C_Out__V_Out",0,9,-9,"Ing_x_Ing","Ing_x_Ing__Observer","Ing_x_Ing__Reject","Ing_x_Ing__Observer__Reject",0,0,0,0,1,0,"Observer__J_Out__C_Out__V_Out__Reject","Observer__J_Out__C_Out__V_Out__Reject",0,0,0,0,0,0,0,0,0,0,0,0,0,0,0,0,0,0,0,0,0,0,1,0,0,0,0
250,4,2,"observer",1,21,3,1,0,1,0,2,TRUE,2.10714285714286,1.71428571428571,2.25,2.71428571428571,1.66666666666667,1,2,2,2,2,2,"Out","Out","outgroup","outgroup",1,0,1,1,0,0,"Out","Out","Out",1,0,1,0,1,0,1,0,1,"Observer__J_Out__C_Out__V_Out",0,9,-9,"Ing_x_Ing","Ing_x_Ing__Observer","Ing_x_Ing__Reject","Ing_x_Ing__Observer__Reject",0,0,0,0,1,0,"Observer__J_Out__C_Out__V_Out__Reject","Observer__J_Out__C_Out__V_Out__Reject",0,0,0,0,0,0,0,0,0,0,0,0,0,0,0,0,0,0,0,0,0,0,1,0,0,0,0
252,2,1,"observer",1,20,2,1,0,2,1,2,TRUE,2.21428571428571,1.42857142857143,3.125,1.42857142857143,2.83333333333333,2,2,1,2,1,2,"In","Out","ingroup","outgroup",0,0,0,1,0,1,"In","Out","In",0,0,1,0,0,0,1,0,0,"Observer__J_In__C_Out__V_In",0,9,-9,"Ing_x_Ing","Ing_x_Ing__Observer","Ing_x_Ing__Reject","Ing_x_Ing__Observer__Reject",0,0,0,0,1,0,"Observer__J_In__C_Out__V_In__Reject","Observer__J_In__C_Out__V_In__Reject",0,0,0,0,0,0,0,0,0,0,0,0,1,0,0,0,0,0,0,0,0,0,0,0,0,0,0
252,2,2,"observer",1,20,2,1,0,2,1,2,TRUE,2.21428571428571,1.42857142857143,3.125,1.42857142857143,2.83333333333333,2,2,1,1,2,2,"In","Out","outgroup","ingroup",1,0,0,0,1,0,"Out","In","In",0,0,1,0,1,0,0,0,0,"Observer__J_Out__C_In__V_In",0,-2,2,"Ing_x_Hum","Ing_x_Hum__Observer","Ing_x_Hum__Accept","Ing_x_Hum__Observer__Accept",0,0,0,1,0,0,"Observer__J_Out__C_In__V_In__Accept","Observer__J_Out__C_In__V_In__Accept",0,0,0,0,0,0,0,0,0,0,1,0,0,0,0,0,0,0,0,0,0,0,0,0,0,0,0
252,4,1,"observer",1,20,2,1,0,2,1,2,TRUE,2.21428571428571,1.42857142857143,3.125,1.42857142857143,2.83333333333333,2,1,2,1,2,1,"Out","In","outgroup","ingroup",1,0,1,1,1,0,"Out","In","Out",1,0,0,0,1,0,0,0,1,"Observer__J_Out__C_In__V_Out",0,-3,3,"Hum_x_Hum","Hum_x_Hum__Observer","Hum_x_Hum__Accept","Hum_x_Hum__Observer__Accept",1,0,0,0,0,0,"Observer__J_Out__C_In__V_Out__Accept","Observer__J_Out__C_In__V_Out__Accept",0,0,0,0,0,0,0,0,0,0,0,0,0,0,0,0,0,0,0,1,0,0,0,0,0,0,0
252,4,2,"observer",1,20,2,1,0,2,1,2,TRUE,2.21428571428571,1.42857142857143,3.125,1.42857142857143,2.83333333333333,2,1,2,2,1,1,"Out","In","ingroup","outgroup",0,0,1,0,0,1,"In","Out","Out",1,0,0,0,0,0,1,0,1,"Observer__J_In__C_Out__V_Out",0,7,-7,"Hum_x_Ing","Hum_x_Ing__Observer","Hum_x_Ing__Reject","Hum_x_Ing__Observer__Reject",0,1,0,0,0,0,"Observer__J_In__C_Out__V_Out__Reject","Observer__J_In__C_Out__V_Out__Reject",0,0,0,0,0,0,0,0,0,0,0,0,0,0,0,0,0,0,0,0,0,1,0,0,0,0,0
252,6,1,"victim",0,20,2,1,0,2,1,2,TRUE,2.21428571428571,1.42857142857143,3.125,1.42857142857143,2.83333333333333,2,1,2,1,2,2,"Out","In","outgroup","ingroup",1,0,0,0,1,1,"Out","In",,1,0,0,0,1,0,0,0,0,"Victim__J_Out__C_In",0,-5,5,"Ing_x_Hum","Ing_x_Hum__Victim","Ing_x_Hum__Accept","Ing_x_Hum__Victim__Accept",0,0,0,1,0,0,"Victim__J_Out__C_In__Accept","Victim__J_Out__C_In__Accept",0,1,0,0,0,0,0,0,0,0,0,0,0,0,0,0,0,0,0,0,0,0,0,0,0,0,0
252,6,2,"victim",0,20,2,1,0,2,1,2,TRUE,2.21428571428571,1.42857142857143,3.125,1.42857142857143,2.83333333333333,2,1,2,2,1,2,"Out","In","ingroup","outgroup",0,0,0,1,1,1,"In","Out",,1,0,0,0,0,0,1,0,0,"Victim__J_In__C_Out",0,-5,5,"Ing_x_Ing","Ing_x_Ing__Victim","Ing_x_Ing__Accept","Ing_x_Ing__Victim__Accept",0,0,0,0,1,0,"Victim__J_In__C_Out__Accept","Victim__J_In__C_Out__Accept",0,0,0,1,0,0,0,0,0,0,0,0,0,0,0,0,0,0,0,0,0,0,0,0,0,0,0
253,3,1,"victim",0,19,2,2,1,2,1,1,TRUE,2.25,1.85714285714286,2.5,2.85714285714286,1.66666666666667,2,2,2,2,2,2,"In","In","ingroup","ingroup",0,0,0,1,0,0,"In","In",,0,0,0,0,0,0,0,0,0,"Victim__J_In__C_In",0,9,-9,"Ing_x_Ing","Ing_x_Ing__Victim","Ing_x_Ing__Reject","Ing_x_Ing__Victim__Reject",0,0,0,0,1,0,"Victim__J_In__C_In__Reject","Victim__J_In__C_In__Reject",1,0,0,0,0,0,0,0,0,0,0,0,0,0,0,0,0,0,0,0,0,0,0,0,0,0,0
253,3,2,"victim",0,19,2,2,1,2,1,1,TRUE,2.25,1.85714285714286,2.5,2.85714285714286,1.66666666666667,2,2,2,2,2,2,"In","In","ingroup","ingroup",0,0,0,1,0,0,"In","In",,0,0,0,0,0,0,0,0,0,"Victim__J_In__C_In",0,9,-9,"Ing_x_Ing","Ing_x_Ing__Victim","Ing_x_Ing__Reject","Ing_x_Ing__Victim__Reject",0,0,0,0,1,0,"Victim__J_In__C_In__Reject","Victim__J_In__C_In__Reject",1,0,0,0,0,0,0,0,0,0,0,0,0,0,0,0,0,0,0,0,0,0,0,0,0,0,0
253,7,1,"observer",1,19,2,2,1,2,1,1,TRUE,2.25,1.85714285714286,2.5,2.85714285714286,1.66666666666667,2,1,2,1,2,1,"Out","In","outgroup","ingroup",1,0,1,1,0,1,"Out","In","Out",1,0,0,0,1,0,0,0,1,"Observer__J_Out__C_In__V_Out",0,9,-9,"Hum_x_Hum","Hum_x_Hum__Observer","Hum_x_Hum__Reject","Hum_x_Hum__Observer__Reject",1,0,0,0,0,0,"Observer__J_Out__C_In__V_Out__Reject","Observer__J_Out__C_In__V_Out__Reject",0,0,0,0,0,0,0,0,0,0,0,0,0,0,0,0,0,0,0,1,0,0,0,0,0,0,0
253,7,2,"observer",1,19,2,2,1,2,1,1,TRUE,2.25,1.85714285714286,2.5,2.85714285714286,1.66666666666667,2,1,2,2,1,1,"Out","In","ingroup","outgroup",0,0,1,0,1,0,"In","Out","Out",1,0,0,0,0,0,1,0,1,"Observer__J_In__C_Out__V_Out",0,-7,7,"Hum_x_Ing","Hum_x_Ing__Observer","Hum_x_Ing__Accept","Hum_x_Ing__Observer__Accept",0,1,0,0,0,0,"Observer__J_In__C_Out__V_Out__Accept","Observer__J_In__C_Out__V_Out__Accept",0,0,0,0,0,0,0,0,0,0,0,0,0,0,0,0,0,0,0,0,0,1,0,0,0,0,0
253,10,1,"observer",1,19,2,2,1,2,1,1,TRUE,2.25,1.85714285714286,2.5,2.85714285714286,1.66666666666667,2,1,1,1,1,1,"Out","Out","outgroup","outgroup",1,0,1,1,1,0,"Out","Out","Out",1,0,1,0,1,0,1,0,1,"Observer__J_Out__C_Out__V_Out",0,-7,7,"Hum_x_Hum","Hum_x_Hum__Observer","Hum_x_Hum__Accept","Hum_x_Hum__Observer__Accept",1,0,0,0,0,0,"Observer__J_Out__C_Out__V_Out__Accept","Observer__J_Out__C_Out__V_Out__Accept",0,0,0,0,0,0,0,0,0,0,0,0,0,0,0,0,0,0,0,0,0,0,1,0,0,0,0
253,10,2,"observer",1,19,2,2,1,2,1,1,TRUE,2.25,1.85714285714286,2.5,2.85714285714286,1.66666666666667,2,1,1,1,1,1,"Out","Out","outgroup","outgroup",1,0,1,1,0,1,"Out","Out","Out",1,0,1,0,1,0,1,0,1,"Observer__J_Out__C_Out__V_Out",0,9,-9,"Hum_x_Hum","Hum_x_Hum__Observer","Hum_x_Hum__Reject","Hum_x_Hum__Observer__Reject",1,0,0,0,0,0,"Observer__J_Out__C_Out__V_Out__Reject","Observer__J_Out__C_Out__V_Out__Reject",0,0,0,0,0,0,0,0,0,0,0,0,0,0,0,0,0,0,0,0,0,0,1,0,0,0,0
254,2,1,"victim",0,23,2,1,0,2,1,1,TRUE,1.35714285714286,0.714285714285714,1.25,1.71428571428571,1.83333333333333,2,1,2,1,2,2,"Out","In","outgroup","ingroup",1,0,0,0,1,1,"Out","In",,1,0,0,0,1,0,0,0,0,"Victim__J_Out__C_In",0,-5,5,"Ing_x_Hum","Ing_x_Hum__Victim","Ing_x_Hum__Accept","Ing_x_Hum__Victim__Accept",0,0,0,1,0,0,"Victim__J_Out__C_In__Accept","Victim__J_Out__C_In__Accept",0,1,0,0,0,0,0,0,0,0,0,0,0,0,0,0,0,0,0,0,0,0,0,0,0,0,0
254,2,2,"victim",0,23,2,1,0,2,1,1,TRUE,1.35714285714286,0.714285714285714,1.25,1.71428571428571,1.83333333333333,2,1,2,2,1,2,"Out","In","ingroup","outgroup",0,0,0,1,1,1,"In","Out",,1,0,0,0,0,0,1,0,0,"Victim__J_In__C_Out",0,-5,5,"Ing_x_Ing","Ing_x_Ing__Victim","Ing_x_Ing__Accept","Ing_x_Ing__Victim__Accept",0,0,0,0,1,0,"Victim__J_In__C_Out__Accept","Victim__J_In__C_Out__Accept",0,0,0,1,0,0,0,0,0,0,0,0,0,0,0,0,0,0,0,0,0,0,0,0,0,0,0
254,3,1,"victim",0,23,2,1,0,2,1,1,TRUE,1.35714285714286,0.714285714285714,1.25,1.71428571428571,1.83333333333333,2,2,2,2,2,2,"In","In","ingroup","ingroup",0,0,0,1,1,0,"In","In",,0,0,0,0,0,0,0,0,0,"Victim__J_In__C_In",0,-5,5,"Ing_x_Ing","Ing_x_Ing__Victim","Ing_x_Ing__Accept","Ing_x_Ing__Victim__Accept",0,0,0,0,1,0,"Victim__J_In__C_In__Accept","Victim__J_In__C_In__Accept",1,0,0,0,0,0,0,0,0,0,0,0,0,0,0,0,0,0,0,0,0,0,0,0,0,0,0
254,3,2,"victim",0,23,2,1,0,2,1,1,TRUE,1.35714285714286,0.714285714285714,1.25,1.71428571428571,1.83333333333333,2,2,2,2,2,2,"In","In","ingroup","ingroup",0,0,0,1,0,1,"In","In",,0,0,0,0,0,0,0,0,0,"Victim__J_In__C_In",0,5,-5,"Ing_x_Ing","Ing_x_Ing__Victim","Ing_x_Ing__Reject","Ing_x_Ing__Victim__Reject",0,0,0,0,1,0,"Victim__J_In__C_In__Reject","Victim__J_In__C_In__Reject",1,0,0,0,0,0,0,0,0,0,0,0,0,0,0,0,0,0,0,0,0,0,0,0,0,0,0
254,4,1,"victim",0,23,2,1,0,2,1,1,TRUE,1.35714285714286,0.714285714285714,1.25,1.71428571428571,1.83333333333333,2,2,1,2,1,2,"In","Out","ingroup","outgroup",0,0,0,1,0,1,"In","Out",,0,0,1,0,0,0,1,0,0,"Victim__J_In__C_Out",0,5,-5,"Ing_x_Ing","Ing_x_Ing__Victim","Ing_x_Ing__Reject","Ing_x_Ing__Victim__Reject",0,0,0,0,1,0,"Victim__J_In__C_Out__Reject","Victim__J_In__C_Out__Reject",0,0,0,1,0,0,0,0,0,0,0,0,0,0,0,0,0,0,0,0,0,0,0,0,0,0,0
254,4,2,"victim",0,23,2,1,0,2,1,1,TRUE,1.35714285714286,0.714285714285714,1.25,1.71428571428571,1.83333333333333,2,2,1,1,2,2,"In","Out","outgroup","ingroup",1,0,0,0,1,0,"Out","In",,0,0,1,0,1,0,0,0,0,"Victim__J_Out__C_In",0,-5,5,"Ing_x_Hum","Ing_x_Hum__Victim","Ing_x_Hum__Accept","Ing_x_Hum__Victim__Accept",0,0,0,1,0,0,"Victim__J_Out__C_In__Accept","Victim__J_Out__C_In__Accept",0,1,0,0,0,0,0,0,0,0,0,0,0,0,0,0,0,0,0,0,0,0,0,0,0,0,0
254,5,1,"victim",0,23,2,1,0,2,1,1,TRUE,1.35714285714286,0.714285714285714,1.25,1.71428571428571,1.83333333333333,2,2,2,2,2,2,"In","In","ingroup","ingroup",0,0,0,1,0,1,"In","In",,0,0,0,0,0,0,0,0,0,"Victim__J_In__C_In",0,5,-5,"Ing_x_Ing","Ing_x_Ing__Victim","Ing_x_Ing__Reject","Ing_x_Ing__Victim__Reject",0,0,0,0,1,0,"Victim__J_In__C_In__Reject","Victim__J_In__C_In__Reject",1,0,0,0,0,0,0,0,0,0,0,0,0,0,0,0,0,0,0,0,0,0,0,0,0,0,0
254,5,2,"victim",0,23,2,1,0,2,1,1,TRUE,1.35714285714286,0.714285714285714,1.25,1.71428571428571,1.83333333333333,2,2,2,2,2,2,"In","In","ingroup","ingroup",0,0,0,1,1,0,"In","In",,0,0,0,0,0,0,0,0,0,"Victim__J_In__C_In",0,-5,5,"Ing_x_Ing","Ing_x_Ing__Victim","Ing_x_Ing__Accept","Ing_x_Ing__Victim__Accept",0,0,0,0,1,0,"Victim__J_In__C_In__Accept","Victim__J_In__C_In__Accept",1,0,0,0,0,0,0,0,0,0,0,0,0,0,0,0,0,0,0,0,0,0,0,0,0,0,0
254,7,1,"observer",1,23,2,1,0,2,1,1,TRUE,1.35714285714286,0.714285714285714,1.25,1.71428571428571,1.83333333333333,2,2,2,2,2,1,"In","In","ingroup","ingroup",0,0,1,0,0,0,"In","In","Out",0,0,0,0,0,0,0,0,1,"Observer__J_In__C_In__V_Out",0,8,-8,"Hum_x_Ing","Hum_x_Ing__Observer","Hum_x_Ing__Reject","Hum_x_Ing__Observer__Reject",0,1,0,0,0,0,"Observer__J_In__C_In__V_Out__Reject","Observer__J_In__C_In__V_Out__Reject",0,0,0,0,0,0,0,0,0,0,0,0,0,0,0,0,0,0,1,0,0,0,0,0,0,0,0
254,7,2,"observer",1,23,2,1,0,2,1,1,TRUE,1.35714285714286,0.714285714285714,1.25,1.71428571428571,1.83333333333333,2,2,2,2,2,1,"In","In","ingroup","ingroup",0,0,1,0,0,0,"In","In","Out",0,0,0,0,0,0,0,0,1,"Observer__J_In__C_In__V_Out",0,8,-8,"Hum_x_Ing","Hum_x_Ing__Observer","Hum_x_Ing__Reject","Hum_x_Ing__Observer__Reject",0,1,0,0,0,0,"Observer__J_In__C_In__V_Out__Reject","Observer__J_In__C_In__V_Out__Reject",0,0,0,0,0,0,0,0,0,0,0,0,0,0,0,0,0,0,1,0,0,0,0,0,0,0,0
254,8,1,"observer",1,23,2,1,0,2,1,1,TRUE,1.35714285714286,0.714285714285714,1.25,1.71428571428571,1.83333333333333,2,2,1,2,1,1,"In","Out","ingroup","outgroup",0,0,1,0,0,0,"In","Out","Out",0,0,1,0,0,0,1,0,1,"Observer__J_In__C_Out__V_Out",0,8,-8,"Hum_x_Ing","Hum_x_Ing__Observer","Hum_x_Ing__Reject","Hum_x_Ing__Observer__Reject",0,1,0,0,0,0,"Observer__J_In__C_Out__V_Out__Reject","Observer__J_In__C_Out__V_Out__Reject",0,0,0,0,0,0,0,0,0,0,0,0,0,0,0,0,0,0,0,0,0,1,0,0,0,0,0
254,8,2,"observer",1,23,2,1,0,2,1,1,TRUE,1.35714285714286,0.714285714285714,1.25,1.71428571428571,1.83333333333333,2,2,1,1,2,1,"In","Out","outgroup","ingroup",1,0,1,1,0,0,"Out","In","Out",0,0,1,0,1,0,0,0,1,"Observer__J_Out__C_In__V_Out",0,8,-8,"Hum_x_Hum","Hum_x_Hum__Observer","Hum_x_Hum__Reject","Hum_x_Hum__Observer__Reject",1,0,0,0,0,0,"Observer__J_Out__C_In__V_Out__Reject","Observer__J_Out__C_In__V_Out__Reject",0,0,0,0,0,0,0,0,0,0,0,0,0,0,0,0,0,0,0,1,0,0,0,0,0,0,0
254,9,1,"observer",1,23,2,1,0,2,1,1,TRUE,1.35714285714286,0.714285714285714,1.25,1.71428571428571,1.83333333333333,2,1,2,1,2,1,"Out","In","outgroup","ingroup",1,0,1,1,1,0,"Out","In","Out",1,0,0,0,1,0,0,0,1,"Observer__J_Out__C_In__V_Out",0,-6,6,"Hum_x_Hum","Hum_x_Hum__Observer","Hum_x_Hum__Accept","Hum_x_Hum__Observer__Accept",1,0,0,0,0,0,"Observer__J_Out__C_In__V_Out__Accept","Observer__J_Out__C_In__V_Out__Accept",0,0,0,0,0,0,0,0,0,0,0,0,0,0,0,0,0,0,0,1,0,0,0,0,0,0,0
254,9,2,"observer",1,23,2,1,0,2,1,1,TRUE,1.35714285714286,0.714285714285714,1.25,1.71428571428571,1.83333333333333,2,1,2,2,1,1,"Out","In","ingroup","outgroup",0,0,1,0,0,1,"In","Out","Out",1,0,0,0,0,0,1,0,1,"Observer__J_In__C_Out__V_Out",0,6,-6,"Hum_x_Ing","Hum_x_Ing__Observer","Hum_x_Ing__Reject","Hum_x_Ing__Observer__Reject",0,1,0,0,0,0,"Observer__J_In__C_Out__V_Out__Reject","Observer__J_In__C_Out__V_Out__Reject",0,0,0,0,0,0,0,0,0,0,0,0,0,0,0,0,0,0,0,0,0,1,0,0,0,0,0
254,10,1,"observer",1,23,2,1,0,2,1,1,TRUE,1.35714285714286,0.714285714285714,1.25,1.71428571428571,1.83333333333333,2,2,2,2,2,2,"In","In","ingroup","ingroup",0,0,0,1,0,1,"In","In","In",0,0,0,0,0,0,0,0,0,"Observer__J_In__C_In__V_In",0,8,-8,"Ing_x_Ing","Ing_x_Ing__Observer","Ing_x_Ing__Reject","Ing_x_Ing__Observer__Reject",0,0,0,0,1,0,"Observer__J_In__C_In__V_In__Reject","Observer__J_In__C_In__V_In__Reject",0,0,0,0,0,0,0,0,0,1,0,0,0,0,0,0,0,0,0,0,0,0,0,0,0,0,0
254,10,2,"observer",1,23,2,1,0,2,1,1,TRUE,1.35714285714286,0.714285714285714,1.25,1.71428571428571,1.83333333333333,2,2,2,2,2,2,"In","In","ingroup","ingroup",0,0,0,1,1,0,"In","In","In",0,0,0,0,0,0,0,0,0,"Observer__J_In__C_In__V_In",0,-7,7,"Ing_x_Ing","Ing_x_Ing__Observer","Ing_x_Ing__Accept","Ing_x_Ing__Observer__Accept",0,0,0,0,1,0,"Observer__J_In__C_In__V_In__Accept","Observer__J_In__C_In__V_In__Accept",0,0,0,0,0,0,0,0,0,1,0,0,0,0,0,0,0,0,0,0,0,0,0,0,0,0,0
255,3,1,"observer",1,23,3,2,1,2,1,2,TRUE,1.85714285714286,1.28571428571429,2,2.28571428571429,1.83333333333333,2,2,1,2,1,2,"In","Out","ingroup","outgroup",0,0,0,1,1,0,"In","Out","In",0,0,1,0,0,0,1,0,0,"Observer__J_In__C_Out__V_In",0,-9,9,"Ing_x_Ing","Ing_x_Ing__Observer","Ing_x_Ing__Accept","Ing_x_Ing__Observer__Accept",0,0,0,0,1,0,"Observer__J_In__C_Out__V_In__Accept","Observer__J_In__C_Out__V_In__Accept",0,0,0,0,0,0,0,0,0,0,0,0,1,0,0,0,0,0,0,0,0,0,0,0,0,0,0
255,3,2,"observer",1,23,3,2,1,2,1,2,TRUE,1.85714285714286,1.28571428571429,2,2.28571428571429,1.83333333333333,2,2,1,1,2,2,"In","Out","outgroup","ingroup",1,0,0,0,0,1,"Out","In","In",0,0,1,0,1,0,0,0,0,"Observer__J_Out__C_In__V_In",0,9,-9,"Ing_x_Hum","Ing_x_Hum__Observer","Ing_x_Hum__Reject","Ing_x_Hum__Observer__Reject",0,0,0,1,0,0,"Observer__J_Out__C_In__V_In__Reject","Observer__J_Out__C_In__V_In__Reject",0,0,0,0,0,0,0,0,0,0,1,0,0,0,0,0,0,0,0,0,0,0,0,0,0,0,0
255,5,1,"observer",1,23,3,2,1,2,1,2,TRUE,1.85714285714286,1.28571428571429,2,2.28571428571429,1.83333333333333,2,1,2,1,2,1,"Out","In","outgroup","ingroup",1,0,1,1,1,0,"Out","In","Out",1,0,0,0,1,0,0,0,1,"Observer__J_Out__C_In__V_Out",0,-9,9,"Hum_x_Hum","Hum_x_Hum__Observer","Hum_x_Hum__Accept","Hum_x_Hum__Observer__Accept",1,0,0,0,0,0,"Observer__J_Out__C_In__V_Out__Accept","Observer__J_Out__C_In__V_Out__Accept",0,0,0,0,0,0,0,0,0,0,0,0,0,0,0,0,0,0,0,1,0,0,0,0,0,0,0
255,5,2,"observer",1,23,3,2,1,2,1,2,TRUE,1.85714285714286,1.28571428571429,2,2.28571428571429,1.83333333333333,2,1,2,2,1,1,"Out","In","ingroup","outgroup",0,0,1,0,0,1,"In","Out","Out",1,0,0,0,0,0,1,0,1,"Observer__J_In__C_Out__V_Out",0,9,-9,"Hum_x_Ing","Hum_x_Ing__Observer","Hum_x_Ing__Reject","Hum_x_Ing__Observer__Reject",0,1,0,0,0,0,"Observer__J_In__C_Out__V_Out__Reject","Observer__J_In__C_Out__V_Out__Reject",0,0,0,0,0,0,0,0,0,0,0,0,0,0,0,0,0,0,0,0,0,1,0,0,0,0,0
255,6,1,"victim",0,23,3,2,1,2,1,2,TRUE,1.85714285714286,1.28571428571429,2,2.28571428571429,1.83333333333333,2,2,2,2,2,2,"In","In","ingroup","ingroup",0,0,0,1,1,0,"In","In",,0,0,0,0,0,0,0,0,0,"Victim__J_In__C_In",0,-9,9,"Ing_x_Ing","Ing_x_Ing__Victim","Ing_x_Ing__Accept","Ing_x_Ing__Victim__Accept",0,0,0,0,1,0,"Victim__J_In__C_In__Accept","Victim__J_In__C_In__Accept",1,0,0,0,0,0,0,0,0,0,0,0,0,0,0,0,0,0,0,0,0,0,0,0,0,0,0
255,6,2,"victim",0,23,3,2,1,2,1,2,TRUE,1.85714285714286,1.28571428571429,2,2.28571428571429,1.83333333333333,2,2,2,2,2,2,"In","In","ingroup","ingroup",0,0,0,1,0,1,"In","In",,0,0,0,0,0,0,0,0,0,"Victim__J_In__C_In",0,9,-9,"Ing_x_Ing","Ing_x_Ing__Victim","Ing_x_Ing__Reject","Ing_x_Ing__Victim__Reject",0,0,0,0,1,0,"Victim__J_In__C_In__Reject","Victim__J_In__C_In__Reject",1,0,0,0,0,0,0,0,0,0,0,0,0,0,0,0,0,0,0,0,0,0,0,0,0,0,0
255,7,1,"victim",0,23,3,2,1,2,1,2,TRUE,1.85714285714286,1.28571428571429,2,2.28571428571429,1.83333333333333,2,2,2,2,2,2,"In","In","ingroup","ingroup",0,0,0,1,0,0,"In","In",,0,0,0,0,0,0,0,0,0,"Victim__J_In__C_In",0,9,-9,"Ing_x_Ing","Ing_x_Ing__Victim","Ing_x_Ing__Reject","Ing_x_Ing__Victim__Reject",0,0,0,0,1,0,"Victim__J_In__C_In__Reject","Victim__J_In__C_In__Reject",1,0,0,0,0,0,0,0,0,0,0,0,0,0,0,0,0,0,0,0,0,0,0,0,0,0,0
255,7,2,"victim",0,23,3,2,1,2,1,2,TRUE,1.85714285714286,1.28571428571429,2,2.28571428571429,1.83333333333333,2,2,2,2,2,2,"In","In","ingroup","ingroup",0,0,0,1,0,0,"In","In",,0,0,0,0,0,0,0,0,0,"Victim__J_In__C_In",0,9,-9,"Ing_x_Ing","Ing_x_Ing__Victim","Ing_x_Ing__Reject","Ing_x_Ing__Victim__Reject",0,0,0,0,1,0,"Victim__J_In__C_In__Reject","Victim__J_In__C_In__Reject",1,0,0,0,0,0,0,0,0,0,0,0,0,0,0,0,0,0,0,0,0,0,0,0,0,0,0
255,9,1,"victim",0,23,3,2,1,2,1,2,TRUE,1.85714285714286,1.28571428571429,2,2.28571428571429,1.83333333333333,2,1,2,1,2,2,"Out","In","outgroup","ingroup",1,0,0,0,1,0,"Out","In",,1,0,0,0,1,0,0,0,0,"Victim__J_Out__C_In",0,-9,9,"Ing_x_Hum","Ing_x_Hum__Victim","Ing_x_Hum__Accept","Ing_x_Hum__Victim__Accept",0,0,0,1,0,0,"Victim__J_Out__C_In__Accept","Victim__J_Out__C_In__Accept",0,1,0,0,0,0,0,0,0,0,0,0,0,0,0,0,0,0,0,0,0,0,0,0,0,0,0
255,9,2,"victim",0,23,3,2,1,2,1,2,TRUE,1.85714285714286,1.28571428571429,2,2.28571428571429,1.83333333333333,2,1,2,2,1,2,"Out","In","ingroup","outgroup",0,0,0,1,0,1,"In","Out",,1,0,0,0,0,0,1,0,0,"Victim__J_In__C_Out",0,9,-9,"Ing_x_Ing","Ing_x_Ing__Victim","Ing_x_Ing__Reject","Ing_x_Ing__Victim__Reject",0,0,0,0,1,0,"Victim__J_In__C_Out__Reject","Victim__J_In__C_Out__Reject",0,0,0,1,0,0,0,0,0,0,0,0,0,0,0,0,0,0,0,0,0,0,0,0,0,0,0
256,3,1,"observer",1,22,2,1,0,2,1,2,TRUE,2.28571428571429,1.57142857142857,2.875,2.14285714285714,2.5,2,2,2,2,2,1,"In","In","ingroup","ingroup",0,0,1,0,0,1,"In","In","Out",0,0,0,0,0,0,0,0,1,"Observer__J_In__C_In__V_Out",0,3,-3,"Hum_x_Ing","Hum_x_Ing__Observer","Hum_x_Ing__Reject","Hum_x_Ing__Observer__Reject",0,1,0,0,0,0,"Observer__J_In__C_In__V_Out__Reject","Observer__J_In__C_In__V_Out__Reject",0,0,0,0,0,0,0,0,0,0,0,0,0,0,0,0,0,0,1,0,0,0,0,0,0,0,0
256,3,2,"observer",1,22,2,1,0,2,1,2,TRUE,2.28571428571429,1.57142857142857,2.875,2.14285714285714,2.5,2,2,2,2,2,1,"In","In","ingroup","ingroup",0,0,1,0,1,0,"In","In","Out",0,0,0,0,0,0,0,0,1,"Observer__J_In__C_In__V_Out",0,-3,3,"Hum_x_Ing","Hum_x_Ing__Observer","Hum_x_Ing__Accept","Hum_x_Ing__Observer__Accept",0,1,0,0,0,0,"Observer__J_In__C_In__V_Out__Accept","Observer__J_In__C_In__V_Out__Accept",0,0,0,0,0,0,0,0,0,0,0,0,0,0,0,0,0,0,1,0,0,0,0,0,0,0,0
256,4,1,"observer",1,22,2,1,0,2,1,2,TRUE,2.28571428571429,1.57142857142857,2.875,2.14285714285714,2.5,2,1,2,1,2,1,"Out","In","outgroup","ingroup",1,0,1,1,0,0,"Out","In","Out",1,0,0,0,1,0,0,0,1,"Observer__J_Out__C_In__V_Out",0,7,-7,"Hum_x_Hum","Hum_x_Hum__Observer","Hum_x_Hum__Reject","Hum_x_Hum__Observer__Reject",1,0,0,0,0,0,"Observer__J_Out__C_In__V_Out__Reject","Observer__J_Out__C_In__V_Out__Reject",0,0,0,0,0,0,0,0,0,0,0,0,0,0,0,0,0,0,0,1,0,0,0,0,0,0,0
256,4,2,"observer",1,22,2,1,0,2,1,2,TRUE,2.28571428571429,1.57142857142857,2.875,2.14285714285714,2.5,2,1,2,2,1,1,"Out","In","ingroup","outgroup",0,0,1,0,0,0,"In","Out","Out",1,0,0,0,0,0,1,0,1,"Observer__J_In__C_Out__V_Out",0,7,-7,"Hum_x_Ing","Hum_x_Ing__Observer","Hum_x_Ing__Reject","Hum_x_Ing__Observer__Reject",0,1,0,0,0,0,"Observer__J_In__C_Out__V_Out__Reject","Observer__J_In__C_Out__V_Out__Reject",0,0,0,0,0,0,0,0,0,0,0,0,0,0,0,0,0,0,0,0,0,1,0,0,0,0,0
256,6,1,"victim",0,22,2,1,0,2,1,2,TRUE,2.28571428571429,1.57142857142857,2.875,2.14285714285714,2.5,2,2,2,2,2,2,"In","In","ingroup","ingroup",0,0,0,1,1,0,"In","In",,0,0,0,0,0,0,0,0,0,"Victim__J_In__C_In",0,-7,7,"Ing_x_Ing","Ing_x_Ing__Victim","Ing_x_Ing__Accept","Ing_x_Ing__Victim__Accept",0,0,0,0,1,0,"Victim__J_In__C_In__Accept","Victim__J_In__C_In__Accept",1,0,0,0,0,0,0,0,0,0,0,0,0,0,0,0,0,0,0,0,0,0,0,0,0,0,0
256,6,2,"victim",0,22,2,1,0,2,1,2,TRUE,2.28571428571429,1.57142857142857,2.875,2.14285714285714,2.5,2,2,2,2,2,2,"In","In","ingroup","ingroup",0,0,0,1,0,1,"In","In",,0,0,0,0,0,0,0,0,0,"Victim__J_In__C_In",0,7,-7,"Ing_x_Ing","Ing_x_Ing__Victim","Ing_x_Ing__Reject","Ing_x_Ing__Victim__Reject",0,0,0,0,1,0,"Victim__J_In__C_In__Reject","Victim__J_In__C_In__Reject",1,0,0,0,0,0,0,0,0,0,0,0,0,0,0,0,0,0,0,0,0,0,0,0,0,0,0
256,10,1,"victim",0,22,2,1,0,2,1,2,TRUE,2.28571428571429,1.57142857142857,2.875,2.14285714285714,2.5,2,1,2,1,2,2,"Out","In","outgroup","ingroup",1,0,0,0,0,1,"Out","In",,1,0,0,0,1,0,0,0,0,"Victim__J_Out__C_In",0,8,-8,"Ing_x_Hum","Ing_x_Hum__Victim","Ing_x_Hum__Reject","Ing_x_Hum__Victim__Reject",0,0,0,1,0,0,"Victim__J_Out__C_In__Reject","Victim__J_Out__C_In__Reject",0,1,0,0,0,0,0,0,0,0,0,0,0,0,0,0,0,0,0,0,0,0,0,0,0,0,0
256,10,2,"victim",0,22,2,1,0,2,1,2,TRUE,2.28571428571429,1.57142857142857,2.875,2.14285714285714,2.5,2,1,2,2,1,2,"Out","In","ingroup","outgroup",0,0,0,1,1,0,"In","Out",,1,0,0,0,0,0,1,0,0,"Victim__J_In__C_Out",0,-9,9,"Ing_x_Ing","Ing_x_Ing__Victim","Ing_x_Ing__Accept","Ing_x_Ing__Victim__Accept",0,0,0,0,1,0,"Victim__J_In__C_Out__Accept","Victim__J_In__C_Out__Accept",0,0,0,1,0,0,0,0,0,0,0,0,0,0,0,0,0,0,0,0,0,0,0,0,0,0,0
257,4,1,"victim",0,22,1,1,0,2,1,1,TRUE,1.92857142857143,1.28571428571429,2,2.57142857142857,1.83333333333333,2,2,1,2,1,2,"In","Out","ingroup","outgroup",0,0,0,1,1,0,"In","Out",,0,0,1,0,0,0,1,0,0,"Victim__J_In__C_Out",0,1,-1,"Ing_x_Ing","Ing_x_Ing__Victim","Ing_x_Ing__Accept","Ing_x_Ing__Victim__Accept",0,0,0,0,1,0,"Victim__J_In__C_Out__Accept","Victim__J_In__C_Out__Accept",0,0,0,1,0,0,0,0,0,0,0,0,0,0,0,0,0,0,0,0,0,0,0,0,0,0,0
257,4,2,"victim",0,22,1,1,0,2,1,1,TRUE,1.92857142857143,1.28571428571429,2,2.57142857142857,1.83333333333333,2,2,1,1,2,2,"In","Out","outgroup","ingroup",1,0,0,0,0,1,"Out","In",,0,0,1,0,1,0,0,0,0,"Victim__J_Out__C_In",0,1,-1,"Ing_x_Hum","Ing_x_Hum__Victim","Ing_x_Hum__Reject","Ing_x_Hum__Victim__Reject",0,0,0,1,0,0,"Victim__J_Out__C_In__Reject","Victim__J_Out__C_In__Reject",0,1,0,0,0,0,0,0,0,0,0,0,0,0,0,0,0,0,0,0,0,0,0,0,0,0,0
257,6,1,"observer",1,22,1,1,0,2,1,1,TRUE,1.92857142857143,1.28571428571429,2,2.57142857142857,1.83333333333333,2,1,1,1,1,2,"Out","Out","outgroup","outgroup",1,0,0,0,0,0,"Out","Out","In",1,0,1,0,1,0,1,0,0,"Observer__J_Out__C_Out__V_In",0,4,-4,"Ing_x_Hum","Ing_x_Hum__Observer","Ing_x_Hum__Reject","Ing_x_Hum__Observer__Reject",0,0,0,1,0,0,"Observer__J_Out__C_Out__V_In__Reject","Observer__J_Out__C_Out__V_In__Reject",0,0,0,0,0,0,0,0,0,0,0,0,0,1,0,0,0,0,0,0,0,0,0,0,0,0,0
257,6,2,"observer",1,22,1,1,0,2,1,1,TRUE,1.92857142857143,1.28571428571429,2,2.57142857142857,1.83333333333333,2,1,1,1,1,2,"Out","Out","outgroup","outgroup",1,0,0,0,0,0,"Out","Out","In",1,0,1,0,1,0,1,0,0,"Observer__J_Out__C_Out__V_In",0,4,-4,"Ing_x_Hum","Ing_x_Hum__Observer","Ing_x_Hum__Reject","Ing_x_Hum__Observer__Reject",0,0,0,1,0,0,"Observer__J_Out__C_Out__V_In__Reject","Observer__J_Out__C_Out__V_In__Reject",0,0,0,0,0,0,0,0,0,0,0,0,0,1,0,0,0,0,0,0,0,0,0,0,0,0,0
257,8,1,"observer",1,22,1,1,0,2,1,1,TRUE,1.92857142857143,1.28571428571429,2,2.57142857142857,1.83333333333333,2,1,1,1,1,1,"Out","Out","outgroup","outgroup",1,0,1,1,0,1,"Out","Out","Out",1,0,1,0,1,0,1,0,1,"Observer__J_Out__C_Out__V_Out",0,0,0,"Hum_x_Hum","Hum_x_Hum__Observer","Hum_x_Hum__Reject","Hum_x_Hum__Observer__Reject",1,0,0,0,0,0,"Observer__J_Out__C_Out__V_Out__Reject","Observer__J_Out__C_Out__V_Out__Reject",0,0,0,0,0,0,0,0,0,0,0,0,0,0,0,0,0,0,0,0,0,0,1,0,0,0,0
257,8,2,"observer",1,22,1,1,0,2,1,1,TRUE,1.92857142857143,1.28571428571429,2,2.57142857142857,1.83333333333333,2,1,1,1,1,1,"Out","Out","outgroup","outgroup",1,0,1,1,1,0,"Out","Out","Out",1,0,1,0,1,0,1,0,1,"Observer__J_Out__C_Out__V_Out",0,-2,2,"Hum_x_Hum","Hum_x_Hum__Observer","Hum_x_Hum__Accept","Hum_x_Hum__Observer__Accept",1,0,0,0,0,0,"Observer__J_Out__C_Out__V_Out__Accept","Observer__J_Out__C_Out__V_Out__Accept",0,0,0,0,0,0,0,0,0,0,0,0,0,0,0,0,0,0,0,0,0,0,1,0,0,0,0
258,2,1,"victim",0,21,3,2,1,1,0,1,TRUE,1.89285714285714,1.57142857142857,2.125,1.71428571428571,2.16666666666667,1,1,2,1,2,1,"In","Out","ingroup","outgroup",0,0,0,1,1,1,"In","Out",,0,0,1,0,0,0,1,0,0,"Victim__J_In__C_Out",0,1,-1,"Hum_x_Hum","Hum_x_Hum__Victim","Hum_x_Hum__Accept","Hum_x_Hum__Victim__Accept",1,0,0,0,0,0,"Victim__J_In__C_Out__Accept","Victim__J_In__C_Out__Accept",0,0,0,1,0,0,0,0,0,0,0,0,0,0,0,0,0,0,0,0,0,0,0,0,0,0,0
258,2,2,"victim",0,21,3,2,1,1,0,1,TRUE,1.89285714285714,1.57142857142857,2.125,1.71428571428571,2.16666666666667,1,1,2,2,1,1,"In","Out","outgroup","ingroup",1,0,0,0,1,1,"Out","In",,0,0,1,0,1,0,0,0,0,"Victim__J_Out__C_In",0,1,-1,"Hum_x_Ing","Hum_x_Ing__Victim","Hum_x_Ing__Accept","Hum_x_Ing__Victim__Accept",0,1,0,0,0,0,"Victim__J_Out__C_In__Accept","Victim__J_Out__C_In__Accept",0,1,0,0,0,0,0,0,0,0,0,0,0,0,0,0,0,0,0,0,0,0,0,0,0,0,0
258,3,1,"victim",0,21,3,2,1,1,0,1,TRUE,1.89285714285714,1.57142857142857,2.125,1.71428571428571,2.16666666666667,1,1,1,1,1,1,"In","In","ingroup","ingroup",0,0,0,1,0,1,"In","In",,0,0,0,0,0,0,0,0,0,"Victim__J_In__C_In",0,-9,9,"Hum_x_Hum","Hum_x_Hum__Victim","Hum_x_Hum__Reject","Hum_x_Hum__Victim__Reject",1,0,0,0,0,0,"Victim__J_In__C_In__Reject","Victim__J_In__C_In__Reject",1,0,0,0,0,0,0,0,0,0,0,0,0,0,0,0,0,0,0,0,0,0,0,0,0,0,0
258,3,2,"victim",0,21,3,2,1,1,0,1,TRUE,1.89285714285714,1.57142857142857,2.125,1.71428571428571,2.16666666666667,1,1,1,1,1,1,"In","In","ingroup","ingroup",0,0,0,1,1,0,"In","In",,0,0,0,0,0,0,0,0,0,"Victim__J_In__C_In",0,9,-9,"Hum_x_Hum","Hum_x_Hum__Victim","Hum_x_Hum__Accept","Hum_x_Hum__Victim__Accept",1,0,0,0,0,0,"Victim__J_In__C_In__Accept","Victim__J_In__C_In__Accept",1,0,0,0,0,0,0,0,0,0,0,0,0,0,0,0,0,0,0,0,0,0,0,0,0,0,0
258,6,1,"observer",1,21,3,2,1,1,0,1,TRUE,1.89285714285714,1.57142857142857,2.125,1.71428571428571,2.16666666666667,1,2,2,2,2,1,"Out","Out","outgroup","outgroup",1,0,0,0,1,0,"Out","Out","In",1,0,1,0,1,0,1,0,0,"Observer__J_Out__C_Out__V_In",0,4,-4,"Hum_x_Ing","Hum_x_Ing__Observer","Hum_x_Ing__Accept","Hum_x_Ing__Observer__Accept",0,1,0,0,0,0,"Observer__J_Out__C_Out__V_In__Accept","Observer__J_Out__C_Out__V_In__Accept",0,0,0,0,0,0,0,0,0,0,0,0,0,1,0,0,0,0,0,0,0,0,0,0,0,0,0
258,6,2,"observer",1,21,3,2,1,1,0,1,TRUE,1.89285714285714,1.57142857142857,2.125,1.71428571428571,2.16666666666667,1,2,2,2,2,1,"Out","Out","outgroup","outgroup",1,0,0,0,0,1,"Out","Out","In",1,0,1,0,1,0,1,0,0,"Observer__J_Out__C_Out__V_In",0,-5,5,"Hum_x_Ing","Hum_x_Ing__Observer","Hum_x_Ing__Reject","Hum_x_Ing__Observer__Reject",0,1,0,0,0,0,"Observer__J_Out__C_Out__V_In__Reject","Observer__J_Out__C_Out__V_In__Reject",0,0,0,0,0,0,0,0,0,0,0,0,0,1,0,0,0,0,0,0,0,0,0,0,0,0,0
258,7,1,"observer",1,21,3,2,1,1,0,1,TRUE,1.89285714285714,1.57142857142857,2.125,1.71428571428571,2.16666666666667,1,2,2,2,2,1,"Out","Out","outgroup","outgroup",1,0,0,0,0,0,"Out","Out","In",1,0,1,0,1,0,1,0,0,"Observer__J_Out__C_Out__V_In",0,1,-1,"Hum_x_Ing","Hum_x_Ing__Observer","Hum_x_Ing__Reject","Hum_x_Ing__Observer__Reject",0,1,0,0,0,0,"Observer__J_Out__C_Out__V_In__Reject","Observer__J_Out__C_Out__V_In__Reject",0,0,0,0,0,0,0,0,0,0,0,0,0,1,0,0,0,0,0,0,0,0,0,0,0,0,0
258,7,2,"observer",1,21,3,2,1,1,0,1,TRUE,1.89285714285714,1.57142857142857,2.125,1.71428571428571,2.16666666666667,1,2,2,2,2,1,"Out","Out","outgroup","outgroup",1,0,0,0,0,0,"Out","Out","In",1,0,1,0,1,0,1,0,0,"Observer__J_Out__C_Out__V_In",0,1,-1,"Hum_x_Ing","Hum_x_Ing__Observer","Hum_x_Ing__Reject","Hum_x_Ing__Observer__Reject",0,1,0,0,0,0,"Observer__J_Out__C_Out__V_In__Reject","Observer__J_Out__C_Out__V_In__Reject",0,0,0,0,0,0,0,0,0,0,0,0,0,1,0,0,0,0,0,0,0,0,0,0,0,0,0
258,8,1,"observer",1,21,3,2,1,1,0,1,TRUE,1.89285714285714,1.57142857142857,2.125,1.71428571428571,2.16666666666667,1,2,2,2,2,2,"Out","Out","outgroup","outgroup",1,0,1,1,0,1,"Out","Out","Out",1,0,1,0,1,0,1,0,1,"Observer__J_Out__C_Out__V_Out",0,-1,1,"Ing_x_Ing","Ing_x_Ing__Observer","Ing_x_Ing__Reject","Ing_x_Ing__Observer__Reject",0,0,0,0,1,0,"Observer__J_Out__C_Out__V_Out__Reject","Observer__J_Out__C_Out__V_Out__Reject",0,0,0,0,0,0,0,0,0,0,0,0,0,0,0,0,0,0,0,0,0,0,1,0,0,0,0
258,8,2,"observer",1,21,3,2,1,1,0,1,TRUE,1.89285714285714,1.57142857142857,2.125,1.71428571428571,2.16666666666667,1,2,2,2,2,2,"Out","Out","outgroup","outgroup",1,0,1,1,1,0,"Out","Out","Out",1,0,1,0,1,0,1,0,1,"Observer__J_Out__C_Out__V_Out",0,3,-3,"Ing_x_Ing","Ing_x_Ing__Observer","Ing_x_Ing__Accept","Ing_x_Ing__Observer__Accept",0,0,0,0,1,0,"Observer__J_Out__C_Out__V_Out__Accept","Observer__J_Out__C_Out__V_Out__Accept",0,0,0,0,0,0,0,0,0,0,0,0,0,0,0,0,0,0,0,0,0,0,1,0,0,0,0
258,10,1,"observer",1,21,3,2,1,1,0,1,TRUE,1.89285714285714,1.57142857142857,2.125,1.71428571428571,2.16666666666667,1,1,2,1,2,2,"In","Out","ingroup","outgroup",0,0,1,0,1,1,"In","Out","Out",0,0,1,0,0,0,1,0,1,"Observer__J_In__C_Out__V_Out",0,2,-2,"Ing_x_Hum","Ing_x_Hum__Observer","Ing_x_Hum__Accept","Ing_x_Hum__Observer__Accept",0,0,0,1,0,0,"Observer__J_In__C_Out__V_Out__Accept","Observer__J_In__C_Out__V_Out__Accept",0,0,0,0,0,0,0,0,0,0,0,0,0,0,0,0,0,0,0,0,0,1,0,0,0,0,0
258,10,2,"observer",1,21,3,2,1,1,0,1,TRUE,1.89285714285714,1.57142857142857,2.125,1.71428571428571,2.16666666666667,1,1,2,2,1,2,"In","Out","outgroup","ingroup",1,0,1,1,1,1,"Out","In","Out",0,0,1,0,1,0,0,0,1,"Observer__J_Out__C_In__V_Out",0,2,-2,"Ing_x_Ing","Ing_x_Ing__Observer","Ing_x_Ing__Accept","Ing_x_Ing__Observer__Accept",0,0,0,0,1,0,"Observer__J_Out__C_In__V_Out__Accept","Observer__J_Out__C_In__V_Out__Accept",0,0,0,0,0,0,0,0,0,0,0,0,0,0,0,0,0,0,0,1,0,0,0,0,0,0,0
259,4,1,"observer",1,18,3,1,0,1,0,2,TRUE,1.35714285714286,1.14285714285714,1.25,1.57142857142857,1.5,1,2,1,2,1,1,"Out","In","outgroup","ingroup",1,0,0,0,0,1,"Out","In","In",1,0,0,0,1,0,0,0,0,"Observer__J_Out__C_In__V_In",0,0,0,"Hum_x_Ing","Hum_x_Ing__Observer","Hum_x_Ing__Reject","Hum_x_Ing__Observer__Reject",0,1,0,0,0,0,"Observer__J_Out__C_In__V_In__Reject","Observer__J_Out__C_In__V_In__Reject",0,0,0,0,0,0,0,0,0,0,1,0,0,0,0,0,0,0,0,0,0,0,0,0,0,0,0
259,4,2,"observer",1,18,3,1,0,1,0,2,TRUE,1.35714285714286,1.14285714285714,1.25,1.57142857142857,1.5,1,2,1,1,2,1,"Out","In","ingroup","outgroup",0,0,0,1,1,0,"In","Out","In",1,0,0,0,0,0,1,0,0,"Observer__J_In__C_Out__V_In",0,0,0,"Hum_x_Hum","Hum_x_Hum__Observer","Hum_x_Hum__Accept","Hum_x_Hum__Observer__Accept",1,0,0,0,0,0,"Observer__J_In__C_Out__V_In__Accept","Observer__J_In__C_Out__V_In__Accept",0,0,0,0,0,0,0,0,0,0,0,0,1,0,0,0,0,0,0,0,0,0,0,0,0,0,0
259,10,1,"victim",0,18,3,1,0,1,0,2,TRUE,1.35714285714286,1.14285714285714,1.25,1.57142857142857,1.5,1,2,2,2,2,1,"Out","Out","outgroup","outgroup",1,0,0,0,1,1,"Out","Out",,1,0,1,0,1,0,1,0,0,"Victim__J_Out__C_Out",0,-1,1,"Hum_x_Ing","Hum_x_Ing__Victim","Hum_x_Ing__Accept","Hum_x_Ing__Victim__Accept",0,1,0,0,0,0,"Victim__J_Out__C_Out__Accept","Victim__J_Out__C_Out__Accept",0,0,0,0,1,0,0,0,0,0,0,0,0,0,0,0,0,0,0,0,0,0,0,0,0,0,0
259,10,2,"victim",0,18,3,1,0,1,0,2,TRUE,1.35714285714286,1.14285714285714,1.25,1.57142857142857,1.5,1,2,2,2,2,1,"Out","Out","outgroup","outgroup",1,0,0,0,1,1,"Out","Out",,1,0,1,0,1,0,1,0,0,"Victim__J_Out__C_Out",0,-1,1,"Hum_x_Ing","Hum_x_Ing__Victim","Hum_x_Ing__Accept","Hum_x_Ing__Victim__Accept",0,1,0,0,0,0,"Victim__J_Out__C_Out__Accept","Victim__J_Out__C_Out__Accept",0,0,0,0,1,0,0,0,0,0,0,0,0,0,0,0,0,0,0,0,0,0,0,0,0,0,0
260,1,1,"observer",1,19,1,2,1,2,1,2,TRUE,1.89285714285714,1.57142857142857,2,2.57142857142857,1.33333333333333,2,1,2,1,2,1,"Out","In","outgroup","ingroup",1,0,1,1,1,1,"Out","In","Out",1,0,0,0,1,0,0,0,1,"Observer__J_Out__C_In__V_Out",0,0,0,"Hum_x_Hum","Hum_x_Hum__Observer","Hum_x_Hum__Accept","Hum_x_Hum__Observer__Accept",1,0,0,0,0,0,"Observer__J_Out__C_In__V_Out__Accept","Observer__J_Out__C_In__V_Out__Accept",0,0,0,0,0,0,0,0,0,0,0,0,0,0,0,0,0,0,0,1,0,0,0,0,0,0,0
260,1,2,"observer",1,19,1,2,1,2,1,2,TRUE,1.89285714285714,1.57142857142857,2,2.57142857142857,1.33333333333333,2,1,2,2,1,1,"Out","In","ingroup","outgroup",0,0,1,0,1,1,"In","Out","Out",1,0,0,0,0,0,1,0,1,"Observer__J_In__C_Out__V_Out",0,0,0,"Hum_x_Ing","Hum_x_Ing__Observer","Hum_x_Ing__Accept","Hum_x_Ing__Observer__Accept",0,1,0,0,0,0,"Observer__J_In__C_Out__V_Out__Accept","Observer__J_In__C_Out__V_Out__Accept",0,0,0,0,0,0,0,0,0,0,0,0,0,0,0,0,0,0,0,0,0,1,0,0,0,0,0
260,2,1,"observer",1,19,1,2,1,2,1,2,TRUE,1.89285714285714,1.57142857142857,2,2.57142857142857,1.33333333333333,2,2,1,2,1,2,"In","Out","ingroup","outgroup",0,0,0,1,1,0,"In","Out","In",0,0,1,0,0,0,1,0,0,"Observer__J_In__C_Out__V_In",0,2,-2,"Ing_x_Ing","Ing_x_Ing__Observer","Ing_x_Ing__Accept","Ing_x_Ing__Observer__Accept",0,0,0,0,1,0,"Observer__J_In__C_Out__V_In__Accept","Observer__J_In__C_Out__V_In__Accept",0,0,0,0,0,0,0,0,0,0,0,0,1,0,0,0,0,0,0,0,0,0,0,0,0,0,0
260,2,2,"observer",1,19,1,2,1,2,1,2,TRUE,1.89285714285714,1.57142857142857,2,2.57142857142857,1.33333333333333,2,2,1,1,2,2,"In","Out","outgroup","ingroup",1,0,0,0,0,1,"Out","In","In",0,0,1,0,1,0,0,0,0,"Observer__J_Out__C_In__V_In",0,2,-2,"Ing_x_Hum","Ing_x_Hum__Observer","Ing_x_Hum__Reject","Ing_x_Hum__Observer__Reject",0,0,0,1,0,0,"Observer__J_Out__C_In__V_In__Reject","Observer__J_Out__C_In__V_In__Reject",0,0,0,0,0,0,0,0,0,0,1,0,0,0,0,0,0,0,0,0,0,0,0,0,0,0,0
260,3,1,"observer",1,19,1,2,1,2,1,2,TRUE,1.89285714285714,1.57142857142857,2,2.57142857142857,1.33333333333333,2,2,2,2,2,2,"In","In","ingroup","ingroup",0,0,0,1,1,0,"In","In","In",0,0,0,0,0,0,0,0,0,"Observer__J_In__C_In__V_In",0,0,0,"Ing_x_Ing","Ing_x_Ing__Observer","Ing_x_Ing__Accept","Ing_x_Ing__Observer__Accept",0,0,0,0,1,0,"Observer__J_In__C_In__V_In__Accept","Observer__J_In__C_In__V_In__Accept",0,0,0,0,0,0,0,0,0,1,0,0,0,0,0,0,0,0,0,0,0,0,0,0,0,0,0
260,3,2,"observer",1,19,1,2,1,2,1,2,TRUE,1.89285714285714,1.57142857142857,2,2.57142857142857,1.33333333333333,2,2,2,2,2,2,"In","In","ingroup","ingroup",0,0,0,1,0,1,"In","In","In",0,0,0,0,0,0,0,0,0,"Observer__J_In__C_In__V_In",0,0,0,"Ing_x_Ing","Ing_x_Ing__Observer","Ing_x_Ing__Reject","Ing_x_Ing__Observer__Reject",0,0,0,0,1,0,"Observer__J_In__C_In__V_In__Reject","Observer__J_In__C_In__V_In__Reject",0,0,0,0,0,0,0,0,0,1,0,0,0,0,0,0,0,0,0,0,0,0,0,0,0,0,0
260,6,1,"victim",0,19,1,2,1,2,1,2,TRUE,1.89285714285714,1.57142857142857,2,2.57142857142857,1.33333333333333,2,2,1,2,1,2,"In","Out","ingroup","outgroup",0,0,0,1,0,0,"In","Out",,0,0,1,0,0,0,1,0,0,"Victim__J_In__C_Out",0,1,-1,"Ing_x_Ing","Ing_x_Ing__Victim","Ing_x_Ing__Reject","Ing_x_Ing__Victim__Reject",0,0,0,0,1,0,"Victim__J_In__C_Out__Reject","Victim__J_In__C_Out__Reject",0,0,0,1,0,0,0,0,0,0,0,0,0,0,0,0,0,0,0,0,0,0,0,0,0,0,0
260,6,2,"victim",0,19,1,2,1,2,1,2,TRUE,1.89285714285714,1.57142857142857,2,2.57142857142857,1.33333333333333,2,2,1,1,2,2,"In","Out","outgroup","ingroup",1,0,0,0,0,0,"Out","In",,0,0,1,0,1,0,0,0,0,"Victim__J_Out__C_In",0,1,-1,"Ing_x_Hum","Ing_x_Hum__Victim","Ing_x_Hum__Reject","Ing_x_Hum__Victim__Reject",0,0,0,1,0,0,"Victim__J_Out__C_In__Reject","Victim__J_Out__C_In__Reject",0,1,0,0,0,0,0,0,0,0,0,0,0,0,0,0,0,0,0,0,0,0,0,0,0,0,0
260,8,1,"victim",0,19,1,2,1,2,1,2,TRUE,1.89285714285714,1.57142857142857,2,2.57142857142857,1.33333333333333,2,1,2,1,2,2,"Out","In","outgroup","ingroup",1,0,0,0,1,0,"Out","In",,1,0,0,0,1,0,0,0,0,"Victim__J_Out__C_In",0,1,-1,"Ing_x_Hum","Ing_x_Hum__Victim","Ing_x_Hum__Accept","Ing_x_Hum__Victim__Accept",0,0,0,1,0,0,"Victim__J_Out__C_In__Accept","Victim__J_Out__C_In__Accept",0,1,0,0,0,0,0,0,0,0,0,0,0,0,0,0,0,0,0,0,0,0,0,0,0,0,0
260,8,2,"victim",0,19,1,2,1,2,1,2,TRUE,1.89285714285714,1.57142857142857,2,2.57142857142857,1.33333333333333,2,1,2,2,1,2,"Out","In","ingroup","outgroup",0,0,0,1,0,1,"In","Out",,1,0,0,0,0,0,1,0,0,"Victim__J_In__C_Out",0,1,-1,"Ing_x_Ing","Ing_x_Ing__Victim","Ing_x_Ing__Reject","Ing_x_Ing__Victim__Reject",0,0,0,0,1,0,"Victim__J_In__C_Out__Reject","Victim__J_In__C_Out__Reject",0,0,0,1,0,0,0,0,0,0,0,0,0,0,0,0,0,0,0,0,0,0,0,0,0,0,0
261,3,1,"victim",0,18,2,1,0,2,1,1,TRUE,2.32142857142857,2.71428571428571,2,2.85714285714286,1.66666666666667,2,1,1,1,1,2,"Out","Out","outgroup","outgroup",1,0,0,0,1,1,"Out","Out",,1,0,1,0,1,0,1,0,0,"Victim__J_Out__C_Out",0,4,-4,"Ing_x_Hum","Ing_x_Hum__Victim","Ing_x_Hum__Accept","Ing_x_Hum__Victim__Accept",0,0,0,1,0,0,"Victim__J_Out__C_Out__Accept","Victim__J_Out__C_Out__Accept",0,0,0,0,1,0,0,0,0,0,0,0,0,0,0,0,0,0,0,0,0,0,0,0,0,0,0
261,3,2,"victim",0,18,2,1,0,2,1,1,TRUE,2.32142857142857,2.71428571428571,2,2.85714285714286,1.66666666666667,2,1,1,1,1,2,"Out","Out","outgroup","outgroup",1,0,0,0,1,1,"Out","Out",,1,0,1,0,1,0,1,0,0,"Victim__J_Out__C_Out",0,4,-4,"Ing_x_Hum","Ing_x_Hum__Victim","Ing_x_Hum__Accept","Ing_x_Hum__Victim__Accept",0,0,0,1,0,0,"Victim__J_Out__C_Out__Accept","Victim__J_Out__C_Out__Accept",0,0,0,0,1,0,0,0,0,0,0,0,0,0,0,0,0,0,0,0,0,0,0,0,0,0,0
261,9,1,"observer",1,18,2,1,0,2,1,1,TRUE,2.32142857142857,2.71428571428571,2,2.85714285714286,1.66666666666667,2,2,2,2,2,1,"In","In","ingroup","ingroup",0,0,1,0,1,1,"In","In","Out",0,0,0,0,0,0,0,0,1,"Observer__J_In__C_In__V_Out",0,5,-5,"Hum_x_Ing","Hum_x_Ing__Observer","Hum_x_Ing__Accept","Hum_x_Ing__Observer__Accept",0,1,0,0,0,0,"Observer__J_In__C_In__V_Out__Accept","Observer__J_In__C_In__V_Out__Accept",0,0,0,0,0,0,0,0,0,0,0,0,0,0,0,0,0,0,1,0,0,0,0,0,0,0,0
261,9,2,"observer",1,18,2,1,0,2,1,1,TRUE,2.32142857142857,2.71428571428571,2,2.85714285714286,1.66666666666667,2,2,2,2,2,1,"In","In","ingroup","ingroup",0,0,1,0,1,1,"In","In","Out",0,0,0,0,0,0,0,0,1,"Observer__J_In__C_In__V_Out",0,5,-5,"Hum_x_Ing","Hum_x_Ing__Observer","Hum_x_Ing__Accept","Hum_x_Ing__Observer__Accept",0,1,0,0,0,0,"Observer__J_In__C_In__V_Out__Accept","Observer__J_In__C_In__V_Out__Accept",0,0,0,0,0,0,0,0,0,0,0,0,0,0,0,0,0,0,1,0,0,0,0,0,0,0,0
262,2,1,"victim",0,20,1,1,0,1,0,1,TRUE,2.17857142857143,1.71428571428571,2.625,2.71428571428571,1.5,1,2,2,2,2,1,"Out","Out","outgroup","outgroup",1,0,0,0,1,1,"Out","Out",,1,0,1,0,1,0,1,0,0,"Victim__J_Out__C_Out",0,-9,9,"Hum_x_Ing","Hum_x_Ing__Victim","Hum_x_Ing__Accept","Hum_x_Ing__Victim__Accept",0,1,0,0,0,0,"Victim__J_Out__C_Out__Accept","Victim__J_Out__C_Out__Accept",0,0,0,0,1,0,0,0,0,0,0,0,0,0,0,0,0,0,0,0,0,0,0,0,0,0,0
262,2,2,"victim",0,20,1,1,0,1,0,1,TRUE,2.17857142857143,1.71428571428571,2.625,2.71428571428571,1.5,1,2,2,2,2,1,"Out","Out","outgroup","outgroup",1,0,0,0,1,1,"Out","Out",,1,0,1,0,1,0,1,0,0,"Victim__J_Out__C_Out",0,-9,9,"Hum_x_Ing","Hum_x_Ing__Victim","Hum_x_Ing__Accept","Hum_x_Ing__Victim__Accept",0,1,0,0,0,0,"Victim__J_Out__C_Out__Accept","Victim__J_Out__C_Out__Accept",0,0,0,0,1,0,0,0,0,0,0,0,0,0,0,0,0,0,0,0,0,0,0,0,0,0,0
262,3,1,"victim",0,20,1,1,0,1,0,1,TRUE,2.17857142857143,1.71428571428571,2.625,2.71428571428571,1.5,1,1,1,1,1,1,"In","In","ingroup","ingroup",0,0,0,1,0,1,"In","In",,0,0,0,0,0,0,0,0,0,"Victim__J_In__C_In",0,9,-9,"Hum_x_Hum","Hum_x_Hum__Victim","Hum_x_Hum__Reject","Hum_x_Hum__Victim__Reject",1,0,0,0,0,0,"Victim__J_In__C_In__Reject","Victim__J_In__C_In__Reject",1,0,0,0,0,0,0,0,0,0,0,0,0,0,0,0,0,0,0,0,0,0,0,0,0,0,0
262,3,2,"victim",0,20,1,1,0,1,0,1,TRUE,2.17857142857143,1.71428571428571,2.625,2.71428571428571,1.5,1,1,1,1,1,1,"In","In","ingroup","ingroup",0,0,0,1,1,0,"In","In",,0,0,0,0,0,0,0,0,0,"Victim__J_In__C_In",0,-9,9,"Hum_x_Hum","Hum_x_Hum__Victim","Hum_x_Hum__Accept","Hum_x_Hum__Victim__Accept",1,0,0,0,0,0,"Victim__J_In__C_In__Accept","Victim__J_In__C_In__Accept",1,0,0,0,0,0,0,0,0,0,0,0,0,0,0,0,0,0,0,0,0,0,0,0,0,0,0
262,4,1,"victim",0,20,1,1,0,1,0,1,TRUE,2.17857142857143,1.71428571428571,2.625,2.71428571428571,1.5,1,2,1,2,1,1,"Out","In","outgroup","ingroup",1,0,0,0,1,0,"Out","In",,1,0,0,0,1,0,0,0,0,"Victim__J_Out__C_In",0,-9,9,"Hum_x_Ing","Hum_x_Ing__Victim","Hum_x_Ing__Accept","Hum_x_Ing__Victim__Accept",0,1,0,0,0,0,"Victim__J_Out__C_In__Accept","Victim__J_Out__C_In__Accept",0,1,0,0,0,0,0,0,0,0,0,0,0,0,0,0,0,0,0,0,0,0,0,0,0,0,0
262,4,2,"victim",0,20,1,1,0,1,0,1,TRUE,2.17857142857143,1.71428571428571,2.625,2.71428571428571,1.5,1,2,1,1,2,1,"Out","In","ingroup","outgroup",0,0,0,1,0,1,"In","Out",,1,0,0,0,0,0,1,0,0,"Victim__J_In__C_Out",0,9,-9,"Hum_x_Hum","Hum_x_Hum__Victim","Hum_x_Hum__Reject","Hum_x_Hum__Victim__Reject",1,0,0,0,0,0,"Victim__J_In__C_Out__Reject","Victim__J_In__C_Out__Reject",0,0,0,1,0,0,0,0,0,0,0,0,0,0,0,0,0,0,0,0,0,0,0,0,0,0,0
262,6,1,"observer",1,20,1,1,0,1,0,1,TRUE,2.17857142857143,1.71428571428571,2.625,2.71428571428571,1.5,1,1,2,1,2,2,"In","Out","ingroup","outgroup",0,0,1,0,1,1,"In","Out","Out",0,0,1,0,0,0,1,0,1,"Observer__J_In__C_Out__V_Out",0,-9,9,"Ing_x_Hum","Ing_x_Hum__Observer","Ing_x_Hum__Accept","Ing_x_Hum__Observer__Accept",0,0,0,1,0,0,"Observer__J_In__C_Out__V_Out__Accept","Observer__J_In__C_Out__V_Out__Accept",0,0,0,0,0,0,0,0,0,0,0,0,0,0,0,0,0,0,0,0,0,1,0,0,0,0,0
262,6,2,"observer",1,20,1,1,0,1,0,1,TRUE,2.17857142857143,1.71428571428571,2.625,2.71428571428571,1.5,1,1,2,2,1,2,"In","Out","outgroup","ingroup",1,0,1,1,1,1,"Out","In","Out",0,0,1,0,1,0,0,0,1,"Observer__J_Out__C_In__V_Out",0,-9,9,"Ing_x_Ing","Ing_x_Ing__Observer","Ing_x_Ing__Accept","Ing_x_Ing__Observer__Accept",0,0,0,0,1,0,"Observer__J_Out__C_In__V_Out__Accept","Observer__J_Out__C_In__V_Out__Accept",0,0,0,0,0,0,0,0,0,0,0,0,0,0,0,0,0,0,0,1,0,0,0,0,0,0,0
262,7,1,"observer",1,20,1,1,0,1,0,1,TRUE,2.17857142857143,1.71428571428571,2.625,2.71428571428571,1.5,1,2,2,2,2,1,"Out","Out","outgroup","outgroup",1,0,0,0,1,1,"Out","Out","In",1,0,1,0,1,0,1,0,0,"Observer__J_Out__C_Out__V_In",0,-9,9,"Hum_x_Ing","Hum_x_Ing__Observer","Hum_x_Ing__Accept","Hum_x_Ing__Observer__Accept",0,1,0,0,0,0,"Observer__J_Out__C_Out__V_In__Accept","Observer__J_Out__C_Out__V_In__Accept",0,0,0,0,0,0,0,0,0,0,0,0,0,1,0,0,0,0,0,0,0,0,0,0,0,0,0
262,7,2,"observer",1,20,1,1,0,1,0,1,TRUE,2.17857142857143,1.71428571428571,2.625,2.71428571428571,1.5,1,2,2,2,2,1,"Out","Out","outgroup","outgroup",1,0,0,0,1,1,"Out","Out","In",1,0,1,0,1,0,1,0,0,"Observer__J_Out__C_Out__V_In",0,-9,9,"Hum_x_Ing","Hum_x_Ing__Observer","Hum_x_Ing__Accept","Hum_x_Ing__Observer__Accept",0,1,0,0,0,0,"Observer__J_Out__C_Out__V_In__Accept","Observer__J_Out__C_Out__V_In__Accept",0,0,0,0,0,0,0,0,0,0,0,0,0,1,0,0,0,0,0,0,0,0,0,0,0,0,0
263,1,1,"victim",0,19,1,1,0,1,0,1,TRUE,2.32142857142857,2.42857142857143,2.75,2,2,1,2,1,2,1,1,"Out","In","outgroup","ingroup",1,0,0,0,1,1,"Out","In",,1,0,0,0,1,0,0,0,0,"Victim__J_Out__C_In",0,-9,9,"Hum_x_Ing","Hum_x_Ing__Victim","Hum_x_Ing__Accept","Hum_x_Ing__Victim__Accept",0,1,0,0,0,0,"Victim__J_Out__C_In__Accept","Victim__J_Out__C_In__Accept",0,1,0,0,0,0,0,0,0,0,0,0,0,0,0,0,0,0,0,0,0,0,0,0,0,0,0
263,1,2,"victim",0,19,1,1,0,1,0,1,TRUE,2.32142857142857,2.42857142857143,2.75,2,2,1,2,1,1,2,1,"Out","In","ingroup","outgroup",0,0,0,1,1,1,"In","Out",,1,0,0,0,0,0,1,0,0,"Victim__J_In__C_Out",0,-9,9,"Hum_x_Hum","Hum_x_Hum__Victim","Hum_x_Hum__Accept","Hum_x_Hum__Victim__Accept",1,0,0,0,0,0,"Victim__J_In__C_Out__Accept","Victim__J_In__C_Out__Accept",0,0,0,1,0,0,0,0,0,0,0,0,0,0,0,0,0,0,0,0,0,0,0,0,0,0,0
263,3,1,"victim",0,19,1,1,0,1,0,1,TRUE,2.32142857142857,2.42857142857143,2.75,2,2,1,2,2,2,2,1,"Out","Out","outgroup","outgroup",1,0,0,0,1,1,"Out","Out",,1,0,1,0,1,0,1,0,0,"Victim__J_Out__C_Out",0,-9,9,"Hum_x_Ing","Hum_x_Ing__Victim","Hum_x_Ing__Accept","Hum_x_Ing__Victim__Accept",0,1,0,0,0,0,"Victim__J_Out__C_Out__Accept","Victim__J_Out__C_Out__Accept",0,0,0,0,1,0,0,0,0,0,0,0,0,0,0,0,0,0,0,0,0,0,0,0,0,0,0
263,3,2,"victim",0,19,1,1,0,1,0,1,TRUE,2.32142857142857,2.42857142857143,2.75,2,2,1,2,2,2,2,1,"Out","Out","outgroup","outgroup",1,0,0,0,1,1,"Out","Out",,1,0,1,0,1,0,1,0,0,"Victim__J_Out__C_Out",0,-9,9,"Hum_x_Ing","Hum_x_Ing__Victim","Hum_x_Ing__Accept","Hum_x_Ing__Victim__Accept",0,1,0,0,0,0,"Victim__J_Out__C_Out__Accept","Victim__J_Out__C_Out__Accept",0,0,0,0,1,0,0,0,0,0,0,0,0,0,0,0,0,0,0,0,0,0,0,0,0,0,0
263,4,1,"victim",0,19,1,1,0,1,0,1,TRUE,2.32142857142857,2.42857142857143,2.75,2,2,1,1,2,1,2,1,"In","Out","ingroup","outgroup",0,0,0,1,1,0,"In","Out",,0,0,1,0,0,0,1,0,0,"Victim__J_In__C_Out",0,-9,9,"Hum_x_Hum","Hum_x_Hum__Victim","Hum_x_Hum__Accept","Hum_x_Hum__Victim__Accept",1,0,0,0,0,0,"Victim__J_In__C_Out__Accept","Victim__J_In__C_Out__Accept",0,0,0,1,0,0,0,0,0,0,0,0,0,0,0,0,0,0,0,0,0,0,0,0,0,0,0
263,4,2,"victim",0,19,1,1,0,1,0,1,TRUE,2.32142857142857,2.42857142857143,2.75,2,2,1,1,2,2,1,1,"In","Out","outgroup","ingroup",1,0,0,0,0,1,"Out","In",,0,0,1,0,1,0,0,0,0,"Victim__J_Out__C_In",0,9,-9,"Hum_x_Ing","Hum_x_Ing__Victim","Hum_x_Ing__Reject","Hum_x_Ing__Victim__Reject",0,1,0,0,0,0,"Victim__J_Out__C_In__Reject","Victim__J_Out__C_In__Reject",0,1,0,0,0,0,0,0,0,0,0,0,0,0,0,0,0,0,0,0,0,0,0,0,0,0,0
263,5,1,"victim",0,19,1,1,0,1,0,1,TRUE,2.32142857142857,2.42857142857143,2.75,2,2,1,1,1,1,1,1,"In","In","ingroup","ingroup",0,0,0,1,0,1,"In","In",,0,0,0,0,0,0,0,0,0,"Victim__J_In__C_In",0,9,-9,"Hum_x_Hum","Hum_x_Hum__Victim","Hum_x_Hum__Reject","Hum_x_Hum__Victim__Reject",1,0,0,0,0,0,"Victim__J_In__C_In__Reject","Victim__J_In__C_In__Reject",1,0,0,0,0,0,0,0,0,0,0,0,0,0,0,0,0,0,0,0,0,0,0,0,0,0,0
263,5,2,"victim",0,19,1,1,0,1,0,1,TRUE,2.32142857142857,2.42857142857143,2.75,2,2,1,1,1,1,1,1,"In","In","ingroup","ingroup",0,0,0,1,1,0,"In","In",,0,0,0,0,0,0,0,0,0,"Victim__J_In__C_In",0,-9,9,"Hum_x_Hum","Hum_x_Hum__Victim","Hum_x_Hum__Accept","Hum_x_Hum__Victim__Accept",1,0,0,0,0,0,"Victim__J_In__C_In__Accept","Victim__J_In__C_In__Accept",1,0,0,0,0,0,0,0,0,0,0,0,0,0,0,0,0,0,0,0,0,0,0,0,0,0,0
263,7,1,"observer",1,19,1,1,0,1,0,1,TRUE,2.32142857142857,2.42857142857143,2.75,2,2,1,2,1,2,1,2,"Out","In","outgroup","ingroup",1,0,1,1,1,1,"Out","In","Out",1,0,0,0,1,0,0,0,1,"Observer__J_Out__C_In__V_Out",0,-9,9,"Ing_x_Ing","Ing_x_Ing__Observer","Ing_x_Ing__Accept","Ing_x_Ing__Observer__Accept",0,0,0,0,1,0,"Observer__J_Out__C_In__V_Out__Accept","Observer__J_Out__C_In__V_Out__Accept",0,0,0,0,0,0,0,0,0,0,0,0,0,0,0,0,0,0,0,1,0,0,0,0,0,0,0
263,7,2,"observer",1,19,1,1,0,1,0,1,TRUE,2.32142857142857,2.42857142857143,2.75,2,2,1,2,1,1,2,2,"Out","In","ingroup","outgroup",0,0,1,0,1,1,"In","Out","Out",1,0,0,0,0,0,1,0,1,"Observer__J_In__C_Out__V_Out",0,-9,9,"Ing_x_Hum","Ing_x_Hum__Observer","Ing_x_Hum__Accept","Ing_x_Hum__Observer__Accept",0,0,0,1,0,0,"Observer__J_In__C_Out__V_Out__Accept","Observer__J_In__C_Out__V_Out__Accept",0,0,0,0,0,0,0,0,0,0,0,0,0,0,0,0,0,0,0,0,0,1,0,0,0,0,0
263,8,1,"observer",1,19,1,1,0,1,0,1,TRUE,2.32142857142857,2.42857142857143,2.75,2,2,1,1,1,1,1,2,"In","In","ingroup","ingroup",0,0,1,0,0,0,"In","In","Out",0,0,0,0,0,0,0,0,1,"Observer__J_In__C_In__V_Out",0,9,-9,"Ing_x_Hum","Ing_x_Hum__Observer","Ing_x_Hum__Reject","Ing_x_Hum__Observer__Reject",0,0,0,1,0,0,"Observer__J_In__C_In__V_Out__Reject","Observer__J_In__C_In__V_Out__Reject",0,0,0,0,0,0,0,0,0,0,0,0,0,0,0,0,0,0,1,0,0,0,0,0,0,0,0
263,8,2,"observer",1,19,1,1,0,1,0,1,TRUE,2.32142857142857,2.42857142857143,2.75,2,2,1,1,1,1,1,2,"In","In","ingroup","ingroup",0,0,1,0,0,0,"In","In","Out",0,0,0,0,0,0,0,0,1,"Observer__J_In__C_In__V_Out",0,9,-9,"Ing_x_Hum","Ing_x_Hum__Observer","Ing_x_Hum__Reject","Ing_x_Hum__Observer__Reject",0,0,0,1,0,0,"Observer__J_In__C_In__V_Out__Reject","Observer__J_In__C_In__V_Out__Reject",0,0,0,0,0,0,0,0,0,0,0,0,0,0,0,0,0,0,1,0,0,0,0,0,0,0,0
263,10,1,"observer",1,19,1,1,0,1,0,1,TRUE,2.32142857142857,2.42857142857143,2.75,2,2,1,2,2,2,2,2,"Out","Out","outgroup","outgroup",1,0,1,1,1,0,"Out","Out","Out",1,0,1,0,1,0,1,0,1,"Observer__J_Out__C_Out__V_Out",0,-9,9,"Ing_x_Ing","Ing_x_Ing__Observer","Ing_x_Ing__Accept","Ing_x_Ing__Observer__Accept",0,0,0,0,1,0,"Observer__J_Out__C_Out__V_Out__Accept","Observer__J_Out__C_Out__V_Out__Accept",0,0,0,0,0,0,0,0,0,0,0,0,0,0,0,0,0,0,0,0,0,0,1,0,0,0,0
263,10,2,"observer",1,19,1,1,0,1,0,1,TRUE,2.32142857142857,2.42857142857143,2.75,2,2,1,2,2,2,2,2,"Out","Out","outgroup","outgroup",1,0,1,1,0,1,"Out","Out","Out",1,0,1,0,1,0,1,0,1,"Observer__J_Out__C_Out__V_Out",0,9,-9,"Ing_x_Ing","Ing_x_Ing__Observer","Ing_x_Ing__Reject","Ing_x_Ing__Observer__Reject",0,0,0,0,1,0,"Observer__J_Out__C_Out__V_Out__Reject","Observer__J_Out__C_Out__V_Out__Reject",0,0,0,0,0,0,0,0,0,0,0,0,0,0,0,0,0,0,0,0,0,0,1,0,0,0,0
264,1,1,"observer",1,19,4,2,1,2,1,2,TRUE,2.64285714285714,2.57142857142857,2.5,3.42857142857143,2,2,2,2,2,2,1,"In","In","ingroup","ingroup",0,0,1,0,1,1,"In","In","Out",0,0,0,0,0,0,0,0,1,"Observer__J_In__C_In__V_Out",0,7,-7,"Hum_x_Ing","Hum_x_Ing__Observer","Hum_x_Ing__Accept","Hum_x_Ing__Observer__Accept",0,1,0,0,0,0,"Observer__J_In__C_In__V_Out__Accept","Observer__J_In__C_In__V_Out__Accept",0,0,0,0,0,0,0,0,0,0,0,0,0,0,0,0,0,0,1,0,0,0,0,0,0,0,0
264,1,2,"observer",1,19,4,2,1,2,1,2,TRUE,2.64285714285714,2.57142857142857,2.5,3.42857142857143,2,2,2,2,2,2,1,"In","In","ingroup","ingroup",0,0,1,0,1,1,"In","In","Out",0,0,0,0,0,0,0,0,1,"Observer__J_In__C_In__V_Out",0,7,-7,"Hum_x_Ing","Hum_x_Ing__Observer","Hum_x_Ing__Accept","Hum_x_Ing__Observer__Accept",0,1,0,0,0,0,"Observer__J_In__C_In__V_Out__Accept","Observer__J_In__C_In__V_Out__Accept",0,0,0,0,0,0,0,0,0,0,0,0,0,0,0,0,0,0,1,0,0,0,0,0,0,0,0
264,8,1,"victim",0,19,4,2,1,2,1,2,TRUE,2.64285714285714,2.57142857142857,2.5,3.42857142857143,2,2,2,1,2,1,2,"In","Out","ingroup","outgroup",0,0,0,1,1,0,"In","Out",,0,0,1,0,0,0,1,0,0,"Victim__J_In__C_Out",0,7,-7,"Ing_x_Ing","Ing_x_Ing__Victim","Ing_x_Ing__Accept","Ing_x_Ing__Victim__Accept",0,0,0,0,1,0,"Victim__J_In__C_Out__Accept","Victim__J_In__C_Out__Accept",0,0,0,1,0,0,0,0,0,0,0,0,0,0,0,0,0,0,0,0,0,0,0,0,0,0,0
264,8,2,"victim",0,19,4,2,1,2,1,2,TRUE,2.64285714285714,2.57142857142857,2.5,3.42857142857143,2,2,2,1,1,2,2,"In","Out","outgroup","ingroup",1,0,0,0,0,1,"Out","In",,0,0,1,0,1,0,0,0,0,"Victim__J_Out__C_In",0,9,-9,"Ing_x_Hum","Ing_x_Hum__Victim","Ing_x_Hum__Reject","Ing_x_Hum__Victim__Reject",0,0,0,1,0,0,"Victim__J_Out__C_In__Reject","Victim__J_Out__C_In__Reject",0,1,0,0,0,0,0,0,0,0,0,0,0,0,0,0,0,0,0,0,0,0,0,0,0,0,0
265,3,1,"observer",1,21,1,2,1,2,1,2,TRUE,2.21428571428571,2.14285714285714,2.25,2.42857142857143,2,2,1,1,1,1,2,"Out","Out","outgroup","outgroup",1,0,0,0,0,1,"Out","Out","In",1,0,1,0,1,0,1,0,0,"Observer__J_Out__C_Out__V_In",0,4,-4,"Ing_x_Hum","Ing_x_Hum__Observer","Ing_x_Hum__Reject","Ing_x_Hum__Observer__Reject",0,0,0,1,0,0,"Observer__J_Out__C_Out__V_In__Reject","Observer__J_Out__C_Out__V_In__Reject",0,0,0,0,0,0,0,0,0,0,0,0,0,1,0,0,0,0,0,0,0,0,0,0,0,0,0
265,3,2,"observer",1,21,1,2,1,2,1,2,TRUE,2.21428571428571,2.14285714285714,2.25,2.42857142857143,2,2,1,1,1,1,2,"Out","Out","outgroup","outgroup",1,0,0,0,1,0,"Out","Out","In",1,0,1,0,1,0,1,0,0,"Observer__J_Out__C_Out__V_In",0,4,-4,"Ing_x_Hum","Ing_x_Hum__Observer","Ing_x_Hum__Accept","Ing_x_Hum__Observer__Accept",0,0,0,1,0,0,"Observer__J_Out__C_Out__V_In__Accept","Observer__J_Out__C_Out__V_In__Accept",0,0,0,0,0,0,0,0,0,0,0,0,0,1,0,0,0,0,0,0,0,0,0,0,0,0,0
265,4,1,"observer",1,21,1,2,1,2,1,2,TRUE,2.21428571428571,2.14285714285714,2.25,2.42857142857143,2,2,2,2,2,2,1,"In","In","ingroup","ingroup",0,0,1,0,0,0,"In","In","Out",0,0,0,0,0,0,0,0,1,"Observer__J_In__C_In__V_Out",0,5,-5,"Hum_x_Ing","Hum_x_Ing__Observer","Hum_x_Ing__Reject","Hum_x_Ing__Observer__Reject",0,1,0,0,0,0,"Observer__J_In__C_In__V_Out__Reject","Observer__J_In__C_In__V_Out__Reject",0,0,0,0,0,0,0,0,0,0,0,0,0,0,0,0,0,0,1,0,0,0,0,0,0,0,0
265,4,2,"observer",1,21,1,2,1,2,1,2,TRUE,2.21428571428571,2.14285714285714,2.25,2.42857142857143,2,2,2,2,2,2,1,"In","In","ingroup","ingroup",0,0,1,0,0,0,"In","In","Out",0,0,0,0,0,0,0,0,1,"Observer__J_In__C_In__V_Out",0,5,-5,"Hum_x_Ing","Hum_x_Ing__Observer","Hum_x_Ing__Reject","Hum_x_Ing__Observer__Reject",0,1,0,0,0,0,"Observer__J_In__C_In__V_Out__Reject","Observer__J_In__C_In__V_Out__Reject",0,0,0,0,0,0,0,0,0,0,0,0,0,0,0,0,0,0,1,0,0,0,0,0,0,0,0
265,5,1,"observer",1,21,1,2,1,2,1,2,TRUE,2.21428571428571,2.14285714285714,2.25,2.42857142857143,2,2,2,1,2,1,2,"In","Out","ingroup","outgroup",0,0,0,1,1,1,"In","Out","In",0,0,1,0,0,0,1,0,0,"Observer__J_In__C_Out__V_In",0,5,-5,"Ing_x_Ing","Ing_x_Ing__Observer","Ing_x_Ing__Accept","Ing_x_Ing__Observer__Accept",0,0,0,0,1,0,"Observer__J_In__C_Out__V_In__Accept","Observer__J_In__C_Out__V_In__Accept",0,0,0,0,0,0,0,0,0,0,0,0,1,0,0,0,0,0,0,0,0,0,0,0,0,0,0
265,5,2,"observer",1,21,1,2,1,2,1,2,TRUE,2.21428571428571,2.14285714285714,2.25,2.42857142857143,2,2,2,1,1,2,2,"In","Out","outgroup","ingroup",1,0,0,0,1,1,"Out","In","In",0,0,1,0,1,0,0,0,0,"Observer__J_Out__C_In__V_In",0,5,-5,"Ing_x_Hum","Ing_x_Hum__Observer","Ing_x_Hum__Accept","Ing_x_Hum__Observer__Accept",0,0,0,1,0,0,"Observer__J_Out__C_In__V_In__Accept","Observer__J_Out__C_In__V_In__Accept",0,0,0,0,0,0,0,0,0,0,1,0,0,0,0,0,0,0,0,0,0,0,0,0,0,0,0
265,10,1,"victim",0,21,1,2,1,2,1,2,TRUE,2.21428571428571,2.14285714285714,2.25,2.42857142857143,2,2,1,2,1,2,2,"Out","In","outgroup","ingroup",1,0,0,0,0,1,"Out","In",,1,0,0,0,1,0,0,0,0,"Victim__J_Out__C_In",0,5,-5,"Ing_x_Hum","Ing_x_Hum__Victim","Ing_x_Hum__Reject","Ing_x_Hum__Victim__Reject",0,0,0,1,0,0,"Victim__J_Out__C_In__Reject","Victim__J_Out__C_In__Reject",0,1,0,0,0,0,0,0,0,0,0,0,0,0,0,0,0,0,0,0,0,0,0,0,0,0,0
265,10,2,"victim",0,21,1,2,1,2,1,2,TRUE,2.21428571428571,2.14285714285714,2.25,2.42857142857143,2,2,1,2,2,1,2,"Out","In","ingroup","outgroup",0,0,0,1,1,0,"In","Out",,1,0,0,0,0,0,1,0,0,"Victim__J_In__C_Out",0,5,-5,"Ing_x_Ing","Ing_x_Ing__Victim","Ing_x_Ing__Accept","Ing_x_Ing__Victim__Accept",0,0,0,0,1,0,"Victim__J_In__C_Out__Accept","Victim__J_In__C_Out__Accept",0,0,0,1,0,0,0,0,0,0,0,0,0,0,0,0,0,0,0,0,0,0,0,0,0,0,0
266,2,1,"observer",1,18,5,1,0,2,1,2,TRUE,2.57142857142857,2.42857142857143,3,2.71428571428571,2,2,2,1,2,1,1,"In","Out","ingroup","outgroup",0,0,1,0,1,1,"In","Out","Out",0,0,1,0,0,0,1,0,1,"Observer__J_In__C_Out__V_Out",0,-1,1,"Hum_x_Ing","Hum_x_Ing__Observer","Hum_x_Ing__Accept","Hum_x_Ing__Observer__Accept",0,1,0,0,0,0,"Observer__J_In__C_Out__V_Out__Accept","Observer__J_In__C_Out__V_Out__Accept",0,0,0,0,0,0,0,0,0,0,0,0,0,0,0,0,0,0,0,0,0,1,0,0,0,0,0
266,2,2,"observer",1,18,5,1,0,2,1,2,TRUE,2.57142857142857,2.42857142857143,3,2.71428571428571,2,2,2,1,1,2,1,"In","Out","outgroup","ingroup",1,0,1,1,1,1,"Out","In","Out",0,0,1,0,1,0,0,0,1,"Observer__J_Out__C_In__V_Out",0,-1,1,"Hum_x_Hum","Hum_x_Hum__Observer","Hum_x_Hum__Accept","Hum_x_Hum__Observer__Accept",1,0,0,0,0,0,"Observer__J_Out__C_In__V_Out__Accept","Observer__J_Out__C_In__V_Out__Accept",0,0,0,0,0,0,0,0,0,0,0,0,0,0,0,0,0,0,0,1,0,0,0,0,0,0,0
266,3,1,"observer",1,18,5,1,0,2,1,2,TRUE,2.57142857142857,2.42857142857143,3,2.71428571428571,2,2,2,2,2,2,1,"In","In","ingroup","ingroup",0,0,1,0,1,1,"In","In","Out",0,0,0,0,0,0,0,0,1,"Observer__J_In__C_In__V_Out",0,-1,1,"Hum_x_Ing","Hum_x_Ing__Observer","Hum_x_Ing__Accept","Hum_x_Ing__Observer__Accept",0,1,0,0,0,0,"Observer__J_In__C_In__V_Out__Accept","Observer__J_In__C_In__V_Out__Accept",0,0,0,0,0,0,0,0,0,0,0,0,0,0,0,0,0,0,1,0,0,0,0,0,0,0,0
266,3,2,"observer",1,18,5,1,0,2,1,2,TRUE,2.57142857142857,2.42857142857143,3,2.71428571428571,2,2,2,2,2,2,1,"In","In","ingroup","ingroup",0,0,1,0,1,1,"In","In","Out",0,0,0,0,0,0,0,0,1,"Observer__J_In__C_In__V_Out",0,-1,1,"Hum_x_Ing","Hum_x_Ing__Observer","Hum_x_Ing__Accept","Hum_x_Ing__Observer__Accept",0,1,0,0,0,0,"Observer__J_In__C_In__V_Out__Accept","Observer__J_In__C_In__V_Out__Accept",0,0,0,0,0,0,0,0,0,0,0,0,0,0,0,0,0,0,1,0,0,0,0,0,0,0,0
266,4,1,"observer",1,18,5,1,0,2,1,2,TRUE,2.57142857142857,2.42857142857143,3,2.71428571428571,2,2,2,1,2,1,2,"In","Out","ingroup","outgroup",0,0,0,1,1,1,"In","Out","In",0,0,1,0,0,0,1,0,0,"Observer__J_In__C_Out__V_In",0,-1,1,"Ing_x_Ing","Ing_x_Ing__Observer","Ing_x_Ing__Accept","Ing_x_Ing__Observer__Accept",0,0,0,0,1,0,"Observer__J_In__C_Out__V_In__Accept","Observer__J_In__C_Out__V_In__Accept",0,0,0,0,0,0,0,0,0,0,0,0,1,0,0,0,0,0,0,0,0,0,0,0,0,0,0
266,4,2,"observer",1,18,5,1,0,2,1,2,TRUE,2.57142857142857,2.42857142857143,3,2.71428571428571,2,2,2,1,1,2,2,"In","Out","outgroup","ingroup",1,0,0,0,1,1,"Out","In","In",0,0,1,0,1,0,0,0,0,"Observer__J_Out__C_In__V_In",0,-1,1,"Ing_x_Hum","Ing_x_Hum__Observer","Ing_x_Hum__Accept","Ing_x_Hum__Observer__Accept",0,0,0,1,0,0,"Observer__J_Out__C_In__V_In__Accept","Observer__J_Out__C_In__V_In__Accept",0,0,0,0,0,0,0,0,0,0,1,0,0,0,0,0,0,0,0,0,0,0,0,0,0,0,0
266,7,1,"victim",0,18,5,1,0,2,1,2,TRUE,2.57142857142857,2.42857142857143,3,2.71428571428571,2,2,2,2,2,2,2,"In","In","ingroup","ingroup",0,0,0,1,1,1,"In","In",,0,0,0,0,0,0,0,0,0,"Victim__J_In__C_In",0,-1,1,"Ing_x_Ing","Ing_x_Ing__Victim","Ing_x_Ing__Accept","Ing_x_Ing__Victim__Accept",0,0,0,0,1,0,"Victim__J_In__C_In__Accept","Victim__J_In__C_In__Accept",1,0,0,0,0,0,0,0,0,0,0,0,0,0,0,0,0,0,0,0,0,0,0,0,0,0,0
266,7,2,"victim",0,18,5,1,0,2,1,2,TRUE,2.57142857142857,2.42857142857143,3,2.71428571428571,2,2,2,2,2,2,2,"In","In","ingroup","ingroup",0,0,0,1,1,1,"In","In",,0,0,0,0,0,0,0,0,0,"Victim__J_In__C_In",0,-1,1,"Ing_x_Ing","Ing_x_Ing__Victim","Ing_x_Ing__Accept","Ing_x_Ing__Victim__Accept",0,0,0,0,1,0,"Victim__J_In__C_In__Accept","Victim__J_In__C_In__Accept",1,0,0,0,0,0,0,0,0,0,0,0,0,0,0,0,0,0,0,0,0,0,0,0,0,0,0
266,8,1,"victim",0,18,5,1,0,2,1,2,TRUE,2.57142857142857,2.42857142857143,3,2.71428571428571,2,2,2,1,2,1,2,"In","Out","ingroup","outgroup",0,0,0,1,0,0,"In","Out",,0,0,1,0,0,0,1,0,0,"Victim__J_In__C_Out",0,5,-5,"Ing_x_Ing","Ing_x_Ing__Victim","Ing_x_Ing__Reject","Ing_x_Ing__Victim__Reject",0,0,0,0,1,0,"Victim__J_In__C_Out__Reject","Victim__J_In__C_Out__Reject",0,0,0,1,0,0,0,0,0,0,0,0,0,0,0,0,0,0,0,0,0,0,0,0,0,0,0
266,8,2,"victim",0,18,5,1,0,2,1,2,TRUE,2.57142857142857,2.42857142857143,3,2.71428571428571,2,2,2,1,1,2,2,"In","Out","outgroup","ingroup",1,0,0,0,0,0,"Out","In",,0,0,1,0,1,0,0,0,0,"Victim__J_Out__C_In",0,5,-5,"Ing_x_Hum","Ing_x_Hum__Victim","Ing_x_Hum__Reject","Ing_x_Hum__Victim__Reject",0,0,0,1,0,0,"Victim__J_Out__C_In__Reject","Victim__J_Out__C_In__Reject",0,1,0,0,0,0,0,0,0,0,0,0,0,0,0,0,0,0,0,0,0,0,0,0,0,0,0
266,9,1,"victim",0,18,5,1,0,2,1,2,TRUE,2.57142857142857,2.42857142857143,3,2.71428571428571,2,2,2,1,2,1,2,"In","Out","ingroup","outgroup",0,0,0,1,1,1,"In","Out",,0,0,1,0,0,0,1,0,0,"Victim__J_In__C_Out",0,-1,1,"Ing_x_Ing","Ing_x_Ing__Victim","Ing_x_Ing__Accept","Ing_x_Ing__Victim__Accept",0,0,0,0,1,0,"Victim__J_In__C_Out__Accept","Victim__J_In__C_Out__Accept",0,0,0,1,0,0,0,0,0,0,0,0,0,0,0,0,0,0,0,0,0,0,0,0,0,0,0
266,9,2,"victim",0,18,5,1,0,2,1,2,TRUE,2.57142857142857,2.42857142857143,3,2.71428571428571,2,2,2,1,1,2,2,"In","Out","outgroup","ingroup",1,0,0,0,1,1,"Out","In",,0,0,1,0,1,0,0,0,0,"Victim__J_Out__C_In",0,-1,1,"Ing_x_Hum","Ing_x_Hum__Victim","Ing_x_Hum__Accept","Ing_x_Hum__Victim__Accept",0,0,0,1,0,0,"Victim__J_Out__C_In__Accept","Victim__J_Out__C_In__Accept",0,1,0,0,0,0,0,0,0,0,0,0,0,0,0,0,0,0,0,0,0,0,0,0,0,0,0
266,10,1,"victim",0,18,5,1,0,2,1,2,TRUE,2.57142857142857,2.42857142857143,3,2.71428571428571,2,2,1,1,1,1,2,"Out","Out","outgroup","outgroup",1,0,0,0,0,0,"Out","Out",,1,0,1,0,1,0,1,0,0,"Victim__J_Out__C_Out",0,5,-5,"Ing_x_Hum","Ing_x_Hum__Victim","Ing_x_Hum__Reject","Ing_x_Hum__Victim__Reject",0,0,0,1,0,0,"Victim__J_Out__C_Out__Reject","Victim__J_Out__C_Out__Reject",0,0,0,0,1,0,0,0,0,0,0,0,0,0,0,0,0,0,0,0,0,0,0,0,0,0,0
266,10,2,"victim",0,18,5,1,0,2,1,2,TRUE,2.57142857142857,2.42857142857143,3,2.71428571428571,2,2,1,1,1,1,2,"Out","Out","outgroup","outgroup",1,0,0,0,0,0,"Out","Out",,1,0,1,0,1,0,1,0,0,"Victim__J_Out__C_Out",0,5,-5,"Ing_x_Hum","Ing_x_Hum__Victim","Ing_x_Hum__Reject","Ing_x_Hum__Victim__Reject",0,0,0,1,0,0,"Victim__J_Out__C_Out__Reject","Victim__J_Out__C_Out__Reject",0,0,0,0,1,0,0,0,0,0,0,0,0,0,0,0,0,0,0,0,0,0,0,0,0,0,0
267,2,1,"victim",0,19,3,1,0,1,0,1,TRUE,2.89285714285714,2.57142857142857,2.625,3.42857142857143,3,1,2,2,2,2,1,"Out","Out","outgroup","outgroup",1,0,0,0,1,0,"Out","Out",,1,0,1,0,1,0,1,0,0,"Victim__J_Out__C_Out",0,-6,6,"Hum_x_Ing","Hum_x_Ing__Victim","Hum_x_Ing__Accept","Hum_x_Ing__Victim__Accept",0,1,0,0,0,0,"Victim__J_Out__C_Out__Accept","Victim__J_Out__C_Out__Accept",0,0,0,0,1,0,0,0,0,0,0,0,0,0,0,0,0,0,0,0,0,0,0,0,0,0,0
267,2,2,"victim",0,19,3,1,0,1,0,1,TRUE,2.89285714285714,2.57142857142857,2.625,3.42857142857143,3,1,2,2,2,2,1,"Out","Out","outgroup","outgroup",1,0,0,0,0,1,"Out","Out",,1,0,1,0,1,0,1,0,0,"Victim__J_Out__C_Out",0,5,-5,"Hum_x_Ing","Hum_x_Ing__Victim","Hum_x_Ing__Reject","Hum_x_Ing__Victim__Reject",0,1,0,0,0,0,"Victim__J_Out__C_Out__Reject","Victim__J_Out__C_Out__Reject",0,0,0,0,1,0,0,0,0,0,0,0,0,0,0,0,0,0,0,0,0,0,0,0,0,0,0
267,6,1,"observer",1,19,3,1,0,1,0,1,TRUE,2.89285714285714,2.57142857142857,2.625,3.42857142857143,3,1,1,2,1,2,2,"In","Out","ingroup","outgroup",0,0,1,0,0,1,"In","Out","Out",0,0,1,0,0,0,1,0,1,"Observer__J_In__C_Out__V_Out",0,4,-4,"Ing_x_Hum","Ing_x_Hum__Observer","Ing_x_Hum__Reject","Ing_x_Hum__Observer__Reject",0,0,0,1,0,0,"Observer__J_In__C_Out__V_Out__Reject","Observer__J_In__C_Out__V_Out__Reject",0,0,0,0,0,0,0,0,0,0,0,0,0,0,0,0,0,0,0,0,0,1,0,0,0,0,0
267,6,2,"observer",1,19,3,1,0,1,0,1,TRUE,2.89285714285714,2.57142857142857,2.625,3.42857142857143,3,1,1,2,2,1,2,"In","Out","outgroup","ingroup",1,0,1,1,1,0,"Out","In","Out",0,0,1,0,1,0,0,0,1,"Observer__J_Out__C_In__V_Out",0,-5,5,"Ing_x_Ing","Ing_x_Ing__Observer","Ing_x_Ing__Accept","Ing_x_Ing__Observer__Accept",0,0,0,0,1,0,"Observer__J_Out__C_In__V_Out__Accept","Observer__J_Out__C_In__V_Out__Accept",0,0,0,0,0,0,0,0,0,0,0,0,0,0,0,0,0,0,0,1,0,0,0,0,0,0,0
267,10,1,"observer",1,19,3,1,0,1,0,1,TRUE,2.89285714285714,2.57142857142857,2.625,3.42857142857143,3,1,1,1,1,1,1,"In","In","ingroup","ingroup",0,0,0,1,0,1,"In","In","In",0,0,0,0,0,0,0,0,0,"Observer__J_In__C_In__V_In",0,4,-4,"Hum_x_Hum","Hum_x_Hum__Observer","Hum_x_Hum__Reject","Hum_x_Hum__Observer__Reject",1,0,0,0,0,0,"Observer__J_In__C_In__V_In__Reject","Observer__J_In__C_In__V_In__Reject",0,0,0,0,0,0,0,0,0,1,0,0,0,0,0,0,0,0,0,0,0,0,0,0,0,0,0
267,10,2,"observer",1,19,3,1,0,1,0,1,TRUE,2.89285714285714,2.57142857142857,2.625,3.42857142857143,3,1,1,1,1,1,1,"In","In","ingroup","ingroup",0,0,0,1,1,0,"In","In","In",0,0,0,0,0,0,0,0,0,"Observer__J_In__C_In__V_In",0,-3,3,"Hum_x_Hum","Hum_x_Hum__Observer","Hum_x_Hum__Accept","Hum_x_Hum__Observer__Accept",1,0,0,0,0,0,"Observer__J_In__C_In__V_In__Accept","Observer__J_In__C_In__V_In__Accept",0,0,0,0,0,0,0,0,0,1,0,0,0,0,0,0,0,0,0,0,0,0,0,0,0,0,0
269,2,1,"observer",1,18,2,1,0,2,1,2,TRUE,2.03571428571429,1.57142857142857,2.375,2,2.16666666666667,2,1,2,1,2,2,"Out","In","outgroup","ingroup",1,0,0,0,0,1,"Out","In","In",1,0,0,0,1,0,0,0,0,"Observer__J_Out__C_In__V_In",0,9,-9,"Ing_x_Hum","Ing_x_Hum__Observer","Ing_x_Hum__Reject","Ing_x_Hum__Observer__Reject",0,0,0,1,0,0,"Observer__J_Out__C_In__V_In__Reject","Observer__J_Out__C_In__V_In__Reject",0,0,0,0,0,0,0,0,0,0,1,0,0,0,0,0,0,0,0,0,0,0,0,0,0,0,0
269,2,2,"observer",1,18,2,1,0,2,1,2,TRUE,2.03571428571429,1.57142857142857,2.375,2,2.16666666666667,2,1,2,2,1,2,"Out","In","ingroup","outgroup",0,0,0,1,1,0,"In","Out","In",1,0,0,0,0,0,1,0,0,"Observer__J_In__C_Out__V_In",0,-9,9,"Ing_x_Ing","Ing_x_Ing__Observer","Ing_x_Ing__Accept","Ing_x_Ing__Observer__Accept",0,0,0,0,1,0,"Observer__J_In__C_Out__V_In__Accept","Observer__J_In__C_Out__V_In__Accept",0,0,0,0,0,0,0,0,0,0,0,0,1,0,0,0,0,0,0,0,0,0,0,0,0,0,0
269,4,1,"observer",1,18,2,1,0,2,1,2,TRUE,2.03571428571429,1.57142857142857,2.375,2,2.16666666666667,2,2,2,2,2,2,"In","In","ingroup","ingroup",0,0,0,1,1,1,"In","In","In",0,0,0,0,0,0,0,0,0,"Observer__J_In__C_In__V_In",0,-9,9,"Ing_x_Ing","Ing_x_Ing__Observer","Ing_x_Ing__Accept","Ing_x_Ing__Observer__Accept",0,0,0,0,1,0,"Observer__J_In__C_In__V_In__Accept","Observer__J_In__C_In__V_In__Accept",0,0,0,0,0,0,0,0,0,1,0,0,0,0,0,0,0,0,0,0,0,0,0,0,0,0,0
269,4,2,"observer",1,18,2,1,0,2,1,2,TRUE,2.03571428571429,1.57142857142857,2.375,2,2.16666666666667,2,2,2,2,2,2,"In","In","ingroup","ingroup",0,0,0,1,1,1,"In","In","In",0,0,0,0,0,0,0,0,0,"Observer__J_In__C_In__V_In",0,-9,9,"Ing_x_Ing","Ing_x_Ing__Observer","Ing_x_Ing__Accept","Ing_x_Ing__Observer__Accept",0,0,0,0,1,0,"Observer__J_In__C_In__V_In__Accept","Observer__J_In__C_In__V_In__Accept",0,0,0,0,0,0,0,0,0,1,0,0,0,0,0,0,0,0,0,0,0,0,0,0,0,0,0
269,5,1,"observer",1,18,2,1,0,2,1,2,TRUE,2.03571428571429,1.57142857142857,2.375,2,2.16666666666667,2,1,2,1,2,1,"Out","In","outgroup","ingroup",1,0,1,1,1,0,"Out","In","Out",1,0,0,0,1,0,0,0,1,"Observer__J_Out__C_In__V_Out",0,-9,9,"Hum_x_Hum","Hum_x_Hum__Observer","Hum_x_Hum__Accept","Hum_x_Hum__Observer__Accept",1,0,0,0,0,0,"Observer__J_Out__C_In__V_Out__Accept","Observer__J_Out__C_In__V_Out__Accept",0,0,0,0,0,0,0,0,0,0,0,0,0,0,0,0,0,0,0,1,0,0,0,0,0,0,0
269,5,2,"observer",1,18,2,1,0,2,1,2,TRUE,2.03571428571429,1.57142857142857,2.375,2,2.16666666666667,2,1,2,2,1,1,"Out","In","ingroup","outgroup",0,0,1,0,0,1,"In","Out","Out",1,0,0,0,0,0,1,0,1,"Observer__J_In__C_Out__V_Out",0,9,-9,"Hum_x_Ing","Hum_x_Ing__Observer","Hum_x_Ing__Reject","Hum_x_Ing__Observer__Reject",0,1,0,0,0,0,"Observer__J_In__C_Out__V_Out__Reject","Observer__J_In__C_Out__V_Out__Reject",0,0,0,0,0,0,0,0,0,0,0,0,0,0,0,0,0,0,0,0,0,1,0,0,0,0,0
269,6,1,"victim",0,18,2,1,0,2,1,2,TRUE,2.03571428571429,1.57142857142857,2.375,2,2.16666666666667,2,1,1,1,1,2,"Out","Out","outgroup","outgroup",1,0,0,0,0,0,"Out","Out",,1,0,1,0,1,0,1,0,0,"Victim__J_Out__C_Out",0,9,-9,"Ing_x_Hum","Ing_x_Hum__Victim","Ing_x_Hum__Reject","Ing_x_Hum__Victim__Reject",0,0,0,1,0,0,"Victim__J_Out__C_Out__Reject","Victim__J_Out__C_Out__Reject",0,0,0,0,1,0,0,0,0,0,0,0,0,0,0,0,0,0,0,0,0,0,0,0,0,0,0
269,6,2,"victim",0,18,2,1,0,2,1,2,TRUE,2.03571428571429,1.57142857142857,2.375,2,2.16666666666667,2,1,1,1,1,2,"Out","Out","outgroup","outgroup",1,0,0,0,0,0,"Out","Out",,1,0,1,0,1,0,1,0,0,"Victim__J_Out__C_Out",0,9,-9,"Ing_x_Hum","Ing_x_Hum__Victim","Ing_x_Hum__Reject","Ing_x_Hum__Victim__Reject",0,0,0,1,0,0,"Victim__J_Out__C_Out__Reject","Victim__J_Out__C_Out__Reject",0,0,0,0,1,0,0,0,0,0,0,0,0,0,0,0,0,0,0,0,0,0,0,0,0,0,0
269,10,1,"victim",0,18,2,1,0,2,1,2,TRUE,2.03571428571429,1.57142857142857,2.375,2,2.16666666666667,2,2,1,2,1,2,"In","Out","ingroup","outgroup",0,0,0,1,1,1,"In","Out",,0,0,1,0,0,0,1,0,0,"Victim__J_In__C_Out",0,-9,9,"Ing_x_Ing","Ing_x_Ing__Victim","Ing_x_Ing__Accept","Ing_x_Ing__Victim__Accept",0,0,0,0,1,0,"Victim__J_In__C_Out__Accept","Victim__J_In__C_Out__Accept",0,0,0,1,0,0,0,0,0,0,0,0,0,0,0,0,0,0,0,0,0,0,0,0,0,0,0
269,10,2,"victim",0,18,2,1,0,2,1,2,TRUE,2.03571428571429,1.57142857142857,2.375,2,2.16666666666667,2,2,1,1,2,2,"In","Out","outgroup","ingroup",1,0,0,0,1,1,"Out","In",,0,0,1,0,1,0,0,0,0,"Victim__J_Out__C_In",0,-9,9,"Ing_x_Hum","Ing_x_Hum__Victim","Ing_x_Hum__Accept","Ing_x_Hum__Victim__Accept",0,0,0,1,0,0,"Victim__J_Out__C_In__Accept","Victim__J_Out__C_In__Accept",0,1,0,0,0,0,0,0,0,0,0,0,0,0,0,0,0,0,0,0,0,0,0,0,0,0,0
270,3,1,"victim",0,19,2,1,0,2,1,1,TRUE,2.32142857142857,1.71428571428571,3.125,1.85714285714286,2.5,2,1,1,1,1,2,"Out","Out","outgroup","outgroup",1,0,0,0,0,0,"Out","Out",,1,0,1,0,1,0,1,0,0,"Victim__J_Out__C_Out",0,8,-8,"Ing_x_Hum","Ing_x_Hum__Victim","Ing_x_Hum__Reject","Ing_x_Hum__Victim__Reject",0,0,0,1,0,0,"Victim__J_Out__C_Out__Reject","Victim__J_Out__C_Out__Reject",0,0,0,0,1,0,0,0,0,0,0,0,0,0,0,0,0,0,0,0,0,0,0,0,0,0,0
270,3,2,"victim",0,19,2,1,0,2,1,1,TRUE,2.32142857142857,1.71428571428571,3.125,1.85714285714286,2.5,2,1,1,1,1,2,"Out","Out","outgroup","outgroup",1,0,0,0,0,0,"Out","Out",,1,0,1,0,1,0,1,0,0,"Victim__J_Out__C_Out",0,8,-8,"Ing_x_Hum","Ing_x_Hum__Victim","Ing_x_Hum__Reject","Ing_x_Hum__Victim__Reject",0,0,0,1,0,0,"Victim__J_Out__C_Out__Reject","Victim__J_Out__C_Out__Reject",0,0,0,0,1,0,0,0,0,0,0,0,0,0,0,0,0,0,0,0,0,0,0,0,0,0,0
270,6,1,"observer",1,19,2,1,0,2,1,1,TRUE,2.32142857142857,1.71428571428571,3.125,1.85714285714286,2.5,2,1,2,1,2,2,"Out","In","outgroup","ingroup",1,0,0,0,0,1,"Out","In","In",1,0,0,0,1,0,0,0,0,"Observer__J_Out__C_In__V_In",0,9,-9,"Ing_x_Hum","Ing_x_Hum__Observer","Ing_x_Hum__Reject","Ing_x_Hum__Observer__Reject",0,0,0,1,0,0,"Observer__J_Out__C_In__V_In__Reject","Observer__J_Out__C_In__V_In__Reject",0,0,0,0,0,0,0,0,0,0,1,0,0,0,0,0,0,0,0,0,0,0,0,0,0,0,0
270,6,2,"observer",1,19,2,1,0,2,1,1,TRUE,2.32142857142857,1.71428571428571,3.125,1.85714285714286,2.5,2,1,2,2,1,2,"Out","In","ingroup","outgroup",0,0,0,1,1,0,"In","Out","In",1,0,0,0,0,0,1,0,0,"Observer__J_In__C_Out__V_In",0,-2,2,"Ing_x_Ing","Ing_x_Ing__Observer","Ing_x_Ing__Accept","Ing_x_Ing__Observer__Accept",0,0,0,0,1,0,"Observer__J_In__C_Out__V_In__Accept","Observer__J_In__C_Out__V_In__Accept",0,0,0,0,0,0,0,0,0,0,0,0,1,0,0,0,0,0,0,0,0,0,0,0,0,0,0
270,9,1,"observer",1,19,2,1,0,2,1,1,TRUE,2.32142857142857,1.71428571428571,3.125,1.85714285714286,2.5,2,2,2,2,2,2,"In","In","ingroup","ingroup",0,0,0,1,1,1,"In","In","In",0,0,0,0,0,0,0,0,0,"Observer__J_In__C_In__V_In",0,-4,4,"Ing_x_Ing","Ing_x_Ing__Observer","Ing_x_Ing__Accept","Ing_x_Ing__Observer__Accept",0,0,0,0,1,0,"Observer__J_In__C_In__V_In__Accept","Observer__J_In__C_In__V_In__Accept",0,0,0,0,0,0,0,0,0,1,0,0,0,0,0,0,0,0,0,0,0,0,0,0,0,0,0
270,9,2,"observer",1,19,2,1,0,2,1,1,TRUE,2.32142857142857,1.71428571428571,3.125,1.85714285714286,2.5,2,2,2,2,2,2,"In","In","ingroup","ingroup",0,0,0,1,1,1,"In","In","In",0,0,0,0,0,0,0,0,0,"Observer__J_In__C_In__V_In",0,-4,4,"Ing_x_Ing","Ing_x_Ing__Observer","Ing_x_Ing__Accept","Ing_x_Ing__Observer__Accept",0,0,0,0,1,0,"Observer__J_In__C_In__V_In__Accept","Observer__J_In__C_In__V_In__Accept",0,0,0,0,0,0,0,0,0,1,0,0,0,0,0,0,0,0,0,0,0,0,0,0,0,0,0
270,10,1,"observer",1,19,2,1,0,2,1,1,TRUE,2.32142857142857,1.71428571428571,3.125,1.85714285714286,2.5,2,2,1,2,1,2,"In","Out","ingroup","outgroup",0,0,0,1,1,1,"In","Out","In",0,0,1,0,0,0,1,0,0,"Observer__J_In__C_Out__V_In",0,-5,5,"Ing_x_Ing","Ing_x_Ing__Observer","Ing_x_Ing__Accept","Ing_x_Ing__Observer__Accept",0,0,0,0,1,0,"Observer__J_In__C_Out__V_In__Accept","Observer__J_In__C_Out__V_In__Accept",0,0,0,0,0,0,0,0,0,0,0,0,1,0,0,0,0,0,0,0,0,0,0,0,0,0,0
270,10,2,"observer",1,19,2,1,0,2,1,1,TRUE,2.32142857142857,1.71428571428571,3.125,1.85714285714286,2.5,2,2,1,1,2,2,"In","Out","outgroup","ingroup",1,0,0,0,1,1,"Out","In","In",0,0,1,0,1,0,0,0,0,"Observer__J_Out__C_In__V_In",0,-5,5,"Ing_x_Hum","Ing_x_Hum__Observer","Ing_x_Hum__Accept","Ing_x_Hum__Observer__Accept",0,0,0,1,0,0,"Observer__J_Out__C_In__V_In__Accept","Observer__J_Out__C_In__V_In__Accept",0,0,0,0,0,0,0,0,0,0,1,0,0,0,0,0,0,0,0,0,0,0,0,0,0,0,0
271,4,1,"observer",1,19,2,2,1,2,1,2,TRUE,2.17857142857143,2,2.375,2.14285714285714,2.16666666666667,2,1,1,1,1,1,"Out","Out","outgroup","outgroup",1,0,1,1,1,0,"Out","Out","Out",1,0,1,0,1,0,1,0,1,"Observer__J_Out__C_Out__V_Out",0,-9,9,"Hum_x_Hum","Hum_x_Hum__Observer","Hum_x_Hum__Accept","Hum_x_Hum__Observer__Accept",1,0,0,0,0,0,"Observer__J_Out__C_Out__V_Out__Accept","Observer__J_Out__C_Out__V_Out__Accept",0,0,0,0,0,0,0,0,0,0,0,0,0,0,0,0,0,0,0,0,0,0,1,0,0,0,0
271,4,2,"observer",1,19,2,2,1,2,1,2,TRUE,2.17857142857143,2,2.375,2.14285714285714,2.16666666666667,2,1,1,1,1,1,"Out","Out","outgroup","outgroup",1,0,1,1,0,1,"Out","Out","Out",1,0,1,0,1,0,1,0,1,"Observer__J_Out__C_Out__V_Out",0,8,-8,"Hum_x_Hum","Hum_x_Hum__Observer","Hum_x_Hum__Reject","Hum_x_Hum__Observer__Reject",1,0,0,0,0,0,"Observer__J_Out__C_Out__V_Out__Reject","Observer__J_Out__C_Out__V_Out__Reject",0,0,0,0,0,0,0,0,0,0,0,0,0,0,0,0,0,0,0,0,0,0,1,0,0,0,0
271,7,1,"victim",0,19,2,2,1,2,1,2,TRUE,2.17857142857143,2,2.375,2.14285714285714,2.16666666666667,2,1,2,1,2,2,"Out","In","outgroup","ingroup",1,0,0,0,0,0,"Out","In",,1,0,0,0,1,0,0,0,0,"Victim__J_Out__C_In",0,8,-8,"Ing_x_Hum","Ing_x_Hum__Victim","Ing_x_Hum__Reject","Ing_x_Hum__Victim__Reject",0,0,0,1,0,0,"Victim__J_Out__C_In__Reject","Victim__J_Out__C_In__Reject",0,1,0,0,0,0,0,0,0,0,0,0,0,0,0,0,0,0,0,0,0,0,0,0,0,0,0
271,7,2,"victim",0,19,2,2,1,2,1,2,TRUE,2.17857142857143,2,2.375,2.14285714285714,2.16666666666667,2,1,2,2,1,2,"Out","In","ingroup","outgroup",0,0,0,1,0,0,"In","Out",,1,0,0,0,0,0,1,0,0,"Victim__J_In__C_Out",0,8,-8,"Ing_x_Ing","Ing_x_Ing__Victim","Ing_x_Ing__Reject","Ing_x_Ing__Victim__Reject",0,0,0,0,1,0,"Victim__J_In__C_Out__Reject","Victim__J_In__C_Out__Reject",0,0,0,1,0,0,0,0,0,0,0,0,0,0,0,0,0,0,0,0,0,0,0,0,0,0,0
271,8,1,"victim",0,19,2,2,1,2,1,2,TRUE,2.17857142857143,2,2.375,2.14285714285714,2.16666666666667,2,1,1,1,1,2,"Out","Out","outgroup","outgroup",1,0,0,0,0,0,"Out","Out",,1,0,1,0,1,0,1,0,0,"Victim__J_Out__C_Out",0,8,-8,"Ing_x_Hum","Ing_x_Hum__Victim","Ing_x_Hum__Reject","Ing_x_Hum__Victim__Reject",0,0,0,1,0,0,"Victim__J_Out__C_Out__Reject","Victim__J_Out__C_Out__Reject",0,0,0,0,1,0,0,0,0,0,0,0,0,0,0,0,0,0,0,0,0,0,0,0,0,0,0
271,8,2,"victim",0,19,2,2,1,2,1,2,TRUE,2.17857142857143,2,2.375,2.14285714285714,2.16666666666667,2,1,1,1,1,2,"Out","Out","outgroup","outgroup",1,0,0,0,0,0,"Out","Out",,1,0,1,0,1,0,1,0,0,"Victim__J_Out__C_Out",0,8,-8,"Ing_x_Hum","Ing_x_Hum__Victim","Ing_x_Hum__Reject","Ing_x_Hum__Victim__Reject",0,0,0,1,0,0,"Victim__J_Out__C_Out__Reject","Victim__J_Out__C_Out__Reject",0,0,0,0,1,0,0,0,0,0,0,0,0,0,0,0,0,0,0,0,0,0,0,0,0,0,0
271,9,1,"victim",0,19,2,2,1,2,1,2,TRUE,2.17857142857143,2,2.375,2.14285714285714,2.16666666666667,2,1,1,1,1,2,"Out","Out","outgroup","outgroup",1,0,0,0,1,0,"Out","Out",,1,0,1,0,1,0,1,0,0,"Victim__J_Out__C_Out",0,-7,7,"Ing_x_Hum","Ing_x_Hum__Victim","Ing_x_Hum__Accept","Ing_x_Hum__Victim__Accept",0,0,0,1,0,0,"Victim__J_Out__C_Out__Accept","Victim__J_Out__C_Out__Accept",0,0,0,0,1,0,0,0,0,0,0,0,0,0,0,0,0,0,0,0,0,0,0,0,0,0,0
271,9,2,"victim",0,19,2,2,1,2,1,2,TRUE,2.17857142857143,2,2.375,2.14285714285714,2.16666666666667,2,1,1,1,1,2,"Out","Out","outgroup","outgroup",1,0,0,0,0,1,"Out","Out",,1,0,1,0,1,0,1,0,0,"Victim__J_Out__C_Out",0,7,-7,"Ing_x_Hum","Ing_x_Hum__Victim","Ing_x_Hum__Reject","Ing_x_Hum__Victim__Reject",0,0,0,1,0,0,"Victim__J_Out__C_Out__Reject","Victim__J_Out__C_Out__Reject",0,0,0,0,1,0,0,0,0,0,0,0,0,0,0,0,0,0,0,0,0,0,0,0,0,0,0
271,10,1,"victim",0,19,2,2,1,2,1,2,TRUE,2.17857142857143,2,2.375,2.14285714285714,2.16666666666667,2,1,1,1,1,2,"Out","Out","outgroup","outgroup",1,0,0,0,0,0,"Out","Out",,1,0,1,0,1,0,1,0,0,"Victim__J_Out__C_Out",0,8,-8,"Ing_x_Hum","Ing_x_Hum__Victim","Ing_x_Hum__Reject","Ing_x_Hum__Victim__Reject",0,0,0,1,0,0,"Victim__J_Out__C_Out__Reject","Victim__J_Out__C_Out__Reject",0,0,0,0,1,0,0,0,0,0,0,0,0,0,0,0,0,0,0,0,0,0,0,0,0,0,0
271,10,2,"victim",0,19,2,2,1,2,1,2,TRUE,2.17857142857143,2,2.375,2.14285714285714,2.16666666666667,2,1,1,1,1,2,"Out","Out","outgroup","outgroup",1,0,0,0,0,0,"Out","Out",,1,0,1,0,1,0,1,0,0,"Victim__J_Out__C_Out",0,8,-8,"Ing_x_Hum","Ing_x_Hum__Victim","Ing_x_Hum__Reject","Ing_x_Hum__Victim__Reject",0,0,0,1,0,0,"Victim__J_Out__C_Out__Reject","Victim__J_Out__C_Out__Reject",0,0,0,0,1,0,0,0,0,0,0,0,0,0,0,0,0,0,0,0,0,0,0,0,0,0,0
272,1,1,"victim",0,19,1,1,0,1,0,1,TRUE,3.03571428571429,2.85714285714286,3.25,2.57142857142857,3.5,1,2,1,2,1,1,"Out","In","outgroup","ingroup",1,0,0,0,1,1,"Out","In",,1,0,0,0,1,0,0,0,0,"Victim__J_Out__C_In",0,0,0,"Hum_x_Ing","Hum_x_Ing__Victim","Hum_x_Ing__Accept","Hum_x_Ing__Victim__Accept",0,1,0,0,0,0,"Victim__J_Out__C_In__Accept","Victim__J_Out__C_In__Accept",0,1,0,0,0,0,0,0,0,0,0,0,0,0,0,0,0,0,0,0,0,0,0,0,0,0,0
272,1,2,"victim",0,19,1,1,0,1,0,1,TRUE,3.03571428571429,2.85714285714286,3.25,2.57142857142857,3.5,1,2,1,1,2,1,"Out","In","ingroup","outgroup",0,0,0,1,1,1,"In","Out",,1,0,0,0,0,0,1,0,0,"Victim__J_In__C_Out",0,0,0,"Hum_x_Hum","Hum_x_Hum__Victim","Hum_x_Hum__Accept","Hum_x_Hum__Victim__Accept",1,0,0,0,0,0,"Victim__J_In__C_Out__Accept","Victim__J_In__C_Out__Accept",0,0,0,1,0,0,0,0,0,0,0,0,0,0,0,0,0,0,0,0,0,0,0,0,0,0,0
272,2,1,"victim",0,19,1,1,0,1,0,1,TRUE,3.03571428571429,2.85714285714286,3.25,2.57142857142857,3.5,1,1,2,1,2,1,"In","Out","ingroup","outgroup",0,0,0,1,0,0,"In","Out",,0,0,1,0,0,0,1,0,0,"Victim__J_In__C_Out",0,9,-9,"Hum_x_Hum","Hum_x_Hum__Victim","Hum_x_Hum__Reject","Hum_x_Hum__Victim__Reject",1,0,0,0,0,0,"Victim__J_In__C_Out__Reject","Victim__J_In__C_Out__Reject",0,0,0,1,0,0,0,0,0,0,0,0,0,0,0,0,0,0,0,0,0,0,0,0,0,0,0
272,2,2,"victim",0,19,1,1,0,1,0,1,TRUE,3.03571428571429,2.85714285714286,3.25,2.57142857142857,3.5,1,1,2,2,1,1,"In","Out","outgroup","ingroup",1,0,0,0,0,0,"Out","In",,0,0,1,0,1,0,0,0,0,"Victim__J_Out__C_In",0,9,-9,"Hum_x_Ing","Hum_x_Ing__Victim","Hum_x_Ing__Reject","Hum_x_Ing__Victim__Reject",0,1,0,0,0,0,"Victim__J_Out__C_In__Reject","Victim__J_Out__C_In__Reject",0,1,0,0,0,0,0,0,0,0,0,0,0,0,0,0,0,0,0,0,0,0,0,0,0,0,0
272,3,1,"victim",0,19,1,1,0,1,0,1,TRUE,3.03571428571429,2.85714285714286,3.25,2.57142857142857,3.5,1,1,1,1,1,1,"In","In","ingroup","ingroup",0,0,0,1,1,0,"In","In",,0,0,0,0,0,0,0,0,0,"Victim__J_In__C_In",0,-9,9,"Hum_x_Hum","Hum_x_Hum__Victim","Hum_x_Hum__Accept","Hum_x_Hum__Victim__Accept",1,0,0,0,0,0,"Victim__J_In__C_In__Accept","Victim__J_In__C_In__Accept",1,0,0,0,0,0,0,0,0,0,0,0,0,0,0,0,0,0,0,0,0,0,0,0,0,0,0
272,3,2,"victim",0,19,1,1,0,1,0,1,TRUE,3.03571428571429,2.85714285714286,3.25,2.57142857142857,3.5,1,1,1,1,1,1,"In","In","ingroup","ingroup",0,0,0,1,0,1,"In","In",,0,0,0,0,0,0,0,0,0,"Victim__J_In__C_In",0,9,-9,"Hum_x_Hum","Hum_x_Hum__Victim","Hum_x_Hum__Reject","Hum_x_Hum__Victim__Reject",1,0,0,0,0,0,"Victim__J_In__C_In__Reject","Victim__J_In__C_In__Reject",1,0,0,0,0,0,0,0,0,0,0,0,0,0,0,0,0,0,0,0,0,0,0,0,0,0,0
272,4,1,"victim",0,19,1,1,0,1,0,1,TRUE,3.03571428571429,2.85714285714286,3.25,2.57142857142857,3.5,1,1,1,1,1,1,"In","In","ingroup","ingroup",0,0,0,1,0,1,"In","In",,0,0,0,0,0,0,0,0,0,"Victim__J_In__C_In",0,9,-9,"Hum_x_Hum","Hum_x_Hum__Victim","Hum_x_Hum__Reject","Hum_x_Hum__Victim__Reject",1,0,0,0,0,0,"Victim__J_In__C_In__Reject","Victim__J_In__C_In__Reject",1,0,0,0,0,0,0,0,0,0,0,0,0,0,0,0,0,0,0,0,0,0,0,0,0,0,0
272,4,2,"victim",0,19,1,1,0,1,0,1,TRUE,3.03571428571429,2.85714285714286,3.25,2.57142857142857,3.5,1,1,1,1,1,1,"In","In","ingroup","ingroup",0,0,0,1,1,0,"In","In",,0,0,0,0,0,0,0,0,0,"Victim__J_In__C_In",0,-9,9,"Hum_x_Hum","Hum_x_Hum__Victim","Hum_x_Hum__Accept","Hum_x_Hum__Victim__Accept",1,0,0,0,0,0,"Victim__J_In__C_In__Accept","Victim__J_In__C_In__Accept",1,0,0,0,0,0,0,0,0,0,0,0,0,0,0,0,0,0,0,0,0,0,0,0,0,0,0
272,8,1,"observer",1,19,1,1,0,1,0,1,TRUE,3.03571428571429,2.85714285714286,3.25,2.57142857142857,3.5,1,2,2,2,2,1,"Out","Out","outgroup","outgroup",1,0,0,0,0,1,"Out","Out","In",1,0,1,0,1,0,1,0,0,"Observer__J_Out__C_Out__V_In",0,9,-9,"Hum_x_Ing","Hum_x_Ing__Observer","Hum_x_Ing__Reject","Hum_x_Ing__Observer__Reject",0,1,0,0,0,0,"Observer__J_Out__C_Out__V_In__Reject","Observer__J_Out__C_Out__V_In__Reject",0,0,0,0,0,0,0,0,0,0,0,0,0,1,0,0,0,0,0,0,0,0,0,0,0,0,0
272,8,2,"observer",1,19,1,1,0,1,0,1,TRUE,3.03571428571429,2.85714285714286,3.25,2.57142857142857,3.5,1,2,2,2,2,1,"Out","Out","outgroup","outgroup",1,0,0,0,1,0,"Out","Out","In",1,0,1,0,1,0,1,0,0,"Observer__J_Out__C_Out__V_In",0,-9,9,"Hum_x_Ing","Hum_x_Ing__Observer","Hum_x_Ing__Accept","Hum_x_Ing__Observer__Accept",0,1,0,0,0,0,"Observer__J_Out__C_Out__V_In__Accept","Observer__J_Out__C_Out__V_In__Accept",0,0,0,0,0,0,0,0,0,0,0,0,0,1,0,0,0,0,0,0,0,0,0,0,0,0,0
272,9,1,"observer",1,19,1,1,0,1,0,1,TRUE,3.03571428571429,2.85714285714286,3.25,2.57142857142857,3.5,1,1,1,1,1,2,"In","In","ingroup","ingroup",0,0,1,0,0,1,"In","In","Out",0,0,0,0,0,0,0,0,1,"Observer__J_In__C_In__V_Out",0,9,-9,"Ing_x_Hum","Ing_x_Hum__Observer","Ing_x_Hum__Reject","Ing_x_Hum__Observer__Reject",0,0,0,1,0,0,"Observer__J_In__C_In__V_Out__Reject","Observer__J_In__C_In__V_Out__Reject",0,0,0,0,0,0,0,0,0,0,0,0,0,0,0,0,0,0,1,0,0,0,0,0,0,0,0
272,9,2,"observer",1,19,1,1,0,1,0,1,TRUE,3.03571428571429,2.85714285714286,3.25,2.57142857142857,3.5,1,1,1,1,1,2,"In","In","ingroup","ingroup",0,0,1,0,1,0,"In","In","Out",0,0,0,0,0,0,0,0,1,"Observer__J_In__C_In__V_Out",0,-9,9,"Ing_x_Hum","Ing_x_Hum__Observer","Ing_x_Hum__Accept","Ing_x_Hum__Observer__Accept",0,0,0,1,0,0,"Observer__J_In__C_In__V_Out__Accept","Observer__J_In__C_In__V_Out__Accept",0,0,0,0,0,0,0,0,0,0,0,0,0,0,0,0,0,0,1,0,0,0,0,0,0,0,0
