"id","stage","negotiator_slot","role","role_observer","age","economic_status","sex","sex_man","participant_faculty","participant_engineering","treatment","analysis_include","iri_total","iri_fs","iri_ec","iri_pt","iri_pd","relational_reference_faculty","faculty_negotiator1","faculty_negotiator2","faculty_negotiator","faculty_counterpart_negotiator","faculty_victim","group_negotiator1","group_negotiator2","negotiator_alignment","counterpart_alignment","perp_outgroup","perp_control","victim_outgroup","same_group_harm","decision_accept","counterpart_decision_accept","group_negotiator_judged","group_negotiator_counterpart","group_victim","negotiator1_outgroup","negotiator1_control","negotiator2_outgroup","negotiator2_control","judged_outgroup","judged_control","counterpart_outgroup","counterpart_control","observer_victim_outgroup","analytic_case_configuration","scenario_has_control","judgement","condemnation","case_configuration","case_configuration_role","case_configuration_decision","case_configuration_context","case_hum_x_hum","case_hum_x_ing","case_hum_x_control","case_ing_x_hum","case_ing_x_ing","case_ing_x_control","analytic_case_configuration_decision","analytic_case_configuration_context","acfg_victim_j_in_c_in","acfg_victim_j_out_c_in","acfg_victim_j_cont_c_in","acfg_victim_j_in_c_out","acfg_victim_j_out_c_out","acfg_victim_j_cont_c_out","acfg_victim_j_in_c_cont","acfg_victim_j_out_c_cont","acfg_victim_j_cont_c_cont","acfg_observer_j_in_c_in_v_in","acfg_observer_j_out_c_in_v_in","acfg_observer_j_cont_c_in_v_in","acfg_observer_j_in_c_out_v_in","acfg_observer_j_out_c_out_v_in","acfg_observer_j_cont_c_out_v_in","acfg_observer_j_in_c_cont_v_in","acfg_observer_j_out_c_cont_v_in","acfg_observer_j_cont_c_cont_v_in","acfg_observer_j_in_c_in_v_out","acfg_observer_j_out_c_in_v_out","acfg_observer_j_cont_c_in_v_out","acfg_observer_j_in_c_out_v_out","acfg_observer_j_out_c_out_v_out","acfg_observer_j_cont_c_out_v_out","acfg_observer_j_in_c_cont_v_out","acfg_observer_j_out_c_cont_v_out","acfg_observer_j_cont_c_cont_v_out","h2_negotiator_structure","player_victim_alignment","player_victim_outgroup","h2_negstruct_j_out_c_in","h2_negstruct_j_cont_c_in","h2_negstruct_j_in_c_out","h2_negstruct_j_out_c_out","h2_negstruct_j_cont_c_out","h2_negstruct_j_in_c_cont","h2_negstruct_j_out_c_cont","h2_negstruct_j_cont_c_cont"
64,1,1,"victim",0,18,1,2,1,1,0,1,TRUE,3.28571428571429,3.57142857142857,3.25,3.57142857142857,2.66666666666667,1,1,1,1,1,1,"In","In","ingroup","ingroup",0,0,0,1,0,0,"In","In",,0,0,0,0,0,0,0,0,0,"Victim__J_In__C_In",0,9,-9,"Hum_x_Hum","Hum_x_Hum__Victim","Hum_x_Hum__Reject","Hum_x_Hum__Victim__Reject",1,0,0,0,0,0,"Victim__J_In__C_In__Reject","Victim__J_In__C_In__Reject",1,0,0,0,0,0,0,0,0,0,0,0,0,0,0,0,0,0,0,0,0,0,0,0,0,0,0,"J_In__C_In",,,0,0,0,0,0,0,0,0
64,1,2,"victim",0,18,1,2,1,1,0,1,TRUE,3.28571428571429,3.57142857142857,3.25,3.57142857142857,2.66666666666667,1,1,1,1,1,1,"In","In","ingroup","ingroup",0,0,0,1,0,0,"In","In",,0,0,0,0,0,0,0,0,0,"Victim__J_In__C_In",0,9,-9,"Hum_x_Hum","Hum_x_Hum__Victim","Hum_x_Hum__Reject","Hum_x_Hum__Victim__Reject",1,0,0,0,0,0,"Victim__J_In__C_In__Reject","Victim__J_In__C_In__Reject",1,0,0,0,0,0,0,0,0,0,0,0,0,0,0,0,0,0,0,0,0,0,0,0,0,0,0,"J_In__C_In",,,0,0,0,0,0,0,0,0
64,2,1,"victim",0,18,1,2,1,1,0,1,TRUE,3.28571428571429,3.57142857142857,3.25,3.57142857142857,2.66666666666667,1,2,2,2,2,1,"Out","Out","outgroup","outgroup",1,0,0,0,1,1,"Out","Out",,1,0,1,0,1,0,1,0,0,"Victim__J_Out__C_Out",0,-9,9,"Hum_x_Ing","Hum_x_Ing__Victim","Hum_x_Ing__Accept","Hum_x_Ing__Victim__Accept",0,1,0,0,0,0,"Victim__J_Out__C_Out__Accept","Victim__J_Out__C_Out__Accept",0,0,0,0,1,0,0,0,0,0,0,0,0,0,0,0,0,0,0,0,0,0,0,0,0,0,0,"J_Out__C_Out",,,0,0,0,1,0,0,0,0
64,2,2,"victim",0,18,1,2,1,1,0,1,TRUE,3.28571428571429,3.57142857142857,3.25,3.57142857142857,2.66666666666667,1,2,2,2,2,1,"Out","Out","outgroup","outgroup",1,0,0,0,1,1,"Out","Out",,1,0,1,0,1,0,1,0,0,"Victim__J_Out__C_Out",0,-9,9,"Hum_x_Ing","Hum_x_Ing__Victim","Hum_x_Ing__Accept","Hum_x_Ing__Victim__Accept",0,1,0,0,0,0,"Victim__J_Out__C_Out__Accept","Victim__J_Out__C_Out__Accept",0,0,0,0,1,0,0,0,0,0,0,0,0,0,0,0,0,0,0,0,0,0,0,0,0,0,0,"J_Out__C_Out",,,0,0,0,1,0,0,0,0
64,3,1,"victim",0,18,1,2,1,1,0,1,TRUE,3.28571428571429,3.57142857142857,3.25,3.57142857142857,2.66666666666667,1,3,1,3,1,1,"Cont","In","control","ingroup",0,1,0,,0,1,"Cont","In",,0,1,0,0,0,1,0,0,0,"Victim__J_Cont__C_In",1,9,-9,"Hum_x_Control","Hum_x_Control__Victim","Hum_x_Control__Reject","Hum_x_Control__Victim__Reject",0,0,1,0,0,0,"Victim__J_Cont__C_In__Reject","Victim__J_Cont__C_In__Reject",0,0,1,0,0,0,0,0,0,0,0,0,0,0,0,0,0,0,0,0,0,0,0,0,0,0,0,"J_Cont__C_In",,,0,1,0,0,0,0,0,0
64,3,2,"victim",0,18,1,2,1,1,0,1,TRUE,3.28571428571429,3.57142857142857,3.25,3.57142857142857,2.66666666666667,1,3,1,1,3,1,"Cont","In","ingroup","control",0,0,0,1,1,0,"In","Cont",,0,1,0,0,0,0,0,1,0,"Victim__J_In__C_Cont",1,-9,9,"Hum_x_Hum","Hum_x_Hum__Victim","Hum_x_Hum__Accept","Hum_x_Hum__Victim__Accept",1,0,0,0,0,0,"Victim__J_In__C_Cont__Accept","Victim__J_In__C_Cont__Accept",0,0,0,0,0,0,1,0,0,0,0,0,0,0,0,0,0,0,0,0,0,0,0,0,0,0,0,"J_In__C_Cont",,,0,0,0,0,0,1,0,0
64,4,1,"victim",0,18,1,2,1,1,0,1,TRUE,3.28571428571429,3.57142857142857,3.25,3.57142857142857,2.66666666666667,1,1,3,1,3,1,"In","Cont","ingroup","control",0,0,0,1,1,1,"In","Cont",,0,0,0,1,0,0,0,1,0,"Victim__J_In__C_Cont",1,-9,9,"Hum_x_Hum","Hum_x_Hum__Victim","Hum_x_Hum__Accept","Hum_x_Hum__Victim__Accept",1,0,0,0,0,0,"Victim__J_In__C_Cont__Accept","Victim__J_In__C_Cont__Accept",0,0,0,0,0,0,1,0,0,0,0,0,0,0,0,0,0,0,0,0,0,0,0,0,0,0,0,"J_In__C_Cont",,,0,0,0,0,0,1,0,0
64,4,2,"victim",0,18,1,2,1,1,0,1,TRUE,3.28571428571429,3.57142857142857,3.25,3.57142857142857,2.66666666666667,1,1,3,3,1,1,"In","Cont","control","ingroup",0,1,0,,1,1,"Cont","In",,0,0,0,1,0,1,0,0,0,"Victim__J_Cont__C_In",1,-9,9,"Hum_x_Control","Hum_x_Control__Victim","Hum_x_Control__Accept","Hum_x_Control__Victim__Accept",0,0,1,0,0,0,"Victim__J_Cont__C_In__Accept","Victim__J_Cont__C_In__Accept",0,0,1,0,0,0,0,0,0,0,0,0,0,0,0,0,0,0,0,0,0,0,0,0,0,0,0,"J_Cont__C_In",,,0,1,0,0,0,0,0,0
64,5,1,"victim",0,18,1,2,1,1,0,1,TRUE,3.28571428571429,3.57142857142857,3.25,3.57142857142857,2.66666666666667,1,3,3,3,3,1,"Cont","Cont","control","control",0,1,0,,1,1,"Cont","Cont",,0,1,0,1,0,1,0,1,0,"Victim__J_Cont__C_Cont",1,-9,9,"Hum_x_Control","Hum_x_Control__Victim","Hum_x_Control__Accept","Hum_x_Control__Victim__Accept",0,0,1,0,0,0,"Victim__J_Cont__C_Cont__Accept","Victim__J_Cont__C_Cont__Accept",0,0,0,0,0,0,0,0,1,0,0,0,0,0,0,0,0,0,0,0,0,0,0,0,0,0,0,"J_Cont__C_Cont",,,0,0,0,0,0,0,0,1
64,5,2,"victim",0,18,1,2,1,1,0,1,TRUE,3.28571428571429,3.57142857142857,3.25,3.57142857142857,2.66666666666667,1,3,3,3,3,1,"Cont","Cont","control","control",0,1,0,,1,1,"Cont","Cont",,0,1,0,1,0,1,0,1,0,"Victim__J_Cont__C_Cont",1,-9,9,"Hum_x_Control","Hum_x_Control__Victim","Hum_x_Control__Accept","Hum_x_Control__Victim__Accept",0,0,1,0,0,0,"Victim__J_Cont__C_Cont__Accept","Victim__J_Cont__C_Cont__Accept",0,0,0,0,0,0,0,0,1,0,0,0,0,0,0,0,0,0,0,0,0,0,0,0,0,0,0,"J_Cont__C_Cont",,,0,0,0,0,0,0,0,1
65,6,1,"victim",0,42,2,2,1,1,0,2,TRUE,2.82142857142857,3.14285714285714,2.625,3.71428571428571,1.66666666666667,1,1,2,1,2,1,"In","Out","ingroup","outgroup",0,0,0,1,1,1,"In","Out",,0,0,1,0,0,0,1,0,0,"Victim__J_In__C_Out",0,9,-9,"Hum_x_Hum","Hum_x_Hum__Victim","Hum_x_Hum__Accept","Hum_x_Hum__Victim__Accept",1,0,0,0,0,0,"Victim__J_In__C_Out__Accept","Victim__J_In__C_Out__Accept",0,0,0,1,0,0,0,0,0,0,0,0,0,0,0,0,0,0,0,0,0,0,0,0,0,0,0,"J_In__C_Out",,,0,0,1,0,0,0,0,0
65,6,2,"victim",0,42,2,2,1,1,0,2,TRUE,2.82142857142857,3.14285714285714,2.625,3.71428571428571,1.66666666666667,1,1,2,2,1,1,"In","Out","outgroup","ingroup",1,0,0,0,1,1,"Out","In",,0,0,1,0,1,0,0,0,0,"Victim__J_Out__C_In",0,9,-9,"Hum_x_Ing","Hum_x_Ing__Victim","Hum_x_Ing__Accept","Hum_x_Ing__Victim__Accept",0,1,0,0,0,0,"Victim__J_Out__C_In__Accept","Victim__J_Out__C_In__Accept",0,1,0,0,0,0,0,0,0,0,0,0,0,0,0,0,0,0,0,0,0,0,0,0,0,0,0,"J_Out__C_In",,,1,0,0,0,0,0,0,0
65,7,1,"victim",0,42,2,2,1,1,0,2,TRUE,2.82142857142857,3.14285714285714,2.625,3.71428571428571,1.66666666666667,1,3,2,3,2,1,"Cont","Out","control","outgroup",0,1,0,,0,0,"Cont","Out",,0,1,1,0,0,1,1,0,0,"Victim__J_Cont__C_Out",1,9,-9,"Hum_x_Control","Hum_x_Control__Victim","Hum_x_Control__Reject","Hum_x_Control__Victim__Reject",0,0,1,0,0,0,"Victim__J_Cont__C_Out__Reject","Victim__J_Cont__C_Out__Reject",0,0,0,0,0,1,0,0,0,0,0,0,0,0,0,0,0,0,0,0,0,0,0,0,0,0,0,"J_Cont__C_Out",,,0,0,0,0,1,0,0,0
65,7,2,"victim",0,42,2,2,1,1,0,2,TRUE,2.82142857142857,3.14285714285714,2.625,3.71428571428571,1.66666666666667,1,3,2,2,3,1,"Cont","Out","outgroup","control",1,0,0,0,0,0,"Out","Cont",,0,1,1,0,1,0,0,1,0,"Victim__J_Out__C_Cont",1,9,-9,"Hum_x_Ing","Hum_x_Ing__Victim","Hum_x_Ing__Reject","Hum_x_Ing__Victim__Reject",0,1,0,0,0,0,"Victim__J_Out__C_Cont__Reject","Victim__J_Out__C_Cont__Reject",0,0,0,0,0,0,0,1,0,0,0,0,0,0,0,0,0,0,0,0,0,0,0,0,0,0,0,"J_Out__C_Cont",,,0,0,0,0,0,0,1,0
65,8,1,"victim",0,42,2,2,1,1,0,2,TRUE,2.82142857142857,3.14285714285714,2.625,3.71428571428571,1.66666666666667,1,1,2,1,2,1,"In","Out","ingroup","outgroup",0,0,0,1,1,0,"In","Out",,0,0,1,0,0,0,1,0,0,"Victim__J_In__C_Out",0,9,-9,"Hum_x_Hum","Hum_x_Hum__Victim","Hum_x_Hum__Accept","Hum_x_Hum__Victim__Accept",1,0,0,0,0,0,"Victim__J_In__C_Out__Accept","Victim__J_In__C_Out__Accept",0,0,0,1,0,0,0,0,0,0,0,0,0,0,0,0,0,0,0,0,0,0,0,0,0,0,0,"J_In__C_Out",,,0,0,1,0,0,0,0,0
65,8,2,"victim",0,42,2,2,1,1,0,2,TRUE,2.82142857142857,3.14285714285714,2.625,3.71428571428571,1.66666666666667,1,1,2,2,1,1,"In","Out","outgroup","ingroup",1,0,0,0,0,1,"Out","In",,0,0,1,0,1,0,0,0,0,"Victim__J_Out__C_In",0,-3,3,"Hum_x_Ing","Hum_x_Ing__Victim","Hum_x_Ing__Reject","Hum_x_Ing__Victim__Reject",0,1,0,0,0,0,"Victim__J_Out__C_In__Reject","Victim__J_Out__C_In__Reject",0,1,0,0,0,0,0,0,0,0,0,0,0,0,0,0,0,0,0,0,0,0,0,0,0,0,0,"J_Out__C_In",,,1,0,0,0,0,0,0,0
65,9,1,"victim",0,42,2,2,1,1,0,2,TRUE,2.82142857142857,3.14285714285714,2.625,3.71428571428571,1.66666666666667,1,2,3,2,3,1,"Out","Cont","outgroup","control",1,0,0,0,0,1,"Out","Cont",,1,0,0,1,1,0,0,1,0,"Victim__J_Out__C_Cont",1,-2,2,"Hum_x_Ing","Hum_x_Ing__Victim","Hum_x_Ing__Reject","Hum_x_Ing__Victim__Reject",0,1,0,0,0,0,"Victim__J_Out__C_Cont__Reject","Victim__J_Out__C_Cont__Reject",0,0,0,0,0,0,0,1,0,0,0,0,0,0,0,0,0,0,0,0,0,0,0,0,0,0,0,"J_Out__C_Cont",,,0,0,0,0,0,0,1,0
65,9,2,"victim",0,42,2,2,1,1,0,2,TRUE,2.82142857142857,3.14285714285714,2.625,3.71428571428571,1.66666666666667,1,2,3,3,2,1,"Out","Cont","control","outgroup",0,1,0,,1,0,"Cont","Out",,1,0,0,1,0,1,1,0,0,"Victim__J_Cont__C_Out",1,8,-8,"Hum_x_Control","Hum_x_Control__Victim","Hum_x_Control__Accept","Hum_x_Control__Victim__Accept",0,0,1,0,0,0,"Victim__J_Cont__C_Out__Accept","Victim__J_Cont__C_Out__Accept",0,0,0,0,0,1,0,0,0,0,0,0,0,0,0,0,0,0,0,0,0,0,0,0,0,0,0,"J_Cont__C_Out",,,0,0,0,0,1,0,0,0
65,10,1,"victim",0,42,2,2,1,1,0,2,TRUE,2.82142857142857,3.14285714285714,2.625,3.71428571428571,1.66666666666667,1,2,1,2,1,1,"Out","In","outgroup","ingroup",1,0,0,0,1,0,"Out","In",,1,0,0,0,1,0,0,0,0,"Victim__J_Out__C_In",0,-3,3,"Hum_x_Ing","Hum_x_Ing__Victim","Hum_x_Ing__Accept","Hum_x_Ing__Victim__Accept",0,1,0,0,0,0,"Victim__J_Out__C_In__Accept","Victim__J_Out__C_In__Accept",0,1,0,0,0,0,0,0,0,0,0,0,0,0,0,0,0,0,0,0,0,0,0,0,0,0,0,"J_Out__C_In",,,1,0,0,0,0,0,0,0
65,10,2,"victim",0,42,2,2,1,1,0,2,TRUE,2.82142857142857,3.14285714285714,2.625,3.71428571428571,1.66666666666667,1,2,1,1,2,1,"Out","In","ingroup","outgroup",0,0,0,1,0,1,"In","Out",,1,0,0,0,0,0,1,0,0,"Victim__J_In__C_Out",0,7,-7,"Hum_x_Hum","Hum_x_Hum__Victim","Hum_x_Hum__Reject","Hum_x_Hum__Victim__Reject",1,0,0,0,0,0,"Victim__J_In__C_Out__Reject","Victim__J_In__C_Out__Reject",0,0,0,1,0,0,0,0,0,0,0,0,0,0,0,0,0,0,0,0,0,0,0,0,0,0,0,"J_In__C_Out",,,0,0,1,0,0,0,0,0
66,1,1,"victim",0,18,3,1,0,1,0,1,TRUE,2.64285714285714,3.42857142857143,2.25,2.42857142857143,2.5,1,2,1,2,1,1,"Out","In","outgroup","ingroup",1,0,0,0,0,0,"Out","In",,1,0,0,0,1,0,0,0,0,"Victim__J_Out__C_In",0,9,-9,"Hum_x_Ing","Hum_x_Ing__Victim","Hum_x_Ing__Reject","Hum_x_Ing__Victim__Reject",0,1,0,0,0,0,"Victim__J_Out__C_In__Reject","Victim__J_Out__C_In__Reject",0,1,0,0,0,0,0,0,0,0,0,0,0,0,0,0,0,0,0,0,0,0,0,0,0,0,0,"J_Out__C_In",,,1,0,0,0,0,0,0,0
66,1,2,"victim",0,18,3,1,0,1,0,1,TRUE,2.64285714285714,3.42857142857143,2.25,2.42857142857143,2.5,1,2,1,1,2,1,"Out","In","ingroup","outgroup",0,0,0,1,0,0,"In","Out",,1,0,0,0,0,0,1,0,0,"Victim__J_In__C_Out",0,9,-9,"Hum_x_Hum","Hum_x_Hum__Victim","Hum_x_Hum__Reject","Hum_x_Hum__Victim__Reject",1,0,0,0,0,0,"Victim__J_In__C_Out__Reject","Victim__J_In__C_Out__Reject",0,0,0,1,0,0,0,0,0,0,0,0,0,0,0,0,0,0,0,0,0,0,0,0,0,0,0,"J_In__C_Out",,,0,0,1,0,0,0,0,0
66,2,1,"victim",0,18,3,1,0,1,0,1,TRUE,2.64285714285714,3.42857142857143,2.25,2.42857142857143,2.5,1,1,3,1,3,1,"In","Cont","ingroup","control",0,0,0,1,1,1,"In","Cont",,0,0,0,1,0,0,0,1,0,"Victim__J_In__C_Cont",1,-3,3,"Hum_x_Hum","Hum_x_Hum__Victim","Hum_x_Hum__Accept","Hum_x_Hum__Victim__Accept",1,0,0,0,0,0,"Victim__J_In__C_Cont__Accept","Victim__J_In__C_Cont__Accept",0,0,0,0,0,0,1,0,0,0,0,0,0,0,0,0,0,0,0,0,0,0,0,0,0,0,0,"J_In__C_Cont",,,0,0,0,0,0,1,0,0
66,2,2,"victim",0,18,3,1,0,1,0,1,TRUE,2.64285714285714,3.42857142857143,2.25,2.42857142857143,2.5,1,1,3,3,1,1,"In","Cont","control","ingroup",0,1,0,,1,1,"Cont","In",,0,0,0,1,0,1,0,0,0,"Victim__J_Cont__C_In",1,-3,3,"Hum_x_Control","Hum_x_Control__Victim","Hum_x_Control__Accept","Hum_x_Control__Victim__Accept",0,0,1,0,0,0,"Victim__J_Cont__C_In__Accept","Victim__J_Cont__C_In__Accept",0,0,1,0,0,0,0,0,0,0,0,0,0,0,0,0,0,0,0,0,0,0,0,0,0,0,0,"J_Cont__C_In",,,0,1,0,0,0,0,0,0
66,3,1,"victim",0,18,3,1,0,1,0,1,TRUE,2.64285714285714,3.42857142857143,2.25,2.42857142857143,2.5,1,2,1,2,1,1,"Out","In","outgroup","ingroup",1,0,0,0,1,0,"Out","In",,1,0,0,0,1,0,0,0,0,"Victim__J_Out__C_In",0,-7,7,"Hum_x_Ing","Hum_x_Ing__Victim","Hum_x_Ing__Accept","Hum_x_Ing__Victim__Accept",0,1,0,0,0,0,"Victim__J_Out__C_In__Accept","Victim__J_Out__C_In__Accept",0,1,0,0,0,0,0,0,0,0,0,0,0,0,0,0,0,0,0,0,0,0,0,0,0,0,0,"J_Out__C_In",,,1,0,0,0,0,0,0,0
66,3,2,"victim",0,18,3,1,0,1,0,1,TRUE,2.64285714285714,3.42857142857143,2.25,2.42857142857143,2.5,1,2,1,1,2,1,"Out","In","ingroup","outgroup",0,0,0,1,0,1,"In","Out",,1,0,0,0,0,0,1,0,0,"Victim__J_In__C_Out",0,9,-9,"Hum_x_Hum","Hum_x_Hum__Victim","Hum_x_Hum__Reject","Hum_x_Hum__Victim__Reject",1,0,0,0,0,0,"Victim__J_In__C_Out__Reject","Victim__J_In__C_Out__Reject",0,0,0,1,0,0,0,0,0,0,0,0,0,0,0,0,0,0,0,0,0,0,0,0,0,0,0,"J_In__C_Out",,,0,0,1,0,0,0,0,0
66,4,1,"victim",0,18,3,1,0,1,0,1,TRUE,2.64285714285714,3.42857142857143,2.25,2.42857142857143,2.5,1,1,3,1,3,1,"In","Cont","ingroup","control",0,0,0,1,0,1,"In","Cont",,0,0,0,1,0,0,0,1,0,"Victim__J_In__C_Cont",1,9,-9,"Hum_x_Hum","Hum_x_Hum__Victim","Hum_x_Hum__Reject","Hum_x_Hum__Victim__Reject",1,0,0,0,0,0,"Victim__J_In__C_Cont__Reject","Victim__J_In__C_Cont__Reject",0,0,0,0,0,0,1,0,0,0,0,0,0,0,0,0,0,0,0,0,0,0,0,0,0,0,0,"J_In__C_Cont",,,0,0,0,0,0,1,0,0
66,4,2,"victim",0,18,3,1,0,1,0,1,TRUE,2.64285714285714,3.42857142857143,2.25,2.42857142857143,2.5,1,1,3,3,1,1,"In","Cont","control","ingroup",0,1,0,,1,0,"Cont","In",,0,0,0,1,0,1,0,0,0,"Victim__J_Cont__C_In",1,-5,5,"Hum_x_Control","Hum_x_Control__Victim","Hum_x_Control__Accept","Hum_x_Control__Victim__Accept",0,0,1,0,0,0,"Victim__J_Cont__C_In__Accept","Victim__J_Cont__C_In__Accept",0,0,1,0,0,0,0,0,0,0,0,0,0,0,0,0,0,0,0,0,0,0,0,0,0,0,0,"J_Cont__C_In",,,0,1,0,0,0,0,0,0
66,5,1,"victim",0,18,3,1,0,1,0,1,TRUE,2.64285714285714,3.42857142857143,2.25,2.42857142857143,2.5,1,2,3,2,3,1,"Out","Cont","outgroup","control",1,0,0,0,1,1,"Out","Cont",,1,0,0,1,1,0,0,1,0,"Victim__J_Out__C_Cont",1,-9,9,"Hum_x_Ing","Hum_x_Ing__Victim","Hum_x_Ing__Accept","Hum_x_Ing__Victim__Accept",0,1,0,0,0,0,"Victim__J_Out__C_Cont__Accept","Victim__J_Out__C_Cont__Accept",0,0,0,0,0,0,0,1,0,0,0,0,0,0,0,0,0,0,0,0,0,0,0,0,0,0,0,"J_Out__C_Cont",,,0,0,0,0,0,0,1,0
66,5,2,"victim",0,18,3,1,0,1,0,1,TRUE,2.64285714285714,3.42857142857143,2.25,2.42857142857143,2.5,1,2,3,3,2,1,"Out","Cont","control","outgroup",0,1,0,,1,1,"Cont","Out",,1,0,0,1,0,1,1,0,0,"Victim__J_Cont__C_Out",1,-9,9,"Hum_x_Control","Hum_x_Control__Victim","Hum_x_Control__Accept","Hum_x_Control__Victim__Accept",0,0,1,0,0,0,"Victim__J_Cont__C_Out__Accept","Victim__J_Cont__C_Out__Accept",0,0,0,0,0,1,0,0,0,0,0,0,0,0,0,0,0,0,0,0,0,0,0,0,0,0,0,"J_Cont__C_Out",,,0,0,0,0,1,0,0,0
67,6,1,"victim",0,18,1,1,0,2,1,2,TRUE,2.75,2.57142857142857,2.75,3,2.66666666666667,2,1,1,1,1,2,"Out","Out","outgroup","outgroup",1,0,0,0,0,1,"Out","Out",,1,0,1,0,1,0,1,0,0,"Victim__J_Out__C_Out",0,9,-9,"Ing_x_Hum","Ing_x_Hum__Victim","Ing_x_Hum__Reject","Ing_x_Hum__Victim__Reject",0,0,0,1,0,0,"Victim__J_Out__C_Out__Reject","Victim__J_Out__C_Out__Reject",0,0,0,0,1,0,0,0,0,0,0,0,0,0,0,0,0,0,0,0,0,0,0,0,0,0,0,"J_Out__C_Out",,,0,0,0,1,0,0,0,0
67,6,2,"victim",0,18,1,1,0,2,1,2,TRUE,2.75,2.57142857142857,2.75,3,2.66666666666667,2,1,1,1,1,2,"Out","Out","outgroup","outgroup",1,0,0,0,1,0,"Out","Out",,1,0,1,0,1,0,1,0,0,"Victim__J_Out__C_Out",0,-3,3,"Ing_x_Hum","Ing_x_Hum__Victim","Ing_x_Hum__Accept","Ing_x_Hum__Victim__Accept",0,0,0,1,0,0,"Victim__J_Out__C_Out__Accept","Victim__J_Out__C_Out__Accept",0,0,0,0,1,0,0,0,0,0,0,0,0,0,0,0,0,0,0,0,0,0,0,0,0,0,0,"J_Out__C_Out",,,0,0,0,1,0,0,0,0
67,7,1,"victim",0,18,1,1,0,2,1,2,TRUE,2.75,2.57142857142857,2.75,3,2.66666666666667,2,2,1,2,1,2,"In","Out","ingroup","outgroup",0,0,0,1,0,0,"In","Out",,0,0,1,0,0,0,1,0,0,"Victim__J_In__C_Out",0,9,-9,"Ing_x_Ing","Ing_x_Ing__Victim","Ing_x_Ing__Reject","Ing_x_Ing__Victim__Reject",0,0,0,0,1,0,"Victim__J_In__C_Out__Reject","Victim__J_In__C_Out__Reject",0,0,0,1,0,0,0,0,0,0,0,0,0,0,0,0,0,0,0,0,0,0,0,0,0,0,0,"J_In__C_Out",,,0,0,1,0,0,0,0,0
67,7,2,"victim",0,18,1,1,0,2,1,2,TRUE,2.75,2.57142857142857,2.75,3,2.66666666666667,2,2,1,1,2,2,"In","Out","outgroup","ingroup",1,0,0,0,0,0,"Out","In",,0,0,1,0,1,0,0,0,0,"Victim__J_Out__C_In",0,9,-9,"Ing_x_Hum","Ing_x_Hum__Victim","Ing_x_Hum__Reject","Ing_x_Hum__Victim__Reject",0,0,0,1,0,0,"Victim__J_Out__C_In__Reject","Victim__J_Out__C_In__Reject",0,1,0,0,0,0,0,0,0,0,0,0,0,0,0,0,0,0,0,0,0,0,0,0,0,0,0,"J_Out__C_In",,,1,0,0,0,0,0,0,0
67,8,1,"victim",0,18,1,1,0,2,1,2,TRUE,2.75,2.57142857142857,2.75,3,2.66666666666667,2,1,2,1,2,2,"Out","In","outgroup","ingroup",1,0,0,0,1,1,"Out","In",,1,0,0,0,1,0,0,0,0,"Victim__J_Out__C_In",0,-3,3,"Ing_x_Hum","Ing_x_Hum__Victim","Ing_x_Hum__Accept","Ing_x_Hum__Victim__Accept",0,0,0,1,0,0,"Victim__J_Out__C_In__Accept","Victim__J_Out__C_In__Accept",0,1,0,0,0,0,0,0,0,0,0,0,0,0,0,0,0,0,0,0,0,0,0,0,0,0,0,"J_Out__C_In",,,1,0,0,0,0,0,0,0
67,8,2,"victim",0,18,1,1,0,2,1,2,TRUE,2.75,2.57142857142857,2.75,3,2.66666666666667,2,1,2,2,1,2,"Out","In","ingroup","outgroup",0,0,0,1,1,1,"In","Out",,1,0,0,0,0,0,1,0,0,"Victim__J_In__C_Out",0,-3,3,"Ing_x_Ing","Ing_x_Ing__Victim","Ing_x_Ing__Accept","Ing_x_Ing__Victim__Accept",0,0,0,0,1,0,"Victim__J_In__C_Out__Accept","Victim__J_In__C_Out__Accept",0,0,0,1,0,0,0,0,0,0,0,0,0,0,0,0,0,0,0,0,0,0,0,0,0,0,0,"J_In__C_Out",,,0,0,1,0,0,0,0,0
67,9,1,"victim",0,18,1,1,0,2,1,2,TRUE,2.75,2.57142857142857,2.75,3,2.66666666666667,2,3,3,3,3,2,"Cont","Cont","control","control",0,1,0,,0,0,"Cont","Cont",,0,1,0,1,0,1,0,1,0,"Victim__J_Cont__C_Cont",1,9,-9,"Ing_x_Control","Ing_x_Control__Victim","Ing_x_Control__Reject","Ing_x_Control__Victim__Reject",0,0,0,0,0,1,"Victim__J_Cont__C_Cont__Reject","Victim__J_Cont__C_Cont__Reject",0,0,0,0,0,0,0,0,1,0,0,0,0,0,0,0,0,0,0,0,0,0,0,0,0,0,0,"J_Cont__C_Cont",,,0,0,0,0,0,0,0,1
67,9,2,"victim",0,18,1,1,0,2,1,2,TRUE,2.75,2.57142857142857,2.75,3,2.66666666666667,2,3,3,3,3,2,"Cont","Cont","control","control",0,1,0,,0,0,"Cont","Cont",,0,1,0,1,0,1,0,1,0,"Victim__J_Cont__C_Cont",1,9,-9,"Ing_x_Control","Ing_x_Control__Victim","Ing_x_Control__Reject","Ing_x_Control__Victim__Reject",0,0,0,0,0,1,"Victim__J_Cont__C_Cont__Reject","Victim__J_Cont__C_Cont__Reject",0,0,0,0,0,0,0,0,1,0,0,0,0,0,0,0,0,0,0,0,0,0,0,0,0,0,0,"J_Cont__C_Cont",,,0,0,0,0,0,0,0,1
67,10,1,"victim",0,18,1,1,0,2,1,2,TRUE,2.75,2.57142857142857,2.75,3,2.66666666666667,2,1,3,1,3,2,"Out","Cont","outgroup","control",1,0,0,0,0,0,"Out","Cont",,1,0,0,1,1,0,0,1,0,"Victim__J_Out__C_Cont",1,9,-9,"Ing_x_Hum","Ing_x_Hum__Victim","Ing_x_Hum__Reject","Ing_x_Hum__Victim__Reject",0,0,0,1,0,0,"Victim__J_Out__C_Cont__Reject","Victim__J_Out__C_Cont__Reject",0,0,0,0,0,0,0,1,0,0,0,0,0,0,0,0,0,0,0,0,0,0,0,0,0,0,0,"J_Out__C_Cont",,,0,0,0,0,0,0,1,0
67,10,2,"victim",0,18,1,1,0,2,1,2,TRUE,2.75,2.57142857142857,2.75,3,2.66666666666667,2,1,3,3,1,2,"Out","Cont","control","outgroup",0,1,0,,0,0,"Cont","Out",,1,0,0,1,0,1,1,0,0,"Victim__J_Cont__C_Out",1,9,-9,"Ing_x_Control","Ing_x_Control__Victim","Ing_x_Control__Reject","Ing_x_Control__Victim__Reject",0,0,0,0,0,1,"Victim__J_Cont__C_Out__Reject","Victim__J_Cont__C_Out__Reject",0,0,0,0,0,1,0,0,0,0,0,0,0,0,0,0,0,0,0,0,0,0,0,0,0,0,0,"J_Cont__C_Out",,,0,0,0,0,1,0,0,0
68,1,1,"victim",0,18,3,2,1,2,1,1,TRUE,1.85714285714286,1.71428571428571,2.25,1.42857142857143,2,2,3,2,3,2,2,"Cont","In","control","ingroup",0,1,0,,1,0,"Cont","In",,0,1,0,0,0,1,0,0,0,"Victim__J_Cont__C_In",1,1,-1,"Ing_x_Control","Ing_x_Control__Victim","Ing_x_Control__Accept","Ing_x_Control__Victim__Accept",0,0,0,0,0,1,"Victim__J_Cont__C_In__Accept","Victim__J_Cont__C_In__Accept",0,0,1,0,0,0,0,0,0,0,0,0,0,0,0,0,0,0,0,0,0,0,0,0,0,0,0,"J_Cont__C_In",,,0,1,0,0,0,0,0,0
68,1,2,"victim",0,18,3,2,1,2,1,1,TRUE,1.85714285714286,1.71428571428571,2.25,1.42857142857143,2,2,3,2,2,3,2,"Cont","In","ingroup","control",0,0,0,1,0,1,"In","Cont",,0,1,0,0,0,0,0,1,0,"Victim__J_In__C_Cont",1,9,-9,"Ing_x_Ing","Ing_x_Ing__Victim","Ing_x_Ing__Reject","Ing_x_Ing__Victim__Reject",0,0,0,0,1,0,"Victim__J_In__C_Cont__Reject","Victim__J_In__C_Cont__Reject",0,0,0,0,0,0,1,0,0,0,0,0,0,0,0,0,0,0,0,0,0,0,0,0,0,0,0,"J_In__C_Cont",,,0,0,0,0,0,1,0,0
68,2,1,"victim",0,18,3,2,1,2,1,1,TRUE,1.85714285714286,1.71428571428571,2.25,1.42857142857143,2,2,2,2,2,2,2,"In","In","ingroup","ingroup",0,0,0,1,0,1,"In","In",,0,0,0,0,0,0,0,0,0,"Victim__J_In__C_In",0,9,-9,"Ing_x_Ing","Ing_x_Ing__Victim","Ing_x_Ing__Reject","Ing_x_Ing__Victim__Reject",0,0,0,0,1,0,"Victim__J_In__C_In__Reject","Victim__J_In__C_In__Reject",1,0,0,0,0,0,0,0,0,0,0,0,0,0,0,0,0,0,0,0,0,0,0,0,0,0,0,"J_In__C_In",,,0,0,0,0,0,0,0,0
68,2,2,"victim",0,18,3,2,1,2,1,1,TRUE,1.85714285714286,1.71428571428571,2.25,1.42857142857143,2,2,2,2,2,2,2,"In","In","ingroup","ingroup",0,0,0,1,1,0,"In","In",,0,0,0,0,0,0,0,0,0,"Victim__J_In__C_In",0,1,-1,"Ing_x_Ing","Ing_x_Ing__Victim","Ing_x_Ing__Accept","Ing_x_Ing__Victim__Accept",0,0,0,0,1,0,"Victim__J_In__C_In__Accept","Victim__J_In__C_In__Accept",1,0,0,0,0,0,0,0,0,0,0,0,0,0,0,0,0,0,0,0,0,0,0,0,0,0,0,"J_In__C_In",,,0,0,0,0,0,0,0,0
68,3,1,"victim",0,18,3,2,1,2,1,1,TRUE,1.85714285714286,1.71428571428571,2.25,1.42857142857143,2,2,3,3,3,3,2,"Cont","Cont","control","control",0,1,0,,0,0,"Cont","Cont",,0,1,0,1,0,1,0,1,0,"Victim__J_Cont__C_Cont",1,9,-9,"Ing_x_Control","Ing_x_Control__Victim","Ing_x_Control__Reject","Ing_x_Control__Victim__Reject",0,0,0,0,0,1,"Victim__J_Cont__C_Cont__Reject","Victim__J_Cont__C_Cont__Reject",0,0,0,0,0,0,0,0,1,0,0,0,0,0,0,0,0,0,0,0,0,0,0,0,0,0,0,"J_Cont__C_Cont",,,0,0,0,0,0,0,0,1
68,3,2,"victim",0,18,3,2,1,2,1,1,TRUE,1.85714285714286,1.71428571428571,2.25,1.42857142857143,2,2,3,3,3,3,2,"Cont","Cont","control","control",0,1,0,,0,0,"Cont","Cont",,0,1,0,1,0,1,0,1,0,"Victim__J_Cont__C_Cont",1,9,-9,"Ing_x_Control","Ing_x_Control__Victim","Ing_x_Control__Reject","Ing_x_Control__Victim__Reject",0,0,0,0,0,1,"Victim__J_Cont__C_Cont__Reject","Victim__J_Cont__C_Cont__Reject",0,0,0,0,0,0,0,0,1,0,0,0,0,0,0,0,0,0,0,0,0,0,0,0,0,0,0,"J_Cont__C_Cont",,,0,0,0,0,0,0,0,1
68,4,1,"victim",0,18,3,2,1,2,1,1,TRUE,1.85714285714286,1.71428571428571,2.25,1.42857142857143,2,2,1,1,1,1,2,"Out","Out","outgroup","outgroup",1,0,0,0,1,1,"Out","Out",,1,0,1,0,1,0,1,0,0,"Victim__J_Out__C_Out",0,1,-1,"Ing_x_Hum","Ing_x_Hum__Victim","Ing_x_Hum__Accept","Ing_x_Hum__Victim__Accept",0,0,0,1,0,0,"Victim__J_Out__C_Out__Accept","Victim__J_Out__C_Out__Accept",0,0,0,0,1,0,0,0,0,0,0,0,0,0,0,0,0,0,0,0,0,0,0,0,0,0,0,"J_Out__C_Out",,,0,0,0,1,0,0,0,0
68,4,2,"victim",0,18,3,2,1,2,1,1,TRUE,1.85714285714286,1.71428571428571,2.25,1.42857142857143,2,2,1,1,1,1,2,"Out","Out","outgroup","outgroup",1,0,0,0,1,1,"Out","Out",,1,0,1,0,1,0,1,0,0,"Victim__J_Out__C_Out",0,1,-1,"Ing_x_Hum","Ing_x_Hum__Victim","Ing_x_Hum__Accept","Ing_x_Hum__Victim__Accept",0,0,0,1,0,0,"Victim__J_Out__C_Out__Accept","Victim__J_Out__C_Out__Accept",0,0,0,0,1,0,0,0,0,0,0,0,0,0,0,0,0,0,0,0,0,0,0,0,0,0,0,"J_Out__C_Out",,,0,0,0,1,0,0,0,0
68,5,1,"victim",0,18,3,2,1,2,1,1,TRUE,1.85714285714286,1.71428571428571,2.25,1.42857142857143,2,2,1,2,1,2,2,"Out","In","outgroup","ingroup",1,0,0,0,0,0,"Out","In",,1,0,0,0,1,0,0,0,0,"Victim__J_Out__C_In",0,9,-9,"Ing_x_Hum","Ing_x_Hum__Victim","Ing_x_Hum__Reject","Ing_x_Hum__Victim__Reject",0,0,0,1,0,0,"Victim__J_Out__C_In__Reject","Victim__J_Out__C_In__Reject",0,1,0,0,0,0,0,0,0,0,0,0,0,0,0,0,0,0,0,0,0,0,0,0,0,0,0,"J_Out__C_In",,,1,0,0,0,0,0,0,0
68,5,2,"victim",0,18,3,2,1,2,1,1,TRUE,1.85714285714286,1.71428571428571,2.25,1.42857142857143,2,2,1,2,2,1,2,"Out","In","ingroup","outgroup",0,0,0,1,0,0,"In","Out",,1,0,0,0,0,0,1,0,0,"Victim__J_In__C_Out",0,9,-9,"Ing_x_Ing","Ing_x_Ing__Victim","Ing_x_Ing__Reject","Ing_x_Ing__Victim__Reject",0,0,0,0,1,0,"Victim__J_In__C_Out__Reject","Victim__J_In__C_Out__Reject",0,0,0,1,0,0,0,0,0,0,0,0,0,0,0,0,0,0,0,0,0,0,0,0,0,0,0,"J_In__C_Out",,,0,0,1,0,0,0,0,0
69,6,1,"victim",0,18,3,1,0,2,1,2,TRUE,2.46428571428571,1.71428571428571,2.5,3.42857142857143,2.16666666666667,2,1,1,1,1,2,"Out","Out","outgroup","outgroup",1,0,0,0,0,1,"Out","Out",,1,0,1,0,1,0,1,0,0,"Victim__J_Out__C_Out",0,5,-5,"Ing_x_Hum","Ing_x_Hum__Victim","Ing_x_Hum__Reject","Ing_x_Hum__Victim__Reject",0,0,0,1,0,0,"Victim__J_Out__C_Out__Reject","Victim__J_Out__C_Out__Reject",0,0,0,0,1,0,0,0,0,0,0,0,0,0,0,0,0,0,0,0,0,0,0,0,0,0,0,"J_Out__C_Out",,,0,0,0,1,0,0,0,0
69,6,2,"victim",0,18,3,1,0,2,1,2,TRUE,2.46428571428571,1.71428571428571,2.5,3.42857142857143,2.16666666666667,2,1,1,1,1,2,"Out","Out","outgroup","outgroup",1,0,0,0,1,0,"Out","Out",,1,0,1,0,1,0,1,0,0,"Victim__J_Out__C_Out",0,9,-9,"Ing_x_Hum","Ing_x_Hum__Victim","Ing_x_Hum__Accept","Ing_x_Hum__Victim__Accept",0,0,0,1,0,0,"Victim__J_Out__C_Out__Accept","Victim__J_Out__C_Out__Accept",0,0,0,0,1,0,0,0,0,0,0,0,0,0,0,0,0,0,0,0,0,0,0,0,0,0,0,"J_Out__C_Out",,,0,0,0,1,0,0,0,0
69,7,1,"victim",0,18,3,1,0,2,1,2,TRUE,2.46428571428571,1.71428571428571,2.5,3.42857142857143,2.16666666666667,2,1,2,1,2,2,"Out","In","outgroup","ingroup",1,0,0,0,0,0,"Out","In",,1,0,0,0,1,0,0,0,0,"Victim__J_Out__C_In",0,9,-9,"Ing_x_Hum","Ing_x_Hum__Victim","Ing_x_Hum__Reject","Ing_x_Hum__Victim__Reject",0,0,0,1,0,0,"Victim__J_Out__C_In__Reject","Victim__J_Out__C_In__Reject",0,1,0,0,0,0,0,0,0,0,0,0,0,0,0,0,0,0,0,0,0,0,0,0,0,0,0,"J_Out__C_In",,,1,0,0,0,0,0,0,0
69,7,2,"victim",0,18,3,1,0,2,1,2,TRUE,2.46428571428571,1.71428571428571,2.5,3.42857142857143,2.16666666666667,2,1,2,2,1,2,"Out","In","ingroup","outgroup",0,0,0,1,0,0,"In","Out",,1,0,0,0,0,0,1,0,0,"Victim__J_In__C_Out",0,9,-9,"Ing_x_Ing","Ing_x_Ing__Victim","Ing_x_Ing__Reject","Ing_x_Ing__Victim__Reject",0,0,0,0,1,0,"Victim__J_In__C_Out__Reject","Victim__J_In__C_Out__Reject",0,0,0,1,0,0,0,0,0,0,0,0,0,0,0,0,0,0,0,0,0,0,0,0,0,0,0,"J_In__C_Out",,,0,0,1,0,0,0,0,0
69,8,1,"victim",0,18,3,1,0,2,1,2,TRUE,2.46428571428571,1.71428571428571,2.5,3.42857142857143,2.16666666666667,2,1,2,1,2,2,"Out","In","outgroup","ingroup",1,0,0,0,0,1,"Out","In",,1,0,0,0,1,0,0,0,0,"Victim__J_Out__C_In",0,5,-5,"Ing_x_Hum","Ing_x_Hum__Victim","Ing_x_Hum__Reject","Ing_x_Hum__Victim__Reject",0,0,0,1,0,0,"Victim__J_Out__C_In__Reject","Victim__J_Out__C_In__Reject",0,1,0,0,0,0,0,0,0,0,0,0,0,0,0,0,0,0,0,0,0,0,0,0,0,0,0,"J_Out__C_In",,,1,0,0,0,0,0,0,0
69,8,2,"victim",0,18,3,1,0,2,1,2,TRUE,2.46428571428571,1.71428571428571,2.5,3.42857142857143,2.16666666666667,2,1,2,2,1,2,"Out","In","ingroup","outgroup",0,0,0,1,1,0,"In","Out",,1,0,0,0,0,0,1,0,0,"Victim__J_In__C_Out",0,8,-8,"Ing_x_Ing","Ing_x_Ing__Victim","Ing_x_Ing__Accept","Ing_x_Ing__Victim__Accept",0,0,0,0,1,0,"Victim__J_In__C_Out__Accept","Victim__J_In__C_Out__Accept",0,0,0,1,0,0,0,0,0,0,0,0,0,0,0,0,0,0,0,0,0,0,0,0,0,0,0,"J_In__C_Out",,,0,0,1,0,0,0,0,0
69,9,1,"victim",0,18,3,1,0,2,1,2,TRUE,2.46428571428571,1.71428571428571,2.5,3.42857142857143,2.16666666666667,2,3,1,3,1,2,"Cont","Out","control","outgroup",0,1,0,,1,0,"Cont","Out",,0,1,1,0,0,1,1,0,0,"Victim__J_Cont__C_Out",1,8,-8,"Ing_x_Control","Ing_x_Control__Victim","Ing_x_Control__Accept","Ing_x_Control__Victim__Accept",0,0,0,0,0,1,"Victim__J_Cont__C_Out__Accept","Victim__J_Cont__C_Out__Accept",0,0,0,0,0,1,0,0,0,0,0,0,0,0,0,0,0,0,0,0,0,0,0,0,0,0,0,"J_Cont__C_Out",,,0,0,0,0,1,0,0,0
69,9,2,"victim",0,18,3,1,0,2,1,2,TRUE,2.46428571428571,1.71428571428571,2.5,3.42857142857143,2.16666666666667,2,3,1,1,3,2,"Cont","Out","outgroup","control",1,0,0,0,0,1,"Out","Cont",,0,1,1,0,1,0,0,1,0,"Victim__J_Out__C_Cont",1,6,-6,"Ing_x_Hum","Ing_x_Hum__Victim","Ing_x_Hum__Reject","Ing_x_Hum__Victim__Reject",0,0,0,1,0,0,"Victim__J_Out__C_Cont__Reject","Victim__J_Out__C_Cont__Reject",0,0,0,0,0,0,0,1,0,0,0,0,0,0,0,0,0,0,0,0,0,0,0,0,0,0,0,"J_Out__C_Cont",,,0,0,0,0,0,0,1,0
69,10,1,"victim",0,18,3,1,0,2,1,2,TRUE,2.46428571428571,1.71428571428571,2.5,3.42857142857143,2.16666666666667,2,3,3,3,3,2,"Cont","Cont","control","control",0,1,0,,0,1,"Cont","Cont",,0,1,0,1,0,1,0,1,0,"Victim__J_Cont__C_Cont",1,5,-5,"Ing_x_Control","Ing_x_Control__Victim","Ing_x_Control__Reject","Ing_x_Control__Victim__Reject",0,0,0,0,0,1,"Victim__J_Cont__C_Cont__Reject","Victim__J_Cont__C_Cont__Reject",0,0,0,0,0,0,0,0,1,0,0,0,0,0,0,0,0,0,0,0,0,0,0,0,0,0,0,"J_Cont__C_Cont",,,0,0,0,0,0,0,0,1
69,10,2,"victim",0,18,3,1,0,2,1,2,TRUE,2.46428571428571,1.71428571428571,2.5,3.42857142857143,2.16666666666667,2,3,3,3,3,2,"Cont","Cont","control","control",0,1,0,,1,0,"Cont","Cont",,0,1,0,1,0,1,0,1,0,"Victim__J_Cont__C_Cont",1,7,-7,"Ing_x_Control","Ing_x_Control__Victim","Ing_x_Control__Accept","Ing_x_Control__Victim__Accept",0,0,0,0,0,1,"Victim__J_Cont__C_Cont__Accept","Victim__J_Cont__C_Cont__Accept",0,0,0,0,0,0,0,0,1,0,0,0,0,0,0,0,0,0,0,0,0,0,0,0,0,0,0,"J_Cont__C_Cont",,,0,0,0,0,0,0,0,1
70,1,1,"victim",0,18,2,1,0,2,1,1,TRUE,2.75,2.57142857142857,3,3.57142857142857,1.66666666666667,2,1,3,1,3,2,"Out","Cont","outgroup","control",1,0,0,0,1,0,"Out","Cont",,1,0,0,1,1,0,0,1,0,"Victim__J_Out__C_Cont",1,-5,5,"Ing_x_Hum","Ing_x_Hum__Victim","Ing_x_Hum__Accept","Ing_x_Hum__Victim__Accept",0,0,0,1,0,0,"Victim__J_Out__C_Cont__Accept","Victim__J_Out__C_Cont__Accept",0,0,0,0,0,0,0,1,0,0,0,0,0,0,0,0,0,0,0,0,0,0,0,0,0,0,0,"J_Out__C_Cont",,,0,0,0,0,0,0,1,0
70,1,2,"victim",0,18,2,1,0,2,1,1,TRUE,2.75,2.57142857142857,3,3.57142857142857,1.66666666666667,2,1,3,3,1,2,"Out","Cont","control","outgroup",0,1,0,,0,1,"Cont","Out",,1,0,0,1,0,1,1,0,0,"Victim__J_Cont__C_Out",1,9,-9,"Ing_x_Control","Ing_x_Control__Victim","Ing_x_Control__Reject","Ing_x_Control__Victim__Reject",0,0,0,0,0,1,"Victim__J_Cont__C_Out__Reject","Victim__J_Cont__C_Out__Reject",0,0,0,0,0,1,0,0,0,0,0,0,0,0,0,0,0,0,0,0,0,0,0,0,0,0,0,"J_Cont__C_Out",,,0,0,0,0,1,0,0,0
70,2,1,"victim",0,18,2,1,0,2,1,1,TRUE,2.75,2.57142857142857,3,3.57142857142857,1.66666666666667,2,2,2,2,2,2,"In","In","ingroup","ingroup",0,0,0,1,0,0,"In","In",,0,0,0,0,0,0,0,0,0,"Victim__J_In__C_In",0,9,-9,"Ing_x_Ing","Ing_x_Ing__Victim","Ing_x_Ing__Reject","Ing_x_Ing__Victim__Reject",0,0,0,0,1,0,"Victim__J_In__C_In__Reject","Victim__J_In__C_In__Reject",1,0,0,0,0,0,0,0,0,0,0,0,0,0,0,0,0,0,0,0,0,0,0,0,0,0,0,"J_In__C_In",,,0,0,0,0,0,0,0,0
70,2,2,"victim",0,18,2,1,0,2,1,1,TRUE,2.75,2.57142857142857,3,3.57142857142857,1.66666666666667,2,2,2,2,2,2,"In","In","ingroup","ingroup",0,0,0,1,0,0,"In","In",,0,0,0,0,0,0,0,0,0,"Victim__J_In__C_In",0,9,-9,"Ing_x_Ing","Ing_x_Ing__Victim","Ing_x_Ing__Reject","Ing_x_Ing__Victim__Reject",0,0,0,0,1,0,"Victim__J_In__C_In__Reject","Victim__J_In__C_In__Reject",1,0,0,0,0,0,0,0,0,0,0,0,0,0,0,0,0,0,0,0,0,0,0,0,0,0,0,"J_In__C_In",,,0,0,0,0,0,0,0,0
70,3,1,"victim",0,18,2,1,0,2,1,1,TRUE,2.75,2.57142857142857,3,3.57142857142857,1.66666666666667,2,3,3,3,3,2,"Cont","Cont","control","control",0,1,0,,0,1,"Cont","Cont",,0,1,0,1,0,1,0,1,0,"Victim__J_Cont__C_Cont",1,9,-9,"Ing_x_Control","Ing_x_Control__Victim","Ing_x_Control__Reject","Ing_x_Control__Victim__Reject",0,0,0,0,0,1,"Victim__J_Cont__C_Cont__Reject","Victim__J_Cont__C_Cont__Reject",0,0,0,0,0,0,0,0,1,0,0,0,0,0,0,0,0,0,0,0,0,0,0,0,0,0,0,"J_Cont__C_Cont",,,0,0,0,0,0,0,0,1
70,3,2,"victim",0,18,2,1,0,2,1,1,TRUE,2.75,2.57142857142857,3,3.57142857142857,1.66666666666667,2,3,3,3,3,2,"Cont","Cont","control","control",0,1,0,,1,0,"Cont","Cont",,0,1,0,1,0,1,0,1,0,"Victim__J_Cont__C_Cont",1,-9,9,"Ing_x_Control","Ing_x_Control__Victim","Ing_x_Control__Accept","Ing_x_Control__Victim__Accept",0,0,0,0,0,1,"Victim__J_Cont__C_Cont__Accept","Victim__J_Cont__C_Cont__Accept",0,0,0,0,0,0,0,0,1,0,0,0,0,0,0,0,0,0,0,0,0,0,0,0,0,0,0,"J_Cont__C_Cont",,,0,0,0,0,0,0,0,1
70,4,1,"victim",0,18,2,1,0,2,1,1,TRUE,2.75,2.57142857142857,3,3.57142857142857,1.66666666666667,2,1,1,1,1,2,"Out","Out","outgroup","outgroup",1,0,0,0,0,1,"Out","Out",,1,0,1,0,1,0,1,0,0,"Victim__J_Out__C_Out",0,9,-9,"Ing_x_Hum","Ing_x_Hum__Victim","Ing_x_Hum__Reject","Ing_x_Hum__Victim__Reject",0,0,0,1,0,0,"Victim__J_Out__C_Out__Reject","Victim__J_Out__C_Out__Reject",0,0,0,0,1,0,0,0,0,0,0,0,0,0,0,0,0,0,0,0,0,0,0,0,0,0,0,"J_Out__C_Out",,,0,0,0,1,0,0,0,0
70,4,2,"victim",0,18,2,1,0,2,1,1,TRUE,2.75,2.57142857142857,3,3.57142857142857,1.66666666666667,2,1,1,1,1,2,"Out","Out","outgroup","outgroup",1,0,0,0,1,0,"Out","Out",,1,0,1,0,1,0,1,0,0,"Victim__J_Out__C_Out",0,-9,9,"Ing_x_Hum","Ing_x_Hum__Victim","Ing_x_Hum__Accept","Ing_x_Hum__Victim__Accept",0,0,0,1,0,0,"Victim__J_Out__C_Out__Accept","Victim__J_Out__C_Out__Accept",0,0,0,0,1,0,0,0,0,0,0,0,0,0,0,0,0,0,0,0,0,0,0,0,0,0,0,"J_Out__C_Out",,,0,0,0,1,0,0,0,0
70,5,1,"victim",0,18,2,1,0,2,1,1,TRUE,2.75,2.57142857142857,3,3.57142857142857,1.66666666666667,2,3,1,3,1,2,"Cont","Out","control","outgroup",0,1,0,,1,0,"Cont","Out",,0,1,1,0,0,1,1,0,0,"Victim__J_Cont__C_Out",1,-7,7,"Ing_x_Control","Ing_x_Control__Victim","Ing_x_Control__Accept","Ing_x_Control__Victim__Accept",0,0,0,0,0,1,"Victim__J_Cont__C_Out__Accept","Victim__J_Cont__C_Out__Accept",0,0,0,0,0,1,0,0,0,0,0,0,0,0,0,0,0,0,0,0,0,0,0,0,0,0,0,"J_Cont__C_Out",,,0,0,0,0,1,0,0,0
70,5,2,"victim",0,18,2,1,0,2,1,1,TRUE,2.75,2.57142857142857,3,3.57142857142857,1.66666666666667,2,3,1,1,3,2,"Cont","Out","outgroup","control",1,0,0,0,0,1,"Out","Cont",,0,1,1,0,1,0,0,1,0,"Victim__J_Out__C_Cont",1,7,-7,"Ing_x_Hum","Ing_x_Hum__Victim","Ing_x_Hum__Reject","Ing_x_Hum__Victim__Reject",0,0,0,1,0,0,"Victim__J_Out__C_Cont__Reject","Victim__J_Out__C_Cont__Reject",0,0,0,0,0,0,0,1,0,0,0,0,0,0,0,0,0,0,0,0,0,0,0,0,0,0,0,"J_Out__C_Cont",,,0,0,0,0,0,0,1,0
71,1,1,"victim",0,18,3,2,1,2,1,1,TRUE,1.42857142857143,1.71428571428571,1.25,2,0.666666666666667,2,1,2,1,2,2,"Out","In","outgroup","ingroup",1,0,0,0,0,0,"Out","In",,1,0,0,0,1,0,0,0,0,"Victim__J_Out__C_In",0,0,0,"Ing_x_Hum","Ing_x_Hum__Victim","Ing_x_Hum__Reject","Ing_x_Hum__Victim__Reject",0,0,0,1,0,0,"Victim__J_Out__C_In__Reject","Victim__J_Out__C_In__Reject",0,1,0,0,0,0,0,0,0,0,0,0,0,0,0,0,0,0,0,0,0,0,0,0,0,0,0,"J_Out__C_In",,,1,0,0,0,0,0,0,0
71,1,2,"victim",0,18,3,2,1,2,1,1,TRUE,1.42857142857143,1.71428571428571,1.25,2,0.666666666666667,2,1,2,2,1,2,"Out","In","ingroup","outgroup",0,0,0,1,0,0,"In","Out",,1,0,0,0,0,0,1,0,0,"Victim__J_In__C_Out",0,0,0,"Ing_x_Ing","Ing_x_Ing__Victim","Ing_x_Ing__Reject","Ing_x_Ing__Victim__Reject",0,0,0,0,1,0,"Victim__J_In__C_Out__Reject","Victim__J_In__C_Out__Reject",0,0,0,1,0,0,0,0,0,0,0,0,0,0,0,0,0,0,0,0,0,0,0,0,0,0,0,"J_In__C_Out",,,0,0,1,0,0,0,0,0
71,2,1,"victim",0,18,3,2,1,2,1,1,TRUE,1.42857142857143,1.71428571428571,1.25,2,0.666666666666667,2,2,1,2,1,2,"In","Out","ingroup","outgroup",0,0,0,1,0,1,"In","Out",,0,0,1,0,0,0,1,0,0,"Victim__J_In__C_Out",0,0,0,"Ing_x_Ing","Ing_x_Ing__Victim","Ing_x_Ing__Reject","Ing_x_Ing__Victim__Reject",0,0,0,0,1,0,"Victim__J_In__C_Out__Reject","Victim__J_In__C_Out__Reject",0,0,0,1,0,0,0,0,0,0,0,0,0,0,0,0,0,0,0,0,0,0,0,0,0,0,0,"J_In__C_Out",,,0,0,1,0,0,0,0,0
71,2,2,"victim",0,18,3,2,1,2,1,1,TRUE,1.42857142857143,1.71428571428571,1.25,2,0.666666666666667,2,2,1,1,2,2,"In","Out","outgroup","ingroup",1,0,0,0,1,0,"Out","In",,0,0,1,0,1,0,0,0,0,"Victim__J_Out__C_In",0,0,0,"Ing_x_Hum","Ing_x_Hum__Victim","Ing_x_Hum__Accept","Ing_x_Hum__Victim__Accept",0,0,0,1,0,0,"Victim__J_Out__C_In__Accept","Victim__J_Out__C_In__Accept",0,1,0,0,0,0,0,0,0,0,0,0,0,0,0,0,0,0,0,0,0,0,0,0,0,0,0,"J_Out__C_In",,,1,0,0,0,0,0,0,0
71,3,1,"victim",0,18,3,2,1,2,1,1,TRUE,1.42857142857143,1.71428571428571,1.25,2,0.666666666666667,2,3,3,3,3,2,"Cont","Cont","control","control",0,1,0,,0,0,"Cont","Cont",,0,1,0,1,0,1,0,1,0,"Victim__J_Cont__C_Cont",1,0,0,"Ing_x_Control","Ing_x_Control__Victim","Ing_x_Control__Reject","Ing_x_Control__Victim__Reject",0,0,0,0,0,1,"Victim__J_Cont__C_Cont__Reject","Victim__J_Cont__C_Cont__Reject",0,0,0,0,0,0,0,0,1,0,0,0,0,0,0,0,0,0,0,0,0,0,0,0,0,0,0,"J_Cont__C_Cont",,,0,0,0,0,0,0,0,1
71,3,2,"victim",0,18,3,2,1,2,1,1,TRUE,1.42857142857143,1.71428571428571,1.25,2,0.666666666666667,2,3,3,3,3,2,"Cont","Cont","control","control",0,1,0,,0,0,"Cont","Cont",,0,1,0,1,0,1,0,1,0,"Victim__J_Cont__C_Cont",1,0,0,"Ing_x_Control","Ing_x_Control__Victim","Ing_x_Control__Reject","Ing_x_Control__Victim__Reject",0,0,0,0,0,1,"Victim__J_Cont__C_Cont__Reject","Victim__J_Cont__C_Cont__Reject",0,0,0,0,0,0,0,0,1,0,0,0,0,0,0,0,0,0,0,0,0,0,0,0,0,0,0,"J_Cont__C_Cont",,,0,0,0,0,0,0,0,1
71,4,1,"victim",0,18,3,2,1,2,1,1,TRUE,1.42857142857143,1.71428571428571,1.25,2,0.666666666666667,2,2,1,2,1,2,"In","Out","ingroup","outgroup",0,0,0,1,0,0,"In","Out",,0,0,1,0,0,0,1,0,0,"Victim__J_In__C_Out",0,0,0,"Ing_x_Ing","Ing_x_Ing__Victim","Ing_x_Ing__Reject","Ing_x_Ing__Victim__Reject",0,0,0,0,1,0,"Victim__J_In__C_Out__Reject","Victim__J_In__C_Out__Reject",0,0,0,1,0,0,0,0,0,0,0,0,0,0,0,0,0,0,0,0,0,0,0,0,0,0,0,"J_In__C_Out",,,0,0,1,0,0,0,0,0
71,4,2,"victim",0,18,3,2,1,2,1,1,TRUE,1.42857142857143,1.71428571428571,1.25,2,0.666666666666667,2,2,1,1,2,2,"In","Out","outgroup","ingroup",1,0,0,0,0,0,"Out","In",,0,0,1,0,1,0,0,0,0,"Victim__J_Out__C_In",0,0,0,"Ing_x_Hum","Ing_x_Hum__Victim","Ing_x_Hum__Reject","Ing_x_Hum__Victim__Reject",0,0,0,1,0,0,"Victim__J_Out__C_In__Reject","Victim__J_Out__C_In__Reject",0,1,0,0,0,0,0,0,0,0,0,0,0,0,0,0,0,0,0,0,0,0,0,0,0,0,0,"J_Out__C_In",,,1,0,0,0,0,0,0,0
71,5,1,"victim",0,18,3,2,1,2,1,1,TRUE,1.42857142857143,1.71428571428571,1.25,2,0.666666666666667,2,1,1,1,1,2,"Out","Out","outgroup","outgroup",1,0,0,0,0,1,"Out","Out",,1,0,1,0,1,0,1,0,0,"Victim__J_Out__C_Out",0,0,0,"Ing_x_Hum","Ing_x_Hum__Victim","Ing_x_Hum__Reject","Ing_x_Hum__Victim__Reject",0,0,0,1,0,0,"Victim__J_Out__C_Out__Reject","Victim__J_Out__C_Out__Reject",0,0,0,0,1,0,0,0,0,0,0,0,0,0,0,0,0,0,0,0,0,0,0,0,0,0,0,"J_Out__C_Out",,,0,0,0,1,0,0,0,0
71,5,2,"victim",0,18,3,2,1,2,1,1,TRUE,1.42857142857143,1.71428571428571,1.25,2,0.666666666666667,2,1,1,1,1,2,"Out","Out","outgroup","outgroup",1,0,0,0,1,0,"Out","Out",,1,0,1,0,1,0,1,0,0,"Victim__J_Out__C_Out",0,0,0,"Ing_x_Hum","Ing_x_Hum__Victim","Ing_x_Hum__Accept","Ing_x_Hum__Victim__Accept",0,0,0,1,0,0,"Victim__J_Out__C_Out__Accept","Victim__J_Out__C_Out__Accept",0,0,0,0,1,0,0,0,0,0,0,0,0,0,0,0,0,0,0,0,0,0,0,0,0,0,0,"J_Out__C_Out",,,0,0,0,1,0,0,0,0
72,6,1,"victim",0,18,1,1,0,2,1,2,TRUE,1.67857142857143,1.14285714285714,1.875,2.28571428571429,1.33333333333333,2,1,3,1,3,2,"Out","Cont","outgroup","control",1,0,0,0,0,1,"Out","Cont",,1,0,0,1,1,0,0,1,0,"Victim__J_Out__C_Cont",1,7,-7,"Ing_x_Hum","Ing_x_Hum__Victim","Ing_x_Hum__Reject","Ing_x_Hum__Victim__Reject",0,0,0,1,0,0,"Victim__J_Out__C_Cont__Reject","Victim__J_Out__C_Cont__Reject",0,0,0,0,0,0,0,1,0,0,0,0,0,0,0,0,0,0,0,0,0,0,0,0,0,0,0,"J_Out__C_Cont",,,0,0,0,0,0,0,1,0
72,6,2,"victim",0,18,1,1,0,2,1,2,TRUE,1.67857142857143,1.14285714285714,1.875,2.28571428571429,1.33333333333333,2,1,3,3,1,2,"Out","Cont","control","outgroup",0,1,0,,1,0,"Cont","Out",,1,0,0,1,0,1,1,0,0,"Victim__J_Cont__C_Out",1,-7,7,"Ing_x_Control","Ing_x_Control__Victim","Ing_x_Control__Accept","Ing_x_Control__Victim__Accept",0,0,0,0,0,1,"Victim__J_Cont__C_Out__Accept","Victim__J_Cont__C_Out__Accept",0,0,0,0,0,1,0,0,0,0,0,0,0,0,0,0,0,0,0,0,0,0,0,0,0,0,0,"J_Cont__C_Out",,,0,0,0,0,1,0,0,0
72,7,1,"victim",0,18,1,1,0,2,1,2,TRUE,1.67857142857143,1.14285714285714,1.875,2.28571428571429,1.33333333333333,2,3,1,3,1,2,"Cont","Out","control","outgroup",0,1,0,,1,1,"Cont","Out",,0,1,1,0,0,1,1,0,0,"Victim__J_Cont__C_Out",1,-8,8,"Ing_x_Control","Ing_x_Control__Victim","Ing_x_Control__Accept","Ing_x_Control__Victim__Accept",0,0,0,0,0,1,"Victim__J_Cont__C_Out__Accept","Victim__J_Cont__C_Out__Accept",0,0,0,0,0,1,0,0,0,0,0,0,0,0,0,0,0,0,0,0,0,0,0,0,0,0,0,"J_Cont__C_Out",,,0,0,0,0,1,0,0,0
72,7,2,"victim",0,18,1,1,0,2,1,2,TRUE,1.67857142857143,1.14285714285714,1.875,2.28571428571429,1.33333333333333,2,3,1,1,3,2,"Cont","Out","outgroup","control",1,0,0,0,1,1,"Out","Cont",,0,1,1,0,1,0,0,1,0,"Victim__J_Out__C_Cont",1,-8,8,"Ing_x_Hum","Ing_x_Hum__Victim","Ing_x_Hum__Accept","Ing_x_Hum__Victim__Accept",0,0,0,1,0,0,"Victim__J_Out__C_Cont__Accept","Victim__J_Out__C_Cont__Accept",0,0,0,0,0,0,0,1,0,0,0,0,0,0,0,0,0,0,0,0,0,0,0,0,0,0,0,"J_Out__C_Cont",,,0,0,0,0,0,0,1,0
72,8,1,"victim",0,18,1,1,0,2,1,2,TRUE,1.67857142857143,1.14285714285714,1.875,2.28571428571429,1.33333333333333,2,1,2,1,2,2,"Out","In","outgroup","ingroup",1,0,0,0,0,0,"Out","In",,1,0,0,0,1,0,0,0,0,"Victim__J_Out__C_In",0,9,-9,"Ing_x_Hum","Ing_x_Hum__Victim","Ing_x_Hum__Reject","Ing_x_Hum__Victim__Reject",0,0,0,1,0,0,"Victim__J_Out__C_In__Reject","Victim__J_Out__C_In__Reject",0,1,0,0,0,0,0,0,0,0,0,0,0,0,0,0,0,0,0,0,0,0,0,0,0,0,0,"J_Out__C_In",,,1,0,0,0,0,0,0,0
72,8,2,"victim",0,18,1,1,0,2,1,2,TRUE,1.67857142857143,1.14285714285714,1.875,2.28571428571429,1.33333333333333,2,1,2,2,1,2,"Out","In","ingroup","outgroup",0,0,0,1,0,0,"In","Out",,1,0,0,0,0,0,1,0,0,"Victim__J_In__C_Out",0,9,-9,"Ing_x_Ing","Ing_x_Ing__Victim","Ing_x_Ing__Reject","Ing_x_Ing__Victim__Reject",0,0,0,0,1,0,"Victim__J_In__C_Out__Reject","Victim__J_In__C_Out__Reject",0,0,0,1,0,0,0,0,0,0,0,0,0,0,0,0,0,0,0,0,0,0,0,0,0,0,0,"J_In__C_Out",,,0,0,1,0,0,0,0,0
72,9,1,"victim",0,18,1,1,0,2,1,2,TRUE,1.67857142857143,1.14285714285714,1.875,2.28571428571429,1.33333333333333,2,2,1,2,1,2,"In","Out","ingroup","outgroup",0,0,0,1,0,1,"In","Out",,0,0,1,0,0,0,1,0,0,"Victim__J_In__C_Out",0,9,-9,"Ing_x_Ing","Ing_x_Ing__Victim","Ing_x_Ing__Reject","Ing_x_Ing__Victim__Reject",0,0,0,0,1,0,"Victim__J_In__C_Out__Reject","Victim__J_In__C_Out__Reject",0,0,0,1,0,0,0,0,0,0,0,0,0,0,0,0,0,0,0,0,0,0,0,0,0,0,0,"J_In__C_Out",,,0,0,1,0,0,0,0,0
72,9,2,"victim",0,18,1,1,0,2,1,2,TRUE,1.67857142857143,1.14285714285714,1.875,2.28571428571429,1.33333333333333,2,2,1,1,2,2,"In","Out","outgroup","ingroup",1,0,0,0,1,0,"Out","In",,0,0,1,0,1,0,0,0,0,"Victim__J_Out__C_In",0,-9,9,"Ing_x_Hum","Ing_x_Hum__Victim","Ing_x_Hum__Accept","Ing_x_Hum__Victim__Accept",0,0,0,1,0,0,"Victim__J_Out__C_In__Accept","Victim__J_Out__C_In__Accept",0,1,0,0,0,0,0,0,0,0,0,0,0,0,0,0,0,0,0,0,0,0,0,0,0,0,0,"J_Out__C_In",,,1,0,0,0,0,0,0,0
72,10,1,"victim",0,18,1,1,0,2,1,2,TRUE,1.67857142857143,1.14285714285714,1.875,2.28571428571429,1.33333333333333,2,2,2,2,2,2,"In","In","ingroup","ingroup",0,0,0,1,1,0,"In","In",,0,0,0,0,0,0,0,0,0,"Victim__J_In__C_In",0,-9,9,"Ing_x_Ing","Ing_x_Ing__Victim","Ing_x_Ing__Accept","Ing_x_Ing__Victim__Accept",0,0,0,0,1,0,"Victim__J_In__C_In__Accept","Victim__J_In__C_In__Accept",1,0,0,0,0,0,0,0,0,0,0,0,0,0,0,0,0,0,0,0,0,0,0,0,0,0,0,"J_In__C_In",,,0,0,0,0,0,0,0,0
72,10,2,"victim",0,18,1,1,0,2,1,2,TRUE,1.67857142857143,1.14285714285714,1.875,2.28571428571429,1.33333333333333,2,2,2,2,2,2,"In","In","ingroup","ingroup",0,0,0,1,0,1,"In","In",,0,0,0,0,0,0,0,0,0,"Victim__J_In__C_In",0,9,-9,"Ing_x_Ing","Ing_x_Ing__Victim","Ing_x_Ing__Reject","Ing_x_Ing__Victim__Reject",0,0,0,0,1,0,"Victim__J_In__C_In__Reject","Victim__J_In__C_In__Reject",1,0,0,0,0,0,0,0,0,0,0,0,0,0,0,0,0,0,0,0,0,0,0,0,0,0,0,"J_In__C_In",,,0,0,0,0,0,0,0,0
73,1,1,"victim",0,18,4,1,0,2,1,1,TRUE,1.85714285714286,1.42857142857143,2.25,2,1.66666666666667,2,1,2,1,2,2,"Out","In","outgroup","ingroup",1,0,0,0,0,0,"Out","In",,1,0,0,0,1,0,0,0,0,"Victim__J_Out__C_In",0,0,0,"Ing_x_Hum","Ing_x_Hum__Victim","Ing_x_Hum__Reject","Ing_x_Hum__Victim__Reject",0,0,0,1,0,0,"Victim__J_Out__C_In__Reject","Victim__J_Out__C_In__Reject",0,1,0,0,0,0,0,0,0,0,0,0,0,0,0,0,0,0,0,0,0,0,0,0,0,0,0,"J_Out__C_In",,,1,0,0,0,0,0,0,0
73,1,2,"victim",0,18,4,1,0,2,1,1,TRUE,1.85714285714286,1.42857142857143,2.25,2,1.66666666666667,2,1,2,2,1,2,"Out","In","ingroup","outgroup",0,0,0,1,0,0,"In","Out",,1,0,0,0,0,0,1,0,0,"Victim__J_In__C_Out",0,0,0,"Ing_x_Ing","Ing_x_Ing__Victim","Ing_x_Ing__Reject","Ing_x_Ing__Victim__Reject",0,0,0,0,1,0,"Victim__J_In__C_Out__Reject","Victim__J_In__C_Out__Reject",0,0,0,1,0,0,0,0,0,0,0,0,0,0,0,0,0,0,0,0,0,0,0,0,0,0,0,"J_In__C_Out",,,0,0,1,0,0,0,0,0
73,2,1,"victim",0,18,4,1,0,2,1,1,TRUE,1.85714285714286,1.42857142857143,2.25,2,1.66666666666667,2,2,2,2,2,2,"In","In","ingroup","ingroup",0,0,0,1,1,1,"In","In",,0,0,0,0,0,0,0,0,0,"Victim__J_In__C_In",0,-3,3,"Ing_x_Ing","Ing_x_Ing__Victim","Ing_x_Ing__Accept","Ing_x_Ing__Victim__Accept",0,0,0,0,1,0,"Victim__J_In__C_In__Accept","Victim__J_In__C_In__Accept",1,0,0,0,0,0,0,0,0,0,0,0,0,0,0,0,0,0,0,0,0,0,0,0,0,0,0,"J_In__C_In",,,0,0,0,0,0,0,0,0
73,2,2,"victim",0,18,4,1,0,2,1,1,TRUE,1.85714285714286,1.42857142857143,2.25,2,1.66666666666667,2,2,2,2,2,2,"In","In","ingroup","ingroup",0,0,0,1,1,1,"In","In",,0,0,0,0,0,0,0,0,0,"Victim__J_In__C_In",0,-3,3,"Ing_x_Ing","Ing_x_Ing__Victim","Ing_x_Ing__Accept","Ing_x_Ing__Victim__Accept",0,0,0,0,1,0,"Victim__J_In__C_In__Accept","Victim__J_In__C_In__Accept",1,0,0,0,0,0,0,0,0,0,0,0,0,0,0,0,0,0,0,0,0,0,0,0,0,0,0,"J_In__C_In",,,0,0,0,0,0,0,0,0
73,3,1,"victim",0,18,4,1,0,2,1,1,TRUE,1.85714285714286,1.42857142857143,2.25,2,1.66666666666667,2,1,1,1,1,2,"Out","Out","outgroup","outgroup",1,0,0,0,0,0,"Out","Out",,1,0,1,0,1,0,1,0,0,"Victim__J_Out__C_Out",0,9,-9,"Ing_x_Hum","Ing_x_Hum__Victim","Ing_x_Hum__Reject","Ing_x_Hum__Victim__Reject",0,0,0,1,0,0,"Victim__J_Out__C_Out__Reject","Victim__J_Out__C_Out__Reject",0,0,0,0,1,0,0,0,0,0,0,0,0,0,0,0,0,0,0,0,0,0,0,0,0,0,0,"J_Out__C_Out",,,0,0,0,1,0,0,0,0
73,3,2,"victim",0,18,4,1,0,2,1,1,TRUE,1.85714285714286,1.42857142857143,2.25,2,1.66666666666667,2,1,1,1,1,2,"Out","Out","outgroup","outgroup",1,0,0,0,0,0,"Out","Out",,1,0,1,0,1,0,1,0,0,"Victim__J_Out__C_Out",0,9,-9,"Ing_x_Hum","Ing_x_Hum__Victim","Ing_x_Hum__Reject","Ing_x_Hum__Victim__Reject",0,0,0,1,0,0,"Victim__J_Out__C_Out__Reject","Victim__J_Out__C_Out__Reject",0,0,0,0,1,0,0,0,0,0,0,0,0,0,0,0,0,0,0,0,0,0,0,0,0,0,0,"J_Out__C_Out",,,0,0,0,1,0,0,0,0
73,4,1,"victim",0,18,4,1,0,2,1,1,TRUE,1.85714285714286,1.42857142857143,2.25,2,1.66666666666667,2,3,2,3,2,2,"Cont","In","control","ingroup",0,1,0,,0,0,"Cont","In",,0,1,0,0,0,1,0,0,0,"Victim__J_Cont__C_In",1,9,-9,"Ing_x_Control","Ing_x_Control__Victim","Ing_x_Control__Reject","Ing_x_Control__Victim__Reject",0,0,0,0,0,1,"Victim__J_Cont__C_In__Reject","Victim__J_Cont__C_In__Reject",0,0,1,0,0,0,0,0,0,0,0,0,0,0,0,0,0,0,0,0,0,0,0,0,0,0,0,"J_Cont__C_In",,,0,1,0,0,0,0,0,0
73,4,2,"victim",0,18,4,1,0,2,1,1,TRUE,1.85714285714286,1.42857142857143,2.25,2,1.66666666666667,2,3,2,2,3,2,"Cont","In","ingroup","control",0,0,0,1,0,0,"In","Cont",,0,1,0,0,0,0,0,1,0,"Victim__J_In__C_Cont",1,9,-9,"Ing_x_Ing","Ing_x_Ing__Victim","Ing_x_Ing__Reject","Ing_x_Ing__Victim__Reject",0,0,0,0,1,0,"Victim__J_In__C_Cont__Reject","Victim__J_In__C_Cont__Reject",0,0,0,0,0,0,1,0,0,0,0,0,0,0,0,0,0,0,0,0,0,0,0,0,0,0,0,"J_In__C_Cont",,,0,0,0,0,0,1,0,0
73,5,1,"victim",0,18,4,1,0,2,1,1,TRUE,1.85714285714286,1.42857142857143,2.25,2,1.66666666666667,2,3,2,3,2,2,"Cont","In","control","ingroup",0,1,0,,0,0,"Cont","In",,0,1,0,0,0,1,0,0,0,"Victim__J_Cont__C_In",1,9,-9,"Ing_x_Control","Ing_x_Control__Victim","Ing_x_Control__Reject","Ing_x_Control__Victim__Reject",0,0,0,0,0,1,"Victim__J_Cont__C_In__Reject","Victim__J_Cont__C_In__Reject",0,0,1,0,0,0,0,0,0,0,0,0,0,0,0,0,0,0,0,0,0,0,0,0,0,0,0,"J_Cont__C_In",,,0,1,0,0,0,0,0,0
73,5,2,"victim",0,18,4,1,0,2,1,1,TRUE,1.85714285714286,1.42857142857143,2.25,2,1.66666666666667,2,3,2,2,3,2,"Cont","In","ingroup","control",0,0,0,1,0,0,"In","Cont",,0,1,0,0,0,0,0,1,0,"Victim__J_In__C_Cont",1,9,-9,"Ing_x_Ing","Ing_x_Ing__Victim","Ing_x_Ing__Reject","Ing_x_Ing__Victim__Reject",0,0,0,0,1,0,"Victim__J_In__C_Cont__Reject","Victim__J_In__C_Cont__Reject",0,0,0,0,0,0,1,0,0,0,0,0,0,0,0,0,0,0,0,0,0,0,0,0,0,0,0,"J_In__C_Cont",,,0,0,0,0,0,1,0,0
74,6,1,"victim",0,20,1,2,1,1,0,2,TRUE,2.21428571428571,2,2.25,2.42857142857143,2.16666666666667,1,3,3,3,3,1,"Cont","Cont","control","control",0,1,0,,1,1,"Cont","Cont",,0,1,0,1,0,1,0,1,0,"Victim__J_Cont__C_Cont",1,-9,9,"Hum_x_Control","Hum_x_Control__Victim","Hum_x_Control__Accept","Hum_x_Control__Victim__Accept",0,0,1,0,0,0,"Victim__J_Cont__C_Cont__Accept","Victim__J_Cont__C_Cont__Accept",0,0,0,0,0,0,0,0,1,0,0,0,0,0,0,0,0,0,0,0,0,0,0,0,0,0,0,"J_Cont__C_Cont",,,0,0,0,0,0,0,0,1
74,6,2,"victim",0,20,1,2,1,1,0,2,TRUE,2.21428571428571,2,2.25,2.42857142857143,2.16666666666667,1,3,3,3,3,1,"Cont","Cont","control","control",0,1,0,,1,1,"Cont","Cont",,0,1,0,1,0,1,0,1,0,"Victim__J_Cont__C_Cont",1,-9,9,"Hum_x_Control","Hum_x_Control__Victim","Hum_x_Control__Accept","Hum_x_Control__Victim__Accept",0,0,1,0,0,0,"Victim__J_Cont__C_Cont__Accept","Victim__J_Cont__C_Cont__Accept",0,0,0,0,0,0,0,0,1,0,0,0,0,0,0,0,0,0,0,0,0,0,0,0,0,0,0,"J_Cont__C_Cont",,,0,0,0,0,0,0,0,1
74,7,1,"victim",0,20,1,2,1,1,0,2,TRUE,2.21428571428571,2,2.25,2.42857142857143,2.16666666666667,1,2,1,2,1,1,"Out","In","outgroup","ingroup",1,0,0,0,1,1,"Out","In",,1,0,0,0,1,0,0,0,0,"Victim__J_Out__C_In",0,-9,9,"Hum_x_Ing","Hum_x_Ing__Victim","Hum_x_Ing__Accept","Hum_x_Ing__Victim__Accept",0,1,0,0,0,0,"Victim__J_Out__C_In__Accept","Victim__J_Out__C_In__Accept",0,1,0,0,0,0,0,0,0,0,0,0,0,0,0,0,0,0,0,0,0,0,0,0,0,0,0,"J_Out__C_In",,,1,0,0,0,0,0,0,0
74,7,2,"victim",0,20,1,2,1,1,0,2,TRUE,2.21428571428571,2,2.25,2.42857142857143,2.16666666666667,1,2,1,1,2,1,"Out","In","ingroup","outgroup",0,0,0,1,1,1,"In","Out",,1,0,0,0,0,0,1,0,0,"Victim__J_In__C_Out",0,-9,9,"Hum_x_Hum","Hum_x_Hum__Victim","Hum_x_Hum__Accept","Hum_x_Hum__Victim__Accept",1,0,0,0,0,0,"Victim__J_In__C_Out__Accept","Victim__J_In__C_Out__Accept",0,0,0,1,0,0,0,0,0,0,0,0,0,0,0,0,0,0,0,0,0,0,0,0,0,0,0,"J_In__C_Out",,,0,0,1,0,0,0,0,0
74,8,1,"victim",0,20,1,2,1,1,0,2,TRUE,2.21428571428571,2,2.25,2.42857142857143,2.16666666666667,1,1,1,1,1,1,"In","In","ingroup","ingroup",0,0,0,1,1,0,"In","In",,0,0,0,0,0,0,0,0,0,"Victim__J_In__C_In",0,-9,9,"Hum_x_Hum","Hum_x_Hum__Victim","Hum_x_Hum__Accept","Hum_x_Hum__Victim__Accept",1,0,0,0,0,0,"Victim__J_In__C_In__Accept","Victim__J_In__C_In__Accept",1,0,0,0,0,0,0,0,0,0,0,0,0,0,0,0,0,0,0,0,0,0,0,0,0,0,0,"J_In__C_In",,,0,0,0,0,0,0,0,0
74,8,2,"victim",0,20,1,2,1,1,0,2,TRUE,2.21428571428571,2,2.25,2.42857142857143,2.16666666666667,1,1,1,1,1,1,"In","In","ingroup","ingroup",0,0,0,1,0,1,"In","In",,0,0,0,0,0,0,0,0,0,"Victim__J_In__C_In",0,-9,9,"Hum_x_Hum","Hum_x_Hum__Victim","Hum_x_Hum__Reject","Hum_x_Hum__Victim__Reject",1,0,0,0,0,0,"Victim__J_In__C_In__Reject","Victim__J_In__C_In__Reject",1,0,0,0,0,0,0,0,0,0,0,0,0,0,0,0,0,0,0,0,0,0,0,0,0,0,0,"J_In__C_In",,,0,0,0,0,0,0,0,0
74,9,1,"victim",0,20,1,2,1,1,0,2,TRUE,2.21428571428571,2,2.25,2.42857142857143,2.16666666666667,1,3,1,3,1,1,"Cont","In","control","ingroup",0,1,0,,0,0,"Cont","In",,0,1,0,0,0,1,0,0,0,"Victim__J_Cont__C_In",1,9,-9,"Hum_x_Control","Hum_x_Control__Victim","Hum_x_Control__Reject","Hum_x_Control__Victim__Reject",0,0,1,0,0,0,"Victim__J_Cont__C_In__Reject","Victim__J_Cont__C_In__Reject",0,0,1,0,0,0,0,0,0,0,0,0,0,0,0,0,0,0,0,0,0,0,0,0,0,0,0,"J_Cont__C_In",,,0,1,0,0,0,0,0,0
74,9,2,"victim",0,20,1,2,1,1,0,2,TRUE,2.21428571428571,2,2.25,2.42857142857143,2.16666666666667,1,3,1,1,3,1,"Cont","In","ingroup","control",0,0,0,1,0,0,"In","Cont",,0,1,0,0,0,0,0,1,0,"Victim__J_In__C_Cont",1,9,-9,"Hum_x_Hum","Hum_x_Hum__Victim","Hum_x_Hum__Reject","Hum_x_Hum__Victim__Reject",1,0,0,0,0,0,"Victim__J_In__C_Cont__Reject","Victim__J_In__C_Cont__Reject",0,0,0,0,0,0,1,0,0,0,0,0,0,0,0,0,0,0,0,0,0,0,0,0,0,0,0,"J_In__C_Cont",,,0,0,0,0,0,1,0,0
74,10,1,"victim",0,20,1,2,1,1,0,2,TRUE,2.21428571428571,2,2.25,2.42857142857143,2.16666666666667,1,1,1,1,1,1,"In","In","ingroup","ingroup",0,0,0,1,1,1,"In","In",,0,0,0,0,0,0,0,0,0,"Victim__J_In__C_In",0,-9,9,"Hum_x_Hum","Hum_x_Hum__Victim","Hum_x_Hum__Accept","Hum_x_Hum__Victim__Accept",1,0,0,0,0,0,"Victim__J_In__C_In__Accept","Victim__J_In__C_In__Accept",1,0,0,0,0,0,0,0,0,0,0,0,0,0,0,0,0,0,0,0,0,0,0,0,0,0,0,"J_In__C_In",,,0,0,0,0,0,0,0,0
74,10,2,"victim",0,20,1,2,1,1,0,2,TRUE,2.21428571428571,2,2.25,2.42857142857143,2.16666666666667,1,1,1,1,1,1,"In","In","ingroup","ingroup",0,0,0,1,1,1,"In","In",,0,0,0,0,0,0,0,0,0,"Victim__J_In__C_In",0,-9,9,"Hum_x_Hum","Hum_x_Hum__Victim","Hum_x_Hum__Accept","Hum_x_Hum__Victim__Accept",1,0,0,0,0,0,"Victim__J_In__C_In__Accept","Victim__J_In__C_In__Accept",1,0,0,0,0,0,0,0,0,0,0,0,0,0,0,0,0,0,0,0,0,0,0,0,0,0,0,"J_In__C_In",,,0,0,0,0,0,0,0,0
75,1,1,"victim",0,18,1,2,1,2,1,1,TRUE,2,0.714285714285714,3.25,2.14285714285714,1.66666666666667,2,1,2,1,2,2,"Out","In","outgroup","ingroup",1,0,0,0,0,1,"Out","In",,1,0,0,0,1,0,0,0,0,"Victim__J_Out__C_In",0,-6,6,"Ing_x_Hum","Ing_x_Hum__Victim","Ing_x_Hum__Reject","Ing_x_Hum__Victim__Reject",0,0,0,1,0,0,"Victim__J_Out__C_In__Reject","Victim__J_Out__C_In__Reject",0,1,0,0,0,0,0,0,0,0,0,0,0,0,0,0,0,0,0,0,0,0,0,0,0,0,0,"J_Out__C_In",,,1,0,0,0,0,0,0,0
75,1,2,"victim",0,18,1,2,1,2,1,1,TRUE,2,0.714285714285714,3.25,2.14285714285714,1.66666666666667,2,1,2,2,1,2,"Out","In","ingroup","outgroup",0,0,0,1,1,0,"In","Out",,1,0,0,0,0,0,1,0,0,"Victim__J_In__C_Out",0,0,0,"Ing_x_Ing","Ing_x_Ing__Victim","Ing_x_Ing__Accept","Ing_x_Ing__Victim__Accept",0,0,0,0,1,0,"Victim__J_In__C_Out__Accept","Victim__J_In__C_Out__Accept",0,0,0,1,0,0,0,0,0,0,0,0,0,0,0,0,0,0,0,0,0,0,0,0,0,0,0,"J_In__C_Out",,,0,0,1,0,0,0,0,0
75,2,1,"victim",0,18,1,2,1,2,1,1,TRUE,2,0.714285714285714,3.25,2.14285714285714,1.66666666666667,2,3,1,3,1,2,"Cont","Out","control","outgroup",0,1,0,,0,0,"Cont","Out",,0,1,1,0,0,1,1,0,0,"Victim__J_Cont__C_Out",1,9,-9,"Ing_x_Control","Ing_x_Control__Victim","Ing_x_Control__Reject","Ing_x_Control__Victim__Reject",0,0,0,0,0,1,"Victim__J_Cont__C_Out__Reject","Victim__J_Cont__C_Out__Reject",0,0,0,0,0,1,0,0,0,0,0,0,0,0,0,0,0,0,0,0,0,0,0,0,0,0,0,"J_Cont__C_Out",,,0,0,0,0,1,0,0,0
75,2,2,"victim",0,18,1,2,1,2,1,1,TRUE,2,0.714285714285714,3.25,2.14285714285714,1.66666666666667,2,3,1,1,3,2,"Cont","Out","outgroup","control",1,0,0,0,0,0,"Out","Cont",,0,1,1,0,1,0,0,1,0,"Victim__J_Out__C_Cont",1,9,-9,"Ing_x_Hum","Ing_x_Hum__Victim","Ing_x_Hum__Reject","Ing_x_Hum__Victim__Reject",0,0,0,1,0,0,"Victim__J_Out__C_Cont__Reject","Victim__J_Out__C_Cont__Reject",0,0,0,0,0,0,0,1,0,0,0,0,0,0,0,0,0,0,0,0,0,0,0,0,0,0,0,"J_Out__C_Cont",,,0,0,0,0,0,0,1,0
75,3,1,"victim",0,18,1,2,1,2,1,1,TRUE,2,0.714285714285714,3.25,2.14285714285714,1.66666666666667,2,2,1,2,1,2,"In","Out","ingroup","outgroup",0,0,0,1,1,1,"In","Out",,0,0,1,0,0,0,1,0,0,"Victim__J_In__C_Out",0,-9,9,"Ing_x_Ing","Ing_x_Ing__Victim","Ing_x_Ing__Accept","Ing_x_Ing__Victim__Accept",0,0,0,0,1,0,"Victim__J_In__C_Out__Accept","Victim__J_In__C_Out__Accept",0,0,0,1,0,0,0,0,0,0,0,0,0,0,0,0,0,0,0,0,0,0,0,0,0,0,0,"J_In__C_Out",,,0,0,1,0,0,0,0,0
75,3,2,"victim",0,18,1,2,1,2,1,1,TRUE,2,0.714285714285714,3.25,2.14285714285714,1.66666666666667,2,2,1,1,2,2,"In","Out","outgroup","ingroup",1,0,0,0,1,1,"Out","In",,0,0,1,0,1,0,0,0,0,"Victim__J_Out__C_In",0,-9,9,"Ing_x_Hum","Ing_x_Hum__Victim","Ing_x_Hum__Accept","Ing_x_Hum__Victim__Accept",0,0,0,1,0,0,"Victim__J_Out__C_In__Accept","Victim__J_Out__C_In__Accept",0,1,0,0,0,0,0,0,0,0,0,0,0,0,0,0,0,0,0,0,0,0,0,0,0,0,0,"J_Out__C_In",,,1,0,0,0,0,0,0,0
75,4,1,"victim",0,18,1,2,1,2,1,1,TRUE,2,0.714285714285714,3.25,2.14285714285714,1.66666666666667,2,1,2,1,2,2,"Out","In","outgroup","ingroup",1,0,0,0,0,1,"Out","In",,1,0,0,0,1,0,0,0,0,"Victim__J_Out__C_In",0,9,-9,"Ing_x_Hum","Ing_x_Hum__Victim","Ing_x_Hum__Reject","Ing_x_Hum__Victim__Reject",0,0,0,1,0,0,"Victim__J_Out__C_In__Reject","Victim__J_Out__C_In__Reject",0,1,0,0,0,0,0,0,0,0,0,0,0,0,0,0,0,0,0,0,0,0,0,0,0,0,0,"J_Out__C_In",,,1,0,0,0,0,0,0,0
75,4,2,"victim",0,18,1,2,1,2,1,1,TRUE,2,0.714285714285714,3.25,2.14285714285714,1.66666666666667,2,1,2,2,1,2,"Out","In","ingroup","outgroup",0,0,0,1,1,0,"In","Out",,1,0,0,0,0,0,1,0,0,"Victim__J_In__C_Out",0,-9,9,"Ing_x_Ing","Ing_x_Ing__Victim","Ing_x_Ing__Accept","Ing_x_Ing__Victim__Accept",0,0,0,0,1,0,"Victim__J_In__C_Out__Accept","Victim__J_In__C_Out__Accept",0,0,0,1,0,0,0,0,0,0,0,0,0,0,0,0,0,0,0,0,0,0,0,0,0,0,0,"J_In__C_Out",,,0,0,1,0,0,0,0,0
75,5,1,"victim",0,18,1,2,1,2,1,1,TRUE,2,0.714285714285714,3.25,2.14285714285714,1.66666666666667,2,3,1,3,1,2,"Cont","Out","control","outgroup",0,1,0,,1,1,"Cont","Out",,0,1,1,0,0,1,1,0,0,"Victim__J_Cont__C_Out",1,-9,9,"Ing_x_Control","Ing_x_Control__Victim","Ing_x_Control__Accept","Ing_x_Control__Victim__Accept",0,0,0,0,0,1,"Victim__J_Cont__C_Out__Accept","Victim__J_Cont__C_Out__Accept",0,0,0,0,0,1,0,0,0,0,0,0,0,0,0,0,0,0,0,0,0,0,0,0,0,0,0,"J_Cont__C_Out",,,0,0,0,0,1,0,0,0
75,5,2,"victim",0,18,1,2,1,2,1,1,TRUE,2,0.714285714285714,3.25,2.14285714285714,1.66666666666667,2,3,1,1,3,2,"Cont","Out","outgroup","control",1,0,0,0,1,1,"Out","Cont",,0,1,1,0,1,0,0,1,0,"Victim__J_Out__C_Cont",1,-9,9,"Ing_x_Hum","Ing_x_Hum__Victim","Ing_x_Hum__Accept","Ing_x_Hum__Victim__Accept",0,0,0,1,0,0,"Victim__J_Out__C_Cont__Accept","Victim__J_Out__C_Cont__Accept",0,0,0,0,0,0,0,1,0,0,0,0,0,0,0,0,0,0,0,0,0,0,0,0,0,0,0,"J_Out__C_Cont",,,0,0,0,0,0,0,1,0
76,6,1,"victim",0,19,3,2,1,2,1,2,TRUE,1.64285714285714,2.28571428571429,1,2.42857142857143,0.833333333333333,2,1,1,1,1,2,"Out","Out","outgroup","outgroup",1,0,0,0,1,0,"Out","Out",,1,0,1,0,1,0,1,0,0,"Victim__J_Out__C_Out",0,7,-7,"Ing_x_Hum","Ing_x_Hum__Victim","Ing_x_Hum__Accept","Ing_x_Hum__Victim__Accept",0,0,0,1,0,0,"Victim__J_Out__C_Out__Accept","Victim__J_Out__C_Out__Accept",0,0,0,0,1,0,0,0,0,0,0,0,0,0,0,0,0,0,0,0,0,0,0,0,0,0,0,"J_Out__C_Out",,,0,0,0,1,0,0,0,0
76,6,2,"victim",0,19,3,2,1,2,1,2,TRUE,1.64285714285714,2.28571428571429,1,2.42857142857143,0.833333333333333,2,1,1,1,1,2,"Out","Out","outgroup","outgroup",1,0,0,0,0,1,"Out","Out",,1,0,1,0,1,0,1,0,0,"Victim__J_Out__C_Out",0,7,-7,"Ing_x_Hum","Ing_x_Hum__Victim","Ing_x_Hum__Reject","Ing_x_Hum__Victim__Reject",0,0,0,1,0,0,"Victim__J_Out__C_Out__Reject","Victim__J_Out__C_Out__Reject",0,0,0,0,1,0,0,0,0,0,0,0,0,0,0,0,0,0,0,0,0,0,0,0,0,0,0,"J_Out__C_Out",,,0,0,0,1,0,0,0,0
76,7,1,"victim",0,19,3,2,1,2,1,2,TRUE,1.64285714285714,2.28571428571429,1,2.42857142857143,0.833333333333333,2,2,3,2,3,2,"In","Cont","ingroup","control",0,0,0,1,1,1,"In","Cont",,0,0,0,1,0,0,0,1,0,"Victim__J_In__C_Cont",1,8,-8,"Ing_x_Ing","Ing_x_Ing__Victim","Ing_x_Ing__Accept","Ing_x_Ing__Victim__Accept",0,0,0,0,1,0,"Victim__J_In__C_Cont__Accept","Victim__J_In__C_Cont__Accept",0,0,0,0,0,0,1,0,0,0,0,0,0,0,0,0,0,0,0,0,0,0,0,0,0,0,0,"J_In__C_Cont",,,0,0,0,0,0,1,0,0
76,7,2,"victim",0,19,3,2,1,2,1,2,TRUE,1.64285714285714,2.28571428571429,1,2.42857142857143,0.833333333333333,2,2,3,3,2,2,"In","Cont","control","ingroup",0,1,0,,1,1,"Cont","In",,0,0,0,1,0,1,0,0,0,"Victim__J_Cont__C_In",1,8,-8,"Ing_x_Control","Ing_x_Control__Victim","Ing_x_Control__Accept","Ing_x_Control__Victim__Accept",0,0,0,0,0,1,"Victim__J_Cont__C_In__Accept","Victim__J_Cont__C_In__Accept",0,0,1,0,0,0,0,0,0,0,0,0,0,0,0,0,0,0,0,0,0,0,0,0,0,0,0,"J_Cont__C_In",,,0,1,0,0,0,0,0,0
76,8,1,"victim",0,19,3,2,1,2,1,2,TRUE,1.64285714285714,2.28571428571429,1,2.42857142857143,0.833333333333333,2,3,2,3,2,2,"Cont","In","control","ingroup",0,1,0,,1,0,"Cont","In",,0,1,0,0,0,1,0,0,0,"Victim__J_Cont__C_In",1,8,-8,"Ing_x_Control","Ing_x_Control__Victim","Ing_x_Control__Accept","Ing_x_Control__Victim__Accept",0,0,0,0,0,1,"Victim__J_Cont__C_In__Accept","Victim__J_Cont__C_In__Accept",0,0,1,0,0,0,0,0,0,0,0,0,0,0,0,0,0,0,0,0,0,0,0,0,0,0,0,"J_Cont__C_In",,,0,1,0,0,0,0,0,0
76,8,2,"victim",0,19,3,2,1,2,1,2,TRUE,1.64285714285714,2.28571428571429,1,2.42857142857143,0.833333333333333,2,3,2,2,3,2,"Cont","In","ingroup","control",0,0,0,1,0,1,"In","Cont",,0,1,0,0,0,0,0,1,0,"Victim__J_In__C_Cont",1,8,-8,"Ing_x_Ing","Ing_x_Ing__Victim","Ing_x_Ing__Reject","Ing_x_Ing__Victim__Reject",0,0,0,0,1,0,"Victim__J_In__C_Cont__Reject","Victim__J_In__C_Cont__Reject",0,0,0,0,0,0,1,0,0,0,0,0,0,0,0,0,0,0,0,0,0,0,0,0,0,0,0,"J_In__C_Cont",,,0,0,0,0,0,1,0,0
76,9,1,"victim",0,19,3,2,1,2,1,2,TRUE,1.64285714285714,2.28571428571429,1,2.42857142857143,0.833333333333333,2,3,2,3,2,2,"Cont","In","control","ingroup",0,1,0,,0,0,"Cont","In",,0,1,0,0,0,1,0,0,0,"Victim__J_Cont__C_In",1,9,-9,"Ing_x_Control","Ing_x_Control__Victim","Ing_x_Control__Reject","Ing_x_Control__Victim__Reject",0,0,0,0,0,1,"Victim__J_Cont__C_In__Reject","Victim__J_Cont__C_In__Reject",0,0,1,0,0,0,0,0,0,0,0,0,0,0,0,0,0,0,0,0,0,0,0,0,0,0,0,"J_Cont__C_In",,,0,1,0,0,0,0,0,0
76,9,2,"victim",0,19,3,2,1,2,1,2,TRUE,1.64285714285714,2.28571428571429,1,2.42857142857143,0.833333333333333,2,3,2,2,3,2,"Cont","In","ingroup","control",0,0,0,1,0,0,"In","Cont",,0,1,0,0,0,0,0,1,0,"Victim__J_In__C_Cont",1,9,-9,"Ing_x_Ing","Ing_x_Ing__Victim","Ing_x_Ing__Reject","Ing_x_Ing__Victim__Reject",0,0,0,0,1,0,"Victim__J_In__C_Cont__Reject","Victim__J_In__C_Cont__Reject",0,0,0,0,0,0,1,0,0,0,0,0,0,0,0,0,0,0,0,0,0,0,0,0,0,0,0,"J_In__C_Cont",,,0,0,0,0,0,1,0,0
76,10,1,"victim",0,19,3,2,1,2,1,2,TRUE,1.64285714285714,2.28571428571429,1,2.42857142857143,0.833333333333333,2,1,2,1,2,2,"Out","In","outgroup","ingroup",1,0,0,0,1,0,"Out","In",,1,0,0,0,1,0,0,0,0,"Victim__J_Out__C_In",0,8,-8,"Ing_x_Hum","Ing_x_Hum__Victim","Ing_x_Hum__Accept","Ing_x_Hum__Victim__Accept",0,0,0,1,0,0,"Victim__J_Out__C_In__Accept","Victim__J_Out__C_In__Accept",0,1,0,0,0,0,0,0,0,0,0,0,0,0,0,0,0,0,0,0,0,0,0,0,0,0,0,"J_Out__C_In",,,1,0,0,0,0,0,0,0
76,10,2,"victim",0,19,3,2,1,2,1,2,TRUE,1.64285714285714,2.28571428571429,1,2.42857142857143,0.833333333333333,2,1,2,2,1,2,"Out","In","ingroup","outgroup",0,0,0,1,0,1,"In","Out",,1,0,0,0,0,0,1,0,0,"Victim__J_In__C_Out",0,8,-8,"Ing_x_Ing","Ing_x_Ing__Victim","Ing_x_Ing__Reject","Ing_x_Ing__Victim__Reject",0,0,0,0,1,0,"Victim__J_In__C_Out__Reject","Victim__J_In__C_Out__Reject",0,0,0,1,0,0,0,0,0,0,0,0,0,0,0,0,0,0,0,0,0,0,0,0,0,0,0,"J_In__C_Out",,,0,0,1,0,0,0,0,0
77,1,1,"victim",0,19,2,2,1,2,1,1,TRUE,1.64285714285714,1.57142857142857,1.625,2.28571428571429,1,2,1,2,1,2,2,"Out","In","outgroup","ingroup",1,0,0,0,1,0,"Out","In",,1,0,0,0,1,0,0,0,0,"Victim__J_Out__C_In",0,-9,9,"Ing_x_Hum","Ing_x_Hum__Victim","Ing_x_Hum__Accept","Ing_x_Hum__Victim__Accept",0,0,0,1,0,0,"Victim__J_Out__C_In__Accept","Victim__J_Out__C_In__Accept",0,1,0,0,0,0,0,0,0,0,0,0,0,0,0,0,0,0,0,0,0,0,0,0,0,0,0,"J_Out__C_In",,,1,0,0,0,0,0,0,0
77,1,2,"victim",0,19,2,2,1,2,1,1,TRUE,1.64285714285714,1.57142857142857,1.625,2.28571428571429,1,2,1,2,2,1,2,"Out","In","ingroup","outgroup",0,0,0,1,0,1,"In","Out",,1,0,0,0,0,0,1,0,0,"Victim__J_In__C_Out",0,6,-6,"Ing_x_Ing","Ing_x_Ing__Victim","Ing_x_Ing__Reject","Ing_x_Ing__Victim__Reject",0,0,0,0,1,0,"Victim__J_In__C_Out__Reject","Victim__J_In__C_Out__Reject",0,0,0,1,0,0,0,0,0,0,0,0,0,0,0,0,0,0,0,0,0,0,0,0,0,0,0,"J_In__C_Out",,,0,0,1,0,0,0,0,0
77,2,1,"victim",0,19,2,2,1,2,1,1,TRUE,1.64285714285714,1.57142857142857,1.625,2.28571428571429,1,2,1,1,1,1,2,"Out","Out","outgroup","outgroup",1,0,0,0,0,1,"Out","Out",,1,0,1,0,1,0,1,0,0,"Victim__J_Out__C_Out",0,-6,6,"Ing_x_Hum","Ing_x_Hum__Victim","Ing_x_Hum__Reject","Ing_x_Hum__Victim__Reject",0,0,0,1,0,0,"Victim__J_Out__C_Out__Reject","Victim__J_Out__C_Out__Reject",0,0,0,0,1,0,0,0,0,0,0,0,0,0,0,0,0,0,0,0,0,0,0,0,0,0,0,"J_Out__C_Out",,,0,0,0,1,0,0,0,0
77,2,2,"victim",0,19,2,2,1,2,1,1,TRUE,1.64285714285714,1.57142857142857,1.625,2.28571428571429,1,2,1,1,1,1,2,"Out","Out","outgroup","outgroup",1,0,0,0,1,0,"Out","Out",,1,0,1,0,1,0,1,0,0,"Victim__J_Out__C_Out",0,7,-7,"Ing_x_Hum","Ing_x_Hum__Victim","Ing_x_Hum__Accept","Ing_x_Hum__Victim__Accept",0,0,0,1,0,0,"Victim__J_Out__C_Out__Accept","Victim__J_Out__C_Out__Accept",0,0,0,0,1,0,0,0,0,0,0,0,0,0,0,0,0,0,0,0,0,0,0,0,0,0,0,"J_Out__C_Out",,,0,0,0,1,0,0,0,0
77,3,1,"victim",0,19,2,2,1,2,1,1,TRUE,1.64285714285714,1.57142857142857,1.625,2.28571428571429,1,2,2,3,2,3,2,"In","Cont","ingroup","control",0,0,0,1,1,1,"In","Cont",,0,0,0,1,0,0,0,1,0,"Victim__J_In__C_Cont",1,-6,6,"Ing_x_Ing","Ing_x_Ing__Victim","Ing_x_Ing__Accept","Ing_x_Ing__Victim__Accept",0,0,0,0,1,0,"Victim__J_In__C_Cont__Accept","Victim__J_In__C_Cont__Accept",0,0,0,0,0,0,1,0,0,0,0,0,0,0,0,0,0,0,0,0,0,0,0,0,0,0,0,"J_In__C_Cont",,,0,0,0,0,0,1,0,0
77,3,2,"victim",0,19,2,2,1,2,1,1,TRUE,1.64285714285714,1.57142857142857,1.625,2.28571428571429,1,2,2,3,3,2,2,"In","Cont","control","ingroup",0,1,0,,1,1,"Cont","In",,0,0,0,1,0,1,0,0,0,"Victim__J_Cont__C_In",1,-6,6,"Ing_x_Control","Ing_x_Control__Victim","Ing_x_Control__Accept","Ing_x_Control__Victim__Accept",0,0,0,0,0,1,"Victim__J_Cont__C_In__Accept","Victim__J_Cont__C_In__Accept",0,0,1,0,0,0,0,0,0,0,0,0,0,0,0,0,0,0,0,0,0,0,0,0,0,0,0,"J_Cont__C_In",,,0,1,0,0,0,0,0,0
77,4,1,"victim",0,19,2,2,1,2,1,1,TRUE,1.64285714285714,1.57142857142857,1.625,2.28571428571429,1,2,1,3,1,3,2,"Out","Cont","outgroup","control",1,0,0,0,1,0,"Out","Cont",,1,0,0,1,1,0,0,1,0,"Victim__J_Out__C_Cont",1,-5,5,"Ing_x_Hum","Ing_x_Hum__Victim","Ing_x_Hum__Accept","Ing_x_Hum__Victim__Accept",0,0,0,1,0,0,"Victim__J_Out__C_Cont__Accept","Victim__J_Out__C_Cont__Accept",0,0,0,0,0,0,0,1,0,0,0,0,0,0,0,0,0,0,0,0,0,0,0,0,0,0,0,"J_Out__C_Cont",,,0,0,0,0,0,0,1,0
77,4,2,"victim",0,19,2,2,1,2,1,1,TRUE,1.64285714285714,1.57142857142857,1.625,2.28571428571429,1,2,1,3,3,1,2,"Out","Cont","control","outgroup",0,1,0,,0,1,"Cont","Out",,1,0,0,1,0,1,1,0,0,"Victim__J_Cont__C_Out",1,7,-7,"Ing_x_Control","Ing_x_Control__Victim","Ing_x_Control__Reject","Ing_x_Control__Victim__Reject",0,0,0,0,0,1,"Victim__J_Cont__C_Out__Reject","Victim__J_Cont__C_Out__Reject",0,0,0,0,0,1,0,0,0,0,0,0,0,0,0,0,0,0,0,0,0,0,0,0,0,0,0,"J_Cont__C_Out",,,0,0,0,0,1,0,0,0
77,5,1,"victim",0,19,2,2,1,2,1,1,TRUE,1.64285714285714,1.57142857142857,1.625,2.28571428571429,1,2,3,2,3,2,2,"Cont","In","control","ingroup",0,1,0,,0,0,"Cont","In",,0,1,0,0,0,1,0,0,0,"Victim__J_Cont__C_In",1,7,-7,"Ing_x_Control","Ing_x_Control__Victim","Ing_x_Control__Reject","Ing_x_Control__Victim__Reject",0,0,0,0,0,1,"Victim__J_Cont__C_In__Reject","Victim__J_Cont__C_In__Reject",0,0,1,0,0,0,0,0,0,0,0,0,0,0,0,0,0,0,0,0,0,0,0,0,0,0,0,"J_Cont__C_In",,,0,1,0,0,0,0,0,0
77,5,2,"victim",0,19,2,2,1,2,1,1,TRUE,1.64285714285714,1.57142857142857,1.625,2.28571428571429,1,2,3,2,2,3,2,"Cont","In","ingroup","control",0,0,0,1,0,0,"In","Cont",,0,1,0,0,0,0,0,1,0,"Victim__J_In__C_Cont",1,7,-7,"Ing_x_Ing","Ing_x_Ing__Victim","Ing_x_Ing__Reject","Ing_x_Ing__Victim__Reject",0,0,0,0,1,0,"Victim__J_In__C_Cont__Reject","Victim__J_In__C_Cont__Reject",0,0,0,0,0,0,1,0,0,0,0,0,0,0,0,0,0,0,0,0,0,0,0,0,0,0,0,"J_In__C_Cont",,,0,0,0,0,0,1,0,0
78,6,1,"victim",0,19,4,2,1,2,1,2,TRUE,1.71428571428571,1.14285714285714,1.75,2.57142857142857,1.33333333333333,2,3,2,3,2,2,"Cont","In","control","ingroup",0,1,0,,0,1,"Cont","In",,0,1,0,0,0,1,0,0,0,"Victim__J_Cont__C_In",1,9,-9,"Ing_x_Control","Ing_x_Control__Victim","Ing_x_Control__Reject","Ing_x_Control__Victim__Reject",0,0,0,0,0,1,"Victim__J_Cont__C_In__Reject","Victim__J_Cont__C_In__Reject",0,0,1,0,0,0,0,0,0,0,0,0,0,0,0,0,0,0,0,0,0,0,0,0,0,0,0,"J_Cont__C_In",,,0,1,0,0,0,0,0,0
78,6,2,"victim",0,19,4,2,1,2,1,2,TRUE,1.71428571428571,1.14285714285714,1.75,2.57142857142857,1.33333333333333,2,3,2,2,3,2,"Cont","In","ingroup","control",0,0,0,1,1,0,"In","Cont",,0,1,0,0,0,0,0,1,0,"Victim__J_In__C_Cont",1,-9,9,"Ing_x_Ing","Ing_x_Ing__Victim","Ing_x_Ing__Accept","Ing_x_Ing__Victim__Accept",0,0,0,0,1,0,"Victim__J_In__C_Cont__Accept","Victim__J_In__C_Cont__Accept",0,0,0,0,0,0,1,0,0,0,0,0,0,0,0,0,0,0,0,0,0,0,0,0,0,0,0,"J_In__C_Cont",,,0,0,0,0,0,1,0,0
78,7,1,"victim",0,19,4,2,1,2,1,2,TRUE,1.71428571428571,1.14285714285714,1.75,2.57142857142857,1.33333333333333,2,1,1,1,1,2,"Out","Out","outgroup","outgroup",1,0,0,0,1,1,"Out","Out",,1,0,1,0,1,0,1,0,0,"Victim__J_Out__C_Out",0,-9,9,"Ing_x_Hum","Ing_x_Hum__Victim","Ing_x_Hum__Accept","Ing_x_Hum__Victim__Accept",0,0,0,1,0,0,"Victim__J_Out__C_Out__Accept","Victim__J_Out__C_Out__Accept",0,0,0,0,1,0,0,0,0,0,0,0,0,0,0,0,0,0,0,0,0,0,0,0,0,0,0,"J_Out__C_Out",,,0,0,0,1,0,0,0,0
78,7,2,"victim",0,19,4,2,1,2,1,2,TRUE,1.71428571428571,1.14285714285714,1.75,2.57142857142857,1.33333333333333,2,1,1,1,1,2,"Out","Out","outgroup","outgroup",1,0,0,0,1,1,"Out","Out",,1,0,1,0,1,0,1,0,0,"Victim__J_Out__C_Out",0,-9,9,"Ing_x_Hum","Ing_x_Hum__Victim","Ing_x_Hum__Accept","Ing_x_Hum__Victim__Accept",0,0,0,1,0,0,"Victim__J_Out__C_Out__Accept","Victim__J_Out__C_Out__Accept",0,0,0,0,1,0,0,0,0,0,0,0,0,0,0,0,0,0,0,0,0,0,0,0,0,0,0,"J_Out__C_Out",,,0,0,0,1,0,0,0,0
78,8,1,"victim",0,19,4,2,1,2,1,2,TRUE,1.71428571428571,1.14285714285714,1.75,2.57142857142857,1.33333333333333,2,2,1,2,1,2,"In","Out","ingroup","outgroup",0,0,0,1,0,0,"In","Out",,0,0,1,0,0,0,1,0,0,"Victim__J_In__C_Out",0,9,-9,"Ing_x_Ing","Ing_x_Ing__Victim","Ing_x_Ing__Reject","Ing_x_Ing__Victim__Reject",0,0,0,0,1,0,"Victim__J_In__C_Out__Reject","Victim__J_In__C_Out__Reject",0,0,0,1,0,0,0,0,0,0,0,0,0,0,0,0,0,0,0,0,0,0,0,0,0,0,0,"J_In__C_Out",,,0,0,1,0,0,0,0,0
78,8,2,"victim",0,19,4,2,1,2,1,2,TRUE,1.71428571428571,1.14285714285714,1.75,2.57142857142857,1.33333333333333,2,2,1,1,2,2,"In","Out","outgroup","ingroup",1,0,0,0,0,0,"Out","In",,0,0,1,0,1,0,0,0,0,"Victim__J_Out__C_In",0,9,-9,"Ing_x_Hum","Ing_x_Hum__Victim","Ing_x_Hum__Reject","Ing_x_Hum__Victim__Reject",0,0,0,1,0,0,"Victim__J_Out__C_In__Reject","Victim__J_Out__C_In__Reject",0,1,0,0,0,0,0,0,0,0,0,0,0,0,0,0,0,0,0,0,0,0,0,0,0,0,0,"J_Out__C_In",,,1,0,0,0,0,0,0,0
78,9,1,"victim",0,19,4,2,1,2,1,2,TRUE,1.71428571428571,1.14285714285714,1.75,2.57142857142857,1.33333333333333,2,1,3,1,3,2,"Out","Cont","outgroup","control",1,0,0,0,0,0,"Out","Cont",,1,0,0,1,1,0,0,1,0,"Victim__J_Out__C_Cont",1,9,-9,"Ing_x_Hum","Ing_x_Hum__Victim","Ing_x_Hum__Reject","Ing_x_Hum__Victim__Reject",0,0,0,1,0,0,"Victim__J_Out__C_Cont__Reject","Victim__J_Out__C_Cont__Reject",0,0,0,0,0,0,0,1,0,0,0,0,0,0,0,0,0,0,0,0,0,0,0,0,0,0,0,"J_Out__C_Cont",,,0,0,0,0,0,0,1,0
78,9,2,"victim",0,19,4,2,1,2,1,2,TRUE,1.71428571428571,1.14285714285714,1.75,2.57142857142857,1.33333333333333,2,1,3,3,1,2,"Out","Cont","control","outgroup",0,1,0,,0,0,"Cont","Out",,1,0,0,1,0,1,1,0,0,"Victim__J_Cont__C_Out",1,9,-9,"Ing_x_Control","Ing_x_Control__Victim","Ing_x_Control__Reject","Ing_x_Control__Victim__Reject",0,0,0,0,0,1,"Victim__J_Cont__C_Out__Reject","Victim__J_Cont__C_Out__Reject",0,0,0,0,0,1,0,0,0,0,0,0,0,0,0,0,0,0,0,0,0,0,0,0,0,0,0,"J_Cont__C_Out",,,0,0,0,0,1,0,0,0
78,10,1,"victim",0,19,4,2,1,2,1,2,TRUE,1.71428571428571,1.14285714285714,1.75,2.57142857142857,1.33333333333333,2,3,3,3,3,2,"Cont","Cont","control","control",0,1,0,,0,1,"Cont","Cont",,0,1,0,1,0,1,0,1,0,"Victim__J_Cont__C_Cont",1,9,-9,"Ing_x_Control","Ing_x_Control__Victim","Ing_x_Control__Reject","Ing_x_Control__Victim__Reject",0,0,0,0,0,1,"Victim__J_Cont__C_Cont__Reject","Victim__J_Cont__C_Cont__Reject",0,0,0,0,0,0,0,0,1,0,0,0,0,0,0,0,0,0,0,0,0,0,0,0,0,0,0,"J_Cont__C_Cont",,,0,0,0,0,0,0,0,1
78,10,2,"victim",0,19,4,2,1,2,1,2,TRUE,1.71428571428571,1.14285714285714,1.75,2.57142857142857,1.33333333333333,2,3,3,3,3,2,"Cont","Cont","control","control",0,1,0,,1,0,"Cont","Cont",,0,1,0,1,0,1,0,1,0,"Victim__J_Cont__C_Cont",1,-9,9,"Ing_x_Control","Ing_x_Control__Victim","Ing_x_Control__Accept","Ing_x_Control__Victim__Accept",0,0,0,0,0,1,"Victim__J_Cont__C_Cont__Accept","Victim__J_Cont__C_Cont__Accept",0,0,0,0,0,0,0,0,1,0,0,0,0,0,0,0,0,0,0,0,0,0,0,0,0,0,0,"J_Cont__C_Cont",,,0,0,0,0,0,0,0,1
79,1,1,"victim",0,19,3,1,0,2,1,1,TRUE,2.35714285714286,1.71428571428571,2.625,3.14285714285714,1.83333333333333,2,1,2,1,2,2,"Out","In","outgroup","ingroup",1,0,0,0,0,0,"Out","In",,1,0,0,0,1,0,0,0,0,"Victim__J_Out__C_In",0,9,-9,"Ing_x_Hum","Ing_x_Hum__Victim","Ing_x_Hum__Reject","Ing_x_Hum__Victim__Reject",0,0,0,1,0,0,"Victim__J_Out__C_In__Reject","Victim__J_Out__C_In__Reject",0,1,0,0,0,0,0,0,0,0,0,0,0,0,0,0,0,0,0,0,0,0,0,0,0,0,0,"J_Out__C_In",,,1,0,0,0,0,0,0,0
79,1,2,"victim",0,19,3,1,0,2,1,1,TRUE,2.35714285714286,1.71428571428571,2.625,3.14285714285714,1.83333333333333,2,1,2,2,1,2,"Out","In","ingroup","outgroup",0,0,0,1,0,0,"In","Out",,1,0,0,0,0,0,1,0,0,"Victim__J_In__C_Out",0,9,-9,"Ing_x_Ing","Ing_x_Ing__Victim","Ing_x_Ing__Reject","Ing_x_Ing__Victim__Reject",0,0,0,0,1,0,"Victim__J_In__C_Out__Reject","Victim__J_In__C_Out__Reject",0,0,0,1,0,0,0,0,0,0,0,0,0,0,0,0,0,0,0,0,0,0,0,0,0,0,0,"J_In__C_Out",,,0,0,1,0,0,0,0,0
79,2,1,"victim",0,19,3,1,0,2,1,1,TRUE,2.35714285714286,1.71428571428571,2.625,3.14285714285714,1.83333333333333,2,2,2,2,2,2,"In","In","ingroup","ingroup",0,0,0,1,0,0,"In","In",,0,0,0,0,0,0,0,0,0,"Victim__J_In__C_In",0,9,-9,"Ing_x_Ing","Ing_x_Ing__Victim","Ing_x_Ing__Reject","Ing_x_Ing__Victim__Reject",0,0,0,0,1,0,"Victim__J_In__C_In__Reject","Victim__J_In__C_In__Reject",1,0,0,0,0,0,0,0,0,0,0,0,0,0,0,0,0,0,0,0,0,0,0,0,0,0,0,"J_In__C_In",,,0,0,0,0,0,0,0,0
79,2,2,"victim",0,19,3,1,0,2,1,1,TRUE,2.35714285714286,1.71428571428571,2.625,3.14285714285714,1.83333333333333,2,2,2,2,2,2,"In","In","ingroup","ingroup",0,0,0,1,0,0,"In","In",,0,0,0,0,0,0,0,0,0,"Victim__J_In__C_In",0,9,-9,"Ing_x_Ing","Ing_x_Ing__Victim","Ing_x_Ing__Reject","Ing_x_Ing__Victim__Reject",0,0,0,0,1,0,"Victim__J_In__C_In__Reject","Victim__J_In__C_In__Reject",1,0,0,0,0,0,0,0,0,0,0,0,0,0,0,0,0,0,0,0,0,0,0,0,0,0,0,"J_In__C_In",,,0,0,0,0,0,0,0,0
79,3,1,"victim",0,19,3,1,0,2,1,1,TRUE,2.35714285714286,1.71428571428571,2.625,3.14285714285714,1.83333333333333,2,1,3,1,3,2,"Out","Cont","outgroup","control",1,0,0,0,0,0,"Out","Cont",,1,0,0,1,1,0,0,1,0,"Victim__J_Out__C_Cont",1,9,-9,"Ing_x_Hum","Ing_x_Hum__Victim","Ing_x_Hum__Reject","Ing_x_Hum__Victim__Reject",0,0,0,1,0,0,"Victim__J_Out__C_Cont__Reject","Victim__J_Out__C_Cont__Reject",0,0,0,0,0,0,0,1,0,0,0,0,0,0,0,0,0,0,0,0,0,0,0,0,0,0,0,"J_Out__C_Cont",,,0,0,0,0,0,0,1,0
79,3,2,"victim",0,19,3,1,0,2,1,1,TRUE,2.35714285714286,1.71428571428571,2.625,3.14285714285714,1.83333333333333,2,1,3,3,1,2,"Out","Cont","control","outgroup",0,1,0,,0,0,"Cont","Out",,1,0,0,1,0,1,1,0,0,"Victim__J_Cont__C_Out",1,9,-9,"Ing_x_Control","Ing_x_Control__Victim","Ing_x_Control__Reject","Ing_x_Control__Victim__Reject",0,0,0,0,0,1,"Victim__J_Cont__C_Out__Reject","Victim__J_Cont__C_Out__Reject",0,0,0,0,0,1,0,0,0,0,0,0,0,0,0,0,0,0,0,0,0,0,0,0,0,0,0,"J_Cont__C_Out",,,0,0,0,0,1,0,0,0
79,4,1,"victim",0,19,3,1,0,2,1,1,TRUE,2.35714285714286,1.71428571428571,2.625,3.14285714285714,1.83333333333333,2,1,2,1,2,2,"Out","In","outgroup","ingroup",1,0,0,0,0,0,"Out","In",,1,0,0,0,1,0,0,0,0,"Victim__J_Out__C_In",0,9,-9,"Ing_x_Hum","Ing_x_Hum__Victim","Ing_x_Hum__Reject","Ing_x_Hum__Victim__Reject",0,0,0,1,0,0,"Victim__J_Out__C_In__Reject","Victim__J_Out__C_In__Reject",0,1,0,0,0,0,0,0,0,0,0,0,0,0,0,0,0,0,0,0,0,0,0,0,0,0,0,"J_Out__C_In",,,1,0,0,0,0,0,0,0
79,4,2,"victim",0,19,3,1,0,2,1,1,TRUE,2.35714285714286,1.71428571428571,2.625,3.14285714285714,1.83333333333333,2,1,2,2,1,2,"Out","In","ingroup","outgroup",0,0,0,1,0,0,"In","Out",,1,0,0,0,0,0,1,0,0,"Victim__J_In__C_Out",0,9,-9,"Ing_x_Ing","Ing_x_Ing__Victim","Ing_x_Ing__Reject","Ing_x_Ing__Victim__Reject",0,0,0,0,1,0,"Victim__J_In__C_Out__Reject","Victim__J_In__C_Out__Reject",0,0,0,1,0,0,0,0,0,0,0,0,0,0,0,0,0,0,0,0,0,0,0,0,0,0,0,"J_In__C_Out",,,0,0,1,0,0,0,0,0
79,5,1,"victim",0,19,3,1,0,2,1,1,TRUE,2.35714285714286,1.71428571428571,2.625,3.14285714285714,1.83333333333333,2,1,1,1,1,2,"Out","Out","outgroup","outgroup",1,0,0,0,0,0,"Out","Out",,1,0,1,0,1,0,1,0,0,"Victim__J_Out__C_Out",0,9,-9,"Ing_x_Hum","Ing_x_Hum__Victim","Ing_x_Hum__Reject","Ing_x_Hum__Victim__Reject",0,0,0,1,0,0,"Victim__J_Out__C_Out__Reject","Victim__J_Out__C_Out__Reject",0,0,0,0,1,0,0,0,0,0,0,0,0,0,0,0,0,0,0,0,0,0,0,0,0,0,0,"J_Out__C_Out",,,0,0,0,1,0,0,0,0
79,5,2,"victim",0,19,3,1,0,2,1,1,TRUE,2.35714285714286,1.71428571428571,2.625,3.14285714285714,1.83333333333333,2,1,1,1,1,2,"Out","Out","outgroup","outgroup",1,0,0,0,0,0,"Out","Out",,1,0,1,0,1,0,1,0,0,"Victim__J_Out__C_Out",0,9,-9,"Ing_x_Hum","Ing_x_Hum__Victim","Ing_x_Hum__Reject","Ing_x_Hum__Victim__Reject",0,0,0,1,0,0,"Victim__J_Out__C_Out__Reject","Victim__J_Out__C_Out__Reject",0,0,0,0,1,0,0,0,0,0,0,0,0,0,0,0,0,0,0,0,0,0,0,0,0,0,0,"J_Out__C_Out",,,0,0,0,1,0,0,0,0
80,1,1,"victim",0,18,4,2,1,2,1,1,TRUE,2.21428571428571,1.42857142857143,2.125,3.28571428571429,2,2,3,1,3,1,2,"Cont","Out","control","outgroup",0,1,0,,0,0,"Cont","Out",,0,1,1,0,0,1,1,0,0,"Victim__J_Cont__C_Out",1,9,-9,"Ing_x_Control","Ing_x_Control__Victim","Ing_x_Control__Reject","Ing_x_Control__Victim__Reject",0,0,0,0,0,1,"Victim__J_Cont__C_Out__Reject","Victim__J_Cont__C_Out__Reject",0,0,0,0,0,1,0,0,0,0,0,0,0,0,0,0,0,0,0,0,0,0,0,0,0,0,0,"J_Cont__C_Out",,,0,0,0,0,1,0,0,0
80,1,2,"victim",0,18,4,2,1,2,1,1,TRUE,2.21428571428571,1.42857142857143,2.125,3.28571428571429,2,2,3,1,1,3,2,"Cont","Out","outgroup","control",1,0,0,0,0,0,"Out","Cont",,0,1,1,0,1,0,0,1,0,"Victim__J_Out__C_Cont",1,9,-9,"Ing_x_Hum","Ing_x_Hum__Victim","Ing_x_Hum__Reject","Ing_x_Hum__Victim__Reject",0,0,0,1,0,0,"Victim__J_Out__C_Cont__Reject","Victim__J_Out__C_Cont__Reject",0,0,0,0,0,0,0,1,0,0,0,0,0,0,0,0,0,0,0,0,0,0,0,0,0,0,0,"J_Out__C_Cont",,,0,0,0,0,0,0,1,0
80,2,1,"victim",0,18,4,2,1,2,1,1,TRUE,2.21428571428571,1.42857142857143,2.125,3.28571428571429,2,2,2,2,2,2,2,"In","In","ingroup","ingroup",0,0,0,1,0,1,"In","In",,0,0,0,0,0,0,0,0,0,"Victim__J_In__C_In",0,9,-9,"Ing_x_Ing","Ing_x_Ing__Victim","Ing_x_Ing__Reject","Ing_x_Ing__Victim__Reject",0,0,0,0,1,0,"Victim__J_In__C_In__Reject","Victim__J_In__C_In__Reject",1,0,0,0,0,0,0,0,0,0,0,0,0,0,0,0,0,0,0,0,0,0,0,0,0,0,0,"J_In__C_In",,,0,0,0,0,0,0,0,0
80,2,2,"victim",0,18,4,2,1,2,1,1,TRUE,2.21428571428571,1.42857142857143,2.125,3.28571428571429,2,2,2,2,2,2,2,"In","In","ingroup","ingroup",0,0,0,1,1,0,"In","In",,0,0,0,0,0,0,0,0,0,"Victim__J_In__C_In",0,-7,7,"Ing_x_Ing","Ing_x_Ing__Victim","Ing_x_Ing__Accept","Ing_x_Ing__Victim__Accept",0,0,0,0,1,0,"Victim__J_In__C_In__Accept","Victim__J_In__C_In__Accept",1,0,0,0,0,0,0,0,0,0,0,0,0,0,0,0,0,0,0,0,0,0,0,0,0,0,0,"J_In__C_In",,,0,0,0,0,0,0,0,0
80,3,1,"victim",0,18,4,2,1,2,1,1,TRUE,2.21428571428571,1.42857142857143,2.125,3.28571428571429,2,2,3,3,3,3,2,"Cont","Cont","control","control",0,1,0,,0,1,"Cont","Cont",,0,1,0,1,0,1,0,1,0,"Victim__J_Cont__C_Cont",1,9,-9,"Ing_x_Control","Ing_x_Control__Victim","Ing_x_Control__Reject","Ing_x_Control__Victim__Reject",0,0,0,0,0,1,"Victim__J_Cont__C_Cont__Reject","Victim__J_Cont__C_Cont__Reject",0,0,0,0,0,0,0,0,1,0,0,0,0,0,0,0,0,0,0,0,0,0,0,0,0,0,0,"J_Cont__C_Cont",,,0,0,0,0,0,0,0,1
80,3,2,"victim",0,18,4,2,1,2,1,1,TRUE,2.21428571428571,1.42857142857143,2.125,3.28571428571429,2,2,3,3,3,3,2,"Cont","Cont","control","control",0,1,0,,1,0,"Cont","Cont",,0,1,0,1,0,1,0,1,0,"Victim__J_Cont__C_Cont",1,-7,7,"Ing_x_Control","Ing_x_Control__Victim","Ing_x_Control__Accept","Ing_x_Control__Victim__Accept",0,0,0,0,0,1,"Victim__J_Cont__C_Cont__Accept","Victim__J_Cont__C_Cont__Accept",0,0,0,0,0,0,0,0,1,0,0,0,0,0,0,0,0,0,0,0,0,0,0,0,0,0,0,"J_Cont__C_Cont",,,0,0,0,0,0,0,0,1
80,4,1,"victim",0,18,4,2,1,2,1,1,TRUE,2.21428571428571,1.42857142857143,2.125,3.28571428571429,2,2,3,2,3,2,2,"Cont","In","control","ingroup",0,1,0,,0,1,"Cont","In",,0,1,0,0,0,1,0,0,0,"Victim__J_Cont__C_In",1,9,-9,"Ing_x_Control","Ing_x_Control__Victim","Ing_x_Control__Reject","Ing_x_Control__Victim__Reject",0,0,0,0,0,1,"Victim__J_Cont__C_In__Reject","Victim__J_Cont__C_In__Reject",0,0,1,0,0,0,0,0,0,0,0,0,0,0,0,0,0,0,0,0,0,0,0,0,0,0,0,"J_Cont__C_In",,,0,1,0,0,0,0,0,0
80,4,2,"victim",0,18,4,2,1,2,1,1,TRUE,2.21428571428571,1.42857142857143,2.125,3.28571428571429,2,2,3,2,2,3,2,"Cont","In","ingroup","control",0,0,0,1,1,0,"In","Cont",,0,1,0,0,0,0,0,1,0,"Victim__J_In__C_Cont",1,-7,7,"Ing_x_Ing","Ing_x_Ing__Victim","Ing_x_Ing__Accept","Ing_x_Ing__Victim__Accept",0,0,0,0,1,0,"Victim__J_In__C_Cont__Accept","Victim__J_In__C_Cont__Accept",0,0,0,0,0,0,1,0,0,0,0,0,0,0,0,0,0,0,0,0,0,0,0,0,0,0,0,"J_In__C_Cont",,,0,0,0,0,0,1,0,0
80,5,1,"victim",0,18,4,2,1,2,1,1,TRUE,2.21428571428571,1.42857142857143,2.125,3.28571428571429,2,2,2,2,2,2,2,"In","In","ingroup","ingroup",0,0,0,1,0,1,"In","In",,0,0,0,0,0,0,0,0,0,"Victim__J_In__C_In",0,9,-9,"Ing_x_Ing","Ing_x_Ing__Victim","Ing_x_Ing__Reject","Ing_x_Ing__Victim__Reject",0,0,0,0,1,0,"Victim__J_In__C_In__Reject","Victim__J_In__C_In__Reject",1,0,0,0,0,0,0,0,0,0,0,0,0,0,0,0,0,0,0,0,0,0,0,0,0,0,0,"J_In__C_In",,,0,0,0,0,0,0,0,0
80,5,2,"victim",0,18,4,2,1,2,1,1,TRUE,2.21428571428571,1.42857142857143,2.125,3.28571428571429,2,2,2,2,2,2,2,"In","In","ingroup","ingroup",0,0,0,1,1,0,"In","In",,0,0,0,0,0,0,0,0,0,"Victim__J_In__C_In",0,-7,7,"Ing_x_Ing","Ing_x_Ing__Victim","Ing_x_Ing__Accept","Ing_x_Ing__Victim__Accept",0,0,0,0,1,0,"Victim__J_In__C_In__Accept","Victim__J_In__C_In__Accept",1,0,0,0,0,0,0,0,0,0,0,0,0,0,0,0,0,0,0,0,0,0,0,0,0,0,0,"J_In__C_In",,,0,0,0,0,0,0,0,0
81,1,1,"victim",0,18,3,1,0,1,0,1,TRUE,2.89285714285714,2.57142857142857,2.875,3.28571428571429,2.83333333333333,1,3,1,3,1,1,"Cont","In","control","ingroup",0,1,0,,1,1,"Cont","In",,0,1,0,0,0,1,0,0,0,"Victim__J_Cont__C_In",1,9,-9,"Hum_x_Control","Hum_x_Control__Victim","Hum_x_Control__Accept","Hum_x_Control__Victim__Accept",0,0,1,0,0,0,"Victim__J_Cont__C_In__Accept","Victim__J_Cont__C_In__Accept",0,0,1,0,0,0,0,0,0,0,0,0,0,0,0,0,0,0,0,0,0,0,0,0,0,0,0,"J_Cont__C_In",,,0,1,0,0,0,0,0,0
81,1,2,"victim",0,18,3,1,0,1,0,1,TRUE,2.89285714285714,2.57142857142857,2.875,3.28571428571429,2.83333333333333,1,3,1,1,3,1,"Cont","In","ingroup","control",0,0,0,1,1,1,"In","Cont",,0,1,0,0,0,0,0,1,0,"Victim__J_In__C_Cont",1,9,-9,"Hum_x_Hum","Hum_x_Hum__Victim","Hum_x_Hum__Accept","Hum_x_Hum__Victim__Accept",1,0,0,0,0,0,"Victim__J_In__C_Cont__Accept","Victim__J_In__C_Cont__Accept",0,0,0,0,0,0,1,0,0,0,0,0,0,0,0,0,0,0,0,0,0,0,0,0,0,0,0,"J_In__C_Cont",,,0,0,0,0,0,1,0,0
81,2,1,"victim",0,18,3,1,0,1,0,1,TRUE,2.89285714285714,2.57142857142857,2.875,3.28571428571429,2.83333333333333,1,3,1,3,1,1,"Cont","In","control","ingroup",0,1,0,,1,0,"Cont","In",,0,1,0,0,0,1,0,0,0,"Victim__J_Cont__C_In",1,9,-9,"Hum_x_Control","Hum_x_Control__Victim","Hum_x_Control__Accept","Hum_x_Control__Victim__Accept",0,0,1,0,0,0,"Victim__J_Cont__C_In__Accept","Victim__J_Cont__C_In__Accept",0,0,1,0,0,0,0,0,0,0,0,0,0,0,0,0,0,0,0,0,0,0,0,0,0,0,0,"J_Cont__C_In",,,0,1,0,0,0,0,0,0
81,2,2,"victim",0,18,3,1,0,1,0,1,TRUE,2.89285714285714,2.57142857142857,2.875,3.28571428571429,2.83333333333333,1,3,1,1,3,1,"Cont","In","ingroup","control",0,0,0,1,0,1,"In","Cont",,0,1,0,0,0,0,0,1,0,"Victim__J_In__C_Cont",1,-9,9,"Hum_x_Hum","Hum_x_Hum__Victim","Hum_x_Hum__Reject","Hum_x_Hum__Victim__Reject",1,0,0,0,0,0,"Victim__J_In__C_Cont__Reject","Victim__J_In__C_Cont__Reject",0,0,0,0,0,0,1,0,0,0,0,0,0,0,0,0,0,0,0,0,0,0,0,0,0,0,0,"J_In__C_Cont",,,0,0,0,0,0,1,0,0
81,3,1,"victim",0,18,3,1,0,1,0,1,TRUE,2.89285714285714,2.57142857142857,2.875,3.28571428571429,2.83333333333333,1,2,1,2,1,1,"Out","In","outgroup","ingroup",1,0,0,0,1,1,"Out","In",,1,0,0,0,1,0,0,0,0,"Victim__J_Out__C_In",0,9,-9,"Hum_x_Ing","Hum_x_Ing__Victim","Hum_x_Ing__Accept","Hum_x_Ing__Victim__Accept",0,1,0,0,0,0,"Victim__J_Out__C_In__Accept","Victim__J_Out__C_In__Accept",0,1,0,0,0,0,0,0,0,0,0,0,0,0,0,0,0,0,0,0,0,0,0,0,0,0,0,"J_Out__C_In",,,1,0,0,0,0,0,0,0
81,3,2,"victim",0,18,3,1,0,1,0,1,TRUE,2.89285714285714,2.57142857142857,2.875,3.28571428571429,2.83333333333333,1,2,1,1,2,1,"Out","In","ingroup","outgroup",0,0,0,1,1,1,"In","Out",,1,0,0,0,0,0,1,0,0,"Victim__J_In__C_Out",0,9,-9,"Hum_x_Hum","Hum_x_Hum__Victim","Hum_x_Hum__Accept","Hum_x_Hum__Victim__Accept",1,0,0,0,0,0,"Victim__J_In__C_Out__Accept","Victim__J_In__C_Out__Accept",0,0,0,1,0,0,0,0,0,0,0,0,0,0,0,0,0,0,0,0,0,0,0,0,0,0,0,"J_In__C_Out",,,0,0,1,0,0,0,0,0
81,4,1,"victim",0,18,3,1,0,1,0,1,TRUE,2.89285714285714,2.57142857142857,2.875,3.28571428571429,2.83333333333333,1,3,3,3,3,1,"Cont","Cont","control","control",0,1,0,,0,0,"Cont","Cont",,0,1,0,1,0,1,0,1,0,"Victim__J_Cont__C_Cont",1,9,-9,"Hum_x_Control","Hum_x_Control__Victim","Hum_x_Control__Reject","Hum_x_Control__Victim__Reject",0,0,1,0,0,0,"Victim__J_Cont__C_Cont__Reject","Victim__J_Cont__C_Cont__Reject",0,0,0,0,0,0,0,0,1,0,0,0,0,0,0,0,0,0,0,0,0,0,0,0,0,0,0,"J_Cont__C_Cont",,,0,0,0,0,0,0,0,1
81,4,2,"victim",0,18,3,1,0,1,0,1,TRUE,2.89285714285714,2.57142857142857,2.875,3.28571428571429,2.83333333333333,1,3,3,3,3,1,"Cont","Cont","control","control",0,1,0,,0,0,"Cont","Cont",,0,1,0,1,0,1,0,1,0,"Victim__J_Cont__C_Cont",1,-9,9,"Hum_x_Control","Hum_x_Control__Victim","Hum_x_Control__Reject","Hum_x_Control__Victim__Reject",0,0,1,0,0,0,"Victim__J_Cont__C_Cont__Reject","Victim__J_Cont__C_Cont__Reject",0,0,0,0,0,0,0,0,1,0,0,0,0,0,0,0,0,0,0,0,0,0,0,0,0,0,0,"J_Cont__C_Cont",,,0,0,0,0,0,0,0,1
81,5,1,"victim",0,18,3,1,0,1,0,1,TRUE,2.89285714285714,2.57142857142857,2.875,3.28571428571429,2.83333333333333,1,3,3,3,3,1,"Cont","Cont","control","control",0,1,0,,0,1,"Cont","Cont",,0,1,0,1,0,1,0,1,0,"Victim__J_Cont__C_Cont",1,-9,9,"Hum_x_Control","Hum_x_Control__Victim","Hum_x_Control__Reject","Hum_x_Control__Victim__Reject",0,0,1,0,0,0,"Victim__J_Cont__C_Cont__Reject","Victim__J_Cont__C_Cont__Reject",0,0,0,0,0,0,0,0,1,0,0,0,0,0,0,0,0,0,0,0,0,0,0,0,0,0,0,"J_Cont__C_Cont",,,0,0,0,0,0,0,0,1
81,5,2,"victim",0,18,3,1,0,1,0,1,TRUE,2.89285714285714,2.57142857142857,2.875,3.28571428571429,2.83333333333333,1,3,3,3,3,1,"Cont","Cont","control","control",0,1,0,,1,0,"Cont","Cont",,0,1,0,1,0,1,0,1,0,"Victim__J_Cont__C_Cont",1,9,-9,"Hum_x_Control","Hum_x_Control__Victim","Hum_x_Control__Accept","Hum_x_Control__Victim__Accept",0,0,1,0,0,0,"Victim__J_Cont__C_Cont__Accept","Victim__J_Cont__C_Cont__Accept",0,0,0,0,0,0,0,0,1,0,0,0,0,0,0,0,0,0,0,0,0,0,0,0,0,0,0,"J_Cont__C_Cont",,,0,0,0,0,0,0,0,1
82,6,1,"victim",0,18,1,1,0,1,0,2,TRUE,2.32142857142857,1.85714285714286,2.5,3,1.83333333333333,1,1,1,1,1,1,"In","In","ingroup","ingroup",0,0,0,1,1,0,"In","In",,0,0,0,0,0,0,0,0,0,"Victim__J_In__C_In",0,-6,6,"Hum_x_Hum","Hum_x_Hum__Victim","Hum_x_Hum__Accept","Hum_x_Hum__Victim__Accept",1,0,0,0,0,0,"Victim__J_In__C_In__Accept","Victim__J_In__C_In__Accept",1,0,0,0,0,0,0,0,0,0,0,0,0,0,0,0,0,0,0,0,0,0,0,0,0,0,0,"J_In__C_In",,,0,0,0,0,0,0,0,0
82,6,2,"victim",0,18,1,1,0,1,0,2,TRUE,2.32142857142857,1.85714285714286,2.5,3,1.83333333333333,1,1,1,1,1,1,"In","In","ingroup","ingroup",0,0,0,1,0,1,"In","In",,0,0,0,0,0,0,0,0,0,"Victim__J_In__C_In",0,2,-2,"Hum_x_Hum","Hum_x_Hum__Victim","Hum_x_Hum__Reject","Hum_x_Hum__Victim__Reject",1,0,0,0,0,0,"Victim__J_In__C_In__Reject","Victim__J_In__C_In__Reject",1,0,0,0,0,0,0,0,0,0,0,0,0,0,0,0,0,0,0,0,0,0,0,0,0,0,0,"J_In__C_In",,,0,0,0,0,0,0,0,0
82,7,1,"victim",0,18,1,1,0,1,0,2,TRUE,2.32142857142857,1.85714285714286,2.5,3,1.83333333333333,1,2,2,2,2,1,"Out","Out","outgroup","outgroup",1,0,0,0,1,0,"Out","Out",,1,0,1,0,1,0,1,0,0,"Victim__J_Out__C_Out",0,-6,6,"Hum_x_Ing","Hum_x_Ing__Victim","Hum_x_Ing__Accept","Hum_x_Ing__Victim__Accept",0,1,0,0,0,0,"Victim__J_Out__C_Out__Accept","Victim__J_Out__C_Out__Accept",0,0,0,0,1,0,0,0,0,0,0,0,0,0,0,0,0,0,0,0,0,0,0,0,0,0,0,"J_Out__C_Out",,,0,0,0,1,0,0,0,0
82,7,2,"victim",0,18,1,1,0,1,0,2,TRUE,2.32142857142857,1.85714285714286,2.5,3,1.83333333333333,1,2,2,2,2,1,"Out","Out","outgroup","outgroup",1,0,0,0,0,1,"Out","Out",,1,0,1,0,1,0,1,0,0,"Victim__J_Out__C_Out",0,-6,6,"Hum_x_Ing","Hum_x_Ing__Victim","Hum_x_Ing__Reject","Hum_x_Ing__Victim__Reject",0,1,0,0,0,0,"Victim__J_Out__C_Out__Reject","Victim__J_Out__C_Out__Reject",0,0,0,0,1,0,0,0,0,0,0,0,0,0,0,0,0,0,0,0,0,0,0,0,0,0,0,"J_Out__C_Out",,,0,0,0,1,0,0,0,0
82,8,1,"victim",0,18,1,1,0,1,0,2,TRUE,2.32142857142857,1.85714285714286,2.5,3,1.83333333333333,1,1,2,1,2,1,"In","Out","ingroup","outgroup",0,0,0,1,0,1,"In","Out",,0,0,1,0,0,0,1,0,0,"Victim__J_In__C_Out",0,0,0,"Hum_x_Hum","Hum_x_Hum__Victim","Hum_x_Hum__Reject","Hum_x_Hum__Victim__Reject",1,0,0,0,0,0,"Victim__J_In__C_Out__Reject","Victim__J_In__C_Out__Reject",0,0,0,1,0,0,0,0,0,0,0,0,0,0,0,0,0,0,0,0,0,0,0,0,0,0,0,"J_In__C_Out",,,0,0,1,0,0,0,0,0
82,8,2,"victim",0,18,1,1,0,1,0,2,TRUE,2.32142857142857,1.85714285714286,2.5,3,1.83333333333333,1,1,2,2,1,1,"In","Out","outgroup","ingroup",1,0,0,0,1,0,"Out","In",,0,0,1,0,1,0,0,0,0,"Victim__J_Out__C_In",0,-5,5,"Hum_x_Ing","Hum_x_Ing__Victim","Hum_x_Ing__Accept","Hum_x_Ing__Victim__Accept",0,1,0,0,0,0,"Victim__J_Out__C_In__Accept","Victim__J_Out__C_In__Accept",0,1,0,0,0,0,0,0,0,0,0,0,0,0,0,0,0,0,0,0,0,0,0,0,0,0,0,"J_Out__C_In",,,1,0,0,0,0,0,0,0
82,9,1,"victim",0,18,1,1,0,1,0,2,TRUE,2.32142857142857,1.85714285714286,2.5,3,1.83333333333333,1,3,3,3,3,2,"Cont","Cont","control","control",0,1,1,,1,1,"Cont","Cont",,0,1,0,1,0,1,0,1,0,"Victim__J_Cont__C_Cont",1,-5,5,"Ing_x_Control","Ing_x_Control__Victim","Ing_x_Control__Accept","Ing_x_Control__Victim__Accept",0,0,0,0,0,1,"Victim__J_Cont__C_Cont__Accept","Victim__J_Cont__C_Cont__Accept",0,0,0,0,0,0,0,0,1,0,0,0,0,0,0,0,0,0,0,0,0,0,0,0,0,0,0,"J_Cont__C_Cont",,,0,0,0,0,0,0,0,1
82,9,2,"victim",0,18,1,1,0,1,0,2,TRUE,2.32142857142857,1.85714285714286,2.5,3,1.83333333333333,1,3,3,3,3,2,"Cont","Cont","control","control",0,1,1,,1,1,"Cont","Cont",,0,1,0,1,0,1,0,1,0,"Victim__J_Cont__C_Cont",1,-5,5,"Ing_x_Control","Ing_x_Control__Victim","Ing_x_Control__Accept","Ing_x_Control__Victim__Accept",0,0,0,0,0,1,"Victim__J_Cont__C_Cont__Accept","Victim__J_Cont__C_Cont__Accept",0,0,0,0,0,0,0,0,1,0,0,0,0,0,0,0,0,0,0,0,0,0,0,0,0,0,0,"J_Cont__C_Cont",,,0,0,0,0,0,0,0,1
82,10,1,"victim",0,18,1,1,0,1,0,2,TRUE,2.32142857142857,1.85714285714286,2.5,3,1.83333333333333,1,3,1,3,1,2,"Cont","In","control","ingroup",0,1,1,,0,0,"Cont","In",,0,1,0,0,0,1,0,0,0,"Victim__J_Cont__C_In",1,9,-9,"Ing_x_Control","Ing_x_Control__Victim","Ing_x_Control__Reject","Ing_x_Control__Victim__Reject",0,0,0,0,0,1,"Victim__J_Cont__C_In__Reject","Victim__J_Cont__C_In__Reject",0,0,1,0,0,0,0,0,0,0,0,0,0,0,0,0,0,0,0,0,0,0,0,0,0,0,0,"J_Cont__C_In",,,0,1,0,0,0,0,0,0
82,10,2,"victim",0,18,1,1,0,1,0,2,TRUE,2.32142857142857,1.85714285714286,2.5,3,1.83333333333333,1,3,1,1,3,2,"Cont","In","ingroup","control",0,0,1,0,0,0,"In","Cont",,0,1,0,0,0,0,0,1,0,"Victim__J_In__C_Cont",1,9,-9,"Ing_x_Hum","Ing_x_Hum__Victim","Ing_x_Hum__Reject","Ing_x_Hum__Victim__Reject",0,0,0,1,0,0,"Victim__J_In__C_Cont__Reject","Victim__J_In__C_Cont__Reject",0,0,0,0,0,0,1,0,0,0,0,0,0,0,0,0,0,0,0,0,0,0,0,0,0,0,0,"J_In__C_Cont",,,0,0,0,0,0,1,0,0
83,6,1,"victim",0,18,1,2,1,1,0,2,TRUE,2.53571428571429,2.71428571428571,2.5,3,1.83333333333333,1,2,1,2,1,1,"Out","In","outgroup","ingroup",1,0,0,0,0,0,"Out","In",,1,0,0,0,1,0,0,0,0,"Victim__J_Out__C_In",0,9,-9,"Hum_x_Ing","Hum_x_Ing__Victim","Hum_x_Ing__Reject","Hum_x_Ing__Victim__Reject",0,1,0,0,0,0,"Victim__J_Out__C_In__Reject","Victim__J_Out__C_In__Reject",0,1,0,0,0,0,0,0,0,0,0,0,0,0,0,0,0,0,0,0,0,0,0,0,0,0,0,"J_Out__C_In",,,1,0,0,0,0,0,0,0
83,6,2,"victim",0,18,1,2,1,1,0,2,TRUE,2.53571428571429,2.71428571428571,2.5,3,1.83333333333333,1,2,1,1,2,1,"Out","In","ingroup","outgroup",0,0,0,1,0,0,"In","Out",,1,0,0,0,0,0,1,0,0,"Victim__J_In__C_Out",0,9,-9,"Hum_x_Hum","Hum_x_Hum__Victim","Hum_x_Hum__Reject","Hum_x_Hum__Victim__Reject",1,0,0,0,0,0,"Victim__J_In__C_Out__Reject","Victim__J_In__C_Out__Reject",0,0,0,1,0,0,0,0,0,0,0,0,0,0,0,0,0,0,0,0,0,0,0,0,0,0,0,"J_In__C_Out",,,0,0,1,0,0,0,0,0
83,7,1,"victim",0,18,1,2,1,1,0,2,TRUE,2.53571428571429,2.71428571428571,2.5,3,1.83333333333333,1,1,1,1,1,1,"In","In","ingroup","ingroup",0,0,0,1,0,1,"In","In",,0,0,0,0,0,0,0,0,0,"Victim__J_In__C_In",0,9,-9,"Hum_x_Hum","Hum_x_Hum__Victim","Hum_x_Hum__Reject","Hum_x_Hum__Victim__Reject",1,0,0,0,0,0,"Victim__J_In__C_In__Reject","Victim__J_In__C_In__Reject",1,0,0,0,0,0,0,0,0,0,0,0,0,0,0,0,0,0,0,0,0,0,0,0,0,0,0,"J_In__C_In",,,0,0,0,0,0,0,0,0
83,7,2,"victim",0,18,1,2,1,1,0,2,TRUE,2.53571428571429,2.71428571428571,2.5,3,1.83333333333333,1,1,1,1,1,1,"In","In","ingroup","ingroup",0,0,0,1,1,0,"In","In",,0,0,0,0,0,0,0,0,0,"Victim__J_In__C_In",0,-2,2,"Hum_x_Hum","Hum_x_Hum__Victim","Hum_x_Hum__Accept","Hum_x_Hum__Victim__Accept",1,0,0,0,0,0,"Victim__J_In__C_In__Accept","Victim__J_In__C_In__Accept",1,0,0,0,0,0,0,0,0,0,0,0,0,0,0,0,0,0,0,0,0,0,0,0,0,0,0,"J_In__C_In",,,0,0,0,0,0,0,0,0
83,8,1,"victim",0,18,1,2,1,1,0,2,TRUE,2.53571428571429,2.71428571428571,2.5,3,1.83333333333333,1,1,1,1,1,1,"In","In","ingroup","ingroup",0,0,0,1,1,1,"In","In",,0,0,0,0,0,0,0,0,0,"Victim__J_In__C_In",0,0,0,"Hum_x_Hum","Hum_x_Hum__Victim","Hum_x_Hum__Accept","Hum_x_Hum__Victim__Accept",1,0,0,0,0,0,"Victim__J_In__C_In__Accept","Victim__J_In__C_In__Accept",1,0,0,0,0,0,0,0,0,0,0,0,0,0,0,0,0,0,0,0,0,0,0,0,0,0,0,"J_In__C_In",,,0,0,0,0,0,0,0,0
83,8,2,"victim",0,18,1,2,1,1,0,2,TRUE,2.53571428571429,2.71428571428571,2.5,3,1.83333333333333,1,1,1,1,1,1,"In","In","ingroup","ingroup",0,0,0,1,1,1,"In","In",,0,0,0,0,0,0,0,0,0,"Victim__J_In__C_In",0,0,0,"Hum_x_Hum","Hum_x_Hum__Victim","Hum_x_Hum__Accept","Hum_x_Hum__Victim__Accept",1,0,0,0,0,0,"Victim__J_In__C_In__Accept","Victim__J_In__C_In__Accept",1,0,0,0,0,0,0,0,0,0,0,0,0,0,0,0,0,0,0,0,0,0,0,0,0,0,0,"J_In__C_In",,,0,0,0,0,0,0,0,0
83,9,1,"victim",0,18,1,2,1,1,0,2,TRUE,2.53571428571429,2.71428571428571,2.5,3,1.83333333333333,1,1,2,1,2,1,"In","Out","ingroup","outgroup",0,0,0,1,0,1,"In","Out",,0,0,1,0,0,0,1,0,0,"Victim__J_In__C_Out",0,6,-6,"Hum_x_Hum","Hum_x_Hum__Victim","Hum_x_Hum__Reject","Hum_x_Hum__Victim__Reject",1,0,0,0,0,0,"Victim__J_In__C_Out__Reject","Victim__J_In__C_Out__Reject",0,0,0,1,0,0,0,0,0,0,0,0,0,0,0,0,0,0,0,0,0,0,0,0,0,0,0,"J_In__C_Out",,,0,0,1,0,0,0,0,0
83,9,2,"victim",0,18,1,2,1,1,0,2,TRUE,2.53571428571429,2.71428571428571,2.5,3,1.83333333333333,1,1,2,2,1,1,"In","Out","outgroup","ingroup",1,0,0,0,1,0,"Out","In",,0,0,1,0,1,0,0,0,0,"Victim__J_Out__C_In",0,-7,7,"Hum_x_Ing","Hum_x_Ing__Victim","Hum_x_Ing__Accept","Hum_x_Ing__Victim__Accept",0,1,0,0,0,0,"Victim__J_Out__C_In__Accept","Victim__J_Out__C_In__Accept",0,1,0,0,0,0,0,0,0,0,0,0,0,0,0,0,0,0,0,0,0,0,0,0,0,0,0,"J_Out__C_In",,,1,0,0,0,0,0,0,0
83,10,1,"victim",0,18,1,2,1,1,0,2,TRUE,2.53571428571429,2.71428571428571,2.5,3,1.83333333333333,1,1,2,1,2,1,"In","Out","ingroup","outgroup",0,0,0,1,1,1,"In","Out",,0,0,1,0,0,0,1,0,0,"Victim__J_In__C_Out",0,0,0,"Hum_x_Hum","Hum_x_Hum__Victim","Hum_x_Hum__Accept","Hum_x_Hum__Victim__Accept",1,0,0,0,0,0,"Victim__J_In__C_Out__Accept","Victim__J_In__C_Out__Accept",0,0,0,1,0,0,0,0,0,0,0,0,0,0,0,0,0,0,0,0,0,0,0,0,0,0,0,"J_In__C_Out",,,0,0,1,0,0,0,0,0
83,10,2,"victim",0,18,1,2,1,1,0,2,TRUE,2.53571428571429,2.71428571428571,2.5,3,1.83333333333333,1,1,2,2,1,1,"In","Out","outgroup","ingroup",1,0,0,0,1,1,"Out","In",,0,0,1,0,1,0,0,0,0,"Victim__J_Out__C_In",0,0,0,"Hum_x_Ing","Hum_x_Ing__Victim","Hum_x_Ing__Accept","Hum_x_Ing__Victim__Accept",0,1,0,0,0,0,"Victim__J_Out__C_In__Accept","Victim__J_Out__C_In__Accept",0,1,0,0,0,0,0,0,0,0,0,0,0,0,0,0,0,0,0,0,0,0,0,0,0,0,0,"J_Out__C_In",,,1,0,0,0,0,0,0,0
84,6,1,"victim",0,19,4,1,0,1,0,2,TRUE,2.21428571428571,1.71428571428571,2.375,3,1.66666666666667,1,2,2,2,2,1,"Out","Out","outgroup","outgroup",1,0,0,0,1,0,"Out","Out",,1,0,1,0,1,0,1,0,0,"Victim__J_Out__C_Out",0,-2,2,"Hum_x_Ing","Hum_x_Ing__Victim","Hum_x_Ing__Accept","Hum_x_Ing__Victim__Accept",0,1,0,0,0,0,"Victim__J_Out__C_Out__Accept","Victim__J_Out__C_Out__Accept",0,0,0,0,1,0,0,0,0,0,0,0,0,0,0,0,0,0,0,0,0,0,0,0,0,0,0,"J_Out__C_Out",,,0,0,0,1,0,0,0,0
84,6,2,"victim",0,19,4,1,0,1,0,2,TRUE,2.21428571428571,1.71428571428571,2.375,3,1.66666666666667,1,2,2,2,2,1,"Out","Out","outgroup","outgroup",1,0,0,0,0,1,"Out","Out",,1,0,1,0,1,0,1,0,0,"Victim__J_Out__C_Out",0,2,-2,"Hum_x_Ing","Hum_x_Ing__Victim","Hum_x_Ing__Reject","Hum_x_Ing__Victim__Reject",0,1,0,0,0,0,"Victim__J_Out__C_Out__Reject","Victim__J_Out__C_Out__Reject",0,0,0,0,1,0,0,0,0,0,0,0,0,0,0,0,0,0,0,0,0,0,0,0,0,0,0,"J_Out__C_Out",,,0,0,0,1,0,0,0,0
84,7,1,"victim",0,19,4,1,0,1,0,2,TRUE,2.21428571428571,1.71428571428571,2.375,3,1.66666666666667,1,2,3,2,3,1,"Out","Cont","outgroup","control",1,0,0,0,0,0,"Out","Cont",,1,0,0,1,1,0,0,1,0,"Victim__J_Out__C_Cont",1,5,-5,"Hum_x_Ing","Hum_x_Ing__Victim","Hum_x_Ing__Reject","Hum_x_Ing__Victim__Reject",0,1,0,0,0,0,"Victim__J_Out__C_Cont__Reject","Victim__J_Out__C_Cont__Reject",0,0,0,0,0,0,0,1,0,0,0,0,0,0,0,0,0,0,0,0,0,0,0,0,0,0,0,"J_Out__C_Cont",,,0,0,0,0,0,0,1,0
84,7,2,"victim",0,19,4,1,0,1,0,2,TRUE,2.21428571428571,1.71428571428571,2.375,3,1.66666666666667,1,2,3,3,2,1,"Out","Cont","control","outgroup",0,1,0,,0,0,"Cont","Out",,1,0,0,1,0,1,1,0,0,"Victim__J_Cont__C_Out",1,5,-5,"Hum_x_Control","Hum_x_Control__Victim","Hum_x_Control__Reject","Hum_x_Control__Victim__Reject",0,0,1,0,0,0,"Victim__J_Cont__C_Out__Reject","Victim__J_Cont__C_Out__Reject",0,0,0,0,0,1,0,0,0,0,0,0,0,0,0,0,0,0,0,0,0,0,0,0,0,0,0,"J_Cont__C_Out",,,0,0,0,0,1,0,0,0
84,8,1,"victim",0,19,4,1,0,1,0,2,TRUE,2.21428571428571,1.71428571428571,2.375,3,1.66666666666667,1,1,1,1,1,1,"In","In","ingroup","ingroup",0,0,0,1,1,1,"In","In",,0,0,0,0,0,0,0,0,0,"Victim__J_In__C_In",0,-2,2,"Hum_x_Hum","Hum_x_Hum__Victim","Hum_x_Hum__Accept","Hum_x_Hum__Victim__Accept",1,0,0,0,0,0,"Victim__J_In__C_In__Accept","Victim__J_In__C_In__Accept",1,0,0,0,0,0,0,0,0,0,0,0,0,0,0,0,0,0,0,0,0,0,0,0,0,0,0,"J_In__C_In",,,0,0,0,0,0,0,0,0
84,8,2,"victim",0,19,4,1,0,1,0,2,TRUE,2.21428571428571,1.71428571428571,2.375,3,1.66666666666667,1,1,1,1,1,1,"In","In","ingroup","ingroup",0,0,0,1,1,1,"In","In",,0,0,0,0,0,0,0,0,0,"Victim__J_In__C_In",0,-2,2,"Hum_x_Hum","Hum_x_Hum__Victim","Hum_x_Hum__Accept","Hum_x_Hum__Victim__Accept",1,0,0,0,0,0,"Victim__J_In__C_In__Accept","Victim__J_In__C_In__Accept",1,0,0,0,0,0,0,0,0,0,0,0,0,0,0,0,0,0,0,0,0,0,0,0,0,0,0,"J_In__C_In",,,0,0,0,0,0,0,0,0
84,9,1,"victim",0,19,4,1,0,1,0,2,TRUE,2.21428571428571,1.71428571428571,2.375,3,1.66666666666667,1,1,2,1,2,1,"In","Out","ingroup","outgroup",0,0,0,1,1,0,"In","Out",,0,0,1,0,0,0,1,0,0,"Victim__J_In__C_Out",0,-2,2,"Hum_x_Hum","Hum_x_Hum__Victim","Hum_x_Hum__Accept","Hum_x_Hum__Victim__Accept",1,0,0,0,0,0,"Victim__J_In__C_Out__Accept","Victim__J_In__C_Out__Accept",0,0,0,1,0,0,0,0,0,0,0,0,0,0,0,0,0,0,0,0,0,0,0,0,0,0,0,"J_In__C_Out",,,0,0,1,0,0,0,0,0
84,9,2,"victim",0,19,4,1,0,1,0,2,TRUE,2.21428571428571,1.71428571428571,2.375,3,1.66666666666667,1,1,2,2,1,1,"In","Out","outgroup","ingroup",1,0,0,0,0,1,"Out","In",,0,0,1,0,1,0,0,0,0,"Victim__J_Out__C_In",0,5,-5,"Hum_x_Ing","Hum_x_Ing__Victim","Hum_x_Ing__Reject","Hum_x_Ing__Victim__Reject",0,1,0,0,0,0,"Victim__J_Out__C_In__Reject","Victim__J_Out__C_In__Reject",0,1,0,0,0,0,0,0,0,0,0,0,0,0,0,0,0,0,0,0,0,0,0,0,0,0,0,"J_Out__C_In",,,1,0,0,0,0,0,0,0
84,10,1,"victim",0,19,4,1,0,1,0,2,TRUE,2.21428571428571,1.71428571428571,2.375,3,1.66666666666667,1,3,2,3,2,1,"Cont","Out","control","outgroup",0,1,0,,1,0,"Cont","Out",,0,1,1,0,0,1,1,0,0,"Victim__J_Cont__C_Out",1,-2,2,"Hum_x_Control","Hum_x_Control__Victim","Hum_x_Control__Accept","Hum_x_Control__Victim__Accept",0,0,1,0,0,0,"Victim__J_Cont__C_Out__Accept","Victim__J_Cont__C_Out__Accept",0,0,0,0,0,1,0,0,0,0,0,0,0,0,0,0,0,0,0,0,0,0,0,0,0,0,0,"J_Cont__C_Out",,,0,0,0,0,1,0,0,0
84,10,2,"victim",0,19,4,1,0,1,0,2,TRUE,2.21428571428571,1.71428571428571,2.375,3,1.66666666666667,1,3,2,2,3,1,"Cont","Out","outgroup","control",1,0,0,0,0,1,"Out","Cont",,0,1,1,0,1,0,0,1,0,"Victim__J_Out__C_Cont",1,5,-5,"Hum_x_Ing","Hum_x_Ing__Victim","Hum_x_Ing__Reject","Hum_x_Ing__Victim__Reject",0,1,0,0,0,0,"Victim__J_Out__C_Cont__Reject","Victim__J_Out__C_Cont__Reject",0,0,0,0,0,0,0,1,0,0,0,0,0,0,0,0,0,0,0,0,0,0,0,0,0,0,0,"J_Out__C_Cont",,,0,0,0,0,0,0,1,0
85,6,1,"victim",0,18,2,1,0,1,0,2,TRUE,2.03571428571429,1.42857142857143,1.875,2.57142857142857,2.33333333333333,1,3,1,3,1,1,"Cont","In","control","ingroup",0,1,0,,1,0,"Cont","In",,0,1,0,0,0,1,0,0,0,"Victim__J_Cont__C_In",1,-5,5,"Hum_x_Control","Hum_x_Control__Victim","Hum_x_Control__Accept","Hum_x_Control__Victim__Accept",0,0,1,0,0,0,"Victim__J_Cont__C_In__Accept","Victim__J_Cont__C_In__Accept",0,0,1,0,0,0,0,0,0,0,0,0,0,0,0,0,0,0,0,0,0,0,0,0,0,0,0,"J_Cont__C_In",,,0,1,0,0,0,0,0,0
85,6,2,"victim",0,18,2,1,0,1,0,2,TRUE,2.03571428571429,1.42857142857143,1.875,2.57142857142857,2.33333333333333,1,3,1,1,3,1,"Cont","In","ingroup","control",0,0,0,1,0,1,"In","Cont",,0,1,0,0,0,0,0,1,0,"Victim__J_In__C_Cont",1,6,-6,"Hum_x_Hum","Hum_x_Hum__Victim","Hum_x_Hum__Reject","Hum_x_Hum__Victim__Reject",1,0,0,0,0,0,"Victim__J_In__C_Cont__Reject","Victim__J_In__C_Cont__Reject",0,0,0,0,0,0,1,0,0,0,0,0,0,0,0,0,0,0,0,0,0,0,0,0,0,0,0,"J_In__C_Cont",,,0,0,0,0,0,1,0,0
85,7,1,"victim",0,18,2,1,0,1,0,2,TRUE,2.03571428571429,1.42857142857143,1.875,2.57142857142857,2.33333333333333,1,2,3,2,3,1,"Out","Cont","outgroup","control",1,0,0,0,0,1,"Out","Cont",,1,0,0,1,1,0,0,1,0,"Victim__J_Out__C_Cont",1,6,-6,"Hum_x_Ing","Hum_x_Ing__Victim","Hum_x_Ing__Reject","Hum_x_Ing__Victim__Reject",0,1,0,0,0,0,"Victim__J_Out__C_Cont__Reject","Victim__J_Out__C_Cont__Reject",0,0,0,0,0,0,0,1,0,0,0,0,0,0,0,0,0,0,0,0,0,0,0,0,0,0,0,"J_Out__C_Cont",,,0,0,0,0,0,0,1,0
85,7,2,"victim",0,18,2,1,0,1,0,2,TRUE,2.03571428571429,1.42857142857143,1.875,2.57142857142857,2.33333333333333,1,2,3,3,2,1,"Out","Cont","control","outgroup",0,1,0,,1,0,"Cont","Out",,1,0,0,1,0,1,1,0,0,"Victim__J_Cont__C_Out",1,-5,5,"Hum_x_Control","Hum_x_Control__Victim","Hum_x_Control__Accept","Hum_x_Control__Victim__Accept",0,0,1,0,0,0,"Victim__J_Cont__C_Out__Accept","Victim__J_Cont__C_Out__Accept",0,0,0,0,0,1,0,0,0,0,0,0,0,0,0,0,0,0,0,0,0,0,0,0,0,0,0,"J_Cont__C_Out",,,0,0,0,0,1,0,0,0
85,8,1,"victim",0,18,2,1,0,1,0,2,TRUE,2.03571428571429,1.42857142857143,1.875,2.57142857142857,2.33333333333333,1,2,3,2,3,1,"Out","Cont","outgroup","control",1,0,0,0,0,0,"Out","Cont",,1,0,0,1,1,0,0,1,0,"Victim__J_Out__C_Cont",1,6,-6,"Hum_x_Ing","Hum_x_Ing__Victim","Hum_x_Ing__Reject","Hum_x_Ing__Victim__Reject",0,1,0,0,0,0,"Victim__J_Out__C_Cont__Reject","Victim__J_Out__C_Cont__Reject",0,0,0,0,0,0,0,1,0,0,0,0,0,0,0,0,0,0,0,0,0,0,0,0,0,0,0,"J_Out__C_Cont",,,0,0,0,0,0,0,1,0
85,8,2,"victim",0,18,2,1,0,1,0,2,TRUE,2.03571428571429,1.42857142857143,1.875,2.57142857142857,2.33333333333333,1,2,3,3,2,1,"Out","Cont","control","outgroup",0,1,0,,0,0,"Cont","Out",,1,0,0,1,0,1,1,0,0,"Victim__J_Cont__C_Out",1,6,-6,"Hum_x_Control","Hum_x_Control__Victim","Hum_x_Control__Reject","Hum_x_Control__Victim__Reject",0,0,1,0,0,0,"Victim__J_Cont__C_Out__Reject","Victim__J_Cont__C_Out__Reject",0,0,0,0,0,1,0,0,0,0,0,0,0,0,0,0,0,0,0,0,0,0,0,0,0,0,0,"J_Cont__C_Out",,,0,0,0,0,1,0,0,0
85,9,1,"victim",0,18,2,1,0,1,0,2,TRUE,2.03571428571429,1.42857142857143,1.875,2.57142857142857,2.33333333333333,1,1,3,1,3,1,"In","Cont","ingroup","control",0,0,0,1,1,1,"In","Cont",,0,0,0,1,0,0,0,1,0,"Victim__J_In__C_Cont",1,-5,5,"Hum_x_Hum","Hum_x_Hum__Victim","Hum_x_Hum__Accept","Hum_x_Hum__Victim__Accept",1,0,0,0,0,0,"Victim__J_In__C_Cont__Accept","Victim__J_In__C_Cont__Accept",0,0,0,0,0,0,1,0,0,0,0,0,0,0,0,0,0,0,0,0,0,0,0,0,0,0,0,"J_In__C_Cont",,,0,0,0,0,0,1,0,0
85,9,2,"victim",0,18,2,1,0,1,0,2,TRUE,2.03571428571429,1.42857142857143,1.875,2.57142857142857,2.33333333333333,1,1,3,3,1,1,"In","Cont","control","ingroup",0,1,0,,1,1,"Cont","In",,0,0,0,1,0,1,0,0,0,"Victim__J_Cont__C_In",1,-5,5,"Hum_x_Control","Hum_x_Control__Victim","Hum_x_Control__Accept","Hum_x_Control__Victim__Accept",0,0,1,0,0,0,"Victim__J_Cont__C_In__Accept","Victim__J_Cont__C_In__Accept",0,0,1,0,0,0,0,0,0,0,0,0,0,0,0,0,0,0,0,0,0,0,0,0,0,0,0,"J_Cont__C_In",,,0,1,0,0,0,0,0,0
85,10,1,"victim",0,18,2,1,0,1,0,2,TRUE,2.03571428571429,1.42857142857143,1.875,2.57142857142857,2.33333333333333,1,1,2,1,2,1,"In","Out","ingroup","outgroup",0,0,0,1,1,1,"In","Out",,0,0,1,0,0,0,1,0,0,"Victim__J_In__C_Out",0,-5,5,"Hum_x_Hum","Hum_x_Hum__Victim","Hum_x_Hum__Accept","Hum_x_Hum__Victim__Accept",1,0,0,0,0,0,"Victim__J_In__C_Out__Accept","Victim__J_In__C_Out__Accept",0,0,0,1,0,0,0,0,0,0,0,0,0,0,0,0,0,0,0,0,0,0,0,0,0,0,0,"J_In__C_Out",,,0,0,1,0,0,0,0,0
85,10,2,"victim",0,18,2,1,0,1,0,2,TRUE,2.03571428571429,1.42857142857143,1.875,2.57142857142857,2.33333333333333,1,1,2,2,1,1,"In","Out","outgroup","ingroup",1,0,0,0,1,1,"Out","In",,0,0,1,0,1,0,0,0,0,"Victim__J_Out__C_In",0,-5,5,"Hum_x_Ing","Hum_x_Ing__Victim","Hum_x_Ing__Accept","Hum_x_Ing__Victim__Accept",0,1,0,0,0,0,"Victim__J_Out__C_In__Accept","Victim__J_Out__C_In__Accept",0,1,0,0,0,0,0,0,0,0,0,0,0,0,0,0,0,0,0,0,0,0,0,0,0,0,0,"J_Out__C_In",,,1,0,0,0,0,0,0,0
86,6,1,"victim",0,20,2,1,0,1,0,2,TRUE,2.07142857142857,1.57142857142857,2,3,1.66666666666667,1,1,3,1,3,1,"In","Cont","ingroup","control",0,0,0,1,0,1,"In","Cont",,0,0,0,1,0,0,0,1,0,"Victim__J_In__C_Cont",1,9,-9,"Hum_x_Hum","Hum_x_Hum__Victim","Hum_x_Hum__Reject","Hum_x_Hum__Victim__Reject",1,0,0,0,0,0,"Victim__J_In__C_Cont__Reject","Victim__J_In__C_Cont__Reject",0,0,0,0,0,0,1,0,0,0,0,0,0,0,0,0,0,0,0,0,0,0,0,0,0,0,0,"J_In__C_Cont",,,0,0,0,0,0,1,0,0
86,6,2,"victim",0,20,2,1,0,1,0,2,TRUE,2.07142857142857,1.57142857142857,2,3,1.66666666666667,1,1,3,3,1,1,"In","Cont","control","ingroup",0,1,0,,1,0,"Cont","In",,0,0,0,1,0,1,0,0,0,"Victim__J_Cont__C_In",1,-5,5,"Hum_x_Control","Hum_x_Control__Victim","Hum_x_Control__Accept","Hum_x_Control__Victim__Accept",0,0,1,0,0,0,"Victim__J_Cont__C_In__Accept","Victim__J_Cont__C_In__Accept",0,0,1,0,0,0,0,0,0,0,0,0,0,0,0,0,0,0,0,0,0,0,0,0,0,0,0,"J_Cont__C_In",,,0,1,0,0,0,0,0,0
86,7,1,"victim",0,20,2,1,0,1,0,2,TRUE,2.07142857142857,1.57142857142857,2,3,1.66666666666667,1,2,3,2,3,1,"Out","Cont","outgroup","control",1,0,0,0,0,0,"Out","Cont",,1,0,0,1,1,0,0,1,0,"Victim__J_Out__C_Cont",1,9,-9,"Hum_x_Ing","Hum_x_Ing__Victim","Hum_x_Ing__Reject","Hum_x_Ing__Victim__Reject",0,1,0,0,0,0,"Victim__J_Out__C_Cont__Reject","Victim__J_Out__C_Cont__Reject",0,0,0,0,0,0,0,1,0,0,0,0,0,0,0,0,0,0,0,0,0,0,0,0,0,0,0,"J_Out__C_Cont",,,0,0,0,0,0,0,1,0
86,7,2,"victim",0,20,2,1,0,1,0,2,TRUE,2.07142857142857,1.57142857142857,2,3,1.66666666666667,1,2,3,3,2,1,"Out","Cont","control","outgroup",0,1,0,,0,0,"Cont","Out",,1,0,0,1,0,1,1,0,0,"Victim__J_Cont__C_Out",1,9,-9,"Hum_x_Control","Hum_x_Control__Victim","Hum_x_Control__Reject","Hum_x_Control__Victim__Reject",0,0,1,0,0,0,"Victim__J_Cont__C_Out__Reject","Victim__J_Cont__C_Out__Reject",0,0,0,0,0,1,0,0,0,0,0,0,0,0,0,0,0,0,0,0,0,0,0,0,0,0,0,"J_Cont__C_Out",,,0,0,0,0,1,0,0,0
86,8,1,"victim",0,20,2,1,0,1,0,2,TRUE,2.07142857142857,1.57142857142857,2,3,1.66666666666667,1,3,3,3,3,1,"Cont","Cont","control","control",0,1,0,,1,0,"Cont","Cont",,0,1,0,1,0,1,0,1,0,"Victim__J_Cont__C_Cont",1,-5,5,"Hum_x_Control","Hum_x_Control__Victim","Hum_x_Control__Accept","Hum_x_Control__Victim__Accept",0,0,1,0,0,0,"Victim__J_Cont__C_Cont__Accept","Victim__J_Cont__C_Cont__Accept",0,0,0,0,0,0,0,0,1,0,0,0,0,0,0,0,0,0,0,0,0,0,0,0,0,0,0,"J_Cont__C_Cont",,,0,0,0,0,0,0,0,1
86,8,2,"victim",0,20,2,1,0,1,0,2,TRUE,2.07142857142857,1.57142857142857,2,3,1.66666666666667,1,3,3,3,3,1,"Cont","Cont","control","control",0,1,0,,0,1,"Cont","Cont",,0,1,0,1,0,1,0,1,0,"Victim__J_Cont__C_Cont",1,9,-9,"Hum_x_Control","Hum_x_Control__Victim","Hum_x_Control__Reject","Hum_x_Control__Victim__Reject",0,0,1,0,0,0,"Victim__J_Cont__C_Cont__Reject","Victim__J_Cont__C_Cont__Reject",0,0,0,0,0,0,0,0,1,0,0,0,0,0,0,0,0,0,0,0,0,0,0,0,0,0,0,"J_Cont__C_Cont",,,0,0,0,0,0,0,0,1
86,9,1,"victim",0,20,2,1,0,1,0,2,TRUE,2.07142857142857,1.57142857142857,2,3,1.66666666666667,1,3,3,3,3,1,"Cont","Cont","control","control",0,1,0,,1,0,"Cont","Cont",,0,1,0,1,0,1,0,1,0,"Victim__J_Cont__C_Cont",1,-6,6,"Hum_x_Control","Hum_x_Control__Victim","Hum_x_Control__Accept","Hum_x_Control__Victim__Accept",0,0,1,0,0,0,"Victim__J_Cont__C_Cont__Accept","Victim__J_Cont__C_Cont__Accept",0,0,0,0,0,0,0,0,1,0,0,0,0,0,0,0,0,0,0,0,0,0,0,0,0,0,0,"J_Cont__C_Cont",,,0,0,0,0,0,0,0,1
86,9,2,"victim",0,20,2,1,0,1,0,2,TRUE,2.07142857142857,1.57142857142857,2,3,1.66666666666667,1,3,3,3,3,1,"Cont","Cont","control","control",0,1,0,,0,1,"Cont","Cont",,0,1,0,1,0,1,0,1,0,"Victim__J_Cont__C_Cont",1,9,-9,"Hum_x_Control","Hum_x_Control__Victim","Hum_x_Control__Reject","Hum_x_Control__Victim__Reject",0,0,1,0,0,0,"Victim__J_Cont__C_Cont__Reject","Victim__J_Cont__C_Cont__Reject",0,0,0,0,0,0,0,0,1,0,0,0,0,0,0,0,0,0,0,0,0,0,0,0,0,0,0,"J_Cont__C_Cont",,,0,0,0,0,0,0,0,1
86,10,1,"victim",0,20,2,1,0,1,0,2,TRUE,2.07142857142857,1.57142857142857,2,3,1.66666666666667,1,2,2,2,2,1,"Out","Out","outgroup","outgroup",1,0,0,0,1,0,"Out","Out",,1,0,1,0,1,0,1,0,0,"Victim__J_Out__C_Out",0,-5,5,"Hum_x_Ing","Hum_x_Ing__Victim","Hum_x_Ing__Accept","Hum_x_Ing__Victim__Accept",0,1,0,0,0,0,"Victim__J_Out__C_Out__Accept","Victim__J_Out__C_Out__Accept",0,0,0,0,1,0,0,0,0,0,0,0,0,0,0,0,0,0,0,0,0,0,0,0,0,0,0,"J_Out__C_Out",,,0,0,0,1,0,0,0,0
86,10,2,"victim",0,20,2,1,0,1,0,2,TRUE,2.07142857142857,1.57142857142857,2,3,1.66666666666667,1,2,2,2,2,1,"Out","Out","outgroup","outgroup",1,0,0,0,0,1,"Out","Out",,1,0,1,0,1,0,1,0,0,"Victim__J_Out__C_Out",0,9,-9,"Hum_x_Ing","Hum_x_Ing__Victim","Hum_x_Ing__Reject","Hum_x_Ing__Victim__Reject",0,1,0,0,0,0,"Victim__J_Out__C_Out__Reject","Victim__J_Out__C_Out__Reject",0,0,0,0,1,0,0,0,0,0,0,0,0,0,0,0,0,0,0,0,0,0,0,0,0,0,0,"J_Out__C_Out",,,0,0,0,1,0,0,0,0
87,6,1,"victim",0,23,3,2,1,2,1,2,TRUE,2.35714285714286,1.57142857142857,2.75,3.14285714285714,1.83333333333333,2,3,1,3,1,1,"Cont","Out","control","outgroup",0,1,1,,0,0,"Cont","Out",,0,1,1,0,0,1,1,0,0,"Victim__J_Cont__C_Out",1,0,0,"Hum_x_Control","Hum_x_Control__Victim","Hum_x_Control__Reject","Hum_x_Control__Victim__Reject",0,0,1,0,0,0,"Victim__J_Cont__C_Out__Reject","Victim__J_Cont__C_Out__Reject",0,0,0,0,0,1,0,0,0,0,0,0,0,0,0,0,0,0,0,0,0,0,0,0,0,0,0,"J_Cont__C_Out",,,0,0,0,0,1,0,0,0
87,6,2,"victim",0,23,3,2,1,2,1,2,TRUE,2.35714285714286,1.57142857142857,2.75,3.14285714285714,1.83333333333333,2,3,1,1,3,1,"Cont","Out","outgroup","control",1,0,1,1,0,0,"Out","Cont",,0,1,1,0,1,0,0,1,0,"Victim__J_Out__C_Cont",1,0,0,"Hum_x_Hum","Hum_x_Hum__Victim","Hum_x_Hum__Reject","Hum_x_Hum__Victim__Reject",1,0,0,0,0,0,"Victim__J_Out__C_Cont__Reject","Victim__J_Out__C_Cont__Reject",0,0,0,0,0,0,0,1,0,0,0,0,0,0,0,0,0,0,0,0,0,0,0,0,0,0,0,"J_Out__C_Cont",,,0,0,0,0,0,0,1,0
87,7,1,"victim",0,23,3,2,1,2,1,2,TRUE,2.35714285714286,1.57142857142857,2.75,3.14285714285714,1.83333333333333,2,2,1,2,1,1,"In","Out","ingroup","outgroup",0,0,1,0,0,0,"In","Out",,0,0,1,0,0,0,1,0,0,"Victim__J_In__C_Out",0,0,0,"Hum_x_Ing","Hum_x_Ing__Victim","Hum_x_Ing__Reject","Hum_x_Ing__Victim__Reject",0,1,0,0,0,0,"Victim__J_In__C_Out__Reject","Victim__J_In__C_Out__Reject",0,0,0,1,0,0,0,0,0,0,0,0,0,0,0,0,0,0,0,0,0,0,0,0,0,0,0,"J_In__C_Out",,,0,0,1,0,0,0,0,0
87,7,2,"victim",0,23,3,2,1,2,1,2,TRUE,2.35714285714286,1.57142857142857,2.75,3.14285714285714,1.83333333333333,2,2,1,1,2,1,"In","Out","outgroup","ingroup",1,0,1,1,0,0,"Out","In",,0,0,1,0,1,0,0,0,0,"Victim__J_Out__C_In",0,0,0,"Hum_x_Hum","Hum_x_Hum__Victim","Hum_x_Hum__Reject","Hum_x_Hum__Victim__Reject",1,0,0,0,0,0,"Victim__J_Out__C_In__Reject","Victim__J_Out__C_In__Reject",0,1,0,0,0,0,0,0,0,0,0,0,0,0,0,0,0,0,0,0,0,0,0,0,0,0,0,"J_Out__C_In",,,1,0,0,0,0,0,0,0
87,8,1,"victim",0,23,3,2,1,2,1,2,TRUE,2.35714285714286,1.57142857142857,2.75,3.14285714285714,1.83333333333333,2,3,2,3,2,2,"Cont","In","control","ingroup",0,1,0,,1,0,"Cont","In",,0,1,0,0,0,1,0,0,0,"Victim__J_Cont__C_In",1,0,0,"Ing_x_Control","Ing_x_Control__Victim","Ing_x_Control__Accept","Ing_x_Control__Victim__Accept",0,0,0,0,0,1,"Victim__J_Cont__C_In__Accept","Victim__J_Cont__C_In__Accept",0,0,1,0,0,0,0,0,0,0,0,0,0,0,0,0,0,0,0,0,0,0,0,0,0,0,0,"J_Cont__C_In",,,0,1,0,0,0,0,0,0
87,8,2,"victim",0,23,3,2,1,2,1,2,TRUE,2.35714285714286,1.57142857142857,2.75,3.14285714285714,1.83333333333333,2,3,2,2,3,2,"Cont","In","ingroup","control",0,0,0,1,0,1,"In","Cont",,0,1,0,0,0,0,0,1,0,"Victim__J_In__C_Cont",1,0,0,"Ing_x_Ing","Ing_x_Ing__Victim","Ing_x_Ing__Reject","Ing_x_Ing__Victim__Reject",0,0,0,0,1,0,"Victim__J_In__C_Cont__Reject","Victim__J_In__C_Cont__Reject",0,0,0,0,0,0,1,0,0,0,0,0,0,0,0,0,0,0,0,0,0,0,0,0,0,0,0,"J_In__C_Cont",,,0,0,0,0,0,1,0,0
87,9,1,"victim",0,23,3,2,1,2,1,2,TRUE,2.35714285714286,1.57142857142857,2.75,3.14285714285714,1.83333333333333,2,3,1,3,1,1,"Cont","Out","control","outgroup",0,1,1,,1,0,"Cont","Out",,0,1,1,0,0,1,1,0,0,"Victim__J_Cont__C_Out",1,0,0,"Hum_x_Control","Hum_x_Control__Victim","Hum_x_Control__Accept","Hum_x_Control__Victim__Accept",0,0,1,0,0,0,"Victim__J_Cont__C_Out__Accept","Victim__J_Cont__C_Out__Accept",0,0,0,0,0,1,0,0,0,0,0,0,0,0,0,0,0,0,0,0,0,0,0,0,0,0,0,"J_Cont__C_Out",,,0,0,0,0,1,0,0,0
87,9,2,"victim",0,23,3,2,1,2,1,2,TRUE,2.35714285714286,1.57142857142857,2.75,3.14285714285714,1.83333333333333,2,3,1,1,3,1,"Cont","Out","outgroup","control",1,0,1,1,0,1,"Out","Cont",,0,1,1,0,1,0,0,1,0,"Victim__J_Out__C_Cont",1,0,0,"Hum_x_Hum","Hum_x_Hum__Victim","Hum_x_Hum__Reject","Hum_x_Hum__Victim__Reject",1,0,0,0,0,0,"Victim__J_Out__C_Cont__Reject","Victim__J_Out__C_Cont__Reject",0,0,0,0,0,0,0,1,0,0,0,0,0,0,0,0,0,0,0,0,0,0,0,0,0,0,0,"J_Out__C_Cont",,,0,0,0,0,0,0,1,0
87,10,1,"victim",0,23,3,2,1,2,1,2,TRUE,2.35714285714286,1.57142857142857,2.75,3.14285714285714,1.83333333333333,2,3,1,3,1,2,"Cont","Out","control","outgroup",0,1,0,,0,1,"Cont","Out",,0,1,1,0,0,1,1,0,0,"Victim__J_Cont__C_Out",1,0,0,"Ing_x_Control","Ing_x_Control__Victim","Ing_x_Control__Reject","Ing_x_Control__Victim__Reject",0,0,0,0,0,1,"Victim__J_Cont__C_Out__Reject","Victim__J_Cont__C_Out__Reject",0,0,0,0,0,1,0,0,0,0,0,0,0,0,0,0,0,0,0,0,0,0,0,0,0,0,0,"J_Cont__C_Out",,,0,0,0,0,1,0,0,0
87,10,2,"victim",0,23,3,2,1,2,1,2,TRUE,2.35714285714286,1.57142857142857,2.75,3.14285714285714,1.83333333333333,2,3,1,1,3,2,"Cont","Out","outgroup","control",1,0,0,0,1,0,"Out","Cont",,0,1,1,0,1,0,0,1,0,"Victim__J_Out__C_Cont",1,0,0,"Ing_x_Hum","Ing_x_Hum__Victim","Ing_x_Hum__Accept","Ing_x_Hum__Victim__Accept",0,0,0,1,0,0,"Victim__J_Out__C_Cont__Accept","Victim__J_Out__C_Cont__Accept",0,0,0,0,0,0,0,1,0,0,0,0,0,0,0,0,0,0,0,0,0,0,0,0,0,0,0,"J_Out__C_Cont",,,0,0,0,0,0,0,1,0
88,6,1,"victim",0,20,1,2,1,1,0,2,TRUE,2.35714285714286,2.57142857142857,1.875,3.14285714285714,1.83333333333333,1,1,1,1,1,2,"In","In","ingroup","ingroup",0,0,1,0,0,1,"In","In",,0,0,0,0,0,0,0,0,0,"Victim__J_In__C_In",0,9,-9,"Ing_x_Hum","Ing_x_Hum__Victim","Ing_x_Hum__Reject","Ing_x_Hum__Victim__Reject",0,0,0,1,0,0,"Victim__J_In__C_In__Reject","Victim__J_In__C_In__Reject",1,0,0,0,0,0,0,0,0,0,0,0,0,0,0,0,0,0,0,0,0,0,0,0,0,0,0,"J_In__C_In",,,0,0,0,0,0,0,0,0
88,6,2,"victim",0,20,1,2,1,1,0,2,TRUE,2.35714285714286,2.57142857142857,1.875,3.14285714285714,1.83333333333333,1,1,1,1,1,2,"In","In","ingroup","ingroup",0,0,1,0,1,0,"In","In",,0,0,0,0,0,0,0,0,0,"Victim__J_In__C_In",0,-9,9,"Ing_x_Hum","Ing_x_Hum__Victim","Ing_x_Hum__Accept","Ing_x_Hum__Victim__Accept",0,0,0,1,0,0,"Victim__J_In__C_In__Accept","Victim__J_In__C_In__Accept",1,0,0,0,0,0,0,0,0,0,0,0,0,0,0,0,0,0,0,0,0,0,0,0,0,0,0,"J_In__C_In",,,0,0,0,0,0,0,0,0
88,7,1,"victim",0,20,1,2,1,1,0,2,TRUE,2.35714285714286,2.57142857142857,1.875,3.14285714285714,1.83333333333333,1,2,3,2,3,1,"Out","Cont","outgroup","control",1,0,0,0,0,0,"Out","Cont",,1,0,0,1,1,0,0,1,0,"Victim__J_Out__C_Cont",1,9,-9,"Hum_x_Ing","Hum_x_Ing__Victim","Hum_x_Ing__Reject","Hum_x_Ing__Victim__Reject",0,1,0,0,0,0,"Victim__J_Out__C_Cont__Reject","Victim__J_Out__C_Cont__Reject",0,0,0,0,0,0,0,1,0,0,0,0,0,0,0,0,0,0,0,0,0,0,0,0,0,0,0,"J_Out__C_Cont",,,0,0,0,0,0,0,1,0
88,7,2,"victim",0,20,1,2,1,1,0,2,TRUE,2.35714285714286,2.57142857142857,1.875,3.14285714285714,1.83333333333333,1,2,3,3,2,1,"Out","Cont","control","outgroup",0,1,0,,0,0,"Cont","Out",,1,0,0,1,0,1,1,0,0,"Victim__J_Cont__C_Out",1,9,-9,"Hum_x_Control","Hum_x_Control__Victim","Hum_x_Control__Reject","Hum_x_Control__Victim__Reject",0,0,1,0,0,0,"Victim__J_Cont__C_Out__Reject","Victim__J_Cont__C_Out__Reject",0,0,0,0,0,1,0,0,0,0,0,0,0,0,0,0,0,0,0,0,0,0,0,0,0,0,0,"J_Cont__C_Out",,,0,0,0,0,1,0,0,0
88,8,1,"victim",0,20,1,2,1,1,0,2,TRUE,2.35714285714286,2.57142857142857,1.875,3.14285714285714,1.83333333333333,1,3,3,3,3,2,"Cont","Cont","control","control",0,1,1,,0,1,"Cont","Cont",,0,1,0,1,0,1,0,1,0,"Victim__J_Cont__C_Cont",1,9,-9,"Ing_x_Control","Ing_x_Control__Victim","Ing_x_Control__Reject","Ing_x_Control__Victim__Reject",0,0,0,0,0,1,"Victim__J_Cont__C_Cont__Reject","Victim__J_Cont__C_Cont__Reject",0,0,0,0,0,0,0,0,1,0,0,0,0,0,0,0,0,0,0,0,0,0,0,0,0,0,0,"J_Cont__C_Cont",,,0,0,0,0,0,0,0,1
88,8,2,"victim",0,20,1,2,1,1,0,2,TRUE,2.35714285714286,2.57142857142857,1.875,3.14285714285714,1.83333333333333,1,3,3,3,3,2,"Cont","Cont","control","control",0,1,1,,1,0,"Cont","Cont",,0,1,0,1,0,1,0,1,0,"Victim__J_Cont__C_Cont",1,-9,9,"Ing_x_Control","Ing_x_Control__Victim","Ing_x_Control__Accept","Ing_x_Control__Victim__Accept",0,0,0,0,0,1,"Victim__J_Cont__C_Cont__Accept","Victim__J_Cont__C_Cont__Accept",0,0,0,0,0,0,0,0,1,0,0,0,0,0,0,0,0,0,0,0,0,0,0,0,0,0,0,"J_Cont__C_Cont",,,0,0,0,0,0,0,0,1
88,9,1,"victim",0,20,1,2,1,1,0,2,TRUE,2.35714285714286,2.57142857142857,1.875,3.14285714285714,1.83333333333333,1,1,1,1,1,2,"In","In","ingroup","ingroup",0,0,1,0,0,1,"In","In",,0,0,0,0,0,0,0,0,0,"Victim__J_In__C_In",0,9,-9,"Ing_x_Hum","Ing_x_Hum__Victim","Ing_x_Hum__Reject","Ing_x_Hum__Victim__Reject",0,0,0,1,0,0,"Victim__J_In__C_In__Reject","Victim__J_In__C_In__Reject",1,0,0,0,0,0,0,0,0,0,0,0,0,0,0,0,0,0,0,0,0,0,0,0,0,0,0,"J_In__C_In",,,0,0,0,0,0,0,0,0
88,9,2,"victim",0,20,1,2,1,1,0,2,TRUE,2.35714285714286,2.57142857142857,1.875,3.14285714285714,1.83333333333333,1,1,1,1,1,2,"In","In","ingroup","ingroup",0,0,1,0,1,0,"In","In",,0,0,0,0,0,0,0,0,0,"Victim__J_In__C_In",0,-9,9,"Ing_x_Hum","Ing_x_Hum__Victim","Ing_x_Hum__Accept","Ing_x_Hum__Victim__Accept",0,0,0,1,0,0,"Victim__J_In__C_In__Accept","Victim__J_In__C_In__Accept",1,0,0,0,0,0,0,0,0,0,0,0,0,0,0,0,0,0,0,0,0,0,0,0,0,0,0,"J_In__C_In",,,0,0,0,0,0,0,0,0
88,10,1,"victim",0,20,1,2,1,1,0,2,TRUE,2.35714285714286,2.57142857142857,1.875,3.14285714285714,1.83333333333333,1,2,3,2,3,1,"Out","Cont","outgroup","control",1,0,0,0,0,0,"Out","Cont",,1,0,0,1,1,0,0,1,0,"Victim__J_Out__C_Cont",1,9,-9,"Hum_x_Ing","Hum_x_Ing__Victim","Hum_x_Ing__Reject","Hum_x_Ing__Victim__Reject",0,1,0,0,0,0,"Victim__J_Out__C_Cont__Reject","Victim__J_Out__C_Cont__Reject",0,0,0,0,0,0,0,1,0,0,0,0,0,0,0,0,0,0,0,0,0,0,0,0,0,0,0,"J_Out__C_Cont",,,0,0,0,0,0,0,1,0
88,10,2,"victim",0,20,1,2,1,1,0,2,TRUE,2.35714285714286,2.57142857142857,1.875,3.14285714285714,1.83333333333333,1,2,3,3,2,1,"Out","Cont","control","outgroup",0,1,0,,0,0,"Cont","Out",,1,0,0,1,0,1,1,0,0,"Victim__J_Cont__C_Out",1,9,-9,"Hum_x_Control","Hum_x_Control__Victim","Hum_x_Control__Reject","Hum_x_Control__Victim__Reject",0,0,1,0,0,0,"Victim__J_Cont__C_Out__Reject","Victim__J_Cont__C_Out__Reject",0,0,0,0,0,1,0,0,0,0,0,0,0,0,0,0,0,0,0,0,0,0,0,0,0,0,0,"J_Cont__C_Out",,,0,0,0,0,1,0,0,0
89,1,1,"victim",0,20,1,1,0,1,0,1,TRUE,2.42857142857143,2.28571428571429,2.125,3.28571428571429,2,1,3,1,3,1,1,"Cont","In","control","ingroup",0,1,0,,1,0,"Cont","In",,0,1,0,0,0,1,0,0,0,"Victim__J_Cont__C_In",1,8,-8,"Hum_x_Control","Hum_x_Control__Victim","Hum_x_Control__Accept","Hum_x_Control__Victim__Accept",0,0,1,0,0,0,"Victim__J_Cont__C_In__Accept","Victim__J_Cont__C_In__Accept",0,0,1,0,0,0,0,0,0,0,0,0,0,0,0,0,0,0,0,0,0,0,0,0,0,0,0,"J_Cont__C_In",,,0,1,0,0,0,0,0,0
89,1,2,"victim",0,20,1,1,0,1,0,1,TRUE,2.42857142857143,2.28571428571429,2.125,3.28571428571429,2,1,3,1,1,3,1,"Cont","In","ingroup","control",0,0,0,1,0,1,"In","Cont",,0,1,0,0,0,0,0,1,0,"Victim__J_In__C_Cont",1,-8,8,"Hum_x_Hum","Hum_x_Hum__Victim","Hum_x_Hum__Reject","Hum_x_Hum__Victim__Reject",1,0,0,0,0,0,"Victim__J_In__C_Cont__Reject","Victim__J_In__C_Cont__Reject",0,0,0,0,0,0,1,0,0,0,0,0,0,0,0,0,0,0,0,0,0,0,0,0,0,0,0,"J_In__C_Cont",,,0,0,0,0,0,1,0,0
89,2,1,"victim",0,20,1,1,0,1,0,1,TRUE,2.42857142857143,2.28571428571429,2.125,3.28571428571429,2,1,1,1,1,1,1,"In","In","ingroup","ingroup",0,0,0,1,0,1,"In","In",,0,0,0,0,0,0,0,0,0,"Victim__J_In__C_In",0,9,-9,"Hum_x_Hum","Hum_x_Hum__Victim","Hum_x_Hum__Reject","Hum_x_Hum__Victim__Reject",1,0,0,0,0,0,"Victim__J_In__C_In__Reject","Victim__J_In__C_In__Reject",1,0,0,0,0,0,0,0,0,0,0,0,0,0,0,0,0,0,0,0,0,0,0,0,0,0,0,"J_In__C_In",,,0,0,0,0,0,0,0,0
89,2,2,"victim",0,20,1,1,0,1,0,1,TRUE,2.42857142857143,2.28571428571429,2.125,3.28571428571429,2,1,1,1,1,1,1,"In","In","ingroup","ingroup",0,0,0,1,1,0,"In","In",,0,0,0,0,0,0,0,0,0,"Victim__J_In__C_In",0,-9,9,"Hum_x_Hum","Hum_x_Hum__Victim","Hum_x_Hum__Accept","Hum_x_Hum__Victim__Accept",1,0,0,0,0,0,"Victim__J_In__C_In__Accept","Victim__J_In__C_In__Accept",1,0,0,0,0,0,0,0,0,0,0,0,0,0,0,0,0,0,0,0,0,0,0,0,0,0,0,"J_In__C_In",,,0,0,0,0,0,0,0,0
89,3,1,"victim",0,20,1,1,0,1,0,1,TRUE,2.42857142857143,2.28571428571429,2.125,3.28571428571429,2,1,3,1,3,1,1,"Cont","In","control","ingroup",0,1,0,,1,0,"Cont","In",,0,1,0,0,0,1,0,0,0,"Victim__J_Cont__C_In",1,-9,9,"Hum_x_Control","Hum_x_Control__Victim","Hum_x_Control__Accept","Hum_x_Control__Victim__Accept",0,0,1,0,0,0,"Victim__J_Cont__C_In__Accept","Victim__J_Cont__C_In__Accept",0,0,1,0,0,0,0,0,0,0,0,0,0,0,0,0,0,0,0,0,0,0,0,0,0,0,0,"J_Cont__C_In",,,0,1,0,0,0,0,0,0
89,3,2,"victim",0,20,1,1,0,1,0,1,TRUE,2.42857142857143,2.28571428571429,2.125,3.28571428571429,2,1,3,1,1,3,1,"Cont","In","ingroup","control",0,0,0,1,0,1,"In","Cont",,0,1,0,0,0,0,0,1,0,"Victim__J_In__C_Cont",1,9,-9,"Hum_x_Hum","Hum_x_Hum__Victim","Hum_x_Hum__Reject","Hum_x_Hum__Victim__Reject",1,0,0,0,0,0,"Victim__J_In__C_Cont__Reject","Victim__J_In__C_Cont__Reject",0,0,0,0,0,0,1,0,0,0,0,0,0,0,0,0,0,0,0,0,0,0,0,0,0,0,0,"J_In__C_Cont",,,0,0,0,0,0,1,0,0
89,4,1,"victim",0,20,1,1,0,1,0,1,TRUE,2.42857142857143,2.28571428571429,2.125,3.28571428571429,2,1,2,2,2,2,1,"Out","Out","outgroup","outgroup",1,0,0,0,1,1,"Out","Out",,1,0,1,0,1,0,1,0,0,"Victim__J_Out__C_Out",0,-9,9,"Hum_x_Ing","Hum_x_Ing__Victim","Hum_x_Ing__Accept","Hum_x_Ing__Victim__Accept",0,1,0,0,0,0,"Victim__J_Out__C_Out__Accept","Victim__J_Out__C_Out__Accept",0,0,0,0,1,0,0,0,0,0,0,0,0,0,0,0,0,0,0,0,0,0,0,0,0,0,0,"J_Out__C_Out",,,0,0,0,1,0,0,0,0
89,4,2,"victim",0,20,1,1,0,1,0,1,TRUE,2.42857142857143,2.28571428571429,2.125,3.28571428571429,2,1,2,2,2,2,1,"Out","Out","outgroup","outgroup",1,0,0,0,1,1,"Out","Out",,1,0,1,0,1,0,1,0,0,"Victim__J_Out__C_Out",0,-9,9,"Hum_x_Ing","Hum_x_Ing__Victim","Hum_x_Ing__Accept","Hum_x_Ing__Victim__Accept",0,1,0,0,0,0,"Victim__J_Out__C_Out__Accept","Victim__J_Out__C_Out__Accept",0,0,0,0,1,0,0,0,0,0,0,0,0,0,0,0,0,0,0,0,0,0,0,0,0,0,0,"J_Out__C_Out",,,0,0,0,1,0,0,0,0
89,5,1,"victim",0,20,1,1,0,1,0,1,TRUE,2.42857142857143,2.28571428571429,2.125,3.28571428571429,2,1,2,3,2,3,1,"Out","Cont","outgroup","control",1,0,0,0,1,1,"Out","Cont",,1,0,0,1,1,0,0,1,0,"Victim__J_Out__C_Cont",1,-9,9,"Hum_x_Ing","Hum_x_Ing__Victim","Hum_x_Ing__Accept","Hum_x_Ing__Victim__Accept",0,1,0,0,0,0,"Victim__J_Out__C_Cont__Accept","Victim__J_Out__C_Cont__Accept",0,0,0,0,0,0,0,1,0,0,0,0,0,0,0,0,0,0,0,0,0,0,0,0,0,0,0,"J_Out__C_Cont",,,0,0,0,0,0,0,1,0
89,5,2,"victim",0,20,1,1,0,1,0,1,TRUE,2.42857142857143,2.28571428571429,2.125,3.28571428571429,2,1,2,3,3,2,1,"Out","Cont","control","outgroup",0,1,0,,1,1,"Cont","Out",,1,0,0,1,0,1,1,0,0,"Victim__J_Cont__C_Out",1,-9,9,"Hum_x_Control","Hum_x_Control__Victim","Hum_x_Control__Accept","Hum_x_Control__Victim__Accept",0,0,1,0,0,0,"Victim__J_Cont__C_Out__Accept","Victim__J_Cont__C_Out__Accept",0,0,0,0,0,1,0,0,0,0,0,0,0,0,0,0,0,0,0,0,0,0,0,0,0,0,0,"J_Cont__C_Out",,,0,0,0,0,1,0,0,0
90,1,1,"victim",0,23,1,2,1,1,0,1,TRUE,1.78571428571429,1.42857142857143,2,2.42857142857143,1.16666666666667,1,2,3,2,3,1,"Out","Cont","outgroup","control",1,0,0,0,1,0,"Out","Cont",,1,0,0,1,1,0,0,1,0,"Victim__J_Out__C_Cont",1,3,-3,"Hum_x_Ing","Hum_x_Ing__Victim","Hum_x_Ing__Accept","Hum_x_Ing__Victim__Accept",0,1,0,0,0,0,"Victim__J_Out__C_Cont__Accept","Victim__J_Out__C_Cont__Accept",0,0,0,0,0,0,0,1,0,0,0,0,0,0,0,0,0,0,0,0,0,0,0,0,0,0,0,"J_Out__C_Cont",,,0,0,0,0,0,0,1,0
90,1,2,"victim",0,23,1,2,1,1,0,1,TRUE,1.78571428571429,1.42857142857143,2,2.42857142857143,1.16666666666667,1,2,3,3,2,1,"Out","Cont","control","outgroup",0,1,0,,0,1,"Cont","Out",,1,0,0,1,0,1,1,0,0,"Victim__J_Cont__C_Out",1,9,-9,"Hum_x_Control","Hum_x_Control__Victim","Hum_x_Control__Reject","Hum_x_Control__Victim__Reject",0,0,1,0,0,0,"Victim__J_Cont__C_Out__Reject","Victim__J_Cont__C_Out__Reject",0,0,0,0,0,1,0,0,0,0,0,0,0,0,0,0,0,0,0,0,0,0,0,0,0,0,0,"J_Cont__C_Out",,,0,0,0,0,1,0,0,0
90,2,1,"victim",0,23,1,2,1,1,0,1,TRUE,1.78571428571429,1.42857142857143,2,2.42857142857143,1.16666666666667,1,1,3,1,3,1,"In","Cont","ingroup","control",0,0,0,1,0,0,"In","Cont",,0,0,0,1,0,0,0,1,0,"Victim__J_In__C_Cont",1,9,-9,"Hum_x_Hum","Hum_x_Hum__Victim","Hum_x_Hum__Reject","Hum_x_Hum__Victim__Reject",1,0,0,0,0,0,"Victim__J_In__C_Cont__Reject","Victim__J_In__C_Cont__Reject",0,0,0,0,0,0,1,0,0,0,0,0,0,0,0,0,0,0,0,0,0,0,0,0,0,0,0,"J_In__C_Cont",,,0,0,0,0,0,1,0,0
90,2,2,"victim",0,23,1,2,1,1,0,1,TRUE,1.78571428571429,1.42857142857143,2,2.42857142857143,1.16666666666667,1,1,3,3,1,1,"In","Cont","control","ingroup",0,1,0,,0,0,"Cont","In",,0,0,0,1,0,1,0,0,0,"Victim__J_Cont__C_In",1,9,-9,"Hum_x_Control","Hum_x_Control__Victim","Hum_x_Control__Reject","Hum_x_Control__Victim__Reject",0,0,1,0,0,0,"Victim__J_Cont__C_In__Reject","Victim__J_Cont__C_In__Reject",0,0,1,0,0,0,0,0,0,0,0,0,0,0,0,0,0,0,0,0,0,0,0,0,0,0,0,"J_Cont__C_In",,,0,1,0,0,0,0,0,0
90,3,1,"victim",0,23,1,2,1,1,0,1,TRUE,1.78571428571429,1.42857142857143,2,2.42857142857143,1.16666666666667,1,3,2,3,2,1,"Cont","Out","control","outgroup",0,1,0,,1,0,"Cont","Out",,0,1,1,0,0,1,1,0,0,"Victim__J_Cont__C_Out",1,3,-3,"Hum_x_Control","Hum_x_Control__Victim","Hum_x_Control__Accept","Hum_x_Control__Victim__Accept",0,0,1,0,0,0,"Victim__J_Cont__C_Out__Accept","Victim__J_Cont__C_Out__Accept",0,0,0,0,0,1,0,0,0,0,0,0,0,0,0,0,0,0,0,0,0,0,0,0,0,0,0,"J_Cont__C_Out",,,0,0,0,0,1,0,0,0
90,3,2,"victim",0,23,1,2,1,1,0,1,TRUE,1.78571428571429,1.42857142857143,2,2.42857142857143,1.16666666666667,1,3,2,2,3,1,"Cont","Out","outgroup","control",1,0,0,0,0,1,"Out","Cont",,0,1,1,0,1,0,0,1,0,"Victim__J_Out__C_Cont",1,9,-9,"Hum_x_Ing","Hum_x_Ing__Victim","Hum_x_Ing__Reject","Hum_x_Ing__Victim__Reject",0,1,0,0,0,0,"Victim__J_Out__C_Cont__Reject","Victim__J_Out__C_Cont__Reject",0,0,0,0,0,0,0,1,0,0,0,0,0,0,0,0,0,0,0,0,0,0,0,0,0,0,0,"J_Out__C_Cont",,,0,0,0,0,0,0,1,0
90,4,1,"victim",0,23,1,2,1,1,0,1,TRUE,1.78571428571429,1.42857142857143,2,2.42857142857143,1.16666666666667,1,3,3,3,3,1,"Cont","Cont","control","control",0,1,0,,1,1,"Cont","Cont",,0,1,0,1,0,1,0,1,0,"Victim__J_Cont__C_Cont",1,-1,1,"Hum_x_Control","Hum_x_Control__Victim","Hum_x_Control__Accept","Hum_x_Control__Victim__Accept",0,0,1,0,0,0,"Victim__J_Cont__C_Cont__Accept","Victim__J_Cont__C_Cont__Accept",0,0,0,0,0,0,0,0,1,0,0,0,0,0,0,0,0,0,0,0,0,0,0,0,0,0,0,"J_Cont__C_Cont",,,0,0,0,0,0,0,0,1
90,4,2,"victim",0,23,1,2,1,1,0,1,TRUE,1.78571428571429,1.42857142857143,2,2.42857142857143,1.16666666666667,1,3,3,3,3,1,"Cont","Cont","control","control",0,1,0,,1,1,"Cont","Cont",,0,1,0,1,0,1,0,1,0,"Victim__J_Cont__C_Cont",1,-1,1,"Hum_x_Control","Hum_x_Control__Victim","Hum_x_Control__Accept","Hum_x_Control__Victim__Accept",0,0,1,0,0,0,"Victim__J_Cont__C_Cont__Accept","Victim__J_Cont__C_Cont__Accept",0,0,0,0,0,0,0,0,1,0,0,0,0,0,0,0,0,0,0,0,0,0,0,0,0,0,0,"J_Cont__C_Cont",,,0,0,0,0,0,0,0,1
90,5,1,"victim",0,23,1,2,1,1,0,1,TRUE,1.78571428571429,1.42857142857143,2,2.42857142857143,1.16666666666667,1,3,3,3,3,1,"Cont","Cont","control","control",0,1,0,,0,0,"Cont","Cont",,0,1,0,1,0,1,0,1,0,"Victim__J_Cont__C_Cont",1,9,-9,"Hum_x_Control","Hum_x_Control__Victim","Hum_x_Control__Reject","Hum_x_Control__Victim__Reject",0,0,1,0,0,0,"Victim__J_Cont__C_Cont__Reject","Victim__J_Cont__C_Cont__Reject",0,0,0,0,0,0,0,0,1,0,0,0,0,0,0,0,0,0,0,0,0,0,0,0,0,0,0,"J_Cont__C_Cont",,,0,0,0,0,0,0,0,1
90,5,2,"victim",0,23,1,2,1,1,0,1,TRUE,1.78571428571429,1.42857142857143,2,2.42857142857143,1.16666666666667,1,3,3,3,3,1,"Cont","Cont","control","control",0,1,0,,0,0,"Cont","Cont",,0,1,0,1,0,1,0,1,0,"Victim__J_Cont__C_Cont",1,9,-9,"Hum_x_Control","Hum_x_Control__Victim","Hum_x_Control__Reject","Hum_x_Control__Victim__Reject",0,0,1,0,0,0,"Victim__J_Cont__C_Cont__Reject","Victim__J_Cont__C_Cont__Reject",0,0,0,0,0,0,0,0,1,0,0,0,0,0,0,0,0,0,0,0,0,0,0,0,0,0,0,"J_Cont__C_Cont",,,0,0,0,0,0,0,0,1
91,6,1,"victim",0,19,3,2,1,1,0,2,TRUE,1.75,2,1.5,2.42857142857143,1,1,1,1,1,1,1,"In","In","ingroup","ingroup",0,0,0,1,0,1,"In","In",,0,0,0,0,0,0,0,0,0,"Victim__J_In__C_In",0,1,-1,"Hum_x_Hum","Hum_x_Hum__Victim","Hum_x_Hum__Reject","Hum_x_Hum__Victim__Reject",1,0,0,0,0,0,"Victim__J_In__C_In__Reject","Victim__J_In__C_In__Reject",1,0,0,0,0,0,0,0,0,0,0,0,0,0,0,0,0,0,0,0,0,0,0,0,0,0,0,"J_In__C_In",,,0,0,0,0,0,0,0,0
91,6,2,"victim",0,19,3,2,1,1,0,2,TRUE,1.75,2,1.5,2.42857142857143,1,1,1,1,1,1,1,"In","In","ingroup","ingroup",0,0,0,1,1,0,"In","In",,0,0,0,0,0,0,0,0,0,"Victim__J_In__C_In",0,-2,2,"Hum_x_Hum","Hum_x_Hum__Victim","Hum_x_Hum__Accept","Hum_x_Hum__Victim__Accept",1,0,0,0,0,0,"Victim__J_In__C_In__Accept","Victim__J_In__C_In__Accept",1,0,0,0,0,0,0,0,0,0,0,0,0,0,0,0,0,0,0,0,0,0,0,0,0,0,0,"J_In__C_In",,,0,0,0,0,0,0,0,0
91,7,1,"victim",0,19,3,2,1,1,0,2,TRUE,1.75,2,1.5,2.42857142857143,1,1,2,2,2,2,1,"Out","Out","outgroup","outgroup",1,0,0,0,0,0,"Out","Out",,1,0,1,0,1,0,1,0,0,"Victim__J_Out__C_Out",0,9,-9,"Hum_x_Ing","Hum_x_Ing__Victim","Hum_x_Ing__Reject","Hum_x_Ing__Victim__Reject",0,1,0,0,0,0,"Victim__J_Out__C_Out__Reject","Victim__J_Out__C_Out__Reject",0,0,0,0,1,0,0,0,0,0,0,0,0,0,0,0,0,0,0,0,0,0,0,0,0,0,0,"J_Out__C_Out",,,0,0,0,1,0,0,0,0
91,7,2,"victim",0,19,3,2,1,1,0,2,TRUE,1.75,2,1.5,2.42857142857143,1,1,2,2,2,2,1,"Out","Out","outgroup","outgroup",1,0,0,0,0,0,"Out","Out",,1,0,1,0,1,0,1,0,0,"Victim__J_Out__C_Out",0,9,-9,"Hum_x_Ing","Hum_x_Ing__Victim","Hum_x_Ing__Reject","Hum_x_Ing__Victim__Reject",0,1,0,0,0,0,"Victim__J_Out__C_Out__Reject","Victim__J_Out__C_Out__Reject",0,0,0,0,1,0,0,0,0,0,0,0,0,0,0,0,0,0,0,0,0,0,0,0,0,0,0,"J_Out__C_Out",,,0,0,0,1,0,0,0,0
91,8,1,"victim",0,19,3,2,1,1,0,2,TRUE,1.75,2,1.5,2.42857142857143,1,1,3,3,3,3,2,"Cont","Cont","control","control",0,1,1,,0,1,"Cont","Cont",,0,1,0,1,0,1,0,1,0,"Victim__J_Cont__C_Cont",1,0,0,"Ing_x_Control","Ing_x_Control__Victim","Ing_x_Control__Reject","Ing_x_Control__Victim__Reject",0,0,0,0,0,1,"Victim__J_Cont__C_Cont__Reject","Victim__J_Cont__C_Cont__Reject",0,0,0,0,0,0,0,0,1,0,0,0,0,0,0,0,0,0,0,0,0,0,0,0,0,0,0,"J_Cont__C_Cont",,,0,0,0,0,0,0,0,1
91,8,2,"victim",0,19,3,2,1,1,0,2,TRUE,1.75,2,1.5,2.42857142857143,1,1,3,3,3,3,2,"Cont","Cont","control","control",0,1,1,,1,0,"Cont","Cont",,0,1,0,1,0,1,0,1,0,"Victim__J_Cont__C_Cont",1,0,0,"Ing_x_Control","Ing_x_Control__Victim","Ing_x_Control__Accept","Ing_x_Control__Victim__Accept",0,0,0,0,0,1,"Victim__J_Cont__C_Cont__Accept","Victim__J_Cont__C_Cont__Accept",0,0,0,0,0,0,0,0,1,0,0,0,0,0,0,0,0,0,0,0,0,0,0,0,0,0,0,"J_Cont__C_Cont",,,0,0,0,0,0,0,0,1
91,9,1,"victim",0,19,3,2,1,1,0,2,TRUE,1.75,2,1.5,2.42857142857143,1,1,1,3,1,3,1,"In","Cont","ingroup","control",0,0,0,1,0,1,"In","Cont",,0,0,0,1,0,0,0,1,0,"Victim__J_In__C_Cont",1,2,-2,"Hum_x_Hum","Hum_x_Hum__Victim","Hum_x_Hum__Reject","Hum_x_Hum__Victim__Reject",1,0,0,0,0,0,"Victim__J_In__C_Cont__Reject","Victim__J_In__C_Cont__Reject",0,0,0,0,0,0,1,0,0,0,0,0,0,0,0,0,0,0,0,0,0,0,0,0,0,0,0,"J_In__C_Cont",,,0,0,0,0,0,1,0,0
91,9,2,"victim",0,19,3,2,1,1,0,2,TRUE,1.75,2,1.5,2.42857142857143,1,1,1,3,3,1,1,"In","Cont","control","ingroup",0,1,0,,1,0,"Cont","In",,0,0,0,1,0,1,0,0,0,"Victim__J_Cont__C_In",1,-3,3,"Hum_x_Control","Hum_x_Control__Victim","Hum_x_Control__Accept","Hum_x_Control__Victim__Accept",0,0,1,0,0,0,"Victim__J_Cont__C_In__Accept","Victim__J_Cont__C_In__Accept",0,0,1,0,0,0,0,0,0,0,0,0,0,0,0,0,0,0,0,0,0,0,0,0,0,0,0,"J_Cont__C_In",,,0,1,0,0,0,0,0,0
91,10,1,"victim",0,19,3,2,1,1,0,2,TRUE,1.75,2,1.5,2.42857142857143,1,1,3,1,3,1,2,"Cont","In","control","ingroup",0,1,1,,0,0,"Cont","In",,0,1,0,0,0,1,0,0,0,"Victim__J_Cont__C_In",1,9,-9,"Ing_x_Control","Ing_x_Control__Victim","Ing_x_Control__Reject","Ing_x_Control__Victim__Reject",0,0,0,0,0,1,"Victim__J_Cont__C_In__Reject","Victim__J_Cont__C_In__Reject",0,0,1,0,0,0,0,0,0,0,0,0,0,0,0,0,0,0,0,0,0,0,0,0,0,0,0,"J_Cont__C_In",,,0,1,0,0,0,0,0,0
91,10,2,"victim",0,19,3,2,1,1,0,2,TRUE,1.75,2,1.5,2.42857142857143,1,1,3,1,1,3,2,"Cont","In","ingroup","control",0,0,1,0,0,0,"In","Cont",,0,1,0,0,0,0,0,1,0,"Victim__J_In__C_Cont",1,9,-9,"Ing_x_Hum","Ing_x_Hum__Victim","Ing_x_Hum__Reject","Ing_x_Hum__Victim__Reject",0,0,0,1,0,0,"Victim__J_In__C_Cont__Reject","Victim__J_In__C_Cont__Reject",0,0,0,0,0,0,1,0,0,0,0,0,0,0,0,0,0,0,0,0,0,0,0,0,0,0,0,"J_In__C_Cont",,,0,0,0,0,0,1,0,0
93,1,1,"victim",0,20,2,2,1,1,0,1,TRUE,1.78571428571429,1.14285714285714,1.75,2.57142857142857,1.66666666666667,1,2,3,2,3,1,"Out","Cont","outgroup","control",1,0,0,0,1,1,"Out","Cont",,1,0,0,1,1,0,0,1,0,"Victim__J_Out__C_Cont",1,-5,5,"Hum_x_Ing","Hum_x_Ing__Victim","Hum_x_Ing__Accept","Hum_x_Ing__Victim__Accept",0,1,0,0,0,0,"Victim__J_Out__C_Cont__Accept","Victim__J_Out__C_Cont__Accept",0,0,0,0,0,0,0,1,0,0,0,0,0,0,0,0,0,0,0,0,0,0,0,0,0,0,0,"J_Out__C_Cont",,,0,0,0,0,0,0,1,0
93,1,2,"victim",0,20,2,2,1,1,0,1,TRUE,1.78571428571429,1.14285714285714,1.75,2.57142857142857,1.66666666666667,1,2,3,3,2,1,"Out","Cont","control","outgroup",0,1,0,,1,1,"Cont","Out",,1,0,0,1,0,1,1,0,0,"Victim__J_Cont__C_Out",1,-5,5,"Hum_x_Control","Hum_x_Control__Victim","Hum_x_Control__Accept","Hum_x_Control__Victim__Accept",0,0,1,0,0,0,"Victim__J_Cont__C_Out__Accept","Victim__J_Cont__C_Out__Accept",0,0,0,0,0,1,0,0,0,0,0,0,0,0,0,0,0,0,0,0,0,0,0,0,0,0,0,"J_Cont__C_Out",,,0,0,0,0,1,0,0,0
93,2,1,"victim",0,20,2,2,1,1,0,1,TRUE,1.78571428571429,1.14285714285714,1.75,2.57142857142857,1.66666666666667,1,1,1,1,1,1,"In","In","ingroup","ingroup",0,0,0,1,0,0,"In","In",,0,0,0,0,0,0,0,0,0,"Victim__J_In__C_In",0,9,-9,"Hum_x_Hum","Hum_x_Hum__Victim","Hum_x_Hum__Reject","Hum_x_Hum__Victim__Reject",1,0,0,0,0,0,"Victim__J_In__C_In__Reject","Victim__J_In__C_In__Reject",1,0,0,0,0,0,0,0,0,0,0,0,0,0,0,0,0,0,0,0,0,0,0,0,0,0,0,"J_In__C_In",,,0,0,0,0,0,0,0,0
93,2,2,"victim",0,20,2,2,1,1,0,1,TRUE,1.78571428571429,1.14285714285714,1.75,2.57142857142857,1.66666666666667,1,1,1,1,1,1,"In","In","ingroup","ingroup",0,0,0,1,0,0,"In","In",,0,0,0,0,0,0,0,0,0,"Victim__J_In__C_In",0,9,-9,"Hum_x_Hum","Hum_x_Hum__Victim","Hum_x_Hum__Reject","Hum_x_Hum__Victim__Reject",1,0,0,0,0,0,"Victim__J_In__C_In__Reject","Victim__J_In__C_In__Reject",1,0,0,0,0,0,0,0,0,0,0,0,0,0,0,0,0,0,0,0,0,0,0,0,0,0,0,"J_In__C_In",,,0,0,0,0,0,0,0,0
93,3,1,"victim",0,20,2,2,1,1,0,1,TRUE,1.78571428571429,1.14285714285714,1.75,2.57142857142857,1.66666666666667,1,1,2,1,2,1,"In","Out","ingroup","outgroup",0,0,0,1,1,0,"In","Out",,0,0,1,0,0,0,1,0,0,"Victim__J_In__C_Out",0,-5,5,"Hum_x_Hum","Hum_x_Hum__Victim","Hum_x_Hum__Accept","Hum_x_Hum__Victim__Accept",1,0,0,0,0,0,"Victim__J_In__C_Out__Accept","Victim__J_In__C_Out__Accept",0,0,0,1,0,0,0,0,0,0,0,0,0,0,0,0,0,0,0,0,0,0,0,0,0,0,0,"J_In__C_Out",,,0,0,1,0,0,0,0,0
93,3,2,"victim",0,20,2,2,1,1,0,1,TRUE,1.78571428571429,1.14285714285714,1.75,2.57142857142857,1.66666666666667,1,1,2,2,1,1,"In","Out","outgroup","ingroup",1,0,0,0,0,1,"Out","In",,0,0,1,0,1,0,0,0,0,"Victim__J_Out__C_In",0,7,-7,"Hum_x_Ing","Hum_x_Ing__Victim","Hum_x_Ing__Reject","Hum_x_Ing__Victim__Reject",0,1,0,0,0,0,"Victim__J_Out__C_In__Reject","Victim__J_Out__C_In__Reject",0,1,0,0,0,0,0,0,0,0,0,0,0,0,0,0,0,0,0,0,0,0,0,0,0,0,0,"J_Out__C_In",,,1,0,0,0,0,0,0,0
93,4,1,"victim",0,20,2,2,1,1,0,1,TRUE,1.78571428571429,1.14285714285714,1.75,2.57142857142857,1.66666666666667,1,1,2,1,2,1,"In","Out","ingroup","outgroup",0,0,0,1,0,1,"In","Out",,0,0,1,0,0,0,1,0,0,"Victim__J_In__C_Out",0,8,-8,"Hum_x_Hum","Hum_x_Hum__Victim","Hum_x_Hum__Reject","Hum_x_Hum__Victim__Reject",1,0,0,0,0,0,"Victim__J_In__C_Out__Reject","Victim__J_In__C_Out__Reject",0,0,0,1,0,0,0,0,0,0,0,0,0,0,0,0,0,0,0,0,0,0,0,0,0,0,0,"J_In__C_Out",,,0,0,1,0,0,0,0,0
93,4,2,"victim",0,20,2,2,1,1,0,1,TRUE,1.78571428571429,1.14285714285714,1.75,2.57142857142857,1.66666666666667,1,1,2,2,1,1,"In","Out","outgroup","ingroup",1,0,0,0,1,0,"Out","In",,0,0,1,0,1,0,0,0,0,"Victim__J_Out__C_In",0,-8,8,"Hum_x_Ing","Hum_x_Ing__Victim","Hum_x_Ing__Accept","Hum_x_Ing__Victim__Accept",0,1,0,0,0,0,"Victim__J_Out__C_In__Accept","Victim__J_Out__C_In__Accept",0,1,0,0,0,0,0,0,0,0,0,0,0,0,0,0,0,0,0,0,0,0,0,0,0,0,0,"J_Out__C_In",,,1,0,0,0,0,0,0,0
93,5,1,"victim",0,20,2,2,1,1,0,1,TRUE,1.78571428571429,1.14285714285714,1.75,2.57142857142857,1.66666666666667,1,1,1,1,1,1,"In","In","ingroup","ingroup",0,0,0,1,0,1,"In","In",,0,0,0,0,0,0,0,0,0,"Victim__J_In__C_In",0,6,-6,"Hum_x_Hum","Hum_x_Hum__Victim","Hum_x_Hum__Reject","Hum_x_Hum__Victim__Reject",1,0,0,0,0,0,"Victim__J_In__C_In__Reject","Victim__J_In__C_In__Reject",1,0,0,0,0,0,0,0,0,0,0,0,0,0,0,0,0,0,0,0,0,0,0,0,0,0,0,"J_In__C_In",,,0,0,0,0,0,0,0,0
93,5,2,"victim",0,20,2,2,1,1,0,1,TRUE,1.78571428571429,1.14285714285714,1.75,2.57142857142857,1.66666666666667,1,1,1,1,1,1,"In","In","ingroup","ingroup",0,0,0,1,1,0,"In","In",,0,0,0,0,0,0,0,0,0,"Victim__J_In__C_In",0,-5,5,"Hum_x_Hum","Hum_x_Hum__Victim","Hum_x_Hum__Accept","Hum_x_Hum__Victim__Accept",1,0,0,0,0,0,"Victim__J_In__C_In__Accept","Victim__J_In__C_In__Accept",1,0,0,0,0,0,0,0,0,0,0,0,0,0,0,0,0,0,0,0,0,0,0,0,0,0,0,"J_In__C_In",,,0,0,0,0,0,0,0,0
94,1,1,"victim",0,22,1,1,0,2,1,1,TRUE,1.85714285714286,0.857142857142857,2.25,2.14285714285714,2.16666666666667,2,3,2,3,2,2,"Cont","In","control","ingroup",0,1,0,,1,1,"Cont","In",,0,1,0,0,0,1,0,0,0,"Victim__J_Cont__C_In",1,-5,5,"Ing_x_Control","Ing_x_Control__Victim","Ing_x_Control__Accept","Ing_x_Control__Victim__Accept",0,0,0,0,0,1,"Victim__J_Cont__C_In__Accept","Victim__J_Cont__C_In__Accept",0,0,1,0,0,0,0,0,0,0,0,0,0,0,0,0,0,0,0,0,0,0,0,0,0,0,0,"J_Cont__C_In",,,0,1,0,0,0,0,0,0
94,1,2,"victim",0,22,1,1,0,2,1,1,TRUE,1.85714285714286,0.857142857142857,2.25,2.14285714285714,2.16666666666667,2,3,2,2,3,2,"Cont","In","ingroup","control",0,0,0,1,1,1,"In","Cont",,0,1,0,0,0,0,0,1,0,"Victim__J_In__C_Cont",1,-5,5,"Ing_x_Ing","Ing_x_Ing__Victim","Ing_x_Ing__Accept","Ing_x_Ing__Victim__Accept",0,0,0,0,1,0,"Victim__J_In__C_Cont__Accept","Victim__J_In__C_Cont__Accept",0,0,0,0,0,0,1,0,0,0,0,0,0,0,0,0,0,0,0,0,0,0,0,0,0,0,0,"J_In__C_Cont",,,0,0,0,0,0,1,0,0
94,2,1,"victim",0,22,1,1,0,2,1,1,TRUE,1.85714285714286,0.857142857142857,2.25,2.14285714285714,2.16666666666667,2,1,2,1,2,2,"Out","In","outgroup","ingroup",1,0,0,0,0,1,"Out","In",,1,0,0,0,1,0,0,0,0,"Victim__J_Out__C_In",0,9,-9,"Ing_x_Hum","Ing_x_Hum__Victim","Ing_x_Hum__Reject","Ing_x_Hum__Victim__Reject",0,0,0,1,0,0,"Victim__J_Out__C_In__Reject","Victim__J_Out__C_In__Reject",0,1,0,0,0,0,0,0,0,0,0,0,0,0,0,0,0,0,0,0,0,0,0,0,0,0,0,"J_Out__C_In",,,1,0,0,0,0,0,0,0
94,2,2,"victim",0,22,1,1,0,2,1,1,TRUE,1.85714285714286,0.857142857142857,2.25,2.14285714285714,2.16666666666667,2,1,2,2,1,2,"Out","In","ingroup","outgroup",0,0,0,1,1,0,"In","Out",,1,0,0,0,0,0,1,0,0,"Victim__J_In__C_Out",0,-5,5,"Ing_x_Ing","Ing_x_Ing__Victim","Ing_x_Ing__Accept","Ing_x_Ing__Victim__Accept",0,0,0,0,1,0,"Victim__J_In__C_Out__Accept","Victim__J_In__C_Out__Accept",0,0,0,1,0,0,0,0,0,0,0,0,0,0,0,0,0,0,0,0,0,0,0,0,0,0,0,"J_In__C_Out",,,0,0,1,0,0,0,0,0
94,3,1,"victim",0,22,1,1,0,2,1,1,TRUE,1.85714285714286,0.857142857142857,2.25,2.14285714285714,2.16666666666667,2,2,2,2,2,2,"In","In","ingroup","ingroup",0,0,0,1,0,0,"In","In",,0,0,0,0,0,0,0,0,0,"Victim__J_In__C_In",0,9,-9,"Ing_x_Ing","Ing_x_Ing__Victim","Ing_x_Ing__Reject","Ing_x_Ing__Victim__Reject",0,0,0,0,1,0,"Victim__J_In__C_In__Reject","Victim__J_In__C_In__Reject",1,0,0,0,0,0,0,0,0,0,0,0,0,0,0,0,0,0,0,0,0,0,0,0,0,0,0,"J_In__C_In",,,0,0,0,0,0,0,0,0
94,3,2,"victim",0,22,1,1,0,2,1,1,TRUE,1.85714285714286,0.857142857142857,2.25,2.14285714285714,2.16666666666667,2,2,2,2,2,2,"In","In","ingroup","ingroup",0,0,0,1,0,0,"In","In",,0,0,0,0,0,0,0,0,0,"Victim__J_In__C_In",0,9,-9,"Ing_x_Ing","Ing_x_Ing__Victim","Ing_x_Ing__Reject","Ing_x_Ing__Victim__Reject",0,0,0,0,1,0,"Victim__J_In__C_In__Reject","Victim__J_In__C_In__Reject",1,0,0,0,0,0,0,0,0,0,0,0,0,0,0,0,0,0,0,0,0,0,0,0,0,0,0,"J_In__C_In",,,0,0,0,0,0,0,0,0
94,4,1,"victim",0,22,1,1,0,2,1,1,TRUE,1.85714285714286,0.857142857142857,2.25,2.14285714285714,2.16666666666667,2,3,3,3,3,2,"Cont","Cont","control","control",0,1,0,,1,1,"Cont","Cont",,0,1,0,1,0,1,0,1,0,"Victim__J_Cont__C_Cont",1,-5,5,"Ing_x_Control","Ing_x_Control__Victim","Ing_x_Control__Accept","Ing_x_Control__Victim__Accept",0,0,0,0,0,1,"Victim__J_Cont__C_Cont__Accept","Victim__J_Cont__C_Cont__Accept",0,0,0,0,0,0,0,0,1,0,0,0,0,0,0,0,0,0,0,0,0,0,0,0,0,0,0,"J_Cont__C_Cont",,,0,0,0,0,0,0,0,1
94,4,2,"victim",0,22,1,1,0,2,1,1,TRUE,1.85714285714286,0.857142857142857,2.25,2.14285714285714,2.16666666666667,2,3,3,3,3,2,"Cont","Cont","control","control",0,1,0,,1,1,"Cont","Cont",,0,1,0,1,0,1,0,1,0,"Victim__J_Cont__C_Cont",1,-5,5,"Ing_x_Control","Ing_x_Control__Victim","Ing_x_Control__Accept","Ing_x_Control__Victim__Accept",0,0,0,0,0,1,"Victim__J_Cont__C_Cont__Accept","Victim__J_Cont__C_Cont__Accept",0,0,0,0,0,0,0,0,1,0,0,0,0,0,0,0,0,0,0,0,0,0,0,0,0,0,0,"J_Cont__C_Cont",,,0,0,0,0,0,0,0,1
94,5,1,"victim",0,22,1,1,0,2,1,1,TRUE,1.85714285714286,0.857142857142857,2.25,2.14285714285714,2.16666666666667,2,2,3,2,3,2,"In","Cont","ingroup","control",0,0,0,1,0,1,"In","Cont",,0,0,0,1,0,0,0,1,0,"Victim__J_In__C_Cont",1,9,-9,"Ing_x_Ing","Ing_x_Ing__Victim","Ing_x_Ing__Reject","Ing_x_Ing__Victim__Reject",0,0,0,0,1,0,"Victim__J_In__C_Cont__Reject","Victim__J_In__C_Cont__Reject",0,0,0,0,0,0,1,0,0,0,0,0,0,0,0,0,0,0,0,0,0,0,0,0,0,0,0,"J_In__C_Cont",,,0,0,0,0,0,1,0,0
94,5,2,"victim",0,22,1,1,0,2,1,1,TRUE,1.85714285714286,0.857142857142857,2.25,2.14285714285714,2.16666666666667,2,2,3,3,2,2,"In","Cont","control","ingroup",0,1,0,,1,0,"Cont","In",,0,0,0,1,0,1,0,0,0,"Victim__J_Cont__C_In",1,-5,5,"Ing_x_Control","Ing_x_Control__Victim","Ing_x_Control__Accept","Ing_x_Control__Victim__Accept",0,0,0,0,0,1,"Victim__J_Cont__C_In__Accept","Victim__J_Cont__C_In__Accept",0,0,1,0,0,0,0,0,0,0,0,0,0,0,0,0,0,0,0,0,0,0,0,0,0,0,0,"J_Cont__C_In",,,0,1,0,0,0,0,0,0
95,6,1,"victim",0,18,3,1,0,1,0,2,TRUE,2.28571428571429,1.71428571428571,2.25,2.71428571428571,2.5,1,2,1,2,1,1,"Out","In","outgroup","ingroup",1,0,0,0,0,1,"Out","In",,1,0,0,0,1,0,0,0,0,"Victim__J_Out__C_In",0,9,-9,"Hum_x_Ing","Hum_x_Ing__Victim","Hum_x_Ing__Reject","Hum_x_Ing__Victim__Reject",0,1,0,0,0,0,"Victim__J_Out__C_In__Reject","Victim__J_Out__C_In__Reject",0,1,0,0,0,0,0,0,0,0,0,0,0,0,0,0,0,0,0,0,0,0,0,0,0,0,0,"J_Out__C_In",,,1,0,0,0,0,0,0,0
95,6,2,"victim",0,18,3,1,0,1,0,2,TRUE,2.28571428571429,1.71428571428571,2.25,2.71428571428571,2.5,1,2,1,1,2,1,"Out","In","ingroup","outgroup",0,0,0,1,1,0,"In","Out",,1,0,0,0,0,0,1,0,0,"Victim__J_In__C_Out",0,-6,6,"Hum_x_Hum","Hum_x_Hum__Victim","Hum_x_Hum__Accept","Hum_x_Hum__Victim__Accept",1,0,0,0,0,0,"Victim__J_In__C_Out__Accept","Victim__J_In__C_Out__Accept",0,0,0,1,0,0,0,0,0,0,0,0,0,0,0,0,0,0,0,0,0,0,0,0,0,0,0,"J_In__C_Out",,,0,0,1,0,0,0,0,0
95,7,1,"victim",0,18,3,1,0,1,0,2,TRUE,2.28571428571429,1.71428571428571,2.25,2.71428571428571,2.5,1,2,1,2,1,1,"Out","In","outgroup","ingroup",1,0,0,0,1,1,"Out","In",,1,0,0,0,1,0,0,0,0,"Victim__J_Out__C_In",0,-6,6,"Hum_x_Ing","Hum_x_Ing__Victim","Hum_x_Ing__Accept","Hum_x_Ing__Victim__Accept",0,1,0,0,0,0,"Victim__J_Out__C_In__Accept","Victim__J_Out__C_In__Accept",0,1,0,0,0,0,0,0,0,0,0,0,0,0,0,0,0,0,0,0,0,0,0,0,0,0,0,"J_Out__C_In",,,1,0,0,0,0,0,0,0
95,7,2,"victim",0,18,3,1,0,1,0,2,TRUE,2.28571428571429,1.71428571428571,2.25,2.71428571428571,2.5,1,2,1,1,2,1,"Out","In","ingroup","outgroup",0,0,0,1,1,1,"In","Out",,1,0,0,0,0,0,1,0,0,"Victim__J_In__C_Out",0,-6,6,"Hum_x_Hum","Hum_x_Hum__Victim","Hum_x_Hum__Accept","Hum_x_Hum__Victim__Accept",1,0,0,0,0,0,"Victim__J_In__C_Out__Accept","Victim__J_In__C_Out__Accept",0,0,0,1,0,0,0,0,0,0,0,0,0,0,0,0,0,0,0,0,0,0,0,0,0,0,0,"J_In__C_Out",,,0,0,1,0,0,0,0,0
95,8,1,"victim",0,18,3,1,0,1,0,2,TRUE,2.28571428571429,1.71428571428571,2.25,2.71428571428571,2.5,1,2,1,2,1,1,"Out","In","outgroup","ingroup",1,0,0,0,1,0,"Out","In",,1,0,0,0,1,0,0,0,0,"Victim__J_Out__C_In",0,-6,6,"Hum_x_Ing","Hum_x_Ing__Victim","Hum_x_Ing__Accept","Hum_x_Ing__Victim__Accept",0,1,0,0,0,0,"Victim__J_Out__C_In__Accept","Victim__J_Out__C_In__Accept",0,1,0,0,0,0,0,0,0,0,0,0,0,0,0,0,0,0,0,0,0,0,0,0,0,0,0,"J_Out__C_In",,,1,0,0,0,0,0,0,0
95,8,2,"victim",0,18,3,1,0,1,0,2,TRUE,2.28571428571429,1.71428571428571,2.25,2.71428571428571,2.5,1,2,1,1,2,1,"Out","In","ingroup","outgroup",0,0,0,1,0,1,"In","Out",,1,0,0,0,0,0,1,0,0,"Victim__J_In__C_Out",0,9,-9,"Hum_x_Hum","Hum_x_Hum__Victim","Hum_x_Hum__Reject","Hum_x_Hum__Victim__Reject",1,0,0,0,0,0,"Victim__J_In__C_Out__Reject","Victim__J_In__C_Out__Reject",0,0,0,1,0,0,0,0,0,0,0,0,0,0,0,0,0,0,0,0,0,0,0,0,0,0,0,"J_In__C_Out",,,0,0,1,0,0,0,0,0
95,9,1,"victim",0,18,3,1,0,1,0,2,TRUE,2.28571428571429,1.71428571428571,2.25,2.71428571428571,2.5,1,3,1,3,1,1,"Cont","In","control","ingroup",0,1,0,,0,0,"Cont","In",,0,1,0,0,0,1,0,0,0,"Victim__J_Cont__C_In",1,9,-9,"Hum_x_Control","Hum_x_Control__Victim","Hum_x_Control__Reject","Hum_x_Control__Victim__Reject",0,0,1,0,0,0,"Victim__J_Cont__C_In__Reject","Victim__J_Cont__C_In__Reject",0,0,1,0,0,0,0,0,0,0,0,0,0,0,0,0,0,0,0,0,0,0,0,0,0,0,0,"J_Cont__C_In",,,0,1,0,0,0,0,0,0
95,9,2,"victim",0,18,3,1,0,1,0,2,TRUE,2.28571428571429,1.71428571428571,2.25,2.71428571428571,2.5,1,3,1,1,3,1,"Cont","In","ingroup","control",0,0,0,1,0,0,"In","Cont",,0,1,0,0,0,0,0,1,0,"Victim__J_In__C_Cont",1,9,-9,"Hum_x_Hum","Hum_x_Hum__Victim","Hum_x_Hum__Reject","Hum_x_Hum__Victim__Reject",1,0,0,0,0,0,"Victim__J_In__C_Cont__Reject","Victim__J_In__C_Cont__Reject",0,0,0,0,0,0,1,0,0,0,0,0,0,0,0,0,0,0,0,0,0,0,0,0,0,0,0,"J_In__C_Cont",,,0,0,0,0,0,1,0,0
95,10,1,"victim",0,18,3,1,0,1,0,2,TRUE,2.28571428571429,1.71428571428571,2.25,2.71428571428571,2.5,1,1,2,1,2,1,"In","Out","ingroup","outgroup",0,0,0,1,1,0,"In","Out",,0,0,1,0,0,0,1,0,0,"Victim__J_In__C_Out",0,-6,6,"Hum_x_Hum","Hum_x_Hum__Victim","Hum_x_Hum__Accept","Hum_x_Hum__Victim__Accept",1,0,0,0,0,0,"Victim__J_In__C_Out__Accept","Victim__J_In__C_Out__Accept",0,0,0,1,0,0,0,0,0,0,0,0,0,0,0,0,0,0,0,0,0,0,0,0,0,0,0,"J_In__C_Out",,,0,0,1,0,0,0,0,0
95,10,2,"victim",0,18,3,1,0,1,0,2,TRUE,2.28571428571429,1.71428571428571,2.25,2.71428571428571,2.5,1,1,2,2,1,1,"In","Out","outgroup","ingroup",1,0,0,0,0,1,"Out","In",,0,0,1,0,1,0,0,0,0,"Victim__J_Out__C_In",0,9,-9,"Hum_x_Ing","Hum_x_Ing__Victim","Hum_x_Ing__Reject","Hum_x_Ing__Victim__Reject",0,1,0,0,0,0,"Victim__J_Out__C_In__Reject","Victim__J_Out__C_In__Reject",0,1,0,0,0,0,0,0,0,0,0,0,0,0,0,0,0,0,0,0,0,0,0,0,0,0,0,"J_Out__C_In",,,1,0,0,0,0,0,0,0
96,1,1,"victim",0,21,3,1,0,2,1,1,TRUE,2.25,1.71428571428571,2.75,2.28571428571429,2.16666666666667,2,1,3,1,3,2,"Out","Cont","outgroup","control",1,0,0,0,0,0,"Out","Cont",,1,0,0,1,1,0,0,1,0,"Victim__J_Out__C_Cont",1,2,-2,"Ing_x_Hum","Ing_x_Hum__Victim","Ing_x_Hum__Reject","Ing_x_Hum__Victim__Reject",0,0,0,1,0,0,"Victim__J_Out__C_Cont__Reject","Victim__J_Out__C_Cont__Reject",0,0,0,0,0,0,0,1,0,0,0,0,0,0,0,0,0,0,0,0,0,0,0,0,0,0,0,"J_Out__C_Cont",,,0,0,0,0,0,0,1,0
96,1,2,"victim",0,21,3,1,0,2,1,1,TRUE,2.25,1.71428571428571,2.75,2.28571428571429,2.16666666666667,2,1,3,3,1,2,"Out","Cont","control","outgroup",0,1,0,,0,0,"Cont","Out",,1,0,0,1,0,1,1,0,0,"Victim__J_Cont__C_Out",1,2,-2,"Ing_x_Control","Ing_x_Control__Victim","Ing_x_Control__Reject","Ing_x_Control__Victim__Reject",0,0,0,0,0,1,"Victim__J_Cont__C_Out__Reject","Victim__J_Cont__C_Out__Reject",0,0,0,0,0,1,0,0,0,0,0,0,0,0,0,0,0,0,0,0,0,0,0,0,0,0,0,"J_Cont__C_Out",,,0,0,0,0,1,0,0,0
96,2,1,"victim",0,21,3,1,0,2,1,1,TRUE,2.25,1.71428571428571,2.75,2.28571428571429,2.16666666666667,2,3,1,3,1,2,"Cont","Out","control","outgroup",0,1,0,,1,1,"Cont","Out",,0,1,1,0,0,1,1,0,0,"Victim__J_Cont__C_Out",1,0,0,"Ing_x_Control","Ing_x_Control__Victim","Ing_x_Control__Accept","Ing_x_Control__Victim__Accept",0,0,0,0,0,1,"Victim__J_Cont__C_Out__Accept","Victim__J_Cont__C_Out__Accept",0,0,0,0,0,1,0,0,0,0,0,0,0,0,0,0,0,0,0,0,0,0,0,0,0,0,0,"J_Cont__C_Out",,,0,0,0,0,1,0,0,0
96,2,2,"victim",0,21,3,1,0,2,1,1,TRUE,2.25,1.71428571428571,2.75,2.28571428571429,2.16666666666667,2,3,1,1,3,2,"Cont","Out","outgroup","control",1,0,0,0,1,1,"Out","Cont",,0,1,1,0,1,0,0,1,0,"Victim__J_Out__C_Cont",1,0,0,"Ing_x_Hum","Ing_x_Hum__Victim","Ing_x_Hum__Accept","Ing_x_Hum__Victim__Accept",0,0,0,1,0,0,"Victim__J_Out__C_Cont__Accept","Victim__J_Out__C_Cont__Accept",0,0,0,0,0,0,0,1,0,0,0,0,0,0,0,0,0,0,0,0,0,0,0,0,0,0,0,"J_Out__C_Cont",,,0,0,0,0,0,0,1,0
96,3,1,"victim",0,21,3,1,0,2,1,1,TRUE,2.25,1.71428571428571,2.75,2.28571428571429,2.16666666666667,2,3,3,3,3,2,"Cont","Cont","control","control",0,1,0,,1,1,"Cont","Cont",,0,1,0,1,0,1,0,1,0,"Victim__J_Cont__C_Cont",1,0,0,"Ing_x_Control","Ing_x_Control__Victim","Ing_x_Control__Accept","Ing_x_Control__Victim__Accept",0,0,0,0,0,1,"Victim__J_Cont__C_Cont__Accept","Victim__J_Cont__C_Cont__Accept",0,0,0,0,0,0,0,0,1,0,0,0,0,0,0,0,0,0,0,0,0,0,0,0,0,0,0,"J_Cont__C_Cont",,,0,0,0,0,0,0,0,1
96,3,2,"victim",0,21,3,1,0,2,1,1,TRUE,2.25,1.71428571428571,2.75,2.28571428571429,2.16666666666667,2,3,3,3,3,2,"Cont","Cont","control","control",0,1,0,,1,1,"Cont","Cont",,0,1,0,1,0,1,0,1,0,"Victim__J_Cont__C_Cont",1,0,0,"Ing_x_Control","Ing_x_Control__Victim","Ing_x_Control__Accept","Ing_x_Control__Victim__Accept",0,0,0,0,0,1,"Victim__J_Cont__C_Cont__Accept","Victim__J_Cont__C_Cont__Accept",0,0,0,0,0,0,0,0,1,0,0,0,0,0,0,0,0,0,0,0,0,0,0,0,0,0,0,"J_Cont__C_Cont",,,0,0,0,0,0,0,0,1
96,4,1,"victim",0,21,3,1,0,2,1,1,TRUE,2.25,1.71428571428571,2.75,2.28571428571429,2.16666666666667,2,3,2,3,2,2,"Cont","In","control","ingroup",0,1,0,,0,1,"Cont","In",,0,1,0,0,0,1,0,0,0,"Victim__J_Cont__C_In",1,0,0,"Ing_x_Control","Ing_x_Control__Victim","Ing_x_Control__Reject","Ing_x_Control__Victim__Reject",0,0,0,0,0,1,"Victim__J_Cont__C_In__Reject","Victim__J_Cont__C_In__Reject",0,0,1,0,0,0,0,0,0,0,0,0,0,0,0,0,0,0,0,0,0,0,0,0,0,0,0,"J_Cont__C_In",,,0,1,0,0,0,0,0,0
96,4,2,"victim",0,21,3,1,0,2,1,1,TRUE,2.25,1.71428571428571,2.75,2.28571428571429,2.16666666666667,2,3,2,2,3,2,"Cont","In","ingroup","control",0,0,0,1,1,0,"In","Cont",,0,1,0,0,0,0,0,1,0,"Victim__J_In__C_Cont",1,0,0,"Ing_x_Ing","Ing_x_Ing__Victim","Ing_x_Ing__Accept","Ing_x_Ing__Victim__Accept",0,0,0,0,1,0,"Victim__J_In__C_Cont__Accept","Victim__J_In__C_Cont__Accept",0,0,0,0,0,0,1,0,0,0,0,0,0,0,0,0,0,0,0,0,0,0,0,0,0,0,0,"J_In__C_Cont",,,0,0,0,0,0,1,0,0
96,5,1,"victim",0,21,3,1,0,2,1,1,TRUE,2.25,1.71428571428571,2.75,2.28571428571429,2.16666666666667,2,1,2,1,2,2,"Out","In","outgroup","ingroup",1,0,0,0,1,1,"Out","In",,1,0,0,0,1,0,0,0,0,"Victim__J_Out__C_In",0,0,0,"Ing_x_Hum","Ing_x_Hum__Victim","Ing_x_Hum__Accept","Ing_x_Hum__Victim__Accept",0,0,0,1,0,0,"Victim__J_Out__C_In__Accept","Victim__J_Out__C_In__Accept",0,1,0,0,0,0,0,0,0,0,0,0,0,0,0,0,0,0,0,0,0,0,0,0,0,0,0,"J_Out__C_In",,,1,0,0,0,0,0,0,0
96,5,2,"victim",0,21,3,1,0,2,1,1,TRUE,2.25,1.71428571428571,2.75,2.28571428571429,2.16666666666667,2,1,2,2,1,2,"Out","In","ingroup","outgroup",0,0,0,1,1,1,"In","Out",,1,0,0,0,0,0,1,0,0,"Victim__J_In__C_Out",0,0,0,"Ing_x_Ing","Ing_x_Ing__Victim","Ing_x_Ing__Accept","Ing_x_Ing__Victim__Accept",0,0,0,0,1,0,"Victim__J_In__C_Out__Accept","Victim__J_In__C_Out__Accept",0,0,0,1,0,0,0,0,0,0,0,0,0,0,0,0,0,0,0,0,0,0,0,0,0,0,0,"J_In__C_Out",,,0,0,1,0,0,0,0,0
97,6,1,"victim",0,18,1,1,0,1,0,2,TRUE,2.07142857142857,1.57142857142857,2.5,2.28571428571429,1.83333333333333,1,2,1,2,1,1,"Out","In","outgroup","ingroup",1,0,0,0,1,0,"Out","In",,1,0,0,0,1,0,0,0,0,"Victim__J_Out__C_In",0,-5,5,"Hum_x_Ing","Hum_x_Ing__Victim","Hum_x_Ing__Accept","Hum_x_Ing__Victim__Accept",0,1,0,0,0,0,"Victim__J_Out__C_In__Accept","Victim__J_Out__C_In__Accept",0,1,0,0,0,0,0,0,0,0,0,0,0,0,0,0,0,0,0,0,0,0,0,0,0,0,0,"J_Out__C_In",,,1,0,0,0,0,0,0,0
97,6,2,"victim",0,18,1,1,0,1,0,2,TRUE,2.07142857142857,1.57142857142857,2.5,2.28571428571429,1.83333333333333,1,2,1,1,2,1,"Out","In","ingroup","outgroup",0,0,0,1,0,1,"In","Out",,1,0,0,0,0,0,1,0,0,"Victim__J_In__C_Out",0,-6,6,"Hum_x_Hum","Hum_x_Hum__Victim","Hum_x_Hum__Reject","Hum_x_Hum__Victim__Reject",1,0,0,0,0,0,"Victim__J_In__C_Out__Reject","Victim__J_In__C_Out__Reject",0,0,0,1,0,0,0,0,0,0,0,0,0,0,0,0,0,0,0,0,0,0,0,0,0,0,0,"J_In__C_Out",,,0,0,1,0,0,0,0,0
97,7,1,"victim",0,18,1,1,0,1,0,2,TRUE,2.07142857142857,1.57142857142857,2.5,2.28571428571429,1.83333333333333,1,2,3,2,3,1,"Out","Cont","outgroup","control",1,0,0,0,1,0,"Out","Cont",,1,0,0,1,1,0,0,1,0,"Victim__J_Out__C_Cont",1,-7,7,"Hum_x_Ing","Hum_x_Ing__Victim","Hum_x_Ing__Accept","Hum_x_Ing__Victim__Accept",0,1,0,0,0,0,"Victim__J_Out__C_Cont__Accept","Victim__J_Out__C_Cont__Accept",0,0,0,0,0,0,0,1,0,0,0,0,0,0,0,0,0,0,0,0,0,0,0,0,0,0,0,"J_Out__C_Cont",,,0,0,0,0,0,0,1,0
97,7,2,"victim",0,18,1,1,0,1,0,2,TRUE,2.07142857142857,1.57142857142857,2.5,2.28571428571429,1.83333333333333,1,2,3,3,2,1,"Out","Cont","control","outgroup",0,1,0,,0,1,"Cont","Out",,1,0,0,1,0,1,1,0,0,"Victim__J_Cont__C_Out",1,4,-4,"Hum_x_Control","Hum_x_Control__Victim","Hum_x_Control__Reject","Hum_x_Control__Victim__Reject",0,0,1,0,0,0,"Victim__J_Cont__C_Out__Reject","Victim__J_Cont__C_Out__Reject",0,0,0,0,0,1,0,0,0,0,0,0,0,0,0,0,0,0,0,0,0,0,0,0,0,0,0,"J_Cont__C_Out",,,0,0,0,0,1,0,0,0
97,8,1,"victim",0,18,1,1,0,1,0,2,TRUE,2.07142857142857,1.57142857142857,2.5,2.28571428571429,1.83333333333333,1,3,1,3,1,1,"Cont","In","control","ingroup",0,1,0,,1,0,"Cont","In",,0,1,0,0,0,1,0,0,0,"Victim__J_Cont__C_In",1,-6,6,"Hum_x_Control","Hum_x_Control__Victim","Hum_x_Control__Accept","Hum_x_Control__Victim__Accept",0,0,1,0,0,0,"Victim__J_Cont__C_In__Accept","Victim__J_Cont__C_In__Accept",0,0,1,0,0,0,0,0,0,0,0,0,0,0,0,0,0,0,0,0,0,0,0,0,0,0,0,"J_Cont__C_In",,,0,1,0,0,0,0,0,0
97,8,2,"victim",0,18,1,1,0,1,0,2,TRUE,2.07142857142857,1.57142857142857,2.5,2.28571428571429,1.83333333333333,1,3,1,1,3,1,"Cont","In","ingroup","control",0,0,0,1,0,1,"In","Cont",,0,1,0,0,0,0,0,1,0,"Victim__J_In__C_Cont",1,3,-3,"Hum_x_Hum","Hum_x_Hum__Victim","Hum_x_Hum__Reject","Hum_x_Hum__Victim__Reject",1,0,0,0,0,0,"Victim__J_In__C_Cont__Reject","Victim__J_In__C_Cont__Reject",0,0,0,0,0,0,1,0,0,0,0,0,0,0,0,0,0,0,0,0,0,0,0,0,0,0,0,"J_In__C_Cont",,,0,0,0,0,0,1,0,0
97,9,1,"victim",0,18,1,1,0,1,0,2,TRUE,2.07142857142857,1.57142857142857,2.5,2.28571428571429,1.83333333333333,1,1,3,1,3,1,"In","Cont","ingroup","control",0,0,0,1,1,1,"In","Cont",,0,0,0,1,0,0,0,1,0,"Victim__J_In__C_Cont",1,-5,5,"Hum_x_Hum","Hum_x_Hum__Victim","Hum_x_Hum__Accept","Hum_x_Hum__Victim__Accept",1,0,0,0,0,0,"Victim__J_In__C_Cont__Accept","Victim__J_In__C_Cont__Accept",0,0,0,0,0,0,1,0,0,0,0,0,0,0,0,0,0,0,0,0,0,0,0,0,0,0,0,"J_In__C_Cont",,,0,0,0,0,0,1,0,0
97,9,2,"victim",0,18,1,1,0,1,0,2,TRUE,2.07142857142857,1.57142857142857,2.5,2.28571428571429,1.83333333333333,1,1,3,3,1,1,"In","Cont","control","ingroup",0,1,0,,1,1,"Cont","In",,0,0,0,1,0,1,0,0,0,"Victim__J_Cont__C_In",1,-5,5,"Hum_x_Control","Hum_x_Control__Victim","Hum_x_Control__Accept","Hum_x_Control__Victim__Accept",0,0,1,0,0,0,"Victim__J_Cont__C_In__Accept","Victim__J_Cont__C_In__Accept",0,0,1,0,0,0,0,0,0,0,0,0,0,0,0,0,0,0,0,0,0,0,0,0,0,0,0,"J_Cont__C_In",,,0,1,0,0,0,0,0,0
97,10,1,"victim",0,18,1,1,0,1,0,2,TRUE,2.07142857142857,1.57142857142857,2.5,2.28571428571429,1.83333333333333,1,2,2,2,2,1,"Out","Out","outgroup","outgroup",1,0,0,0,1,1,"Out","Out",,1,0,1,0,1,0,1,0,0,"Victim__J_Out__C_Out",0,-5,5,"Hum_x_Ing","Hum_x_Ing__Victim","Hum_x_Ing__Accept","Hum_x_Ing__Victim__Accept",0,1,0,0,0,0,"Victim__J_Out__C_Out__Accept","Victim__J_Out__C_Out__Accept",0,0,0,0,1,0,0,0,0,0,0,0,0,0,0,0,0,0,0,0,0,0,0,0,0,0,0,"J_Out__C_Out",,,0,0,0,1,0,0,0,0
97,10,2,"victim",0,18,1,1,0,1,0,2,TRUE,2.07142857142857,1.57142857142857,2.5,2.28571428571429,1.83333333333333,1,2,2,2,2,1,"Out","Out","outgroup","outgroup",1,0,0,0,1,1,"Out","Out",,1,0,1,0,1,0,1,0,0,"Victim__J_Out__C_Out",0,-5,5,"Hum_x_Ing","Hum_x_Ing__Victim","Hum_x_Ing__Accept","Hum_x_Ing__Victim__Accept",0,1,0,0,0,0,"Victim__J_Out__C_Out__Accept","Victim__J_Out__C_Out__Accept",0,0,0,0,1,0,0,0,0,0,0,0,0,0,0,0,0,0,0,0,0,0,0,0,0,0,0,"J_Out__C_Out",,,0,0,0,1,0,0,0,0
98,6,1,"victim",0,21,1,2,1,2,1,2,TRUE,2.21428571428571,1.57142857142857,2.375,2.42857142857143,2.5,2,1,3,1,3,2,"Out","Cont","outgroup","control",1,0,0,0,1,1,"Out","Cont",,1,0,0,1,1,0,0,1,0,"Victim__J_Out__C_Cont",1,-2,2,"Ing_x_Hum","Ing_x_Hum__Victim","Ing_x_Hum__Accept","Ing_x_Hum__Victim__Accept",0,0,0,1,0,0,"Victim__J_Out__C_Cont__Accept","Victim__J_Out__C_Cont__Accept",0,0,0,0,0,0,0,1,0,0,0,0,0,0,0,0,0,0,0,0,0,0,0,0,0,0,0,"J_Out__C_Cont",,,0,0,0,0,0,0,1,0
98,6,2,"victim",0,21,1,2,1,2,1,2,TRUE,2.21428571428571,1.57142857142857,2.375,2.42857142857143,2.5,2,1,3,3,1,2,"Out","Cont","control","outgroup",0,1,0,,1,1,"Cont","Out",,1,0,0,1,0,1,1,0,0,"Victim__J_Cont__C_Out",1,-2,2,"Ing_x_Control","Ing_x_Control__Victim","Ing_x_Control__Accept","Ing_x_Control__Victim__Accept",0,0,0,0,0,1,"Victim__J_Cont__C_Out__Accept","Victim__J_Cont__C_Out__Accept",0,0,0,0,0,1,0,0,0,0,0,0,0,0,0,0,0,0,0,0,0,0,0,0,0,0,0,"J_Cont__C_Out",,,0,0,0,0,1,0,0,0
98,7,1,"victim",0,21,1,2,1,2,1,2,TRUE,2.21428571428571,1.57142857142857,2.375,2.42857142857143,2.5,2,1,1,1,1,2,"Out","Out","outgroup","outgroup",1,0,0,0,1,0,"Out","Out",,1,0,1,0,1,0,1,0,0,"Victim__J_Out__C_Out",0,-1,1,"Ing_x_Hum","Ing_x_Hum__Victim","Ing_x_Hum__Accept","Ing_x_Hum__Victim__Accept",0,0,0,1,0,0,"Victim__J_Out__C_Out__Accept","Victim__J_Out__C_Out__Accept",0,0,0,0,1,0,0,0,0,0,0,0,0,0,0,0,0,0,0,0,0,0,0,0,0,0,0,"J_Out__C_Out",,,0,0,0,1,0,0,0,0
98,7,2,"victim",0,21,1,2,1,2,1,2,TRUE,2.21428571428571,1.57142857142857,2.375,2.42857142857143,2.5,2,1,1,1,1,2,"Out","Out","outgroup","outgroup",1,0,0,0,0,1,"Out","Out",,1,0,1,0,1,0,1,0,0,"Victim__J_Out__C_Out",0,2,-2,"Ing_x_Hum","Ing_x_Hum__Victim","Ing_x_Hum__Reject","Ing_x_Hum__Victim__Reject",0,0,0,1,0,0,"Victim__J_Out__C_Out__Reject","Victim__J_Out__C_Out__Reject",0,0,0,0,1,0,0,0,0,0,0,0,0,0,0,0,0,0,0,0,0,0,0,0,0,0,0,"J_Out__C_Out",,,0,0,0,1,0,0,0,0
98,8,1,"victim",0,21,1,2,1,2,1,2,TRUE,2.21428571428571,1.57142857142857,2.375,2.42857142857143,2.5,2,2,1,2,1,2,"In","Out","ingroup","outgroup",0,0,0,1,0,1,"In","Out",,0,0,1,0,0,0,1,0,0,"Victim__J_In__C_Out",0,2,-2,"Ing_x_Ing","Ing_x_Ing__Victim","Ing_x_Ing__Reject","Ing_x_Ing__Victim__Reject",0,0,0,0,1,0,"Victim__J_In__C_Out__Reject","Victim__J_In__C_Out__Reject",0,0,0,1,0,0,0,0,0,0,0,0,0,0,0,0,0,0,0,0,0,0,0,0,0,0,0,"J_In__C_Out",,,0,0,1,0,0,0,0,0
98,8,2,"victim",0,21,1,2,1,2,1,2,TRUE,2.21428571428571,1.57142857142857,2.375,2.42857142857143,2.5,2,2,1,1,2,2,"In","Out","outgroup","ingroup",1,0,0,0,1,0,"Out","In",,0,0,1,0,1,0,0,0,0,"Victim__J_Out__C_In",0,-1,1,"Ing_x_Hum","Ing_x_Hum__Victim","Ing_x_Hum__Accept","Ing_x_Hum__Victim__Accept",0,0,0,1,0,0,"Victim__J_Out__C_In__Accept","Victim__J_Out__C_In__Accept",0,1,0,0,0,0,0,0,0,0,0,0,0,0,0,0,0,0,0,0,0,0,0,0,0,0,0,"J_Out__C_In",,,1,0,0,0,0,0,0,0
98,9,1,"victim",0,21,1,2,1,2,1,2,TRUE,2.21428571428571,1.57142857142857,2.375,2.42857142857143,2.5,2,2,1,2,1,2,"In","Out","ingroup","outgroup",0,0,0,1,0,1,"In","Out",,0,0,1,0,0,0,1,0,0,"Victim__J_In__C_Out",0,2,-2,"Ing_x_Ing","Ing_x_Ing__Victim","Ing_x_Ing__Reject","Ing_x_Ing__Victim__Reject",0,0,0,0,1,0,"Victim__J_In__C_Out__Reject","Victim__J_In__C_Out__Reject",0,0,0,1,0,0,0,0,0,0,0,0,0,0,0,0,0,0,0,0,0,0,0,0,0,0,0,"J_In__C_Out",,,0,0,1,0,0,0,0,0
98,9,2,"victim",0,21,1,2,1,2,1,2,TRUE,2.21428571428571,1.57142857142857,2.375,2.42857142857143,2.5,2,2,1,1,2,2,"In","Out","outgroup","ingroup",1,0,0,0,1,0,"Out","In",,0,0,1,0,1,0,0,0,0,"Victim__J_Out__C_In",0,-1,1,"Ing_x_Hum","Ing_x_Hum__Victim","Ing_x_Hum__Accept","Ing_x_Hum__Victim__Accept",0,0,0,1,0,0,"Victim__J_Out__C_In__Accept","Victim__J_Out__C_In__Accept",0,1,0,0,0,0,0,0,0,0,0,0,0,0,0,0,0,0,0,0,0,0,0,0,0,0,0,"J_Out__C_In",,,1,0,0,0,0,0,0,0
98,10,1,"victim",0,21,1,2,1,2,1,2,TRUE,2.21428571428571,1.57142857142857,2.375,2.42857142857143,2.5,2,1,1,1,1,2,"Out","Out","outgroup","outgroup",1,0,0,0,0,0,"Out","Out",,1,0,1,0,1,0,1,0,0,"Victim__J_Out__C_Out",0,5,-5,"Ing_x_Hum","Ing_x_Hum__Victim","Ing_x_Hum__Reject","Ing_x_Hum__Victim__Reject",0,0,0,1,0,0,"Victim__J_Out__C_Out__Reject","Victim__J_Out__C_Out__Reject",0,0,0,0,1,0,0,0,0,0,0,0,0,0,0,0,0,0,0,0,0,0,0,0,0,0,0,"J_Out__C_Out",,,0,0,0,1,0,0,0,0
98,10,2,"victim",0,21,1,2,1,2,1,2,TRUE,2.21428571428571,1.57142857142857,2.375,2.42857142857143,2.5,2,1,1,1,1,2,"Out","Out","outgroup","outgroup",1,0,0,0,0,0,"Out","Out",,1,0,1,0,1,0,1,0,0,"Victim__J_Out__C_Out",0,5,-5,"Ing_x_Hum","Ing_x_Hum__Victim","Ing_x_Hum__Reject","Ing_x_Hum__Victim__Reject",0,0,0,1,0,0,"Victim__J_Out__C_Out__Reject","Victim__J_Out__C_Out__Reject",0,0,0,0,1,0,0,0,0,0,0,0,0,0,0,0,0,0,0,0,0,0,0,0,0,0,0,"J_Out__C_Out",,,0,0,0,1,0,0,0,0
99,1,1,"victim",0,19,3,2,1,1,0,1,TRUE,2.92857142857143,3.28571428571429,2.375,3.42857142857143,2.66666666666667,1,1,3,1,3,1,"In","Cont","ingroup","control",0,0,0,1,1,1,"In","Cont",,0,0,0,1,0,0,0,1,0,"Victim__J_In__C_Cont",1,0,0,"Hum_x_Hum","Hum_x_Hum__Victim","Hum_x_Hum__Accept","Hum_x_Hum__Victim__Accept",1,0,0,0,0,0,"Victim__J_In__C_Cont__Accept","Victim__J_In__C_Cont__Accept",0,0,0,0,0,0,1,0,0,0,0,0,0,0,0,0,0,0,0,0,0,0,0,0,0,0,0,"J_In__C_Cont",,,0,0,0,0,0,1,0,0
99,1,2,"victim",0,19,3,2,1,1,0,1,TRUE,2.92857142857143,3.28571428571429,2.375,3.42857142857143,2.66666666666667,1,1,3,3,1,1,"In","Cont","control","ingroup",0,1,0,,1,1,"Cont","In",,0,0,0,1,0,1,0,0,0,"Victim__J_Cont__C_In",1,0,0,"Hum_x_Control","Hum_x_Control__Victim","Hum_x_Control__Accept","Hum_x_Control__Victim__Accept",0,0,1,0,0,0,"Victim__J_Cont__C_In__Accept","Victim__J_Cont__C_In__Accept",0,0,1,0,0,0,0,0,0,0,0,0,0,0,0,0,0,0,0,0,0,0,0,0,0,0,0,"J_Cont__C_In",,,0,1,0,0,0,0,0,0
99,2,1,"victim",0,19,3,2,1,1,0,1,TRUE,2.92857142857143,3.28571428571429,2.375,3.42857142857143,2.66666666666667,1,3,3,3,3,1,"Cont","Cont","control","control",0,1,0,,0,1,"Cont","Cont",,0,1,0,1,0,1,0,1,0,"Victim__J_Cont__C_Cont",1,9,-9,"Hum_x_Control","Hum_x_Control__Victim","Hum_x_Control__Reject","Hum_x_Control__Victim__Reject",0,0,1,0,0,0,"Victim__J_Cont__C_Cont__Reject","Victim__J_Cont__C_Cont__Reject",0,0,0,0,0,0,0,0,1,0,0,0,0,0,0,0,0,0,0,0,0,0,0,0,0,0,0,"J_Cont__C_Cont",,,0,0,0,0,0,0,0,1
99,2,2,"victim",0,19,3,2,1,1,0,1,TRUE,2.92857142857143,3.28571428571429,2.375,3.42857142857143,2.66666666666667,1,3,3,3,3,1,"Cont","Cont","control","control",0,1,0,,1,0,"Cont","Cont",,0,1,0,1,0,1,0,1,0,"Victim__J_Cont__C_Cont",1,-3,3,"Hum_x_Control","Hum_x_Control__Victim","Hum_x_Control__Accept","Hum_x_Control__Victim__Accept",0,0,1,0,0,0,"Victim__J_Cont__C_Cont__Accept","Victim__J_Cont__C_Cont__Accept",0,0,0,0,0,0,0,0,1,0,0,0,0,0,0,0,0,0,0,0,0,0,0,0,0,0,0,"J_Cont__C_Cont",,,0,0,0,0,0,0,0,1
99,3,1,"victim",0,19,3,2,1,1,0,1,TRUE,2.92857142857143,3.28571428571429,2.375,3.42857142857143,2.66666666666667,1,3,3,3,3,1,"Cont","Cont","control","control",0,1,0,,0,1,"Cont","Cont",,0,1,0,1,0,1,0,1,0,"Victim__J_Cont__C_Cont",1,9,-9,"Hum_x_Control","Hum_x_Control__Victim","Hum_x_Control__Reject","Hum_x_Control__Victim__Reject",0,0,1,0,0,0,"Victim__J_Cont__C_Cont__Reject","Victim__J_Cont__C_Cont__Reject",0,0,0,0,0,0,0,0,1,0,0,0,0,0,0,0,0,0,0,0,0,0,0,0,0,0,0,"J_Cont__C_Cont",,,0,0,0,0,0,0,0,1
99,3,2,"victim",0,19,3,2,1,1,0,1,TRUE,2.92857142857143,3.28571428571429,2.375,3.42857142857143,2.66666666666667,1,3,3,3,3,1,"Cont","Cont","control","control",0,1,0,,1,0,"Cont","Cont",,0,1,0,1,0,1,0,1,0,"Victim__J_Cont__C_Cont",1,-3,3,"Hum_x_Control","Hum_x_Control__Victim","Hum_x_Control__Accept","Hum_x_Control__Victim__Accept",0,0,1,0,0,0,"Victim__J_Cont__C_Cont__Accept","Victim__J_Cont__C_Cont__Accept",0,0,0,0,0,0,0,0,1,0,0,0,0,0,0,0,0,0,0,0,0,0,0,0,0,0,0,"J_Cont__C_Cont",,,0,0,0,0,0,0,0,1
99,4,1,"victim",0,19,3,2,1,1,0,1,TRUE,2.92857142857143,3.28571428571429,2.375,3.42857142857143,2.66666666666667,1,2,3,2,3,1,"Out","Cont","outgroup","control",1,0,0,0,0,1,"Out","Cont",,1,0,0,1,1,0,0,1,0,"Victim__J_Out__C_Cont",1,9,-9,"Hum_x_Ing","Hum_x_Ing__Victim","Hum_x_Ing__Reject","Hum_x_Ing__Victim__Reject",0,1,0,0,0,0,"Victim__J_Out__C_Cont__Reject","Victim__J_Out__C_Cont__Reject",0,0,0,0,0,0,0,1,0,0,0,0,0,0,0,0,0,0,0,0,0,0,0,0,0,0,0,"J_Out__C_Cont",,,0,0,0,0,0,0,1,0
99,4,2,"victim",0,19,3,2,1,1,0,1,TRUE,2.92857142857143,3.28571428571429,2.375,3.42857142857143,2.66666666666667,1,2,3,3,2,1,"Out","Cont","control","outgroup",0,1,0,,1,0,"Cont","Out",,1,0,0,1,0,1,1,0,0,"Victim__J_Cont__C_Out",1,-3,3,"Hum_x_Control","Hum_x_Control__Victim","Hum_x_Control__Accept","Hum_x_Control__Victim__Accept",0,0,1,0,0,0,"Victim__J_Cont__C_Out__Accept","Victim__J_Cont__C_Out__Accept",0,0,0,0,0,1,0,0,0,0,0,0,0,0,0,0,0,0,0,0,0,0,0,0,0,0,0,"J_Cont__C_Out",,,0,0,0,0,1,0,0,0
99,5,1,"victim",0,19,3,2,1,1,0,1,TRUE,2.92857142857143,3.28571428571429,2.375,3.42857142857143,2.66666666666667,1,1,2,1,2,1,"In","Out","ingroup","outgroup",0,0,0,1,0,0,"In","Out",,0,0,1,0,0,0,1,0,0,"Victim__J_In__C_Out",0,9,-9,"Hum_x_Hum","Hum_x_Hum__Victim","Hum_x_Hum__Reject","Hum_x_Hum__Victim__Reject",1,0,0,0,0,0,"Victim__J_In__C_Out__Reject","Victim__J_In__C_Out__Reject",0,0,0,1,0,0,0,0,0,0,0,0,0,0,0,0,0,0,0,0,0,0,0,0,0,0,0,"J_In__C_Out",,,0,0,1,0,0,0,0,0
99,5,2,"victim",0,19,3,2,1,1,0,1,TRUE,2.92857142857143,3.28571428571429,2.375,3.42857142857143,2.66666666666667,1,1,2,2,1,1,"In","Out","outgroup","ingroup",1,0,0,0,0,0,"Out","In",,0,0,1,0,1,0,0,0,0,"Victim__J_Out__C_In",0,9,-9,"Hum_x_Ing","Hum_x_Ing__Victim","Hum_x_Ing__Reject","Hum_x_Ing__Victim__Reject",0,1,0,0,0,0,"Victim__J_Out__C_In__Reject","Victim__J_Out__C_In__Reject",0,1,0,0,0,0,0,0,0,0,0,0,0,0,0,0,0,0,0,0,0,0,0,0,0,0,0,"J_Out__C_In",,,1,0,0,0,0,0,0,0
100,1,1,"victim",0,19,1,2,1,1,0,1,TRUE,1.85714285714286,1.71428571428571,2.375,2,1.16666666666667,1,1,2,1,2,1,"In","Out","ingroup","outgroup",0,0,0,1,1,1,"In","Out",,0,0,1,0,0,0,1,0,0,"Victim__J_In__C_Out",0,-1,1,"Hum_x_Hum","Hum_x_Hum__Victim","Hum_x_Hum__Accept","Hum_x_Hum__Victim__Accept",1,0,0,0,0,0,"Victim__J_In__C_Out__Accept","Victim__J_In__C_Out__Accept",0,0,0,1,0,0,0,0,0,0,0,0,0,0,0,0,0,0,0,0,0,0,0,0,0,0,0,"J_In__C_Out",,,0,0,1,0,0,0,0,0
100,1,2,"victim",0,19,1,2,1,1,0,1,TRUE,1.85714285714286,1.71428571428571,2.375,2,1.16666666666667,1,1,2,2,1,1,"In","Out","outgroup","ingroup",1,0,0,0,1,1,"Out","In",,0,0,1,0,1,0,0,0,0,"Victim__J_Out__C_In",0,-1,1,"Hum_x_Ing","Hum_x_Ing__Victim","Hum_x_Ing__Accept","Hum_x_Ing__Victim__Accept",0,1,0,0,0,0,"Victim__J_Out__C_In__Accept","Victim__J_Out__C_In__Accept",0,1,0,0,0,0,0,0,0,0,0,0,0,0,0,0,0,0,0,0,0,0,0,0,0,0,0,"J_Out__C_In",,,1,0,0,0,0,0,0,0
100,2,1,"victim",0,19,1,2,1,1,0,1,TRUE,1.85714285714286,1.71428571428571,2.375,2,1.16666666666667,1,1,2,1,2,1,"In","Out","ingroup","outgroup",0,0,0,1,1,0,"In","Out",,0,0,1,0,0,0,1,0,0,"Victim__J_In__C_Out",0,-1,1,"Hum_x_Hum","Hum_x_Hum__Victim","Hum_x_Hum__Accept","Hum_x_Hum__Victim__Accept",1,0,0,0,0,0,"Victim__J_In__C_Out__Accept","Victim__J_In__C_Out__Accept",0,0,0,1,0,0,0,0,0,0,0,0,0,0,0,0,0,0,0,0,0,0,0,0,0,0,0,"J_In__C_Out",,,0,0,1,0,0,0,0,0
100,2,2,"victim",0,19,1,2,1,1,0,1,TRUE,1.85714285714286,1.71428571428571,2.375,2,1.16666666666667,1,1,2,2,1,1,"In","Out","outgroup","ingroup",1,0,0,0,0,1,"Out","In",,0,0,1,0,1,0,0,0,0,"Victim__J_Out__C_In",0,1,-1,"Hum_x_Ing","Hum_x_Ing__Victim","Hum_x_Ing__Reject","Hum_x_Ing__Victim__Reject",0,1,0,0,0,0,"Victim__J_Out__C_In__Reject","Victim__J_Out__C_In__Reject",0,1,0,0,0,0,0,0,0,0,0,0,0,0,0,0,0,0,0,0,0,0,0,0,0,0,0,"J_Out__C_In",,,1,0,0,0,0,0,0,0
100,3,1,"victim",0,19,1,2,1,1,0,1,TRUE,1.85714285714286,1.71428571428571,2.375,2,1.16666666666667,1,3,2,3,2,1,"Cont","Out","control","outgroup",0,1,0,,1,1,"Cont","Out",,0,1,1,0,0,1,1,0,0,"Victim__J_Cont__C_Out",1,-1,1,"Hum_x_Control","Hum_x_Control__Victim","Hum_x_Control__Accept","Hum_x_Control__Victim__Accept",0,0,1,0,0,0,"Victim__J_Cont__C_Out__Accept","Victim__J_Cont__C_Out__Accept",0,0,0,0,0,1,0,0,0,0,0,0,0,0,0,0,0,0,0,0,0,0,0,0,0,0,0,"J_Cont__C_Out",,,0,0,0,0,1,0,0,0
100,3,2,"victim",0,19,1,2,1,1,0,1,TRUE,1.85714285714286,1.71428571428571,2.375,2,1.16666666666667,1,3,2,2,3,1,"Cont","Out","outgroup","control",1,0,0,0,1,1,"Out","Cont",,0,1,1,0,1,0,0,1,0,"Victim__J_Out__C_Cont",1,-1,1,"Hum_x_Ing","Hum_x_Ing__Victim","Hum_x_Ing__Accept","Hum_x_Ing__Victim__Accept",0,1,0,0,0,0,"Victim__J_Out__C_Cont__Accept","Victim__J_Out__C_Cont__Accept",0,0,0,0,0,0,0,1,0,0,0,0,0,0,0,0,0,0,0,0,0,0,0,0,0,0,0,"J_Out__C_Cont",,,0,0,0,0,0,0,1,0
100,4,1,"victim",0,19,1,2,1,1,0,1,TRUE,1.85714285714286,1.71428571428571,2.375,2,1.16666666666667,1,3,3,3,3,1,"Cont","Cont","control","control",0,1,0,,1,1,"Cont","Cont",,0,1,0,1,0,1,0,1,0,"Victim__J_Cont__C_Cont",1,-1,1,"Hum_x_Control","Hum_x_Control__Victim","Hum_x_Control__Accept","Hum_x_Control__Victim__Accept",0,0,1,0,0,0,"Victim__J_Cont__C_Cont__Accept","Victim__J_Cont__C_Cont__Accept",0,0,0,0,0,0,0,0,1,0,0,0,0,0,0,0,0,0,0,0,0,0,0,0,0,0,0,"J_Cont__C_Cont",,,0,0,0,0,0,0,0,1
100,4,2,"victim",0,19,1,2,1,1,0,1,TRUE,1.85714285714286,1.71428571428571,2.375,2,1.16666666666667,1,3,3,3,3,1,"Cont","Cont","control","control",0,1,0,,1,1,"Cont","Cont",,0,1,0,1,0,1,0,1,0,"Victim__J_Cont__C_Cont",1,-1,1,"Hum_x_Control","Hum_x_Control__Victim","Hum_x_Control__Accept","Hum_x_Control__Victim__Accept",0,0,1,0,0,0,"Victim__J_Cont__C_Cont__Accept","Victim__J_Cont__C_Cont__Accept",0,0,0,0,0,0,0,0,1,0,0,0,0,0,0,0,0,0,0,0,0,0,0,0,0,0,0,"J_Cont__C_Cont",,,0,0,0,0,0,0,0,1
100,5,1,"victim",0,19,1,2,1,1,0,1,TRUE,1.85714285714286,1.71428571428571,2.375,2,1.16666666666667,1,2,1,2,1,1,"Out","In","outgroup","ingroup",1,0,0,0,1,1,"Out","In",,1,0,0,0,1,0,0,0,0,"Victim__J_Out__C_In",0,-1,1,"Hum_x_Ing","Hum_x_Ing__Victim","Hum_x_Ing__Accept","Hum_x_Ing__Victim__Accept",0,1,0,0,0,0,"Victim__J_Out__C_In__Accept","Victim__J_Out__C_In__Accept",0,1,0,0,0,0,0,0,0,0,0,0,0,0,0,0,0,0,0,0,0,0,0,0,0,0,0,"J_Out__C_In",,,1,0,0,0,0,0,0,0
100,5,2,"victim",0,19,1,2,1,1,0,1,TRUE,1.85714285714286,1.71428571428571,2.375,2,1.16666666666667,1,2,1,1,2,1,"Out","In","ingroup","outgroup",0,0,0,1,1,1,"In","Out",,1,0,0,0,0,0,1,0,0,"Victim__J_In__C_Out",0,-1,1,"Hum_x_Hum","Hum_x_Hum__Victim","Hum_x_Hum__Accept","Hum_x_Hum__Victim__Accept",1,0,0,0,0,0,"Victim__J_In__C_Out__Accept","Victim__J_In__C_Out__Accept",0,0,0,1,0,0,0,0,0,0,0,0,0,0,0,0,0,0,0,0,0,0,0,0,0,0,0,"J_In__C_Out",,,0,0,1,0,0,0,0,0
101,1,1,"victim",0,18,1,2,1,2,1,1,TRUE,1.82142857142857,1.71428571428571,2.375,1.71428571428571,1.33333333333333,2,1,2,1,2,2,"Out","In","outgroup","ingroup",1,0,0,0,0,0,"Out","In",,1,0,0,0,1,0,0,0,0,"Victim__J_Out__C_In",0,9,-9,"Ing_x_Hum","Ing_x_Hum__Victim","Ing_x_Hum__Reject","Ing_x_Hum__Victim__Reject",0,0,0,1,0,0,"Victim__J_Out__C_In__Reject","Victim__J_Out__C_In__Reject",0,1,0,0,0,0,0,0,0,0,0,0,0,0,0,0,0,0,0,0,0,0,0,0,0,0,0,"J_Out__C_In",,,1,0,0,0,0,0,0,0
101,1,2,"victim",0,18,1,2,1,2,1,1,TRUE,1.82142857142857,1.71428571428571,2.375,1.71428571428571,1.33333333333333,2,1,2,2,1,2,"Out","In","ingroup","outgroup",0,0,0,1,0,0,"In","Out",,1,0,0,0,0,0,1,0,0,"Victim__J_In__C_Out",0,9,-9,"Ing_x_Ing","Ing_x_Ing__Victim","Ing_x_Ing__Reject","Ing_x_Ing__Victim__Reject",0,0,0,0,1,0,"Victim__J_In__C_Out__Reject","Victim__J_In__C_Out__Reject",0,0,0,1,0,0,0,0,0,0,0,0,0,0,0,0,0,0,0,0,0,0,0,0,0,0,0,"J_In__C_Out",,,0,0,1,0,0,0,0,0
101,2,1,"victim",0,18,1,2,1,2,1,1,TRUE,1.82142857142857,1.71428571428571,2.375,1.71428571428571,1.33333333333333,2,1,2,1,2,2,"Out","In","outgroup","ingroup",1,0,0,0,0,1,"Out","In",,1,0,0,0,1,0,0,0,0,"Victim__J_Out__C_In",0,9,-9,"Ing_x_Hum","Ing_x_Hum__Victim","Ing_x_Hum__Reject","Ing_x_Hum__Victim__Reject",0,0,0,1,0,0,"Victim__J_Out__C_In__Reject","Victim__J_Out__C_In__Reject",0,1,0,0,0,0,0,0,0,0,0,0,0,0,0,0,0,0,0,0,0,0,0,0,0,0,0,"J_Out__C_In",,,1,0,0,0,0,0,0,0
101,2,2,"victim",0,18,1,2,1,2,1,1,TRUE,1.82142857142857,1.71428571428571,2.375,1.71428571428571,1.33333333333333,2,1,2,2,1,2,"Out","In","ingroup","outgroup",0,0,0,1,1,0,"In","Out",,1,0,0,0,0,0,1,0,0,"Victim__J_In__C_Out",0,-3,3,"Ing_x_Ing","Ing_x_Ing__Victim","Ing_x_Ing__Accept","Ing_x_Ing__Victim__Accept",0,0,0,0,1,0,"Victim__J_In__C_Out__Accept","Victim__J_In__C_Out__Accept",0,0,0,1,0,0,0,0,0,0,0,0,0,0,0,0,0,0,0,0,0,0,0,0,0,0,0,"J_In__C_Out",,,0,0,1,0,0,0,0,0
101,3,1,"victim",0,18,1,2,1,2,1,1,TRUE,1.82142857142857,1.71428571428571,2.375,1.71428571428571,1.33333333333333,2,1,3,1,3,2,"Out","Cont","outgroup","control",1,0,0,0,1,1,"Out","Cont",,1,0,0,1,1,0,0,1,0,"Victim__J_Out__C_Cont",1,-9,9,"Ing_x_Hum","Ing_x_Hum__Victim","Ing_x_Hum__Accept","Ing_x_Hum__Victim__Accept",0,0,0,1,0,0,"Victim__J_Out__C_Cont__Accept","Victim__J_Out__C_Cont__Accept",0,0,0,0,0,0,0,1,0,0,0,0,0,0,0,0,0,0,0,0,0,0,0,0,0,0,0,"J_Out__C_Cont",,,0,0,0,0,0,0,1,0
101,3,2,"victim",0,18,1,2,1,2,1,1,TRUE,1.82142857142857,1.71428571428571,2.375,1.71428571428571,1.33333333333333,2,1,3,3,1,2,"Out","Cont","control","outgroup",0,1,0,,1,1,"Cont","Out",,1,0,0,1,0,1,1,0,0,"Victim__J_Cont__C_Out",1,-9,9,"Ing_x_Control","Ing_x_Control__Victim","Ing_x_Control__Accept","Ing_x_Control__Victim__Accept",0,0,0,0,0,1,"Victim__J_Cont__C_Out__Accept","Victim__J_Cont__C_Out__Accept",0,0,0,0,0,1,0,0,0,0,0,0,0,0,0,0,0,0,0,0,0,0,0,0,0,0,0,"J_Cont__C_Out",,,0,0,0,0,1,0,0,0
101,4,1,"victim",0,18,1,2,1,2,1,1,TRUE,1.82142857142857,1.71428571428571,2.375,1.71428571428571,1.33333333333333,2,3,1,3,1,2,"Cont","Out","control","outgroup",0,1,0,,1,1,"Cont","Out",,0,1,1,0,0,1,1,0,0,"Victim__J_Cont__C_Out",1,-9,9,"Ing_x_Control","Ing_x_Control__Victim","Ing_x_Control__Accept","Ing_x_Control__Victim__Accept",0,0,0,0,0,1,"Victim__J_Cont__C_Out__Accept","Victim__J_Cont__C_Out__Accept",0,0,0,0,0,1,0,0,0,0,0,0,0,0,0,0,0,0,0,0,0,0,0,0,0,0,0,"J_Cont__C_Out",,,0,0,0,0,1,0,0,0
101,4,2,"victim",0,18,1,2,1,2,1,1,TRUE,1.82142857142857,1.71428571428571,2.375,1.71428571428571,1.33333333333333,2,3,1,1,3,2,"Cont","Out","outgroup","control",1,0,0,0,1,1,"Out","Cont",,0,1,1,0,1,0,0,1,0,"Victim__J_Out__C_Cont",1,-9,9,"Ing_x_Hum","Ing_x_Hum__Victim","Ing_x_Hum__Accept","Ing_x_Hum__Victim__Accept",0,0,0,1,0,0,"Victim__J_Out__C_Cont__Accept","Victim__J_Out__C_Cont__Accept",0,0,0,0,0,0,0,1,0,0,0,0,0,0,0,0,0,0,0,0,0,0,0,0,0,0,0,"J_Out__C_Cont",,,0,0,0,0,0,0,1,0
101,5,1,"victim",0,18,1,2,1,2,1,1,TRUE,1.82142857142857,1.71428571428571,2.375,1.71428571428571,1.33333333333333,2,2,1,2,1,2,"In","Out","ingroup","outgroup",0,0,0,1,1,0,"In","Out",,0,0,1,0,0,0,1,0,0,"Victim__J_In__C_Out",0,-9,9,"Ing_x_Ing","Ing_x_Ing__Victim","Ing_x_Ing__Accept","Ing_x_Ing__Victim__Accept",0,0,0,0,1,0,"Victim__J_In__C_Out__Accept","Victim__J_In__C_Out__Accept",0,0,0,1,0,0,0,0,0,0,0,0,0,0,0,0,0,0,0,0,0,0,0,0,0,0,0,"J_In__C_Out",,,0,0,1,0,0,0,0,0
101,5,2,"victim",0,18,1,2,1,2,1,1,TRUE,1.82142857142857,1.71428571428571,2.375,1.71428571428571,1.33333333333333,2,2,1,1,2,2,"In","Out","outgroup","ingroup",1,0,0,0,0,1,"Out","In",,0,0,1,0,1,0,0,0,0,"Victim__J_Out__C_In",0,9,-9,"Ing_x_Hum","Ing_x_Hum__Victim","Ing_x_Hum__Reject","Ing_x_Hum__Victim__Reject",0,0,0,1,0,0,"Victim__J_Out__C_In__Reject","Victim__J_Out__C_In__Reject",0,1,0,0,0,0,0,0,0,0,0,0,0,0,0,0,0,0,0,0,0,0,0,0,0,0,0,"J_Out__C_In",,,1,0,0,0,0,0,0,0
102,6,1,"victim",0,18,3,2,1,2,1,2,TRUE,1.92857142857143,1.14285714285714,2.375,1.57142857142857,2.66666666666667,2,3,1,3,1,2,"Cont","Out","control","outgroup",0,1,0,,1,1,"Cont","Out",,0,1,1,0,0,1,1,0,0,"Victim__J_Cont__C_Out",1,-7,7,"Ing_x_Control","Ing_x_Control__Victim","Ing_x_Control__Accept","Ing_x_Control__Victim__Accept",0,0,0,0,0,1,"Victim__J_Cont__C_Out__Accept","Victim__J_Cont__C_Out__Accept",0,0,0,0,0,1,0,0,0,0,0,0,0,0,0,0,0,0,0,0,0,0,0,0,0,0,0,"J_Cont__C_Out",,,0,0,0,0,1,0,0,0
102,6,2,"victim",0,18,3,2,1,2,1,2,TRUE,1.92857142857143,1.14285714285714,2.375,1.57142857142857,2.66666666666667,2,3,1,1,3,2,"Cont","Out","outgroup","control",1,0,0,0,1,1,"Out","Cont",,0,1,1,0,1,0,0,1,0,"Victim__J_Out__C_Cont",1,-7,7,"Ing_x_Hum","Ing_x_Hum__Victim","Ing_x_Hum__Accept","Ing_x_Hum__Victim__Accept",0,0,0,1,0,0,"Victim__J_Out__C_Cont__Accept","Victim__J_Out__C_Cont__Accept",0,0,0,0,0,0,0,1,0,0,0,0,0,0,0,0,0,0,0,0,0,0,0,0,0,0,0,"J_Out__C_Cont",,,0,0,0,0,0,0,1,0
102,7,1,"victim",0,18,3,2,1,2,1,2,TRUE,1.92857142857143,1.14285714285714,2.375,1.57142857142857,2.66666666666667,2,2,1,2,1,2,"In","Out","ingroup","outgroup",0,0,0,1,1,0,"In","Out",,0,0,1,0,0,0,1,0,0,"Victim__J_In__C_Out",0,-8,8,"Ing_x_Ing","Ing_x_Ing__Victim","Ing_x_Ing__Accept","Ing_x_Ing__Victim__Accept",0,0,0,0,1,0,"Victim__J_In__C_Out__Accept","Victim__J_In__C_Out__Accept",0,0,0,1,0,0,0,0,0,0,0,0,0,0,0,0,0,0,0,0,0,0,0,0,0,0,0,"J_In__C_Out",,,0,0,1,0,0,0,0,0
102,7,2,"victim",0,18,3,2,1,2,1,2,TRUE,1.92857142857143,1.14285714285714,2.375,1.57142857142857,2.66666666666667,2,2,1,1,2,2,"In","Out","outgroup","ingroup",1,0,0,0,0,1,"Out","In",,0,0,1,0,1,0,0,0,0,"Victim__J_Out__C_In",0,5,-5,"Ing_x_Hum","Ing_x_Hum__Victim","Ing_x_Hum__Reject","Ing_x_Hum__Victim__Reject",0,0,0,1,0,0,"Victim__J_Out__C_In__Reject","Victim__J_Out__C_In__Reject",0,1,0,0,0,0,0,0,0,0,0,0,0,0,0,0,0,0,0,0,0,0,0,0,0,0,0,"J_Out__C_In",,,1,0,0,0,0,0,0,0
102,8,1,"victim",0,18,3,2,1,2,1,2,TRUE,1.92857142857143,1.14285714285714,2.375,1.57142857142857,2.66666666666667,2,2,3,2,3,2,"In","Cont","ingroup","control",0,0,0,1,0,1,"In","Cont",,0,0,0,1,0,0,0,1,0,"Victim__J_In__C_Cont",1,3,-3,"Ing_x_Ing","Ing_x_Ing__Victim","Ing_x_Ing__Reject","Ing_x_Ing__Victim__Reject",0,0,0,0,1,0,"Victim__J_In__C_Cont__Reject","Victim__J_In__C_Cont__Reject",0,0,0,0,0,0,1,0,0,0,0,0,0,0,0,0,0,0,0,0,0,0,0,0,0,0,0,"J_In__C_Cont",,,0,0,0,0,0,1,0,0
102,8,2,"victim",0,18,3,2,1,2,1,2,TRUE,1.92857142857143,1.14285714285714,2.375,1.57142857142857,2.66666666666667,2,2,3,3,2,2,"In","Cont","control","ingroup",0,1,0,,1,0,"Cont","In",,0,0,0,1,0,1,0,0,0,"Victim__J_Cont__C_In",1,-5,5,"Ing_x_Control","Ing_x_Control__Victim","Ing_x_Control__Accept","Ing_x_Control__Victim__Accept",0,0,0,0,0,1,"Victim__J_Cont__C_In__Accept","Victim__J_Cont__C_In__Accept",0,0,1,0,0,0,0,0,0,0,0,0,0,0,0,0,0,0,0,0,0,0,0,0,0,0,0,"J_Cont__C_In",,,0,1,0,0,0,0,0,0
102,9,1,"victim",0,18,3,2,1,2,1,2,TRUE,1.92857142857143,1.14285714285714,2.375,1.57142857142857,2.66666666666667,2,1,1,1,1,2,"Out","Out","outgroup","outgroup",1,0,0,0,0,1,"Out","Out",,1,0,1,0,1,0,1,0,0,"Victim__J_Out__C_Out",0,2,-2,"Ing_x_Hum","Ing_x_Hum__Victim","Ing_x_Hum__Reject","Ing_x_Hum__Victim__Reject",0,0,0,1,0,0,"Victim__J_Out__C_Out__Reject","Victim__J_Out__C_Out__Reject",0,0,0,0,1,0,0,0,0,0,0,0,0,0,0,0,0,0,0,0,0,0,0,0,0,0,0,"J_Out__C_Out",,,0,0,0,1,0,0,0,0
102,9,2,"victim",0,18,3,2,1,2,1,2,TRUE,1.92857142857143,1.14285714285714,2.375,1.57142857142857,2.66666666666667,2,1,1,1,1,2,"Out","Out","outgroup","outgroup",1,0,0,0,1,0,"Out","Out",,1,0,1,0,1,0,1,0,0,"Victim__J_Out__C_Out",0,-9,9,"Ing_x_Hum","Ing_x_Hum__Victim","Ing_x_Hum__Accept","Ing_x_Hum__Victim__Accept",0,0,0,1,0,0,"Victim__J_Out__C_Out__Accept","Victim__J_Out__C_Out__Accept",0,0,0,0,1,0,0,0,0,0,0,0,0,0,0,0,0,0,0,0,0,0,0,0,0,0,0,"J_Out__C_Out",,,0,0,0,1,0,0,0,0
102,10,1,"victim",0,18,3,2,1,2,1,2,TRUE,1.92857142857143,1.14285714285714,2.375,1.57142857142857,2.66666666666667,2,1,2,1,2,2,"Out","In","outgroup","ingroup",1,0,0,0,1,0,"Out","In",,1,0,0,0,1,0,0,0,0,"Victim__J_Out__C_In",0,-8,8,"Ing_x_Hum","Ing_x_Hum__Victim","Ing_x_Hum__Accept","Ing_x_Hum__Victim__Accept",0,0,0,1,0,0,"Victim__J_Out__C_In__Accept","Victim__J_Out__C_In__Accept",0,1,0,0,0,0,0,0,0,0,0,0,0,0,0,0,0,0,0,0,0,0,0,0,0,0,0,"J_Out__C_In",,,1,0,0,0,0,0,0,0
102,10,2,"victim",0,18,3,2,1,2,1,2,TRUE,1.92857142857143,1.14285714285714,2.375,1.57142857142857,2.66666666666667,2,1,2,2,1,2,"Out","In","ingroup","outgroup",0,0,0,1,0,1,"In","Out",,1,0,0,0,0,0,1,0,0,"Victim__J_In__C_Out",0,3,-3,"Ing_x_Ing","Ing_x_Ing__Victim","Ing_x_Ing__Reject","Ing_x_Ing__Victim__Reject",0,0,0,0,1,0,"Victim__J_In__C_Out__Reject","Victim__J_In__C_Out__Reject",0,0,0,1,0,0,0,0,0,0,0,0,0,0,0,0,0,0,0,0,0,0,0,0,0,0,0,"J_In__C_Out",,,0,0,1,0,0,0,0,0
103,6,1,"victim",0,27,1,1,0,1,0,2,TRUE,2.92857142857143,2.85714285714286,2.875,2.85714285714286,3.16666666666667,1,3,3,3,3,1,"Cont","Cont","control","control",0,1,0,,0,0,"Cont","Cont",,0,1,0,1,0,1,0,1,0,"Victim__J_Cont__C_Cont",1,9,-9,"Hum_x_Control","Hum_x_Control__Victim","Hum_x_Control__Reject","Hum_x_Control__Victim__Reject",0,0,1,0,0,0,"Victim__J_Cont__C_Cont__Reject","Victim__J_Cont__C_Cont__Reject",0,0,0,0,0,0,0,0,1,0,0,0,0,0,0,0,0,0,0,0,0,0,0,0,0,0,0,"J_Cont__C_Cont",,,0,0,0,0,0,0,0,1
103,6,2,"victim",0,27,1,1,0,1,0,2,TRUE,2.92857142857143,2.85714285714286,2.875,2.85714285714286,3.16666666666667,1,3,3,3,3,1,"Cont","Cont","control","control",0,1,0,,0,0,"Cont","Cont",,0,1,0,1,0,1,0,1,0,"Victim__J_Cont__C_Cont",1,9,-9,"Hum_x_Control","Hum_x_Control__Victim","Hum_x_Control__Reject","Hum_x_Control__Victim__Reject",0,0,1,0,0,0,"Victim__J_Cont__C_Cont__Reject","Victim__J_Cont__C_Cont__Reject",0,0,0,0,0,0,0,0,1,0,0,0,0,0,0,0,0,0,0,0,0,0,0,0,0,0,0,"J_Cont__C_Cont",,,0,0,0,0,0,0,0,1
103,7,1,"victim",0,27,1,1,0,1,0,2,TRUE,2.92857142857143,2.85714285714286,2.875,2.85714285714286,3.16666666666667,1,1,3,1,3,1,"In","Cont","ingroup","control",0,0,0,1,0,0,"In","Cont",,0,0,0,1,0,0,0,1,0,"Victim__J_In__C_Cont",1,9,-9,"Hum_x_Hum","Hum_x_Hum__Victim","Hum_x_Hum__Reject","Hum_x_Hum__Victim__Reject",1,0,0,0,0,0,"Victim__J_In__C_Cont__Reject","Victim__J_In__C_Cont__Reject",0,0,0,0,0,0,1,0,0,0,0,0,0,0,0,0,0,0,0,0,0,0,0,0,0,0,0,"J_In__C_Cont",,,0,0,0,0,0,1,0,0
103,7,2,"victim",0,27,1,1,0,1,0,2,TRUE,2.92857142857143,2.85714285714286,2.875,2.85714285714286,3.16666666666667,1,1,3,3,1,1,"In","Cont","control","ingroup",0,1,0,,0,0,"Cont","In",,0,0,0,1,0,1,0,0,0,"Victim__J_Cont__C_In",1,9,-9,"Hum_x_Control","Hum_x_Control__Victim","Hum_x_Control__Reject","Hum_x_Control__Victim__Reject",0,0,1,0,0,0,"Victim__J_Cont__C_In__Reject","Victim__J_Cont__C_In__Reject",0,0,1,0,0,0,0,0,0,0,0,0,0,0,0,0,0,0,0,0,0,0,0,0,0,0,0,"J_Cont__C_In",,,0,1,0,0,0,0,0,0
103,8,1,"victim",0,27,1,1,0,1,0,2,TRUE,2.92857142857143,2.85714285714286,2.875,2.85714285714286,3.16666666666667,1,2,1,2,1,1,"Out","In","outgroup","ingroup",1,0,0,0,1,1,"Out","In",,1,0,0,0,1,0,0,0,0,"Victim__J_Out__C_In",0,3,-3,"Hum_x_Ing","Hum_x_Ing__Victim","Hum_x_Ing__Accept","Hum_x_Ing__Victim__Accept",0,1,0,0,0,0,"Victim__J_Out__C_In__Accept","Victim__J_Out__C_In__Accept",0,1,0,0,0,0,0,0,0,0,0,0,0,0,0,0,0,0,0,0,0,0,0,0,0,0,0,"J_Out__C_In",,,1,0,0,0,0,0,0,0
103,8,2,"victim",0,27,1,1,0,1,0,2,TRUE,2.92857142857143,2.85714285714286,2.875,2.85714285714286,3.16666666666667,1,2,1,1,2,1,"Out","In","ingroup","outgroup",0,0,0,1,1,1,"In","Out",,1,0,0,0,0,0,1,0,0,"Victim__J_In__C_Out",0,3,-3,"Hum_x_Hum","Hum_x_Hum__Victim","Hum_x_Hum__Accept","Hum_x_Hum__Victim__Accept",1,0,0,0,0,0,"Victim__J_In__C_Out__Accept","Victim__J_In__C_Out__Accept",0,0,0,1,0,0,0,0,0,0,0,0,0,0,0,0,0,0,0,0,0,0,0,0,0,0,0,"J_In__C_Out",,,0,0,1,0,0,0,0,0
103,9,1,"victim",0,27,1,1,0,1,0,2,TRUE,2.92857142857143,2.85714285714286,2.875,2.85714285714286,3.16666666666667,1,2,1,2,1,1,"Out","In","outgroup","ingroup",1,0,0,0,1,1,"Out","In",,1,0,0,0,1,0,0,0,0,"Victim__J_Out__C_In",0,3,-3,"Hum_x_Ing","Hum_x_Ing__Victim","Hum_x_Ing__Accept","Hum_x_Ing__Victim__Accept",0,1,0,0,0,0,"Victim__J_Out__C_In__Accept","Victim__J_Out__C_In__Accept",0,1,0,0,0,0,0,0,0,0,0,0,0,0,0,0,0,0,0,0,0,0,0,0,0,0,0,"J_Out__C_In",,,1,0,0,0,0,0,0,0
103,9,2,"victim",0,27,1,1,0,1,0,2,TRUE,2.92857142857143,2.85714285714286,2.875,2.85714285714286,3.16666666666667,1,2,1,1,2,1,"Out","In","ingroup","outgroup",0,0,0,1,1,1,"In","Out",,1,0,0,0,0,0,1,0,0,"Victim__J_In__C_Out",0,3,-3,"Hum_x_Hum","Hum_x_Hum__Victim","Hum_x_Hum__Accept","Hum_x_Hum__Victim__Accept",1,0,0,0,0,0,"Victim__J_In__C_Out__Accept","Victim__J_In__C_Out__Accept",0,0,0,1,0,0,0,0,0,0,0,0,0,0,0,0,0,0,0,0,0,0,0,0,0,0,0,"J_In__C_Out",,,0,0,1,0,0,0,0,0
103,10,1,"victim",0,27,1,1,0,1,0,2,TRUE,2.92857142857143,2.85714285714286,2.875,2.85714285714286,3.16666666666667,1,1,1,1,1,1,"In","In","ingroup","ingroup",0,0,0,1,1,1,"In","In",,0,0,0,0,0,0,0,0,0,"Victim__J_In__C_In",0,3,-3,"Hum_x_Hum","Hum_x_Hum__Victim","Hum_x_Hum__Accept","Hum_x_Hum__Victim__Accept",1,0,0,0,0,0,"Victim__J_In__C_In__Accept","Victim__J_In__C_In__Accept",1,0,0,0,0,0,0,0,0,0,0,0,0,0,0,0,0,0,0,0,0,0,0,0,0,0,0,"J_In__C_In",,,0,0,0,0,0,0,0,0
103,10,2,"victim",0,27,1,1,0,1,0,2,TRUE,2.92857142857143,2.85714285714286,2.875,2.85714285714286,3.16666666666667,1,1,1,1,1,1,"In","In","ingroup","ingroup",0,0,0,1,1,1,"In","In",,0,0,0,0,0,0,0,0,0,"Victim__J_In__C_In",0,3,-3,"Hum_x_Hum","Hum_x_Hum__Victim","Hum_x_Hum__Accept","Hum_x_Hum__Victim__Accept",1,0,0,0,0,0,"Victim__J_In__C_In__Accept","Victim__J_In__C_In__Accept",1,0,0,0,0,0,0,0,0,0,0,0,0,0,0,0,0,0,0,0,0,0,0,0,0,0,0,"J_In__C_In",,,0,0,0,0,0,0,0,0
104,1,1,"victim",0,22,4,1,0,2,1,1,TRUE,2.67857142857143,2.42857142857143,2.875,3.28571428571429,2,2,1,3,1,3,2,"Out","Cont","outgroup","control",1,0,0,0,1,0,"Out","Cont",,1,0,0,1,1,0,0,1,0,"Victim__J_Out__C_Cont",1,-3,3,"Ing_x_Hum","Ing_x_Hum__Victim","Ing_x_Hum__Accept","Ing_x_Hum__Victim__Accept",0,0,0,1,0,0,"Victim__J_Out__C_Cont__Accept","Victim__J_Out__C_Cont__Accept",0,0,0,0,0,0,0,1,0,0,0,0,0,0,0,0,0,0,0,0,0,0,0,0,0,0,0,"J_Out__C_Cont",,,0,0,0,0,0,0,1,0
104,1,2,"victim",0,22,4,1,0,2,1,1,TRUE,2.67857142857143,2.42857142857143,2.875,3.28571428571429,2,2,1,3,3,1,2,"Out","Cont","control","outgroup",0,1,0,,0,1,"Cont","Out",,1,0,0,1,0,1,1,0,0,"Victim__J_Cont__C_Out",1,3,-3,"Ing_x_Control","Ing_x_Control__Victim","Ing_x_Control__Reject","Ing_x_Control__Victim__Reject",0,0,0,0,0,1,"Victim__J_Cont__C_Out__Reject","Victim__J_Cont__C_Out__Reject",0,0,0,0,0,1,0,0,0,0,0,0,0,0,0,0,0,0,0,0,0,0,0,0,0,0,0,"J_Cont__C_Out",,,0,0,0,0,1,0,0,0
104,2,1,"victim",0,22,4,1,0,2,1,1,TRUE,2.67857142857143,2.42857142857143,2.875,3.28571428571429,2,2,3,2,3,2,2,"Cont","In","control","ingroup",0,1,0,,1,1,"Cont","In",,0,1,0,0,0,1,0,0,0,"Victim__J_Cont__C_In",1,2,-2,"Ing_x_Control","Ing_x_Control__Victim","Ing_x_Control__Accept","Ing_x_Control__Victim__Accept",0,0,0,0,0,1,"Victim__J_Cont__C_In__Accept","Victim__J_Cont__C_In__Accept",0,0,1,0,0,0,0,0,0,0,0,0,0,0,0,0,0,0,0,0,0,0,0,0,0,0,0,"J_Cont__C_In",,,0,1,0,0,0,0,0,0
104,2,2,"victim",0,22,4,1,0,2,1,1,TRUE,2.67857142857143,2.42857142857143,2.875,3.28571428571429,2,2,3,2,2,3,2,"Cont","In","ingroup","control",0,0,0,1,1,1,"In","Cont",,0,1,0,0,0,0,0,1,0,"Victim__J_In__C_Cont",1,2,-2,"Ing_x_Ing","Ing_x_Ing__Victim","Ing_x_Ing__Accept","Ing_x_Ing__Victim__Accept",0,0,0,0,1,0,"Victim__J_In__C_Cont__Accept","Victim__J_In__C_Cont__Accept",0,0,0,0,0,0,1,0,0,0,0,0,0,0,0,0,0,0,0,0,0,0,0,0,0,0,0,"J_In__C_Cont",,,0,0,0,0,0,1,0,0
104,3,1,"victim",0,22,4,1,0,2,1,1,TRUE,2.67857142857143,2.42857142857143,2.875,3.28571428571429,2,2,2,3,2,3,2,"In","Cont","ingroup","control",0,0,0,1,1,1,"In","Cont",,0,0,0,1,0,0,0,1,0,"Victim__J_In__C_Cont",1,-3,3,"Ing_x_Ing","Ing_x_Ing__Victim","Ing_x_Ing__Accept","Ing_x_Ing__Victim__Accept",0,0,0,0,1,0,"Victim__J_In__C_Cont__Accept","Victim__J_In__C_Cont__Accept",0,0,0,0,0,0,1,0,0,0,0,0,0,0,0,0,0,0,0,0,0,0,0,0,0,0,0,"J_In__C_Cont",,,0,0,0,0,0,1,0,0
104,3,2,"victim",0,22,4,1,0,2,1,1,TRUE,2.67857142857143,2.42857142857143,2.875,3.28571428571429,2,2,2,3,3,2,2,"In","Cont","control","ingroup",0,1,0,,1,1,"Cont","In",,0,0,0,1,0,1,0,0,0,"Victim__J_Cont__C_In",1,-3,3,"Ing_x_Control","Ing_x_Control__Victim","Ing_x_Control__Accept","Ing_x_Control__Victim__Accept",0,0,0,0,0,1,"Victim__J_Cont__C_In__Accept","Victim__J_Cont__C_In__Accept",0,0,1,0,0,0,0,0,0,0,0,0,0,0,0,0,0,0,0,0,0,0,0,0,0,0,0,"J_Cont__C_In",,,0,1,0,0,0,0,0,0
104,4,1,"victim",0,22,4,1,0,2,1,1,TRUE,2.67857142857143,2.42857142857143,2.875,3.28571428571429,2,2,2,1,2,1,2,"In","Out","ingroup","outgroup",0,0,0,1,1,1,"In","Out",,0,0,1,0,0,0,1,0,0,"Victim__J_In__C_Out",0,-4,4,"Ing_x_Ing","Ing_x_Ing__Victim","Ing_x_Ing__Accept","Ing_x_Ing__Victim__Accept",0,0,0,0,1,0,"Victim__J_In__C_Out__Accept","Victim__J_In__C_Out__Accept",0,0,0,1,0,0,0,0,0,0,0,0,0,0,0,0,0,0,0,0,0,0,0,0,0,0,0,"J_In__C_Out",,,0,0,1,0,0,0,0,0
104,4,2,"victim",0,22,4,1,0,2,1,1,TRUE,2.67857142857143,2.42857142857143,2.875,3.28571428571429,2,2,2,1,1,2,2,"In","Out","outgroup","ingroup",1,0,0,0,1,1,"Out","In",,0,0,1,0,1,0,0,0,0,"Victim__J_Out__C_In",0,-4,4,"Ing_x_Hum","Ing_x_Hum__Victim","Ing_x_Hum__Accept","Ing_x_Hum__Victim__Accept",0,0,0,1,0,0,"Victim__J_Out__C_In__Accept","Victim__J_Out__C_In__Accept",0,1,0,0,0,0,0,0,0,0,0,0,0,0,0,0,0,0,0,0,0,0,0,0,0,0,0,"J_Out__C_In",,,1,0,0,0,0,0,0,0
104,5,1,"victim",0,22,4,1,0,2,1,1,TRUE,2.67857142857143,2.42857142857143,2.875,3.28571428571429,2,2,2,3,2,3,2,"In","Cont","ingroup","control",0,0,0,1,1,1,"In","Cont",,0,0,0,1,0,0,0,1,0,"Victim__J_In__C_Cont",1,-6,6,"Ing_x_Ing","Ing_x_Ing__Victim","Ing_x_Ing__Accept","Ing_x_Ing__Victim__Accept",0,0,0,0,1,0,"Victim__J_In__C_Cont__Accept","Victim__J_In__C_Cont__Accept",0,0,0,0,0,0,1,0,0,0,0,0,0,0,0,0,0,0,0,0,0,0,0,0,0,0,0,"J_In__C_Cont",,,0,0,0,0,0,1,0,0
104,5,2,"victim",0,22,4,1,0,2,1,1,TRUE,2.67857142857143,2.42857142857143,2.875,3.28571428571429,2,2,2,3,3,2,2,"In","Cont","control","ingroup",0,1,0,,1,1,"Cont","In",,0,0,0,1,0,1,0,0,0,"Victim__J_Cont__C_In",1,-6,6,"Ing_x_Control","Ing_x_Control__Victim","Ing_x_Control__Accept","Ing_x_Control__Victim__Accept",0,0,0,0,0,1,"Victim__J_Cont__C_In__Accept","Victim__J_Cont__C_In__Accept",0,0,1,0,0,0,0,0,0,0,0,0,0,0,0,0,0,0,0,0,0,0,0,0,0,0,0,"J_Cont__C_In",,,0,1,0,0,0,0,0,0
105,1,1,"victim",0,21,1,1,0,2,1,1,TRUE,2.60714285714286,2.28571428571429,2.625,2.71428571428571,2.83333333333333,2,2,2,2,2,2,"In","In","ingroup","ingroup",0,0,0,1,0,0,"In","In",,0,0,0,0,0,0,0,0,0,"Victim__J_In__C_In",0,9,-9,"Ing_x_Ing","Ing_x_Ing__Victim","Ing_x_Ing__Reject","Ing_x_Ing__Victim__Reject",0,0,0,0,1,0,"Victim__J_In__C_In__Reject","Victim__J_In__C_In__Reject",1,0,0,0,0,0,0,0,0,0,0,0,0,0,0,0,0,0,0,0,0,0,0,0,0,0,0,"J_In__C_In",,,0,0,0,0,0,0,0,0
105,1,2,"victim",0,21,1,1,0,2,1,1,TRUE,2.60714285714286,2.28571428571429,2.625,2.71428571428571,2.83333333333333,2,2,2,2,2,2,"In","In","ingroup","ingroup",0,0,0,1,0,0,"In","In",,0,0,0,0,0,0,0,0,0,"Victim__J_In__C_In",0,9,-9,"Ing_x_Ing","Ing_x_Ing__Victim","Ing_x_Ing__Reject","Ing_x_Ing__Victim__Reject",0,0,0,0,1,0,"Victim__J_In__C_In__Reject","Victim__J_In__C_In__Reject",1,0,0,0,0,0,0,0,0,0,0,0,0,0,0,0,0,0,0,0,0,0,0,0,0,0,0,"J_In__C_In",,,0,0,0,0,0,0,0,0
105,2,1,"victim",0,21,1,1,0,2,1,1,TRUE,2.60714285714286,2.28571428571429,2.625,2.71428571428571,2.83333333333333,2,3,1,3,1,2,"Cont","Out","control","outgroup",0,1,0,,1,0,"Cont","Out",,0,1,1,0,0,1,1,0,0,"Victim__J_Cont__C_Out",1,-1,1,"Ing_x_Control","Ing_x_Control__Victim","Ing_x_Control__Accept","Ing_x_Control__Victim__Accept",0,0,0,0,0,1,"Victim__J_Cont__C_Out__Accept","Victim__J_Cont__C_Out__Accept",0,0,0,0,0,1,0,0,0,0,0,0,0,0,0,0,0,0,0,0,0,0,0,0,0,0,0,"J_Cont__C_Out",,,0,0,0,0,1,0,0,0
105,2,2,"victim",0,21,1,1,0,2,1,1,TRUE,2.60714285714286,2.28571428571429,2.625,2.71428571428571,2.83333333333333,2,3,1,1,3,2,"Cont","Out","outgroup","control",1,0,0,0,0,1,"Out","Cont",,0,1,1,0,1,0,0,1,0,"Victim__J_Out__C_Cont",1,9,-9,"Ing_x_Hum","Ing_x_Hum__Victim","Ing_x_Hum__Reject","Ing_x_Hum__Victim__Reject",0,0,0,1,0,0,"Victim__J_Out__C_Cont__Reject","Victim__J_Out__C_Cont__Reject",0,0,0,0,0,0,0,1,0,0,0,0,0,0,0,0,0,0,0,0,0,0,0,0,0,0,0,"J_Out__C_Cont",,,0,0,0,0,0,0,1,0
105,3,1,"victim",0,21,1,1,0,2,1,1,TRUE,2.60714285714286,2.28571428571429,2.625,2.71428571428571,2.83333333333333,2,3,1,3,1,2,"Cont","Out","control","outgroup",0,1,0,,0,0,"Cont","Out",,0,1,1,0,0,1,1,0,0,"Victim__J_Cont__C_Out",1,9,-9,"Ing_x_Control","Ing_x_Control__Victim","Ing_x_Control__Reject","Ing_x_Control__Victim__Reject",0,0,0,0,0,1,"Victim__J_Cont__C_Out__Reject","Victim__J_Cont__C_Out__Reject",0,0,0,0,0,1,0,0,0,0,0,0,0,0,0,0,0,0,0,0,0,0,0,0,0,0,0,"J_Cont__C_Out",,,0,0,0,0,1,0,0,0
105,3,2,"victim",0,21,1,1,0,2,1,1,TRUE,2.60714285714286,2.28571428571429,2.625,2.71428571428571,2.83333333333333,2,3,1,1,3,2,"Cont","Out","outgroup","control",1,0,0,0,0,0,"Out","Cont",,0,1,1,0,1,0,0,1,0,"Victim__J_Out__C_Cont",1,9,-9,"Ing_x_Hum","Ing_x_Hum__Victim","Ing_x_Hum__Reject","Ing_x_Hum__Victim__Reject",0,0,0,1,0,0,"Victim__J_Out__C_Cont__Reject","Victim__J_Out__C_Cont__Reject",0,0,0,0,0,0,0,1,0,0,0,0,0,0,0,0,0,0,0,0,0,0,0,0,0,0,0,"J_Out__C_Cont",,,0,0,0,0,0,0,1,0
105,4,1,"victim",0,21,1,1,0,2,1,1,TRUE,2.60714285714286,2.28571428571429,2.625,2.71428571428571,2.83333333333333,2,3,3,3,3,2,"Cont","Cont","control","control",0,1,0,,1,0,"Cont","Cont",,0,1,0,1,0,1,0,1,0,"Victim__J_Cont__C_Cont",1,-2,2,"Ing_x_Control","Ing_x_Control__Victim","Ing_x_Control__Accept","Ing_x_Control__Victim__Accept",0,0,0,0,0,1,"Victim__J_Cont__C_Cont__Accept","Victim__J_Cont__C_Cont__Accept",0,0,0,0,0,0,0,0,1,0,0,0,0,0,0,0,0,0,0,0,0,0,0,0,0,0,0,"J_Cont__C_Cont",,,0,0,0,0,0,0,0,1
105,4,2,"victim",0,21,1,1,0,2,1,1,TRUE,2.60714285714286,2.28571428571429,2.625,2.71428571428571,2.83333333333333,2,3,3,3,3,2,"Cont","Cont","control","control",0,1,0,,0,1,"Cont","Cont",,0,1,0,1,0,1,0,1,0,"Victim__J_Cont__C_Cont",1,9,-9,"Ing_x_Control","Ing_x_Control__Victim","Ing_x_Control__Reject","Ing_x_Control__Victim__Reject",0,0,0,0,0,1,"Victim__J_Cont__C_Cont__Reject","Victim__J_Cont__C_Cont__Reject",0,0,0,0,0,0,0,0,1,0,0,0,0,0,0,0,0,0,0,0,0,0,0,0,0,0,0,"J_Cont__C_Cont",,,0,0,0,0,0,0,0,1
105,5,1,"victim",0,21,1,1,0,2,1,1,TRUE,2.60714285714286,2.28571428571429,2.625,2.71428571428571,2.83333333333333,2,2,3,2,3,2,"In","Cont","ingroup","control",0,0,0,1,0,0,"In","Cont",,0,0,0,1,0,0,0,1,0,"Victim__J_In__C_Cont",1,9,-9,"Ing_x_Ing","Ing_x_Ing__Victim","Ing_x_Ing__Reject","Ing_x_Ing__Victim__Reject",0,0,0,0,1,0,"Victim__J_In__C_Cont__Reject","Victim__J_In__C_Cont__Reject",0,0,0,0,0,0,1,0,0,0,0,0,0,0,0,0,0,0,0,0,0,0,0,0,0,0,0,"J_In__C_Cont",,,0,0,0,0,0,1,0,0
105,5,2,"victim",0,21,1,1,0,2,1,1,TRUE,2.60714285714286,2.28571428571429,2.625,2.71428571428571,2.83333333333333,2,2,3,3,2,2,"In","Cont","control","ingroup",0,1,0,,0,0,"Cont","In",,0,0,0,1,0,1,0,0,0,"Victim__J_Cont__C_In",1,9,-9,"Ing_x_Control","Ing_x_Control__Victim","Ing_x_Control__Reject","Ing_x_Control__Victim__Reject",0,0,0,0,0,1,"Victim__J_Cont__C_In__Reject","Victim__J_Cont__C_In__Reject",0,0,1,0,0,0,0,0,0,0,0,0,0,0,0,0,0,0,0,0,0,0,0,0,0,0,0,"J_Cont__C_In",,,0,1,0,0,0,0,0,0
106,6,1,"victim",0,21,1,2,1,2,1,2,TRUE,2.42857142857143,2,2.625,2.85714285714286,2.16666666666667,2,2,2,2,2,2,"In","In","ingroup","ingroup",0,0,0,1,0,0,"In","In",,0,0,0,0,0,0,0,0,0,"Victim__J_In__C_In",0,-3,3,"Ing_x_Ing","Ing_x_Ing__Victim","Ing_x_Ing__Reject","Ing_x_Ing__Victim__Reject",0,0,0,0,1,0,"Victim__J_In__C_In__Reject","Victim__J_In__C_In__Reject",1,0,0,0,0,0,0,0,0,0,0,0,0,0,0,0,0,0,0,0,0,0,0,0,0,0,0,"J_In__C_In",,,0,0,0,0,0,0,0,0
106,6,2,"victim",0,21,1,2,1,2,1,2,TRUE,2.42857142857143,2,2.625,2.85714285714286,2.16666666666667,2,2,2,2,2,2,"In","In","ingroup","ingroup",0,0,0,1,0,0,"In","In",,0,0,0,0,0,0,0,0,0,"Victim__J_In__C_In",0,-3,3,"Ing_x_Ing","Ing_x_Ing__Victim","Ing_x_Ing__Reject","Ing_x_Ing__Victim__Reject",0,0,0,0,1,0,"Victim__J_In__C_In__Reject","Victim__J_In__C_In__Reject",1,0,0,0,0,0,0,0,0,0,0,0,0,0,0,0,0,0,0,0,0,0,0,0,0,0,0,"J_In__C_In",,,0,0,0,0,0,0,0,0
106,7,1,"victim",0,21,1,2,1,2,1,2,TRUE,2.42857142857143,2,2.625,2.85714285714286,2.16666666666667,2,3,3,3,3,2,"Cont","Cont","control","control",0,1,0,,0,0,"Cont","Cont",,0,1,0,1,0,1,0,1,0,"Victim__J_Cont__C_Cont",1,1,-1,"Ing_x_Control","Ing_x_Control__Victim","Ing_x_Control__Reject","Ing_x_Control__Victim__Reject",0,0,0,0,0,1,"Victim__J_Cont__C_Cont__Reject","Victim__J_Cont__C_Cont__Reject",0,0,0,0,0,0,0,0,1,0,0,0,0,0,0,0,0,0,0,0,0,0,0,0,0,0,0,"J_Cont__C_Cont",,,0,0,0,0,0,0,0,1
106,7,2,"victim",0,21,1,2,1,2,1,2,TRUE,2.42857142857143,2,2.625,2.85714285714286,2.16666666666667,2,3,3,3,3,2,"Cont","Cont","control","control",0,1,0,,0,0,"Cont","Cont",,0,1,0,1,0,1,0,1,0,"Victim__J_Cont__C_Cont",1,1,-1,"Ing_x_Control","Ing_x_Control__Victim","Ing_x_Control__Reject","Ing_x_Control__Victim__Reject",0,0,0,0,0,1,"Victim__J_Cont__C_Cont__Reject","Victim__J_Cont__C_Cont__Reject",0,0,0,0,0,0,0,0,1,0,0,0,0,0,0,0,0,0,0,0,0,0,0,0,0,0,0,"J_Cont__C_Cont",,,0,0,0,0,0,0,0,1
106,8,1,"victim",0,21,1,2,1,2,1,2,TRUE,2.42857142857143,2,2.625,2.85714285714286,2.16666666666667,2,1,1,1,1,2,"Out","Out","outgroup","outgroup",1,0,0,0,0,0,"Out","Out",,1,0,1,0,1,0,1,0,0,"Victim__J_Out__C_Out",0,-1,1,"Ing_x_Hum","Ing_x_Hum__Victim","Ing_x_Hum__Reject","Ing_x_Hum__Victim__Reject",0,0,0,1,0,0,"Victim__J_Out__C_Out__Reject","Victim__J_Out__C_Out__Reject",0,0,0,0,1,0,0,0,0,0,0,0,0,0,0,0,0,0,0,0,0,0,0,0,0,0,0,"J_Out__C_Out",,,0,0,0,1,0,0,0,0
106,8,2,"victim",0,21,1,2,1,2,1,2,TRUE,2.42857142857143,2,2.625,2.85714285714286,2.16666666666667,2,1,1,1,1,2,"Out","Out","outgroup","outgroup",1,0,0,0,0,0,"Out","Out",,1,0,1,0,1,0,1,0,0,"Victim__J_Out__C_Out",0,2,-2,"Ing_x_Hum","Ing_x_Hum__Victim","Ing_x_Hum__Reject","Ing_x_Hum__Victim__Reject",0,0,0,1,0,0,"Victim__J_Out__C_Out__Reject","Victim__J_Out__C_Out__Reject",0,0,0,0,1,0,0,0,0,0,0,0,0,0,0,0,0,0,0,0,0,0,0,0,0,0,0,"J_Out__C_Out",,,0,0,0,1,0,0,0,0
106,9,1,"victim",0,21,1,2,1,2,1,2,TRUE,2.42857142857143,2,2.625,2.85714285714286,2.16666666666667,2,1,1,1,1,2,"Out","Out","outgroup","outgroup",1,0,0,0,1,0,"Out","Out",,1,0,1,0,1,0,1,0,0,"Victim__J_Out__C_Out",0,1,-1,"Ing_x_Hum","Ing_x_Hum__Victim","Ing_x_Hum__Accept","Ing_x_Hum__Victim__Accept",0,0,0,1,0,0,"Victim__J_Out__C_Out__Accept","Victim__J_Out__C_Out__Accept",0,0,0,0,1,0,0,0,0,0,0,0,0,0,0,0,0,0,0,0,0,0,0,0,0,0,0,"J_Out__C_Out",,,0,0,0,1,0,0,0,0
106,9,2,"victim",0,21,1,2,1,2,1,2,TRUE,2.42857142857143,2,2.625,2.85714285714286,2.16666666666667,2,1,1,1,1,2,"Out","Out","outgroup","outgroup",1,0,0,0,0,1,"Out","Out",,1,0,1,0,1,0,1,0,0,"Victim__J_Out__C_Out",0,-2,2,"Ing_x_Hum","Ing_x_Hum__Victim","Ing_x_Hum__Reject","Ing_x_Hum__Victim__Reject",0,0,0,1,0,0,"Victim__J_Out__C_Out__Reject","Victim__J_Out__C_Out__Reject",0,0,0,0,1,0,0,0,0,0,0,0,0,0,0,0,0,0,0,0,0,0,0,0,0,0,0,"J_Out__C_Out",,,0,0,0,1,0,0,0,0
106,10,1,"victim",0,21,1,2,1,2,1,2,TRUE,2.42857142857143,2,2.625,2.85714285714286,2.16666666666667,2,1,2,1,2,2,"Out","In","outgroup","ingroup",1,0,0,0,1,1,"Out","In",,1,0,0,0,1,0,0,0,0,"Victim__J_Out__C_In",0,1,-1,"Ing_x_Hum","Ing_x_Hum__Victim","Ing_x_Hum__Accept","Ing_x_Hum__Victim__Accept",0,0,0,1,0,0,"Victim__J_Out__C_In__Accept","Victim__J_Out__C_In__Accept",0,1,0,0,0,0,0,0,0,0,0,0,0,0,0,0,0,0,0,0,0,0,0,0,0,0,0,"J_Out__C_In",,,1,0,0,0,0,0,0,0
106,10,2,"victim",0,21,1,2,1,2,1,2,TRUE,2.42857142857143,2,2.625,2.85714285714286,2.16666666666667,2,1,2,2,1,2,"Out","In","ingroup","outgroup",0,0,0,1,1,1,"In","Out",,1,0,0,0,0,0,1,0,0,"Victim__J_In__C_Out",0,1,-1,"Ing_x_Ing","Ing_x_Ing__Victim","Ing_x_Ing__Accept","Ing_x_Ing__Victim__Accept",0,0,0,0,1,0,"Victim__J_In__C_Out__Accept","Victim__J_In__C_Out__Accept",0,0,0,1,0,0,0,0,0,0,0,0,0,0,0,0,0,0,0,0,0,0,0,0,0,0,0,"J_In__C_Out",,,0,0,1,0,0,0,0,0
107,6,1,"victim",0,20,2,2,1,2,1,2,TRUE,2.07142857142857,2.14285714285714,2.375,2,1.66666666666667,2,3,2,3,2,2,"Cont","In","control","ingroup",0,1,0,,0,0,"Cont","In",,0,1,0,0,0,1,0,0,0,"Victim__J_Cont__C_In",1,9,-9,"Ing_x_Control","Ing_x_Control__Victim","Ing_x_Control__Reject","Ing_x_Control__Victim__Reject",0,0,0,0,0,1,"Victim__J_Cont__C_In__Reject","Victim__J_Cont__C_In__Reject",0,0,1,0,0,0,0,0,0,0,0,0,0,0,0,0,0,0,0,0,0,0,0,0,0,0,0,"J_Cont__C_In",,,0,1,0,0,0,0,0,0
107,6,2,"victim",0,20,2,2,1,2,1,2,TRUE,2.07142857142857,2.14285714285714,2.375,2,1.66666666666667,2,3,2,2,3,2,"Cont","In","ingroup","control",0,0,0,1,0,0,"In","Cont",,0,1,0,0,0,0,0,1,0,"Victim__J_In__C_Cont",1,9,-9,"Ing_x_Ing","Ing_x_Ing__Victim","Ing_x_Ing__Reject","Ing_x_Ing__Victim__Reject",0,0,0,0,1,0,"Victim__J_In__C_Cont__Reject","Victim__J_In__C_Cont__Reject",0,0,0,0,0,0,1,0,0,0,0,0,0,0,0,0,0,0,0,0,0,0,0,0,0,0,0,"J_In__C_Cont",,,0,0,0,0,0,1,0,0
107,7,1,"victim",0,20,2,2,1,2,1,2,TRUE,2.07142857142857,2.14285714285714,2.375,2,1.66666666666667,2,1,3,1,3,2,"Out","Cont","outgroup","control",1,0,0,0,0,0,"Out","Cont",,1,0,0,1,1,0,0,1,0,"Victim__J_Out__C_Cont",1,9,-9,"Ing_x_Hum","Ing_x_Hum__Victim","Ing_x_Hum__Reject","Ing_x_Hum__Victim__Reject",0,0,0,1,0,0,"Victim__J_Out__C_Cont__Reject","Victim__J_Out__C_Cont__Reject",0,0,0,0,0,0,0,1,0,0,0,0,0,0,0,0,0,0,0,0,0,0,0,0,0,0,0,"J_Out__C_Cont",,,0,0,0,0,0,0,1,0
107,7,2,"victim",0,20,2,2,1,2,1,2,TRUE,2.07142857142857,2.14285714285714,2.375,2,1.66666666666667,2,1,3,3,1,2,"Out","Cont","control","outgroup",0,1,0,,0,0,"Cont","Out",,1,0,0,1,0,1,1,0,0,"Victim__J_Cont__C_Out",1,9,-9,"Ing_x_Control","Ing_x_Control__Victim","Ing_x_Control__Reject","Ing_x_Control__Victim__Reject",0,0,0,0,0,1,"Victim__J_Cont__C_Out__Reject","Victim__J_Cont__C_Out__Reject",0,0,0,0,0,1,0,0,0,0,0,0,0,0,0,0,0,0,0,0,0,0,0,0,0,0,0,"J_Cont__C_Out",,,0,0,0,0,1,0,0,0
107,8,1,"victim",0,20,2,2,1,2,1,2,TRUE,2.07142857142857,2.14285714285714,2.375,2,1.66666666666667,2,2,3,2,3,2,"In","Cont","ingroup","control",0,0,0,1,1,0,"In","Cont",,0,0,0,1,0,0,0,1,0,"Victim__J_In__C_Cont",1,-9,9,"Ing_x_Ing","Ing_x_Ing__Victim","Ing_x_Ing__Accept","Ing_x_Ing__Victim__Accept",0,0,0,0,1,0,"Victim__J_In__C_Cont__Accept","Victim__J_In__C_Cont__Accept",0,0,0,0,0,0,1,0,0,0,0,0,0,0,0,0,0,0,0,0,0,0,0,0,0,0,0,"J_In__C_Cont",,,0,0,0,0,0,1,0,0
107,8,2,"victim",0,20,2,2,1,2,1,2,TRUE,2.07142857142857,2.14285714285714,2.375,2,1.66666666666667,2,2,3,3,2,2,"In","Cont","control","ingroup",0,1,0,,0,1,"Cont","In",,0,0,0,1,0,1,0,0,0,"Victim__J_Cont__C_In",1,9,-9,"Ing_x_Control","Ing_x_Control__Victim","Ing_x_Control__Reject","Ing_x_Control__Victim__Reject",0,0,0,0,0,1,"Victim__J_Cont__C_In__Reject","Victim__J_Cont__C_In__Reject",0,0,1,0,0,0,0,0,0,0,0,0,0,0,0,0,0,0,0,0,0,0,0,0,0,0,0,"J_Cont__C_In",,,0,1,0,0,0,0,0,0
107,9,1,"victim",0,20,2,2,1,2,1,2,TRUE,2.07142857142857,2.14285714285714,2.375,2,1.66666666666667,2,2,3,2,3,2,"In","Cont","ingroup","control",0,0,0,1,1,1,"In","Cont",,0,0,0,1,0,0,0,1,0,"Victim__J_In__C_Cont",1,-9,9,"Ing_x_Ing","Ing_x_Ing__Victim","Ing_x_Ing__Accept","Ing_x_Ing__Victim__Accept",0,0,0,0,1,0,"Victim__J_In__C_Cont__Accept","Victim__J_In__C_Cont__Accept",0,0,0,0,0,0,1,0,0,0,0,0,0,0,0,0,0,0,0,0,0,0,0,0,0,0,0,"J_In__C_Cont",,,0,0,0,0,0,1,0,0
107,9,2,"victim",0,20,2,2,1,2,1,2,TRUE,2.07142857142857,2.14285714285714,2.375,2,1.66666666666667,2,2,3,3,2,2,"In","Cont","control","ingroup",0,1,0,,1,1,"Cont","In",,0,0,0,1,0,1,0,0,0,"Victim__J_Cont__C_In",1,-9,9,"Ing_x_Control","Ing_x_Control__Victim","Ing_x_Control__Accept","Ing_x_Control__Victim__Accept",0,0,0,0,0,1,"Victim__J_Cont__C_In__Accept","Victim__J_Cont__C_In__Accept",0,0,1,0,0,0,0,0,0,0,0,0,0,0,0,0,0,0,0,0,0,0,0,0,0,0,0,"J_Cont__C_In",,,0,1,0,0,0,0,0,0
107,10,1,"victim",0,20,2,2,1,2,1,2,TRUE,2.07142857142857,2.14285714285714,2.375,2,1.66666666666667,2,3,2,3,2,2,"Cont","In","control","ingroup",0,1,0,,1,0,"Cont","In",,0,1,0,0,0,1,0,0,0,"Victim__J_Cont__C_In",1,-9,9,"Ing_x_Control","Ing_x_Control__Victim","Ing_x_Control__Accept","Ing_x_Control__Victim__Accept",0,0,0,0,0,1,"Victim__J_Cont__C_In__Accept","Victim__J_Cont__C_In__Accept",0,0,1,0,0,0,0,0,0,0,0,0,0,0,0,0,0,0,0,0,0,0,0,0,0,0,0,"J_Cont__C_In",,,0,1,0,0,0,0,0,0
107,10,2,"victim",0,20,2,2,1,2,1,2,TRUE,2.07142857142857,2.14285714285714,2.375,2,1.66666666666667,2,3,2,2,3,2,"Cont","In","ingroup","control",0,0,0,1,0,1,"In","Cont",,0,1,0,0,0,0,0,1,0,"Victim__J_In__C_Cont",1,9,-9,"Ing_x_Ing","Ing_x_Ing__Victim","Ing_x_Ing__Reject","Ing_x_Ing__Victim__Reject",0,0,0,0,1,0,"Victim__J_In__C_Cont__Reject","Victim__J_In__C_Cont__Reject",0,0,0,0,0,0,1,0,0,0,0,0,0,0,0,0,0,0,0,0,0,0,0,0,0,0,0,"J_In__C_Cont",,,0,0,0,0,0,1,0,0
108,1,1,"victim",0,23,2,1,0,2,1,1,TRUE,2.10714285714286,1.85714285714286,2.125,1.85714285714286,2.66666666666667,2,2,2,2,2,2,"In","In","ingroup","ingroup",0,0,0,1,0,0,"In","In",,0,0,0,0,0,0,0,0,0,"Victim__J_In__C_In",0,9,-9,"Ing_x_Ing","Ing_x_Ing__Victim","Ing_x_Ing__Reject","Ing_x_Ing__Victim__Reject",0,0,0,0,1,0,"Victim__J_In__C_In__Reject","Victim__J_In__C_In__Reject",1,0,0,0,0,0,0,0,0,0,0,0,0,0,0,0,0,0,0,0,0,0,0,0,0,0,0,"J_In__C_In",,,0,0,0,0,0,0,0,0
108,1,2,"victim",0,23,2,1,0,2,1,1,TRUE,2.10714285714286,1.85714285714286,2.125,1.85714285714286,2.66666666666667,2,2,2,2,2,2,"In","In","ingroup","ingroup",0,0,0,1,0,0,"In","In",,0,0,0,0,0,0,0,0,0,"Victim__J_In__C_In",0,9,-9,"Ing_x_Ing","Ing_x_Ing__Victim","Ing_x_Ing__Reject","Ing_x_Ing__Victim__Reject",0,0,0,0,1,0,"Victim__J_In__C_In__Reject","Victim__J_In__C_In__Reject",1,0,0,0,0,0,0,0,0,0,0,0,0,0,0,0,0,0,0,0,0,0,0,0,0,0,0,"J_In__C_In",,,0,0,0,0,0,0,0,0
108,2,1,"victim",0,23,2,1,0,2,1,1,TRUE,2.10714285714286,1.85714285714286,2.125,1.85714285714286,2.66666666666667,2,1,3,1,3,2,"Out","Cont","outgroup","control",1,0,0,0,1,1,"Out","Cont",,1,0,0,1,1,0,0,1,0,"Victim__J_Out__C_Cont",1,0,0,"Ing_x_Hum","Ing_x_Hum__Victim","Ing_x_Hum__Accept","Ing_x_Hum__Victim__Accept",0,0,0,1,0,0,"Victim__J_Out__C_Cont__Accept","Victim__J_Out__C_Cont__Accept",0,0,0,0,0,0,0,1,0,0,0,0,0,0,0,0,0,0,0,0,0,0,0,0,0,0,0,"J_Out__C_Cont",,,0,0,0,0,0,0,1,0
108,2,2,"victim",0,23,2,1,0,2,1,1,TRUE,2.10714285714286,1.85714285714286,2.125,1.85714285714286,2.66666666666667,2,1,3,3,1,2,"Out","Cont","control","outgroup",0,1,0,,1,1,"Cont","Out",,1,0,0,1,0,1,1,0,0,"Victim__J_Cont__C_Out",1,0,0,"Ing_x_Control","Ing_x_Control__Victim","Ing_x_Control__Accept","Ing_x_Control__Victim__Accept",0,0,0,0,0,1,"Victim__J_Cont__C_Out__Accept","Victim__J_Cont__C_Out__Accept",0,0,0,0,0,1,0,0,0,0,0,0,0,0,0,0,0,0,0,0,0,0,0,0,0,0,0,"J_Cont__C_Out",,,0,0,0,0,1,0,0,0
108,3,1,"victim",0,23,2,1,0,2,1,1,TRUE,2.10714285714286,1.85714285714286,2.125,1.85714285714286,2.66666666666667,2,3,3,3,3,2,"Cont","Cont","control","control",0,1,0,,1,1,"Cont","Cont",,0,1,0,1,0,1,0,1,0,"Victim__J_Cont__C_Cont",1,-5,5,"Ing_x_Control","Ing_x_Control__Victim","Ing_x_Control__Accept","Ing_x_Control__Victim__Accept",0,0,0,0,0,1,"Victim__J_Cont__C_Cont__Accept","Victim__J_Cont__C_Cont__Accept",0,0,0,0,0,0,0,0,1,0,0,0,0,0,0,0,0,0,0,0,0,0,0,0,0,0,0,"J_Cont__C_Cont",,,0,0,0,0,0,0,0,1
108,3,2,"victim",0,23,2,1,0,2,1,1,TRUE,2.10714285714286,1.85714285714286,2.125,1.85714285714286,2.66666666666667,2,3,3,3,3,2,"Cont","Cont","control","control",0,1,0,,1,1,"Cont","Cont",,0,1,0,1,0,1,0,1,0,"Victim__J_Cont__C_Cont",1,-5,5,"Ing_x_Control","Ing_x_Control__Victim","Ing_x_Control__Accept","Ing_x_Control__Victim__Accept",0,0,0,0,0,1,"Victim__J_Cont__C_Cont__Accept","Victim__J_Cont__C_Cont__Accept",0,0,0,0,0,0,0,0,1,0,0,0,0,0,0,0,0,0,0,0,0,0,0,0,0,0,0,"J_Cont__C_Cont",,,0,0,0,0,0,0,0,1
108,4,1,"victim",0,23,2,1,0,2,1,1,TRUE,2.10714285714286,1.85714285714286,2.125,1.85714285714286,2.66666666666667,2,3,2,3,2,2,"Cont","In","control","ingroup",0,1,0,,1,0,"Cont","In",,0,1,0,0,0,1,0,0,0,"Victim__J_Cont__C_In",1,-5,5,"Ing_x_Control","Ing_x_Control__Victim","Ing_x_Control__Accept","Ing_x_Control__Victim__Accept",0,0,0,0,0,1,"Victim__J_Cont__C_In__Accept","Victim__J_Cont__C_In__Accept",0,0,1,0,0,0,0,0,0,0,0,0,0,0,0,0,0,0,0,0,0,0,0,0,0,0,0,"J_Cont__C_In",,,0,1,0,0,0,0,0,0
108,4,2,"victim",0,23,2,1,0,2,1,1,TRUE,2.10714285714286,1.85714285714286,2.125,1.85714285714286,2.66666666666667,2,3,2,2,3,2,"Cont","In","ingroup","control",0,0,0,1,0,1,"In","Cont",,0,1,0,0,0,0,0,1,0,"Victim__J_In__C_Cont",1,9,-9,"Ing_x_Ing","Ing_x_Ing__Victim","Ing_x_Ing__Reject","Ing_x_Ing__Victim__Reject",0,0,0,0,1,0,"Victim__J_In__C_Cont__Reject","Victim__J_In__C_Cont__Reject",0,0,0,0,0,0,1,0,0,0,0,0,0,0,0,0,0,0,0,0,0,0,0,0,0,0,0,"J_In__C_Cont",,,0,0,0,0,0,1,0,0
108,5,1,"victim",0,23,2,1,0,2,1,1,TRUE,2.10714285714286,1.85714285714286,2.125,1.85714285714286,2.66666666666667,2,2,3,2,3,2,"In","Cont","ingroup","control",0,0,0,1,1,1,"In","Cont",,0,0,0,1,0,0,0,1,0,"Victim__J_In__C_Cont",1,-9,9,"Ing_x_Ing","Ing_x_Ing__Victim","Ing_x_Ing__Accept","Ing_x_Ing__Victim__Accept",0,0,0,0,1,0,"Victim__J_In__C_Cont__Accept","Victim__J_In__C_Cont__Accept",0,0,0,0,0,0,1,0,0,0,0,0,0,0,0,0,0,0,0,0,0,0,0,0,0,0,0,"J_In__C_Cont",,,0,0,0,0,0,1,0,0
108,5,2,"victim",0,23,2,1,0,2,1,1,TRUE,2.10714285714286,1.85714285714286,2.125,1.85714285714286,2.66666666666667,2,2,3,3,2,2,"In","Cont","control","ingroup",0,1,0,,1,1,"Cont","In",,0,0,0,1,0,1,0,0,0,"Victim__J_Cont__C_In",1,-9,9,"Ing_x_Control","Ing_x_Control__Victim","Ing_x_Control__Accept","Ing_x_Control__Victim__Accept",0,0,0,0,0,1,"Victim__J_Cont__C_In__Accept","Victim__J_Cont__C_In__Accept",0,0,1,0,0,0,0,0,0,0,0,0,0,0,0,0,0,0,0,0,0,0,0,0,0,0,0,"J_Cont__C_In",,,0,1,0,0,0,0,0,0
109,1,1,"victim",0,19,1,2,1,2,1,1,TRUE,1.46428571428571,1,1.875,1.42857142857143,1.5,2,3,1,3,1,2,"Cont","Out","control","outgroup",0,1,0,,1,1,"Cont","Out",,0,1,1,0,0,1,1,0,0,"Victim__J_Cont__C_Out",1,0,0,"Ing_x_Control","Ing_x_Control__Victim","Ing_x_Control__Accept","Ing_x_Control__Victim__Accept",0,0,0,0,0,1,"Victim__J_Cont__C_Out__Accept","Victim__J_Cont__C_Out__Accept",0,0,0,0,0,1,0,0,0,0,0,0,0,0,0,0,0,0,0,0,0,0,0,0,0,0,0,"J_Cont__C_Out",,,0,0,0,0,1,0,0,0
109,1,2,"victim",0,19,1,2,1,2,1,1,TRUE,1.46428571428571,1,1.875,1.42857142857143,1.5,2,3,1,1,3,2,"Cont","Out","outgroup","control",1,0,0,0,1,1,"Out","Cont",,0,1,1,0,1,0,0,1,0,"Victim__J_Out__C_Cont",1,0,0,"Ing_x_Hum","Ing_x_Hum__Victim","Ing_x_Hum__Accept","Ing_x_Hum__Victim__Accept",0,0,0,1,0,0,"Victim__J_Out__C_Cont__Accept","Victim__J_Out__C_Cont__Accept",0,0,0,0,0,0,0,1,0,0,0,0,0,0,0,0,0,0,0,0,0,0,0,0,0,0,0,"J_Out__C_Cont",,,0,0,0,0,0,0,1,0
109,2,1,"victim",0,19,1,2,1,2,1,1,TRUE,1.46428571428571,1,1.875,1.42857142857143,1.5,2,2,2,2,2,2,"In","In","ingroup","ingroup",0,0,0,1,0,1,"In","In",,0,0,0,0,0,0,0,0,0,"Victim__J_In__C_In",0,0,0,"Ing_x_Ing","Ing_x_Ing__Victim","Ing_x_Ing__Reject","Ing_x_Ing__Victim__Reject",0,0,0,0,1,0,"Victim__J_In__C_In__Reject","Victim__J_In__C_In__Reject",1,0,0,0,0,0,0,0,0,0,0,0,0,0,0,0,0,0,0,0,0,0,0,0,0,0,0,"J_In__C_In",,,0,0,0,0,0,0,0,0
109,2,2,"victim",0,19,1,2,1,2,1,1,TRUE,1.46428571428571,1,1.875,1.42857142857143,1.5,2,2,2,2,2,2,"In","In","ingroup","ingroup",0,0,0,1,1,0,"In","In",,0,0,0,0,0,0,0,0,0,"Victim__J_In__C_In",0,0,0,"Ing_x_Ing","Ing_x_Ing__Victim","Ing_x_Ing__Accept","Ing_x_Ing__Victim__Accept",0,0,0,0,1,0,"Victim__J_In__C_In__Accept","Victim__J_In__C_In__Accept",1,0,0,0,0,0,0,0,0,0,0,0,0,0,0,0,0,0,0,0,0,0,0,0,0,0,0,"J_In__C_In",,,0,0,0,0,0,0,0,0
109,3,1,"victim",0,19,1,2,1,2,1,1,TRUE,1.46428571428571,1,1.875,1.42857142857143,1.5,2,2,3,2,3,2,"In","Cont","ingroup","control",0,0,0,1,1,1,"In","Cont",,0,0,0,1,0,0,0,1,0,"Victim__J_In__C_Cont",1,0,0,"Ing_x_Ing","Ing_x_Ing__Victim","Ing_x_Ing__Accept","Ing_x_Ing__Victim__Accept",0,0,0,0,1,0,"Victim__J_In__C_Cont__Accept","Victim__J_In__C_Cont__Accept",0,0,0,0,0,0,1,0,0,0,0,0,0,0,0,0,0,0,0,0,0,0,0,0,0,0,0,"J_In__C_Cont",,,0,0,0,0,0,1,0,0
109,3,2,"victim",0,19,1,2,1,2,1,1,TRUE,1.46428571428571,1,1.875,1.42857142857143,1.5,2,2,3,3,2,2,"In","Cont","control","ingroup",0,1,0,,1,1,"Cont","In",,0,0,0,1,0,1,0,0,0,"Victim__J_Cont__C_In",1,0,0,"Ing_x_Control","Ing_x_Control__Victim","Ing_x_Control__Accept","Ing_x_Control__Victim__Accept",0,0,0,0,0,1,"Victim__J_Cont__C_In__Accept","Victim__J_Cont__C_In__Accept",0,0,1,0,0,0,0,0,0,0,0,0,0,0,0,0,0,0,0,0,0,0,0,0,0,0,0,"J_Cont__C_In",,,0,1,0,0,0,0,0,0
109,4,1,"victim",0,19,1,2,1,2,1,1,TRUE,1.46428571428571,1,1.875,1.42857142857143,1.5,2,3,2,3,2,2,"Cont","In","control","ingroup",0,1,0,,0,1,"Cont","In",,0,1,0,0,0,1,0,0,0,"Victim__J_Cont__C_In",1,0,0,"Ing_x_Control","Ing_x_Control__Victim","Ing_x_Control__Reject","Ing_x_Control__Victim__Reject",0,0,0,0,0,1,"Victim__J_Cont__C_In__Reject","Victim__J_Cont__C_In__Reject",0,0,1,0,0,0,0,0,0,0,0,0,0,0,0,0,0,0,0,0,0,0,0,0,0,0,0,"J_Cont__C_In",,,0,1,0,0,0,0,0,0
109,4,2,"victim",0,19,1,2,1,2,1,1,TRUE,1.46428571428571,1,1.875,1.42857142857143,1.5,2,3,2,2,3,2,"Cont","In","ingroup","control",0,0,0,1,1,0,"In","Cont",,0,1,0,0,0,0,0,1,0,"Victim__J_In__C_Cont",1,0,0,"Ing_x_Ing","Ing_x_Ing__Victim","Ing_x_Ing__Accept","Ing_x_Ing__Victim__Accept",0,0,0,0,1,0,"Victim__J_In__C_Cont__Accept","Victim__J_In__C_Cont__Accept",0,0,0,0,0,0,1,0,0,0,0,0,0,0,0,0,0,0,0,0,0,0,0,0,0,0,0,"J_In__C_Cont",,,0,0,0,0,0,1,0,0
109,5,1,"victim",0,19,1,2,1,2,1,1,TRUE,1.46428571428571,1,1.875,1.42857142857143,1.5,2,3,1,3,1,2,"Cont","Out","control","outgroup",0,1,0,,1,1,"Cont","Out",,0,1,1,0,0,1,1,0,0,"Victim__J_Cont__C_Out",1,0,0,"Ing_x_Control","Ing_x_Control__Victim","Ing_x_Control__Accept","Ing_x_Control__Victim__Accept",0,0,0,0,0,1,"Victim__J_Cont__C_Out__Accept","Victim__J_Cont__C_Out__Accept",0,0,0,0,0,1,0,0,0,0,0,0,0,0,0,0,0,0,0,0,0,0,0,0,0,0,0,"J_Cont__C_Out",,,0,0,0,0,1,0,0,0
109,5,2,"victim",0,19,1,2,1,2,1,1,TRUE,1.46428571428571,1,1.875,1.42857142857143,1.5,2,3,1,1,3,2,"Cont","Out","outgroup","control",1,0,0,0,1,1,"Out","Cont",,0,1,1,0,1,0,0,1,0,"Victim__J_Out__C_Cont",1,0,0,"Ing_x_Hum","Ing_x_Hum__Victim","Ing_x_Hum__Accept","Ing_x_Hum__Victim__Accept",0,0,0,1,0,0,"Victim__J_Out__C_Cont__Accept","Victim__J_Out__C_Cont__Accept",0,0,0,0,0,0,0,1,0,0,0,0,0,0,0,0,0,0,0,0,0,0,0,0,0,0,0,"J_Out__C_Cont",,,0,0,0,0,0,0,1,0
110,6,1,"victim",0,18,1,2,1,2,1,2,TRUE,2.14285714285714,1.42857142857143,2.5,3,1.5,2,1,1,1,1,2,"Out","Out","outgroup","outgroup",1,0,0,0,0,0,"Out","Out",,1,0,1,0,1,0,1,0,0,"Victim__J_Out__C_Out",0,9,-9,"Ing_x_Hum","Ing_x_Hum__Victim","Ing_x_Hum__Reject","Ing_x_Hum__Victim__Reject",0,0,0,1,0,0,"Victim__J_Out__C_Out__Reject","Victim__J_Out__C_Out__Reject",0,0,0,0,1,0,0,0,0,0,0,0,0,0,0,0,0,0,0,0,0,0,0,0,0,0,0,"J_Out__C_Out",,,0,0,0,1,0,0,0,0
110,6,2,"victim",0,18,1,2,1,2,1,2,TRUE,2.14285714285714,1.42857142857143,2.5,3,1.5,2,1,1,1,1,2,"Out","Out","outgroup","outgroup",1,0,0,0,0,0,"Out","Out",,1,0,1,0,1,0,1,0,0,"Victim__J_Out__C_Out",0,9,-9,"Ing_x_Hum","Ing_x_Hum__Victim","Ing_x_Hum__Reject","Ing_x_Hum__Victim__Reject",0,0,0,1,0,0,"Victim__J_Out__C_Out__Reject","Victim__J_Out__C_Out__Reject",0,0,0,0,1,0,0,0,0,0,0,0,0,0,0,0,0,0,0,0,0,0,0,0,0,0,0,"J_Out__C_Out",,,0,0,0,1,0,0,0,0
110,7,1,"victim",0,18,1,2,1,2,1,2,TRUE,2.14285714285714,1.42857142857143,2.5,3,1.5,2,3,1,3,1,2,"Cont","Out","control","outgroup",0,1,0,,1,0,"Cont","Out",,0,1,1,0,0,1,1,0,0,"Victim__J_Cont__C_Out",1,-2,2,"Ing_x_Control","Ing_x_Control__Victim","Ing_x_Control__Accept","Ing_x_Control__Victim__Accept",0,0,0,0,0,1,"Victim__J_Cont__C_Out__Accept","Victim__J_Cont__C_Out__Accept",0,0,0,0,0,1,0,0,0,0,0,0,0,0,0,0,0,0,0,0,0,0,0,0,0,0,0,"J_Cont__C_Out",,,0,0,0,0,1,0,0,0
110,7,2,"victim",0,18,1,2,1,2,1,2,TRUE,2.14285714285714,1.42857142857143,2.5,3,1.5,2,3,1,1,3,2,"Cont","Out","outgroup","control",1,0,0,0,0,1,"Out","Cont",,0,1,1,0,1,0,0,1,0,"Victim__J_Out__C_Cont",1,7,-7,"Ing_x_Hum","Ing_x_Hum__Victim","Ing_x_Hum__Reject","Ing_x_Hum__Victim__Reject",0,0,0,1,0,0,"Victim__J_Out__C_Cont__Reject","Victim__J_Out__C_Cont__Reject",0,0,0,0,0,0,0,1,0,0,0,0,0,0,0,0,0,0,0,0,0,0,0,0,0,0,0,"J_Out__C_Cont",,,0,0,0,0,0,0,1,0
110,8,1,"victim",0,18,1,2,1,2,1,2,TRUE,2.14285714285714,1.42857142857143,2.5,3,1.5,2,2,3,2,3,2,"In","Cont","ingroup","control",0,0,0,1,1,1,"In","Cont",,0,0,0,1,0,0,0,1,0,"Victim__J_In__C_Cont",1,9,-9,"Ing_x_Ing","Ing_x_Ing__Victim","Ing_x_Ing__Accept","Ing_x_Ing__Victim__Accept",0,0,0,0,1,0,"Victim__J_In__C_Cont__Accept","Victim__J_In__C_Cont__Accept",0,0,0,0,0,0,1,0,0,0,0,0,0,0,0,0,0,0,0,0,0,0,0,0,0,0,0,"J_In__C_Cont",,,0,0,0,0,0,1,0,0
110,8,2,"victim",0,18,1,2,1,2,1,2,TRUE,2.14285714285714,1.42857142857143,2.5,3,1.5,2,2,3,3,2,2,"In","Cont","control","ingroup",0,1,0,,1,1,"Cont","In",,0,0,0,1,0,1,0,0,0,"Victim__J_Cont__C_In",1,9,-9,"Ing_x_Control","Ing_x_Control__Victim","Ing_x_Control__Accept","Ing_x_Control__Victim__Accept",0,0,0,0,0,1,"Victim__J_Cont__C_In__Accept","Victim__J_Cont__C_In__Accept",0,0,1,0,0,0,0,0,0,0,0,0,0,0,0,0,0,0,0,0,0,0,0,0,0,0,0,"J_Cont__C_In",,,0,1,0,0,0,0,0,0
110,9,1,"victim",0,18,1,2,1,2,1,2,TRUE,2.14285714285714,1.42857142857143,2.5,3,1.5,2,3,1,3,1,2,"Cont","Out","control","outgroup",0,1,0,,1,0,"Cont","Out",,0,1,1,0,0,1,1,0,0,"Victim__J_Cont__C_Out",1,6,-6,"Ing_x_Control","Ing_x_Control__Victim","Ing_x_Control__Accept","Ing_x_Control__Victim__Accept",0,0,0,0,0,1,"Victim__J_Cont__C_Out__Accept","Victim__J_Cont__C_Out__Accept",0,0,0,0,0,1,0,0,0,0,0,0,0,0,0,0,0,0,0,0,0,0,0,0,0,0,0,"J_Cont__C_Out",,,0,0,0,0,1,0,0,0
110,9,2,"victim",0,18,1,2,1,2,1,2,TRUE,2.14285714285714,1.42857142857143,2.5,3,1.5,2,3,1,1,3,2,"Cont","Out","outgroup","control",1,0,0,0,0,1,"Out","Cont",,0,1,1,0,1,0,0,1,0,"Victim__J_Out__C_Cont",1,-3,3,"Ing_x_Hum","Ing_x_Hum__Victim","Ing_x_Hum__Reject","Ing_x_Hum__Victim__Reject",0,0,0,1,0,0,"Victim__J_Out__C_Cont__Reject","Victim__J_Out__C_Cont__Reject",0,0,0,0,0,0,0,1,0,0,0,0,0,0,0,0,0,0,0,0,0,0,0,0,0,0,0,"J_Out__C_Cont",,,0,0,0,0,0,0,1,0
110,10,1,"victim",0,18,1,2,1,2,1,2,TRUE,2.14285714285714,1.42857142857143,2.5,3,1.5,2,3,3,3,3,2,"Cont","Cont","control","control",0,1,0,,1,0,"Cont","Cont",,0,1,0,1,0,1,0,1,0,"Victim__J_Cont__C_Cont",1,5,-5,"Ing_x_Control","Ing_x_Control__Victim","Ing_x_Control__Accept","Ing_x_Control__Victim__Accept",0,0,0,0,0,1,"Victim__J_Cont__C_Cont__Accept","Victim__J_Cont__C_Cont__Accept",0,0,0,0,0,0,0,0,1,0,0,0,0,0,0,0,0,0,0,0,0,0,0,0,0,0,0,"J_Cont__C_Cont",,,0,0,0,0,0,0,0,1
110,10,2,"victim",0,18,1,2,1,2,1,2,TRUE,2.14285714285714,1.42857142857143,2.5,3,1.5,2,3,3,3,3,2,"Cont","Cont","control","control",0,1,0,,0,1,"Cont","Cont",,0,1,0,1,0,1,0,1,0,"Victim__J_Cont__C_Cont",1,-4,4,"Ing_x_Control","Ing_x_Control__Victim","Ing_x_Control__Reject","Ing_x_Control__Victim__Reject",0,0,0,0,0,1,"Victim__J_Cont__C_Cont__Reject","Victim__J_Cont__C_Cont__Reject",0,0,0,0,0,0,0,0,1,0,0,0,0,0,0,0,0,0,0,0,0,0,0,0,0,0,0,"J_Cont__C_Cont",,,0,0,0,0,0,0,0,1
111,6,1,"victim",0,19,1,2,1,1,0,2,TRUE,2.35714285714286,2,2.5,2.71428571428571,2.16666666666667,1,1,3,1,3,1,"In","Cont","ingroup","control",0,0,0,1,1,0,"In","Cont",,0,0,0,1,0,0,0,1,0,"Victim__J_In__C_Cont",1,-2,2,"Hum_x_Hum","Hum_x_Hum__Victim","Hum_x_Hum__Accept","Hum_x_Hum__Victim__Accept",1,0,0,0,0,0,"Victim__J_In__C_Cont__Accept","Victim__J_In__C_Cont__Accept",0,0,0,0,0,0,1,0,0,0,0,0,0,0,0,0,0,0,0,0,0,0,0,0,0,0,0,"J_In__C_Cont",,,0,0,0,0,0,1,0,0
111,6,2,"victim",0,19,1,2,1,1,0,2,TRUE,2.35714285714286,2,2.5,2.71428571428571,2.16666666666667,1,1,3,3,1,1,"In","Cont","control","ingroup",0,1,0,,0,1,"Cont","In",,0,0,0,1,0,1,0,0,0,"Victim__J_Cont__C_In",1,2,-2,"Hum_x_Control","Hum_x_Control__Victim","Hum_x_Control__Reject","Hum_x_Control__Victim__Reject",0,0,1,0,0,0,"Victim__J_Cont__C_In__Reject","Victim__J_Cont__C_In__Reject",0,0,1,0,0,0,0,0,0,0,0,0,0,0,0,0,0,0,0,0,0,0,0,0,0,0,0,"J_Cont__C_In",,,0,1,0,0,0,0,0,0
111,7,1,"victim",0,19,1,2,1,1,0,2,TRUE,2.35714285714286,2,2.5,2.71428571428571,2.16666666666667,1,2,2,2,2,1,"Out","Out","outgroup","outgroup",1,0,0,0,0,0,"Out","Out",,1,0,1,0,1,0,1,0,0,"Victim__J_Out__C_Out",0,1,-1,"Hum_x_Ing","Hum_x_Ing__Victim","Hum_x_Ing__Reject","Hum_x_Ing__Victim__Reject",0,1,0,0,0,0,"Victim__J_Out__C_Out__Reject","Victim__J_Out__C_Out__Reject",0,0,0,0,1,0,0,0,0,0,0,0,0,0,0,0,0,0,0,0,0,0,0,0,0,0,0,"J_Out__C_Out",,,0,0,0,1,0,0,0,0
111,7,2,"victim",0,19,1,2,1,1,0,2,TRUE,2.35714285714286,2,2.5,2.71428571428571,2.16666666666667,1,2,2,2,2,1,"Out","Out","outgroup","outgroup",1,0,0,0,0,0,"Out","Out",,1,0,1,0,1,0,1,0,0,"Victim__J_Out__C_Out",0,1,-1,"Hum_x_Ing","Hum_x_Ing__Victim","Hum_x_Ing__Reject","Hum_x_Ing__Victim__Reject",0,1,0,0,0,0,"Victim__J_Out__C_Out__Reject","Victim__J_Out__C_Out__Reject",0,0,0,0,1,0,0,0,0,0,0,0,0,0,0,0,0,0,0,0,0,0,0,0,0,0,0,"J_Out__C_Out",,,0,0,0,1,0,0,0,0
111,8,1,"victim",0,19,1,2,1,1,0,2,TRUE,2.35714285714286,2,2.5,2.71428571428571,2.16666666666667,1,1,2,1,2,1,"In","Out","ingroup","outgroup",0,0,0,1,0,0,"In","Out",,0,0,1,0,0,0,1,0,0,"Victim__J_In__C_Out",0,1,-1,"Hum_x_Hum","Hum_x_Hum__Victim","Hum_x_Hum__Reject","Hum_x_Hum__Victim__Reject",1,0,0,0,0,0,"Victim__J_In__C_Out__Reject","Victim__J_In__C_Out__Reject",0,0,0,1,0,0,0,0,0,0,0,0,0,0,0,0,0,0,0,0,0,0,0,0,0,0,0,"J_In__C_Out",,,0,0,1,0,0,0,0,0
111,8,2,"victim",0,19,1,2,1,1,0,2,TRUE,2.35714285714286,2,2.5,2.71428571428571,2.16666666666667,1,1,2,2,1,1,"In","Out","outgroup","ingroup",1,0,0,0,0,0,"Out","In",,0,0,1,0,1,0,0,0,0,"Victim__J_Out__C_In",0,1,-1,"Hum_x_Ing","Hum_x_Ing__Victim","Hum_x_Ing__Reject","Hum_x_Ing__Victim__Reject",0,1,0,0,0,0,"Victim__J_Out__C_In__Reject","Victim__J_Out__C_In__Reject",0,1,0,0,0,0,0,0,0,0,0,0,0,0,0,0,0,0,0,0,0,0,0,0,0,0,0,"J_Out__C_In",,,1,0,0,0,0,0,0,0
111,9,1,"victim",0,19,1,2,1,1,0,2,TRUE,2.35714285714286,2,2.5,2.71428571428571,2.16666666666667,1,1,2,1,2,1,"In","Out","ingroup","outgroup",0,0,0,1,0,0,"In","Out",,0,0,1,0,0,0,1,0,0,"Victim__J_In__C_Out",0,2,-2,"Hum_x_Hum","Hum_x_Hum__Victim","Hum_x_Hum__Reject","Hum_x_Hum__Victim__Reject",1,0,0,0,0,0,"Victim__J_In__C_Out__Reject","Victim__J_In__C_Out__Reject",0,0,0,1,0,0,0,0,0,0,0,0,0,0,0,0,0,0,0,0,0,0,0,0,0,0,0,"J_In__C_Out",,,0,0,1,0,0,0,0,0
111,9,2,"victim",0,19,1,2,1,1,0,2,TRUE,2.35714285714286,2,2.5,2.71428571428571,2.16666666666667,1,1,2,2,1,1,"In","Out","outgroup","ingroup",1,0,0,0,0,0,"Out","In",,0,0,1,0,1,0,0,0,0,"Victim__J_Out__C_In",0,2,-2,"Hum_x_Ing","Hum_x_Ing__Victim","Hum_x_Ing__Reject","Hum_x_Ing__Victim__Reject",0,1,0,0,0,0,"Victim__J_Out__C_In__Reject","Victim__J_Out__C_In__Reject",0,1,0,0,0,0,0,0,0,0,0,0,0,0,0,0,0,0,0,0,0,0,0,0,0,0,0,"J_Out__C_In",,,1,0,0,0,0,0,0,0
111,10,1,"victim",0,19,1,2,1,1,0,2,TRUE,2.35714285714286,2,2.5,2.71428571428571,2.16666666666667,1,1,1,1,1,1,"In","In","ingroup","ingroup",0,0,0,1,1,0,"In","In",,0,0,0,0,0,0,0,0,0,"Victim__J_In__C_In",0,-1,1,"Hum_x_Hum","Hum_x_Hum__Victim","Hum_x_Hum__Accept","Hum_x_Hum__Victim__Accept",1,0,0,0,0,0,"Victim__J_In__C_In__Accept","Victim__J_In__C_In__Accept",1,0,0,0,0,0,0,0,0,0,0,0,0,0,0,0,0,0,0,0,0,0,0,0,0,0,0,"J_In__C_In",,,0,0,0,0,0,0,0,0
111,10,2,"victim",0,19,1,2,1,1,0,2,TRUE,2.35714285714286,2,2.5,2.71428571428571,2.16666666666667,1,1,1,1,1,1,"In","In","ingroup","ingroup",0,0,0,1,0,1,"In","In",,0,0,0,0,0,0,0,0,0,"Victim__J_In__C_In",0,1,-1,"Hum_x_Hum","Hum_x_Hum__Victim","Hum_x_Hum__Reject","Hum_x_Hum__Victim__Reject",1,0,0,0,0,0,"Victim__J_In__C_In__Reject","Victim__J_In__C_In__Reject",1,0,0,0,0,0,0,0,0,0,0,0,0,0,0,0,0,0,0,0,0,0,0,0,0,0,0,"J_In__C_In",,,0,0,0,0,0,0,0,0
112,6,1,"victim",0,20,2,2,1,2,1,2,TRUE,2.46428571428571,2.42857142857143,2.75,2.42857142857143,2.16666666666667,2,1,1,1,1,2,"Out","Out","outgroup","outgroup",1,0,0,0,1,1,"Out","Out",,1,0,1,0,1,0,1,0,0,"Victim__J_Out__C_Out",0,-9,9,"Ing_x_Hum","Ing_x_Hum__Victim","Ing_x_Hum__Accept","Ing_x_Hum__Victim__Accept",0,0,0,1,0,0,"Victim__J_Out__C_Out__Accept","Victim__J_Out__C_Out__Accept",0,0,0,0,1,0,0,0,0,0,0,0,0,0,0,0,0,0,0,0,0,0,0,0,0,0,0,"J_Out__C_Out",,,0,0,0,1,0,0,0,0
112,6,2,"victim",0,20,2,2,1,2,1,2,TRUE,2.46428571428571,2.42857142857143,2.75,2.42857142857143,2.16666666666667,2,1,1,1,1,2,"Out","Out","outgroup","outgroup",1,0,0,0,1,1,"Out","Out",,1,0,1,0,1,0,1,0,0,"Victim__J_Out__C_Out",0,-9,9,"Ing_x_Hum","Ing_x_Hum__Victim","Ing_x_Hum__Accept","Ing_x_Hum__Victim__Accept",0,0,0,1,0,0,"Victim__J_Out__C_Out__Accept","Victim__J_Out__C_Out__Accept",0,0,0,0,1,0,0,0,0,0,0,0,0,0,0,0,0,0,0,0,0,0,0,0,0,0,0,"J_Out__C_Out",,,0,0,0,1,0,0,0,0
112,7,1,"victim",0,20,2,2,1,2,1,2,TRUE,2.46428571428571,2.42857142857143,2.75,2.42857142857143,2.16666666666667,2,2,2,2,2,2,"In","In","ingroup","ingroup",0,0,0,1,0,1,"In","In",,0,0,0,0,0,0,0,0,0,"Victim__J_In__C_In",0,9,-9,"Ing_x_Ing","Ing_x_Ing__Victim","Ing_x_Ing__Reject","Ing_x_Ing__Victim__Reject",0,0,0,0,1,0,"Victim__J_In__C_In__Reject","Victim__J_In__C_In__Reject",1,0,0,0,0,0,0,0,0,0,0,0,0,0,0,0,0,0,0,0,0,0,0,0,0,0,0,"J_In__C_In",,,0,0,0,0,0,0,0,0
112,7,2,"victim",0,20,2,2,1,2,1,2,TRUE,2.46428571428571,2.42857142857143,2.75,2.42857142857143,2.16666666666667,2,2,2,2,2,2,"In","In","ingroup","ingroup",0,0,0,1,1,0,"In","In",,0,0,0,0,0,0,0,0,0,"Victim__J_In__C_In",0,-9,9,"Ing_x_Ing","Ing_x_Ing__Victim","Ing_x_Ing__Accept","Ing_x_Ing__Victim__Accept",0,0,0,0,1,0,"Victim__J_In__C_In__Accept","Victim__J_In__C_In__Accept",1,0,0,0,0,0,0,0,0,0,0,0,0,0,0,0,0,0,0,0,0,0,0,0,0,0,0,"J_In__C_In",,,0,0,0,0,0,0,0,0
112,8,1,"victim",0,20,2,2,1,2,1,2,TRUE,2.46428571428571,2.42857142857143,2.75,2.42857142857143,2.16666666666667,2,1,3,1,3,2,"Out","Cont","outgroup","control",1,0,0,0,1,1,"Out","Cont",,1,0,0,1,1,0,0,1,0,"Victim__J_Out__C_Cont",1,-9,9,"Ing_x_Hum","Ing_x_Hum__Victim","Ing_x_Hum__Accept","Ing_x_Hum__Victim__Accept",0,0,0,1,0,0,"Victim__J_Out__C_Cont__Accept","Victim__J_Out__C_Cont__Accept",0,0,0,0,0,0,0,1,0,0,0,0,0,0,0,0,0,0,0,0,0,0,0,0,0,0,0,"J_Out__C_Cont",,,0,0,0,0,0,0,1,0
112,8,2,"victim",0,20,2,2,1,2,1,2,TRUE,2.46428571428571,2.42857142857143,2.75,2.42857142857143,2.16666666666667,2,1,3,3,1,2,"Out","Cont","control","outgroup",0,1,0,,1,1,"Cont","Out",,1,0,0,1,0,1,1,0,0,"Victim__J_Cont__C_Out",1,-9,9,"Ing_x_Control","Ing_x_Control__Victim","Ing_x_Control__Accept","Ing_x_Control__Victim__Accept",0,0,0,0,0,1,"Victim__J_Cont__C_Out__Accept","Victim__J_Cont__C_Out__Accept",0,0,0,0,0,1,0,0,0,0,0,0,0,0,0,0,0,0,0,0,0,0,0,0,0,0,0,"J_Cont__C_Out",,,0,0,0,0,1,0,0,0
112,9,1,"victim",0,20,2,2,1,2,1,2,TRUE,2.46428571428571,2.42857142857143,2.75,2.42857142857143,2.16666666666667,2,3,2,3,2,2,"Cont","In","control","ingroup",0,1,0,,1,1,"Cont","In",,0,1,0,0,0,1,0,0,0,"Victim__J_Cont__C_In",1,-9,9,"Ing_x_Control","Ing_x_Control__Victim","Ing_x_Control__Accept","Ing_x_Control__Victim__Accept",0,0,0,0,0,1,"Victim__J_Cont__C_In__Accept","Victim__J_Cont__C_In__Accept",0,0,1,0,0,0,0,0,0,0,0,0,0,0,0,0,0,0,0,0,0,0,0,0,0,0,0,"J_Cont__C_In",,,0,1,0,0,0,0,0,0
112,9,2,"victim",0,20,2,2,1,2,1,2,TRUE,2.46428571428571,2.42857142857143,2.75,2.42857142857143,2.16666666666667,2,3,2,2,3,2,"Cont","In","ingroup","control",0,0,0,1,1,1,"In","Cont",,0,1,0,0,0,0,0,1,0,"Victim__J_In__C_Cont",1,-9,9,"Ing_x_Ing","Ing_x_Ing__Victim","Ing_x_Ing__Accept","Ing_x_Ing__Victim__Accept",0,0,0,0,1,0,"Victim__J_In__C_Cont__Accept","Victim__J_In__C_Cont__Accept",0,0,0,0,0,0,1,0,0,0,0,0,0,0,0,0,0,0,0,0,0,0,0,0,0,0,0,"J_In__C_Cont",,,0,0,0,0,0,1,0,0
112,10,1,"victim",0,20,2,2,1,2,1,2,TRUE,2.46428571428571,2.42857142857143,2.75,2.42857142857143,2.16666666666667,2,1,3,1,3,2,"Out","Cont","outgroup","control",1,0,0,0,0,1,"Out","Cont",,1,0,0,1,1,0,0,1,0,"Victim__J_Out__C_Cont",1,9,-9,"Ing_x_Hum","Ing_x_Hum__Victim","Ing_x_Hum__Reject","Ing_x_Hum__Victim__Reject",0,0,0,1,0,0,"Victim__J_Out__C_Cont__Reject","Victim__J_Out__C_Cont__Reject",0,0,0,0,0,0,0,1,0,0,0,0,0,0,0,0,0,0,0,0,0,0,0,0,0,0,0,"J_Out__C_Cont",,,0,0,0,0,0,0,1,0
112,10,2,"victim",0,20,2,2,1,2,1,2,TRUE,2.46428571428571,2.42857142857143,2.75,2.42857142857143,2.16666666666667,2,1,3,3,1,2,"Out","Cont","control","outgroup",0,1,0,,1,0,"Cont","Out",,1,0,0,1,0,1,1,0,0,"Victim__J_Cont__C_Out",1,-9,9,"Ing_x_Control","Ing_x_Control__Victim","Ing_x_Control__Accept","Ing_x_Control__Victim__Accept",0,0,0,0,0,1,"Victim__J_Cont__C_Out__Accept","Victim__J_Cont__C_Out__Accept",0,0,0,0,0,1,0,0,0,0,0,0,0,0,0,0,0,0,0,0,0,0,0,0,0,0,0,"J_Cont__C_Out",,,0,0,0,0,1,0,0,0
113,6,1,"victim",0,18,2,2,1,2,1,2,TRUE,2.67857142857143,2.14285714285714,3,2.85714285714286,2.66666666666667,2,3,3,3,3,2,"Cont","Cont","control","control",0,1,0,,1,0,"Cont","Cont",,0,1,0,1,0,1,0,1,0,"Victim__J_Cont__C_Cont",1,-9,9,"Ing_x_Control","Ing_x_Control__Victim","Ing_x_Control__Accept","Ing_x_Control__Victim__Accept",0,0,0,0,0,1,"Victim__J_Cont__C_Cont__Accept","Victim__J_Cont__C_Cont__Accept",0,0,0,0,0,0,0,0,1,0,0,0,0,0,0,0,0,0,0,0,0,0,0,0,0,0,0,"J_Cont__C_Cont",,,0,0,0,0,0,0,0,1
113,6,2,"victim",0,18,2,2,1,2,1,2,TRUE,2.67857142857143,2.14285714285714,3,2.85714285714286,2.66666666666667,2,3,3,3,3,2,"Cont","Cont","control","control",0,1,0,,0,1,"Cont","Cont",,0,1,0,1,0,1,0,1,0,"Victim__J_Cont__C_Cont",1,9,-9,"Ing_x_Control","Ing_x_Control__Victim","Ing_x_Control__Reject","Ing_x_Control__Victim__Reject",0,0,0,0,0,1,"Victim__J_Cont__C_Cont__Reject","Victim__J_Cont__C_Cont__Reject",0,0,0,0,0,0,0,0,1,0,0,0,0,0,0,0,0,0,0,0,0,0,0,0,0,0,0,"J_Cont__C_Cont",,,0,0,0,0,0,0,0,1
113,7,1,"victim",0,18,2,2,1,2,1,2,TRUE,2.67857142857143,2.14285714285714,3,2.85714285714286,2.66666666666667,2,2,3,2,3,2,"In","Cont","ingroup","control",0,0,0,1,1,1,"In","Cont",,0,0,0,1,0,0,0,1,0,"Victim__J_In__C_Cont",1,-9,9,"Ing_x_Ing","Ing_x_Ing__Victim","Ing_x_Ing__Accept","Ing_x_Ing__Victim__Accept",0,0,0,0,1,0,"Victim__J_In__C_Cont__Accept","Victim__J_In__C_Cont__Accept",0,0,0,0,0,0,1,0,0,0,0,0,0,0,0,0,0,0,0,0,0,0,0,0,0,0,0,"J_In__C_Cont",,,0,0,0,0,0,1,0,0
113,7,2,"victim",0,18,2,2,1,2,1,2,TRUE,2.67857142857143,2.14285714285714,3,2.85714285714286,2.66666666666667,2,2,3,3,2,2,"In","Cont","control","ingroup",0,1,0,,1,1,"Cont","In",,0,0,0,1,0,1,0,0,0,"Victim__J_Cont__C_In",1,-9,9,"Ing_x_Control","Ing_x_Control__Victim","Ing_x_Control__Accept","Ing_x_Control__Victim__Accept",0,0,0,0,0,1,"Victim__J_Cont__C_In__Accept","Victim__J_Cont__C_In__Accept",0,0,1,0,0,0,0,0,0,0,0,0,0,0,0,0,0,0,0,0,0,0,0,0,0,0,0,"J_Cont__C_In",,,0,1,0,0,0,0,0,0
113,8,1,"victim",0,18,2,2,1,2,1,2,TRUE,2.67857142857143,2.14285714285714,3,2.85714285714286,2.66666666666667,2,1,2,1,2,2,"Out","In","outgroup","ingroup",1,0,0,0,0,0,"Out","In",,1,0,0,0,1,0,0,0,0,"Victim__J_Out__C_In",0,9,-9,"Ing_x_Hum","Ing_x_Hum__Victim","Ing_x_Hum__Reject","Ing_x_Hum__Victim__Reject",0,0,0,1,0,0,"Victim__J_Out__C_In__Reject","Victim__J_Out__C_In__Reject",0,1,0,0,0,0,0,0,0,0,0,0,0,0,0,0,0,0,0,0,0,0,0,0,0,0,0,"J_Out__C_In",,,1,0,0,0,0,0,0,0
113,8,2,"victim",0,18,2,2,1,2,1,2,TRUE,2.67857142857143,2.14285714285714,3,2.85714285714286,2.66666666666667,2,1,2,2,1,2,"Out","In","ingroup","outgroup",0,0,0,1,0,0,"In","Out",,1,0,0,0,0,0,1,0,0,"Victim__J_In__C_Out",0,9,-9,"Ing_x_Ing","Ing_x_Ing__Victim","Ing_x_Ing__Reject","Ing_x_Ing__Victim__Reject",0,0,0,0,1,0,"Victim__J_In__C_Out__Reject","Victim__J_In__C_Out__Reject",0,0,0,1,0,0,0,0,0,0,0,0,0,0,0,0,0,0,0,0,0,0,0,0,0,0,0,"J_In__C_Out",,,0,0,1,0,0,0,0,0
113,9,1,"victim",0,18,2,2,1,2,1,2,TRUE,2.67857142857143,2.14285714285714,3,2.85714285714286,2.66666666666667,2,3,3,3,3,2,"Cont","Cont","control","control",0,1,0,,0,0,"Cont","Cont",,0,1,0,1,0,1,0,1,0,"Victim__J_Cont__C_Cont",1,9,-9,"Ing_x_Control","Ing_x_Control__Victim","Ing_x_Control__Reject","Ing_x_Control__Victim__Reject",0,0,0,0,0,1,"Victim__J_Cont__C_Cont__Reject","Victim__J_Cont__C_Cont__Reject",0,0,0,0,0,0,0,0,1,0,0,0,0,0,0,0,0,0,0,0,0,0,0,0,0,0,0,"J_Cont__C_Cont",,,0,0,0,0,0,0,0,1
113,9,2,"victim",0,18,2,2,1,2,1,2,TRUE,2.67857142857143,2.14285714285714,3,2.85714285714286,2.66666666666667,2,3,3,3,3,2,"Cont","Cont","control","control",0,1,0,,0,0,"Cont","Cont",,0,1,0,1,0,1,0,1,0,"Victim__J_Cont__C_Cont",1,9,-9,"Ing_x_Control","Ing_x_Control__Victim","Ing_x_Control__Reject","Ing_x_Control__Victim__Reject",0,0,0,0,0,1,"Victim__J_Cont__C_Cont__Reject","Victim__J_Cont__C_Cont__Reject",0,0,0,0,0,0,0,0,1,0,0,0,0,0,0,0,0,0,0,0,0,0,0,0,0,0,0,"J_Cont__C_Cont",,,0,0,0,0,0,0,0,1
113,10,1,"victim",0,18,2,2,1,2,1,2,TRUE,2.67857142857143,2.14285714285714,3,2.85714285714286,2.66666666666667,2,2,1,2,1,2,"In","Out","ingroup","outgroup",0,0,0,1,0,0,"In","Out",,0,0,1,0,0,0,1,0,0,"Victim__J_In__C_Out",0,9,-9,"Ing_x_Ing","Ing_x_Ing__Victim","Ing_x_Ing__Reject","Ing_x_Ing__Victim__Reject",0,0,0,0,1,0,"Victim__J_In__C_Out__Reject","Victim__J_In__C_Out__Reject",0,0,0,1,0,0,0,0,0,0,0,0,0,0,0,0,0,0,0,0,0,0,0,0,0,0,0,"J_In__C_Out",,,0,0,1,0,0,0,0,0
113,10,2,"victim",0,18,2,2,1,2,1,2,TRUE,2.67857142857143,2.14285714285714,3,2.85714285714286,2.66666666666667,2,2,1,1,2,2,"In","Out","outgroup","ingroup",1,0,0,0,0,0,"Out","In",,0,0,1,0,1,0,0,0,0,"Victim__J_Out__C_In",0,9,-9,"Ing_x_Hum","Ing_x_Hum__Victim","Ing_x_Hum__Reject","Ing_x_Hum__Victim__Reject",0,0,0,1,0,0,"Victim__J_Out__C_In__Reject","Victim__J_Out__C_In__Reject",0,1,0,0,0,0,0,0,0,0,0,0,0,0,0,0,0,0,0,0,0,0,0,0,0,0,0,"J_Out__C_In",,,1,0,0,0,0,0,0,0
115,6,1,"victim",0,18,4,1,0,1,0,2,TRUE,2.64285714285714,2.42857142857143,2.625,2.85714285714286,2.66666666666667,1,1,3,1,3,1,"In","Cont","ingroup","control",0,0,0,1,0,1,"In","Cont",,0,0,0,1,0,0,0,1,0,"Victim__J_In__C_Cont",1,8,-8,"Hum_x_Hum","Hum_x_Hum__Victim","Hum_x_Hum__Reject","Hum_x_Hum__Victim__Reject",1,0,0,0,0,0,"Victim__J_In__C_Cont__Reject","Victim__J_In__C_Cont__Reject",0,0,0,0,0,0,1,0,0,0,0,0,0,0,0,0,0,0,0,0,0,0,0,0,0,0,0,"J_In__C_Cont",,,0,0,0,0,0,1,0,0
115,6,2,"victim",0,18,4,1,0,1,0,2,TRUE,2.64285714285714,2.42857142857143,2.625,2.85714285714286,2.66666666666667,1,1,3,3,1,1,"In","Cont","control","ingroup",0,1,0,,1,0,"Cont","In",,0,0,0,1,0,1,0,0,0,"Victim__J_Cont__C_In",1,-8,8,"Hum_x_Control","Hum_x_Control__Victim","Hum_x_Control__Accept","Hum_x_Control__Victim__Accept",0,0,1,0,0,0,"Victim__J_Cont__C_In__Accept","Victim__J_Cont__C_In__Accept",0,0,1,0,0,0,0,0,0,0,0,0,0,0,0,0,0,0,0,0,0,0,0,0,0,0,0,"J_Cont__C_In",,,0,1,0,0,0,0,0,0
115,7,1,"victim",0,18,4,1,0,1,0,2,TRUE,2.64285714285714,2.42857142857143,2.625,2.85714285714286,2.66666666666667,1,1,3,1,3,1,"In","Cont","ingroup","control",0,0,0,1,0,0,"In","Cont",,0,0,0,1,0,0,0,1,0,"Victim__J_In__C_Cont",1,9,-9,"Hum_x_Hum","Hum_x_Hum__Victim","Hum_x_Hum__Reject","Hum_x_Hum__Victim__Reject",1,0,0,0,0,0,"Victim__J_In__C_Cont__Reject","Victim__J_In__C_Cont__Reject",0,0,0,0,0,0,1,0,0,0,0,0,0,0,0,0,0,0,0,0,0,0,0,0,0,0,0,"J_In__C_Cont",,,0,0,0,0,0,1,0,0
115,7,2,"victim",0,18,4,1,0,1,0,2,TRUE,2.64285714285714,2.42857142857143,2.625,2.85714285714286,2.66666666666667,1,1,3,3,1,1,"In","Cont","control","ingroup",0,1,0,,0,0,"Cont","In",,0,0,0,1,0,1,0,0,0,"Victim__J_Cont__C_In",1,9,-9,"Hum_x_Control","Hum_x_Control__Victim","Hum_x_Control__Reject","Hum_x_Control__Victim__Reject",0,0,1,0,0,0,"Victim__J_Cont__C_In__Reject","Victim__J_Cont__C_In__Reject",0,0,1,0,0,0,0,0,0,0,0,0,0,0,0,0,0,0,0,0,0,0,0,0,0,0,0,"J_Cont__C_In",,,0,1,0,0,0,0,0,0
115,8,1,"victim",0,18,4,1,0,1,0,2,TRUE,2.64285714285714,2.42857142857143,2.625,2.85714285714286,2.66666666666667,1,3,1,3,1,1,"Cont","In","control","ingroup",0,1,0,,0,1,"Cont","In",,0,1,0,0,0,1,0,0,0,"Victim__J_Cont__C_In",1,9,-9,"Hum_x_Control","Hum_x_Control__Victim","Hum_x_Control__Reject","Hum_x_Control__Victim__Reject",0,0,1,0,0,0,"Victim__J_Cont__C_In__Reject","Victim__J_Cont__C_In__Reject",0,0,1,0,0,0,0,0,0,0,0,0,0,0,0,0,0,0,0,0,0,0,0,0,0,0,0,"J_Cont__C_In",,,0,1,0,0,0,0,0,0
115,8,2,"victim",0,18,4,1,0,1,0,2,TRUE,2.64285714285714,2.42857142857143,2.625,2.85714285714286,2.66666666666667,1,3,1,1,3,1,"Cont","In","ingroup","control",0,0,0,1,1,0,"In","Cont",,0,1,0,0,0,0,0,1,0,"Victim__J_In__C_Cont",1,-8,8,"Hum_x_Hum","Hum_x_Hum__Victim","Hum_x_Hum__Accept","Hum_x_Hum__Victim__Accept",1,0,0,0,0,0,"Victim__J_In__C_Cont__Accept","Victim__J_In__C_Cont__Accept",0,0,0,0,0,0,1,0,0,0,0,0,0,0,0,0,0,0,0,0,0,0,0,0,0,0,0,"J_In__C_Cont",,,0,0,0,0,0,1,0,0
115,9,1,"victim",0,18,4,1,0,1,0,2,TRUE,2.64285714285714,2.42857142857143,2.625,2.85714285714286,2.66666666666667,1,1,3,1,3,1,"In","Cont","ingroup","control",0,0,0,1,1,0,"In","Cont",,0,0,0,1,0,0,0,1,0,"Victim__J_In__C_Cont",1,-9,9,"Hum_x_Hum","Hum_x_Hum__Victim","Hum_x_Hum__Accept","Hum_x_Hum__Victim__Accept",1,0,0,0,0,0,"Victim__J_In__C_Cont__Accept","Victim__J_In__C_Cont__Accept",0,0,0,0,0,0,1,0,0,0,0,0,0,0,0,0,0,0,0,0,0,0,0,0,0,0,0,"J_In__C_Cont",,,0,0,0,0,0,1,0,0
115,9,2,"victim",0,18,4,1,0,1,0,2,TRUE,2.64285714285714,2.42857142857143,2.625,2.85714285714286,2.66666666666667,1,1,3,3,1,1,"In","Cont","control","ingroup",0,1,0,,0,1,"Cont","In",,0,0,0,1,0,1,0,0,0,"Victim__J_Cont__C_In",1,9,-9,"Hum_x_Control","Hum_x_Control__Victim","Hum_x_Control__Reject","Hum_x_Control__Victim__Reject",0,0,1,0,0,0,"Victim__J_Cont__C_In__Reject","Victim__J_Cont__C_In__Reject",0,0,1,0,0,0,0,0,0,0,0,0,0,0,0,0,0,0,0,0,0,0,0,0,0,0,0,"J_Cont__C_In",,,0,1,0,0,0,0,0,0
115,10,1,"victim",0,18,4,1,0,1,0,2,TRUE,2.64285714285714,2.42857142857143,2.625,2.85714285714286,2.66666666666667,1,3,2,3,2,1,"Cont","Out","control","outgroup",0,1,0,,1,1,"Cont","Out",,0,1,1,0,0,1,1,0,0,"Victim__J_Cont__C_Out",1,-9,9,"Hum_x_Control","Hum_x_Control__Victim","Hum_x_Control__Accept","Hum_x_Control__Victim__Accept",0,0,1,0,0,0,"Victim__J_Cont__C_Out__Accept","Victim__J_Cont__C_Out__Accept",0,0,0,0,0,1,0,0,0,0,0,0,0,0,0,0,0,0,0,0,0,0,0,0,0,0,0,"J_Cont__C_Out",,,0,0,0,0,1,0,0,0
115,10,2,"victim",0,18,4,1,0,1,0,2,TRUE,2.64285714285714,2.42857142857143,2.625,2.85714285714286,2.66666666666667,1,3,2,2,3,1,"Cont","Out","outgroup","control",1,0,0,0,1,1,"Out","Cont",,0,1,1,0,1,0,0,1,0,"Victim__J_Out__C_Cont",1,-9,9,"Hum_x_Ing","Hum_x_Ing__Victim","Hum_x_Ing__Accept","Hum_x_Ing__Victim__Accept",0,1,0,0,0,0,"Victim__J_Out__C_Cont__Accept","Victim__J_Out__C_Cont__Accept",0,0,0,0,0,0,0,1,0,0,0,0,0,0,0,0,0,0,0,0,0,0,0,0,0,0,0,"J_Out__C_Cont",,,0,0,0,0,0,0,1,0
116,1,1,"victim",0,18,2,1,0,1,0,1,TRUE,2.57142857142857,2.42857142857143,2.125,3,2.83333333333333,1,3,2,3,2,1,"Cont","Out","control","outgroup",0,1,0,,0,0,"Cont","Out",,0,1,1,0,0,1,1,0,0,"Victim__J_Cont__C_Out",1,9,-9,"Hum_x_Control","Hum_x_Control__Victim","Hum_x_Control__Reject","Hum_x_Control__Victim__Reject",0,0,1,0,0,0,"Victim__J_Cont__C_Out__Reject","Victim__J_Cont__C_Out__Reject",0,0,0,0,0,1,0,0,0,0,0,0,0,0,0,0,0,0,0,0,0,0,0,0,0,0,0,"J_Cont__C_Out",,,0,0,0,0,1,0,0,0
116,1,2,"victim",0,18,2,1,0,1,0,1,TRUE,2.57142857142857,2.42857142857143,2.125,3,2.83333333333333,1,3,2,2,3,1,"Cont","Out","outgroup","control",1,0,0,0,0,0,"Out","Cont",,0,1,1,0,1,0,0,1,0,"Victim__J_Out__C_Cont",1,9,-9,"Hum_x_Ing","Hum_x_Ing__Victim","Hum_x_Ing__Reject","Hum_x_Ing__Victim__Reject",0,1,0,0,0,0,"Victim__J_Out__C_Cont__Reject","Victim__J_Out__C_Cont__Reject",0,0,0,0,0,0,0,1,0,0,0,0,0,0,0,0,0,0,0,0,0,0,0,0,0,0,0,"J_Out__C_Cont",,,0,0,0,0,0,0,1,0
116,2,1,"victim",0,18,2,1,0,1,0,1,TRUE,2.57142857142857,2.42857142857143,2.125,3,2.83333333333333,1,2,1,2,1,1,"Out","In","outgroup","ingroup",1,0,0,0,0,1,"Out","In",,1,0,0,0,1,0,0,0,0,"Victim__J_Out__C_In",0,9,-9,"Hum_x_Ing","Hum_x_Ing__Victim","Hum_x_Ing__Reject","Hum_x_Ing__Victim__Reject",0,1,0,0,0,0,"Victim__J_Out__C_In__Reject","Victim__J_Out__C_In__Reject",0,1,0,0,0,0,0,0,0,0,0,0,0,0,0,0,0,0,0,0,0,0,0,0,0,0,0,"J_Out__C_In",,,1,0,0,0,0,0,0,0
116,2,2,"victim",0,18,2,1,0,1,0,1,TRUE,2.57142857142857,2.42857142857143,2.125,3,2.83333333333333,1,2,1,1,2,1,"Out","In","ingroup","outgroup",0,0,0,1,1,0,"In","Out",,1,0,0,0,0,0,1,0,0,"Victim__J_In__C_Out",0,0,0,"Hum_x_Hum","Hum_x_Hum__Victim","Hum_x_Hum__Accept","Hum_x_Hum__Victim__Accept",1,0,0,0,0,0,"Victim__J_In__C_Out__Accept","Victim__J_In__C_Out__Accept",0,0,0,1,0,0,0,0,0,0,0,0,0,0,0,0,0,0,0,0,0,0,0,0,0,0,0,"J_In__C_Out",,,0,0,1,0,0,0,0,0
116,3,1,"victim",0,18,2,1,0,1,0,1,TRUE,2.57142857142857,2.42857142857143,2.125,3,2.83333333333333,1,1,1,1,1,1,"In","In","ingroup","ingroup",0,0,0,1,1,0,"In","In",,0,0,0,0,0,0,0,0,0,"Victim__J_In__C_In",0,0,0,"Hum_x_Hum","Hum_x_Hum__Victim","Hum_x_Hum__Accept","Hum_x_Hum__Victim__Accept",1,0,0,0,0,0,"Victim__J_In__C_In__Accept","Victim__J_In__C_In__Accept",1,0,0,0,0,0,0,0,0,0,0,0,0,0,0,0,0,0,0,0,0,0,0,0,0,0,0,"J_In__C_In",,,0,0,0,0,0,0,0,0
116,3,2,"victim",0,18,2,1,0,1,0,1,TRUE,2.57142857142857,2.42857142857143,2.125,3,2.83333333333333,1,1,1,1,1,1,"In","In","ingroup","ingroup",0,0,0,1,0,1,"In","In",,0,0,0,0,0,0,0,0,0,"Victim__J_In__C_In",0,9,-9,"Hum_x_Hum","Hum_x_Hum__Victim","Hum_x_Hum__Reject","Hum_x_Hum__Victim__Reject",1,0,0,0,0,0,"Victim__J_In__C_In__Reject","Victim__J_In__C_In__Reject",1,0,0,0,0,0,0,0,0,0,0,0,0,0,0,0,0,0,0,0,0,0,0,0,0,0,0,"J_In__C_In",,,0,0,0,0,0,0,0,0
116,4,1,"victim",0,18,2,1,0,1,0,1,TRUE,2.57142857142857,2.42857142857143,2.125,3,2.83333333333333,1,3,3,3,3,1,"Cont","Cont","control","control",0,1,0,,1,1,"Cont","Cont",,0,1,0,1,0,1,0,1,0,"Victim__J_Cont__C_Cont",1,-9,9,"Hum_x_Control","Hum_x_Control__Victim","Hum_x_Control__Accept","Hum_x_Control__Victim__Accept",0,0,1,0,0,0,"Victim__J_Cont__C_Cont__Accept","Victim__J_Cont__C_Cont__Accept",0,0,0,0,0,0,0,0,1,0,0,0,0,0,0,0,0,0,0,0,0,0,0,0,0,0,0,"J_Cont__C_Cont",,,0,0,0,0,0,0,0,1
116,4,2,"victim",0,18,2,1,0,1,0,1,TRUE,2.57142857142857,2.42857142857143,2.125,3,2.83333333333333,1,3,3,3,3,1,"Cont","Cont","control","control",0,1,0,,1,1,"Cont","Cont",,0,1,0,1,0,1,0,1,0,"Victim__J_Cont__C_Cont",1,-9,9,"Hum_x_Control","Hum_x_Control__Victim","Hum_x_Control__Accept","Hum_x_Control__Victim__Accept",0,0,1,0,0,0,"Victim__J_Cont__C_Cont__Accept","Victim__J_Cont__C_Cont__Accept",0,0,0,0,0,0,0,0,1,0,0,0,0,0,0,0,0,0,0,0,0,0,0,0,0,0,0,"J_Cont__C_Cont",,,0,0,0,0,0,0,0,1
116,5,1,"victim",0,18,2,1,0,1,0,1,TRUE,2.57142857142857,2.42857142857143,2.125,3,2.83333333333333,1,1,3,1,3,1,"In","Cont","ingroup","control",0,0,0,1,1,0,"In","Cont",,0,0,0,1,0,0,0,1,0,"Victim__J_In__C_Cont",1,-9,9,"Hum_x_Hum","Hum_x_Hum__Victim","Hum_x_Hum__Accept","Hum_x_Hum__Victim__Accept",1,0,0,0,0,0,"Victim__J_In__C_Cont__Accept","Victim__J_In__C_Cont__Accept",0,0,0,0,0,0,1,0,0,0,0,0,0,0,0,0,0,0,0,0,0,0,0,0,0,0,0,"J_In__C_Cont",,,0,0,0,0,0,1,0,0
116,5,2,"victim",0,18,2,1,0,1,0,1,TRUE,2.57142857142857,2.42857142857143,2.125,3,2.83333333333333,1,1,3,3,1,1,"In","Cont","control","ingroup",0,1,0,,0,1,"Cont","In",,0,0,0,1,0,1,0,0,0,"Victim__J_Cont__C_In",1,9,-9,"Hum_x_Control","Hum_x_Control__Victim","Hum_x_Control__Reject","Hum_x_Control__Victim__Reject",0,0,1,0,0,0,"Victim__J_Cont__C_In__Reject","Victim__J_Cont__C_In__Reject",0,0,1,0,0,0,0,0,0,0,0,0,0,0,0,0,0,0,0,0,0,0,0,0,0,0,0,"J_Cont__C_In",,,0,1,0,0,0,0,0,0
117,6,1,"victim",0,19,3,1,0,2,1,2,TRUE,2.89285714285714,2.71428571428571,3,2.85714285714286,3,2,1,1,1,1,2,"Out","Out","outgroup","outgroup",1,0,0,0,0,0,"Out","Out",,1,0,1,0,1,0,1,0,0,"Victim__J_Out__C_Out",0,9,-9,"Ing_x_Hum","Ing_x_Hum__Victim","Ing_x_Hum__Reject","Ing_x_Hum__Victim__Reject",0,0,0,1,0,0,"Victim__J_Out__C_Out__Reject","Victim__J_Out__C_Out__Reject",0,0,0,0,1,0,0,0,0,0,0,0,0,0,0,0,0,0,0,0,0,0,0,0,0,0,0,"J_Out__C_Out",,,0,0,0,1,0,0,0,0
117,6,2,"victim",0,19,3,1,0,2,1,2,TRUE,2.89285714285714,2.71428571428571,3,2.85714285714286,3,2,1,1,1,1,2,"Out","Out","outgroup","outgroup",1,0,0,0,0,0,"Out","Out",,1,0,1,0,1,0,1,0,0,"Victim__J_Out__C_Out",0,9,-9,"Ing_x_Hum","Ing_x_Hum__Victim","Ing_x_Hum__Reject","Ing_x_Hum__Victim__Reject",0,0,0,1,0,0,"Victim__J_Out__C_Out__Reject","Victim__J_Out__C_Out__Reject",0,0,0,0,1,0,0,0,0,0,0,0,0,0,0,0,0,0,0,0,0,0,0,0,0,0,0,"J_Out__C_Out",,,0,0,0,1,0,0,0,0
117,7,1,"victim",0,19,3,1,0,2,1,2,TRUE,2.89285714285714,2.71428571428571,3,2.85714285714286,3,2,3,2,3,2,2,"Cont","In","control","ingroup",0,1,0,,0,0,"Cont","In",,0,1,0,0,0,1,0,0,0,"Victim__J_Cont__C_In",1,9,-9,"Ing_x_Control","Ing_x_Control__Victim","Ing_x_Control__Reject","Ing_x_Control__Victim__Reject",0,0,0,0,0,1,"Victim__J_Cont__C_In__Reject","Victim__J_Cont__C_In__Reject",0,0,1,0,0,0,0,0,0,0,0,0,0,0,0,0,0,0,0,0,0,0,0,0,0,0,0,"J_Cont__C_In",,,0,1,0,0,0,0,0,0
117,7,2,"victim",0,19,3,1,0,2,1,2,TRUE,2.89285714285714,2.71428571428571,3,2.85714285714286,3,2,3,2,2,3,2,"Cont","In","ingroup","control",0,0,0,1,0,0,"In","Cont",,0,1,0,0,0,0,0,1,0,"Victim__J_In__C_Cont",1,9,-9,"Ing_x_Ing","Ing_x_Ing__Victim","Ing_x_Ing__Reject","Ing_x_Ing__Victim__Reject",0,0,0,0,1,0,"Victim__J_In__C_Cont__Reject","Victim__J_In__C_Cont__Reject",0,0,0,0,0,0,1,0,0,0,0,0,0,0,0,0,0,0,0,0,0,0,0,0,0,0,0,"J_In__C_Cont",,,0,0,0,0,0,1,0,0
117,8,1,"victim",0,19,3,1,0,2,1,2,TRUE,2.89285714285714,2.71428571428571,3,2.85714285714286,3,2,2,2,2,2,2,"In","In","ingroup","ingroup",0,0,0,1,1,1,"In","In",,0,0,0,0,0,0,0,0,0,"Victim__J_In__C_In",0,-9,9,"Ing_x_Ing","Ing_x_Ing__Victim","Ing_x_Ing__Accept","Ing_x_Ing__Victim__Accept",0,0,0,0,1,0,"Victim__J_In__C_In__Accept","Victim__J_In__C_In__Accept",1,0,0,0,0,0,0,0,0,0,0,0,0,0,0,0,0,0,0,0,0,0,0,0,0,0,0,"J_In__C_In",,,0,0,0,0,0,0,0,0
117,8,2,"victim",0,19,3,1,0,2,1,2,TRUE,2.89285714285714,2.71428571428571,3,2.85714285714286,3,2,2,2,2,2,2,"In","In","ingroup","ingroup",0,0,0,1,1,1,"In","In",,0,0,0,0,0,0,0,0,0,"Victim__J_In__C_In",0,-9,9,"Ing_x_Ing","Ing_x_Ing__Victim","Ing_x_Ing__Accept","Ing_x_Ing__Victim__Accept",0,0,0,0,1,0,"Victim__J_In__C_In__Accept","Victim__J_In__C_In__Accept",1,0,0,0,0,0,0,0,0,0,0,0,0,0,0,0,0,0,0,0,0,0,0,0,0,0,0,"J_In__C_In",,,0,0,0,0,0,0,0,0
117,9,1,"victim",0,19,3,1,0,2,1,2,TRUE,2.89285714285714,2.71428571428571,3,2.85714285714286,3,2,2,1,2,1,2,"In","Out","ingroup","outgroup",0,0,0,1,1,1,"In","Out",,0,0,1,0,0,0,1,0,0,"Victim__J_In__C_Out",0,-9,9,"Ing_x_Ing","Ing_x_Ing__Victim","Ing_x_Ing__Accept","Ing_x_Ing__Victim__Accept",0,0,0,0,1,0,"Victim__J_In__C_Out__Accept","Victim__J_In__C_Out__Accept",0,0,0,1,0,0,0,0,0,0,0,0,0,0,0,0,0,0,0,0,0,0,0,0,0,0,0,"J_In__C_Out",,,0,0,1,0,0,0,0,0
117,9,2,"victim",0,19,3,1,0,2,1,2,TRUE,2.89285714285714,2.71428571428571,3,2.85714285714286,3,2,2,1,1,2,2,"In","Out","outgroup","ingroup",1,0,0,0,1,1,"Out","In",,0,0,1,0,1,0,0,0,0,"Victim__J_Out__C_In",0,-9,9,"Ing_x_Hum","Ing_x_Hum__Victim","Ing_x_Hum__Accept","Ing_x_Hum__Victim__Accept",0,0,0,1,0,0,"Victim__J_Out__C_In__Accept","Victim__J_Out__C_In__Accept",0,1,0,0,0,0,0,0,0,0,0,0,0,0,0,0,0,0,0,0,0,0,0,0,0,0,0,"J_Out__C_In",,,1,0,0,0,0,0,0,0
117,10,1,"victim",0,19,3,1,0,2,1,2,TRUE,2.89285714285714,2.71428571428571,3,2.85714285714286,3,2,1,2,1,2,2,"Out","In","outgroup","ingroup",1,0,0,0,1,0,"Out","In",,1,0,0,0,1,0,0,0,0,"Victim__J_Out__C_In",0,-9,9,"Ing_x_Hum","Ing_x_Hum__Victim","Ing_x_Hum__Accept","Ing_x_Hum__Victim__Accept",0,0,0,1,0,0,"Victim__J_Out__C_In__Accept","Victim__J_Out__C_In__Accept",0,1,0,0,0,0,0,0,0,0,0,0,0,0,0,0,0,0,0,0,0,0,0,0,0,0,0,"J_Out__C_In",,,1,0,0,0,0,0,0,0
117,10,2,"victim",0,19,3,1,0,2,1,2,TRUE,2.89285714285714,2.71428571428571,3,2.85714285714286,3,2,1,2,2,1,2,"Out","In","ingroup","outgroup",0,0,0,1,0,1,"In","Out",,1,0,0,0,0,0,1,0,0,"Victim__J_In__C_Out",0,9,-9,"Ing_x_Ing","Ing_x_Ing__Victim","Ing_x_Ing__Reject","Ing_x_Ing__Victim__Reject",0,0,0,0,1,0,"Victim__J_In__C_Out__Reject","Victim__J_In__C_Out__Reject",0,0,0,1,0,0,0,0,0,0,0,0,0,0,0,0,0,0,0,0,0,0,0,0,0,0,0,"J_In__C_Out",,,0,0,1,0,0,0,0,0
118,1,1,"victim",0,19,3,2,1,2,1,1,TRUE,2.71428571428571,2.28571428571429,2.875,3.28571428571429,2.33333333333333,2,2,3,2,3,2,"In","Cont","ingroup","control",0,0,0,1,0,1,"In","Cont",,0,0,0,1,0,0,0,1,0,"Victim__J_In__C_Cont",1,8,-8,"Ing_x_Ing","Ing_x_Ing__Victim","Ing_x_Ing__Reject","Ing_x_Ing__Victim__Reject",0,0,0,0,1,0,"Victim__J_In__C_Cont__Reject","Victim__J_In__C_Cont__Reject",0,0,0,0,0,0,1,0,0,0,0,0,0,0,0,0,0,0,0,0,0,0,0,0,0,0,0,"J_In__C_Cont",,,0,0,0,0,0,1,0,0
118,1,2,"victim",0,19,3,2,1,2,1,1,TRUE,2.71428571428571,2.28571428571429,2.875,3.28571428571429,2.33333333333333,2,2,3,3,2,2,"In","Cont","control","ingroup",0,1,0,,1,0,"Cont","In",,0,0,0,1,0,1,0,0,0,"Victim__J_Cont__C_In",1,5,-5,"Ing_x_Control","Ing_x_Control__Victim","Ing_x_Control__Accept","Ing_x_Control__Victim__Accept",0,0,0,0,0,1,"Victim__J_Cont__C_In__Accept","Victim__J_Cont__C_In__Accept",0,0,1,0,0,0,0,0,0,0,0,0,0,0,0,0,0,0,0,0,0,0,0,0,0,0,0,"J_Cont__C_In",,,0,1,0,0,0,0,0,0
118,2,1,"victim",0,19,3,2,1,2,1,1,TRUE,2.71428571428571,2.28571428571429,2.875,3.28571428571429,2.33333333333333,2,2,2,2,2,2,"In","In","ingroup","ingroup",0,0,0,1,0,0,"In","In",,0,0,0,0,0,0,0,0,0,"Victim__J_In__C_In",0,9,-9,"Ing_x_Ing","Ing_x_Ing__Victim","Ing_x_Ing__Reject","Ing_x_Ing__Victim__Reject",0,0,0,0,1,0,"Victim__J_In__C_In__Reject","Victim__J_In__C_In__Reject",1,0,0,0,0,0,0,0,0,0,0,0,0,0,0,0,0,0,0,0,0,0,0,0,0,0,0,"J_In__C_In",,,0,0,0,0,0,0,0,0
118,2,2,"victim",0,19,3,2,1,2,1,1,TRUE,2.71428571428571,2.28571428571429,2.875,3.28571428571429,2.33333333333333,2,2,2,2,2,2,"In","In","ingroup","ingroup",0,0,0,1,0,0,"In","In",,0,0,0,0,0,0,0,0,0,"Victim__J_In__C_In",0,9,-9,"Ing_x_Ing","Ing_x_Ing__Victim","Ing_x_Ing__Reject","Ing_x_Ing__Victim__Reject",0,0,0,0,1,0,"Victim__J_In__C_In__Reject","Victim__J_In__C_In__Reject",1,0,0,0,0,0,0,0,0,0,0,0,0,0,0,0,0,0,0,0,0,0,0,0,0,0,0,"J_In__C_In",,,0,0,0,0,0,0,0,0
118,3,1,"victim",0,19,3,2,1,2,1,1,TRUE,2.71428571428571,2.28571428571429,2.875,3.28571428571429,2.33333333333333,2,3,3,3,3,2,"Cont","Cont","control","control",0,1,0,,0,1,"Cont","Cont",,0,1,0,1,0,1,0,1,0,"Victim__J_Cont__C_Cont",1,5,-5,"Ing_x_Control","Ing_x_Control__Victim","Ing_x_Control__Reject","Ing_x_Control__Victim__Reject",0,0,0,0,0,1,"Victim__J_Cont__C_Cont__Reject","Victim__J_Cont__C_Cont__Reject",0,0,0,0,0,0,0,0,1,0,0,0,0,0,0,0,0,0,0,0,0,0,0,0,0,0,0,"J_Cont__C_Cont",,,0,0,0,0,0,0,0,1
118,3,2,"victim",0,19,3,2,1,2,1,1,TRUE,2.71428571428571,2.28571428571429,2.875,3.28571428571429,2.33333333333333,2,3,3,3,3,2,"Cont","Cont","control","control",0,1,0,,1,0,"Cont","Cont",,0,1,0,1,0,1,0,1,0,"Victim__J_Cont__C_Cont",1,8,-8,"Ing_x_Control","Ing_x_Control__Victim","Ing_x_Control__Accept","Ing_x_Control__Victim__Accept",0,0,0,0,0,1,"Victim__J_Cont__C_Cont__Accept","Victim__J_Cont__C_Cont__Accept",0,0,0,0,0,0,0,0,1,0,0,0,0,0,0,0,0,0,0,0,0,0,0,0,0,0,0,"J_Cont__C_Cont",,,0,0,0,0,0,0,0,1
118,4,1,"victim",0,19,3,2,1,2,1,1,TRUE,2.71428571428571,2.28571428571429,2.875,3.28571428571429,2.33333333333333,2,2,3,2,3,2,"In","Cont","ingroup","control",0,0,0,1,0,1,"In","Cont",,0,0,0,1,0,0,0,1,0,"Victim__J_In__C_Cont",1,8,-8,"Ing_x_Ing","Ing_x_Ing__Victim","Ing_x_Ing__Reject","Ing_x_Ing__Victim__Reject",0,0,0,0,1,0,"Victim__J_In__C_Cont__Reject","Victim__J_In__C_Cont__Reject",0,0,0,0,0,0,1,0,0,0,0,0,0,0,0,0,0,0,0,0,0,0,0,0,0,0,0,"J_In__C_Cont",,,0,0,0,0,0,1,0,0
118,4,2,"victim",0,19,3,2,1,2,1,1,TRUE,2.71428571428571,2.28571428571429,2.875,3.28571428571429,2.33333333333333,2,2,3,3,2,2,"In","Cont","control","ingroup",0,1,0,,1,0,"Cont","In",,0,0,0,1,0,1,0,0,0,"Victim__J_Cont__C_In",1,4,-4,"Ing_x_Control","Ing_x_Control__Victim","Ing_x_Control__Accept","Ing_x_Control__Victim__Accept",0,0,0,0,0,1,"Victim__J_Cont__C_In__Accept","Victim__J_Cont__C_In__Accept",0,0,1,0,0,0,0,0,0,0,0,0,0,0,0,0,0,0,0,0,0,0,0,0,0,0,0,"J_Cont__C_In",,,0,1,0,0,0,0,0,0
118,5,1,"victim",0,19,3,2,1,2,1,1,TRUE,2.71428571428571,2.28571428571429,2.875,3.28571428571429,2.33333333333333,2,1,2,1,2,2,"Out","In","outgroup","ingroup",1,0,0,0,0,0,"Out","In",,1,0,0,0,1,0,0,0,0,"Victim__J_Out__C_In",0,9,-9,"Ing_x_Hum","Ing_x_Hum__Victim","Ing_x_Hum__Reject","Ing_x_Hum__Victim__Reject",0,0,0,1,0,0,"Victim__J_Out__C_In__Reject","Victim__J_Out__C_In__Reject",0,1,0,0,0,0,0,0,0,0,0,0,0,0,0,0,0,0,0,0,0,0,0,0,0,0,0,"J_Out__C_In",,,1,0,0,0,0,0,0,0
118,5,2,"victim",0,19,3,2,1,2,1,1,TRUE,2.71428571428571,2.28571428571429,2.875,3.28571428571429,2.33333333333333,2,1,2,2,1,2,"Out","In","ingroup","outgroup",0,0,0,1,0,0,"In","Out",,1,0,0,0,0,0,1,0,0,"Victim__J_In__C_Out",0,9,-9,"Ing_x_Ing","Ing_x_Ing__Victim","Ing_x_Ing__Reject","Ing_x_Ing__Victim__Reject",0,0,0,0,1,0,"Victim__J_In__C_Out__Reject","Victim__J_In__C_Out__Reject",0,0,0,1,0,0,0,0,0,0,0,0,0,0,0,0,0,0,0,0,0,0,0,0,0,0,0,"J_In__C_Out",,,0,0,1,0,0,0,0,0
119,6,1,"victim",0,18,4,2,1,2,1,2,TRUE,1.78571428571429,1.57142857142857,1.875,1.85714285714286,1.83333333333333,2,3,3,3,3,2,"Cont","Cont","control","control",0,1,0,,0,1,"Cont","Cont",,0,1,0,1,0,1,0,1,0,"Victim__J_Cont__C_Cont",1,5,-5,"Ing_x_Control","Ing_x_Control__Victim","Ing_x_Control__Reject","Ing_x_Control__Victim__Reject",0,0,0,0,0,1,"Victim__J_Cont__C_Cont__Reject","Victim__J_Cont__C_Cont__Reject",0,0,0,0,0,0,0,0,1,0,0,0,0,0,0,0,0,0,0,0,0,0,0,0,0,0,0,"J_Cont__C_Cont",,,0,0,0,0,0,0,0,1
119,6,2,"victim",0,18,4,2,1,2,1,2,TRUE,1.78571428571429,1.57142857142857,1.875,1.85714285714286,1.83333333333333,2,3,3,3,3,2,"Cont","Cont","control","control",0,1,0,,1,0,"Cont","Cont",,0,1,0,1,0,1,0,1,0,"Victim__J_Cont__C_Cont",1,-8,8,"Ing_x_Control","Ing_x_Control__Victim","Ing_x_Control__Accept","Ing_x_Control__Victim__Accept",0,0,0,0,0,1,"Victim__J_Cont__C_Cont__Accept","Victim__J_Cont__C_Cont__Accept",0,0,0,0,0,0,0,0,1,0,0,0,0,0,0,0,0,0,0,0,0,0,0,0,0,0,0,"J_Cont__C_Cont",,,0,0,0,0,0,0,0,1
119,7,1,"victim",0,18,4,2,1,2,1,2,TRUE,1.78571428571429,1.57142857142857,1.875,1.85714285714286,1.83333333333333,2,1,2,1,2,2,"Out","In","outgroup","ingroup",1,0,0,0,0,1,"Out","In",,1,0,0,0,1,0,0,0,0,"Victim__J_Out__C_In",0,8,-8,"Ing_x_Hum","Ing_x_Hum__Victim","Ing_x_Hum__Reject","Ing_x_Hum__Victim__Reject",0,0,0,1,0,0,"Victim__J_Out__C_In__Reject","Victim__J_Out__C_In__Reject",0,1,0,0,0,0,0,0,0,0,0,0,0,0,0,0,0,0,0,0,0,0,0,0,0,0,0,"J_Out__C_In",,,1,0,0,0,0,0,0,0
119,7,2,"victim",0,18,4,2,1,2,1,2,TRUE,1.78571428571429,1.57142857142857,1.875,1.85714285714286,1.83333333333333,2,1,2,2,1,2,"Out","In","ingroup","outgroup",0,0,0,1,1,0,"In","Out",,1,0,0,0,0,0,1,0,0,"Victim__J_In__C_Out",0,-8,8,"Ing_x_Ing","Ing_x_Ing__Victim","Ing_x_Ing__Accept","Ing_x_Ing__Victim__Accept",0,0,0,0,1,0,"Victim__J_In__C_Out__Accept","Victim__J_In__C_Out__Accept",0,0,0,1,0,0,0,0,0,0,0,0,0,0,0,0,0,0,0,0,0,0,0,0,0,0,0,"J_In__C_Out",,,0,0,1,0,0,0,0,0
119,8,1,"victim",0,18,4,2,1,2,1,2,TRUE,1.78571428571429,1.57142857142857,1.875,1.85714285714286,1.83333333333333,2,2,2,2,2,2,"In","In","ingroup","ingroup",0,0,0,1,0,0,"In","In",,0,0,0,0,0,0,0,0,0,"Victim__J_In__C_In",0,8,-8,"Ing_x_Ing","Ing_x_Ing__Victim","Ing_x_Ing__Reject","Ing_x_Ing__Victim__Reject",0,0,0,0,1,0,"Victim__J_In__C_In__Reject","Victim__J_In__C_In__Reject",1,0,0,0,0,0,0,0,0,0,0,0,0,0,0,0,0,0,0,0,0,0,0,0,0,0,0,"J_In__C_In",,,0,0,0,0,0,0,0,0
119,8,2,"victim",0,18,4,2,1,2,1,2,TRUE,1.78571428571429,1.57142857142857,1.875,1.85714285714286,1.83333333333333,2,2,2,2,2,2,"In","In","ingroup","ingroup",0,0,0,1,0,0,"In","In",,0,0,0,0,0,0,0,0,0,"Victim__J_In__C_In",0,8,-8,"Ing_x_Ing","Ing_x_Ing__Victim","Ing_x_Ing__Reject","Ing_x_Ing__Victim__Reject",0,0,0,0,1,0,"Victim__J_In__C_In__Reject","Victim__J_In__C_In__Reject",1,0,0,0,0,0,0,0,0,0,0,0,0,0,0,0,0,0,0,0,0,0,0,0,0,0,0,"J_In__C_In",,,0,0,0,0,0,0,0,0
119,9,1,"victim",0,18,4,2,1,2,1,2,TRUE,1.78571428571429,1.57142857142857,1.875,1.85714285714286,1.83333333333333,2,2,2,2,2,2,"In","In","ingroup","ingroup",0,0,0,1,1,1,"In","In",,0,0,0,0,0,0,0,0,0,"Victim__J_In__C_In",0,-8,8,"Ing_x_Ing","Ing_x_Ing__Victim","Ing_x_Ing__Accept","Ing_x_Ing__Victim__Accept",0,0,0,0,1,0,"Victim__J_In__C_In__Accept","Victim__J_In__C_In__Accept",1,0,0,0,0,0,0,0,0,0,0,0,0,0,0,0,0,0,0,0,0,0,0,0,0,0,0,"J_In__C_In",,,0,0,0,0,0,0,0,0
119,9,2,"victim",0,18,4,2,1,2,1,2,TRUE,1.78571428571429,1.57142857142857,1.875,1.85714285714286,1.83333333333333,2,2,2,2,2,2,"In","In","ingroup","ingroup",0,0,0,1,1,1,"In","In",,0,0,0,0,0,0,0,0,0,"Victim__J_In__C_In",0,-8,8,"Ing_x_Ing","Ing_x_Ing__Victim","Ing_x_Ing__Accept","Ing_x_Ing__Victim__Accept",0,0,0,0,1,0,"Victim__J_In__C_In__Accept","Victim__J_In__C_In__Accept",1,0,0,0,0,0,0,0,0,0,0,0,0,0,0,0,0,0,0,0,0,0,0,0,0,0,0,"J_In__C_In",,,0,0,0,0,0,0,0,0
119,10,1,"victim",0,18,4,2,1,2,1,2,TRUE,1.78571428571429,1.57142857142857,1.875,1.85714285714286,1.83333333333333,2,3,3,3,3,2,"Cont","Cont","control","control",0,1,0,,1,0,"Cont","Cont",,0,1,0,1,0,1,0,1,0,"Victim__J_Cont__C_Cont",1,-8,8,"Ing_x_Control","Ing_x_Control__Victim","Ing_x_Control__Accept","Ing_x_Control__Victim__Accept",0,0,0,0,0,1,"Victim__J_Cont__C_Cont__Accept","Victim__J_Cont__C_Cont__Accept",0,0,0,0,0,0,0,0,1,0,0,0,0,0,0,0,0,0,0,0,0,0,0,0,0,0,0,"J_Cont__C_Cont",,,0,0,0,0,0,0,0,1
119,10,2,"victim",0,18,4,2,1,2,1,2,TRUE,1.78571428571429,1.57142857142857,1.875,1.85714285714286,1.83333333333333,2,3,3,3,3,2,"Cont","Cont","control","control",0,1,0,,0,1,"Cont","Cont",,0,1,0,1,0,1,0,1,0,"Victim__J_Cont__C_Cont",1,8,-8,"Ing_x_Control","Ing_x_Control__Victim","Ing_x_Control__Reject","Ing_x_Control__Victim__Reject",0,0,0,0,0,1,"Victim__J_Cont__C_Cont__Reject","Victim__J_Cont__C_Cont__Reject",0,0,0,0,0,0,0,0,1,0,0,0,0,0,0,0,0,0,0,0,0,0,0,0,0,0,0,"J_Cont__C_Cont",,,0,0,0,0,0,0,0,1
120,1,1,"victim",0,21,3,2,1,2,1,1,TRUE,2.32142857142857,2.14285714285714,2.5,2.42857142857143,2.16666666666667,2,3,1,3,1,2,"Cont","Out","control","outgroup",0,1,0,,1,1,"Cont","Out",,0,1,1,0,0,1,1,0,0,"Victim__J_Cont__C_Out",1,-7,7,"Ing_x_Control","Ing_x_Control__Victim","Ing_x_Control__Accept","Ing_x_Control__Victim__Accept",0,0,0,0,0,1,"Victim__J_Cont__C_Out__Accept","Victim__J_Cont__C_Out__Accept",0,0,0,0,0,1,0,0,0,0,0,0,0,0,0,0,0,0,0,0,0,0,0,0,0,0,0,"J_Cont__C_Out",,,0,0,0,0,1,0,0,0
120,1,2,"victim",0,21,3,2,1,2,1,1,TRUE,2.32142857142857,2.14285714285714,2.5,2.42857142857143,2.16666666666667,2,3,1,1,3,2,"Cont","Out","outgroup","control",1,0,0,0,1,1,"Out","Cont",,0,1,1,0,1,0,0,1,0,"Victim__J_Out__C_Cont",1,-7,7,"Ing_x_Hum","Ing_x_Hum__Victim","Ing_x_Hum__Accept","Ing_x_Hum__Victim__Accept",0,0,0,1,0,0,"Victim__J_Out__C_Cont__Accept","Victim__J_Out__C_Cont__Accept",0,0,0,0,0,0,0,1,0,0,0,0,0,0,0,0,0,0,0,0,0,0,0,0,0,0,0,"J_Out__C_Cont",,,0,0,0,0,0,0,1,0
120,2,1,"victim",0,21,3,2,1,2,1,1,TRUE,2.32142857142857,2.14285714285714,2.5,2.42857142857143,2.16666666666667,2,2,3,2,3,2,"In","Cont","ingroup","control",0,0,0,1,0,1,"In","Cont",,0,0,0,1,0,0,0,1,0,"Victim__J_In__C_Cont",1,-7,7,"Ing_x_Ing","Ing_x_Ing__Victim","Ing_x_Ing__Reject","Ing_x_Ing__Victim__Reject",0,0,0,0,1,0,"Victim__J_In__C_Cont__Reject","Victim__J_In__C_Cont__Reject",0,0,0,0,0,0,1,0,0,0,0,0,0,0,0,0,0,0,0,0,0,0,0,0,0,0,0,"J_In__C_Cont",,,0,0,0,0,0,1,0,0
120,2,2,"victim",0,21,3,2,1,2,1,1,TRUE,2.32142857142857,2.14285714285714,2.5,2.42857142857143,2.16666666666667,2,2,3,3,2,2,"In","Cont","control","ingroup",0,1,0,,1,0,"Cont","In",,0,0,0,1,0,1,0,0,0,"Victim__J_Cont__C_In",1,-7,7,"Ing_x_Control","Ing_x_Control__Victim","Ing_x_Control__Accept","Ing_x_Control__Victim__Accept",0,0,0,0,0,1,"Victim__J_Cont__C_In__Accept","Victim__J_Cont__C_In__Accept",0,0,1,0,0,0,0,0,0,0,0,0,0,0,0,0,0,0,0,0,0,0,0,0,0,0,0,"J_Cont__C_In",,,0,1,0,0,0,0,0,0
120,3,1,"victim",0,21,3,2,1,2,1,1,TRUE,2.32142857142857,2.14285714285714,2.5,2.42857142857143,2.16666666666667,2,1,3,1,3,2,"Out","Cont","outgroup","control",1,0,0,0,0,0,"Out","Cont",,1,0,0,1,1,0,0,1,0,"Victim__J_Out__C_Cont",1,9,-9,"Ing_x_Hum","Ing_x_Hum__Victim","Ing_x_Hum__Reject","Ing_x_Hum__Victim__Reject",0,0,0,1,0,0,"Victim__J_Out__C_Cont__Reject","Victim__J_Out__C_Cont__Reject",0,0,0,0,0,0,0,1,0,0,0,0,0,0,0,0,0,0,0,0,0,0,0,0,0,0,0,"J_Out__C_Cont",,,0,0,0,0,0,0,1,0
120,3,2,"victim",0,21,3,2,1,2,1,1,TRUE,2.32142857142857,2.14285714285714,2.5,2.42857142857143,2.16666666666667,2,1,3,3,1,2,"Out","Cont","control","outgroup",0,1,0,,0,0,"Cont","Out",,1,0,0,1,0,1,1,0,0,"Victim__J_Cont__C_Out",1,9,-9,"Ing_x_Control","Ing_x_Control__Victim","Ing_x_Control__Reject","Ing_x_Control__Victim__Reject",0,0,0,0,0,1,"Victim__J_Cont__C_Out__Reject","Victim__J_Cont__C_Out__Reject",0,0,0,0,0,1,0,0,0,0,0,0,0,0,0,0,0,0,0,0,0,0,0,0,0,0,0,"J_Cont__C_Out",,,0,0,0,0,1,0,0,0
120,4,1,"victim",0,21,3,2,1,2,1,1,TRUE,2.32142857142857,2.14285714285714,2.5,2.42857142857143,2.16666666666667,2,2,1,2,1,2,"In","Out","ingroup","outgroup",0,0,0,1,0,1,"In","Out",,0,0,1,0,0,0,1,0,0,"Victim__J_In__C_Out",0,9,-9,"Ing_x_Ing","Ing_x_Ing__Victim","Ing_x_Ing__Reject","Ing_x_Ing__Victim__Reject",0,0,0,0,1,0,"Victim__J_In__C_Out__Reject","Victim__J_In__C_Out__Reject",0,0,0,1,0,0,0,0,0,0,0,0,0,0,0,0,0,0,0,0,0,0,0,0,0,0,0,"J_In__C_Out",,,0,0,1,0,0,0,0,0
120,4,2,"victim",0,21,3,2,1,2,1,1,TRUE,2.32142857142857,2.14285714285714,2.5,2.42857142857143,2.16666666666667,2,2,1,1,2,2,"In","Out","outgroup","ingroup",1,0,0,0,1,0,"Out","In",,0,0,1,0,1,0,0,0,0,"Victim__J_Out__C_In",0,-9,9,"Ing_x_Hum","Ing_x_Hum__Victim","Ing_x_Hum__Accept","Ing_x_Hum__Victim__Accept",0,0,0,1,0,0,"Victim__J_Out__C_In__Accept","Victim__J_Out__C_In__Accept",0,1,0,0,0,0,0,0,0,0,0,0,0,0,0,0,0,0,0,0,0,0,0,0,0,0,0,"J_Out__C_In",,,1,0,0,0,0,0,0,0
120,5,1,"victim",0,21,3,2,1,2,1,1,TRUE,2.32142857142857,2.14285714285714,2.5,2.42857142857143,2.16666666666667,2,3,3,3,3,2,"Cont","Cont","control","control",0,1,0,,0,1,"Cont","Cont",,0,1,0,1,0,1,0,1,0,"Victim__J_Cont__C_Cont",1,9,-9,"Ing_x_Control","Ing_x_Control__Victim","Ing_x_Control__Reject","Ing_x_Control__Victim__Reject",0,0,0,0,0,1,"Victim__J_Cont__C_Cont__Reject","Victim__J_Cont__C_Cont__Reject",0,0,0,0,0,0,0,0,1,0,0,0,0,0,0,0,0,0,0,0,0,0,0,0,0,0,0,"J_Cont__C_Cont",,,0,0,0,0,0,0,0,1
120,5,2,"victim",0,21,3,2,1,2,1,1,TRUE,2.32142857142857,2.14285714285714,2.5,2.42857142857143,2.16666666666667,2,3,3,3,3,2,"Cont","Cont","control","control",0,1,0,,1,0,"Cont","Cont",,0,1,0,1,0,1,0,1,0,"Victim__J_Cont__C_Cont",1,-9,9,"Ing_x_Control","Ing_x_Control__Victim","Ing_x_Control__Accept","Ing_x_Control__Victim__Accept",0,0,0,0,0,1,"Victim__J_Cont__C_Cont__Accept","Victim__J_Cont__C_Cont__Accept",0,0,0,0,0,0,0,0,1,0,0,0,0,0,0,0,0,0,0,0,0,0,0,0,0,0,0,"J_Cont__C_Cont",,,0,0,0,0,0,0,0,1
121,6,1,"victim",0,21,3,2,1,2,1,2,TRUE,1.92857142857143,1.28571428571429,2.125,2.42857142857143,1.83333333333333,2,2,3,2,3,2,"In","Cont","ingroup","control",0,0,0,1,1,1,"In","Cont",,0,0,0,1,0,0,0,1,0,"Victim__J_In__C_Cont",1,-9,9,"Ing_x_Ing","Ing_x_Ing__Victim","Ing_x_Ing__Accept","Ing_x_Ing__Victim__Accept",0,0,0,0,1,0,"Victim__J_In__C_Cont__Accept","Victim__J_In__C_Cont__Accept",0,0,0,0,0,0,1,0,0,0,0,0,0,0,0,0,0,0,0,0,0,0,0,0,0,0,0,"J_In__C_Cont",,,0,0,0,0,0,1,0,0
121,6,2,"victim",0,21,3,2,1,2,1,2,TRUE,1.92857142857143,1.28571428571429,2.125,2.42857142857143,1.83333333333333,2,2,3,3,2,2,"In","Cont","control","ingroup",0,1,0,,1,1,"Cont","In",,0,0,0,1,0,1,0,0,0,"Victim__J_Cont__C_In",1,-9,9,"Ing_x_Control","Ing_x_Control__Victim","Ing_x_Control__Accept","Ing_x_Control__Victim__Accept",0,0,0,0,0,1,"Victim__J_Cont__C_In__Accept","Victim__J_Cont__C_In__Accept",0,0,1,0,0,0,0,0,0,0,0,0,0,0,0,0,0,0,0,0,0,0,0,0,0,0,0,"J_Cont__C_In",,,0,1,0,0,0,0,0,0
121,7,1,"victim",0,21,3,2,1,2,1,2,TRUE,1.92857142857143,1.28571428571429,2.125,2.42857142857143,1.83333333333333,2,1,1,1,1,2,"Out","Out","outgroup","outgroup",1,0,0,0,1,1,"Out","Out",,1,0,1,0,1,0,1,0,0,"Victim__J_Out__C_Out",0,-9,9,"Ing_x_Hum","Ing_x_Hum__Victim","Ing_x_Hum__Accept","Ing_x_Hum__Victim__Accept",0,0,0,1,0,0,"Victim__J_Out__C_Out__Accept","Victim__J_Out__C_Out__Accept",0,0,0,0,1,0,0,0,0,0,0,0,0,0,0,0,0,0,0,0,0,0,0,0,0,0,0,"J_Out__C_Out",,,0,0,0,1,0,0,0,0
121,7,2,"victim",0,21,3,2,1,2,1,2,TRUE,1.92857142857143,1.28571428571429,2.125,2.42857142857143,1.83333333333333,2,1,1,1,1,2,"Out","Out","outgroup","outgroup",1,0,0,0,1,1,"Out","Out",,1,0,1,0,1,0,1,0,0,"Victim__J_Out__C_Out",0,-9,9,"Ing_x_Hum","Ing_x_Hum__Victim","Ing_x_Hum__Accept","Ing_x_Hum__Victim__Accept",0,0,0,1,0,0,"Victim__J_Out__C_Out__Accept","Victim__J_Out__C_Out__Accept",0,0,0,0,1,0,0,0,0,0,0,0,0,0,0,0,0,0,0,0,0,0,0,0,0,0,0,"J_Out__C_Out",,,0,0,0,1,0,0,0,0
121,8,1,"victim",0,21,3,2,1,2,1,2,TRUE,1.92857142857143,1.28571428571429,2.125,2.42857142857143,1.83333333333333,2,3,2,3,2,2,"Cont","In","control","ingroup",0,1,0,,1,0,"Cont","In",,0,1,0,0,0,1,0,0,0,"Victim__J_Cont__C_In",1,-9,9,"Ing_x_Control","Ing_x_Control__Victim","Ing_x_Control__Accept","Ing_x_Control__Victim__Accept",0,0,0,0,0,1,"Victim__J_Cont__C_In__Accept","Victim__J_Cont__C_In__Accept",0,0,1,0,0,0,0,0,0,0,0,0,0,0,0,0,0,0,0,0,0,0,0,0,0,0,0,"J_Cont__C_In",,,0,1,0,0,0,0,0,0
121,8,2,"victim",0,21,3,2,1,2,1,2,TRUE,1.92857142857143,1.28571428571429,2.125,2.42857142857143,1.83333333333333,2,3,2,2,3,2,"Cont","In","ingroup","control",0,0,0,1,0,1,"In","Cont",,0,1,0,0,0,0,0,1,0,"Victim__J_In__C_Cont",1,9,-9,"Ing_x_Ing","Ing_x_Ing__Victim","Ing_x_Ing__Reject","Ing_x_Ing__Victim__Reject",0,0,0,0,1,0,"Victim__J_In__C_Cont__Reject","Victim__J_In__C_Cont__Reject",0,0,0,0,0,0,1,0,0,0,0,0,0,0,0,0,0,0,0,0,0,0,0,0,0,0,0,"J_In__C_Cont",,,0,0,0,0,0,1,0,0
121,9,1,"victim",0,21,3,2,1,2,1,2,TRUE,1.92857142857143,1.28571428571429,2.125,2.42857142857143,1.83333333333333,2,3,2,3,2,2,"Cont","In","control","ingroup",0,1,0,,1,1,"Cont","In",,0,1,0,0,0,1,0,0,0,"Victim__J_Cont__C_In",1,-9,9,"Ing_x_Control","Ing_x_Control__Victim","Ing_x_Control__Accept","Ing_x_Control__Victim__Accept",0,0,0,0,0,1,"Victim__J_Cont__C_In__Accept","Victim__J_Cont__C_In__Accept",0,0,1,0,0,0,0,0,0,0,0,0,0,0,0,0,0,0,0,0,0,0,0,0,0,0,0,"J_Cont__C_In",,,0,1,0,0,0,0,0,0
121,9,2,"victim",0,21,3,2,1,2,1,2,TRUE,1.92857142857143,1.28571428571429,2.125,2.42857142857143,1.83333333333333,2,3,2,2,3,2,"Cont","In","ingroup","control",0,0,0,1,1,1,"In","Cont",,0,1,0,0,0,0,0,1,0,"Victim__J_In__C_Cont",1,-9,9,"Ing_x_Ing","Ing_x_Ing__Victim","Ing_x_Ing__Accept","Ing_x_Ing__Victim__Accept",0,0,0,0,1,0,"Victim__J_In__C_Cont__Accept","Victim__J_In__C_Cont__Accept",0,0,0,0,0,0,1,0,0,0,0,0,0,0,0,0,0,0,0,0,0,0,0,0,0,0,0,"J_In__C_Cont",,,0,0,0,0,0,1,0,0
121,10,1,"victim",0,21,3,2,1,2,1,2,TRUE,1.92857142857143,1.28571428571429,2.125,2.42857142857143,1.83333333333333,2,1,2,1,2,2,"Out","In","outgroup","ingroup",1,0,0,0,0,1,"Out","In",,1,0,0,0,1,0,0,0,0,"Victim__J_Out__C_In",0,9,-9,"Ing_x_Hum","Ing_x_Hum__Victim","Ing_x_Hum__Reject","Ing_x_Hum__Victim__Reject",0,0,0,1,0,0,"Victim__J_Out__C_In__Reject","Victim__J_Out__C_In__Reject",0,1,0,0,0,0,0,0,0,0,0,0,0,0,0,0,0,0,0,0,0,0,0,0,0,0,0,"J_Out__C_In",,,1,0,0,0,0,0,0,0
121,10,2,"victim",0,21,3,2,1,2,1,2,TRUE,1.92857142857143,1.28571428571429,2.125,2.42857142857143,1.83333333333333,2,1,2,2,1,2,"Out","In","ingroup","outgroup",0,0,0,1,1,0,"In","Out",,1,0,0,0,0,0,1,0,0,"Victim__J_In__C_Out",0,-9,9,"Ing_x_Ing","Ing_x_Ing__Victim","Ing_x_Ing__Accept","Ing_x_Ing__Victim__Accept",0,0,0,0,1,0,"Victim__J_In__C_Out__Accept","Victim__J_In__C_Out__Accept",0,0,0,1,0,0,0,0,0,0,0,0,0,0,0,0,0,0,0,0,0,0,0,0,0,0,0,"J_In__C_Out",,,0,0,1,0,0,0,0,0
122,1,1,"victim",0,21,3,2,1,2,1,1,TRUE,2.10714285714286,1.85714285714286,2.375,2.85714285714286,1.16666666666667,2,1,1,1,1,2,"Out","Out","outgroup","outgroup",1,0,0,0,0,0,"Out","Out",,1,0,1,0,1,0,1,0,0,"Victim__J_Out__C_Out",0,9,-9,"Ing_x_Hum","Ing_x_Hum__Victim","Ing_x_Hum__Reject","Ing_x_Hum__Victim__Reject",0,0,0,1,0,0,"Victim__J_Out__C_Out__Reject","Victim__J_Out__C_Out__Reject",0,0,0,0,1,0,0,0,0,0,0,0,0,0,0,0,0,0,0,0,0,0,0,0,0,0,0,"J_Out__C_Out",,,0,0,0,1,0,0,0,0
122,1,2,"victim",0,21,3,2,1,2,1,1,TRUE,2.10714285714286,1.85714285714286,2.375,2.85714285714286,1.16666666666667,2,1,1,1,1,2,"Out","Out","outgroup","outgroup",1,0,0,0,0,0,"Out","Out",,1,0,1,0,1,0,1,0,0,"Victim__J_Out__C_Out",0,9,-9,"Ing_x_Hum","Ing_x_Hum__Victim","Ing_x_Hum__Reject","Ing_x_Hum__Victim__Reject",0,0,0,1,0,0,"Victim__J_Out__C_Out__Reject","Victim__J_Out__C_Out__Reject",0,0,0,0,1,0,0,0,0,0,0,0,0,0,0,0,0,0,0,0,0,0,0,0,0,0,0,"J_Out__C_Out",,,0,0,0,1,0,0,0,0
122,2,1,"victim",0,21,3,2,1,2,1,1,TRUE,2.10714285714286,1.85714285714286,2.375,2.85714285714286,1.16666666666667,2,2,1,2,1,2,"In","Out","ingroup","outgroup",0,0,0,1,1,1,"In","Out",,0,0,1,0,0,0,1,0,0,"Victim__J_In__C_Out",0,0,0,"Ing_x_Ing","Ing_x_Ing__Victim","Ing_x_Ing__Accept","Ing_x_Ing__Victim__Accept",0,0,0,0,1,0,"Victim__J_In__C_Out__Accept","Victim__J_In__C_Out__Accept",0,0,0,1,0,0,0,0,0,0,0,0,0,0,0,0,0,0,0,0,0,0,0,0,0,0,0,"J_In__C_Out",,,0,0,1,0,0,0,0,0
122,2,2,"victim",0,21,3,2,1,2,1,1,TRUE,2.10714285714286,1.85714285714286,2.375,2.85714285714286,1.16666666666667,2,2,1,1,2,2,"In","Out","outgroup","ingroup",1,0,0,0,1,1,"Out","In",,0,0,1,0,1,0,0,0,0,"Victim__J_Out__C_In",0,0,0,"Ing_x_Hum","Ing_x_Hum__Victim","Ing_x_Hum__Accept","Ing_x_Hum__Victim__Accept",0,0,0,1,0,0,"Victim__J_Out__C_In__Accept","Victim__J_Out__C_In__Accept",0,1,0,0,0,0,0,0,0,0,0,0,0,0,0,0,0,0,0,0,0,0,0,0,0,0,0,"J_Out__C_In",,,1,0,0,0,0,0,0,0
122,3,1,"victim",0,21,3,2,1,2,1,1,TRUE,2.10714285714286,1.85714285714286,2.375,2.85714285714286,1.16666666666667,2,3,3,3,3,2,"Cont","Cont","control","control",0,1,0,,0,0,"Cont","Cont",,0,1,0,1,0,1,0,1,0,"Victim__J_Cont__C_Cont",1,9,-9,"Ing_x_Control","Ing_x_Control__Victim","Ing_x_Control__Reject","Ing_x_Control__Victim__Reject",0,0,0,0,0,1,"Victim__J_Cont__C_Cont__Reject","Victim__J_Cont__C_Cont__Reject",0,0,0,0,0,0,0,0,1,0,0,0,0,0,0,0,0,0,0,0,0,0,0,0,0,0,0,"J_Cont__C_Cont",,,0,0,0,0,0,0,0,1
122,3,2,"victim",0,21,3,2,1,2,1,1,TRUE,2.10714285714286,1.85714285714286,2.375,2.85714285714286,1.16666666666667,2,3,3,3,3,2,"Cont","Cont","control","control",0,1,0,,0,0,"Cont","Cont",,0,1,0,1,0,1,0,1,0,"Victim__J_Cont__C_Cont",1,9,-9,"Ing_x_Control","Ing_x_Control__Victim","Ing_x_Control__Reject","Ing_x_Control__Victim__Reject",0,0,0,0,0,1,"Victim__J_Cont__C_Cont__Reject","Victim__J_Cont__C_Cont__Reject",0,0,0,0,0,0,0,0,1,0,0,0,0,0,0,0,0,0,0,0,0,0,0,0,0,0,0,"J_Cont__C_Cont",,,0,0,0,0,0,0,0,1
122,4,1,"victim",0,21,3,2,1,2,1,1,TRUE,2.10714285714286,1.85714285714286,2.375,2.85714285714286,1.16666666666667,2,1,3,1,3,2,"Out","Cont","outgroup","control",1,0,0,0,0,1,"Out","Cont",,1,0,0,1,1,0,0,1,0,"Victim__J_Out__C_Cont",1,9,-9,"Ing_x_Hum","Ing_x_Hum__Victim","Ing_x_Hum__Reject","Ing_x_Hum__Victim__Reject",0,0,0,1,0,0,"Victim__J_Out__C_Cont__Reject","Victim__J_Out__C_Cont__Reject",0,0,0,0,0,0,0,1,0,0,0,0,0,0,0,0,0,0,0,0,0,0,0,0,0,0,0,"J_Out__C_Cont",,,0,0,0,0,0,0,1,0
122,4,2,"victim",0,21,3,2,1,2,1,1,TRUE,2.10714285714286,1.85714285714286,2.375,2.85714285714286,1.16666666666667,2,1,3,3,1,2,"Out","Cont","control","outgroup",0,1,0,,1,0,"Cont","Out",,1,0,0,1,0,1,1,0,0,"Victim__J_Cont__C_Out",1,0,0,"Ing_x_Control","Ing_x_Control__Victim","Ing_x_Control__Accept","Ing_x_Control__Victim__Accept",0,0,0,0,0,1,"Victim__J_Cont__C_Out__Accept","Victim__J_Cont__C_Out__Accept",0,0,0,0,0,1,0,0,0,0,0,0,0,0,0,0,0,0,0,0,0,0,0,0,0,0,0,"J_Cont__C_Out",,,0,0,0,0,1,0,0,0
122,5,1,"victim",0,21,3,2,1,2,1,1,TRUE,2.10714285714286,1.85714285714286,2.375,2.85714285714286,1.16666666666667,2,2,3,2,3,2,"In","Cont","ingroup","control",0,0,0,1,0,1,"In","Cont",,0,0,0,1,0,0,0,1,0,"Victim__J_In__C_Cont",1,9,-9,"Ing_x_Ing","Ing_x_Ing__Victim","Ing_x_Ing__Reject","Ing_x_Ing__Victim__Reject",0,0,0,0,1,0,"Victim__J_In__C_Cont__Reject","Victim__J_In__C_Cont__Reject",0,0,0,0,0,0,1,0,0,0,0,0,0,0,0,0,0,0,0,0,0,0,0,0,0,0,0,"J_In__C_Cont",,,0,0,0,0,0,1,0,0
122,5,2,"victim",0,21,3,2,1,2,1,1,TRUE,2.10714285714286,1.85714285714286,2.375,2.85714285714286,1.16666666666667,2,2,3,3,2,2,"In","Cont","control","ingroup",0,1,0,,1,0,"Cont","In",,0,0,0,1,0,1,0,0,0,"Victim__J_Cont__C_In",1,0,0,"Ing_x_Control","Ing_x_Control__Victim","Ing_x_Control__Accept","Ing_x_Control__Victim__Accept",0,0,0,0,0,1,"Victim__J_Cont__C_In__Accept","Victim__J_Cont__C_In__Accept",0,0,1,0,0,0,0,0,0,0,0,0,0,0,0,0,0,0,0,0,0,0,0,0,0,0,0,"J_Cont__C_In",,,0,1,0,0,0,0,0,0
124,6,1,"victim",0,19,1,2,1,2,1,2,TRUE,1.64285714285714,1.42857142857143,2,1.28571428571429,1.83333333333333,2,1,1,1,1,2,"Out","Out","outgroup","outgroup",1,0,0,0,0,0,"Out","Out",,1,0,1,0,1,0,1,0,0,"Victim__J_Out__C_Out",0,-3,3,"Ing_x_Hum","Ing_x_Hum__Victim","Ing_x_Hum__Reject","Ing_x_Hum__Victim__Reject",0,0,0,1,0,0,"Victim__J_Out__C_Out__Reject","Victim__J_Out__C_Out__Reject",0,0,0,0,1,0,0,0,0,0,0,0,0,0,0,0,0,0,0,0,0,0,0,0,0,0,0,"J_Out__C_Out",,,0,0,0,1,0,0,0,0
124,6,2,"victim",0,19,1,2,1,2,1,2,TRUE,1.64285714285714,1.42857142857143,2,1.28571428571429,1.83333333333333,2,1,1,1,1,2,"Out","Out","outgroup","outgroup",1,0,0,0,0,0,"Out","Out",,1,0,1,0,1,0,1,0,0,"Victim__J_Out__C_Out",0,2,-2,"Ing_x_Hum","Ing_x_Hum__Victim","Ing_x_Hum__Reject","Ing_x_Hum__Victim__Reject",0,0,0,1,0,0,"Victim__J_Out__C_Out__Reject","Victim__J_Out__C_Out__Reject",0,0,0,0,1,0,0,0,0,0,0,0,0,0,0,0,0,0,0,0,0,0,0,0,0,0,0,"J_Out__C_Out",,,0,0,0,1,0,0,0,0
124,7,1,"victim",0,19,1,2,1,2,1,2,TRUE,1.64285714285714,1.42857142857143,2,1.28571428571429,1.83333333333333,2,3,2,3,2,2,"Cont","In","control","ingroup",0,1,0,,0,0,"Cont","In",,0,1,0,0,0,1,0,0,0,"Victim__J_Cont__C_In",1,-4,4,"Ing_x_Control","Ing_x_Control__Victim","Ing_x_Control__Reject","Ing_x_Control__Victim__Reject",0,0,0,0,0,1,"Victim__J_Cont__C_In__Reject","Victim__J_Cont__C_In__Reject",0,0,1,0,0,0,0,0,0,0,0,0,0,0,0,0,0,0,0,0,0,0,0,0,0,0,0,"J_Cont__C_In",,,0,1,0,0,0,0,0,0
124,7,2,"victim",0,19,1,2,1,2,1,2,TRUE,1.64285714285714,1.42857142857143,2,1.28571428571429,1.83333333333333,2,3,2,2,3,2,"Cont","In","ingroup","control",0,0,0,1,0,0,"In","Cont",,0,1,0,0,0,0,0,1,0,"Victim__J_In__C_Cont",1,-3,3,"Ing_x_Ing","Ing_x_Ing__Victim","Ing_x_Ing__Reject","Ing_x_Ing__Victim__Reject",0,0,0,0,1,0,"Victim__J_In__C_Cont__Reject","Victim__J_In__C_Cont__Reject",0,0,0,0,0,0,1,0,0,0,0,0,0,0,0,0,0,0,0,0,0,0,0,0,0,0,0,"J_In__C_Cont",,,0,0,0,0,0,1,0,0
124,8,1,"victim",0,19,1,2,1,2,1,2,TRUE,1.64285714285714,1.42857142857143,2,1.28571428571429,1.83333333333333,2,2,1,2,1,2,"In","Out","ingroup","outgroup",0,0,0,1,0,0,"In","Out",,0,0,1,0,0,0,1,0,0,"Victim__J_In__C_Out",0,4,-4,"Ing_x_Ing","Ing_x_Ing__Victim","Ing_x_Ing__Reject","Ing_x_Ing__Victim__Reject",0,0,0,0,1,0,"Victim__J_In__C_Out__Reject","Victim__J_In__C_Out__Reject",0,0,0,1,0,0,0,0,0,0,0,0,0,0,0,0,0,0,0,0,0,0,0,0,0,0,0,"J_In__C_Out",,,0,0,1,0,0,0,0,0
124,8,2,"victim",0,19,1,2,1,2,1,2,TRUE,1.64285714285714,1.42857142857143,2,1.28571428571429,1.83333333333333,2,2,1,1,2,2,"In","Out","outgroup","ingroup",1,0,0,0,0,0,"Out","In",,0,0,1,0,1,0,0,0,0,"Victim__J_Out__C_In",0,4,-4,"Ing_x_Hum","Ing_x_Hum__Victim","Ing_x_Hum__Reject","Ing_x_Hum__Victim__Reject",0,0,0,1,0,0,"Victim__J_Out__C_In__Reject","Victim__J_Out__C_In__Reject",0,1,0,0,0,0,0,0,0,0,0,0,0,0,0,0,0,0,0,0,0,0,0,0,0,0,0,"J_Out__C_In",,,1,0,0,0,0,0,0,0
124,9,1,"victim",0,19,1,2,1,2,1,2,TRUE,1.64285714285714,1.42857142857143,2,1.28571428571429,1.83333333333333,2,2,2,2,2,2,"In","In","ingroup","ingroup",0,0,0,1,1,0,"In","In",,0,0,0,0,0,0,0,0,0,"Victim__J_In__C_In",0,-5,5,"Ing_x_Ing","Ing_x_Ing__Victim","Ing_x_Ing__Accept","Ing_x_Ing__Victim__Accept",0,0,0,0,1,0,"Victim__J_In__C_In__Accept","Victim__J_In__C_In__Accept",1,0,0,0,0,0,0,0,0,0,0,0,0,0,0,0,0,0,0,0,0,0,0,0,0,0,0,"J_In__C_In",,,0,0,0,0,0,0,0,0
124,9,2,"victim",0,19,1,2,1,2,1,2,TRUE,1.64285714285714,1.42857142857143,2,1.28571428571429,1.83333333333333,2,2,2,2,2,2,"In","In","ingroup","ingroup",0,0,0,1,0,1,"In","In",,0,0,0,0,0,0,0,0,0,"Victim__J_In__C_In",0,-5,5,"Ing_x_Ing","Ing_x_Ing__Victim","Ing_x_Ing__Reject","Ing_x_Ing__Victim__Reject",0,0,0,0,1,0,"Victim__J_In__C_In__Reject","Victim__J_In__C_In__Reject",1,0,0,0,0,0,0,0,0,0,0,0,0,0,0,0,0,0,0,0,0,0,0,0,0,0,0,"J_In__C_In",,,0,0,0,0,0,0,0,0
124,10,1,"victim",0,19,1,2,1,2,1,2,TRUE,1.64285714285714,1.42857142857143,2,1.28571428571429,1.83333333333333,2,1,1,1,1,2,"Out","Out","outgroup","outgroup",1,0,0,0,0,1,"Out","Out",,1,0,1,0,1,0,1,0,0,"Victim__J_Out__C_Out",0,-3,3,"Ing_x_Hum","Ing_x_Hum__Victim","Ing_x_Hum__Reject","Ing_x_Hum__Victim__Reject",0,0,0,1,0,0,"Victim__J_Out__C_Out__Reject","Victim__J_Out__C_Out__Reject",0,0,0,0,1,0,0,0,0,0,0,0,0,0,0,0,0,0,0,0,0,0,0,0,0,0,0,"J_Out__C_Out",,,0,0,0,1,0,0,0,0
124,10,2,"victim",0,19,1,2,1,2,1,2,TRUE,1.64285714285714,1.42857142857143,2,1.28571428571429,1.83333333333333,2,1,1,1,1,2,"Out","Out","outgroup","outgroup",1,0,0,0,1,0,"Out","Out",,1,0,1,0,1,0,1,0,0,"Victim__J_Out__C_Out",0,3,-3,"Ing_x_Hum","Ing_x_Hum__Victim","Ing_x_Hum__Accept","Ing_x_Hum__Victim__Accept",0,0,0,1,0,0,"Victim__J_Out__C_Out__Accept","Victim__J_Out__C_Out__Accept",0,0,0,0,1,0,0,0,0,0,0,0,0,0,0,0,0,0,0,0,0,0,0,0,0,0,0,"J_Out__C_Out",,,0,0,0,1,0,0,0,0
125,6,1,"victim",0,21,3,2,1,2,1,2,TRUE,2.42857142857143,2.14285714285714,2.625,3,1.83333333333333,2,3,1,3,1,2,"Cont","Out","control","outgroup",0,1,0,,1,1,"Cont","Out",,0,1,1,0,0,1,1,0,0,"Victim__J_Cont__C_Out",1,0,0,"Ing_x_Control","Ing_x_Control__Victim","Ing_x_Control__Accept","Ing_x_Control__Victim__Accept",0,0,0,0,0,1,"Victim__J_Cont__C_Out__Accept","Victim__J_Cont__C_Out__Accept",0,0,0,0,0,1,0,0,0,0,0,0,0,0,0,0,0,0,0,0,0,0,0,0,0,0,0,"J_Cont__C_Out",,,0,0,0,0,1,0,0,0
125,6,2,"victim",0,21,3,2,1,2,1,2,TRUE,2.42857142857143,2.14285714285714,2.625,3,1.83333333333333,2,3,1,1,3,2,"Cont","Out","outgroup","control",1,0,0,0,1,1,"Out","Cont",,0,1,1,0,1,0,0,1,0,"Victim__J_Out__C_Cont",1,0,0,"Ing_x_Hum","Ing_x_Hum__Victim","Ing_x_Hum__Accept","Ing_x_Hum__Victim__Accept",0,0,0,1,0,0,"Victim__J_Out__C_Cont__Accept","Victim__J_Out__C_Cont__Accept",0,0,0,0,0,0,0,1,0,0,0,0,0,0,0,0,0,0,0,0,0,0,0,0,0,0,0,"J_Out__C_Cont",,,0,0,0,0,0,0,1,0
125,7,1,"victim",0,21,3,2,1,2,1,2,TRUE,2.42857142857143,2.14285714285714,2.625,3,1.83333333333333,2,1,1,1,1,2,"Out","Out","outgroup","outgroup",1,0,0,0,0,0,"Out","Out",,1,0,1,0,1,0,1,0,0,"Victim__J_Out__C_Out",0,9,-9,"Ing_x_Hum","Ing_x_Hum__Victim","Ing_x_Hum__Reject","Ing_x_Hum__Victim__Reject",0,0,0,1,0,0,"Victim__J_Out__C_Out__Reject","Victim__J_Out__C_Out__Reject",0,0,0,0,1,0,0,0,0,0,0,0,0,0,0,0,0,0,0,0,0,0,0,0,0,0,0,"J_Out__C_Out",,,0,0,0,1,0,0,0,0
125,7,2,"victim",0,21,3,2,1,2,1,2,TRUE,2.42857142857143,2.14285714285714,2.625,3,1.83333333333333,2,1,1,1,1,2,"Out","Out","outgroup","outgroup",1,0,0,0,0,0,"Out","Out",,1,0,1,0,1,0,1,0,0,"Victim__J_Out__C_Out",0,9,-9,"Ing_x_Hum","Ing_x_Hum__Victim","Ing_x_Hum__Reject","Ing_x_Hum__Victim__Reject",0,0,0,1,0,0,"Victim__J_Out__C_Out__Reject","Victim__J_Out__C_Out__Reject",0,0,0,0,1,0,0,0,0,0,0,0,0,0,0,0,0,0,0,0,0,0,0,0,0,0,0,"J_Out__C_Out",,,0,0,0,1,0,0,0,0
125,8,1,"victim",0,21,3,2,1,2,1,2,TRUE,2.42857142857143,2.14285714285714,2.625,3,1.83333333333333,2,3,1,3,1,2,"Cont","Out","control","outgroup",0,1,0,,1,1,"Cont","Out",,0,1,1,0,0,1,1,0,0,"Victim__J_Cont__C_Out",1,0,0,"Ing_x_Control","Ing_x_Control__Victim","Ing_x_Control__Accept","Ing_x_Control__Victim__Accept",0,0,0,0,0,1,"Victim__J_Cont__C_Out__Accept","Victim__J_Cont__C_Out__Accept",0,0,0,0,0,1,0,0,0,0,0,0,0,0,0,0,0,0,0,0,0,0,0,0,0,0,0,"J_Cont__C_Out",,,0,0,0,0,1,0,0,0
125,8,2,"victim",0,21,3,2,1,2,1,2,TRUE,2.42857142857143,2.14285714285714,2.625,3,1.83333333333333,2,3,1,1,3,2,"Cont","Out","outgroup","control",1,0,0,0,1,1,"Out","Cont",,0,1,1,0,1,0,0,1,0,"Victim__J_Out__C_Cont",1,0,0,"Ing_x_Hum","Ing_x_Hum__Victim","Ing_x_Hum__Accept","Ing_x_Hum__Victim__Accept",0,0,0,1,0,0,"Victim__J_Out__C_Cont__Accept","Victim__J_Out__C_Cont__Accept",0,0,0,0,0,0,0,1,0,0,0,0,0,0,0,0,0,0,0,0,0,0,0,0,0,0,0,"J_Out__C_Cont",,,0,0,0,0,0,0,1,0
125,9,1,"victim",0,21,3,2,1,2,1,2,TRUE,2.42857142857143,2.14285714285714,2.625,3,1.83333333333333,2,3,3,3,3,2,"Cont","Cont","control","control",0,1,0,,1,1,"Cont","Cont",,0,1,0,1,0,1,0,1,0,"Victim__J_Cont__C_Cont",1,0,0,"Ing_x_Control","Ing_x_Control__Victim","Ing_x_Control__Accept","Ing_x_Control__Victim__Accept",0,0,0,0,0,1,"Victim__J_Cont__C_Cont__Accept","Victim__J_Cont__C_Cont__Accept",0,0,0,0,0,0,0,0,1,0,0,0,0,0,0,0,0,0,0,0,0,0,0,0,0,0,0,"J_Cont__C_Cont",,,0,0,0,0,0,0,0,1
125,9,2,"victim",0,21,3,2,1,2,1,2,TRUE,2.42857142857143,2.14285714285714,2.625,3,1.83333333333333,2,3,3,3,3,2,"Cont","Cont","control","control",0,1,0,,1,1,"Cont","Cont",,0,1,0,1,0,1,0,1,0,"Victim__J_Cont__C_Cont",1,0,0,"Ing_x_Control","Ing_x_Control__Victim","Ing_x_Control__Accept","Ing_x_Control__Victim__Accept",0,0,0,0,0,1,"Victim__J_Cont__C_Cont__Accept","Victim__J_Cont__C_Cont__Accept",0,0,0,0,0,0,0,0,1,0,0,0,0,0,0,0,0,0,0,0,0,0,0,0,0,0,0,"J_Cont__C_Cont",,,0,0,0,0,0,0,0,1
125,10,1,"victim",0,21,3,2,1,2,1,2,TRUE,2.42857142857143,2.14285714285714,2.625,3,1.83333333333333,2,1,3,1,3,2,"Out","Cont","outgroup","control",1,0,0,0,0,0,"Out","Cont",,1,0,0,1,1,0,0,1,0,"Victim__J_Out__C_Cont",1,9,-9,"Ing_x_Hum","Ing_x_Hum__Victim","Ing_x_Hum__Reject","Ing_x_Hum__Victim__Reject",0,0,0,1,0,0,"Victim__J_Out__C_Cont__Reject","Victim__J_Out__C_Cont__Reject",0,0,0,0,0,0,0,1,0,0,0,0,0,0,0,0,0,0,0,0,0,0,0,0,0,0,0,"J_Out__C_Cont",,,0,0,0,0,0,0,1,0
125,10,2,"victim",0,21,3,2,1,2,1,2,TRUE,2.42857142857143,2.14285714285714,2.625,3,1.83333333333333,2,1,3,3,1,2,"Out","Cont","control","outgroup",0,1,0,,0,0,"Cont","Out",,1,0,0,1,0,1,1,0,0,"Victim__J_Cont__C_Out",1,9,-9,"Ing_x_Control","Ing_x_Control__Victim","Ing_x_Control__Reject","Ing_x_Control__Victim__Reject",0,0,0,0,0,1,"Victim__J_Cont__C_Out__Reject","Victim__J_Cont__C_Out__Reject",0,0,0,0,0,1,0,0,0,0,0,0,0,0,0,0,0,0,0,0,0,0,0,0,0,0,0,"J_Cont__C_Out",,,0,0,0,0,1,0,0,0
126,1,1,"victim",0,21,2,2,1,2,1,1,TRUE,1.64285714285714,2.57142857142857,1.625,0.714285714285714,1.66666666666667,2,2,3,2,3,2,"In","Cont","ingroup","control",0,0,0,1,0,1,"In","Cont",,0,0,0,1,0,0,0,1,0,"Victim__J_In__C_Cont",1,-9,9,"Ing_x_Ing","Ing_x_Ing__Victim","Ing_x_Ing__Reject","Ing_x_Ing__Victim__Reject",0,0,0,0,1,0,"Victim__J_In__C_Cont__Reject","Victim__J_In__C_Cont__Reject",0,0,0,0,0,0,1,0,0,0,0,0,0,0,0,0,0,0,0,0,0,0,0,0,0,0,0,"J_In__C_Cont",,,0,0,0,0,0,1,0,0
126,1,2,"victim",0,21,2,2,1,2,1,1,TRUE,1.64285714285714,2.57142857142857,1.625,0.714285714285714,1.66666666666667,2,2,3,3,2,2,"In","Cont","control","ingroup",0,1,0,,1,0,"Cont","In",,0,0,0,1,0,1,0,0,0,"Victim__J_Cont__C_In",1,9,-9,"Ing_x_Control","Ing_x_Control__Victim","Ing_x_Control__Accept","Ing_x_Control__Victim__Accept",0,0,0,0,0,1,"Victim__J_Cont__C_In__Accept","Victim__J_Cont__C_In__Accept",0,0,1,0,0,0,0,0,0,0,0,0,0,0,0,0,0,0,0,0,0,0,0,0,0,0,0,"J_Cont__C_In",,,0,1,0,0,0,0,0,0
126,2,1,"victim",0,21,2,2,1,2,1,1,TRUE,1.64285714285714,2.57142857142857,1.625,0.714285714285714,1.66666666666667,2,3,1,3,1,2,"Cont","Out","control","outgroup",0,1,0,,1,0,"Cont","Out",,0,1,1,0,0,1,1,0,0,"Victim__J_Cont__C_Out",1,9,-9,"Ing_x_Control","Ing_x_Control__Victim","Ing_x_Control__Accept","Ing_x_Control__Victim__Accept",0,0,0,0,0,1,"Victim__J_Cont__C_Out__Accept","Victim__J_Cont__C_Out__Accept",0,0,0,0,0,1,0,0,0,0,0,0,0,0,0,0,0,0,0,0,0,0,0,0,0,0,0,"J_Cont__C_Out",,,0,0,0,0,1,0,0,0
126,2,2,"victim",0,21,2,2,1,2,1,1,TRUE,1.64285714285714,2.57142857142857,1.625,0.714285714285714,1.66666666666667,2,3,1,1,3,2,"Cont","Out","outgroup","control",1,0,0,0,0,1,"Out","Cont",,0,1,1,0,1,0,0,1,0,"Victim__J_Out__C_Cont",1,-9,9,"Ing_x_Hum","Ing_x_Hum__Victim","Ing_x_Hum__Reject","Ing_x_Hum__Victim__Reject",0,0,0,1,0,0,"Victim__J_Out__C_Cont__Reject","Victim__J_Out__C_Cont__Reject",0,0,0,0,0,0,0,1,0,0,0,0,0,0,0,0,0,0,0,0,0,0,0,0,0,0,0,"J_Out__C_Cont",,,0,0,0,0,0,0,1,0
126,3,1,"victim",0,21,2,2,1,2,1,1,TRUE,1.64285714285714,2.57142857142857,1.625,0.714285714285714,1.66666666666667,2,3,1,3,1,2,"Cont","Out","control","outgroup",0,1,0,,1,1,"Cont","Out",,0,1,1,0,0,1,1,0,0,"Victim__J_Cont__C_Out",1,-9,9,"Ing_x_Control","Ing_x_Control__Victim","Ing_x_Control__Accept","Ing_x_Control__Victim__Accept",0,0,0,0,0,1,"Victim__J_Cont__C_Out__Accept","Victim__J_Cont__C_Out__Accept",0,0,0,0,0,1,0,0,0,0,0,0,0,0,0,0,0,0,0,0,0,0,0,0,0,0,0,"J_Cont__C_Out",,,0,0,0,0,1,0,0,0
126,3,2,"victim",0,21,2,2,1,2,1,1,TRUE,1.64285714285714,2.57142857142857,1.625,0.714285714285714,1.66666666666667,2,3,1,1,3,2,"Cont","Out","outgroup","control",1,0,0,0,1,1,"Out","Cont",,0,1,1,0,1,0,0,1,0,"Victim__J_Out__C_Cont",1,-9,9,"Ing_x_Hum","Ing_x_Hum__Victim","Ing_x_Hum__Accept","Ing_x_Hum__Victim__Accept",0,0,0,1,0,0,"Victim__J_Out__C_Cont__Accept","Victim__J_Out__C_Cont__Accept",0,0,0,0,0,0,0,1,0,0,0,0,0,0,0,0,0,0,0,0,0,0,0,0,0,0,0,"J_Out__C_Cont",,,0,0,0,0,0,0,1,0
126,4,1,"victim",0,21,2,2,1,2,1,1,TRUE,1.64285714285714,2.57142857142857,1.625,0.714285714285714,1.66666666666667,2,1,3,1,3,2,"Out","Cont","outgroup","control",1,0,0,0,0,0,"Out","Cont",,1,0,0,1,1,0,0,1,0,"Victim__J_Out__C_Cont",1,9,-9,"Ing_x_Hum","Ing_x_Hum__Victim","Ing_x_Hum__Reject","Ing_x_Hum__Victim__Reject",0,0,0,1,0,0,"Victim__J_Out__C_Cont__Reject","Victim__J_Out__C_Cont__Reject",0,0,0,0,0,0,0,1,0,0,0,0,0,0,0,0,0,0,0,0,0,0,0,0,0,0,0,"J_Out__C_Cont",,,0,0,0,0,0,0,1,0
126,4,2,"victim",0,21,2,2,1,2,1,1,TRUE,1.64285714285714,2.57142857142857,1.625,0.714285714285714,1.66666666666667,2,1,3,3,1,2,"Out","Cont","control","outgroup",0,1,0,,0,0,"Cont","Out",,1,0,0,1,0,1,1,0,0,"Victim__J_Cont__C_Out",1,9,-9,"Ing_x_Control","Ing_x_Control__Victim","Ing_x_Control__Reject","Ing_x_Control__Victim__Reject",0,0,0,0,0,1,"Victim__J_Cont__C_Out__Reject","Victim__J_Cont__C_Out__Reject",0,0,0,0,0,1,0,0,0,0,0,0,0,0,0,0,0,0,0,0,0,0,0,0,0,0,0,"J_Cont__C_Out",,,0,0,0,0,1,0,0,0
126,5,1,"victim",0,21,2,2,1,2,1,1,TRUE,1.64285714285714,2.57142857142857,1.625,0.714285714285714,1.66666666666667,2,3,1,3,1,2,"Cont","Out","control","outgroup",0,1,0,,0,0,"Cont","Out",,0,1,1,0,0,1,1,0,0,"Victim__J_Cont__C_Out",1,9,-9,"Ing_x_Control","Ing_x_Control__Victim","Ing_x_Control__Reject","Ing_x_Control__Victim__Reject",0,0,0,0,0,1,"Victim__J_Cont__C_Out__Reject","Victim__J_Cont__C_Out__Reject",0,0,0,0,0,1,0,0,0,0,0,0,0,0,0,0,0,0,0,0,0,0,0,0,0,0,0,"J_Cont__C_Out",,,0,0,0,0,1,0,0,0
126,5,2,"victim",0,21,2,2,1,2,1,1,TRUE,1.64285714285714,2.57142857142857,1.625,0.714285714285714,1.66666666666667,2,3,1,1,3,2,"Cont","Out","outgroup","control",1,0,0,0,0,0,"Out","Cont",,0,1,1,0,1,0,0,1,0,"Victim__J_Out__C_Cont",1,9,-9,"Ing_x_Hum","Ing_x_Hum__Victim","Ing_x_Hum__Reject","Ing_x_Hum__Victim__Reject",0,0,0,1,0,0,"Victim__J_Out__C_Cont__Reject","Victim__J_Out__C_Cont__Reject",0,0,0,0,0,0,0,1,0,0,0,0,0,0,0,0,0,0,0,0,0,0,0,0,0,0,0,"J_Out__C_Cont",,,0,0,0,0,0,0,1,0
127,6,1,"victim",0,23,1,2,1,2,1,2,TRUE,1.89285714285714,1.57142857142857,2.25,2.57142857142857,1,2,3,3,3,3,2,"Cont","Cont","control","control",0,1,0,,1,1,"Cont","Cont",,0,1,0,1,0,1,0,1,0,"Victim__J_Cont__C_Cont",1,-4,4,"Ing_x_Control","Ing_x_Control__Victim","Ing_x_Control__Accept","Ing_x_Control__Victim__Accept",0,0,0,0,0,1,"Victim__J_Cont__C_Cont__Accept","Victim__J_Cont__C_Cont__Accept",0,0,0,0,0,0,0,0,1,0,0,0,0,0,0,0,0,0,0,0,0,0,0,0,0,0,0,"J_Cont__C_Cont",,,0,0,0,0,0,0,0,1
127,6,2,"victim",0,23,1,2,1,2,1,2,TRUE,1.89285714285714,1.57142857142857,2.25,2.57142857142857,1,2,3,3,3,3,2,"Cont","Cont","control","control",0,1,0,,1,1,"Cont","Cont",,0,1,0,1,0,1,0,1,0,"Victim__J_Cont__C_Cont",1,-4,4,"Ing_x_Control","Ing_x_Control__Victim","Ing_x_Control__Accept","Ing_x_Control__Victim__Accept",0,0,0,0,0,1,"Victim__J_Cont__C_Cont__Accept","Victim__J_Cont__C_Cont__Accept",0,0,0,0,0,0,0,0,1,0,0,0,0,0,0,0,0,0,0,0,0,0,0,0,0,0,0,"J_Cont__C_Cont",,,0,0,0,0,0,0,0,1
127,7,1,"victim",0,23,1,2,1,2,1,2,TRUE,1.89285714285714,1.57142857142857,2.25,2.57142857142857,1,2,1,3,1,3,2,"Out","Cont","outgroup","control",1,0,0,0,0,1,"Out","Cont",,1,0,0,1,1,0,0,1,0,"Victim__J_Out__C_Cont",1,-4,4,"Ing_x_Hum","Ing_x_Hum__Victim","Ing_x_Hum__Reject","Ing_x_Hum__Victim__Reject",0,0,0,1,0,0,"Victim__J_Out__C_Cont__Reject","Victim__J_Out__C_Cont__Reject",0,0,0,0,0,0,0,1,0,0,0,0,0,0,0,0,0,0,0,0,0,0,0,0,0,0,0,"J_Out__C_Cont",,,0,0,0,0,0,0,1,0
127,7,2,"victim",0,23,1,2,1,2,1,2,TRUE,1.89285714285714,1.57142857142857,2.25,2.57142857142857,1,2,1,3,3,1,2,"Out","Cont","control","outgroup",0,1,0,,1,0,"Cont","Out",,1,0,0,1,0,1,1,0,0,"Victim__J_Cont__C_Out",1,-4,4,"Ing_x_Control","Ing_x_Control__Victim","Ing_x_Control__Accept","Ing_x_Control__Victim__Accept",0,0,0,0,0,1,"Victim__J_Cont__C_Out__Accept","Victim__J_Cont__C_Out__Accept",0,0,0,0,0,1,0,0,0,0,0,0,0,0,0,0,0,0,0,0,0,0,0,0,0,0,0,"J_Cont__C_Out",,,0,0,0,0,1,0,0,0
127,8,1,"victim",0,23,1,2,1,2,1,2,TRUE,1.89285714285714,1.57142857142857,2.25,2.57142857142857,1,2,2,1,2,1,2,"In","Out","ingroup","outgroup",0,0,0,1,1,0,"In","Out",,0,0,1,0,0,0,1,0,0,"Victim__J_In__C_Out",0,-4,4,"Ing_x_Ing","Ing_x_Ing__Victim","Ing_x_Ing__Accept","Ing_x_Ing__Victim__Accept",0,0,0,0,1,0,"Victim__J_In__C_Out__Accept","Victim__J_In__C_Out__Accept",0,0,0,1,0,0,0,0,0,0,0,0,0,0,0,0,0,0,0,0,0,0,0,0,0,0,0,"J_In__C_Out",,,0,0,1,0,0,0,0,0
127,8,2,"victim",0,23,1,2,1,2,1,2,TRUE,1.89285714285714,1.57142857142857,2.25,2.57142857142857,1,2,2,1,1,2,2,"In","Out","outgroup","ingroup",1,0,0,0,0,1,"Out","In",,0,0,1,0,1,0,0,0,0,"Victim__J_Out__C_In",0,-4,4,"Ing_x_Hum","Ing_x_Hum__Victim","Ing_x_Hum__Reject","Ing_x_Hum__Victim__Reject",0,0,0,1,0,0,"Victim__J_Out__C_In__Reject","Victim__J_Out__C_In__Reject",0,1,0,0,0,0,0,0,0,0,0,0,0,0,0,0,0,0,0,0,0,0,0,0,0,0,0,"J_Out__C_In",,,1,0,0,0,0,0,0,0
127,9,1,"victim",0,23,1,2,1,2,1,2,TRUE,1.89285714285714,1.57142857142857,2.25,2.57142857142857,1,2,1,3,1,3,2,"Out","Cont","outgroup","control",1,0,0,0,1,0,"Out","Cont",,1,0,0,1,1,0,0,1,0,"Victim__J_Out__C_Cont",1,-4,4,"Ing_x_Hum","Ing_x_Hum__Victim","Ing_x_Hum__Accept","Ing_x_Hum__Victim__Accept",0,0,0,1,0,0,"Victim__J_Out__C_Cont__Accept","Victim__J_Out__C_Cont__Accept",0,0,0,0,0,0,0,1,0,0,0,0,0,0,0,0,0,0,0,0,0,0,0,0,0,0,0,"J_Out__C_Cont",,,0,0,0,0,0,0,1,0
127,9,2,"victim",0,23,1,2,1,2,1,2,TRUE,1.89285714285714,1.57142857142857,2.25,2.57142857142857,1,2,1,3,3,1,2,"Out","Cont","control","outgroup",0,1,0,,0,1,"Cont","Out",,1,0,0,1,0,1,1,0,0,"Victim__J_Cont__C_Out",1,5,-5,"Ing_x_Control","Ing_x_Control__Victim","Ing_x_Control__Reject","Ing_x_Control__Victim__Reject",0,0,0,0,0,1,"Victim__J_Cont__C_Out__Reject","Victim__J_Cont__C_Out__Reject",0,0,0,0,0,1,0,0,0,0,0,0,0,0,0,0,0,0,0,0,0,0,0,0,0,0,0,"J_Cont__C_Out",,,0,0,0,0,1,0,0,0
127,10,1,"victim",0,23,1,2,1,2,1,2,TRUE,1.89285714285714,1.57142857142857,2.25,2.57142857142857,1,2,2,3,2,3,2,"In","Cont","ingroup","control",0,0,0,1,0,0,"In","Cont",,0,0,0,1,0,0,0,1,0,"Victim__J_In__C_Cont",1,7,-7,"Ing_x_Ing","Ing_x_Ing__Victim","Ing_x_Ing__Reject","Ing_x_Ing__Victim__Reject",0,0,0,0,1,0,"Victim__J_In__C_Cont__Reject","Victim__J_In__C_Cont__Reject",0,0,0,0,0,0,1,0,0,0,0,0,0,0,0,0,0,0,0,0,0,0,0,0,0,0,0,"J_In__C_Cont",,,0,0,0,0,0,1,0,0
127,10,2,"victim",0,23,1,2,1,2,1,2,TRUE,1.89285714285714,1.57142857142857,2.25,2.57142857142857,1,2,2,3,3,2,2,"In","Cont","control","ingroup",0,1,0,,0,0,"Cont","In",,0,0,0,1,0,1,0,0,0,"Victim__J_Cont__C_In",1,7,-7,"Ing_x_Control","Ing_x_Control__Victim","Ing_x_Control__Reject","Ing_x_Control__Victim__Reject",0,0,0,0,0,1,"Victim__J_Cont__C_In__Reject","Victim__J_Cont__C_In__Reject",0,0,1,0,0,0,0,0,0,0,0,0,0,0,0,0,0,0,0,0,0,0,0,0,0,0,0,"J_Cont__C_In",,,0,1,0,0,0,0,0,0
129,6,1,"victim",0,21,3,2,1,2,1,2,TRUE,1.35714285714286,1,1.5,1.42857142857143,1.5,2,1,2,1,2,2,"Out","In","outgroup","ingroup",1,0,0,0,1,0,"Out","In",,1,0,0,0,1,0,0,0,0,"Victim__J_Out__C_In",0,-9,9,"Ing_x_Hum","Ing_x_Hum__Victim","Ing_x_Hum__Accept","Ing_x_Hum__Victim__Accept",0,0,0,1,0,0,"Victim__J_Out__C_In__Accept","Victim__J_Out__C_In__Accept",0,1,0,0,0,0,0,0,0,0,0,0,0,0,0,0,0,0,0,0,0,0,0,0,0,0,0,"J_Out__C_In",,,1,0,0,0,0,0,0,0
129,6,2,"victim",0,21,3,2,1,2,1,2,TRUE,1.35714285714286,1,1.5,1.42857142857143,1.5,2,1,2,2,1,2,"Out","In","ingroup","outgroup",0,0,0,1,0,1,"In","Out",,1,0,0,0,0,0,1,0,0,"Victim__J_In__C_Out",0,9,-9,"Ing_x_Ing","Ing_x_Ing__Victim","Ing_x_Ing__Reject","Ing_x_Ing__Victim__Reject",0,0,0,0,1,0,"Victim__J_In__C_Out__Reject","Victim__J_In__C_Out__Reject",0,0,0,1,0,0,0,0,0,0,0,0,0,0,0,0,0,0,0,0,0,0,0,0,0,0,0,"J_In__C_Out",,,0,0,1,0,0,0,0,0
129,7,1,"victim",0,21,3,2,1,2,1,2,TRUE,1.35714285714286,1,1.5,1.42857142857143,1.5,2,3,1,3,1,2,"Cont","Out","control","outgroup",0,1,0,,1,0,"Cont","Out",,0,1,1,0,0,1,1,0,0,"Victim__J_Cont__C_Out",1,-9,9,"Ing_x_Control","Ing_x_Control__Victim","Ing_x_Control__Accept","Ing_x_Control__Victim__Accept",0,0,0,0,0,1,"Victim__J_Cont__C_Out__Accept","Victim__J_Cont__C_Out__Accept",0,0,0,0,0,1,0,0,0,0,0,0,0,0,0,0,0,0,0,0,0,0,0,0,0,0,0,"J_Cont__C_Out",,,0,0,0,0,1,0,0,0
129,7,2,"victim",0,21,3,2,1,2,1,2,TRUE,1.35714285714286,1,1.5,1.42857142857143,1.5,2,3,1,1,3,2,"Cont","Out","outgroup","control",1,0,0,0,0,1,"Out","Cont",,0,1,1,0,1,0,0,1,0,"Victim__J_Out__C_Cont",1,9,-9,"Ing_x_Hum","Ing_x_Hum__Victim","Ing_x_Hum__Reject","Ing_x_Hum__Victim__Reject",0,0,0,1,0,0,"Victim__J_Out__C_Cont__Reject","Victim__J_Out__C_Cont__Reject",0,0,0,0,0,0,0,1,0,0,0,0,0,0,0,0,0,0,0,0,0,0,0,0,0,0,0,"J_Out__C_Cont",,,0,0,0,0,0,0,1,0
129,8,1,"victim",0,21,3,2,1,2,1,2,TRUE,1.35714285714286,1,1.5,1.42857142857143,1.5,2,3,2,3,2,2,"Cont","In","control","ingroup",0,1,0,,0,0,"Cont","In",,0,1,0,0,0,1,0,0,0,"Victim__J_Cont__C_In",1,9,-9,"Ing_x_Control","Ing_x_Control__Victim","Ing_x_Control__Reject","Ing_x_Control__Victim__Reject",0,0,0,0,0,1,"Victim__J_Cont__C_In__Reject","Victim__J_Cont__C_In__Reject",0,0,1,0,0,0,0,0,0,0,0,0,0,0,0,0,0,0,0,0,0,0,0,0,0,0,0,"J_Cont__C_In",,,0,1,0,0,0,0,0,0
129,8,2,"victim",0,21,3,2,1,2,1,2,TRUE,1.35714285714286,1,1.5,1.42857142857143,1.5,2,3,2,2,3,2,"Cont","In","ingroup","control",0,0,0,1,0,0,"In","Cont",,0,1,0,0,0,0,0,1,0,"Victim__J_In__C_Cont",1,9,-9,"Ing_x_Ing","Ing_x_Ing__Victim","Ing_x_Ing__Reject","Ing_x_Ing__Victim__Reject",0,0,0,0,1,0,"Victim__J_In__C_Cont__Reject","Victim__J_In__C_Cont__Reject",0,0,0,0,0,0,1,0,0,0,0,0,0,0,0,0,0,0,0,0,0,0,0,0,0,0,0,"J_In__C_Cont",,,0,0,0,0,0,1,0,0
129,9,1,"victim",0,21,3,2,1,2,1,2,TRUE,1.35714285714286,1,1.5,1.42857142857143,1.5,2,1,2,1,2,2,"Out","In","outgroup","ingroup",1,0,0,0,1,1,"Out","In",,1,0,0,0,1,0,0,0,0,"Victim__J_Out__C_In",0,-9,9,"Ing_x_Hum","Ing_x_Hum__Victim","Ing_x_Hum__Accept","Ing_x_Hum__Victim__Accept",0,0,0,1,0,0,"Victim__J_Out__C_In__Accept","Victim__J_Out__C_In__Accept",0,1,0,0,0,0,0,0,0,0,0,0,0,0,0,0,0,0,0,0,0,0,0,0,0,0,0,"J_Out__C_In",,,1,0,0,0,0,0,0,0
129,9,2,"victim",0,21,3,2,1,2,1,2,TRUE,1.35714285714286,1,1.5,1.42857142857143,1.5,2,1,2,2,1,2,"Out","In","ingroup","outgroup",0,0,0,1,1,1,"In","Out",,1,0,0,0,0,0,1,0,0,"Victim__J_In__C_Out",0,-9,9,"Ing_x_Ing","Ing_x_Ing__Victim","Ing_x_Ing__Accept","Ing_x_Ing__Victim__Accept",0,0,0,0,1,0,"Victim__J_In__C_Out__Accept","Victim__J_In__C_Out__Accept",0,0,0,1,0,0,0,0,0,0,0,0,0,0,0,0,0,0,0,0,0,0,0,0,0,0,0,"J_In__C_Out",,,0,0,1,0,0,0,0,0
129,10,1,"victim",0,21,3,2,1,2,1,2,TRUE,1.35714285714286,1,1.5,1.42857142857143,1.5,2,3,2,3,2,2,"Cont","In","control","ingroup",0,1,0,,0,1,"Cont","In",,0,1,0,0,0,1,0,0,0,"Victim__J_Cont__C_In",1,9,-9,"Ing_x_Control","Ing_x_Control__Victim","Ing_x_Control__Reject","Ing_x_Control__Victim__Reject",0,0,0,0,0,1,"Victim__J_Cont__C_In__Reject","Victim__J_Cont__C_In__Reject",0,0,1,0,0,0,0,0,0,0,0,0,0,0,0,0,0,0,0,0,0,0,0,0,0,0,0,"J_Cont__C_In",,,0,1,0,0,0,0,0,0
129,10,2,"victim",0,21,3,2,1,2,1,2,TRUE,1.35714285714286,1,1.5,1.42857142857143,1.5,2,3,2,2,3,2,"Cont","In","ingroup","control",0,0,0,1,1,0,"In","Cont",,0,1,0,0,0,0,0,1,0,"Victim__J_In__C_Cont",1,-9,9,"Ing_x_Ing","Ing_x_Ing__Victim","Ing_x_Ing__Accept","Ing_x_Ing__Victim__Accept",0,0,0,0,1,0,"Victim__J_In__C_Cont__Accept","Victim__J_In__C_Cont__Accept",0,0,0,0,0,0,1,0,0,0,0,0,0,0,0,0,0,0,0,0,0,0,0,0,0,0,0,"J_In__C_Cont",,,0,0,0,0,0,1,0,0
130,1,1,"victim",0,19,2,2,1,2,1,1,TRUE,1.92857142857143,1.42857142857143,1.875,2.85714285714286,1.5,2,2,1,2,1,2,"In","Out","ingroup","outgroup",0,0,0,1,0,1,"In","Out",,0,0,1,0,0,0,1,0,0,"Victim__J_In__C_Out",0,5,-5,"Ing_x_Ing","Ing_x_Ing__Victim","Ing_x_Ing__Reject","Ing_x_Ing__Victim__Reject",0,0,0,0,1,0,"Victim__J_In__C_Out__Reject","Victim__J_In__C_Out__Reject",0,0,0,1,0,0,0,0,0,0,0,0,0,0,0,0,0,0,0,0,0,0,0,0,0,0,0,"J_In__C_Out",,,0,0,1,0,0,0,0,0
130,1,2,"victim",0,19,2,2,1,2,1,1,TRUE,1.92857142857143,1.42857142857143,1.875,2.85714285714286,1.5,2,2,1,1,2,2,"In","Out","outgroup","ingroup",1,0,0,0,1,0,"Out","In",,0,0,1,0,1,0,0,0,0,"Victim__J_Out__C_In",0,-3,3,"Ing_x_Hum","Ing_x_Hum__Victim","Ing_x_Hum__Accept","Ing_x_Hum__Victim__Accept",0,0,0,1,0,0,"Victim__J_Out__C_In__Accept","Victim__J_Out__C_In__Accept",0,1,0,0,0,0,0,0,0,0,0,0,0,0,0,0,0,0,0,0,0,0,0,0,0,0,0,"J_Out__C_In",,,1,0,0,0,0,0,0,0
130,2,1,"victim",0,19,2,2,1,2,1,1,TRUE,1.92857142857143,1.42857142857143,1.875,2.85714285714286,1.5,2,1,3,1,3,2,"Out","Cont","outgroup","control",1,0,0,0,1,1,"Out","Cont",,1,0,0,1,1,0,0,1,0,"Victim__J_Out__C_Cont",1,-5,5,"Ing_x_Hum","Ing_x_Hum__Victim","Ing_x_Hum__Accept","Ing_x_Hum__Victim__Accept",0,0,0,1,0,0,"Victim__J_Out__C_Cont__Accept","Victim__J_Out__C_Cont__Accept",0,0,0,0,0,0,0,1,0,0,0,0,0,0,0,0,0,0,0,0,0,0,0,0,0,0,0,"J_Out__C_Cont",,,0,0,0,0,0,0,1,0
130,2,2,"victim",0,19,2,2,1,2,1,1,TRUE,1.92857142857143,1.42857142857143,1.875,2.85714285714286,1.5,2,1,3,3,1,2,"Out","Cont","control","outgroup",0,1,0,,1,1,"Cont","Out",,1,0,0,1,0,1,1,0,0,"Victim__J_Cont__C_Out",1,-5,5,"Ing_x_Control","Ing_x_Control__Victim","Ing_x_Control__Accept","Ing_x_Control__Victim__Accept",0,0,0,0,0,1,"Victim__J_Cont__C_Out__Accept","Victim__J_Cont__C_Out__Accept",0,0,0,0,0,1,0,0,0,0,0,0,0,0,0,0,0,0,0,0,0,0,0,0,0,0,0,"J_Cont__C_Out",,,0,0,0,0,1,0,0,0
130,3,1,"victim",0,19,2,2,1,2,1,1,TRUE,1.92857142857143,1.42857142857143,1.875,2.85714285714286,1.5,2,2,3,2,3,2,"In","Cont","ingroup","control",0,0,0,1,1,0,"In","Cont",,0,0,0,1,0,0,0,1,0,"Victim__J_In__C_Cont",1,-4,4,"Ing_x_Ing","Ing_x_Ing__Victim","Ing_x_Ing__Accept","Ing_x_Ing__Victim__Accept",0,0,0,0,1,0,"Victim__J_In__C_Cont__Accept","Victim__J_In__C_Cont__Accept",0,0,0,0,0,0,1,0,0,0,0,0,0,0,0,0,0,0,0,0,0,0,0,0,0,0,0,"J_In__C_Cont",,,0,0,0,0,0,1,0,0
130,3,2,"victim",0,19,2,2,1,2,1,1,TRUE,1.92857142857143,1.42857142857143,1.875,2.85714285714286,1.5,2,2,3,3,2,2,"In","Cont","control","ingroup",0,1,0,,0,1,"Cont","In",,0,0,0,1,0,1,0,0,0,"Victim__J_Cont__C_In",1,6,-6,"Ing_x_Control","Ing_x_Control__Victim","Ing_x_Control__Reject","Ing_x_Control__Victim__Reject",0,0,0,0,0,1,"Victim__J_Cont__C_In__Reject","Victim__J_Cont__C_In__Reject",0,0,1,0,0,0,0,0,0,0,0,0,0,0,0,0,0,0,0,0,0,0,0,0,0,0,0,"J_Cont__C_In",,,0,1,0,0,0,0,0,0
130,4,1,"victim",0,19,2,2,1,2,1,1,TRUE,1.92857142857143,1.42857142857143,1.875,2.85714285714286,1.5,2,2,2,2,2,2,"In","In","ingroup","ingroup",0,0,0,1,1,0,"In","In",,0,0,0,0,0,0,0,0,0,"Victim__J_In__C_In",0,-9,9,"Ing_x_Ing","Ing_x_Ing__Victim","Ing_x_Ing__Accept","Ing_x_Ing__Victim__Accept",0,0,0,0,1,0,"Victim__J_In__C_In__Accept","Victim__J_In__C_In__Accept",1,0,0,0,0,0,0,0,0,0,0,0,0,0,0,0,0,0,0,0,0,0,0,0,0,0,0,"J_In__C_In",,,0,0,0,0,0,0,0,0
130,4,2,"victim",0,19,2,2,1,2,1,1,TRUE,1.92857142857143,1.42857142857143,1.875,2.85714285714286,1.5,2,2,2,2,2,2,"In","In","ingroup","ingroup",0,0,0,1,0,1,"In","In",,0,0,0,0,0,0,0,0,0,"Victim__J_In__C_In",0,9,-9,"Ing_x_Ing","Ing_x_Ing__Victim","Ing_x_Ing__Reject","Ing_x_Ing__Victim__Reject",0,0,0,0,1,0,"Victim__J_In__C_In__Reject","Victim__J_In__C_In__Reject",1,0,0,0,0,0,0,0,0,0,0,0,0,0,0,0,0,0,0,0,0,0,0,0,0,0,0,"J_In__C_In",,,0,0,0,0,0,0,0,0
130,5,1,"victim",0,19,2,2,1,2,1,1,TRUE,1.92857142857143,1.42857142857143,1.875,2.85714285714286,1.5,2,2,3,2,3,2,"In","Cont","ingroup","control",0,0,0,1,0,1,"In","Cont",,0,0,0,1,0,0,0,1,0,"Victim__J_In__C_Cont",1,7,-7,"Ing_x_Ing","Ing_x_Ing__Victim","Ing_x_Ing__Reject","Ing_x_Ing__Victim__Reject",0,0,0,0,1,0,"Victim__J_In__C_Cont__Reject","Victim__J_In__C_Cont__Reject",0,0,0,0,0,0,1,0,0,0,0,0,0,0,0,0,0,0,0,0,0,0,0,0,0,0,0,"J_In__C_Cont",,,0,0,0,0,0,1,0,0
130,5,2,"victim",0,19,2,2,1,2,1,1,TRUE,1.92857142857143,1.42857142857143,1.875,2.85714285714286,1.5,2,2,3,3,2,2,"In","Cont","control","ingroup",0,1,0,,1,0,"Cont","In",,0,0,0,1,0,1,0,0,0,"Victim__J_Cont__C_In",1,-4,4,"Ing_x_Control","Ing_x_Control__Victim","Ing_x_Control__Accept","Ing_x_Control__Victim__Accept",0,0,0,0,0,1,"Victim__J_Cont__C_In__Accept","Victim__J_Cont__C_In__Accept",0,0,1,0,0,0,0,0,0,0,0,0,0,0,0,0,0,0,0,0,0,0,0,0,0,0,0,"J_Cont__C_In",,,0,1,0,0,0,0,0,0
131,6,1,"victim",0,20,2,2,1,1,0,2,TRUE,1.67857142857143,1.57142857142857,1.875,2,1.16666666666667,1,1,3,1,3,1,"In","Cont","ingroup","control",0,0,0,1,0,1,"In","Cont",,0,0,0,1,0,0,0,1,0,"Victim__J_In__C_Cont",1,0,0,"Hum_x_Hum","Hum_x_Hum__Victim","Hum_x_Hum__Reject","Hum_x_Hum__Victim__Reject",1,0,0,0,0,0,"Victim__J_In__C_Cont__Reject","Victim__J_In__C_Cont__Reject",0,0,0,0,0,0,1,0,0,0,0,0,0,0,0,0,0,0,0,0,0,0,0,0,0,0,0,"J_In__C_Cont",,,0,0,0,0,0,1,0,0
131,6,2,"victim",0,20,2,2,1,1,0,2,TRUE,1.67857142857143,1.57142857142857,1.875,2,1.16666666666667,1,1,3,3,1,1,"In","Cont","control","ingroup",0,1,0,,1,0,"Cont","In",,0,0,0,1,0,1,0,0,0,"Victim__J_Cont__C_In",1,0,0,"Hum_x_Control","Hum_x_Control__Victim","Hum_x_Control__Accept","Hum_x_Control__Victim__Accept",0,0,1,0,0,0,"Victim__J_Cont__C_In__Accept","Victim__J_Cont__C_In__Accept",0,0,1,0,0,0,0,0,0,0,0,0,0,0,0,0,0,0,0,0,0,0,0,0,0,0,0,"J_Cont__C_In",,,0,1,0,0,0,0,0,0
131,7,1,"victim",0,20,2,2,1,1,0,2,TRUE,1.67857142857143,1.57142857142857,1.875,2,1.16666666666667,1,1,1,1,1,1,"In","In","ingroup","ingroup",0,0,0,1,1,0,"In","In",,0,0,0,0,0,0,0,0,0,"Victim__J_In__C_In",0,-5,5,"Hum_x_Hum","Hum_x_Hum__Victim","Hum_x_Hum__Accept","Hum_x_Hum__Victim__Accept",1,0,0,0,0,0,"Victim__J_In__C_In__Accept","Victim__J_In__C_In__Accept",1,0,0,0,0,0,0,0,0,0,0,0,0,0,0,0,0,0,0,0,0,0,0,0,0,0,0,"J_In__C_In",,,0,0,0,0,0,0,0,0
131,7,2,"victim",0,20,2,2,1,1,0,2,TRUE,1.67857142857143,1.57142857142857,1.875,2,1.16666666666667,1,1,1,1,1,1,"In","In","ingroup","ingroup",0,0,0,1,0,1,"In","In",,0,0,0,0,0,0,0,0,0,"Victim__J_In__C_In",0,-5,5,"Hum_x_Hum","Hum_x_Hum__Victim","Hum_x_Hum__Reject","Hum_x_Hum__Victim__Reject",1,0,0,0,0,0,"Victim__J_In__C_In__Reject","Victim__J_In__C_In__Reject",1,0,0,0,0,0,0,0,0,0,0,0,0,0,0,0,0,0,0,0,0,0,0,0,0,0,0,"J_In__C_In",,,0,0,0,0,0,0,0,0
131,8,1,"victim",0,20,2,2,1,1,0,2,TRUE,1.67857142857143,1.57142857142857,1.875,2,1.16666666666667,1,1,2,1,2,1,"In","Out","ingroup","outgroup",0,0,0,1,1,1,"In","Out",,0,0,1,0,0,0,1,0,0,"Victim__J_In__C_Out",0,0,0,"Hum_x_Hum","Hum_x_Hum__Victim","Hum_x_Hum__Accept","Hum_x_Hum__Victim__Accept",1,0,0,0,0,0,"Victim__J_In__C_Out__Accept","Victim__J_In__C_Out__Accept",0,0,0,1,0,0,0,0,0,0,0,0,0,0,0,0,0,0,0,0,0,0,0,0,0,0,0,"J_In__C_Out",,,0,0,1,0,0,0,0,0
131,8,2,"victim",0,20,2,2,1,1,0,2,TRUE,1.67857142857143,1.57142857142857,1.875,2,1.16666666666667,1,1,2,2,1,1,"In","Out","outgroup","ingroup",1,0,0,0,1,1,"Out","In",,0,0,1,0,1,0,0,0,0,"Victim__J_Out__C_In",0,0,0,"Hum_x_Ing","Hum_x_Ing__Victim","Hum_x_Ing__Accept","Hum_x_Ing__Victim__Accept",0,1,0,0,0,0,"Victim__J_Out__C_In__Accept","Victim__J_Out__C_In__Accept",0,1,0,0,0,0,0,0,0,0,0,0,0,0,0,0,0,0,0,0,0,0,0,0,0,0,0,"J_Out__C_In",,,1,0,0,0,0,0,0,0
131,9,1,"victim",0,20,2,2,1,1,0,2,TRUE,1.67857142857143,1.57142857142857,1.875,2,1.16666666666667,1,1,3,1,3,1,"In","Cont","ingroup","control",0,0,0,1,0,0,"In","Cont",,0,0,0,1,0,0,0,1,0,"Victim__J_In__C_Cont",1,5,-5,"Hum_x_Hum","Hum_x_Hum__Victim","Hum_x_Hum__Reject","Hum_x_Hum__Victim__Reject",1,0,0,0,0,0,"Victim__J_In__C_Cont__Reject","Victim__J_In__C_Cont__Reject",0,0,0,0,0,0,1,0,0,0,0,0,0,0,0,0,0,0,0,0,0,0,0,0,0,0,0,"J_In__C_Cont",,,0,0,0,0,0,1,0,0
131,9,2,"victim",0,20,2,2,1,1,0,2,TRUE,1.67857142857143,1.57142857142857,1.875,2,1.16666666666667,1,1,3,3,1,1,"In","Cont","control","ingroup",0,1,0,,0,0,"Cont","In",,0,0,0,1,0,1,0,0,0,"Victim__J_Cont__C_In",1,5,-5,"Hum_x_Control","Hum_x_Control__Victim","Hum_x_Control__Reject","Hum_x_Control__Victim__Reject",0,0,1,0,0,0,"Victim__J_Cont__C_In__Reject","Victim__J_Cont__C_In__Reject",0,0,1,0,0,0,0,0,0,0,0,0,0,0,0,0,0,0,0,0,0,0,0,0,0,0,0,"J_Cont__C_In",,,0,1,0,0,0,0,0,0
131,10,1,"victim",0,20,2,2,1,1,0,2,TRUE,1.67857142857143,1.57142857142857,1.875,2,1.16666666666667,1,2,3,2,3,1,"Out","Cont","outgroup","control",1,0,0,0,1,0,"Out","Cont",,1,0,0,1,1,0,0,1,0,"Victim__J_Out__C_Cont",1,0,0,"Hum_x_Ing","Hum_x_Ing__Victim","Hum_x_Ing__Accept","Hum_x_Ing__Victim__Accept",0,1,0,0,0,0,"Victim__J_Out__C_Cont__Accept","Victim__J_Out__C_Cont__Accept",0,0,0,0,0,0,0,1,0,0,0,0,0,0,0,0,0,0,0,0,0,0,0,0,0,0,0,"J_Out__C_Cont",,,0,0,0,0,0,0,1,0
131,10,2,"victim",0,20,2,2,1,1,0,2,TRUE,1.67857142857143,1.57142857142857,1.875,2,1.16666666666667,1,2,3,3,2,1,"Out","Cont","control","outgroup",0,1,0,,0,1,"Cont","Out",,1,0,0,1,0,1,1,0,0,"Victim__J_Cont__C_Out",1,0,0,"Hum_x_Control","Hum_x_Control__Victim","Hum_x_Control__Reject","Hum_x_Control__Victim__Reject",0,0,1,0,0,0,"Victim__J_Cont__C_Out__Reject","Victim__J_Cont__C_Out__Reject",0,0,0,0,0,1,0,0,0,0,0,0,0,0,0,0,0,0,0,0,0,0,0,0,0,0,0,"J_Cont__C_Out",,,0,0,0,0,1,0,0,0
132,1,1,"victim",0,18,2,1,0,2,1,1,TRUE,2.42857142857143,2.14285714285714,2.625,2.28571428571429,2.66666666666667,2,2,3,2,3,2,"In","Cont","ingroup","control",0,0,0,1,1,1,"In","Cont",,0,0,0,1,0,0,0,1,0,"Victim__J_In__C_Cont",1,0,0,"Ing_x_Ing","Ing_x_Ing__Victim","Ing_x_Ing__Accept","Ing_x_Ing__Victim__Accept",0,0,0,0,1,0,"Victim__J_In__C_Cont__Accept","Victim__J_In__C_Cont__Accept",0,0,0,0,0,0,1,0,0,0,0,0,0,0,0,0,0,0,0,0,0,0,0,0,0,0,0,"J_In__C_Cont",,,0,0,0,0,0,1,0,0
132,1,2,"victim",0,18,2,1,0,2,1,1,TRUE,2.42857142857143,2.14285714285714,2.625,2.28571428571429,2.66666666666667,2,2,3,3,2,2,"In","Cont","control","ingroup",0,1,0,,1,1,"Cont","In",,0,0,0,1,0,1,0,0,0,"Victim__J_Cont__C_In",1,0,0,"Ing_x_Control","Ing_x_Control__Victim","Ing_x_Control__Accept","Ing_x_Control__Victim__Accept",0,0,0,0,0,1,"Victim__J_Cont__C_In__Accept","Victim__J_Cont__C_In__Accept",0,0,1,0,0,0,0,0,0,0,0,0,0,0,0,0,0,0,0,0,0,0,0,0,0,0,0,"J_Cont__C_In",,,0,1,0,0,0,0,0,0
132,2,1,"victim",0,18,2,1,0,2,1,1,TRUE,2.42857142857143,2.14285714285714,2.625,2.28571428571429,2.66666666666667,2,3,3,3,3,2,"Cont","Cont","control","control",0,1,0,,0,1,"Cont","Cont",,0,1,0,1,0,1,0,1,0,"Victim__J_Cont__C_Cont",1,0,0,"Ing_x_Control","Ing_x_Control__Victim","Ing_x_Control__Reject","Ing_x_Control__Victim__Reject",0,0,0,0,0,1,"Victim__J_Cont__C_Cont__Reject","Victim__J_Cont__C_Cont__Reject",0,0,0,0,0,0,0,0,1,0,0,0,0,0,0,0,0,0,0,0,0,0,0,0,0,0,0,"J_Cont__C_Cont",,,0,0,0,0,0,0,0,1
132,2,2,"victim",0,18,2,1,0,2,1,1,TRUE,2.42857142857143,2.14285714285714,2.625,2.28571428571429,2.66666666666667,2,3,3,3,3,2,"Cont","Cont","control","control",0,1,0,,1,0,"Cont","Cont",,0,1,0,1,0,1,0,1,0,"Victim__J_Cont__C_Cont",1,-9,9,"Ing_x_Control","Ing_x_Control__Victim","Ing_x_Control__Accept","Ing_x_Control__Victim__Accept",0,0,0,0,0,1,"Victim__J_Cont__C_Cont__Accept","Victim__J_Cont__C_Cont__Accept",0,0,0,0,0,0,0,0,1,0,0,0,0,0,0,0,0,0,0,0,0,0,0,0,0,0,0,"J_Cont__C_Cont",,,0,0,0,0,0,0,0,1
132,3,1,"victim",0,18,2,1,0,2,1,1,TRUE,2.42857142857143,2.14285714285714,2.625,2.28571428571429,2.66666666666667,2,2,1,2,1,2,"In","Out","ingroup","outgroup",0,0,0,1,1,0,"In","Out",,0,0,1,0,0,0,1,0,0,"Victim__J_In__C_Out",0,-9,9,"Ing_x_Ing","Ing_x_Ing__Victim","Ing_x_Ing__Accept","Ing_x_Ing__Victim__Accept",0,0,0,0,1,0,"Victim__J_In__C_Out__Accept","Victim__J_In__C_Out__Accept",0,0,0,1,0,0,0,0,0,0,0,0,0,0,0,0,0,0,0,0,0,0,0,0,0,0,0,"J_In__C_Out",,,0,0,1,0,0,0,0,0
132,3,2,"victim",0,18,2,1,0,2,1,1,TRUE,2.42857142857143,2.14285714285714,2.625,2.28571428571429,2.66666666666667,2,2,1,1,2,2,"In","Out","outgroup","ingroup",1,0,0,0,0,1,"Out","In",,0,0,1,0,1,0,0,0,0,"Victim__J_Out__C_In",0,9,-9,"Ing_x_Hum","Ing_x_Hum__Victim","Ing_x_Hum__Reject","Ing_x_Hum__Victim__Reject",0,0,0,1,0,0,"Victim__J_Out__C_In__Reject","Victim__J_Out__C_In__Reject",0,1,0,0,0,0,0,0,0,0,0,0,0,0,0,0,0,0,0,0,0,0,0,0,0,0,0,"J_Out__C_In",,,1,0,0,0,0,0,0,0
132,4,1,"victim",0,18,2,1,0,2,1,1,TRUE,2.42857142857143,2.14285714285714,2.625,2.28571428571429,2.66666666666667,2,2,3,2,3,2,"In","Cont","ingroup","control",0,0,0,1,1,1,"In","Cont",,0,0,0,1,0,0,0,1,0,"Victim__J_In__C_Cont",1,-9,9,"Ing_x_Ing","Ing_x_Ing__Victim","Ing_x_Ing__Accept","Ing_x_Ing__Victim__Accept",0,0,0,0,1,0,"Victim__J_In__C_Cont__Accept","Victim__J_In__C_Cont__Accept",0,0,0,0,0,0,1,0,0,0,0,0,0,0,0,0,0,0,0,0,0,0,0,0,0,0,0,"J_In__C_Cont",,,0,0,0,0,0,1,0,0
132,4,2,"victim",0,18,2,1,0,2,1,1,TRUE,2.42857142857143,2.14285714285714,2.625,2.28571428571429,2.66666666666667,2,2,3,3,2,2,"In","Cont","control","ingroup",0,1,0,,1,1,"Cont","In",,0,0,0,1,0,1,0,0,0,"Victim__J_Cont__C_In",1,-9,9,"Ing_x_Control","Ing_x_Control__Victim","Ing_x_Control__Accept","Ing_x_Control__Victim__Accept",0,0,0,0,0,1,"Victim__J_Cont__C_In__Accept","Victim__J_Cont__C_In__Accept",0,0,1,0,0,0,0,0,0,0,0,0,0,0,0,0,0,0,0,0,0,0,0,0,0,0,0,"J_Cont__C_In",,,0,1,0,0,0,0,0,0
132,5,1,"victim",0,18,2,1,0,2,1,1,TRUE,2.42857142857143,2.14285714285714,2.625,2.28571428571429,2.66666666666667,2,2,3,2,3,2,"In","Cont","ingroup","control",0,0,0,1,1,0,"In","Cont",,0,0,0,1,0,0,0,1,0,"Victim__J_In__C_Cont",1,-9,9,"Ing_x_Ing","Ing_x_Ing__Victim","Ing_x_Ing__Accept","Ing_x_Ing__Victim__Accept",0,0,0,0,1,0,"Victim__J_In__C_Cont__Accept","Victim__J_In__C_Cont__Accept",0,0,0,0,0,0,1,0,0,0,0,0,0,0,0,0,0,0,0,0,0,0,0,0,0,0,0,"J_In__C_Cont",,,0,0,0,0,0,1,0,0
132,5,2,"victim",0,18,2,1,0,2,1,1,TRUE,2.42857142857143,2.14285714285714,2.625,2.28571428571429,2.66666666666667,2,2,3,3,2,2,"In","Cont","control","ingroup",0,1,0,,0,1,"Cont","In",,0,0,0,1,0,1,0,0,0,"Victim__J_Cont__C_In",1,0,0,"Ing_x_Control","Ing_x_Control__Victim","Ing_x_Control__Reject","Ing_x_Control__Victim__Reject",0,0,0,0,0,1,"Victim__J_Cont__C_In__Reject","Victim__J_Cont__C_In__Reject",0,0,1,0,0,0,0,0,0,0,0,0,0,0,0,0,0,0,0,0,0,0,0,0,0,0,0,"J_Cont__C_In",,,0,1,0,0,0,0,0,0
133,1,1,"victim",0,21,1,2,1,1,0,1,TRUE,1.75,1.42857142857143,1.75,2.71428571428571,1,1,2,1,2,1,1,"Out","In","outgroup","ingroup",1,0,0,0,1,0,"Out","In",,1,0,0,0,1,0,0,0,0,"Victim__J_Out__C_In",0,-4,4,"Hum_x_Ing","Hum_x_Ing__Victim","Hum_x_Ing__Accept","Hum_x_Ing__Victim__Accept",0,1,0,0,0,0,"Victim__J_Out__C_In__Accept","Victim__J_Out__C_In__Accept",0,1,0,0,0,0,0,0,0,0,0,0,0,0,0,0,0,0,0,0,0,0,0,0,0,0,0,"J_Out__C_In",,,1,0,0,0,0,0,0,0
133,1,2,"victim",0,21,1,2,1,1,0,1,TRUE,1.75,1.42857142857143,1.75,2.71428571428571,1,1,2,1,1,2,1,"Out","In","ingroup","outgroup",0,0,0,1,0,1,"In","Out",,1,0,0,0,0,0,1,0,0,"Victim__J_In__C_Out",0,8,-8,"Hum_x_Hum","Hum_x_Hum__Victim","Hum_x_Hum__Reject","Hum_x_Hum__Victim__Reject",1,0,0,0,0,0,"Victim__J_In__C_Out__Reject","Victim__J_In__C_Out__Reject",0,0,0,1,0,0,0,0,0,0,0,0,0,0,0,0,0,0,0,0,0,0,0,0,0,0,0,"J_In__C_Out",,,0,0,1,0,0,0,0,0
133,2,1,"victim",0,21,1,2,1,1,0,1,TRUE,1.75,1.42857142857143,1.75,2.71428571428571,1,1,3,3,3,3,1,"Cont","Cont","control","control",0,1,0,,0,1,"Cont","Cont",,0,1,0,1,0,1,0,1,0,"Victim__J_Cont__C_Cont",1,7,-7,"Hum_x_Control","Hum_x_Control__Victim","Hum_x_Control__Reject","Hum_x_Control__Victim__Reject",0,0,1,0,0,0,"Victim__J_Cont__C_Cont__Reject","Victim__J_Cont__C_Cont__Reject",0,0,0,0,0,0,0,0,1,0,0,0,0,0,0,0,0,0,0,0,0,0,0,0,0,0,0,"J_Cont__C_Cont",,,0,0,0,0,0,0,0,1
133,2,2,"victim",0,21,1,2,1,1,0,1,TRUE,1.75,1.42857142857143,1.75,2.71428571428571,1,1,3,3,3,3,1,"Cont","Cont","control","control",0,1,0,,1,0,"Cont","Cont",,0,1,0,1,0,1,0,1,0,"Victim__J_Cont__C_Cont",1,-7,7,"Hum_x_Control","Hum_x_Control__Victim","Hum_x_Control__Accept","Hum_x_Control__Victim__Accept",0,0,1,0,0,0,"Victim__J_Cont__C_Cont__Accept","Victim__J_Cont__C_Cont__Accept",0,0,0,0,0,0,0,0,1,0,0,0,0,0,0,0,0,0,0,0,0,0,0,0,0,0,0,"J_Cont__C_Cont",,,0,0,0,0,0,0,0,1
133,3,1,"victim",0,21,1,2,1,1,0,1,TRUE,1.75,1.42857142857143,1.75,2.71428571428571,1,1,1,1,1,1,1,"In","In","ingroup","ingroup",0,0,0,1,1,1,"In","In",,0,0,0,0,0,0,0,0,0,"Victim__J_In__C_In",0,0,0,"Hum_x_Hum","Hum_x_Hum__Victim","Hum_x_Hum__Accept","Hum_x_Hum__Victim__Accept",1,0,0,0,0,0,"Victim__J_In__C_In__Accept","Victim__J_In__C_In__Accept",1,0,0,0,0,0,0,0,0,0,0,0,0,0,0,0,0,0,0,0,0,0,0,0,0,0,0,"J_In__C_In",,,0,0,0,0,0,0,0,0
133,3,2,"victim",0,21,1,2,1,1,0,1,TRUE,1.75,1.42857142857143,1.75,2.71428571428571,1,1,1,1,1,1,1,"In","In","ingroup","ingroup",0,0,0,1,1,1,"In","In",,0,0,0,0,0,0,0,0,0,"Victim__J_In__C_In",0,0,0,"Hum_x_Hum","Hum_x_Hum__Victim","Hum_x_Hum__Accept","Hum_x_Hum__Victim__Accept",1,0,0,0,0,0,"Victim__J_In__C_In__Accept","Victim__J_In__C_In__Accept",1,0,0,0,0,0,0,0,0,0,0,0,0,0,0,0,0,0,0,0,0,0,0,0,0,0,0,"J_In__C_In",,,0,0,0,0,0,0,0,0
133,4,1,"victim",0,21,1,2,1,1,0,1,TRUE,1.75,1.42857142857143,1.75,2.71428571428571,1,1,1,3,1,3,1,"In","Cont","ingroup","control",0,0,0,1,0,0,"In","Cont",,0,0,0,1,0,0,0,1,0,"Victim__J_In__C_Cont",1,5,-5,"Hum_x_Hum","Hum_x_Hum__Victim","Hum_x_Hum__Reject","Hum_x_Hum__Victim__Reject",1,0,0,0,0,0,"Victim__J_In__C_Cont__Reject","Victim__J_In__C_Cont__Reject",0,0,0,0,0,0,1,0,0,0,0,0,0,0,0,0,0,0,0,0,0,0,0,0,0,0,0,"J_In__C_Cont",,,0,0,0,0,0,1,0,0
133,4,2,"victim",0,21,1,2,1,1,0,1,TRUE,1.75,1.42857142857143,1.75,2.71428571428571,1,1,1,3,3,1,1,"In","Cont","control","ingroup",0,1,0,,0,0,"Cont","In",,0,0,0,1,0,1,0,0,0,"Victim__J_Cont__C_In",1,5,-5,"Hum_x_Control","Hum_x_Control__Victim","Hum_x_Control__Reject","Hum_x_Control__Victim__Reject",0,0,1,0,0,0,"Victim__J_Cont__C_In__Reject","Victim__J_Cont__C_In__Reject",0,0,1,0,0,0,0,0,0,0,0,0,0,0,0,0,0,0,0,0,0,0,0,0,0,0,0,"J_Cont__C_In",,,0,1,0,0,0,0,0,0
133,5,1,"victim",0,21,1,2,1,1,0,1,TRUE,1.75,1.42857142857143,1.75,2.71428571428571,1,1,2,2,2,2,1,"Out","Out","outgroup","outgroup",1,0,0,0,1,0,"Out","Out",,1,0,1,0,1,0,1,0,0,"Victim__J_Out__C_Out",0,-6,6,"Hum_x_Ing","Hum_x_Ing__Victim","Hum_x_Ing__Accept","Hum_x_Ing__Victim__Accept",0,1,0,0,0,0,"Victim__J_Out__C_Out__Accept","Victim__J_Out__C_Out__Accept",0,0,0,0,1,0,0,0,0,0,0,0,0,0,0,0,0,0,0,0,0,0,0,0,0,0,0,"J_Out__C_Out",,,0,0,0,1,0,0,0,0
133,5,2,"victim",0,21,1,2,1,1,0,1,TRUE,1.75,1.42857142857143,1.75,2.71428571428571,1,1,2,2,2,2,1,"Out","Out","outgroup","outgroup",1,0,0,0,0,1,"Out","Out",,1,0,1,0,1,0,1,0,0,"Victim__J_Out__C_Out",0,5,-5,"Hum_x_Ing","Hum_x_Ing__Victim","Hum_x_Ing__Reject","Hum_x_Ing__Victim__Reject",0,1,0,0,0,0,"Victim__J_Out__C_Out__Reject","Victim__J_Out__C_Out__Reject",0,0,0,0,1,0,0,0,0,0,0,0,0,0,0,0,0,0,0,0,0,0,0,0,0,0,0,"J_Out__C_Out",,,0,0,0,1,0,0,0,0
134,6,1,"victim",0,21,4,2,1,2,1,2,TRUE,2.57142857142857,1.71428571428571,2.625,3.28571428571429,2.66666666666667,2,2,3,2,3,2,"In","Cont","ingroup","control",0,0,0,1,0,0,"In","Cont",,0,0,0,1,0,0,0,1,0,"Victim__J_In__C_Cont",1,9,-9,"Ing_x_Ing","Ing_x_Ing__Victim","Ing_x_Ing__Reject","Ing_x_Ing__Victim__Reject",0,0,0,0,1,0,"Victim__J_In__C_Cont__Reject","Victim__J_In__C_Cont__Reject",0,0,0,0,0,0,1,0,0,0,0,0,0,0,0,0,0,0,0,0,0,0,0,0,0,0,0,"J_In__C_Cont",,,0,0,0,0,0,1,0,0
134,6,2,"victim",0,21,4,2,1,2,1,2,TRUE,2.57142857142857,1.71428571428571,2.625,3.28571428571429,2.66666666666667,2,2,3,3,2,2,"In","Cont","control","ingroup",0,1,0,,0,0,"Cont","In",,0,0,0,1,0,1,0,0,0,"Victim__J_Cont__C_In",1,9,-9,"Ing_x_Control","Ing_x_Control__Victim","Ing_x_Control__Reject","Ing_x_Control__Victim__Reject",0,0,0,0,0,1,"Victim__J_Cont__C_In__Reject","Victim__J_Cont__C_In__Reject",0,0,1,0,0,0,0,0,0,0,0,0,0,0,0,0,0,0,0,0,0,0,0,0,0,0,0,"J_Cont__C_In",,,0,1,0,0,0,0,0,0
134,7,1,"victim",0,21,4,2,1,2,1,2,TRUE,2.57142857142857,1.71428571428571,2.625,3.28571428571429,2.66666666666667,2,2,2,2,2,2,"In","In","ingroup","ingroup",0,0,0,1,0,1,"In","In",,0,0,0,0,0,0,0,0,0,"Victim__J_In__C_In",0,9,-9,"Ing_x_Ing","Ing_x_Ing__Victim","Ing_x_Ing__Reject","Ing_x_Ing__Victim__Reject",0,0,0,0,1,0,"Victim__J_In__C_In__Reject","Victim__J_In__C_In__Reject",1,0,0,0,0,0,0,0,0,0,0,0,0,0,0,0,0,0,0,0,0,0,0,0,0,0,0,"J_In__C_In",,,0,0,0,0,0,0,0,0
134,7,2,"victim",0,21,4,2,1,2,1,2,TRUE,2.57142857142857,1.71428571428571,2.625,3.28571428571429,2.66666666666667,2,2,2,2,2,2,"In","In","ingroup","ingroup",0,0,0,1,1,0,"In","In",,0,0,0,0,0,0,0,0,0,"Victim__J_In__C_In",0,-9,9,"Ing_x_Ing","Ing_x_Ing__Victim","Ing_x_Ing__Accept","Ing_x_Ing__Victim__Accept",0,0,0,0,1,0,"Victim__J_In__C_In__Accept","Victim__J_In__C_In__Accept",1,0,0,0,0,0,0,0,0,0,0,0,0,0,0,0,0,0,0,0,0,0,0,0,0,0,0,"J_In__C_In",,,0,0,0,0,0,0,0,0
134,8,1,"victim",0,21,4,2,1,2,1,2,TRUE,2.57142857142857,1.71428571428571,2.625,3.28571428571429,2.66666666666667,2,3,3,3,3,2,"Cont","Cont","control","control",0,1,0,,1,0,"Cont","Cont",,0,1,0,1,0,1,0,1,0,"Victim__J_Cont__C_Cont",1,-9,9,"Ing_x_Control","Ing_x_Control__Victim","Ing_x_Control__Accept","Ing_x_Control__Victim__Accept",0,0,0,0,0,1,"Victim__J_Cont__C_Cont__Accept","Victim__J_Cont__C_Cont__Accept",0,0,0,0,0,0,0,0,1,0,0,0,0,0,0,0,0,0,0,0,0,0,0,0,0,0,0,"J_Cont__C_Cont",,,0,0,0,0,0,0,0,1
134,8,2,"victim",0,21,4,2,1,2,1,2,TRUE,2.57142857142857,1.71428571428571,2.625,3.28571428571429,2.66666666666667,2,3,3,3,3,2,"Cont","Cont","control","control",0,1,0,,0,1,"Cont","Cont",,0,1,0,1,0,1,0,1,0,"Victim__J_Cont__C_Cont",1,9,-9,"Ing_x_Control","Ing_x_Control__Victim","Ing_x_Control__Reject","Ing_x_Control__Victim__Reject",0,0,0,0,0,1,"Victim__J_Cont__C_Cont__Reject","Victim__J_Cont__C_Cont__Reject",0,0,0,0,0,0,0,0,1,0,0,0,0,0,0,0,0,0,0,0,0,0,0,0,0,0,0,"J_Cont__C_Cont",,,0,0,0,0,0,0,0,1
134,9,1,"victim",0,21,4,2,1,2,1,2,TRUE,2.57142857142857,1.71428571428571,2.625,3.28571428571429,2.66666666666667,2,2,3,2,3,2,"In","Cont","ingroup","control",0,0,0,1,1,0,"In","Cont",,0,0,0,1,0,0,0,1,0,"Victim__J_In__C_Cont",1,-9,9,"Ing_x_Ing","Ing_x_Ing__Victim","Ing_x_Ing__Accept","Ing_x_Ing__Victim__Accept",0,0,0,0,1,0,"Victim__J_In__C_Cont__Accept","Victim__J_In__C_Cont__Accept",0,0,0,0,0,0,1,0,0,0,0,0,0,0,0,0,0,0,0,0,0,0,0,0,0,0,0,"J_In__C_Cont",,,0,0,0,0,0,1,0,0
134,9,2,"victim",0,21,4,2,1,2,1,2,TRUE,2.57142857142857,1.71428571428571,2.625,3.28571428571429,2.66666666666667,2,2,3,3,2,2,"In","Cont","control","ingroup",0,1,0,,0,1,"Cont","In",,0,0,0,1,0,1,0,0,0,"Victim__J_Cont__C_In",1,9,-9,"Ing_x_Control","Ing_x_Control__Victim","Ing_x_Control__Reject","Ing_x_Control__Victim__Reject",0,0,0,0,0,1,"Victim__J_Cont__C_In__Reject","Victim__J_Cont__C_In__Reject",0,0,1,0,0,0,0,0,0,0,0,0,0,0,0,0,0,0,0,0,0,0,0,0,0,0,0,"J_Cont__C_In",,,0,1,0,0,0,0,0,0
134,10,1,"victim",0,21,4,2,1,2,1,2,TRUE,2.57142857142857,1.71428571428571,2.625,3.28571428571429,2.66666666666667,2,1,2,1,2,2,"Out","In","outgroup","ingroup",1,0,0,0,1,1,"Out","In",,1,0,0,0,1,0,0,0,0,"Victim__J_Out__C_In",0,-9,9,"Ing_x_Hum","Ing_x_Hum__Victim","Ing_x_Hum__Accept","Ing_x_Hum__Victim__Accept",0,0,0,1,0,0,"Victim__J_Out__C_In__Accept","Victim__J_Out__C_In__Accept",0,1,0,0,0,0,0,0,0,0,0,0,0,0,0,0,0,0,0,0,0,0,0,0,0,0,0,"J_Out__C_In",,,1,0,0,0,0,0,0,0
134,10,2,"victim",0,21,4,2,1,2,1,2,TRUE,2.57142857142857,1.71428571428571,2.625,3.28571428571429,2.66666666666667,2,1,2,2,1,2,"Out","In","ingroup","outgroup",0,0,0,1,1,1,"In","Out",,1,0,0,0,0,0,1,0,0,"Victim__J_In__C_Out",0,-9,9,"Ing_x_Ing","Ing_x_Ing__Victim","Ing_x_Ing__Accept","Ing_x_Ing__Victim__Accept",0,0,0,0,1,0,"Victim__J_In__C_Out__Accept","Victim__J_In__C_Out__Accept",0,0,0,1,0,0,0,0,0,0,0,0,0,0,0,0,0,0,0,0,0,0,0,0,0,0,0,"J_In__C_Out",,,0,0,1,0,0,0,0,0
135,6,1,"victim",0,21,3,1,0,2,1,2,TRUE,2.5,2.71428571428571,3,1.71428571428571,2.5,2,1,1,1,1,2,"Out","Out","outgroup","outgroup",1,0,0,0,0,1,"Out","Out",,1,0,1,0,1,0,1,0,0,"Victim__J_Out__C_Out",0,6,-6,"Ing_x_Hum","Ing_x_Hum__Victim","Ing_x_Hum__Reject","Ing_x_Hum__Victim__Reject",0,0,0,1,0,0,"Victim__J_Out__C_Out__Reject","Victim__J_Out__C_Out__Reject",0,0,0,0,1,0,0,0,0,0,0,0,0,0,0,0,0,0,0,0,0,0,0,0,0,0,0,"J_Out__C_Out",,,0,0,0,1,0,0,0,0
135,6,2,"victim",0,21,3,1,0,2,1,2,TRUE,2.5,2.71428571428571,3,1.71428571428571,2.5,2,1,1,1,1,2,"Out","Out","outgroup","outgroup",1,0,0,0,1,0,"Out","Out",,1,0,1,0,1,0,1,0,0,"Victim__J_Out__C_Out",0,2,-2,"Ing_x_Hum","Ing_x_Hum__Victim","Ing_x_Hum__Accept","Ing_x_Hum__Victim__Accept",0,0,0,1,0,0,"Victim__J_Out__C_Out__Accept","Victim__J_Out__C_Out__Accept",0,0,0,0,1,0,0,0,0,0,0,0,0,0,0,0,0,0,0,0,0,0,0,0,0,0,0,"J_Out__C_Out",,,0,0,0,1,0,0,0,0
135,7,1,"victim",0,21,3,1,0,2,1,2,TRUE,2.5,2.71428571428571,3,1.71428571428571,2.5,2,1,3,1,3,2,"Out","Cont","outgroup","control",1,0,0,0,1,0,"Out","Cont",,1,0,0,1,1,0,0,1,0,"Victim__J_Out__C_Cont",1,-1,1,"Ing_x_Hum","Ing_x_Hum__Victim","Ing_x_Hum__Accept","Ing_x_Hum__Victim__Accept",0,0,0,1,0,0,"Victim__J_Out__C_Cont__Accept","Victim__J_Out__C_Cont__Accept",0,0,0,0,0,0,0,1,0,0,0,0,0,0,0,0,0,0,0,0,0,0,0,0,0,0,0,"J_Out__C_Cont",,,0,0,0,0,0,0,1,0
135,7,2,"victim",0,21,3,1,0,2,1,2,TRUE,2.5,2.71428571428571,3,1.71428571428571,2.5,2,1,3,3,1,2,"Out","Cont","control","outgroup",0,1,0,,0,1,"Cont","Out",,1,0,0,1,0,1,1,0,0,"Victim__J_Cont__C_Out",1,6,-6,"Ing_x_Control","Ing_x_Control__Victim","Ing_x_Control__Reject","Ing_x_Control__Victim__Reject",0,0,0,0,0,1,"Victim__J_Cont__C_Out__Reject","Victim__J_Cont__C_Out__Reject",0,0,0,0,0,1,0,0,0,0,0,0,0,0,0,0,0,0,0,0,0,0,0,0,0,0,0,"J_Cont__C_Out",,,0,0,0,0,1,0,0,0
135,8,1,"victim",0,21,3,1,0,2,1,2,TRUE,2.5,2.71428571428571,3,1.71428571428571,2.5,2,2,2,2,2,2,"In","In","ingroup","ingroup",0,0,0,1,1,0,"In","In",,0,0,0,0,0,0,0,0,0,"Victim__J_In__C_In",0,1,-1,"Ing_x_Ing","Ing_x_Ing__Victim","Ing_x_Ing__Accept","Ing_x_Ing__Victim__Accept",0,0,0,0,1,0,"Victim__J_In__C_In__Accept","Victim__J_In__C_In__Accept",1,0,0,0,0,0,0,0,0,0,0,0,0,0,0,0,0,0,0,0,0,0,0,0,0,0,0,"J_In__C_In",,,0,0,0,0,0,0,0,0
135,8,2,"victim",0,21,3,1,0,2,1,2,TRUE,2.5,2.71428571428571,3,1.71428571428571,2.5,2,2,2,2,2,2,"In","In","ingroup","ingroup",0,0,0,1,0,1,"In","In",,0,0,0,0,0,0,0,0,0,"Victim__J_In__C_In",0,4,-4,"Ing_x_Ing","Ing_x_Ing__Victim","Ing_x_Ing__Reject","Ing_x_Ing__Victim__Reject",0,0,0,0,1,0,"Victim__J_In__C_In__Reject","Victim__J_In__C_In__Reject",1,0,0,0,0,0,0,0,0,0,0,0,0,0,0,0,0,0,0,0,0,0,0,0,0,0,0,"J_In__C_In",,,0,0,0,0,0,0,0,0
135,9,1,"victim",0,21,3,1,0,2,1,2,TRUE,2.5,2.71428571428571,3,1.71428571428571,2.5,2,1,3,1,3,2,"Out","Cont","outgroup","control",1,0,0,0,1,1,"Out","Cont",,1,0,0,1,1,0,0,1,0,"Victim__J_Out__C_Cont",1,-3,3,"Ing_x_Hum","Ing_x_Hum__Victim","Ing_x_Hum__Accept","Ing_x_Hum__Victim__Accept",0,0,0,1,0,0,"Victim__J_Out__C_Cont__Accept","Victim__J_Out__C_Cont__Accept",0,0,0,0,0,0,0,1,0,0,0,0,0,0,0,0,0,0,0,0,0,0,0,0,0,0,0,"J_Out__C_Cont",,,0,0,0,0,0,0,1,0
135,9,2,"victim",0,21,3,1,0,2,1,2,TRUE,2.5,2.71428571428571,3,1.71428571428571,2.5,2,1,3,3,1,2,"Out","Cont","control","outgroup",0,1,0,,1,1,"Cont","Out",,1,0,0,1,0,1,1,0,0,"Victim__J_Cont__C_Out",1,-3,3,"Ing_x_Control","Ing_x_Control__Victim","Ing_x_Control__Accept","Ing_x_Control__Victim__Accept",0,0,0,0,0,1,"Victim__J_Cont__C_Out__Accept","Victim__J_Cont__C_Out__Accept",0,0,0,0,0,1,0,0,0,0,0,0,0,0,0,0,0,0,0,0,0,0,0,0,0,0,0,"J_Cont__C_Out",,,0,0,0,0,1,0,0,0
135,10,1,"victim",0,21,3,1,0,2,1,2,TRUE,2.5,2.71428571428571,3,1.71428571428571,2.5,2,1,3,1,3,2,"Out","Cont","outgroup","control",1,0,0,0,0,0,"Out","Cont",,1,0,0,1,1,0,0,1,0,"Victim__J_Out__C_Cont",1,1,-1,"Ing_x_Hum","Ing_x_Hum__Victim","Ing_x_Hum__Reject","Ing_x_Hum__Victim__Reject",0,0,0,1,0,0,"Victim__J_Out__C_Cont__Reject","Victim__J_Out__C_Cont__Reject",0,0,0,0,0,0,0,1,0,0,0,0,0,0,0,0,0,0,0,0,0,0,0,0,0,0,0,"J_Out__C_Cont",,,0,0,0,0,0,0,1,0
135,10,2,"victim",0,21,3,1,0,2,1,2,TRUE,2.5,2.71428571428571,3,1.71428571428571,2.5,2,1,3,3,1,2,"Out","Cont","control","outgroup",0,1,0,,0,0,"Cont","Out",,1,0,0,1,0,1,1,0,0,"Victim__J_Cont__C_Out",1,1,-1,"Ing_x_Control","Ing_x_Control__Victim","Ing_x_Control__Reject","Ing_x_Control__Victim__Reject",0,0,0,0,0,1,"Victim__J_Cont__C_Out__Reject","Victim__J_Cont__C_Out__Reject",0,0,0,0,0,1,0,0,0,0,0,0,0,0,0,0,0,0,0,0,0,0,0,0,0,0,0,"J_Cont__C_Out",,,0,0,0,0,1,0,0,0
136,1,1,"victim",0,18,2,2,1,1,0,1,TRUE,1.78571428571429,1.57142857142857,1.75,2,1.83333333333333,1,2,1,2,1,1,"Out","In","outgroup","ingroup",1,0,0,0,1,0,"Out","In",,1,0,0,0,1,0,0,0,0,"Victim__J_Out__C_In",0,-1,1,"Hum_x_Ing","Hum_x_Ing__Victim","Hum_x_Ing__Accept","Hum_x_Ing__Victim__Accept",0,1,0,0,0,0,"Victim__J_Out__C_In__Accept","Victim__J_Out__C_In__Accept",0,1,0,0,0,0,0,0,0,0,0,0,0,0,0,0,0,0,0,0,0,0,0,0,0,0,0,"J_Out__C_In",,,1,0,0,0,0,0,0,0
136,1,2,"victim",0,18,2,2,1,1,0,1,TRUE,1.78571428571429,1.57142857142857,1.75,2,1.83333333333333,1,2,1,1,2,1,"Out","In","ingroup","outgroup",0,0,0,1,0,1,"In","Out",,1,0,0,0,0,0,1,0,0,"Victim__J_In__C_Out",0,3,-3,"Hum_x_Hum","Hum_x_Hum__Victim","Hum_x_Hum__Reject","Hum_x_Hum__Victim__Reject",1,0,0,0,0,0,"Victim__J_In__C_Out__Reject","Victim__J_In__C_Out__Reject",0,0,0,1,0,0,0,0,0,0,0,0,0,0,0,0,0,0,0,0,0,0,0,0,0,0,0,"J_In__C_Out",,,0,0,1,0,0,0,0,0
136,2,1,"victim",0,18,2,2,1,1,0,1,TRUE,1.78571428571429,1.57142857142857,1.75,2,1.83333333333333,1,2,3,2,3,1,"Out","Cont","outgroup","control",1,0,0,0,1,1,"Out","Cont",,1,0,0,1,1,0,0,1,0,"Victim__J_Out__C_Cont",1,-7,7,"Hum_x_Ing","Hum_x_Ing__Victim","Hum_x_Ing__Accept","Hum_x_Ing__Victim__Accept",0,1,0,0,0,0,"Victim__J_Out__C_Cont__Accept","Victim__J_Out__C_Cont__Accept",0,0,0,0,0,0,0,1,0,0,0,0,0,0,0,0,0,0,0,0,0,0,0,0,0,0,0,"J_Out__C_Cont",,,0,0,0,0,0,0,1,0
136,2,2,"victim",0,18,2,2,1,1,0,1,TRUE,1.78571428571429,1.57142857142857,1.75,2,1.83333333333333,1,2,3,3,2,1,"Out","Cont","control","outgroup",0,1,0,,1,1,"Cont","Out",,1,0,0,1,0,1,1,0,0,"Victim__J_Cont__C_Out",1,-7,7,"Hum_x_Control","Hum_x_Control__Victim","Hum_x_Control__Accept","Hum_x_Control__Victim__Accept",0,0,1,0,0,0,"Victim__J_Cont__C_Out__Accept","Victim__J_Cont__C_Out__Accept",0,0,0,0,0,1,0,0,0,0,0,0,0,0,0,0,0,0,0,0,0,0,0,0,0,0,0,"J_Cont__C_Out",,,0,0,0,0,1,0,0,0
136,3,1,"victim",0,18,2,2,1,1,0,1,TRUE,1.78571428571429,1.57142857142857,1.75,2,1.83333333333333,1,3,2,3,2,1,"Cont","Out","control","outgroup",0,1,0,,1,1,"Cont","Out",,0,1,1,0,0,1,1,0,0,"Victim__J_Cont__C_Out",1,-6,6,"Hum_x_Control","Hum_x_Control__Victim","Hum_x_Control__Accept","Hum_x_Control__Victim__Accept",0,0,1,0,0,0,"Victim__J_Cont__C_Out__Accept","Victim__J_Cont__C_Out__Accept",0,0,0,0,0,1,0,0,0,0,0,0,0,0,0,0,0,0,0,0,0,0,0,0,0,0,0,"J_Cont__C_Out",,,0,0,0,0,1,0,0,0
136,3,2,"victim",0,18,2,2,1,1,0,1,TRUE,1.78571428571429,1.57142857142857,1.75,2,1.83333333333333,1,3,2,2,3,1,"Cont","Out","outgroup","control",1,0,0,0,1,1,"Out","Cont",,0,1,1,0,1,0,0,1,0,"Victim__J_Out__C_Cont",1,-6,6,"Hum_x_Ing","Hum_x_Ing__Victim","Hum_x_Ing__Accept","Hum_x_Ing__Victim__Accept",0,1,0,0,0,0,"Victim__J_Out__C_Cont__Accept","Victim__J_Out__C_Cont__Accept",0,0,0,0,0,0,0,1,0,0,0,0,0,0,0,0,0,0,0,0,0,0,0,0,0,0,0,"J_Out__C_Cont",,,0,0,0,0,0,0,1,0
136,4,1,"victim",0,18,2,2,1,1,0,1,TRUE,1.78571428571429,1.57142857142857,1.75,2,1.83333333333333,1,2,1,2,1,1,"Out","In","outgroup","ingroup",1,0,0,0,0,0,"Out","In",,1,0,0,0,1,0,0,0,0,"Victim__J_Out__C_In",0,6,-6,"Hum_x_Ing","Hum_x_Ing__Victim","Hum_x_Ing__Reject","Hum_x_Ing__Victim__Reject",0,1,0,0,0,0,"Victim__J_Out__C_In__Reject","Victim__J_Out__C_In__Reject",0,1,0,0,0,0,0,0,0,0,0,0,0,0,0,0,0,0,0,0,0,0,0,0,0,0,0,"J_Out__C_In",,,1,0,0,0,0,0,0,0
136,4,2,"victim",0,18,2,2,1,1,0,1,TRUE,1.78571428571429,1.57142857142857,1.75,2,1.83333333333333,1,2,1,1,2,1,"Out","In","ingroup","outgroup",0,0,0,1,0,0,"In","Out",,1,0,0,0,0,0,1,0,0,"Victim__J_In__C_Out",0,6,-6,"Hum_x_Hum","Hum_x_Hum__Victim","Hum_x_Hum__Reject","Hum_x_Hum__Victim__Reject",1,0,0,0,0,0,"Victim__J_In__C_Out__Reject","Victim__J_In__C_Out__Reject",0,0,0,1,0,0,0,0,0,0,0,0,0,0,0,0,0,0,0,0,0,0,0,0,0,0,0,"J_In__C_Out",,,0,0,1,0,0,0,0,0
136,5,1,"victim",0,18,2,2,1,1,0,1,TRUE,1.78571428571429,1.57142857142857,1.75,2,1.83333333333333,1,1,1,1,1,1,"In","In","ingroup","ingroup",0,0,0,1,1,0,"In","In",,0,0,0,0,0,0,0,0,0,"Victim__J_In__C_In",0,-6,6,"Hum_x_Hum","Hum_x_Hum__Victim","Hum_x_Hum__Accept","Hum_x_Hum__Victim__Accept",1,0,0,0,0,0,"Victim__J_In__C_In__Accept","Victim__J_In__C_In__Accept",1,0,0,0,0,0,0,0,0,0,0,0,0,0,0,0,0,0,0,0,0,0,0,0,0,0,0,"J_In__C_In",,,0,0,0,0,0,0,0,0
136,5,2,"victim",0,18,2,2,1,1,0,1,TRUE,1.78571428571429,1.57142857142857,1.75,2,1.83333333333333,1,1,1,1,1,1,"In","In","ingroup","ingroup",0,0,0,1,0,1,"In","In",,0,0,0,0,0,0,0,0,0,"Victim__J_In__C_In",0,6,-6,"Hum_x_Hum","Hum_x_Hum__Victim","Hum_x_Hum__Reject","Hum_x_Hum__Victim__Reject",1,0,0,0,0,0,"Victim__J_In__C_In__Reject","Victim__J_In__C_In__Reject",1,0,0,0,0,0,0,0,0,0,0,0,0,0,0,0,0,0,0,0,0,0,0,0,0,0,0,"J_In__C_In",,,0,0,0,0,0,0,0,0
137,1,1,"victim",0,20,4,1,0,2,1,1,TRUE,2.28571428571429,1.28571428571429,3.125,2.42857142857143,2.16666666666667,2,3,1,3,1,2,"Cont","Out","control","outgroup",0,1,0,,0,1,"Cont","Out",,0,1,1,0,0,1,1,0,0,"Victim__J_Cont__C_Out",1,4,-4,"Ing_x_Control","Ing_x_Control__Victim","Ing_x_Control__Reject","Ing_x_Control__Victim__Reject",0,0,0,0,0,1,"Victim__J_Cont__C_Out__Reject","Victim__J_Cont__C_Out__Reject",0,0,0,0,0,1,0,0,0,0,0,0,0,0,0,0,0,0,0,0,0,0,0,0,0,0,0,"J_Cont__C_Out",,,0,0,0,0,1,0,0,0
137,1,2,"victim",0,20,4,1,0,2,1,1,TRUE,2.28571428571429,1.28571428571429,3.125,2.42857142857143,2.16666666666667,2,3,1,1,3,2,"Cont","Out","outgroup","control",1,0,0,0,1,0,"Out","Cont",,0,1,1,0,1,0,0,1,0,"Victim__J_Out__C_Cont",1,-3,3,"Ing_x_Hum","Ing_x_Hum__Victim","Ing_x_Hum__Accept","Ing_x_Hum__Victim__Accept",0,0,0,1,0,0,"Victim__J_Out__C_Cont__Accept","Victim__J_Out__C_Cont__Accept",0,0,0,0,0,0,0,1,0,0,0,0,0,0,0,0,0,0,0,0,0,0,0,0,0,0,0,"J_Out__C_Cont",,,0,0,0,0,0,0,1,0
137,2,1,"victim",0,20,4,1,0,2,1,1,TRUE,2.28571428571429,1.28571428571429,3.125,2.42857142857143,2.16666666666667,2,3,1,3,1,2,"Cont","Out","control","outgroup",0,1,0,,1,0,"Cont","Out",,0,1,1,0,0,1,1,0,0,"Victim__J_Cont__C_Out",1,-5,5,"Ing_x_Control","Ing_x_Control__Victim","Ing_x_Control__Accept","Ing_x_Control__Victim__Accept",0,0,0,0,0,1,"Victim__J_Cont__C_Out__Accept","Victim__J_Cont__C_Out__Accept",0,0,0,0,0,1,0,0,0,0,0,0,0,0,0,0,0,0,0,0,0,0,0,0,0,0,0,"J_Cont__C_Out",,,0,0,0,0,1,0,0,0
137,2,2,"victim",0,20,4,1,0,2,1,1,TRUE,2.28571428571429,1.28571428571429,3.125,2.42857142857143,2.16666666666667,2,3,1,1,3,2,"Cont","Out","outgroup","control",1,0,0,0,0,1,"Out","Cont",,0,1,1,0,1,0,0,1,0,"Victim__J_Out__C_Cont",1,2,-2,"Ing_x_Hum","Ing_x_Hum__Victim","Ing_x_Hum__Reject","Ing_x_Hum__Victim__Reject",0,0,0,1,0,0,"Victim__J_Out__C_Cont__Reject","Victim__J_Out__C_Cont__Reject",0,0,0,0,0,0,0,1,0,0,0,0,0,0,0,0,0,0,0,0,0,0,0,0,0,0,0,"J_Out__C_Cont",,,0,0,0,0,0,0,1,0
137,3,1,"victim",0,20,4,1,0,2,1,1,TRUE,2.28571428571429,1.28571428571429,3.125,2.42857142857143,2.16666666666667,2,3,3,3,3,2,"Cont","Cont","control","control",0,1,0,,0,0,"Cont","Cont",,0,1,0,1,0,1,0,1,0,"Victim__J_Cont__C_Cont",1,4,-4,"Ing_x_Control","Ing_x_Control__Victim","Ing_x_Control__Reject","Ing_x_Control__Victim__Reject",0,0,0,0,0,1,"Victim__J_Cont__C_Cont__Reject","Victim__J_Cont__C_Cont__Reject",0,0,0,0,0,0,0,0,1,0,0,0,0,0,0,0,0,0,0,0,0,0,0,0,0,0,0,"J_Cont__C_Cont",,,0,0,0,0,0,0,0,1
137,3,2,"victim",0,20,4,1,0,2,1,1,TRUE,2.28571428571429,1.28571428571429,3.125,2.42857142857143,2.16666666666667,2,3,3,3,3,2,"Cont","Cont","control","control",0,1,0,,0,0,"Cont","Cont",,0,1,0,1,0,1,0,1,0,"Victim__J_Cont__C_Cont",1,4,-4,"Ing_x_Control","Ing_x_Control__Victim","Ing_x_Control__Reject","Ing_x_Control__Victim__Reject",0,0,0,0,0,1,"Victim__J_Cont__C_Cont__Reject","Victim__J_Cont__C_Cont__Reject",0,0,0,0,0,0,0,0,1,0,0,0,0,0,0,0,0,0,0,0,0,0,0,0,0,0,0,"J_Cont__C_Cont",,,0,0,0,0,0,0,0,1
137,4,1,"victim",0,20,4,1,0,2,1,1,TRUE,2.28571428571429,1.28571428571429,3.125,2.42857142857143,2.16666666666667,2,1,2,1,2,2,"Out","In","outgroup","ingroup",1,0,0,0,1,1,"Out","In",,1,0,0,0,1,0,0,0,0,"Victim__J_Out__C_In",0,-7,7,"Ing_x_Hum","Ing_x_Hum__Victim","Ing_x_Hum__Accept","Ing_x_Hum__Victim__Accept",0,0,0,1,0,0,"Victim__J_Out__C_In__Accept","Victim__J_Out__C_In__Accept",0,1,0,0,0,0,0,0,0,0,0,0,0,0,0,0,0,0,0,0,0,0,0,0,0,0,0,"J_Out__C_In",,,1,0,0,0,0,0,0,0
137,4,2,"victim",0,20,4,1,0,2,1,1,TRUE,2.28571428571429,1.28571428571429,3.125,2.42857142857143,2.16666666666667,2,1,2,2,1,2,"Out","In","ingroup","outgroup",0,0,0,1,1,1,"In","Out",,1,0,0,0,0,0,1,0,0,"Victim__J_In__C_Out",0,-7,7,"Ing_x_Ing","Ing_x_Ing__Victim","Ing_x_Ing__Accept","Ing_x_Ing__Victim__Accept",0,0,0,0,1,0,"Victim__J_In__C_Out__Accept","Victim__J_In__C_Out__Accept",0,0,0,1,0,0,0,0,0,0,0,0,0,0,0,0,0,0,0,0,0,0,0,0,0,0,0,"J_In__C_Out",,,0,0,1,0,0,0,0,0
137,5,1,"victim",0,20,4,1,0,2,1,1,TRUE,2.28571428571429,1.28571428571429,3.125,2.42857142857143,2.16666666666667,2,3,1,3,1,2,"Cont","Out","control","outgroup",0,1,0,,0,1,"Cont","Out",,0,1,1,0,0,1,1,0,0,"Victim__J_Cont__C_Out",1,3,-3,"Ing_x_Control","Ing_x_Control__Victim","Ing_x_Control__Reject","Ing_x_Control__Victim__Reject",0,0,0,0,0,1,"Victim__J_Cont__C_Out__Reject","Victim__J_Cont__C_Out__Reject",0,0,0,0,0,1,0,0,0,0,0,0,0,0,0,0,0,0,0,0,0,0,0,0,0,0,0,"J_Cont__C_Out",,,0,0,0,0,1,0,0,0
137,5,2,"victim",0,20,4,1,0,2,1,1,TRUE,2.28571428571429,1.28571428571429,3.125,2.42857142857143,2.16666666666667,2,3,1,1,3,2,"Cont","Out","outgroup","control",1,0,0,0,1,0,"Out","Cont",,0,1,1,0,1,0,0,1,0,"Victim__J_Out__C_Cont",1,-5,5,"Ing_x_Hum","Ing_x_Hum__Victim","Ing_x_Hum__Accept","Ing_x_Hum__Victim__Accept",0,0,0,1,0,0,"Victim__J_Out__C_Cont__Accept","Victim__J_Out__C_Cont__Accept",0,0,0,0,0,0,0,1,0,0,0,0,0,0,0,0,0,0,0,0,0,0,0,0,0,0,0,"J_Out__C_Cont",,,0,0,0,0,0,0,1,0
138,1,1,"victim",0,21,2,1,0,2,1,1,TRUE,2.39285714285714,2.14285714285714,2.5,2.14285714285714,2.83333333333333,2,1,2,1,2,2,"Out","In","outgroup","ingroup",1,0,0,0,1,1,"Out","In",,1,0,0,0,1,0,0,0,0,"Victim__J_Out__C_In",0,-6,6,"Ing_x_Hum","Ing_x_Hum__Victim","Ing_x_Hum__Accept","Ing_x_Hum__Victim__Accept",0,0,0,1,0,0,"Victim__J_Out__C_In__Accept","Victim__J_Out__C_In__Accept",0,1,0,0,0,0,0,0,0,0,0,0,0,0,0,0,0,0,0,0,0,0,0,0,0,0,0,"J_Out__C_In",,,1,0,0,0,0,0,0,0
138,1,2,"victim",0,21,2,1,0,2,1,1,TRUE,2.39285714285714,2.14285714285714,2.5,2.14285714285714,2.83333333333333,2,1,2,2,1,2,"Out","In","ingroup","outgroup",0,0,0,1,1,1,"In","Out",,1,0,0,0,0,0,1,0,0,"Victim__J_In__C_Out",0,-6,6,"Ing_x_Ing","Ing_x_Ing__Victim","Ing_x_Ing__Accept","Ing_x_Ing__Victim__Accept",0,0,0,0,1,0,"Victim__J_In__C_Out__Accept","Victim__J_In__C_Out__Accept",0,0,0,1,0,0,0,0,0,0,0,0,0,0,0,0,0,0,0,0,0,0,0,0,0,0,0,"J_In__C_Out",,,0,0,1,0,0,0,0,0
138,2,1,"victim",0,21,2,1,0,2,1,1,TRUE,2.39285714285714,2.14285714285714,2.5,2.14285714285714,2.83333333333333,2,2,3,2,3,2,"In","Cont","ingroup","control",0,0,0,1,0,0,"In","Cont",,0,0,0,1,0,0,0,1,0,"Victim__J_In__C_Cont",1,9,-9,"Ing_x_Ing","Ing_x_Ing__Victim","Ing_x_Ing__Reject","Ing_x_Ing__Victim__Reject",0,0,0,0,1,0,"Victim__J_In__C_Cont__Reject","Victim__J_In__C_Cont__Reject",0,0,0,0,0,0,1,0,0,0,0,0,0,0,0,0,0,0,0,0,0,0,0,0,0,0,0,"J_In__C_Cont",,,0,0,0,0,0,1,0,0
138,2,2,"victim",0,21,2,1,0,2,1,1,TRUE,2.39285714285714,2.14285714285714,2.5,2.14285714285714,2.83333333333333,2,2,3,3,2,2,"In","Cont","control","ingroup",0,1,0,,0,0,"Cont","In",,0,0,0,1,0,1,0,0,0,"Victim__J_Cont__C_In",1,9,-9,"Ing_x_Control","Ing_x_Control__Victim","Ing_x_Control__Reject","Ing_x_Control__Victim__Reject",0,0,0,0,0,1,"Victim__J_Cont__C_In__Reject","Victim__J_Cont__C_In__Reject",0,0,1,0,0,0,0,0,0,0,0,0,0,0,0,0,0,0,0,0,0,0,0,0,0,0,0,"J_Cont__C_In",,,0,1,0,0,0,0,0,0
138,3,1,"victim",0,21,2,1,0,2,1,1,TRUE,2.39285714285714,2.14285714285714,2.5,2.14285714285714,2.83333333333333,2,1,3,1,3,2,"Out","Cont","outgroup","control",1,0,0,0,1,0,"Out","Cont",,1,0,0,1,1,0,0,1,0,"Victim__J_Out__C_Cont",1,-9,9,"Ing_x_Hum","Ing_x_Hum__Victim","Ing_x_Hum__Accept","Ing_x_Hum__Victim__Accept",0,0,0,1,0,0,"Victim__J_Out__C_Cont__Accept","Victim__J_Out__C_Cont__Accept",0,0,0,0,0,0,0,1,0,0,0,0,0,0,0,0,0,0,0,0,0,0,0,0,0,0,0,"J_Out__C_Cont",,,0,0,0,0,0,0,1,0
138,3,2,"victim",0,21,2,1,0,2,1,1,TRUE,2.39285714285714,2.14285714285714,2.5,2.14285714285714,2.83333333333333,2,1,3,3,1,2,"Out","Cont","control","outgroup",0,1,0,,0,1,"Cont","Out",,1,0,0,1,0,1,1,0,0,"Victim__J_Cont__C_Out",1,9,-9,"Ing_x_Control","Ing_x_Control__Victim","Ing_x_Control__Reject","Ing_x_Control__Victim__Reject",0,0,0,0,0,1,"Victim__J_Cont__C_Out__Reject","Victim__J_Cont__C_Out__Reject",0,0,0,0,0,1,0,0,0,0,0,0,0,0,0,0,0,0,0,0,0,0,0,0,0,0,0,"J_Cont__C_Out",,,0,0,0,0,1,0,0,0
138,4,1,"victim",0,21,2,1,0,2,1,1,TRUE,2.39285714285714,2.14285714285714,2.5,2.14285714285714,2.83333333333333,2,3,2,3,2,2,"Cont","In","control","ingroup",0,1,0,,1,0,"Cont","In",,0,1,0,0,0,1,0,0,0,"Victim__J_Cont__C_In",1,-9,9,"Ing_x_Control","Ing_x_Control__Victim","Ing_x_Control__Accept","Ing_x_Control__Victim__Accept",0,0,0,0,0,1,"Victim__J_Cont__C_In__Accept","Victim__J_Cont__C_In__Accept",0,0,1,0,0,0,0,0,0,0,0,0,0,0,0,0,0,0,0,0,0,0,0,0,0,0,0,"J_Cont__C_In",,,0,1,0,0,0,0,0,0
138,4,2,"victim",0,21,2,1,0,2,1,1,TRUE,2.39285714285714,2.14285714285714,2.5,2.14285714285714,2.83333333333333,2,3,2,2,3,2,"Cont","In","ingroup","control",0,0,0,1,0,1,"In","Cont",,0,1,0,0,0,0,0,1,0,"Victim__J_In__C_Cont",1,9,-9,"Ing_x_Ing","Ing_x_Ing__Victim","Ing_x_Ing__Reject","Ing_x_Ing__Victim__Reject",0,0,0,0,1,0,"Victim__J_In__C_Cont__Reject","Victim__J_In__C_Cont__Reject",0,0,0,0,0,0,1,0,0,0,0,0,0,0,0,0,0,0,0,0,0,0,0,0,0,0,0,"J_In__C_Cont",,,0,0,0,0,0,1,0,0
138,5,1,"victim",0,21,2,1,0,2,1,1,TRUE,2.39285714285714,2.14285714285714,2.5,2.14285714285714,2.83333333333333,2,3,1,3,1,2,"Cont","Out","control","outgroup",0,1,0,,0,1,"Cont","Out",,0,1,1,0,0,1,1,0,0,"Victim__J_Cont__C_Out",1,-9,9,"Ing_x_Control","Ing_x_Control__Victim","Ing_x_Control__Reject","Ing_x_Control__Victim__Reject",0,0,0,0,0,1,"Victim__J_Cont__C_Out__Reject","Victim__J_Cont__C_Out__Reject",0,0,0,0,0,1,0,0,0,0,0,0,0,0,0,0,0,0,0,0,0,0,0,0,0,0,0,"J_Cont__C_Out",,,0,0,0,0,1,0,0,0
138,5,2,"victim",0,21,2,1,0,2,1,1,TRUE,2.39285714285714,2.14285714285714,2.5,2.14285714285714,2.83333333333333,2,3,1,1,3,2,"Cont","Out","outgroup","control",1,0,0,0,1,0,"Out","Cont",,0,1,1,0,1,0,0,1,0,"Victim__J_Out__C_Cont",1,9,-9,"Ing_x_Hum","Ing_x_Hum__Victim","Ing_x_Hum__Accept","Ing_x_Hum__Victim__Accept",0,0,0,1,0,0,"Victim__J_Out__C_Cont__Accept","Victim__J_Out__C_Cont__Accept",0,0,0,0,0,0,0,1,0,0,0,0,0,0,0,0,0,0,0,0,0,0,0,0,0,0,0,"J_Out__C_Cont",,,0,0,0,0,0,0,1,0
139,1,1,"victim",0,19,2,2,1,1,0,1,TRUE,2.32142857142857,2.28571428571429,2.25,2.85714285714286,1.83333333333333,1,2,3,2,3,1,"Out","Cont","outgroup","control",1,0,0,0,0,0,"Out","Cont",,1,0,0,1,1,0,0,1,0,"Victim__J_Out__C_Cont",1,9,-9,"Hum_x_Ing","Hum_x_Ing__Victim","Hum_x_Ing__Reject","Hum_x_Ing__Victim__Reject",0,1,0,0,0,0,"Victim__J_Out__C_Cont__Reject","Victim__J_Out__C_Cont__Reject",0,0,0,0,0,0,0,1,0,0,0,0,0,0,0,0,0,0,0,0,0,0,0,0,0,0,0,"J_Out__C_Cont",,,0,0,0,0,0,0,1,0
139,1,2,"victim",0,19,2,2,1,1,0,1,TRUE,2.32142857142857,2.28571428571429,2.25,2.85714285714286,1.83333333333333,1,2,3,3,2,1,"Out","Cont","control","outgroup",0,1,0,,0,0,"Cont","Out",,1,0,0,1,0,1,1,0,0,"Victim__J_Cont__C_Out",1,9,-9,"Hum_x_Control","Hum_x_Control__Victim","Hum_x_Control__Reject","Hum_x_Control__Victim__Reject",0,0,1,0,0,0,"Victim__J_Cont__C_Out__Reject","Victim__J_Cont__C_Out__Reject",0,0,0,0,0,1,0,0,0,0,0,0,0,0,0,0,0,0,0,0,0,0,0,0,0,0,0,"J_Cont__C_Out",,,0,0,0,0,1,0,0,0
139,2,1,"victim",0,19,2,2,1,1,0,1,TRUE,2.32142857142857,2.28571428571429,2.25,2.85714285714286,1.83333333333333,1,3,1,3,1,1,"Cont","In","control","ingroup",0,1,0,,1,0,"Cont","In",,0,1,0,0,0,1,0,0,0,"Victim__J_Cont__C_In",1,-5,5,"Hum_x_Control","Hum_x_Control__Victim","Hum_x_Control__Accept","Hum_x_Control__Victim__Accept",0,0,1,0,0,0,"Victim__J_Cont__C_In__Accept","Victim__J_Cont__C_In__Accept",0,0,1,0,0,0,0,0,0,0,0,0,0,0,0,0,0,0,0,0,0,0,0,0,0,0,0,"J_Cont__C_In",,,0,1,0,0,0,0,0,0
139,2,2,"victim",0,19,2,2,1,1,0,1,TRUE,2.32142857142857,2.28571428571429,2.25,2.85714285714286,1.83333333333333,1,3,1,1,3,1,"Cont","In","ingroup","control",0,0,0,1,0,1,"In","Cont",,0,1,0,0,0,0,0,1,0,"Victim__J_In__C_Cont",1,6,-6,"Hum_x_Hum","Hum_x_Hum__Victim","Hum_x_Hum__Reject","Hum_x_Hum__Victim__Reject",1,0,0,0,0,0,"Victim__J_In__C_Cont__Reject","Victim__J_In__C_Cont__Reject",0,0,0,0,0,0,1,0,0,0,0,0,0,0,0,0,0,0,0,0,0,0,0,0,0,0,0,"J_In__C_Cont",,,0,0,0,0,0,1,0,0
139,3,1,"victim",0,19,2,2,1,1,0,1,TRUE,2.32142857142857,2.28571428571429,2.25,2.85714285714286,1.83333333333333,1,2,1,2,1,1,"Out","In","outgroup","ingroup",1,0,0,0,1,0,"Out","In",,1,0,0,0,1,0,0,0,0,"Victim__J_Out__C_In",0,-5,5,"Hum_x_Ing","Hum_x_Ing__Victim","Hum_x_Ing__Accept","Hum_x_Ing__Victim__Accept",0,1,0,0,0,0,"Victim__J_Out__C_In__Accept","Victim__J_Out__C_In__Accept",0,1,0,0,0,0,0,0,0,0,0,0,0,0,0,0,0,0,0,0,0,0,0,0,0,0,0,"J_Out__C_In",,,1,0,0,0,0,0,0,0
139,3,2,"victim",0,19,2,2,1,1,0,1,TRUE,2.32142857142857,2.28571428571429,2.25,2.85714285714286,1.83333333333333,1,2,1,1,2,1,"Out","In","ingroup","outgroup",0,0,0,1,0,1,"In","Out",,1,0,0,0,0,0,1,0,0,"Victim__J_In__C_Out",0,5,-5,"Hum_x_Hum","Hum_x_Hum__Victim","Hum_x_Hum__Reject","Hum_x_Hum__Victim__Reject",1,0,0,0,0,0,"Victim__J_In__C_Out__Reject","Victim__J_In__C_Out__Reject",0,0,0,1,0,0,0,0,0,0,0,0,0,0,0,0,0,0,0,0,0,0,0,0,0,0,0,"J_In__C_Out",,,0,0,1,0,0,0,0,0
139,4,1,"victim",0,19,2,2,1,1,0,1,TRUE,2.32142857142857,2.28571428571429,2.25,2.85714285714286,1.83333333333333,1,3,3,3,3,1,"Cont","Cont","control","control",0,1,0,,0,0,"Cont","Cont",,0,1,0,1,0,1,0,1,0,"Victim__J_Cont__C_Cont",1,7,-7,"Hum_x_Control","Hum_x_Control__Victim","Hum_x_Control__Reject","Hum_x_Control__Victim__Reject",0,0,1,0,0,0,"Victim__J_Cont__C_Cont__Reject","Victim__J_Cont__C_Cont__Reject",0,0,0,0,0,0,0,0,1,0,0,0,0,0,0,0,0,0,0,0,0,0,0,0,0,0,0,"J_Cont__C_Cont",,,0,0,0,0,0,0,0,1
139,4,2,"victim",0,19,2,2,1,1,0,1,TRUE,2.32142857142857,2.28571428571429,2.25,2.85714285714286,1.83333333333333,1,3,3,3,3,1,"Cont","Cont","control","control",0,1,0,,0,0,"Cont","Cont",,0,1,0,1,0,1,0,1,0,"Victim__J_Cont__C_Cont",1,7,-7,"Hum_x_Control","Hum_x_Control__Victim","Hum_x_Control__Reject","Hum_x_Control__Victim__Reject",0,0,1,0,0,0,"Victim__J_Cont__C_Cont__Reject","Victim__J_Cont__C_Cont__Reject",0,0,0,0,0,0,0,0,1,0,0,0,0,0,0,0,0,0,0,0,0,0,0,0,0,0,0,"J_Cont__C_Cont",,,0,0,0,0,0,0,0,1
139,5,1,"victim",0,19,2,2,1,1,0,1,TRUE,2.32142857142857,2.28571428571429,2.25,2.85714285714286,1.83333333333333,1,3,1,3,1,1,"Cont","In","control","ingroup",0,1,0,,0,0,"Cont","In",,0,1,0,0,0,1,0,0,0,"Victim__J_Cont__C_In",1,7,-7,"Hum_x_Control","Hum_x_Control__Victim","Hum_x_Control__Reject","Hum_x_Control__Victim__Reject",0,0,1,0,0,0,"Victim__J_Cont__C_In__Reject","Victim__J_Cont__C_In__Reject",0,0,1,0,0,0,0,0,0,0,0,0,0,0,0,0,0,0,0,0,0,0,0,0,0,0,0,"J_Cont__C_In",,,0,1,0,0,0,0,0,0
139,5,2,"victim",0,19,2,2,1,1,0,1,TRUE,2.32142857142857,2.28571428571429,2.25,2.85714285714286,1.83333333333333,1,3,1,1,3,1,"Cont","In","ingroup","control",0,0,0,1,0,0,"In","Cont",,0,1,0,0,0,0,0,1,0,"Victim__J_In__C_Cont",1,7,-7,"Hum_x_Hum","Hum_x_Hum__Victim","Hum_x_Hum__Reject","Hum_x_Hum__Victim__Reject",1,0,0,0,0,0,"Victim__J_In__C_Cont__Reject","Victim__J_In__C_Cont__Reject",0,0,0,0,0,0,1,0,0,0,0,0,0,0,0,0,0,0,0,0,0,0,0,0,0,0,0,"J_In__C_Cont",,,0,0,0,0,0,1,0,0
140,6,1,"victim",0,19,1,1,0,2,1,2,TRUE,3.17857142857143,3.14285714285714,3,3.85714285714286,2.66666666666667,2,1,3,1,3,2,"Out","Cont","outgroup","control",1,0,0,0,0,0,"Out","Cont",,1,0,0,1,1,0,0,1,0,"Victim__J_Out__C_Cont",1,9,-9,"Ing_x_Hum","Ing_x_Hum__Victim","Ing_x_Hum__Reject","Ing_x_Hum__Victim__Reject",0,0,0,1,0,0,"Victim__J_Out__C_Cont__Reject","Victim__J_Out__C_Cont__Reject",0,0,0,0,0,0,0,1,0,0,0,0,0,0,0,0,0,0,0,0,0,0,0,0,0,0,0,"J_Out__C_Cont",,,0,0,0,0,0,0,1,0
140,6,2,"victim",0,19,1,1,0,2,1,2,TRUE,3.17857142857143,3.14285714285714,3,3.85714285714286,2.66666666666667,2,1,3,3,1,2,"Out","Cont","control","outgroup",0,1,0,,0,0,"Cont","Out",,1,0,0,1,0,1,1,0,0,"Victim__J_Cont__C_Out",1,9,-9,"Ing_x_Control","Ing_x_Control__Victim","Ing_x_Control__Reject","Ing_x_Control__Victim__Reject",0,0,0,0,0,1,"Victim__J_Cont__C_Out__Reject","Victim__J_Cont__C_Out__Reject",0,0,0,0,0,1,0,0,0,0,0,0,0,0,0,0,0,0,0,0,0,0,0,0,0,0,0,"J_Cont__C_Out",,,0,0,0,0,1,0,0,0
140,7,1,"victim",0,19,1,1,0,2,1,2,TRUE,3.17857142857143,3.14285714285714,3,3.85714285714286,2.66666666666667,2,1,3,1,3,2,"Out","Cont","outgroup","control",1,0,0,0,1,0,"Out","Cont",,1,0,0,1,1,0,0,1,0,"Victim__J_Out__C_Cont",1,-1,1,"Ing_x_Hum","Ing_x_Hum__Victim","Ing_x_Hum__Accept","Ing_x_Hum__Victim__Accept",0,0,0,1,0,0,"Victim__J_Out__C_Cont__Accept","Victim__J_Out__C_Cont__Accept",0,0,0,0,0,0,0,1,0,0,0,0,0,0,0,0,0,0,0,0,0,0,0,0,0,0,0,"J_Out__C_Cont",,,0,0,0,0,0,0,1,0
140,7,2,"victim",0,19,1,1,0,2,1,2,TRUE,3.17857142857143,3.14285714285714,3,3.85714285714286,2.66666666666667,2,1,3,3,1,2,"Out","Cont","control","outgroup",0,1,0,,0,1,"Cont","Out",,1,0,0,1,0,1,1,0,0,"Victim__J_Cont__C_Out",1,1,-1,"Ing_x_Control","Ing_x_Control__Victim","Ing_x_Control__Reject","Ing_x_Control__Victim__Reject",0,0,0,0,0,1,"Victim__J_Cont__C_Out__Reject","Victim__J_Cont__C_Out__Reject",0,0,0,0,0,1,0,0,0,0,0,0,0,0,0,0,0,0,0,0,0,0,0,0,0,0,0,"J_Cont__C_Out",,,0,0,0,0,1,0,0,0
140,8,1,"victim",0,19,1,1,0,2,1,2,TRUE,3.17857142857143,3.14285714285714,3,3.85714285714286,2.66666666666667,2,2,2,2,2,2,"In","In","ingroup","ingroup",0,0,0,1,0,1,"In","In",,0,0,0,0,0,0,0,0,0,"Victim__J_In__C_In",0,1,-1,"Ing_x_Ing","Ing_x_Ing__Victim","Ing_x_Ing__Reject","Ing_x_Ing__Victim__Reject",0,0,0,0,1,0,"Victim__J_In__C_In__Reject","Victim__J_In__C_In__Reject",1,0,0,0,0,0,0,0,0,0,0,0,0,0,0,0,0,0,0,0,0,0,0,0,0,0,0,"J_In__C_In",,,0,0,0,0,0,0,0,0
140,8,2,"victim",0,19,1,1,0,2,1,2,TRUE,3.17857142857143,3.14285714285714,3,3.85714285714286,2.66666666666667,2,2,2,2,2,2,"In","In","ingroup","ingroup",0,0,0,1,1,0,"In","In",,0,0,0,0,0,0,0,0,0,"Victim__J_In__C_In",0,-1,1,"Ing_x_Ing","Ing_x_Ing__Victim","Ing_x_Ing__Accept","Ing_x_Ing__Victim__Accept",0,0,0,0,1,0,"Victim__J_In__C_In__Accept","Victim__J_In__C_In__Accept",1,0,0,0,0,0,0,0,0,0,0,0,0,0,0,0,0,0,0,0,0,0,0,0,0,0,0,"J_In__C_In",,,0,0,0,0,0,0,0,0
140,9,1,"victim",0,19,1,1,0,2,1,2,TRUE,3.17857142857143,3.14285714285714,3,3.85714285714286,2.66666666666667,2,1,1,1,1,2,"Out","Out","outgroup","outgroup",1,0,0,0,0,0,"Out","Out",,1,0,1,0,1,0,1,0,0,"Victim__J_Out__C_Out",0,9,-9,"Ing_x_Hum","Ing_x_Hum__Victim","Ing_x_Hum__Reject","Ing_x_Hum__Victim__Reject",0,0,0,1,0,0,"Victim__J_Out__C_Out__Reject","Victim__J_Out__C_Out__Reject",0,0,0,0,1,0,0,0,0,0,0,0,0,0,0,0,0,0,0,0,0,0,0,0,0,0,0,"J_Out__C_Out",,,0,0,0,1,0,0,0,0
140,9,2,"victim",0,19,1,1,0,2,1,2,TRUE,3.17857142857143,3.14285714285714,3,3.85714285714286,2.66666666666667,2,1,1,1,1,2,"Out","Out","outgroup","outgroup",1,0,0,0,0,0,"Out","Out",,1,0,1,0,1,0,1,0,0,"Victim__J_Out__C_Out",0,9,-9,"Ing_x_Hum","Ing_x_Hum__Victim","Ing_x_Hum__Reject","Ing_x_Hum__Victim__Reject",0,0,0,1,0,0,"Victim__J_Out__C_Out__Reject","Victim__J_Out__C_Out__Reject",0,0,0,0,1,0,0,0,0,0,0,0,0,0,0,0,0,0,0,0,0,0,0,0,0,0,0,"J_Out__C_Out",,,0,0,0,1,0,0,0,0
140,10,1,"victim",0,19,1,1,0,2,1,2,TRUE,3.17857142857143,3.14285714285714,3,3.85714285714286,2.66666666666667,2,2,1,2,1,2,"In","Out","ingroup","outgroup",0,0,0,1,1,0,"In","Out",,0,0,1,0,0,0,1,0,0,"Victim__J_In__C_Out",0,-5,5,"Ing_x_Ing","Ing_x_Ing__Victim","Ing_x_Ing__Accept","Ing_x_Ing__Victim__Accept",0,0,0,0,1,0,"Victim__J_In__C_Out__Accept","Victim__J_In__C_Out__Accept",0,0,0,1,0,0,0,0,0,0,0,0,0,0,0,0,0,0,0,0,0,0,0,0,0,0,0,"J_In__C_Out",,,0,0,1,0,0,0,0,0
140,10,2,"victim",0,19,1,1,0,2,1,2,TRUE,3.17857142857143,3.14285714285714,3,3.85714285714286,2.66666666666667,2,2,1,1,2,2,"In","Out","outgroup","ingroup",1,0,0,0,0,1,"Out","In",,0,0,1,0,1,0,0,0,0,"Victim__J_Out__C_In",0,0,0,"Ing_x_Hum","Ing_x_Hum__Victim","Ing_x_Hum__Reject","Ing_x_Hum__Victim__Reject",0,0,0,1,0,0,"Victim__J_Out__C_In__Reject","Victim__J_Out__C_In__Reject",0,1,0,0,0,0,0,0,0,0,0,0,0,0,0,0,0,0,0,0,0,0,0,0,0,0,0,"J_Out__C_In",,,1,0,0,0,0,0,0,0
141,1,1,"victim",0,20,2,2,1,2,1,1,TRUE,2.25,1.85714285714286,2.125,2.71428571428571,2.33333333333333,2,3,1,3,1,2,"Cont","Out","control","outgroup",0,1,0,,0,1,"Cont","Out",,0,1,1,0,0,1,1,0,0,"Victim__J_Cont__C_Out",1,5,-5,"Ing_x_Control","Ing_x_Control__Victim","Ing_x_Control__Reject","Ing_x_Control__Victim__Reject",0,0,0,0,0,1,"Victim__J_Cont__C_Out__Reject","Victim__J_Cont__C_Out__Reject",0,0,0,0,0,1,0,0,0,0,0,0,0,0,0,0,0,0,0,0,0,0,0,0,0,0,0,"J_Cont__C_Out",,,0,0,0,0,1,0,0,0
141,1,2,"victim",0,20,2,2,1,2,1,1,TRUE,2.25,1.85714285714286,2.125,2.71428571428571,2.33333333333333,2,3,1,1,3,2,"Cont","Out","outgroup","control",1,0,0,0,1,0,"Out","Cont",,0,1,1,0,1,0,0,1,0,"Victim__J_Out__C_Cont",1,5,-5,"Ing_x_Hum","Ing_x_Hum__Victim","Ing_x_Hum__Accept","Ing_x_Hum__Victim__Accept",0,0,0,1,0,0,"Victim__J_Out__C_Cont__Accept","Victim__J_Out__C_Cont__Accept",0,0,0,0,0,0,0,1,0,0,0,0,0,0,0,0,0,0,0,0,0,0,0,0,0,0,0,"J_Out__C_Cont",,,0,0,0,0,0,0,1,0
141,2,1,"victim",0,20,2,2,1,2,1,1,TRUE,2.25,1.85714285714286,2.125,2.71428571428571,2.33333333333333,2,1,3,1,3,2,"Out","Cont","outgroup","control",1,0,0,0,1,0,"Out","Cont",,1,0,0,1,1,0,0,1,0,"Victim__J_Out__C_Cont",1,5,-5,"Ing_x_Hum","Ing_x_Hum__Victim","Ing_x_Hum__Accept","Ing_x_Hum__Victim__Accept",0,0,0,1,0,0,"Victim__J_Out__C_Cont__Accept","Victim__J_Out__C_Cont__Accept",0,0,0,0,0,0,0,1,0,0,0,0,0,0,0,0,0,0,0,0,0,0,0,0,0,0,0,"J_Out__C_Cont",,,0,0,0,0,0,0,1,0
141,2,2,"victim",0,20,2,2,1,2,1,1,TRUE,2.25,1.85714285714286,2.125,2.71428571428571,2.33333333333333,2,1,3,3,1,2,"Out","Cont","control","outgroup",0,1,0,,0,1,"Cont","Out",,1,0,0,1,0,1,1,0,0,"Victim__J_Cont__C_Out",1,5,-5,"Ing_x_Control","Ing_x_Control__Victim","Ing_x_Control__Reject","Ing_x_Control__Victim__Reject",0,0,0,0,0,1,"Victim__J_Cont__C_Out__Reject","Victim__J_Cont__C_Out__Reject",0,0,0,0,0,1,0,0,0,0,0,0,0,0,0,0,0,0,0,0,0,0,0,0,0,0,0,"J_Cont__C_Out",,,0,0,0,0,1,0,0,0
141,3,1,"victim",0,20,2,2,1,2,1,1,TRUE,2.25,1.85714285714286,2.125,2.71428571428571,2.33333333333333,2,3,1,3,1,2,"Cont","Out","control","outgroup",0,1,0,,0,0,"Cont","Out",,0,1,1,0,0,1,1,0,0,"Victim__J_Cont__C_Out",1,9,-9,"Ing_x_Control","Ing_x_Control__Victim","Ing_x_Control__Reject","Ing_x_Control__Victim__Reject",0,0,0,0,0,1,"Victim__J_Cont__C_Out__Reject","Victim__J_Cont__C_Out__Reject",0,0,0,0,0,1,0,0,0,0,0,0,0,0,0,0,0,0,0,0,0,0,0,0,0,0,0,"J_Cont__C_Out",,,0,0,0,0,1,0,0,0
141,3,2,"victim",0,20,2,2,1,2,1,1,TRUE,2.25,1.85714285714286,2.125,2.71428571428571,2.33333333333333,2,3,1,1,3,2,"Cont","Out","outgroup","control",1,0,0,0,0,0,"Out","Cont",,0,1,1,0,1,0,0,1,0,"Victim__J_Out__C_Cont",1,9,-9,"Ing_x_Hum","Ing_x_Hum__Victim","Ing_x_Hum__Reject","Ing_x_Hum__Victim__Reject",0,0,0,1,0,0,"Victim__J_Out__C_Cont__Reject","Victim__J_Out__C_Cont__Reject",0,0,0,0,0,0,0,1,0,0,0,0,0,0,0,0,0,0,0,0,0,0,0,0,0,0,0,"J_Out__C_Cont",,,0,0,0,0,0,0,1,0
141,4,1,"victim",0,20,2,2,1,2,1,1,TRUE,2.25,1.85714285714286,2.125,2.71428571428571,2.33333333333333,2,1,3,1,3,2,"Out","Cont","outgroup","control",1,0,0,0,0,0,"Out","Cont",,1,0,0,1,1,0,0,1,0,"Victim__J_Out__C_Cont",1,5,-5,"Ing_x_Hum","Ing_x_Hum__Victim","Ing_x_Hum__Reject","Ing_x_Hum__Victim__Reject",0,0,0,1,0,0,"Victim__J_Out__C_Cont__Reject","Victim__J_Out__C_Cont__Reject",0,0,0,0,0,0,0,1,0,0,0,0,0,0,0,0,0,0,0,0,0,0,0,0,0,0,0,"J_Out__C_Cont",,,0,0,0,0,0,0,1,0
141,4,2,"victim",0,20,2,2,1,2,1,1,TRUE,2.25,1.85714285714286,2.125,2.71428571428571,2.33333333333333,2,1,3,3,1,2,"Out","Cont","control","outgroup",0,1,0,,0,0,"Cont","Out",,1,0,0,1,0,1,1,0,0,"Victim__J_Cont__C_Out",1,5,-5,"Ing_x_Control","Ing_x_Control__Victim","Ing_x_Control__Reject","Ing_x_Control__Victim__Reject",0,0,0,0,0,1,"Victim__J_Cont__C_Out__Reject","Victim__J_Cont__C_Out__Reject",0,0,0,0,0,1,0,0,0,0,0,0,0,0,0,0,0,0,0,0,0,0,0,0,0,0,0,"J_Cont__C_Out",,,0,0,0,0,1,0,0,0
141,5,1,"victim",0,20,2,2,1,2,1,1,TRUE,2.25,1.85714285714286,2.125,2.71428571428571,2.33333333333333,2,2,3,2,3,2,"In","Cont","ingroup","control",0,0,0,1,1,0,"In","Cont",,0,0,0,1,0,0,0,1,0,"Victim__J_In__C_Cont",1,6,-6,"Ing_x_Ing","Ing_x_Ing__Victim","Ing_x_Ing__Accept","Ing_x_Ing__Victim__Accept",0,0,0,0,1,0,"Victim__J_In__C_Cont__Accept","Victim__J_In__C_Cont__Accept",0,0,0,0,0,0,1,0,0,0,0,0,0,0,0,0,0,0,0,0,0,0,0,0,0,0,0,"J_In__C_Cont",,,0,0,0,0,0,1,0,0
141,5,2,"victim",0,20,2,2,1,2,1,1,TRUE,2.25,1.85714285714286,2.125,2.71428571428571,2.33333333333333,2,2,3,3,2,2,"In","Cont","control","ingroup",0,1,0,,0,1,"Cont","In",,0,0,0,1,0,1,0,0,0,"Victim__J_Cont__C_In",1,-3,3,"Ing_x_Control","Ing_x_Control__Victim","Ing_x_Control__Reject","Ing_x_Control__Victim__Reject",0,0,0,0,0,1,"Victim__J_Cont__C_In__Reject","Victim__J_Cont__C_In__Reject",0,0,1,0,0,0,0,0,0,0,0,0,0,0,0,0,0,0,0,0,0,0,0,0,0,0,0,"J_Cont__C_In",,,0,1,0,0,0,0,0,0
142,6,1,"victim",0,23,1,2,1,1,0,2,TRUE,1.64285714285714,2.14285714285714,1.25,2.14285714285714,1,1,3,1,3,1,1,"Cont","In","control","ingroup",0,1,0,,0,0,"Cont","In",,0,1,0,0,0,1,0,0,0,"Victim__J_Cont__C_In",1,9,-9,"Hum_x_Control","Hum_x_Control__Victim","Hum_x_Control__Reject","Hum_x_Control__Victim__Reject",0,0,1,0,0,0,"Victim__J_Cont__C_In__Reject","Victim__J_Cont__C_In__Reject",0,0,1,0,0,0,0,0,0,0,0,0,0,0,0,0,0,0,0,0,0,0,0,0,0,0,0,"J_Cont__C_In",,,0,1,0,0,0,0,0,0
142,6,2,"victim",0,23,1,2,1,1,0,2,TRUE,1.64285714285714,2.14285714285714,1.25,2.14285714285714,1,1,3,1,1,3,1,"Cont","In","ingroup","control",0,0,0,1,0,0,"In","Cont",,0,1,0,0,0,0,0,1,0,"Victim__J_In__C_Cont",1,9,-9,"Hum_x_Hum","Hum_x_Hum__Victim","Hum_x_Hum__Reject","Hum_x_Hum__Victim__Reject",1,0,0,0,0,0,"Victim__J_In__C_Cont__Reject","Victim__J_In__C_Cont__Reject",0,0,0,0,0,0,1,0,0,0,0,0,0,0,0,0,0,0,0,0,0,0,0,0,0,0,0,"J_In__C_Cont",,,0,0,0,0,0,1,0,0
142,7,1,"victim",0,23,1,2,1,1,0,2,TRUE,1.64285714285714,2.14285714285714,1.25,2.14285714285714,1,1,3,2,3,2,1,"Cont","Out","control","outgroup",0,1,0,,0,0,"Cont","Out",,0,1,1,0,0,1,1,0,0,"Victim__J_Cont__C_Out",1,9,-9,"Hum_x_Control","Hum_x_Control__Victim","Hum_x_Control__Reject","Hum_x_Control__Victim__Reject",0,0,1,0,0,0,"Victim__J_Cont__C_Out__Reject","Victim__J_Cont__C_Out__Reject",0,0,0,0,0,1,0,0,0,0,0,0,0,0,0,0,0,0,0,0,0,0,0,0,0,0,0,"J_Cont__C_Out",,,0,0,0,0,1,0,0,0
142,7,2,"victim",0,23,1,2,1,1,0,2,TRUE,1.64285714285714,2.14285714285714,1.25,2.14285714285714,1,1,3,2,2,3,1,"Cont","Out","outgroup","control",1,0,0,0,0,0,"Out","Cont",,0,1,1,0,1,0,0,1,0,"Victim__J_Out__C_Cont",1,9,-9,"Hum_x_Ing","Hum_x_Ing__Victim","Hum_x_Ing__Reject","Hum_x_Ing__Victim__Reject",0,1,0,0,0,0,"Victim__J_Out__C_Cont__Reject","Victim__J_Out__C_Cont__Reject",0,0,0,0,0,0,0,1,0,0,0,0,0,0,0,0,0,0,0,0,0,0,0,0,0,0,0,"J_Out__C_Cont",,,0,0,0,0,0,0,1,0
142,8,1,"victim",0,23,1,2,1,1,0,2,TRUE,1.64285714285714,2.14285714285714,1.25,2.14285714285714,1,1,3,2,3,2,1,"Cont","Out","control","outgroup",0,1,0,,0,1,"Cont","Out",,0,1,1,0,0,1,1,0,0,"Victim__J_Cont__C_Out",1,9,-9,"Hum_x_Control","Hum_x_Control__Victim","Hum_x_Control__Reject","Hum_x_Control__Victim__Reject",0,0,1,0,0,0,"Victim__J_Cont__C_Out__Reject","Victim__J_Cont__C_Out__Reject",0,0,0,0,0,1,0,0,0,0,0,0,0,0,0,0,0,0,0,0,0,0,0,0,0,0,0,"J_Cont__C_Out",,,0,0,0,0,1,0,0,0
142,8,2,"victim",0,23,1,2,1,1,0,2,TRUE,1.64285714285714,2.14285714285714,1.25,2.14285714285714,1,1,3,2,2,3,1,"Cont","Out","outgroup","control",1,0,0,0,1,0,"Out","Cont",,0,1,1,0,1,0,0,1,0,"Victim__J_Out__C_Cont",1,-9,9,"Hum_x_Ing","Hum_x_Ing__Victim","Hum_x_Ing__Accept","Hum_x_Ing__Victim__Accept",0,1,0,0,0,0,"Victim__J_Out__C_Cont__Accept","Victim__J_Out__C_Cont__Accept",0,0,0,0,0,0,0,1,0,0,0,0,0,0,0,0,0,0,0,0,0,0,0,0,0,0,0,"J_Out__C_Cont",,,0,0,0,0,0,0,1,0
142,9,1,"victim",0,23,1,2,1,1,0,2,TRUE,1.64285714285714,2.14285714285714,1.25,2.14285714285714,1,1,3,2,3,2,1,"Cont","Out","control","outgroup",0,1,0,,1,0,"Cont","Out",,0,1,1,0,0,1,1,0,0,"Victim__J_Cont__C_Out",1,-9,9,"Hum_x_Control","Hum_x_Control__Victim","Hum_x_Control__Accept","Hum_x_Control__Victim__Accept",0,0,1,0,0,0,"Victim__J_Cont__C_Out__Accept","Victim__J_Cont__C_Out__Accept",0,0,0,0,0,1,0,0,0,0,0,0,0,0,0,0,0,0,0,0,0,0,0,0,0,0,0,"J_Cont__C_Out",,,0,0,0,0,1,0,0,0
142,9,2,"victim",0,23,1,2,1,1,0,2,TRUE,1.64285714285714,2.14285714285714,1.25,2.14285714285714,1,1,3,2,2,3,1,"Cont","Out","outgroup","control",1,0,0,0,0,1,"Out","Cont",,0,1,1,0,1,0,0,1,0,"Victim__J_Out__C_Cont",1,9,-9,"Hum_x_Ing","Hum_x_Ing__Victim","Hum_x_Ing__Reject","Hum_x_Ing__Victim__Reject",0,1,0,0,0,0,"Victim__J_Out__C_Cont__Reject","Victim__J_Out__C_Cont__Reject",0,0,0,0,0,0,0,1,0,0,0,0,0,0,0,0,0,0,0,0,0,0,0,0,0,0,0,"J_Out__C_Cont",,,0,0,0,0,0,0,1,0
142,10,1,"victim",0,23,1,2,1,1,0,2,TRUE,1.64285714285714,2.14285714285714,1.25,2.14285714285714,1,1,2,2,2,2,1,"Out","Out","outgroup","outgroup",1,0,0,0,0,1,"Out","Out",,1,0,1,0,1,0,1,0,0,"Victim__J_Out__C_Out",0,9,-9,"Hum_x_Ing","Hum_x_Ing__Victim","Hum_x_Ing__Reject","Hum_x_Ing__Victim__Reject",0,1,0,0,0,0,"Victim__J_Out__C_Out__Reject","Victim__J_Out__C_Out__Reject",0,0,0,0,1,0,0,0,0,0,0,0,0,0,0,0,0,0,0,0,0,0,0,0,0,0,0,"J_Out__C_Out",,,0,0,0,1,0,0,0,0
142,10,2,"victim",0,23,1,2,1,1,0,2,TRUE,1.64285714285714,2.14285714285714,1.25,2.14285714285714,1,1,2,2,2,2,1,"Out","Out","outgroup","outgroup",1,0,0,0,1,0,"Out","Out",,1,0,1,0,1,0,1,0,0,"Victim__J_Out__C_Out",0,-9,9,"Hum_x_Ing","Hum_x_Ing__Victim","Hum_x_Ing__Accept","Hum_x_Ing__Victim__Accept",0,1,0,0,0,0,"Victim__J_Out__C_Out__Accept","Victim__J_Out__C_Out__Accept",0,0,0,0,1,0,0,0,0,0,0,0,0,0,0,0,0,0,0,0,0,0,0,0,0,0,0,"J_Out__C_Out",,,0,0,0,1,0,0,0,0
143,6,1,"victim",0,19,1,1,0,2,1,2,TRUE,3.07142857142857,3,2.625,4,2.66666666666667,2,1,3,1,3,2,"Out","Cont","outgroup","control",1,0,0,0,0,1,"Out","Cont",,1,0,0,1,1,0,0,1,0,"Victim__J_Out__C_Cont",1,-3,3,"Ing_x_Hum","Ing_x_Hum__Victim","Ing_x_Hum__Reject","Ing_x_Hum__Victim__Reject",0,0,0,1,0,0,"Victim__J_Out__C_Cont__Reject","Victim__J_Out__C_Cont__Reject",0,0,0,0,0,0,0,1,0,0,0,0,0,0,0,0,0,0,0,0,0,0,0,0,0,0,0,"J_Out__C_Cont",,,0,0,0,0,0,0,1,0
143,6,2,"victim",0,19,1,1,0,2,1,2,TRUE,3.07142857142857,3,2.625,4,2.66666666666667,2,1,3,3,1,2,"Out","Cont","control","outgroup",0,1,0,,1,0,"Cont","Out",,1,0,0,1,0,1,1,0,0,"Victim__J_Cont__C_Out",1,6,-6,"Ing_x_Control","Ing_x_Control__Victim","Ing_x_Control__Accept","Ing_x_Control__Victim__Accept",0,0,0,0,0,1,"Victim__J_Cont__C_Out__Accept","Victim__J_Cont__C_Out__Accept",0,0,0,0,0,1,0,0,0,0,0,0,0,0,0,0,0,0,0,0,0,0,0,0,0,0,0,"J_Cont__C_Out",,,0,0,0,0,1,0,0,0
143,7,1,"victim",0,19,1,1,0,2,1,2,TRUE,3.07142857142857,3,2.625,4,2.66666666666667,2,3,3,3,3,2,"Cont","Cont","control","control",0,1,0,,0,1,"Cont","Cont",,0,1,0,1,0,1,0,1,0,"Victim__J_Cont__C_Cont",1,-3,3,"Ing_x_Control","Ing_x_Control__Victim","Ing_x_Control__Reject","Ing_x_Control__Victim__Reject",0,0,0,0,0,1,"Victim__J_Cont__C_Cont__Reject","Victim__J_Cont__C_Cont__Reject",0,0,0,0,0,0,0,0,1,0,0,0,0,0,0,0,0,0,0,0,0,0,0,0,0,0,0,"J_Cont__C_Cont",,,0,0,0,0,0,0,0,1
143,7,2,"victim",0,19,1,1,0,2,1,2,TRUE,3.07142857142857,3,2.625,4,2.66666666666667,2,3,3,3,3,2,"Cont","Cont","control","control",0,1,0,,1,0,"Cont","Cont",,0,1,0,1,0,1,0,1,0,"Victim__J_Cont__C_Cont",1,6,-6,"Ing_x_Control","Ing_x_Control__Victim","Ing_x_Control__Accept","Ing_x_Control__Victim__Accept",0,0,0,0,0,1,"Victim__J_Cont__C_Cont__Accept","Victim__J_Cont__C_Cont__Accept",0,0,0,0,0,0,0,0,1,0,0,0,0,0,0,0,0,0,0,0,0,0,0,0,0,0,0,"J_Cont__C_Cont",,,0,0,0,0,0,0,0,1
143,8,1,"victim",0,19,1,1,0,2,1,2,TRUE,3.07142857142857,3,2.625,4,2.66666666666667,2,1,3,1,3,2,"Out","Cont","outgroup","control",1,0,0,0,1,1,"Out","Cont",,1,0,0,1,1,0,0,1,0,"Victim__J_Out__C_Cont",1,5,-5,"Ing_x_Hum","Ing_x_Hum__Victim","Ing_x_Hum__Accept","Ing_x_Hum__Victim__Accept",0,0,0,1,0,0,"Victim__J_Out__C_Cont__Accept","Victim__J_Out__C_Cont__Accept",0,0,0,0,0,0,0,1,0,0,0,0,0,0,0,0,0,0,0,0,0,0,0,0,0,0,0,"J_Out__C_Cont",,,0,0,0,0,0,0,1,0
143,8,2,"victim",0,19,1,1,0,2,1,2,TRUE,3.07142857142857,3,2.625,4,2.66666666666667,2,1,3,3,1,2,"Out","Cont","control","outgroup",0,1,0,,1,1,"Cont","Out",,1,0,0,1,0,1,1,0,0,"Victim__J_Cont__C_Out",1,5,-5,"Ing_x_Control","Ing_x_Control__Victim","Ing_x_Control__Accept","Ing_x_Control__Victim__Accept",0,0,0,0,0,1,"Victim__J_Cont__C_Out__Accept","Victim__J_Cont__C_Out__Accept",0,0,0,0,0,1,0,0,0,0,0,0,0,0,0,0,0,0,0,0,0,0,0,0,0,0,0,"J_Cont__C_Out",,,0,0,0,0,1,0,0,0
143,9,1,"victim",0,19,1,1,0,2,1,2,TRUE,3.07142857142857,3,2.625,4,2.66666666666667,2,1,3,1,3,2,"Out","Cont","outgroup","control",1,0,0,0,0,1,"Out","Cont",,1,0,0,1,1,0,0,1,0,"Victim__J_Out__C_Cont",1,-3,3,"Ing_x_Hum","Ing_x_Hum__Victim","Ing_x_Hum__Reject","Ing_x_Hum__Victim__Reject",0,0,0,1,0,0,"Victim__J_Out__C_Cont__Reject","Victim__J_Out__C_Cont__Reject",0,0,0,0,0,0,0,1,0,0,0,0,0,0,0,0,0,0,0,0,0,0,0,0,0,0,0,"J_Out__C_Cont",,,0,0,0,0,0,0,1,0
143,9,2,"victim",0,19,1,1,0,2,1,2,TRUE,3.07142857142857,3,2.625,4,2.66666666666667,2,1,3,3,1,2,"Out","Cont","control","outgroup",0,1,0,,1,0,"Cont","Out",,1,0,0,1,0,1,1,0,0,"Victim__J_Cont__C_Out",1,5,-5,"Ing_x_Control","Ing_x_Control__Victim","Ing_x_Control__Accept","Ing_x_Control__Victim__Accept",0,0,0,0,0,1,"Victim__J_Cont__C_Out__Accept","Victim__J_Cont__C_Out__Accept",0,0,0,0,0,1,0,0,0,0,0,0,0,0,0,0,0,0,0,0,0,0,0,0,0,0,0,"J_Cont__C_Out",,,0,0,0,0,1,0,0,0
143,10,1,"victim",0,19,1,1,0,2,1,2,TRUE,3.07142857142857,3,2.625,4,2.66666666666667,2,1,1,1,1,2,"Out","Out","outgroup","outgroup",1,0,0,0,0,0,"Out","Out",,1,0,1,0,1,0,1,0,0,"Victim__J_Out__C_Out",0,0,0,"Ing_x_Hum","Ing_x_Hum__Victim","Ing_x_Hum__Reject","Ing_x_Hum__Victim__Reject",0,0,0,1,0,0,"Victim__J_Out__C_Out__Reject","Victim__J_Out__C_Out__Reject",0,0,0,0,1,0,0,0,0,0,0,0,0,0,0,0,0,0,0,0,0,0,0,0,0,0,0,"J_Out__C_Out",,,0,0,0,1,0,0,0,0
143,10,2,"victim",0,19,1,1,0,2,1,2,TRUE,3.07142857142857,3,2.625,4,2.66666666666667,2,1,1,1,1,2,"Out","Out","outgroup","outgroup",1,0,0,0,0,0,"Out","Out",,1,0,1,0,1,0,1,0,0,"Victim__J_Out__C_Out",0,0,0,"Ing_x_Hum","Ing_x_Hum__Victim","Ing_x_Hum__Reject","Ing_x_Hum__Victim__Reject",0,0,0,1,0,0,"Victim__J_Out__C_Out__Reject","Victim__J_Out__C_Out__Reject",0,0,0,0,1,0,0,0,0,0,0,0,0,0,0,0,0,0,0,0,0,0,0,0,0,0,0,"J_Out__C_Out",,,0,0,0,1,0,0,0,0
144,6,1,"victim",0,18,2,2,1,1,0,2,TRUE,1.92857142857143,1.85714285714286,1.875,2.71428571428571,1.16666666666667,1,1,3,1,3,1,"In","Cont","ingroup","control",0,0,0,1,1,0,"In","Cont",,0,0,0,1,0,0,0,1,0,"Victim__J_In__C_Cont",1,-9,9,"Hum_x_Hum","Hum_x_Hum__Victim","Hum_x_Hum__Accept","Hum_x_Hum__Victim__Accept",1,0,0,0,0,0,"Victim__J_In__C_Cont__Accept","Victim__J_In__C_Cont__Accept",0,0,0,0,0,0,1,0,0,0,0,0,0,0,0,0,0,0,0,0,0,0,0,0,0,0,0,"J_In__C_Cont",,,0,0,0,0,0,1,0,0
144,6,2,"victim",0,18,2,2,1,1,0,2,TRUE,1.92857142857143,1.85714285714286,1.875,2.71428571428571,1.16666666666667,1,1,3,3,1,1,"In","Cont","control","ingroup",0,1,0,,0,1,"Cont","In",,0,0,0,1,0,1,0,0,0,"Victim__J_Cont__C_In",1,9,-9,"Hum_x_Control","Hum_x_Control__Victim","Hum_x_Control__Reject","Hum_x_Control__Victim__Reject",0,0,1,0,0,0,"Victim__J_Cont__C_In__Reject","Victim__J_Cont__C_In__Reject",0,0,1,0,0,0,0,0,0,0,0,0,0,0,0,0,0,0,0,0,0,0,0,0,0,0,0,"J_Cont__C_In",,,0,1,0,0,0,0,0,0
144,7,1,"victim",0,18,2,2,1,1,0,2,TRUE,1.92857142857143,1.85714285714286,1.875,2.71428571428571,1.16666666666667,1,1,2,1,2,1,"In","Out","ingroup","outgroup",0,0,0,1,1,1,"In","Out",,0,0,1,0,0,0,1,0,0,"Victim__J_In__C_Out",0,-9,9,"Hum_x_Hum","Hum_x_Hum__Victim","Hum_x_Hum__Accept","Hum_x_Hum__Victim__Accept",1,0,0,0,0,0,"Victim__J_In__C_Out__Accept","Victim__J_In__C_Out__Accept",0,0,0,1,0,0,0,0,0,0,0,0,0,0,0,0,0,0,0,0,0,0,0,0,0,0,0,"J_In__C_Out",,,0,0,1,0,0,0,0,0
144,7,2,"victim",0,18,2,2,1,1,0,2,TRUE,1.92857142857143,1.85714285714286,1.875,2.71428571428571,1.16666666666667,1,1,2,2,1,1,"In","Out","outgroup","ingroup",1,0,0,0,1,1,"Out","In",,0,0,1,0,1,0,0,0,0,"Victim__J_Out__C_In",0,-9,9,"Hum_x_Ing","Hum_x_Ing__Victim","Hum_x_Ing__Accept","Hum_x_Ing__Victim__Accept",0,1,0,0,0,0,"Victim__J_Out__C_In__Accept","Victim__J_Out__C_In__Accept",0,1,0,0,0,0,0,0,0,0,0,0,0,0,0,0,0,0,0,0,0,0,0,0,0,0,0,"J_Out__C_In",,,1,0,0,0,0,0,0,0
144,8,1,"victim",0,18,2,2,1,1,0,2,TRUE,1.92857142857143,1.85714285714286,1.875,2.71428571428571,1.16666666666667,1,1,2,1,2,1,"In","Out","ingroup","outgroup",0,0,0,1,0,1,"In","Out",,0,0,1,0,0,0,1,0,0,"Victim__J_In__C_Out",0,9,-9,"Hum_x_Hum","Hum_x_Hum__Victim","Hum_x_Hum__Reject","Hum_x_Hum__Victim__Reject",1,0,0,0,0,0,"Victim__J_In__C_Out__Reject","Victim__J_In__C_Out__Reject",0,0,0,1,0,0,0,0,0,0,0,0,0,0,0,0,0,0,0,0,0,0,0,0,0,0,0,"J_In__C_Out",,,0,0,1,0,0,0,0,0
144,8,2,"victim",0,18,2,2,1,1,0,2,TRUE,1.92857142857143,1.85714285714286,1.875,2.71428571428571,1.16666666666667,1,1,2,2,1,1,"In","Out","outgroup","ingroup",1,0,0,0,1,0,"Out","In",,0,0,1,0,1,0,0,0,0,"Victim__J_Out__C_In",0,-9,9,"Hum_x_Ing","Hum_x_Ing__Victim","Hum_x_Ing__Accept","Hum_x_Ing__Victim__Accept",0,1,0,0,0,0,"Victim__J_Out__C_In__Accept","Victim__J_Out__C_In__Accept",0,1,0,0,0,0,0,0,0,0,0,0,0,0,0,0,0,0,0,0,0,0,0,0,0,0,0,"J_Out__C_In",,,1,0,0,0,0,0,0,0
144,9,1,"victim",0,18,2,2,1,1,0,2,TRUE,1.92857142857143,1.85714285714286,1.875,2.71428571428571,1.16666666666667,1,1,1,1,1,1,"In","In","ingroup","ingroup",0,0,0,1,1,0,"In","In",,0,0,0,0,0,0,0,0,0,"Victim__J_In__C_In",0,-9,9,"Hum_x_Hum","Hum_x_Hum__Victim","Hum_x_Hum__Accept","Hum_x_Hum__Victim__Accept",1,0,0,0,0,0,"Victim__J_In__C_In__Accept","Victim__J_In__C_In__Accept",1,0,0,0,0,0,0,0,0,0,0,0,0,0,0,0,0,0,0,0,0,0,0,0,0,0,0,"J_In__C_In",,,0,0,0,0,0,0,0,0
144,9,2,"victim",0,18,2,2,1,1,0,2,TRUE,1.92857142857143,1.85714285714286,1.875,2.71428571428571,1.16666666666667,1,1,1,1,1,1,"In","In","ingroup","ingroup",0,0,0,1,0,1,"In","In",,0,0,0,0,0,0,0,0,0,"Victim__J_In__C_In",0,9,-9,"Hum_x_Hum","Hum_x_Hum__Victim","Hum_x_Hum__Reject","Hum_x_Hum__Victim__Reject",1,0,0,0,0,0,"Victim__J_In__C_In__Reject","Victim__J_In__C_In__Reject",1,0,0,0,0,0,0,0,0,0,0,0,0,0,0,0,0,0,0,0,0,0,0,0,0,0,0,"J_In__C_In",,,0,0,0,0,0,0,0,0
144,10,1,"victim",0,18,2,2,1,1,0,2,TRUE,1.92857142857143,1.85714285714286,1.875,2.71428571428571,1.16666666666667,1,1,2,1,2,1,"In","Out","ingroup","outgroup",0,0,0,1,0,0,"In","Out",,0,0,1,0,0,0,1,0,0,"Victim__J_In__C_Out",0,9,-9,"Hum_x_Hum","Hum_x_Hum__Victim","Hum_x_Hum__Reject","Hum_x_Hum__Victim__Reject",1,0,0,0,0,0,"Victim__J_In__C_Out__Reject","Victim__J_In__C_Out__Reject",0,0,0,1,0,0,0,0,0,0,0,0,0,0,0,0,0,0,0,0,0,0,0,0,0,0,0,"J_In__C_Out",,,0,0,1,0,0,0,0,0
144,10,2,"victim",0,18,2,2,1,1,0,2,TRUE,1.92857142857143,1.85714285714286,1.875,2.71428571428571,1.16666666666667,1,1,2,2,1,1,"In","Out","outgroup","ingroup",1,0,0,0,0,0,"Out","In",,0,0,1,0,1,0,0,0,0,"Victim__J_Out__C_In",0,9,-9,"Hum_x_Ing","Hum_x_Ing__Victim","Hum_x_Ing__Reject","Hum_x_Ing__Victim__Reject",0,1,0,0,0,0,"Victim__J_Out__C_In__Reject","Victim__J_Out__C_In__Reject",0,1,0,0,0,0,0,0,0,0,0,0,0,0,0,0,0,0,0,0,0,0,0,0,0,0,0,"J_Out__C_In",,,1,0,0,0,0,0,0,0
145,6,1,"victim",0,22,3,2,1,1,0,2,TRUE,2.92857142857143,3.42857142857143,2.75,2.85714285714286,2.66666666666667,1,3,2,3,2,1,"Cont","Out","control","outgroup",0,1,0,,1,0,"Cont","Out",,0,1,1,0,0,1,1,0,0,"Victim__J_Cont__C_Out",1,-9,9,"Hum_x_Control","Hum_x_Control__Victim","Hum_x_Control__Accept","Hum_x_Control__Victim__Accept",0,0,1,0,0,0,"Victim__J_Cont__C_Out__Accept","Victim__J_Cont__C_Out__Accept",0,0,0,0,0,1,0,0,0,0,0,0,0,0,0,0,0,0,0,0,0,0,0,0,0,0,0,"J_Cont__C_Out",,,0,0,0,0,1,0,0,0
145,6,2,"victim",0,22,3,2,1,1,0,2,TRUE,2.92857142857143,3.42857142857143,2.75,2.85714285714286,2.66666666666667,1,3,2,2,3,1,"Cont","Out","outgroup","control",1,0,0,0,0,1,"Out","Cont",,0,1,1,0,1,0,0,1,0,"Victim__J_Out__C_Cont",1,9,-9,"Hum_x_Ing","Hum_x_Ing__Victim","Hum_x_Ing__Reject","Hum_x_Ing__Victim__Reject",0,1,0,0,0,0,"Victim__J_Out__C_Cont__Reject","Victim__J_Out__C_Cont__Reject",0,0,0,0,0,0,0,1,0,0,0,0,0,0,0,0,0,0,0,0,0,0,0,0,0,0,0,"J_Out__C_Cont",,,0,0,0,0,0,0,1,0
145,7,1,"victim",0,22,3,2,1,1,0,2,TRUE,2.92857142857143,3.42857142857143,2.75,2.85714285714286,2.66666666666667,1,1,3,1,3,1,"In","Cont","ingroup","control",0,0,0,1,0,1,"In","Cont",,0,0,0,1,0,0,0,1,0,"Victim__J_In__C_Cont",1,9,-9,"Hum_x_Hum","Hum_x_Hum__Victim","Hum_x_Hum__Reject","Hum_x_Hum__Victim__Reject",1,0,0,0,0,0,"Victim__J_In__C_Cont__Reject","Victim__J_In__C_Cont__Reject",0,0,0,0,0,0,1,0,0,0,0,0,0,0,0,0,0,0,0,0,0,0,0,0,0,0,0,"J_In__C_Cont",,,0,0,0,0,0,1,0,0
145,7,2,"victim",0,22,3,2,1,1,0,2,TRUE,2.92857142857143,3.42857142857143,2.75,2.85714285714286,2.66666666666667,1,1,3,3,1,1,"In","Cont","control","ingroup",0,1,0,,1,0,"Cont","In",,0,0,0,1,0,1,0,0,0,"Victim__J_Cont__C_In",1,-9,9,"Hum_x_Control","Hum_x_Control__Victim","Hum_x_Control__Accept","Hum_x_Control__Victim__Accept",0,0,1,0,0,0,"Victim__J_Cont__C_In__Accept","Victim__J_Cont__C_In__Accept",0,0,1,0,0,0,0,0,0,0,0,0,0,0,0,0,0,0,0,0,0,0,0,0,0,0,0,"J_Cont__C_In",,,0,1,0,0,0,0,0,0
145,8,1,"victim",0,22,3,2,1,1,0,2,TRUE,2.92857142857143,3.42857142857143,2.75,2.85714285714286,2.66666666666667,1,1,3,1,3,1,"In","Cont","ingroup","control",0,0,0,1,0,0,"In","Cont",,0,0,0,1,0,0,0,1,0,"Victim__J_In__C_Cont",1,9,-9,"Hum_x_Hum","Hum_x_Hum__Victim","Hum_x_Hum__Reject","Hum_x_Hum__Victim__Reject",1,0,0,0,0,0,"Victim__J_In__C_Cont__Reject","Victim__J_In__C_Cont__Reject",0,0,0,0,0,0,1,0,0,0,0,0,0,0,0,0,0,0,0,0,0,0,0,0,0,0,0,"J_In__C_Cont",,,0,0,0,0,0,1,0,0
145,8,2,"victim",0,22,3,2,1,1,0,2,TRUE,2.92857142857143,3.42857142857143,2.75,2.85714285714286,2.66666666666667,1,1,3,3,1,1,"In","Cont","control","ingroup",0,1,0,,0,0,"Cont","In",,0,0,0,1,0,1,0,0,0,"Victim__J_Cont__C_In",1,9,-9,"Hum_x_Control","Hum_x_Control__Victim","Hum_x_Control__Reject","Hum_x_Control__Victim__Reject",0,0,1,0,0,0,"Victim__J_Cont__C_In__Reject","Victim__J_Cont__C_In__Reject",0,0,1,0,0,0,0,0,0,0,0,0,0,0,0,0,0,0,0,0,0,0,0,0,0,0,0,"J_Cont__C_In",,,0,1,0,0,0,0,0,0
145,9,1,"victim",0,22,3,2,1,1,0,2,TRUE,2.92857142857143,3.42857142857143,2.75,2.85714285714286,2.66666666666667,1,2,1,2,1,1,"Out","In","outgroup","ingroup",1,0,0,0,1,1,"Out","In",,1,0,0,0,1,0,0,0,0,"Victim__J_Out__C_In",0,-9,9,"Hum_x_Ing","Hum_x_Ing__Victim","Hum_x_Ing__Accept","Hum_x_Ing__Victim__Accept",0,1,0,0,0,0,"Victim__J_Out__C_In__Accept","Victim__J_Out__C_In__Accept",0,1,0,0,0,0,0,0,0,0,0,0,0,0,0,0,0,0,0,0,0,0,0,0,0,0,0,"J_Out__C_In",,,1,0,0,0,0,0,0,0
145,9,2,"victim",0,22,3,2,1,1,0,2,TRUE,2.92857142857143,3.42857142857143,2.75,2.85714285714286,2.66666666666667,1,2,1,1,2,1,"Out","In","ingroup","outgroup",0,0,0,1,1,1,"In","Out",,1,0,0,0,0,0,1,0,0,"Victim__J_In__C_Out",0,-9,9,"Hum_x_Hum","Hum_x_Hum__Victim","Hum_x_Hum__Accept","Hum_x_Hum__Victim__Accept",1,0,0,0,0,0,"Victim__J_In__C_Out__Accept","Victim__J_In__C_Out__Accept",0,0,0,1,0,0,0,0,0,0,0,0,0,0,0,0,0,0,0,0,0,0,0,0,0,0,0,"J_In__C_Out",,,0,0,1,0,0,0,0,0
145,10,1,"victim",0,22,3,2,1,1,0,2,TRUE,2.92857142857143,3.42857142857143,2.75,2.85714285714286,2.66666666666667,1,2,1,2,1,1,"Out","In","outgroup","ingroup",1,0,0,0,0,0,"Out","In",,1,0,0,0,1,0,0,0,0,"Victim__J_Out__C_In",0,9,-9,"Hum_x_Ing","Hum_x_Ing__Victim","Hum_x_Ing__Reject","Hum_x_Ing__Victim__Reject",0,1,0,0,0,0,"Victim__J_Out__C_In__Reject","Victim__J_Out__C_In__Reject",0,1,0,0,0,0,0,0,0,0,0,0,0,0,0,0,0,0,0,0,0,0,0,0,0,0,0,"J_Out__C_In",,,1,0,0,0,0,0,0,0
145,10,2,"victim",0,22,3,2,1,1,0,2,TRUE,2.92857142857143,3.42857142857143,2.75,2.85714285714286,2.66666666666667,1,2,1,1,2,1,"Out","In","ingroup","outgroup",0,0,0,1,0,0,"In","Out",,1,0,0,0,0,0,1,0,0,"Victim__J_In__C_Out",0,9,-9,"Hum_x_Hum","Hum_x_Hum__Victim","Hum_x_Hum__Reject","Hum_x_Hum__Victim__Reject",1,0,0,0,0,0,"Victim__J_In__C_Out__Reject","Victim__J_In__C_Out__Reject",0,0,0,1,0,0,0,0,0,0,0,0,0,0,0,0,0,0,0,0,0,0,0,0,0,0,0,"J_In__C_Out",,,0,0,1,0,0,0,0,0
146,1,1,"victim",0,24,2,2,1,2,1,1,TRUE,2.96428571428571,2.71428571428571,3.25,3,2.83333333333333,2,2,3,2,3,2,"In","Cont","ingroup","control",0,0,0,1,1,0,"In","Cont",,0,0,0,1,0,0,0,1,0,"Victim__J_In__C_Cont",1,-9,9,"Ing_x_Ing","Ing_x_Ing__Victim","Ing_x_Ing__Accept","Ing_x_Ing__Victim__Accept",0,0,0,0,1,0,"Victim__J_In__C_Cont__Accept","Victim__J_In__C_Cont__Accept",0,0,0,0,0,0,1,0,0,0,0,0,0,0,0,0,0,0,0,0,0,0,0,0,0,0,0,"J_In__C_Cont",,,0,0,0,0,0,1,0,0
146,1,2,"victim",0,24,2,2,1,2,1,1,TRUE,2.96428571428571,2.71428571428571,3.25,3,2.83333333333333,2,2,3,3,2,2,"In","Cont","control","ingroup",0,1,0,,0,1,"Cont","In",,0,0,0,1,0,1,0,0,0,"Victim__J_Cont__C_In",1,9,-9,"Ing_x_Control","Ing_x_Control__Victim","Ing_x_Control__Reject","Ing_x_Control__Victim__Reject",0,0,0,0,0,1,"Victim__J_Cont__C_In__Reject","Victim__J_Cont__C_In__Reject",0,0,1,0,0,0,0,0,0,0,0,0,0,0,0,0,0,0,0,0,0,0,0,0,0,0,0,"J_Cont__C_In",,,0,1,0,0,0,0,0,0
146,2,1,"victim",0,24,2,2,1,2,1,1,TRUE,2.96428571428571,2.71428571428571,3.25,3,2.83333333333333,2,1,2,1,2,2,"Out","In","outgroup","ingroup",1,0,0,0,0,0,"Out","In",,1,0,0,0,1,0,0,0,0,"Victim__J_Out__C_In",0,9,-9,"Ing_x_Hum","Ing_x_Hum__Victim","Ing_x_Hum__Reject","Ing_x_Hum__Victim__Reject",0,0,0,1,0,0,"Victim__J_Out__C_In__Reject","Victim__J_Out__C_In__Reject",0,1,0,0,0,0,0,0,0,0,0,0,0,0,0,0,0,0,0,0,0,0,0,0,0,0,0,"J_Out__C_In",,,1,0,0,0,0,0,0,0
146,2,2,"victim",0,24,2,2,1,2,1,1,TRUE,2.96428571428571,2.71428571428571,3.25,3,2.83333333333333,2,1,2,2,1,2,"Out","In","ingroup","outgroup",0,0,0,1,0,0,"In","Out",,1,0,0,0,0,0,1,0,0,"Victim__J_In__C_Out",0,9,-9,"Ing_x_Ing","Ing_x_Ing__Victim","Ing_x_Ing__Reject","Ing_x_Ing__Victim__Reject",0,0,0,0,1,0,"Victim__J_In__C_Out__Reject","Victim__J_In__C_Out__Reject",0,0,0,1,0,0,0,0,0,0,0,0,0,0,0,0,0,0,0,0,0,0,0,0,0,0,0,"J_In__C_Out",,,0,0,1,0,0,0,0,0
146,3,1,"victim",0,24,2,2,1,2,1,1,TRUE,2.96428571428571,2.71428571428571,3.25,3,2.83333333333333,2,2,3,2,3,2,"In","Cont","ingroup","control",0,0,0,1,0,0,"In","Cont",,0,0,0,1,0,0,0,1,0,"Victim__J_In__C_Cont",1,9,-9,"Ing_x_Ing","Ing_x_Ing__Victim","Ing_x_Ing__Reject","Ing_x_Ing__Victim__Reject",0,0,0,0,1,0,"Victim__J_In__C_Cont__Reject","Victim__J_In__C_Cont__Reject",0,0,0,0,0,0,1,0,0,0,0,0,0,0,0,0,0,0,0,0,0,0,0,0,0,0,0,"J_In__C_Cont",,,0,0,0,0,0,1,0,0
146,3,2,"victim",0,24,2,2,1,2,1,1,TRUE,2.96428571428571,2.71428571428571,3.25,3,2.83333333333333,2,2,3,3,2,2,"In","Cont","control","ingroup",0,1,0,,0,0,"Cont","In",,0,0,0,1,0,1,0,0,0,"Victim__J_Cont__C_In",1,9,-9,"Ing_x_Control","Ing_x_Control__Victim","Ing_x_Control__Reject","Ing_x_Control__Victim__Reject",0,0,0,0,0,1,"Victim__J_Cont__C_In__Reject","Victim__J_Cont__C_In__Reject",0,0,1,0,0,0,0,0,0,0,0,0,0,0,0,0,0,0,0,0,0,0,0,0,0,0,0,"J_Cont__C_In",,,0,1,0,0,0,0,0,0
146,4,1,"victim",0,24,2,2,1,2,1,1,TRUE,2.96428571428571,2.71428571428571,3.25,3,2.83333333333333,2,2,1,2,1,2,"In","Out","ingroup","outgroup",0,0,0,1,1,1,"In","Out",,0,0,1,0,0,0,1,0,0,"Victim__J_In__C_Out",0,-9,9,"Ing_x_Ing","Ing_x_Ing__Victim","Ing_x_Ing__Accept","Ing_x_Ing__Victim__Accept",0,0,0,0,1,0,"Victim__J_In__C_Out__Accept","Victim__J_In__C_Out__Accept",0,0,0,1,0,0,0,0,0,0,0,0,0,0,0,0,0,0,0,0,0,0,0,0,0,0,0,"J_In__C_Out",,,0,0,1,0,0,0,0,0
146,4,2,"victim",0,24,2,2,1,2,1,1,TRUE,2.96428571428571,2.71428571428571,3.25,3,2.83333333333333,2,2,1,1,2,2,"In","Out","outgroup","ingroup",1,0,0,0,1,1,"Out","In",,0,0,1,0,1,0,0,0,0,"Victim__J_Out__C_In",0,-9,9,"Ing_x_Hum","Ing_x_Hum__Victim","Ing_x_Hum__Accept","Ing_x_Hum__Victim__Accept",0,0,0,1,0,0,"Victim__J_Out__C_In__Accept","Victim__J_Out__C_In__Accept",0,1,0,0,0,0,0,0,0,0,0,0,0,0,0,0,0,0,0,0,0,0,0,0,0,0,0,"J_Out__C_In",,,1,0,0,0,0,0,0,0
146,5,1,"victim",0,24,2,2,1,2,1,1,TRUE,2.96428571428571,2.71428571428571,3.25,3,2.83333333333333,2,3,1,3,1,2,"Cont","Out","control","outgroup",0,1,0,,0,1,"Cont","Out",,0,1,1,0,0,1,1,0,0,"Victim__J_Cont__C_Out",1,9,-9,"Ing_x_Control","Ing_x_Control__Victim","Ing_x_Control__Reject","Ing_x_Control__Victim__Reject",0,0,0,0,0,1,"Victim__J_Cont__C_Out__Reject","Victim__J_Cont__C_Out__Reject",0,0,0,0,0,1,0,0,0,0,0,0,0,0,0,0,0,0,0,0,0,0,0,0,0,0,0,"J_Cont__C_Out",,,0,0,0,0,1,0,0,0
146,5,2,"victim",0,24,2,2,1,2,1,1,TRUE,2.96428571428571,2.71428571428571,3.25,3,2.83333333333333,2,3,1,1,3,2,"Cont","Out","outgroup","control",1,0,0,0,1,0,"Out","Cont",,0,1,1,0,1,0,0,1,0,"Victim__J_Out__C_Cont",1,-9,9,"Ing_x_Hum","Ing_x_Hum__Victim","Ing_x_Hum__Accept","Ing_x_Hum__Victim__Accept",0,0,0,1,0,0,"Victim__J_Out__C_Cont__Accept","Victim__J_Out__C_Cont__Accept",0,0,0,0,0,0,0,1,0,0,0,0,0,0,0,0,0,0,0,0,0,0,0,0,0,0,0,"J_Out__C_Cont",,,0,0,0,0,0,0,1,0
148,6,1,"victim",0,23,3,1,0,1,0,2,TRUE,2,1.28571428571429,2.125,2.28571428571429,2.33333333333333,1,1,3,1,3,1,"In","Cont","ingroup","control",0,0,0,1,1,0,"In","Cont",,0,0,0,1,0,0,0,1,0,"Victim__J_In__C_Cont",1,5,-5,"Hum_x_Hum","Hum_x_Hum__Victim","Hum_x_Hum__Accept","Hum_x_Hum__Victim__Accept",1,0,0,0,0,0,"Victim__J_In__C_Cont__Accept","Victim__J_In__C_Cont__Accept",0,0,0,0,0,0,1,0,0,0,0,0,0,0,0,0,0,0,0,0,0,0,0,0,0,0,0,"J_In__C_Cont",,,0,0,0,0,0,1,0,0
148,6,2,"victim",0,23,3,1,0,1,0,2,TRUE,2,1.28571428571429,2.125,2.28571428571429,2.33333333333333,1,1,3,3,1,1,"In","Cont","control","ingroup",0,1,0,,0,1,"Cont","In",,0,0,0,1,0,1,0,0,0,"Victim__J_Cont__C_In",1,5,-5,"Hum_x_Control","Hum_x_Control__Victim","Hum_x_Control__Reject","Hum_x_Control__Victim__Reject",0,0,1,0,0,0,"Victim__J_Cont__C_In__Reject","Victim__J_Cont__C_In__Reject",0,0,1,0,0,0,0,0,0,0,0,0,0,0,0,0,0,0,0,0,0,0,0,0,0,0,0,"J_Cont__C_In",,,0,1,0,0,0,0,0,0
148,7,1,"victim",0,23,3,1,0,1,0,2,TRUE,2,1.28571428571429,2.125,2.28571428571429,2.33333333333333,1,1,3,1,3,1,"In","Cont","ingroup","control",0,0,0,1,1,1,"In","Cont",,0,0,0,1,0,0,0,1,0,"Victim__J_In__C_Cont",1,5,-5,"Hum_x_Hum","Hum_x_Hum__Victim","Hum_x_Hum__Accept","Hum_x_Hum__Victim__Accept",1,0,0,0,0,0,"Victim__J_In__C_Cont__Accept","Victim__J_In__C_Cont__Accept",0,0,0,0,0,0,1,0,0,0,0,0,0,0,0,0,0,0,0,0,0,0,0,0,0,0,0,"J_In__C_Cont",,,0,0,0,0,0,1,0,0
148,7,2,"victim",0,23,3,1,0,1,0,2,TRUE,2,1.28571428571429,2.125,2.28571428571429,2.33333333333333,1,1,3,3,1,1,"In","Cont","control","ingroup",0,1,0,,1,1,"Cont","In",,0,0,0,1,0,1,0,0,0,"Victim__J_Cont__C_In",1,5,-5,"Hum_x_Control","Hum_x_Control__Victim","Hum_x_Control__Accept","Hum_x_Control__Victim__Accept",0,0,1,0,0,0,"Victim__J_Cont__C_In__Accept","Victim__J_Cont__C_In__Accept",0,0,1,0,0,0,0,0,0,0,0,0,0,0,0,0,0,0,0,0,0,0,0,0,0,0,0,"J_Cont__C_In",,,0,1,0,0,0,0,0,0
148,8,1,"victim",0,23,3,1,0,1,0,2,TRUE,2,1.28571428571429,2.125,2.28571428571429,2.33333333333333,1,3,3,3,3,1,"Cont","Cont","control","control",0,1,0,,1,0,"Cont","Cont",,0,1,0,1,0,1,0,1,0,"Victim__J_Cont__C_Cont",1,6,-6,"Hum_x_Control","Hum_x_Control__Victim","Hum_x_Control__Accept","Hum_x_Control__Victim__Accept",0,0,1,0,0,0,"Victim__J_Cont__C_Cont__Accept","Victim__J_Cont__C_Cont__Accept",0,0,0,0,0,0,0,0,1,0,0,0,0,0,0,0,0,0,0,0,0,0,0,0,0,0,0,"J_Cont__C_Cont",,,0,0,0,0,0,0,0,1
148,8,2,"victim",0,23,3,1,0,1,0,2,TRUE,2,1.28571428571429,2.125,2.28571428571429,2.33333333333333,1,3,3,3,3,1,"Cont","Cont","control","control",0,1,0,,0,1,"Cont","Cont",,0,1,0,1,0,1,0,1,0,"Victim__J_Cont__C_Cont",1,6,-6,"Hum_x_Control","Hum_x_Control__Victim","Hum_x_Control__Reject","Hum_x_Control__Victim__Reject",0,0,1,0,0,0,"Victim__J_Cont__C_Cont__Reject","Victim__J_Cont__C_Cont__Reject",0,0,0,0,0,0,0,0,1,0,0,0,0,0,0,0,0,0,0,0,0,0,0,0,0,0,0,"J_Cont__C_Cont",,,0,0,0,0,0,0,0,1
148,9,1,"victim",0,23,3,1,0,1,0,2,TRUE,2,1.28571428571429,2.125,2.28571428571429,2.33333333333333,1,2,2,2,2,1,"Out","Out","outgroup","outgroup",1,0,0,0,1,0,"Out","Out",,1,0,1,0,1,0,1,0,0,"Victim__J_Out__C_Out",0,6,-6,"Hum_x_Ing","Hum_x_Ing__Victim","Hum_x_Ing__Accept","Hum_x_Ing__Victim__Accept",0,1,0,0,0,0,"Victim__J_Out__C_Out__Accept","Victim__J_Out__C_Out__Accept",0,0,0,0,1,0,0,0,0,0,0,0,0,0,0,0,0,0,0,0,0,0,0,0,0,0,0,"J_Out__C_Out",,,0,0,0,1,0,0,0,0
148,9,2,"victim",0,23,3,1,0,1,0,2,TRUE,2,1.28571428571429,2.125,2.28571428571429,2.33333333333333,1,2,2,2,2,1,"Out","Out","outgroup","outgroup",1,0,0,0,0,1,"Out","Out",,1,0,1,0,1,0,1,0,0,"Victim__J_Out__C_Out",0,6,-6,"Hum_x_Ing","Hum_x_Ing__Victim","Hum_x_Ing__Reject","Hum_x_Ing__Victim__Reject",0,1,0,0,0,0,"Victim__J_Out__C_Out__Reject","Victim__J_Out__C_Out__Reject",0,0,0,0,1,0,0,0,0,0,0,0,0,0,0,0,0,0,0,0,0,0,0,0,0,0,0,"J_Out__C_Out",,,0,0,0,1,0,0,0,0
148,10,1,"victim",0,23,3,1,0,1,0,2,TRUE,2,1.28571428571429,2.125,2.28571428571429,2.33333333333333,1,3,2,3,2,1,"Cont","Out","control","outgroup",0,1,0,,1,0,"Cont","Out",,0,1,1,0,0,1,1,0,0,"Victim__J_Cont__C_Out",1,6,-6,"Hum_x_Control","Hum_x_Control__Victim","Hum_x_Control__Accept","Hum_x_Control__Victim__Accept",0,0,1,0,0,0,"Victim__J_Cont__C_Out__Accept","Victim__J_Cont__C_Out__Accept",0,0,0,0,0,1,0,0,0,0,0,0,0,0,0,0,0,0,0,0,0,0,0,0,0,0,0,"J_Cont__C_Out",,,0,0,0,0,1,0,0,0
148,10,2,"victim",0,23,3,1,0,1,0,2,TRUE,2,1.28571428571429,2.125,2.28571428571429,2.33333333333333,1,3,2,2,3,1,"Cont","Out","outgroup","control",1,0,0,0,0,1,"Out","Cont",,0,1,1,0,1,0,0,1,0,"Victim__J_Out__C_Cont",1,6,-6,"Hum_x_Ing","Hum_x_Ing__Victim","Hum_x_Ing__Reject","Hum_x_Ing__Victim__Reject",0,1,0,0,0,0,"Victim__J_Out__C_Cont__Reject","Victim__J_Out__C_Cont__Reject",0,0,0,0,0,0,0,1,0,0,0,0,0,0,0,0,0,0,0,0,0,0,0,0,0,0,0,"J_Out__C_Cont",,,0,0,0,0,0,0,1,0
149,1,1,"victim",0,21,3,2,1,2,1,1,TRUE,1.96428571428571,1.71428571428571,2.125,2.42857142857143,1.5,2,2,2,2,2,2,"In","In","ingroup","ingroup",0,0,0,1,1,0,"In","In",,0,0,0,0,0,0,0,0,0,"Victim__J_In__C_In",0,-3,3,"Ing_x_Ing","Ing_x_Ing__Victim","Ing_x_Ing__Accept","Ing_x_Ing__Victim__Accept",0,0,0,0,1,0,"Victim__J_In__C_In__Accept","Victim__J_In__C_In__Accept",1,0,0,0,0,0,0,0,0,0,0,0,0,0,0,0,0,0,0,0,0,0,0,0,0,0,0,"J_In__C_In",,,0,0,0,0,0,0,0,0
149,1,2,"victim",0,21,3,2,1,2,1,1,TRUE,1.96428571428571,1.71428571428571,2.125,2.42857142857143,1.5,2,2,2,2,2,2,"In","In","ingroup","ingroup",0,0,0,1,0,1,"In","In",,0,0,0,0,0,0,0,0,0,"Victim__J_In__C_In",0,9,-9,"Ing_x_Ing","Ing_x_Ing__Victim","Ing_x_Ing__Reject","Ing_x_Ing__Victim__Reject",0,0,0,0,1,0,"Victim__J_In__C_In__Reject","Victim__J_In__C_In__Reject",1,0,0,0,0,0,0,0,0,0,0,0,0,0,0,0,0,0,0,0,0,0,0,0,0,0,0,"J_In__C_In",,,0,0,0,0,0,0,0,0
149,2,1,"victim",0,21,3,2,1,2,1,1,TRUE,1.96428571428571,1.71428571428571,2.125,2.42857142857143,1.5,2,2,3,2,3,2,"In","Cont","ingroup","control",0,0,0,1,1,0,"In","Cont",,0,0,0,1,0,0,0,1,0,"Victim__J_In__C_Cont",1,9,-9,"Ing_x_Ing","Ing_x_Ing__Victim","Ing_x_Ing__Accept","Ing_x_Ing__Victim__Accept",0,0,0,0,1,0,"Victim__J_In__C_Cont__Accept","Victim__J_In__C_Cont__Accept",0,0,0,0,0,0,1,0,0,0,0,0,0,0,0,0,0,0,0,0,0,0,0,0,0,0,0,"J_In__C_Cont",,,0,0,0,0,0,1,0,0
149,2,2,"victim",0,21,3,2,1,2,1,1,TRUE,1.96428571428571,1.71428571428571,2.125,2.42857142857143,1.5,2,2,3,3,2,2,"In","Cont","control","ingroup",0,1,0,,0,1,"Cont","In",,0,0,0,1,0,1,0,0,0,"Victim__J_Cont__C_In",1,-3,3,"Ing_x_Control","Ing_x_Control__Victim","Ing_x_Control__Reject","Ing_x_Control__Victim__Reject",0,0,0,0,0,1,"Victim__J_Cont__C_In__Reject","Victim__J_Cont__C_In__Reject",0,0,1,0,0,0,0,0,0,0,0,0,0,0,0,0,0,0,0,0,0,0,0,0,0,0,0,"J_Cont__C_In",,,0,1,0,0,0,0,0,0
149,3,1,"victim",0,21,3,2,1,2,1,1,TRUE,1.96428571428571,1.71428571428571,2.125,2.42857142857143,1.5,2,1,3,1,3,2,"Out","Cont","outgroup","control",1,0,0,0,1,0,"Out","Cont",,1,0,0,1,1,0,0,1,0,"Victim__J_Out__C_Cont",1,-3,3,"Ing_x_Hum","Ing_x_Hum__Victim","Ing_x_Hum__Accept","Ing_x_Hum__Victim__Accept",0,0,0,1,0,0,"Victim__J_Out__C_Cont__Accept","Victim__J_Out__C_Cont__Accept",0,0,0,0,0,0,0,1,0,0,0,0,0,0,0,0,0,0,0,0,0,0,0,0,0,0,0,"J_Out__C_Cont",,,0,0,0,0,0,0,1,0
149,3,2,"victim",0,21,3,2,1,2,1,1,TRUE,1.96428571428571,1.71428571428571,2.125,2.42857142857143,1.5,2,1,3,3,1,2,"Out","Cont","control","outgroup",0,1,0,,0,1,"Cont","Out",,1,0,0,1,0,1,1,0,0,"Victim__J_Cont__C_Out",1,9,-9,"Ing_x_Control","Ing_x_Control__Victim","Ing_x_Control__Reject","Ing_x_Control__Victim__Reject",0,0,0,0,0,1,"Victim__J_Cont__C_Out__Reject","Victim__J_Cont__C_Out__Reject",0,0,0,0,0,1,0,0,0,0,0,0,0,0,0,0,0,0,0,0,0,0,0,0,0,0,0,"J_Cont__C_Out",,,0,0,0,0,1,0,0,0
149,4,1,"victim",0,21,3,2,1,2,1,1,TRUE,1.96428571428571,1.71428571428571,2.125,2.42857142857143,1.5,2,1,1,1,1,2,"Out","Out","outgroup","outgroup",1,0,0,0,1,0,"Out","Out",,1,0,1,0,1,0,1,0,0,"Victim__J_Out__C_Out",0,-4,4,"Ing_x_Hum","Ing_x_Hum__Victim","Ing_x_Hum__Accept","Ing_x_Hum__Victim__Accept",0,0,0,1,0,0,"Victim__J_Out__C_Out__Accept","Victim__J_Out__C_Out__Accept",0,0,0,0,1,0,0,0,0,0,0,0,0,0,0,0,0,0,0,0,0,0,0,0,0,0,0,"J_Out__C_Out",,,0,0,0,1,0,0,0,0
149,4,2,"victim",0,21,3,2,1,2,1,1,TRUE,1.96428571428571,1.71428571428571,2.125,2.42857142857143,1.5,2,1,1,1,1,2,"Out","Out","outgroup","outgroup",1,0,0,0,0,1,"Out","Out",,1,0,1,0,1,0,1,0,0,"Victim__J_Out__C_Out",0,6,-6,"Ing_x_Hum","Ing_x_Hum__Victim","Ing_x_Hum__Reject","Ing_x_Hum__Victim__Reject",0,0,0,1,0,0,"Victim__J_Out__C_Out__Reject","Victim__J_Out__C_Out__Reject",0,0,0,0,1,0,0,0,0,0,0,0,0,0,0,0,0,0,0,0,0,0,0,0,0,0,0,"J_Out__C_Out",,,0,0,0,1,0,0,0,0
149,5,1,"victim",0,21,3,2,1,2,1,1,TRUE,1.96428571428571,1.71428571428571,2.125,2.42857142857143,1.5,2,2,2,2,2,2,"In","In","ingroup","ingroup",0,0,0,1,1,1,"In","In",,0,0,0,0,0,0,0,0,0,"Victim__J_In__C_In",0,-3,3,"Ing_x_Ing","Ing_x_Ing__Victim","Ing_x_Ing__Accept","Ing_x_Ing__Victim__Accept",0,0,0,0,1,0,"Victim__J_In__C_In__Accept","Victim__J_In__C_In__Accept",1,0,0,0,0,0,0,0,0,0,0,0,0,0,0,0,0,0,0,0,0,0,0,0,0,0,0,"J_In__C_In",,,0,0,0,0,0,0,0,0
149,5,2,"victim",0,21,3,2,1,2,1,1,TRUE,1.96428571428571,1.71428571428571,2.125,2.42857142857143,1.5,2,2,2,2,2,2,"In","In","ingroup","ingroup",0,0,0,1,1,1,"In","In",,0,0,0,0,0,0,0,0,0,"Victim__J_In__C_In",0,-3,3,"Ing_x_Ing","Ing_x_Ing__Victim","Ing_x_Ing__Accept","Ing_x_Ing__Victim__Accept",0,0,0,0,1,0,"Victim__J_In__C_In__Accept","Victim__J_In__C_In__Accept",1,0,0,0,0,0,0,0,0,0,0,0,0,0,0,0,0,0,0,0,0,0,0,0,0,0,0,"J_In__C_In",,,0,0,0,0,0,0,0,0
150,6,1,"victim",0,21,3,1,0,2,1,2,TRUE,2.32142857142857,2.71428571428571,1.875,2.42857142857143,2.33333333333333,2,3,1,3,1,2,"Cont","Out","control","outgroup",0,1,0,,0,1,"Cont","Out",,0,1,1,0,0,1,1,0,0,"Victim__J_Cont__C_Out",1,6,-6,"Ing_x_Control","Ing_x_Control__Victim","Ing_x_Control__Reject","Ing_x_Control__Victim__Reject",0,0,0,0,0,1,"Victim__J_Cont__C_Out__Reject","Victim__J_Cont__C_Out__Reject",0,0,0,0,0,1,0,0,0,0,0,0,0,0,0,0,0,0,0,0,0,0,0,0,0,0,0,"J_Cont__C_Out",,,0,0,0,0,1,0,0,0
150,6,2,"victim",0,21,3,1,0,2,1,2,TRUE,2.32142857142857,2.71428571428571,1.875,2.42857142857143,2.33333333333333,2,3,1,1,3,2,"Cont","Out","outgroup","control",1,0,0,0,1,0,"Out","Cont",,0,1,1,0,1,0,0,1,0,"Victim__J_Out__C_Cont",1,-7,7,"Ing_x_Hum","Ing_x_Hum__Victim","Ing_x_Hum__Accept","Ing_x_Hum__Victim__Accept",0,0,0,1,0,0,"Victim__J_Out__C_Cont__Accept","Victim__J_Out__C_Cont__Accept",0,0,0,0,0,0,0,1,0,0,0,0,0,0,0,0,0,0,0,0,0,0,0,0,0,0,0,"J_Out__C_Cont",,,0,0,0,0,0,0,1,0
150,7,1,"victim",0,21,3,1,0,2,1,2,TRUE,2.32142857142857,2.71428571428571,1.875,2.42857142857143,2.33333333333333,2,2,1,2,1,2,"In","Out","ingroup","outgroup",0,0,0,1,0,1,"In","Out",,0,0,1,0,0,0,1,0,0,"Victim__J_In__C_Out",0,5,-5,"Ing_x_Ing","Ing_x_Ing__Victim","Ing_x_Ing__Reject","Ing_x_Ing__Victim__Reject",0,0,0,0,1,0,"Victim__J_In__C_Out__Reject","Victim__J_In__C_Out__Reject",0,0,0,1,0,0,0,0,0,0,0,0,0,0,0,0,0,0,0,0,0,0,0,0,0,0,0,"J_In__C_Out",,,0,0,1,0,0,0,0,0
150,7,2,"victim",0,21,3,1,0,2,1,2,TRUE,2.32142857142857,2.71428571428571,1.875,2.42857142857143,2.33333333333333,2,2,1,1,2,2,"In","Out","outgroup","ingroup",1,0,0,0,1,0,"Out","In",,0,0,1,0,1,0,0,0,0,"Victim__J_Out__C_In",0,-6,6,"Ing_x_Hum","Ing_x_Hum__Victim","Ing_x_Hum__Accept","Ing_x_Hum__Victim__Accept",0,0,0,1,0,0,"Victim__J_Out__C_In__Accept","Victim__J_Out__C_In__Accept",0,1,0,0,0,0,0,0,0,0,0,0,0,0,0,0,0,0,0,0,0,0,0,0,0,0,0,"J_Out__C_In",,,1,0,0,0,0,0,0,0
150,8,1,"victim",0,21,3,1,0,2,1,2,TRUE,2.32142857142857,2.71428571428571,1.875,2.42857142857143,2.33333333333333,2,2,3,2,3,2,"In","Cont","ingroup","control",0,0,0,1,1,1,"In","Cont",,0,0,0,1,0,0,0,1,0,"Victim__J_In__C_Cont",1,-7,7,"Ing_x_Ing","Ing_x_Ing__Victim","Ing_x_Ing__Accept","Ing_x_Ing__Victim__Accept",0,0,0,0,1,0,"Victim__J_In__C_Cont__Accept","Victim__J_In__C_Cont__Accept",0,0,0,0,0,0,1,0,0,0,0,0,0,0,0,0,0,0,0,0,0,0,0,0,0,0,0,"J_In__C_Cont",,,0,0,0,0,0,1,0,0
150,8,2,"victim",0,21,3,1,0,2,1,2,TRUE,2.32142857142857,2.71428571428571,1.875,2.42857142857143,2.33333333333333,2,2,3,3,2,2,"In","Cont","control","ingroup",0,1,0,,1,1,"Cont","In",,0,0,0,1,0,1,0,0,0,"Victim__J_Cont__C_In",1,-4,4,"Ing_x_Control","Ing_x_Control__Victim","Ing_x_Control__Accept","Ing_x_Control__Victim__Accept",0,0,0,0,0,1,"Victim__J_Cont__C_In__Accept","Victim__J_Cont__C_In__Accept",0,0,1,0,0,0,0,0,0,0,0,0,0,0,0,0,0,0,0,0,0,0,0,0,0,0,0,"J_Cont__C_In",,,0,1,0,0,0,0,0,0
150,9,1,"victim",0,21,3,1,0,2,1,2,TRUE,2.32142857142857,2.71428571428571,1.875,2.42857142857143,2.33333333333333,2,1,3,1,3,2,"Out","Cont","outgroup","control",1,0,0,0,0,1,"Out","Cont",,1,0,0,1,1,0,0,1,0,"Victim__J_Out__C_Cont",1,4,-4,"Ing_x_Hum","Ing_x_Hum__Victim","Ing_x_Hum__Reject","Ing_x_Hum__Victim__Reject",0,0,0,1,0,0,"Victim__J_Out__C_Cont__Reject","Victim__J_Out__C_Cont__Reject",0,0,0,0,0,0,0,1,0,0,0,0,0,0,0,0,0,0,0,0,0,0,0,0,0,0,0,"J_Out__C_Cont",,,0,0,0,0,0,0,1,0
150,9,2,"victim",0,21,3,1,0,2,1,2,TRUE,2.32142857142857,2.71428571428571,1.875,2.42857142857143,2.33333333333333,2,1,3,3,1,2,"Out","Cont","control","outgroup",0,1,0,,1,0,"Cont","Out",,1,0,0,1,0,1,1,0,0,"Victim__J_Cont__C_Out",1,-4,4,"Ing_x_Control","Ing_x_Control__Victim","Ing_x_Control__Accept","Ing_x_Control__Victim__Accept",0,0,0,0,0,1,"Victim__J_Cont__C_Out__Accept","Victim__J_Cont__C_Out__Accept",0,0,0,0,0,1,0,0,0,0,0,0,0,0,0,0,0,0,0,0,0,0,0,0,0,0,0,"J_Cont__C_Out",,,0,0,0,0,1,0,0,0
150,10,1,"victim",0,21,3,1,0,2,1,2,TRUE,2.32142857142857,2.71428571428571,1.875,2.42857142857143,2.33333333333333,2,3,3,3,3,2,"Cont","Cont","control","control",0,1,0,,0,0,"Cont","Cont",,0,1,0,1,0,1,0,1,0,"Victim__J_Cont__C_Cont",1,8,-8,"Ing_x_Control","Ing_x_Control__Victim","Ing_x_Control__Reject","Ing_x_Control__Victim__Reject",0,0,0,0,0,1,"Victim__J_Cont__C_Cont__Reject","Victim__J_Cont__C_Cont__Reject",0,0,0,0,0,0,0,0,1,0,0,0,0,0,0,0,0,0,0,0,0,0,0,0,0,0,0,"J_Cont__C_Cont",,,0,0,0,0,0,0,0,1
150,10,2,"victim",0,21,3,1,0,2,1,2,TRUE,2.32142857142857,2.71428571428571,1.875,2.42857142857143,2.33333333333333,2,3,3,3,3,2,"Cont","Cont","control","control",0,1,0,,0,0,"Cont","Cont",,0,1,0,1,0,1,0,1,0,"Victim__J_Cont__C_Cont",1,8,-8,"Ing_x_Control","Ing_x_Control__Victim","Ing_x_Control__Reject","Ing_x_Control__Victim__Reject",0,0,0,0,0,1,"Victim__J_Cont__C_Cont__Reject","Victim__J_Cont__C_Cont__Reject",0,0,0,0,0,0,0,0,1,0,0,0,0,0,0,0,0,0,0,0,0,0,0,0,0,0,0,"J_Cont__C_Cont",,,0,0,0,0,0,0,0,1
151,1,1,"victim",0,21,4,1,0,2,1,1,TRUE,2.89285714285714,3.28571428571429,2.625,2.85714285714286,2.83333333333333,2,3,3,3,3,2,"Cont","Cont","control","control",0,1,0,,1,1,"Cont","Cont",,0,1,0,1,0,1,0,1,0,"Victim__J_Cont__C_Cont",1,-9,9,"Ing_x_Control","Ing_x_Control__Victim","Ing_x_Control__Accept","Ing_x_Control__Victim__Accept",0,0,0,0,0,1,"Victim__J_Cont__C_Cont__Accept","Victim__J_Cont__C_Cont__Accept",0,0,0,0,0,0,0,0,1,0,0,0,0,0,0,0,0,0,0,0,0,0,0,0,0,0,0,"J_Cont__C_Cont",,,0,0,0,0,0,0,0,1
151,1,2,"victim",0,21,4,1,0,2,1,1,TRUE,2.89285714285714,3.28571428571429,2.625,2.85714285714286,2.83333333333333,2,3,3,3,3,2,"Cont","Cont","control","control",0,1,0,,1,1,"Cont","Cont",,0,1,0,1,0,1,0,1,0,"Victim__J_Cont__C_Cont",1,-9,9,"Ing_x_Control","Ing_x_Control__Victim","Ing_x_Control__Accept","Ing_x_Control__Victim__Accept",0,0,0,0,0,1,"Victim__J_Cont__C_Cont__Accept","Victim__J_Cont__C_Cont__Accept",0,0,0,0,0,0,0,0,1,0,0,0,0,0,0,0,0,0,0,0,0,0,0,0,0,0,0,"J_Cont__C_Cont",,,0,0,0,0,0,0,0,1
151,2,1,"victim",0,21,4,1,0,2,1,1,TRUE,2.89285714285714,3.28571428571429,2.625,2.85714285714286,2.83333333333333,2,2,1,2,1,2,"In","Out","ingroup","outgroup",0,0,0,1,1,1,"In","Out",,0,0,1,0,0,0,1,0,0,"Victim__J_In__C_Out",0,-2,2,"Ing_x_Ing","Ing_x_Ing__Victim","Ing_x_Ing__Accept","Ing_x_Ing__Victim__Accept",0,0,0,0,1,0,"Victim__J_In__C_Out__Accept","Victim__J_In__C_Out__Accept",0,0,0,1,0,0,0,0,0,0,0,0,0,0,0,0,0,0,0,0,0,0,0,0,0,0,0,"J_In__C_Out",,,0,0,1,0,0,0,0,0
151,2,2,"victim",0,21,4,1,0,2,1,1,TRUE,2.89285714285714,3.28571428571429,2.625,2.85714285714286,2.83333333333333,2,2,1,1,2,2,"In","Out","outgroup","ingroup",1,0,0,0,1,1,"Out","In",,0,0,1,0,1,0,0,0,0,"Victim__J_Out__C_In",0,-2,2,"Ing_x_Hum","Ing_x_Hum__Victim","Ing_x_Hum__Accept","Ing_x_Hum__Victim__Accept",0,0,0,1,0,0,"Victim__J_Out__C_In__Accept","Victim__J_Out__C_In__Accept",0,1,0,0,0,0,0,0,0,0,0,0,0,0,0,0,0,0,0,0,0,0,0,0,0,0,0,"J_Out__C_In",,,1,0,0,0,0,0,0,0
151,3,1,"victim",0,21,4,1,0,2,1,1,TRUE,2.89285714285714,3.28571428571429,2.625,2.85714285714286,2.83333333333333,2,2,3,2,3,2,"In","Cont","ingroup","control",0,0,0,1,0,1,"In","Cont",,0,0,0,1,0,0,0,1,0,"Victim__J_In__C_Cont",1,9,-9,"Ing_x_Ing","Ing_x_Ing__Victim","Ing_x_Ing__Reject","Ing_x_Ing__Victim__Reject",0,0,0,0,1,0,"Victim__J_In__C_Cont__Reject","Victim__J_In__C_Cont__Reject",0,0,0,0,0,0,1,0,0,0,0,0,0,0,0,0,0,0,0,0,0,0,0,0,0,0,0,"J_In__C_Cont",,,0,0,0,0,0,1,0,0
151,3,2,"victim",0,21,4,1,0,2,1,1,TRUE,2.89285714285714,3.28571428571429,2.625,2.85714285714286,2.83333333333333,2,2,3,3,2,2,"In","Cont","control","ingroup",0,1,0,,1,0,"Cont","In",,0,0,0,1,0,1,0,0,0,"Victim__J_Cont__C_In",1,-9,9,"Ing_x_Control","Ing_x_Control__Victim","Ing_x_Control__Accept","Ing_x_Control__Victim__Accept",0,0,0,0,0,1,"Victim__J_Cont__C_In__Accept","Victim__J_Cont__C_In__Accept",0,0,1,0,0,0,0,0,0,0,0,0,0,0,0,0,0,0,0,0,0,0,0,0,0,0,0,"J_Cont__C_In",,,0,1,0,0,0,0,0,0
151,4,1,"victim",0,21,4,1,0,2,1,1,TRUE,2.89285714285714,3.28571428571429,2.625,2.85714285714286,2.83333333333333,2,1,3,1,3,2,"Out","Cont","outgroup","control",1,0,0,0,1,1,"Out","Cont",,1,0,0,1,1,0,0,1,0,"Victim__J_Out__C_Cont",1,-3,3,"Ing_x_Hum","Ing_x_Hum__Victim","Ing_x_Hum__Accept","Ing_x_Hum__Victim__Accept",0,0,0,1,0,0,"Victim__J_Out__C_Cont__Accept","Victim__J_Out__C_Cont__Accept",0,0,0,0,0,0,0,1,0,0,0,0,0,0,0,0,0,0,0,0,0,0,0,0,0,0,0,"J_Out__C_Cont",,,0,0,0,0,0,0,1,0
151,4,2,"victim",0,21,4,1,0,2,1,1,TRUE,2.89285714285714,3.28571428571429,2.625,2.85714285714286,2.83333333333333,2,1,3,3,1,2,"Out","Cont","control","outgroup",0,1,0,,1,1,"Cont","Out",,1,0,0,1,0,1,1,0,0,"Victim__J_Cont__C_Out",1,-3,3,"Ing_x_Control","Ing_x_Control__Victim","Ing_x_Control__Accept","Ing_x_Control__Victim__Accept",0,0,0,0,0,1,"Victim__J_Cont__C_Out__Accept","Victim__J_Cont__C_Out__Accept",0,0,0,0,0,1,0,0,0,0,0,0,0,0,0,0,0,0,0,0,0,0,0,0,0,0,0,"J_Cont__C_Out",,,0,0,0,0,1,0,0,0
151,5,1,"victim",0,21,4,1,0,2,1,1,TRUE,2.89285714285714,3.28571428571429,2.625,2.85714285714286,2.83333333333333,2,3,3,3,3,2,"Cont","Cont","control","control",0,1,0,,0,1,"Cont","Cont",,0,1,0,1,0,1,0,1,0,"Victim__J_Cont__C_Cont",1,6,-6,"Ing_x_Control","Ing_x_Control__Victim","Ing_x_Control__Reject","Ing_x_Control__Victim__Reject",0,0,0,0,0,1,"Victim__J_Cont__C_Cont__Reject","Victim__J_Cont__C_Cont__Reject",0,0,0,0,0,0,0,0,1,0,0,0,0,0,0,0,0,0,0,0,0,0,0,0,0,0,0,"J_Cont__C_Cont",,,0,0,0,0,0,0,0,1
151,5,2,"victim",0,21,4,1,0,2,1,1,TRUE,2.89285714285714,3.28571428571429,2.625,2.85714285714286,2.83333333333333,2,3,3,3,3,2,"Cont","Cont","control","control",0,1,0,,1,0,"Cont","Cont",,0,1,0,1,0,1,0,1,0,"Victim__J_Cont__C_Cont",1,-1,1,"Ing_x_Control","Ing_x_Control__Victim","Ing_x_Control__Accept","Ing_x_Control__Victim__Accept",0,0,0,0,0,1,"Victim__J_Cont__C_Cont__Accept","Victim__J_Cont__C_Cont__Accept",0,0,0,0,0,0,0,0,1,0,0,0,0,0,0,0,0,0,0,0,0,0,0,0,0,0,0,"J_Cont__C_Cont",,,0,0,0,0,0,0,0,1
152,1,1,"victim",0,21,3,1,0,2,1,1,TRUE,3.64285714285714,3.71428571428571,3.875,3.14285714285714,3.83333333333333,2,3,1,3,1,2,"Cont","Out","control","outgroup",0,1,0,,1,0,"Cont","Out",,0,1,1,0,0,1,1,0,0,"Victim__J_Cont__C_Out",1,-8,8,"Ing_x_Control","Ing_x_Control__Victim","Ing_x_Control__Accept","Ing_x_Control__Victim__Accept",0,0,0,0,0,1,"Victim__J_Cont__C_Out__Accept","Victim__J_Cont__C_Out__Accept",0,0,0,0,0,1,0,0,0,0,0,0,0,0,0,0,0,0,0,0,0,0,0,0,0,0,0,"J_Cont__C_Out",,,0,0,0,0,1,0,0,0
152,1,2,"victim",0,21,3,1,0,2,1,1,TRUE,3.64285714285714,3.71428571428571,3.875,3.14285714285714,3.83333333333333,2,3,1,1,3,2,"Cont","Out","outgroup","control",1,0,0,0,0,1,"Out","Cont",,0,1,1,0,1,0,0,1,0,"Victim__J_Out__C_Cont",1,9,-9,"Ing_x_Hum","Ing_x_Hum__Victim","Ing_x_Hum__Reject","Ing_x_Hum__Victim__Reject",0,0,0,1,0,0,"Victim__J_Out__C_Cont__Reject","Victim__J_Out__C_Cont__Reject",0,0,0,0,0,0,0,1,0,0,0,0,0,0,0,0,0,0,0,0,0,0,0,0,0,0,0,"J_Out__C_Cont",,,0,0,0,0,0,0,1,0
152,2,1,"victim",0,21,3,1,0,2,1,1,TRUE,3.64285714285714,3.71428571428571,3.875,3.14285714285714,3.83333333333333,2,2,2,2,2,2,"In","In","ingroup","ingroup",0,0,0,1,1,0,"In","In",,0,0,0,0,0,0,0,0,0,"Victim__J_In__C_In",0,-8,8,"Ing_x_Ing","Ing_x_Ing__Victim","Ing_x_Ing__Accept","Ing_x_Ing__Victim__Accept",0,0,0,0,1,0,"Victim__J_In__C_In__Accept","Victim__J_In__C_In__Accept",1,0,0,0,0,0,0,0,0,0,0,0,0,0,0,0,0,0,0,0,0,0,0,0,0,0,0,"J_In__C_In",,,0,0,0,0,0,0,0,0
152,2,2,"victim",0,21,3,1,0,2,1,1,TRUE,3.64285714285714,3.71428571428571,3.875,3.14285714285714,3.83333333333333,2,2,2,2,2,2,"In","In","ingroup","ingroup",0,0,0,1,0,1,"In","In",,0,0,0,0,0,0,0,0,0,"Victim__J_In__C_In",0,9,-9,"Ing_x_Ing","Ing_x_Ing__Victim","Ing_x_Ing__Reject","Ing_x_Ing__Victim__Reject",0,0,0,0,1,0,"Victim__J_In__C_In__Reject","Victim__J_In__C_In__Reject",1,0,0,0,0,0,0,0,0,0,0,0,0,0,0,0,0,0,0,0,0,0,0,0,0,0,0,"J_In__C_In",,,0,0,0,0,0,0,0,0
152,3,1,"victim",0,21,3,1,0,2,1,1,TRUE,3.64285714285714,3.71428571428571,3.875,3.14285714285714,3.83333333333333,2,2,2,2,2,2,"In","In","ingroup","ingroup",0,0,0,1,1,0,"In","In",,0,0,0,0,0,0,0,0,0,"Victim__J_In__C_In",0,-8,8,"Ing_x_Ing","Ing_x_Ing__Victim","Ing_x_Ing__Accept","Ing_x_Ing__Victim__Accept",0,0,0,0,1,0,"Victim__J_In__C_In__Accept","Victim__J_In__C_In__Accept",1,0,0,0,0,0,0,0,0,0,0,0,0,0,0,0,0,0,0,0,0,0,0,0,0,0,0,"J_In__C_In",,,0,0,0,0,0,0,0,0
152,3,2,"victim",0,21,3,1,0,2,1,1,TRUE,3.64285714285714,3.71428571428571,3.875,3.14285714285714,3.83333333333333,2,2,2,2,2,2,"In","In","ingroup","ingroup",0,0,0,1,0,1,"In","In",,0,0,0,0,0,0,0,0,0,"Victim__J_In__C_In",0,9,-9,"Ing_x_Ing","Ing_x_Ing__Victim","Ing_x_Ing__Reject","Ing_x_Ing__Victim__Reject",0,0,0,0,1,0,"Victim__J_In__C_In__Reject","Victim__J_In__C_In__Reject",1,0,0,0,0,0,0,0,0,0,0,0,0,0,0,0,0,0,0,0,0,0,0,0,0,0,0,"J_In__C_In",,,0,0,0,0,0,0,0,0
152,4,1,"victim",0,21,3,1,0,2,1,1,TRUE,3.64285714285714,3.71428571428571,3.875,3.14285714285714,3.83333333333333,2,1,3,1,3,2,"Out","Cont","outgroup","control",1,0,0,0,1,1,"Out","Cont",,1,0,0,1,1,0,0,1,0,"Victim__J_Out__C_Cont",1,-8,8,"Ing_x_Hum","Ing_x_Hum__Victim","Ing_x_Hum__Accept","Ing_x_Hum__Victim__Accept",0,0,0,1,0,0,"Victim__J_Out__C_Cont__Accept","Victim__J_Out__C_Cont__Accept",0,0,0,0,0,0,0,1,0,0,0,0,0,0,0,0,0,0,0,0,0,0,0,0,0,0,0,"J_Out__C_Cont",,,0,0,0,0,0,0,1,0
152,4,2,"victim",0,21,3,1,0,2,1,1,TRUE,3.64285714285714,3.71428571428571,3.875,3.14285714285714,3.83333333333333,2,1,3,3,1,2,"Out","Cont","control","outgroup",0,1,0,,1,1,"Cont","Out",,1,0,0,1,0,1,1,0,0,"Victim__J_Cont__C_Out",1,-8,8,"Ing_x_Control","Ing_x_Control__Victim","Ing_x_Control__Accept","Ing_x_Control__Victim__Accept",0,0,0,0,0,1,"Victim__J_Cont__C_Out__Accept","Victim__J_Cont__C_Out__Accept",0,0,0,0,0,1,0,0,0,0,0,0,0,0,0,0,0,0,0,0,0,0,0,0,0,0,0,"J_Cont__C_Out",,,0,0,0,0,1,0,0,0
152,5,1,"victim",0,21,3,1,0,2,1,1,TRUE,3.64285714285714,3.71428571428571,3.875,3.14285714285714,3.83333333333333,2,3,3,3,3,2,"Cont","Cont","control","control",0,1,0,,1,0,"Cont","Cont",,0,1,0,1,0,1,0,1,0,"Victim__J_Cont__C_Cont",1,-7,7,"Ing_x_Control","Ing_x_Control__Victim","Ing_x_Control__Accept","Ing_x_Control__Victim__Accept",0,0,0,0,0,1,"Victim__J_Cont__C_Cont__Accept","Victim__J_Cont__C_Cont__Accept",0,0,0,0,0,0,0,0,1,0,0,0,0,0,0,0,0,0,0,0,0,0,0,0,0,0,0,"J_Cont__C_Cont",,,0,0,0,0,0,0,0,1
152,5,2,"victim",0,21,3,1,0,2,1,1,TRUE,3.64285714285714,3.71428571428571,3.875,3.14285714285714,3.83333333333333,2,3,3,3,3,2,"Cont","Cont","control","control",0,1,0,,0,1,"Cont","Cont",,0,1,0,1,0,1,0,1,0,"Victim__J_Cont__C_Cont",1,9,-9,"Ing_x_Control","Ing_x_Control__Victim","Ing_x_Control__Reject","Ing_x_Control__Victim__Reject",0,0,0,0,0,1,"Victim__J_Cont__C_Cont__Reject","Victim__J_Cont__C_Cont__Reject",0,0,0,0,0,0,0,0,1,0,0,0,0,0,0,0,0,0,0,0,0,0,0,0,0,0,0,"J_Cont__C_Cont",,,0,0,0,0,0,0,0,1
153,1,1,"victim",0,20,4,2,1,2,1,1,TRUE,2.25,1.85714285714286,2,3.28571428571429,1.83333333333333,2,2,2,2,2,2,"In","In","ingroup","ingroup",0,0,0,1,0,0,"In","In",,0,0,0,0,0,0,0,0,0,"Victim__J_In__C_In",0,9,-9,"Ing_x_Ing","Ing_x_Ing__Victim","Ing_x_Ing__Reject","Ing_x_Ing__Victim__Reject",0,0,0,0,1,0,"Victim__J_In__C_In__Reject","Victim__J_In__C_In__Reject",1,0,0,0,0,0,0,0,0,0,0,0,0,0,0,0,0,0,0,0,0,0,0,0,0,0,0,"J_In__C_In",,,0,0,0,0,0,0,0,0
153,1,2,"victim",0,20,4,2,1,2,1,1,TRUE,2.25,1.85714285714286,2,3.28571428571429,1.83333333333333,2,2,2,2,2,2,"In","In","ingroup","ingroup",0,0,0,1,0,0,"In","In",,0,0,0,0,0,0,0,0,0,"Victim__J_In__C_In",0,9,-9,"Ing_x_Ing","Ing_x_Ing__Victim","Ing_x_Ing__Reject","Ing_x_Ing__Victim__Reject",0,0,0,0,1,0,"Victim__J_In__C_In__Reject","Victim__J_In__C_In__Reject",1,0,0,0,0,0,0,0,0,0,0,0,0,0,0,0,0,0,0,0,0,0,0,0,0,0,0,"J_In__C_In",,,0,0,0,0,0,0,0,0
153,2,1,"victim",0,20,4,2,1,2,1,1,TRUE,2.25,1.85714285714286,2,3.28571428571429,1.83333333333333,2,1,2,1,2,2,"Out","In","outgroup","ingroup",1,0,0,0,0,1,"Out","In",,1,0,0,0,1,0,0,0,0,"Victim__J_Out__C_In",0,9,-9,"Ing_x_Hum","Ing_x_Hum__Victim","Ing_x_Hum__Reject","Ing_x_Hum__Victim__Reject",0,0,0,1,0,0,"Victim__J_Out__C_In__Reject","Victim__J_Out__C_In__Reject",0,1,0,0,0,0,0,0,0,0,0,0,0,0,0,0,0,0,0,0,0,0,0,0,0,0,0,"J_Out__C_In",,,1,0,0,0,0,0,0,0
153,2,2,"victim",0,20,4,2,1,2,1,1,TRUE,2.25,1.85714285714286,2,3.28571428571429,1.83333333333333,2,1,2,2,1,2,"Out","In","ingroup","outgroup",0,0,0,1,1,0,"In","Out",,1,0,0,0,0,0,1,0,0,"Victim__J_In__C_Out",0,-5,5,"Ing_x_Ing","Ing_x_Ing__Victim","Ing_x_Ing__Accept","Ing_x_Ing__Victim__Accept",0,0,0,0,1,0,"Victim__J_In__C_Out__Accept","Victim__J_In__C_Out__Accept",0,0,0,1,0,0,0,0,0,0,0,0,0,0,0,0,0,0,0,0,0,0,0,0,0,0,0,"J_In__C_Out",,,0,0,1,0,0,0,0,0
153,3,1,"victim",0,20,4,2,1,2,1,1,TRUE,2.25,1.85714285714286,2,3.28571428571429,1.83333333333333,2,3,2,3,2,2,"Cont","In","control","ingroup",0,1,0,,1,1,"Cont","In",,0,1,0,0,0,1,0,0,0,"Victim__J_Cont__C_In",1,-5,5,"Ing_x_Control","Ing_x_Control__Victim","Ing_x_Control__Accept","Ing_x_Control__Victim__Accept",0,0,0,0,0,1,"Victim__J_Cont__C_In__Accept","Victim__J_Cont__C_In__Accept",0,0,1,0,0,0,0,0,0,0,0,0,0,0,0,0,0,0,0,0,0,0,0,0,0,0,0,"J_Cont__C_In",,,0,1,0,0,0,0,0,0
153,3,2,"victim",0,20,4,2,1,2,1,1,TRUE,2.25,1.85714285714286,2,3.28571428571429,1.83333333333333,2,3,2,2,3,2,"Cont","In","ingroup","control",0,0,0,1,1,1,"In","Cont",,0,1,0,0,0,0,0,1,0,"Victim__J_In__C_Cont",1,-5,5,"Ing_x_Ing","Ing_x_Ing__Victim","Ing_x_Ing__Accept","Ing_x_Ing__Victim__Accept",0,0,0,0,1,0,"Victim__J_In__C_Cont__Accept","Victim__J_In__C_Cont__Accept",0,0,0,0,0,0,1,0,0,0,0,0,0,0,0,0,0,0,0,0,0,0,0,0,0,0,0,"J_In__C_Cont",,,0,0,0,0,0,1,0,0
153,4,1,"victim",0,20,4,2,1,2,1,1,TRUE,2.25,1.85714285714286,2,3.28571428571429,1.83333333333333,2,2,1,2,1,2,"In","Out","ingroup","outgroup",0,0,0,1,0,0,"In","Out",,0,0,1,0,0,0,1,0,0,"Victim__J_In__C_Out",0,9,-9,"Ing_x_Ing","Ing_x_Ing__Victim","Ing_x_Ing__Reject","Ing_x_Ing__Victim__Reject",0,0,0,0,1,0,"Victim__J_In__C_Out__Reject","Victim__J_In__C_Out__Reject",0,0,0,1,0,0,0,0,0,0,0,0,0,0,0,0,0,0,0,0,0,0,0,0,0,0,0,"J_In__C_Out",,,0,0,1,0,0,0,0,0
153,4,2,"victim",0,20,4,2,1,2,1,1,TRUE,2.25,1.85714285714286,2,3.28571428571429,1.83333333333333,2,2,1,1,2,2,"In","Out","outgroup","ingroup",1,0,0,0,0,0,"Out","In",,0,0,1,0,1,0,0,0,0,"Victim__J_Out__C_In",0,9,-9,"Ing_x_Hum","Ing_x_Hum__Victim","Ing_x_Hum__Reject","Ing_x_Hum__Victim__Reject",0,0,0,1,0,0,"Victim__J_Out__C_In__Reject","Victim__J_Out__C_In__Reject",0,1,0,0,0,0,0,0,0,0,0,0,0,0,0,0,0,0,0,0,0,0,0,0,0,0,0,"J_Out__C_In",,,1,0,0,0,0,0,0,0
153,5,1,"victim",0,20,4,2,1,2,1,1,TRUE,2.25,1.85714285714286,2,3.28571428571429,1.83333333333333,2,2,2,2,2,2,"In","In","ingroup","ingroup",0,0,0,1,0,0,"In","In",,0,0,0,0,0,0,0,0,0,"Victim__J_In__C_In",0,9,-9,"Ing_x_Ing","Ing_x_Ing__Victim","Ing_x_Ing__Reject","Ing_x_Ing__Victim__Reject",0,0,0,0,1,0,"Victim__J_In__C_In__Reject","Victim__J_In__C_In__Reject",1,0,0,0,0,0,0,0,0,0,0,0,0,0,0,0,0,0,0,0,0,0,0,0,0,0,0,"J_In__C_In",,,0,0,0,0,0,0,0,0
153,5,2,"victim",0,20,4,2,1,2,1,1,TRUE,2.25,1.85714285714286,2,3.28571428571429,1.83333333333333,2,2,2,2,2,2,"In","In","ingroup","ingroup",0,0,0,1,0,0,"In","In",,0,0,0,0,0,0,0,0,0,"Victim__J_In__C_In",0,9,-9,"Ing_x_Ing","Ing_x_Ing__Victim","Ing_x_Ing__Reject","Ing_x_Ing__Victim__Reject",0,0,0,0,1,0,"Victim__J_In__C_In__Reject","Victim__J_In__C_In__Reject",1,0,0,0,0,0,0,0,0,0,0,0,0,0,0,0,0,0,0,0,0,0,0,0,0,0,0,"J_In__C_In",,,0,0,0,0,0,0,0,0
154,1,1,"victim",0,20,4,2,1,2,1,1,TRUE,1.71428571428571,1.14285714285714,1.875,1.85714285714286,2,2,3,1,3,1,2,"Cont","Out","control","outgroup",0,1,0,,0,0,"Cont","Out",,0,1,1,0,0,1,1,0,0,"Victim__J_Cont__C_Out",1,9,-9,"Ing_x_Control","Ing_x_Control__Victim","Ing_x_Control__Reject","Ing_x_Control__Victim__Reject",0,0,0,0,0,1,"Victim__J_Cont__C_Out__Reject","Victim__J_Cont__C_Out__Reject",0,0,0,0,0,1,0,0,0,0,0,0,0,0,0,0,0,0,0,0,0,0,0,0,0,0,0,"J_Cont__C_Out",,,0,0,0,0,1,0,0,0
154,1,2,"victim",0,20,4,2,1,2,1,1,TRUE,1.71428571428571,1.14285714285714,1.875,1.85714285714286,2,2,3,1,1,3,2,"Cont","Out","outgroup","control",1,0,0,0,0,0,"Out","Cont",,0,1,1,0,1,0,0,1,0,"Victim__J_Out__C_Cont",1,9,-9,"Ing_x_Hum","Ing_x_Hum__Victim","Ing_x_Hum__Reject","Ing_x_Hum__Victim__Reject",0,0,0,1,0,0,"Victim__J_Out__C_Cont__Reject","Victim__J_Out__C_Cont__Reject",0,0,0,0,0,0,0,1,0,0,0,0,0,0,0,0,0,0,0,0,0,0,0,0,0,0,0,"J_Out__C_Cont",,,0,0,0,0,0,0,1,0
154,2,1,"victim",0,20,4,2,1,2,1,1,TRUE,1.71428571428571,1.14285714285714,1.875,1.85714285714286,2,2,1,3,1,3,2,"Out","Cont","outgroup","control",1,0,0,0,0,0,"Out","Cont",,1,0,0,1,1,0,0,1,0,"Victim__J_Out__C_Cont",1,9,-9,"Ing_x_Hum","Ing_x_Hum__Victim","Ing_x_Hum__Reject","Ing_x_Hum__Victim__Reject",0,0,0,1,0,0,"Victim__J_Out__C_Cont__Reject","Victim__J_Out__C_Cont__Reject",0,0,0,0,0,0,0,1,0,0,0,0,0,0,0,0,0,0,0,0,0,0,0,0,0,0,0,"J_Out__C_Cont",,,0,0,0,0,0,0,1,0
154,2,2,"victim",0,20,4,2,1,2,1,1,TRUE,1.71428571428571,1.14285714285714,1.875,1.85714285714286,2,2,1,3,3,1,2,"Out","Cont","control","outgroup",0,1,0,,0,0,"Cont","Out",,1,0,0,1,0,1,1,0,0,"Victim__J_Cont__C_Out",1,9,-9,"Ing_x_Control","Ing_x_Control__Victim","Ing_x_Control__Reject","Ing_x_Control__Victim__Reject",0,0,0,0,0,1,"Victim__J_Cont__C_Out__Reject","Victim__J_Cont__C_Out__Reject",0,0,0,0,0,1,0,0,0,0,0,0,0,0,0,0,0,0,0,0,0,0,0,0,0,0,0,"J_Cont__C_Out",,,0,0,0,0,1,0,0,0
154,3,1,"victim",0,20,4,2,1,2,1,1,TRUE,1.71428571428571,1.14285714285714,1.875,1.85714285714286,2,2,2,3,2,3,2,"In","Cont","ingroup","control",0,0,0,1,0,1,"In","Cont",,0,0,0,1,0,0,0,1,0,"Victim__J_In__C_Cont",1,7,-7,"Ing_x_Ing","Ing_x_Ing__Victim","Ing_x_Ing__Reject","Ing_x_Ing__Victim__Reject",0,0,0,0,1,0,"Victim__J_In__C_Cont__Reject","Victim__J_In__C_Cont__Reject",0,0,0,0,0,0,1,0,0,0,0,0,0,0,0,0,0,0,0,0,0,0,0,0,0,0,0,"J_In__C_Cont",,,0,0,0,0,0,1,0,0
154,3,2,"victim",0,20,4,2,1,2,1,1,TRUE,1.71428571428571,1.14285714285714,1.875,1.85714285714286,2,2,2,3,3,2,2,"In","Cont","control","ingroup",0,1,0,,1,0,"Cont","In",,0,0,0,1,0,1,0,0,0,"Victim__J_Cont__C_In",1,-4,4,"Ing_x_Control","Ing_x_Control__Victim","Ing_x_Control__Accept","Ing_x_Control__Victim__Accept",0,0,0,0,0,1,"Victim__J_Cont__C_In__Accept","Victim__J_Cont__C_In__Accept",0,0,1,0,0,0,0,0,0,0,0,0,0,0,0,0,0,0,0,0,0,0,0,0,0,0,0,"J_Cont__C_In",,,0,1,0,0,0,0,0,0
154,4,1,"victim",0,20,4,2,1,2,1,1,TRUE,1.71428571428571,1.14285714285714,1.875,1.85714285714286,2,2,2,2,2,2,2,"In","In","ingroup","ingroup",0,0,0,1,1,1,"In","In",,0,0,0,0,0,0,0,0,0,"Victim__J_In__C_In",0,-9,9,"Ing_x_Ing","Ing_x_Ing__Victim","Ing_x_Ing__Accept","Ing_x_Ing__Victim__Accept",0,0,0,0,1,0,"Victim__J_In__C_In__Accept","Victim__J_In__C_In__Accept",1,0,0,0,0,0,0,0,0,0,0,0,0,0,0,0,0,0,0,0,0,0,0,0,0,0,0,"J_In__C_In",,,0,0,0,0,0,0,0,0
154,4,2,"victim",0,20,4,2,1,2,1,1,TRUE,1.71428571428571,1.14285714285714,1.875,1.85714285714286,2,2,2,2,2,2,2,"In","In","ingroup","ingroup",0,0,0,1,1,1,"In","In",,0,0,0,0,0,0,0,0,0,"Victim__J_In__C_In",0,-9,9,"Ing_x_Ing","Ing_x_Ing__Victim","Ing_x_Ing__Accept","Ing_x_Ing__Victim__Accept",0,0,0,0,1,0,"Victim__J_In__C_In__Accept","Victim__J_In__C_In__Accept",1,0,0,0,0,0,0,0,0,0,0,0,0,0,0,0,0,0,0,0,0,0,0,0,0,0,0,"J_In__C_In",,,0,0,0,0,0,0,0,0
154,5,1,"victim",0,20,4,2,1,2,1,1,TRUE,1.71428571428571,1.14285714285714,1.875,1.85714285714286,2,2,1,3,1,3,2,"Out","Cont","outgroup","control",1,0,0,0,1,0,"Out","Cont",,1,0,0,1,1,0,0,1,0,"Victim__J_Out__C_Cont",1,-5,5,"Ing_x_Hum","Ing_x_Hum__Victim","Ing_x_Hum__Accept","Ing_x_Hum__Victim__Accept",0,0,0,1,0,0,"Victim__J_Out__C_Cont__Accept","Victim__J_Out__C_Cont__Accept",0,0,0,0,0,0,0,1,0,0,0,0,0,0,0,0,0,0,0,0,0,0,0,0,0,0,0,"J_Out__C_Cont",,,0,0,0,0,0,0,1,0
154,5,2,"victim",0,20,4,2,1,2,1,1,TRUE,1.71428571428571,1.14285714285714,1.875,1.85714285714286,2,2,1,3,3,1,2,"Out","Cont","control","outgroup",0,1,0,,0,1,"Cont","Out",,1,0,0,1,0,1,1,0,0,"Victim__J_Cont__C_Out",1,9,-9,"Ing_x_Control","Ing_x_Control__Victim","Ing_x_Control__Reject","Ing_x_Control__Victim__Reject",0,0,0,0,0,1,"Victim__J_Cont__C_Out__Reject","Victim__J_Cont__C_Out__Reject",0,0,0,0,0,1,0,0,0,0,0,0,0,0,0,0,0,0,0,0,0,0,0,0,0,0,0,"J_Cont__C_Out",,,0,0,0,0,1,0,0,0
155,6,1,"victim",0,20,4,2,1,2,1,2,TRUE,2.35714285714286,2.14285714285714,2.375,2.71428571428571,2.16666666666667,2,1,1,1,1,2,"Out","Out","outgroup","outgroup",1,0,0,0,1,1,"Out","Out",,1,0,1,0,1,0,1,0,0,"Victim__J_Out__C_Out",0,-9,9,"Ing_x_Hum","Ing_x_Hum__Victim","Ing_x_Hum__Accept","Ing_x_Hum__Victim__Accept",0,0,0,1,0,0,"Victim__J_Out__C_Out__Accept","Victim__J_Out__C_Out__Accept",0,0,0,0,1,0,0,0,0,0,0,0,0,0,0,0,0,0,0,0,0,0,0,0,0,0,0,"J_Out__C_Out",,,0,0,0,1,0,0,0,0
155,6,2,"victim",0,20,4,2,1,2,1,2,TRUE,2.35714285714286,2.14285714285714,2.375,2.71428571428571,2.16666666666667,2,1,1,1,1,2,"Out","Out","outgroup","outgroup",1,0,0,0,1,1,"Out","Out",,1,0,1,0,1,0,1,0,0,"Victim__J_Out__C_Out",0,-9,9,"Ing_x_Hum","Ing_x_Hum__Victim","Ing_x_Hum__Accept","Ing_x_Hum__Victim__Accept",0,0,0,1,0,0,"Victim__J_Out__C_Out__Accept","Victim__J_Out__C_Out__Accept",0,0,0,0,1,0,0,0,0,0,0,0,0,0,0,0,0,0,0,0,0,0,0,0,0,0,0,"J_Out__C_Out",,,0,0,0,1,0,0,0,0
155,7,1,"victim",0,20,4,2,1,2,1,2,TRUE,2.35714285714286,2.14285714285714,2.375,2.71428571428571,2.16666666666667,2,3,3,3,3,2,"Cont","Cont","control","control",0,1,0,,1,0,"Cont","Cont",,0,1,0,1,0,1,0,1,0,"Victim__J_Cont__C_Cont",1,-7,7,"Ing_x_Control","Ing_x_Control__Victim","Ing_x_Control__Accept","Ing_x_Control__Victim__Accept",0,0,0,0,0,1,"Victim__J_Cont__C_Cont__Accept","Victim__J_Cont__C_Cont__Accept",0,0,0,0,0,0,0,0,1,0,0,0,0,0,0,0,0,0,0,0,0,0,0,0,0,0,0,"J_Cont__C_Cont",,,0,0,0,0,0,0,0,1
155,7,2,"victim",0,20,4,2,1,2,1,2,TRUE,2.35714285714286,2.14285714285714,2.375,2.71428571428571,2.16666666666667,2,3,3,3,3,2,"Cont","Cont","control","control",0,1,0,,0,1,"Cont","Cont",,0,1,0,1,0,1,0,1,0,"Victim__J_Cont__C_Cont",1,8,-8,"Ing_x_Control","Ing_x_Control__Victim","Ing_x_Control__Reject","Ing_x_Control__Victim__Reject",0,0,0,0,0,1,"Victim__J_Cont__C_Cont__Reject","Victim__J_Cont__C_Cont__Reject",0,0,0,0,0,0,0,0,1,0,0,0,0,0,0,0,0,0,0,0,0,0,0,0,0,0,0,"J_Cont__C_Cont",,,0,0,0,0,0,0,0,1
155,8,1,"victim",0,20,4,2,1,2,1,2,TRUE,2.35714285714286,2.14285714285714,2.375,2.71428571428571,2.16666666666667,2,2,3,2,3,2,"In","Cont","ingroup","control",0,0,0,1,0,1,"In","Cont",,0,0,0,1,0,0,0,1,0,"Victim__J_In__C_Cont",1,8,-8,"Ing_x_Ing","Ing_x_Ing__Victim","Ing_x_Ing__Reject","Ing_x_Ing__Victim__Reject",0,0,0,0,1,0,"Victim__J_In__C_Cont__Reject","Victim__J_In__C_Cont__Reject",0,0,0,0,0,0,1,0,0,0,0,0,0,0,0,0,0,0,0,0,0,0,0,0,0,0,0,"J_In__C_Cont",,,0,0,0,0,0,1,0,0
155,8,2,"victim",0,20,4,2,1,2,1,2,TRUE,2.35714285714286,2.14285714285714,2.375,2.71428571428571,2.16666666666667,2,2,3,3,2,2,"In","Cont","control","ingroup",0,1,0,,1,0,"Cont","In",,0,0,0,1,0,1,0,0,0,"Victim__J_Cont__C_In",1,-8,8,"Ing_x_Control","Ing_x_Control__Victim","Ing_x_Control__Accept","Ing_x_Control__Victim__Accept",0,0,0,0,0,1,"Victim__J_Cont__C_In__Accept","Victim__J_Cont__C_In__Accept",0,0,1,0,0,0,0,0,0,0,0,0,0,0,0,0,0,0,0,0,0,0,0,0,0,0,0,"J_Cont__C_In",,,0,1,0,0,0,0,0,0
155,9,1,"victim",0,20,4,2,1,2,1,2,TRUE,2.35714285714286,2.14285714285714,2.375,2.71428571428571,2.16666666666667,2,1,2,1,2,2,"Out","In","outgroup","ingroup",1,0,0,0,0,1,"Out","In",,1,0,0,0,1,0,0,0,0,"Victim__J_Out__C_In",0,9,-9,"Ing_x_Hum","Ing_x_Hum__Victim","Ing_x_Hum__Reject","Ing_x_Hum__Victim__Reject",0,0,0,1,0,0,"Victim__J_Out__C_In__Reject","Victim__J_Out__C_In__Reject",0,1,0,0,0,0,0,0,0,0,0,0,0,0,0,0,0,0,0,0,0,0,0,0,0,0,0,"J_Out__C_In",,,1,0,0,0,0,0,0,0
155,9,2,"victim",0,20,4,2,1,2,1,2,TRUE,2.35714285714286,2.14285714285714,2.375,2.71428571428571,2.16666666666667,2,1,2,2,1,2,"Out","In","ingroup","outgroup",0,0,0,1,1,0,"In","Out",,1,0,0,0,0,0,1,0,0,"Victim__J_In__C_Out",0,-9,9,"Ing_x_Ing","Ing_x_Ing__Victim","Ing_x_Ing__Accept","Ing_x_Ing__Victim__Accept",0,0,0,0,1,0,"Victim__J_In__C_Out__Accept","Victim__J_In__C_Out__Accept",0,0,0,1,0,0,0,0,0,0,0,0,0,0,0,0,0,0,0,0,0,0,0,0,0,0,0,"J_In__C_Out",,,0,0,1,0,0,0,0,0
155,10,1,"victim",0,20,4,2,1,2,1,2,TRUE,2.35714285714286,2.14285714285714,2.375,2.71428571428571,2.16666666666667,2,3,3,3,3,2,"Cont","Cont","control","control",0,1,0,,0,1,"Cont","Cont",,0,1,0,1,0,1,0,1,0,"Victim__J_Cont__C_Cont",1,8,-8,"Ing_x_Control","Ing_x_Control__Victim","Ing_x_Control__Reject","Ing_x_Control__Victim__Reject",0,0,0,0,0,1,"Victim__J_Cont__C_Cont__Reject","Victim__J_Cont__C_Cont__Reject",0,0,0,0,0,0,0,0,1,0,0,0,0,0,0,0,0,0,0,0,0,0,0,0,0,0,0,"J_Cont__C_Cont",,,0,0,0,0,0,0,0,1
155,10,2,"victim",0,20,4,2,1,2,1,2,TRUE,2.35714285714286,2.14285714285714,2.375,2.71428571428571,2.16666666666667,2,3,3,3,3,2,"Cont","Cont","control","control",0,1,0,,1,0,"Cont","Cont",,0,1,0,1,0,1,0,1,0,"Victim__J_Cont__C_Cont",1,-8,8,"Ing_x_Control","Ing_x_Control__Victim","Ing_x_Control__Accept","Ing_x_Control__Victim__Accept",0,0,0,0,0,1,"Victim__J_Cont__C_Cont__Accept","Victim__J_Cont__C_Cont__Accept",0,0,0,0,0,0,0,0,1,0,0,0,0,0,0,0,0,0,0,0,0,0,0,0,0,0,0,"J_Cont__C_Cont",,,0,0,0,0,0,0,0,1
156,6,1,"victim",0,19,3,1,0,1,0,2,TRUE,1.53571428571429,1.28571428571429,1.125,1.85714285714286,2,1,3,3,3,3,1,"Cont","Cont","control","control",0,1,0,,0,0,"Cont","Cont",,0,1,0,1,0,1,0,1,0,"Victim__J_Cont__C_Cont",1,9,-9,"Hum_x_Control","Hum_x_Control__Victim","Hum_x_Control__Reject","Hum_x_Control__Victim__Reject",0,0,1,0,0,0,"Victim__J_Cont__C_Cont__Reject","Victim__J_Cont__C_Cont__Reject",0,0,0,0,0,0,0,0,1,0,0,0,0,0,0,0,0,0,0,0,0,0,0,0,0,0,0,"J_Cont__C_Cont",,,0,0,0,0,0,0,0,1
156,6,2,"victim",0,19,3,1,0,1,0,2,TRUE,1.53571428571429,1.28571428571429,1.125,1.85714285714286,2,1,3,3,3,3,1,"Cont","Cont","control","control",0,1,0,,0,0,"Cont","Cont",,0,1,0,1,0,1,0,1,0,"Victim__J_Cont__C_Cont",1,9,-9,"Hum_x_Control","Hum_x_Control__Victim","Hum_x_Control__Reject","Hum_x_Control__Victim__Reject",0,0,1,0,0,0,"Victim__J_Cont__C_Cont__Reject","Victim__J_Cont__C_Cont__Reject",0,0,0,0,0,0,0,0,1,0,0,0,0,0,0,0,0,0,0,0,0,0,0,0,0,0,0,"J_Cont__C_Cont",,,0,0,0,0,0,0,0,1
156,7,1,"victim",0,19,3,1,0,1,0,2,TRUE,1.53571428571429,1.28571428571429,1.125,1.85714285714286,2,1,1,3,1,3,1,"In","Cont","ingroup","control",0,0,0,1,0,1,"In","Cont",,0,0,0,1,0,0,0,1,0,"Victim__J_In__C_Cont",1,9,-9,"Hum_x_Hum","Hum_x_Hum__Victim","Hum_x_Hum__Reject","Hum_x_Hum__Victim__Reject",1,0,0,0,0,0,"Victim__J_In__C_Cont__Reject","Victim__J_In__C_Cont__Reject",0,0,0,0,0,0,1,0,0,0,0,0,0,0,0,0,0,0,0,0,0,0,0,0,0,0,0,"J_In__C_Cont",,,0,0,0,0,0,1,0,0
156,7,2,"victim",0,19,3,1,0,1,0,2,TRUE,1.53571428571429,1.28571428571429,1.125,1.85714285714286,2,1,1,3,3,1,1,"In","Cont","control","ingroup",0,1,0,,1,0,"Cont","In",,0,0,0,1,0,1,0,0,0,"Victim__J_Cont__C_In",1,-9,9,"Hum_x_Control","Hum_x_Control__Victim","Hum_x_Control__Accept","Hum_x_Control__Victim__Accept",0,0,1,0,0,0,"Victim__J_Cont__C_In__Accept","Victim__J_Cont__C_In__Accept",0,0,1,0,0,0,0,0,0,0,0,0,0,0,0,0,0,0,0,0,0,0,0,0,0,0,0,"J_Cont__C_In",,,0,1,0,0,0,0,0,0
156,8,1,"victim",0,19,3,1,0,1,0,2,TRUE,1.53571428571429,1.28571428571429,1.125,1.85714285714286,2,1,3,3,3,3,1,"Cont","Cont","control","control",0,1,0,,0,1,"Cont","Cont",,0,1,0,1,0,1,0,1,0,"Victim__J_Cont__C_Cont",1,5,-5,"Hum_x_Control","Hum_x_Control__Victim","Hum_x_Control__Reject","Hum_x_Control__Victim__Reject",0,0,1,0,0,0,"Victim__J_Cont__C_Cont__Reject","Victim__J_Cont__C_Cont__Reject",0,0,0,0,0,0,0,0,1,0,0,0,0,0,0,0,0,0,0,0,0,0,0,0,0,0,0,"J_Cont__C_Cont",,,0,0,0,0,0,0,0,1
156,8,2,"victim",0,19,3,1,0,1,0,2,TRUE,1.53571428571429,1.28571428571429,1.125,1.85714285714286,2,1,3,3,3,3,1,"Cont","Cont","control","control",0,1,0,,1,0,"Cont","Cont",,0,1,0,1,0,1,0,1,0,"Victim__J_Cont__C_Cont",1,-9,9,"Hum_x_Control","Hum_x_Control__Victim","Hum_x_Control__Accept","Hum_x_Control__Victim__Accept",0,0,1,0,0,0,"Victim__J_Cont__C_Cont__Accept","Victim__J_Cont__C_Cont__Accept",0,0,0,0,0,0,0,0,1,0,0,0,0,0,0,0,0,0,0,0,0,0,0,0,0,0,0,"J_Cont__C_Cont",,,0,0,0,0,0,0,0,1
156,9,1,"victim",0,19,3,1,0,1,0,2,TRUE,1.53571428571429,1.28571428571429,1.125,1.85714285714286,2,1,3,2,3,2,1,"Cont","Out","control","outgroup",0,1,0,,1,0,"Cont","Out",,0,1,1,0,0,1,1,0,0,"Victim__J_Cont__C_Out",1,-9,9,"Hum_x_Control","Hum_x_Control__Victim","Hum_x_Control__Accept","Hum_x_Control__Victim__Accept",0,0,1,0,0,0,"Victim__J_Cont__C_Out__Accept","Victim__J_Cont__C_Out__Accept",0,0,0,0,0,1,0,0,0,0,0,0,0,0,0,0,0,0,0,0,0,0,0,0,0,0,0,"J_Cont__C_Out",,,0,0,0,0,1,0,0,0
156,9,2,"victim",0,19,3,1,0,1,0,2,TRUE,1.53571428571429,1.28571428571429,1.125,1.85714285714286,2,1,3,2,2,3,1,"Cont","Out","outgroup","control",1,0,0,0,0,1,"Out","Cont",,0,1,1,0,1,0,0,1,0,"Victim__J_Out__C_Cont",1,9,-9,"Hum_x_Ing","Hum_x_Ing__Victim","Hum_x_Ing__Reject","Hum_x_Ing__Victim__Reject",0,1,0,0,0,0,"Victim__J_Out__C_Cont__Reject","Victim__J_Out__C_Cont__Reject",0,0,0,0,0,0,0,1,0,0,0,0,0,0,0,0,0,0,0,0,0,0,0,0,0,0,0,"J_Out__C_Cont",,,0,0,0,0,0,0,1,0
156,10,1,"victim",0,19,3,1,0,1,0,2,TRUE,1.53571428571429,1.28571428571429,1.125,1.85714285714286,2,1,3,2,3,2,1,"Cont","Out","control","outgroup",0,1,0,,0,0,"Cont","Out",,0,1,1,0,0,1,1,0,0,"Victim__J_Cont__C_Out",1,9,-9,"Hum_x_Control","Hum_x_Control__Victim","Hum_x_Control__Reject","Hum_x_Control__Victim__Reject",0,0,1,0,0,0,"Victim__J_Cont__C_Out__Reject","Victim__J_Cont__C_Out__Reject",0,0,0,0,0,1,0,0,0,0,0,0,0,0,0,0,0,0,0,0,0,0,0,0,0,0,0,"J_Cont__C_Out",,,0,0,0,0,1,0,0,0
156,10,2,"victim",0,19,3,1,0,1,0,2,TRUE,1.53571428571429,1.28571428571429,1.125,1.85714285714286,2,1,3,2,2,3,1,"Cont","Out","outgroup","control",1,0,0,0,0,0,"Out","Cont",,0,1,1,0,1,0,0,1,0,"Victim__J_Out__C_Cont",1,9,-9,"Hum_x_Ing","Hum_x_Ing__Victim","Hum_x_Ing__Reject","Hum_x_Ing__Victim__Reject",0,1,0,0,0,0,"Victim__J_Out__C_Cont__Reject","Victim__J_Out__C_Cont__Reject",0,0,0,0,0,0,0,1,0,0,0,0,0,0,0,0,0,0,0,0,0,0,0,0,0,0,0,"J_Out__C_Cont",,,0,0,0,0,0,0,1,0
157,6,1,"victim",0,20,2,2,1,1,0,2,TRUE,1.89285714285714,1.57142857142857,2.25,2,1.66666666666667,1,2,1,2,1,1,"Out","In","outgroup","ingroup",1,0,0,0,0,1,"Out","In",,1,0,0,0,1,0,0,0,0,"Victim__J_Out__C_In",0,9,-9,"Hum_x_Ing","Hum_x_Ing__Victim","Hum_x_Ing__Reject","Hum_x_Ing__Victim__Reject",0,1,0,0,0,0,"Victim__J_Out__C_In__Reject","Victim__J_Out__C_In__Reject",0,1,0,0,0,0,0,0,0,0,0,0,0,0,0,0,0,0,0,0,0,0,0,0,0,0,0,"J_Out__C_In",,,1,0,0,0,0,0,0,0
157,6,2,"victim",0,20,2,2,1,1,0,2,TRUE,1.89285714285714,1.57142857142857,2.25,2,1.66666666666667,1,2,1,1,2,1,"Out","In","ingroup","outgroup",0,0,0,1,1,0,"In","Out",,1,0,0,0,0,0,1,0,0,"Victim__J_In__C_Out",0,-9,9,"Hum_x_Hum","Hum_x_Hum__Victim","Hum_x_Hum__Accept","Hum_x_Hum__Victim__Accept",1,0,0,0,0,0,"Victim__J_In__C_Out__Accept","Victim__J_In__C_Out__Accept",0,0,0,1,0,0,0,0,0,0,0,0,0,0,0,0,0,0,0,0,0,0,0,0,0,0,0,"J_In__C_Out",,,0,0,1,0,0,0,0,0
157,7,1,"victim",0,20,2,2,1,1,0,2,TRUE,1.89285714285714,1.57142857142857,2.25,2,1.66666666666667,1,3,3,3,3,1,"Cont","Cont","control","control",0,1,0,,1,0,"Cont","Cont",,0,1,0,1,0,1,0,1,0,"Victim__J_Cont__C_Cont",1,-9,9,"Hum_x_Control","Hum_x_Control__Victim","Hum_x_Control__Accept","Hum_x_Control__Victim__Accept",0,0,1,0,0,0,"Victim__J_Cont__C_Cont__Accept","Victim__J_Cont__C_Cont__Accept",0,0,0,0,0,0,0,0,1,0,0,0,0,0,0,0,0,0,0,0,0,0,0,0,0,0,0,"J_Cont__C_Cont",,,0,0,0,0,0,0,0,1
157,7,2,"victim",0,20,2,2,1,1,0,2,TRUE,1.89285714285714,1.57142857142857,2.25,2,1.66666666666667,1,3,3,3,3,1,"Cont","Cont","control","control",0,1,0,,0,1,"Cont","Cont",,0,1,0,1,0,1,0,1,0,"Victim__J_Cont__C_Cont",1,9,-9,"Hum_x_Control","Hum_x_Control__Victim","Hum_x_Control__Reject","Hum_x_Control__Victim__Reject",0,0,1,0,0,0,"Victim__J_Cont__C_Cont__Reject","Victim__J_Cont__C_Cont__Reject",0,0,0,0,0,0,0,0,1,0,0,0,0,0,0,0,0,0,0,0,0,0,0,0,0,0,0,"J_Cont__C_Cont",,,0,0,0,0,0,0,0,1
157,8,1,"victim",0,20,2,2,1,1,0,2,TRUE,1.89285714285714,1.57142857142857,2.25,2,1.66666666666667,1,2,1,2,1,1,"Out","In","outgroup","ingroup",1,0,0,0,1,0,"Out","In",,1,0,0,0,1,0,0,0,0,"Victim__J_Out__C_In",0,-9,9,"Hum_x_Ing","Hum_x_Ing__Victim","Hum_x_Ing__Accept","Hum_x_Ing__Victim__Accept",0,1,0,0,0,0,"Victim__J_Out__C_In__Accept","Victim__J_Out__C_In__Accept",0,1,0,0,0,0,0,0,0,0,0,0,0,0,0,0,0,0,0,0,0,0,0,0,0,0,0,"J_Out__C_In",,,1,0,0,0,0,0,0,0
157,8,2,"victim",0,20,2,2,1,1,0,2,TRUE,1.89285714285714,1.57142857142857,2.25,2,1.66666666666667,1,2,1,1,2,1,"Out","In","ingroup","outgroup",0,0,0,1,0,1,"In","Out",,1,0,0,0,0,0,1,0,0,"Victim__J_In__C_Out",0,9,-9,"Hum_x_Hum","Hum_x_Hum__Victim","Hum_x_Hum__Reject","Hum_x_Hum__Victim__Reject",1,0,0,0,0,0,"Victim__J_In__C_Out__Reject","Victim__J_In__C_Out__Reject",0,0,0,1,0,0,0,0,0,0,0,0,0,0,0,0,0,0,0,0,0,0,0,0,0,0,0,"J_In__C_Out",,,0,0,1,0,0,0,0,0
157,9,1,"victim",0,20,2,2,1,1,0,2,TRUE,1.89285714285714,1.57142857142857,2.25,2,1.66666666666667,1,2,2,2,2,1,"Out","Out","outgroup","outgroup",1,0,0,0,1,1,"Out","Out",,1,0,1,0,1,0,1,0,0,"Victim__J_Out__C_Out",0,-9,9,"Hum_x_Ing","Hum_x_Ing__Victim","Hum_x_Ing__Accept","Hum_x_Ing__Victim__Accept",0,1,0,0,0,0,"Victim__J_Out__C_Out__Accept","Victim__J_Out__C_Out__Accept",0,0,0,0,1,0,0,0,0,0,0,0,0,0,0,0,0,0,0,0,0,0,0,0,0,0,0,"J_Out__C_Out",,,0,0,0,1,0,0,0,0
157,9,2,"victim",0,20,2,2,1,1,0,2,TRUE,1.89285714285714,1.57142857142857,2.25,2,1.66666666666667,1,2,2,2,2,1,"Out","Out","outgroup","outgroup",1,0,0,0,1,1,"Out","Out",,1,0,1,0,1,0,1,0,0,"Victim__J_Out__C_Out",0,-9,9,"Hum_x_Ing","Hum_x_Ing__Victim","Hum_x_Ing__Accept","Hum_x_Ing__Victim__Accept",0,1,0,0,0,0,"Victim__J_Out__C_Out__Accept","Victim__J_Out__C_Out__Accept",0,0,0,0,1,0,0,0,0,0,0,0,0,0,0,0,0,0,0,0,0,0,0,0,0,0,0,"J_Out__C_Out",,,0,0,0,1,0,0,0,0
157,10,1,"victim",0,20,2,2,1,1,0,2,TRUE,1.89285714285714,1.57142857142857,2.25,2,1.66666666666667,1,1,2,1,2,1,"In","Out","ingroup","outgroup",0,0,0,1,0,1,"In","Out",,0,0,1,0,0,0,1,0,0,"Victim__J_In__C_Out",0,9,-9,"Hum_x_Hum","Hum_x_Hum__Victim","Hum_x_Hum__Reject","Hum_x_Hum__Victim__Reject",1,0,0,0,0,0,"Victim__J_In__C_Out__Reject","Victim__J_In__C_Out__Reject",0,0,0,1,0,0,0,0,0,0,0,0,0,0,0,0,0,0,0,0,0,0,0,0,0,0,0,"J_In__C_Out",,,0,0,1,0,0,0,0,0
157,10,2,"victim",0,20,2,2,1,1,0,2,TRUE,1.89285714285714,1.57142857142857,2.25,2,1.66666666666667,1,1,2,2,1,1,"In","Out","outgroup","ingroup",1,0,0,0,1,0,"Out","In",,0,0,1,0,1,0,0,0,0,"Victim__J_Out__C_In",0,-9,9,"Hum_x_Ing","Hum_x_Ing__Victim","Hum_x_Ing__Accept","Hum_x_Ing__Victim__Accept",0,1,0,0,0,0,"Victim__J_Out__C_In__Accept","Victim__J_Out__C_In__Accept",0,1,0,0,0,0,0,0,0,0,0,0,0,0,0,0,0,0,0,0,0,0,0,0,0,0,0,"J_Out__C_In",,,1,0,0,0,0,0,0,0
158,1,1,"victim",0,18,0,2,1,1,0,1,TRUE,1.21428571428571,1.14285714285714,1.5,1,1.16666666666667,1,1,1,1,1,1,"In","In","ingroup","ingroup",0,0,0,1,1,0,"In","In",,0,0,0,0,0,0,0,0,0,"Victim__J_In__C_In",0,-3,3,"Hum_x_Hum","Hum_x_Hum__Victim","Hum_x_Hum__Accept","Hum_x_Hum__Victim__Accept",1,0,0,0,0,0,"Victim__J_In__C_In__Accept","Victim__J_In__C_In__Accept",1,0,0,0,0,0,0,0,0,0,0,0,0,0,0,0,0,0,0,0,0,0,0,0,0,0,0,"J_In__C_In",,,0,0,0,0,0,0,0,0
158,1,2,"victim",0,18,0,2,1,1,0,1,TRUE,1.21428571428571,1.14285714285714,1.5,1,1.16666666666667,1,1,1,1,1,1,"In","In","ingroup","ingroup",0,0,0,1,0,1,"In","In",,0,0,0,0,0,0,0,0,0,"Victim__J_In__C_In",0,9,-9,"Hum_x_Hum","Hum_x_Hum__Victim","Hum_x_Hum__Reject","Hum_x_Hum__Victim__Reject",1,0,0,0,0,0,"Victim__J_In__C_In__Reject","Victim__J_In__C_In__Reject",1,0,0,0,0,0,0,0,0,0,0,0,0,0,0,0,0,0,0,0,0,0,0,0,0,0,0,"J_In__C_In",,,0,0,0,0,0,0,0,0
158,2,1,"victim",0,18,0,2,1,1,0,1,TRUE,1.21428571428571,1.14285714285714,1.5,1,1.16666666666667,1,3,1,3,1,1,"Cont","In","control","ingroup",0,1,0,,1,1,"Cont","In",,0,1,0,0,0,1,0,0,0,"Victim__J_Cont__C_In",1,-5,5,"Hum_x_Control","Hum_x_Control__Victim","Hum_x_Control__Accept","Hum_x_Control__Victim__Accept",0,0,1,0,0,0,"Victim__J_Cont__C_In__Accept","Victim__J_Cont__C_In__Accept",0,0,1,0,0,0,0,0,0,0,0,0,0,0,0,0,0,0,0,0,0,0,0,0,0,0,0,"J_Cont__C_In",,,0,1,0,0,0,0,0,0
158,2,2,"victim",0,18,0,2,1,1,0,1,TRUE,1.21428571428571,1.14285714285714,1.5,1,1.16666666666667,1,3,1,1,3,1,"Cont","In","ingroup","control",0,0,0,1,1,1,"In","Cont",,0,1,0,0,0,0,0,1,0,"Victim__J_In__C_Cont",1,-5,5,"Hum_x_Hum","Hum_x_Hum__Victim","Hum_x_Hum__Accept","Hum_x_Hum__Victim__Accept",1,0,0,0,0,0,"Victim__J_In__C_Cont__Accept","Victim__J_In__C_Cont__Accept",0,0,0,0,0,0,1,0,0,0,0,0,0,0,0,0,0,0,0,0,0,0,0,0,0,0,0,"J_In__C_Cont",,,0,0,0,0,0,1,0,0
158,3,1,"victim",0,18,0,2,1,1,0,1,TRUE,1.21428571428571,1.14285714285714,1.5,1,1.16666666666667,1,2,2,2,2,1,"Out","Out","outgroup","outgroup",1,0,0,0,0,0,"Out","Out",,1,0,1,0,1,0,1,0,0,"Victim__J_Out__C_Out",0,9,-9,"Hum_x_Ing","Hum_x_Ing__Victim","Hum_x_Ing__Reject","Hum_x_Ing__Victim__Reject",0,1,0,0,0,0,"Victim__J_Out__C_Out__Reject","Victim__J_Out__C_Out__Reject",0,0,0,0,1,0,0,0,0,0,0,0,0,0,0,0,0,0,0,0,0,0,0,0,0,0,0,"J_Out__C_Out",,,0,0,0,1,0,0,0,0
158,3,2,"victim",0,18,0,2,1,1,0,1,TRUE,1.21428571428571,1.14285714285714,1.5,1,1.16666666666667,1,2,2,2,2,1,"Out","Out","outgroup","outgroup",1,0,0,0,0,0,"Out","Out",,1,0,1,0,1,0,1,0,0,"Victim__J_Out__C_Out",0,9,-9,"Hum_x_Ing","Hum_x_Ing__Victim","Hum_x_Ing__Reject","Hum_x_Ing__Victim__Reject",0,1,0,0,0,0,"Victim__J_Out__C_Out__Reject","Victim__J_Out__C_Out__Reject",0,0,0,0,1,0,0,0,0,0,0,0,0,0,0,0,0,0,0,0,0,0,0,0,0,0,0,"J_Out__C_Out",,,0,0,0,1,0,0,0,0
158,4,1,"victim",0,18,0,2,1,1,0,1,TRUE,1.21428571428571,1.14285714285714,1.5,1,1.16666666666667,1,1,3,1,3,1,"In","Cont","ingroup","control",0,0,0,1,1,1,"In","Cont",,0,0,0,1,0,0,0,1,0,"Victim__J_In__C_Cont",1,-5,5,"Hum_x_Hum","Hum_x_Hum__Victim","Hum_x_Hum__Accept","Hum_x_Hum__Victim__Accept",1,0,0,0,0,0,"Victim__J_In__C_Cont__Accept","Victim__J_In__C_Cont__Accept",0,0,0,0,0,0,1,0,0,0,0,0,0,0,0,0,0,0,0,0,0,0,0,0,0,0,0,"J_In__C_Cont",,,0,0,0,0,0,1,0,0
158,4,2,"victim",0,18,0,2,1,1,0,1,TRUE,1.21428571428571,1.14285714285714,1.5,1,1.16666666666667,1,1,3,3,1,1,"In","Cont","control","ingroup",0,1,0,,1,1,"Cont","In",,0,0,0,1,0,1,0,0,0,"Victim__J_Cont__C_In",1,-5,5,"Hum_x_Control","Hum_x_Control__Victim","Hum_x_Control__Accept","Hum_x_Control__Victim__Accept",0,0,1,0,0,0,"Victim__J_Cont__C_In__Accept","Victim__J_Cont__C_In__Accept",0,0,1,0,0,0,0,0,0,0,0,0,0,0,0,0,0,0,0,0,0,0,0,0,0,0,0,"J_Cont__C_In",,,0,1,0,0,0,0,0,0
158,5,1,"victim",0,18,0,2,1,1,0,1,TRUE,1.21428571428571,1.14285714285714,1.5,1,1.16666666666667,1,2,3,2,3,1,"Out","Cont","outgroup","control",1,0,0,0,1,1,"Out","Cont",,1,0,0,1,1,0,0,1,0,"Victim__J_Out__C_Cont",1,-6,6,"Hum_x_Ing","Hum_x_Ing__Victim","Hum_x_Ing__Accept","Hum_x_Ing__Victim__Accept",0,1,0,0,0,0,"Victim__J_Out__C_Cont__Accept","Victim__J_Out__C_Cont__Accept",0,0,0,0,0,0,0,1,0,0,0,0,0,0,0,0,0,0,0,0,0,0,0,0,0,0,0,"J_Out__C_Cont",,,0,0,0,0,0,0,1,0
158,5,2,"victim",0,18,0,2,1,1,0,1,TRUE,1.21428571428571,1.14285714285714,1.5,1,1.16666666666667,1,2,3,3,2,1,"Out","Cont","control","outgroup",0,1,0,,1,1,"Cont","Out",,1,0,0,1,0,1,1,0,0,"Victim__J_Cont__C_Out",1,-6,6,"Hum_x_Control","Hum_x_Control__Victim","Hum_x_Control__Accept","Hum_x_Control__Victim__Accept",0,0,1,0,0,0,"Victim__J_Cont__C_Out__Accept","Victim__J_Cont__C_Out__Accept",0,0,0,0,0,1,0,0,0,0,0,0,0,0,0,0,0,0,0,0,0,0,0,0,0,0,0,"J_Cont__C_Out",,,0,0,0,0,1,0,0,0
159,1,1,"victim",0,26,2,2,1,1,0,1,TRUE,2.14285714285714,2.42857142857143,1.875,2.71428571428571,1.5,1,2,2,2,2,1,"Out","Out","outgroup","outgroup",1,0,0,0,0,1,"Out","Out",,1,0,1,0,1,0,1,0,0,"Victim__J_Out__C_Out",0,9,-9,"Hum_x_Ing","Hum_x_Ing__Victim","Hum_x_Ing__Reject","Hum_x_Ing__Victim__Reject",0,1,0,0,0,0,"Victim__J_Out__C_Out__Reject","Victim__J_Out__C_Out__Reject",0,0,0,0,1,0,0,0,0,0,0,0,0,0,0,0,0,0,0,0,0,0,0,0,0,0,0,"J_Out__C_Out",,,0,0,0,1,0,0,0,0
159,1,2,"victim",0,26,2,2,1,1,0,1,TRUE,2.14285714285714,2.42857142857143,1.875,2.71428571428571,1.5,1,2,2,2,2,1,"Out","Out","outgroup","outgroup",1,0,0,0,1,0,"Out","Out",,1,0,1,0,1,0,1,0,0,"Victim__J_Out__C_Out",0,0,0,"Hum_x_Ing","Hum_x_Ing__Victim","Hum_x_Ing__Accept","Hum_x_Ing__Victim__Accept",0,1,0,0,0,0,"Victim__J_Out__C_Out__Accept","Victim__J_Out__C_Out__Accept",0,0,0,0,1,0,0,0,0,0,0,0,0,0,0,0,0,0,0,0,0,0,0,0,0,0,0,"J_Out__C_Out",,,0,0,0,1,0,0,0,0
159,2,1,"victim",0,26,2,2,1,1,0,1,TRUE,2.14285714285714,2.42857142857143,1.875,2.71428571428571,1.5,1,1,1,1,1,1,"In","In","ingroup","ingroup",0,0,0,1,1,1,"In","In",,0,0,0,0,0,0,0,0,0,"Victim__J_In__C_In",0,0,0,"Hum_x_Hum","Hum_x_Hum__Victim","Hum_x_Hum__Accept","Hum_x_Hum__Victim__Accept",1,0,0,0,0,0,"Victim__J_In__C_In__Accept","Victim__J_In__C_In__Accept",1,0,0,0,0,0,0,0,0,0,0,0,0,0,0,0,0,0,0,0,0,0,0,0,0,0,0,"J_In__C_In",,,0,0,0,0,0,0,0,0
159,2,2,"victim",0,26,2,2,1,1,0,1,TRUE,2.14285714285714,2.42857142857143,1.875,2.71428571428571,1.5,1,1,1,1,1,1,"In","In","ingroup","ingroup",0,0,0,1,1,1,"In","In",,0,0,0,0,0,0,0,0,0,"Victim__J_In__C_In",0,0,0,"Hum_x_Hum","Hum_x_Hum__Victim","Hum_x_Hum__Accept","Hum_x_Hum__Victim__Accept",1,0,0,0,0,0,"Victim__J_In__C_In__Accept","Victim__J_In__C_In__Accept",1,0,0,0,0,0,0,0,0,0,0,0,0,0,0,0,0,0,0,0,0,0,0,0,0,0,0,"J_In__C_In",,,0,0,0,0,0,0,0,0
159,3,1,"victim",0,26,2,2,1,1,0,1,TRUE,2.14285714285714,2.42857142857143,1.875,2.71428571428571,1.5,1,2,2,2,2,1,"Out","Out","outgroup","outgroup",1,0,0,0,0,0,"Out","Out",,1,0,1,0,1,0,1,0,0,"Victim__J_Out__C_Out",0,4,-4,"Hum_x_Ing","Hum_x_Ing__Victim","Hum_x_Ing__Reject","Hum_x_Ing__Victim__Reject",0,1,0,0,0,0,"Victim__J_Out__C_Out__Reject","Victim__J_Out__C_Out__Reject",0,0,0,0,1,0,0,0,0,0,0,0,0,0,0,0,0,0,0,0,0,0,0,0,0,0,0,"J_Out__C_Out",,,0,0,0,1,0,0,0,0
159,3,2,"victim",0,26,2,2,1,1,0,1,TRUE,2.14285714285714,2.42857142857143,1.875,2.71428571428571,1.5,1,2,2,2,2,1,"Out","Out","outgroup","outgroup",1,0,0,0,0,0,"Out","Out",,1,0,1,0,1,0,1,0,0,"Victim__J_Out__C_Out",0,4,-4,"Hum_x_Ing","Hum_x_Ing__Victim","Hum_x_Ing__Reject","Hum_x_Ing__Victim__Reject",0,1,0,0,0,0,"Victim__J_Out__C_Out__Reject","Victim__J_Out__C_Out__Reject",0,0,0,0,1,0,0,0,0,0,0,0,0,0,0,0,0,0,0,0,0,0,0,0,0,0,0,"J_Out__C_Out",,,0,0,0,1,0,0,0,0
159,4,1,"victim",0,26,2,2,1,1,0,1,TRUE,2.14285714285714,2.42857142857143,1.875,2.71428571428571,1.5,1,1,3,1,3,1,"In","Cont","ingroup","control",0,0,0,1,1,0,"In","Cont",,0,0,0,1,0,0,0,1,0,"Victim__J_In__C_Cont",1,0,0,"Hum_x_Hum","Hum_x_Hum__Victim","Hum_x_Hum__Accept","Hum_x_Hum__Victim__Accept",1,0,0,0,0,0,"Victim__J_In__C_Cont__Accept","Victim__J_In__C_Cont__Accept",0,0,0,0,0,0,1,0,0,0,0,0,0,0,0,0,0,0,0,0,0,0,0,0,0,0,0,"J_In__C_Cont",,,0,0,0,0,0,1,0,0
159,4,2,"victim",0,26,2,2,1,1,0,1,TRUE,2.14285714285714,2.42857142857143,1.875,2.71428571428571,1.5,1,1,3,3,1,1,"In","Cont","control","ingroup",0,1,0,,0,1,"Cont","In",,0,0,0,1,0,1,0,0,0,"Victim__J_Cont__C_In",1,0,0,"Hum_x_Control","Hum_x_Control__Victim","Hum_x_Control__Reject","Hum_x_Control__Victim__Reject",0,0,1,0,0,0,"Victim__J_Cont__C_In__Reject","Victim__J_Cont__C_In__Reject",0,0,1,0,0,0,0,0,0,0,0,0,0,0,0,0,0,0,0,0,0,0,0,0,0,0,0,"J_Cont__C_In",,,0,1,0,0,0,0,0,0
159,5,1,"victim",0,26,2,2,1,1,0,1,TRUE,2.14285714285714,2.42857142857143,1.875,2.71428571428571,1.5,1,1,3,1,3,1,"In","Cont","ingroup","control",0,0,0,1,0,0,"In","Cont",,0,0,0,1,0,0,0,1,0,"Victim__J_In__C_Cont",1,1,-1,"Hum_x_Hum","Hum_x_Hum__Victim","Hum_x_Hum__Reject","Hum_x_Hum__Victim__Reject",1,0,0,0,0,0,"Victim__J_In__C_Cont__Reject","Victim__J_In__C_Cont__Reject",0,0,0,0,0,0,1,0,0,0,0,0,0,0,0,0,0,0,0,0,0,0,0,0,0,0,0,"J_In__C_Cont",,,0,0,0,0,0,1,0,0
159,5,2,"victim",0,26,2,2,1,1,0,1,TRUE,2.14285714285714,2.42857142857143,1.875,2.71428571428571,1.5,1,1,3,3,1,1,"In","Cont","control","ingroup",0,1,0,,0,0,"Cont","In",,0,0,0,1,0,1,0,0,0,"Victim__J_Cont__C_In",1,1,-1,"Hum_x_Control","Hum_x_Control__Victim","Hum_x_Control__Reject","Hum_x_Control__Victim__Reject",0,0,1,0,0,0,"Victim__J_Cont__C_In__Reject","Victim__J_Cont__C_In__Reject",0,0,1,0,0,0,0,0,0,0,0,0,0,0,0,0,0,0,0,0,0,0,0,0,0,0,0,"J_Cont__C_In",,,0,1,0,0,0,0,0,0
160,1,1,"victim",0,19,0,1,0,1,0,1,TRUE,1.53571428571429,1.42857142857143,1.625,1.57142857142857,1.5,1,2,3,2,3,1,"Out","Cont","outgroup","control",1,0,0,0,1,0,"Out","Cont",,1,0,0,1,1,0,0,1,0,"Victim__J_Out__C_Cont",1,-9,9,"Hum_x_Ing","Hum_x_Ing__Victim","Hum_x_Ing__Accept","Hum_x_Ing__Victim__Accept",0,1,0,0,0,0,"Victim__J_Out__C_Cont__Accept","Victim__J_Out__C_Cont__Accept",0,0,0,0,0,0,0,1,0,0,0,0,0,0,0,0,0,0,0,0,0,0,0,0,0,0,0,"J_Out__C_Cont",,,0,0,0,0,0,0,1,0
160,1,2,"victim",0,19,0,1,0,1,0,1,TRUE,1.53571428571429,1.42857142857143,1.625,1.57142857142857,1.5,1,2,3,3,2,1,"Out","Cont","control","outgroup",0,1,0,,0,1,"Cont","Out",,1,0,0,1,0,1,1,0,0,"Victim__J_Cont__C_Out",1,9,-9,"Hum_x_Control","Hum_x_Control__Victim","Hum_x_Control__Reject","Hum_x_Control__Victim__Reject",0,0,1,0,0,0,"Victim__J_Cont__C_Out__Reject","Victim__J_Cont__C_Out__Reject",0,0,0,0,0,1,0,0,0,0,0,0,0,0,0,0,0,0,0,0,0,0,0,0,0,0,0,"J_Cont__C_Out",,,0,0,0,0,1,0,0,0
160,2,1,"victim",0,19,0,1,0,1,0,1,TRUE,1.53571428571429,1.42857142857143,1.625,1.57142857142857,1.5,1,2,2,2,2,1,"Out","Out","outgroup","outgroup",1,0,0,0,0,1,"Out","Out",,1,0,1,0,1,0,1,0,0,"Victim__J_Out__C_Out",0,9,-9,"Hum_x_Ing","Hum_x_Ing__Victim","Hum_x_Ing__Reject","Hum_x_Ing__Victim__Reject",0,1,0,0,0,0,"Victim__J_Out__C_Out__Reject","Victim__J_Out__C_Out__Reject",0,0,0,0,1,0,0,0,0,0,0,0,0,0,0,0,0,0,0,0,0,0,0,0,0,0,0,"J_Out__C_Out",,,0,0,0,1,0,0,0,0
160,2,2,"victim",0,19,0,1,0,1,0,1,TRUE,1.53571428571429,1.42857142857143,1.625,1.57142857142857,1.5,1,2,2,2,2,1,"Out","Out","outgroup","outgroup",1,0,0,0,1,0,"Out","Out",,1,0,1,0,1,0,1,0,0,"Victim__J_Out__C_Out",0,-9,9,"Hum_x_Ing","Hum_x_Ing__Victim","Hum_x_Ing__Accept","Hum_x_Ing__Victim__Accept",0,1,0,0,0,0,"Victim__J_Out__C_Out__Accept","Victim__J_Out__C_Out__Accept",0,0,0,0,1,0,0,0,0,0,0,0,0,0,0,0,0,0,0,0,0,0,0,0,0,0,0,"J_Out__C_Out",,,0,0,0,1,0,0,0,0
160,3,1,"victim",0,19,0,1,0,1,0,1,TRUE,1.53571428571429,1.42857142857143,1.625,1.57142857142857,1.5,1,2,1,2,1,1,"Out","In","outgroup","ingroup",1,0,0,0,0,1,"Out","In",,1,0,0,0,1,0,0,0,0,"Victim__J_Out__C_In",0,9,-9,"Hum_x_Ing","Hum_x_Ing__Victim","Hum_x_Ing__Reject","Hum_x_Ing__Victim__Reject",0,1,0,0,0,0,"Victim__J_Out__C_In__Reject","Victim__J_Out__C_In__Reject",0,1,0,0,0,0,0,0,0,0,0,0,0,0,0,0,0,0,0,0,0,0,0,0,0,0,0,"J_Out__C_In",,,1,0,0,0,0,0,0,0
160,3,2,"victim",0,19,0,1,0,1,0,1,TRUE,1.53571428571429,1.42857142857143,1.625,1.57142857142857,1.5,1,2,1,1,2,1,"Out","In","ingroup","outgroup",0,0,0,1,1,0,"In","Out",,1,0,0,0,0,0,1,0,0,"Victim__J_In__C_Out",0,-9,9,"Hum_x_Hum","Hum_x_Hum__Victim","Hum_x_Hum__Accept","Hum_x_Hum__Victim__Accept",1,0,0,0,0,0,"Victim__J_In__C_Out__Accept","Victim__J_In__C_Out__Accept",0,0,0,1,0,0,0,0,0,0,0,0,0,0,0,0,0,0,0,0,0,0,0,0,0,0,0,"J_In__C_Out",,,0,0,1,0,0,0,0,0
160,4,1,"victim",0,19,0,1,0,1,0,1,TRUE,1.53571428571429,1.42857142857143,1.625,1.57142857142857,1.5,1,3,2,3,2,1,"Cont","Out","control","outgroup",0,1,0,,1,1,"Cont","Out",,0,1,1,0,0,1,1,0,0,"Victim__J_Cont__C_Out",1,-9,9,"Hum_x_Control","Hum_x_Control__Victim","Hum_x_Control__Accept","Hum_x_Control__Victim__Accept",0,0,1,0,0,0,"Victim__J_Cont__C_Out__Accept","Victim__J_Cont__C_Out__Accept",0,0,0,0,0,1,0,0,0,0,0,0,0,0,0,0,0,0,0,0,0,0,0,0,0,0,0,"J_Cont__C_Out",,,0,0,0,0,1,0,0,0
160,4,2,"victim",0,19,0,1,0,1,0,1,TRUE,1.53571428571429,1.42857142857143,1.625,1.57142857142857,1.5,1,3,2,2,3,1,"Cont","Out","outgroup","control",1,0,0,0,1,1,"Out","Cont",,0,1,1,0,1,0,0,1,0,"Victim__J_Out__C_Cont",1,-9,9,"Hum_x_Ing","Hum_x_Ing__Victim","Hum_x_Ing__Accept","Hum_x_Ing__Victim__Accept",0,1,0,0,0,0,"Victim__J_Out__C_Cont__Accept","Victim__J_Out__C_Cont__Accept",0,0,0,0,0,0,0,1,0,0,0,0,0,0,0,0,0,0,0,0,0,0,0,0,0,0,0,"J_Out__C_Cont",,,0,0,0,0,0,0,1,0
160,5,1,"victim",0,19,0,1,0,1,0,1,TRUE,1.53571428571429,1.42857142857143,1.625,1.57142857142857,1.5,1,3,2,3,2,1,"Cont","Out","control","outgroup",0,1,0,,0,1,"Cont","Out",,0,1,1,0,0,1,1,0,0,"Victim__J_Cont__C_Out",1,9,-9,"Hum_x_Control","Hum_x_Control__Victim","Hum_x_Control__Reject","Hum_x_Control__Victim__Reject",0,0,1,0,0,0,"Victim__J_Cont__C_Out__Reject","Victim__J_Cont__C_Out__Reject",0,0,0,0,0,1,0,0,0,0,0,0,0,0,0,0,0,0,0,0,0,0,0,0,0,0,0,"J_Cont__C_Out",,,0,0,0,0,1,0,0,0
160,5,2,"victim",0,19,0,1,0,1,0,1,TRUE,1.53571428571429,1.42857142857143,1.625,1.57142857142857,1.5,1,3,2,2,3,1,"Cont","Out","outgroup","control",1,0,0,0,1,0,"Out","Cont",,0,1,1,0,1,0,0,1,0,"Victim__J_Out__C_Cont",1,-9,9,"Hum_x_Ing","Hum_x_Ing__Victim","Hum_x_Ing__Accept","Hum_x_Ing__Victim__Accept",0,1,0,0,0,0,"Victim__J_Out__C_Cont__Accept","Victim__J_Out__C_Cont__Accept",0,0,0,0,0,0,0,1,0,0,0,0,0,0,0,0,0,0,0,0,0,0,0,0,0,0,0,"J_Out__C_Cont",,,0,0,0,0,0,0,1,0
161,6,1,"victim",0,18,3,1,0,1,0,2,TRUE,2.57142857142857,2.14285714285714,3.125,2.57142857142857,2.33333333333333,1,3,1,3,1,1,"Cont","In","control","ingroup",0,1,0,,0,0,"Cont","In",,0,1,0,0,0,1,0,0,0,"Victim__J_Cont__C_In",1,3,-3,"Hum_x_Control","Hum_x_Control__Victim","Hum_x_Control__Reject","Hum_x_Control__Victim__Reject",0,0,1,0,0,0,"Victim__J_Cont__C_In__Reject","Victim__J_Cont__C_In__Reject",0,0,1,0,0,0,0,0,0,0,0,0,0,0,0,0,0,0,0,0,0,0,0,0,0,0,0,"J_Cont__C_In",,,0,1,0,0,0,0,0,0
161,6,2,"victim",0,18,3,1,0,1,0,2,TRUE,2.57142857142857,2.14285714285714,3.125,2.57142857142857,2.33333333333333,1,3,1,1,3,1,"Cont","In","ingroup","control",0,0,0,1,0,0,"In","Cont",,0,1,0,0,0,0,0,1,0,"Victim__J_In__C_Cont",1,3,-3,"Hum_x_Hum","Hum_x_Hum__Victim","Hum_x_Hum__Reject","Hum_x_Hum__Victim__Reject",1,0,0,0,0,0,"Victim__J_In__C_Cont__Reject","Victim__J_In__C_Cont__Reject",0,0,0,0,0,0,1,0,0,0,0,0,0,0,0,0,0,0,0,0,0,0,0,0,0,0,0,"J_In__C_Cont",,,0,0,0,0,0,1,0,0
161,7,1,"victim",0,18,3,1,0,1,0,2,TRUE,2.57142857142857,2.14285714285714,3.125,2.57142857142857,2.33333333333333,1,2,1,2,1,1,"Out","In","outgroup","ingroup",1,0,0,0,0,0,"Out","In",,1,0,0,0,1,0,0,0,0,"Victim__J_Out__C_In",0,3,-3,"Hum_x_Ing","Hum_x_Ing__Victim","Hum_x_Ing__Reject","Hum_x_Ing__Victim__Reject",0,1,0,0,0,0,"Victim__J_Out__C_In__Reject","Victim__J_Out__C_In__Reject",0,1,0,0,0,0,0,0,0,0,0,0,0,0,0,0,0,0,0,0,0,0,0,0,0,0,0,"J_Out__C_In",,,1,0,0,0,0,0,0,0
161,7,2,"victim",0,18,3,1,0,1,0,2,TRUE,2.57142857142857,2.14285714285714,3.125,2.57142857142857,2.33333333333333,1,2,1,1,2,1,"Out","In","ingroup","outgroup",0,0,0,1,0,0,"In","Out",,1,0,0,0,0,0,1,0,0,"Victim__J_In__C_Out",0,3,-3,"Hum_x_Hum","Hum_x_Hum__Victim","Hum_x_Hum__Reject","Hum_x_Hum__Victim__Reject",1,0,0,0,0,0,"Victim__J_In__C_Out__Reject","Victim__J_In__C_Out__Reject",0,0,0,1,0,0,0,0,0,0,0,0,0,0,0,0,0,0,0,0,0,0,0,0,0,0,0,"J_In__C_Out",,,0,0,1,0,0,0,0,0
161,8,1,"victim",0,18,3,1,0,1,0,2,TRUE,2.57142857142857,2.14285714285714,3.125,2.57142857142857,2.33333333333333,1,3,2,3,2,1,"Cont","Out","control","outgroup",0,1,0,,0,0,"Cont","Out",,0,1,1,0,0,1,1,0,0,"Victim__J_Cont__C_Out",1,3,-3,"Hum_x_Control","Hum_x_Control__Victim","Hum_x_Control__Reject","Hum_x_Control__Victim__Reject",0,0,1,0,0,0,"Victim__J_Cont__C_Out__Reject","Victim__J_Cont__C_Out__Reject",0,0,0,0,0,1,0,0,0,0,0,0,0,0,0,0,0,0,0,0,0,0,0,0,0,0,0,"J_Cont__C_Out",,,0,0,0,0,1,0,0,0
161,8,2,"victim",0,18,3,1,0,1,0,2,TRUE,2.57142857142857,2.14285714285714,3.125,2.57142857142857,2.33333333333333,1,3,2,2,3,1,"Cont","Out","outgroup","control",1,0,0,0,0,0,"Out","Cont",,0,1,1,0,1,0,0,1,0,"Victim__J_Out__C_Cont",1,3,-3,"Hum_x_Ing","Hum_x_Ing__Victim","Hum_x_Ing__Reject","Hum_x_Ing__Victim__Reject",0,1,0,0,0,0,"Victim__J_Out__C_Cont__Reject","Victim__J_Out__C_Cont__Reject",0,0,0,0,0,0,0,1,0,0,0,0,0,0,0,0,0,0,0,0,0,0,0,0,0,0,0,"J_Out__C_Cont",,,0,0,0,0,0,0,1,0
161,9,1,"victim",0,18,3,1,0,1,0,2,TRUE,2.57142857142857,2.14285714285714,3.125,2.57142857142857,2.33333333333333,1,3,2,3,2,1,"Cont","Out","control","outgroup",0,1,0,,0,0,"Cont","Out",,0,1,1,0,0,1,1,0,0,"Victim__J_Cont__C_Out",1,4,-4,"Hum_x_Control","Hum_x_Control__Victim","Hum_x_Control__Reject","Hum_x_Control__Victim__Reject",0,0,1,0,0,0,"Victim__J_Cont__C_Out__Reject","Victim__J_Cont__C_Out__Reject",0,0,0,0,0,1,0,0,0,0,0,0,0,0,0,0,0,0,0,0,0,0,0,0,0,0,0,"J_Cont__C_Out",,,0,0,0,0,1,0,0,0
161,9,2,"victim",0,18,3,1,0,1,0,2,TRUE,2.57142857142857,2.14285714285714,3.125,2.57142857142857,2.33333333333333,1,3,2,2,3,1,"Cont","Out","outgroup","control",1,0,0,0,0,0,"Out","Cont",,0,1,1,0,1,0,0,1,0,"Victim__J_Out__C_Cont",1,4,-4,"Hum_x_Ing","Hum_x_Ing__Victim","Hum_x_Ing__Reject","Hum_x_Ing__Victim__Reject",0,1,0,0,0,0,"Victim__J_Out__C_Cont__Reject","Victim__J_Out__C_Cont__Reject",0,0,0,0,0,0,0,1,0,0,0,0,0,0,0,0,0,0,0,0,0,0,0,0,0,0,0,"J_Out__C_Cont",,,0,0,0,0,0,0,1,0
161,10,1,"victim",0,18,3,1,0,1,0,2,TRUE,2.57142857142857,2.14285714285714,3.125,2.57142857142857,2.33333333333333,1,1,3,1,3,1,"In","Cont","ingroup","control",0,0,0,1,0,1,"In","Cont",,0,0,0,1,0,0,0,1,0,"Victim__J_In__C_Cont",1,2,-2,"Hum_x_Hum","Hum_x_Hum__Victim","Hum_x_Hum__Reject","Hum_x_Hum__Victim__Reject",1,0,0,0,0,0,"Victim__J_In__C_Cont__Reject","Victim__J_In__C_Cont__Reject",0,0,0,0,0,0,1,0,0,0,0,0,0,0,0,0,0,0,0,0,0,0,0,0,0,0,0,"J_In__C_Cont",,,0,0,0,0,0,1,0,0
161,10,2,"victim",0,18,3,1,0,1,0,2,TRUE,2.57142857142857,2.14285714285714,3.125,2.57142857142857,2.33333333333333,1,1,3,3,1,1,"In","Cont","control","ingroup",0,1,0,,1,0,"Cont","In",,0,0,0,1,0,1,0,0,0,"Victim__J_Cont__C_In",1,-3,3,"Hum_x_Control","Hum_x_Control__Victim","Hum_x_Control__Accept","Hum_x_Control__Victim__Accept",0,0,1,0,0,0,"Victim__J_Cont__C_In__Accept","Victim__J_Cont__C_In__Accept",0,0,1,0,0,0,0,0,0,0,0,0,0,0,0,0,0,0,0,0,0,0,0,0,0,0,0,"J_Cont__C_In",,,0,1,0,0,0,0,0,0
162,6,1,"victim",0,22,2,1,0,2,1,2,TRUE,2.85714285714286,2.71428571428571,2.625,3.42857142857143,2.66666666666667,2,1,3,1,3,2,"Out","Cont","outgroup","control",1,0,0,0,1,1,"Out","Cont",,1,0,0,1,1,0,0,1,0,"Victim__J_Out__C_Cont",1,-9,9,"Ing_x_Hum","Ing_x_Hum__Victim","Ing_x_Hum__Accept","Ing_x_Hum__Victim__Accept",0,0,0,1,0,0,"Victim__J_Out__C_Cont__Accept","Victim__J_Out__C_Cont__Accept",0,0,0,0,0,0,0,1,0,0,0,0,0,0,0,0,0,0,0,0,0,0,0,0,0,0,0,"J_Out__C_Cont",,,0,0,0,0,0,0,1,0
162,6,2,"victim",0,22,2,1,0,2,1,2,TRUE,2.85714285714286,2.71428571428571,2.625,3.42857142857143,2.66666666666667,2,1,3,3,1,2,"Out","Cont","control","outgroup",0,1,0,,1,1,"Cont","Out",,1,0,0,1,0,1,1,0,0,"Victim__J_Cont__C_Out",1,-9,9,"Ing_x_Control","Ing_x_Control__Victim","Ing_x_Control__Accept","Ing_x_Control__Victim__Accept",0,0,0,0,0,1,"Victim__J_Cont__C_Out__Accept","Victim__J_Cont__C_Out__Accept",0,0,0,0,0,1,0,0,0,0,0,0,0,0,0,0,0,0,0,0,0,0,0,0,0,0,0,"J_Cont__C_Out",,,0,0,0,0,1,0,0,0
162,7,1,"victim",0,22,2,1,0,2,1,2,TRUE,2.85714285714286,2.71428571428571,2.625,3.42857142857143,2.66666666666667,2,1,1,1,1,2,"Out","Out","outgroup","outgroup",1,0,0,0,0,1,"Out","Out",,1,0,1,0,1,0,1,0,0,"Victim__J_Out__C_Out",0,9,-9,"Ing_x_Hum","Ing_x_Hum__Victim","Ing_x_Hum__Reject","Ing_x_Hum__Victim__Reject",0,0,0,1,0,0,"Victim__J_Out__C_Out__Reject","Victim__J_Out__C_Out__Reject",0,0,0,0,1,0,0,0,0,0,0,0,0,0,0,0,0,0,0,0,0,0,0,0,0,0,0,"J_Out__C_Out",,,0,0,0,1,0,0,0,0
162,7,2,"victim",0,22,2,1,0,2,1,2,TRUE,2.85714285714286,2.71428571428571,2.625,3.42857142857143,2.66666666666667,2,1,1,1,1,2,"Out","Out","outgroup","outgroup",1,0,0,0,1,0,"Out","Out",,1,0,1,0,1,0,1,0,0,"Victim__J_Out__C_Out",0,-9,9,"Ing_x_Hum","Ing_x_Hum__Victim","Ing_x_Hum__Accept","Ing_x_Hum__Victim__Accept",0,0,0,1,0,0,"Victim__J_Out__C_Out__Accept","Victim__J_Out__C_Out__Accept",0,0,0,0,1,0,0,0,0,0,0,0,0,0,0,0,0,0,0,0,0,0,0,0,0,0,0,"J_Out__C_Out",,,0,0,0,1,0,0,0,0
162,8,1,"victim",0,22,2,1,0,2,1,2,TRUE,2.85714285714286,2.71428571428571,2.625,3.42857142857143,2.66666666666667,2,3,1,3,1,2,"Cont","Out","control","outgroup",0,1,0,,0,1,"Cont","Out",,0,1,1,0,0,1,1,0,0,"Victim__J_Cont__C_Out",1,9,-9,"Ing_x_Control","Ing_x_Control__Victim","Ing_x_Control__Reject","Ing_x_Control__Victim__Reject",0,0,0,0,0,1,"Victim__J_Cont__C_Out__Reject","Victim__J_Cont__C_Out__Reject",0,0,0,0,0,1,0,0,0,0,0,0,0,0,0,0,0,0,0,0,0,0,0,0,0,0,0,"J_Cont__C_Out",,,0,0,0,0,1,0,0,0
162,8,2,"victim",0,22,2,1,0,2,1,2,TRUE,2.85714285714286,2.71428571428571,2.625,3.42857142857143,2.66666666666667,2,3,1,1,3,2,"Cont","Out","outgroup","control",1,0,0,0,1,0,"Out","Cont",,0,1,1,0,1,0,0,1,0,"Victim__J_Out__C_Cont",1,-9,9,"Ing_x_Hum","Ing_x_Hum__Victim","Ing_x_Hum__Accept","Ing_x_Hum__Victim__Accept",0,0,0,1,0,0,"Victim__J_Out__C_Cont__Accept","Victim__J_Out__C_Cont__Accept",0,0,0,0,0,0,0,1,0,0,0,0,0,0,0,0,0,0,0,0,0,0,0,0,0,0,0,"J_Out__C_Cont",,,0,0,0,0,0,0,1,0
162,9,1,"victim",0,22,2,1,0,2,1,2,TRUE,2.85714285714286,2.71428571428571,2.625,3.42857142857143,2.66666666666667,2,2,3,2,3,2,"In","Cont","ingroup","control",0,0,0,1,1,1,"In","Cont",,0,0,0,1,0,0,0,1,0,"Victim__J_In__C_Cont",1,-9,9,"Ing_x_Ing","Ing_x_Ing__Victim","Ing_x_Ing__Accept","Ing_x_Ing__Victim__Accept",0,0,0,0,1,0,"Victim__J_In__C_Cont__Accept","Victim__J_In__C_Cont__Accept",0,0,0,0,0,0,1,0,0,0,0,0,0,0,0,0,0,0,0,0,0,0,0,0,0,0,0,"J_In__C_Cont",,,0,0,0,0,0,1,0,0
162,9,2,"victim",0,22,2,1,0,2,1,2,TRUE,2.85714285714286,2.71428571428571,2.625,3.42857142857143,2.66666666666667,2,2,3,3,2,2,"In","Cont","control","ingroup",0,1,0,,1,1,"Cont","In",,0,0,0,1,0,1,0,0,0,"Victim__J_Cont__C_In",1,-9,9,"Ing_x_Control","Ing_x_Control__Victim","Ing_x_Control__Accept","Ing_x_Control__Victim__Accept",0,0,0,0,0,1,"Victim__J_Cont__C_In__Accept","Victim__J_Cont__C_In__Accept",0,0,1,0,0,0,0,0,0,0,0,0,0,0,0,0,0,0,0,0,0,0,0,0,0,0,0,"J_Cont__C_In",,,0,1,0,0,0,0,0,0
162,10,1,"victim",0,22,2,1,0,2,1,2,TRUE,2.85714285714286,2.71428571428571,2.625,3.42857142857143,2.66666666666667,2,3,3,3,3,2,"Cont","Cont","control","control",0,1,0,,1,0,"Cont","Cont",,0,1,0,1,0,1,0,1,0,"Victim__J_Cont__C_Cont",1,-9,9,"Ing_x_Control","Ing_x_Control__Victim","Ing_x_Control__Accept","Ing_x_Control__Victim__Accept",0,0,0,0,0,1,"Victim__J_Cont__C_Cont__Accept","Victim__J_Cont__C_Cont__Accept",0,0,0,0,0,0,0,0,1,0,0,0,0,0,0,0,0,0,0,0,0,0,0,0,0,0,0,"J_Cont__C_Cont",,,0,0,0,0,0,0,0,1
162,10,2,"victim",0,22,2,1,0,2,1,2,TRUE,2.85714285714286,2.71428571428571,2.625,3.42857142857143,2.66666666666667,2,3,3,3,3,2,"Cont","Cont","control","control",0,1,0,,0,1,"Cont","Cont",,0,1,0,1,0,1,0,1,0,"Victim__J_Cont__C_Cont",1,9,-9,"Ing_x_Control","Ing_x_Control__Victim","Ing_x_Control__Reject","Ing_x_Control__Victim__Reject",0,0,0,0,0,1,"Victim__J_Cont__C_Cont__Reject","Victim__J_Cont__C_Cont__Reject",0,0,0,0,0,0,0,0,1,0,0,0,0,0,0,0,0,0,0,0,0,0,0,0,0,0,0,"J_Cont__C_Cont",,,0,0,0,0,0,0,0,1
163,1,1,"victim",0,20,0,2,1,2,1,1,TRUE,2.78571428571429,2.28571428571429,2.875,2.85714285714286,3.16666666666667,2,2,2,2,2,2,"In","In","ingroup","ingroup",0,0,0,1,1,1,"In","In",,0,0,0,0,0,0,0,0,0,"Victim__J_In__C_In",0,-5,5,"Ing_x_Ing","Ing_x_Ing__Victim","Ing_x_Ing__Accept","Ing_x_Ing__Victim__Accept",0,0,0,0,1,0,"Victim__J_In__C_In__Accept","Victim__J_In__C_In__Accept",1,0,0,0,0,0,0,0,0,0,0,0,0,0,0,0,0,0,0,0,0,0,0,0,0,0,0,"J_In__C_In",,,0,0,0,0,0,0,0,0
163,1,2,"victim",0,20,0,2,1,2,1,1,TRUE,2.78571428571429,2.28571428571429,2.875,2.85714285714286,3.16666666666667,2,2,2,2,2,2,"In","In","ingroup","ingroup",0,0,0,1,1,1,"In","In",,0,0,0,0,0,0,0,0,0,"Victim__J_In__C_In",0,-5,5,"Ing_x_Ing","Ing_x_Ing__Victim","Ing_x_Ing__Accept","Ing_x_Ing__Victim__Accept",0,0,0,0,1,0,"Victim__J_In__C_In__Accept","Victim__J_In__C_In__Accept",1,0,0,0,0,0,0,0,0,0,0,0,0,0,0,0,0,0,0,0,0,0,0,0,0,0,0,"J_In__C_In",,,0,0,0,0,0,0,0,0
163,2,1,"victim",0,20,0,2,1,2,1,1,TRUE,2.78571428571429,2.28571428571429,2.875,2.85714285714286,3.16666666666667,2,2,3,2,3,2,"In","Cont","ingroup","control",0,0,0,1,1,1,"In","Cont",,0,0,0,1,0,0,0,1,0,"Victim__J_In__C_Cont",1,-4,4,"Ing_x_Ing","Ing_x_Ing__Victim","Ing_x_Ing__Accept","Ing_x_Ing__Victim__Accept",0,0,0,0,1,0,"Victim__J_In__C_Cont__Accept","Victim__J_In__C_Cont__Accept",0,0,0,0,0,0,1,0,0,0,0,0,0,0,0,0,0,0,0,0,0,0,0,0,0,0,0,"J_In__C_Cont",,,0,0,0,0,0,1,0,0
163,2,2,"victim",0,20,0,2,1,2,1,1,TRUE,2.78571428571429,2.28571428571429,2.875,2.85714285714286,3.16666666666667,2,2,3,3,2,2,"In","Cont","control","ingroup",0,1,0,,1,1,"Cont","In",,0,0,0,1,0,1,0,0,0,"Victim__J_Cont__C_In",1,-4,4,"Ing_x_Control","Ing_x_Control__Victim","Ing_x_Control__Accept","Ing_x_Control__Victim__Accept",0,0,0,0,0,1,"Victim__J_Cont__C_In__Accept","Victim__J_Cont__C_In__Accept",0,0,1,0,0,0,0,0,0,0,0,0,0,0,0,0,0,0,0,0,0,0,0,0,0,0,0,"J_Cont__C_In",,,0,1,0,0,0,0,0,0
163,3,1,"victim",0,20,0,2,1,2,1,1,TRUE,2.78571428571429,2.28571428571429,2.875,2.85714285714286,3.16666666666667,2,3,3,3,3,2,"Cont","Cont","control","control",0,1,0,,1,0,"Cont","Cont",,0,1,0,1,0,1,0,1,0,"Victim__J_Cont__C_Cont",1,-3,3,"Ing_x_Control","Ing_x_Control__Victim","Ing_x_Control__Accept","Ing_x_Control__Victim__Accept",0,0,0,0,0,1,"Victim__J_Cont__C_Cont__Accept","Victim__J_Cont__C_Cont__Accept",0,0,0,0,0,0,0,0,1,0,0,0,0,0,0,0,0,0,0,0,0,0,0,0,0,0,0,"J_Cont__C_Cont",,,0,0,0,0,0,0,0,1
163,3,2,"victim",0,20,0,2,1,2,1,1,TRUE,2.78571428571429,2.28571428571429,2.875,2.85714285714286,3.16666666666667,2,3,3,3,3,2,"Cont","Cont","control","control",0,1,0,,0,1,"Cont","Cont",,0,1,0,1,0,1,0,1,0,"Victim__J_Cont__C_Cont",1,8,-8,"Ing_x_Control","Ing_x_Control__Victim","Ing_x_Control__Reject","Ing_x_Control__Victim__Reject",0,0,0,0,0,1,"Victim__J_Cont__C_Cont__Reject","Victim__J_Cont__C_Cont__Reject",0,0,0,0,0,0,0,0,1,0,0,0,0,0,0,0,0,0,0,0,0,0,0,0,0,0,0,"J_Cont__C_Cont",,,0,0,0,0,0,0,0,1
163,4,1,"victim",0,20,0,2,1,2,1,1,TRUE,2.78571428571429,2.28571428571429,2.875,2.85714285714286,3.16666666666667,2,3,3,3,3,2,"Cont","Cont","control","control",0,1,0,,0,0,"Cont","Cont",,0,1,0,1,0,1,0,1,0,"Victim__J_Cont__C_Cont",1,7,-7,"Ing_x_Control","Ing_x_Control__Victim","Ing_x_Control__Reject","Ing_x_Control__Victim__Reject",0,0,0,0,0,1,"Victim__J_Cont__C_Cont__Reject","Victim__J_Cont__C_Cont__Reject",0,0,0,0,0,0,0,0,1,0,0,0,0,0,0,0,0,0,0,0,0,0,0,0,0,0,0,"J_Cont__C_Cont",,,0,0,0,0,0,0,0,1
163,4,2,"victim",0,20,0,2,1,2,1,1,TRUE,2.78571428571429,2.28571428571429,2.875,2.85714285714286,3.16666666666667,2,3,3,3,3,2,"Cont","Cont","control","control",0,1,0,,0,0,"Cont","Cont",,0,1,0,1,0,1,0,1,0,"Victim__J_Cont__C_Cont",1,7,-7,"Ing_x_Control","Ing_x_Control__Victim","Ing_x_Control__Reject","Ing_x_Control__Victim__Reject",0,0,0,0,0,1,"Victim__J_Cont__C_Cont__Reject","Victim__J_Cont__C_Cont__Reject",0,0,0,0,0,0,0,0,1,0,0,0,0,0,0,0,0,0,0,0,0,0,0,0,0,0,0,"J_Cont__C_Cont",,,0,0,0,0,0,0,0,1
163,5,1,"victim",0,20,0,2,1,2,1,1,TRUE,2.78571428571429,2.28571428571429,2.875,2.85714285714286,3.16666666666667,2,1,2,1,2,2,"Out","In","outgroup","ingroup",1,0,0,0,0,1,"Out","In",,1,0,0,0,1,0,0,0,0,"Victim__J_Out__C_In",0,7,-7,"Ing_x_Hum","Ing_x_Hum__Victim","Ing_x_Hum__Reject","Ing_x_Hum__Victim__Reject",0,0,0,1,0,0,"Victim__J_Out__C_In__Reject","Victim__J_Out__C_In__Reject",0,1,0,0,0,0,0,0,0,0,0,0,0,0,0,0,0,0,0,0,0,0,0,0,0,0,0,"J_Out__C_In",,,1,0,0,0,0,0,0,0
163,5,2,"victim",0,20,0,2,1,2,1,1,TRUE,2.78571428571429,2.28571428571429,2.875,2.85714285714286,3.16666666666667,2,1,2,2,1,2,"Out","In","ingroup","outgroup",0,0,0,1,1,0,"In","Out",,1,0,0,0,0,0,1,0,0,"Victim__J_In__C_Out",0,-4,4,"Ing_x_Ing","Ing_x_Ing__Victim","Ing_x_Ing__Accept","Ing_x_Ing__Victim__Accept",0,0,0,0,1,0,"Victim__J_In__C_Out__Accept","Victim__J_In__C_Out__Accept",0,0,0,1,0,0,0,0,0,0,0,0,0,0,0,0,0,0,0,0,0,0,0,0,0,0,0,"J_In__C_Out",,,0,0,1,0,0,0,0,0
164,1,1,"victim",0,19,1,2,1,2,1,1,TRUE,2.32142857142857,1.85714285714286,2.625,2.42857142857143,2.33333333333333,2,1,2,1,2,2,"Out","In","outgroup","ingroup",1,0,0,0,0,0,"Out","In",,1,0,0,0,1,0,0,0,0,"Victim__J_Out__C_In",0,9,-9,"Ing_x_Hum","Ing_x_Hum__Victim","Ing_x_Hum__Reject","Ing_x_Hum__Victim__Reject",0,0,0,1,0,0,"Victim__J_Out__C_In__Reject","Victim__J_Out__C_In__Reject",0,1,0,0,0,0,0,0,0,0,0,0,0,0,0,0,0,0,0,0,0,0,0,0,0,0,0,"J_Out__C_In",,,1,0,0,0,0,0,0,0
164,1,2,"victim",0,19,1,2,1,2,1,1,TRUE,2.32142857142857,1.85714285714286,2.625,2.42857142857143,2.33333333333333,2,1,2,2,1,2,"Out","In","ingroup","outgroup",0,0,0,1,0,0,"In","Out",,1,0,0,0,0,0,1,0,0,"Victim__J_In__C_Out",0,9,-9,"Ing_x_Ing","Ing_x_Ing__Victim","Ing_x_Ing__Reject","Ing_x_Ing__Victim__Reject",0,0,0,0,1,0,"Victim__J_In__C_Out__Reject","Victim__J_In__C_Out__Reject",0,0,0,1,0,0,0,0,0,0,0,0,0,0,0,0,0,0,0,0,0,0,0,0,0,0,0,"J_In__C_Out",,,0,0,1,0,0,0,0,0
164,2,1,"victim",0,19,1,2,1,2,1,1,TRUE,2.32142857142857,1.85714285714286,2.625,2.42857142857143,2.33333333333333,2,2,2,2,2,2,"In","In","ingroup","ingroup",0,0,0,1,0,0,"In","In",,0,0,0,0,0,0,0,0,0,"Victim__J_In__C_In",0,9,-9,"Ing_x_Ing","Ing_x_Ing__Victim","Ing_x_Ing__Reject","Ing_x_Ing__Victim__Reject",0,0,0,0,1,0,"Victim__J_In__C_In__Reject","Victim__J_In__C_In__Reject",1,0,0,0,0,0,0,0,0,0,0,0,0,0,0,0,0,0,0,0,0,0,0,0,0,0,0,"J_In__C_In",,,0,0,0,0,0,0,0,0
164,2,2,"victim",0,19,1,2,1,2,1,1,TRUE,2.32142857142857,1.85714285714286,2.625,2.42857142857143,2.33333333333333,2,2,2,2,2,2,"In","In","ingroup","ingroup",0,0,0,1,0,0,"In","In",,0,0,0,0,0,0,0,0,0,"Victim__J_In__C_In",0,9,-9,"Ing_x_Ing","Ing_x_Ing__Victim","Ing_x_Ing__Reject","Ing_x_Ing__Victim__Reject",0,0,0,0,1,0,"Victim__J_In__C_In__Reject","Victim__J_In__C_In__Reject",1,0,0,0,0,0,0,0,0,0,0,0,0,0,0,0,0,0,0,0,0,0,0,0,0,0,0,"J_In__C_In",,,0,0,0,0,0,0,0,0
164,3,1,"victim",0,19,1,2,1,2,1,1,TRUE,2.32142857142857,1.85714285714286,2.625,2.42857142857143,2.33333333333333,2,3,2,3,2,2,"Cont","In","control","ingroup",0,1,0,,1,1,"Cont","In",,0,1,0,0,0,1,0,0,0,"Victim__J_Cont__C_In",1,6,-6,"Ing_x_Control","Ing_x_Control__Victim","Ing_x_Control__Accept","Ing_x_Control__Victim__Accept",0,0,0,0,0,1,"Victim__J_Cont__C_In__Accept","Victim__J_Cont__C_In__Accept",0,0,1,0,0,0,0,0,0,0,0,0,0,0,0,0,0,0,0,0,0,0,0,0,0,0,0,"J_Cont__C_In",,,0,1,0,0,0,0,0,0
164,3,2,"victim",0,19,1,2,1,2,1,1,TRUE,2.32142857142857,1.85714285714286,2.625,2.42857142857143,2.33333333333333,2,3,2,2,3,2,"Cont","In","ingroup","control",0,0,0,1,1,1,"In","Cont",,0,1,0,0,0,0,0,1,0,"Victim__J_In__C_Cont",1,6,-6,"Ing_x_Ing","Ing_x_Ing__Victim","Ing_x_Ing__Accept","Ing_x_Ing__Victim__Accept",0,0,0,0,1,0,"Victim__J_In__C_Cont__Accept","Victim__J_In__C_Cont__Accept",0,0,0,0,0,0,1,0,0,0,0,0,0,0,0,0,0,0,0,0,0,0,0,0,0,0,0,"J_In__C_Cont",,,0,0,0,0,0,1,0,0
164,4,1,"victim",0,19,1,2,1,2,1,1,TRUE,2.32142857142857,1.85714285714286,2.625,2.42857142857143,2.33333333333333,2,1,1,1,1,2,"Out","Out","outgroup","outgroup",1,0,0,0,0,0,"Out","Out",,1,0,1,0,1,0,1,0,0,"Victim__J_Out__C_Out",0,9,-9,"Ing_x_Hum","Ing_x_Hum__Victim","Ing_x_Hum__Reject","Ing_x_Hum__Victim__Reject",0,0,0,1,0,0,"Victim__J_Out__C_Out__Reject","Victim__J_Out__C_Out__Reject",0,0,0,0,1,0,0,0,0,0,0,0,0,0,0,0,0,0,0,0,0,0,0,0,0,0,0,"J_Out__C_Out",,,0,0,0,1,0,0,0,0
164,4,2,"victim",0,19,1,2,1,2,1,1,TRUE,2.32142857142857,1.85714285714286,2.625,2.42857142857143,2.33333333333333,2,1,1,1,1,2,"Out","Out","outgroup","outgroup",1,0,0,0,0,0,"Out","Out",,1,0,1,0,1,0,1,0,0,"Victim__J_Out__C_Out",0,9,-9,"Ing_x_Hum","Ing_x_Hum__Victim","Ing_x_Hum__Reject","Ing_x_Hum__Victim__Reject",0,0,0,1,0,0,"Victim__J_Out__C_Out__Reject","Victim__J_Out__C_Out__Reject",0,0,0,0,1,0,0,0,0,0,0,0,0,0,0,0,0,0,0,0,0,0,0,0,0,0,0,"J_Out__C_Out",,,0,0,0,1,0,0,0,0
164,5,1,"victim",0,19,1,2,1,2,1,1,TRUE,2.32142857142857,1.85714285714286,2.625,2.42857142857143,2.33333333333333,2,1,3,1,3,2,"Out","Cont","outgroup","control",1,0,0,0,0,1,"Out","Cont",,1,0,0,1,1,0,0,1,0,"Victim__J_Out__C_Cont",1,9,-9,"Ing_x_Hum","Ing_x_Hum__Victim","Ing_x_Hum__Reject","Ing_x_Hum__Victim__Reject",0,0,0,1,0,0,"Victim__J_Out__C_Cont__Reject","Victim__J_Out__C_Cont__Reject",0,0,0,0,0,0,0,1,0,0,0,0,0,0,0,0,0,0,0,0,0,0,0,0,0,0,0,"J_Out__C_Cont",,,0,0,0,0,0,0,1,0
164,5,2,"victim",0,19,1,2,1,2,1,1,TRUE,2.32142857142857,1.85714285714286,2.625,2.42857142857143,2.33333333333333,2,1,3,3,1,2,"Out","Cont","control","outgroup",0,1,0,,1,0,"Cont","Out",,1,0,0,1,0,1,1,0,0,"Victim__J_Cont__C_Out",1,6,-6,"Ing_x_Control","Ing_x_Control__Victim","Ing_x_Control__Accept","Ing_x_Control__Victim__Accept",0,0,0,0,0,1,"Victim__J_Cont__C_Out__Accept","Victim__J_Cont__C_Out__Accept",0,0,0,0,0,1,0,0,0,0,0,0,0,0,0,0,0,0,0,0,0,0,0,0,0,0,0,"J_Cont__C_Out",,,0,0,0,0,1,0,0,0
165,6,1,"victim",0,22,2,1,0,2,1,2,TRUE,2.35714285714286,1.85714285714286,2.625,2.42857142857143,2.5,2,2,1,2,1,2,"In","Out","ingroup","outgroup",0,0,0,1,1,1,"In","Out",,0,0,1,0,0,0,1,0,0,"Victim__J_In__C_Out",0,-3,3,"Ing_x_Ing","Ing_x_Ing__Victim","Ing_x_Ing__Accept","Ing_x_Ing__Victim__Accept",0,0,0,0,1,0,"Victim__J_In__C_Out__Accept","Victim__J_In__C_Out__Accept",0,0,0,1,0,0,0,0,0,0,0,0,0,0,0,0,0,0,0,0,0,0,0,0,0,0,0,"J_In__C_Out",,,0,0,1,0,0,0,0,0
165,6,2,"victim",0,22,2,1,0,2,1,2,TRUE,2.35714285714286,1.85714285714286,2.625,2.42857142857143,2.5,2,2,1,1,2,2,"In","Out","outgroup","ingroup",1,0,0,0,1,1,"Out","In",,0,0,1,0,1,0,0,0,0,"Victim__J_Out__C_In",0,-3,3,"Ing_x_Hum","Ing_x_Hum__Victim","Ing_x_Hum__Accept","Ing_x_Hum__Victim__Accept",0,0,0,1,0,0,"Victim__J_Out__C_In__Accept","Victim__J_Out__C_In__Accept",0,1,0,0,0,0,0,0,0,0,0,0,0,0,0,0,0,0,0,0,0,0,0,0,0,0,0,"J_Out__C_In",,,1,0,0,0,0,0,0,0
165,7,1,"victim",0,22,2,1,0,2,1,2,TRUE,2.35714285714286,1.85714285714286,2.625,2.42857142857143,2.5,2,3,3,3,3,2,"Cont","Cont","control","control",0,1,0,,1,0,"Cont","Cont",,0,1,0,1,0,1,0,1,0,"Victim__J_Cont__C_Cont",1,-3,3,"Ing_x_Control","Ing_x_Control__Victim","Ing_x_Control__Accept","Ing_x_Control__Victim__Accept",0,0,0,0,0,1,"Victim__J_Cont__C_Cont__Accept","Victim__J_Cont__C_Cont__Accept",0,0,0,0,0,0,0,0,1,0,0,0,0,0,0,0,0,0,0,0,0,0,0,0,0,0,0,"J_Cont__C_Cont",,,0,0,0,0,0,0,0,1
165,7,2,"victim",0,22,2,1,0,2,1,2,TRUE,2.35714285714286,1.85714285714286,2.625,2.42857142857143,2.5,2,3,3,3,3,2,"Cont","Cont","control","control",0,1,0,,0,1,"Cont","Cont",,0,1,0,1,0,1,0,1,0,"Victim__J_Cont__C_Cont",1,9,-9,"Ing_x_Control","Ing_x_Control__Victim","Ing_x_Control__Reject","Ing_x_Control__Victim__Reject",0,0,0,0,0,1,"Victim__J_Cont__C_Cont__Reject","Victim__J_Cont__C_Cont__Reject",0,0,0,0,0,0,0,0,1,0,0,0,0,0,0,0,0,0,0,0,0,0,0,0,0,0,0,"J_Cont__C_Cont",,,0,0,0,0,0,0,0,1
165,8,1,"victim",0,22,2,1,0,2,1,2,TRUE,2.35714285714286,1.85714285714286,2.625,2.42857142857143,2.5,2,3,3,3,3,2,"Cont","Cont","control","control",0,1,0,,1,0,"Cont","Cont",,0,1,0,1,0,1,0,1,0,"Victim__J_Cont__C_Cont",1,-3,3,"Ing_x_Control","Ing_x_Control__Victim","Ing_x_Control__Accept","Ing_x_Control__Victim__Accept",0,0,0,0,0,1,"Victim__J_Cont__C_Cont__Accept","Victim__J_Cont__C_Cont__Accept",0,0,0,0,0,0,0,0,1,0,0,0,0,0,0,0,0,0,0,0,0,0,0,0,0,0,0,"J_Cont__C_Cont",,,0,0,0,0,0,0,0,1
165,8,2,"victim",0,22,2,1,0,2,1,2,TRUE,2.35714285714286,1.85714285714286,2.625,2.42857142857143,2.5,2,3,3,3,3,2,"Cont","Cont","control","control",0,1,0,,0,1,"Cont","Cont",,0,1,0,1,0,1,0,1,0,"Victim__J_Cont__C_Cont",1,9,-9,"Ing_x_Control","Ing_x_Control__Victim","Ing_x_Control__Reject","Ing_x_Control__Victim__Reject",0,0,0,0,0,1,"Victim__J_Cont__C_Cont__Reject","Victim__J_Cont__C_Cont__Reject",0,0,0,0,0,0,0,0,1,0,0,0,0,0,0,0,0,0,0,0,0,0,0,0,0,0,0,"J_Cont__C_Cont",,,0,0,0,0,0,0,0,1
165,9,1,"victim",0,22,2,1,0,2,1,2,TRUE,2.35714285714286,1.85714285714286,2.625,2.42857142857143,2.5,2,3,1,3,1,2,"Cont","Out","control","outgroup",0,1,0,,1,1,"Cont","Out",,0,1,1,0,0,1,1,0,0,"Victim__J_Cont__C_Out",1,4,-4,"Ing_x_Control","Ing_x_Control__Victim","Ing_x_Control__Accept","Ing_x_Control__Victim__Accept",0,0,0,0,0,1,"Victim__J_Cont__C_Out__Accept","Victim__J_Cont__C_Out__Accept",0,0,0,0,0,1,0,0,0,0,0,0,0,0,0,0,0,0,0,0,0,0,0,0,0,0,0,"J_Cont__C_Out",,,0,0,0,0,1,0,0,0
165,9,2,"victim",0,22,2,1,0,2,1,2,TRUE,2.35714285714286,1.85714285714286,2.625,2.42857142857143,2.5,2,3,1,1,3,2,"Cont","Out","outgroup","control",1,0,0,0,1,1,"Out","Cont",,0,1,1,0,1,0,0,1,0,"Victim__J_Out__C_Cont",1,4,-4,"Ing_x_Hum","Ing_x_Hum__Victim","Ing_x_Hum__Accept","Ing_x_Hum__Victim__Accept",0,0,0,1,0,0,"Victim__J_Out__C_Cont__Accept","Victim__J_Out__C_Cont__Accept",0,0,0,0,0,0,0,1,0,0,0,0,0,0,0,0,0,0,0,0,0,0,0,0,0,0,0,"J_Out__C_Cont",,,0,0,0,0,0,0,1,0
165,10,1,"victim",0,22,2,1,0,2,1,2,TRUE,2.35714285714286,1.85714285714286,2.625,2.42857142857143,2.5,2,3,2,3,2,2,"Cont","In","control","ingroup",0,1,0,,0,1,"Cont","In",,0,1,0,0,0,1,0,0,0,"Victim__J_Cont__C_In",1,9,-9,"Ing_x_Control","Ing_x_Control__Victim","Ing_x_Control__Reject","Ing_x_Control__Victim__Reject",0,0,0,0,0,1,"Victim__J_Cont__C_In__Reject","Victim__J_Cont__C_In__Reject",0,0,1,0,0,0,0,0,0,0,0,0,0,0,0,0,0,0,0,0,0,0,0,0,0,0,0,"J_Cont__C_In",,,0,1,0,0,0,0,0,0
165,10,2,"victim",0,22,2,1,0,2,1,2,TRUE,2.35714285714286,1.85714285714286,2.625,2.42857142857143,2.5,2,3,2,2,3,2,"Cont","In","ingroup","control",0,0,0,1,1,0,"In","Cont",,0,1,0,0,0,0,0,1,0,"Victim__J_In__C_Cont",1,-4,4,"Ing_x_Ing","Ing_x_Ing__Victim","Ing_x_Ing__Accept","Ing_x_Ing__Victim__Accept",0,0,0,0,1,0,"Victim__J_In__C_Cont__Accept","Victim__J_In__C_Cont__Accept",0,0,0,0,0,0,1,0,0,0,0,0,0,0,0,0,0,0,0,0,0,0,0,0,0,0,0,"J_In__C_Cont",,,0,0,0,0,0,1,0,0
166,6,1,"victim",0,19,2,2,1,2,1,2,TRUE,2.39285714285714,2.57142857142857,1.875,3.28571428571429,1.83333333333333,2,2,1,2,1,2,"In","Out","ingroup","outgroup",0,0,0,1,1,1,"In","Out",,0,0,1,0,0,0,1,0,0,"Victim__J_In__C_Out",0,-5,5,"Ing_x_Ing","Ing_x_Ing__Victim","Ing_x_Ing__Accept","Ing_x_Ing__Victim__Accept",0,0,0,0,1,0,"Victim__J_In__C_Out__Accept","Victim__J_In__C_Out__Accept",0,0,0,1,0,0,0,0,0,0,0,0,0,0,0,0,0,0,0,0,0,0,0,0,0,0,0,"J_In__C_Out",,,0,0,1,0,0,0,0,0
166,6,2,"victim",0,19,2,2,1,2,1,2,TRUE,2.39285714285714,2.57142857142857,1.875,3.28571428571429,1.83333333333333,2,2,1,1,2,2,"In","Out","outgroup","ingroup",1,0,0,0,1,1,"Out","In",,0,0,1,0,1,0,0,0,0,"Victim__J_Out__C_In",0,-5,5,"Ing_x_Hum","Ing_x_Hum__Victim","Ing_x_Hum__Accept","Ing_x_Hum__Victim__Accept",0,0,0,1,0,0,"Victim__J_Out__C_In__Accept","Victim__J_Out__C_In__Accept",0,1,0,0,0,0,0,0,0,0,0,0,0,0,0,0,0,0,0,0,0,0,0,0,0,0,0,"J_Out__C_In",,,1,0,0,0,0,0,0,0
166,7,1,"victim",0,19,2,2,1,2,1,2,TRUE,2.39285714285714,2.57142857142857,1.875,3.28571428571429,1.83333333333333,2,2,2,2,2,2,"In","In","ingroup","ingroup",0,0,0,1,0,0,"In","In",,0,0,0,0,0,0,0,0,0,"Victim__J_In__C_In",0,9,-9,"Ing_x_Ing","Ing_x_Ing__Victim","Ing_x_Ing__Reject","Ing_x_Ing__Victim__Reject",0,0,0,0,1,0,"Victim__J_In__C_In__Reject","Victim__J_In__C_In__Reject",1,0,0,0,0,0,0,0,0,0,0,0,0,0,0,0,0,0,0,0,0,0,0,0,0,0,0,"J_In__C_In",,,0,0,0,0,0,0,0,0
166,7,2,"victim",0,19,2,2,1,2,1,2,TRUE,2.39285714285714,2.57142857142857,1.875,3.28571428571429,1.83333333333333,2,2,2,2,2,2,"In","In","ingroup","ingroup",0,0,0,1,0,0,"In","In",,0,0,0,0,0,0,0,0,0,"Victim__J_In__C_In",0,9,-9,"Ing_x_Ing","Ing_x_Ing__Victim","Ing_x_Ing__Reject","Ing_x_Ing__Victim__Reject",0,0,0,0,1,0,"Victim__J_In__C_In__Reject","Victim__J_In__C_In__Reject",1,0,0,0,0,0,0,0,0,0,0,0,0,0,0,0,0,0,0,0,0,0,0,0,0,0,0,"J_In__C_In",,,0,0,0,0,0,0,0,0
166,8,1,"victim",0,19,2,2,1,2,1,2,TRUE,2.39285714285714,2.57142857142857,1.875,3.28571428571429,1.83333333333333,2,3,3,3,3,2,"Cont","Cont","control","control",0,1,0,,0,0,"Cont","Cont",,0,1,0,1,0,1,0,1,0,"Victim__J_Cont__C_Cont",1,9,-9,"Ing_x_Control","Ing_x_Control__Victim","Ing_x_Control__Reject","Ing_x_Control__Victim__Reject",0,0,0,0,0,1,"Victim__J_Cont__C_Cont__Reject","Victim__J_Cont__C_Cont__Reject",0,0,0,0,0,0,0,0,1,0,0,0,0,0,0,0,0,0,0,0,0,0,0,0,0,0,0,"J_Cont__C_Cont",,,0,0,0,0,0,0,0,1
166,8,2,"victim",0,19,2,2,1,2,1,2,TRUE,2.39285714285714,2.57142857142857,1.875,3.28571428571429,1.83333333333333,2,3,3,3,3,2,"Cont","Cont","control","control",0,1,0,,0,0,"Cont","Cont",,0,1,0,1,0,1,0,1,0,"Victim__J_Cont__C_Cont",1,9,-9,"Ing_x_Control","Ing_x_Control__Victim","Ing_x_Control__Reject","Ing_x_Control__Victim__Reject",0,0,0,0,0,1,"Victim__J_Cont__C_Cont__Reject","Victim__J_Cont__C_Cont__Reject",0,0,0,0,0,0,0,0,1,0,0,0,0,0,0,0,0,0,0,0,0,0,0,0,0,0,0,"J_Cont__C_Cont",,,0,0,0,0,0,0,0,1
166,9,1,"victim",0,19,2,2,1,2,1,2,TRUE,2.39285714285714,2.57142857142857,1.875,3.28571428571429,1.83333333333333,2,3,2,3,2,2,"Cont","In","control","ingroup",0,1,0,,1,1,"Cont","In",,0,1,0,0,0,1,0,0,0,"Victim__J_Cont__C_In",1,-6,6,"Ing_x_Control","Ing_x_Control__Victim","Ing_x_Control__Accept","Ing_x_Control__Victim__Accept",0,0,0,0,0,1,"Victim__J_Cont__C_In__Accept","Victim__J_Cont__C_In__Accept",0,0,1,0,0,0,0,0,0,0,0,0,0,0,0,0,0,0,0,0,0,0,0,0,0,0,0,"J_Cont__C_In",,,0,1,0,0,0,0,0,0
166,9,2,"victim",0,19,2,2,1,2,1,2,TRUE,2.39285714285714,2.57142857142857,1.875,3.28571428571429,1.83333333333333,2,3,2,2,3,2,"Cont","In","ingroup","control",0,0,0,1,1,1,"In","Cont",,0,1,0,0,0,0,0,1,0,"Victim__J_In__C_Cont",1,-6,6,"Ing_x_Ing","Ing_x_Ing__Victim","Ing_x_Ing__Accept","Ing_x_Ing__Victim__Accept",0,0,0,0,1,0,"Victim__J_In__C_Cont__Accept","Victim__J_In__C_Cont__Accept",0,0,0,0,0,0,1,0,0,0,0,0,0,0,0,0,0,0,0,0,0,0,0,0,0,0,0,"J_In__C_Cont",,,0,0,0,0,0,1,0,0
166,10,1,"victim",0,19,2,2,1,2,1,2,TRUE,2.39285714285714,2.57142857142857,1.875,3.28571428571429,1.83333333333333,2,3,2,3,2,2,"Cont","In","control","ingroup",0,1,0,,0,0,"Cont","In",,0,1,0,0,0,1,0,0,0,"Victim__J_Cont__C_In",1,9,-9,"Ing_x_Control","Ing_x_Control__Victim","Ing_x_Control__Reject","Ing_x_Control__Victim__Reject",0,0,0,0,0,1,"Victim__J_Cont__C_In__Reject","Victim__J_Cont__C_In__Reject",0,0,1,0,0,0,0,0,0,0,0,0,0,0,0,0,0,0,0,0,0,0,0,0,0,0,0,"J_Cont__C_In",,,0,1,0,0,0,0,0,0
166,10,2,"victim",0,19,2,2,1,2,1,2,TRUE,2.39285714285714,2.57142857142857,1.875,3.28571428571429,1.83333333333333,2,3,2,2,3,2,"Cont","In","ingroup","control",0,0,0,1,0,0,"In","Cont",,0,1,0,0,0,0,0,1,0,"Victim__J_In__C_Cont",1,9,-9,"Ing_x_Ing","Ing_x_Ing__Victim","Ing_x_Ing__Reject","Ing_x_Ing__Victim__Reject",0,0,0,0,1,0,"Victim__J_In__C_Cont__Reject","Victim__J_In__C_Cont__Reject",0,0,0,0,0,0,1,0,0,0,0,0,0,0,0,0,0,0,0,0,0,0,0,0,0,0,0,"J_In__C_Cont",,,0,0,0,0,0,1,0,0
167,1,1,"victim",0,21,1,1,0,2,1,1,TRUE,2.14285714285714,1.85714285714286,2.25,2.14285714285714,2.33333333333333,2,3,2,3,2,2,"Cont","In","control","ingroup",0,1,0,,0,1,"Cont","In",,0,1,0,0,0,1,0,0,0,"Victim__J_Cont__C_In",1,8,-8,"Ing_x_Control","Ing_x_Control__Victim","Ing_x_Control__Reject","Ing_x_Control__Victim__Reject",0,0,0,0,0,1,"Victim__J_Cont__C_In__Reject","Victim__J_Cont__C_In__Reject",0,0,1,0,0,0,0,0,0,0,0,0,0,0,0,0,0,0,0,0,0,0,0,0,0,0,0,"J_Cont__C_In",,,0,1,0,0,0,0,0,0
167,1,2,"victim",0,21,1,1,0,2,1,1,TRUE,2.14285714285714,1.85714285714286,2.25,2.14285714285714,2.33333333333333,2,3,2,2,3,2,"Cont","In","ingroup","control",0,0,0,1,1,0,"In","Cont",,0,1,0,0,0,0,0,1,0,"Victim__J_In__C_Cont",1,-3,3,"Ing_x_Ing","Ing_x_Ing__Victim","Ing_x_Ing__Accept","Ing_x_Ing__Victim__Accept",0,0,0,0,1,0,"Victim__J_In__C_Cont__Accept","Victim__J_In__C_Cont__Accept",0,0,0,0,0,0,1,0,0,0,0,0,0,0,0,0,0,0,0,0,0,0,0,0,0,0,0,"J_In__C_Cont",,,0,0,0,0,0,1,0,0
167,2,1,"victim",0,21,1,1,0,2,1,1,TRUE,2.14285714285714,1.85714285714286,2.25,2.14285714285714,2.33333333333333,2,1,2,1,2,2,"Out","In","outgroup","ingroup",1,0,0,0,0,1,"Out","In",,1,0,0,0,1,0,0,0,0,"Victim__J_Out__C_In",0,-5,5,"Ing_x_Hum","Ing_x_Hum__Victim","Ing_x_Hum__Reject","Ing_x_Hum__Victim__Reject",0,0,0,1,0,0,"Victim__J_Out__C_In__Reject","Victim__J_Out__C_In__Reject",0,1,0,0,0,0,0,0,0,0,0,0,0,0,0,0,0,0,0,0,0,0,0,0,0,0,0,"J_Out__C_In",,,1,0,0,0,0,0,0,0
167,2,2,"victim",0,21,1,1,0,2,1,1,TRUE,2.14285714285714,1.85714285714286,2.25,2.14285714285714,2.33333333333333,2,1,2,2,1,2,"Out","In","ingroup","outgroup",0,0,0,1,1,0,"In","Out",,1,0,0,0,0,0,1,0,0,"Victim__J_In__C_Out",0,4,-4,"Ing_x_Ing","Ing_x_Ing__Victim","Ing_x_Ing__Accept","Ing_x_Ing__Victim__Accept",0,0,0,0,1,0,"Victim__J_In__C_Out__Accept","Victim__J_In__C_Out__Accept",0,0,0,1,0,0,0,0,0,0,0,0,0,0,0,0,0,0,0,0,0,0,0,0,0,0,0,"J_In__C_Out",,,0,0,1,0,0,0,0,0
167,3,1,"victim",0,21,1,1,0,2,1,1,TRUE,2.14285714285714,1.85714285714286,2.25,2.14285714285714,2.33333333333333,2,2,1,2,1,2,"In","Out","ingroup","outgroup",0,0,0,1,0,1,"In","Out",,0,0,1,0,0,0,1,0,0,"Victim__J_In__C_Out",0,6,-6,"Ing_x_Ing","Ing_x_Ing__Victim","Ing_x_Ing__Reject","Ing_x_Ing__Victim__Reject",0,0,0,0,1,0,"Victim__J_In__C_Out__Reject","Victim__J_In__C_Out__Reject",0,0,0,1,0,0,0,0,0,0,0,0,0,0,0,0,0,0,0,0,0,0,0,0,0,0,0,"J_In__C_Out",,,0,0,1,0,0,0,0,0
167,3,2,"victim",0,21,1,1,0,2,1,1,TRUE,2.14285714285714,1.85714285714286,2.25,2.14285714285714,2.33333333333333,2,2,1,1,2,2,"In","Out","outgroup","ingroup",1,0,0,0,1,0,"Out","In",,0,0,1,0,1,0,0,0,0,"Victim__J_Out__C_In",0,-5,5,"Ing_x_Hum","Ing_x_Hum__Victim","Ing_x_Hum__Accept","Ing_x_Hum__Victim__Accept",0,0,0,1,0,0,"Victim__J_Out__C_In__Accept","Victim__J_Out__C_In__Accept",0,1,0,0,0,0,0,0,0,0,0,0,0,0,0,0,0,0,0,0,0,0,0,0,0,0,0,"J_Out__C_In",,,1,0,0,0,0,0,0,0
167,4,1,"victim",0,21,1,1,0,2,1,1,TRUE,2.14285714285714,1.85714285714286,2.25,2.14285714285714,2.33333333333333,2,3,2,3,2,2,"Cont","In","control","ingroup",0,1,0,,0,1,"Cont","In",,0,1,0,0,0,1,0,0,0,"Victim__J_Cont__C_In",1,5,-5,"Ing_x_Control","Ing_x_Control__Victim","Ing_x_Control__Reject","Ing_x_Control__Victim__Reject",0,0,0,0,0,1,"Victim__J_Cont__C_In__Reject","Victim__J_Cont__C_In__Reject",0,0,1,0,0,0,0,0,0,0,0,0,0,0,0,0,0,0,0,0,0,0,0,0,0,0,0,"J_Cont__C_In",,,0,1,0,0,0,0,0,0
167,4,2,"victim",0,21,1,1,0,2,1,1,TRUE,2.14285714285714,1.85714285714286,2.25,2.14285714285714,2.33333333333333,2,3,2,2,3,2,"Cont","In","ingroup","control",0,0,0,1,1,0,"In","Cont",,0,1,0,0,0,0,0,1,0,"Victim__J_In__C_Cont",1,-4,4,"Ing_x_Ing","Ing_x_Ing__Victim","Ing_x_Ing__Accept","Ing_x_Ing__Victim__Accept",0,0,0,0,1,0,"Victim__J_In__C_Cont__Accept","Victim__J_In__C_Cont__Accept",0,0,0,0,0,0,1,0,0,0,0,0,0,0,0,0,0,0,0,0,0,0,0,0,0,0,0,"J_In__C_Cont",,,0,0,0,0,0,1,0,0
167,5,1,"victim",0,21,1,1,0,2,1,1,TRUE,2.14285714285714,1.85714285714286,2.25,2.14285714285714,2.33333333333333,2,3,3,3,3,2,"Cont","Cont","control","control",0,1,0,,0,1,"Cont","Cont",,0,1,0,1,0,1,0,1,0,"Victim__J_Cont__C_Cont",1,5,-5,"Ing_x_Control","Ing_x_Control__Victim","Ing_x_Control__Reject","Ing_x_Control__Victim__Reject",0,0,0,0,0,1,"Victim__J_Cont__C_Cont__Reject","Victim__J_Cont__C_Cont__Reject",0,0,0,0,0,0,0,0,1,0,0,0,0,0,0,0,0,0,0,0,0,0,0,0,0,0,0,"J_Cont__C_Cont",,,0,0,0,0,0,0,0,1
167,5,2,"victim",0,21,1,1,0,2,1,1,TRUE,2.14285714285714,1.85714285714286,2.25,2.14285714285714,2.33333333333333,2,3,3,3,3,2,"Cont","Cont","control","control",0,1,0,,1,0,"Cont","Cont",,0,1,0,1,0,1,0,1,0,"Victim__J_Cont__C_Cont",1,-3,3,"Ing_x_Control","Ing_x_Control__Victim","Ing_x_Control__Accept","Ing_x_Control__Victim__Accept",0,0,0,0,0,1,"Victim__J_Cont__C_Cont__Accept","Victim__J_Cont__C_Cont__Accept",0,0,0,0,0,0,0,0,1,0,0,0,0,0,0,0,0,0,0,0,0,0,0,0,0,0,0,"J_Cont__C_Cont",,,0,0,0,0,0,0,0,1
168,6,1,"victim",0,24,2,1,0,1,0,2,TRUE,2.85714285714286,2.42857142857143,3,3.42857142857143,2.5,1,3,2,3,2,1,"Cont","Out","control","outgroup",0,1,0,,1,1,"Cont","Out",,0,1,1,0,0,1,1,0,0,"Victim__J_Cont__C_Out",1,-9,9,"Hum_x_Control","Hum_x_Control__Victim","Hum_x_Control__Accept","Hum_x_Control__Victim__Accept",0,0,1,0,0,0,"Victim__J_Cont__C_Out__Accept","Victim__J_Cont__C_Out__Accept",0,0,0,0,0,1,0,0,0,0,0,0,0,0,0,0,0,0,0,0,0,0,0,0,0,0,0,"J_Cont__C_Out",,,0,0,0,0,1,0,0,0
168,6,2,"victim",0,24,2,1,0,1,0,2,TRUE,2.85714285714286,2.42857142857143,3,3.42857142857143,2.5,1,3,2,2,3,1,"Cont","Out","outgroup","control",1,0,0,0,1,1,"Out","Cont",,0,1,1,0,1,0,0,1,0,"Victim__J_Out__C_Cont",1,-9,9,"Hum_x_Ing","Hum_x_Ing__Victim","Hum_x_Ing__Accept","Hum_x_Ing__Victim__Accept",0,1,0,0,0,0,"Victim__J_Out__C_Cont__Accept","Victim__J_Out__C_Cont__Accept",0,0,0,0,0,0,0,1,0,0,0,0,0,0,0,0,0,0,0,0,0,0,0,0,0,0,0,"J_Out__C_Cont",,,0,0,0,0,0,0,1,0
168,7,1,"victim",0,24,2,1,0,1,0,2,TRUE,2.85714285714286,2.42857142857143,3,3.42857142857143,2.5,1,1,1,1,1,1,"In","In","ingroup","ingroup",0,0,0,1,1,0,"In","In",,0,0,0,0,0,0,0,0,0,"Victim__J_In__C_In",0,-9,9,"Hum_x_Hum","Hum_x_Hum__Victim","Hum_x_Hum__Accept","Hum_x_Hum__Victim__Accept",1,0,0,0,0,0,"Victim__J_In__C_In__Accept","Victim__J_In__C_In__Accept",1,0,0,0,0,0,0,0,0,0,0,0,0,0,0,0,0,0,0,0,0,0,0,0,0,0,0,"J_In__C_In",,,0,0,0,0,0,0,0,0
168,7,2,"victim",0,24,2,1,0,1,0,2,TRUE,2.85714285714286,2.42857142857143,3,3.42857142857143,2.5,1,1,1,1,1,1,"In","In","ingroup","ingroup",0,0,0,1,0,1,"In","In",,0,0,0,0,0,0,0,0,0,"Victim__J_In__C_In",0,9,-9,"Hum_x_Hum","Hum_x_Hum__Victim","Hum_x_Hum__Reject","Hum_x_Hum__Victim__Reject",1,0,0,0,0,0,"Victim__J_In__C_In__Reject","Victim__J_In__C_In__Reject",1,0,0,0,0,0,0,0,0,0,0,0,0,0,0,0,0,0,0,0,0,0,0,0,0,0,0,"J_In__C_In",,,0,0,0,0,0,0,0,0
168,8,1,"victim",0,24,2,1,0,1,0,2,TRUE,2.85714285714286,2.42857142857143,3,3.42857142857143,2.5,1,3,2,3,2,1,"Cont","Out","control","outgroup",0,1,0,,1,0,"Cont","Out",,0,1,1,0,0,1,1,0,0,"Victim__J_Cont__C_Out",1,-9,9,"Hum_x_Control","Hum_x_Control__Victim","Hum_x_Control__Accept","Hum_x_Control__Victim__Accept",0,0,1,0,0,0,"Victim__J_Cont__C_Out__Accept","Victim__J_Cont__C_Out__Accept",0,0,0,0,0,1,0,0,0,0,0,0,0,0,0,0,0,0,0,0,0,0,0,0,0,0,0,"J_Cont__C_Out",,,0,0,0,0,1,0,0,0
168,8,2,"victim",0,24,2,1,0,1,0,2,TRUE,2.85714285714286,2.42857142857143,3,3.42857142857143,2.5,1,3,2,2,3,1,"Cont","Out","outgroup","control",1,0,0,0,0,1,"Out","Cont",,0,1,1,0,1,0,0,1,0,"Victim__J_Out__C_Cont",1,9,-9,"Hum_x_Ing","Hum_x_Ing__Victim","Hum_x_Ing__Reject","Hum_x_Ing__Victim__Reject",0,1,0,0,0,0,"Victim__J_Out__C_Cont__Reject","Victim__J_Out__C_Cont__Reject",0,0,0,0,0,0,0,1,0,0,0,0,0,0,0,0,0,0,0,0,0,0,0,0,0,0,0,"J_Out__C_Cont",,,0,0,0,0,0,0,1,0
168,9,1,"victim",0,24,2,1,0,1,0,2,TRUE,2.85714285714286,2.42857142857143,3,3.42857142857143,2.5,1,1,3,1,3,1,"In","Cont","ingroup","control",0,0,0,1,0,1,"In","Cont",,0,0,0,1,0,0,0,1,0,"Victim__J_In__C_Cont",1,9,-9,"Hum_x_Hum","Hum_x_Hum__Victim","Hum_x_Hum__Reject","Hum_x_Hum__Victim__Reject",1,0,0,0,0,0,"Victim__J_In__C_Cont__Reject","Victim__J_In__C_Cont__Reject",0,0,0,0,0,0,1,0,0,0,0,0,0,0,0,0,0,0,0,0,0,0,0,0,0,0,0,"J_In__C_Cont",,,0,0,0,0,0,1,0,0
168,9,2,"victim",0,24,2,1,0,1,0,2,TRUE,2.85714285714286,2.42857142857143,3,3.42857142857143,2.5,1,1,3,3,1,1,"In","Cont","control","ingroup",0,1,0,,1,0,"Cont","In",,0,0,0,1,0,1,0,0,0,"Victim__J_Cont__C_In",1,-9,9,"Hum_x_Control","Hum_x_Control__Victim","Hum_x_Control__Accept","Hum_x_Control__Victim__Accept",0,0,1,0,0,0,"Victim__J_Cont__C_In__Accept","Victim__J_Cont__C_In__Accept",0,0,1,0,0,0,0,0,0,0,0,0,0,0,0,0,0,0,0,0,0,0,0,0,0,0,0,"J_Cont__C_In",,,0,1,0,0,0,0,0,0
168,10,1,"victim",0,24,2,1,0,1,0,2,TRUE,2.85714285714286,2.42857142857143,3,3.42857142857143,2.5,1,2,3,2,3,1,"Out","Cont","outgroup","control",1,0,0,0,0,0,"Out","Cont",,1,0,0,1,1,0,0,1,0,"Victim__J_Out__C_Cont",1,9,-9,"Hum_x_Ing","Hum_x_Ing__Victim","Hum_x_Ing__Reject","Hum_x_Ing__Victim__Reject",0,1,0,0,0,0,"Victim__J_Out__C_Cont__Reject","Victim__J_Out__C_Cont__Reject",0,0,0,0,0,0,0,1,0,0,0,0,0,0,0,0,0,0,0,0,0,0,0,0,0,0,0,"J_Out__C_Cont",,,0,0,0,0,0,0,1,0
168,10,2,"victim",0,24,2,1,0,1,0,2,TRUE,2.85714285714286,2.42857142857143,3,3.42857142857143,2.5,1,2,3,3,2,1,"Out","Cont","control","outgroup",0,1,0,,0,0,"Cont","Out",,1,0,0,1,0,1,1,0,0,"Victim__J_Cont__C_Out",1,9,-9,"Hum_x_Control","Hum_x_Control__Victim","Hum_x_Control__Reject","Hum_x_Control__Victim__Reject",0,0,1,0,0,0,"Victim__J_Cont__C_Out__Reject","Victim__J_Cont__C_Out__Reject",0,0,0,0,0,1,0,0,0,0,0,0,0,0,0,0,0,0,0,0,0,0,0,0,0,0,0,"J_Cont__C_Out",,,0,0,0,0,1,0,0,0
169,1,1,"victim",0,18,1,2,1,2,1,1,TRUE,2.21428571428571,1.57142857142857,2.5,2.57142857142857,2.16666666666667,2,2,1,2,1,2,"In","Out","ingroup","outgroup",0,0,0,1,0,0,"In","Out",,0,0,1,0,0,0,1,0,0,"Victim__J_In__C_Out",0,9,-9,"Ing_x_Ing","Ing_x_Ing__Victim","Ing_x_Ing__Reject","Ing_x_Ing__Victim__Reject",0,0,0,0,1,0,"Victim__J_In__C_Out__Reject","Victim__J_In__C_Out__Reject",0,0,0,1,0,0,0,0,0,0,0,0,0,0,0,0,0,0,0,0,0,0,0,0,0,0,0,"J_In__C_Out",,,0,0,1,0,0,0,0,0
169,1,2,"victim",0,18,1,2,1,2,1,1,TRUE,2.21428571428571,1.57142857142857,2.5,2.57142857142857,2.16666666666667,2,2,1,1,2,2,"In","Out","outgroup","ingroup",1,0,0,0,0,0,"Out","In",,0,0,1,0,1,0,0,0,0,"Victim__J_Out__C_In",0,9,-9,"Ing_x_Hum","Ing_x_Hum__Victim","Ing_x_Hum__Reject","Ing_x_Hum__Victim__Reject",0,0,0,1,0,0,"Victim__J_Out__C_In__Reject","Victim__J_Out__C_In__Reject",0,1,0,0,0,0,0,0,0,0,0,0,0,0,0,0,0,0,0,0,0,0,0,0,0,0,0,"J_Out__C_In",,,1,0,0,0,0,0,0,0
169,2,1,"victim",0,18,1,2,1,2,1,1,TRUE,2.21428571428571,1.57142857142857,2.5,2.57142857142857,2.16666666666667,2,2,1,2,1,2,"In","Out","ingroup","outgroup",0,0,0,1,0,1,"In","Out",,0,0,1,0,0,0,1,0,0,"Victim__J_In__C_Out",0,9,-9,"Ing_x_Ing","Ing_x_Ing__Victim","Ing_x_Ing__Reject","Ing_x_Ing__Victim__Reject",0,0,0,0,1,0,"Victim__J_In__C_Out__Reject","Victim__J_In__C_Out__Reject",0,0,0,1,0,0,0,0,0,0,0,0,0,0,0,0,0,0,0,0,0,0,0,0,0,0,0,"J_In__C_Out",,,0,0,1,0,0,0,0,0
169,2,2,"victim",0,18,1,2,1,2,1,1,TRUE,2.21428571428571,1.57142857142857,2.5,2.57142857142857,2.16666666666667,2,2,1,1,2,2,"In","Out","outgroup","ingroup",1,0,0,0,1,0,"Out","In",,0,0,1,0,1,0,0,0,0,"Victim__J_Out__C_In",0,-6,6,"Ing_x_Hum","Ing_x_Hum__Victim","Ing_x_Hum__Accept","Ing_x_Hum__Victim__Accept",0,0,0,1,0,0,"Victim__J_Out__C_In__Accept","Victim__J_Out__C_In__Accept",0,1,0,0,0,0,0,0,0,0,0,0,0,0,0,0,0,0,0,0,0,0,0,0,0,0,0,"J_Out__C_In",,,1,0,0,0,0,0,0,0
169,3,1,"victim",0,18,1,2,1,2,1,1,TRUE,2.21428571428571,1.57142857142857,2.5,2.57142857142857,2.16666666666667,2,1,3,1,3,2,"Out","Cont","outgroup","control",1,0,0,0,1,1,"Out","Cont",,1,0,0,1,1,0,0,1,0,"Victim__J_Out__C_Cont",1,-8,8,"Ing_x_Hum","Ing_x_Hum__Victim","Ing_x_Hum__Accept","Ing_x_Hum__Victim__Accept",0,0,0,1,0,0,"Victim__J_Out__C_Cont__Accept","Victim__J_Out__C_Cont__Accept",0,0,0,0,0,0,0,1,0,0,0,0,0,0,0,0,0,0,0,0,0,0,0,0,0,0,0,"J_Out__C_Cont",,,0,0,0,0,0,0,1,0
169,3,2,"victim",0,18,1,2,1,2,1,1,TRUE,2.21428571428571,1.57142857142857,2.5,2.57142857142857,2.16666666666667,2,1,3,3,1,2,"Out","Cont","control","outgroup",0,1,0,,1,1,"Cont","Out",,1,0,0,1,0,1,1,0,0,"Victim__J_Cont__C_Out",1,-8,8,"Ing_x_Control","Ing_x_Control__Victim","Ing_x_Control__Accept","Ing_x_Control__Victim__Accept",0,0,0,0,0,1,"Victim__J_Cont__C_Out__Accept","Victim__J_Cont__C_Out__Accept",0,0,0,0,0,1,0,0,0,0,0,0,0,0,0,0,0,0,0,0,0,0,0,0,0,0,0,"J_Cont__C_Out",,,0,0,0,0,1,0,0,0
169,4,1,"victim",0,18,1,2,1,2,1,1,TRUE,2.21428571428571,1.57142857142857,2.5,2.57142857142857,2.16666666666667,2,3,2,3,2,2,"Cont","In","control","ingroup",0,1,0,,1,0,"Cont","In",,0,1,0,0,0,1,0,0,0,"Victim__J_Cont__C_In",1,-8,8,"Ing_x_Control","Ing_x_Control__Victim","Ing_x_Control__Accept","Ing_x_Control__Victim__Accept",0,0,0,0,0,1,"Victim__J_Cont__C_In__Accept","Victim__J_Cont__C_In__Accept",0,0,1,0,0,0,0,0,0,0,0,0,0,0,0,0,0,0,0,0,0,0,0,0,0,0,0,"J_Cont__C_In",,,0,1,0,0,0,0,0,0
169,4,2,"victim",0,18,1,2,1,2,1,1,TRUE,2.21428571428571,1.57142857142857,2.5,2.57142857142857,2.16666666666667,2,3,2,2,3,2,"Cont","In","ingroup","control",0,0,0,1,0,1,"In","Cont",,0,1,0,0,0,0,0,1,0,"Victim__J_In__C_Cont",1,8,-8,"Ing_x_Ing","Ing_x_Ing__Victim","Ing_x_Ing__Reject","Ing_x_Ing__Victim__Reject",0,0,0,0,1,0,"Victim__J_In__C_Cont__Reject","Victim__J_In__C_Cont__Reject",0,0,0,0,0,0,1,0,0,0,0,0,0,0,0,0,0,0,0,0,0,0,0,0,0,0,0,"J_In__C_Cont",,,0,0,0,0,0,1,0,0
169,5,1,"victim",0,18,1,2,1,2,1,1,TRUE,2.21428571428571,1.57142857142857,2.5,2.57142857142857,2.16666666666667,2,1,1,1,1,2,"Out","Out","outgroup","outgroup",1,0,0,0,1,1,"Out","Out",,1,0,1,0,1,0,1,0,0,"Victim__J_Out__C_Out",0,-8,8,"Ing_x_Hum","Ing_x_Hum__Victim","Ing_x_Hum__Accept","Ing_x_Hum__Victim__Accept",0,0,0,1,0,0,"Victim__J_Out__C_Out__Accept","Victim__J_Out__C_Out__Accept",0,0,0,0,1,0,0,0,0,0,0,0,0,0,0,0,0,0,0,0,0,0,0,0,0,0,0,"J_Out__C_Out",,,0,0,0,1,0,0,0,0
169,5,2,"victim",0,18,1,2,1,2,1,1,TRUE,2.21428571428571,1.57142857142857,2.5,2.57142857142857,2.16666666666667,2,1,1,1,1,2,"Out","Out","outgroup","outgroup",1,0,0,0,1,1,"Out","Out",,1,0,1,0,1,0,1,0,0,"Victim__J_Out__C_Out",0,-8,8,"Ing_x_Hum","Ing_x_Hum__Victim","Ing_x_Hum__Accept","Ing_x_Hum__Victim__Accept",0,0,0,1,0,0,"Victim__J_Out__C_Out__Accept","Victim__J_Out__C_Out__Accept",0,0,0,0,1,0,0,0,0,0,0,0,0,0,0,0,0,0,0,0,0,0,0,0,0,0,0,"J_Out__C_Out",,,0,0,0,1,0,0,0,0
170,6,1,"victim",0,18,3,2,1,2,1,2,TRUE,1.53571428571429,0.714285714285714,1.75,2,1.66666666666667,2,3,1,3,1,2,"Cont","Out","control","outgroup",0,1,0,,1,0,"Cont","Out",,0,1,1,0,0,1,1,0,0,"Victim__J_Cont__C_Out",1,-7,7,"Ing_x_Control","Ing_x_Control__Victim","Ing_x_Control__Accept","Ing_x_Control__Victim__Accept",0,0,0,0,0,1,"Victim__J_Cont__C_Out__Accept","Victim__J_Cont__C_Out__Accept",0,0,0,0,0,1,0,0,0,0,0,0,0,0,0,0,0,0,0,0,0,0,0,0,0,0,0,"J_Cont__C_Out",,,0,0,0,0,1,0,0,0
170,6,2,"victim",0,18,3,2,1,2,1,2,TRUE,1.53571428571429,0.714285714285714,1.75,2,1.66666666666667,2,3,1,1,3,2,"Cont","Out","outgroup","control",1,0,0,0,0,1,"Out","Cont",,0,1,1,0,1,0,0,1,0,"Victim__J_Out__C_Cont",1,8,-8,"Ing_x_Hum","Ing_x_Hum__Victim","Ing_x_Hum__Reject","Ing_x_Hum__Victim__Reject",0,0,0,1,0,0,"Victim__J_Out__C_Cont__Reject","Victim__J_Out__C_Cont__Reject",0,0,0,0,0,0,0,1,0,0,0,0,0,0,0,0,0,0,0,0,0,0,0,0,0,0,0,"J_Out__C_Cont",,,0,0,0,0,0,0,1,0
170,7,1,"victim",0,18,3,2,1,2,1,2,TRUE,1.53571428571429,0.714285714285714,1.75,2,1.66666666666667,2,2,3,2,3,2,"In","Cont","ingroup","control",0,0,0,1,0,0,"In","Cont",,0,0,0,1,0,0,0,1,0,"Victim__J_In__C_Cont",1,9,-9,"Ing_x_Ing","Ing_x_Ing__Victim","Ing_x_Ing__Reject","Ing_x_Ing__Victim__Reject",0,0,0,0,1,0,"Victim__J_In__C_Cont__Reject","Victim__J_In__C_Cont__Reject",0,0,0,0,0,0,1,0,0,0,0,0,0,0,0,0,0,0,0,0,0,0,0,0,0,0,0,"J_In__C_Cont",,,0,0,0,0,0,1,0,0
170,7,2,"victim",0,18,3,2,1,2,1,2,TRUE,1.53571428571429,0.714285714285714,1.75,2,1.66666666666667,2,2,3,3,2,2,"In","Cont","control","ingroup",0,1,0,,0,0,"Cont","In",,0,0,0,1,0,1,0,0,0,"Victim__J_Cont__C_In",1,9,-9,"Ing_x_Control","Ing_x_Control__Victim","Ing_x_Control__Reject","Ing_x_Control__Victim__Reject",0,0,0,0,0,1,"Victim__J_Cont__C_In__Reject","Victim__J_Cont__C_In__Reject",0,0,1,0,0,0,0,0,0,0,0,0,0,0,0,0,0,0,0,0,0,0,0,0,0,0,0,"J_Cont__C_In",,,0,1,0,0,0,0,0,0
170,8,1,"victim",0,18,3,2,1,2,1,2,TRUE,1.53571428571429,0.714285714285714,1.75,2,1.66666666666667,2,3,2,3,2,2,"Cont","In","control","ingroup",0,1,0,,1,0,"Cont","In",,0,1,0,0,0,1,0,0,0,"Victim__J_Cont__C_In",1,-9,9,"Ing_x_Control","Ing_x_Control__Victim","Ing_x_Control__Accept","Ing_x_Control__Victim__Accept",0,0,0,0,0,1,"Victim__J_Cont__C_In__Accept","Victim__J_Cont__C_In__Accept",0,0,1,0,0,0,0,0,0,0,0,0,0,0,0,0,0,0,0,0,0,0,0,0,0,0,0,"J_Cont__C_In",,,0,1,0,0,0,0,0,0
170,8,2,"victim",0,18,3,2,1,2,1,2,TRUE,1.53571428571429,0.714285714285714,1.75,2,1.66666666666667,2,3,2,2,3,2,"Cont","In","ingroup","control",0,0,0,1,0,1,"In","Cont",,0,1,0,0,0,0,0,1,0,"Victim__J_In__C_Cont",1,7,-7,"Ing_x_Ing","Ing_x_Ing__Victim","Ing_x_Ing__Reject","Ing_x_Ing__Victim__Reject",0,0,0,0,1,0,"Victim__J_In__C_Cont__Reject","Victim__J_In__C_Cont__Reject",0,0,0,0,0,0,1,0,0,0,0,0,0,0,0,0,0,0,0,0,0,0,0,0,0,0,0,"J_In__C_Cont",,,0,0,0,0,0,1,0,0
170,9,1,"victim",0,18,3,2,1,2,1,2,TRUE,1.53571428571429,0.714285714285714,1.75,2,1.66666666666667,2,2,3,2,3,2,"In","Cont","ingroup","control",0,0,0,1,0,1,"In","Cont",,0,0,0,1,0,0,0,1,0,"Victim__J_In__C_Cont",1,9,-9,"Ing_x_Ing","Ing_x_Ing__Victim","Ing_x_Ing__Reject","Ing_x_Ing__Victim__Reject",0,0,0,0,1,0,"Victim__J_In__C_Cont__Reject","Victim__J_In__C_Cont__Reject",0,0,0,0,0,0,1,0,0,0,0,0,0,0,0,0,0,0,0,0,0,0,0,0,0,0,0,"J_In__C_Cont",,,0,0,0,0,0,1,0,0
170,9,2,"victim",0,18,3,2,1,2,1,2,TRUE,1.53571428571429,0.714285714285714,1.75,2,1.66666666666667,2,2,3,3,2,2,"In","Cont","control","ingroup",0,1,0,,1,0,"Cont","In",,0,0,0,1,0,1,0,0,0,"Victim__J_Cont__C_In",1,-5,5,"Ing_x_Control","Ing_x_Control__Victim","Ing_x_Control__Accept","Ing_x_Control__Victim__Accept",0,0,0,0,0,1,"Victim__J_Cont__C_In__Accept","Victim__J_Cont__C_In__Accept",0,0,1,0,0,0,0,0,0,0,0,0,0,0,0,0,0,0,0,0,0,0,0,0,0,0,0,"J_Cont__C_In",,,0,1,0,0,0,0,0,0
170,10,1,"victim",0,18,3,2,1,2,1,2,TRUE,1.53571428571429,0.714285714285714,1.75,2,1.66666666666667,2,3,3,3,3,2,"Cont","Cont","control","control",0,1,0,,1,0,"Cont","Cont",,0,1,0,1,0,1,0,1,0,"Victim__J_Cont__C_Cont",1,-8,8,"Ing_x_Control","Ing_x_Control__Victim","Ing_x_Control__Accept","Ing_x_Control__Victim__Accept",0,0,0,0,0,1,"Victim__J_Cont__C_Cont__Accept","Victim__J_Cont__C_Cont__Accept",0,0,0,0,0,0,0,0,1,0,0,0,0,0,0,0,0,0,0,0,0,0,0,0,0,0,0,"J_Cont__C_Cont",,,0,0,0,0,0,0,0,1
170,10,2,"victim",0,18,3,2,1,2,1,2,TRUE,1.53571428571429,0.714285714285714,1.75,2,1.66666666666667,2,3,3,3,3,2,"Cont","Cont","control","control",0,1,0,,0,1,"Cont","Cont",,0,1,0,1,0,1,0,1,0,"Victim__J_Cont__C_Cont",1,7,-7,"Ing_x_Control","Ing_x_Control__Victim","Ing_x_Control__Reject","Ing_x_Control__Victim__Reject",0,0,0,0,0,1,"Victim__J_Cont__C_Cont__Reject","Victim__J_Cont__C_Cont__Reject",0,0,0,0,0,0,0,0,1,0,0,0,0,0,0,0,0,0,0,0,0,0,0,0,0,0,0,"J_Cont__C_Cont",,,0,0,0,0,0,0,0,1
171,1,1,"victim",0,23,3,1,0,1,0,1,TRUE,2.14285714285714,1.71428571428571,2.625,2.14285714285714,2,1,1,1,1,1,1,"In","In","ingroup","ingroup",0,0,0,1,0,0,"In","In",,0,0,0,0,0,0,0,0,0,"Victim__J_In__C_In",0,0,0,"Hum_x_Hum","Hum_x_Hum__Victim","Hum_x_Hum__Reject","Hum_x_Hum__Victim__Reject",1,0,0,0,0,0,"Victim__J_In__C_In__Reject","Victim__J_In__C_In__Reject",1,0,0,0,0,0,0,0,0,0,0,0,0,0,0,0,0,0,0,0,0,0,0,0,0,0,0,"J_In__C_In",,,0,0,0,0,0,0,0,0
171,1,2,"victim",0,23,3,1,0,1,0,1,TRUE,2.14285714285714,1.71428571428571,2.625,2.14285714285714,2,1,1,1,1,1,1,"In","In","ingroup","ingroup",0,0,0,1,0,0,"In","In",,0,0,0,0,0,0,0,0,0,"Victim__J_In__C_In",0,0,0,"Hum_x_Hum","Hum_x_Hum__Victim","Hum_x_Hum__Reject","Hum_x_Hum__Victim__Reject",1,0,0,0,0,0,"Victim__J_In__C_In__Reject","Victim__J_In__C_In__Reject",1,0,0,0,0,0,0,0,0,0,0,0,0,0,0,0,0,0,0,0,0,0,0,0,0,0,0,"J_In__C_In",,,0,0,0,0,0,0,0,0
171,2,1,"victim",0,23,3,1,0,1,0,1,TRUE,2.14285714285714,1.71428571428571,2.625,2.14285714285714,2,1,2,2,2,2,1,"Out","Out","outgroup","outgroup",1,0,0,0,1,1,"Out","Out",,1,0,1,0,1,0,1,0,0,"Victim__J_Out__C_Out",0,0,0,"Hum_x_Ing","Hum_x_Ing__Victim","Hum_x_Ing__Accept","Hum_x_Ing__Victim__Accept",0,1,0,0,0,0,"Victim__J_Out__C_Out__Accept","Victim__J_Out__C_Out__Accept",0,0,0,0,1,0,0,0,0,0,0,0,0,0,0,0,0,0,0,0,0,0,0,0,0,0,0,"J_Out__C_Out",,,0,0,0,1,0,0,0,0
171,2,2,"victim",0,23,3,1,0,1,0,1,TRUE,2.14285714285714,1.71428571428571,2.625,2.14285714285714,2,1,2,2,2,2,1,"Out","Out","outgroup","outgroup",1,0,0,0,1,1,"Out","Out",,1,0,1,0,1,0,1,0,0,"Victim__J_Out__C_Out",0,0,0,"Hum_x_Ing","Hum_x_Ing__Victim","Hum_x_Ing__Accept","Hum_x_Ing__Victim__Accept",0,1,0,0,0,0,"Victim__J_Out__C_Out__Accept","Victim__J_Out__C_Out__Accept",0,0,0,0,1,0,0,0,0,0,0,0,0,0,0,0,0,0,0,0,0,0,0,0,0,0,0,"J_Out__C_Out",,,0,0,0,1,0,0,0,0
171,3,1,"victim",0,23,3,1,0,1,0,1,TRUE,2.14285714285714,1.71428571428571,2.625,2.14285714285714,2,1,2,1,2,1,1,"Out","In","outgroup","ingroup",1,0,0,0,1,0,"Out","In",,1,0,0,0,1,0,0,0,0,"Victim__J_Out__C_In",0,0,0,"Hum_x_Ing","Hum_x_Ing__Victim","Hum_x_Ing__Accept","Hum_x_Ing__Victim__Accept",0,1,0,0,0,0,"Victim__J_Out__C_In__Accept","Victim__J_Out__C_In__Accept",0,1,0,0,0,0,0,0,0,0,0,0,0,0,0,0,0,0,0,0,0,0,0,0,0,0,0,"J_Out__C_In",,,1,0,0,0,0,0,0,0
171,3,2,"victim",0,23,3,1,0,1,0,1,TRUE,2.14285714285714,1.71428571428571,2.625,2.14285714285714,2,1,2,1,1,2,1,"Out","In","ingroup","outgroup",0,0,0,1,0,1,"In","Out",,1,0,0,0,0,0,1,0,0,"Victim__J_In__C_Out",0,0,0,"Hum_x_Hum","Hum_x_Hum__Victim","Hum_x_Hum__Reject","Hum_x_Hum__Victim__Reject",1,0,0,0,0,0,"Victim__J_In__C_Out__Reject","Victim__J_In__C_Out__Reject",0,0,0,1,0,0,0,0,0,0,0,0,0,0,0,0,0,0,0,0,0,0,0,0,0,0,0,"J_In__C_Out",,,0,0,1,0,0,0,0,0
171,4,1,"victim",0,23,3,1,0,1,0,1,TRUE,2.14285714285714,1.71428571428571,2.625,2.14285714285714,2,1,1,1,1,1,1,"In","In","ingroup","ingroup",0,0,0,1,0,0,"In","In",,0,0,0,0,0,0,0,0,0,"Victim__J_In__C_In",0,0,0,"Hum_x_Hum","Hum_x_Hum__Victim","Hum_x_Hum__Reject","Hum_x_Hum__Victim__Reject",1,0,0,0,0,0,"Victim__J_In__C_In__Reject","Victim__J_In__C_In__Reject",1,0,0,0,0,0,0,0,0,0,0,0,0,0,0,0,0,0,0,0,0,0,0,0,0,0,0,"J_In__C_In",,,0,0,0,0,0,0,0,0
171,4,2,"victim",0,23,3,1,0,1,0,1,TRUE,2.14285714285714,1.71428571428571,2.625,2.14285714285714,2,1,1,1,1,1,1,"In","In","ingroup","ingroup",0,0,0,1,0,0,"In","In",,0,0,0,0,0,0,0,0,0,"Victim__J_In__C_In",0,0,0,"Hum_x_Hum","Hum_x_Hum__Victim","Hum_x_Hum__Reject","Hum_x_Hum__Victim__Reject",1,0,0,0,0,0,"Victim__J_In__C_In__Reject","Victim__J_In__C_In__Reject",1,0,0,0,0,0,0,0,0,0,0,0,0,0,0,0,0,0,0,0,0,0,0,0,0,0,0,"J_In__C_In",,,0,0,0,0,0,0,0,0
171,5,1,"victim",0,23,3,1,0,1,0,1,TRUE,2.14285714285714,1.71428571428571,2.625,2.14285714285714,2,1,1,3,1,3,1,"In","Cont","ingroup","control",0,0,0,1,0,1,"In","Cont",,0,0,0,1,0,0,0,1,0,"Victim__J_In__C_Cont",1,0,0,"Hum_x_Hum","Hum_x_Hum__Victim","Hum_x_Hum__Reject","Hum_x_Hum__Victim__Reject",1,0,0,0,0,0,"Victim__J_In__C_Cont__Reject","Victim__J_In__C_Cont__Reject",0,0,0,0,0,0,1,0,0,0,0,0,0,0,0,0,0,0,0,0,0,0,0,0,0,0,0,"J_In__C_Cont",,,0,0,0,0,0,1,0,0
171,5,2,"victim",0,23,3,1,0,1,0,1,TRUE,2.14285714285714,1.71428571428571,2.625,2.14285714285714,2,1,1,3,3,1,1,"In","Cont","control","ingroup",0,1,0,,1,0,"Cont","In",,0,0,0,1,0,1,0,0,0,"Victim__J_Cont__C_In",1,0,0,"Hum_x_Control","Hum_x_Control__Victim","Hum_x_Control__Accept","Hum_x_Control__Victim__Accept",0,0,1,0,0,0,"Victim__J_Cont__C_In__Accept","Victim__J_Cont__C_In__Accept",0,0,1,0,0,0,0,0,0,0,0,0,0,0,0,0,0,0,0,0,0,0,0,0,0,0,0,"J_Cont__C_In",,,0,1,0,0,0,0,0,0
172,1,1,"victim",0,18,3,2,1,2,1,1,TRUE,1.89285714285714,1.14285714285714,1.75,2.28571428571429,2.5,2,3,1,3,1,2,"Cont","Out","control","outgroup",0,1,0,,0,1,"Cont","Out",,0,1,1,0,0,1,1,0,0,"Victim__J_Cont__C_Out",1,-5,5,"Ing_x_Control","Ing_x_Control__Victim","Ing_x_Control__Reject","Ing_x_Control__Victim__Reject",0,0,0,0,0,1,"Victim__J_Cont__C_Out__Reject","Victim__J_Cont__C_Out__Reject",0,0,0,0,0,1,0,0,0,0,0,0,0,0,0,0,0,0,0,0,0,0,0,0,0,0,0,"J_Cont__C_Out",,,0,0,0,0,1,0,0,0
172,1,2,"victim",0,18,3,2,1,2,1,1,TRUE,1.89285714285714,1.14285714285714,1.75,2.28571428571429,2.5,2,3,1,1,3,2,"Cont","Out","outgroup","control",1,0,0,0,1,0,"Out","Cont",,0,1,1,0,1,0,0,1,0,"Victim__J_Out__C_Cont",1,5,-5,"Ing_x_Hum","Ing_x_Hum__Victim","Ing_x_Hum__Accept","Ing_x_Hum__Victim__Accept",0,0,0,1,0,0,"Victim__J_Out__C_Cont__Accept","Victim__J_Out__C_Cont__Accept",0,0,0,0,0,0,0,1,0,0,0,0,0,0,0,0,0,0,0,0,0,0,0,0,0,0,0,"J_Out__C_Cont",,,0,0,0,0,0,0,1,0
172,2,1,"victim",0,18,3,2,1,2,1,1,TRUE,1.89285714285714,1.14285714285714,1.75,2.28571428571429,2.5,2,3,1,3,1,2,"Cont","Out","control","outgroup",0,1,0,,0,1,"Cont","Out",,0,1,1,0,0,1,1,0,0,"Victim__J_Cont__C_Out",1,9,-9,"Ing_x_Control","Ing_x_Control__Victim","Ing_x_Control__Reject","Ing_x_Control__Victim__Reject",0,0,0,0,0,1,"Victim__J_Cont__C_Out__Reject","Victim__J_Cont__C_Out__Reject",0,0,0,0,0,1,0,0,0,0,0,0,0,0,0,0,0,0,0,0,0,0,0,0,0,0,0,"J_Cont__C_Out",,,0,0,0,0,1,0,0,0
172,2,2,"victim",0,18,3,2,1,2,1,1,TRUE,1.89285714285714,1.14285714285714,1.75,2.28571428571429,2.5,2,3,1,1,3,2,"Cont","Out","outgroup","control",1,0,0,0,1,0,"Out","Cont",,0,1,1,0,1,0,0,1,0,"Victim__J_Out__C_Cont",1,9,-9,"Ing_x_Hum","Ing_x_Hum__Victim","Ing_x_Hum__Accept","Ing_x_Hum__Victim__Accept",0,0,0,1,0,0,"Victim__J_Out__C_Cont__Accept","Victim__J_Out__C_Cont__Accept",0,0,0,0,0,0,0,1,0,0,0,0,0,0,0,0,0,0,0,0,0,0,0,0,0,0,0,"J_Out__C_Cont",,,0,0,0,0,0,0,1,0
172,3,1,"victim",0,18,3,2,1,2,1,1,TRUE,1.89285714285714,1.14285714285714,1.75,2.28571428571429,2.5,2,2,2,2,2,2,"In","In","ingroup","ingroup",0,0,0,1,0,0,"In","In",,0,0,0,0,0,0,0,0,0,"Victim__J_In__C_In",0,9,-9,"Ing_x_Ing","Ing_x_Ing__Victim","Ing_x_Ing__Reject","Ing_x_Ing__Victim__Reject",0,0,0,0,1,0,"Victim__J_In__C_In__Reject","Victim__J_In__C_In__Reject",1,0,0,0,0,0,0,0,0,0,0,0,0,0,0,0,0,0,0,0,0,0,0,0,0,0,0,"J_In__C_In",,,0,0,0,0,0,0,0,0
172,3,2,"victim",0,18,3,2,1,2,1,1,TRUE,1.89285714285714,1.14285714285714,1.75,2.28571428571429,2.5,2,2,2,2,2,2,"In","In","ingroup","ingroup",0,0,0,1,0,0,"In","In",,0,0,0,0,0,0,0,0,0,"Victim__J_In__C_In",0,9,-9,"Ing_x_Ing","Ing_x_Ing__Victim","Ing_x_Ing__Reject","Ing_x_Ing__Victim__Reject",0,0,0,0,1,0,"Victim__J_In__C_In__Reject","Victim__J_In__C_In__Reject",1,0,0,0,0,0,0,0,0,0,0,0,0,0,0,0,0,0,0,0,0,0,0,0,0,0,0,"J_In__C_In",,,0,0,0,0,0,0,0,0
172,4,1,"victim",0,18,3,2,1,2,1,1,TRUE,1.89285714285714,1.14285714285714,1.75,2.28571428571429,2.5,2,3,1,3,1,2,"Cont","Out","control","outgroup",0,1,0,,1,1,"Cont","Out",,0,1,1,0,0,1,1,0,0,"Victim__J_Cont__C_Out",1,-1,1,"Ing_x_Control","Ing_x_Control__Victim","Ing_x_Control__Accept","Ing_x_Control__Victim__Accept",0,0,0,0,0,1,"Victim__J_Cont__C_Out__Accept","Victim__J_Cont__C_Out__Accept",0,0,0,0,0,1,0,0,0,0,0,0,0,0,0,0,0,0,0,0,0,0,0,0,0,0,0,"J_Cont__C_Out",,,0,0,0,0,1,0,0,0
172,4,2,"victim",0,18,3,2,1,2,1,1,TRUE,1.89285714285714,1.14285714285714,1.75,2.28571428571429,2.5,2,3,1,1,3,2,"Cont","Out","outgroup","control",1,0,0,0,1,1,"Out","Cont",,0,1,1,0,1,0,0,1,0,"Victim__J_Out__C_Cont",1,-1,1,"Ing_x_Hum","Ing_x_Hum__Victim","Ing_x_Hum__Accept","Ing_x_Hum__Victim__Accept",0,0,0,1,0,0,"Victim__J_Out__C_Cont__Accept","Victim__J_Out__C_Cont__Accept",0,0,0,0,0,0,0,1,0,0,0,0,0,0,0,0,0,0,0,0,0,0,0,0,0,0,0,"J_Out__C_Cont",,,0,0,0,0,0,0,1,0
172,5,1,"victim",0,18,3,2,1,2,1,1,TRUE,1.89285714285714,1.14285714285714,1.75,2.28571428571429,2.5,2,2,3,2,3,2,"In","Cont","ingroup","control",0,0,0,1,0,0,"In","Cont",,0,0,0,1,0,0,0,1,0,"Victim__J_In__C_Cont",1,1,-1,"Ing_x_Ing","Ing_x_Ing__Victim","Ing_x_Ing__Reject","Ing_x_Ing__Victim__Reject",0,0,0,0,1,0,"Victim__J_In__C_Cont__Reject","Victim__J_In__C_Cont__Reject",0,0,0,0,0,0,1,0,0,0,0,0,0,0,0,0,0,0,0,0,0,0,0,0,0,0,0,"J_In__C_Cont",,,0,0,0,0,0,1,0,0
172,5,2,"victim",0,18,3,2,1,2,1,1,TRUE,1.89285714285714,1.14285714285714,1.75,2.28571428571429,2.5,2,2,3,3,2,2,"In","Cont","control","ingroup",0,1,0,,0,0,"Cont","In",,0,0,0,1,0,1,0,0,0,"Victim__J_Cont__C_In",1,1,-1,"Ing_x_Control","Ing_x_Control__Victim","Ing_x_Control__Reject","Ing_x_Control__Victim__Reject",0,0,0,0,0,1,"Victim__J_Cont__C_In__Reject","Victim__J_Cont__C_In__Reject",0,0,1,0,0,0,0,0,0,0,0,0,0,0,0,0,0,0,0,0,0,0,0,0,0,0,0,"J_Cont__C_In",,,0,1,0,0,0,0,0,0
173,6,1,"victim",0,18,3,1,0,2,1,2,TRUE,1.92857142857143,1.57142857142857,1.875,2,2.33333333333333,2,2,2,2,2,2,"In","In","ingroup","ingroup",0,0,0,1,0,0,"In","In",,0,0,0,0,0,0,0,0,0,"Victim__J_In__C_In",0,9,-9,"Ing_x_Ing","Ing_x_Ing__Victim","Ing_x_Ing__Reject","Ing_x_Ing__Victim__Reject",0,0,0,0,1,0,"Victim__J_In__C_In__Reject","Victim__J_In__C_In__Reject",1,0,0,0,0,0,0,0,0,0,0,0,0,0,0,0,0,0,0,0,0,0,0,0,0,0,0,"J_In__C_In",,,0,0,0,0,0,0,0,0
173,6,2,"victim",0,18,3,1,0,2,1,2,TRUE,1.92857142857143,1.57142857142857,1.875,2,2.33333333333333,2,2,2,2,2,2,"In","In","ingroup","ingroup",0,0,0,1,0,0,"In","In",,0,0,0,0,0,0,0,0,0,"Victim__J_In__C_In",0,9,-9,"Ing_x_Ing","Ing_x_Ing__Victim","Ing_x_Ing__Reject","Ing_x_Ing__Victim__Reject",0,0,0,0,1,0,"Victim__J_In__C_In__Reject","Victim__J_In__C_In__Reject",1,0,0,0,0,0,0,0,0,0,0,0,0,0,0,0,0,0,0,0,0,0,0,0,0,0,0,"J_In__C_In",,,0,0,0,0,0,0,0,0
173,7,1,"victim",0,18,3,1,0,2,1,2,TRUE,1.92857142857143,1.57142857142857,1.875,2,2.33333333333333,2,2,1,2,1,2,"In","Out","ingroup","outgroup",0,0,0,1,0,0,"In","Out",,0,0,1,0,0,0,1,0,0,"Victim__J_In__C_Out",0,9,-9,"Ing_x_Ing","Ing_x_Ing__Victim","Ing_x_Ing__Reject","Ing_x_Ing__Victim__Reject",0,0,0,0,1,0,"Victim__J_In__C_Out__Reject","Victim__J_In__C_Out__Reject",0,0,0,1,0,0,0,0,0,0,0,0,0,0,0,0,0,0,0,0,0,0,0,0,0,0,0,"J_In__C_Out",,,0,0,1,0,0,0,0,0
173,7,2,"victim",0,18,3,1,0,2,1,2,TRUE,1.92857142857143,1.57142857142857,1.875,2,2.33333333333333,2,2,1,1,2,2,"In","Out","outgroup","ingroup",1,0,0,0,0,0,"Out","In",,0,0,1,0,1,0,0,0,0,"Victim__J_Out__C_In",0,9,-9,"Ing_x_Hum","Ing_x_Hum__Victim","Ing_x_Hum__Reject","Ing_x_Hum__Victim__Reject",0,0,0,1,0,0,"Victim__J_Out__C_In__Reject","Victim__J_Out__C_In__Reject",0,1,0,0,0,0,0,0,0,0,0,0,0,0,0,0,0,0,0,0,0,0,0,0,0,0,0,"J_Out__C_In",,,1,0,0,0,0,0,0,0
173,8,1,"victim",0,18,3,1,0,2,1,2,TRUE,1.92857142857143,1.57142857142857,1.875,2,2.33333333333333,2,1,2,1,2,2,"Out","In","outgroup","ingroup",1,0,0,0,0,0,"Out","In",,1,0,0,0,1,0,0,0,0,"Victim__J_Out__C_In",0,8,-8,"Ing_x_Hum","Ing_x_Hum__Victim","Ing_x_Hum__Reject","Ing_x_Hum__Victim__Reject",0,0,0,1,0,0,"Victim__J_Out__C_In__Reject","Victim__J_Out__C_In__Reject",0,1,0,0,0,0,0,0,0,0,0,0,0,0,0,0,0,0,0,0,0,0,0,0,0,0,0,"J_Out__C_In",,,1,0,0,0,0,0,0,0
173,8,2,"victim",0,18,3,1,0,2,1,2,TRUE,1.92857142857143,1.57142857142857,1.875,2,2.33333333333333,2,1,2,2,1,2,"Out","In","ingroup","outgroup",0,0,0,1,0,0,"In","Out",,1,0,0,0,0,0,1,0,0,"Victim__J_In__C_Out",0,8,-8,"Ing_x_Ing","Ing_x_Ing__Victim","Ing_x_Ing__Reject","Ing_x_Ing__Victim__Reject",0,0,0,0,1,0,"Victim__J_In__C_Out__Reject","Victim__J_In__C_Out__Reject",0,0,0,1,0,0,0,0,0,0,0,0,0,0,0,0,0,0,0,0,0,0,0,0,0,0,0,"J_In__C_Out",,,0,0,1,0,0,0,0,0
173,9,1,"victim",0,18,3,1,0,2,1,2,TRUE,1.92857142857143,1.57142857142857,1.875,2,2.33333333333333,2,1,3,1,3,2,"Out","Cont","outgroup","control",1,0,0,0,0,1,"Out","Cont",,1,0,0,1,1,0,0,1,0,"Victim__J_Out__C_Cont",1,8,-8,"Ing_x_Hum","Ing_x_Hum__Victim","Ing_x_Hum__Reject","Ing_x_Hum__Victim__Reject",0,0,0,1,0,0,"Victim__J_Out__C_Cont__Reject","Victim__J_Out__C_Cont__Reject",0,0,0,0,0,0,0,1,0,0,0,0,0,0,0,0,0,0,0,0,0,0,0,0,0,0,0,"J_Out__C_Cont",,,0,0,0,0,0,0,1,0
173,9,2,"victim",0,18,3,1,0,2,1,2,TRUE,1.92857142857143,1.57142857142857,1.875,2,2.33333333333333,2,1,3,3,1,2,"Out","Cont","control","outgroup",0,1,0,,1,0,"Cont","Out",,1,0,0,1,0,1,1,0,0,"Victim__J_Cont__C_Out",1,6,-6,"Ing_x_Control","Ing_x_Control__Victim","Ing_x_Control__Accept","Ing_x_Control__Victim__Accept",0,0,0,0,0,1,"Victim__J_Cont__C_Out__Accept","Victim__J_Cont__C_Out__Accept",0,0,0,0,0,1,0,0,0,0,0,0,0,0,0,0,0,0,0,0,0,0,0,0,0,0,0,"J_Cont__C_Out",,,0,0,0,0,1,0,0,0
173,10,1,"victim",0,18,3,1,0,2,1,2,TRUE,1.92857142857143,1.57142857142857,1.875,2,2.33333333333333,2,3,2,3,2,2,"Cont","In","control","ingroup",0,1,0,,0,0,"Cont","In",,0,1,0,0,0,1,0,0,0,"Victim__J_Cont__C_In",1,9,-9,"Ing_x_Control","Ing_x_Control__Victim","Ing_x_Control__Reject","Ing_x_Control__Victim__Reject",0,0,0,0,0,1,"Victim__J_Cont__C_In__Reject","Victim__J_Cont__C_In__Reject",0,0,1,0,0,0,0,0,0,0,0,0,0,0,0,0,0,0,0,0,0,0,0,0,0,0,0,"J_Cont__C_In",,,0,1,0,0,0,0,0,0
173,10,2,"victim",0,18,3,1,0,2,1,2,TRUE,1.92857142857143,1.57142857142857,1.875,2,2.33333333333333,2,3,2,2,3,2,"Cont","In","ingroup","control",0,0,0,1,0,0,"In","Cont",,0,1,0,0,0,0,0,1,0,"Victim__J_In__C_Cont",1,9,-9,"Ing_x_Ing","Ing_x_Ing__Victim","Ing_x_Ing__Reject","Ing_x_Ing__Victim__Reject",0,0,0,0,1,0,"Victim__J_In__C_Cont__Reject","Victim__J_In__C_Cont__Reject",0,0,0,0,0,0,1,0,0,0,0,0,0,0,0,0,0,0,0,0,0,0,0,0,0,0,0,"J_In__C_Cont",,,0,0,0,0,0,1,0,0
174,6,1,"victim",0,18,3,2,1,2,1,2,TRUE,2.46428571428571,2.85714285714286,1.875,3,2.16666666666667,2,1,1,1,1,2,"Out","Out","outgroup","outgroup",1,0,0,0,0,0,"Out","Out",,1,0,1,0,1,0,1,0,0,"Victim__J_Out__C_Out",0,1,-1,"Ing_x_Hum","Ing_x_Hum__Victim","Ing_x_Hum__Reject","Ing_x_Hum__Victim__Reject",0,0,0,1,0,0,"Victim__J_Out__C_Out__Reject","Victim__J_Out__C_Out__Reject",0,0,0,0,1,0,0,0,0,0,0,0,0,0,0,0,0,0,0,0,0,0,0,0,0,0,0,"J_Out__C_Out",,,0,0,0,1,0,0,0,0
174,6,2,"victim",0,18,3,2,1,2,1,2,TRUE,2.46428571428571,2.85714285714286,1.875,3,2.16666666666667,2,1,1,1,1,2,"Out","Out","outgroup","outgroup",1,0,0,0,0,0,"Out","Out",,1,0,1,0,1,0,1,0,0,"Victim__J_Out__C_Out",0,1,-1,"Ing_x_Hum","Ing_x_Hum__Victim","Ing_x_Hum__Reject","Ing_x_Hum__Victim__Reject",0,0,0,1,0,0,"Victim__J_Out__C_Out__Reject","Victim__J_Out__C_Out__Reject",0,0,0,0,1,0,0,0,0,0,0,0,0,0,0,0,0,0,0,0,0,0,0,0,0,0,0,"J_Out__C_Out",,,0,0,0,1,0,0,0,0
174,7,1,"victim",0,18,3,2,1,2,1,2,TRUE,2.46428571428571,2.85714285714286,1.875,3,2.16666666666667,2,2,3,2,3,2,"In","Cont","ingroup","control",0,0,0,1,0,1,"In","Cont",,0,0,0,1,0,0,0,1,0,"Victim__J_In__C_Cont",1,1,-1,"Ing_x_Ing","Ing_x_Ing__Victim","Ing_x_Ing__Reject","Ing_x_Ing__Victim__Reject",0,0,0,0,1,0,"Victim__J_In__C_Cont__Reject","Victim__J_In__C_Cont__Reject",0,0,0,0,0,0,1,0,0,0,0,0,0,0,0,0,0,0,0,0,0,0,0,0,0,0,0,"J_In__C_Cont",,,0,0,0,0,0,1,0,0
174,7,2,"victim",0,18,3,2,1,2,1,2,TRUE,2.46428571428571,2.85714285714286,1.875,3,2.16666666666667,2,2,3,3,2,2,"In","Cont","control","ingroup",0,1,0,,1,0,"Cont","In",,0,0,0,1,0,1,0,0,0,"Victim__J_Cont__C_In",1,0,0,"Ing_x_Control","Ing_x_Control__Victim","Ing_x_Control__Accept","Ing_x_Control__Victim__Accept",0,0,0,0,0,1,"Victim__J_Cont__C_In__Accept","Victim__J_Cont__C_In__Accept",0,0,1,0,0,0,0,0,0,0,0,0,0,0,0,0,0,0,0,0,0,0,0,0,0,0,0,"J_Cont__C_In",,,0,1,0,0,0,0,0,0
174,8,1,"victim",0,18,3,2,1,2,1,2,TRUE,2.46428571428571,2.85714285714286,1.875,3,2.16666666666667,2,2,2,2,2,2,"In","In","ingroup","ingroup",0,0,0,1,0,1,"In","In",,0,0,0,0,0,0,0,0,0,"Victim__J_In__C_In",0,1,-1,"Ing_x_Ing","Ing_x_Ing__Victim","Ing_x_Ing__Reject","Ing_x_Ing__Victim__Reject",0,0,0,0,1,0,"Victim__J_In__C_In__Reject","Victim__J_In__C_In__Reject",1,0,0,0,0,0,0,0,0,0,0,0,0,0,0,0,0,0,0,0,0,0,0,0,0,0,0,"J_In__C_In",,,0,0,0,0,0,0,0,0
174,8,2,"victim",0,18,3,2,1,2,1,2,TRUE,2.46428571428571,2.85714285714286,1.875,3,2.16666666666667,2,2,2,2,2,2,"In","In","ingroup","ingroup",0,0,0,1,1,0,"In","In",,0,0,0,0,0,0,0,0,0,"Victim__J_In__C_In",0,-1,1,"Ing_x_Ing","Ing_x_Ing__Victim","Ing_x_Ing__Accept","Ing_x_Ing__Victim__Accept",0,0,0,0,1,0,"Victim__J_In__C_In__Accept","Victim__J_In__C_In__Accept",1,0,0,0,0,0,0,0,0,0,0,0,0,0,0,0,0,0,0,0,0,0,0,0,0,0,0,"J_In__C_In",,,0,0,0,0,0,0,0,0
174,9,1,"victim",0,18,3,2,1,2,1,2,TRUE,2.46428571428571,2.85714285714286,1.875,3,2.16666666666667,2,1,1,1,1,2,"Out","Out","outgroup","outgroup",1,0,0,0,1,1,"Out","Out",,1,0,1,0,1,0,1,0,0,"Victim__J_Out__C_Out",0,-1,1,"Ing_x_Hum","Ing_x_Hum__Victim","Ing_x_Hum__Accept","Ing_x_Hum__Victim__Accept",0,0,0,1,0,0,"Victim__J_Out__C_Out__Accept","Victim__J_Out__C_Out__Accept",0,0,0,0,1,0,0,0,0,0,0,0,0,0,0,0,0,0,0,0,0,0,0,0,0,0,0,"J_Out__C_Out",,,0,0,0,1,0,0,0,0
174,9,2,"victim",0,18,3,2,1,2,1,2,TRUE,2.46428571428571,2.85714285714286,1.875,3,2.16666666666667,2,1,1,1,1,2,"Out","Out","outgroup","outgroup",1,0,0,0,1,1,"Out","Out",,1,0,1,0,1,0,1,0,0,"Victim__J_Out__C_Out",0,-1,1,"Ing_x_Hum","Ing_x_Hum__Victim","Ing_x_Hum__Accept","Ing_x_Hum__Victim__Accept",0,0,0,1,0,0,"Victim__J_Out__C_Out__Accept","Victim__J_Out__C_Out__Accept",0,0,0,0,1,0,0,0,0,0,0,0,0,0,0,0,0,0,0,0,0,0,0,0,0,0,0,"J_Out__C_Out",,,0,0,0,1,0,0,0,0
174,10,1,"victim",0,18,3,2,1,2,1,2,TRUE,2.46428571428571,2.85714285714286,1.875,3,2.16666666666667,2,2,1,2,1,2,"In","Out","ingroup","outgroup",0,0,0,1,0,1,"In","Out",,0,0,1,0,0,0,1,0,0,"Victim__J_In__C_Out",0,1,-1,"Ing_x_Ing","Ing_x_Ing__Victim","Ing_x_Ing__Reject","Ing_x_Ing__Victim__Reject",0,0,0,0,1,0,"Victim__J_In__C_Out__Reject","Victim__J_In__C_Out__Reject",0,0,0,1,0,0,0,0,0,0,0,0,0,0,0,0,0,0,0,0,0,0,0,0,0,0,0,"J_In__C_Out",,,0,0,1,0,0,0,0,0
174,10,2,"victim",0,18,3,2,1,2,1,2,TRUE,2.46428571428571,2.85714285714286,1.875,3,2.16666666666667,2,2,1,1,2,2,"In","Out","outgroup","ingroup",1,0,0,0,1,0,"Out","In",,0,0,1,0,1,0,0,0,0,"Victim__J_Out__C_In",0,-1,1,"Ing_x_Hum","Ing_x_Hum__Victim","Ing_x_Hum__Accept","Ing_x_Hum__Victim__Accept",0,0,0,1,0,0,"Victim__J_Out__C_In__Accept","Victim__J_Out__C_In__Accept",0,1,0,0,0,0,0,0,0,0,0,0,0,0,0,0,0,0,0,0,0,0,0,0,0,0,0,"J_Out__C_In",,,1,0,0,0,0,0,0,0
176,6,1,"victim",0,23,3,2,1,2,1,2,TRUE,1.64285714285714,1.28571428571429,1.25,2,2.16666666666667,2,3,3,3,3,2,"Cont","Cont","control","control",0,1,0,,1,1,"Cont","Cont",,0,1,0,1,0,1,0,1,0,"Victim__J_Cont__C_Cont",1,9,-9,"Ing_x_Control","Ing_x_Control__Victim","Ing_x_Control__Accept","Ing_x_Control__Victim__Accept",0,0,0,0,0,1,"Victim__J_Cont__C_Cont__Accept","Victim__J_Cont__C_Cont__Accept",0,0,0,0,0,0,0,0,1,0,0,0,0,0,0,0,0,0,0,0,0,0,0,0,0,0,0,"J_Cont__C_Cont",,,0,0,0,0,0,0,0,1
176,6,2,"victim",0,23,3,2,1,2,1,2,TRUE,1.64285714285714,1.28571428571429,1.25,2,2.16666666666667,2,3,3,3,3,2,"Cont","Cont","control","control",0,1,0,,1,1,"Cont","Cont",,0,1,0,1,0,1,0,1,0,"Victim__J_Cont__C_Cont",1,9,-9,"Ing_x_Control","Ing_x_Control__Victim","Ing_x_Control__Accept","Ing_x_Control__Victim__Accept",0,0,0,0,0,1,"Victim__J_Cont__C_Cont__Accept","Victim__J_Cont__C_Cont__Accept",0,0,0,0,0,0,0,0,1,0,0,0,0,0,0,0,0,0,0,0,0,0,0,0,0,0,0,"J_Cont__C_Cont",,,0,0,0,0,0,0,0,1
176,7,1,"victim",0,23,3,2,1,2,1,2,TRUE,1.64285714285714,1.28571428571429,1.25,2,2.16666666666667,2,2,1,2,1,2,"In","Out","ingroup","outgroup",0,0,0,1,0,1,"In","Out",,0,0,1,0,0,0,1,0,0,"Victim__J_In__C_Out",0,9,-9,"Ing_x_Ing","Ing_x_Ing__Victim","Ing_x_Ing__Reject","Ing_x_Ing__Victim__Reject",0,0,0,0,1,0,"Victim__J_In__C_Out__Reject","Victim__J_In__C_Out__Reject",0,0,0,1,0,0,0,0,0,0,0,0,0,0,0,0,0,0,0,0,0,0,0,0,0,0,0,"J_In__C_Out",,,0,0,1,0,0,0,0,0
176,7,2,"victim",0,23,3,2,1,2,1,2,TRUE,1.64285714285714,1.28571428571429,1.25,2,2.16666666666667,2,2,1,1,2,2,"In","Out","outgroup","ingroup",1,0,0,0,1,0,"Out","In",,0,0,1,0,1,0,0,0,0,"Victim__J_Out__C_In",0,9,-9,"Ing_x_Hum","Ing_x_Hum__Victim","Ing_x_Hum__Accept","Ing_x_Hum__Victim__Accept",0,0,0,1,0,0,"Victim__J_Out__C_In__Accept","Victim__J_Out__C_In__Accept",0,1,0,0,0,0,0,0,0,0,0,0,0,0,0,0,0,0,0,0,0,0,0,0,0,0,0,"J_Out__C_In",,,1,0,0,0,0,0,0,0
176,8,1,"victim",0,23,3,2,1,2,1,2,TRUE,1.64285714285714,1.28571428571429,1.25,2,2.16666666666667,2,2,3,2,3,2,"In","Cont","ingroup","control",0,0,0,1,0,1,"In","Cont",,0,0,0,1,0,0,0,1,0,"Victim__J_In__C_Cont",1,9,-9,"Ing_x_Ing","Ing_x_Ing__Victim","Ing_x_Ing__Reject","Ing_x_Ing__Victim__Reject",0,0,0,0,1,0,"Victim__J_In__C_Cont__Reject","Victim__J_In__C_Cont__Reject",0,0,0,0,0,0,1,0,0,0,0,0,0,0,0,0,0,0,0,0,0,0,0,0,0,0,0,"J_In__C_Cont",,,0,0,0,0,0,1,0,0
176,8,2,"victim",0,23,3,2,1,2,1,2,TRUE,1.64285714285714,1.28571428571429,1.25,2,2.16666666666667,2,2,3,3,2,2,"In","Cont","control","ingroup",0,1,0,,1,0,"Cont","In",,0,0,0,1,0,1,0,0,0,"Victim__J_Cont__C_In",1,9,-9,"Ing_x_Control","Ing_x_Control__Victim","Ing_x_Control__Accept","Ing_x_Control__Victim__Accept",0,0,0,0,0,1,"Victim__J_Cont__C_In__Accept","Victim__J_Cont__C_In__Accept",0,0,1,0,0,0,0,0,0,0,0,0,0,0,0,0,0,0,0,0,0,0,0,0,0,0,0,"J_Cont__C_In",,,0,1,0,0,0,0,0,0
176,9,1,"victim",0,23,3,2,1,2,1,2,TRUE,1.64285714285714,1.28571428571429,1.25,2,2.16666666666667,2,3,2,3,2,2,"Cont","In","control","ingroup",0,1,0,,0,0,"Cont","In",,0,1,0,0,0,1,0,0,0,"Victim__J_Cont__C_In",1,9,-9,"Ing_x_Control","Ing_x_Control__Victim","Ing_x_Control__Reject","Ing_x_Control__Victim__Reject",0,0,0,0,0,1,"Victim__J_Cont__C_In__Reject","Victim__J_Cont__C_In__Reject",0,0,1,0,0,0,0,0,0,0,0,0,0,0,0,0,0,0,0,0,0,0,0,0,0,0,0,"J_Cont__C_In",,,0,1,0,0,0,0,0,0
176,9,2,"victim",0,23,3,2,1,2,1,2,TRUE,1.64285714285714,1.28571428571429,1.25,2,2.16666666666667,2,3,2,2,3,2,"Cont","In","ingroup","control",0,0,0,1,0,0,"In","Cont",,0,1,0,0,0,0,0,1,0,"Victim__J_In__C_Cont",1,9,-9,"Ing_x_Ing","Ing_x_Ing__Victim","Ing_x_Ing__Reject","Ing_x_Ing__Victim__Reject",0,0,0,0,1,0,"Victim__J_In__C_Cont__Reject","Victim__J_In__C_Cont__Reject",0,0,0,0,0,0,1,0,0,0,0,0,0,0,0,0,0,0,0,0,0,0,0,0,0,0,0,"J_In__C_Cont",,,0,0,0,0,0,1,0,0
176,10,1,"victim",0,23,3,2,1,2,1,2,TRUE,1.64285714285714,1.28571428571429,1.25,2,2.16666666666667,2,1,3,1,3,2,"Out","Cont","outgroup","control",1,0,0,0,1,1,"Out","Cont",,1,0,0,1,1,0,0,1,0,"Victim__J_Out__C_Cont",1,9,-9,"Ing_x_Hum","Ing_x_Hum__Victim","Ing_x_Hum__Accept","Ing_x_Hum__Victim__Accept",0,0,0,1,0,0,"Victim__J_Out__C_Cont__Accept","Victim__J_Out__C_Cont__Accept",0,0,0,0,0,0,0,1,0,0,0,0,0,0,0,0,0,0,0,0,0,0,0,0,0,0,0,"J_Out__C_Cont",,,0,0,0,0,0,0,1,0
176,10,2,"victim",0,23,3,2,1,2,1,2,TRUE,1.64285714285714,1.28571428571429,1.25,2,2.16666666666667,2,1,3,3,1,2,"Out","Cont","control","outgroup",0,1,0,,1,1,"Cont","Out",,1,0,0,1,0,1,1,0,0,"Victim__J_Cont__C_Out",1,9,-9,"Ing_x_Control","Ing_x_Control__Victim","Ing_x_Control__Accept","Ing_x_Control__Victim__Accept",0,0,0,0,0,1,"Victim__J_Cont__C_Out__Accept","Victim__J_Cont__C_Out__Accept",0,0,0,0,0,1,0,0,0,0,0,0,0,0,0,0,0,0,0,0,0,0,0,0,0,0,0,"J_Cont__C_Out",,,0,0,0,0,1,0,0,0
177,1,1,"victim",0,20,3,2,1,2,1,1,TRUE,2.78571428571429,3,2.75,2.28571428571429,3.16666666666667,2,2,3,2,3,2,"In","Cont","ingroup","control",0,0,0,1,0,0,"In","Cont",,0,0,0,1,0,0,0,1,0,"Victim__J_In__C_Cont",1,9,-9,"Ing_x_Ing","Ing_x_Ing__Victim","Ing_x_Ing__Reject","Ing_x_Ing__Victim__Reject",0,0,0,0,1,0,"Victim__J_In__C_Cont__Reject","Victim__J_In__C_Cont__Reject",0,0,0,0,0,0,1,0,0,0,0,0,0,0,0,0,0,0,0,0,0,0,0,0,0,0,0,"J_In__C_Cont",,,0,0,0,0,0,1,0,0
177,1,2,"victim",0,20,3,2,1,2,1,1,TRUE,2.78571428571429,3,2.75,2.28571428571429,3.16666666666667,2,2,3,3,2,2,"In","Cont","control","ingroup",0,1,0,,0,0,"Cont","In",,0,0,0,1,0,1,0,0,0,"Victim__J_Cont__C_In",1,9,-9,"Ing_x_Control","Ing_x_Control__Victim","Ing_x_Control__Reject","Ing_x_Control__Victim__Reject",0,0,0,0,0,1,"Victim__J_Cont__C_In__Reject","Victim__J_Cont__C_In__Reject",0,0,1,0,0,0,0,0,0,0,0,0,0,0,0,0,0,0,0,0,0,0,0,0,0,0,0,"J_Cont__C_In",,,0,1,0,0,0,0,0,0
177,2,1,"victim",0,20,3,2,1,2,1,1,TRUE,2.78571428571429,3,2.75,2.28571428571429,3.16666666666667,2,3,3,3,3,2,"Cont","Cont","control","control",0,1,0,,1,1,"Cont","Cont",,0,1,0,1,0,1,0,1,0,"Victim__J_Cont__C_Cont",1,-2,2,"Ing_x_Control","Ing_x_Control__Victim","Ing_x_Control__Accept","Ing_x_Control__Victim__Accept",0,0,0,0,0,1,"Victim__J_Cont__C_Cont__Accept","Victim__J_Cont__C_Cont__Accept",0,0,0,0,0,0,0,0,1,0,0,0,0,0,0,0,0,0,0,0,0,0,0,0,0,0,0,"J_Cont__C_Cont",,,0,0,0,0,0,0,0,1
177,2,2,"victim",0,20,3,2,1,2,1,1,TRUE,2.78571428571429,3,2.75,2.28571428571429,3.16666666666667,2,3,3,3,3,2,"Cont","Cont","control","control",0,1,0,,1,1,"Cont","Cont",,0,1,0,1,0,1,0,1,0,"Victim__J_Cont__C_Cont",1,-2,2,"Ing_x_Control","Ing_x_Control__Victim","Ing_x_Control__Accept","Ing_x_Control__Victim__Accept",0,0,0,0,0,1,"Victim__J_Cont__C_Cont__Accept","Victim__J_Cont__C_Cont__Accept",0,0,0,0,0,0,0,0,1,0,0,0,0,0,0,0,0,0,0,0,0,0,0,0,0,0,0,"J_Cont__C_Cont",,,0,0,0,0,0,0,0,1
177,3,1,"victim",0,20,3,2,1,2,1,1,TRUE,2.78571428571429,3,2.75,2.28571428571429,3.16666666666667,2,1,3,1,3,2,"Out","Cont","outgroup","control",1,0,0,0,0,0,"Out","Cont",,1,0,0,1,1,0,0,1,0,"Victim__J_Out__C_Cont",1,9,-9,"Ing_x_Hum","Ing_x_Hum__Victim","Ing_x_Hum__Reject","Ing_x_Hum__Victim__Reject",0,0,0,1,0,0,"Victim__J_Out__C_Cont__Reject","Victim__J_Out__C_Cont__Reject",0,0,0,0,0,0,0,1,0,0,0,0,0,0,0,0,0,0,0,0,0,0,0,0,0,0,0,"J_Out__C_Cont",,,0,0,0,0,0,0,1,0
177,3,2,"victim",0,20,3,2,1,2,1,1,TRUE,2.78571428571429,3,2.75,2.28571428571429,3.16666666666667,2,1,3,3,1,2,"Out","Cont","control","outgroup",0,1,0,,0,0,"Cont","Out",,1,0,0,1,0,1,1,0,0,"Victim__J_Cont__C_Out",1,9,-9,"Ing_x_Control","Ing_x_Control__Victim","Ing_x_Control__Reject","Ing_x_Control__Victim__Reject",0,0,0,0,0,1,"Victim__J_Cont__C_Out__Reject","Victim__J_Cont__C_Out__Reject",0,0,0,0,0,1,0,0,0,0,0,0,0,0,0,0,0,0,0,0,0,0,0,0,0,0,0,"J_Cont__C_Out",,,0,0,0,0,1,0,0,0
177,4,1,"victim",0,20,3,2,1,2,1,1,TRUE,2.78571428571429,3,2.75,2.28571428571429,3.16666666666667,2,1,1,1,1,2,"Out","Out","outgroup","outgroup",1,0,0,0,0,0,"Out","Out",,1,0,1,0,1,0,1,0,0,"Victim__J_Out__C_Out",0,9,-9,"Ing_x_Hum","Ing_x_Hum__Victim","Ing_x_Hum__Reject","Ing_x_Hum__Victim__Reject",0,0,0,1,0,0,"Victim__J_Out__C_Out__Reject","Victim__J_Out__C_Out__Reject",0,0,0,0,1,0,0,0,0,0,0,0,0,0,0,0,0,0,0,0,0,0,0,0,0,0,0,"J_Out__C_Out",,,0,0,0,1,0,0,0,0
177,4,2,"victim",0,20,3,2,1,2,1,1,TRUE,2.78571428571429,3,2.75,2.28571428571429,3.16666666666667,2,1,1,1,1,2,"Out","Out","outgroup","outgroup",1,0,0,0,0,0,"Out","Out",,1,0,1,0,1,0,1,0,0,"Victim__J_Out__C_Out",0,9,-9,"Ing_x_Hum","Ing_x_Hum__Victim","Ing_x_Hum__Reject","Ing_x_Hum__Victim__Reject",0,0,0,1,0,0,"Victim__J_Out__C_Out__Reject","Victim__J_Out__C_Out__Reject",0,0,0,0,1,0,0,0,0,0,0,0,0,0,0,0,0,0,0,0,0,0,0,0,0,0,0,"J_Out__C_Out",,,0,0,0,1,0,0,0,0
177,5,1,"victim",0,20,3,2,1,2,1,1,TRUE,2.78571428571429,3,2.75,2.28571428571429,3.16666666666667,2,1,2,1,2,2,"Out","In","outgroup","ingroup",1,0,0,0,1,1,"Out","In",,1,0,0,0,1,0,0,0,0,"Victim__J_Out__C_In",0,-2,2,"Ing_x_Hum","Ing_x_Hum__Victim","Ing_x_Hum__Accept","Ing_x_Hum__Victim__Accept",0,0,0,1,0,0,"Victim__J_Out__C_In__Accept","Victim__J_Out__C_In__Accept",0,1,0,0,0,0,0,0,0,0,0,0,0,0,0,0,0,0,0,0,0,0,0,0,0,0,0,"J_Out__C_In",,,1,0,0,0,0,0,0,0
177,5,2,"victim",0,20,3,2,1,2,1,1,TRUE,2.78571428571429,3,2.75,2.28571428571429,3.16666666666667,2,1,2,2,1,2,"Out","In","ingroup","outgroup",0,0,0,1,1,1,"In","Out",,1,0,0,0,0,0,1,0,0,"Victim__J_In__C_Out",0,-2,2,"Ing_x_Ing","Ing_x_Ing__Victim","Ing_x_Ing__Accept","Ing_x_Ing__Victim__Accept",0,0,0,0,1,0,"Victim__J_In__C_Out__Accept","Victim__J_In__C_Out__Accept",0,0,0,1,0,0,0,0,0,0,0,0,0,0,0,0,0,0,0,0,0,0,0,0,0,0,0,"J_In__C_Out",,,0,0,1,0,0,0,0,0
178,6,1,"victim",0,22,3,1,0,2,1,2,TRUE,1.53571428571429,1.14285714285714,1.5,2.14285714285714,1.33333333333333,2,1,3,1,3,2,"Out","Cont","outgroup","control",1,0,0,0,0,1,"Out","Cont",,1,0,0,1,1,0,0,1,0,"Victim__J_Out__C_Cont",1,9,-9,"Ing_x_Hum","Ing_x_Hum__Victim","Ing_x_Hum__Reject","Ing_x_Hum__Victim__Reject",0,0,0,1,0,0,"Victim__J_Out__C_Cont__Reject","Victim__J_Out__C_Cont__Reject",0,0,0,0,0,0,0,1,0,0,0,0,0,0,0,0,0,0,0,0,0,0,0,0,0,0,0,"J_Out__C_Cont",,,0,0,0,0,0,0,1,0
178,6,2,"victim",0,22,3,1,0,2,1,2,TRUE,1.53571428571429,1.14285714285714,1.5,2.14285714285714,1.33333333333333,2,1,3,3,1,2,"Out","Cont","control","outgroup",0,1,0,,1,0,"Cont","Out",,1,0,0,1,0,1,1,0,0,"Victim__J_Cont__C_Out",1,-9,9,"Ing_x_Control","Ing_x_Control__Victim","Ing_x_Control__Accept","Ing_x_Control__Victim__Accept",0,0,0,0,0,1,"Victim__J_Cont__C_Out__Accept","Victim__J_Cont__C_Out__Accept",0,0,0,0,0,1,0,0,0,0,0,0,0,0,0,0,0,0,0,0,0,0,0,0,0,0,0,"J_Cont__C_Out",,,0,0,0,0,1,0,0,0
178,7,1,"victim",0,22,3,1,0,2,1,2,TRUE,1.53571428571429,1.14285714285714,1.5,2.14285714285714,1.33333333333333,2,2,3,2,3,2,"In","Cont","ingroup","control",0,0,0,1,1,1,"In","Cont",,0,0,0,1,0,0,0,1,0,"Victim__J_In__C_Cont",1,0,0,"Ing_x_Ing","Ing_x_Ing__Victim","Ing_x_Ing__Accept","Ing_x_Ing__Victim__Accept",0,0,0,0,1,0,"Victim__J_In__C_Cont__Accept","Victim__J_In__C_Cont__Accept",0,0,0,0,0,0,1,0,0,0,0,0,0,0,0,0,0,0,0,0,0,0,0,0,0,0,0,"J_In__C_Cont",,,0,0,0,0,0,1,0,0
178,7,2,"victim",0,22,3,1,0,2,1,2,TRUE,1.53571428571429,1.14285714285714,1.5,2.14285714285714,1.33333333333333,2,2,3,3,2,2,"In","Cont","control","ingroup",0,1,0,,1,1,"Cont","In",,0,0,0,1,0,1,0,0,0,"Victim__J_Cont__C_In",1,0,0,"Ing_x_Control","Ing_x_Control__Victim","Ing_x_Control__Accept","Ing_x_Control__Victim__Accept",0,0,0,0,0,1,"Victim__J_Cont__C_In__Accept","Victim__J_Cont__C_In__Accept",0,0,1,0,0,0,0,0,0,0,0,0,0,0,0,0,0,0,0,0,0,0,0,0,0,0,0,"J_Cont__C_In",,,0,1,0,0,0,0,0,0
178,8,1,"victim",0,22,3,1,0,2,1,2,TRUE,1.53571428571429,1.14285714285714,1.5,2.14285714285714,1.33333333333333,2,1,1,1,1,2,"Out","Out","outgroup","outgroup",1,0,0,0,0,1,"Out","Out",,1,0,1,0,1,0,1,0,0,"Victim__J_Out__C_Out",0,5,-5,"Ing_x_Hum","Ing_x_Hum__Victim","Ing_x_Hum__Reject","Ing_x_Hum__Victim__Reject",0,0,0,1,0,0,"Victim__J_Out__C_Out__Reject","Victim__J_Out__C_Out__Reject",0,0,0,0,1,0,0,0,0,0,0,0,0,0,0,0,0,0,0,0,0,0,0,0,0,0,0,"J_Out__C_Out",,,0,0,0,1,0,0,0,0
178,8,2,"victim",0,22,3,1,0,2,1,2,TRUE,1.53571428571429,1.14285714285714,1.5,2.14285714285714,1.33333333333333,2,1,1,1,1,2,"Out","Out","outgroup","outgroup",1,0,0,0,1,0,"Out","Out",,1,0,1,0,1,0,1,0,0,"Victim__J_Out__C_Out",0,-5,5,"Ing_x_Hum","Ing_x_Hum__Victim","Ing_x_Hum__Accept","Ing_x_Hum__Victim__Accept",0,0,0,1,0,0,"Victim__J_Out__C_Out__Accept","Victim__J_Out__C_Out__Accept",0,0,0,0,1,0,0,0,0,0,0,0,0,0,0,0,0,0,0,0,0,0,0,0,0,0,0,"J_Out__C_Out",,,0,0,0,1,0,0,0,0
178,9,1,"victim",0,22,3,1,0,2,1,2,TRUE,1.53571428571429,1.14285714285714,1.5,2.14285714285714,1.33333333333333,2,1,3,1,3,2,"Out","Cont","outgroup","control",1,0,0,0,1,0,"Out","Cont",,1,0,0,1,1,0,0,1,0,"Victim__J_Out__C_Cont",1,-5,5,"Ing_x_Hum","Ing_x_Hum__Victim","Ing_x_Hum__Accept","Ing_x_Hum__Victim__Accept",0,0,0,1,0,0,"Victim__J_Out__C_Cont__Accept","Victim__J_Out__C_Cont__Accept",0,0,0,0,0,0,0,1,0,0,0,0,0,0,0,0,0,0,0,0,0,0,0,0,0,0,0,"J_Out__C_Cont",,,0,0,0,0,0,0,1,0
178,9,2,"victim",0,22,3,1,0,2,1,2,TRUE,1.53571428571429,1.14285714285714,1.5,2.14285714285714,1.33333333333333,2,1,3,3,1,2,"Out","Cont","control","outgroup",0,1,0,,0,1,"Cont","Out",,1,0,0,1,0,1,1,0,0,"Victim__J_Cont__C_Out",1,6,-6,"Ing_x_Control","Ing_x_Control__Victim","Ing_x_Control__Reject","Ing_x_Control__Victim__Reject",0,0,0,0,0,1,"Victim__J_Cont__C_Out__Reject","Victim__J_Cont__C_Out__Reject",0,0,0,0,0,1,0,0,0,0,0,0,0,0,0,0,0,0,0,0,0,0,0,0,0,0,0,"J_Cont__C_Out",,,0,0,0,0,1,0,0,0
178,10,1,"victim",0,22,3,1,0,2,1,2,TRUE,1.53571428571429,1.14285714285714,1.5,2.14285714285714,1.33333333333333,2,3,1,3,1,2,"Cont","Out","control","outgroup",0,1,0,,0,1,"Cont","Out",,0,1,1,0,0,1,1,0,0,"Victim__J_Cont__C_Out",1,9,-9,"Ing_x_Control","Ing_x_Control__Victim","Ing_x_Control__Reject","Ing_x_Control__Victim__Reject",0,0,0,0,0,1,"Victim__J_Cont__C_Out__Reject","Victim__J_Cont__C_Out__Reject",0,0,0,0,0,1,0,0,0,0,0,0,0,0,0,0,0,0,0,0,0,0,0,0,0,0,0,"J_Cont__C_Out",,,0,0,0,0,1,0,0,0
178,10,2,"victim",0,22,3,1,0,2,1,2,TRUE,1.53571428571429,1.14285714285714,1.5,2.14285714285714,1.33333333333333,2,3,1,1,3,2,"Cont","Out","outgroup","control",1,0,0,0,1,0,"Out","Cont",,0,1,1,0,1,0,0,1,0,"Victim__J_Out__C_Cont",1,-9,9,"Ing_x_Hum","Ing_x_Hum__Victim","Ing_x_Hum__Accept","Ing_x_Hum__Victim__Accept",0,0,0,1,0,0,"Victim__J_Out__C_Cont__Accept","Victim__J_Out__C_Cont__Accept",0,0,0,0,0,0,0,1,0,0,0,0,0,0,0,0,0,0,0,0,0,0,0,0,0,0,0,"J_Out__C_Cont",,,0,0,0,0,0,0,1,0
179,6,1,"victim",0,21,3,1,0,2,1,2,TRUE,2.32142857142857,2.71428571428571,1.875,2.42857142857143,2.33333333333333,2,3,1,3,1,2,"Cont","Out","control","outgroup",0,1,0,,0,1,"Cont","Out",,0,1,1,0,0,1,1,0,0,"Victim__J_Cont__C_Out",1,6,-6,"Ing_x_Control","Ing_x_Control__Victim","Ing_x_Control__Reject","Ing_x_Control__Victim__Reject",0,0,0,0,0,1,"Victim__J_Cont__C_Out__Reject","Victim__J_Cont__C_Out__Reject",0,0,0,0,0,1,0,0,0,0,0,0,0,0,0,0,0,0,0,0,0,0,0,0,0,0,0,"J_Cont__C_Out",,,0,0,0,0,1,0,0,0
179,6,2,"victim",0,21,3,1,0,2,1,2,TRUE,2.32142857142857,2.71428571428571,1.875,2.42857142857143,2.33333333333333,2,3,1,1,3,2,"Cont","Out","outgroup","control",1,0,0,0,1,0,"Out","Cont",,0,1,1,0,1,0,0,1,0,"Victim__J_Out__C_Cont",1,-7,7,"Ing_x_Hum","Ing_x_Hum__Victim","Ing_x_Hum__Accept","Ing_x_Hum__Victim__Accept",0,0,0,1,0,0,"Victim__J_Out__C_Cont__Accept","Victim__J_Out__C_Cont__Accept",0,0,0,0,0,0,0,1,0,0,0,0,0,0,0,0,0,0,0,0,0,0,0,0,0,0,0,"J_Out__C_Cont",,,0,0,0,0,0,0,1,0
179,7,1,"victim",0,21,3,1,0,2,1,2,TRUE,2.32142857142857,2.71428571428571,1.875,2.42857142857143,2.33333333333333,2,2,1,2,1,2,"In","Out","ingroup","outgroup",0,0,0,1,0,1,"In","Out",,0,0,1,0,0,0,1,0,0,"Victim__J_In__C_Out",0,5,-5,"Ing_x_Ing","Ing_x_Ing__Victim","Ing_x_Ing__Reject","Ing_x_Ing__Victim__Reject",0,0,0,0,1,0,"Victim__J_In__C_Out__Reject","Victim__J_In__C_Out__Reject",0,0,0,1,0,0,0,0,0,0,0,0,0,0,0,0,0,0,0,0,0,0,0,0,0,0,0,"J_In__C_Out",,,0,0,1,0,0,0,0,0
179,7,2,"victim",0,21,3,1,0,2,1,2,TRUE,2.32142857142857,2.71428571428571,1.875,2.42857142857143,2.33333333333333,2,2,1,1,2,2,"In","Out","outgroup","ingroup",1,0,0,0,1,0,"Out","In",,0,0,1,0,1,0,0,0,0,"Victim__J_Out__C_In",0,-6,6,"Ing_x_Hum","Ing_x_Hum__Victim","Ing_x_Hum__Accept","Ing_x_Hum__Victim__Accept",0,0,0,1,0,0,"Victim__J_Out__C_In__Accept","Victim__J_Out__C_In__Accept",0,1,0,0,0,0,0,0,0,0,0,0,0,0,0,0,0,0,0,0,0,0,0,0,0,0,0,"J_Out__C_In",,,1,0,0,0,0,0,0,0
179,8,1,"victim",0,21,3,1,0,2,1,2,TRUE,2.32142857142857,2.71428571428571,1.875,2.42857142857143,2.33333333333333,2,2,3,2,3,2,"In","Cont","ingroup","control",0,0,0,1,1,1,"In","Cont",,0,0,0,1,0,0,0,1,0,"Victim__J_In__C_Cont",1,-7,7,"Ing_x_Ing","Ing_x_Ing__Victim","Ing_x_Ing__Accept","Ing_x_Ing__Victim__Accept",0,0,0,0,1,0,"Victim__J_In__C_Cont__Accept","Victim__J_In__C_Cont__Accept",0,0,0,0,0,0,1,0,0,0,0,0,0,0,0,0,0,0,0,0,0,0,0,0,0,0,0,"J_In__C_Cont",,,0,0,0,0,0,1,0,0
179,8,2,"victim",0,21,3,1,0,2,1,2,TRUE,2.32142857142857,2.71428571428571,1.875,2.42857142857143,2.33333333333333,2,2,3,3,2,2,"In","Cont","control","ingroup",0,1,0,,1,1,"Cont","In",,0,0,0,1,0,1,0,0,0,"Victim__J_Cont__C_In",1,-4,4,"Ing_x_Control","Ing_x_Control__Victim","Ing_x_Control__Accept","Ing_x_Control__Victim__Accept",0,0,0,0,0,1,"Victim__J_Cont__C_In__Accept","Victim__J_Cont__C_In__Accept",0,0,1,0,0,0,0,0,0,0,0,0,0,0,0,0,0,0,0,0,0,0,0,0,0,0,0,"J_Cont__C_In",,,0,1,0,0,0,0,0,0
179,9,1,"victim",0,21,3,1,0,2,1,2,TRUE,2.32142857142857,2.71428571428571,1.875,2.42857142857143,2.33333333333333,2,1,3,1,3,2,"Out","Cont","outgroup","control",1,0,0,0,0,1,"Out","Cont",,1,0,0,1,1,0,0,1,0,"Victim__J_Out__C_Cont",1,4,-4,"Ing_x_Hum","Ing_x_Hum__Victim","Ing_x_Hum__Reject","Ing_x_Hum__Victim__Reject",0,0,0,1,0,0,"Victim__J_Out__C_Cont__Reject","Victim__J_Out__C_Cont__Reject",0,0,0,0,0,0,0,1,0,0,0,0,0,0,0,0,0,0,0,0,0,0,0,0,0,0,0,"J_Out__C_Cont",,,0,0,0,0,0,0,1,0
179,9,2,"victim",0,21,3,1,0,2,1,2,TRUE,2.32142857142857,2.71428571428571,1.875,2.42857142857143,2.33333333333333,2,1,3,3,1,2,"Out","Cont","control","outgroup",0,1,0,,1,0,"Cont","Out",,1,0,0,1,0,1,1,0,0,"Victim__J_Cont__C_Out",1,-4,4,"Ing_x_Control","Ing_x_Control__Victim","Ing_x_Control__Accept","Ing_x_Control__Victim__Accept",0,0,0,0,0,1,"Victim__J_Cont__C_Out__Accept","Victim__J_Cont__C_Out__Accept",0,0,0,0,0,1,0,0,0,0,0,0,0,0,0,0,0,0,0,0,0,0,0,0,0,0,0,"J_Cont__C_Out",,,0,0,0,0,1,0,0,0
179,10,1,"victim",0,21,3,1,0,2,1,2,TRUE,2.32142857142857,2.71428571428571,1.875,2.42857142857143,2.33333333333333,2,3,3,3,3,2,"Cont","Cont","control","control",0,1,0,,0,0,"Cont","Cont",,0,1,0,1,0,1,0,1,0,"Victim__J_Cont__C_Cont",1,8,-8,"Ing_x_Control","Ing_x_Control__Victim","Ing_x_Control__Reject","Ing_x_Control__Victim__Reject",0,0,0,0,0,1,"Victim__J_Cont__C_Cont__Reject","Victim__J_Cont__C_Cont__Reject",0,0,0,0,0,0,0,0,1,0,0,0,0,0,0,0,0,0,0,0,0,0,0,0,0,0,0,"J_Cont__C_Cont",,,0,0,0,0,0,0,0,1
179,10,2,"victim",0,21,3,1,0,2,1,2,TRUE,2.32142857142857,2.71428571428571,1.875,2.42857142857143,2.33333333333333,2,3,3,3,3,2,"Cont","Cont","control","control",0,1,0,,0,0,"Cont","Cont",,0,1,0,1,0,1,0,1,0,"Victim__J_Cont__C_Cont",1,8,-8,"Ing_x_Control","Ing_x_Control__Victim","Ing_x_Control__Reject","Ing_x_Control__Victim__Reject",0,0,0,0,0,1,"Victim__J_Cont__C_Cont__Reject","Victim__J_Cont__C_Cont__Reject",0,0,0,0,0,0,0,0,1,0,0,0,0,0,0,0,0,0,0,0,0,0,0,0,0,0,0,"J_Cont__C_Cont",,,0,0,0,0,0,0,0,1
180,1,1,"victim",0,21,4,1,0,2,1,1,TRUE,2.89285714285714,3.28571428571429,2.625,2.85714285714286,2.83333333333333,2,3,3,3,3,2,"Cont","Cont","control","control",0,1,0,,1,1,"Cont","Cont",,0,1,0,1,0,1,0,1,0,"Victim__J_Cont__C_Cont",1,-9,9,"Ing_x_Control","Ing_x_Control__Victim","Ing_x_Control__Accept","Ing_x_Control__Victim__Accept",0,0,0,0,0,1,"Victim__J_Cont__C_Cont__Accept","Victim__J_Cont__C_Cont__Accept",0,0,0,0,0,0,0,0,1,0,0,0,0,0,0,0,0,0,0,0,0,0,0,0,0,0,0,"J_Cont__C_Cont",,,0,0,0,0,0,0,0,1
180,1,2,"victim",0,21,4,1,0,2,1,1,TRUE,2.89285714285714,3.28571428571429,2.625,2.85714285714286,2.83333333333333,2,3,3,3,3,2,"Cont","Cont","control","control",0,1,0,,1,1,"Cont","Cont",,0,1,0,1,0,1,0,1,0,"Victim__J_Cont__C_Cont",1,-9,9,"Ing_x_Control","Ing_x_Control__Victim","Ing_x_Control__Accept","Ing_x_Control__Victim__Accept",0,0,0,0,0,1,"Victim__J_Cont__C_Cont__Accept","Victim__J_Cont__C_Cont__Accept",0,0,0,0,0,0,0,0,1,0,0,0,0,0,0,0,0,0,0,0,0,0,0,0,0,0,0,"J_Cont__C_Cont",,,0,0,0,0,0,0,0,1
180,2,1,"victim",0,21,4,1,0,2,1,1,TRUE,2.89285714285714,3.28571428571429,2.625,2.85714285714286,2.83333333333333,2,2,1,2,1,2,"In","Out","ingroup","outgroup",0,0,0,1,1,1,"In","Out",,0,0,1,0,0,0,1,0,0,"Victim__J_In__C_Out",0,-2,2,"Ing_x_Ing","Ing_x_Ing__Victim","Ing_x_Ing__Accept","Ing_x_Ing__Victim__Accept",0,0,0,0,1,0,"Victim__J_In__C_Out__Accept","Victim__J_In__C_Out__Accept",0,0,0,1,0,0,0,0,0,0,0,0,0,0,0,0,0,0,0,0,0,0,0,0,0,0,0,"J_In__C_Out",,,0,0,1,0,0,0,0,0
180,2,2,"victim",0,21,4,1,0,2,1,1,TRUE,2.89285714285714,3.28571428571429,2.625,2.85714285714286,2.83333333333333,2,2,1,1,2,2,"In","Out","outgroup","ingroup",1,0,0,0,1,1,"Out","In",,0,0,1,0,1,0,0,0,0,"Victim__J_Out__C_In",0,-2,2,"Ing_x_Hum","Ing_x_Hum__Victim","Ing_x_Hum__Accept","Ing_x_Hum__Victim__Accept",0,0,0,1,0,0,"Victim__J_Out__C_In__Accept","Victim__J_Out__C_In__Accept",0,1,0,0,0,0,0,0,0,0,0,0,0,0,0,0,0,0,0,0,0,0,0,0,0,0,0,"J_Out__C_In",,,1,0,0,0,0,0,0,0
180,3,1,"victim",0,21,4,1,0,2,1,1,TRUE,2.89285714285714,3.28571428571429,2.625,2.85714285714286,2.83333333333333,2,2,3,2,3,2,"In","Cont","ingroup","control",0,0,0,1,0,1,"In","Cont",,0,0,0,1,0,0,0,1,0,"Victim__J_In__C_Cont",1,9,-9,"Ing_x_Ing","Ing_x_Ing__Victim","Ing_x_Ing__Reject","Ing_x_Ing__Victim__Reject",0,0,0,0,1,0,"Victim__J_In__C_Cont__Reject","Victim__J_In__C_Cont__Reject",0,0,0,0,0,0,1,0,0,0,0,0,0,0,0,0,0,0,0,0,0,0,0,0,0,0,0,"J_In__C_Cont",,,0,0,0,0,0,1,0,0
180,3,2,"victim",0,21,4,1,0,2,1,1,TRUE,2.89285714285714,3.28571428571429,2.625,2.85714285714286,2.83333333333333,2,2,3,3,2,2,"In","Cont","control","ingroup",0,1,0,,1,0,"Cont","In",,0,0,0,1,0,1,0,0,0,"Victim__J_Cont__C_In",1,-9,9,"Ing_x_Control","Ing_x_Control__Victim","Ing_x_Control__Accept","Ing_x_Control__Victim__Accept",0,0,0,0,0,1,"Victim__J_Cont__C_In__Accept","Victim__J_Cont__C_In__Accept",0,0,1,0,0,0,0,0,0,0,0,0,0,0,0,0,0,0,0,0,0,0,0,0,0,0,0,"J_Cont__C_In",,,0,1,0,0,0,0,0,0
180,4,1,"victim",0,21,4,1,0,2,1,1,TRUE,2.89285714285714,3.28571428571429,2.625,2.85714285714286,2.83333333333333,2,1,3,1,3,2,"Out","Cont","outgroup","control",1,0,0,0,1,1,"Out","Cont",,1,0,0,1,1,0,0,1,0,"Victim__J_Out__C_Cont",1,-3,3,"Ing_x_Hum","Ing_x_Hum__Victim","Ing_x_Hum__Accept","Ing_x_Hum__Victim__Accept",0,0,0,1,0,0,"Victim__J_Out__C_Cont__Accept","Victim__J_Out__C_Cont__Accept",0,0,0,0,0,0,0,1,0,0,0,0,0,0,0,0,0,0,0,0,0,0,0,0,0,0,0,"J_Out__C_Cont",,,0,0,0,0,0,0,1,0
180,4,2,"victim",0,21,4,1,0,2,1,1,TRUE,2.89285714285714,3.28571428571429,2.625,2.85714285714286,2.83333333333333,2,1,3,3,1,2,"Out","Cont","control","outgroup",0,1,0,,1,1,"Cont","Out",,1,0,0,1,0,1,1,0,0,"Victim__J_Cont__C_Out",1,-3,3,"Ing_x_Control","Ing_x_Control__Victim","Ing_x_Control__Accept","Ing_x_Control__Victim__Accept",0,0,0,0,0,1,"Victim__J_Cont__C_Out__Accept","Victim__J_Cont__C_Out__Accept",0,0,0,0,0,1,0,0,0,0,0,0,0,0,0,0,0,0,0,0,0,0,0,0,0,0,0,"J_Cont__C_Out",,,0,0,0,0,1,0,0,0
180,5,1,"victim",0,21,4,1,0,2,1,1,TRUE,2.89285714285714,3.28571428571429,2.625,2.85714285714286,2.83333333333333,2,3,3,3,3,2,"Cont","Cont","control","control",0,1,0,,0,1,"Cont","Cont",,0,1,0,1,0,1,0,1,0,"Victim__J_Cont__C_Cont",1,6,-6,"Ing_x_Control","Ing_x_Control__Victim","Ing_x_Control__Reject","Ing_x_Control__Victim__Reject",0,0,0,0,0,1,"Victim__J_Cont__C_Cont__Reject","Victim__J_Cont__C_Cont__Reject",0,0,0,0,0,0,0,0,1,0,0,0,0,0,0,0,0,0,0,0,0,0,0,0,0,0,0,"J_Cont__C_Cont",,,0,0,0,0,0,0,0,1
180,5,2,"victim",0,21,4,1,0,2,1,1,TRUE,2.89285714285714,3.28571428571429,2.625,2.85714285714286,2.83333333333333,2,3,3,3,3,2,"Cont","Cont","control","control",0,1,0,,1,0,"Cont","Cont",,0,1,0,1,0,1,0,1,0,"Victim__J_Cont__C_Cont",1,-1,1,"Ing_x_Control","Ing_x_Control__Victim","Ing_x_Control__Accept","Ing_x_Control__Victim__Accept",0,0,0,0,0,1,"Victim__J_Cont__C_Cont__Accept","Victim__J_Cont__C_Cont__Accept",0,0,0,0,0,0,0,0,1,0,0,0,0,0,0,0,0,0,0,0,0,0,0,0,0,0,0,"J_Cont__C_Cont",,,0,0,0,0,0,0,0,1
181,1,1,"victim",0,21,3,1,0,2,1,1,TRUE,3.64285714285714,3.71428571428571,3.875,3.14285714285714,3.83333333333333,2,3,1,3,1,2,"Cont","Out","control","outgroup",0,1,0,,1,0,"Cont","Out",,0,1,1,0,0,1,1,0,0,"Victim__J_Cont__C_Out",1,-8,8,"Ing_x_Control","Ing_x_Control__Victim","Ing_x_Control__Accept","Ing_x_Control__Victim__Accept",0,0,0,0,0,1,"Victim__J_Cont__C_Out__Accept","Victim__J_Cont__C_Out__Accept",0,0,0,0,0,1,0,0,0,0,0,0,0,0,0,0,0,0,0,0,0,0,0,0,0,0,0,"J_Cont__C_Out",,,0,0,0,0,1,0,0,0
181,1,2,"victim",0,21,3,1,0,2,1,1,TRUE,3.64285714285714,3.71428571428571,3.875,3.14285714285714,3.83333333333333,2,3,1,1,3,2,"Cont","Out","outgroup","control",1,0,0,0,0,1,"Out","Cont",,0,1,1,0,1,0,0,1,0,"Victim__J_Out__C_Cont",1,9,-9,"Ing_x_Hum","Ing_x_Hum__Victim","Ing_x_Hum__Reject","Ing_x_Hum__Victim__Reject",0,0,0,1,0,0,"Victim__J_Out__C_Cont__Reject","Victim__J_Out__C_Cont__Reject",0,0,0,0,0,0,0,1,0,0,0,0,0,0,0,0,0,0,0,0,0,0,0,0,0,0,0,"J_Out__C_Cont",,,0,0,0,0,0,0,1,0
181,2,1,"victim",0,21,3,1,0,2,1,1,TRUE,3.64285714285714,3.71428571428571,3.875,3.14285714285714,3.83333333333333,2,2,2,2,2,2,"In","In","ingroup","ingroup",0,0,0,1,1,0,"In","In",,0,0,0,0,0,0,0,0,0,"Victim__J_In__C_In",0,-8,8,"Ing_x_Ing","Ing_x_Ing__Victim","Ing_x_Ing__Accept","Ing_x_Ing__Victim__Accept",0,0,0,0,1,0,"Victim__J_In__C_In__Accept","Victim__J_In__C_In__Accept",1,0,0,0,0,0,0,0,0,0,0,0,0,0,0,0,0,0,0,0,0,0,0,0,0,0,0,"J_In__C_In",,,0,0,0,0,0,0,0,0
181,2,2,"victim",0,21,3,1,0,2,1,1,TRUE,3.64285714285714,3.71428571428571,3.875,3.14285714285714,3.83333333333333,2,2,2,2,2,2,"In","In","ingroup","ingroup",0,0,0,1,0,1,"In","In",,0,0,0,0,0,0,0,0,0,"Victim__J_In__C_In",0,9,-9,"Ing_x_Ing","Ing_x_Ing__Victim","Ing_x_Ing__Reject","Ing_x_Ing__Victim__Reject",0,0,0,0,1,0,"Victim__J_In__C_In__Reject","Victim__J_In__C_In__Reject",1,0,0,0,0,0,0,0,0,0,0,0,0,0,0,0,0,0,0,0,0,0,0,0,0,0,0,"J_In__C_In",,,0,0,0,0,0,0,0,0
181,3,1,"victim",0,21,3,1,0,2,1,1,TRUE,3.64285714285714,3.71428571428571,3.875,3.14285714285714,3.83333333333333,2,2,2,2,2,2,"In","In","ingroup","ingroup",0,0,0,1,1,0,"In","In",,0,0,0,0,0,0,0,0,0,"Victim__J_In__C_In",0,-8,8,"Ing_x_Ing","Ing_x_Ing__Victim","Ing_x_Ing__Accept","Ing_x_Ing__Victim__Accept",0,0,0,0,1,0,"Victim__J_In__C_In__Accept","Victim__J_In__C_In__Accept",1,0,0,0,0,0,0,0,0,0,0,0,0,0,0,0,0,0,0,0,0,0,0,0,0,0,0,"J_In__C_In",,,0,0,0,0,0,0,0,0
181,3,2,"victim",0,21,3,1,0,2,1,1,TRUE,3.64285714285714,3.71428571428571,3.875,3.14285714285714,3.83333333333333,2,2,2,2,2,2,"In","In","ingroup","ingroup",0,0,0,1,0,1,"In","In",,0,0,0,0,0,0,0,0,0,"Victim__J_In__C_In",0,9,-9,"Ing_x_Ing","Ing_x_Ing__Victim","Ing_x_Ing__Reject","Ing_x_Ing__Victim__Reject",0,0,0,0,1,0,"Victim__J_In__C_In__Reject","Victim__J_In__C_In__Reject",1,0,0,0,0,0,0,0,0,0,0,0,0,0,0,0,0,0,0,0,0,0,0,0,0,0,0,"J_In__C_In",,,0,0,0,0,0,0,0,0
181,4,1,"victim",0,21,3,1,0,2,1,1,TRUE,3.64285714285714,3.71428571428571,3.875,3.14285714285714,3.83333333333333,2,1,3,1,3,2,"Out","Cont","outgroup","control",1,0,0,0,1,1,"Out","Cont",,1,0,0,1,1,0,0,1,0,"Victim__J_Out__C_Cont",1,-8,8,"Ing_x_Hum","Ing_x_Hum__Victim","Ing_x_Hum__Accept","Ing_x_Hum__Victim__Accept",0,0,0,1,0,0,"Victim__J_Out__C_Cont__Accept","Victim__J_Out__C_Cont__Accept",0,0,0,0,0,0,0,1,0,0,0,0,0,0,0,0,0,0,0,0,0,0,0,0,0,0,0,"J_Out__C_Cont",,,0,0,0,0,0,0,1,0
181,4,2,"victim",0,21,3,1,0,2,1,1,TRUE,3.64285714285714,3.71428571428571,3.875,3.14285714285714,3.83333333333333,2,1,3,3,1,2,"Out","Cont","control","outgroup",0,1,0,,1,1,"Cont","Out",,1,0,0,1,0,1,1,0,0,"Victim__J_Cont__C_Out",1,-8,8,"Ing_x_Control","Ing_x_Control__Victim","Ing_x_Control__Accept","Ing_x_Control__Victim__Accept",0,0,0,0,0,1,"Victim__J_Cont__C_Out__Accept","Victim__J_Cont__C_Out__Accept",0,0,0,0,0,1,0,0,0,0,0,0,0,0,0,0,0,0,0,0,0,0,0,0,0,0,0,"J_Cont__C_Out",,,0,0,0,0,1,0,0,0
181,5,1,"victim",0,21,3,1,0,2,1,1,TRUE,3.64285714285714,3.71428571428571,3.875,3.14285714285714,3.83333333333333,2,3,3,3,3,2,"Cont","Cont","control","control",0,1,0,,1,0,"Cont","Cont",,0,1,0,1,0,1,0,1,0,"Victim__J_Cont__C_Cont",1,-7,7,"Ing_x_Control","Ing_x_Control__Victim","Ing_x_Control__Accept","Ing_x_Control__Victim__Accept",0,0,0,0,0,1,"Victim__J_Cont__C_Cont__Accept","Victim__J_Cont__C_Cont__Accept",0,0,0,0,0,0,0,0,1,0,0,0,0,0,0,0,0,0,0,0,0,0,0,0,0,0,0,"J_Cont__C_Cont",,,0,0,0,0,0,0,0,1
181,5,2,"victim",0,21,3,1,0,2,1,1,TRUE,3.64285714285714,3.71428571428571,3.875,3.14285714285714,3.83333333333333,2,3,3,3,3,2,"Cont","Cont","control","control",0,1,0,,0,1,"Cont","Cont",,0,1,0,1,0,1,0,1,0,"Victim__J_Cont__C_Cont",1,9,-9,"Ing_x_Control","Ing_x_Control__Victim","Ing_x_Control__Reject","Ing_x_Control__Victim__Reject",0,0,0,0,0,1,"Victim__J_Cont__C_Cont__Reject","Victim__J_Cont__C_Cont__Reject",0,0,0,0,0,0,0,0,1,0,0,0,0,0,0,0,0,0,0,0,0,0,0,0,0,0,0,"J_Cont__C_Cont",,,0,0,0,0,0,0,0,1
182,1,1,"victim",0,20,4,2,1,2,1,1,TRUE,2.25,1.85714285714286,2,3.28571428571429,1.83333333333333,2,2,2,2,2,2,"In","In","ingroup","ingroup",0,0,0,1,0,0,"In","In",,0,0,0,0,0,0,0,0,0,"Victim__J_In__C_In",0,9,-9,"Ing_x_Ing","Ing_x_Ing__Victim","Ing_x_Ing__Reject","Ing_x_Ing__Victim__Reject",0,0,0,0,1,0,"Victim__J_In__C_In__Reject","Victim__J_In__C_In__Reject",1,0,0,0,0,0,0,0,0,0,0,0,0,0,0,0,0,0,0,0,0,0,0,0,0,0,0,"J_In__C_In",,,0,0,0,0,0,0,0,0
182,1,2,"victim",0,20,4,2,1,2,1,1,TRUE,2.25,1.85714285714286,2,3.28571428571429,1.83333333333333,2,2,2,2,2,2,"In","In","ingroup","ingroup",0,0,0,1,0,0,"In","In",,0,0,0,0,0,0,0,0,0,"Victim__J_In__C_In",0,9,-9,"Ing_x_Ing","Ing_x_Ing__Victim","Ing_x_Ing__Reject","Ing_x_Ing__Victim__Reject",0,0,0,0,1,0,"Victim__J_In__C_In__Reject","Victim__J_In__C_In__Reject",1,0,0,0,0,0,0,0,0,0,0,0,0,0,0,0,0,0,0,0,0,0,0,0,0,0,0,"J_In__C_In",,,0,0,0,0,0,0,0,0
182,2,1,"victim",0,20,4,2,1,2,1,1,TRUE,2.25,1.85714285714286,2,3.28571428571429,1.83333333333333,2,1,2,1,2,2,"Out","In","outgroup","ingroup",1,0,0,0,0,1,"Out","In",,1,0,0,0,1,0,0,0,0,"Victim__J_Out__C_In",0,9,-9,"Ing_x_Hum","Ing_x_Hum__Victim","Ing_x_Hum__Reject","Ing_x_Hum__Victim__Reject",0,0,0,1,0,0,"Victim__J_Out__C_In__Reject","Victim__J_Out__C_In__Reject",0,1,0,0,0,0,0,0,0,0,0,0,0,0,0,0,0,0,0,0,0,0,0,0,0,0,0,"J_Out__C_In",,,1,0,0,0,0,0,0,0
182,2,2,"victim",0,20,4,2,1,2,1,1,TRUE,2.25,1.85714285714286,2,3.28571428571429,1.83333333333333,2,1,2,2,1,2,"Out","In","ingroup","outgroup",0,0,0,1,1,0,"In","Out",,1,0,0,0,0,0,1,0,0,"Victim__J_In__C_Out",0,-5,5,"Ing_x_Ing","Ing_x_Ing__Victim","Ing_x_Ing__Accept","Ing_x_Ing__Victim__Accept",0,0,0,0,1,0,"Victim__J_In__C_Out__Accept","Victim__J_In__C_Out__Accept",0,0,0,1,0,0,0,0,0,0,0,0,0,0,0,0,0,0,0,0,0,0,0,0,0,0,0,"J_In__C_Out",,,0,0,1,0,0,0,0,0
182,3,1,"victim",0,20,4,2,1,2,1,1,TRUE,2.25,1.85714285714286,2,3.28571428571429,1.83333333333333,2,3,2,3,2,2,"Cont","In","control","ingroup",0,1,0,,1,1,"Cont","In",,0,1,0,0,0,1,0,0,0,"Victim__J_Cont__C_In",1,-5,5,"Ing_x_Control","Ing_x_Control__Victim","Ing_x_Control__Accept","Ing_x_Control__Victim__Accept",0,0,0,0,0,1,"Victim__J_Cont__C_In__Accept","Victim__J_Cont__C_In__Accept",0,0,1,0,0,0,0,0,0,0,0,0,0,0,0,0,0,0,0,0,0,0,0,0,0,0,0,"J_Cont__C_In",,,0,1,0,0,0,0,0,0
182,3,2,"victim",0,20,4,2,1,2,1,1,TRUE,2.25,1.85714285714286,2,3.28571428571429,1.83333333333333,2,3,2,2,3,2,"Cont","In","ingroup","control",0,0,0,1,1,1,"In","Cont",,0,1,0,0,0,0,0,1,0,"Victim__J_In__C_Cont",1,-5,5,"Ing_x_Ing","Ing_x_Ing__Victim","Ing_x_Ing__Accept","Ing_x_Ing__Victim__Accept",0,0,0,0,1,0,"Victim__J_In__C_Cont__Accept","Victim__J_In__C_Cont__Accept",0,0,0,0,0,0,1,0,0,0,0,0,0,0,0,0,0,0,0,0,0,0,0,0,0,0,0,"J_In__C_Cont",,,0,0,0,0,0,1,0,0
182,4,1,"victim",0,20,4,2,1,2,1,1,TRUE,2.25,1.85714285714286,2,3.28571428571429,1.83333333333333,2,2,1,2,1,2,"In","Out","ingroup","outgroup",0,0,0,1,0,0,"In","Out",,0,0,1,0,0,0,1,0,0,"Victim__J_In__C_Out",0,9,-9,"Ing_x_Ing","Ing_x_Ing__Victim","Ing_x_Ing__Reject","Ing_x_Ing__Victim__Reject",0,0,0,0,1,0,"Victim__J_In__C_Out__Reject","Victim__J_In__C_Out__Reject",0,0,0,1,0,0,0,0,0,0,0,0,0,0,0,0,0,0,0,0,0,0,0,0,0,0,0,"J_In__C_Out",,,0,0,1,0,0,0,0,0
182,4,2,"victim",0,20,4,2,1,2,1,1,TRUE,2.25,1.85714285714286,2,3.28571428571429,1.83333333333333,2,2,1,1,2,2,"In","Out","outgroup","ingroup",1,0,0,0,0,0,"Out","In",,0,0,1,0,1,0,0,0,0,"Victim__J_Out__C_In",0,9,-9,"Ing_x_Hum","Ing_x_Hum__Victim","Ing_x_Hum__Reject","Ing_x_Hum__Victim__Reject",0,0,0,1,0,0,"Victim__J_Out__C_In__Reject","Victim__J_Out__C_In__Reject",0,1,0,0,0,0,0,0,0,0,0,0,0,0,0,0,0,0,0,0,0,0,0,0,0,0,0,"J_Out__C_In",,,1,0,0,0,0,0,0,0
182,5,1,"victim",0,20,4,2,1,2,1,1,TRUE,2.25,1.85714285714286,2,3.28571428571429,1.83333333333333,2,2,2,2,2,2,"In","In","ingroup","ingroup",0,0,0,1,0,0,"In","In",,0,0,0,0,0,0,0,0,0,"Victim__J_In__C_In",0,9,-9,"Ing_x_Ing","Ing_x_Ing__Victim","Ing_x_Ing__Reject","Ing_x_Ing__Victim__Reject",0,0,0,0,1,0,"Victim__J_In__C_In__Reject","Victim__J_In__C_In__Reject",1,0,0,0,0,0,0,0,0,0,0,0,0,0,0,0,0,0,0,0,0,0,0,0,0,0,0,"J_In__C_In",,,0,0,0,0,0,0,0,0
182,5,2,"victim",0,20,4,2,1,2,1,1,TRUE,2.25,1.85714285714286,2,3.28571428571429,1.83333333333333,2,2,2,2,2,2,"In","In","ingroup","ingroup",0,0,0,1,0,0,"In","In",,0,0,0,0,0,0,0,0,0,"Victim__J_In__C_In",0,9,-9,"Ing_x_Ing","Ing_x_Ing__Victim","Ing_x_Ing__Reject","Ing_x_Ing__Victim__Reject",0,0,0,0,1,0,"Victim__J_In__C_In__Reject","Victim__J_In__C_In__Reject",1,0,0,0,0,0,0,0,0,0,0,0,0,0,0,0,0,0,0,0,0,0,0,0,0,0,0,"J_In__C_In",,,0,0,0,0,0,0,0,0
183,1,1,"victim",0,20,4,2,1,2,1,1,TRUE,1.71428571428571,1.14285714285714,1.875,1.85714285714286,2,2,3,1,3,1,2,"Cont","Out","control","outgroup",0,1,0,,0,0,"Cont","Out",,0,1,1,0,0,1,1,0,0,"Victim__J_Cont__C_Out",1,9,-9,"Ing_x_Control","Ing_x_Control__Victim","Ing_x_Control__Reject","Ing_x_Control__Victim__Reject",0,0,0,0,0,1,"Victim__J_Cont__C_Out__Reject","Victim__J_Cont__C_Out__Reject",0,0,0,0,0,1,0,0,0,0,0,0,0,0,0,0,0,0,0,0,0,0,0,0,0,0,0,"J_Cont__C_Out",,,0,0,0,0,1,0,0,0
183,1,2,"victim",0,20,4,2,1,2,1,1,TRUE,1.71428571428571,1.14285714285714,1.875,1.85714285714286,2,2,3,1,1,3,2,"Cont","Out","outgroup","control",1,0,0,0,0,0,"Out","Cont",,0,1,1,0,1,0,0,1,0,"Victim__J_Out__C_Cont",1,9,-9,"Ing_x_Hum","Ing_x_Hum__Victim","Ing_x_Hum__Reject","Ing_x_Hum__Victim__Reject",0,0,0,1,0,0,"Victim__J_Out__C_Cont__Reject","Victim__J_Out__C_Cont__Reject",0,0,0,0,0,0,0,1,0,0,0,0,0,0,0,0,0,0,0,0,0,0,0,0,0,0,0,"J_Out__C_Cont",,,0,0,0,0,0,0,1,0
183,2,1,"victim",0,20,4,2,1,2,1,1,TRUE,1.71428571428571,1.14285714285714,1.875,1.85714285714286,2,2,1,3,1,3,2,"Out","Cont","outgroup","control",1,0,0,0,0,0,"Out","Cont",,1,0,0,1,1,0,0,1,0,"Victim__J_Out__C_Cont",1,9,-9,"Ing_x_Hum","Ing_x_Hum__Victim","Ing_x_Hum__Reject","Ing_x_Hum__Victim__Reject",0,0,0,1,0,0,"Victim__J_Out__C_Cont__Reject","Victim__J_Out__C_Cont__Reject",0,0,0,0,0,0,0,1,0,0,0,0,0,0,0,0,0,0,0,0,0,0,0,0,0,0,0,"J_Out__C_Cont",,,0,0,0,0,0,0,1,0
183,2,2,"victim",0,20,4,2,1,2,1,1,TRUE,1.71428571428571,1.14285714285714,1.875,1.85714285714286,2,2,1,3,3,1,2,"Out","Cont","control","outgroup",0,1,0,,0,0,"Cont","Out",,1,0,0,1,0,1,1,0,0,"Victim__J_Cont__C_Out",1,9,-9,"Ing_x_Control","Ing_x_Control__Victim","Ing_x_Control__Reject","Ing_x_Control__Victim__Reject",0,0,0,0,0,1,"Victim__J_Cont__C_Out__Reject","Victim__J_Cont__C_Out__Reject",0,0,0,0,0,1,0,0,0,0,0,0,0,0,0,0,0,0,0,0,0,0,0,0,0,0,0,"J_Cont__C_Out",,,0,0,0,0,1,0,0,0
183,3,1,"victim",0,20,4,2,1,2,1,1,TRUE,1.71428571428571,1.14285714285714,1.875,1.85714285714286,2,2,2,3,2,3,2,"In","Cont","ingroup","control",0,0,0,1,0,1,"In","Cont",,0,0,0,1,0,0,0,1,0,"Victim__J_In__C_Cont",1,7,-7,"Ing_x_Ing","Ing_x_Ing__Victim","Ing_x_Ing__Reject","Ing_x_Ing__Victim__Reject",0,0,0,0,1,0,"Victim__J_In__C_Cont__Reject","Victim__J_In__C_Cont__Reject",0,0,0,0,0,0,1,0,0,0,0,0,0,0,0,0,0,0,0,0,0,0,0,0,0,0,0,"J_In__C_Cont",,,0,0,0,0,0,1,0,0
183,3,2,"victim",0,20,4,2,1,2,1,1,TRUE,1.71428571428571,1.14285714285714,1.875,1.85714285714286,2,2,2,3,3,2,2,"In","Cont","control","ingroup",0,1,0,,1,0,"Cont","In",,0,0,0,1,0,1,0,0,0,"Victim__J_Cont__C_In",1,-4,4,"Ing_x_Control","Ing_x_Control__Victim","Ing_x_Control__Accept","Ing_x_Control__Victim__Accept",0,0,0,0,0,1,"Victim__J_Cont__C_In__Accept","Victim__J_Cont__C_In__Accept",0,0,1,0,0,0,0,0,0,0,0,0,0,0,0,0,0,0,0,0,0,0,0,0,0,0,0,"J_Cont__C_In",,,0,1,0,0,0,0,0,0
183,4,1,"victim",0,20,4,2,1,2,1,1,TRUE,1.71428571428571,1.14285714285714,1.875,1.85714285714286,2,2,2,2,2,2,2,"In","In","ingroup","ingroup",0,0,0,1,1,1,"In","In",,0,0,0,0,0,0,0,0,0,"Victim__J_In__C_In",0,-9,9,"Ing_x_Ing","Ing_x_Ing__Victim","Ing_x_Ing__Accept","Ing_x_Ing__Victim__Accept",0,0,0,0,1,0,"Victim__J_In__C_In__Accept","Victim__J_In__C_In__Accept",1,0,0,0,0,0,0,0,0,0,0,0,0,0,0,0,0,0,0,0,0,0,0,0,0,0,0,"J_In__C_In",,,0,0,0,0,0,0,0,0
183,4,2,"victim",0,20,4,2,1,2,1,1,TRUE,1.71428571428571,1.14285714285714,1.875,1.85714285714286,2,2,2,2,2,2,2,"In","In","ingroup","ingroup",0,0,0,1,1,1,"In","In",,0,0,0,0,0,0,0,0,0,"Victim__J_In__C_In",0,-9,9,"Ing_x_Ing","Ing_x_Ing__Victim","Ing_x_Ing__Accept","Ing_x_Ing__Victim__Accept",0,0,0,0,1,0,"Victim__J_In__C_In__Accept","Victim__J_In__C_In__Accept",1,0,0,0,0,0,0,0,0,0,0,0,0,0,0,0,0,0,0,0,0,0,0,0,0,0,0,"J_In__C_In",,,0,0,0,0,0,0,0,0
183,5,1,"victim",0,20,4,2,1,2,1,1,TRUE,1.71428571428571,1.14285714285714,1.875,1.85714285714286,2,2,1,3,1,3,2,"Out","Cont","outgroup","control",1,0,0,0,1,0,"Out","Cont",,1,0,0,1,1,0,0,1,0,"Victim__J_Out__C_Cont",1,-5,5,"Ing_x_Hum","Ing_x_Hum__Victim","Ing_x_Hum__Accept","Ing_x_Hum__Victim__Accept",0,0,0,1,0,0,"Victim__J_Out__C_Cont__Accept","Victim__J_Out__C_Cont__Accept",0,0,0,0,0,0,0,1,0,0,0,0,0,0,0,0,0,0,0,0,0,0,0,0,0,0,0,"J_Out__C_Cont",,,0,0,0,0,0,0,1,0
183,5,2,"victim",0,20,4,2,1,2,1,1,TRUE,1.71428571428571,1.14285714285714,1.875,1.85714285714286,2,2,1,3,3,1,2,"Out","Cont","control","outgroup",0,1,0,,0,1,"Cont","Out",,1,0,0,1,0,1,1,0,0,"Victim__J_Cont__C_Out",1,9,-9,"Ing_x_Control","Ing_x_Control__Victim","Ing_x_Control__Reject","Ing_x_Control__Victim__Reject",0,0,0,0,0,1,"Victim__J_Cont__C_Out__Reject","Victim__J_Cont__C_Out__Reject",0,0,0,0,0,1,0,0,0,0,0,0,0,0,0,0,0,0,0,0,0,0,0,0,0,0,0,"J_Cont__C_Out",,,0,0,0,0,1,0,0,0
184,6,1,"victim",0,20,4,2,1,2,1,2,TRUE,2.35714285714286,2.14285714285714,2.375,2.71428571428571,2.16666666666667,2,1,1,1,1,2,"Out","Out","outgroup","outgroup",1,0,0,0,1,1,"Out","Out",,1,0,1,0,1,0,1,0,0,"Victim__J_Out__C_Out",0,-9,9,"Ing_x_Hum","Ing_x_Hum__Victim","Ing_x_Hum__Accept","Ing_x_Hum__Victim__Accept",0,0,0,1,0,0,"Victim__J_Out__C_Out__Accept","Victim__J_Out__C_Out__Accept",0,0,0,0,1,0,0,0,0,0,0,0,0,0,0,0,0,0,0,0,0,0,0,0,0,0,0,"J_Out__C_Out",,,0,0,0,1,0,0,0,0
184,6,2,"victim",0,20,4,2,1,2,1,2,TRUE,2.35714285714286,2.14285714285714,2.375,2.71428571428571,2.16666666666667,2,1,1,1,1,2,"Out","Out","outgroup","outgroup",1,0,0,0,1,1,"Out","Out",,1,0,1,0,1,0,1,0,0,"Victim__J_Out__C_Out",0,-9,9,"Ing_x_Hum","Ing_x_Hum__Victim","Ing_x_Hum__Accept","Ing_x_Hum__Victim__Accept",0,0,0,1,0,0,"Victim__J_Out__C_Out__Accept","Victim__J_Out__C_Out__Accept",0,0,0,0,1,0,0,0,0,0,0,0,0,0,0,0,0,0,0,0,0,0,0,0,0,0,0,"J_Out__C_Out",,,0,0,0,1,0,0,0,0
184,7,1,"victim",0,20,4,2,1,2,1,2,TRUE,2.35714285714286,2.14285714285714,2.375,2.71428571428571,2.16666666666667,2,3,3,3,3,2,"Cont","Cont","control","control",0,1,0,,1,0,"Cont","Cont",,0,1,0,1,0,1,0,1,0,"Victim__J_Cont__C_Cont",1,-7,7,"Ing_x_Control","Ing_x_Control__Victim","Ing_x_Control__Accept","Ing_x_Control__Victim__Accept",0,0,0,0,0,1,"Victim__J_Cont__C_Cont__Accept","Victim__J_Cont__C_Cont__Accept",0,0,0,0,0,0,0,0,1,0,0,0,0,0,0,0,0,0,0,0,0,0,0,0,0,0,0,"J_Cont__C_Cont",,,0,0,0,0,0,0,0,1
184,7,2,"victim",0,20,4,2,1,2,1,2,TRUE,2.35714285714286,2.14285714285714,2.375,2.71428571428571,2.16666666666667,2,3,3,3,3,2,"Cont","Cont","control","control",0,1,0,,0,1,"Cont","Cont",,0,1,0,1,0,1,0,1,0,"Victim__J_Cont__C_Cont",1,8,-8,"Ing_x_Control","Ing_x_Control__Victim","Ing_x_Control__Reject","Ing_x_Control__Victim__Reject",0,0,0,0,0,1,"Victim__J_Cont__C_Cont__Reject","Victim__J_Cont__C_Cont__Reject",0,0,0,0,0,0,0,0,1,0,0,0,0,0,0,0,0,0,0,0,0,0,0,0,0,0,0,"J_Cont__C_Cont",,,0,0,0,0,0,0,0,1
184,8,1,"victim",0,20,4,2,1,2,1,2,TRUE,2.35714285714286,2.14285714285714,2.375,2.71428571428571,2.16666666666667,2,2,3,2,3,2,"In","Cont","ingroup","control",0,0,0,1,0,1,"In","Cont",,0,0,0,1,0,0,0,1,0,"Victim__J_In__C_Cont",1,8,-8,"Ing_x_Ing","Ing_x_Ing__Victim","Ing_x_Ing__Reject","Ing_x_Ing__Victim__Reject",0,0,0,0,1,0,"Victim__J_In__C_Cont__Reject","Victim__J_In__C_Cont__Reject",0,0,0,0,0,0,1,0,0,0,0,0,0,0,0,0,0,0,0,0,0,0,0,0,0,0,0,"J_In__C_Cont",,,0,0,0,0,0,1,0,0
184,8,2,"victim",0,20,4,2,1,2,1,2,TRUE,2.35714285714286,2.14285714285714,2.375,2.71428571428571,2.16666666666667,2,2,3,3,2,2,"In","Cont","control","ingroup",0,1,0,,1,0,"Cont","In",,0,0,0,1,0,1,0,0,0,"Victim__J_Cont__C_In",1,-8,8,"Ing_x_Control","Ing_x_Control__Victim","Ing_x_Control__Accept","Ing_x_Control__Victim__Accept",0,0,0,0,0,1,"Victim__J_Cont__C_In__Accept","Victim__J_Cont__C_In__Accept",0,0,1,0,0,0,0,0,0,0,0,0,0,0,0,0,0,0,0,0,0,0,0,0,0,0,0,"J_Cont__C_In",,,0,1,0,0,0,0,0,0
184,9,1,"victim",0,20,4,2,1,2,1,2,TRUE,2.35714285714286,2.14285714285714,2.375,2.71428571428571,2.16666666666667,2,1,2,1,2,2,"Out","In","outgroup","ingroup",1,0,0,0,0,1,"Out","In",,1,0,0,0,1,0,0,0,0,"Victim__J_Out__C_In",0,9,-9,"Ing_x_Hum","Ing_x_Hum__Victim","Ing_x_Hum__Reject","Ing_x_Hum__Victim__Reject",0,0,0,1,0,0,"Victim__J_Out__C_In__Reject","Victim__J_Out__C_In__Reject",0,1,0,0,0,0,0,0,0,0,0,0,0,0,0,0,0,0,0,0,0,0,0,0,0,0,0,"J_Out__C_In",,,1,0,0,0,0,0,0,0
184,9,2,"victim",0,20,4,2,1,2,1,2,TRUE,2.35714285714286,2.14285714285714,2.375,2.71428571428571,2.16666666666667,2,1,2,2,1,2,"Out","In","ingroup","outgroup",0,0,0,1,1,0,"In","Out",,1,0,0,0,0,0,1,0,0,"Victim__J_In__C_Out",0,-9,9,"Ing_x_Ing","Ing_x_Ing__Victim","Ing_x_Ing__Accept","Ing_x_Ing__Victim__Accept",0,0,0,0,1,0,"Victim__J_In__C_Out__Accept","Victim__J_In__C_Out__Accept",0,0,0,1,0,0,0,0,0,0,0,0,0,0,0,0,0,0,0,0,0,0,0,0,0,0,0,"J_In__C_Out",,,0,0,1,0,0,0,0,0
184,10,1,"victim",0,20,4,2,1,2,1,2,TRUE,2.35714285714286,2.14285714285714,2.375,2.71428571428571,2.16666666666667,2,3,3,3,3,2,"Cont","Cont","control","control",0,1,0,,0,1,"Cont","Cont",,0,1,0,1,0,1,0,1,0,"Victim__J_Cont__C_Cont",1,8,-8,"Ing_x_Control","Ing_x_Control__Victim","Ing_x_Control__Reject","Ing_x_Control__Victim__Reject",0,0,0,0,0,1,"Victim__J_Cont__C_Cont__Reject","Victim__J_Cont__C_Cont__Reject",0,0,0,0,0,0,0,0,1,0,0,0,0,0,0,0,0,0,0,0,0,0,0,0,0,0,0,"J_Cont__C_Cont",,,0,0,0,0,0,0,0,1
184,10,2,"victim",0,20,4,2,1,2,1,2,TRUE,2.35714285714286,2.14285714285714,2.375,2.71428571428571,2.16666666666667,2,3,3,3,3,2,"Cont","Cont","control","control",0,1,0,,1,0,"Cont","Cont",,0,1,0,1,0,1,0,1,0,"Victim__J_Cont__C_Cont",1,-8,8,"Ing_x_Control","Ing_x_Control__Victim","Ing_x_Control__Accept","Ing_x_Control__Victim__Accept",0,0,0,0,0,1,"Victim__J_Cont__C_Cont__Accept","Victim__J_Cont__C_Cont__Accept",0,0,0,0,0,0,0,0,1,0,0,0,0,0,0,0,0,0,0,0,0,0,0,0,0,0,0,"J_Cont__C_Cont",,,0,0,0,0,0,0,0,1
185,6,1,"victim",0,19,3,1,0,1,0,2,TRUE,1.53571428571429,1.28571428571429,1.125,1.85714285714286,2,1,3,3,3,3,1,"Cont","Cont","control","control",0,1,0,,0,0,"Cont","Cont",,0,1,0,1,0,1,0,1,0,"Victim__J_Cont__C_Cont",1,9,-9,"Hum_x_Control","Hum_x_Control__Victim","Hum_x_Control__Reject","Hum_x_Control__Victim__Reject",0,0,1,0,0,0,"Victim__J_Cont__C_Cont__Reject","Victim__J_Cont__C_Cont__Reject",0,0,0,0,0,0,0,0,1,0,0,0,0,0,0,0,0,0,0,0,0,0,0,0,0,0,0,"J_Cont__C_Cont",,,0,0,0,0,0,0,0,1
185,6,2,"victim",0,19,3,1,0,1,0,2,TRUE,1.53571428571429,1.28571428571429,1.125,1.85714285714286,2,1,3,3,3,3,1,"Cont","Cont","control","control",0,1,0,,0,0,"Cont","Cont",,0,1,0,1,0,1,0,1,0,"Victim__J_Cont__C_Cont",1,9,-9,"Hum_x_Control","Hum_x_Control__Victim","Hum_x_Control__Reject","Hum_x_Control__Victim__Reject",0,0,1,0,0,0,"Victim__J_Cont__C_Cont__Reject","Victim__J_Cont__C_Cont__Reject",0,0,0,0,0,0,0,0,1,0,0,0,0,0,0,0,0,0,0,0,0,0,0,0,0,0,0,"J_Cont__C_Cont",,,0,0,0,0,0,0,0,1
185,7,1,"victim",0,19,3,1,0,1,0,2,TRUE,1.53571428571429,1.28571428571429,1.125,1.85714285714286,2,1,1,3,1,3,1,"In","Cont","ingroup","control",0,0,0,1,0,1,"In","Cont",,0,0,0,1,0,0,0,1,0,"Victim__J_In__C_Cont",1,9,-9,"Hum_x_Hum","Hum_x_Hum__Victim","Hum_x_Hum__Reject","Hum_x_Hum__Victim__Reject",1,0,0,0,0,0,"Victim__J_In__C_Cont__Reject","Victim__J_In__C_Cont__Reject",0,0,0,0,0,0,1,0,0,0,0,0,0,0,0,0,0,0,0,0,0,0,0,0,0,0,0,"J_In__C_Cont",,,0,0,0,0,0,1,0,0
185,7,2,"victim",0,19,3,1,0,1,0,2,TRUE,1.53571428571429,1.28571428571429,1.125,1.85714285714286,2,1,1,3,3,1,1,"In","Cont","control","ingroup",0,1,0,,1,0,"Cont","In",,0,0,0,1,0,1,0,0,0,"Victim__J_Cont__C_In",1,-9,9,"Hum_x_Control","Hum_x_Control__Victim","Hum_x_Control__Accept","Hum_x_Control__Victim__Accept",0,0,1,0,0,0,"Victim__J_Cont__C_In__Accept","Victim__J_Cont__C_In__Accept",0,0,1,0,0,0,0,0,0,0,0,0,0,0,0,0,0,0,0,0,0,0,0,0,0,0,0,"J_Cont__C_In",,,0,1,0,0,0,0,0,0
185,8,1,"victim",0,19,3,1,0,1,0,2,TRUE,1.53571428571429,1.28571428571429,1.125,1.85714285714286,2,1,3,3,3,3,1,"Cont","Cont","control","control",0,1,0,,0,1,"Cont","Cont",,0,1,0,1,0,1,0,1,0,"Victim__J_Cont__C_Cont",1,5,-5,"Hum_x_Control","Hum_x_Control__Victim","Hum_x_Control__Reject","Hum_x_Control__Victim__Reject",0,0,1,0,0,0,"Victim__J_Cont__C_Cont__Reject","Victim__J_Cont__C_Cont__Reject",0,0,0,0,0,0,0,0,1,0,0,0,0,0,0,0,0,0,0,0,0,0,0,0,0,0,0,"J_Cont__C_Cont",,,0,0,0,0,0,0,0,1
185,8,2,"victim",0,19,3,1,0,1,0,2,TRUE,1.53571428571429,1.28571428571429,1.125,1.85714285714286,2,1,3,3,3,3,1,"Cont","Cont","control","control",0,1,0,,1,0,"Cont","Cont",,0,1,0,1,0,1,0,1,0,"Victim__J_Cont__C_Cont",1,-9,9,"Hum_x_Control","Hum_x_Control__Victim","Hum_x_Control__Accept","Hum_x_Control__Victim__Accept",0,0,1,0,0,0,"Victim__J_Cont__C_Cont__Accept","Victim__J_Cont__C_Cont__Accept",0,0,0,0,0,0,0,0,1,0,0,0,0,0,0,0,0,0,0,0,0,0,0,0,0,0,0,"J_Cont__C_Cont",,,0,0,0,0,0,0,0,1
185,9,1,"victim",0,19,3,1,0,1,0,2,TRUE,1.53571428571429,1.28571428571429,1.125,1.85714285714286,2,1,3,2,3,2,1,"Cont","Out","control","outgroup",0,1,0,,1,0,"Cont","Out",,0,1,1,0,0,1,1,0,0,"Victim__J_Cont__C_Out",1,-9,9,"Hum_x_Control","Hum_x_Control__Victim","Hum_x_Control__Accept","Hum_x_Control__Victim__Accept",0,0,1,0,0,0,"Victim__J_Cont__C_Out__Accept","Victim__J_Cont__C_Out__Accept",0,0,0,0,0,1,0,0,0,0,0,0,0,0,0,0,0,0,0,0,0,0,0,0,0,0,0,"J_Cont__C_Out",,,0,0,0,0,1,0,0,0
185,9,2,"victim",0,19,3,1,0,1,0,2,TRUE,1.53571428571429,1.28571428571429,1.125,1.85714285714286,2,1,3,2,2,3,1,"Cont","Out","outgroup","control",1,0,0,0,0,1,"Out","Cont",,0,1,1,0,1,0,0,1,0,"Victim__J_Out__C_Cont",1,9,-9,"Hum_x_Ing","Hum_x_Ing__Victim","Hum_x_Ing__Reject","Hum_x_Ing__Victim__Reject",0,1,0,0,0,0,"Victim__J_Out__C_Cont__Reject","Victim__J_Out__C_Cont__Reject",0,0,0,0,0,0,0,1,0,0,0,0,0,0,0,0,0,0,0,0,0,0,0,0,0,0,0,"J_Out__C_Cont",,,0,0,0,0,0,0,1,0
185,10,1,"victim",0,19,3,1,0,1,0,2,TRUE,1.53571428571429,1.28571428571429,1.125,1.85714285714286,2,1,3,2,3,2,1,"Cont","Out","control","outgroup",0,1,0,,0,0,"Cont","Out",,0,1,1,0,0,1,1,0,0,"Victim__J_Cont__C_Out",1,9,-9,"Hum_x_Control","Hum_x_Control__Victim","Hum_x_Control__Reject","Hum_x_Control__Victim__Reject",0,0,1,0,0,0,"Victim__J_Cont__C_Out__Reject","Victim__J_Cont__C_Out__Reject",0,0,0,0,0,1,0,0,0,0,0,0,0,0,0,0,0,0,0,0,0,0,0,0,0,0,0,"J_Cont__C_Out",,,0,0,0,0,1,0,0,0
185,10,2,"victim",0,19,3,1,0,1,0,2,TRUE,1.53571428571429,1.28571428571429,1.125,1.85714285714286,2,1,3,2,2,3,1,"Cont","Out","outgroup","control",1,0,0,0,0,0,"Out","Cont",,0,1,1,0,1,0,0,1,0,"Victim__J_Out__C_Cont",1,9,-9,"Hum_x_Ing","Hum_x_Ing__Victim","Hum_x_Ing__Reject","Hum_x_Ing__Victim__Reject",0,1,0,0,0,0,"Victim__J_Out__C_Cont__Reject","Victim__J_Out__C_Cont__Reject",0,0,0,0,0,0,0,1,0,0,0,0,0,0,0,0,0,0,0,0,0,0,0,0,0,0,0,"J_Out__C_Cont",,,0,0,0,0,0,0,1,0
186,6,1,"victim",0,20,2,2,1,1,0,2,TRUE,1.89285714285714,1.57142857142857,2.25,2,1.66666666666667,1,2,1,2,1,1,"Out","In","outgroup","ingroup",1,0,0,0,0,1,"Out","In",,1,0,0,0,1,0,0,0,0,"Victim__J_Out__C_In",0,9,-9,"Hum_x_Ing","Hum_x_Ing__Victim","Hum_x_Ing__Reject","Hum_x_Ing__Victim__Reject",0,1,0,0,0,0,"Victim__J_Out__C_In__Reject","Victim__J_Out__C_In__Reject",0,1,0,0,0,0,0,0,0,0,0,0,0,0,0,0,0,0,0,0,0,0,0,0,0,0,0,"J_Out__C_In",,,1,0,0,0,0,0,0,0
186,6,2,"victim",0,20,2,2,1,1,0,2,TRUE,1.89285714285714,1.57142857142857,2.25,2,1.66666666666667,1,2,1,1,2,1,"Out","In","ingroup","outgroup",0,0,0,1,1,0,"In","Out",,1,0,0,0,0,0,1,0,0,"Victim__J_In__C_Out",0,-9,9,"Hum_x_Hum","Hum_x_Hum__Victim","Hum_x_Hum__Accept","Hum_x_Hum__Victim__Accept",1,0,0,0,0,0,"Victim__J_In__C_Out__Accept","Victim__J_In__C_Out__Accept",0,0,0,1,0,0,0,0,0,0,0,0,0,0,0,0,0,0,0,0,0,0,0,0,0,0,0,"J_In__C_Out",,,0,0,1,0,0,0,0,0
186,7,1,"victim",0,20,2,2,1,1,0,2,TRUE,1.89285714285714,1.57142857142857,2.25,2,1.66666666666667,1,3,3,3,3,1,"Cont","Cont","control","control",0,1,0,,1,0,"Cont","Cont",,0,1,0,1,0,1,0,1,0,"Victim__J_Cont__C_Cont",1,-9,9,"Hum_x_Control","Hum_x_Control__Victim","Hum_x_Control__Accept","Hum_x_Control__Victim__Accept",0,0,1,0,0,0,"Victim__J_Cont__C_Cont__Accept","Victim__J_Cont__C_Cont__Accept",0,0,0,0,0,0,0,0,1,0,0,0,0,0,0,0,0,0,0,0,0,0,0,0,0,0,0,"J_Cont__C_Cont",,,0,0,0,0,0,0,0,1
186,7,2,"victim",0,20,2,2,1,1,0,2,TRUE,1.89285714285714,1.57142857142857,2.25,2,1.66666666666667,1,3,3,3,3,1,"Cont","Cont","control","control",0,1,0,,0,1,"Cont","Cont",,0,1,0,1,0,1,0,1,0,"Victim__J_Cont__C_Cont",1,9,-9,"Hum_x_Control","Hum_x_Control__Victim","Hum_x_Control__Reject","Hum_x_Control__Victim__Reject",0,0,1,0,0,0,"Victim__J_Cont__C_Cont__Reject","Victim__J_Cont__C_Cont__Reject",0,0,0,0,0,0,0,0,1,0,0,0,0,0,0,0,0,0,0,0,0,0,0,0,0,0,0,"J_Cont__C_Cont",,,0,0,0,0,0,0,0,1
186,8,1,"victim",0,20,2,2,1,1,0,2,TRUE,1.89285714285714,1.57142857142857,2.25,2,1.66666666666667,1,2,1,2,1,1,"Out","In","outgroup","ingroup",1,0,0,0,1,0,"Out","In",,1,0,0,0,1,0,0,0,0,"Victim__J_Out__C_In",0,-9,9,"Hum_x_Ing","Hum_x_Ing__Victim","Hum_x_Ing__Accept","Hum_x_Ing__Victim__Accept",0,1,0,0,0,0,"Victim__J_Out__C_In__Accept","Victim__J_Out__C_In__Accept",0,1,0,0,0,0,0,0,0,0,0,0,0,0,0,0,0,0,0,0,0,0,0,0,0,0,0,"J_Out__C_In",,,1,0,0,0,0,0,0,0
186,8,2,"victim",0,20,2,2,1,1,0,2,TRUE,1.89285714285714,1.57142857142857,2.25,2,1.66666666666667,1,2,1,1,2,1,"Out","In","ingroup","outgroup",0,0,0,1,0,1,"In","Out",,1,0,0,0,0,0,1,0,0,"Victim__J_In__C_Out",0,9,-9,"Hum_x_Hum","Hum_x_Hum__Victim","Hum_x_Hum__Reject","Hum_x_Hum__Victim__Reject",1,0,0,0,0,0,"Victim__J_In__C_Out__Reject","Victim__J_In__C_Out__Reject",0,0,0,1,0,0,0,0,0,0,0,0,0,0,0,0,0,0,0,0,0,0,0,0,0,0,0,"J_In__C_Out",,,0,0,1,0,0,0,0,0
186,9,1,"victim",0,20,2,2,1,1,0,2,TRUE,1.89285714285714,1.57142857142857,2.25,2,1.66666666666667,1,2,2,2,2,1,"Out","Out","outgroup","outgroup",1,0,0,0,1,1,"Out","Out",,1,0,1,0,1,0,1,0,0,"Victim__J_Out__C_Out",0,-9,9,"Hum_x_Ing","Hum_x_Ing__Victim","Hum_x_Ing__Accept","Hum_x_Ing__Victim__Accept",0,1,0,0,0,0,"Victim__J_Out__C_Out__Accept","Victim__J_Out__C_Out__Accept",0,0,0,0,1,0,0,0,0,0,0,0,0,0,0,0,0,0,0,0,0,0,0,0,0,0,0,"J_Out__C_Out",,,0,0,0,1,0,0,0,0
186,9,2,"victim",0,20,2,2,1,1,0,2,TRUE,1.89285714285714,1.57142857142857,2.25,2,1.66666666666667,1,2,2,2,2,1,"Out","Out","outgroup","outgroup",1,0,0,0,1,1,"Out","Out",,1,0,1,0,1,0,1,0,0,"Victim__J_Out__C_Out",0,-9,9,"Hum_x_Ing","Hum_x_Ing__Victim","Hum_x_Ing__Accept","Hum_x_Ing__Victim__Accept",0,1,0,0,0,0,"Victim__J_Out__C_Out__Accept","Victim__J_Out__C_Out__Accept",0,0,0,0,1,0,0,0,0,0,0,0,0,0,0,0,0,0,0,0,0,0,0,0,0,0,0,"J_Out__C_Out",,,0,0,0,1,0,0,0,0
186,10,1,"victim",0,20,2,2,1,1,0,2,TRUE,1.89285714285714,1.57142857142857,2.25,2,1.66666666666667,1,1,2,1,2,1,"In","Out","ingroup","outgroup",0,0,0,1,0,1,"In","Out",,0,0,1,0,0,0,1,0,0,"Victim__J_In__C_Out",0,9,-9,"Hum_x_Hum","Hum_x_Hum__Victim","Hum_x_Hum__Reject","Hum_x_Hum__Victim__Reject",1,0,0,0,0,0,"Victim__J_In__C_Out__Reject","Victim__J_In__C_Out__Reject",0,0,0,1,0,0,0,0,0,0,0,0,0,0,0,0,0,0,0,0,0,0,0,0,0,0,0,"J_In__C_Out",,,0,0,1,0,0,0,0,0
186,10,2,"victim",0,20,2,2,1,1,0,2,TRUE,1.89285714285714,1.57142857142857,2.25,2,1.66666666666667,1,1,2,2,1,1,"In","Out","outgroup","ingroup",1,0,0,0,1,0,"Out","In",,0,0,1,0,1,0,0,0,0,"Victim__J_Out__C_In",0,-9,9,"Hum_x_Ing","Hum_x_Ing__Victim","Hum_x_Ing__Accept","Hum_x_Ing__Victim__Accept",0,1,0,0,0,0,"Victim__J_Out__C_In__Accept","Victim__J_Out__C_In__Accept",0,1,0,0,0,0,0,0,0,0,0,0,0,0,0,0,0,0,0,0,0,0,0,0,0,0,0,"J_Out__C_In",,,1,0,0,0,0,0,0,0
187,1,1,"victim",0,18,0,2,1,1,0,1,TRUE,1.21428571428571,1.14285714285714,1.5,1,1.16666666666667,1,1,1,1,1,1,"In","In","ingroup","ingroup",0,0,0,1,1,0,"In","In",,0,0,0,0,0,0,0,0,0,"Victim__J_In__C_In",0,-3,3,"Hum_x_Hum","Hum_x_Hum__Victim","Hum_x_Hum__Accept","Hum_x_Hum__Victim__Accept",1,0,0,0,0,0,"Victim__J_In__C_In__Accept","Victim__J_In__C_In__Accept",1,0,0,0,0,0,0,0,0,0,0,0,0,0,0,0,0,0,0,0,0,0,0,0,0,0,0,"J_In__C_In",,,0,0,0,0,0,0,0,0
187,1,2,"victim",0,18,0,2,1,1,0,1,TRUE,1.21428571428571,1.14285714285714,1.5,1,1.16666666666667,1,1,1,1,1,1,"In","In","ingroup","ingroup",0,0,0,1,0,1,"In","In",,0,0,0,0,0,0,0,0,0,"Victim__J_In__C_In",0,9,-9,"Hum_x_Hum","Hum_x_Hum__Victim","Hum_x_Hum__Reject","Hum_x_Hum__Victim__Reject",1,0,0,0,0,0,"Victim__J_In__C_In__Reject","Victim__J_In__C_In__Reject",1,0,0,0,0,0,0,0,0,0,0,0,0,0,0,0,0,0,0,0,0,0,0,0,0,0,0,"J_In__C_In",,,0,0,0,0,0,0,0,0
187,2,1,"victim",0,18,0,2,1,1,0,1,TRUE,1.21428571428571,1.14285714285714,1.5,1,1.16666666666667,1,3,1,3,1,1,"Cont","In","control","ingroup",0,1,0,,1,1,"Cont","In",,0,1,0,0,0,1,0,0,0,"Victim__J_Cont__C_In",1,-5,5,"Hum_x_Control","Hum_x_Control__Victim","Hum_x_Control__Accept","Hum_x_Control__Victim__Accept",0,0,1,0,0,0,"Victim__J_Cont__C_In__Accept","Victim__J_Cont__C_In__Accept",0,0,1,0,0,0,0,0,0,0,0,0,0,0,0,0,0,0,0,0,0,0,0,0,0,0,0,"J_Cont__C_In",,,0,1,0,0,0,0,0,0
187,2,2,"victim",0,18,0,2,1,1,0,1,TRUE,1.21428571428571,1.14285714285714,1.5,1,1.16666666666667,1,3,1,1,3,1,"Cont","In","ingroup","control",0,0,0,1,1,1,"In","Cont",,0,1,0,0,0,0,0,1,0,"Victim__J_In__C_Cont",1,-5,5,"Hum_x_Hum","Hum_x_Hum__Victim","Hum_x_Hum__Accept","Hum_x_Hum__Victim__Accept",1,0,0,0,0,0,"Victim__J_In__C_Cont__Accept","Victim__J_In__C_Cont__Accept",0,0,0,0,0,0,1,0,0,0,0,0,0,0,0,0,0,0,0,0,0,0,0,0,0,0,0,"J_In__C_Cont",,,0,0,0,0,0,1,0,0
187,3,1,"victim",0,18,0,2,1,1,0,1,TRUE,1.21428571428571,1.14285714285714,1.5,1,1.16666666666667,1,2,2,2,2,1,"Out","Out","outgroup","outgroup",1,0,0,0,0,0,"Out","Out",,1,0,1,0,1,0,1,0,0,"Victim__J_Out__C_Out",0,9,-9,"Hum_x_Ing","Hum_x_Ing__Victim","Hum_x_Ing__Reject","Hum_x_Ing__Victim__Reject",0,1,0,0,0,0,"Victim__J_Out__C_Out__Reject","Victim__J_Out__C_Out__Reject",0,0,0,0,1,0,0,0,0,0,0,0,0,0,0,0,0,0,0,0,0,0,0,0,0,0,0,"J_Out__C_Out",,,0,0,0,1,0,0,0,0
187,3,2,"victim",0,18,0,2,1,1,0,1,TRUE,1.21428571428571,1.14285714285714,1.5,1,1.16666666666667,1,2,2,2,2,1,"Out","Out","outgroup","outgroup",1,0,0,0,0,0,"Out","Out",,1,0,1,0,1,0,1,0,0,"Victim__J_Out__C_Out",0,9,-9,"Hum_x_Ing","Hum_x_Ing__Victim","Hum_x_Ing__Reject","Hum_x_Ing__Victim__Reject",0,1,0,0,0,0,"Victim__J_Out__C_Out__Reject","Victim__J_Out__C_Out__Reject",0,0,0,0,1,0,0,0,0,0,0,0,0,0,0,0,0,0,0,0,0,0,0,0,0,0,0,"J_Out__C_Out",,,0,0,0,1,0,0,0,0
187,4,1,"victim",0,18,0,2,1,1,0,1,TRUE,1.21428571428571,1.14285714285714,1.5,1,1.16666666666667,1,1,3,1,3,1,"In","Cont","ingroup","control",0,0,0,1,1,1,"In","Cont",,0,0,0,1,0,0,0,1,0,"Victim__J_In__C_Cont",1,-5,5,"Hum_x_Hum","Hum_x_Hum__Victim","Hum_x_Hum__Accept","Hum_x_Hum__Victim__Accept",1,0,0,0,0,0,"Victim__J_In__C_Cont__Accept","Victim__J_In__C_Cont__Accept",0,0,0,0,0,0,1,0,0,0,0,0,0,0,0,0,0,0,0,0,0,0,0,0,0,0,0,"J_In__C_Cont",,,0,0,0,0,0,1,0,0
187,4,2,"victim",0,18,0,2,1,1,0,1,TRUE,1.21428571428571,1.14285714285714,1.5,1,1.16666666666667,1,1,3,3,1,1,"In","Cont","control","ingroup",0,1,0,,1,1,"Cont","In",,0,0,0,1,0,1,0,0,0,"Victim__J_Cont__C_In",1,-5,5,"Hum_x_Control","Hum_x_Control__Victim","Hum_x_Control__Accept","Hum_x_Control__Victim__Accept",0,0,1,0,0,0,"Victim__J_Cont__C_In__Accept","Victim__J_Cont__C_In__Accept",0,0,1,0,0,0,0,0,0,0,0,0,0,0,0,0,0,0,0,0,0,0,0,0,0,0,0,"J_Cont__C_In",,,0,1,0,0,0,0,0,0
187,5,1,"victim",0,18,0,2,1,1,0,1,TRUE,1.21428571428571,1.14285714285714,1.5,1,1.16666666666667,1,2,3,2,3,1,"Out","Cont","outgroup","control",1,0,0,0,1,1,"Out","Cont",,1,0,0,1,1,0,0,1,0,"Victim__J_Out__C_Cont",1,-6,6,"Hum_x_Ing","Hum_x_Ing__Victim","Hum_x_Ing__Accept","Hum_x_Ing__Victim__Accept",0,1,0,0,0,0,"Victim__J_Out__C_Cont__Accept","Victim__J_Out__C_Cont__Accept",0,0,0,0,0,0,0,1,0,0,0,0,0,0,0,0,0,0,0,0,0,0,0,0,0,0,0,"J_Out__C_Cont",,,0,0,0,0,0,0,1,0
187,5,2,"victim",0,18,0,2,1,1,0,1,TRUE,1.21428571428571,1.14285714285714,1.5,1,1.16666666666667,1,2,3,3,2,1,"Out","Cont","control","outgroup",0,1,0,,1,1,"Cont","Out",,1,0,0,1,0,1,1,0,0,"Victim__J_Cont__C_Out",1,-6,6,"Hum_x_Control","Hum_x_Control__Victim","Hum_x_Control__Accept","Hum_x_Control__Victim__Accept",0,0,1,0,0,0,"Victim__J_Cont__C_Out__Accept","Victim__J_Cont__C_Out__Accept",0,0,0,0,0,1,0,0,0,0,0,0,0,0,0,0,0,0,0,0,0,0,0,0,0,0,0,"J_Cont__C_Out",,,0,0,0,0,1,0,0,0
188,1,1,"victim",0,26,2,2,1,1,0,1,TRUE,2.14285714285714,2.42857142857143,1.875,2.71428571428571,1.5,1,2,2,2,2,1,"Out","Out","outgroup","outgroup",1,0,0,0,0,1,"Out","Out",,1,0,1,0,1,0,1,0,0,"Victim__J_Out__C_Out",0,9,-9,"Hum_x_Ing","Hum_x_Ing__Victim","Hum_x_Ing__Reject","Hum_x_Ing__Victim__Reject",0,1,0,0,0,0,"Victim__J_Out__C_Out__Reject","Victim__J_Out__C_Out__Reject",0,0,0,0,1,0,0,0,0,0,0,0,0,0,0,0,0,0,0,0,0,0,0,0,0,0,0,"J_Out__C_Out",,,0,0,0,1,0,0,0,0
188,1,2,"victim",0,26,2,2,1,1,0,1,TRUE,2.14285714285714,2.42857142857143,1.875,2.71428571428571,1.5,1,2,2,2,2,1,"Out","Out","outgroup","outgroup",1,0,0,0,1,0,"Out","Out",,1,0,1,0,1,0,1,0,0,"Victim__J_Out__C_Out",0,0,0,"Hum_x_Ing","Hum_x_Ing__Victim","Hum_x_Ing__Accept","Hum_x_Ing__Victim__Accept",0,1,0,0,0,0,"Victim__J_Out__C_Out__Accept","Victim__J_Out__C_Out__Accept",0,0,0,0,1,0,0,0,0,0,0,0,0,0,0,0,0,0,0,0,0,0,0,0,0,0,0,"J_Out__C_Out",,,0,0,0,1,0,0,0,0
188,2,1,"victim",0,26,2,2,1,1,0,1,TRUE,2.14285714285714,2.42857142857143,1.875,2.71428571428571,1.5,1,1,1,1,1,1,"In","In","ingroup","ingroup",0,0,0,1,1,1,"In","In",,0,0,0,0,0,0,0,0,0,"Victim__J_In__C_In",0,0,0,"Hum_x_Hum","Hum_x_Hum__Victim","Hum_x_Hum__Accept","Hum_x_Hum__Victim__Accept",1,0,0,0,0,0,"Victim__J_In__C_In__Accept","Victim__J_In__C_In__Accept",1,0,0,0,0,0,0,0,0,0,0,0,0,0,0,0,0,0,0,0,0,0,0,0,0,0,0,"J_In__C_In",,,0,0,0,0,0,0,0,0
188,2,2,"victim",0,26,2,2,1,1,0,1,TRUE,2.14285714285714,2.42857142857143,1.875,2.71428571428571,1.5,1,1,1,1,1,1,"In","In","ingroup","ingroup",0,0,0,1,1,1,"In","In",,0,0,0,0,0,0,0,0,0,"Victim__J_In__C_In",0,0,0,"Hum_x_Hum","Hum_x_Hum__Victim","Hum_x_Hum__Accept","Hum_x_Hum__Victim__Accept",1,0,0,0,0,0,"Victim__J_In__C_In__Accept","Victim__J_In__C_In__Accept",1,0,0,0,0,0,0,0,0,0,0,0,0,0,0,0,0,0,0,0,0,0,0,0,0,0,0,"J_In__C_In",,,0,0,0,0,0,0,0,0
188,3,1,"victim",0,26,2,2,1,1,0,1,TRUE,2.14285714285714,2.42857142857143,1.875,2.71428571428571,1.5,1,2,2,2,2,1,"Out","Out","outgroup","outgroup",1,0,0,0,0,0,"Out","Out",,1,0,1,0,1,0,1,0,0,"Victim__J_Out__C_Out",0,4,-4,"Hum_x_Ing","Hum_x_Ing__Victim","Hum_x_Ing__Reject","Hum_x_Ing__Victim__Reject",0,1,0,0,0,0,"Victim__J_Out__C_Out__Reject","Victim__J_Out__C_Out__Reject",0,0,0,0,1,0,0,0,0,0,0,0,0,0,0,0,0,0,0,0,0,0,0,0,0,0,0,"J_Out__C_Out",,,0,0,0,1,0,0,0,0
188,3,2,"victim",0,26,2,2,1,1,0,1,TRUE,2.14285714285714,2.42857142857143,1.875,2.71428571428571,1.5,1,2,2,2,2,1,"Out","Out","outgroup","outgroup",1,0,0,0,0,0,"Out","Out",,1,0,1,0,1,0,1,0,0,"Victim__J_Out__C_Out",0,4,-4,"Hum_x_Ing","Hum_x_Ing__Victim","Hum_x_Ing__Reject","Hum_x_Ing__Victim__Reject",0,1,0,0,0,0,"Victim__J_Out__C_Out__Reject","Victim__J_Out__C_Out__Reject",0,0,0,0,1,0,0,0,0,0,0,0,0,0,0,0,0,0,0,0,0,0,0,0,0,0,0,"J_Out__C_Out",,,0,0,0,1,0,0,0,0
188,4,1,"victim",0,26,2,2,1,1,0,1,TRUE,2.14285714285714,2.42857142857143,1.875,2.71428571428571,1.5,1,1,3,1,3,1,"In","Cont","ingroup","control",0,0,0,1,1,0,"In","Cont",,0,0,0,1,0,0,0,1,0,"Victim__J_In__C_Cont",1,0,0,"Hum_x_Hum","Hum_x_Hum__Victim","Hum_x_Hum__Accept","Hum_x_Hum__Victim__Accept",1,0,0,0,0,0,"Victim__J_In__C_Cont__Accept","Victim__J_In__C_Cont__Accept",0,0,0,0,0,0,1,0,0,0,0,0,0,0,0,0,0,0,0,0,0,0,0,0,0,0,0,"J_In__C_Cont",,,0,0,0,0,0,1,0,0
188,4,2,"victim",0,26,2,2,1,1,0,1,TRUE,2.14285714285714,2.42857142857143,1.875,2.71428571428571,1.5,1,1,3,3,1,1,"In","Cont","control","ingroup",0,1,0,,0,1,"Cont","In",,0,0,0,1,0,1,0,0,0,"Victim__J_Cont__C_In",1,0,0,"Hum_x_Control","Hum_x_Control__Victim","Hum_x_Control__Reject","Hum_x_Control__Victim__Reject",0,0,1,0,0,0,"Victim__J_Cont__C_In__Reject","Victim__J_Cont__C_In__Reject",0,0,1,0,0,0,0,0,0,0,0,0,0,0,0,0,0,0,0,0,0,0,0,0,0,0,0,"J_Cont__C_In",,,0,1,0,0,0,0,0,0
188,5,1,"victim",0,26,2,2,1,1,0,1,TRUE,2.14285714285714,2.42857142857143,1.875,2.71428571428571,1.5,1,1,3,1,3,1,"In","Cont","ingroup","control",0,0,0,1,0,0,"In","Cont",,0,0,0,1,0,0,0,1,0,"Victim__J_In__C_Cont",1,1,-1,"Hum_x_Hum","Hum_x_Hum__Victim","Hum_x_Hum__Reject","Hum_x_Hum__Victim__Reject",1,0,0,0,0,0,"Victim__J_In__C_Cont__Reject","Victim__J_In__C_Cont__Reject",0,0,0,0,0,0,1,0,0,0,0,0,0,0,0,0,0,0,0,0,0,0,0,0,0,0,0,"J_In__C_Cont",,,0,0,0,0,0,1,0,0
188,5,2,"victim",0,26,2,2,1,1,0,1,TRUE,2.14285714285714,2.42857142857143,1.875,2.71428571428571,1.5,1,1,3,3,1,1,"In","Cont","control","ingroup",0,1,0,,0,0,"Cont","In",,0,0,0,1,0,1,0,0,0,"Victim__J_Cont__C_In",1,1,-1,"Hum_x_Control","Hum_x_Control__Victim","Hum_x_Control__Reject","Hum_x_Control__Victim__Reject",0,0,1,0,0,0,"Victim__J_Cont__C_In__Reject","Victim__J_Cont__C_In__Reject",0,0,1,0,0,0,0,0,0,0,0,0,0,0,0,0,0,0,0,0,0,0,0,0,0,0,0,"J_Cont__C_In",,,0,1,0,0,0,0,0,0
189,1,1,"victim",0,19,0,1,0,1,0,1,TRUE,1.53571428571429,1.42857142857143,1.625,1.57142857142857,1.5,1,2,3,2,3,1,"Out","Cont","outgroup","control",1,0,0,0,1,0,"Out","Cont",,1,0,0,1,1,0,0,1,0,"Victim__J_Out__C_Cont",1,-9,9,"Hum_x_Ing","Hum_x_Ing__Victim","Hum_x_Ing__Accept","Hum_x_Ing__Victim__Accept",0,1,0,0,0,0,"Victim__J_Out__C_Cont__Accept","Victim__J_Out__C_Cont__Accept",0,0,0,0,0,0,0,1,0,0,0,0,0,0,0,0,0,0,0,0,0,0,0,0,0,0,0,"J_Out__C_Cont",,,0,0,0,0,0,0,1,0
189,1,2,"victim",0,19,0,1,0,1,0,1,TRUE,1.53571428571429,1.42857142857143,1.625,1.57142857142857,1.5,1,2,3,3,2,1,"Out","Cont","control","outgroup",0,1,0,,0,1,"Cont","Out",,1,0,0,1,0,1,1,0,0,"Victim__J_Cont__C_Out",1,9,-9,"Hum_x_Control","Hum_x_Control__Victim","Hum_x_Control__Reject","Hum_x_Control__Victim__Reject",0,0,1,0,0,0,"Victim__J_Cont__C_Out__Reject","Victim__J_Cont__C_Out__Reject",0,0,0,0,0,1,0,0,0,0,0,0,0,0,0,0,0,0,0,0,0,0,0,0,0,0,0,"J_Cont__C_Out",,,0,0,0,0,1,0,0,0
189,2,1,"victim",0,19,0,1,0,1,0,1,TRUE,1.53571428571429,1.42857142857143,1.625,1.57142857142857,1.5,1,2,2,2,2,1,"Out","Out","outgroup","outgroup",1,0,0,0,0,1,"Out","Out",,1,0,1,0,1,0,1,0,0,"Victim__J_Out__C_Out",0,9,-9,"Hum_x_Ing","Hum_x_Ing__Victim","Hum_x_Ing__Reject","Hum_x_Ing__Victim__Reject",0,1,0,0,0,0,"Victim__J_Out__C_Out__Reject","Victim__J_Out__C_Out__Reject",0,0,0,0,1,0,0,0,0,0,0,0,0,0,0,0,0,0,0,0,0,0,0,0,0,0,0,"J_Out__C_Out",,,0,0,0,1,0,0,0,0
189,2,2,"victim",0,19,0,1,0,1,0,1,TRUE,1.53571428571429,1.42857142857143,1.625,1.57142857142857,1.5,1,2,2,2,2,1,"Out","Out","outgroup","outgroup",1,0,0,0,1,0,"Out","Out",,1,0,1,0,1,0,1,0,0,"Victim__J_Out__C_Out",0,-9,9,"Hum_x_Ing","Hum_x_Ing__Victim","Hum_x_Ing__Accept","Hum_x_Ing__Victim__Accept",0,1,0,0,0,0,"Victim__J_Out__C_Out__Accept","Victim__J_Out__C_Out__Accept",0,0,0,0,1,0,0,0,0,0,0,0,0,0,0,0,0,0,0,0,0,0,0,0,0,0,0,"J_Out__C_Out",,,0,0,0,1,0,0,0,0
189,3,1,"victim",0,19,0,1,0,1,0,1,TRUE,1.53571428571429,1.42857142857143,1.625,1.57142857142857,1.5,1,2,1,2,1,1,"Out","In","outgroup","ingroup",1,0,0,0,0,1,"Out","In",,1,0,0,0,1,0,0,0,0,"Victim__J_Out__C_In",0,9,-9,"Hum_x_Ing","Hum_x_Ing__Victim","Hum_x_Ing__Reject","Hum_x_Ing__Victim__Reject",0,1,0,0,0,0,"Victim__J_Out__C_In__Reject","Victim__J_Out__C_In__Reject",0,1,0,0,0,0,0,0,0,0,0,0,0,0,0,0,0,0,0,0,0,0,0,0,0,0,0,"J_Out__C_In",,,1,0,0,0,0,0,0,0
189,3,2,"victim",0,19,0,1,0,1,0,1,TRUE,1.53571428571429,1.42857142857143,1.625,1.57142857142857,1.5,1,2,1,1,2,1,"Out","In","ingroup","outgroup",0,0,0,1,1,0,"In","Out",,1,0,0,0,0,0,1,0,0,"Victim__J_In__C_Out",0,-9,9,"Hum_x_Hum","Hum_x_Hum__Victim","Hum_x_Hum__Accept","Hum_x_Hum__Victim__Accept",1,0,0,0,0,0,"Victim__J_In__C_Out__Accept","Victim__J_In__C_Out__Accept",0,0,0,1,0,0,0,0,0,0,0,0,0,0,0,0,0,0,0,0,0,0,0,0,0,0,0,"J_In__C_Out",,,0,0,1,0,0,0,0,0
189,4,1,"victim",0,19,0,1,0,1,0,1,TRUE,1.53571428571429,1.42857142857143,1.625,1.57142857142857,1.5,1,3,2,3,2,1,"Cont","Out","control","outgroup",0,1,0,,1,1,"Cont","Out",,0,1,1,0,0,1,1,0,0,"Victim__J_Cont__C_Out",1,-9,9,"Hum_x_Control","Hum_x_Control__Victim","Hum_x_Control__Accept","Hum_x_Control__Victim__Accept",0,0,1,0,0,0,"Victim__J_Cont__C_Out__Accept","Victim__J_Cont__C_Out__Accept",0,0,0,0,0,1,0,0,0,0,0,0,0,0,0,0,0,0,0,0,0,0,0,0,0,0,0,"J_Cont__C_Out",,,0,0,0,0,1,0,0,0
189,4,2,"victim",0,19,0,1,0,1,0,1,TRUE,1.53571428571429,1.42857142857143,1.625,1.57142857142857,1.5,1,3,2,2,3,1,"Cont","Out","outgroup","control",1,0,0,0,1,1,"Out","Cont",,0,1,1,0,1,0,0,1,0,"Victim__J_Out__C_Cont",1,-9,9,"Hum_x_Ing","Hum_x_Ing__Victim","Hum_x_Ing__Accept","Hum_x_Ing__Victim__Accept",0,1,0,0,0,0,"Victim__J_Out__C_Cont__Accept","Victim__J_Out__C_Cont__Accept",0,0,0,0,0,0,0,1,0,0,0,0,0,0,0,0,0,0,0,0,0,0,0,0,0,0,0,"J_Out__C_Cont",,,0,0,0,0,0,0,1,0
189,5,1,"victim",0,19,0,1,0,1,0,1,TRUE,1.53571428571429,1.42857142857143,1.625,1.57142857142857,1.5,1,3,2,3,2,1,"Cont","Out","control","outgroup",0,1,0,,0,1,"Cont","Out",,0,1,1,0,0,1,1,0,0,"Victim__J_Cont__C_Out",1,9,-9,"Hum_x_Control","Hum_x_Control__Victim","Hum_x_Control__Reject","Hum_x_Control__Victim__Reject",0,0,1,0,0,0,"Victim__J_Cont__C_Out__Reject","Victim__J_Cont__C_Out__Reject",0,0,0,0,0,1,0,0,0,0,0,0,0,0,0,0,0,0,0,0,0,0,0,0,0,0,0,"J_Cont__C_Out",,,0,0,0,0,1,0,0,0
189,5,2,"victim",0,19,0,1,0,1,0,1,TRUE,1.53571428571429,1.42857142857143,1.625,1.57142857142857,1.5,1,3,2,2,3,1,"Cont","Out","outgroup","control",1,0,0,0,1,0,"Out","Cont",,0,1,1,0,1,0,0,1,0,"Victim__J_Out__C_Cont",1,-9,9,"Hum_x_Ing","Hum_x_Ing__Victim","Hum_x_Ing__Accept","Hum_x_Ing__Victim__Accept",0,1,0,0,0,0,"Victim__J_Out__C_Cont__Accept","Victim__J_Out__C_Cont__Accept",0,0,0,0,0,0,0,1,0,0,0,0,0,0,0,0,0,0,0,0,0,0,0,0,0,0,0,"J_Out__C_Cont",,,0,0,0,0,0,0,1,0
190,6,1,"victim",0,18,3,1,0,1,0,2,TRUE,2.57142857142857,2.14285714285714,3.125,2.57142857142857,2.33333333333333,1,3,1,3,1,1,"Cont","In","control","ingroup",0,1,0,,0,0,"Cont","In",,0,1,0,0,0,1,0,0,0,"Victim__J_Cont__C_In",1,3,-3,"Hum_x_Control","Hum_x_Control__Victim","Hum_x_Control__Reject","Hum_x_Control__Victim__Reject",0,0,1,0,0,0,"Victim__J_Cont__C_In__Reject","Victim__J_Cont__C_In__Reject",0,0,1,0,0,0,0,0,0,0,0,0,0,0,0,0,0,0,0,0,0,0,0,0,0,0,0,"J_Cont__C_In",,,0,1,0,0,0,0,0,0
190,6,2,"victim",0,18,3,1,0,1,0,2,TRUE,2.57142857142857,2.14285714285714,3.125,2.57142857142857,2.33333333333333,1,3,1,1,3,1,"Cont","In","ingroup","control",0,0,0,1,0,0,"In","Cont",,0,1,0,0,0,0,0,1,0,"Victim__J_In__C_Cont",1,3,-3,"Hum_x_Hum","Hum_x_Hum__Victim","Hum_x_Hum__Reject","Hum_x_Hum__Victim__Reject",1,0,0,0,0,0,"Victim__J_In__C_Cont__Reject","Victim__J_In__C_Cont__Reject",0,0,0,0,0,0,1,0,0,0,0,0,0,0,0,0,0,0,0,0,0,0,0,0,0,0,0,"J_In__C_Cont",,,0,0,0,0,0,1,0,0
190,7,1,"victim",0,18,3,1,0,1,0,2,TRUE,2.57142857142857,2.14285714285714,3.125,2.57142857142857,2.33333333333333,1,2,1,2,1,1,"Out","In","outgroup","ingroup",1,0,0,0,0,0,"Out","In",,1,0,0,0,1,0,0,0,0,"Victim__J_Out__C_In",0,3,-3,"Hum_x_Ing","Hum_x_Ing__Victim","Hum_x_Ing__Reject","Hum_x_Ing__Victim__Reject",0,1,0,0,0,0,"Victim__J_Out__C_In__Reject","Victim__J_Out__C_In__Reject",0,1,0,0,0,0,0,0,0,0,0,0,0,0,0,0,0,0,0,0,0,0,0,0,0,0,0,"J_Out__C_In",,,1,0,0,0,0,0,0,0
190,7,2,"victim",0,18,3,1,0,1,0,2,TRUE,2.57142857142857,2.14285714285714,3.125,2.57142857142857,2.33333333333333,1,2,1,1,2,1,"Out","In","ingroup","outgroup",0,0,0,1,0,0,"In","Out",,1,0,0,0,0,0,1,0,0,"Victim__J_In__C_Out",0,3,-3,"Hum_x_Hum","Hum_x_Hum__Victim","Hum_x_Hum__Reject","Hum_x_Hum__Victim__Reject",1,0,0,0,0,0,"Victim__J_In__C_Out__Reject","Victim__J_In__C_Out__Reject",0,0,0,1,0,0,0,0,0,0,0,0,0,0,0,0,0,0,0,0,0,0,0,0,0,0,0,"J_In__C_Out",,,0,0,1,0,0,0,0,0
190,8,1,"victim",0,18,3,1,0,1,0,2,TRUE,2.57142857142857,2.14285714285714,3.125,2.57142857142857,2.33333333333333,1,3,2,3,2,1,"Cont","Out","control","outgroup",0,1,0,,0,0,"Cont","Out",,0,1,1,0,0,1,1,0,0,"Victim__J_Cont__C_Out",1,3,-3,"Hum_x_Control","Hum_x_Control__Victim","Hum_x_Control__Reject","Hum_x_Control__Victim__Reject",0,0,1,0,0,0,"Victim__J_Cont__C_Out__Reject","Victim__J_Cont__C_Out__Reject",0,0,0,0,0,1,0,0,0,0,0,0,0,0,0,0,0,0,0,0,0,0,0,0,0,0,0,"J_Cont__C_Out",,,0,0,0,0,1,0,0,0
190,8,2,"victim",0,18,3,1,0,1,0,2,TRUE,2.57142857142857,2.14285714285714,3.125,2.57142857142857,2.33333333333333,1,3,2,2,3,1,"Cont","Out","outgroup","control",1,0,0,0,0,0,"Out","Cont",,0,1,1,0,1,0,0,1,0,"Victim__J_Out__C_Cont",1,3,-3,"Hum_x_Ing","Hum_x_Ing__Victim","Hum_x_Ing__Reject","Hum_x_Ing__Victim__Reject",0,1,0,0,0,0,"Victim__J_Out__C_Cont__Reject","Victim__J_Out__C_Cont__Reject",0,0,0,0,0,0,0,1,0,0,0,0,0,0,0,0,0,0,0,0,0,0,0,0,0,0,0,"J_Out__C_Cont",,,0,0,0,0,0,0,1,0
190,9,1,"victim",0,18,3,1,0,1,0,2,TRUE,2.57142857142857,2.14285714285714,3.125,2.57142857142857,2.33333333333333,1,3,2,3,2,1,"Cont","Out","control","outgroup",0,1,0,,0,0,"Cont","Out",,0,1,1,0,0,1,1,0,0,"Victim__J_Cont__C_Out",1,4,-4,"Hum_x_Control","Hum_x_Control__Victim","Hum_x_Control__Reject","Hum_x_Control__Victim__Reject",0,0,1,0,0,0,"Victim__J_Cont__C_Out__Reject","Victim__J_Cont__C_Out__Reject",0,0,0,0,0,1,0,0,0,0,0,0,0,0,0,0,0,0,0,0,0,0,0,0,0,0,0,"J_Cont__C_Out",,,0,0,0,0,1,0,0,0
190,9,2,"victim",0,18,3,1,0,1,0,2,TRUE,2.57142857142857,2.14285714285714,3.125,2.57142857142857,2.33333333333333,1,3,2,2,3,1,"Cont","Out","outgroup","control",1,0,0,0,0,0,"Out","Cont",,0,1,1,0,1,0,0,1,0,"Victim__J_Out__C_Cont",1,4,-4,"Hum_x_Ing","Hum_x_Ing__Victim","Hum_x_Ing__Reject","Hum_x_Ing__Victim__Reject",0,1,0,0,0,0,"Victim__J_Out__C_Cont__Reject","Victim__J_Out__C_Cont__Reject",0,0,0,0,0,0,0,1,0,0,0,0,0,0,0,0,0,0,0,0,0,0,0,0,0,0,0,"J_Out__C_Cont",,,0,0,0,0,0,0,1,0
190,10,1,"victim",0,18,3,1,0,1,0,2,TRUE,2.57142857142857,2.14285714285714,3.125,2.57142857142857,2.33333333333333,1,1,3,1,3,1,"In","Cont","ingroup","control",0,0,0,1,0,1,"In","Cont",,0,0,0,1,0,0,0,1,0,"Victim__J_In__C_Cont",1,2,-2,"Hum_x_Hum","Hum_x_Hum__Victim","Hum_x_Hum__Reject","Hum_x_Hum__Victim__Reject",1,0,0,0,0,0,"Victim__J_In__C_Cont__Reject","Victim__J_In__C_Cont__Reject",0,0,0,0,0,0,1,0,0,0,0,0,0,0,0,0,0,0,0,0,0,0,0,0,0,0,0,"J_In__C_Cont",,,0,0,0,0,0,1,0,0
190,10,2,"victim",0,18,3,1,0,1,0,2,TRUE,2.57142857142857,2.14285714285714,3.125,2.57142857142857,2.33333333333333,1,1,3,3,1,1,"In","Cont","control","ingroup",0,1,0,,1,0,"Cont","In",,0,0,0,1,0,1,0,0,0,"Victim__J_Cont__C_In",1,-3,3,"Hum_x_Control","Hum_x_Control__Victim","Hum_x_Control__Accept","Hum_x_Control__Victim__Accept",0,0,1,0,0,0,"Victim__J_Cont__C_In__Accept","Victim__J_Cont__C_In__Accept",0,0,1,0,0,0,0,0,0,0,0,0,0,0,0,0,0,0,0,0,0,0,0,0,0,0,0,"J_Cont__C_In",,,0,1,0,0,0,0,0,0
191,6,1,"victim",0,22,2,1,0,2,1,2,TRUE,2.85714285714286,2.71428571428571,2.625,3.42857142857143,2.66666666666667,2,1,3,1,3,2,"Out","Cont","outgroup","control",1,0,0,0,1,1,"Out","Cont",,1,0,0,1,1,0,0,1,0,"Victim__J_Out__C_Cont",1,-9,9,"Ing_x_Hum","Ing_x_Hum__Victim","Ing_x_Hum__Accept","Ing_x_Hum__Victim__Accept",0,0,0,1,0,0,"Victim__J_Out__C_Cont__Accept","Victim__J_Out__C_Cont__Accept",0,0,0,0,0,0,0,1,0,0,0,0,0,0,0,0,0,0,0,0,0,0,0,0,0,0,0,"J_Out__C_Cont",,,0,0,0,0,0,0,1,0
191,6,2,"victim",0,22,2,1,0,2,1,2,TRUE,2.85714285714286,2.71428571428571,2.625,3.42857142857143,2.66666666666667,2,1,3,3,1,2,"Out","Cont","control","outgroup",0,1,0,,1,1,"Cont","Out",,1,0,0,1,0,1,1,0,0,"Victim__J_Cont__C_Out",1,-9,9,"Ing_x_Control","Ing_x_Control__Victim","Ing_x_Control__Accept","Ing_x_Control__Victim__Accept",0,0,0,0,0,1,"Victim__J_Cont__C_Out__Accept","Victim__J_Cont__C_Out__Accept",0,0,0,0,0,1,0,0,0,0,0,0,0,0,0,0,0,0,0,0,0,0,0,0,0,0,0,"J_Cont__C_Out",,,0,0,0,0,1,0,0,0
191,7,1,"victim",0,22,2,1,0,2,1,2,TRUE,2.85714285714286,2.71428571428571,2.625,3.42857142857143,2.66666666666667,2,1,1,1,1,2,"Out","Out","outgroup","outgroup",1,0,0,0,0,1,"Out","Out",,1,0,1,0,1,0,1,0,0,"Victim__J_Out__C_Out",0,9,-9,"Ing_x_Hum","Ing_x_Hum__Victim","Ing_x_Hum__Reject","Ing_x_Hum__Victim__Reject",0,0,0,1,0,0,"Victim__J_Out__C_Out__Reject","Victim__J_Out__C_Out__Reject",0,0,0,0,1,0,0,0,0,0,0,0,0,0,0,0,0,0,0,0,0,0,0,0,0,0,0,"J_Out__C_Out",,,0,0,0,1,0,0,0,0
191,7,2,"victim",0,22,2,1,0,2,1,2,TRUE,2.85714285714286,2.71428571428571,2.625,3.42857142857143,2.66666666666667,2,1,1,1,1,2,"Out","Out","outgroup","outgroup",1,0,0,0,1,0,"Out","Out",,1,0,1,0,1,0,1,0,0,"Victim__J_Out__C_Out",0,-9,9,"Ing_x_Hum","Ing_x_Hum__Victim","Ing_x_Hum__Accept","Ing_x_Hum__Victim__Accept",0,0,0,1,0,0,"Victim__J_Out__C_Out__Accept","Victim__J_Out__C_Out__Accept",0,0,0,0,1,0,0,0,0,0,0,0,0,0,0,0,0,0,0,0,0,0,0,0,0,0,0,"J_Out__C_Out",,,0,0,0,1,0,0,0,0
191,8,1,"victim",0,22,2,1,0,2,1,2,TRUE,2.85714285714286,2.71428571428571,2.625,3.42857142857143,2.66666666666667,2,3,1,3,1,2,"Cont","Out","control","outgroup",0,1,0,,0,1,"Cont","Out",,0,1,1,0,0,1,1,0,0,"Victim__J_Cont__C_Out",1,9,-9,"Ing_x_Control","Ing_x_Control__Victim","Ing_x_Control__Reject","Ing_x_Control__Victim__Reject",0,0,0,0,0,1,"Victim__J_Cont__C_Out__Reject","Victim__J_Cont__C_Out__Reject",0,0,0,0,0,1,0,0,0,0,0,0,0,0,0,0,0,0,0,0,0,0,0,0,0,0,0,"J_Cont__C_Out",,,0,0,0,0,1,0,0,0
191,8,2,"victim",0,22,2,1,0,2,1,2,TRUE,2.85714285714286,2.71428571428571,2.625,3.42857142857143,2.66666666666667,2,3,1,1,3,2,"Cont","Out","outgroup","control",1,0,0,0,1,0,"Out","Cont",,0,1,1,0,1,0,0,1,0,"Victim__J_Out__C_Cont",1,-9,9,"Ing_x_Hum","Ing_x_Hum__Victim","Ing_x_Hum__Accept","Ing_x_Hum__Victim__Accept",0,0,0,1,0,0,"Victim__J_Out__C_Cont__Accept","Victim__J_Out__C_Cont__Accept",0,0,0,0,0,0,0,1,0,0,0,0,0,0,0,0,0,0,0,0,0,0,0,0,0,0,0,"J_Out__C_Cont",,,0,0,0,0,0,0,1,0
191,9,1,"victim",0,22,2,1,0,2,1,2,TRUE,2.85714285714286,2.71428571428571,2.625,3.42857142857143,2.66666666666667,2,2,3,2,3,2,"In","Cont","ingroup","control",0,0,0,1,1,1,"In","Cont",,0,0,0,1,0,0,0,1,0,"Victim__J_In__C_Cont",1,-9,9,"Ing_x_Ing","Ing_x_Ing__Victim","Ing_x_Ing__Accept","Ing_x_Ing__Victim__Accept",0,0,0,0,1,0,"Victim__J_In__C_Cont__Accept","Victim__J_In__C_Cont__Accept",0,0,0,0,0,0,1,0,0,0,0,0,0,0,0,0,0,0,0,0,0,0,0,0,0,0,0,"J_In__C_Cont",,,0,0,0,0,0,1,0,0
191,9,2,"victim",0,22,2,1,0,2,1,2,TRUE,2.85714285714286,2.71428571428571,2.625,3.42857142857143,2.66666666666667,2,2,3,3,2,2,"In","Cont","control","ingroup",0,1,0,,1,1,"Cont","In",,0,0,0,1,0,1,0,0,0,"Victim__J_Cont__C_In",1,-9,9,"Ing_x_Control","Ing_x_Control__Victim","Ing_x_Control__Accept","Ing_x_Control__Victim__Accept",0,0,0,0,0,1,"Victim__J_Cont__C_In__Accept","Victim__J_Cont__C_In__Accept",0,0,1,0,0,0,0,0,0,0,0,0,0,0,0,0,0,0,0,0,0,0,0,0,0,0,0,"J_Cont__C_In",,,0,1,0,0,0,0,0,0
191,10,1,"victim",0,22,2,1,0,2,1,2,TRUE,2.85714285714286,2.71428571428571,2.625,3.42857142857143,2.66666666666667,2,3,3,3,3,2,"Cont","Cont","control","control",0,1,0,,1,0,"Cont","Cont",,0,1,0,1,0,1,0,1,0,"Victim__J_Cont__C_Cont",1,-9,9,"Ing_x_Control","Ing_x_Control__Victim","Ing_x_Control__Accept","Ing_x_Control__Victim__Accept",0,0,0,0,0,1,"Victim__J_Cont__C_Cont__Accept","Victim__J_Cont__C_Cont__Accept",0,0,0,0,0,0,0,0,1,0,0,0,0,0,0,0,0,0,0,0,0,0,0,0,0,0,0,"J_Cont__C_Cont",,,0,0,0,0,0,0,0,1
191,10,2,"victim",0,22,2,1,0,2,1,2,TRUE,2.85714285714286,2.71428571428571,2.625,3.42857142857143,2.66666666666667,2,3,3,3,3,2,"Cont","Cont","control","control",0,1,0,,0,1,"Cont","Cont",,0,1,0,1,0,1,0,1,0,"Victim__J_Cont__C_Cont",1,9,-9,"Ing_x_Control","Ing_x_Control__Victim","Ing_x_Control__Reject","Ing_x_Control__Victim__Reject",0,0,0,0,0,1,"Victim__J_Cont__C_Cont__Reject","Victim__J_Cont__C_Cont__Reject",0,0,0,0,0,0,0,0,1,0,0,0,0,0,0,0,0,0,0,0,0,0,0,0,0,0,0,"J_Cont__C_Cont",,,0,0,0,0,0,0,0,1
192,1,1,"victim",0,20,0,2,1,2,1,1,TRUE,2.78571428571429,2.28571428571429,2.875,2.85714285714286,3.16666666666667,2,2,2,2,2,2,"In","In","ingroup","ingroup",0,0,0,1,1,1,"In","In",,0,0,0,0,0,0,0,0,0,"Victim__J_In__C_In",0,-5,5,"Ing_x_Ing","Ing_x_Ing__Victim","Ing_x_Ing__Accept","Ing_x_Ing__Victim__Accept",0,0,0,0,1,0,"Victim__J_In__C_In__Accept","Victim__J_In__C_In__Accept",1,0,0,0,0,0,0,0,0,0,0,0,0,0,0,0,0,0,0,0,0,0,0,0,0,0,0,"J_In__C_In",,,0,0,0,0,0,0,0,0
192,1,2,"victim",0,20,0,2,1,2,1,1,TRUE,2.78571428571429,2.28571428571429,2.875,2.85714285714286,3.16666666666667,2,2,2,2,2,2,"In","In","ingroup","ingroup",0,0,0,1,1,1,"In","In",,0,0,0,0,0,0,0,0,0,"Victim__J_In__C_In",0,-5,5,"Ing_x_Ing","Ing_x_Ing__Victim","Ing_x_Ing__Accept","Ing_x_Ing__Victim__Accept",0,0,0,0,1,0,"Victim__J_In__C_In__Accept","Victim__J_In__C_In__Accept",1,0,0,0,0,0,0,0,0,0,0,0,0,0,0,0,0,0,0,0,0,0,0,0,0,0,0,"J_In__C_In",,,0,0,0,0,0,0,0,0
192,2,1,"victim",0,20,0,2,1,2,1,1,TRUE,2.78571428571429,2.28571428571429,2.875,2.85714285714286,3.16666666666667,2,2,3,2,3,2,"In","Cont","ingroup","control",0,0,0,1,1,1,"In","Cont",,0,0,0,1,0,0,0,1,0,"Victim__J_In__C_Cont",1,-4,4,"Ing_x_Ing","Ing_x_Ing__Victim","Ing_x_Ing__Accept","Ing_x_Ing__Victim__Accept",0,0,0,0,1,0,"Victim__J_In__C_Cont__Accept","Victim__J_In__C_Cont__Accept",0,0,0,0,0,0,1,0,0,0,0,0,0,0,0,0,0,0,0,0,0,0,0,0,0,0,0,"J_In__C_Cont",,,0,0,0,0,0,1,0,0
192,2,2,"victim",0,20,0,2,1,2,1,1,TRUE,2.78571428571429,2.28571428571429,2.875,2.85714285714286,3.16666666666667,2,2,3,3,2,2,"In","Cont","control","ingroup",0,1,0,,1,1,"Cont","In",,0,0,0,1,0,1,0,0,0,"Victim__J_Cont__C_In",1,-4,4,"Ing_x_Control","Ing_x_Control__Victim","Ing_x_Control__Accept","Ing_x_Control__Victim__Accept",0,0,0,0,0,1,"Victim__J_Cont__C_In__Accept","Victim__J_Cont__C_In__Accept",0,0,1,0,0,0,0,0,0,0,0,0,0,0,0,0,0,0,0,0,0,0,0,0,0,0,0,"J_Cont__C_In",,,0,1,0,0,0,0,0,0
192,3,1,"victim",0,20,0,2,1,2,1,1,TRUE,2.78571428571429,2.28571428571429,2.875,2.85714285714286,3.16666666666667,2,3,3,3,3,2,"Cont","Cont","control","control",0,1,0,,1,0,"Cont","Cont",,0,1,0,1,0,1,0,1,0,"Victim__J_Cont__C_Cont",1,-3,3,"Ing_x_Control","Ing_x_Control__Victim","Ing_x_Control__Accept","Ing_x_Control__Victim__Accept",0,0,0,0,0,1,"Victim__J_Cont__C_Cont__Accept","Victim__J_Cont__C_Cont__Accept",0,0,0,0,0,0,0,0,1,0,0,0,0,0,0,0,0,0,0,0,0,0,0,0,0,0,0,"J_Cont__C_Cont",,,0,0,0,0,0,0,0,1
192,3,2,"victim",0,20,0,2,1,2,1,1,TRUE,2.78571428571429,2.28571428571429,2.875,2.85714285714286,3.16666666666667,2,3,3,3,3,2,"Cont","Cont","control","control",0,1,0,,0,1,"Cont","Cont",,0,1,0,1,0,1,0,1,0,"Victim__J_Cont__C_Cont",1,8,-8,"Ing_x_Control","Ing_x_Control__Victim","Ing_x_Control__Reject","Ing_x_Control__Victim__Reject",0,0,0,0,0,1,"Victim__J_Cont__C_Cont__Reject","Victim__J_Cont__C_Cont__Reject",0,0,0,0,0,0,0,0,1,0,0,0,0,0,0,0,0,0,0,0,0,0,0,0,0,0,0,"J_Cont__C_Cont",,,0,0,0,0,0,0,0,1
192,4,1,"victim",0,20,0,2,1,2,1,1,TRUE,2.78571428571429,2.28571428571429,2.875,2.85714285714286,3.16666666666667,2,3,3,3,3,2,"Cont","Cont","control","control",0,1,0,,0,0,"Cont","Cont",,0,1,0,1,0,1,0,1,0,"Victim__J_Cont__C_Cont",1,7,-7,"Ing_x_Control","Ing_x_Control__Victim","Ing_x_Control__Reject","Ing_x_Control__Victim__Reject",0,0,0,0,0,1,"Victim__J_Cont__C_Cont__Reject","Victim__J_Cont__C_Cont__Reject",0,0,0,0,0,0,0,0,1,0,0,0,0,0,0,0,0,0,0,0,0,0,0,0,0,0,0,"J_Cont__C_Cont",,,0,0,0,0,0,0,0,1
192,4,2,"victim",0,20,0,2,1,2,1,1,TRUE,2.78571428571429,2.28571428571429,2.875,2.85714285714286,3.16666666666667,2,3,3,3,3,2,"Cont","Cont","control","control",0,1,0,,0,0,"Cont","Cont",,0,1,0,1,0,1,0,1,0,"Victim__J_Cont__C_Cont",1,7,-7,"Ing_x_Control","Ing_x_Control__Victim","Ing_x_Control__Reject","Ing_x_Control__Victim__Reject",0,0,0,0,0,1,"Victim__J_Cont__C_Cont__Reject","Victim__J_Cont__C_Cont__Reject",0,0,0,0,0,0,0,0,1,0,0,0,0,0,0,0,0,0,0,0,0,0,0,0,0,0,0,"J_Cont__C_Cont",,,0,0,0,0,0,0,0,1
192,5,1,"victim",0,20,0,2,1,2,1,1,TRUE,2.78571428571429,2.28571428571429,2.875,2.85714285714286,3.16666666666667,2,1,2,1,2,2,"Out","In","outgroup","ingroup",1,0,0,0,0,1,"Out","In",,1,0,0,0,1,0,0,0,0,"Victim__J_Out__C_In",0,7,-7,"Ing_x_Hum","Ing_x_Hum__Victim","Ing_x_Hum__Reject","Ing_x_Hum__Victim__Reject",0,0,0,1,0,0,"Victim__J_Out__C_In__Reject","Victim__J_Out__C_In__Reject",0,1,0,0,0,0,0,0,0,0,0,0,0,0,0,0,0,0,0,0,0,0,0,0,0,0,0,"J_Out__C_In",,,1,0,0,0,0,0,0,0
192,5,2,"victim",0,20,0,2,1,2,1,1,TRUE,2.78571428571429,2.28571428571429,2.875,2.85714285714286,3.16666666666667,2,1,2,2,1,2,"Out","In","ingroup","outgroup",0,0,0,1,1,0,"In","Out",,1,0,0,0,0,0,1,0,0,"Victim__J_In__C_Out",0,-4,4,"Ing_x_Ing","Ing_x_Ing__Victim","Ing_x_Ing__Accept","Ing_x_Ing__Victim__Accept",0,0,0,0,1,0,"Victim__J_In__C_Out__Accept","Victim__J_In__C_Out__Accept",0,0,0,1,0,0,0,0,0,0,0,0,0,0,0,0,0,0,0,0,0,0,0,0,0,0,0,"J_In__C_Out",,,0,0,1,0,0,0,0,0
193,1,1,"victim",0,19,1,2,1,2,1,1,TRUE,2.32142857142857,1.85714285714286,2.625,2.42857142857143,2.33333333333333,2,1,2,1,2,2,"Out","In","outgroup","ingroup",1,0,0,0,0,0,"Out","In",,1,0,0,0,1,0,0,0,0,"Victim__J_Out__C_In",0,9,-9,"Ing_x_Hum","Ing_x_Hum__Victim","Ing_x_Hum__Reject","Ing_x_Hum__Victim__Reject",0,0,0,1,0,0,"Victim__J_Out__C_In__Reject","Victim__J_Out__C_In__Reject",0,1,0,0,0,0,0,0,0,0,0,0,0,0,0,0,0,0,0,0,0,0,0,0,0,0,0,"J_Out__C_In",,,1,0,0,0,0,0,0,0
193,1,2,"victim",0,19,1,2,1,2,1,1,TRUE,2.32142857142857,1.85714285714286,2.625,2.42857142857143,2.33333333333333,2,1,2,2,1,2,"Out","In","ingroup","outgroup",0,0,0,1,0,0,"In","Out",,1,0,0,0,0,0,1,0,0,"Victim__J_In__C_Out",0,9,-9,"Ing_x_Ing","Ing_x_Ing__Victim","Ing_x_Ing__Reject","Ing_x_Ing__Victim__Reject",0,0,0,0,1,0,"Victim__J_In__C_Out__Reject","Victim__J_In__C_Out__Reject",0,0,0,1,0,0,0,0,0,0,0,0,0,0,0,0,0,0,0,0,0,0,0,0,0,0,0,"J_In__C_Out",,,0,0,1,0,0,0,0,0
193,2,1,"victim",0,19,1,2,1,2,1,1,TRUE,2.32142857142857,1.85714285714286,2.625,2.42857142857143,2.33333333333333,2,2,2,2,2,2,"In","In","ingroup","ingroup",0,0,0,1,0,0,"In","In",,0,0,0,0,0,0,0,0,0,"Victim__J_In__C_In",0,9,-9,"Ing_x_Ing","Ing_x_Ing__Victim","Ing_x_Ing__Reject","Ing_x_Ing__Victim__Reject",0,0,0,0,1,0,"Victim__J_In__C_In__Reject","Victim__J_In__C_In__Reject",1,0,0,0,0,0,0,0,0,0,0,0,0,0,0,0,0,0,0,0,0,0,0,0,0,0,0,"J_In__C_In",,,0,0,0,0,0,0,0,0
193,2,2,"victim",0,19,1,2,1,2,1,1,TRUE,2.32142857142857,1.85714285714286,2.625,2.42857142857143,2.33333333333333,2,2,2,2,2,2,"In","In","ingroup","ingroup",0,0,0,1,0,0,"In","In",,0,0,0,0,0,0,0,0,0,"Victim__J_In__C_In",0,9,-9,"Ing_x_Ing","Ing_x_Ing__Victim","Ing_x_Ing__Reject","Ing_x_Ing__Victim__Reject",0,0,0,0,1,0,"Victim__J_In__C_In__Reject","Victim__J_In__C_In__Reject",1,0,0,0,0,0,0,0,0,0,0,0,0,0,0,0,0,0,0,0,0,0,0,0,0,0,0,"J_In__C_In",,,0,0,0,0,0,0,0,0
193,3,1,"victim",0,19,1,2,1,2,1,1,TRUE,2.32142857142857,1.85714285714286,2.625,2.42857142857143,2.33333333333333,2,3,2,3,2,2,"Cont","In","control","ingroup",0,1,0,,1,1,"Cont","In",,0,1,0,0,0,1,0,0,0,"Victim__J_Cont__C_In",1,6,-6,"Ing_x_Control","Ing_x_Control__Victim","Ing_x_Control__Accept","Ing_x_Control__Victim__Accept",0,0,0,0,0,1,"Victim__J_Cont__C_In__Accept","Victim__J_Cont__C_In__Accept",0,0,1,0,0,0,0,0,0,0,0,0,0,0,0,0,0,0,0,0,0,0,0,0,0,0,0,"J_Cont__C_In",,,0,1,0,0,0,0,0,0
193,3,2,"victim",0,19,1,2,1,2,1,1,TRUE,2.32142857142857,1.85714285714286,2.625,2.42857142857143,2.33333333333333,2,3,2,2,3,2,"Cont","In","ingroup","control",0,0,0,1,1,1,"In","Cont",,0,1,0,0,0,0,0,1,0,"Victim__J_In__C_Cont",1,6,-6,"Ing_x_Ing","Ing_x_Ing__Victim","Ing_x_Ing__Accept","Ing_x_Ing__Victim__Accept",0,0,0,0,1,0,"Victim__J_In__C_Cont__Accept","Victim__J_In__C_Cont__Accept",0,0,0,0,0,0,1,0,0,0,0,0,0,0,0,0,0,0,0,0,0,0,0,0,0,0,0,"J_In__C_Cont",,,0,0,0,0,0,1,0,0
193,4,1,"victim",0,19,1,2,1,2,1,1,TRUE,2.32142857142857,1.85714285714286,2.625,2.42857142857143,2.33333333333333,2,1,1,1,1,2,"Out","Out","outgroup","outgroup",1,0,0,0,0,0,"Out","Out",,1,0,1,0,1,0,1,0,0,"Victim__J_Out__C_Out",0,9,-9,"Ing_x_Hum","Ing_x_Hum__Victim","Ing_x_Hum__Reject","Ing_x_Hum__Victim__Reject",0,0,0,1,0,0,"Victim__J_Out__C_Out__Reject","Victim__J_Out__C_Out__Reject",0,0,0,0,1,0,0,0,0,0,0,0,0,0,0,0,0,0,0,0,0,0,0,0,0,0,0,"J_Out__C_Out",,,0,0,0,1,0,0,0,0
193,4,2,"victim",0,19,1,2,1,2,1,1,TRUE,2.32142857142857,1.85714285714286,2.625,2.42857142857143,2.33333333333333,2,1,1,1,1,2,"Out","Out","outgroup","outgroup",1,0,0,0,0,0,"Out","Out",,1,0,1,0,1,0,1,0,0,"Victim__J_Out__C_Out",0,9,-9,"Ing_x_Hum","Ing_x_Hum__Victim","Ing_x_Hum__Reject","Ing_x_Hum__Victim__Reject",0,0,0,1,0,0,"Victim__J_Out__C_Out__Reject","Victim__J_Out__C_Out__Reject",0,0,0,0,1,0,0,0,0,0,0,0,0,0,0,0,0,0,0,0,0,0,0,0,0,0,0,"J_Out__C_Out",,,0,0,0,1,0,0,0,0
193,5,1,"victim",0,19,1,2,1,2,1,1,TRUE,2.32142857142857,1.85714285714286,2.625,2.42857142857143,2.33333333333333,2,1,3,1,3,2,"Out","Cont","outgroup","control",1,0,0,0,0,1,"Out","Cont",,1,0,0,1,1,0,0,1,0,"Victim__J_Out__C_Cont",1,9,-9,"Ing_x_Hum","Ing_x_Hum__Victim","Ing_x_Hum__Reject","Ing_x_Hum__Victim__Reject",0,0,0,1,0,0,"Victim__J_Out__C_Cont__Reject","Victim__J_Out__C_Cont__Reject",0,0,0,0,0,0,0,1,0,0,0,0,0,0,0,0,0,0,0,0,0,0,0,0,0,0,0,"J_Out__C_Cont",,,0,0,0,0,0,0,1,0
193,5,2,"victim",0,19,1,2,1,2,1,1,TRUE,2.32142857142857,1.85714285714286,2.625,2.42857142857143,2.33333333333333,2,1,3,3,1,2,"Out","Cont","control","outgroup",0,1,0,,1,0,"Cont","Out",,1,0,0,1,0,1,1,0,0,"Victim__J_Cont__C_Out",1,6,-6,"Ing_x_Control","Ing_x_Control__Victim","Ing_x_Control__Accept","Ing_x_Control__Victim__Accept",0,0,0,0,0,1,"Victim__J_Cont__C_Out__Accept","Victim__J_Cont__C_Out__Accept",0,0,0,0,0,1,0,0,0,0,0,0,0,0,0,0,0,0,0,0,0,0,0,0,0,0,0,"J_Cont__C_Out",,,0,0,0,0,1,0,0,0
194,6,1,"victim",0,22,2,1,0,2,1,2,TRUE,2.35714285714286,1.85714285714286,2.625,2.42857142857143,2.5,2,2,1,2,1,2,"In","Out","ingroup","outgroup",0,0,0,1,1,1,"In","Out",,0,0,1,0,0,0,1,0,0,"Victim__J_In__C_Out",0,-3,3,"Ing_x_Ing","Ing_x_Ing__Victim","Ing_x_Ing__Accept","Ing_x_Ing__Victim__Accept",0,0,0,0,1,0,"Victim__J_In__C_Out__Accept","Victim__J_In__C_Out__Accept",0,0,0,1,0,0,0,0,0,0,0,0,0,0,0,0,0,0,0,0,0,0,0,0,0,0,0,"J_In__C_Out",,,0,0,1,0,0,0,0,0
194,6,2,"victim",0,22,2,1,0,2,1,2,TRUE,2.35714285714286,1.85714285714286,2.625,2.42857142857143,2.5,2,2,1,1,2,2,"In","Out","outgroup","ingroup",1,0,0,0,1,1,"Out","In",,0,0,1,0,1,0,0,0,0,"Victim__J_Out__C_In",0,-3,3,"Ing_x_Hum","Ing_x_Hum__Victim","Ing_x_Hum__Accept","Ing_x_Hum__Victim__Accept",0,0,0,1,0,0,"Victim__J_Out__C_In__Accept","Victim__J_Out__C_In__Accept",0,1,0,0,0,0,0,0,0,0,0,0,0,0,0,0,0,0,0,0,0,0,0,0,0,0,0,"J_Out__C_In",,,1,0,0,0,0,0,0,0
194,7,1,"victim",0,22,2,1,0,2,1,2,TRUE,2.35714285714286,1.85714285714286,2.625,2.42857142857143,2.5,2,3,3,3,3,2,"Cont","Cont","control","control",0,1,0,,1,0,"Cont","Cont",,0,1,0,1,0,1,0,1,0,"Victim__J_Cont__C_Cont",1,-3,3,"Ing_x_Control","Ing_x_Control__Victim","Ing_x_Control__Accept","Ing_x_Control__Victim__Accept",0,0,0,0,0,1,"Victim__J_Cont__C_Cont__Accept","Victim__J_Cont__C_Cont__Accept",0,0,0,0,0,0,0,0,1,0,0,0,0,0,0,0,0,0,0,0,0,0,0,0,0,0,0,"J_Cont__C_Cont",,,0,0,0,0,0,0,0,1
194,7,2,"victim",0,22,2,1,0,2,1,2,TRUE,2.35714285714286,1.85714285714286,2.625,2.42857142857143,2.5,2,3,3,3,3,2,"Cont","Cont","control","control",0,1,0,,0,1,"Cont","Cont",,0,1,0,1,0,1,0,1,0,"Victim__J_Cont__C_Cont",1,9,-9,"Ing_x_Control","Ing_x_Control__Victim","Ing_x_Control__Reject","Ing_x_Control__Victim__Reject",0,0,0,0,0,1,"Victim__J_Cont__C_Cont__Reject","Victim__J_Cont__C_Cont__Reject",0,0,0,0,0,0,0,0,1,0,0,0,0,0,0,0,0,0,0,0,0,0,0,0,0,0,0,"J_Cont__C_Cont",,,0,0,0,0,0,0,0,1
194,8,1,"victim",0,22,2,1,0,2,1,2,TRUE,2.35714285714286,1.85714285714286,2.625,2.42857142857143,2.5,2,3,3,3,3,2,"Cont","Cont","control","control",0,1,0,,1,0,"Cont","Cont",,0,1,0,1,0,1,0,1,0,"Victim__J_Cont__C_Cont",1,-3,3,"Ing_x_Control","Ing_x_Control__Victim","Ing_x_Control__Accept","Ing_x_Control__Victim__Accept",0,0,0,0,0,1,"Victim__J_Cont__C_Cont__Accept","Victim__J_Cont__C_Cont__Accept",0,0,0,0,0,0,0,0,1,0,0,0,0,0,0,0,0,0,0,0,0,0,0,0,0,0,0,"J_Cont__C_Cont",,,0,0,0,0,0,0,0,1
194,8,2,"victim",0,22,2,1,0,2,1,2,TRUE,2.35714285714286,1.85714285714286,2.625,2.42857142857143,2.5,2,3,3,3,3,2,"Cont","Cont","control","control",0,1,0,,0,1,"Cont","Cont",,0,1,0,1,0,1,0,1,0,"Victim__J_Cont__C_Cont",1,9,-9,"Ing_x_Control","Ing_x_Control__Victim","Ing_x_Control__Reject","Ing_x_Control__Victim__Reject",0,0,0,0,0,1,"Victim__J_Cont__C_Cont__Reject","Victim__J_Cont__C_Cont__Reject",0,0,0,0,0,0,0,0,1,0,0,0,0,0,0,0,0,0,0,0,0,0,0,0,0,0,0,"J_Cont__C_Cont",,,0,0,0,0,0,0,0,1
194,9,1,"victim",0,22,2,1,0,2,1,2,TRUE,2.35714285714286,1.85714285714286,2.625,2.42857142857143,2.5,2,3,1,3,1,2,"Cont","Out","control","outgroup",0,1,0,,1,1,"Cont","Out",,0,1,1,0,0,1,1,0,0,"Victim__J_Cont__C_Out",1,4,-4,"Ing_x_Control","Ing_x_Control__Victim","Ing_x_Control__Accept","Ing_x_Control__Victim__Accept",0,0,0,0,0,1,"Victim__J_Cont__C_Out__Accept","Victim__J_Cont__C_Out__Accept",0,0,0,0,0,1,0,0,0,0,0,0,0,0,0,0,0,0,0,0,0,0,0,0,0,0,0,"J_Cont__C_Out",,,0,0,0,0,1,0,0,0
194,9,2,"victim",0,22,2,1,0,2,1,2,TRUE,2.35714285714286,1.85714285714286,2.625,2.42857142857143,2.5,2,3,1,1,3,2,"Cont","Out","outgroup","control",1,0,0,0,1,1,"Out","Cont",,0,1,1,0,1,0,0,1,0,"Victim__J_Out__C_Cont",1,4,-4,"Ing_x_Hum","Ing_x_Hum__Victim","Ing_x_Hum__Accept","Ing_x_Hum__Victim__Accept",0,0,0,1,0,0,"Victim__J_Out__C_Cont__Accept","Victim__J_Out__C_Cont__Accept",0,0,0,0,0,0,0,1,0,0,0,0,0,0,0,0,0,0,0,0,0,0,0,0,0,0,0,"J_Out__C_Cont",,,0,0,0,0,0,0,1,0
194,10,1,"victim",0,22,2,1,0,2,1,2,TRUE,2.35714285714286,1.85714285714286,2.625,2.42857142857143,2.5,2,3,2,3,2,2,"Cont","In","control","ingroup",0,1,0,,0,1,"Cont","In",,0,1,0,0,0,1,0,0,0,"Victim__J_Cont__C_In",1,9,-9,"Ing_x_Control","Ing_x_Control__Victim","Ing_x_Control__Reject","Ing_x_Control__Victim__Reject",0,0,0,0,0,1,"Victim__J_Cont__C_In__Reject","Victim__J_Cont__C_In__Reject",0,0,1,0,0,0,0,0,0,0,0,0,0,0,0,0,0,0,0,0,0,0,0,0,0,0,0,"J_Cont__C_In",,,0,1,0,0,0,0,0,0
194,10,2,"victim",0,22,2,1,0,2,1,2,TRUE,2.35714285714286,1.85714285714286,2.625,2.42857142857143,2.5,2,3,2,2,3,2,"Cont","In","ingroup","control",0,0,0,1,1,0,"In","Cont",,0,1,0,0,0,0,0,1,0,"Victim__J_In__C_Cont",1,-4,4,"Ing_x_Ing","Ing_x_Ing__Victim","Ing_x_Ing__Accept","Ing_x_Ing__Victim__Accept",0,0,0,0,1,0,"Victim__J_In__C_Cont__Accept","Victim__J_In__C_Cont__Accept",0,0,0,0,0,0,1,0,0,0,0,0,0,0,0,0,0,0,0,0,0,0,0,0,0,0,0,"J_In__C_Cont",,,0,0,0,0,0,1,0,0
195,6,1,"victim",0,19,2,2,1,2,1,2,TRUE,2.39285714285714,2.57142857142857,1.875,3.28571428571429,1.83333333333333,2,2,1,2,1,2,"In","Out","ingroup","outgroup",0,0,0,1,1,1,"In","Out",,0,0,1,0,0,0,1,0,0,"Victim__J_In__C_Out",0,-5,5,"Ing_x_Ing","Ing_x_Ing__Victim","Ing_x_Ing__Accept","Ing_x_Ing__Victim__Accept",0,0,0,0,1,0,"Victim__J_In__C_Out__Accept","Victim__J_In__C_Out__Accept",0,0,0,1,0,0,0,0,0,0,0,0,0,0,0,0,0,0,0,0,0,0,0,0,0,0,0,"J_In__C_Out",,,0,0,1,0,0,0,0,0
195,6,2,"victim",0,19,2,2,1,2,1,2,TRUE,2.39285714285714,2.57142857142857,1.875,3.28571428571429,1.83333333333333,2,2,1,1,2,2,"In","Out","outgroup","ingroup",1,0,0,0,1,1,"Out","In",,0,0,1,0,1,0,0,0,0,"Victim__J_Out__C_In",0,-5,5,"Ing_x_Hum","Ing_x_Hum__Victim","Ing_x_Hum__Accept","Ing_x_Hum__Victim__Accept",0,0,0,1,0,0,"Victim__J_Out__C_In__Accept","Victim__J_Out__C_In__Accept",0,1,0,0,0,0,0,0,0,0,0,0,0,0,0,0,0,0,0,0,0,0,0,0,0,0,0,"J_Out__C_In",,,1,0,0,0,0,0,0,0
195,7,1,"victim",0,19,2,2,1,2,1,2,TRUE,2.39285714285714,2.57142857142857,1.875,3.28571428571429,1.83333333333333,2,2,2,2,2,2,"In","In","ingroup","ingroup",0,0,0,1,0,0,"In","In",,0,0,0,0,0,0,0,0,0,"Victim__J_In__C_In",0,9,-9,"Ing_x_Ing","Ing_x_Ing__Victim","Ing_x_Ing__Reject","Ing_x_Ing__Victim__Reject",0,0,0,0,1,0,"Victim__J_In__C_In__Reject","Victim__J_In__C_In__Reject",1,0,0,0,0,0,0,0,0,0,0,0,0,0,0,0,0,0,0,0,0,0,0,0,0,0,0,"J_In__C_In",,,0,0,0,0,0,0,0,0
195,7,2,"victim",0,19,2,2,1,2,1,2,TRUE,2.39285714285714,2.57142857142857,1.875,3.28571428571429,1.83333333333333,2,2,2,2,2,2,"In","In","ingroup","ingroup",0,0,0,1,0,0,"In","In",,0,0,0,0,0,0,0,0,0,"Victim__J_In__C_In",0,9,-9,"Ing_x_Ing","Ing_x_Ing__Victim","Ing_x_Ing__Reject","Ing_x_Ing__Victim__Reject",0,0,0,0,1,0,"Victim__J_In__C_In__Reject","Victim__J_In__C_In__Reject",1,0,0,0,0,0,0,0,0,0,0,0,0,0,0,0,0,0,0,0,0,0,0,0,0,0,0,"J_In__C_In",,,0,0,0,0,0,0,0,0
195,8,1,"victim",0,19,2,2,1,2,1,2,TRUE,2.39285714285714,2.57142857142857,1.875,3.28571428571429,1.83333333333333,2,3,3,3,3,2,"Cont","Cont","control","control",0,1,0,,0,0,"Cont","Cont",,0,1,0,1,0,1,0,1,0,"Victim__J_Cont__C_Cont",1,9,-9,"Ing_x_Control","Ing_x_Control__Victim","Ing_x_Control__Reject","Ing_x_Control__Victim__Reject",0,0,0,0,0,1,"Victim__J_Cont__C_Cont__Reject","Victim__J_Cont__C_Cont__Reject",0,0,0,0,0,0,0,0,1,0,0,0,0,0,0,0,0,0,0,0,0,0,0,0,0,0,0,"J_Cont__C_Cont",,,0,0,0,0,0,0,0,1
195,8,2,"victim",0,19,2,2,1,2,1,2,TRUE,2.39285714285714,2.57142857142857,1.875,3.28571428571429,1.83333333333333,2,3,3,3,3,2,"Cont","Cont","control","control",0,1,0,,0,0,"Cont","Cont",,0,1,0,1,0,1,0,1,0,"Victim__J_Cont__C_Cont",1,9,-9,"Ing_x_Control","Ing_x_Control__Victim","Ing_x_Control__Reject","Ing_x_Control__Victim__Reject",0,0,0,0,0,1,"Victim__J_Cont__C_Cont__Reject","Victim__J_Cont__C_Cont__Reject",0,0,0,0,0,0,0,0,1,0,0,0,0,0,0,0,0,0,0,0,0,0,0,0,0,0,0,"J_Cont__C_Cont",,,0,0,0,0,0,0,0,1
195,9,1,"victim",0,19,2,2,1,2,1,2,TRUE,2.39285714285714,2.57142857142857,1.875,3.28571428571429,1.83333333333333,2,3,2,3,2,2,"Cont","In","control","ingroup",0,1,0,,1,1,"Cont","In",,0,1,0,0,0,1,0,0,0,"Victim__J_Cont__C_In",1,-6,6,"Ing_x_Control","Ing_x_Control__Victim","Ing_x_Control__Accept","Ing_x_Control__Victim__Accept",0,0,0,0,0,1,"Victim__J_Cont__C_In__Accept","Victim__J_Cont__C_In__Accept",0,0,1,0,0,0,0,0,0,0,0,0,0,0,0,0,0,0,0,0,0,0,0,0,0,0,0,"J_Cont__C_In",,,0,1,0,0,0,0,0,0
195,9,2,"victim",0,19,2,2,1,2,1,2,TRUE,2.39285714285714,2.57142857142857,1.875,3.28571428571429,1.83333333333333,2,3,2,2,3,2,"Cont","In","ingroup","control",0,0,0,1,1,1,"In","Cont",,0,1,0,0,0,0,0,1,0,"Victim__J_In__C_Cont",1,-6,6,"Ing_x_Ing","Ing_x_Ing__Victim","Ing_x_Ing__Accept","Ing_x_Ing__Victim__Accept",0,0,0,0,1,0,"Victim__J_In__C_Cont__Accept","Victim__J_In__C_Cont__Accept",0,0,0,0,0,0,1,0,0,0,0,0,0,0,0,0,0,0,0,0,0,0,0,0,0,0,0,"J_In__C_Cont",,,0,0,0,0,0,1,0,0
195,10,1,"victim",0,19,2,2,1,2,1,2,TRUE,2.39285714285714,2.57142857142857,1.875,3.28571428571429,1.83333333333333,2,3,2,3,2,2,"Cont","In","control","ingroup",0,1,0,,0,0,"Cont","In",,0,1,0,0,0,1,0,0,0,"Victim__J_Cont__C_In",1,9,-9,"Ing_x_Control","Ing_x_Control__Victim","Ing_x_Control__Reject","Ing_x_Control__Victim__Reject",0,0,0,0,0,1,"Victim__J_Cont__C_In__Reject","Victim__J_Cont__C_In__Reject",0,0,1,0,0,0,0,0,0,0,0,0,0,0,0,0,0,0,0,0,0,0,0,0,0,0,0,"J_Cont__C_In",,,0,1,0,0,0,0,0,0
195,10,2,"victim",0,19,2,2,1,2,1,2,TRUE,2.39285714285714,2.57142857142857,1.875,3.28571428571429,1.83333333333333,2,3,2,2,3,2,"Cont","In","ingroup","control",0,0,0,1,0,0,"In","Cont",,0,1,0,0,0,0,0,1,0,"Victim__J_In__C_Cont",1,9,-9,"Ing_x_Ing","Ing_x_Ing__Victim","Ing_x_Ing__Reject","Ing_x_Ing__Victim__Reject",0,0,0,0,1,0,"Victim__J_In__C_Cont__Reject","Victim__J_In__C_Cont__Reject",0,0,0,0,0,0,1,0,0,0,0,0,0,0,0,0,0,0,0,0,0,0,0,0,0,0,0,"J_In__C_Cont",,,0,0,0,0,0,1,0,0
196,1,1,"victim",0,21,1,1,0,2,1,1,TRUE,2.14285714285714,1.85714285714286,2.25,2.14285714285714,2.33333333333333,2,3,2,3,2,2,"Cont","In","control","ingroup",0,1,0,,0,1,"Cont","In",,0,1,0,0,0,1,0,0,0,"Victim__J_Cont__C_In",1,8,-8,"Ing_x_Control","Ing_x_Control__Victim","Ing_x_Control__Reject","Ing_x_Control__Victim__Reject",0,0,0,0,0,1,"Victim__J_Cont__C_In__Reject","Victim__J_Cont__C_In__Reject",0,0,1,0,0,0,0,0,0,0,0,0,0,0,0,0,0,0,0,0,0,0,0,0,0,0,0,"J_Cont__C_In",,,0,1,0,0,0,0,0,0
196,1,2,"victim",0,21,1,1,0,2,1,1,TRUE,2.14285714285714,1.85714285714286,2.25,2.14285714285714,2.33333333333333,2,3,2,2,3,2,"Cont","In","ingroup","control",0,0,0,1,1,0,"In","Cont",,0,1,0,0,0,0,0,1,0,"Victim__J_In__C_Cont",1,-3,3,"Ing_x_Ing","Ing_x_Ing__Victim","Ing_x_Ing__Accept","Ing_x_Ing__Victim__Accept",0,0,0,0,1,0,"Victim__J_In__C_Cont__Accept","Victim__J_In__C_Cont__Accept",0,0,0,0,0,0,1,0,0,0,0,0,0,0,0,0,0,0,0,0,0,0,0,0,0,0,0,"J_In__C_Cont",,,0,0,0,0,0,1,0,0
196,2,1,"victim",0,21,1,1,0,2,1,1,TRUE,2.14285714285714,1.85714285714286,2.25,2.14285714285714,2.33333333333333,2,1,2,1,2,2,"Out","In","outgroup","ingroup",1,0,0,0,0,1,"Out","In",,1,0,0,0,1,0,0,0,0,"Victim__J_Out__C_In",0,-5,5,"Ing_x_Hum","Ing_x_Hum__Victim","Ing_x_Hum__Reject","Ing_x_Hum__Victim__Reject",0,0,0,1,0,0,"Victim__J_Out__C_In__Reject","Victim__J_Out__C_In__Reject",0,1,0,0,0,0,0,0,0,0,0,0,0,0,0,0,0,0,0,0,0,0,0,0,0,0,0,"J_Out__C_In",,,1,0,0,0,0,0,0,0
196,2,2,"victim",0,21,1,1,0,2,1,1,TRUE,2.14285714285714,1.85714285714286,2.25,2.14285714285714,2.33333333333333,2,1,2,2,1,2,"Out","In","ingroup","outgroup",0,0,0,1,1,0,"In","Out",,1,0,0,0,0,0,1,0,0,"Victim__J_In__C_Out",0,4,-4,"Ing_x_Ing","Ing_x_Ing__Victim","Ing_x_Ing__Accept","Ing_x_Ing__Victim__Accept",0,0,0,0,1,0,"Victim__J_In__C_Out__Accept","Victim__J_In__C_Out__Accept",0,0,0,1,0,0,0,0,0,0,0,0,0,0,0,0,0,0,0,0,0,0,0,0,0,0,0,"J_In__C_Out",,,0,0,1,0,0,0,0,0
196,3,1,"victim",0,21,1,1,0,2,1,1,TRUE,2.14285714285714,1.85714285714286,2.25,2.14285714285714,2.33333333333333,2,2,1,2,1,2,"In","Out","ingroup","outgroup",0,0,0,1,0,1,"In","Out",,0,0,1,0,0,0,1,0,0,"Victim__J_In__C_Out",0,6,-6,"Ing_x_Ing","Ing_x_Ing__Victim","Ing_x_Ing__Reject","Ing_x_Ing__Victim__Reject",0,0,0,0,1,0,"Victim__J_In__C_Out__Reject","Victim__J_In__C_Out__Reject",0,0,0,1,0,0,0,0,0,0,0,0,0,0,0,0,0,0,0,0,0,0,0,0,0,0,0,"J_In__C_Out",,,0,0,1,0,0,0,0,0
196,3,2,"victim",0,21,1,1,0,2,1,1,TRUE,2.14285714285714,1.85714285714286,2.25,2.14285714285714,2.33333333333333,2,2,1,1,2,2,"In","Out","outgroup","ingroup",1,0,0,0,1,0,"Out","In",,0,0,1,0,1,0,0,0,0,"Victim__J_Out__C_In",0,-5,5,"Ing_x_Hum","Ing_x_Hum__Victim","Ing_x_Hum__Accept","Ing_x_Hum__Victim__Accept",0,0,0,1,0,0,"Victim__J_Out__C_In__Accept","Victim__J_Out__C_In__Accept",0,1,0,0,0,0,0,0,0,0,0,0,0,0,0,0,0,0,0,0,0,0,0,0,0,0,0,"J_Out__C_In",,,1,0,0,0,0,0,0,0
196,4,1,"victim",0,21,1,1,0,2,1,1,TRUE,2.14285714285714,1.85714285714286,2.25,2.14285714285714,2.33333333333333,2,3,2,3,2,2,"Cont","In","control","ingroup",0,1,0,,0,1,"Cont","In",,0,1,0,0,0,1,0,0,0,"Victim__J_Cont__C_In",1,5,-5,"Ing_x_Control","Ing_x_Control__Victim","Ing_x_Control__Reject","Ing_x_Control__Victim__Reject",0,0,0,0,0,1,"Victim__J_Cont__C_In__Reject","Victim__J_Cont__C_In__Reject",0,0,1,0,0,0,0,0,0,0,0,0,0,0,0,0,0,0,0,0,0,0,0,0,0,0,0,"J_Cont__C_In",,,0,1,0,0,0,0,0,0
196,4,2,"victim",0,21,1,1,0,2,1,1,TRUE,2.14285714285714,1.85714285714286,2.25,2.14285714285714,2.33333333333333,2,3,2,2,3,2,"Cont","In","ingroup","control",0,0,0,1,1,0,"In","Cont",,0,1,0,0,0,0,0,1,0,"Victim__J_In__C_Cont",1,-4,4,"Ing_x_Ing","Ing_x_Ing__Victim","Ing_x_Ing__Accept","Ing_x_Ing__Victim__Accept",0,0,0,0,1,0,"Victim__J_In__C_Cont__Accept","Victim__J_In__C_Cont__Accept",0,0,0,0,0,0,1,0,0,0,0,0,0,0,0,0,0,0,0,0,0,0,0,0,0,0,0,"J_In__C_Cont",,,0,0,0,0,0,1,0,0
196,5,1,"victim",0,21,1,1,0,2,1,1,TRUE,2.14285714285714,1.85714285714286,2.25,2.14285714285714,2.33333333333333,2,3,3,3,3,2,"Cont","Cont","control","control",0,1,0,,0,1,"Cont","Cont",,0,1,0,1,0,1,0,1,0,"Victim__J_Cont__C_Cont",1,5,-5,"Ing_x_Control","Ing_x_Control__Victim","Ing_x_Control__Reject","Ing_x_Control__Victim__Reject",0,0,0,0,0,1,"Victim__J_Cont__C_Cont__Reject","Victim__J_Cont__C_Cont__Reject",0,0,0,0,0,0,0,0,1,0,0,0,0,0,0,0,0,0,0,0,0,0,0,0,0,0,0,"J_Cont__C_Cont",,,0,0,0,0,0,0,0,1
196,5,2,"victim",0,21,1,1,0,2,1,1,TRUE,2.14285714285714,1.85714285714286,2.25,2.14285714285714,2.33333333333333,2,3,3,3,3,2,"Cont","Cont","control","control",0,1,0,,1,0,"Cont","Cont",,0,1,0,1,0,1,0,1,0,"Victim__J_Cont__C_Cont",1,-3,3,"Ing_x_Control","Ing_x_Control__Victim","Ing_x_Control__Accept","Ing_x_Control__Victim__Accept",0,0,0,0,0,1,"Victim__J_Cont__C_Cont__Accept","Victim__J_Cont__C_Cont__Accept",0,0,0,0,0,0,0,0,1,0,0,0,0,0,0,0,0,0,0,0,0,0,0,0,0,0,0,"J_Cont__C_Cont",,,0,0,0,0,0,0,0,1
197,6,1,"victim",0,24,2,1,0,1,0,2,TRUE,2.85714285714286,2.42857142857143,3,3.42857142857143,2.5,1,3,2,3,2,1,"Cont","Out","control","outgroup",0,1,0,,1,1,"Cont","Out",,0,1,1,0,0,1,1,0,0,"Victim__J_Cont__C_Out",1,-9,9,"Hum_x_Control","Hum_x_Control__Victim","Hum_x_Control__Accept","Hum_x_Control__Victim__Accept",0,0,1,0,0,0,"Victim__J_Cont__C_Out__Accept","Victim__J_Cont__C_Out__Accept",0,0,0,0,0,1,0,0,0,0,0,0,0,0,0,0,0,0,0,0,0,0,0,0,0,0,0,"J_Cont__C_Out",,,0,0,0,0,1,0,0,0
197,6,2,"victim",0,24,2,1,0,1,0,2,TRUE,2.85714285714286,2.42857142857143,3,3.42857142857143,2.5,1,3,2,2,3,1,"Cont","Out","outgroup","control",1,0,0,0,1,1,"Out","Cont",,0,1,1,0,1,0,0,1,0,"Victim__J_Out__C_Cont",1,-9,9,"Hum_x_Ing","Hum_x_Ing__Victim","Hum_x_Ing__Accept","Hum_x_Ing__Victim__Accept",0,1,0,0,0,0,"Victim__J_Out__C_Cont__Accept","Victim__J_Out__C_Cont__Accept",0,0,0,0,0,0,0,1,0,0,0,0,0,0,0,0,0,0,0,0,0,0,0,0,0,0,0,"J_Out__C_Cont",,,0,0,0,0,0,0,1,0
197,7,1,"victim",0,24,2,1,0,1,0,2,TRUE,2.85714285714286,2.42857142857143,3,3.42857142857143,2.5,1,1,1,1,1,1,"In","In","ingroup","ingroup",0,0,0,1,1,0,"In","In",,0,0,0,0,0,0,0,0,0,"Victim__J_In__C_In",0,-9,9,"Hum_x_Hum","Hum_x_Hum__Victim","Hum_x_Hum__Accept","Hum_x_Hum__Victim__Accept",1,0,0,0,0,0,"Victim__J_In__C_In__Accept","Victim__J_In__C_In__Accept",1,0,0,0,0,0,0,0,0,0,0,0,0,0,0,0,0,0,0,0,0,0,0,0,0,0,0,"J_In__C_In",,,0,0,0,0,0,0,0,0
197,7,2,"victim",0,24,2,1,0,1,0,2,TRUE,2.85714285714286,2.42857142857143,3,3.42857142857143,2.5,1,1,1,1,1,1,"In","In","ingroup","ingroup",0,0,0,1,0,1,"In","In",,0,0,0,0,0,0,0,0,0,"Victim__J_In__C_In",0,9,-9,"Hum_x_Hum","Hum_x_Hum__Victim","Hum_x_Hum__Reject","Hum_x_Hum__Victim__Reject",1,0,0,0,0,0,"Victim__J_In__C_In__Reject","Victim__J_In__C_In__Reject",1,0,0,0,0,0,0,0,0,0,0,0,0,0,0,0,0,0,0,0,0,0,0,0,0,0,0,"J_In__C_In",,,0,0,0,0,0,0,0,0
197,8,1,"victim",0,24,2,1,0,1,0,2,TRUE,2.85714285714286,2.42857142857143,3,3.42857142857143,2.5,1,3,2,3,2,1,"Cont","Out","control","outgroup",0,1,0,,1,0,"Cont","Out",,0,1,1,0,0,1,1,0,0,"Victim__J_Cont__C_Out",1,-9,9,"Hum_x_Control","Hum_x_Control__Victim","Hum_x_Control__Accept","Hum_x_Control__Victim__Accept",0,0,1,0,0,0,"Victim__J_Cont__C_Out__Accept","Victim__J_Cont__C_Out__Accept",0,0,0,0,0,1,0,0,0,0,0,0,0,0,0,0,0,0,0,0,0,0,0,0,0,0,0,"J_Cont__C_Out",,,0,0,0,0,1,0,0,0
197,8,2,"victim",0,24,2,1,0,1,0,2,TRUE,2.85714285714286,2.42857142857143,3,3.42857142857143,2.5,1,3,2,2,3,1,"Cont","Out","outgroup","control",1,0,0,0,0,1,"Out","Cont",,0,1,1,0,1,0,0,1,0,"Victim__J_Out__C_Cont",1,9,-9,"Hum_x_Ing","Hum_x_Ing__Victim","Hum_x_Ing__Reject","Hum_x_Ing__Victim__Reject",0,1,0,0,0,0,"Victim__J_Out__C_Cont__Reject","Victim__J_Out__C_Cont__Reject",0,0,0,0,0,0,0,1,0,0,0,0,0,0,0,0,0,0,0,0,0,0,0,0,0,0,0,"J_Out__C_Cont",,,0,0,0,0,0,0,1,0
197,9,1,"victim",0,24,2,1,0,1,0,2,TRUE,2.85714285714286,2.42857142857143,3,3.42857142857143,2.5,1,1,3,1,3,1,"In","Cont","ingroup","control",0,0,0,1,0,1,"In","Cont",,0,0,0,1,0,0,0,1,0,"Victim__J_In__C_Cont",1,9,-9,"Hum_x_Hum","Hum_x_Hum__Victim","Hum_x_Hum__Reject","Hum_x_Hum__Victim__Reject",1,0,0,0,0,0,"Victim__J_In__C_Cont__Reject","Victim__J_In__C_Cont__Reject",0,0,0,0,0,0,1,0,0,0,0,0,0,0,0,0,0,0,0,0,0,0,0,0,0,0,0,"J_In__C_Cont",,,0,0,0,0,0,1,0,0
197,9,2,"victim",0,24,2,1,0,1,0,2,TRUE,2.85714285714286,2.42857142857143,3,3.42857142857143,2.5,1,1,3,3,1,1,"In","Cont","control","ingroup",0,1,0,,1,0,"Cont","In",,0,0,0,1,0,1,0,0,0,"Victim__J_Cont__C_In",1,-9,9,"Hum_x_Control","Hum_x_Control__Victim","Hum_x_Control__Accept","Hum_x_Control__Victim__Accept",0,0,1,0,0,0,"Victim__J_Cont__C_In__Accept","Victim__J_Cont__C_In__Accept",0,0,1,0,0,0,0,0,0,0,0,0,0,0,0,0,0,0,0,0,0,0,0,0,0,0,0,"J_Cont__C_In",,,0,1,0,0,0,0,0,0
197,10,1,"victim",0,24,2,1,0,1,0,2,TRUE,2.85714285714286,2.42857142857143,3,3.42857142857143,2.5,1,2,3,2,3,1,"Out","Cont","outgroup","control",1,0,0,0,0,0,"Out","Cont",,1,0,0,1,1,0,0,1,0,"Victim__J_Out__C_Cont",1,9,-9,"Hum_x_Ing","Hum_x_Ing__Victim","Hum_x_Ing__Reject","Hum_x_Ing__Victim__Reject",0,1,0,0,0,0,"Victim__J_Out__C_Cont__Reject","Victim__J_Out__C_Cont__Reject",0,0,0,0,0,0,0,1,0,0,0,0,0,0,0,0,0,0,0,0,0,0,0,0,0,0,0,"J_Out__C_Cont",,,0,0,0,0,0,0,1,0
197,10,2,"victim",0,24,2,1,0,1,0,2,TRUE,2.85714285714286,2.42857142857143,3,3.42857142857143,2.5,1,2,3,3,2,1,"Out","Cont","control","outgroup",0,1,0,,0,0,"Cont","Out",,1,0,0,1,0,1,1,0,0,"Victim__J_Cont__C_Out",1,9,-9,"Hum_x_Control","Hum_x_Control__Victim","Hum_x_Control__Reject","Hum_x_Control__Victim__Reject",0,0,1,0,0,0,"Victim__J_Cont__C_Out__Reject","Victim__J_Cont__C_Out__Reject",0,0,0,0,0,1,0,0,0,0,0,0,0,0,0,0,0,0,0,0,0,0,0,0,0,0,0,"J_Cont__C_Out",,,0,0,0,0,1,0,0,0
198,1,1,"victim",0,18,1,2,1,2,1,1,TRUE,2.21428571428571,1.57142857142857,2.5,2.57142857142857,2.16666666666667,2,2,1,2,1,2,"In","Out","ingroup","outgroup",0,0,0,1,0,0,"In","Out",,0,0,1,0,0,0,1,0,0,"Victim__J_In__C_Out",0,9,-9,"Ing_x_Ing","Ing_x_Ing__Victim","Ing_x_Ing__Reject","Ing_x_Ing__Victim__Reject",0,0,0,0,1,0,"Victim__J_In__C_Out__Reject","Victim__J_In__C_Out__Reject",0,0,0,1,0,0,0,0,0,0,0,0,0,0,0,0,0,0,0,0,0,0,0,0,0,0,0,"J_In__C_Out",,,0,0,1,0,0,0,0,0
198,1,2,"victim",0,18,1,2,1,2,1,1,TRUE,2.21428571428571,1.57142857142857,2.5,2.57142857142857,2.16666666666667,2,2,1,1,2,2,"In","Out","outgroup","ingroup",1,0,0,0,0,0,"Out","In",,0,0,1,0,1,0,0,0,0,"Victim__J_Out__C_In",0,9,-9,"Ing_x_Hum","Ing_x_Hum__Victim","Ing_x_Hum__Reject","Ing_x_Hum__Victim__Reject",0,0,0,1,0,0,"Victim__J_Out__C_In__Reject","Victim__J_Out__C_In__Reject",0,1,0,0,0,0,0,0,0,0,0,0,0,0,0,0,0,0,0,0,0,0,0,0,0,0,0,"J_Out__C_In",,,1,0,0,0,0,0,0,0
198,2,1,"victim",0,18,1,2,1,2,1,1,TRUE,2.21428571428571,1.57142857142857,2.5,2.57142857142857,2.16666666666667,2,2,1,2,1,2,"In","Out","ingroup","outgroup",0,0,0,1,0,1,"In","Out",,0,0,1,0,0,0,1,0,0,"Victim__J_In__C_Out",0,9,-9,"Ing_x_Ing","Ing_x_Ing__Victim","Ing_x_Ing__Reject","Ing_x_Ing__Victim__Reject",0,0,0,0,1,0,"Victim__J_In__C_Out__Reject","Victim__J_In__C_Out__Reject",0,0,0,1,0,0,0,0,0,0,0,0,0,0,0,0,0,0,0,0,0,0,0,0,0,0,0,"J_In__C_Out",,,0,0,1,0,0,0,0,0
198,2,2,"victim",0,18,1,2,1,2,1,1,TRUE,2.21428571428571,1.57142857142857,2.5,2.57142857142857,2.16666666666667,2,2,1,1,2,2,"In","Out","outgroup","ingroup",1,0,0,0,1,0,"Out","In",,0,0,1,0,1,0,0,0,0,"Victim__J_Out__C_In",0,-6,6,"Ing_x_Hum","Ing_x_Hum__Victim","Ing_x_Hum__Accept","Ing_x_Hum__Victim__Accept",0,0,0,1,0,0,"Victim__J_Out__C_In__Accept","Victim__J_Out__C_In__Accept",0,1,0,0,0,0,0,0,0,0,0,0,0,0,0,0,0,0,0,0,0,0,0,0,0,0,0,"J_Out__C_In",,,1,0,0,0,0,0,0,0
198,3,1,"victim",0,18,1,2,1,2,1,1,TRUE,2.21428571428571,1.57142857142857,2.5,2.57142857142857,2.16666666666667,2,1,3,1,3,2,"Out","Cont","outgroup","control",1,0,0,0,1,1,"Out","Cont",,1,0,0,1,1,0,0,1,0,"Victim__J_Out__C_Cont",1,-8,8,"Ing_x_Hum","Ing_x_Hum__Victim","Ing_x_Hum__Accept","Ing_x_Hum__Victim__Accept",0,0,0,1,0,0,"Victim__J_Out__C_Cont__Accept","Victim__J_Out__C_Cont__Accept",0,0,0,0,0,0,0,1,0,0,0,0,0,0,0,0,0,0,0,0,0,0,0,0,0,0,0,"J_Out__C_Cont",,,0,0,0,0,0,0,1,0
198,3,2,"victim",0,18,1,2,1,2,1,1,TRUE,2.21428571428571,1.57142857142857,2.5,2.57142857142857,2.16666666666667,2,1,3,3,1,2,"Out","Cont","control","outgroup",0,1,0,,1,1,"Cont","Out",,1,0,0,1,0,1,1,0,0,"Victim__J_Cont__C_Out",1,-8,8,"Ing_x_Control","Ing_x_Control__Victim","Ing_x_Control__Accept","Ing_x_Control__Victim__Accept",0,0,0,0,0,1,"Victim__J_Cont__C_Out__Accept","Victim__J_Cont__C_Out__Accept",0,0,0,0,0,1,0,0,0,0,0,0,0,0,0,0,0,0,0,0,0,0,0,0,0,0,0,"J_Cont__C_Out",,,0,0,0,0,1,0,0,0
198,4,1,"victim",0,18,1,2,1,2,1,1,TRUE,2.21428571428571,1.57142857142857,2.5,2.57142857142857,2.16666666666667,2,3,2,3,2,2,"Cont","In","control","ingroup",0,1,0,,1,0,"Cont","In",,0,1,0,0,0,1,0,0,0,"Victim__J_Cont__C_In",1,-8,8,"Ing_x_Control","Ing_x_Control__Victim","Ing_x_Control__Accept","Ing_x_Control__Victim__Accept",0,0,0,0,0,1,"Victim__J_Cont__C_In__Accept","Victim__J_Cont__C_In__Accept",0,0,1,0,0,0,0,0,0,0,0,0,0,0,0,0,0,0,0,0,0,0,0,0,0,0,0,"J_Cont__C_In",,,0,1,0,0,0,0,0,0
198,4,2,"victim",0,18,1,2,1,2,1,1,TRUE,2.21428571428571,1.57142857142857,2.5,2.57142857142857,2.16666666666667,2,3,2,2,3,2,"Cont","In","ingroup","control",0,0,0,1,0,1,"In","Cont",,0,1,0,0,0,0,0,1,0,"Victim__J_In__C_Cont",1,8,-8,"Ing_x_Ing","Ing_x_Ing__Victim","Ing_x_Ing__Reject","Ing_x_Ing__Victim__Reject",0,0,0,0,1,0,"Victim__J_In__C_Cont__Reject","Victim__J_In__C_Cont__Reject",0,0,0,0,0,0,1,0,0,0,0,0,0,0,0,0,0,0,0,0,0,0,0,0,0,0,0,"J_In__C_Cont",,,0,0,0,0,0,1,0,0
198,5,1,"victim",0,18,1,2,1,2,1,1,TRUE,2.21428571428571,1.57142857142857,2.5,2.57142857142857,2.16666666666667,2,1,1,1,1,2,"Out","Out","outgroup","outgroup",1,0,0,0,1,1,"Out","Out",,1,0,1,0,1,0,1,0,0,"Victim__J_Out__C_Out",0,-8,8,"Ing_x_Hum","Ing_x_Hum__Victim","Ing_x_Hum__Accept","Ing_x_Hum__Victim__Accept",0,0,0,1,0,0,"Victim__J_Out__C_Out__Accept","Victim__J_Out__C_Out__Accept",0,0,0,0,1,0,0,0,0,0,0,0,0,0,0,0,0,0,0,0,0,0,0,0,0,0,0,"J_Out__C_Out",,,0,0,0,1,0,0,0,0
198,5,2,"victim",0,18,1,2,1,2,1,1,TRUE,2.21428571428571,1.57142857142857,2.5,2.57142857142857,2.16666666666667,2,1,1,1,1,2,"Out","Out","outgroup","outgroup",1,0,0,0,1,1,"Out","Out",,1,0,1,0,1,0,1,0,0,"Victim__J_Out__C_Out",0,-8,8,"Ing_x_Hum","Ing_x_Hum__Victim","Ing_x_Hum__Accept","Ing_x_Hum__Victim__Accept",0,0,0,1,0,0,"Victim__J_Out__C_Out__Accept","Victim__J_Out__C_Out__Accept",0,0,0,0,1,0,0,0,0,0,0,0,0,0,0,0,0,0,0,0,0,0,0,0,0,0,0,"J_Out__C_Out",,,0,0,0,1,0,0,0,0
199,6,1,"victim",0,18,3,2,1,2,1,2,TRUE,1.53571428571429,0.714285714285714,1.75,2,1.66666666666667,2,3,1,3,1,2,"Cont","Out","control","outgroup",0,1,0,,1,0,"Cont","Out",,0,1,1,0,0,1,1,0,0,"Victim__J_Cont__C_Out",1,-7,7,"Ing_x_Control","Ing_x_Control__Victim","Ing_x_Control__Accept","Ing_x_Control__Victim__Accept",0,0,0,0,0,1,"Victim__J_Cont__C_Out__Accept","Victim__J_Cont__C_Out__Accept",0,0,0,0,0,1,0,0,0,0,0,0,0,0,0,0,0,0,0,0,0,0,0,0,0,0,0,"J_Cont__C_Out",,,0,0,0,0,1,0,0,0
199,6,2,"victim",0,18,3,2,1,2,1,2,TRUE,1.53571428571429,0.714285714285714,1.75,2,1.66666666666667,2,3,1,1,3,2,"Cont","Out","outgroup","control",1,0,0,0,0,1,"Out","Cont",,0,1,1,0,1,0,0,1,0,"Victim__J_Out__C_Cont",1,8,-8,"Ing_x_Hum","Ing_x_Hum__Victim","Ing_x_Hum__Reject","Ing_x_Hum__Victim__Reject",0,0,0,1,0,0,"Victim__J_Out__C_Cont__Reject","Victim__J_Out__C_Cont__Reject",0,0,0,0,0,0,0,1,0,0,0,0,0,0,0,0,0,0,0,0,0,0,0,0,0,0,0,"J_Out__C_Cont",,,0,0,0,0,0,0,1,0
199,7,1,"victim",0,18,3,2,1,2,1,2,TRUE,1.53571428571429,0.714285714285714,1.75,2,1.66666666666667,2,2,3,2,3,2,"In","Cont","ingroup","control",0,0,0,1,0,0,"In","Cont",,0,0,0,1,0,0,0,1,0,"Victim__J_In__C_Cont",1,9,-9,"Ing_x_Ing","Ing_x_Ing__Victim","Ing_x_Ing__Reject","Ing_x_Ing__Victim__Reject",0,0,0,0,1,0,"Victim__J_In__C_Cont__Reject","Victim__J_In__C_Cont__Reject",0,0,0,0,0,0,1,0,0,0,0,0,0,0,0,0,0,0,0,0,0,0,0,0,0,0,0,"J_In__C_Cont",,,0,0,0,0,0,1,0,0
199,7,2,"victim",0,18,3,2,1,2,1,2,TRUE,1.53571428571429,0.714285714285714,1.75,2,1.66666666666667,2,2,3,3,2,2,"In","Cont","control","ingroup",0,1,0,,0,0,"Cont","In",,0,0,0,1,0,1,0,0,0,"Victim__J_Cont__C_In",1,9,-9,"Ing_x_Control","Ing_x_Control__Victim","Ing_x_Control__Reject","Ing_x_Control__Victim__Reject",0,0,0,0,0,1,"Victim__J_Cont__C_In__Reject","Victim__J_Cont__C_In__Reject",0,0,1,0,0,0,0,0,0,0,0,0,0,0,0,0,0,0,0,0,0,0,0,0,0,0,0,"J_Cont__C_In",,,0,1,0,0,0,0,0,0
199,8,1,"victim",0,18,3,2,1,2,1,2,TRUE,1.53571428571429,0.714285714285714,1.75,2,1.66666666666667,2,3,2,3,2,2,"Cont","In","control","ingroup",0,1,0,,1,0,"Cont","In",,0,1,0,0,0,1,0,0,0,"Victim__J_Cont__C_In",1,-9,9,"Ing_x_Control","Ing_x_Control__Victim","Ing_x_Control__Accept","Ing_x_Control__Victim__Accept",0,0,0,0,0,1,"Victim__J_Cont__C_In__Accept","Victim__J_Cont__C_In__Accept",0,0,1,0,0,0,0,0,0,0,0,0,0,0,0,0,0,0,0,0,0,0,0,0,0,0,0,"J_Cont__C_In",,,0,1,0,0,0,0,0,0
199,8,2,"victim",0,18,3,2,1,2,1,2,TRUE,1.53571428571429,0.714285714285714,1.75,2,1.66666666666667,2,3,2,2,3,2,"Cont","In","ingroup","control",0,0,0,1,0,1,"In","Cont",,0,1,0,0,0,0,0,1,0,"Victim__J_In__C_Cont",1,7,-7,"Ing_x_Ing","Ing_x_Ing__Victim","Ing_x_Ing__Reject","Ing_x_Ing__Victim__Reject",0,0,0,0,1,0,"Victim__J_In__C_Cont__Reject","Victim__J_In__C_Cont__Reject",0,0,0,0,0,0,1,0,0,0,0,0,0,0,0,0,0,0,0,0,0,0,0,0,0,0,0,"J_In__C_Cont",,,0,0,0,0,0,1,0,0
199,9,1,"victim",0,18,3,2,1,2,1,2,TRUE,1.53571428571429,0.714285714285714,1.75,2,1.66666666666667,2,2,3,2,3,2,"In","Cont","ingroup","control",0,0,0,1,0,1,"In","Cont",,0,0,0,1,0,0,0,1,0,"Victim__J_In__C_Cont",1,9,-9,"Ing_x_Ing","Ing_x_Ing__Victim","Ing_x_Ing__Reject","Ing_x_Ing__Victim__Reject",0,0,0,0,1,0,"Victim__J_In__C_Cont__Reject","Victim__J_In__C_Cont__Reject",0,0,0,0,0,0,1,0,0,0,0,0,0,0,0,0,0,0,0,0,0,0,0,0,0,0,0,"J_In__C_Cont",,,0,0,0,0,0,1,0,0
199,9,2,"victim",0,18,3,2,1,2,1,2,TRUE,1.53571428571429,0.714285714285714,1.75,2,1.66666666666667,2,2,3,3,2,2,"In","Cont","control","ingroup",0,1,0,,1,0,"Cont","In",,0,0,0,1,0,1,0,0,0,"Victim__J_Cont__C_In",1,-5,5,"Ing_x_Control","Ing_x_Control__Victim","Ing_x_Control__Accept","Ing_x_Control__Victim__Accept",0,0,0,0,0,1,"Victim__J_Cont__C_In__Accept","Victim__J_Cont__C_In__Accept",0,0,1,0,0,0,0,0,0,0,0,0,0,0,0,0,0,0,0,0,0,0,0,0,0,0,0,"J_Cont__C_In",,,0,1,0,0,0,0,0,0
199,10,1,"victim",0,18,3,2,1,2,1,2,TRUE,1.53571428571429,0.714285714285714,1.75,2,1.66666666666667,2,3,3,3,3,2,"Cont","Cont","control","control",0,1,0,,1,0,"Cont","Cont",,0,1,0,1,0,1,0,1,0,"Victim__J_Cont__C_Cont",1,-8,8,"Ing_x_Control","Ing_x_Control__Victim","Ing_x_Control__Accept","Ing_x_Control__Victim__Accept",0,0,0,0,0,1,"Victim__J_Cont__C_Cont__Accept","Victim__J_Cont__C_Cont__Accept",0,0,0,0,0,0,0,0,1,0,0,0,0,0,0,0,0,0,0,0,0,0,0,0,0,0,0,"J_Cont__C_Cont",,,0,0,0,0,0,0,0,1
199,10,2,"victim",0,18,3,2,1,2,1,2,TRUE,1.53571428571429,0.714285714285714,1.75,2,1.66666666666667,2,3,3,3,3,2,"Cont","Cont","control","control",0,1,0,,0,1,"Cont","Cont",,0,1,0,1,0,1,0,1,0,"Victim__J_Cont__C_Cont",1,7,-7,"Ing_x_Control","Ing_x_Control__Victim","Ing_x_Control__Reject","Ing_x_Control__Victim__Reject",0,0,0,0,0,1,"Victim__J_Cont__C_Cont__Reject","Victim__J_Cont__C_Cont__Reject",0,0,0,0,0,0,0,0,1,0,0,0,0,0,0,0,0,0,0,0,0,0,0,0,0,0,0,"J_Cont__C_Cont",,,0,0,0,0,0,0,0,1
200,1,1,"victim",0,23,3,1,0,1,0,1,TRUE,2.14285714285714,1.71428571428571,2.625,2.14285714285714,2,1,1,1,1,1,1,"In","In","ingroup","ingroup",0,0,0,1,0,0,"In","In",,0,0,0,0,0,0,0,0,0,"Victim__J_In__C_In",0,0,0,"Hum_x_Hum","Hum_x_Hum__Victim","Hum_x_Hum__Reject","Hum_x_Hum__Victim__Reject",1,0,0,0,0,0,"Victim__J_In__C_In__Reject","Victim__J_In__C_In__Reject",1,0,0,0,0,0,0,0,0,0,0,0,0,0,0,0,0,0,0,0,0,0,0,0,0,0,0,"J_In__C_In",,,0,0,0,0,0,0,0,0
200,1,2,"victim",0,23,3,1,0,1,0,1,TRUE,2.14285714285714,1.71428571428571,2.625,2.14285714285714,2,1,1,1,1,1,1,"In","In","ingroup","ingroup",0,0,0,1,0,0,"In","In",,0,0,0,0,0,0,0,0,0,"Victim__J_In__C_In",0,0,0,"Hum_x_Hum","Hum_x_Hum__Victim","Hum_x_Hum__Reject","Hum_x_Hum__Victim__Reject",1,0,0,0,0,0,"Victim__J_In__C_In__Reject","Victim__J_In__C_In__Reject",1,0,0,0,0,0,0,0,0,0,0,0,0,0,0,0,0,0,0,0,0,0,0,0,0,0,0,"J_In__C_In",,,0,0,0,0,0,0,0,0
200,2,1,"victim",0,23,3,1,0,1,0,1,TRUE,2.14285714285714,1.71428571428571,2.625,2.14285714285714,2,1,2,2,2,2,1,"Out","Out","outgroup","outgroup",1,0,0,0,1,1,"Out","Out",,1,0,1,0,1,0,1,0,0,"Victim__J_Out__C_Out",0,0,0,"Hum_x_Ing","Hum_x_Ing__Victim","Hum_x_Ing__Accept","Hum_x_Ing__Victim__Accept",0,1,0,0,0,0,"Victim__J_Out__C_Out__Accept","Victim__J_Out__C_Out__Accept",0,0,0,0,1,0,0,0,0,0,0,0,0,0,0,0,0,0,0,0,0,0,0,0,0,0,0,"J_Out__C_Out",,,0,0,0,1,0,0,0,0
200,2,2,"victim",0,23,3,1,0,1,0,1,TRUE,2.14285714285714,1.71428571428571,2.625,2.14285714285714,2,1,2,2,2,2,1,"Out","Out","outgroup","outgroup",1,0,0,0,1,1,"Out","Out",,1,0,1,0,1,0,1,0,0,"Victim__J_Out__C_Out",0,0,0,"Hum_x_Ing","Hum_x_Ing__Victim","Hum_x_Ing__Accept","Hum_x_Ing__Victim__Accept",0,1,0,0,0,0,"Victim__J_Out__C_Out__Accept","Victim__J_Out__C_Out__Accept",0,0,0,0,1,0,0,0,0,0,0,0,0,0,0,0,0,0,0,0,0,0,0,0,0,0,0,"J_Out__C_Out",,,0,0,0,1,0,0,0,0
200,3,1,"victim",0,23,3,1,0,1,0,1,TRUE,2.14285714285714,1.71428571428571,2.625,2.14285714285714,2,1,2,1,2,1,1,"Out","In","outgroup","ingroup",1,0,0,0,1,0,"Out","In",,1,0,0,0,1,0,0,0,0,"Victim__J_Out__C_In",0,0,0,"Hum_x_Ing","Hum_x_Ing__Victim","Hum_x_Ing__Accept","Hum_x_Ing__Victim__Accept",0,1,0,0,0,0,"Victim__J_Out__C_In__Accept","Victim__J_Out__C_In__Accept",0,1,0,0,0,0,0,0,0,0,0,0,0,0,0,0,0,0,0,0,0,0,0,0,0,0,0,"J_Out__C_In",,,1,0,0,0,0,0,0,0
200,3,2,"victim",0,23,3,1,0,1,0,1,TRUE,2.14285714285714,1.71428571428571,2.625,2.14285714285714,2,1,2,1,1,2,1,"Out","In","ingroup","outgroup",0,0,0,1,0,1,"In","Out",,1,0,0,0,0,0,1,0,0,"Victim__J_In__C_Out",0,0,0,"Hum_x_Hum","Hum_x_Hum__Victim","Hum_x_Hum__Reject","Hum_x_Hum__Victim__Reject",1,0,0,0,0,0,"Victim__J_In__C_Out__Reject","Victim__J_In__C_Out__Reject",0,0,0,1,0,0,0,0,0,0,0,0,0,0,0,0,0,0,0,0,0,0,0,0,0,0,0,"J_In__C_Out",,,0,0,1,0,0,0,0,0
200,4,1,"victim",0,23,3,1,0,1,0,1,TRUE,2.14285714285714,1.71428571428571,2.625,2.14285714285714,2,1,1,1,1,1,1,"In","In","ingroup","ingroup",0,0,0,1,0,0,"In","In",,0,0,0,0,0,0,0,0,0,"Victim__J_In__C_In",0,0,0,"Hum_x_Hum","Hum_x_Hum__Victim","Hum_x_Hum__Reject","Hum_x_Hum__Victim__Reject",1,0,0,0,0,0,"Victim__J_In__C_In__Reject","Victim__J_In__C_In__Reject",1,0,0,0,0,0,0,0,0,0,0,0,0,0,0,0,0,0,0,0,0,0,0,0,0,0,0,"J_In__C_In",,,0,0,0,0,0,0,0,0
200,4,2,"victim",0,23,3,1,0,1,0,1,TRUE,2.14285714285714,1.71428571428571,2.625,2.14285714285714,2,1,1,1,1,1,1,"In","In","ingroup","ingroup",0,0,0,1,0,0,"In","In",,0,0,0,0,0,0,0,0,0,"Victim__J_In__C_In",0,0,0,"Hum_x_Hum","Hum_x_Hum__Victim","Hum_x_Hum__Reject","Hum_x_Hum__Victim__Reject",1,0,0,0,0,0,"Victim__J_In__C_In__Reject","Victim__J_In__C_In__Reject",1,0,0,0,0,0,0,0,0,0,0,0,0,0,0,0,0,0,0,0,0,0,0,0,0,0,0,"J_In__C_In",,,0,0,0,0,0,0,0,0
200,5,1,"victim",0,23,3,1,0,1,0,1,TRUE,2.14285714285714,1.71428571428571,2.625,2.14285714285714,2,1,1,3,1,3,1,"In","Cont","ingroup","control",0,0,0,1,0,1,"In","Cont",,0,0,0,1,0,0,0,1,0,"Victim__J_In__C_Cont",1,0,0,"Hum_x_Hum","Hum_x_Hum__Victim","Hum_x_Hum__Reject","Hum_x_Hum__Victim__Reject",1,0,0,0,0,0,"Victim__J_In__C_Cont__Reject","Victim__J_In__C_Cont__Reject",0,0,0,0,0,0,1,0,0,0,0,0,0,0,0,0,0,0,0,0,0,0,0,0,0,0,0,"J_In__C_Cont",,,0,0,0,0,0,1,0,0
200,5,2,"victim",0,23,3,1,0,1,0,1,TRUE,2.14285714285714,1.71428571428571,2.625,2.14285714285714,2,1,1,3,3,1,1,"In","Cont","control","ingroup",0,1,0,,1,0,"Cont","In",,0,0,0,1,0,1,0,0,0,"Victim__J_Cont__C_In",1,0,0,"Hum_x_Control","Hum_x_Control__Victim","Hum_x_Control__Accept","Hum_x_Control__Victim__Accept",0,0,1,0,0,0,"Victim__J_Cont__C_In__Accept","Victim__J_Cont__C_In__Accept",0,0,1,0,0,0,0,0,0,0,0,0,0,0,0,0,0,0,0,0,0,0,0,0,0,0,0,"J_Cont__C_In",,,0,1,0,0,0,0,0,0
201,1,1,"victim",0,18,3,2,1,2,1,1,TRUE,1.89285714285714,1.14285714285714,1.75,2.28571428571429,2.5,2,3,1,3,1,2,"Cont","Out","control","outgroup",0,1,0,,0,1,"Cont","Out",,0,1,1,0,0,1,1,0,0,"Victim__J_Cont__C_Out",1,-5,5,"Ing_x_Control","Ing_x_Control__Victim","Ing_x_Control__Reject","Ing_x_Control__Victim__Reject",0,0,0,0,0,1,"Victim__J_Cont__C_Out__Reject","Victim__J_Cont__C_Out__Reject",0,0,0,0,0,1,0,0,0,0,0,0,0,0,0,0,0,0,0,0,0,0,0,0,0,0,0,"J_Cont__C_Out",,,0,0,0,0,1,0,0,0
201,1,2,"victim",0,18,3,2,1,2,1,1,TRUE,1.89285714285714,1.14285714285714,1.75,2.28571428571429,2.5,2,3,1,1,3,2,"Cont","Out","outgroup","control",1,0,0,0,1,0,"Out","Cont",,0,1,1,0,1,0,0,1,0,"Victim__J_Out__C_Cont",1,5,-5,"Ing_x_Hum","Ing_x_Hum__Victim","Ing_x_Hum__Accept","Ing_x_Hum__Victim__Accept",0,0,0,1,0,0,"Victim__J_Out__C_Cont__Accept","Victim__J_Out__C_Cont__Accept",0,0,0,0,0,0,0,1,0,0,0,0,0,0,0,0,0,0,0,0,0,0,0,0,0,0,0,"J_Out__C_Cont",,,0,0,0,0,0,0,1,0
201,2,1,"victim",0,18,3,2,1,2,1,1,TRUE,1.89285714285714,1.14285714285714,1.75,2.28571428571429,2.5,2,3,1,3,1,2,"Cont","Out","control","outgroup",0,1,0,,0,1,"Cont","Out",,0,1,1,0,0,1,1,0,0,"Victim__J_Cont__C_Out",1,9,-9,"Ing_x_Control","Ing_x_Control__Victim","Ing_x_Control__Reject","Ing_x_Control__Victim__Reject",0,0,0,0,0,1,"Victim__J_Cont__C_Out__Reject","Victim__J_Cont__C_Out__Reject",0,0,0,0,0,1,0,0,0,0,0,0,0,0,0,0,0,0,0,0,0,0,0,0,0,0,0,"J_Cont__C_Out",,,0,0,0,0,1,0,0,0
201,2,2,"victim",0,18,3,2,1,2,1,1,TRUE,1.89285714285714,1.14285714285714,1.75,2.28571428571429,2.5,2,3,1,1,3,2,"Cont","Out","outgroup","control",1,0,0,0,1,0,"Out","Cont",,0,1,1,0,1,0,0,1,0,"Victim__J_Out__C_Cont",1,9,-9,"Ing_x_Hum","Ing_x_Hum__Victim","Ing_x_Hum__Accept","Ing_x_Hum__Victim__Accept",0,0,0,1,0,0,"Victim__J_Out__C_Cont__Accept","Victim__J_Out__C_Cont__Accept",0,0,0,0,0,0,0,1,0,0,0,0,0,0,0,0,0,0,0,0,0,0,0,0,0,0,0,"J_Out__C_Cont",,,0,0,0,0,0,0,1,0
201,3,1,"victim",0,18,3,2,1,2,1,1,TRUE,1.89285714285714,1.14285714285714,1.75,2.28571428571429,2.5,2,2,2,2,2,2,"In","In","ingroup","ingroup",0,0,0,1,0,0,"In","In",,0,0,0,0,0,0,0,0,0,"Victim__J_In__C_In",0,9,-9,"Ing_x_Ing","Ing_x_Ing__Victim","Ing_x_Ing__Reject","Ing_x_Ing__Victim__Reject",0,0,0,0,1,0,"Victim__J_In__C_In__Reject","Victim__J_In__C_In__Reject",1,0,0,0,0,0,0,0,0,0,0,0,0,0,0,0,0,0,0,0,0,0,0,0,0,0,0,"J_In__C_In",,,0,0,0,0,0,0,0,0
201,3,2,"victim",0,18,3,2,1,2,1,1,TRUE,1.89285714285714,1.14285714285714,1.75,2.28571428571429,2.5,2,2,2,2,2,2,"In","In","ingroup","ingroup",0,0,0,1,0,0,"In","In",,0,0,0,0,0,0,0,0,0,"Victim__J_In__C_In",0,9,-9,"Ing_x_Ing","Ing_x_Ing__Victim","Ing_x_Ing__Reject","Ing_x_Ing__Victim__Reject",0,0,0,0,1,0,"Victim__J_In__C_In__Reject","Victim__J_In__C_In__Reject",1,0,0,0,0,0,0,0,0,0,0,0,0,0,0,0,0,0,0,0,0,0,0,0,0,0,0,"J_In__C_In",,,0,0,0,0,0,0,0,0
201,4,1,"victim",0,18,3,2,1,2,1,1,TRUE,1.89285714285714,1.14285714285714,1.75,2.28571428571429,2.5,2,3,1,3,1,2,"Cont","Out","control","outgroup",0,1,0,,1,1,"Cont","Out",,0,1,1,0,0,1,1,0,0,"Victim__J_Cont__C_Out",1,-1,1,"Ing_x_Control","Ing_x_Control__Victim","Ing_x_Control__Accept","Ing_x_Control__Victim__Accept",0,0,0,0,0,1,"Victim__J_Cont__C_Out__Accept","Victim__J_Cont__C_Out__Accept",0,0,0,0,0,1,0,0,0,0,0,0,0,0,0,0,0,0,0,0,0,0,0,0,0,0,0,"J_Cont__C_Out",,,0,0,0,0,1,0,0,0
201,4,2,"victim",0,18,3,2,1,2,1,1,TRUE,1.89285714285714,1.14285714285714,1.75,2.28571428571429,2.5,2,3,1,1,3,2,"Cont","Out","outgroup","control",1,0,0,0,1,1,"Out","Cont",,0,1,1,0,1,0,0,1,0,"Victim__J_Out__C_Cont",1,-1,1,"Ing_x_Hum","Ing_x_Hum__Victim","Ing_x_Hum__Accept","Ing_x_Hum__Victim__Accept",0,0,0,1,0,0,"Victim__J_Out__C_Cont__Accept","Victim__J_Out__C_Cont__Accept",0,0,0,0,0,0,0,1,0,0,0,0,0,0,0,0,0,0,0,0,0,0,0,0,0,0,0,"J_Out__C_Cont",,,0,0,0,0,0,0,1,0
201,5,1,"victim",0,18,3,2,1,2,1,1,TRUE,1.89285714285714,1.14285714285714,1.75,2.28571428571429,2.5,2,2,3,2,3,2,"In","Cont","ingroup","control",0,0,0,1,0,0,"In","Cont",,0,0,0,1,0,0,0,1,0,"Victim__J_In__C_Cont",1,1,-1,"Ing_x_Ing","Ing_x_Ing__Victim","Ing_x_Ing__Reject","Ing_x_Ing__Victim__Reject",0,0,0,0,1,0,"Victim__J_In__C_Cont__Reject","Victim__J_In__C_Cont__Reject",0,0,0,0,0,0,1,0,0,0,0,0,0,0,0,0,0,0,0,0,0,0,0,0,0,0,0,"J_In__C_Cont",,,0,0,0,0,0,1,0,0
201,5,2,"victim",0,18,3,2,1,2,1,1,TRUE,1.89285714285714,1.14285714285714,1.75,2.28571428571429,2.5,2,2,3,3,2,2,"In","Cont","control","ingroup",0,1,0,,0,0,"Cont","In",,0,0,0,1,0,1,0,0,0,"Victim__J_Cont__C_In",1,1,-1,"Ing_x_Control","Ing_x_Control__Victim","Ing_x_Control__Reject","Ing_x_Control__Victim__Reject",0,0,0,0,0,1,"Victim__J_Cont__C_In__Reject","Victim__J_Cont__C_In__Reject",0,0,1,0,0,0,0,0,0,0,0,0,0,0,0,0,0,0,0,0,0,0,0,0,0,0,0,"J_Cont__C_In",,,0,1,0,0,0,0,0,0
202,6,1,"victim",0,18,3,1,0,2,1,2,TRUE,1.92857142857143,1.57142857142857,1.875,2,2.33333333333333,2,2,2,2,2,2,"In","In","ingroup","ingroup",0,0,0,1,0,0,"In","In",,0,0,0,0,0,0,0,0,0,"Victim__J_In__C_In",0,9,-9,"Ing_x_Ing","Ing_x_Ing__Victim","Ing_x_Ing__Reject","Ing_x_Ing__Victim__Reject",0,0,0,0,1,0,"Victim__J_In__C_In__Reject","Victim__J_In__C_In__Reject",1,0,0,0,0,0,0,0,0,0,0,0,0,0,0,0,0,0,0,0,0,0,0,0,0,0,0,"J_In__C_In",,,0,0,0,0,0,0,0,0
202,6,2,"victim",0,18,3,1,0,2,1,2,TRUE,1.92857142857143,1.57142857142857,1.875,2,2.33333333333333,2,2,2,2,2,2,"In","In","ingroup","ingroup",0,0,0,1,0,0,"In","In",,0,0,0,0,0,0,0,0,0,"Victim__J_In__C_In",0,9,-9,"Ing_x_Ing","Ing_x_Ing__Victim","Ing_x_Ing__Reject","Ing_x_Ing__Victim__Reject",0,0,0,0,1,0,"Victim__J_In__C_In__Reject","Victim__J_In__C_In__Reject",1,0,0,0,0,0,0,0,0,0,0,0,0,0,0,0,0,0,0,0,0,0,0,0,0,0,0,"J_In__C_In",,,0,0,0,0,0,0,0,0
202,7,1,"victim",0,18,3,1,0,2,1,2,TRUE,1.92857142857143,1.57142857142857,1.875,2,2.33333333333333,2,2,1,2,1,2,"In","Out","ingroup","outgroup",0,0,0,1,0,0,"In","Out",,0,0,1,0,0,0,1,0,0,"Victim__J_In__C_Out",0,9,-9,"Ing_x_Ing","Ing_x_Ing__Victim","Ing_x_Ing__Reject","Ing_x_Ing__Victim__Reject",0,0,0,0,1,0,"Victim__J_In__C_Out__Reject","Victim__J_In__C_Out__Reject",0,0,0,1,0,0,0,0,0,0,0,0,0,0,0,0,0,0,0,0,0,0,0,0,0,0,0,"J_In__C_Out",,,0,0,1,0,0,0,0,0
202,7,2,"victim",0,18,3,1,0,2,1,2,TRUE,1.92857142857143,1.57142857142857,1.875,2,2.33333333333333,2,2,1,1,2,2,"In","Out","outgroup","ingroup",1,0,0,0,0,0,"Out","In",,0,0,1,0,1,0,0,0,0,"Victim__J_Out__C_In",0,9,-9,"Ing_x_Hum","Ing_x_Hum__Victim","Ing_x_Hum__Reject","Ing_x_Hum__Victim__Reject",0,0,0,1,0,0,"Victim__J_Out__C_In__Reject","Victim__J_Out__C_In__Reject",0,1,0,0,0,0,0,0,0,0,0,0,0,0,0,0,0,0,0,0,0,0,0,0,0,0,0,"J_Out__C_In",,,1,0,0,0,0,0,0,0
202,8,1,"victim",0,18,3,1,0,2,1,2,TRUE,1.92857142857143,1.57142857142857,1.875,2,2.33333333333333,2,1,2,1,2,2,"Out","In","outgroup","ingroup",1,0,0,0,0,0,"Out","In",,1,0,0,0,1,0,0,0,0,"Victim__J_Out__C_In",0,8,-8,"Ing_x_Hum","Ing_x_Hum__Victim","Ing_x_Hum__Reject","Ing_x_Hum__Victim__Reject",0,0,0,1,0,0,"Victim__J_Out__C_In__Reject","Victim__J_Out__C_In__Reject",0,1,0,0,0,0,0,0,0,0,0,0,0,0,0,0,0,0,0,0,0,0,0,0,0,0,0,"J_Out__C_In",,,1,0,0,0,0,0,0,0
202,8,2,"victim",0,18,3,1,0,2,1,2,TRUE,1.92857142857143,1.57142857142857,1.875,2,2.33333333333333,2,1,2,2,1,2,"Out","In","ingroup","outgroup",0,0,0,1,0,0,"In","Out",,1,0,0,0,0,0,1,0,0,"Victim__J_In__C_Out",0,8,-8,"Ing_x_Ing","Ing_x_Ing__Victim","Ing_x_Ing__Reject","Ing_x_Ing__Victim__Reject",0,0,0,0,1,0,"Victim__J_In__C_Out__Reject","Victim__J_In__C_Out__Reject",0,0,0,1,0,0,0,0,0,0,0,0,0,0,0,0,0,0,0,0,0,0,0,0,0,0,0,"J_In__C_Out",,,0,0,1,0,0,0,0,0
202,9,1,"victim",0,18,3,1,0,2,1,2,TRUE,1.92857142857143,1.57142857142857,1.875,2,2.33333333333333,2,1,3,1,3,2,"Out","Cont","outgroup","control",1,0,0,0,0,1,"Out","Cont",,1,0,0,1,1,0,0,1,0,"Victim__J_Out__C_Cont",1,8,-8,"Ing_x_Hum","Ing_x_Hum__Victim","Ing_x_Hum__Reject","Ing_x_Hum__Victim__Reject",0,0,0,1,0,0,"Victim__J_Out__C_Cont__Reject","Victim__J_Out__C_Cont__Reject",0,0,0,0,0,0,0,1,0,0,0,0,0,0,0,0,0,0,0,0,0,0,0,0,0,0,0,"J_Out__C_Cont",,,0,0,0,0,0,0,1,0
202,9,2,"victim",0,18,3,1,0,2,1,2,TRUE,1.92857142857143,1.57142857142857,1.875,2,2.33333333333333,2,1,3,3,1,2,"Out","Cont","control","outgroup",0,1,0,,1,0,"Cont","Out",,1,0,0,1,0,1,1,0,0,"Victim__J_Cont__C_Out",1,6,-6,"Ing_x_Control","Ing_x_Control__Victim","Ing_x_Control__Accept","Ing_x_Control__Victim__Accept",0,0,0,0,0,1,"Victim__J_Cont__C_Out__Accept","Victim__J_Cont__C_Out__Accept",0,0,0,0,0,1,0,0,0,0,0,0,0,0,0,0,0,0,0,0,0,0,0,0,0,0,0,"J_Cont__C_Out",,,0,0,0,0,1,0,0,0
202,10,1,"victim",0,18,3,1,0,2,1,2,TRUE,1.92857142857143,1.57142857142857,1.875,2,2.33333333333333,2,3,2,3,2,2,"Cont","In","control","ingroup",0,1,0,,0,0,"Cont","In",,0,1,0,0,0,1,0,0,0,"Victim__J_Cont__C_In",1,9,-9,"Ing_x_Control","Ing_x_Control__Victim","Ing_x_Control__Reject","Ing_x_Control__Victim__Reject",0,0,0,0,0,1,"Victim__J_Cont__C_In__Reject","Victim__J_Cont__C_In__Reject",0,0,1,0,0,0,0,0,0,0,0,0,0,0,0,0,0,0,0,0,0,0,0,0,0,0,0,"J_Cont__C_In",,,0,1,0,0,0,0,0,0
202,10,2,"victim",0,18,3,1,0,2,1,2,TRUE,1.92857142857143,1.57142857142857,1.875,2,2.33333333333333,2,3,2,2,3,2,"Cont","In","ingroup","control",0,0,0,1,0,0,"In","Cont",,0,1,0,0,0,0,0,1,0,"Victim__J_In__C_Cont",1,9,-9,"Ing_x_Ing","Ing_x_Ing__Victim","Ing_x_Ing__Reject","Ing_x_Ing__Victim__Reject",0,0,0,0,1,0,"Victim__J_In__C_Cont__Reject","Victim__J_In__C_Cont__Reject",0,0,0,0,0,0,1,0,0,0,0,0,0,0,0,0,0,0,0,0,0,0,0,0,0,0,0,"J_In__C_Cont",,,0,0,0,0,0,1,0,0
203,6,1,"victim",0,18,3,2,1,2,1,2,TRUE,2.46428571428571,2.85714285714286,1.875,3,2.16666666666667,2,1,1,1,1,2,"Out","Out","outgroup","outgroup",1,0,0,0,0,0,"Out","Out",,1,0,1,0,1,0,1,0,0,"Victim__J_Out__C_Out",0,1,-1,"Ing_x_Hum","Ing_x_Hum__Victim","Ing_x_Hum__Reject","Ing_x_Hum__Victim__Reject",0,0,0,1,0,0,"Victim__J_Out__C_Out__Reject","Victim__J_Out__C_Out__Reject",0,0,0,0,1,0,0,0,0,0,0,0,0,0,0,0,0,0,0,0,0,0,0,0,0,0,0,"J_Out__C_Out",,,0,0,0,1,0,0,0,0
203,6,2,"victim",0,18,3,2,1,2,1,2,TRUE,2.46428571428571,2.85714285714286,1.875,3,2.16666666666667,2,1,1,1,1,2,"Out","Out","outgroup","outgroup",1,0,0,0,0,0,"Out","Out",,1,0,1,0,1,0,1,0,0,"Victim__J_Out__C_Out",0,1,-1,"Ing_x_Hum","Ing_x_Hum__Victim","Ing_x_Hum__Reject","Ing_x_Hum__Victim__Reject",0,0,0,1,0,0,"Victim__J_Out__C_Out__Reject","Victim__J_Out__C_Out__Reject",0,0,0,0,1,0,0,0,0,0,0,0,0,0,0,0,0,0,0,0,0,0,0,0,0,0,0,"J_Out__C_Out",,,0,0,0,1,0,0,0,0
203,7,1,"victim",0,18,3,2,1,2,1,2,TRUE,2.46428571428571,2.85714285714286,1.875,3,2.16666666666667,2,2,3,2,3,2,"In","Cont","ingroup","control",0,0,0,1,0,1,"In","Cont",,0,0,0,1,0,0,0,1,0,"Victim__J_In__C_Cont",1,1,-1,"Ing_x_Ing","Ing_x_Ing__Victim","Ing_x_Ing__Reject","Ing_x_Ing__Victim__Reject",0,0,0,0,1,0,"Victim__J_In__C_Cont__Reject","Victim__J_In__C_Cont__Reject",0,0,0,0,0,0,1,0,0,0,0,0,0,0,0,0,0,0,0,0,0,0,0,0,0,0,0,"J_In__C_Cont",,,0,0,0,0,0,1,0,0
203,7,2,"victim",0,18,3,2,1,2,1,2,TRUE,2.46428571428571,2.85714285714286,1.875,3,2.16666666666667,2,2,3,3,2,2,"In","Cont","control","ingroup",0,1,0,,1,0,"Cont","In",,0,0,0,1,0,1,0,0,0,"Victim__J_Cont__C_In",1,0,0,"Ing_x_Control","Ing_x_Control__Victim","Ing_x_Control__Accept","Ing_x_Control__Victim__Accept",0,0,0,0,0,1,"Victim__J_Cont__C_In__Accept","Victim__J_Cont__C_In__Accept",0,0,1,0,0,0,0,0,0,0,0,0,0,0,0,0,0,0,0,0,0,0,0,0,0,0,0,"J_Cont__C_In",,,0,1,0,0,0,0,0,0
203,8,1,"victim",0,18,3,2,1,2,1,2,TRUE,2.46428571428571,2.85714285714286,1.875,3,2.16666666666667,2,2,2,2,2,2,"In","In","ingroup","ingroup",0,0,0,1,0,1,"In","In",,0,0,0,0,0,0,0,0,0,"Victim__J_In__C_In",0,1,-1,"Ing_x_Ing","Ing_x_Ing__Victim","Ing_x_Ing__Reject","Ing_x_Ing__Victim__Reject",0,0,0,0,1,0,"Victim__J_In__C_In__Reject","Victim__J_In__C_In__Reject",1,0,0,0,0,0,0,0,0,0,0,0,0,0,0,0,0,0,0,0,0,0,0,0,0,0,0,"J_In__C_In",,,0,0,0,0,0,0,0,0
203,8,2,"victim",0,18,3,2,1,2,1,2,TRUE,2.46428571428571,2.85714285714286,1.875,3,2.16666666666667,2,2,2,2,2,2,"In","In","ingroup","ingroup",0,0,0,1,1,0,"In","In",,0,0,0,0,0,0,0,0,0,"Victim__J_In__C_In",0,-1,1,"Ing_x_Ing","Ing_x_Ing__Victim","Ing_x_Ing__Accept","Ing_x_Ing__Victim__Accept",0,0,0,0,1,0,"Victim__J_In__C_In__Accept","Victim__J_In__C_In__Accept",1,0,0,0,0,0,0,0,0,0,0,0,0,0,0,0,0,0,0,0,0,0,0,0,0,0,0,"J_In__C_In",,,0,0,0,0,0,0,0,0
203,9,1,"victim",0,18,3,2,1,2,1,2,TRUE,2.46428571428571,2.85714285714286,1.875,3,2.16666666666667,2,1,1,1,1,2,"Out","Out","outgroup","outgroup",1,0,0,0,1,1,"Out","Out",,1,0,1,0,1,0,1,0,0,"Victim__J_Out__C_Out",0,-1,1,"Ing_x_Hum","Ing_x_Hum__Victim","Ing_x_Hum__Accept","Ing_x_Hum__Victim__Accept",0,0,0,1,0,0,"Victim__J_Out__C_Out__Accept","Victim__J_Out__C_Out__Accept",0,0,0,0,1,0,0,0,0,0,0,0,0,0,0,0,0,0,0,0,0,0,0,0,0,0,0,"J_Out__C_Out",,,0,0,0,1,0,0,0,0
203,9,2,"victim",0,18,3,2,1,2,1,2,TRUE,2.46428571428571,2.85714285714286,1.875,3,2.16666666666667,2,1,1,1,1,2,"Out","Out","outgroup","outgroup",1,0,0,0,1,1,"Out","Out",,1,0,1,0,1,0,1,0,0,"Victim__J_Out__C_Out",0,-1,1,"Ing_x_Hum","Ing_x_Hum__Victim","Ing_x_Hum__Accept","Ing_x_Hum__Victim__Accept",0,0,0,1,0,0,"Victim__J_Out__C_Out__Accept","Victim__J_Out__C_Out__Accept",0,0,0,0,1,0,0,0,0,0,0,0,0,0,0,0,0,0,0,0,0,0,0,0,0,0,0,"J_Out__C_Out",,,0,0,0,1,0,0,0,0
203,10,1,"victim",0,18,3,2,1,2,1,2,TRUE,2.46428571428571,2.85714285714286,1.875,3,2.16666666666667,2,2,1,2,1,2,"In","Out","ingroup","outgroup",0,0,0,1,0,1,"In","Out",,0,0,1,0,0,0,1,0,0,"Victim__J_In__C_Out",0,1,-1,"Ing_x_Ing","Ing_x_Ing__Victim","Ing_x_Ing__Reject","Ing_x_Ing__Victim__Reject",0,0,0,0,1,0,"Victim__J_In__C_Out__Reject","Victim__J_In__C_Out__Reject",0,0,0,1,0,0,0,0,0,0,0,0,0,0,0,0,0,0,0,0,0,0,0,0,0,0,0,"J_In__C_Out",,,0,0,1,0,0,0,0,0
203,10,2,"victim",0,18,3,2,1,2,1,2,TRUE,2.46428571428571,2.85714285714286,1.875,3,2.16666666666667,2,2,1,1,2,2,"In","Out","outgroup","ingroup",1,0,0,0,1,0,"Out","In",,0,0,1,0,1,0,0,0,0,"Victim__J_Out__C_In",0,-1,1,"Ing_x_Hum","Ing_x_Hum__Victim","Ing_x_Hum__Accept","Ing_x_Hum__Victim__Accept",0,0,0,1,0,0,"Victim__J_Out__C_In__Accept","Victim__J_Out__C_In__Accept",0,1,0,0,0,0,0,0,0,0,0,0,0,0,0,0,0,0,0,0,0,0,0,0,0,0,0,"J_Out__C_In",,,1,0,0,0,0,0,0,0
205,6,1,"victim",0,23,3,2,1,2,1,2,TRUE,1.64285714285714,1.28571428571429,1.25,2,2.16666666666667,2,3,3,3,3,2,"Cont","Cont","control","control",0,1,0,,1,1,"Cont","Cont",,0,1,0,1,0,1,0,1,0,"Victim__J_Cont__C_Cont",1,9,-9,"Ing_x_Control","Ing_x_Control__Victim","Ing_x_Control__Accept","Ing_x_Control__Victim__Accept",0,0,0,0,0,1,"Victim__J_Cont__C_Cont__Accept","Victim__J_Cont__C_Cont__Accept",0,0,0,0,0,0,0,0,1,0,0,0,0,0,0,0,0,0,0,0,0,0,0,0,0,0,0,"J_Cont__C_Cont",,,0,0,0,0,0,0,0,1
205,6,2,"victim",0,23,3,2,1,2,1,2,TRUE,1.64285714285714,1.28571428571429,1.25,2,2.16666666666667,2,3,3,3,3,2,"Cont","Cont","control","control",0,1,0,,1,1,"Cont","Cont",,0,1,0,1,0,1,0,1,0,"Victim__J_Cont__C_Cont",1,9,-9,"Ing_x_Control","Ing_x_Control__Victim","Ing_x_Control__Accept","Ing_x_Control__Victim__Accept",0,0,0,0,0,1,"Victim__J_Cont__C_Cont__Accept","Victim__J_Cont__C_Cont__Accept",0,0,0,0,0,0,0,0,1,0,0,0,0,0,0,0,0,0,0,0,0,0,0,0,0,0,0,"J_Cont__C_Cont",,,0,0,0,0,0,0,0,1
205,7,1,"victim",0,23,3,2,1,2,1,2,TRUE,1.64285714285714,1.28571428571429,1.25,2,2.16666666666667,2,2,1,2,1,2,"In","Out","ingroup","outgroup",0,0,0,1,0,1,"In","Out",,0,0,1,0,0,0,1,0,0,"Victim__J_In__C_Out",0,9,-9,"Ing_x_Ing","Ing_x_Ing__Victim","Ing_x_Ing__Reject","Ing_x_Ing__Victim__Reject",0,0,0,0,1,0,"Victim__J_In__C_Out__Reject","Victim__J_In__C_Out__Reject",0,0,0,1,0,0,0,0,0,0,0,0,0,0,0,0,0,0,0,0,0,0,0,0,0,0,0,"J_In__C_Out",,,0,0,1,0,0,0,0,0
205,7,2,"victim",0,23,3,2,1,2,1,2,TRUE,1.64285714285714,1.28571428571429,1.25,2,2.16666666666667,2,2,1,1,2,2,"In","Out","outgroup","ingroup",1,0,0,0,1,0,"Out","In",,0,0,1,0,1,0,0,0,0,"Victim__J_Out__C_In",0,9,-9,"Ing_x_Hum","Ing_x_Hum__Victim","Ing_x_Hum__Accept","Ing_x_Hum__Victim__Accept",0,0,0,1,0,0,"Victim__J_Out__C_In__Accept","Victim__J_Out__C_In__Accept",0,1,0,0,0,0,0,0,0,0,0,0,0,0,0,0,0,0,0,0,0,0,0,0,0,0,0,"J_Out__C_In",,,1,0,0,0,0,0,0,0
205,8,1,"victim",0,23,3,2,1,2,1,2,TRUE,1.64285714285714,1.28571428571429,1.25,2,2.16666666666667,2,2,3,2,3,2,"In","Cont","ingroup","control",0,0,0,1,0,1,"In","Cont",,0,0,0,1,0,0,0,1,0,"Victim__J_In__C_Cont",1,9,-9,"Ing_x_Ing","Ing_x_Ing__Victim","Ing_x_Ing__Reject","Ing_x_Ing__Victim__Reject",0,0,0,0,1,0,"Victim__J_In__C_Cont__Reject","Victim__J_In__C_Cont__Reject",0,0,0,0,0,0,1,0,0,0,0,0,0,0,0,0,0,0,0,0,0,0,0,0,0,0,0,"J_In__C_Cont",,,0,0,0,0,0,1,0,0
205,8,2,"victim",0,23,3,2,1,2,1,2,TRUE,1.64285714285714,1.28571428571429,1.25,2,2.16666666666667,2,2,3,3,2,2,"In","Cont","control","ingroup",0,1,0,,1,0,"Cont","In",,0,0,0,1,0,1,0,0,0,"Victim__J_Cont__C_In",1,9,-9,"Ing_x_Control","Ing_x_Control__Victim","Ing_x_Control__Accept","Ing_x_Control__Victim__Accept",0,0,0,0,0,1,"Victim__J_Cont__C_In__Accept","Victim__J_Cont__C_In__Accept",0,0,1,0,0,0,0,0,0,0,0,0,0,0,0,0,0,0,0,0,0,0,0,0,0,0,0,"J_Cont__C_In",,,0,1,0,0,0,0,0,0
205,9,1,"victim",0,23,3,2,1,2,1,2,TRUE,1.64285714285714,1.28571428571429,1.25,2,2.16666666666667,2,3,2,3,2,2,"Cont","In","control","ingroup",0,1,0,,0,0,"Cont","In",,0,1,0,0,0,1,0,0,0,"Victim__J_Cont__C_In",1,9,-9,"Ing_x_Control","Ing_x_Control__Victim","Ing_x_Control__Reject","Ing_x_Control__Victim__Reject",0,0,0,0,0,1,"Victim__J_Cont__C_In__Reject","Victim__J_Cont__C_In__Reject",0,0,1,0,0,0,0,0,0,0,0,0,0,0,0,0,0,0,0,0,0,0,0,0,0,0,0,"J_Cont__C_In",,,0,1,0,0,0,0,0,0
205,9,2,"victim",0,23,3,2,1,2,1,2,TRUE,1.64285714285714,1.28571428571429,1.25,2,2.16666666666667,2,3,2,2,3,2,"Cont","In","ingroup","control",0,0,0,1,0,0,"In","Cont",,0,1,0,0,0,0,0,1,0,"Victim__J_In__C_Cont",1,9,-9,"Ing_x_Ing","Ing_x_Ing__Victim","Ing_x_Ing__Reject","Ing_x_Ing__Victim__Reject",0,0,0,0,1,0,"Victim__J_In__C_Cont__Reject","Victim__J_In__C_Cont__Reject",0,0,0,0,0,0,1,0,0,0,0,0,0,0,0,0,0,0,0,0,0,0,0,0,0,0,0,"J_In__C_Cont",,,0,0,0,0,0,1,0,0
205,10,1,"victim",0,23,3,2,1,2,1,2,TRUE,1.64285714285714,1.28571428571429,1.25,2,2.16666666666667,2,1,3,1,3,2,"Out","Cont","outgroup","control",1,0,0,0,1,1,"Out","Cont",,1,0,0,1,1,0,0,1,0,"Victim__J_Out__C_Cont",1,9,-9,"Ing_x_Hum","Ing_x_Hum__Victim","Ing_x_Hum__Accept","Ing_x_Hum__Victim__Accept",0,0,0,1,0,0,"Victim__J_Out__C_Cont__Accept","Victim__J_Out__C_Cont__Accept",0,0,0,0,0,0,0,1,0,0,0,0,0,0,0,0,0,0,0,0,0,0,0,0,0,0,0,"J_Out__C_Cont",,,0,0,0,0,0,0,1,0
205,10,2,"victim",0,23,3,2,1,2,1,2,TRUE,1.64285714285714,1.28571428571429,1.25,2,2.16666666666667,2,1,3,3,1,2,"Out","Cont","control","outgroup",0,1,0,,1,1,"Cont","Out",,1,0,0,1,0,1,1,0,0,"Victim__J_Cont__C_Out",1,9,-9,"Ing_x_Control","Ing_x_Control__Victim","Ing_x_Control__Accept","Ing_x_Control__Victim__Accept",0,0,0,0,0,1,"Victim__J_Cont__C_Out__Accept","Victim__J_Cont__C_Out__Accept",0,0,0,0,0,1,0,0,0,0,0,0,0,0,0,0,0,0,0,0,0,0,0,0,0,0,0,"J_Cont__C_Out",,,0,0,0,0,1,0,0,0
206,1,1,"victim",0,20,3,2,1,2,1,1,TRUE,2.78571428571429,3,2.75,2.28571428571429,3.16666666666667,2,2,3,2,3,2,"In","Cont","ingroup","control",0,0,0,1,0,0,"In","Cont",,0,0,0,1,0,0,0,1,0,"Victim__J_In__C_Cont",1,9,-9,"Ing_x_Ing","Ing_x_Ing__Victim","Ing_x_Ing__Reject","Ing_x_Ing__Victim__Reject",0,0,0,0,1,0,"Victim__J_In__C_Cont__Reject","Victim__J_In__C_Cont__Reject",0,0,0,0,0,0,1,0,0,0,0,0,0,0,0,0,0,0,0,0,0,0,0,0,0,0,0,"J_In__C_Cont",,,0,0,0,0,0,1,0,0
206,1,2,"victim",0,20,3,2,1,2,1,1,TRUE,2.78571428571429,3,2.75,2.28571428571429,3.16666666666667,2,2,3,3,2,2,"In","Cont","control","ingroup",0,1,0,,0,0,"Cont","In",,0,0,0,1,0,1,0,0,0,"Victim__J_Cont__C_In",1,9,-9,"Ing_x_Control","Ing_x_Control__Victim","Ing_x_Control__Reject","Ing_x_Control__Victim__Reject",0,0,0,0,0,1,"Victim__J_Cont__C_In__Reject","Victim__J_Cont__C_In__Reject",0,0,1,0,0,0,0,0,0,0,0,0,0,0,0,0,0,0,0,0,0,0,0,0,0,0,0,"J_Cont__C_In",,,0,1,0,0,0,0,0,0
206,2,1,"victim",0,20,3,2,1,2,1,1,TRUE,2.78571428571429,3,2.75,2.28571428571429,3.16666666666667,2,3,3,3,3,2,"Cont","Cont","control","control",0,1,0,,1,1,"Cont","Cont",,0,1,0,1,0,1,0,1,0,"Victim__J_Cont__C_Cont",1,-2,2,"Ing_x_Control","Ing_x_Control__Victim","Ing_x_Control__Accept","Ing_x_Control__Victim__Accept",0,0,0,0,0,1,"Victim__J_Cont__C_Cont__Accept","Victim__J_Cont__C_Cont__Accept",0,0,0,0,0,0,0,0,1,0,0,0,0,0,0,0,0,0,0,0,0,0,0,0,0,0,0,"J_Cont__C_Cont",,,0,0,0,0,0,0,0,1
206,2,2,"victim",0,20,3,2,1,2,1,1,TRUE,2.78571428571429,3,2.75,2.28571428571429,3.16666666666667,2,3,3,3,3,2,"Cont","Cont","control","control",0,1,0,,1,1,"Cont","Cont",,0,1,0,1,0,1,0,1,0,"Victim__J_Cont__C_Cont",1,-2,2,"Ing_x_Control","Ing_x_Control__Victim","Ing_x_Control__Accept","Ing_x_Control__Victim__Accept",0,0,0,0,0,1,"Victim__J_Cont__C_Cont__Accept","Victim__J_Cont__C_Cont__Accept",0,0,0,0,0,0,0,0,1,0,0,0,0,0,0,0,0,0,0,0,0,0,0,0,0,0,0,"J_Cont__C_Cont",,,0,0,0,0,0,0,0,1
206,3,1,"victim",0,20,3,2,1,2,1,1,TRUE,2.78571428571429,3,2.75,2.28571428571429,3.16666666666667,2,1,3,1,3,2,"Out","Cont","outgroup","control",1,0,0,0,0,0,"Out","Cont",,1,0,0,1,1,0,0,1,0,"Victim__J_Out__C_Cont",1,9,-9,"Ing_x_Hum","Ing_x_Hum__Victim","Ing_x_Hum__Reject","Ing_x_Hum__Victim__Reject",0,0,0,1,0,0,"Victim__J_Out__C_Cont__Reject","Victim__J_Out__C_Cont__Reject",0,0,0,0,0,0,0,1,0,0,0,0,0,0,0,0,0,0,0,0,0,0,0,0,0,0,0,"J_Out__C_Cont",,,0,0,0,0,0,0,1,0
206,3,2,"victim",0,20,3,2,1,2,1,1,TRUE,2.78571428571429,3,2.75,2.28571428571429,3.16666666666667,2,1,3,3,1,2,"Out","Cont","control","outgroup",0,1,0,,0,0,"Cont","Out",,1,0,0,1,0,1,1,0,0,"Victim__J_Cont__C_Out",1,9,-9,"Ing_x_Control","Ing_x_Control__Victim","Ing_x_Control__Reject","Ing_x_Control__Victim__Reject",0,0,0,0,0,1,"Victim__J_Cont__C_Out__Reject","Victim__J_Cont__C_Out__Reject",0,0,0,0,0,1,0,0,0,0,0,0,0,0,0,0,0,0,0,0,0,0,0,0,0,0,0,"J_Cont__C_Out",,,0,0,0,0,1,0,0,0
206,4,1,"victim",0,20,3,2,1,2,1,1,TRUE,2.78571428571429,3,2.75,2.28571428571429,3.16666666666667,2,1,1,1,1,2,"Out","Out","outgroup","outgroup",1,0,0,0,0,0,"Out","Out",,1,0,1,0,1,0,1,0,0,"Victim__J_Out__C_Out",0,9,-9,"Ing_x_Hum","Ing_x_Hum__Victim","Ing_x_Hum__Reject","Ing_x_Hum__Victim__Reject",0,0,0,1,0,0,"Victim__J_Out__C_Out__Reject","Victim__J_Out__C_Out__Reject",0,0,0,0,1,0,0,0,0,0,0,0,0,0,0,0,0,0,0,0,0,0,0,0,0,0,0,"J_Out__C_Out",,,0,0,0,1,0,0,0,0
206,4,2,"victim",0,20,3,2,1,2,1,1,TRUE,2.78571428571429,3,2.75,2.28571428571429,3.16666666666667,2,1,1,1,1,2,"Out","Out","outgroup","outgroup",1,0,0,0,0,0,"Out","Out",,1,0,1,0,1,0,1,0,0,"Victim__J_Out__C_Out",0,9,-9,"Ing_x_Hum","Ing_x_Hum__Victim","Ing_x_Hum__Reject","Ing_x_Hum__Victim__Reject",0,0,0,1,0,0,"Victim__J_Out__C_Out__Reject","Victim__J_Out__C_Out__Reject",0,0,0,0,1,0,0,0,0,0,0,0,0,0,0,0,0,0,0,0,0,0,0,0,0,0,0,"J_Out__C_Out",,,0,0,0,1,0,0,0,0
206,5,1,"victim",0,20,3,2,1,2,1,1,TRUE,2.78571428571429,3,2.75,2.28571428571429,3.16666666666667,2,1,2,1,2,2,"Out","In","outgroup","ingroup",1,0,0,0,1,1,"Out","In",,1,0,0,0,1,0,0,0,0,"Victim__J_Out__C_In",0,-2,2,"Ing_x_Hum","Ing_x_Hum__Victim","Ing_x_Hum__Accept","Ing_x_Hum__Victim__Accept",0,0,0,1,0,0,"Victim__J_Out__C_In__Accept","Victim__J_Out__C_In__Accept",0,1,0,0,0,0,0,0,0,0,0,0,0,0,0,0,0,0,0,0,0,0,0,0,0,0,0,"J_Out__C_In",,,1,0,0,0,0,0,0,0
206,5,2,"victim",0,20,3,2,1,2,1,1,TRUE,2.78571428571429,3,2.75,2.28571428571429,3.16666666666667,2,1,2,2,1,2,"Out","In","ingroup","outgroup",0,0,0,1,1,1,"In","Out",,1,0,0,0,0,0,1,0,0,"Victim__J_In__C_Out",0,-2,2,"Ing_x_Ing","Ing_x_Ing__Victim","Ing_x_Ing__Accept","Ing_x_Ing__Victim__Accept",0,0,0,0,1,0,"Victim__J_In__C_Out__Accept","Victim__J_In__C_Out__Accept",0,0,0,1,0,0,0,0,0,0,0,0,0,0,0,0,0,0,0,0,0,0,0,0,0,0,0,"J_In__C_Out",,,0,0,1,0,0,0,0,0
207,6,1,"victim",0,22,3,1,0,2,1,2,TRUE,1.53571428571429,1.14285714285714,1.5,2.14285714285714,1.33333333333333,2,1,3,1,3,2,"Out","Cont","outgroup","control",1,0,0,0,0,1,"Out","Cont",,1,0,0,1,1,0,0,1,0,"Victim__J_Out__C_Cont",1,9,-9,"Ing_x_Hum","Ing_x_Hum__Victim","Ing_x_Hum__Reject","Ing_x_Hum__Victim__Reject",0,0,0,1,0,0,"Victim__J_Out__C_Cont__Reject","Victim__J_Out__C_Cont__Reject",0,0,0,0,0,0,0,1,0,0,0,0,0,0,0,0,0,0,0,0,0,0,0,0,0,0,0,"J_Out__C_Cont",,,0,0,0,0,0,0,1,0
207,6,2,"victim",0,22,3,1,0,2,1,2,TRUE,1.53571428571429,1.14285714285714,1.5,2.14285714285714,1.33333333333333,2,1,3,3,1,2,"Out","Cont","control","outgroup",0,1,0,,1,0,"Cont","Out",,1,0,0,1,0,1,1,0,0,"Victim__J_Cont__C_Out",1,-9,9,"Ing_x_Control","Ing_x_Control__Victim","Ing_x_Control__Accept","Ing_x_Control__Victim__Accept",0,0,0,0,0,1,"Victim__J_Cont__C_Out__Accept","Victim__J_Cont__C_Out__Accept",0,0,0,0,0,1,0,0,0,0,0,0,0,0,0,0,0,0,0,0,0,0,0,0,0,0,0,"J_Cont__C_Out",,,0,0,0,0,1,0,0,0
207,7,1,"victim",0,22,3,1,0,2,1,2,TRUE,1.53571428571429,1.14285714285714,1.5,2.14285714285714,1.33333333333333,2,2,3,2,3,2,"In","Cont","ingroup","control",0,0,0,1,1,1,"In","Cont",,0,0,0,1,0,0,0,1,0,"Victim__J_In__C_Cont",1,0,0,"Ing_x_Ing","Ing_x_Ing__Victim","Ing_x_Ing__Accept","Ing_x_Ing__Victim__Accept",0,0,0,0,1,0,"Victim__J_In__C_Cont__Accept","Victim__J_In__C_Cont__Accept",0,0,0,0,0,0,1,0,0,0,0,0,0,0,0,0,0,0,0,0,0,0,0,0,0,0,0,"J_In__C_Cont",,,0,0,0,0,0,1,0,0
207,7,2,"victim",0,22,3,1,0,2,1,2,TRUE,1.53571428571429,1.14285714285714,1.5,2.14285714285714,1.33333333333333,2,2,3,3,2,2,"In","Cont","control","ingroup",0,1,0,,1,1,"Cont","In",,0,0,0,1,0,1,0,0,0,"Victim__J_Cont__C_In",1,0,0,"Ing_x_Control","Ing_x_Control__Victim","Ing_x_Control__Accept","Ing_x_Control__Victim__Accept",0,0,0,0,0,1,"Victim__J_Cont__C_In__Accept","Victim__J_Cont__C_In__Accept",0,0,1,0,0,0,0,0,0,0,0,0,0,0,0,0,0,0,0,0,0,0,0,0,0,0,0,"J_Cont__C_In",,,0,1,0,0,0,0,0,0
207,8,1,"victim",0,22,3,1,0,2,1,2,TRUE,1.53571428571429,1.14285714285714,1.5,2.14285714285714,1.33333333333333,2,1,1,1,1,2,"Out","Out","outgroup","outgroup",1,0,0,0,0,1,"Out","Out",,1,0,1,0,1,0,1,0,0,"Victim__J_Out__C_Out",0,5,-5,"Ing_x_Hum","Ing_x_Hum__Victim","Ing_x_Hum__Reject","Ing_x_Hum__Victim__Reject",0,0,0,1,0,0,"Victim__J_Out__C_Out__Reject","Victim__J_Out__C_Out__Reject",0,0,0,0,1,0,0,0,0,0,0,0,0,0,0,0,0,0,0,0,0,0,0,0,0,0,0,"J_Out__C_Out",,,0,0,0,1,0,0,0,0
207,8,2,"victim",0,22,3,1,0,2,1,2,TRUE,1.53571428571429,1.14285714285714,1.5,2.14285714285714,1.33333333333333,2,1,1,1,1,2,"Out","Out","outgroup","outgroup",1,0,0,0,1,0,"Out","Out",,1,0,1,0,1,0,1,0,0,"Victim__J_Out__C_Out",0,-5,5,"Ing_x_Hum","Ing_x_Hum__Victim","Ing_x_Hum__Accept","Ing_x_Hum__Victim__Accept",0,0,0,1,0,0,"Victim__J_Out__C_Out__Accept","Victim__J_Out__C_Out__Accept",0,0,0,0,1,0,0,0,0,0,0,0,0,0,0,0,0,0,0,0,0,0,0,0,0,0,0,"J_Out__C_Out",,,0,0,0,1,0,0,0,0
207,9,1,"victim",0,22,3,1,0,2,1,2,TRUE,1.53571428571429,1.14285714285714,1.5,2.14285714285714,1.33333333333333,2,1,3,1,3,2,"Out","Cont","outgroup","control",1,0,0,0,1,0,"Out","Cont",,1,0,0,1,1,0,0,1,0,"Victim__J_Out__C_Cont",1,-5,5,"Ing_x_Hum","Ing_x_Hum__Victim","Ing_x_Hum__Accept","Ing_x_Hum__Victim__Accept",0,0,0,1,0,0,"Victim__J_Out__C_Cont__Accept","Victim__J_Out__C_Cont__Accept",0,0,0,0,0,0,0,1,0,0,0,0,0,0,0,0,0,0,0,0,0,0,0,0,0,0,0,"J_Out__C_Cont",,,0,0,0,0,0,0,1,0
207,9,2,"victim",0,22,3,1,0,2,1,2,TRUE,1.53571428571429,1.14285714285714,1.5,2.14285714285714,1.33333333333333,2,1,3,3,1,2,"Out","Cont","control","outgroup",0,1,0,,0,1,"Cont","Out",,1,0,0,1,0,1,1,0,0,"Victim__J_Cont__C_Out",1,6,-6,"Ing_x_Control","Ing_x_Control__Victim","Ing_x_Control__Reject","Ing_x_Control__Victim__Reject",0,0,0,0,0,1,"Victim__J_Cont__C_Out__Reject","Victim__J_Cont__C_Out__Reject",0,0,0,0,0,1,0,0,0,0,0,0,0,0,0,0,0,0,0,0,0,0,0,0,0,0,0,"J_Cont__C_Out",,,0,0,0,0,1,0,0,0
207,10,1,"victim",0,22,3,1,0,2,1,2,TRUE,1.53571428571429,1.14285714285714,1.5,2.14285714285714,1.33333333333333,2,3,1,3,1,2,"Cont","Out","control","outgroup",0,1,0,,0,1,"Cont","Out",,0,1,1,0,0,1,1,0,0,"Victim__J_Cont__C_Out",1,9,-9,"Ing_x_Control","Ing_x_Control__Victim","Ing_x_Control__Reject","Ing_x_Control__Victim__Reject",0,0,0,0,0,1,"Victim__J_Cont__C_Out__Reject","Victim__J_Cont__C_Out__Reject",0,0,0,0,0,1,0,0,0,0,0,0,0,0,0,0,0,0,0,0,0,0,0,0,0,0,0,"J_Cont__C_Out",,,0,0,0,0,1,0,0,0
207,10,2,"victim",0,22,3,1,0,2,1,2,TRUE,1.53571428571429,1.14285714285714,1.5,2.14285714285714,1.33333333333333,2,3,1,1,3,2,"Cont","Out","outgroup","control",1,0,0,0,1,0,"Out","Cont",,0,1,1,0,1,0,0,1,0,"Victim__J_Out__C_Cont",1,-9,9,"Ing_x_Hum","Ing_x_Hum__Victim","Ing_x_Hum__Accept","Ing_x_Hum__Victim__Accept",0,0,0,1,0,0,"Victim__J_Out__C_Cont__Accept","Victim__J_Out__C_Cont__Accept",0,0,0,0,0,0,0,1,0,0,0,0,0,0,0,0,0,0,0,0,0,0,0,0,0,0,0,"J_Out__C_Cont",,,0,0,0,0,0,0,1,0
208,1,1,"victim",0,23,3,2,1,2,1,1,TRUE,2.42857142857143,2.14285714285714,2.375,3.28571428571429,1.83333333333333,2,2,1,2,1,2,"In","Out","ingroup","outgroup",0,0,0,1,0,1,"In","Out",,0,0,1,0,0,0,1,0,0,"Victim__J_In__C_Out",0,9,-9,"Ing_x_Ing","Ing_x_Ing__Victim","Ing_x_Ing__Reject","Ing_x_Ing__Victim__Reject",0,0,0,0,1,0,"Victim__J_In__C_Out__Reject","Victim__J_In__C_Out__Reject",0,0,0,1,0,0,0,0,0,0,0,0,0,0,0,0,0,0,0,0,0,0,0,0,0,0,0,"J_In__C_Out",,,0,0,1,0,0,0,0,0
208,1,2,"victim",0,23,3,2,1,2,1,1,TRUE,2.42857142857143,2.14285714285714,2.375,3.28571428571429,1.83333333333333,2,2,1,1,2,2,"In","Out","outgroup","ingroup",1,0,0,0,1,0,"Out","In",,0,0,1,0,1,0,0,0,0,"Victim__J_Out__C_In",0,9,-9,"Ing_x_Hum","Ing_x_Hum__Victim","Ing_x_Hum__Accept","Ing_x_Hum__Victim__Accept",0,0,0,1,0,0,"Victim__J_Out__C_In__Accept","Victim__J_Out__C_In__Accept",0,1,0,0,0,0,0,0,0,0,0,0,0,0,0,0,0,0,0,0,0,0,0,0,0,0,0,"J_Out__C_In",,,1,0,0,0,0,0,0,0
208,2,1,"victim",0,23,3,2,1,2,1,1,TRUE,2.42857142857143,2.14285714285714,2.375,3.28571428571429,1.83333333333333,2,1,1,1,1,2,"Out","Out","outgroup","outgroup",1,0,0,0,1,1,"Out","Out",,1,0,1,0,1,0,1,0,0,"Victim__J_Out__C_Out",0,9,-9,"Ing_x_Hum","Ing_x_Hum__Victim","Ing_x_Hum__Accept","Ing_x_Hum__Victim__Accept",0,0,0,1,0,0,"Victim__J_Out__C_Out__Accept","Victim__J_Out__C_Out__Accept",0,0,0,0,1,0,0,0,0,0,0,0,0,0,0,0,0,0,0,0,0,0,0,0,0,0,0,"J_Out__C_Out",,,0,0,0,1,0,0,0,0
208,2,2,"victim",0,23,3,2,1,2,1,1,TRUE,2.42857142857143,2.14285714285714,2.375,3.28571428571429,1.83333333333333,2,1,1,1,1,2,"Out","Out","outgroup","outgroup",1,0,0,0,1,1,"Out","Out",,1,0,1,0,1,0,1,0,0,"Victim__J_Out__C_Out",0,9,-9,"Ing_x_Hum","Ing_x_Hum__Victim","Ing_x_Hum__Accept","Ing_x_Hum__Victim__Accept",0,0,0,1,0,0,"Victim__J_Out__C_Out__Accept","Victim__J_Out__C_Out__Accept",0,0,0,0,1,0,0,0,0,0,0,0,0,0,0,0,0,0,0,0,0,0,0,0,0,0,0,"J_Out__C_Out",,,0,0,0,1,0,0,0,0
208,3,1,"victim",0,23,3,2,1,2,1,1,TRUE,2.42857142857143,2.14285714285714,2.375,3.28571428571429,1.83333333333333,2,3,2,3,2,2,"Cont","In","control","ingroup",0,1,0,,1,1,"Cont","In",,0,1,0,0,0,1,0,0,0,"Victim__J_Cont__C_In",1,-2,2,"Ing_x_Control","Ing_x_Control__Victim","Ing_x_Control__Accept","Ing_x_Control__Victim__Accept",0,0,0,0,0,1,"Victim__J_Cont__C_In__Accept","Victim__J_Cont__C_In__Accept",0,0,1,0,0,0,0,0,0,0,0,0,0,0,0,0,0,0,0,0,0,0,0,0,0,0,0,"J_Cont__C_In",,,0,1,0,0,0,0,0,0
208,3,2,"victim",0,23,3,2,1,2,1,1,TRUE,2.42857142857143,2.14285714285714,2.375,3.28571428571429,1.83333333333333,2,3,2,2,3,2,"Cont","In","ingroup","control",0,0,0,1,1,1,"In","Cont",,0,1,0,0,0,0,0,1,0,"Victim__J_In__C_Cont",1,-2,2,"Ing_x_Ing","Ing_x_Ing__Victim","Ing_x_Ing__Accept","Ing_x_Ing__Victim__Accept",0,0,0,0,1,0,"Victim__J_In__C_Cont__Accept","Victim__J_In__C_Cont__Accept",0,0,0,0,0,0,1,0,0,0,0,0,0,0,0,0,0,0,0,0,0,0,0,0,0,0,0,"J_In__C_Cont",,,0,0,0,0,0,1,0,0
208,4,1,"victim",0,23,3,2,1,2,1,1,TRUE,2.42857142857143,2.14285714285714,2.375,3.28571428571429,1.83333333333333,2,1,2,1,2,2,"Out","In","outgroup","ingroup",1,0,0,0,0,0,"Out","In",,1,0,0,0,1,0,0,0,0,"Victim__J_Out__C_In",0,3,-3,"Ing_x_Hum","Ing_x_Hum__Victim","Ing_x_Hum__Reject","Ing_x_Hum__Victim__Reject",0,0,0,1,0,0,"Victim__J_Out__C_In__Reject","Victim__J_Out__C_In__Reject",0,1,0,0,0,0,0,0,0,0,0,0,0,0,0,0,0,0,0,0,0,0,0,0,0,0,0,"J_Out__C_In",,,1,0,0,0,0,0,0,0
208,4,2,"victim",0,23,3,2,1,2,1,1,TRUE,2.42857142857143,2.14285714285714,2.375,3.28571428571429,1.83333333333333,2,1,2,2,1,2,"Out","In","ingroup","outgroup",0,0,0,1,0,0,"In","Out",,1,0,0,0,0,0,1,0,0,"Victim__J_In__C_Out",0,3,-3,"Ing_x_Ing","Ing_x_Ing__Victim","Ing_x_Ing__Reject","Ing_x_Ing__Victim__Reject",0,0,0,0,1,0,"Victim__J_In__C_Out__Reject","Victim__J_In__C_Out__Reject",0,0,0,1,0,0,0,0,0,0,0,0,0,0,0,0,0,0,0,0,0,0,0,0,0,0,0,"J_In__C_Out",,,0,0,1,0,0,0,0,0
208,5,1,"victim",0,23,3,2,1,2,1,1,TRUE,2.42857142857143,2.14285714285714,2.375,3.28571428571429,1.83333333333333,2,2,2,2,2,2,"In","In","ingroup","ingroup",0,0,0,1,0,0,"In","In",,0,0,0,0,0,0,0,0,0,"Victim__J_In__C_In",0,3,-3,"Ing_x_Ing","Ing_x_Ing__Victim","Ing_x_Ing__Reject","Ing_x_Ing__Victim__Reject",0,0,0,0,1,0,"Victim__J_In__C_In__Reject","Victim__J_In__C_In__Reject",1,0,0,0,0,0,0,0,0,0,0,0,0,0,0,0,0,0,0,0,0,0,0,0,0,0,0,"J_In__C_In",,,0,0,0,0,0,0,0,0
208,5,2,"victim",0,23,3,2,1,2,1,1,TRUE,2.42857142857143,2.14285714285714,2.375,3.28571428571429,1.83333333333333,2,2,2,2,2,2,"In","In","ingroup","ingroup",0,0,0,1,0,0,"In","In",,0,0,0,0,0,0,0,0,0,"Victim__J_In__C_In",0,3,-3,"Ing_x_Ing","Ing_x_Ing__Victim","Ing_x_Ing__Reject","Ing_x_Ing__Victim__Reject",0,0,0,0,1,0,"Victim__J_In__C_In__Reject","Victim__J_In__C_In__Reject",1,0,0,0,0,0,0,0,0,0,0,0,0,0,0,0,0,0,0,0,0,0,0,0,0,0,0,"J_In__C_In",,,0,0,0,0,0,0,0,0
209,1,1,"victim",0,18,2,2,1,2,1,1,TRUE,2.60714285714286,3,2.375,3,2,2,2,3,2,3,2,"In","Cont","ingroup","control",0,0,0,1,1,1,"In","Cont",,0,0,0,1,0,0,0,1,0,"Victim__J_In__C_Cont",1,-6,6,"Ing_x_Ing","Ing_x_Ing__Victim","Ing_x_Ing__Accept","Ing_x_Ing__Victim__Accept",0,0,0,0,1,0,"Victim__J_In__C_Cont__Accept","Victim__J_In__C_Cont__Accept",0,0,0,0,0,0,1,0,0,0,0,0,0,0,0,0,0,0,0,0,0,0,0,0,0,0,0,"J_In__C_Cont",,,0,0,0,0,0,1,0,0
209,1,2,"victim",0,18,2,2,1,2,1,1,TRUE,2.60714285714286,3,2.375,3,2,2,2,3,3,2,2,"In","Cont","control","ingroup",0,1,0,,1,1,"Cont","In",,0,0,0,1,0,1,0,0,0,"Victim__J_Cont__C_In",1,-6,6,"Ing_x_Control","Ing_x_Control__Victim","Ing_x_Control__Accept","Ing_x_Control__Victim__Accept",0,0,0,0,0,1,"Victim__J_Cont__C_In__Accept","Victim__J_Cont__C_In__Accept",0,0,1,0,0,0,0,0,0,0,0,0,0,0,0,0,0,0,0,0,0,0,0,0,0,0,0,"J_Cont__C_In",,,0,1,0,0,0,0,0,0
209,2,1,"victim",0,18,2,2,1,2,1,1,TRUE,2.60714285714286,3,2.375,3,2,2,2,2,2,2,2,"In","In","ingroup","ingroup",0,0,0,1,0,1,"In","In",,0,0,0,0,0,0,0,0,0,"Victim__J_In__C_In",0,-4,4,"Ing_x_Ing","Ing_x_Ing__Victim","Ing_x_Ing__Reject","Ing_x_Ing__Victim__Reject",0,0,0,0,1,0,"Victim__J_In__C_In__Reject","Victim__J_In__C_In__Reject",1,0,0,0,0,0,0,0,0,0,0,0,0,0,0,0,0,0,0,0,0,0,0,0,0,0,0,"J_In__C_In",,,0,0,0,0,0,0,0,0
209,2,2,"victim",0,18,2,2,1,2,1,1,TRUE,2.60714285714286,3,2.375,3,2,2,2,2,2,2,2,"In","In","ingroup","ingroup",0,0,0,1,1,0,"In","In",,0,0,0,0,0,0,0,0,0,"Victim__J_In__C_In",0,-8,8,"Ing_x_Ing","Ing_x_Ing__Victim","Ing_x_Ing__Accept","Ing_x_Ing__Victim__Accept",0,0,0,0,1,0,"Victim__J_In__C_In__Accept","Victim__J_In__C_In__Accept",1,0,0,0,0,0,0,0,0,0,0,0,0,0,0,0,0,0,0,0,0,0,0,0,0,0,0,"J_In__C_In",,,0,0,0,0,0,0,0,0
209,3,1,"victim",0,18,2,2,1,2,1,1,TRUE,2.60714285714286,3,2.375,3,2,2,1,3,1,3,2,"Out","Cont","outgroup","control",1,0,0,0,0,1,"Out","Cont",,1,0,0,1,1,0,0,1,0,"Victim__J_Out__C_Cont",1,8,-8,"Ing_x_Hum","Ing_x_Hum__Victim","Ing_x_Hum__Reject","Ing_x_Hum__Victim__Reject",0,0,0,1,0,0,"Victim__J_Out__C_Cont__Reject","Victim__J_Out__C_Cont__Reject",0,0,0,0,0,0,0,1,0,0,0,0,0,0,0,0,0,0,0,0,0,0,0,0,0,0,0,"J_Out__C_Cont",,,0,0,0,0,0,0,1,0
209,3,2,"victim",0,18,2,2,1,2,1,1,TRUE,2.60714285714286,3,2.375,3,2,2,1,3,3,1,2,"Out","Cont","control","outgroup",0,1,0,,1,0,"Cont","Out",,1,0,0,1,0,1,1,0,0,"Victim__J_Cont__C_Out",1,-9,9,"Ing_x_Control","Ing_x_Control__Victim","Ing_x_Control__Accept","Ing_x_Control__Victim__Accept",0,0,0,0,0,1,"Victim__J_Cont__C_Out__Accept","Victim__J_Cont__C_Out__Accept",0,0,0,0,0,1,0,0,0,0,0,0,0,0,0,0,0,0,0,0,0,0,0,0,0,0,0,"J_Cont__C_Out",,,0,0,0,0,1,0,0,0
209,4,1,"victim",0,18,2,2,1,2,1,1,TRUE,2.60714285714286,3,2.375,3,2,2,1,3,1,3,2,"Out","Cont","outgroup","control",1,0,0,0,1,1,"Out","Cont",,1,0,0,1,1,0,0,1,0,"Victim__J_Out__C_Cont",1,-8,8,"Ing_x_Hum","Ing_x_Hum__Victim","Ing_x_Hum__Accept","Ing_x_Hum__Victim__Accept",0,0,0,1,0,0,"Victim__J_Out__C_Cont__Accept","Victim__J_Out__C_Cont__Accept",0,0,0,0,0,0,0,1,0,0,0,0,0,0,0,0,0,0,0,0,0,0,0,0,0,0,0,"J_Out__C_Cont",,,0,0,0,0,0,0,1,0
209,4,2,"victim",0,18,2,2,1,2,1,1,TRUE,2.60714285714286,3,2.375,3,2,2,1,3,3,1,2,"Out","Cont","control","outgroup",0,1,0,,1,1,"Cont","Out",,1,0,0,1,0,1,1,0,0,"Victim__J_Cont__C_Out",1,-8,8,"Ing_x_Control","Ing_x_Control__Victim","Ing_x_Control__Accept","Ing_x_Control__Victim__Accept",0,0,0,0,0,1,"Victim__J_Cont__C_Out__Accept","Victim__J_Cont__C_Out__Accept",0,0,0,0,0,1,0,0,0,0,0,0,0,0,0,0,0,0,0,0,0,0,0,0,0,0,0,"J_Cont__C_Out",,,0,0,0,0,1,0,0,0
209,5,1,"victim",0,18,2,2,1,2,1,1,TRUE,2.60714285714286,3,2.375,3,2,2,3,3,3,3,2,"Cont","Cont","control","control",0,1,0,,0,0,"Cont","Cont",,0,1,0,1,0,1,0,1,0,"Victim__J_Cont__C_Cont",1,9,-9,"Ing_x_Control","Ing_x_Control__Victim","Ing_x_Control__Reject","Ing_x_Control__Victim__Reject",0,0,0,0,0,1,"Victim__J_Cont__C_Cont__Reject","Victim__J_Cont__C_Cont__Reject",0,0,0,0,0,0,0,0,1,0,0,0,0,0,0,0,0,0,0,0,0,0,0,0,0,0,0,"J_Cont__C_Cont",,,0,0,0,0,0,0,0,1
209,5,2,"victim",0,18,2,2,1,2,1,1,TRUE,2.60714285714286,3,2.375,3,2,2,3,3,3,3,2,"Cont","Cont","control","control",0,1,0,,0,0,"Cont","Cont",,0,1,0,1,0,1,0,1,0,"Victim__J_Cont__C_Cont",1,9,-9,"Ing_x_Control","Ing_x_Control__Victim","Ing_x_Control__Reject","Ing_x_Control__Victim__Reject",0,0,0,0,0,1,"Victim__J_Cont__C_Cont__Reject","Victim__J_Cont__C_Cont__Reject",0,0,0,0,0,0,0,0,1,0,0,0,0,0,0,0,0,0,0,0,0,0,0,0,0,0,0,"J_Cont__C_Cont",,,0,0,0,0,0,0,0,1
210,6,1,"victim",0,20,3,2,1,2,1,2,TRUE,2.64285714285714,2.85714285714286,2.5,2.42857142857143,2.83333333333333,2,1,1,1,1,2,"Out","Out","outgroup","outgroup",1,0,0,0,0,0,"Out","Out",,1,0,1,0,1,0,1,0,0,"Victim__J_Out__C_Out",0,4,-4,"Ing_x_Hum","Ing_x_Hum__Victim","Ing_x_Hum__Reject","Ing_x_Hum__Victim__Reject",0,0,0,1,0,0,"Victim__J_Out__C_Out__Reject","Victim__J_Out__C_Out__Reject",0,0,0,0,1,0,0,0,0,0,0,0,0,0,0,0,0,0,0,0,0,0,0,0,0,0,0,"J_Out__C_Out",,,0,0,0,1,0,0,0,0
210,6,2,"victim",0,20,3,2,1,2,1,2,TRUE,2.64285714285714,2.85714285714286,2.5,2.42857142857143,2.83333333333333,2,1,1,1,1,2,"Out","Out","outgroup","outgroup",1,0,0,0,0,0,"Out","Out",,1,0,1,0,1,0,1,0,0,"Victim__J_Out__C_Out",0,4,-4,"Ing_x_Hum","Ing_x_Hum__Victim","Ing_x_Hum__Reject","Ing_x_Hum__Victim__Reject",0,0,0,1,0,0,"Victim__J_Out__C_Out__Reject","Victim__J_Out__C_Out__Reject",0,0,0,0,1,0,0,0,0,0,0,0,0,0,0,0,0,0,0,0,0,0,0,0,0,0,0,"J_Out__C_Out",,,0,0,0,1,0,0,0,0
210,7,1,"victim",0,20,3,2,1,2,1,2,TRUE,2.64285714285714,2.85714285714286,2.5,2.42857142857143,2.83333333333333,2,3,1,3,1,2,"Cont","Out","control","outgroup",0,1,0,,1,1,"Cont","Out",,0,1,1,0,0,1,1,0,0,"Victim__J_Cont__C_Out",1,-9,9,"Ing_x_Control","Ing_x_Control__Victim","Ing_x_Control__Accept","Ing_x_Control__Victim__Accept",0,0,0,0,0,1,"Victim__J_Cont__C_Out__Accept","Victim__J_Cont__C_Out__Accept",0,0,0,0,0,1,0,0,0,0,0,0,0,0,0,0,0,0,0,0,0,0,0,0,0,0,0,"J_Cont__C_Out",,,0,0,0,0,1,0,0,0
210,7,2,"victim",0,20,3,2,1,2,1,2,TRUE,2.64285714285714,2.85714285714286,2.5,2.42857142857143,2.83333333333333,2,3,1,1,3,2,"Cont","Out","outgroup","control",1,0,0,0,1,1,"Out","Cont",,0,1,1,0,1,0,0,1,0,"Victim__J_Out__C_Cont",1,-9,9,"Ing_x_Hum","Ing_x_Hum__Victim","Ing_x_Hum__Accept","Ing_x_Hum__Victim__Accept",0,0,0,1,0,0,"Victim__J_Out__C_Cont__Accept","Victim__J_Out__C_Cont__Accept",0,0,0,0,0,0,0,1,0,0,0,0,0,0,0,0,0,0,0,0,0,0,0,0,0,0,0,"J_Out__C_Cont",,,0,0,0,0,0,0,1,0
210,8,1,"victim",0,20,3,2,1,2,1,2,TRUE,2.64285714285714,2.85714285714286,2.5,2.42857142857143,2.83333333333333,2,1,3,1,3,2,"Out","Cont","outgroup","control",1,0,0,0,0,1,"Out","Cont",,1,0,0,1,1,0,0,1,0,"Victim__J_Out__C_Cont",1,2,-2,"Ing_x_Hum","Ing_x_Hum__Victim","Ing_x_Hum__Reject","Ing_x_Hum__Victim__Reject",0,0,0,1,0,0,"Victim__J_Out__C_Cont__Reject","Victim__J_Out__C_Cont__Reject",0,0,0,0,0,0,0,1,0,0,0,0,0,0,0,0,0,0,0,0,0,0,0,0,0,0,0,"J_Out__C_Cont",,,0,0,0,0,0,0,1,0
210,8,2,"victim",0,20,3,2,1,2,1,2,TRUE,2.64285714285714,2.85714285714286,2.5,2.42857142857143,2.83333333333333,2,1,3,3,1,2,"Out","Cont","control","outgroup",0,1,0,,1,0,"Cont","Out",,1,0,0,1,0,1,1,0,0,"Victim__J_Cont__C_Out",1,-5,5,"Ing_x_Control","Ing_x_Control__Victim","Ing_x_Control__Accept","Ing_x_Control__Victim__Accept",0,0,0,0,0,1,"Victim__J_Cont__C_Out__Accept","Victim__J_Cont__C_Out__Accept",0,0,0,0,0,1,0,0,0,0,0,0,0,0,0,0,0,0,0,0,0,0,0,0,0,0,0,"J_Cont__C_Out",,,0,0,0,0,1,0,0,0
210,9,1,"victim",0,20,3,2,1,2,1,2,TRUE,2.64285714285714,2.85714285714286,2.5,2.42857142857143,2.83333333333333,2,1,3,1,3,2,"Out","Cont","outgroup","control",1,0,0,0,0,1,"Out","Cont",,1,0,0,1,1,0,0,1,0,"Victim__J_Out__C_Cont",1,2,-2,"Ing_x_Hum","Ing_x_Hum__Victim","Ing_x_Hum__Reject","Ing_x_Hum__Victim__Reject",0,0,0,1,0,0,"Victim__J_Out__C_Cont__Reject","Victim__J_Out__C_Cont__Reject",0,0,0,0,0,0,0,1,0,0,0,0,0,0,0,0,0,0,0,0,0,0,0,0,0,0,0,"J_Out__C_Cont",,,0,0,0,0,0,0,1,0
210,9,2,"victim",0,20,3,2,1,2,1,2,TRUE,2.64285714285714,2.85714285714286,2.5,2.42857142857143,2.83333333333333,2,1,3,3,1,2,"Out","Cont","control","outgroup",0,1,0,,1,0,"Cont","Out",,1,0,0,1,0,1,1,0,0,"Victim__J_Cont__C_Out",1,-5,5,"Ing_x_Control","Ing_x_Control__Victim","Ing_x_Control__Accept","Ing_x_Control__Victim__Accept",0,0,0,0,0,1,"Victim__J_Cont__C_Out__Accept","Victim__J_Cont__C_Out__Accept",0,0,0,0,0,1,0,0,0,0,0,0,0,0,0,0,0,0,0,0,0,0,0,0,0,0,0,"J_Cont__C_Out",,,0,0,0,0,1,0,0,0
210,10,1,"victim",0,20,3,2,1,2,1,2,TRUE,2.64285714285714,2.85714285714286,2.5,2.42857142857143,2.83333333333333,2,2,2,2,2,2,"In","In","ingroup","ingroup",0,0,0,1,1,0,"In","In",,0,0,0,0,0,0,0,0,0,"Victim__J_In__C_In",0,-5,5,"Ing_x_Ing","Ing_x_Ing__Victim","Ing_x_Ing__Accept","Ing_x_Ing__Victim__Accept",0,0,0,0,1,0,"Victim__J_In__C_In__Accept","Victim__J_In__C_In__Accept",1,0,0,0,0,0,0,0,0,0,0,0,0,0,0,0,0,0,0,0,0,0,0,0,0,0,0,"J_In__C_In",,,0,0,0,0,0,0,0,0
210,10,2,"victim",0,20,3,2,1,2,1,2,TRUE,2.64285714285714,2.85714285714286,2.5,2.42857142857143,2.83333333333333,2,2,2,2,2,2,"In","In","ingroup","ingroup",0,0,0,1,0,1,"In","In",,0,0,0,0,0,0,0,0,0,"Victim__J_In__C_In",0,2,-2,"Ing_x_Ing","Ing_x_Ing__Victim","Ing_x_Ing__Reject","Ing_x_Ing__Victim__Reject",0,0,0,0,1,0,"Victim__J_In__C_In__Reject","Victim__J_In__C_In__Reject",1,0,0,0,0,0,0,0,0,0,0,0,0,0,0,0,0,0,0,0,0,0,0,0,0,0,0,"J_In__C_In",,,0,0,0,0,0,0,0,0
211,6,1,"victim",0,19,3,2,1,1,0,2,TRUE,1.60714285714286,1.28571428571429,1.375,2.28571428571429,1.5,1,1,2,1,2,1,"In","Out","ingroup","outgroup",0,0,0,1,0,0,"In","Out",,0,0,1,0,0,0,1,0,0,"Victim__J_In__C_Out",0,9,-9,"Hum_x_Hum","Hum_x_Hum__Victim","Hum_x_Hum__Reject","Hum_x_Hum__Victim__Reject",1,0,0,0,0,0,"Victim__J_In__C_Out__Reject","Victim__J_In__C_Out__Reject",0,0,0,1,0,0,0,0,0,0,0,0,0,0,0,0,0,0,0,0,0,0,0,0,0,0,0,"J_In__C_Out",,,0,0,1,0,0,0,0,0
211,6,2,"victim",0,19,3,2,1,1,0,2,TRUE,1.60714285714286,1.28571428571429,1.375,2.28571428571429,1.5,1,1,2,2,1,1,"In","Out","outgroup","ingroup",1,0,0,0,0,0,"Out","In",,0,0,1,0,1,0,0,0,0,"Victim__J_Out__C_In",0,9,-9,"Hum_x_Ing","Hum_x_Ing__Victim","Hum_x_Ing__Reject","Hum_x_Ing__Victim__Reject",0,1,0,0,0,0,"Victim__J_Out__C_In__Reject","Victim__J_Out__C_In__Reject",0,1,0,0,0,0,0,0,0,0,0,0,0,0,0,0,0,0,0,0,0,0,0,0,0,0,0,"J_Out__C_In",,,1,0,0,0,0,0,0,0
211,7,1,"victim",0,19,3,2,1,1,0,2,TRUE,1.60714285714286,1.28571428571429,1.375,2.28571428571429,1.5,1,1,2,1,2,1,"In","Out","ingroup","outgroup",0,0,0,1,0,0,"In","Out",,0,0,1,0,0,0,1,0,0,"Victim__J_In__C_Out",0,9,-9,"Hum_x_Hum","Hum_x_Hum__Victim","Hum_x_Hum__Reject","Hum_x_Hum__Victim__Reject",1,0,0,0,0,0,"Victim__J_In__C_Out__Reject","Victim__J_In__C_Out__Reject",0,0,0,1,0,0,0,0,0,0,0,0,0,0,0,0,0,0,0,0,0,0,0,0,0,0,0,"J_In__C_Out",,,0,0,1,0,0,0,0,0
211,7,2,"victim",0,19,3,2,1,1,0,2,TRUE,1.60714285714286,1.28571428571429,1.375,2.28571428571429,1.5,1,1,2,2,1,1,"In","Out","outgroup","ingroup",1,0,0,0,0,0,"Out","In",,0,0,1,0,1,0,0,0,0,"Victim__J_Out__C_In",0,9,-9,"Hum_x_Ing","Hum_x_Ing__Victim","Hum_x_Ing__Reject","Hum_x_Ing__Victim__Reject",0,1,0,0,0,0,"Victim__J_Out__C_In__Reject","Victim__J_Out__C_In__Reject",0,1,0,0,0,0,0,0,0,0,0,0,0,0,0,0,0,0,0,0,0,0,0,0,0,0,0,"J_Out__C_In",,,1,0,0,0,0,0,0,0
211,8,1,"victim",0,19,3,2,1,1,0,2,TRUE,1.60714285714286,1.28571428571429,1.375,2.28571428571429,1.5,1,2,3,2,3,1,"Out","Cont","outgroup","control",1,0,0,0,1,0,"Out","Cont",,1,0,0,1,1,0,0,1,0,"Victim__J_Out__C_Cont",1,-9,9,"Hum_x_Ing","Hum_x_Ing__Victim","Hum_x_Ing__Accept","Hum_x_Ing__Victim__Accept",0,1,0,0,0,0,"Victim__J_Out__C_Cont__Accept","Victim__J_Out__C_Cont__Accept",0,0,0,0,0,0,0,1,0,0,0,0,0,0,0,0,0,0,0,0,0,0,0,0,0,0,0,"J_Out__C_Cont",,,0,0,0,0,0,0,1,0
211,8,2,"victim",0,19,3,2,1,1,0,2,TRUE,1.60714285714286,1.28571428571429,1.375,2.28571428571429,1.5,1,2,3,3,2,1,"Out","Cont","control","outgroup",0,1,0,,0,1,"Cont","Out",,1,0,0,1,0,1,1,0,0,"Victim__J_Cont__C_Out",1,9,-9,"Hum_x_Control","Hum_x_Control__Victim","Hum_x_Control__Reject","Hum_x_Control__Victim__Reject",0,0,1,0,0,0,"Victim__J_Cont__C_Out__Reject","Victim__J_Cont__C_Out__Reject",0,0,0,0,0,1,0,0,0,0,0,0,0,0,0,0,0,0,0,0,0,0,0,0,0,0,0,"J_Cont__C_Out",,,0,0,0,0,1,0,0,0
211,9,1,"victim",0,19,3,2,1,1,0,2,TRUE,1.60714285714286,1.28571428571429,1.375,2.28571428571429,1.5,1,1,1,1,1,1,"In","In","ingroup","ingroup",0,0,0,1,1,1,"In","In",,0,0,0,0,0,0,0,0,0,"Victim__J_In__C_In",0,-4,4,"Hum_x_Hum","Hum_x_Hum__Victim","Hum_x_Hum__Accept","Hum_x_Hum__Victim__Accept",1,0,0,0,0,0,"Victim__J_In__C_In__Accept","Victim__J_In__C_In__Accept",1,0,0,0,0,0,0,0,0,0,0,0,0,0,0,0,0,0,0,0,0,0,0,0,0,0,0,"J_In__C_In",,,0,0,0,0,0,0,0,0
211,9,2,"victim",0,19,3,2,1,1,0,2,TRUE,1.60714285714286,1.28571428571429,1.375,2.28571428571429,1.5,1,1,1,1,1,1,"In","In","ingroup","ingroup",0,0,0,1,1,1,"In","In",,0,0,0,0,0,0,0,0,0,"Victim__J_In__C_In",0,-4,4,"Hum_x_Hum","Hum_x_Hum__Victim","Hum_x_Hum__Accept","Hum_x_Hum__Victim__Accept",1,0,0,0,0,0,"Victim__J_In__C_In__Accept","Victim__J_In__C_In__Accept",1,0,0,0,0,0,0,0,0,0,0,0,0,0,0,0,0,0,0,0,0,0,0,0,0,0,0,"J_In__C_In",,,0,0,0,0,0,0,0,0
211,10,1,"victim",0,19,3,2,1,1,0,2,TRUE,1.60714285714286,1.28571428571429,1.375,2.28571428571429,1.5,1,3,1,3,1,1,"Cont","In","control","ingroup",0,1,0,,0,1,"Cont","In",,0,1,0,0,0,1,0,0,0,"Victim__J_Cont__C_In",1,9,-9,"Hum_x_Control","Hum_x_Control__Victim","Hum_x_Control__Reject","Hum_x_Control__Victim__Reject",0,0,1,0,0,0,"Victim__J_Cont__C_In__Reject","Victim__J_Cont__C_In__Reject",0,0,1,0,0,0,0,0,0,0,0,0,0,0,0,0,0,0,0,0,0,0,0,0,0,0,0,"J_Cont__C_In",,,0,1,0,0,0,0,0,0
211,10,2,"victim",0,19,3,2,1,1,0,2,TRUE,1.60714285714286,1.28571428571429,1.375,2.28571428571429,1.5,1,3,1,1,3,1,"Cont","In","ingroup","control",0,0,0,1,1,0,"In","Cont",,0,1,0,0,0,0,0,1,0,"Victim__J_In__C_Cont",1,-9,9,"Hum_x_Hum","Hum_x_Hum__Victim","Hum_x_Hum__Accept","Hum_x_Hum__Victim__Accept",1,0,0,0,0,0,"Victim__J_In__C_Cont__Accept","Victim__J_In__C_Cont__Accept",0,0,0,0,0,0,1,0,0,0,0,0,0,0,0,0,0,0,0,0,0,0,0,0,0,0,0,"J_In__C_Cont",,,0,0,0,0,0,1,0,0
212,6,1,"victim",0,18,4,2,1,1,0,2,TRUE,2.21428571428571,2.42857142857143,2,2.57142857142857,1.83333333333333,1,2,2,2,2,1,"Out","Out","outgroup","outgroup",1,0,0,0,1,0,"Out","Out",,1,0,1,0,1,0,1,0,0,"Victim__J_Out__C_Out",0,0,0,"Hum_x_Ing","Hum_x_Ing__Victim","Hum_x_Ing__Accept","Hum_x_Ing__Victim__Accept",0,1,0,0,0,0,"Victim__J_Out__C_Out__Accept","Victim__J_Out__C_Out__Accept",0,0,0,0,1,0,0,0,0,0,0,0,0,0,0,0,0,0,0,0,0,0,0,0,0,0,0,"J_Out__C_Out",,,0,0,0,1,0,0,0,0
212,6,2,"victim",0,18,4,2,1,1,0,2,TRUE,2.21428571428571,2.42857142857143,2,2.57142857142857,1.83333333333333,1,2,2,2,2,1,"Out","Out","outgroup","outgroup",1,0,0,0,0,1,"Out","Out",,1,0,1,0,1,0,1,0,0,"Victim__J_Out__C_Out",0,0,0,"Hum_x_Ing","Hum_x_Ing__Victim","Hum_x_Ing__Reject","Hum_x_Ing__Victim__Reject",0,1,0,0,0,0,"Victim__J_Out__C_Out__Reject","Victim__J_Out__C_Out__Reject",0,0,0,0,1,0,0,0,0,0,0,0,0,0,0,0,0,0,0,0,0,0,0,0,0,0,0,"J_Out__C_Out",,,0,0,0,1,0,0,0,0
212,7,1,"victim",0,18,4,2,1,1,0,2,TRUE,2.21428571428571,2.42857142857143,2,2.57142857142857,1.83333333333333,1,3,2,3,2,1,"Cont","Out","control","outgroup",0,1,0,,0,1,"Cont","Out",,0,1,1,0,0,1,1,0,0,"Victim__J_Cont__C_Out",1,4,-4,"Hum_x_Control","Hum_x_Control__Victim","Hum_x_Control__Reject","Hum_x_Control__Victim__Reject",0,0,1,0,0,0,"Victim__J_Cont__C_Out__Reject","Victim__J_Cont__C_Out__Reject",0,0,0,0,0,1,0,0,0,0,0,0,0,0,0,0,0,0,0,0,0,0,0,0,0,0,0,"J_Cont__C_Out",,,0,0,0,0,1,0,0,0
212,7,2,"victim",0,18,4,2,1,1,0,2,TRUE,2.21428571428571,2.42857142857143,2,2.57142857142857,1.83333333333333,1,3,2,2,3,1,"Cont","Out","outgroup","control",1,0,0,0,1,0,"Out","Cont",,0,1,1,0,1,0,0,1,0,"Victim__J_Out__C_Cont",1,-2,2,"Hum_x_Ing","Hum_x_Ing__Victim","Hum_x_Ing__Accept","Hum_x_Ing__Victim__Accept",0,1,0,0,0,0,"Victim__J_Out__C_Cont__Accept","Victim__J_Out__C_Cont__Accept",0,0,0,0,0,0,0,1,0,0,0,0,0,0,0,0,0,0,0,0,0,0,0,0,0,0,0,"J_Out__C_Cont",,,0,0,0,0,0,0,1,0
212,8,1,"victim",0,18,4,2,1,1,0,2,TRUE,2.21428571428571,2.42857142857143,2,2.57142857142857,1.83333333333333,1,3,2,3,2,1,"Cont","Out","control","outgroup",0,1,0,,0,1,"Cont","Out",,0,1,1,0,0,1,1,0,0,"Victim__J_Cont__C_Out",1,4,-4,"Hum_x_Control","Hum_x_Control__Victim","Hum_x_Control__Reject","Hum_x_Control__Victim__Reject",0,0,1,0,0,0,"Victim__J_Cont__C_Out__Reject","Victim__J_Cont__C_Out__Reject",0,0,0,0,0,1,0,0,0,0,0,0,0,0,0,0,0,0,0,0,0,0,0,0,0,0,0,"J_Cont__C_Out",,,0,0,0,0,1,0,0,0
212,8,2,"victim",0,18,4,2,1,1,0,2,TRUE,2.21428571428571,2.42857142857143,2,2.57142857142857,1.83333333333333,1,3,2,2,3,1,"Cont","Out","outgroup","control",1,0,0,0,1,0,"Out","Cont",,0,1,1,0,1,0,0,1,0,"Victim__J_Out__C_Cont",1,-2,2,"Hum_x_Ing","Hum_x_Ing__Victim","Hum_x_Ing__Accept","Hum_x_Ing__Victim__Accept",0,1,0,0,0,0,"Victim__J_Out__C_Cont__Accept","Victim__J_Out__C_Cont__Accept",0,0,0,0,0,0,0,1,0,0,0,0,0,0,0,0,0,0,0,0,0,0,0,0,0,0,0,"J_Out__C_Cont",,,0,0,0,0,0,0,1,0
212,9,1,"victim",0,18,4,2,1,1,0,2,TRUE,2.21428571428571,2.42857142857143,2,2.57142857142857,1.83333333333333,1,1,1,1,1,1,"In","In","ingroup","ingroup",0,0,0,1,0,0,"In","In",,0,0,0,0,0,0,0,0,0,"Victim__J_In__C_In",0,5,-5,"Hum_x_Hum","Hum_x_Hum__Victim","Hum_x_Hum__Reject","Hum_x_Hum__Victim__Reject",1,0,0,0,0,0,"Victim__J_In__C_In__Reject","Victim__J_In__C_In__Reject",1,0,0,0,0,0,0,0,0,0,0,0,0,0,0,0,0,0,0,0,0,0,0,0,0,0,0,"J_In__C_In",,,0,0,0,0,0,0,0,0
212,9,2,"victim",0,18,4,2,1,1,0,2,TRUE,2.21428571428571,2.42857142857143,2,2.57142857142857,1.83333333333333,1,1,1,1,1,1,"In","In","ingroup","ingroup",0,0,0,1,0,0,"In","In",,0,0,0,0,0,0,0,0,0,"Victim__J_In__C_In",0,5,-5,"Hum_x_Hum","Hum_x_Hum__Victim","Hum_x_Hum__Reject","Hum_x_Hum__Victim__Reject",1,0,0,0,0,0,"Victim__J_In__C_In__Reject","Victim__J_In__C_In__Reject",1,0,0,0,0,0,0,0,0,0,0,0,0,0,0,0,0,0,0,0,0,0,0,0,0,0,0,"J_In__C_In",,,0,0,0,0,0,0,0,0
212,10,1,"victim",0,18,4,2,1,1,0,2,TRUE,2.21428571428571,2.42857142857143,2,2.57142857142857,1.83333333333333,1,1,1,1,1,1,"In","In","ingroup","ingroup",0,0,0,1,0,0,"In","In",,0,0,0,0,0,0,0,0,0,"Victim__J_In__C_In",0,5,-5,"Hum_x_Hum","Hum_x_Hum__Victim","Hum_x_Hum__Reject","Hum_x_Hum__Victim__Reject",1,0,0,0,0,0,"Victim__J_In__C_In__Reject","Victim__J_In__C_In__Reject",1,0,0,0,0,0,0,0,0,0,0,0,0,0,0,0,0,0,0,0,0,0,0,0,0,0,0,"J_In__C_In",,,0,0,0,0,0,0,0,0
212,10,2,"victim",0,18,4,2,1,1,0,2,TRUE,2.21428571428571,2.42857142857143,2,2.57142857142857,1.83333333333333,1,1,1,1,1,1,"In","In","ingroup","ingroup",0,0,0,1,0,0,"In","In",,0,0,0,0,0,0,0,0,0,"Victim__J_In__C_In",0,5,-5,"Hum_x_Hum","Hum_x_Hum__Victim","Hum_x_Hum__Reject","Hum_x_Hum__Victim__Reject",1,0,0,0,0,0,"Victim__J_In__C_In__Reject","Victim__J_In__C_In__Reject",1,0,0,0,0,0,0,0,0,0,0,0,0,0,0,0,0,0,0,0,0,0,0,0,0,0,0,"J_In__C_In",,,0,0,0,0,0,0,0,0
213,1,1,"victim",0,18,2,2,1,2,1,1,TRUE,2.46428571428571,1.57142857142857,2.875,3,2.33333333333333,2,3,3,3,3,2,"Cont","Cont","control","control",0,1,0,,1,1,"Cont","Cont",,0,1,0,1,0,1,0,1,0,"Victim__J_Cont__C_Cont",1,0,0,"Ing_x_Control","Ing_x_Control__Victim","Ing_x_Control__Accept","Ing_x_Control__Victim__Accept",0,0,0,0,0,1,"Victim__J_Cont__C_Cont__Accept","Victim__J_Cont__C_Cont__Accept",0,0,0,0,0,0,0,0,1,0,0,0,0,0,0,0,0,0,0,0,0,0,0,0,0,0,0,"J_Cont__C_Cont",,,0,0,0,0,0,0,0,1
213,1,2,"victim",0,18,2,2,1,2,1,1,TRUE,2.46428571428571,1.57142857142857,2.875,3,2.33333333333333,2,3,3,3,3,2,"Cont","Cont","control","control",0,1,0,,1,1,"Cont","Cont",,0,1,0,1,0,1,0,1,0,"Victim__J_Cont__C_Cont",1,0,0,"Ing_x_Control","Ing_x_Control__Victim","Ing_x_Control__Accept","Ing_x_Control__Victim__Accept",0,0,0,0,0,1,"Victim__J_Cont__C_Cont__Accept","Victim__J_Cont__C_Cont__Accept",0,0,0,0,0,0,0,0,1,0,0,0,0,0,0,0,0,0,0,0,0,0,0,0,0,0,0,"J_Cont__C_Cont",,,0,0,0,0,0,0,0,1
213,2,1,"victim",0,18,2,2,1,2,1,1,TRUE,2.46428571428571,1.57142857142857,2.875,3,2.33333333333333,2,2,3,2,3,2,"In","Cont","ingroup","control",0,0,0,1,1,1,"In","Cont",,0,0,0,1,0,0,0,1,0,"Victim__J_In__C_Cont",1,0,0,"Ing_x_Ing","Ing_x_Ing__Victim","Ing_x_Ing__Accept","Ing_x_Ing__Victim__Accept",0,0,0,0,1,0,"Victim__J_In__C_Cont__Accept","Victim__J_In__C_Cont__Accept",0,0,0,0,0,0,1,0,0,0,0,0,0,0,0,0,0,0,0,0,0,0,0,0,0,0,0,"J_In__C_Cont",,,0,0,0,0,0,1,0,0
213,2,2,"victim",0,18,2,2,1,2,1,1,TRUE,2.46428571428571,1.57142857142857,2.875,3,2.33333333333333,2,2,3,3,2,2,"In","Cont","control","ingroup",0,1,0,,1,1,"Cont","In",,0,0,0,1,0,1,0,0,0,"Victim__J_Cont__C_In",1,0,0,"Ing_x_Control","Ing_x_Control__Victim","Ing_x_Control__Accept","Ing_x_Control__Victim__Accept",0,0,0,0,0,1,"Victim__J_Cont__C_In__Accept","Victim__J_Cont__C_In__Accept",0,0,1,0,0,0,0,0,0,0,0,0,0,0,0,0,0,0,0,0,0,0,0,0,0,0,0,"J_Cont__C_In",,,0,1,0,0,0,0,0,0
213,3,1,"victim",0,18,2,2,1,2,1,1,TRUE,2.46428571428571,1.57142857142857,2.875,3,2.33333333333333,2,1,3,1,3,2,"Out","Cont","outgroup","control",1,0,0,0,0,0,"Out","Cont",,1,0,0,1,1,0,0,1,0,"Victim__J_Out__C_Cont",1,9,-9,"Ing_x_Hum","Ing_x_Hum__Victim","Ing_x_Hum__Reject","Ing_x_Hum__Victim__Reject",0,0,0,1,0,0,"Victim__J_Out__C_Cont__Reject","Victim__J_Out__C_Cont__Reject",0,0,0,0,0,0,0,1,0,0,0,0,0,0,0,0,0,0,0,0,0,0,0,0,0,0,0,"J_Out__C_Cont",,,0,0,0,0,0,0,1,0
213,3,2,"victim",0,18,2,2,1,2,1,1,TRUE,2.46428571428571,1.57142857142857,2.875,3,2.33333333333333,2,1,3,3,1,2,"Out","Cont","control","outgroup",0,1,0,,0,0,"Cont","Out",,1,0,0,1,0,1,1,0,0,"Victim__J_Cont__C_Out",1,9,-9,"Ing_x_Control","Ing_x_Control__Victim","Ing_x_Control__Reject","Ing_x_Control__Victim__Reject",0,0,0,0,0,1,"Victim__J_Cont__C_Out__Reject","Victim__J_Cont__C_Out__Reject",0,0,0,0,0,1,0,0,0,0,0,0,0,0,0,0,0,0,0,0,0,0,0,0,0,0,0,"J_Cont__C_Out",,,0,0,0,0,1,0,0,0
213,4,1,"victim",0,18,2,2,1,2,1,1,TRUE,2.46428571428571,1.57142857142857,2.875,3,2.33333333333333,2,1,1,1,1,2,"Out","Out","outgroup","outgroup",1,0,0,0,0,0,"Out","Out",,1,0,1,0,1,0,1,0,0,"Victim__J_Out__C_Out",0,9,-9,"Ing_x_Hum","Ing_x_Hum__Victim","Ing_x_Hum__Reject","Ing_x_Hum__Victim__Reject",0,0,0,1,0,0,"Victim__J_Out__C_Out__Reject","Victim__J_Out__C_Out__Reject",0,0,0,0,1,0,0,0,0,0,0,0,0,0,0,0,0,0,0,0,0,0,0,0,0,0,0,"J_Out__C_Out",,,0,0,0,1,0,0,0,0
213,4,2,"victim",0,18,2,2,1,2,1,1,TRUE,2.46428571428571,1.57142857142857,2.875,3,2.33333333333333,2,1,1,1,1,2,"Out","Out","outgroup","outgroup",1,0,0,0,0,0,"Out","Out",,1,0,1,0,1,0,1,0,0,"Victim__J_Out__C_Out",0,9,-9,"Ing_x_Hum","Ing_x_Hum__Victim","Ing_x_Hum__Reject","Ing_x_Hum__Victim__Reject",0,0,0,1,0,0,"Victim__J_Out__C_Out__Reject","Victim__J_Out__C_Out__Reject",0,0,0,0,1,0,0,0,0,0,0,0,0,0,0,0,0,0,0,0,0,0,0,0,0,0,0,"J_Out__C_Out",,,0,0,0,1,0,0,0,0
213,5,1,"victim",0,18,2,2,1,2,1,1,TRUE,2.46428571428571,1.57142857142857,2.875,3,2.33333333333333,2,3,2,3,2,2,"Cont","In","control","ingroup",0,1,0,,0,0,"Cont","In",,0,1,0,0,0,1,0,0,0,"Victim__J_Cont__C_In",1,9,-9,"Ing_x_Control","Ing_x_Control__Victim","Ing_x_Control__Reject","Ing_x_Control__Victim__Reject",0,0,0,0,0,1,"Victim__J_Cont__C_In__Reject","Victim__J_Cont__C_In__Reject",0,0,1,0,0,0,0,0,0,0,0,0,0,0,0,0,0,0,0,0,0,0,0,0,0,0,0,"J_Cont__C_In",,,0,1,0,0,0,0,0,0
213,5,2,"victim",0,18,2,2,1,2,1,1,TRUE,2.46428571428571,1.57142857142857,2.875,3,2.33333333333333,2,3,2,2,3,2,"Cont","In","ingroup","control",0,0,0,1,0,0,"In","Cont",,0,1,0,0,0,0,0,1,0,"Victim__J_In__C_Cont",1,9,-9,"Ing_x_Ing","Ing_x_Ing__Victim","Ing_x_Ing__Reject","Ing_x_Ing__Victim__Reject",0,0,0,0,1,0,"Victim__J_In__C_Cont__Reject","Victim__J_In__C_Cont__Reject",0,0,0,0,0,0,1,0,0,0,0,0,0,0,0,0,0,0,0,0,0,0,0,0,0,0,0,"J_In__C_Cont",,,0,0,0,0,0,1,0,0
214,1,1,"victim",0,20,2,2,1,2,1,1,TRUE,1.60714285714286,1.57142857142857,1.375,2.28571428571429,1.16666666666667,2,3,2,3,2,2,"Cont","In","control","ingroup",0,1,0,,1,1,"Cont","In",,0,1,0,0,0,1,0,0,0,"Victim__J_Cont__C_In",1,-1,1,"Ing_x_Control","Ing_x_Control__Victim","Ing_x_Control__Accept","Ing_x_Control__Victim__Accept",0,0,0,0,0,1,"Victim__J_Cont__C_In__Accept","Victim__J_Cont__C_In__Accept",0,0,1,0,0,0,0,0,0,0,0,0,0,0,0,0,0,0,0,0,0,0,0,0,0,0,0,"J_Cont__C_In",,,0,1,0,0,0,0,0,0
214,1,2,"victim",0,20,2,2,1,2,1,1,TRUE,1.60714285714286,1.57142857142857,1.375,2.28571428571429,1.16666666666667,2,3,2,2,3,2,"Cont","In","ingroup","control",0,0,0,1,1,1,"In","Cont",,0,1,0,0,0,0,0,1,0,"Victim__J_In__C_Cont",1,-1,1,"Ing_x_Ing","Ing_x_Ing__Victim","Ing_x_Ing__Accept","Ing_x_Ing__Victim__Accept",0,0,0,0,1,0,"Victim__J_In__C_Cont__Accept","Victim__J_In__C_Cont__Accept",0,0,0,0,0,0,1,0,0,0,0,0,0,0,0,0,0,0,0,0,0,0,0,0,0,0,0,"J_In__C_Cont",,,0,0,0,0,0,1,0,0
214,2,1,"victim",0,20,2,2,1,2,1,1,TRUE,1.60714285714286,1.57142857142857,1.375,2.28571428571429,1.16666666666667,2,3,2,3,2,2,"Cont","In","control","ingroup",0,1,0,,1,1,"Cont","In",,0,1,0,0,0,1,0,0,0,"Victim__J_Cont__C_In",1,-1,1,"Ing_x_Control","Ing_x_Control__Victim","Ing_x_Control__Accept","Ing_x_Control__Victim__Accept",0,0,0,0,0,1,"Victim__J_Cont__C_In__Accept","Victim__J_Cont__C_In__Accept",0,0,1,0,0,0,0,0,0,0,0,0,0,0,0,0,0,0,0,0,0,0,0,0,0,0,0,"J_Cont__C_In",,,0,1,0,0,0,0,0,0
214,2,2,"victim",0,20,2,2,1,2,1,1,TRUE,1.60714285714286,1.57142857142857,1.375,2.28571428571429,1.16666666666667,2,3,2,2,3,2,"Cont","In","ingroup","control",0,0,0,1,1,1,"In","Cont",,0,1,0,0,0,0,0,1,0,"Victim__J_In__C_Cont",1,-1,1,"Ing_x_Ing","Ing_x_Ing__Victim","Ing_x_Ing__Accept","Ing_x_Ing__Victim__Accept",0,0,0,0,1,0,"Victim__J_In__C_Cont__Accept","Victim__J_In__C_Cont__Accept",0,0,0,0,0,0,1,0,0,0,0,0,0,0,0,0,0,0,0,0,0,0,0,0,0,0,0,"J_In__C_Cont",,,0,0,0,0,0,1,0,0
214,3,1,"victim",0,20,2,2,1,2,1,1,TRUE,1.60714285714286,1.57142857142857,1.375,2.28571428571429,1.16666666666667,2,3,2,3,2,2,"Cont","In","control","ingroup",0,1,0,,0,1,"Cont","In",,0,1,0,0,0,1,0,0,0,"Victim__J_Cont__C_In",1,5,-5,"Ing_x_Control","Ing_x_Control__Victim","Ing_x_Control__Reject","Ing_x_Control__Victim__Reject",0,0,0,0,0,1,"Victim__J_Cont__C_In__Reject","Victim__J_Cont__C_In__Reject",0,0,1,0,0,0,0,0,0,0,0,0,0,0,0,0,0,0,0,0,0,0,0,0,0,0,0,"J_Cont__C_In",,,0,1,0,0,0,0,0,0
214,3,2,"victim",0,20,2,2,1,2,1,1,TRUE,1.60714285714286,1.57142857142857,1.375,2.28571428571429,1.16666666666667,2,3,2,2,3,2,"Cont","In","ingroup","control",0,0,0,1,1,0,"In","Cont",,0,1,0,0,0,0,0,1,0,"Victim__J_In__C_Cont",1,-4,4,"Ing_x_Ing","Ing_x_Ing__Victim","Ing_x_Ing__Accept","Ing_x_Ing__Victim__Accept",0,0,0,0,1,0,"Victim__J_In__C_Cont__Accept","Victim__J_In__C_Cont__Accept",0,0,0,0,0,0,1,0,0,0,0,0,0,0,0,0,0,0,0,0,0,0,0,0,0,0,0,"J_In__C_Cont",,,0,0,0,0,0,1,0,0
214,4,1,"victim",0,20,2,2,1,2,1,1,TRUE,1.60714285714286,1.57142857142857,1.375,2.28571428571429,1.16666666666667,2,2,3,2,3,2,"In","Cont","ingroup","control",0,0,0,1,1,1,"In","Cont",,0,0,0,1,0,0,0,1,0,"Victim__J_In__C_Cont",1,-2,2,"Ing_x_Ing","Ing_x_Ing__Victim","Ing_x_Ing__Accept","Ing_x_Ing__Victim__Accept",0,0,0,0,1,0,"Victim__J_In__C_Cont__Accept","Victim__J_In__C_Cont__Accept",0,0,0,0,0,0,1,0,0,0,0,0,0,0,0,0,0,0,0,0,0,0,0,0,0,0,0,"J_In__C_Cont",,,0,0,0,0,0,1,0,0
214,4,2,"victim",0,20,2,2,1,2,1,1,TRUE,1.60714285714286,1.57142857142857,1.375,2.28571428571429,1.16666666666667,2,2,3,3,2,2,"In","Cont","control","ingroup",0,1,0,,1,1,"Cont","In",,0,0,0,1,0,1,0,0,0,"Victim__J_Cont__C_In",1,-2,2,"Ing_x_Control","Ing_x_Control__Victim","Ing_x_Control__Accept","Ing_x_Control__Victim__Accept",0,0,0,0,0,1,"Victim__J_Cont__C_In__Accept","Victim__J_Cont__C_In__Accept",0,0,1,0,0,0,0,0,0,0,0,0,0,0,0,0,0,0,0,0,0,0,0,0,0,0,0,"J_Cont__C_In",,,0,1,0,0,0,0,0,0
214,5,1,"victim",0,20,2,2,1,2,1,1,TRUE,1.60714285714286,1.57142857142857,1.375,2.28571428571429,1.16666666666667,2,1,3,1,3,2,"Out","Cont","outgroup","control",1,0,0,0,0,0,"Out","Cont",,1,0,0,1,1,0,0,1,0,"Victim__J_Out__C_Cont",1,7,-7,"Ing_x_Hum","Ing_x_Hum__Victim","Ing_x_Hum__Reject","Ing_x_Hum__Victim__Reject",0,0,0,1,0,0,"Victim__J_Out__C_Cont__Reject","Victim__J_Out__C_Cont__Reject",0,0,0,0,0,0,0,1,0,0,0,0,0,0,0,0,0,0,0,0,0,0,0,0,0,0,0,"J_Out__C_Cont",,,0,0,0,0,0,0,1,0
214,5,2,"victim",0,20,2,2,1,2,1,1,TRUE,1.60714285714286,1.57142857142857,1.375,2.28571428571429,1.16666666666667,2,1,3,3,1,2,"Out","Cont","control","outgroup",0,1,0,,0,0,"Cont","Out",,1,0,0,1,0,1,1,0,0,"Victim__J_Cont__C_Out",1,7,-7,"Ing_x_Control","Ing_x_Control__Victim","Ing_x_Control__Reject","Ing_x_Control__Victim__Reject",0,0,0,0,0,1,"Victim__J_Cont__C_Out__Reject","Victim__J_Cont__C_Out__Reject",0,0,0,0,0,1,0,0,0,0,0,0,0,0,0,0,0,0,0,0,0,0,0,0,0,0,0,"J_Cont__C_Out",,,0,0,0,0,1,0,0,0
215,1,1,"victim",0,18,2,2,1,2,1,1,TRUE,3.17857142857143,2.85714285714286,3,3.57142857142857,3.33333333333333,2,1,3,1,3,2,"Out","Cont","outgroup","control",1,0,0,0,0,0,"Out","Cont",,1,0,0,1,1,0,0,1,0,"Victim__J_Out__C_Cont",1,9,-9,"Ing_x_Hum","Ing_x_Hum__Victim","Ing_x_Hum__Reject","Ing_x_Hum__Victim__Reject",0,0,0,1,0,0,"Victim__J_Out__C_Cont__Reject","Victim__J_Out__C_Cont__Reject",0,0,0,0,0,0,0,1,0,0,0,0,0,0,0,0,0,0,0,0,0,0,0,0,0,0,0,"J_Out__C_Cont",,,0,0,0,0,0,0,1,0
215,1,2,"victim",0,18,2,2,1,2,1,1,TRUE,3.17857142857143,2.85714285714286,3,3.57142857142857,3.33333333333333,2,1,3,3,1,2,"Out","Cont","control","outgroup",0,1,0,,0,0,"Cont","Out",,1,0,0,1,0,1,1,0,0,"Victim__J_Cont__C_Out",1,9,-9,"Ing_x_Control","Ing_x_Control__Victim","Ing_x_Control__Reject","Ing_x_Control__Victim__Reject",0,0,0,0,0,1,"Victim__J_Cont__C_Out__Reject","Victim__J_Cont__C_Out__Reject",0,0,0,0,0,1,0,0,0,0,0,0,0,0,0,0,0,0,0,0,0,0,0,0,0,0,0,"J_Cont__C_Out",,,0,0,0,0,1,0,0,0
215,2,1,"victim",0,18,2,2,1,2,1,1,TRUE,3.17857142857143,2.85714285714286,3,3.57142857142857,3.33333333333333,2,3,1,3,1,2,"Cont","Out","control","outgroup",0,1,0,,0,0,"Cont","Out",,0,1,1,0,0,1,1,0,0,"Victim__J_Cont__C_Out",1,9,-9,"Ing_x_Control","Ing_x_Control__Victim","Ing_x_Control__Reject","Ing_x_Control__Victim__Reject",0,0,0,0,0,1,"Victim__J_Cont__C_Out__Reject","Victim__J_Cont__C_Out__Reject",0,0,0,0,0,1,0,0,0,0,0,0,0,0,0,0,0,0,0,0,0,0,0,0,0,0,0,"J_Cont__C_Out",,,0,0,0,0,1,0,0,0
215,2,2,"victim",0,18,2,2,1,2,1,1,TRUE,3.17857142857143,2.85714285714286,3,3.57142857142857,3.33333333333333,2,3,1,1,3,2,"Cont","Out","outgroup","control",1,0,0,0,0,0,"Out","Cont",,0,1,1,0,1,0,0,1,0,"Victim__J_Out__C_Cont",1,9,-9,"Ing_x_Hum","Ing_x_Hum__Victim","Ing_x_Hum__Reject","Ing_x_Hum__Victim__Reject",0,0,0,1,0,0,"Victim__J_Out__C_Cont__Reject","Victim__J_Out__C_Cont__Reject",0,0,0,0,0,0,0,1,0,0,0,0,0,0,0,0,0,0,0,0,0,0,0,0,0,0,0,"J_Out__C_Cont",,,0,0,0,0,0,0,1,0
215,3,1,"victim",0,18,2,2,1,2,1,1,TRUE,3.17857142857143,2.85714285714286,3,3.57142857142857,3.33333333333333,2,2,3,2,3,2,"In","Cont","ingroup","control",0,0,0,1,0,0,"In","Cont",,0,0,0,1,0,0,0,1,0,"Victim__J_In__C_Cont",1,5,-5,"Ing_x_Ing","Ing_x_Ing__Victim","Ing_x_Ing__Reject","Ing_x_Ing__Victim__Reject",0,0,0,0,1,0,"Victim__J_In__C_Cont__Reject","Victim__J_In__C_Cont__Reject",0,0,0,0,0,0,1,0,0,0,0,0,0,0,0,0,0,0,0,0,0,0,0,0,0,0,0,"J_In__C_Cont",,,0,0,0,0,0,1,0,0
215,3,2,"victim",0,18,2,2,1,2,1,1,TRUE,3.17857142857143,2.85714285714286,3,3.57142857142857,3.33333333333333,2,2,3,3,2,2,"In","Cont","control","ingroup",0,1,0,,0,0,"Cont","In",,0,0,0,1,0,1,0,0,0,"Victim__J_Cont__C_In",1,5,-5,"Ing_x_Control","Ing_x_Control__Victim","Ing_x_Control__Reject","Ing_x_Control__Victim__Reject",0,0,0,0,0,1,"Victim__J_Cont__C_In__Reject","Victim__J_Cont__C_In__Reject",0,0,1,0,0,0,0,0,0,0,0,0,0,0,0,0,0,0,0,0,0,0,0,0,0,0,0,"J_Cont__C_In",,,0,1,0,0,0,0,0,0
215,4,1,"victim",0,18,2,2,1,2,1,1,TRUE,3.17857142857143,2.85714285714286,3,3.57142857142857,3.33333333333333,2,3,3,3,3,2,"Cont","Cont","control","control",0,1,0,,0,1,"Cont","Cont",,0,1,0,1,0,1,0,1,0,"Victim__J_Cont__C_Cont",1,8,-8,"Ing_x_Control","Ing_x_Control__Victim","Ing_x_Control__Reject","Ing_x_Control__Victim__Reject",0,0,0,0,0,1,"Victim__J_Cont__C_Cont__Reject","Victim__J_Cont__C_Cont__Reject",0,0,0,0,0,0,0,0,1,0,0,0,0,0,0,0,0,0,0,0,0,0,0,0,0,0,0,"J_Cont__C_Cont",,,0,0,0,0,0,0,0,1
215,4,2,"victim",0,18,2,2,1,2,1,1,TRUE,3.17857142857143,2.85714285714286,3,3.57142857142857,3.33333333333333,2,3,3,3,3,2,"Cont","Cont","control","control",0,1,0,,1,0,"Cont","Cont",,0,1,0,1,0,1,0,1,0,"Victim__J_Cont__C_Cont",1,-7,7,"Ing_x_Control","Ing_x_Control__Victim","Ing_x_Control__Accept","Ing_x_Control__Victim__Accept",0,0,0,0,0,1,"Victim__J_Cont__C_Cont__Accept","Victim__J_Cont__C_Cont__Accept",0,0,0,0,0,0,0,0,1,0,0,0,0,0,0,0,0,0,0,0,0,0,0,0,0,0,0,"J_Cont__C_Cont",,,0,0,0,0,0,0,0,1
215,5,1,"victim",0,18,2,2,1,2,1,1,TRUE,3.17857142857143,2.85714285714286,3,3.57142857142857,3.33333333333333,2,3,1,3,1,2,"Cont","Out","control","outgroup",0,1,0,,1,1,"Cont","Out",,0,1,1,0,0,1,1,0,0,"Victim__J_Cont__C_Out",1,-7,7,"Ing_x_Control","Ing_x_Control__Victim","Ing_x_Control__Accept","Ing_x_Control__Victim__Accept",0,0,0,0,0,1,"Victim__J_Cont__C_Out__Accept","Victim__J_Cont__C_Out__Accept",0,0,0,0,0,1,0,0,0,0,0,0,0,0,0,0,0,0,0,0,0,0,0,0,0,0,0,"J_Cont__C_Out",,,0,0,0,0,1,0,0,0
215,5,2,"victim",0,18,2,2,1,2,1,1,TRUE,3.17857142857143,2.85714285714286,3,3.57142857142857,3.33333333333333,2,3,1,1,3,2,"Cont","Out","outgroup","control",1,0,0,0,1,1,"Out","Cont",,0,1,1,0,1,0,0,1,0,"Victim__J_Out__C_Cont",1,-7,7,"Ing_x_Hum","Ing_x_Hum__Victim","Ing_x_Hum__Accept","Ing_x_Hum__Victim__Accept",0,0,0,1,0,0,"Victim__J_Out__C_Cont__Accept","Victim__J_Out__C_Cont__Accept",0,0,0,0,0,0,0,1,0,0,0,0,0,0,0,0,0,0,0,0,0,0,0,0,0,0,0,"J_Out__C_Cont",,,0,0,0,0,0,0,1,0
216,6,1,"victim",0,18,2,2,1,2,1,2,TRUE,2.96428571428571,3,3.25,2.57142857142857,3,2,2,1,2,1,2,"In","Out","ingroup","outgroup",0,0,0,1,1,0,"In","Out",,0,0,1,0,0,0,1,0,0,"Victim__J_In__C_Out",0,-5,5,"Ing_x_Ing","Ing_x_Ing__Victim","Ing_x_Ing__Accept","Ing_x_Ing__Victim__Accept",0,0,0,0,1,0,"Victim__J_In__C_Out__Accept","Victim__J_In__C_Out__Accept",0,0,0,1,0,0,0,0,0,0,0,0,0,0,0,0,0,0,0,0,0,0,0,0,0,0,0,"J_In__C_Out",,,0,0,1,0,0,0,0,0
216,6,2,"victim",0,18,2,2,1,2,1,2,TRUE,2.96428571428571,3,3.25,2.57142857142857,3,2,2,1,1,2,2,"In","Out","outgroup","ingroup",1,0,0,0,0,1,"Out","In",,0,0,1,0,1,0,0,0,0,"Victim__J_Out__C_In",0,9,-9,"Ing_x_Hum","Ing_x_Hum__Victim","Ing_x_Hum__Reject","Ing_x_Hum__Victim__Reject",0,0,0,1,0,0,"Victim__J_Out__C_In__Reject","Victim__J_Out__C_In__Reject",0,1,0,0,0,0,0,0,0,0,0,0,0,0,0,0,0,0,0,0,0,0,0,0,0,0,0,"J_Out__C_In",,,1,0,0,0,0,0,0,0
216,7,1,"victim",0,18,2,2,1,2,1,2,TRUE,2.96428571428571,3,3.25,2.57142857142857,3,2,2,2,2,2,2,"In","In","ingroup","ingroup",0,0,0,1,1,0,"In","In",,0,0,0,0,0,0,0,0,0,"Victim__J_In__C_In",0,-5,5,"Ing_x_Ing","Ing_x_Ing__Victim","Ing_x_Ing__Accept","Ing_x_Ing__Victim__Accept",0,0,0,0,1,0,"Victim__J_In__C_In__Accept","Victim__J_In__C_In__Accept",1,0,0,0,0,0,0,0,0,0,0,0,0,0,0,0,0,0,0,0,0,0,0,0,0,0,0,"J_In__C_In",,,0,0,0,0,0,0,0,0
216,7,2,"victim",0,18,2,2,1,2,1,2,TRUE,2.96428571428571,3,3.25,2.57142857142857,3,2,2,2,2,2,2,"In","In","ingroup","ingroup",0,0,0,1,0,1,"In","In",,0,0,0,0,0,0,0,0,0,"Victim__J_In__C_In",0,9,-9,"Ing_x_Ing","Ing_x_Ing__Victim","Ing_x_Ing__Reject","Ing_x_Ing__Victim__Reject",0,0,0,0,1,0,"Victim__J_In__C_In__Reject","Victim__J_In__C_In__Reject",1,0,0,0,0,0,0,0,0,0,0,0,0,0,0,0,0,0,0,0,0,0,0,0,0,0,0,"J_In__C_In",,,0,0,0,0,0,0,0,0
216,8,1,"victim",0,18,2,2,1,2,1,2,TRUE,2.96428571428571,3,3.25,2.57142857142857,3,2,2,1,2,1,2,"In","Out","ingroup","outgroup",0,0,0,1,0,0,"In","Out",,0,0,1,0,0,0,1,0,0,"Victim__J_In__C_Out",0,9,-9,"Ing_x_Ing","Ing_x_Ing__Victim","Ing_x_Ing__Reject","Ing_x_Ing__Victim__Reject",0,0,0,0,1,0,"Victim__J_In__C_Out__Reject","Victim__J_In__C_Out__Reject",0,0,0,1,0,0,0,0,0,0,0,0,0,0,0,0,0,0,0,0,0,0,0,0,0,0,0,"J_In__C_Out",,,0,0,1,0,0,0,0,0
216,8,2,"victim",0,18,2,2,1,2,1,2,TRUE,2.96428571428571,3,3.25,2.57142857142857,3,2,2,1,1,2,2,"In","Out","outgroup","ingroup",1,0,0,0,0,0,"Out","In",,0,0,1,0,1,0,0,0,0,"Victim__J_Out__C_In",0,9,-9,"Ing_x_Hum","Ing_x_Hum__Victim","Ing_x_Hum__Reject","Ing_x_Hum__Victim__Reject",0,0,0,1,0,0,"Victim__J_Out__C_In__Reject","Victim__J_Out__C_In__Reject",0,1,0,0,0,0,0,0,0,0,0,0,0,0,0,0,0,0,0,0,0,0,0,0,0,0,0,"J_Out__C_In",,,1,0,0,0,0,0,0,0
216,9,1,"victim",0,18,2,2,1,2,1,2,TRUE,2.96428571428571,3,3.25,2.57142857142857,3,2,3,3,3,3,2,"Cont","Cont","control","control",0,1,0,,0,0,"Cont","Cont",,0,1,0,1,0,1,0,1,0,"Victim__J_Cont__C_Cont",1,8,-8,"Ing_x_Control","Ing_x_Control__Victim","Ing_x_Control__Reject","Ing_x_Control__Victim__Reject",0,0,0,0,0,1,"Victim__J_Cont__C_Cont__Reject","Victim__J_Cont__C_Cont__Reject",0,0,0,0,0,0,0,0,1,0,0,0,0,0,0,0,0,0,0,0,0,0,0,0,0,0,0,"J_Cont__C_Cont",,,0,0,0,0,0,0,0,1
216,9,2,"victim",0,18,2,2,1,2,1,2,TRUE,2.96428571428571,3,3.25,2.57142857142857,3,2,3,3,3,3,2,"Cont","Cont","control","control",0,1,0,,0,0,"Cont","Cont",,0,1,0,1,0,1,0,1,0,"Victim__J_Cont__C_Cont",1,8,-8,"Ing_x_Control","Ing_x_Control__Victim","Ing_x_Control__Reject","Ing_x_Control__Victim__Reject",0,0,0,0,0,1,"Victim__J_Cont__C_Cont__Reject","Victim__J_Cont__C_Cont__Reject",0,0,0,0,0,0,0,0,1,0,0,0,0,0,0,0,0,0,0,0,0,0,0,0,0,0,0,"J_Cont__C_Cont",,,0,0,0,0,0,0,0,1
216,10,1,"victim",0,18,2,2,1,2,1,2,TRUE,2.96428571428571,3,3.25,2.57142857142857,3,2,3,2,3,2,2,"Cont","In","control","ingroup",0,1,0,,0,0,"Cont","In",,0,1,0,0,0,1,0,0,0,"Victim__J_Cont__C_In",1,9,-9,"Ing_x_Control","Ing_x_Control__Victim","Ing_x_Control__Reject","Ing_x_Control__Victim__Reject",0,0,0,0,0,1,"Victim__J_Cont__C_In__Reject","Victim__J_Cont__C_In__Reject",0,0,1,0,0,0,0,0,0,0,0,0,0,0,0,0,0,0,0,0,0,0,0,0,0,0,0,"J_Cont__C_In",,,0,1,0,0,0,0,0,0
216,10,2,"victim",0,18,2,2,1,2,1,2,TRUE,2.96428571428571,3,3.25,2.57142857142857,3,2,3,2,2,3,2,"Cont","In","ingroup","control",0,0,0,1,0,0,"In","Cont",,0,1,0,0,0,0,0,1,0,"Victim__J_In__C_Cont",1,9,-9,"Ing_x_Ing","Ing_x_Ing__Victim","Ing_x_Ing__Reject","Ing_x_Ing__Victim__Reject",0,0,0,0,1,0,"Victim__J_In__C_Cont__Reject","Victim__J_In__C_Cont__Reject",0,0,0,0,0,0,1,0,0,0,0,0,0,0,0,0,0,0,0,0,0,0,0,0,0,0,0,"J_In__C_Cont",,,0,0,0,0,0,1,0,0
217,6,1,"victim",0,18,2,1,0,1,0,2,TRUE,2.07142857142857,2,2.25,2.14285714285714,1.83333333333333,1,2,3,2,3,1,"Out","Cont","outgroup","control",1,0,0,0,1,1,"Out","Cont",,1,0,0,1,1,0,0,1,0,"Victim__J_Out__C_Cont",1,-3,3,"Hum_x_Ing","Hum_x_Ing__Victim","Hum_x_Ing__Accept","Hum_x_Ing__Victim__Accept",0,1,0,0,0,0,"Victim__J_Out__C_Cont__Accept","Victim__J_Out__C_Cont__Accept",0,0,0,0,0,0,0,1,0,0,0,0,0,0,0,0,0,0,0,0,0,0,0,0,0,0,0,"J_Out__C_Cont",,,0,0,0,0,0,0,1,0
217,6,2,"victim",0,18,2,1,0,1,0,2,TRUE,2.07142857142857,2,2.25,2.14285714285714,1.83333333333333,1,2,3,3,2,1,"Out","Cont","control","outgroup",0,1,0,,1,1,"Cont","Out",,1,0,0,1,0,1,1,0,0,"Victim__J_Cont__C_Out",1,-3,3,"Hum_x_Control","Hum_x_Control__Victim","Hum_x_Control__Accept","Hum_x_Control__Victim__Accept",0,0,1,0,0,0,"Victim__J_Cont__C_Out__Accept","Victim__J_Cont__C_Out__Accept",0,0,0,0,0,1,0,0,0,0,0,0,0,0,0,0,0,0,0,0,0,0,0,0,0,0,0,"J_Cont__C_Out",,,0,0,0,0,1,0,0,0
217,7,1,"victim",0,18,2,1,0,1,0,2,TRUE,2.07142857142857,2,2.25,2.14285714285714,1.83333333333333,1,1,1,1,1,1,"In","In","ingroup","ingroup",0,0,0,1,1,1,"In","In",,0,0,0,0,0,0,0,0,0,"Victim__J_In__C_In",0,-3,3,"Hum_x_Hum","Hum_x_Hum__Victim","Hum_x_Hum__Accept","Hum_x_Hum__Victim__Accept",1,0,0,0,0,0,"Victim__J_In__C_In__Accept","Victim__J_In__C_In__Accept",1,0,0,0,0,0,0,0,0,0,0,0,0,0,0,0,0,0,0,0,0,0,0,0,0,0,0,"J_In__C_In",,,0,0,0,0,0,0,0,0
217,7,2,"victim",0,18,2,1,0,1,0,2,TRUE,2.07142857142857,2,2.25,2.14285714285714,1.83333333333333,1,1,1,1,1,1,"In","In","ingroup","ingroup",0,0,0,1,1,1,"In","In",,0,0,0,0,0,0,0,0,0,"Victim__J_In__C_In",0,-3,3,"Hum_x_Hum","Hum_x_Hum__Victim","Hum_x_Hum__Accept","Hum_x_Hum__Victim__Accept",1,0,0,0,0,0,"Victim__J_In__C_In__Accept","Victim__J_In__C_In__Accept",1,0,0,0,0,0,0,0,0,0,0,0,0,0,0,0,0,0,0,0,0,0,0,0,0,0,0,"J_In__C_In",,,0,0,0,0,0,0,0,0
217,8,1,"victim",0,18,2,1,0,1,0,2,TRUE,2.07142857142857,2,2.25,2.14285714285714,1.83333333333333,1,2,2,2,2,1,"Out","Out","outgroup","outgroup",1,0,0,0,0,0,"Out","Out",,1,0,1,0,1,0,1,0,0,"Victim__J_Out__C_Out",0,0,0,"Hum_x_Ing","Hum_x_Ing__Victim","Hum_x_Ing__Reject","Hum_x_Ing__Victim__Reject",0,1,0,0,0,0,"Victim__J_Out__C_Out__Reject","Victim__J_Out__C_Out__Reject",0,0,0,0,1,0,0,0,0,0,0,0,0,0,0,0,0,0,0,0,0,0,0,0,0,0,0,"J_Out__C_Out",,,0,0,0,1,0,0,0,0
217,8,2,"victim",0,18,2,1,0,1,0,2,TRUE,2.07142857142857,2,2.25,2.14285714285714,1.83333333333333,1,2,2,2,2,1,"Out","Out","outgroup","outgroup",1,0,0,0,0,0,"Out","Out",,1,0,1,0,1,0,1,0,0,"Victim__J_Out__C_Out",0,2,-2,"Hum_x_Ing","Hum_x_Ing__Victim","Hum_x_Ing__Reject","Hum_x_Ing__Victim__Reject",0,1,0,0,0,0,"Victim__J_Out__C_Out__Reject","Victim__J_Out__C_Out__Reject",0,0,0,0,1,0,0,0,0,0,0,0,0,0,0,0,0,0,0,0,0,0,0,0,0,0,0,"J_Out__C_Out",,,0,0,0,1,0,0,0,0
217,9,1,"victim",0,18,2,1,0,1,0,2,TRUE,2.07142857142857,2,2.25,2.14285714285714,1.83333333333333,1,2,1,2,1,1,"Out","In","outgroup","ingroup",1,0,0,0,0,1,"Out","In",,1,0,0,0,1,0,0,0,0,"Victim__J_Out__C_In",0,3,-3,"Hum_x_Ing","Hum_x_Ing__Victim","Hum_x_Ing__Reject","Hum_x_Ing__Victim__Reject",0,1,0,0,0,0,"Victim__J_Out__C_In__Reject","Victim__J_Out__C_In__Reject",0,1,0,0,0,0,0,0,0,0,0,0,0,0,0,0,0,0,0,0,0,0,0,0,0,0,0,"J_Out__C_In",,,1,0,0,0,0,0,0,0
217,9,2,"victim",0,18,2,1,0,1,0,2,TRUE,2.07142857142857,2,2.25,2.14285714285714,1.83333333333333,1,2,1,1,2,1,"Out","In","ingroup","outgroup",0,0,0,1,1,0,"In","Out",,1,0,0,0,0,0,1,0,0,"Victim__J_In__C_Out",0,-3,3,"Hum_x_Hum","Hum_x_Hum__Victim","Hum_x_Hum__Accept","Hum_x_Hum__Victim__Accept",1,0,0,0,0,0,"Victim__J_In__C_Out__Accept","Victim__J_In__C_Out__Accept",0,0,0,1,0,0,0,0,0,0,0,0,0,0,0,0,0,0,0,0,0,0,0,0,0,0,0,"J_In__C_Out",,,0,0,1,0,0,0,0,0
217,10,1,"victim",0,18,2,1,0,1,0,2,TRUE,2.07142857142857,2,2.25,2.14285714285714,1.83333333333333,1,1,2,1,2,1,"In","Out","ingroup","outgroup",0,0,0,1,0,1,"In","Out",,0,0,1,0,0,0,1,0,0,"Victim__J_In__C_Out",0,3,-3,"Hum_x_Hum","Hum_x_Hum__Victim","Hum_x_Hum__Reject","Hum_x_Hum__Victim__Reject",1,0,0,0,0,0,"Victim__J_In__C_Out__Reject","Victim__J_In__C_Out__Reject",0,0,0,1,0,0,0,0,0,0,0,0,0,0,0,0,0,0,0,0,0,0,0,0,0,0,0,"J_In__C_Out",,,0,0,1,0,0,0,0,0
217,10,2,"victim",0,18,2,1,0,1,0,2,TRUE,2.07142857142857,2,2.25,2.14285714285714,1.83333333333333,1,1,2,2,1,1,"In","Out","outgroup","ingroup",1,0,0,0,1,0,"Out","In",,0,0,1,0,1,0,0,0,0,"Victim__J_Out__C_In",0,-2,2,"Hum_x_Ing","Hum_x_Ing__Victim","Hum_x_Ing__Accept","Hum_x_Ing__Victim__Accept",0,1,0,0,0,0,"Victim__J_Out__C_In__Accept","Victim__J_Out__C_In__Accept",0,1,0,0,0,0,0,0,0,0,0,0,0,0,0,0,0,0,0,0,0,0,0,0,0,0,0,"J_Out__C_In",,,1,0,0,0,0,0,0,0
218,1,1,"victim",0,18,3,1,0,1,0,1,TRUE,3.28571428571429,3.71428571428571,2.875,3.14285714285714,3.5,1,3,1,3,1,1,"Cont","In","control","ingroup",0,1,0,,0,1,"Cont","In",,0,1,0,0,0,1,0,0,0,"Victim__J_Cont__C_In",1,9,-9,"Hum_x_Control","Hum_x_Control__Victim","Hum_x_Control__Reject","Hum_x_Control__Victim__Reject",0,0,1,0,0,0,"Victim__J_Cont__C_In__Reject","Victim__J_Cont__C_In__Reject",0,0,1,0,0,0,0,0,0,0,0,0,0,0,0,0,0,0,0,0,0,0,0,0,0,0,0,"J_Cont__C_In",,,0,1,0,0,0,0,0,0
218,1,2,"victim",0,18,3,1,0,1,0,1,TRUE,3.28571428571429,3.71428571428571,2.875,3.14285714285714,3.5,1,3,1,1,3,1,"Cont","In","ingroup","control",0,0,0,1,1,0,"In","Cont",,0,1,0,0,0,0,0,1,0,"Victim__J_In__C_Cont",1,-1,1,"Hum_x_Hum","Hum_x_Hum__Victim","Hum_x_Hum__Accept","Hum_x_Hum__Victim__Accept",1,0,0,0,0,0,"Victim__J_In__C_Cont__Accept","Victim__J_In__C_Cont__Accept",0,0,0,0,0,0,1,0,0,0,0,0,0,0,0,0,0,0,0,0,0,0,0,0,0,0,0,"J_In__C_Cont",,,0,0,0,0,0,1,0,0
218,2,1,"victim",0,18,3,1,0,1,0,1,TRUE,3.28571428571429,3.71428571428571,2.875,3.14285714285714,3.5,1,3,3,3,3,1,"Cont","Cont","control","control",0,1,0,,1,1,"Cont","Cont",,0,1,0,1,0,1,0,1,0,"Victim__J_Cont__C_Cont",1,-1,1,"Hum_x_Control","Hum_x_Control__Victim","Hum_x_Control__Accept","Hum_x_Control__Victim__Accept",0,0,1,0,0,0,"Victim__J_Cont__C_Cont__Accept","Victim__J_Cont__C_Cont__Accept",0,0,0,0,0,0,0,0,1,0,0,0,0,0,0,0,0,0,0,0,0,0,0,0,0,0,0,"J_Cont__C_Cont",,,0,0,0,0,0,0,0,1
218,2,2,"victim",0,18,3,1,0,1,0,1,TRUE,3.28571428571429,3.71428571428571,2.875,3.14285714285714,3.5,1,3,3,3,3,1,"Cont","Cont","control","control",0,1,0,,1,1,"Cont","Cont",,0,1,0,1,0,1,0,1,0,"Victim__J_Cont__C_Cont",1,-1,1,"Hum_x_Control","Hum_x_Control__Victim","Hum_x_Control__Accept","Hum_x_Control__Victim__Accept",0,0,1,0,0,0,"Victim__J_Cont__C_Cont__Accept","Victim__J_Cont__C_Cont__Accept",0,0,0,0,0,0,0,0,1,0,0,0,0,0,0,0,0,0,0,0,0,0,0,0,0,0,0,"J_Cont__C_Cont",,,0,0,0,0,0,0,0,1
218,3,1,"victim",0,18,3,1,0,1,0,1,TRUE,3.28571428571429,3.71428571428571,2.875,3.14285714285714,3.5,1,2,2,2,2,1,"Out","Out","outgroup","outgroup",1,0,0,0,0,0,"Out","Out",,1,0,1,0,1,0,1,0,0,"Victim__J_Out__C_Out",0,8,-8,"Hum_x_Ing","Hum_x_Ing__Victim","Hum_x_Ing__Reject","Hum_x_Ing__Victim__Reject",0,1,0,0,0,0,"Victim__J_Out__C_Out__Reject","Victim__J_Out__C_Out__Reject",0,0,0,0,1,0,0,0,0,0,0,0,0,0,0,0,0,0,0,0,0,0,0,0,0,0,0,"J_Out__C_Out",,,0,0,0,1,0,0,0,0
218,3,2,"victim",0,18,3,1,0,1,0,1,TRUE,3.28571428571429,3.71428571428571,2.875,3.14285714285714,3.5,1,2,2,2,2,1,"Out","Out","outgroup","outgroup",1,0,0,0,0,0,"Out","Out",,1,0,1,0,1,0,1,0,0,"Victim__J_Out__C_Out",0,8,-8,"Hum_x_Ing","Hum_x_Ing__Victim","Hum_x_Ing__Reject","Hum_x_Ing__Victim__Reject",0,1,0,0,0,0,"Victim__J_Out__C_Out__Reject","Victim__J_Out__C_Out__Reject",0,0,0,0,1,0,0,0,0,0,0,0,0,0,0,0,0,0,0,0,0,0,0,0,0,0,0,"J_Out__C_Out",,,0,0,0,1,0,0,0,0
218,4,1,"victim",0,18,3,1,0,1,0,1,TRUE,3.28571428571429,3.71428571428571,2.875,3.14285714285714,3.5,1,3,1,3,1,1,"Cont","In","control","ingroup",0,1,0,,0,0,"Cont","In",,0,1,0,0,0,1,0,0,0,"Victim__J_Cont__C_In",1,9,-9,"Hum_x_Control","Hum_x_Control__Victim","Hum_x_Control__Reject","Hum_x_Control__Victim__Reject",0,0,1,0,0,0,"Victim__J_Cont__C_In__Reject","Victim__J_Cont__C_In__Reject",0,0,1,0,0,0,0,0,0,0,0,0,0,0,0,0,0,0,0,0,0,0,0,0,0,0,0,"J_Cont__C_In",,,0,1,0,0,0,0,0,0
218,4,2,"victim",0,18,3,1,0,1,0,1,TRUE,3.28571428571429,3.71428571428571,2.875,3.14285714285714,3.5,1,3,1,1,3,1,"Cont","In","ingroup","control",0,0,0,1,0,0,"In","Cont",,0,1,0,0,0,0,0,1,0,"Victim__J_In__C_Cont",1,9,-9,"Hum_x_Hum","Hum_x_Hum__Victim","Hum_x_Hum__Reject","Hum_x_Hum__Victim__Reject",1,0,0,0,0,0,"Victim__J_In__C_Cont__Reject","Victim__J_In__C_Cont__Reject",0,0,0,0,0,0,1,0,0,0,0,0,0,0,0,0,0,0,0,0,0,0,0,0,0,0,0,"J_In__C_Cont",,,0,0,0,0,0,1,0,0
218,5,1,"victim",0,18,3,1,0,1,0,1,TRUE,3.28571428571429,3.71428571428571,2.875,3.14285714285714,3.5,1,2,3,2,3,1,"Out","Cont","outgroup","control",1,0,0,0,1,0,"Out","Cont",,1,0,0,1,1,0,0,1,0,"Victim__J_Out__C_Cont",1,-1,1,"Hum_x_Ing","Hum_x_Ing__Victim","Hum_x_Ing__Accept","Hum_x_Ing__Victim__Accept",0,1,0,0,0,0,"Victim__J_Out__C_Cont__Accept","Victim__J_Out__C_Cont__Accept",0,0,0,0,0,0,0,1,0,0,0,0,0,0,0,0,0,0,0,0,0,0,0,0,0,0,0,"J_Out__C_Cont",,,0,0,0,0,0,0,1,0
218,5,2,"victim",0,18,3,1,0,1,0,1,TRUE,3.28571428571429,3.71428571428571,2.875,3.14285714285714,3.5,1,2,3,3,2,1,"Out","Cont","control","outgroup",0,1,0,,0,1,"Cont","Out",,1,0,0,1,0,1,1,0,0,"Victim__J_Cont__C_Out",1,8,-8,"Hum_x_Control","Hum_x_Control__Victim","Hum_x_Control__Reject","Hum_x_Control__Victim__Reject",0,0,1,0,0,0,"Victim__J_Cont__C_Out__Reject","Victim__J_Cont__C_Out__Reject",0,0,0,0,0,1,0,0,0,0,0,0,0,0,0,0,0,0,0,0,0,0,0,0,0,0,0,"J_Cont__C_Out",,,0,0,0,0,1,0,0,0
219,1,1,"victim",0,18,2,2,1,1,0,1,TRUE,2.07142857142857,1,2.5,2.28571428571429,2.5,1,3,2,3,2,1,"Cont","Out","control","outgroup",0,1,0,,1,1,"Cont","Out",,0,1,1,0,0,1,1,0,0,"Victim__J_Cont__C_Out",1,5,-5,"Hum_x_Control","Hum_x_Control__Victim","Hum_x_Control__Accept","Hum_x_Control__Victim__Accept",0,0,1,0,0,0,"Victim__J_Cont__C_Out__Accept","Victim__J_Cont__C_Out__Accept",0,0,0,0,0,1,0,0,0,0,0,0,0,0,0,0,0,0,0,0,0,0,0,0,0,0,0,"J_Cont__C_Out",,,0,0,0,0,1,0,0,0
219,1,2,"victim",0,18,2,2,1,1,0,1,TRUE,2.07142857142857,1,2.5,2.28571428571429,2.5,1,3,2,2,3,1,"Cont","Out","outgroup","control",1,0,0,0,1,1,"Out","Cont",,0,1,1,0,1,0,0,1,0,"Victim__J_Out__C_Cont",1,5,-5,"Hum_x_Ing","Hum_x_Ing__Victim","Hum_x_Ing__Accept","Hum_x_Ing__Victim__Accept",0,1,0,0,0,0,"Victim__J_Out__C_Cont__Accept","Victim__J_Out__C_Cont__Accept",0,0,0,0,0,0,0,1,0,0,0,0,0,0,0,0,0,0,0,0,0,0,0,0,0,0,0,"J_Out__C_Cont",,,0,0,0,0,0,0,1,0
219,2,1,"victim",0,18,2,2,1,1,0,1,TRUE,2.07142857142857,1,2.5,2.28571428571429,2.5,1,1,3,1,3,1,"In","Cont","ingroup","control",0,0,0,1,0,0,"In","Cont",,0,0,0,1,0,0,0,1,0,"Victim__J_In__C_Cont",1,-4,4,"Hum_x_Hum","Hum_x_Hum__Victim","Hum_x_Hum__Reject","Hum_x_Hum__Victim__Reject",1,0,0,0,0,0,"Victim__J_In__C_Cont__Reject","Victim__J_In__C_Cont__Reject",0,0,0,0,0,0,1,0,0,0,0,0,0,0,0,0,0,0,0,0,0,0,0,0,0,0,0,"J_In__C_Cont",,,0,0,0,0,0,1,0,0
219,2,2,"victim",0,18,2,2,1,1,0,1,TRUE,2.07142857142857,1,2.5,2.28571428571429,2.5,1,1,3,3,1,1,"In","Cont","control","ingroup",0,1,0,,0,0,"Cont","In",,0,0,0,1,0,1,0,0,0,"Victim__J_Cont__C_In",1,-4,4,"Hum_x_Control","Hum_x_Control__Victim","Hum_x_Control__Reject","Hum_x_Control__Victim__Reject",0,0,1,0,0,0,"Victim__J_Cont__C_In__Reject","Victim__J_Cont__C_In__Reject",0,0,1,0,0,0,0,0,0,0,0,0,0,0,0,0,0,0,0,0,0,0,0,0,0,0,0,"J_Cont__C_In",,,0,1,0,0,0,0,0,0
219,3,1,"victim",0,18,2,2,1,1,0,1,TRUE,2.07142857142857,1,2.5,2.28571428571429,2.5,1,3,3,3,3,1,"Cont","Cont","control","control",0,1,0,,0,0,"Cont","Cont",,0,1,0,1,0,1,0,1,0,"Victim__J_Cont__C_Cont",1,-5,5,"Hum_x_Control","Hum_x_Control__Victim","Hum_x_Control__Reject","Hum_x_Control__Victim__Reject",0,0,1,0,0,0,"Victim__J_Cont__C_Cont__Reject","Victim__J_Cont__C_Cont__Reject",0,0,0,0,0,0,0,0,1,0,0,0,0,0,0,0,0,0,0,0,0,0,0,0,0,0,0,"J_Cont__C_Cont",,,0,0,0,0,0,0,0,1
219,3,2,"victim",0,18,2,2,1,1,0,1,TRUE,2.07142857142857,1,2.5,2.28571428571429,2.5,1,3,3,3,3,1,"Cont","Cont","control","control",0,1,0,,0,0,"Cont","Cont",,0,1,0,1,0,1,0,1,0,"Victim__J_Cont__C_Cont",1,-5,5,"Hum_x_Control","Hum_x_Control__Victim","Hum_x_Control__Reject","Hum_x_Control__Victim__Reject",0,0,1,0,0,0,"Victim__J_Cont__C_Cont__Reject","Victim__J_Cont__C_Cont__Reject",0,0,0,0,0,0,0,0,1,0,0,0,0,0,0,0,0,0,0,0,0,0,0,0,0,0,0,"J_Cont__C_Cont",,,0,0,0,0,0,0,0,1
219,4,1,"victim",0,18,2,2,1,1,0,1,TRUE,2.07142857142857,1,2.5,2.28571428571429,2.5,1,2,2,2,2,1,"Out","Out","outgroup","outgroup",1,0,0,0,1,0,"Out","Out",,1,0,1,0,1,0,1,0,0,"Victim__J_Out__C_Out",0,-2,2,"Hum_x_Ing","Hum_x_Ing__Victim","Hum_x_Ing__Accept","Hum_x_Ing__Victim__Accept",0,1,0,0,0,0,"Victim__J_Out__C_Out__Accept","Victim__J_Out__C_Out__Accept",0,0,0,0,1,0,0,0,0,0,0,0,0,0,0,0,0,0,0,0,0,0,0,0,0,0,0,"J_Out__C_Out",,,0,0,0,1,0,0,0,0
219,4,2,"victim",0,18,2,2,1,1,0,1,TRUE,2.07142857142857,1,2.5,2.28571428571429,2.5,1,2,2,2,2,1,"Out","Out","outgroup","outgroup",1,0,0,0,0,1,"Out","Out",,1,0,1,0,1,0,1,0,0,"Victim__J_Out__C_Out",0,4,-4,"Hum_x_Ing","Hum_x_Ing__Victim","Hum_x_Ing__Reject","Hum_x_Ing__Victim__Reject",0,1,0,0,0,0,"Victim__J_Out__C_Out__Reject","Victim__J_Out__C_Out__Reject",0,0,0,0,1,0,0,0,0,0,0,0,0,0,0,0,0,0,0,0,0,0,0,0,0,0,0,"J_Out__C_Out",,,0,0,0,1,0,0,0,0
219,5,1,"victim",0,18,2,2,1,1,0,1,TRUE,2.07142857142857,1,2.5,2.28571428571429,2.5,1,3,3,3,3,1,"Cont","Cont","control","control",0,1,0,,0,1,"Cont","Cont",,0,1,0,1,0,1,0,1,0,"Victim__J_Cont__C_Cont",1,4,-4,"Hum_x_Control","Hum_x_Control__Victim","Hum_x_Control__Reject","Hum_x_Control__Victim__Reject",0,0,1,0,0,0,"Victim__J_Cont__C_Cont__Reject","Victim__J_Cont__C_Cont__Reject",0,0,0,0,0,0,0,0,1,0,0,0,0,0,0,0,0,0,0,0,0,0,0,0,0,0,0,"J_Cont__C_Cont",,,0,0,0,0,0,0,0,1
219,5,2,"victim",0,18,2,2,1,1,0,1,TRUE,2.07142857142857,1,2.5,2.28571428571429,2.5,1,3,3,3,3,1,"Cont","Cont","control","control",0,1,0,,1,0,"Cont","Cont",,0,1,0,1,0,1,0,1,0,"Victim__J_Cont__C_Cont",1,-2,2,"Hum_x_Control","Hum_x_Control__Victim","Hum_x_Control__Accept","Hum_x_Control__Victim__Accept",0,0,1,0,0,0,"Victim__J_Cont__C_Cont__Accept","Victim__J_Cont__C_Cont__Accept",0,0,0,0,0,0,0,0,1,0,0,0,0,0,0,0,0,0,0,0,0,0,0,0,0,0,0,"J_Cont__C_Cont",,,0,0,0,0,0,0,0,1
220,1,1,"victim",0,18,3,2,1,1,0,1,TRUE,3.10714285714286,3.14285714285714,3.125,3.28571428571429,2.83333333333333,1,3,3,3,3,1,"Cont","Cont","control","control",0,1,0,,0,1,"Cont","Cont",,0,1,0,1,0,1,0,1,0,"Victim__J_Cont__C_Cont",1,9,-9,"Hum_x_Control","Hum_x_Control__Victim","Hum_x_Control__Reject","Hum_x_Control__Victim__Reject",0,0,1,0,0,0,"Victim__J_Cont__C_Cont__Reject","Victim__J_Cont__C_Cont__Reject",0,0,0,0,0,0,0,0,1,0,0,0,0,0,0,0,0,0,0,0,0,0,0,0,0,0,0,"J_Cont__C_Cont",,,0,0,0,0,0,0,0,1
220,1,2,"victim",0,18,3,2,1,1,0,1,TRUE,3.10714285714286,3.14285714285714,3.125,3.28571428571429,2.83333333333333,1,3,3,3,3,1,"Cont","Cont","control","control",0,1,0,,1,0,"Cont","Cont",,0,1,0,1,0,1,0,1,0,"Victim__J_Cont__C_Cont",1,-9,9,"Hum_x_Control","Hum_x_Control__Victim","Hum_x_Control__Accept","Hum_x_Control__Victim__Accept",0,0,1,0,0,0,"Victim__J_Cont__C_Cont__Accept","Victim__J_Cont__C_Cont__Accept",0,0,0,0,0,0,0,0,1,0,0,0,0,0,0,0,0,0,0,0,0,0,0,0,0,0,0,"J_Cont__C_Cont",,,0,0,0,0,0,0,0,1
220,2,1,"victim",0,18,3,2,1,1,0,1,TRUE,3.10714285714286,3.14285714285714,3.125,3.28571428571429,2.83333333333333,1,1,3,1,3,1,"In","Cont","ingroup","control",0,0,0,1,1,0,"In","Cont",,0,0,0,1,0,0,0,1,0,"Victim__J_In__C_Cont",1,-9,9,"Hum_x_Hum","Hum_x_Hum__Victim","Hum_x_Hum__Accept","Hum_x_Hum__Victim__Accept",1,0,0,0,0,0,"Victim__J_In__C_Cont__Accept","Victim__J_In__C_Cont__Accept",0,0,0,0,0,0,1,0,0,0,0,0,0,0,0,0,0,0,0,0,0,0,0,0,0,0,0,"J_In__C_Cont",,,0,0,0,0,0,1,0,0
220,2,2,"victim",0,18,3,2,1,1,0,1,TRUE,3.10714285714286,3.14285714285714,3.125,3.28571428571429,2.83333333333333,1,1,3,3,1,1,"In","Cont","control","ingroup",0,1,0,,0,1,"Cont","In",,0,0,0,1,0,1,0,0,0,"Victim__J_Cont__C_In",1,9,-9,"Hum_x_Control","Hum_x_Control__Victim","Hum_x_Control__Reject","Hum_x_Control__Victim__Reject",0,0,1,0,0,0,"Victim__J_Cont__C_In__Reject","Victim__J_Cont__C_In__Reject",0,0,1,0,0,0,0,0,0,0,0,0,0,0,0,0,0,0,0,0,0,0,0,0,0,0,0,"J_Cont__C_In",,,0,1,0,0,0,0,0,0
220,3,1,"victim",0,18,3,2,1,1,0,1,TRUE,3.10714285714286,3.14285714285714,3.125,3.28571428571429,2.83333333333333,1,2,1,2,1,1,"Out","In","outgroup","ingroup",1,0,0,0,1,0,"Out","In",,1,0,0,0,1,0,0,0,0,"Victim__J_Out__C_In",0,-9,9,"Hum_x_Ing","Hum_x_Ing__Victim","Hum_x_Ing__Accept","Hum_x_Ing__Victim__Accept",0,1,0,0,0,0,"Victim__J_Out__C_In__Accept","Victim__J_Out__C_In__Accept",0,1,0,0,0,0,0,0,0,0,0,0,0,0,0,0,0,0,0,0,0,0,0,0,0,0,0,"J_Out__C_In",,,1,0,0,0,0,0,0,0
220,3,2,"victim",0,18,3,2,1,1,0,1,TRUE,3.10714285714286,3.14285714285714,3.125,3.28571428571429,2.83333333333333,1,2,1,1,2,1,"Out","In","ingroup","outgroup",0,0,0,1,0,1,"In","Out",,1,0,0,0,0,0,1,0,0,"Victim__J_In__C_Out",0,9,-9,"Hum_x_Hum","Hum_x_Hum__Victim","Hum_x_Hum__Reject","Hum_x_Hum__Victim__Reject",1,0,0,0,0,0,"Victim__J_In__C_Out__Reject","Victim__J_In__C_Out__Reject",0,0,0,1,0,0,0,0,0,0,0,0,0,0,0,0,0,0,0,0,0,0,0,0,0,0,0,"J_In__C_Out",,,0,0,1,0,0,0,0,0
220,4,1,"victim",0,18,3,2,1,1,0,1,TRUE,3.10714285714286,3.14285714285714,3.125,3.28571428571429,2.83333333333333,1,2,3,2,3,1,"Out","Cont","outgroup","control",1,0,0,0,1,1,"Out","Cont",,1,0,0,1,1,0,0,1,0,"Victim__J_Out__C_Cont",1,-9,9,"Hum_x_Ing","Hum_x_Ing__Victim","Hum_x_Ing__Accept","Hum_x_Ing__Victim__Accept",0,1,0,0,0,0,"Victim__J_Out__C_Cont__Accept","Victim__J_Out__C_Cont__Accept",0,0,0,0,0,0,0,1,0,0,0,0,0,0,0,0,0,0,0,0,0,0,0,0,0,0,0,"J_Out__C_Cont",,,0,0,0,0,0,0,1,0
220,4,2,"victim",0,18,3,2,1,1,0,1,TRUE,3.10714285714286,3.14285714285714,3.125,3.28571428571429,2.83333333333333,1,2,3,3,2,1,"Out","Cont","control","outgroup",0,1,0,,1,1,"Cont","Out",,1,0,0,1,0,1,1,0,0,"Victim__J_Cont__C_Out",1,-9,9,"Hum_x_Control","Hum_x_Control__Victim","Hum_x_Control__Accept","Hum_x_Control__Victim__Accept",0,0,1,0,0,0,"Victim__J_Cont__C_Out__Accept","Victim__J_Cont__C_Out__Accept",0,0,0,0,0,1,0,0,0,0,0,0,0,0,0,0,0,0,0,0,0,0,0,0,0,0,0,"J_Cont__C_Out",,,0,0,0,0,1,0,0,0
220,5,1,"victim",0,18,3,2,1,1,0,1,TRUE,3.10714285714286,3.14285714285714,3.125,3.28571428571429,2.83333333333333,1,2,1,2,1,1,"Out","In","outgroup","ingroup",1,0,0,0,1,0,"Out","In",,1,0,0,0,1,0,0,0,0,"Victim__J_Out__C_In",0,-9,9,"Hum_x_Ing","Hum_x_Ing__Victim","Hum_x_Ing__Accept","Hum_x_Ing__Victim__Accept",0,1,0,0,0,0,"Victim__J_Out__C_In__Accept","Victim__J_Out__C_In__Accept",0,1,0,0,0,0,0,0,0,0,0,0,0,0,0,0,0,0,0,0,0,0,0,0,0,0,0,"J_Out__C_In",,,1,0,0,0,0,0,0,0
220,5,2,"victim",0,18,3,2,1,1,0,1,TRUE,3.10714285714286,3.14285714285714,3.125,3.28571428571429,2.83333333333333,1,2,1,1,2,1,"Out","In","ingroup","outgroup",0,0,0,1,0,1,"In","Out",,1,0,0,0,0,0,1,0,0,"Victim__J_In__C_Out",0,9,-9,"Hum_x_Hum","Hum_x_Hum__Victim","Hum_x_Hum__Reject","Hum_x_Hum__Victim__Reject",1,0,0,0,0,0,"Victim__J_In__C_Out__Reject","Victim__J_In__C_Out__Reject",0,0,0,1,0,0,0,0,0,0,0,0,0,0,0,0,0,0,0,0,0,0,0,0,0,0,0,"J_In__C_Out",,,0,0,1,0,0,0,0,0
221,1,1,"victim",0,22,1,1,0,1,0,1,TRUE,2.10714285714286,1.71428571428571,2.375,2.57142857142857,1.66666666666667,1,3,3,3,3,1,"Cont","Cont","control","control",0,1,0,,1,1,"Cont","Cont",,0,1,0,1,0,1,0,1,0,"Victim__J_Cont__C_Cont",1,-1,1,"Hum_x_Control","Hum_x_Control__Victim","Hum_x_Control__Accept","Hum_x_Control__Victim__Accept",0,0,1,0,0,0,"Victim__J_Cont__C_Cont__Accept","Victim__J_Cont__C_Cont__Accept",0,0,0,0,0,0,0,0,1,0,0,0,0,0,0,0,0,0,0,0,0,0,0,0,0,0,0,"J_Cont__C_Cont",,,0,0,0,0,0,0,0,1
221,1,2,"victim",0,22,1,1,0,1,0,1,TRUE,2.10714285714286,1.71428571428571,2.375,2.57142857142857,1.66666666666667,1,3,3,3,3,1,"Cont","Cont","control","control",0,1,0,,1,1,"Cont","Cont",,0,1,0,1,0,1,0,1,0,"Victim__J_Cont__C_Cont",1,-1,1,"Hum_x_Control","Hum_x_Control__Victim","Hum_x_Control__Accept","Hum_x_Control__Victim__Accept",0,0,1,0,0,0,"Victim__J_Cont__C_Cont__Accept","Victim__J_Cont__C_Cont__Accept",0,0,0,0,0,0,0,0,1,0,0,0,0,0,0,0,0,0,0,0,0,0,0,0,0,0,0,"J_Cont__C_Cont",,,0,0,0,0,0,0,0,1
221,2,1,"victim",0,22,1,1,0,1,0,1,TRUE,2.10714285714286,1.71428571428571,2.375,2.57142857142857,1.66666666666667,1,2,2,2,2,1,"Out","Out","outgroup","outgroup",1,0,0,0,0,1,"Out","Out",,1,0,1,0,1,0,1,0,0,"Victim__J_Out__C_Out",0,-3,3,"Hum_x_Ing","Hum_x_Ing__Victim","Hum_x_Ing__Reject","Hum_x_Ing__Victim__Reject",0,1,0,0,0,0,"Victim__J_Out__C_Out__Reject","Victim__J_Out__C_Out__Reject",0,0,0,0,1,0,0,0,0,0,0,0,0,0,0,0,0,0,0,0,0,0,0,0,0,0,0,"J_Out__C_Out",,,0,0,0,1,0,0,0,0
221,2,2,"victim",0,22,1,1,0,1,0,1,TRUE,2.10714285714286,1.71428571428571,2.375,2.57142857142857,1.66666666666667,1,2,2,2,2,1,"Out","Out","outgroup","outgroup",1,0,0,0,1,0,"Out","Out",,1,0,1,0,1,0,1,0,0,"Victim__J_Out__C_Out",0,-3,3,"Hum_x_Ing","Hum_x_Ing__Victim","Hum_x_Ing__Accept","Hum_x_Ing__Victim__Accept",0,1,0,0,0,0,"Victim__J_Out__C_Out__Accept","Victim__J_Out__C_Out__Accept",0,0,0,0,1,0,0,0,0,0,0,0,0,0,0,0,0,0,0,0,0,0,0,0,0,0,0,"J_Out__C_Out",,,0,0,0,1,0,0,0,0
221,3,1,"victim",0,22,1,1,0,1,0,1,TRUE,2.10714285714286,1.71428571428571,2.375,2.57142857142857,1.66666666666667,1,3,3,3,3,1,"Cont","Cont","control","control",0,1,0,,1,0,"Cont","Cont",,0,1,0,1,0,1,0,1,0,"Victim__J_Cont__C_Cont",1,-3,3,"Hum_x_Control","Hum_x_Control__Victim","Hum_x_Control__Accept","Hum_x_Control__Victim__Accept",0,0,1,0,0,0,"Victim__J_Cont__C_Cont__Accept","Victim__J_Cont__C_Cont__Accept",0,0,0,0,0,0,0,0,1,0,0,0,0,0,0,0,0,0,0,0,0,0,0,0,0,0,0,"J_Cont__C_Cont",,,0,0,0,0,0,0,0,1
221,3,2,"victim",0,22,1,1,0,1,0,1,TRUE,2.10714285714286,1.71428571428571,2.375,2.57142857142857,1.66666666666667,1,3,3,3,3,1,"Cont","Cont","control","control",0,1,0,,0,1,"Cont","Cont",,0,1,0,1,0,1,0,1,0,"Victim__J_Cont__C_Cont",1,-3,3,"Hum_x_Control","Hum_x_Control__Victim","Hum_x_Control__Reject","Hum_x_Control__Victim__Reject",0,0,1,0,0,0,"Victim__J_Cont__C_Cont__Reject","Victim__J_Cont__C_Cont__Reject",0,0,0,0,0,0,0,0,1,0,0,0,0,0,0,0,0,0,0,0,0,0,0,0,0,0,0,"J_Cont__C_Cont",,,0,0,0,0,0,0,0,1
221,4,1,"victim",0,22,1,1,0,1,0,1,TRUE,2.10714285714286,1.71428571428571,2.375,2.57142857142857,1.66666666666667,1,2,1,2,1,1,"Out","In","outgroup","ingroup",1,0,0,0,1,1,"Out","In",,1,0,0,0,1,0,0,0,0,"Victim__J_Out__C_In",0,-2,2,"Hum_x_Ing","Hum_x_Ing__Victim","Hum_x_Ing__Accept","Hum_x_Ing__Victim__Accept",0,1,0,0,0,0,"Victim__J_Out__C_In__Accept","Victim__J_Out__C_In__Accept",0,1,0,0,0,0,0,0,0,0,0,0,0,0,0,0,0,0,0,0,0,0,0,0,0,0,0,"J_Out__C_In",,,1,0,0,0,0,0,0,0
221,4,2,"victim",0,22,1,1,0,1,0,1,TRUE,2.10714285714286,1.71428571428571,2.375,2.57142857142857,1.66666666666667,1,2,1,1,2,1,"Out","In","ingroup","outgroup",0,0,0,1,1,1,"In","Out",,1,0,0,0,0,0,1,0,0,"Victim__J_In__C_Out",0,-2,2,"Hum_x_Hum","Hum_x_Hum__Victim","Hum_x_Hum__Accept","Hum_x_Hum__Victim__Accept",1,0,0,0,0,0,"Victim__J_In__C_Out__Accept","Victim__J_In__C_Out__Accept",0,0,0,1,0,0,0,0,0,0,0,0,0,0,0,0,0,0,0,0,0,0,0,0,0,0,0,"J_In__C_Out",,,0,0,1,0,0,0,0,0
221,5,1,"victim",0,22,1,1,0,1,0,1,TRUE,2.10714285714286,1.71428571428571,2.375,2.57142857142857,1.66666666666667,1,3,3,3,3,1,"Cont","Cont","control","control",0,1,0,,1,0,"Cont","Cont",,0,1,0,1,0,1,0,1,0,"Victim__J_Cont__C_Cont",1,-3,3,"Hum_x_Control","Hum_x_Control__Victim","Hum_x_Control__Accept","Hum_x_Control__Victim__Accept",0,0,1,0,0,0,"Victim__J_Cont__C_Cont__Accept","Victim__J_Cont__C_Cont__Accept",0,0,0,0,0,0,0,0,1,0,0,0,0,0,0,0,0,0,0,0,0,0,0,0,0,0,0,"J_Cont__C_Cont",,,0,0,0,0,0,0,0,1
221,5,2,"victim",0,22,1,1,0,1,0,1,TRUE,2.10714285714286,1.71428571428571,2.375,2.57142857142857,1.66666666666667,1,3,3,3,3,1,"Cont","Cont","control","control",0,1,0,,0,1,"Cont","Cont",,0,1,0,1,0,1,0,1,0,"Victim__J_Cont__C_Cont",1,0,0,"Hum_x_Control","Hum_x_Control__Victim","Hum_x_Control__Reject","Hum_x_Control__Victim__Reject",0,0,1,0,0,0,"Victim__J_Cont__C_Cont__Reject","Victim__J_Cont__C_Cont__Reject",0,0,0,0,0,0,0,0,1,0,0,0,0,0,0,0,0,0,0,0,0,0,0,0,0,0,0,"J_Cont__C_Cont",,,0,0,0,0,0,0,0,1
222,6,1,"victim",0,19,3,1,0,1,0,2,TRUE,2.35714285714286,2.28571428571429,3.125,1.85714285714286,2,1,2,3,2,3,1,"Out","Cont","outgroup","control",1,0,0,0,0,1,"Out","Cont",,1,0,0,1,1,0,0,1,0,"Victim__J_Out__C_Cont",1,-1,1,"Hum_x_Ing","Hum_x_Ing__Victim","Hum_x_Ing__Reject","Hum_x_Ing__Victim__Reject",0,1,0,0,0,0,"Victim__J_Out__C_Cont__Reject","Victim__J_Out__C_Cont__Reject",0,0,0,0,0,0,0,1,0,0,0,0,0,0,0,0,0,0,0,0,0,0,0,0,0,0,0,"J_Out__C_Cont",,,0,0,0,0,0,0,1,0
222,6,2,"victim",0,19,3,1,0,1,0,2,TRUE,2.35714285714286,2.28571428571429,3.125,1.85714285714286,2,1,2,3,3,2,1,"Out","Cont","control","outgroup",0,1,0,,1,0,"Cont","Out",,1,0,0,1,0,1,1,0,0,"Victim__J_Cont__C_Out",1,-8,8,"Hum_x_Control","Hum_x_Control__Victim","Hum_x_Control__Accept","Hum_x_Control__Victim__Accept",0,0,1,0,0,0,"Victim__J_Cont__C_Out__Accept","Victim__J_Cont__C_Out__Accept",0,0,0,0,0,1,0,0,0,0,0,0,0,0,0,0,0,0,0,0,0,0,0,0,0,0,0,"J_Cont__C_Out",,,0,0,0,0,1,0,0,0
222,7,1,"victim",0,19,3,1,0,1,0,2,TRUE,2.35714285714286,2.28571428571429,3.125,1.85714285714286,2,1,3,2,3,2,1,"Cont","Out","control","outgroup",0,1,0,,0,1,"Cont","Out",,0,1,1,0,0,1,1,0,0,"Victim__J_Cont__C_Out",1,0,0,"Hum_x_Control","Hum_x_Control__Victim","Hum_x_Control__Reject","Hum_x_Control__Victim__Reject",0,0,1,0,0,0,"Victim__J_Cont__C_Out__Reject","Victim__J_Cont__C_Out__Reject",0,0,0,0,0,1,0,0,0,0,0,0,0,0,0,0,0,0,0,0,0,0,0,0,0,0,0,"J_Cont__C_Out",,,0,0,0,0,1,0,0,0
222,7,2,"victim",0,19,3,1,0,1,0,2,TRUE,2.35714285714286,2.28571428571429,3.125,1.85714285714286,2,1,3,2,2,3,1,"Cont","Out","outgroup","control",1,0,0,0,1,0,"Out","Cont",,0,1,1,0,1,0,0,1,0,"Victim__J_Out__C_Cont",1,-8,8,"Hum_x_Ing","Hum_x_Ing__Victim","Hum_x_Ing__Accept","Hum_x_Ing__Victim__Accept",0,1,0,0,0,0,"Victim__J_Out__C_Cont__Accept","Victim__J_Out__C_Cont__Accept",0,0,0,0,0,0,0,1,0,0,0,0,0,0,0,0,0,0,0,0,0,0,0,0,0,0,0,"J_Out__C_Cont",,,0,0,0,0,0,0,1,0
222,8,1,"victim",0,19,3,1,0,1,0,2,TRUE,2.35714285714286,2.28571428571429,3.125,1.85714285714286,2,1,2,1,2,1,1,"Out","In","outgroup","ingroup",1,0,0,0,0,0,"Out","In",,1,0,0,0,1,0,0,0,0,"Victim__J_Out__C_In",0,7,-7,"Hum_x_Ing","Hum_x_Ing__Victim","Hum_x_Ing__Reject","Hum_x_Ing__Victim__Reject",0,1,0,0,0,0,"Victim__J_Out__C_In__Reject","Victim__J_Out__C_In__Reject",0,1,0,0,0,0,0,0,0,0,0,0,0,0,0,0,0,0,0,0,0,0,0,0,0,0,0,"J_Out__C_In",,,1,0,0,0,0,0,0,0
222,8,2,"victim",0,19,3,1,0,1,0,2,TRUE,2.35714285714286,2.28571428571429,3.125,1.85714285714286,2,1,2,1,1,2,1,"Out","In","ingroup","outgroup",0,0,0,1,0,0,"In","Out",,1,0,0,0,0,0,1,0,0,"Victim__J_In__C_Out",0,7,-7,"Hum_x_Hum","Hum_x_Hum__Victim","Hum_x_Hum__Reject","Hum_x_Hum__Victim__Reject",1,0,0,0,0,0,"Victim__J_In__C_Out__Reject","Victim__J_In__C_Out__Reject",0,0,0,1,0,0,0,0,0,0,0,0,0,0,0,0,0,0,0,0,0,0,0,0,0,0,0,"J_In__C_Out",,,0,0,1,0,0,0,0,0
222,9,1,"victim",0,19,3,1,0,1,0,2,TRUE,2.35714285714286,2.28571428571429,3.125,1.85714285714286,2,1,1,3,1,3,1,"In","Cont","ingroup","control",0,0,0,1,1,1,"In","Cont",,0,0,0,1,0,0,0,1,0,"Victim__J_In__C_Cont",1,-8,8,"Hum_x_Hum","Hum_x_Hum__Victim","Hum_x_Hum__Accept","Hum_x_Hum__Victim__Accept",1,0,0,0,0,0,"Victim__J_In__C_Cont__Accept","Victim__J_In__C_Cont__Accept",0,0,0,0,0,0,1,0,0,0,0,0,0,0,0,0,0,0,0,0,0,0,0,0,0,0,0,"J_In__C_Cont",,,0,0,0,0,0,1,0,0
222,9,2,"victim",0,19,3,1,0,1,0,2,TRUE,2.35714285714286,2.28571428571429,3.125,1.85714285714286,2,1,1,3,3,1,1,"In","Cont","control","ingroup",0,1,0,,1,1,"Cont","In",,0,0,0,1,0,1,0,0,0,"Victim__J_Cont__C_In",1,-8,8,"Hum_x_Control","Hum_x_Control__Victim","Hum_x_Control__Accept","Hum_x_Control__Victim__Accept",0,0,1,0,0,0,"Victim__J_Cont__C_In__Accept","Victim__J_Cont__C_In__Accept",0,0,1,0,0,0,0,0,0,0,0,0,0,0,0,0,0,0,0,0,0,0,0,0,0,0,0,"J_Cont__C_In",,,0,1,0,0,0,0,0,0
222,10,1,"victim",0,19,3,1,0,1,0,2,TRUE,2.35714285714286,2.28571428571429,3.125,1.85714285714286,2,1,2,1,2,1,1,"Out","In","outgroup","ingroup",1,0,0,0,0,1,"Out","In",,1,0,0,0,1,0,0,0,0,"Victim__J_Out__C_In",0,-3,3,"Hum_x_Ing","Hum_x_Ing__Victim","Hum_x_Ing__Reject","Hum_x_Ing__Victim__Reject",0,1,0,0,0,0,"Victim__J_Out__C_In__Reject","Victim__J_Out__C_In__Reject",0,1,0,0,0,0,0,0,0,0,0,0,0,0,0,0,0,0,0,0,0,0,0,0,0,0,0,"J_Out__C_In",,,1,0,0,0,0,0,0,0
222,10,2,"victim",0,19,3,1,0,1,0,2,TRUE,2.35714285714286,2.28571428571429,3.125,1.85714285714286,2,1,2,1,1,2,1,"Out","In","ingroup","outgroup",0,0,0,1,1,0,"In","Out",,1,0,0,0,0,0,1,0,0,"Victim__J_In__C_Out",0,-9,9,"Hum_x_Hum","Hum_x_Hum__Victim","Hum_x_Hum__Accept","Hum_x_Hum__Victim__Accept",1,0,0,0,0,0,"Victim__J_In__C_Out__Accept","Victim__J_In__C_Out__Accept",0,0,0,1,0,0,0,0,0,0,0,0,0,0,0,0,0,0,0,0,0,0,0,0,0,0,0,"J_In__C_Out",,,0,0,1,0,0,0,0,0
223,1,1,"victim",0,20,1,2,1,1,0,1,TRUE,1.82142857142857,1.28571428571429,2.125,2.14285714285714,1.66666666666667,1,2,1,2,1,1,"Out","In","outgroup","ingroup",1,0,0,0,1,0,"Out","In",,1,0,0,0,1,0,0,0,0,"Victim__J_Out__C_In",0,-9,9,"Hum_x_Ing","Hum_x_Ing__Victim","Hum_x_Ing__Accept","Hum_x_Ing__Victim__Accept",0,1,0,0,0,0,"Victim__J_Out__C_In__Accept","Victim__J_Out__C_In__Accept",0,1,0,0,0,0,0,0,0,0,0,0,0,0,0,0,0,0,0,0,0,0,0,0,0,0,0,"J_Out__C_In",,,1,0,0,0,0,0,0,0
223,1,2,"victim",0,20,1,2,1,1,0,1,TRUE,1.82142857142857,1.28571428571429,2.125,2.14285714285714,1.66666666666667,1,2,1,1,2,1,"Out","In","ingroup","outgroup",0,0,0,1,0,1,"In","Out",,1,0,0,0,0,0,1,0,0,"Victim__J_In__C_Out",0,9,-9,"Hum_x_Hum","Hum_x_Hum__Victim","Hum_x_Hum__Reject","Hum_x_Hum__Victim__Reject",1,0,0,0,0,0,"Victim__J_In__C_Out__Reject","Victim__J_In__C_Out__Reject",0,0,0,1,0,0,0,0,0,0,0,0,0,0,0,0,0,0,0,0,0,0,0,0,0,0,0,"J_In__C_Out",,,0,0,1,0,0,0,0,0
223,2,1,"victim",0,20,1,2,1,1,0,1,TRUE,1.82142857142857,1.28571428571429,2.125,2.14285714285714,1.66666666666667,1,1,3,1,3,1,"In","Cont","ingroup","control",0,0,0,1,1,0,"In","Cont",,0,0,0,1,0,0,0,1,0,"Victim__J_In__C_Cont",1,0,0,"Hum_x_Hum","Hum_x_Hum__Victim","Hum_x_Hum__Accept","Hum_x_Hum__Victim__Accept",1,0,0,0,0,0,"Victim__J_In__C_Cont__Accept","Victim__J_In__C_Cont__Accept",0,0,0,0,0,0,1,0,0,0,0,0,0,0,0,0,0,0,0,0,0,0,0,0,0,0,0,"J_In__C_Cont",,,0,0,0,0,0,1,0,0
223,2,2,"victim",0,20,1,2,1,1,0,1,TRUE,1.82142857142857,1.28571428571429,2.125,2.14285714285714,1.66666666666667,1,1,3,3,1,1,"In","Cont","control","ingroup",0,1,0,,0,1,"Cont","In",,0,0,0,1,0,1,0,0,0,"Victim__J_Cont__C_In",1,0,0,"Hum_x_Control","Hum_x_Control__Victim","Hum_x_Control__Reject","Hum_x_Control__Victim__Reject",0,0,1,0,0,0,"Victim__J_Cont__C_In__Reject","Victim__J_Cont__C_In__Reject",0,0,1,0,0,0,0,0,0,0,0,0,0,0,0,0,0,0,0,0,0,0,0,0,0,0,0,"J_Cont__C_In",,,0,1,0,0,0,0,0,0
223,3,1,"victim",0,20,1,2,1,1,0,1,TRUE,1.82142857142857,1.28571428571429,2.125,2.14285714285714,1.66666666666667,1,1,3,1,3,1,"In","Cont","ingroup","control",0,0,0,1,1,1,"In","Cont",,0,0,0,1,0,0,0,1,0,"Victim__J_In__C_Cont",1,-9,9,"Hum_x_Hum","Hum_x_Hum__Victim","Hum_x_Hum__Accept","Hum_x_Hum__Victim__Accept",1,0,0,0,0,0,"Victim__J_In__C_Cont__Accept","Victim__J_In__C_Cont__Accept",0,0,0,0,0,0,1,0,0,0,0,0,0,0,0,0,0,0,0,0,0,0,0,0,0,0,0,"J_In__C_Cont",,,0,0,0,0,0,1,0,0
223,3,2,"victim",0,20,1,2,1,1,0,1,TRUE,1.82142857142857,1.28571428571429,2.125,2.14285714285714,1.66666666666667,1,1,3,3,1,1,"In","Cont","control","ingroup",0,1,0,,1,1,"Cont","In",,0,0,0,1,0,1,0,0,0,"Victim__J_Cont__C_In",1,-9,9,"Hum_x_Control","Hum_x_Control__Victim","Hum_x_Control__Accept","Hum_x_Control__Victim__Accept",0,0,1,0,0,0,"Victim__J_Cont__C_In__Accept","Victim__J_Cont__C_In__Accept",0,0,1,0,0,0,0,0,0,0,0,0,0,0,0,0,0,0,0,0,0,0,0,0,0,0,0,"J_Cont__C_In",,,0,1,0,0,0,0,0,0
223,4,1,"victim",0,20,1,2,1,1,0,1,TRUE,1.82142857142857,1.28571428571429,2.125,2.14285714285714,1.66666666666667,1,2,3,2,3,1,"Out","Cont","outgroup","control",1,0,0,0,0,1,"Out","Cont",,1,0,0,1,1,0,0,1,0,"Victim__J_Out__C_Cont",1,9,-9,"Hum_x_Ing","Hum_x_Ing__Victim","Hum_x_Ing__Reject","Hum_x_Ing__Victim__Reject",0,1,0,0,0,0,"Victim__J_Out__C_Cont__Reject","Victim__J_Out__C_Cont__Reject",0,0,0,0,0,0,0,1,0,0,0,0,0,0,0,0,0,0,0,0,0,0,0,0,0,0,0,"J_Out__C_Cont",,,0,0,0,0,0,0,1,0
223,4,2,"victim",0,20,1,2,1,1,0,1,TRUE,1.82142857142857,1.28571428571429,2.125,2.14285714285714,1.66666666666667,1,2,3,3,2,1,"Out","Cont","control","outgroup",0,1,0,,1,0,"Cont","Out",,1,0,0,1,0,1,1,0,0,"Victim__J_Cont__C_Out",1,-9,9,"Hum_x_Control","Hum_x_Control__Victim","Hum_x_Control__Accept","Hum_x_Control__Victim__Accept",0,0,1,0,0,0,"Victim__J_Cont__C_Out__Accept","Victim__J_Cont__C_Out__Accept",0,0,0,0,0,1,0,0,0,0,0,0,0,0,0,0,0,0,0,0,0,0,0,0,0,0,0,"J_Cont__C_Out",,,0,0,0,0,1,0,0,0
223,5,1,"victim",0,20,1,2,1,1,0,1,TRUE,1.82142857142857,1.28571428571429,2.125,2.14285714285714,1.66666666666667,1,2,2,2,2,1,"Out","Out","outgroup","outgroup",1,0,0,0,0,1,"Out","Out",,1,0,1,0,1,0,1,0,0,"Victim__J_Out__C_Out",0,9,-9,"Hum_x_Ing","Hum_x_Ing__Victim","Hum_x_Ing__Reject","Hum_x_Ing__Victim__Reject",0,1,0,0,0,0,"Victim__J_Out__C_Out__Reject","Victim__J_Out__C_Out__Reject",0,0,0,0,1,0,0,0,0,0,0,0,0,0,0,0,0,0,0,0,0,0,0,0,0,0,0,"J_Out__C_Out",,,0,0,0,1,0,0,0,0
223,5,2,"victim",0,20,1,2,1,1,0,1,TRUE,1.82142857142857,1.28571428571429,2.125,2.14285714285714,1.66666666666667,1,2,2,2,2,1,"Out","Out","outgroup","outgroup",1,0,0,0,1,0,"Out","Out",,1,0,1,0,1,0,1,0,0,"Victim__J_Out__C_Out",0,-9,9,"Hum_x_Ing","Hum_x_Ing__Victim","Hum_x_Ing__Accept","Hum_x_Ing__Victim__Accept",0,1,0,0,0,0,"Victim__J_Out__C_Out__Accept","Victim__J_Out__C_Out__Accept",0,0,0,0,1,0,0,0,0,0,0,0,0,0,0,0,0,0,0,0,0,0,0,0,0,0,0,"J_Out__C_Out",,,0,0,0,1,0,0,0,0
224,6,1,"victim",0,22,2,2,1,1,0,2,TRUE,1.92857142857143,1.14285714285714,2,2.14285714285714,2.5,1,3,1,3,1,1,"Cont","In","control","ingroup",0,1,0,,0,1,"Cont","In",,0,1,0,0,0,1,0,0,0,"Victim__J_Cont__C_In",1,2,-2,"Hum_x_Control","Hum_x_Control__Victim","Hum_x_Control__Reject","Hum_x_Control__Victim__Reject",0,0,1,0,0,0,"Victim__J_Cont__C_In__Reject","Victim__J_Cont__C_In__Reject",0,0,1,0,0,0,0,0,0,0,0,0,0,0,0,0,0,0,0,0,0,0,0,0,0,0,0,"J_Cont__C_In",,,0,1,0,0,0,0,0,0
224,6,2,"victim",0,22,2,2,1,1,0,2,TRUE,1.92857142857143,1.14285714285714,2,2.14285714285714,2.5,1,3,1,1,3,1,"Cont","In","ingroup","control",0,0,0,1,1,0,"In","Cont",,0,1,0,0,0,0,0,1,0,"Victim__J_In__C_Cont",1,-2,2,"Hum_x_Hum","Hum_x_Hum__Victim","Hum_x_Hum__Accept","Hum_x_Hum__Victim__Accept",1,0,0,0,0,0,"Victim__J_In__C_Cont__Accept","Victim__J_In__C_Cont__Accept",0,0,0,0,0,0,1,0,0,0,0,0,0,0,0,0,0,0,0,0,0,0,0,0,0,0,0,"J_In__C_Cont",,,0,0,0,0,0,1,0,0
224,7,1,"victim",0,22,2,2,1,1,0,2,TRUE,1.92857142857143,1.14285714285714,2,2.14285714285714,2.5,1,1,1,1,1,1,"In","In","ingroup","ingroup",0,0,0,1,0,1,"In","In",,0,0,0,0,0,0,0,0,0,"Victim__J_In__C_In",0,2,-2,"Hum_x_Hum","Hum_x_Hum__Victim","Hum_x_Hum__Reject","Hum_x_Hum__Victim__Reject",1,0,0,0,0,0,"Victim__J_In__C_In__Reject","Victim__J_In__C_In__Reject",1,0,0,0,0,0,0,0,0,0,0,0,0,0,0,0,0,0,0,0,0,0,0,0,0,0,0,"J_In__C_In",,,0,0,0,0,0,0,0,0
224,7,2,"victim",0,22,2,2,1,1,0,2,TRUE,1.92857142857143,1.14285714285714,2,2.14285714285714,2.5,1,1,1,1,1,1,"In","In","ingroup","ingroup",0,0,0,1,1,0,"In","In",,0,0,0,0,0,0,0,0,0,"Victim__J_In__C_In",0,-2,2,"Hum_x_Hum","Hum_x_Hum__Victim","Hum_x_Hum__Accept","Hum_x_Hum__Victim__Accept",1,0,0,0,0,0,"Victim__J_In__C_In__Accept","Victim__J_In__C_In__Accept",1,0,0,0,0,0,0,0,0,0,0,0,0,0,0,0,0,0,0,0,0,0,0,0,0,0,0,"J_In__C_In",,,0,0,0,0,0,0,0,0
224,8,1,"victim",0,22,2,2,1,1,0,2,TRUE,1.92857142857143,1.14285714285714,2,2.14285714285714,2.5,1,3,2,3,2,1,"Cont","Out","control","outgroup",0,1,0,,0,1,"Cont","Out",,0,1,1,0,0,1,1,0,0,"Victim__J_Cont__C_Out",1,2,-2,"Hum_x_Control","Hum_x_Control__Victim","Hum_x_Control__Reject","Hum_x_Control__Victim__Reject",0,0,1,0,0,0,"Victim__J_Cont__C_Out__Reject","Victim__J_Cont__C_Out__Reject",0,0,0,0,0,1,0,0,0,0,0,0,0,0,0,0,0,0,0,0,0,0,0,0,0,0,0,"J_Cont__C_Out",,,0,0,0,0,1,0,0,0
224,8,2,"victim",0,22,2,2,1,1,0,2,TRUE,1.92857142857143,1.14285714285714,2,2.14285714285714,2.5,1,3,2,2,3,1,"Cont","Out","outgroup","control",1,0,0,0,1,0,"Out","Cont",,0,1,1,0,1,0,0,1,0,"Victim__J_Out__C_Cont",1,-2,2,"Hum_x_Ing","Hum_x_Ing__Victim","Hum_x_Ing__Accept","Hum_x_Ing__Victim__Accept",0,1,0,0,0,0,"Victim__J_Out__C_Cont__Accept","Victim__J_Out__C_Cont__Accept",0,0,0,0,0,0,0,1,0,0,0,0,0,0,0,0,0,0,0,0,0,0,0,0,0,0,0,"J_Out__C_Cont",,,0,0,0,0,0,0,1,0
224,9,1,"victim",0,22,2,2,1,1,0,2,TRUE,1.92857142857143,1.14285714285714,2,2.14285714285714,2.5,1,2,2,2,2,1,"Out","Out","outgroup","outgroup",1,0,0,0,1,0,"Out","Out",,1,0,1,0,1,0,1,0,0,"Victim__J_Out__C_Out",0,-3,3,"Hum_x_Ing","Hum_x_Ing__Victim","Hum_x_Ing__Accept","Hum_x_Ing__Victim__Accept",0,1,0,0,0,0,"Victim__J_Out__C_Out__Accept","Victim__J_Out__C_Out__Accept",0,0,0,0,1,0,0,0,0,0,0,0,0,0,0,0,0,0,0,0,0,0,0,0,0,0,0,"J_Out__C_Out",,,0,0,0,1,0,0,0,0
224,9,2,"victim",0,22,2,2,1,1,0,2,TRUE,1.92857142857143,1.14285714285714,2,2.14285714285714,2.5,1,2,2,2,2,1,"Out","Out","outgroup","outgroup",1,0,0,0,0,1,"Out","Out",,1,0,1,0,1,0,1,0,0,"Victim__J_Out__C_Out",0,2,-2,"Hum_x_Ing","Hum_x_Ing__Victim","Hum_x_Ing__Reject","Hum_x_Ing__Victim__Reject",0,1,0,0,0,0,"Victim__J_Out__C_Out__Reject","Victim__J_Out__C_Out__Reject",0,0,0,0,1,0,0,0,0,0,0,0,0,0,0,0,0,0,0,0,0,0,0,0,0,0,0,"J_Out__C_Out",,,0,0,0,1,0,0,0,0
224,10,1,"victim",0,22,2,2,1,1,0,2,TRUE,1.92857142857143,1.14285714285714,2,2.14285714285714,2.5,1,1,2,1,2,1,"In","Out","ingroup","outgroup",0,0,0,1,1,1,"In","Out",,0,0,1,0,0,0,1,0,0,"Victim__J_In__C_Out",0,-2,2,"Hum_x_Hum","Hum_x_Hum__Victim","Hum_x_Hum__Accept","Hum_x_Hum__Victim__Accept",1,0,0,0,0,0,"Victim__J_In__C_Out__Accept","Victim__J_In__C_Out__Accept",0,0,0,1,0,0,0,0,0,0,0,0,0,0,0,0,0,0,0,0,0,0,0,0,0,0,0,"J_In__C_Out",,,0,0,1,0,0,0,0,0
224,10,2,"victim",0,22,2,2,1,1,0,2,TRUE,1.92857142857143,1.14285714285714,2,2.14285714285714,2.5,1,1,2,2,1,1,"In","Out","outgroup","ingroup",1,0,0,0,1,1,"Out","In",,0,0,1,0,1,0,0,0,0,"Victim__J_Out__C_In",0,-2,2,"Hum_x_Ing","Hum_x_Ing__Victim","Hum_x_Ing__Accept","Hum_x_Ing__Victim__Accept",0,1,0,0,0,0,"Victim__J_Out__C_In__Accept","Victim__J_Out__C_In__Accept",0,1,0,0,0,0,0,0,0,0,0,0,0,0,0,0,0,0,0,0,0,0,0,0,0,0,0,"J_Out__C_In",,,1,0,0,0,0,0,0,0
225,1,1,"victim",0,21,4,1,0,1,0,1,TRUE,2.57142857142857,2.57142857142857,2.5,3.28571428571429,1.83333333333333,1,3,2,3,2,1,"Cont","Out","control","outgroup",0,1,0,,0,1,"Cont","Out",,0,1,1,0,0,1,1,0,0,"Victim__J_Cont__C_Out",1,9,-9,"Hum_x_Control","Hum_x_Control__Victim","Hum_x_Control__Reject","Hum_x_Control__Victim__Reject",0,0,1,0,0,0,"Victim__J_Cont__C_Out__Reject","Victim__J_Cont__C_Out__Reject",0,0,0,0,0,1,0,0,0,0,0,0,0,0,0,0,0,0,0,0,0,0,0,0,0,0,0,"J_Cont__C_Out",,,0,0,0,0,1,0,0,0
225,1,2,"victim",0,21,4,1,0,1,0,1,TRUE,2.57142857142857,2.57142857142857,2.5,3.28571428571429,1.83333333333333,1,3,2,2,3,1,"Cont","Out","outgroup","control",1,0,0,0,1,0,"Out","Cont",,0,1,1,0,1,0,0,1,0,"Victim__J_Out__C_Cont",1,0,0,"Hum_x_Ing","Hum_x_Ing__Victim","Hum_x_Ing__Accept","Hum_x_Ing__Victim__Accept",0,1,0,0,0,0,"Victim__J_Out__C_Cont__Accept","Victim__J_Out__C_Cont__Accept",0,0,0,0,0,0,0,1,0,0,0,0,0,0,0,0,0,0,0,0,0,0,0,0,0,0,0,"J_Out__C_Cont",,,0,0,0,0,0,0,1,0
225,2,1,"victim",0,21,4,1,0,1,0,1,TRUE,2.57142857142857,2.57142857142857,2.5,3.28571428571429,1.83333333333333,1,3,2,3,2,1,"Cont","Out","control","outgroup",0,1,0,,0,1,"Cont","Out",,0,1,1,0,0,1,1,0,0,"Victim__J_Cont__C_Out",1,9,-9,"Hum_x_Control","Hum_x_Control__Victim","Hum_x_Control__Reject","Hum_x_Control__Victim__Reject",0,0,1,0,0,0,"Victim__J_Cont__C_Out__Reject","Victim__J_Cont__C_Out__Reject",0,0,0,0,0,1,0,0,0,0,0,0,0,0,0,0,0,0,0,0,0,0,0,0,0,0,0,"J_Cont__C_Out",,,0,0,0,0,1,0,0,0
225,2,2,"victim",0,21,4,1,0,1,0,1,TRUE,2.57142857142857,2.57142857142857,2.5,3.28571428571429,1.83333333333333,1,3,2,2,3,1,"Cont","Out","outgroup","control",1,0,0,0,1,0,"Out","Cont",,0,1,1,0,1,0,0,1,0,"Victim__J_Out__C_Cont",1,0,0,"Hum_x_Ing","Hum_x_Ing__Victim","Hum_x_Ing__Accept","Hum_x_Ing__Victim__Accept",0,1,0,0,0,0,"Victim__J_Out__C_Cont__Accept","Victim__J_Out__C_Cont__Accept",0,0,0,0,0,0,0,1,0,0,0,0,0,0,0,0,0,0,0,0,0,0,0,0,0,0,0,"J_Out__C_Cont",,,0,0,0,0,0,0,1,0
225,3,1,"victim",0,21,4,1,0,1,0,1,TRUE,2.57142857142857,2.57142857142857,2.5,3.28571428571429,1.83333333333333,1,1,3,1,3,1,"In","Cont","ingroup","control",0,0,0,1,0,1,"In","Cont",,0,0,0,1,0,0,0,1,0,"Victim__J_In__C_Cont",1,9,-9,"Hum_x_Hum","Hum_x_Hum__Victim","Hum_x_Hum__Reject","Hum_x_Hum__Victim__Reject",1,0,0,0,0,0,"Victim__J_In__C_Cont__Reject","Victim__J_In__C_Cont__Reject",0,0,0,0,0,0,1,0,0,0,0,0,0,0,0,0,0,0,0,0,0,0,0,0,0,0,0,"J_In__C_Cont",,,0,0,0,0,0,1,0,0
225,3,2,"victim",0,21,4,1,0,1,0,1,TRUE,2.57142857142857,2.57142857142857,2.5,3.28571428571429,1.83333333333333,1,1,3,3,1,1,"In","Cont","control","ingroup",0,1,0,,1,0,"Cont","In",,0,0,0,1,0,1,0,0,0,"Victim__J_Cont__C_In",1,0,0,"Hum_x_Control","Hum_x_Control__Victim","Hum_x_Control__Accept","Hum_x_Control__Victim__Accept",0,0,1,0,0,0,"Victim__J_Cont__C_In__Accept","Victim__J_Cont__C_In__Accept",0,0,1,0,0,0,0,0,0,0,0,0,0,0,0,0,0,0,0,0,0,0,0,0,0,0,0,"J_Cont__C_In",,,0,1,0,0,0,0,0,0
225,4,1,"victim",0,21,4,1,0,1,0,1,TRUE,2.57142857142857,2.57142857142857,2.5,3.28571428571429,1.83333333333333,1,2,3,2,3,1,"Out","Cont","outgroup","control",1,0,0,0,1,1,"Out","Cont",,1,0,0,1,1,0,0,1,0,"Victim__J_Out__C_Cont",1,0,0,"Hum_x_Ing","Hum_x_Ing__Victim","Hum_x_Ing__Accept","Hum_x_Ing__Victim__Accept",0,1,0,0,0,0,"Victim__J_Out__C_Cont__Accept","Victim__J_Out__C_Cont__Accept",0,0,0,0,0,0,0,1,0,0,0,0,0,0,0,0,0,0,0,0,0,0,0,0,0,0,0,"J_Out__C_Cont",,,0,0,0,0,0,0,1,0
225,4,2,"victim",0,21,4,1,0,1,0,1,TRUE,2.57142857142857,2.57142857142857,2.5,3.28571428571429,1.83333333333333,1,2,3,3,2,1,"Out","Cont","control","outgroup",0,1,0,,1,1,"Cont","Out",,1,0,0,1,0,1,1,0,0,"Victim__J_Cont__C_Out",1,0,0,"Hum_x_Control","Hum_x_Control__Victim","Hum_x_Control__Accept","Hum_x_Control__Victim__Accept",0,0,1,0,0,0,"Victim__J_Cont__C_Out__Accept","Victim__J_Cont__C_Out__Accept",0,0,0,0,0,1,0,0,0,0,0,0,0,0,0,0,0,0,0,0,0,0,0,0,0,0,0,"J_Cont__C_Out",,,0,0,0,0,1,0,0,0
225,5,1,"victim",0,21,4,1,0,1,0,1,TRUE,2.57142857142857,2.57142857142857,2.5,3.28571428571429,1.83333333333333,1,3,1,3,1,1,"Cont","In","control","ingroup",0,1,0,,0,0,"Cont","In",,0,1,0,0,0,1,0,0,0,"Victim__J_Cont__C_In",1,9,-9,"Hum_x_Control","Hum_x_Control__Victim","Hum_x_Control__Reject","Hum_x_Control__Victim__Reject",0,0,1,0,0,0,"Victim__J_Cont__C_In__Reject","Victim__J_Cont__C_In__Reject",0,0,1,0,0,0,0,0,0,0,0,0,0,0,0,0,0,0,0,0,0,0,0,0,0,0,0,"J_Cont__C_In",,,0,1,0,0,0,0,0,0
225,5,2,"victim",0,21,4,1,0,1,0,1,TRUE,2.57142857142857,2.57142857142857,2.5,3.28571428571429,1.83333333333333,1,3,1,1,3,1,"Cont","In","ingroup","control",0,0,0,1,0,0,"In","Cont",,0,1,0,0,0,0,0,1,0,"Victim__J_In__C_Cont",1,9,-9,"Hum_x_Hum","Hum_x_Hum__Victim","Hum_x_Hum__Reject","Hum_x_Hum__Victim__Reject",1,0,0,0,0,0,"Victim__J_In__C_Cont__Reject","Victim__J_In__C_Cont__Reject",0,0,0,0,0,0,1,0,0,0,0,0,0,0,0,0,0,0,0,0,0,0,0,0,0,0,0,"J_In__C_Cont",,,0,0,0,0,0,1,0,0
226,6,1,"victim",0,23,3,2,1,2,1,2,TRUE,2.28571428571429,2.14285714285714,1.875,3.57142857142857,1.5,2,1,2,1,2,2,"Out","In","outgroup","ingroup",1,0,0,0,0,0,"Out","In",,1,0,0,0,1,0,0,0,0,"Victim__J_Out__C_In",0,9,-9,"Ing_x_Hum","Ing_x_Hum__Victim","Ing_x_Hum__Reject","Ing_x_Hum__Victim__Reject",0,0,0,1,0,0,"Victim__J_Out__C_In__Reject","Victim__J_Out__C_In__Reject",0,1,0,0,0,0,0,0,0,0,0,0,0,0,0,0,0,0,0,0,0,0,0,0,0,0,0,"J_Out__C_In",,,1,0,0,0,0,0,0,0
226,6,2,"victim",0,23,3,2,1,2,1,2,TRUE,2.28571428571429,2.14285714285714,1.875,3.57142857142857,1.5,2,1,2,2,1,2,"Out","In","ingroup","outgroup",0,0,0,1,0,0,"In","Out",,1,0,0,0,0,0,1,0,0,"Victim__J_In__C_Out",0,9,-9,"Ing_x_Ing","Ing_x_Ing__Victim","Ing_x_Ing__Reject","Ing_x_Ing__Victim__Reject",0,0,0,0,1,0,"Victim__J_In__C_Out__Reject","Victim__J_In__C_Out__Reject",0,0,0,1,0,0,0,0,0,0,0,0,0,0,0,0,0,0,0,0,0,0,0,0,0,0,0,"J_In__C_Out",,,0,0,1,0,0,0,0,0
226,7,1,"victim",0,23,3,2,1,2,1,2,TRUE,2.28571428571429,2.14285714285714,1.875,3.57142857142857,1.5,2,2,1,2,1,2,"In","Out","ingroup","outgroup",0,0,0,1,0,0,"In","Out",,0,0,1,0,0,0,1,0,0,"Victim__J_In__C_Out",0,9,-9,"Ing_x_Ing","Ing_x_Ing__Victim","Ing_x_Ing__Reject","Ing_x_Ing__Victim__Reject",0,0,0,0,1,0,"Victim__J_In__C_Out__Reject","Victim__J_In__C_Out__Reject",0,0,0,1,0,0,0,0,0,0,0,0,0,0,0,0,0,0,0,0,0,0,0,0,0,0,0,"J_In__C_Out",,,0,0,1,0,0,0,0,0
226,7,2,"victim",0,23,3,2,1,2,1,2,TRUE,2.28571428571429,2.14285714285714,1.875,3.57142857142857,1.5,2,2,1,1,2,2,"In","Out","outgroup","ingroup",1,0,0,0,0,0,"Out","In",,0,0,1,0,1,0,0,0,0,"Victim__J_Out__C_In",0,9,-9,"Ing_x_Hum","Ing_x_Hum__Victim","Ing_x_Hum__Reject","Ing_x_Hum__Victim__Reject",0,0,0,1,0,0,"Victim__J_Out__C_In__Reject","Victim__J_Out__C_In__Reject",0,1,0,0,0,0,0,0,0,0,0,0,0,0,0,0,0,0,0,0,0,0,0,0,0,0,0,"J_Out__C_In",,,1,0,0,0,0,0,0,0
226,8,1,"victim",0,23,3,2,1,2,1,2,TRUE,2.28571428571429,2.14285714285714,1.875,3.57142857142857,1.5,2,1,3,1,3,2,"Out","Cont","outgroup","control",1,0,0,0,0,1,"Out","Cont",,1,0,0,1,1,0,0,1,0,"Victim__J_Out__C_Cont",1,9,-9,"Ing_x_Hum","Ing_x_Hum__Victim","Ing_x_Hum__Reject","Ing_x_Hum__Victim__Reject",0,0,0,1,0,0,"Victim__J_Out__C_Cont__Reject","Victim__J_Out__C_Cont__Reject",0,0,0,0,0,0,0,1,0,0,0,0,0,0,0,0,0,0,0,0,0,0,0,0,0,0,0,"J_Out__C_Cont",,,0,0,0,0,0,0,1,0
226,8,2,"victim",0,23,3,2,1,2,1,2,TRUE,2.28571428571429,2.14285714285714,1.875,3.57142857142857,1.5,2,1,3,3,1,2,"Out","Cont","control","outgroup",0,1,0,,1,0,"Cont","Out",,1,0,0,1,0,1,1,0,0,"Victim__J_Cont__C_Out",1,-5,5,"Ing_x_Control","Ing_x_Control__Victim","Ing_x_Control__Accept","Ing_x_Control__Victim__Accept",0,0,0,0,0,1,"Victim__J_Cont__C_Out__Accept","Victim__J_Cont__C_Out__Accept",0,0,0,0,0,1,0,0,0,0,0,0,0,0,0,0,0,0,0,0,0,0,0,0,0,0,0,"J_Cont__C_Out",,,0,0,0,0,1,0,0,0
226,9,1,"victim",0,23,3,2,1,2,1,2,TRUE,2.28571428571429,2.14285714285714,1.875,3.57142857142857,1.5,2,3,2,3,2,2,"Cont","In","control","ingroup",0,1,0,,1,0,"Cont","In",,0,1,0,0,0,1,0,0,0,"Victim__J_Cont__C_In",1,-3,3,"Ing_x_Control","Ing_x_Control__Victim","Ing_x_Control__Accept","Ing_x_Control__Victim__Accept",0,0,0,0,0,1,"Victim__J_Cont__C_In__Accept","Victim__J_Cont__C_In__Accept",0,0,1,0,0,0,0,0,0,0,0,0,0,0,0,0,0,0,0,0,0,0,0,0,0,0,0,"J_Cont__C_In",,,0,1,0,0,0,0,0,0
226,9,2,"victim",0,23,3,2,1,2,1,2,TRUE,2.28571428571429,2.14285714285714,1.875,3.57142857142857,1.5,2,3,2,2,3,2,"Cont","In","ingroup","control",0,0,0,1,0,1,"In","Cont",,0,1,0,0,0,0,0,1,0,"Victim__J_In__C_Cont",1,9,-9,"Ing_x_Ing","Ing_x_Ing__Victim","Ing_x_Ing__Reject","Ing_x_Ing__Victim__Reject",0,0,0,0,1,0,"Victim__J_In__C_Cont__Reject","Victim__J_In__C_Cont__Reject",0,0,0,0,0,0,1,0,0,0,0,0,0,0,0,0,0,0,0,0,0,0,0,0,0,0,0,"J_In__C_Cont",,,0,0,0,0,0,1,0,0
226,10,1,"victim",0,23,3,2,1,2,1,2,TRUE,2.28571428571429,2.14285714285714,1.875,3.57142857142857,1.5,2,1,2,1,2,2,"Out","In","outgroup","ingroup",1,0,0,0,0,1,"Out","In",,1,0,0,0,1,0,0,0,0,"Victim__J_Out__C_In",0,9,-9,"Ing_x_Hum","Ing_x_Hum__Victim","Ing_x_Hum__Reject","Ing_x_Hum__Victim__Reject",0,0,0,1,0,0,"Victim__J_Out__C_In__Reject","Victim__J_Out__C_In__Reject",0,1,0,0,0,0,0,0,0,0,0,0,0,0,0,0,0,0,0,0,0,0,0,0,0,0,0,"J_Out__C_In",,,1,0,0,0,0,0,0,0
226,10,2,"victim",0,23,3,2,1,2,1,2,TRUE,2.28571428571429,2.14285714285714,1.875,3.57142857142857,1.5,2,1,2,2,1,2,"Out","In","ingroup","outgroup",0,0,0,1,1,0,"In","Out",,1,0,0,0,0,0,1,0,0,"Victim__J_In__C_Out",0,-9,9,"Ing_x_Ing","Ing_x_Ing__Victim","Ing_x_Ing__Accept","Ing_x_Ing__Victim__Accept",0,0,0,0,1,0,"Victim__J_In__C_Out__Accept","Victim__J_In__C_Out__Accept",0,0,0,1,0,0,0,0,0,0,0,0,0,0,0,0,0,0,0,0,0,0,0,0,0,0,0,"J_In__C_Out",,,0,0,1,0,0,0,0,0
227,6,1,"victim",0,20,4,2,1,1,0,2,TRUE,1.67857142857143,1.57142857142857,1.875,1.85714285714286,1.33333333333333,1,2,3,2,3,1,"Out","Cont","outgroup","control",1,0,0,0,1,1,"Out","Cont",,1,0,0,1,1,0,0,1,0,"Victim__J_Out__C_Cont",1,-6,6,"Hum_x_Ing","Hum_x_Ing__Victim","Hum_x_Ing__Accept","Hum_x_Ing__Victim__Accept",0,1,0,0,0,0,"Victim__J_Out__C_Cont__Accept","Victim__J_Out__C_Cont__Accept",0,0,0,0,0,0,0,1,0,0,0,0,0,0,0,0,0,0,0,0,0,0,0,0,0,0,0,"J_Out__C_Cont",,,0,0,0,0,0,0,1,0
227,6,2,"victim",0,20,4,2,1,1,0,2,TRUE,1.67857142857143,1.57142857142857,1.875,1.85714285714286,1.33333333333333,1,2,3,3,2,1,"Out","Cont","control","outgroup",0,1,0,,1,1,"Cont","Out",,1,0,0,1,0,1,1,0,0,"Victim__J_Cont__C_Out",1,-6,6,"Hum_x_Control","Hum_x_Control__Victim","Hum_x_Control__Accept","Hum_x_Control__Victim__Accept",0,0,1,0,0,0,"Victim__J_Cont__C_Out__Accept","Victim__J_Cont__C_Out__Accept",0,0,0,0,0,1,0,0,0,0,0,0,0,0,0,0,0,0,0,0,0,0,0,0,0,0,0,"J_Cont__C_Out",,,0,0,0,0,1,0,0,0
227,7,1,"victim",0,20,4,2,1,1,0,2,TRUE,1.67857142857143,1.57142857142857,1.875,1.85714285714286,1.33333333333333,1,3,2,3,2,1,"Cont","Out","control","outgroup",0,1,0,,0,0,"Cont","Out",,0,1,1,0,0,1,1,0,0,"Victim__J_Cont__C_Out",1,7,-7,"Hum_x_Control","Hum_x_Control__Victim","Hum_x_Control__Reject","Hum_x_Control__Victim__Reject",0,0,1,0,0,0,"Victim__J_Cont__C_Out__Reject","Victim__J_Cont__C_Out__Reject",0,0,0,0,0,1,0,0,0,0,0,0,0,0,0,0,0,0,0,0,0,0,0,0,0,0,0,"J_Cont__C_Out",,,0,0,0,0,1,0,0,0
227,7,2,"victim",0,20,4,2,1,1,0,2,TRUE,1.67857142857143,1.57142857142857,1.875,1.85714285714286,1.33333333333333,1,3,2,2,3,1,"Cont","Out","outgroup","control",1,0,0,0,0,0,"Out","Cont",,0,1,1,0,1,0,0,1,0,"Victim__J_Out__C_Cont",1,7,-7,"Hum_x_Ing","Hum_x_Ing__Victim","Hum_x_Ing__Reject","Hum_x_Ing__Victim__Reject",0,1,0,0,0,0,"Victim__J_Out__C_Cont__Reject","Victim__J_Out__C_Cont__Reject",0,0,0,0,0,0,0,1,0,0,0,0,0,0,0,0,0,0,0,0,0,0,0,0,0,0,0,"J_Out__C_Cont",,,0,0,0,0,0,0,1,0
227,8,1,"victim",0,20,4,2,1,1,0,2,TRUE,1.67857142857143,1.57142857142857,1.875,1.85714285714286,1.33333333333333,1,2,1,2,1,1,"Out","In","outgroup","ingroup",1,0,0,0,0,0,"Out","In",,1,0,0,0,1,0,0,0,0,"Victim__J_Out__C_In",0,9,-9,"Hum_x_Ing","Hum_x_Ing__Victim","Hum_x_Ing__Reject","Hum_x_Ing__Victim__Reject",0,1,0,0,0,0,"Victim__J_Out__C_In__Reject","Victim__J_Out__C_In__Reject",0,1,0,0,0,0,0,0,0,0,0,0,0,0,0,0,0,0,0,0,0,0,0,0,0,0,0,"J_Out__C_In",,,1,0,0,0,0,0,0,0
227,8,2,"victim",0,20,4,2,1,1,0,2,TRUE,1.67857142857143,1.57142857142857,1.875,1.85714285714286,1.33333333333333,1,2,1,1,2,1,"Out","In","ingroup","outgroup",0,0,0,1,0,0,"In","Out",,1,0,0,0,0,0,1,0,0,"Victim__J_In__C_Out",0,9,-9,"Hum_x_Hum","Hum_x_Hum__Victim","Hum_x_Hum__Reject","Hum_x_Hum__Victim__Reject",1,0,0,0,0,0,"Victim__J_In__C_Out__Reject","Victim__J_In__C_Out__Reject",0,0,0,1,0,0,0,0,0,0,0,0,0,0,0,0,0,0,0,0,0,0,0,0,0,0,0,"J_In__C_Out",,,0,0,1,0,0,0,0,0
227,9,1,"victim",0,20,4,2,1,1,0,2,TRUE,1.67857142857143,1.57142857142857,1.875,1.85714285714286,1.33333333333333,1,2,2,2,2,1,"Out","Out","outgroup","outgroup",1,0,0,0,1,0,"Out","Out",,1,0,1,0,1,0,1,0,0,"Victim__J_Out__C_Out",0,-5,5,"Hum_x_Ing","Hum_x_Ing__Victim","Hum_x_Ing__Accept","Hum_x_Ing__Victim__Accept",0,1,0,0,0,0,"Victim__J_Out__C_Out__Accept","Victim__J_Out__C_Out__Accept",0,0,0,0,1,0,0,0,0,0,0,0,0,0,0,0,0,0,0,0,0,0,0,0,0,0,0,"J_Out__C_Out",,,0,0,0,1,0,0,0,0
227,9,2,"victim",0,20,4,2,1,1,0,2,TRUE,1.67857142857143,1.57142857142857,1.875,1.85714285714286,1.33333333333333,1,2,2,2,2,1,"Out","Out","outgroup","outgroup",1,0,0,0,0,1,"Out","Out",,1,0,1,0,1,0,1,0,0,"Victim__J_Out__C_Out",0,9,-9,"Hum_x_Ing","Hum_x_Ing__Victim","Hum_x_Ing__Reject","Hum_x_Ing__Victim__Reject",0,1,0,0,0,0,"Victim__J_Out__C_Out__Reject","Victim__J_Out__C_Out__Reject",0,0,0,0,1,0,0,0,0,0,0,0,0,0,0,0,0,0,0,0,0,0,0,0,0,0,0,"J_Out__C_Out",,,0,0,0,1,0,0,0,0
227,10,1,"victim",0,20,4,2,1,1,0,2,TRUE,1.67857142857143,1.57142857142857,1.875,1.85714285714286,1.33333333333333,1,1,2,1,2,1,"In","Out","ingroup","outgroup",0,0,0,1,1,0,"In","Out",,0,0,1,0,0,0,1,0,0,"Victim__J_In__C_Out",0,-5,5,"Hum_x_Hum","Hum_x_Hum__Victim","Hum_x_Hum__Accept","Hum_x_Hum__Victim__Accept",1,0,0,0,0,0,"Victim__J_In__C_Out__Accept","Victim__J_In__C_Out__Accept",0,0,0,1,0,0,0,0,0,0,0,0,0,0,0,0,0,0,0,0,0,0,0,0,0,0,0,"J_In__C_Out",,,0,0,1,0,0,0,0,0
227,10,2,"victim",0,20,4,2,1,1,0,2,TRUE,1.67857142857143,1.57142857142857,1.875,1.85714285714286,1.33333333333333,1,1,2,2,1,1,"In","Out","outgroup","ingroup",1,0,0,0,0,1,"Out","In",,0,0,1,0,1,0,0,0,0,"Victim__J_Out__C_In",0,8,-8,"Hum_x_Ing","Hum_x_Ing__Victim","Hum_x_Ing__Reject","Hum_x_Ing__Victim__Reject",0,1,0,0,0,0,"Victim__J_Out__C_In__Reject","Victim__J_Out__C_In__Reject",0,1,0,0,0,0,0,0,0,0,0,0,0,0,0,0,0,0,0,0,0,0,0,0,0,0,0,"J_Out__C_In",,,1,0,0,0,0,0,0,0
228,1,1,"victim",0,19,3,2,1,2,1,1,TRUE,1.57142857142857,1.71428571428571,1.25,2.42857142857143,0.833333333333333,2,2,1,2,1,2,"In","Out","ingroup","outgroup",0,0,0,1,1,0,"In","Out",,0,0,1,0,0,0,1,0,0,"Victim__J_In__C_Out",0,-9,9,"Ing_x_Ing","Ing_x_Ing__Victim","Ing_x_Ing__Accept","Ing_x_Ing__Victim__Accept",0,0,0,0,1,0,"Victim__J_In__C_Out__Accept","Victim__J_In__C_Out__Accept",0,0,0,1,0,0,0,0,0,0,0,0,0,0,0,0,0,0,0,0,0,0,0,0,0,0,0,"J_In__C_Out",,,0,0,1,0,0,0,0,0
228,1,2,"victim",0,19,3,2,1,2,1,1,TRUE,1.57142857142857,1.71428571428571,1.25,2.42857142857143,0.833333333333333,2,2,1,1,2,2,"In","Out","outgroup","ingroup",1,0,0,0,0,1,"Out","In",,0,0,1,0,1,0,0,0,0,"Victim__J_Out__C_In",0,9,-9,"Ing_x_Hum","Ing_x_Hum__Victim","Ing_x_Hum__Reject","Ing_x_Hum__Victim__Reject",0,0,0,1,0,0,"Victim__J_Out__C_In__Reject","Victim__J_Out__C_In__Reject",0,1,0,0,0,0,0,0,0,0,0,0,0,0,0,0,0,0,0,0,0,0,0,0,0,0,0,"J_Out__C_In",,,1,0,0,0,0,0,0,0
228,2,1,"victim",0,19,3,2,1,2,1,1,TRUE,1.57142857142857,1.71428571428571,1.25,2.42857142857143,0.833333333333333,2,1,1,1,1,2,"Out","Out","outgroup","outgroup",1,0,0,0,0,0,"Out","Out",,1,0,1,0,1,0,1,0,0,"Victim__J_Out__C_Out",0,9,-9,"Ing_x_Hum","Ing_x_Hum__Victim","Ing_x_Hum__Reject","Ing_x_Hum__Victim__Reject",0,0,0,1,0,0,"Victim__J_Out__C_Out__Reject","Victim__J_Out__C_Out__Reject",0,0,0,0,1,0,0,0,0,0,0,0,0,0,0,0,0,0,0,0,0,0,0,0,0,0,0,"J_Out__C_Out",,,0,0,0,1,0,0,0,0
228,2,2,"victim",0,19,3,2,1,2,1,1,TRUE,1.57142857142857,1.71428571428571,1.25,2.42857142857143,0.833333333333333,2,1,1,1,1,2,"Out","Out","outgroup","outgroup",1,0,0,0,0,0,"Out","Out",,1,0,1,0,1,0,1,0,0,"Victim__J_Out__C_Out",0,9,-9,"Ing_x_Hum","Ing_x_Hum__Victim","Ing_x_Hum__Reject","Ing_x_Hum__Victim__Reject",0,0,0,1,0,0,"Victim__J_Out__C_Out__Reject","Victim__J_Out__C_Out__Reject",0,0,0,0,1,0,0,0,0,0,0,0,0,0,0,0,0,0,0,0,0,0,0,0,0,0,0,"J_Out__C_Out",,,0,0,0,1,0,0,0,0
228,3,1,"victim",0,19,3,2,1,2,1,1,TRUE,1.57142857142857,1.71428571428571,1.25,2.42857142857143,0.833333333333333,2,1,2,1,2,2,"Out","In","outgroup","ingroup",1,0,0,0,0,0,"Out","In",,1,0,0,0,1,0,0,0,0,"Victim__J_Out__C_In",0,9,-9,"Ing_x_Hum","Ing_x_Hum__Victim","Ing_x_Hum__Reject","Ing_x_Hum__Victim__Reject",0,0,0,1,0,0,"Victim__J_Out__C_In__Reject","Victim__J_Out__C_In__Reject",0,1,0,0,0,0,0,0,0,0,0,0,0,0,0,0,0,0,0,0,0,0,0,0,0,0,0,"J_Out__C_In",,,1,0,0,0,0,0,0,0
228,3,2,"victim",0,19,3,2,1,2,1,1,TRUE,1.57142857142857,1.71428571428571,1.25,2.42857142857143,0.833333333333333,2,1,2,2,1,2,"Out","In","ingroup","outgroup",0,0,0,1,0,0,"In","Out",,1,0,0,0,0,0,1,0,0,"Victim__J_In__C_Out",0,9,-9,"Ing_x_Ing","Ing_x_Ing__Victim","Ing_x_Ing__Reject","Ing_x_Ing__Victim__Reject",0,0,0,0,1,0,"Victim__J_In__C_Out__Reject","Victim__J_In__C_Out__Reject",0,0,0,1,0,0,0,0,0,0,0,0,0,0,0,0,0,0,0,0,0,0,0,0,0,0,0,"J_In__C_Out",,,0,0,1,0,0,0,0,0
228,4,1,"victim",0,19,3,2,1,2,1,1,TRUE,1.57142857142857,1.71428571428571,1.25,2.42857142857143,0.833333333333333,2,3,2,3,2,2,"Cont","In","control","ingroup",0,1,0,,1,1,"Cont","In",,0,1,0,0,0,1,0,0,0,"Victim__J_Cont__C_In",1,9,-9,"Ing_x_Control","Ing_x_Control__Victim","Ing_x_Control__Accept","Ing_x_Control__Victim__Accept",0,0,0,0,0,1,"Victim__J_Cont__C_In__Accept","Victim__J_Cont__C_In__Accept",0,0,1,0,0,0,0,0,0,0,0,0,0,0,0,0,0,0,0,0,0,0,0,0,0,0,0,"J_Cont__C_In",,,0,1,0,0,0,0,0,0
228,4,2,"victim",0,19,3,2,1,2,1,1,TRUE,1.57142857142857,1.71428571428571,1.25,2.42857142857143,0.833333333333333,2,3,2,2,3,2,"Cont","In","ingroup","control",0,0,0,1,1,1,"In","Cont",,0,1,0,0,0,0,0,1,0,"Victim__J_In__C_Cont",1,9,-9,"Ing_x_Ing","Ing_x_Ing__Victim","Ing_x_Ing__Accept","Ing_x_Ing__Victim__Accept",0,0,0,0,1,0,"Victim__J_In__C_Cont__Accept","Victim__J_In__C_Cont__Accept",0,0,0,0,0,0,1,0,0,0,0,0,0,0,0,0,0,0,0,0,0,0,0,0,0,0,0,"J_In__C_Cont",,,0,0,0,0,0,1,0,0
228,5,1,"victim",0,19,3,2,1,2,1,1,TRUE,1.57142857142857,1.71428571428571,1.25,2.42857142857143,0.833333333333333,2,3,2,3,2,2,"Cont","In","control","ingroup",0,1,0,,1,1,"Cont","In",,0,1,0,0,0,1,0,0,0,"Victim__J_Cont__C_In",1,-9,9,"Ing_x_Control","Ing_x_Control__Victim","Ing_x_Control__Accept","Ing_x_Control__Victim__Accept",0,0,0,0,0,1,"Victim__J_Cont__C_In__Accept","Victim__J_Cont__C_In__Accept",0,0,1,0,0,0,0,0,0,0,0,0,0,0,0,0,0,0,0,0,0,0,0,0,0,0,0,"J_Cont__C_In",,,0,1,0,0,0,0,0,0
228,5,2,"victim",0,19,3,2,1,2,1,1,TRUE,1.57142857142857,1.71428571428571,1.25,2.42857142857143,0.833333333333333,2,3,2,2,3,2,"Cont","In","ingroup","control",0,0,0,1,1,1,"In","Cont",,0,1,0,0,0,0,0,1,0,"Victim__J_In__C_Cont",1,-9,9,"Ing_x_Ing","Ing_x_Ing__Victim","Ing_x_Ing__Accept","Ing_x_Ing__Victim__Accept",0,0,0,0,1,0,"Victim__J_In__C_Cont__Accept","Victim__J_In__C_Cont__Accept",0,0,0,0,0,0,1,0,0,0,0,0,0,0,0,0,0,0,0,0,0,0,0,0,0,0,0,"J_In__C_Cont",,,0,0,0,0,0,1,0,0
229,1,1,"victim",0,18,3,2,1,2,1,1,TRUE,2.28571428571429,2.57142857142857,2,2.85714285714286,1.66666666666667,2,2,1,2,1,2,"In","Out","ingroup","outgroup",0,0,0,1,1,0,"In","Out",,0,0,1,0,0,0,1,0,0,"Victim__J_In__C_Out",0,-9,9,"Ing_x_Ing","Ing_x_Ing__Victim","Ing_x_Ing__Accept","Ing_x_Ing__Victim__Accept",0,0,0,0,1,0,"Victim__J_In__C_Out__Accept","Victim__J_In__C_Out__Accept",0,0,0,1,0,0,0,0,0,0,0,0,0,0,0,0,0,0,0,0,0,0,0,0,0,0,0,"J_In__C_Out",,,0,0,1,0,0,0,0,0
229,1,2,"victim",0,18,3,2,1,2,1,1,TRUE,2.28571428571429,2.57142857142857,2,2.85714285714286,1.66666666666667,2,2,1,1,2,2,"In","Out","outgroup","ingroup",1,0,0,0,0,1,"Out","In",,0,0,1,0,1,0,0,0,0,"Victim__J_Out__C_In",0,9,-9,"Ing_x_Hum","Ing_x_Hum__Victim","Ing_x_Hum__Reject","Ing_x_Hum__Victim__Reject",0,0,0,1,0,0,"Victim__J_Out__C_In__Reject","Victim__J_Out__C_In__Reject",0,1,0,0,0,0,0,0,0,0,0,0,0,0,0,0,0,0,0,0,0,0,0,0,0,0,0,"J_Out__C_In",,,1,0,0,0,0,0,0,0
229,2,1,"victim",0,18,3,2,1,2,1,1,TRUE,2.28571428571429,2.57142857142857,2,2.85714285714286,1.66666666666667,2,2,3,2,3,2,"In","Cont","ingroup","control",0,0,0,1,1,0,"In","Cont",,0,0,0,1,0,0,0,1,0,"Victim__J_In__C_Cont",1,-9,9,"Ing_x_Ing","Ing_x_Ing__Victim","Ing_x_Ing__Accept","Ing_x_Ing__Victim__Accept",0,0,0,0,1,0,"Victim__J_In__C_Cont__Accept","Victim__J_In__C_Cont__Accept",0,0,0,0,0,0,1,0,0,0,0,0,0,0,0,0,0,0,0,0,0,0,0,0,0,0,0,"J_In__C_Cont",,,0,0,0,0,0,1,0,0
229,2,2,"victim",0,18,3,2,1,2,1,1,TRUE,2.28571428571429,2.57142857142857,2,2.85714285714286,1.66666666666667,2,2,3,3,2,2,"In","Cont","control","ingroup",0,1,0,,0,1,"Cont","In",,0,0,0,1,0,1,0,0,0,"Victim__J_Cont__C_In",1,9,-9,"Ing_x_Control","Ing_x_Control__Victim","Ing_x_Control__Reject","Ing_x_Control__Victim__Reject",0,0,0,0,0,1,"Victim__J_Cont__C_In__Reject","Victim__J_Cont__C_In__Reject",0,0,1,0,0,0,0,0,0,0,0,0,0,0,0,0,0,0,0,0,0,0,0,0,0,0,0,"J_Cont__C_In",,,0,1,0,0,0,0,0,0
229,3,1,"victim",0,18,3,2,1,2,1,1,TRUE,2.28571428571429,2.57142857142857,2,2.85714285714286,1.66666666666667,2,3,2,3,2,2,"Cont","In","control","ingroup",0,1,0,,1,0,"Cont","In",,0,1,0,0,0,1,0,0,0,"Victim__J_Cont__C_In",1,-9,9,"Ing_x_Control","Ing_x_Control__Victim","Ing_x_Control__Accept","Ing_x_Control__Victim__Accept",0,0,0,0,0,1,"Victim__J_Cont__C_In__Accept","Victim__J_Cont__C_In__Accept",0,0,1,0,0,0,0,0,0,0,0,0,0,0,0,0,0,0,0,0,0,0,0,0,0,0,0,"J_Cont__C_In",,,0,1,0,0,0,0,0,0
229,3,2,"victim",0,18,3,2,1,2,1,1,TRUE,2.28571428571429,2.57142857142857,2,2.85714285714286,1.66666666666667,2,3,2,2,3,2,"Cont","In","ingroup","control",0,0,0,1,0,1,"In","Cont",,0,1,0,0,0,0,0,1,0,"Victim__J_In__C_Cont",1,9,-9,"Ing_x_Ing","Ing_x_Ing__Victim","Ing_x_Ing__Reject","Ing_x_Ing__Victim__Reject",0,0,0,0,1,0,"Victim__J_In__C_Cont__Reject","Victim__J_In__C_Cont__Reject",0,0,0,0,0,0,1,0,0,0,0,0,0,0,0,0,0,0,0,0,0,0,0,0,0,0,0,"J_In__C_Cont",,,0,0,0,0,0,1,0,0
229,4,1,"victim",0,18,3,2,1,2,1,1,TRUE,2.28571428571429,2.57142857142857,2,2.85714285714286,1.66666666666667,2,3,3,3,3,2,"Cont","Cont","control","control",0,1,0,,0,1,"Cont","Cont",,0,1,0,1,0,1,0,1,0,"Victim__J_Cont__C_Cont",1,9,-9,"Ing_x_Control","Ing_x_Control__Victim","Ing_x_Control__Reject","Ing_x_Control__Victim__Reject",0,0,0,0,0,1,"Victim__J_Cont__C_Cont__Reject","Victim__J_Cont__C_Cont__Reject",0,0,0,0,0,0,0,0,1,0,0,0,0,0,0,0,0,0,0,0,0,0,0,0,0,0,0,"J_Cont__C_Cont",,,0,0,0,0,0,0,0,1
229,4,2,"victim",0,18,3,2,1,2,1,1,TRUE,2.28571428571429,2.57142857142857,2,2.85714285714286,1.66666666666667,2,3,3,3,3,2,"Cont","Cont","control","control",0,1,0,,1,0,"Cont","Cont",,0,1,0,1,0,1,0,1,0,"Victim__J_Cont__C_Cont",1,-9,9,"Ing_x_Control","Ing_x_Control__Victim","Ing_x_Control__Accept","Ing_x_Control__Victim__Accept",0,0,0,0,0,1,"Victim__J_Cont__C_Cont__Accept","Victim__J_Cont__C_Cont__Accept",0,0,0,0,0,0,0,0,1,0,0,0,0,0,0,0,0,0,0,0,0,0,0,0,0,0,0,"J_Cont__C_Cont",,,0,0,0,0,0,0,0,1
229,5,1,"victim",0,18,3,2,1,2,1,1,TRUE,2.28571428571429,2.57142857142857,2,2.85714285714286,1.66666666666667,2,1,3,1,3,2,"Out","Cont","outgroup","control",1,0,0,0,1,0,"Out","Cont",,1,0,0,1,1,0,0,1,0,"Victim__J_Out__C_Cont",1,-9,9,"Ing_x_Hum","Ing_x_Hum__Victim","Ing_x_Hum__Accept","Ing_x_Hum__Victim__Accept",0,0,0,1,0,0,"Victim__J_Out__C_Cont__Accept","Victim__J_Out__C_Cont__Accept",0,0,0,0,0,0,0,1,0,0,0,0,0,0,0,0,0,0,0,0,0,0,0,0,0,0,0,"J_Out__C_Cont",,,0,0,0,0,0,0,1,0
229,5,2,"victim",0,18,3,2,1,2,1,1,TRUE,2.28571428571429,2.57142857142857,2,2.85714285714286,1.66666666666667,2,1,3,3,1,2,"Out","Cont","control","outgroup",0,1,0,,0,1,"Cont","Out",,1,0,0,1,0,1,1,0,0,"Victim__J_Cont__C_Out",1,9,-9,"Ing_x_Control","Ing_x_Control__Victim","Ing_x_Control__Reject","Ing_x_Control__Victim__Reject",0,0,0,0,0,1,"Victim__J_Cont__C_Out__Reject","Victim__J_Cont__C_Out__Reject",0,0,0,0,0,1,0,0,0,0,0,0,0,0,0,0,0,0,0,0,0,0,0,0,0,0,0,"J_Cont__C_Out",,,0,0,0,0,1,0,0,0
230,6,1,"victim",0,18,3,2,1,2,1,2,TRUE,2.07142857142857,1.85714285714286,2.5,2.28571428571429,1.5,2,3,2,3,2,2,"Cont","In","control","ingroup",0,1,0,,1,1,"Cont","In",,0,1,0,0,0,1,0,0,0,"Victim__J_Cont__C_In",1,-8,8,"Ing_x_Control","Ing_x_Control__Victim","Ing_x_Control__Accept","Ing_x_Control__Victim__Accept",0,0,0,0,0,1,"Victim__J_Cont__C_In__Accept","Victim__J_Cont__C_In__Accept",0,0,1,0,0,0,0,0,0,0,0,0,0,0,0,0,0,0,0,0,0,0,0,0,0,0,0,"J_Cont__C_In",,,0,1,0,0,0,0,0,0
230,6,2,"victim",0,18,3,2,1,2,1,2,TRUE,2.07142857142857,1.85714285714286,2.5,2.28571428571429,1.5,2,3,2,2,3,2,"Cont","In","ingroup","control",0,0,0,1,1,1,"In","Cont",,0,1,0,0,0,0,0,1,0,"Victim__J_In__C_Cont",1,-8,8,"Ing_x_Ing","Ing_x_Ing__Victim","Ing_x_Ing__Accept","Ing_x_Ing__Victim__Accept",0,0,0,0,1,0,"Victim__J_In__C_Cont__Accept","Victim__J_In__C_Cont__Accept",0,0,0,0,0,0,1,0,0,0,0,0,0,0,0,0,0,0,0,0,0,0,0,0,0,0,0,"J_In__C_Cont",,,0,0,0,0,0,1,0,0
230,7,1,"victim",0,18,3,2,1,2,1,2,TRUE,2.07142857142857,1.85714285714286,2.5,2.28571428571429,1.5,2,2,1,2,1,2,"In","Out","ingroup","outgroup",0,0,0,1,0,0,"In","Out",,0,0,1,0,0,0,1,0,0,"Victim__J_In__C_Out",0,9,-9,"Ing_x_Ing","Ing_x_Ing__Victim","Ing_x_Ing__Reject","Ing_x_Ing__Victim__Reject",0,0,0,0,1,0,"Victim__J_In__C_Out__Reject","Victim__J_In__C_Out__Reject",0,0,0,1,0,0,0,0,0,0,0,0,0,0,0,0,0,0,0,0,0,0,0,0,0,0,0,"J_In__C_Out",,,0,0,1,0,0,0,0,0
230,7,2,"victim",0,18,3,2,1,2,1,2,TRUE,2.07142857142857,1.85714285714286,2.5,2.28571428571429,1.5,2,2,1,1,2,2,"In","Out","outgroup","ingroup",1,0,0,0,0,0,"Out","In",,0,0,1,0,1,0,0,0,0,"Victim__J_Out__C_In",0,9,-9,"Ing_x_Hum","Ing_x_Hum__Victim","Ing_x_Hum__Reject","Ing_x_Hum__Victim__Reject",0,0,0,1,0,0,"Victim__J_Out__C_In__Reject","Victim__J_Out__C_In__Reject",0,1,0,0,0,0,0,0,0,0,0,0,0,0,0,0,0,0,0,0,0,0,0,0,0,0,0,"J_Out__C_In",,,1,0,0,0,0,0,0,0
230,8,1,"victim",0,18,3,2,1,2,1,2,TRUE,2.07142857142857,1.85714285714286,2.5,2.28571428571429,1.5,2,2,2,2,2,2,"In","In","ingroup","ingroup",0,0,0,1,1,1,"In","In",,0,0,0,0,0,0,0,0,0,"Victim__J_In__C_In",0,-6,6,"Ing_x_Ing","Ing_x_Ing__Victim","Ing_x_Ing__Accept","Ing_x_Ing__Victim__Accept",0,0,0,0,1,0,"Victim__J_In__C_In__Accept","Victim__J_In__C_In__Accept",1,0,0,0,0,0,0,0,0,0,0,0,0,0,0,0,0,0,0,0,0,0,0,0,0,0,0,"J_In__C_In",,,0,0,0,0,0,0,0,0
230,8,2,"victim",0,18,3,2,1,2,1,2,TRUE,2.07142857142857,1.85714285714286,2.5,2.28571428571429,1.5,2,2,2,2,2,2,"In","In","ingroup","ingroup",0,0,0,1,1,1,"In","In",,0,0,0,0,0,0,0,0,0,"Victim__J_In__C_In",0,-6,6,"Ing_x_Ing","Ing_x_Ing__Victim","Ing_x_Ing__Accept","Ing_x_Ing__Victim__Accept",0,0,0,0,1,0,"Victim__J_In__C_In__Accept","Victim__J_In__C_In__Accept",1,0,0,0,0,0,0,0,0,0,0,0,0,0,0,0,0,0,0,0,0,0,0,0,0,0,0,"J_In__C_In",,,0,0,0,0,0,0,0,0
230,9,1,"victim",0,18,3,2,1,2,1,2,TRUE,2.07142857142857,1.85714285714286,2.5,2.28571428571429,1.5,2,3,2,3,2,2,"Cont","In","control","ingroup",0,1,0,,1,0,"Cont","In",,0,1,0,0,0,1,0,0,0,"Victim__J_Cont__C_In",1,-9,9,"Ing_x_Control","Ing_x_Control__Victim","Ing_x_Control__Accept","Ing_x_Control__Victim__Accept",0,0,0,0,0,1,"Victim__J_Cont__C_In__Accept","Victim__J_Cont__C_In__Accept",0,0,1,0,0,0,0,0,0,0,0,0,0,0,0,0,0,0,0,0,0,0,0,0,0,0,0,"J_Cont__C_In",,,0,1,0,0,0,0,0,0
230,9,2,"victim",0,18,3,2,1,2,1,2,TRUE,2.07142857142857,1.85714285714286,2.5,2.28571428571429,1.5,2,3,2,2,3,2,"Cont","In","ingroup","control",0,0,0,1,0,1,"In","Cont",,0,1,0,0,0,0,0,1,0,"Victim__J_In__C_Cont",1,6,-6,"Ing_x_Ing","Ing_x_Ing__Victim","Ing_x_Ing__Reject","Ing_x_Ing__Victim__Reject",0,0,0,0,1,0,"Victim__J_In__C_Cont__Reject","Victim__J_In__C_Cont__Reject",0,0,0,0,0,0,1,0,0,0,0,0,0,0,0,0,0,0,0,0,0,0,0,0,0,0,0,"J_In__C_Cont",,,0,0,0,0,0,1,0,0
230,10,1,"victim",0,18,3,2,1,2,1,2,TRUE,2.07142857142857,1.85714285714286,2.5,2.28571428571429,1.5,2,2,3,2,3,2,"In","Cont","ingroup","control",0,0,0,1,0,1,"In","Cont",,0,0,0,1,0,0,0,1,0,"Victim__J_In__C_Cont",1,8,-8,"Ing_x_Ing","Ing_x_Ing__Victim","Ing_x_Ing__Reject","Ing_x_Ing__Victim__Reject",0,0,0,0,1,0,"Victim__J_In__C_Cont__Reject","Victim__J_In__C_Cont__Reject",0,0,0,0,0,0,1,0,0,0,0,0,0,0,0,0,0,0,0,0,0,0,0,0,0,0,0,"J_In__C_Cont",,,0,0,0,0,0,1,0,0
230,10,2,"victim",0,18,3,2,1,2,1,2,TRUE,2.07142857142857,1.85714285714286,2.5,2.28571428571429,1.5,2,2,3,3,2,2,"In","Cont","control","ingroup",0,1,0,,1,0,"Cont","In",,0,0,0,1,0,1,0,0,0,"Victim__J_Cont__C_In",1,-8,8,"Ing_x_Control","Ing_x_Control__Victim","Ing_x_Control__Accept","Ing_x_Control__Victim__Accept",0,0,0,0,0,1,"Victim__J_Cont__C_In__Accept","Victim__J_Cont__C_In__Accept",0,0,1,0,0,0,0,0,0,0,0,0,0,0,0,0,0,0,0,0,0,0,0,0,0,0,0,"J_Cont__C_In",,,0,1,0,0,0,0,0,0
231,1,1,"victim",0,18,1,2,1,1,0,1,TRUE,1.96428571428571,1.85714285714286,2.25,1.85714285714286,1.83333333333333,1,1,1,1,1,1,"In","In","ingroup","ingroup",0,0,0,1,0,0,"In","In",,0,0,0,0,0,0,0,0,0,"Victim__J_In__C_In",0,0,0,"Hum_x_Hum","Hum_x_Hum__Victim","Hum_x_Hum__Reject","Hum_x_Hum__Victim__Reject",1,0,0,0,0,0,"Victim__J_In__C_In__Reject","Victim__J_In__C_In__Reject",1,0,0,0,0,0,0,0,0,0,0,0,0,0,0,0,0,0,0,0,0,0,0,0,0,0,0,"J_In__C_In",,,0,0,0,0,0,0,0,0
231,1,2,"victim",0,18,1,2,1,1,0,1,TRUE,1.96428571428571,1.85714285714286,2.25,1.85714285714286,1.83333333333333,1,1,1,1,1,1,"In","In","ingroup","ingroup",0,0,0,1,0,0,"In","In",,0,0,0,0,0,0,0,0,0,"Victim__J_In__C_In",0,9,-9,"Hum_x_Hum","Hum_x_Hum__Victim","Hum_x_Hum__Reject","Hum_x_Hum__Victim__Reject",1,0,0,0,0,0,"Victim__J_In__C_In__Reject","Victim__J_In__C_In__Reject",1,0,0,0,0,0,0,0,0,0,0,0,0,0,0,0,0,0,0,0,0,0,0,0,0,0,0,"J_In__C_In",,,0,0,0,0,0,0,0,0
231,2,1,"victim",0,18,1,2,1,1,0,1,TRUE,1.96428571428571,1.85714285714286,2.25,1.85714285714286,1.83333333333333,1,2,1,2,1,1,"Out","In","outgroup","ingroup",1,0,0,0,1,0,"Out","In",,1,0,0,0,1,0,0,0,0,"Victim__J_Out__C_In",0,-5,5,"Hum_x_Ing","Hum_x_Ing__Victim","Hum_x_Ing__Accept","Hum_x_Ing__Victim__Accept",0,1,0,0,0,0,"Victim__J_Out__C_In__Accept","Victim__J_Out__C_In__Accept",0,1,0,0,0,0,0,0,0,0,0,0,0,0,0,0,0,0,0,0,0,0,0,0,0,0,0,"J_Out__C_In",,,1,0,0,0,0,0,0,0
231,2,2,"victim",0,18,1,2,1,1,0,1,TRUE,1.96428571428571,1.85714285714286,2.25,1.85714285714286,1.83333333333333,1,2,1,1,2,1,"Out","In","ingroup","outgroup",0,0,0,1,0,1,"In","Out",,1,0,0,0,0,0,1,0,0,"Victim__J_In__C_Out",0,5,-5,"Hum_x_Hum","Hum_x_Hum__Victim","Hum_x_Hum__Reject","Hum_x_Hum__Victim__Reject",1,0,0,0,0,0,"Victim__J_In__C_Out__Reject","Victim__J_In__C_Out__Reject",0,0,0,1,0,0,0,0,0,0,0,0,0,0,0,0,0,0,0,0,0,0,0,0,0,0,0,"J_In__C_Out",,,0,0,1,0,0,0,0,0
231,3,1,"victim",0,18,1,2,1,1,0,1,TRUE,1.96428571428571,1.85714285714286,2.25,1.85714285714286,1.83333333333333,1,1,2,1,2,1,"In","Out","ingroup","outgroup",0,0,0,1,0,1,"In","Out",,0,0,1,0,0,0,1,0,0,"Victim__J_In__C_Out",0,5,-5,"Hum_x_Hum","Hum_x_Hum__Victim","Hum_x_Hum__Reject","Hum_x_Hum__Victim__Reject",1,0,0,0,0,0,"Victim__J_In__C_Out__Reject","Victim__J_In__C_Out__Reject",0,0,0,1,0,0,0,0,0,0,0,0,0,0,0,0,0,0,0,0,0,0,0,0,0,0,0,"J_In__C_Out",,,0,0,1,0,0,0,0,0
231,3,2,"victim",0,18,1,2,1,1,0,1,TRUE,1.96428571428571,1.85714285714286,2.25,1.85714285714286,1.83333333333333,1,1,2,2,1,1,"In","Out","outgroup","ingroup",1,0,0,0,1,0,"Out","In",,0,0,1,0,1,0,0,0,0,"Victim__J_Out__C_In",0,-5,5,"Hum_x_Ing","Hum_x_Ing__Victim","Hum_x_Ing__Accept","Hum_x_Ing__Victim__Accept",0,1,0,0,0,0,"Victim__J_Out__C_In__Accept","Victim__J_Out__C_In__Accept",0,1,0,0,0,0,0,0,0,0,0,0,0,0,0,0,0,0,0,0,0,0,0,0,0,0,0,"J_Out__C_In",,,1,0,0,0,0,0,0,0
231,4,1,"victim",0,18,1,2,1,1,0,1,TRUE,1.96428571428571,1.85714285714286,2.25,1.85714285714286,1.83333333333333,1,3,1,3,1,1,"Cont","In","control","ingroup",0,1,0,,0,1,"Cont","In",,0,1,0,0,0,1,0,0,0,"Victim__J_Cont__C_In",1,5,-5,"Hum_x_Control","Hum_x_Control__Victim","Hum_x_Control__Reject","Hum_x_Control__Victim__Reject",0,0,1,0,0,0,"Victim__J_Cont__C_In__Reject","Victim__J_Cont__C_In__Reject",0,0,1,0,0,0,0,0,0,0,0,0,0,0,0,0,0,0,0,0,0,0,0,0,0,0,0,"J_Cont__C_In",,,0,1,0,0,0,0,0,0
231,4,2,"victim",0,18,1,2,1,1,0,1,TRUE,1.96428571428571,1.85714285714286,2.25,1.85714285714286,1.83333333333333,1,3,1,1,3,1,"Cont","In","ingroup","control",0,0,0,1,1,0,"In","Cont",,0,1,0,0,0,0,0,1,0,"Victim__J_In__C_Cont",1,-5,5,"Hum_x_Hum","Hum_x_Hum__Victim","Hum_x_Hum__Accept","Hum_x_Hum__Victim__Accept",1,0,0,0,0,0,"Victim__J_In__C_Cont__Accept","Victim__J_In__C_Cont__Accept",0,0,0,0,0,0,1,0,0,0,0,0,0,0,0,0,0,0,0,0,0,0,0,0,0,0,0,"J_In__C_Cont",,,0,0,0,0,0,1,0,0
231,5,1,"victim",0,18,1,2,1,1,0,1,TRUE,1.96428571428571,1.85714285714286,2.25,1.85714285714286,1.83333333333333,1,2,3,2,3,1,"Out","Cont","outgroup","control",1,0,0,0,0,0,"Out","Cont",,1,0,0,1,1,0,0,1,0,"Victim__J_Out__C_Cont",1,5,-5,"Hum_x_Ing","Hum_x_Ing__Victim","Hum_x_Ing__Reject","Hum_x_Ing__Victim__Reject",0,1,0,0,0,0,"Victim__J_Out__C_Cont__Reject","Victim__J_Out__C_Cont__Reject",0,0,0,0,0,0,0,1,0,0,0,0,0,0,0,0,0,0,0,0,0,0,0,0,0,0,0,"J_Out__C_Cont",,,0,0,0,0,0,0,1,0
231,5,2,"victim",0,18,1,2,1,1,0,1,TRUE,1.96428571428571,1.85714285714286,2.25,1.85714285714286,1.83333333333333,1,2,3,3,2,1,"Out","Cont","control","outgroup",0,1,0,,0,0,"Cont","Out",,1,0,0,1,0,1,1,0,0,"Victim__J_Cont__C_Out",1,5,-5,"Hum_x_Control","Hum_x_Control__Victim","Hum_x_Control__Reject","Hum_x_Control__Victim__Reject",0,0,1,0,0,0,"Victim__J_Cont__C_Out__Reject","Victim__J_Cont__C_Out__Reject",0,0,0,0,0,1,0,0,0,0,0,0,0,0,0,0,0,0,0,0,0,0,0,0,0,0,0,"J_Cont__C_Out",,,0,0,0,0,1,0,0,0
232,6,1,"victim",0,24,2,1,0,2,1,2,TRUE,2.25,2.28571428571429,2.625,2.71428571428571,1.16666666666667,2,3,3,3,3,2,"Cont","Cont","control","control",0,1,0,,0,0,"Cont","Cont",,0,1,0,1,0,1,0,1,0,"Victim__J_Cont__C_Cont",1,9,-9,"Ing_x_Control","Ing_x_Control__Victim","Ing_x_Control__Reject","Ing_x_Control__Victim__Reject",0,0,0,0,0,1,"Victim__J_Cont__C_Cont__Reject","Victim__J_Cont__C_Cont__Reject",0,0,0,0,0,0,0,0,1,0,0,0,0,0,0,0,0,0,0,0,0,0,0,0,0,0,0,"J_Cont__C_Cont",,,0,0,0,0,0,0,0,1
232,6,2,"victim",0,24,2,1,0,2,1,2,TRUE,2.25,2.28571428571429,2.625,2.71428571428571,1.16666666666667,2,3,3,3,3,2,"Cont","Cont","control","control",0,1,0,,0,0,"Cont","Cont",,0,1,0,1,0,1,0,1,0,"Victim__J_Cont__C_Cont",1,9,-9,"Ing_x_Control","Ing_x_Control__Victim","Ing_x_Control__Reject","Ing_x_Control__Victim__Reject",0,0,0,0,0,1,"Victim__J_Cont__C_Cont__Reject","Victim__J_Cont__C_Cont__Reject",0,0,0,0,0,0,0,0,1,0,0,0,0,0,0,0,0,0,0,0,0,0,0,0,0,0,0,"J_Cont__C_Cont",,,0,0,0,0,0,0,0,1
232,7,1,"victim",0,24,2,1,0,2,1,2,TRUE,2.25,2.28571428571429,2.625,2.71428571428571,1.16666666666667,2,1,1,1,1,2,"Out","Out","outgroup","outgroup",1,0,0,0,1,0,"Out","Out",,1,0,1,0,1,0,1,0,0,"Victim__J_Out__C_Out",0,-9,9,"Ing_x_Hum","Ing_x_Hum__Victim","Ing_x_Hum__Accept","Ing_x_Hum__Victim__Accept",0,0,0,1,0,0,"Victim__J_Out__C_Out__Accept","Victim__J_Out__C_Out__Accept",0,0,0,0,1,0,0,0,0,0,0,0,0,0,0,0,0,0,0,0,0,0,0,0,0,0,0,"J_Out__C_Out",,,0,0,0,1,0,0,0,0
232,7,2,"victim",0,24,2,1,0,2,1,2,TRUE,2.25,2.28571428571429,2.625,2.71428571428571,1.16666666666667,2,1,1,1,1,2,"Out","Out","outgroup","outgroup",1,0,0,0,0,1,"Out","Out",,1,0,1,0,1,0,1,0,0,"Victim__J_Out__C_Out",0,9,-9,"Ing_x_Hum","Ing_x_Hum__Victim","Ing_x_Hum__Reject","Ing_x_Hum__Victim__Reject",0,0,0,1,0,0,"Victim__J_Out__C_Out__Reject","Victim__J_Out__C_Out__Reject",0,0,0,0,1,0,0,0,0,0,0,0,0,0,0,0,0,0,0,0,0,0,0,0,0,0,0,"J_Out__C_Out",,,0,0,0,1,0,0,0,0
232,8,1,"victim",0,24,2,1,0,2,1,2,TRUE,2.25,2.28571428571429,2.625,2.71428571428571,1.16666666666667,2,2,3,2,3,2,"In","Cont","ingroup","control",0,0,0,1,1,0,"In","Cont",,0,0,0,1,0,0,0,1,0,"Victim__J_In__C_Cont",1,-9,9,"Ing_x_Ing","Ing_x_Ing__Victim","Ing_x_Ing__Accept","Ing_x_Ing__Victim__Accept",0,0,0,0,1,0,"Victim__J_In__C_Cont__Accept","Victim__J_In__C_Cont__Accept",0,0,0,0,0,0,1,0,0,0,0,0,0,0,0,0,0,0,0,0,0,0,0,0,0,0,0,"J_In__C_Cont",,,0,0,0,0,0,1,0,0
232,8,2,"victim",0,24,2,1,0,2,1,2,TRUE,2.25,2.28571428571429,2.625,2.71428571428571,1.16666666666667,2,2,3,3,2,2,"In","Cont","control","ingroup",0,1,0,,0,1,"Cont","In",,0,0,0,1,0,1,0,0,0,"Victim__J_Cont__C_In",1,9,-9,"Ing_x_Control","Ing_x_Control__Victim","Ing_x_Control__Reject","Ing_x_Control__Victim__Reject",0,0,0,0,0,1,"Victim__J_Cont__C_In__Reject","Victim__J_Cont__C_In__Reject",0,0,1,0,0,0,0,0,0,0,0,0,0,0,0,0,0,0,0,0,0,0,0,0,0,0,0,"J_Cont__C_In",,,0,1,0,0,0,0,0,0
232,9,1,"victim",0,24,2,1,0,2,1,2,TRUE,2.25,2.28571428571429,2.625,2.71428571428571,1.16666666666667,2,1,1,1,1,2,"Out","Out","outgroup","outgroup",1,0,0,0,0,1,"Out","Out",,1,0,1,0,1,0,1,0,0,"Victim__J_Out__C_Out",0,9,-9,"Ing_x_Hum","Ing_x_Hum__Victim","Ing_x_Hum__Reject","Ing_x_Hum__Victim__Reject",0,0,0,1,0,0,"Victim__J_Out__C_Out__Reject","Victim__J_Out__C_Out__Reject",0,0,0,0,1,0,0,0,0,0,0,0,0,0,0,0,0,0,0,0,0,0,0,0,0,0,0,"J_Out__C_Out",,,0,0,0,1,0,0,0,0
232,9,2,"victim",0,24,2,1,0,2,1,2,TRUE,2.25,2.28571428571429,2.625,2.71428571428571,1.16666666666667,2,1,1,1,1,2,"Out","Out","outgroup","outgroup",1,0,0,0,1,0,"Out","Out",,1,0,1,0,1,0,1,0,0,"Victim__J_Out__C_Out",0,-9,9,"Ing_x_Hum","Ing_x_Hum__Victim","Ing_x_Hum__Accept","Ing_x_Hum__Victim__Accept",0,0,0,1,0,0,"Victim__J_Out__C_Out__Accept","Victim__J_Out__C_Out__Accept",0,0,0,0,1,0,0,0,0,0,0,0,0,0,0,0,0,0,0,0,0,0,0,0,0,0,0,"J_Out__C_Out",,,0,0,0,1,0,0,0,0
232,10,1,"victim",0,24,2,1,0,2,1,2,TRUE,2.25,2.28571428571429,2.625,2.71428571428571,1.16666666666667,2,2,1,2,1,2,"In","Out","ingroup","outgroup",0,0,0,1,1,1,"In","Out",,0,0,1,0,0,0,1,0,0,"Victim__J_In__C_Out",0,-9,9,"Ing_x_Ing","Ing_x_Ing__Victim","Ing_x_Ing__Accept","Ing_x_Ing__Victim__Accept",0,0,0,0,1,0,"Victim__J_In__C_Out__Accept","Victim__J_In__C_Out__Accept",0,0,0,1,0,0,0,0,0,0,0,0,0,0,0,0,0,0,0,0,0,0,0,0,0,0,0,"J_In__C_Out",,,0,0,1,0,0,0,0,0
232,10,2,"victim",0,24,2,1,0,2,1,2,TRUE,2.25,2.28571428571429,2.625,2.71428571428571,1.16666666666667,2,2,1,1,2,2,"In","Out","outgroup","ingroup",1,0,0,0,1,1,"Out","In",,0,0,1,0,1,0,0,0,0,"Victim__J_Out__C_In",0,-9,9,"Ing_x_Hum","Ing_x_Hum__Victim","Ing_x_Hum__Accept","Ing_x_Hum__Victim__Accept",0,0,0,1,0,0,"Victim__J_Out__C_In__Accept","Victim__J_Out__C_In__Accept",0,1,0,0,0,0,0,0,0,0,0,0,0,0,0,0,0,0,0,0,0,0,0,0,0,0,0,"J_Out__C_In",,,1,0,0,0,0,0,0,0
233,1,1,"victim",0,23,3,1,0,2,1,1,TRUE,2.42857142857143,2,2.375,2.71428571428571,2.66666666666667,2,2,3,2,3,2,"In","Cont","ingroup","control",0,0,0,1,0,0,"In","Cont",,0,0,0,1,0,0,0,1,0,"Victim__J_In__C_Cont",1,9,-9,"Ing_x_Ing","Ing_x_Ing__Victim","Ing_x_Ing__Reject","Ing_x_Ing__Victim__Reject",0,0,0,0,1,0,"Victim__J_In__C_Cont__Reject","Victim__J_In__C_Cont__Reject",0,0,0,0,0,0,1,0,0,0,0,0,0,0,0,0,0,0,0,0,0,0,0,0,0,0,0,"J_In__C_Cont",,,0,0,0,0,0,1,0,0
233,1,2,"victim",0,23,3,1,0,2,1,1,TRUE,2.42857142857143,2,2.375,2.71428571428571,2.66666666666667,2,2,3,3,2,2,"In","Cont","control","ingroup",0,1,0,,0,0,"Cont","In",,0,0,0,1,0,1,0,0,0,"Victim__J_Cont__C_In",1,9,-9,"Ing_x_Control","Ing_x_Control__Victim","Ing_x_Control__Reject","Ing_x_Control__Victim__Reject",0,0,0,0,0,1,"Victim__J_Cont__C_In__Reject","Victim__J_Cont__C_In__Reject",0,0,1,0,0,0,0,0,0,0,0,0,0,0,0,0,0,0,0,0,0,0,0,0,0,0,0,"J_Cont__C_In",,,0,1,0,0,0,0,0,0
233,2,1,"victim",0,23,3,1,0,2,1,1,TRUE,2.42857142857143,2,2.375,2.71428571428571,2.66666666666667,2,2,3,2,3,2,"In","Cont","ingroup","control",0,0,0,1,0,1,"In","Cont",,0,0,0,1,0,0,0,1,0,"Victim__J_In__C_Cont",1,9,-9,"Ing_x_Ing","Ing_x_Ing__Victim","Ing_x_Ing__Reject","Ing_x_Ing__Victim__Reject",0,0,0,0,1,0,"Victim__J_In__C_Cont__Reject","Victim__J_In__C_Cont__Reject",0,0,0,0,0,0,1,0,0,0,0,0,0,0,0,0,0,0,0,0,0,0,0,0,0,0,0,"J_In__C_Cont",,,0,0,0,0,0,1,0,0
233,2,2,"victim",0,23,3,1,0,2,1,1,TRUE,2.42857142857143,2,2.375,2.71428571428571,2.66666666666667,2,2,3,3,2,2,"In","Cont","control","ingroup",0,1,0,,1,0,"Cont","In",,0,0,0,1,0,1,0,0,0,"Victim__J_Cont__C_In",1,6,-6,"Ing_x_Control","Ing_x_Control__Victim","Ing_x_Control__Accept","Ing_x_Control__Victim__Accept",0,0,0,0,0,1,"Victim__J_Cont__C_In__Accept","Victim__J_Cont__C_In__Accept",0,0,1,0,0,0,0,0,0,0,0,0,0,0,0,0,0,0,0,0,0,0,0,0,0,0,0,"J_Cont__C_In",,,0,1,0,0,0,0,0,0
233,3,1,"victim",0,23,3,1,0,2,1,1,TRUE,2.42857142857143,2,2.375,2.71428571428571,2.66666666666667,2,3,1,3,1,2,"Cont","Out","control","outgroup",0,1,0,,0,0,"Cont","Out",,0,1,1,0,0,1,1,0,0,"Victim__J_Cont__C_Out",1,9,-9,"Ing_x_Control","Ing_x_Control__Victim","Ing_x_Control__Reject","Ing_x_Control__Victim__Reject",0,0,0,0,0,1,"Victim__J_Cont__C_Out__Reject","Victim__J_Cont__C_Out__Reject",0,0,0,0,0,1,0,0,0,0,0,0,0,0,0,0,0,0,0,0,0,0,0,0,0,0,0,"J_Cont__C_Out",,,0,0,0,0,1,0,0,0
233,3,2,"victim",0,23,3,1,0,2,1,1,TRUE,2.42857142857143,2,2.375,2.71428571428571,2.66666666666667,2,3,1,1,3,2,"Cont","Out","outgroup","control",1,0,0,0,0,0,"Out","Cont",,0,1,1,0,1,0,0,1,0,"Victim__J_Out__C_Cont",1,9,-9,"Ing_x_Hum","Ing_x_Hum__Victim","Ing_x_Hum__Reject","Ing_x_Hum__Victim__Reject",0,0,0,1,0,0,"Victim__J_Out__C_Cont__Reject","Victim__J_Out__C_Cont__Reject",0,0,0,0,0,0,0,1,0,0,0,0,0,0,0,0,0,0,0,0,0,0,0,0,0,0,0,"J_Out__C_Cont",,,0,0,0,0,0,0,1,0
233,4,1,"victim",0,23,3,1,0,2,1,1,TRUE,2.42857142857143,2,2.375,2.71428571428571,2.66666666666667,2,1,2,1,2,2,"Out","In","outgroup","ingroup",1,0,0,0,0,1,"Out","In",,1,0,0,0,1,0,0,0,0,"Victim__J_Out__C_In",0,9,-9,"Ing_x_Hum","Ing_x_Hum__Victim","Ing_x_Hum__Reject","Ing_x_Hum__Victim__Reject",0,0,0,1,0,0,"Victim__J_Out__C_In__Reject","Victim__J_Out__C_In__Reject",0,1,0,0,0,0,0,0,0,0,0,0,0,0,0,0,0,0,0,0,0,0,0,0,0,0,0,"J_Out__C_In",,,1,0,0,0,0,0,0,0
233,4,2,"victim",0,23,3,1,0,2,1,1,TRUE,2.42857142857143,2,2.375,2.71428571428571,2.66666666666667,2,1,2,2,1,2,"Out","In","ingroup","outgroup",0,0,0,1,1,0,"In","Out",,1,0,0,0,0,0,1,0,0,"Victim__J_In__C_Out",0,4,-4,"Ing_x_Ing","Ing_x_Ing__Victim","Ing_x_Ing__Accept","Ing_x_Ing__Victim__Accept",0,0,0,0,1,0,"Victim__J_In__C_Out__Accept","Victim__J_In__C_Out__Accept",0,0,0,1,0,0,0,0,0,0,0,0,0,0,0,0,0,0,0,0,0,0,0,0,0,0,0,"J_In__C_Out",,,0,0,1,0,0,0,0,0
233,5,1,"victim",0,23,3,1,0,2,1,1,TRUE,2.42857142857143,2,2.375,2.71428571428571,2.66666666666667,2,2,1,2,1,2,"In","Out","ingroup","outgroup",0,0,0,1,0,0,"In","Out",,0,0,1,0,0,0,1,0,0,"Victim__J_In__C_Out",0,9,-9,"Ing_x_Ing","Ing_x_Ing__Victim","Ing_x_Ing__Reject","Ing_x_Ing__Victim__Reject",0,0,0,0,1,0,"Victim__J_In__C_Out__Reject","Victim__J_In__C_Out__Reject",0,0,0,1,0,0,0,0,0,0,0,0,0,0,0,0,0,0,0,0,0,0,0,0,0,0,0,"J_In__C_Out",,,0,0,1,0,0,0,0,0
233,5,2,"victim",0,23,3,1,0,2,1,1,TRUE,2.42857142857143,2,2.375,2.71428571428571,2.66666666666667,2,2,1,1,2,2,"In","Out","outgroup","ingroup",1,0,0,0,0,0,"Out","In",,0,0,1,0,1,0,0,0,0,"Victim__J_Out__C_In",0,9,-9,"Ing_x_Hum","Ing_x_Hum__Victim","Ing_x_Hum__Reject","Ing_x_Hum__Victim__Reject",0,0,0,1,0,0,"Victim__J_Out__C_In__Reject","Victim__J_Out__C_In__Reject",0,1,0,0,0,0,0,0,0,0,0,0,0,0,0,0,0,0,0,0,0,0,0,0,0,0,0,"J_Out__C_In",,,1,0,0,0,0,0,0,0
234,1,1,"victim",0,23,1,1,0,2,1,1,TRUE,2.39285714285714,1.71428571428571,2.75,2.42857142857143,2.66666666666667,2,3,1,3,1,2,"Cont","Out","control","outgroup",0,1,0,,0,0,"Cont","Out",,0,1,1,0,0,1,1,0,0,"Victim__J_Cont__C_Out",1,9,-9,"Ing_x_Control","Ing_x_Control__Victim","Ing_x_Control__Reject","Ing_x_Control__Victim__Reject",0,0,0,0,0,1,"Victim__J_Cont__C_Out__Reject","Victim__J_Cont__C_Out__Reject",0,0,0,0,0,1,0,0,0,0,0,0,0,0,0,0,0,0,0,0,0,0,0,0,0,0,0,"J_Cont__C_Out",,,0,0,0,0,1,0,0,0
234,1,2,"victim",0,23,1,1,0,2,1,1,TRUE,2.39285714285714,1.71428571428571,2.75,2.42857142857143,2.66666666666667,2,3,1,1,3,2,"Cont","Out","outgroup","control",1,0,0,0,0,0,"Out","Cont",,0,1,1,0,1,0,0,1,0,"Victim__J_Out__C_Cont",1,9,-9,"Ing_x_Hum","Ing_x_Hum__Victim","Ing_x_Hum__Reject","Ing_x_Hum__Victim__Reject",0,0,0,1,0,0,"Victim__J_Out__C_Cont__Reject","Victim__J_Out__C_Cont__Reject",0,0,0,0,0,0,0,1,0,0,0,0,0,0,0,0,0,0,0,0,0,0,0,0,0,0,0,"J_Out__C_Cont",,,0,0,0,0,0,0,1,0
234,2,1,"victim",0,23,1,1,0,2,1,1,TRUE,2.39285714285714,1.71428571428571,2.75,2.42857142857143,2.66666666666667,2,1,2,1,2,2,"Out","In","outgroup","ingroup",1,0,0,0,1,1,"Out","In",,1,0,0,0,1,0,0,0,0,"Victim__J_Out__C_In",0,-3,3,"Ing_x_Hum","Ing_x_Hum__Victim","Ing_x_Hum__Accept","Ing_x_Hum__Victim__Accept",0,0,0,1,0,0,"Victim__J_Out__C_In__Accept","Victim__J_Out__C_In__Accept",0,1,0,0,0,0,0,0,0,0,0,0,0,0,0,0,0,0,0,0,0,0,0,0,0,0,0,"J_Out__C_In",,,1,0,0,0,0,0,0,0
234,2,2,"victim",0,23,1,1,0,2,1,1,TRUE,2.39285714285714,1.71428571428571,2.75,2.42857142857143,2.66666666666667,2,1,2,2,1,2,"Out","In","ingroup","outgroup",0,0,0,1,1,1,"In","Out",,1,0,0,0,0,0,1,0,0,"Victim__J_In__C_Out",0,-3,3,"Ing_x_Ing","Ing_x_Ing__Victim","Ing_x_Ing__Accept","Ing_x_Ing__Victim__Accept",0,0,0,0,1,0,"Victim__J_In__C_Out__Accept","Victim__J_In__C_Out__Accept",0,0,0,1,0,0,0,0,0,0,0,0,0,0,0,0,0,0,0,0,0,0,0,0,0,0,0,"J_In__C_Out",,,0,0,1,0,0,0,0,0
234,3,1,"victim",0,23,1,1,0,2,1,1,TRUE,2.39285714285714,1.71428571428571,2.75,2.42857142857143,2.66666666666667,2,2,2,2,2,2,"In","In","ingroup","ingroup",0,0,0,1,1,1,"In","In",,0,0,0,0,0,0,0,0,0,"Victim__J_In__C_In",0,-3,3,"Ing_x_Ing","Ing_x_Ing__Victim","Ing_x_Ing__Accept","Ing_x_Ing__Victim__Accept",0,0,0,0,1,0,"Victim__J_In__C_In__Accept","Victim__J_In__C_In__Accept",1,0,0,0,0,0,0,0,0,0,0,0,0,0,0,0,0,0,0,0,0,0,0,0,0,0,0,"J_In__C_In",,,0,0,0,0,0,0,0,0
234,3,2,"victim",0,23,1,1,0,2,1,1,TRUE,2.39285714285714,1.71428571428571,2.75,2.42857142857143,2.66666666666667,2,2,2,2,2,2,"In","In","ingroup","ingroup",0,0,0,1,1,1,"In","In",,0,0,0,0,0,0,0,0,0,"Victim__J_In__C_In",0,-3,3,"Ing_x_Ing","Ing_x_Ing__Victim","Ing_x_Ing__Accept","Ing_x_Ing__Victim__Accept",0,0,0,0,1,0,"Victim__J_In__C_In__Accept","Victim__J_In__C_In__Accept",1,0,0,0,0,0,0,0,0,0,0,0,0,0,0,0,0,0,0,0,0,0,0,0,0,0,0,"J_In__C_In",,,0,0,0,0,0,0,0,0
234,4,1,"victim",0,23,1,1,0,2,1,1,TRUE,2.39285714285714,1.71428571428571,2.75,2.42857142857143,2.66666666666667,2,1,2,1,2,2,"Out","In","outgroup","ingroup",1,0,0,0,0,1,"Out","In",,1,0,0,0,1,0,0,0,0,"Victim__J_Out__C_In",0,9,-9,"Ing_x_Hum","Ing_x_Hum__Victim","Ing_x_Hum__Reject","Ing_x_Hum__Victim__Reject",0,0,0,1,0,0,"Victim__J_Out__C_In__Reject","Victim__J_Out__C_In__Reject",0,1,0,0,0,0,0,0,0,0,0,0,0,0,0,0,0,0,0,0,0,0,0,0,0,0,0,"J_Out__C_In",,,1,0,0,0,0,0,0,0
234,4,2,"victim",0,23,1,1,0,2,1,1,TRUE,2.39285714285714,1.71428571428571,2.75,2.42857142857143,2.66666666666667,2,1,2,2,1,2,"Out","In","ingroup","outgroup",0,0,0,1,1,0,"In","Out",,1,0,0,0,0,0,1,0,0,"Victim__J_In__C_Out",0,-3,3,"Ing_x_Ing","Ing_x_Ing__Victim","Ing_x_Ing__Accept","Ing_x_Ing__Victim__Accept",0,0,0,0,1,0,"Victim__J_In__C_Out__Accept","Victim__J_In__C_Out__Accept",0,0,0,1,0,0,0,0,0,0,0,0,0,0,0,0,0,0,0,0,0,0,0,0,0,0,0,"J_In__C_Out",,,0,0,1,0,0,0,0,0
234,5,1,"victim",0,23,1,1,0,2,1,1,TRUE,2.39285714285714,1.71428571428571,2.75,2.42857142857143,2.66666666666667,2,2,2,2,2,2,"In","In","ingroup","ingroup",0,0,0,1,0,0,"In","In",,0,0,0,0,0,0,0,0,0,"Victim__J_In__C_In",0,9,-9,"Ing_x_Ing","Ing_x_Ing__Victim","Ing_x_Ing__Reject","Ing_x_Ing__Victim__Reject",0,0,0,0,1,0,"Victim__J_In__C_In__Reject","Victim__J_In__C_In__Reject",1,0,0,0,0,0,0,0,0,0,0,0,0,0,0,0,0,0,0,0,0,0,0,0,0,0,0,"J_In__C_In",,,0,0,0,0,0,0,0,0
234,5,2,"victim",0,23,1,1,0,2,1,1,TRUE,2.39285714285714,1.71428571428571,2.75,2.42857142857143,2.66666666666667,2,2,2,2,2,2,"In","In","ingroup","ingroup",0,0,0,1,0,0,"In","In",,0,0,0,0,0,0,0,0,0,"Victim__J_In__C_In",0,9,-9,"Ing_x_Ing","Ing_x_Ing__Victim","Ing_x_Ing__Reject","Ing_x_Ing__Victim__Reject",0,0,0,0,1,0,"Victim__J_In__C_In__Reject","Victim__J_In__C_In__Reject",1,0,0,0,0,0,0,0,0,0,0,0,0,0,0,0,0,0,0,0,0,0,0,0,0,0,0,"J_In__C_In",,,0,0,0,0,0,0,0,0
235,6,1,"victim",0,21,2,2,1,1,0,2,TRUE,1.92857142857143,1.14285714285714,2.375,2,2.16666666666667,1,1,1,1,1,1,"In","In","ingroup","ingroup",0,0,0,1,1,0,"In","In",,0,0,0,0,0,0,0,0,0,"Victim__J_In__C_In",0,-9,9,"Hum_x_Hum","Hum_x_Hum__Victim","Hum_x_Hum__Accept","Hum_x_Hum__Victim__Accept",1,0,0,0,0,0,"Victim__J_In__C_In__Accept","Victim__J_In__C_In__Accept",1,0,0,0,0,0,0,0,0,0,0,0,0,0,0,0,0,0,0,0,0,0,0,0,0,0,0,"J_In__C_In",,,0,0,0,0,0,0,0,0
235,6,2,"victim",0,21,2,2,1,1,0,2,TRUE,1.92857142857143,1.14285714285714,2.375,2,2.16666666666667,1,1,1,1,1,1,"In","In","ingroup","ingroup",0,0,0,1,0,1,"In","In",,0,0,0,0,0,0,0,0,0,"Victim__J_In__C_In",0,9,-9,"Hum_x_Hum","Hum_x_Hum__Victim","Hum_x_Hum__Reject","Hum_x_Hum__Victim__Reject",1,0,0,0,0,0,"Victim__J_In__C_In__Reject","Victim__J_In__C_In__Reject",1,0,0,0,0,0,0,0,0,0,0,0,0,0,0,0,0,0,0,0,0,0,0,0,0,0,0,"J_In__C_In",,,0,0,0,0,0,0,0,0
235,7,1,"victim",0,21,2,2,1,1,0,2,TRUE,1.92857142857143,1.14285714285714,2.375,2,2.16666666666667,1,1,3,1,3,1,"In","Cont","ingroup","control",0,0,0,1,0,0,"In","Cont",,0,0,0,1,0,0,0,1,0,"Victim__J_In__C_Cont",1,9,-9,"Hum_x_Hum","Hum_x_Hum__Victim","Hum_x_Hum__Reject","Hum_x_Hum__Victim__Reject",1,0,0,0,0,0,"Victim__J_In__C_Cont__Reject","Victim__J_In__C_Cont__Reject",0,0,0,0,0,0,1,0,0,0,0,0,0,0,0,0,0,0,0,0,0,0,0,0,0,0,0,"J_In__C_Cont",,,0,0,0,0,0,1,0,0
235,7,2,"victim",0,21,2,2,1,1,0,2,TRUE,1.92857142857143,1.14285714285714,2.375,2,2.16666666666667,1,1,3,3,1,1,"In","Cont","control","ingroup",0,1,0,,0,0,"Cont","In",,0,0,0,1,0,1,0,0,0,"Victim__J_Cont__C_In",1,9,-9,"Hum_x_Control","Hum_x_Control__Victim","Hum_x_Control__Reject","Hum_x_Control__Victim__Reject",0,0,1,0,0,0,"Victim__J_Cont__C_In__Reject","Victim__J_Cont__C_In__Reject",0,0,1,0,0,0,0,0,0,0,0,0,0,0,0,0,0,0,0,0,0,0,0,0,0,0,0,"J_Cont__C_In",,,0,1,0,0,0,0,0,0
235,8,1,"victim",0,21,2,2,1,1,0,2,TRUE,1.92857142857143,1.14285714285714,2.375,2,2.16666666666667,1,3,2,3,2,1,"Cont","Out","control","outgroup",0,1,0,,1,1,"Cont","Out",,0,1,1,0,0,1,1,0,0,"Victim__J_Cont__C_Out",1,-9,9,"Hum_x_Control","Hum_x_Control__Victim","Hum_x_Control__Accept","Hum_x_Control__Victim__Accept",0,0,1,0,0,0,"Victim__J_Cont__C_Out__Accept","Victim__J_Cont__C_Out__Accept",0,0,0,0,0,1,0,0,0,0,0,0,0,0,0,0,0,0,0,0,0,0,0,0,0,0,0,"J_Cont__C_Out",,,0,0,0,0,1,0,0,0
235,8,2,"victim",0,21,2,2,1,1,0,2,TRUE,1.92857142857143,1.14285714285714,2.375,2,2.16666666666667,1,3,2,2,3,1,"Cont","Out","outgroup","control",1,0,0,0,1,1,"Out","Cont",,0,1,1,0,1,0,0,1,0,"Victim__J_Out__C_Cont",1,-9,9,"Hum_x_Ing","Hum_x_Ing__Victim","Hum_x_Ing__Accept","Hum_x_Ing__Victim__Accept",0,1,0,0,0,0,"Victim__J_Out__C_Cont__Accept","Victim__J_Out__C_Cont__Accept",0,0,0,0,0,0,0,1,0,0,0,0,0,0,0,0,0,0,0,0,0,0,0,0,0,0,0,"J_Out__C_Cont",,,0,0,0,0,0,0,1,0
235,9,1,"victim",0,21,2,2,1,1,0,2,TRUE,1.92857142857143,1.14285714285714,2.375,2,2.16666666666667,1,2,3,2,3,1,"Out","Cont","outgroup","control",1,0,0,0,1,1,"Out","Cont",,1,0,0,1,1,0,0,1,0,"Victim__J_Out__C_Cont",1,-9,9,"Hum_x_Ing","Hum_x_Ing__Victim","Hum_x_Ing__Accept","Hum_x_Ing__Victim__Accept",0,1,0,0,0,0,"Victim__J_Out__C_Cont__Accept","Victim__J_Out__C_Cont__Accept",0,0,0,0,0,0,0,1,0,0,0,0,0,0,0,0,0,0,0,0,0,0,0,0,0,0,0,"J_Out__C_Cont",,,0,0,0,0,0,0,1,0
235,9,2,"victim",0,21,2,2,1,1,0,2,TRUE,1.92857142857143,1.14285714285714,2.375,2,2.16666666666667,1,2,3,3,2,1,"Out","Cont","control","outgroup",0,1,0,,1,1,"Cont","Out",,1,0,0,1,0,1,1,0,0,"Victim__J_Cont__C_Out",1,-9,9,"Hum_x_Control","Hum_x_Control__Victim","Hum_x_Control__Accept","Hum_x_Control__Victim__Accept",0,0,1,0,0,0,"Victim__J_Cont__C_Out__Accept","Victim__J_Cont__C_Out__Accept",0,0,0,0,0,1,0,0,0,0,0,0,0,0,0,0,0,0,0,0,0,0,0,0,0,0,0,"J_Cont__C_Out",,,0,0,0,0,1,0,0,0
235,10,1,"victim",0,21,2,2,1,1,0,2,TRUE,1.92857142857143,1.14285714285714,2.375,2,2.16666666666667,1,1,1,1,1,1,"In","In","ingroup","ingroup",0,0,0,1,1,1,"In","In",,0,0,0,0,0,0,0,0,0,"Victim__J_In__C_In",0,-9,9,"Hum_x_Hum","Hum_x_Hum__Victim","Hum_x_Hum__Accept","Hum_x_Hum__Victim__Accept",1,0,0,0,0,0,"Victim__J_In__C_In__Accept","Victim__J_In__C_In__Accept",1,0,0,0,0,0,0,0,0,0,0,0,0,0,0,0,0,0,0,0,0,0,0,0,0,0,0,"J_In__C_In",,,0,0,0,0,0,0,0,0
235,10,2,"victim",0,21,2,2,1,1,0,2,TRUE,1.92857142857143,1.14285714285714,2.375,2,2.16666666666667,1,1,1,1,1,1,"In","In","ingroup","ingroup",0,0,0,1,1,1,"In","In",,0,0,0,0,0,0,0,0,0,"Victim__J_In__C_In",0,-9,9,"Hum_x_Hum","Hum_x_Hum__Victim","Hum_x_Hum__Accept","Hum_x_Hum__Victim__Accept",1,0,0,0,0,0,"Victim__J_In__C_In__Accept","Victim__J_In__C_In__Accept",1,0,0,0,0,0,0,0,0,0,0,0,0,0,0,0,0,0,0,0,0,0,0,0,0,0,0,"J_In__C_In",,,0,0,0,0,0,0,0,0
237,1,1,"victim",0,18,3,2,1,1,0,1,TRUE,2.32142857142857,2.71428571428571,2,2.28571428571429,2.33333333333333,1,3,3,3,3,1,"Cont","Cont","control","control",0,1,0,,0,0,"Cont","Cont",,0,1,0,1,0,1,0,1,0,"Victim__J_Cont__C_Cont",1,9,-9,"Hum_x_Control","Hum_x_Control__Victim","Hum_x_Control__Reject","Hum_x_Control__Victim__Reject",0,0,1,0,0,0,"Victim__J_Cont__C_Cont__Reject","Victim__J_Cont__C_Cont__Reject",0,0,0,0,0,0,0,0,1,0,0,0,0,0,0,0,0,0,0,0,0,0,0,0,0,0,0,"J_Cont__C_Cont",,,0,0,0,0,0,0,0,1
237,1,2,"victim",0,18,3,2,1,1,0,1,TRUE,2.32142857142857,2.71428571428571,2,2.28571428571429,2.33333333333333,1,3,3,3,3,1,"Cont","Cont","control","control",0,1,0,,0,0,"Cont","Cont",,0,1,0,1,0,1,0,1,0,"Victim__J_Cont__C_Cont",1,9,-9,"Hum_x_Control","Hum_x_Control__Victim","Hum_x_Control__Reject","Hum_x_Control__Victim__Reject",0,0,1,0,0,0,"Victim__J_Cont__C_Cont__Reject","Victim__J_Cont__C_Cont__Reject",0,0,0,0,0,0,0,0,1,0,0,0,0,0,0,0,0,0,0,0,0,0,0,0,0,0,0,"J_Cont__C_Cont",,,0,0,0,0,0,0,0,1
237,2,1,"victim",0,18,3,2,1,1,0,1,TRUE,2.32142857142857,2.71428571428571,2,2.28571428571429,2.33333333333333,1,3,2,3,2,1,"Cont","Out","control","outgroup",0,1,0,,0,0,"Cont","Out",,0,1,1,0,0,1,1,0,0,"Victim__J_Cont__C_Out",1,9,-9,"Hum_x_Control","Hum_x_Control__Victim","Hum_x_Control__Reject","Hum_x_Control__Victim__Reject",0,0,1,0,0,0,"Victim__J_Cont__C_Out__Reject","Victim__J_Cont__C_Out__Reject",0,0,0,0,0,1,0,0,0,0,0,0,0,0,0,0,0,0,0,0,0,0,0,0,0,0,0,"J_Cont__C_Out",,,0,0,0,0,1,0,0,0
237,2,2,"victim",0,18,3,2,1,1,0,1,TRUE,2.32142857142857,2.71428571428571,2,2.28571428571429,2.33333333333333,1,3,2,2,3,1,"Cont","Out","outgroup","control",1,0,0,0,0,0,"Out","Cont",,0,1,1,0,1,0,0,1,0,"Victim__J_Out__C_Cont",1,9,-9,"Hum_x_Ing","Hum_x_Ing__Victim","Hum_x_Ing__Reject","Hum_x_Ing__Victim__Reject",0,1,0,0,0,0,"Victim__J_Out__C_Cont__Reject","Victim__J_Out__C_Cont__Reject",0,0,0,0,0,0,0,1,0,0,0,0,0,0,0,0,0,0,0,0,0,0,0,0,0,0,0,"J_Out__C_Cont",,,0,0,0,0,0,0,1,0
237,3,1,"victim",0,18,3,2,1,1,0,1,TRUE,2.32142857142857,2.71428571428571,2,2.28571428571429,2.33333333333333,1,1,2,1,2,1,"In","Out","ingroup","outgroup",0,0,0,1,1,0,"In","Out",,0,0,1,0,0,0,1,0,0,"Victim__J_In__C_Out",0,-9,9,"Hum_x_Hum","Hum_x_Hum__Victim","Hum_x_Hum__Accept","Hum_x_Hum__Victim__Accept",1,0,0,0,0,0,"Victim__J_In__C_Out__Accept","Victim__J_In__C_Out__Accept",0,0,0,1,0,0,0,0,0,0,0,0,0,0,0,0,0,0,0,0,0,0,0,0,0,0,0,"J_In__C_Out",,,0,0,1,0,0,0,0,0
237,3,2,"victim",0,18,3,2,1,1,0,1,TRUE,2.32142857142857,2.71428571428571,2,2.28571428571429,2.33333333333333,1,1,2,2,1,1,"In","Out","outgroup","ingroup",1,0,0,0,0,1,"Out","In",,0,0,1,0,1,0,0,0,0,"Victim__J_Out__C_In",0,9,-9,"Hum_x_Ing","Hum_x_Ing__Victim","Hum_x_Ing__Reject","Hum_x_Ing__Victim__Reject",0,1,0,0,0,0,"Victim__J_Out__C_In__Reject","Victim__J_Out__C_In__Reject",0,1,0,0,0,0,0,0,0,0,0,0,0,0,0,0,0,0,0,0,0,0,0,0,0,0,0,"J_Out__C_In",,,1,0,0,0,0,0,0,0
237,4,1,"victim",0,18,3,2,1,1,0,1,TRUE,2.32142857142857,2.71428571428571,2,2.28571428571429,2.33333333333333,1,1,1,1,1,1,"In","In","ingroup","ingroup",0,0,0,1,0,0,"In","In",,0,0,0,0,0,0,0,0,0,"Victim__J_In__C_In",0,9,-9,"Hum_x_Hum","Hum_x_Hum__Victim","Hum_x_Hum__Reject","Hum_x_Hum__Victim__Reject",1,0,0,0,0,0,"Victim__J_In__C_In__Reject","Victim__J_In__C_In__Reject",1,0,0,0,0,0,0,0,0,0,0,0,0,0,0,0,0,0,0,0,0,0,0,0,0,0,0,"J_In__C_In",,,0,0,0,0,0,0,0,0
237,4,2,"victim",0,18,3,2,1,1,0,1,TRUE,2.32142857142857,2.71428571428571,2,2.28571428571429,2.33333333333333,1,1,1,1,1,1,"In","In","ingroup","ingroup",0,0,0,1,0,0,"In","In",,0,0,0,0,0,0,0,0,0,"Victim__J_In__C_In",0,9,-9,"Hum_x_Hum","Hum_x_Hum__Victim","Hum_x_Hum__Reject","Hum_x_Hum__Victim__Reject",1,0,0,0,0,0,"Victim__J_In__C_In__Reject","Victim__J_In__C_In__Reject",1,0,0,0,0,0,0,0,0,0,0,0,0,0,0,0,0,0,0,0,0,0,0,0,0,0,0,"J_In__C_In",,,0,0,0,0,0,0,0,0
237,5,1,"victim",0,18,3,2,1,1,0,1,TRUE,2.32142857142857,2.71428571428571,2,2.28571428571429,2.33333333333333,1,2,3,2,3,1,"Out","Cont","outgroup","control",1,0,0,0,1,1,"Out","Cont",,1,0,0,1,1,0,0,1,0,"Victim__J_Out__C_Cont",1,-9,9,"Hum_x_Ing","Hum_x_Ing__Victim","Hum_x_Ing__Accept","Hum_x_Ing__Victim__Accept",0,1,0,0,0,0,"Victim__J_Out__C_Cont__Accept","Victim__J_Out__C_Cont__Accept",0,0,0,0,0,0,0,1,0,0,0,0,0,0,0,0,0,0,0,0,0,0,0,0,0,0,0,"J_Out__C_Cont",,,0,0,0,0,0,0,1,0
237,5,2,"victim",0,18,3,2,1,1,0,1,TRUE,2.32142857142857,2.71428571428571,2,2.28571428571429,2.33333333333333,1,2,3,3,2,1,"Out","Cont","control","outgroup",0,1,0,,1,1,"Cont","Out",,1,0,0,1,0,1,1,0,0,"Victim__J_Cont__C_Out",1,-9,9,"Hum_x_Control","Hum_x_Control__Victim","Hum_x_Control__Accept","Hum_x_Control__Victim__Accept",0,0,1,0,0,0,"Victim__J_Cont__C_Out__Accept","Victim__J_Cont__C_Out__Accept",0,0,0,0,0,1,0,0,0,0,0,0,0,0,0,0,0,0,0,0,0,0,0,0,0,0,0,"J_Cont__C_Out",,,0,0,0,0,1,0,0,0
238,6,1,"victim",0,19,1,2,1,1,0,2,TRUE,2.67857142857143,2.28571428571429,3,3,2.33333333333333,1,3,1,3,1,1,"Cont","In","control","ingroup",0,1,0,,1,1,"Cont","In",,0,1,0,0,0,1,0,0,0,"Victim__J_Cont__C_In",1,-2,2,"Hum_x_Control","Hum_x_Control__Victim","Hum_x_Control__Accept","Hum_x_Control__Victim__Accept",0,0,1,0,0,0,"Victim__J_Cont__C_In__Accept","Victim__J_Cont__C_In__Accept",0,0,1,0,0,0,0,0,0,0,0,0,0,0,0,0,0,0,0,0,0,0,0,0,0,0,0,"J_Cont__C_In",,,0,1,0,0,0,0,0,0
238,6,2,"victim",0,19,1,2,1,1,0,2,TRUE,2.67857142857143,2.28571428571429,3,3,2.33333333333333,1,3,1,1,3,1,"Cont","In","ingroup","control",0,0,0,1,1,1,"In","Cont",,0,1,0,0,0,0,0,1,0,"Victim__J_In__C_Cont",1,-2,2,"Hum_x_Hum","Hum_x_Hum__Victim","Hum_x_Hum__Accept","Hum_x_Hum__Victim__Accept",1,0,0,0,0,0,"Victim__J_In__C_Cont__Accept","Victim__J_In__C_Cont__Accept",0,0,0,0,0,0,1,0,0,0,0,0,0,0,0,0,0,0,0,0,0,0,0,0,0,0,0,"J_In__C_Cont",,,0,0,0,0,0,1,0,0
238,7,1,"victim",0,19,1,2,1,1,0,2,TRUE,2.67857142857143,2.28571428571429,3,3,2.33333333333333,1,1,3,1,3,1,"In","Cont","ingroup","control",0,0,0,1,1,1,"In","Cont",,0,0,0,1,0,0,0,1,0,"Victim__J_In__C_Cont",1,-2,2,"Hum_x_Hum","Hum_x_Hum__Victim","Hum_x_Hum__Accept","Hum_x_Hum__Victim__Accept",1,0,0,0,0,0,"Victim__J_In__C_Cont__Accept","Victim__J_In__C_Cont__Accept",0,0,0,0,0,0,1,0,0,0,0,0,0,0,0,0,0,0,0,0,0,0,0,0,0,0,0,"J_In__C_Cont",,,0,0,0,0,0,1,0,0
238,7,2,"victim",0,19,1,2,1,1,0,2,TRUE,2.67857142857143,2.28571428571429,3,3,2.33333333333333,1,1,3,3,1,1,"In","Cont","control","ingroup",0,1,0,,1,1,"Cont","In",,0,0,0,1,0,1,0,0,0,"Victim__J_Cont__C_In",1,-2,2,"Hum_x_Control","Hum_x_Control__Victim","Hum_x_Control__Accept","Hum_x_Control__Victim__Accept",0,0,1,0,0,0,"Victim__J_Cont__C_In__Accept","Victim__J_Cont__C_In__Accept",0,0,1,0,0,0,0,0,0,0,0,0,0,0,0,0,0,0,0,0,0,0,0,0,0,0,0,"J_Cont__C_In",,,0,1,0,0,0,0,0,0
238,8,1,"victim",0,19,1,2,1,1,0,2,TRUE,2.67857142857143,2.28571428571429,3,3,2.33333333333333,1,1,3,1,3,1,"In","Cont","ingroup","control",0,0,0,1,1,0,"In","Cont",,0,0,0,1,0,0,0,1,0,"Victim__J_In__C_Cont",1,-2,2,"Hum_x_Hum","Hum_x_Hum__Victim","Hum_x_Hum__Accept","Hum_x_Hum__Victim__Accept",1,0,0,0,0,0,"Victim__J_In__C_Cont__Accept","Victim__J_In__C_Cont__Accept",0,0,0,0,0,0,1,0,0,0,0,0,0,0,0,0,0,0,0,0,0,0,0,0,0,0,0,"J_In__C_Cont",,,0,0,0,0,0,1,0,0
238,8,2,"victim",0,19,1,2,1,1,0,2,TRUE,2.67857142857143,2.28571428571429,3,3,2.33333333333333,1,1,3,3,1,1,"In","Cont","control","ingroup",0,1,0,,0,1,"Cont","In",,0,0,0,1,0,1,0,0,0,"Victim__J_Cont__C_In",1,4,-4,"Hum_x_Control","Hum_x_Control__Victim","Hum_x_Control__Reject","Hum_x_Control__Victim__Reject",0,0,1,0,0,0,"Victim__J_Cont__C_In__Reject","Victim__J_Cont__C_In__Reject",0,0,1,0,0,0,0,0,0,0,0,0,0,0,0,0,0,0,0,0,0,0,0,0,0,0,0,"J_Cont__C_In",,,0,1,0,0,0,0,0,0
238,9,1,"victim",0,19,1,2,1,1,0,2,TRUE,2.67857142857143,2.28571428571429,3,3,2.33333333333333,1,2,2,2,2,1,"Out","Out","outgroup","outgroup",1,0,0,0,1,1,"Out","Out",,1,0,1,0,1,0,1,0,0,"Victim__J_Out__C_Out",0,-3,3,"Hum_x_Ing","Hum_x_Ing__Victim","Hum_x_Ing__Accept","Hum_x_Ing__Victim__Accept",0,1,0,0,0,0,"Victim__J_Out__C_Out__Accept","Victim__J_Out__C_Out__Accept",0,0,0,0,1,0,0,0,0,0,0,0,0,0,0,0,0,0,0,0,0,0,0,0,0,0,0,"J_Out__C_Out",,,0,0,0,1,0,0,0,0
238,9,2,"victim",0,19,1,2,1,1,0,2,TRUE,2.67857142857143,2.28571428571429,3,3,2.33333333333333,1,2,2,2,2,1,"Out","Out","outgroup","outgroup",1,0,0,0,1,1,"Out","Out",,1,0,1,0,1,0,1,0,0,"Victim__J_Out__C_Out",0,-3,3,"Hum_x_Ing","Hum_x_Ing__Victim","Hum_x_Ing__Accept","Hum_x_Ing__Victim__Accept",0,1,0,0,0,0,"Victim__J_Out__C_Out__Accept","Victim__J_Out__C_Out__Accept",0,0,0,0,1,0,0,0,0,0,0,0,0,0,0,0,0,0,0,0,0,0,0,0,0,0,0,"J_Out__C_Out",,,0,0,0,1,0,0,0,0
238,10,1,"victim",0,19,1,2,1,1,0,2,TRUE,2.67857142857143,2.28571428571429,3,3,2.33333333333333,1,1,3,1,3,1,"In","Cont","ingroup","control",0,0,0,1,1,0,"In","Cont",,0,0,0,1,0,0,0,1,0,"Victim__J_In__C_Cont",1,-2,2,"Hum_x_Hum","Hum_x_Hum__Victim","Hum_x_Hum__Accept","Hum_x_Hum__Victim__Accept",1,0,0,0,0,0,"Victim__J_In__C_Cont__Accept","Victim__J_In__C_Cont__Accept",0,0,0,0,0,0,1,0,0,0,0,0,0,0,0,0,0,0,0,0,0,0,0,0,0,0,0,"J_In__C_Cont",,,0,0,0,0,0,1,0,0
238,10,2,"victim",0,19,1,2,1,1,0,2,TRUE,2.67857142857143,2.28571428571429,3,3,2.33333333333333,1,1,3,3,1,1,"In","Cont","control","ingroup",0,1,0,,0,1,"Cont","In",,0,0,0,1,0,1,0,0,0,"Victim__J_Cont__C_In",1,2,-2,"Hum_x_Control","Hum_x_Control__Victim","Hum_x_Control__Reject","Hum_x_Control__Victim__Reject",0,0,1,0,0,0,"Victim__J_Cont__C_In__Reject","Victim__J_Cont__C_In__Reject",0,0,1,0,0,0,0,0,0,0,0,0,0,0,0,0,0,0,0,0,0,0,0,0,0,0,0,"J_Cont__C_In",,,0,1,0,0,0,0,0,0
239,6,1,"victim",0,18,3,1,0,2,1,2,TRUE,2.71428571428571,2.71428571428571,3,2.28571428571429,2.83333333333333,2,1,2,1,2,2,"Out","In","outgroup","ingroup",1,0,0,0,0,0,"Out","In",,1,0,0,0,1,0,0,0,0,"Victim__J_Out__C_In",0,9,-9,"Ing_x_Hum","Ing_x_Hum__Victim","Ing_x_Hum__Reject","Ing_x_Hum__Victim__Reject",0,0,0,1,0,0,"Victim__J_Out__C_In__Reject","Victim__J_Out__C_In__Reject",0,1,0,0,0,0,0,0,0,0,0,0,0,0,0,0,0,0,0,0,0,0,0,0,0,0,0,"J_Out__C_In",,,1,0,0,0,0,0,0,0
239,6,2,"victim",0,18,3,1,0,2,1,2,TRUE,2.71428571428571,2.71428571428571,3,2.28571428571429,2.83333333333333,2,1,2,2,1,2,"Out","In","ingroup","outgroup",0,0,0,1,0,0,"In","Out",,1,0,0,0,0,0,1,0,0,"Victim__J_In__C_Out",0,9,-9,"Ing_x_Ing","Ing_x_Ing__Victim","Ing_x_Ing__Reject","Ing_x_Ing__Victim__Reject",0,0,0,0,1,0,"Victim__J_In__C_Out__Reject","Victim__J_In__C_Out__Reject",0,0,0,1,0,0,0,0,0,0,0,0,0,0,0,0,0,0,0,0,0,0,0,0,0,0,0,"J_In__C_Out",,,0,0,1,0,0,0,0,0
239,7,1,"victim",0,18,3,1,0,2,1,2,TRUE,2.71428571428571,2.71428571428571,3,2.28571428571429,2.83333333333333,2,2,3,2,3,2,"In","Cont","ingroup","control",0,0,0,1,1,1,"In","Cont",,0,0,0,1,0,0,0,1,0,"Victim__J_In__C_Cont",1,-9,9,"Ing_x_Ing","Ing_x_Ing__Victim","Ing_x_Ing__Accept","Ing_x_Ing__Victim__Accept",0,0,0,0,1,0,"Victim__J_In__C_Cont__Accept","Victim__J_In__C_Cont__Accept",0,0,0,0,0,0,1,0,0,0,0,0,0,0,0,0,0,0,0,0,0,0,0,0,0,0,0,"J_In__C_Cont",,,0,0,0,0,0,1,0,0
239,7,2,"victim",0,18,3,1,0,2,1,2,TRUE,2.71428571428571,2.71428571428571,3,2.28571428571429,2.83333333333333,2,2,3,3,2,2,"In","Cont","control","ingroup",0,1,0,,1,1,"Cont","In",,0,0,0,1,0,1,0,0,0,"Victim__J_Cont__C_In",1,9,-9,"Ing_x_Control","Ing_x_Control__Victim","Ing_x_Control__Accept","Ing_x_Control__Victim__Accept",0,0,0,0,0,1,"Victim__J_Cont__C_In__Accept","Victim__J_Cont__C_In__Accept",0,0,1,0,0,0,0,0,0,0,0,0,0,0,0,0,0,0,0,0,0,0,0,0,0,0,0,"J_Cont__C_In",,,0,1,0,0,0,0,0,0
239,8,1,"victim",0,18,3,1,0,2,1,2,TRUE,2.71428571428571,2.71428571428571,3,2.28571428571429,2.83333333333333,2,3,1,3,1,2,"Cont","Out","control","outgroup",0,1,0,,1,0,"Cont","Out",,0,1,1,0,0,1,1,0,0,"Victim__J_Cont__C_Out",1,-5,5,"Ing_x_Control","Ing_x_Control__Victim","Ing_x_Control__Accept","Ing_x_Control__Victim__Accept",0,0,0,0,0,1,"Victim__J_Cont__C_Out__Accept","Victim__J_Cont__C_Out__Accept",0,0,0,0,0,1,0,0,0,0,0,0,0,0,0,0,0,0,0,0,0,0,0,0,0,0,0,"J_Cont__C_Out",,,0,0,0,0,1,0,0,0
239,8,2,"victim",0,18,3,1,0,2,1,2,TRUE,2.71428571428571,2.71428571428571,3,2.28571428571429,2.83333333333333,2,3,1,1,3,2,"Cont","Out","outgroup","control",1,0,0,0,0,1,"Out","Cont",,0,1,1,0,1,0,0,1,0,"Victim__J_Out__C_Cont",1,9,-9,"Ing_x_Hum","Ing_x_Hum__Victim","Ing_x_Hum__Reject","Ing_x_Hum__Victim__Reject",0,0,0,1,0,0,"Victim__J_Out__C_Cont__Reject","Victim__J_Out__C_Cont__Reject",0,0,0,0,0,0,0,1,0,0,0,0,0,0,0,0,0,0,0,0,0,0,0,0,0,0,0,"J_Out__C_Cont",,,0,0,0,0,0,0,1,0
239,9,1,"victim",0,18,3,1,0,2,1,2,TRUE,2.71428571428571,2.71428571428571,3,2.28571428571429,2.83333333333333,2,1,1,1,1,2,"Out","Out","outgroup","outgroup",1,0,0,0,1,1,"Out","Out",,1,0,1,0,1,0,1,0,0,"Victim__J_Out__C_Out",0,-9,9,"Ing_x_Hum","Ing_x_Hum__Victim","Ing_x_Hum__Accept","Ing_x_Hum__Victim__Accept",0,0,0,1,0,0,"Victim__J_Out__C_Out__Accept","Victim__J_Out__C_Out__Accept",0,0,0,0,1,0,0,0,0,0,0,0,0,0,0,0,0,0,0,0,0,0,0,0,0,0,0,"J_Out__C_Out",,,0,0,0,1,0,0,0,0
239,9,2,"victim",0,18,3,1,0,2,1,2,TRUE,2.71428571428571,2.71428571428571,3,2.28571428571429,2.83333333333333,2,1,1,1,1,2,"Out","Out","outgroup","outgroup",1,0,0,0,1,1,"Out","Out",,1,0,1,0,1,0,1,0,0,"Victim__J_Out__C_Out",0,-9,9,"Ing_x_Hum","Ing_x_Hum__Victim","Ing_x_Hum__Accept","Ing_x_Hum__Victim__Accept",0,0,0,1,0,0,"Victim__J_Out__C_Out__Accept","Victim__J_Out__C_Out__Accept",0,0,0,0,1,0,0,0,0,0,0,0,0,0,0,0,0,0,0,0,0,0,0,0,0,0,0,"J_Out__C_Out",,,0,0,0,1,0,0,0,0
239,10,1,"victim",0,18,3,1,0,2,1,2,TRUE,2.71428571428571,2.71428571428571,3,2.28571428571429,2.83333333333333,2,3,1,3,1,2,"Cont","Out","control","outgroup",0,1,0,,1,0,"Cont","Out",,0,1,1,0,0,1,1,0,0,"Victim__J_Cont__C_Out",1,-5,5,"Ing_x_Control","Ing_x_Control__Victim","Ing_x_Control__Accept","Ing_x_Control__Victim__Accept",0,0,0,0,0,1,"Victim__J_Cont__C_Out__Accept","Victim__J_Cont__C_Out__Accept",0,0,0,0,0,1,0,0,0,0,0,0,0,0,0,0,0,0,0,0,0,0,0,0,0,0,0,"J_Cont__C_Out",,,0,0,0,0,1,0,0,0
239,10,2,"victim",0,18,3,1,0,2,1,2,TRUE,2.71428571428571,2.71428571428571,3,2.28571428571429,2.83333333333333,2,3,1,1,3,2,"Cont","Out","outgroup","control",1,0,0,0,0,1,"Out","Cont",,0,1,1,0,1,0,0,1,0,"Victim__J_Out__C_Cont",1,9,-9,"Ing_x_Hum","Ing_x_Hum__Victim","Ing_x_Hum__Reject","Ing_x_Hum__Victim__Reject",0,0,0,1,0,0,"Victim__J_Out__C_Cont__Reject","Victim__J_Out__C_Cont__Reject",0,0,0,0,0,0,0,1,0,0,0,0,0,0,0,0,0,0,0,0,0,0,0,0,0,0,0,"J_Out__C_Cont",,,0,0,0,0,0,0,1,0
240,1,1,"victim",0,18,3,2,1,1,0,1,TRUE,2.46428571428571,2.85714285714286,2.625,2.28571428571429,2,1,1,3,1,3,1,"In","Cont","ingroup","control",0,0,0,1,1,1,"In","Cont",,0,0,0,1,0,0,0,1,0,"Victim__J_In__C_Cont",1,0,0,"Hum_x_Hum","Hum_x_Hum__Victim","Hum_x_Hum__Accept","Hum_x_Hum__Victim__Accept",1,0,0,0,0,0,"Victim__J_In__C_Cont__Accept","Victim__J_In__C_Cont__Accept",0,0,0,0,0,0,1,0,0,0,0,0,0,0,0,0,0,0,0,0,0,0,0,0,0,0,0,"J_In__C_Cont",,,0,0,0,0,0,1,0,0
240,1,2,"victim",0,18,3,2,1,1,0,1,TRUE,2.46428571428571,2.85714285714286,2.625,2.28571428571429,2,1,1,3,3,1,1,"In","Cont","control","ingroup",0,1,0,,1,1,"Cont","In",,0,0,0,1,0,1,0,0,0,"Victim__J_Cont__C_In",1,0,0,"Hum_x_Control","Hum_x_Control__Victim","Hum_x_Control__Accept","Hum_x_Control__Victim__Accept",0,0,1,0,0,0,"Victim__J_Cont__C_In__Accept","Victim__J_Cont__C_In__Accept",0,0,1,0,0,0,0,0,0,0,0,0,0,0,0,0,0,0,0,0,0,0,0,0,0,0,0,"J_Cont__C_In",,,0,1,0,0,0,0,0,0
240,2,1,"victim",0,18,3,2,1,1,0,1,TRUE,2.46428571428571,2.85714285714286,2.625,2.28571428571429,2,1,1,3,1,3,1,"In","Cont","ingroup","control",0,0,0,1,0,0,"In","Cont",,0,0,0,1,0,0,0,1,0,"Victim__J_In__C_Cont",1,8,-8,"Hum_x_Hum","Hum_x_Hum__Victim","Hum_x_Hum__Reject","Hum_x_Hum__Victim__Reject",1,0,0,0,0,0,"Victim__J_In__C_Cont__Reject","Victim__J_In__C_Cont__Reject",0,0,0,0,0,0,1,0,0,0,0,0,0,0,0,0,0,0,0,0,0,0,0,0,0,0,0,"J_In__C_Cont",,,0,0,0,0,0,1,0,0
240,2,2,"victim",0,18,3,2,1,1,0,1,TRUE,2.46428571428571,2.85714285714286,2.625,2.28571428571429,2,1,1,3,3,1,1,"In","Cont","control","ingroup",0,1,0,,0,0,"Cont","In",,0,0,0,1,0,1,0,0,0,"Victim__J_Cont__C_In",1,8,-8,"Hum_x_Control","Hum_x_Control__Victim","Hum_x_Control__Reject","Hum_x_Control__Victim__Reject",0,0,1,0,0,0,"Victim__J_Cont__C_In__Reject","Victim__J_Cont__C_In__Reject",0,0,1,0,0,0,0,0,0,0,0,0,0,0,0,0,0,0,0,0,0,0,0,0,0,0,0,"J_Cont__C_In",,,0,1,0,0,0,0,0,0
240,3,1,"victim",0,18,3,2,1,1,0,1,TRUE,2.46428571428571,2.85714285714286,2.625,2.28571428571429,2,1,3,1,3,1,1,"Cont","In","control","ingroup",0,1,0,,0,0,"Cont","In",,0,1,0,0,0,1,0,0,0,"Victim__J_Cont__C_In",1,9,-9,"Hum_x_Control","Hum_x_Control__Victim","Hum_x_Control__Reject","Hum_x_Control__Victim__Reject",0,0,1,0,0,0,"Victim__J_Cont__C_In__Reject","Victim__J_Cont__C_In__Reject",0,0,1,0,0,0,0,0,0,0,0,0,0,0,0,0,0,0,0,0,0,0,0,0,0,0,0,"J_Cont__C_In",,,0,1,0,0,0,0,0,0
240,3,2,"victim",0,18,3,2,1,1,0,1,TRUE,2.46428571428571,2.85714285714286,2.625,2.28571428571429,2,1,3,1,1,3,1,"Cont","In","ingroup","control",0,0,0,1,0,0,"In","Cont",,0,1,0,0,0,0,0,1,0,"Victim__J_In__C_Cont",1,9,-9,"Hum_x_Hum","Hum_x_Hum__Victim","Hum_x_Hum__Reject","Hum_x_Hum__Victim__Reject",1,0,0,0,0,0,"Victim__J_In__C_Cont__Reject","Victim__J_In__C_Cont__Reject",0,0,0,0,0,0,1,0,0,0,0,0,0,0,0,0,0,0,0,0,0,0,0,0,0,0,0,"J_In__C_Cont",,,0,0,0,0,0,1,0,0
240,4,1,"victim",0,18,3,2,1,1,0,1,TRUE,2.46428571428571,2.85714285714286,2.625,2.28571428571429,2,1,3,3,3,3,1,"Cont","Cont","control","control",0,1,0,,1,0,"Cont","Cont",,0,1,0,1,0,1,0,1,0,"Victim__J_Cont__C_Cont",1,-2,2,"Hum_x_Control","Hum_x_Control__Victim","Hum_x_Control__Accept","Hum_x_Control__Victim__Accept",0,0,1,0,0,0,"Victim__J_Cont__C_Cont__Accept","Victim__J_Cont__C_Cont__Accept",0,0,0,0,0,0,0,0,1,0,0,0,0,0,0,0,0,0,0,0,0,0,0,0,0,0,0,"J_Cont__C_Cont",,,0,0,0,0,0,0,0,1
240,4,2,"victim",0,18,3,2,1,1,0,1,TRUE,2.46428571428571,2.85714285714286,2.625,2.28571428571429,2,1,3,3,3,3,1,"Cont","Cont","control","control",0,1,0,,0,1,"Cont","Cont",,0,1,0,1,0,1,0,1,0,"Victim__J_Cont__C_Cont",1,-2,2,"Hum_x_Control","Hum_x_Control__Victim","Hum_x_Control__Reject","Hum_x_Control__Victim__Reject",0,0,1,0,0,0,"Victim__J_Cont__C_Cont__Reject","Victim__J_Cont__C_Cont__Reject",0,0,0,0,0,0,0,0,1,0,0,0,0,0,0,0,0,0,0,0,0,0,0,0,0,0,0,"J_Cont__C_Cont",,,0,0,0,0,0,0,0,1
240,5,1,"victim",0,18,3,2,1,1,0,1,TRUE,2.46428571428571,2.85714285714286,2.625,2.28571428571429,2,1,3,3,3,3,1,"Cont","Cont","control","control",0,1,0,,1,0,"Cont","Cont",,0,1,0,1,0,1,0,1,0,"Victim__J_Cont__C_Cont",1,-8,8,"Hum_x_Control","Hum_x_Control__Victim","Hum_x_Control__Accept","Hum_x_Control__Victim__Accept",0,0,1,0,0,0,"Victim__J_Cont__C_Cont__Accept","Victim__J_Cont__C_Cont__Accept",0,0,0,0,0,0,0,0,1,0,0,0,0,0,0,0,0,0,0,0,0,0,0,0,0,0,0,"J_Cont__C_Cont",,,0,0,0,0,0,0,0,1
240,5,2,"victim",0,18,3,2,1,1,0,1,TRUE,2.46428571428571,2.85714285714286,2.625,2.28571428571429,2,1,3,3,3,3,1,"Cont","Cont","control","control",0,1,0,,0,1,"Cont","Cont",,0,1,0,1,0,1,0,1,0,"Victim__J_Cont__C_Cont",1,8,-8,"Hum_x_Control","Hum_x_Control__Victim","Hum_x_Control__Reject","Hum_x_Control__Victim__Reject",0,0,1,0,0,0,"Victim__J_Cont__C_Cont__Reject","Victim__J_Cont__C_Cont__Reject",0,0,0,0,0,0,0,0,1,0,0,0,0,0,0,0,0,0,0,0,0,0,0,0,0,0,0,"J_Cont__C_Cont",,,0,0,0,0,0,0,0,1
241,6,1,"victim",0,18,3,1,0,1,0,2,TRUE,2.03571428571429,2,1.75,2.28571428571429,2.16666666666667,1,1,2,1,2,1,"In","Out","ingroup","outgroup",0,0,0,1,1,0,"In","Out",,0,0,1,0,0,0,1,0,0,"Victim__J_In__C_Out",0,-9,9,"Hum_x_Hum","Hum_x_Hum__Victim","Hum_x_Hum__Accept","Hum_x_Hum__Victim__Accept",1,0,0,0,0,0,"Victim__J_In__C_Out__Accept","Victim__J_In__C_Out__Accept",0,0,0,1,0,0,0,0,0,0,0,0,0,0,0,0,0,0,0,0,0,0,0,0,0,0,0,"J_In__C_Out",,,0,0,1,0,0,0,0,0
241,6,2,"victim",0,18,3,1,0,1,0,2,TRUE,2.03571428571429,2,1.75,2.28571428571429,2.16666666666667,1,1,2,2,1,1,"In","Out","outgroup","ingroup",1,0,0,0,0,1,"Out","In",,0,0,1,0,1,0,0,0,0,"Victim__J_Out__C_In",0,9,-9,"Hum_x_Ing","Hum_x_Ing__Victim","Hum_x_Ing__Reject","Hum_x_Ing__Victim__Reject",0,1,0,0,0,0,"Victim__J_Out__C_In__Reject","Victim__J_Out__C_In__Reject",0,1,0,0,0,0,0,0,0,0,0,0,0,0,0,0,0,0,0,0,0,0,0,0,0,0,0,"J_Out__C_In",,,1,0,0,0,0,0,0,0
241,7,1,"victim",0,18,3,1,0,1,0,2,TRUE,2.03571428571429,2,1.75,2.28571428571429,2.16666666666667,1,2,2,2,2,1,"Out","Out","outgroup","outgroup",1,0,0,0,0,0,"Out","Out",,1,0,1,0,1,0,1,0,0,"Victim__J_Out__C_Out",0,9,-9,"Hum_x_Ing","Hum_x_Ing__Victim","Hum_x_Ing__Reject","Hum_x_Ing__Victim__Reject",0,1,0,0,0,0,"Victim__J_Out__C_Out__Reject","Victim__J_Out__C_Out__Reject",0,0,0,0,1,0,0,0,0,0,0,0,0,0,0,0,0,0,0,0,0,0,0,0,0,0,0,"J_Out__C_Out",,,0,0,0,1,0,0,0,0
241,7,2,"victim",0,18,3,1,0,1,0,2,TRUE,2.03571428571429,2,1.75,2.28571428571429,2.16666666666667,1,2,2,2,2,1,"Out","Out","outgroup","outgroup",1,0,0,0,0,0,"Out","Out",,1,0,1,0,1,0,1,0,0,"Victim__J_Out__C_Out",0,9,-9,"Hum_x_Ing","Hum_x_Ing__Victim","Hum_x_Ing__Reject","Hum_x_Ing__Victim__Reject",0,1,0,0,0,0,"Victim__J_Out__C_Out__Reject","Victim__J_Out__C_Out__Reject",0,0,0,0,1,0,0,0,0,0,0,0,0,0,0,0,0,0,0,0,0,0,0,0,0,0,0,"J_Out__C_Out",,,0,0,0,1,0,0,0,0
241,8,1,"victim",0,18,3,1,0,1,0,2,TRUE,2.03571428571429,2,1.75,2.28571428571429,2.16666666666667,1,2,3,2,3,1,"Out","Cont","outgroup","control",1,0,0,0,1,0,"Out","Cont",,1,0,0,1,1,0,0,1,0,"Victim__J_Out__C_Cont",1,-9,9,"Hum_x_Ing","Hum_x_Ing__Victim","Hum_x_Ing__Accept","Hum_x_Ing__Victim__Accept",0,1,0,0,0,0,"Victim__J_Out__C_Cont__Accept","Victim__J_Out__C_Cont__Accept",0,0,0,0,0,0,0,1,0,0,0,0,0,0,0,0,0,0,0,0,0,0,0,0,0,0,0,"J_Out__C_Cont",,,0,0,0,0,0,0,1,0
241,8,2,"victim",0,18,3,1,0,1,0,2,TRUE,2.03571428571429,2,1.75,2.28571428571429,2.16666666666667,1,2,3,3,2,1,"Out","Cont","control","outgroup",0,1,0,,0,1,"Cont","Out",,1,0,0,1,0,1,1,0,0,"Victim__J_Cont__C_Out",1,9,-9,"Hum_x_Control","Hum_x_Control__Victim","Hum_x_Control__Reject","Hum_x_Control__Victim__Reject",0,0,1,0,0,0,"Victim__J_Cont__C_Out__Reject","Victim__J_Cont__C_Out__Reject",0,0,0,0,0,1,0,0,0,0,0,0,0,0,0,0,0,0,0,0,0,0,0,0,0,0,0,"J_Cont__C_Out",,,0,0,0,0,1,0,0,0
241,9,1,"victim",0,18,3,1,0,1,0,2,TRUE,2.03571428571429,2,1.75,2.28571428571429,2.16666666666667,1,1,2,1,2,1,"In","Out","ingroup","outgroup",0,0,0,1,0,0,"In","Out",,0,0,1,0,0,0,1,0,0,"Victim__J_In__C_Out",0,9,-9,"Hum_x_Hum","Hum_x_Hum__Victim","Hum_x_Hum__Reject","Hum_x_Hum__Victim__Reject",1,0,0,0,0,0,"Victim__J_In__C_Out__Reject","Victim__J_In__C_Out__Reject",0,0,0,1,0,0,0,0,0,0,0,0,0,0,0,0,0,0,0,0,0,0,0,0,0,0,0,"J_In__C_Out",,,0,0,1,0,0,0,0,0
241,9,2,"victim",0,18,3,1,0,1,0,2,TRUE,2.03571428571429,2,1.75,2.28571428571429,2.16666666666667,1,1,2,2,1,1,"In","Out","outgroup","ingroup",1,0,0,0,0,0,"Out","In",,0,0,1,0,1,0,0,0,0,"Victim__J_Out__C_In",0,9,-9,"Hum_x_Ing","Hum_x_Ing__Victim","Hum_x_Ing__Reject","Hum_x_Ing__Victim__Reject",0,1,0,0,0,0,"Victim__J_Out__C_In__Reject","Victim__J_Out__C_In__Reject",0,1,0,0,0,0,0,0,0,0,0,0,0,0,0,0,0,0,0,0,0,0,0,0,0,0,0,"J_Out__C_In",,,1,0,0,0,0,0,0,0
241,10,1,"victim",0,18,3,1,0,1,0,2,TRUE,2.03571428571429,2,1.75,2.28571428571429,2.16666666666667,1,3,3,3,3,1,"Cont","Cont","control","control",0,1,0,,0,0,"Cont","Cont",,0,1,0,1,0,1,0,1,0,"Victim__J_Cont__C_Cont",1,9,-9,"Hum_x_Control","Hum_x_Control__Victim","Hum_x_Control__Reject","Hum_x_Control__Victim__Reject",0,0,1,0,0,0,"Victim__J_Cont__C_Cont__Reject","Victim__J_Cont__C_Cont__Reject",0,0,0,0,0,0,0,0,1,0,0,0,0,0,0,0,0,0,0,0,0,0,0,0,0,0,0,"J_Cont__C_Cont",,,0,0,0,0,0,0,0,1
241,10,2,"victim",0,18,3,1,0,1,0,2,TRUE,2.03571428571429,2,1.75,2.28571428571429,2.16666666666667,1,3,3,3,3,1,"Cont","Cont","control","control",0,1,0,,0,0,"Cont","Cont",,0,1,0,1,0,1,0,1,0,"Victim__J_Cont__C_Cont",1,9,-9,"Hum_x_Control","Hum_x_Control__Victim","Hum_x_Control__Reject","Hum_x_Control__Victim__Reject",0,0,1,0,0,0,"Victim__J_Cont__C_Cont__Reject","Victim__J_Cont__C_Cont__Reject",0,0,0,0,0,0,0,0,1,0,0,0,0,0,0,0,0,0,0,0,0,0,0,0,0,0,0,"J_Cont__C_Cont",,,0,0,0,0,0,0,0,1
243,6,1,"victim",0,19,4,1,0,1,0,2,TRUE,1.89285714285714,1,1.75,2.85714285714286,2,1,1,3,1,3,1,"In","Cont","ingroup","control",0,0,0,1,0,1,"In","Cont",,0,0,0,1,0,0,0,1,0,"Victim__J_In__C_Cont",1,9,-9,"Hum_x_Hum","Hum_x_Hum__Victim","Hum_x_Hum__Reject","Hum_x_Hum__Victim__Reject",1,0,0,0,0,0,"Victim__J_In__C_Cont__Reject","Victim__J_In__C_Cont__Reject",0,0,0,0,0,0,1,0,0,0,0,0,0,0,0,0,0,0,0,0,0,0,0,0,0,0,0,"J_In__C_Cont",,,0,0,0,0,0,1,0,0
243,6,2,"victim",0,19,4,1,0,1,0,2,TRUE,1.89285714285714,1,1.75,2.85714285714286,2,1,1,3,3,1,1,"In","Cont","control","ingroup",0,1,0,,1,0,"Cont","In",,0,0,0,1,0,1,0,0,0,"Victim__J_Cont__C_In",1,-3,3,"Hum_x_Control","Hum_x_Control__Victim","Hum_x_Control__Accept","Hum_x_Control__Victim__Accept",0,0,1,0,0,0,"Victim__J_Cont__C_In__Accept","Victim__J_Cont__C_In__Accept",0,0,1,0,0,0,0,0,0,0,0,0,0,0,0,0,0,0,0,0,0,0,0,0,0,0,0,"J_Cont__C_In",,,0,1,0,0,0,0,0,0
243,7,1,"victim",0,19,4,1,0,1,0,2,TRUE,1.89285714285714,1,1.75,2.85714285714286,2,1,1,3,1,3,1,"In","Cont","ingroup","control",0,0,0,1,0,0,"In","Cont",,0,0,0,1,0,0,0,1,0,"Victim__J_In__C_Cont",1,9,-9,"Hum_x_Hum","Hum_x_Hum__Victim","Hum_x_Hum__Reject","Hum_x_Hum__Victim__Reject",1,0,0,0,0,0,"Victim__J_In__C_Cont__Reject","Victim__J_In__C_Cont__Reject",0,0,0,0,0,0,1,0,0,0,0,0,0,0,0,0,0,0,0,0,0,0,0,0,0,0,0,"J_In__C_Cont",,,0,0,0,0,0,1,0,0
243,7,2,"victim",0,19,4,1,0,1,0,2,TRUE,1.89285714285714,1,1.75,2.85714285714286,2,1,1,3,3,1,1,"In","Cont","control","ingroup",0,1,0,,0,0,"Cont","In",,0,0,0,1,0,1,0,0,0,"Victim__J_Cont__C_In",1,9,-9,"Hum_x_Control","Hum_x_Control__Victim","Hum_x_Control__Reject","Hum_x_Control__Victim__Reject",0,0,1,0,0,0,"Victim__J_Cont__C_In__Reject","Victim__J_Cont__C_In__Reject",0,0,1,0,0,0,0,0,0,0,0,0,0,0,0,0,0,0,0,0,0,0,0,0,0,0,0,"J_Cont__C_In",,,0,1,0,0,0,0,0,0
243,8,1,"victim",0,19,4,1,0,1,0,2,TRUE,1.89285714285714,1,1.75,2.85714285714286,2,1,3,2,3,2,1,"Cont","Out","control","outgroup",0,1,0,,0,0,"Cont","Out",,0,1,1,0,0,1,1,0,0,"Victim__J_Cont__C_Out",1,9,-9,"Hum_x_Control","Hum_x_Control__Victim","Hum_x_Control__Reject","Hum_x_Control__Victim__Reject",0,0,1,0,0,0,"Victim__J_Cont__C_Out__Reject","Victim__J_Cont__C_Out__Reject",0,0,0,0,0,1,0,0,0,0,0,0,0,0,0,0,0,0,0,0,0,0,0,0,0,0,0,"J_Cont__C_Out",,,0,0,0,0,1,0,0,0
243,8,2,"victim",0,19,4,1,0,1,0,2,TRUE,1.89285714285714,1,1.75,2.85714285714286,2,1,3,2,2,3,1,"Cont","Out","outgroup","control",1,0,0,0,0,0,"Out","Cont",,0,1,1,0,1,0,0,1,0,"Victim__J_Out__C_Cont",1,9,-9,"Hum_x_Ing","Hum_x_Ing__Victim","Hum_x_Ing__Reject","Hum_x_Ing__Victim__Reject",0,1,0,0,0,0,"Victim__J_Out__C_Cont__Reject","Victim__J_Out__C_Cont__Reject",0,0,0,0,0,0,0,1,0,0,0,0,0,0,0,0,0,0,0,0,0,0,0,0,0,0,0,"J_Out__C_Cont",,,0,0,0,0,0,0,1,0
243,9,1,"victim",0,19,4,1,0,1,0,2,TRUE,1.89285714285714,1,1.75,2.85714285714286,2,1,3,3,3,3,1,"Cont","Cont","control","control",0,1,0,,1,1,"Cont","Cont",,0,1,0,1,0,1,0,1,0,"Victim__J_Cont__C_Cont",1,-2,2,"Hum_x_Control","Hum_x_Control__Victim","Hum_x_Control__Accept","Hum_x_Control__Victim__Accept",0,0,1,0,0,0,"Victim__J_Cont__C_Cont__Accept","Victim__J_Cont__C_Cont__Accept",0,0,0,0,0,0,0,0,1,0,0,0,0,0,0,0,0,0,0,0,0,0,0,0,0,0,0,"J_Cont__C_Cont",,,0,0,0,0,0,0,0,1
243,9,2,"victim",0,19,4,1,0,1,0,2,TRUE,1.89285714285714,1,1.75,2.85714285714286,2,1,3,3,3,3,1,"Cont","Cont","control","control",0,1,0,,1,1,"Cont","Cont",,0,1,0,1,0,1,0,1,0,"Victim__J_Cont__C_Cont",1,-2,2,"Hum_x_Control","Hum_x_Control__Victim","Hum_x_Control__Accept","Hum_x_Control__Victim__Accept",0,0,1,0,0,0,"Victim__J_Cont__C_Cont__Accept","Victim__J_Cont__C_Cont__Accept",0,0,0,0,0,0,0,0,1,0,0,0,0,0,0,0,0,0,0,0,0,0,0,0,0,0,0,"J_Cont__C_Cont",,,0,0,0,0,0,0,0,1
243,10,1,"victim",0,19,4,1,0,1,0,2,TRUE,1.89285714285714,1,1.75,2.85714285714286,2,1,3,3,3,3,1,"Cont","Cont","control","control",0,1,0,,0,0,"Cont","Cont",,0,1,0,1,0,1,0,1,0,"Victim__J_Cont__C_Cont",1,9,-9,"Hum_x_Control","Hum_x_Control__Victim","Hum_x_Control__Reject","Hum_x_Control__Victim__Reject",0,0,1,0,0,0,"Victim__J_Cont__C_Cont__Reject","Victim__J_Cont__C_Cont__Reject",0,0,0,0,0,0,0,0,1,0,0,0,0,0,0,0,0,0,0,0,0,0,0,0,0,0,0,"J_Cont__C_Cont",,,0,0,0,0,0,0,0,1
243,10,2,"victim",0,19,4,1,0,1,0,2,TRUE,1.89285714285714,1,1.75,2.85714285714286,2,1,3,3,3,3,1,"Cont","Cont","control","control",0,1,0,,0,0,"Cont","Cont",,0,1,0,1,0,1,0,1,0,"Victim__J_Cont__C_Cont",1,9,-9,"Hum_x_Control","Hum_x_Control__Victim","Hum_x_Control__Reject","Hum_x_Control__Victim__Reject",0,0,1,0,0,0,"Victim__J_Cont__C_Cont__Reject","Victim__J_Cont__C_Cont__Reject",0,0,0,0,0,0,0,0,1,0,0,0,0,0,0,0,0,0,0,0,0,0,0,0,0,0,0,"J_Cont__C_Cont",,,0,0,0,0,0,0,0,1
244,1,1,"victim",0,19,2,2,1,2,1,1,TRUE,2.82142857142857,2.71428571428571,2.75,3.28571428571429,2.5,2,1,1,1,1,2,"Out","Out","outgroup","outgroup",1,0,0,0,0,1,"Out","Out",,1,0,1,0,1,0,1,0,0,"Victim__J_Out__C_Out",0,9,-9,"Ing_x_Hum","Ing_x_Hum__Victim","Ing_x_Hum__Reject","Ing_x_Hum__Victim__Reject",0,0,0,1,0,0,"Victim__J_Out__C_Out__Reject","Victim__J_Out__C_Out__Reject",0,0,0,0,1,0,0,0,0,0,0,0,0,0,0,0,0,0,0,0,0,0,0,0,0,0,0,"J_Out__C_Out",,,0,0,0,1,0,0,0,0
244,1,2,"victim",0,19,2,2,1,2,1,1,TRUE,2.82142857142857,2.71428571428571,2.75,3.28571428571429,2.5,2,1,1,1,1,2,"Out","Out","outgroup","outgroup",1,0,0,0,1,0,"Out","Out",,1,0,1,0,1,0,1,0,0,"Victim__J_Out__C_Out",0,-4,4,"Ing_x_Hum","Ing_x_Hum__Victim","Ing_x_Hum__Accept","Ing_x_Hum__Victim__Accept",0,0,0,1,0,0,"Victim__J_Out__C_Out__Accept","Victim__J_Out__C_Out__Accept",0,0,0,0,1,0,0,0,0,0,0,0,0,0,0,0,0,0,0,0,0,0,0,0,0,0,0,"J_Out__C_Out",,,0,0,0,1,0,0,0,0
244,2,1,"victim",0,19,2,2,1,2,1,1,TRUE,2.82142857142857,2.71428571428571,2.75,3.28571428571429,2.5,2,1,2,1,2,2,"Out","In","outgroup","ingroup",1,0,0,0,0,0,"Out","In",,1,0,0,0,1,0,0,0,0,"Victim__J_Out__C_In",0,9,-9,"Ing_x_Hum","Ing_x_Hum__Victim","Ing_x_Hum__Reject","Ing_x_Hum__Victim__Reject",0,0,0,1,0,0,"Victim__J_Out__C_In__Reject","Victim__J_Out__C_In__Reject",0,1,0,0,0,0,0,0,0,0,0,0,0,0,0,0,0,0,0,0,0,0,0,0,0,0,0,"J_Out__C_In",,,1,0,0,0,0,0,0,0
244,2,2,"victim",0,19,2,2,1,2,1,1,TRUE,2.82142857142857,2.71428571428571,2.75,3.28571428571429,2.5,2,1,2,2,1,2,"Out","In","ingroup","outgroup",0,0,0,1,0,0,"In","Out",,1,0,0,0,0,0,1,0,0,"Victim__J_In__C_Out",0,9,-9,"Ing_x_Ing","Ing_x_Ing__Victim","Ing_x_Ing__Reject","Ing_x_Ing__Victim__Reject",0,0,0,0,1,0,"Victim__J_In__C_Out__Reject","Victim__J_In__C_Out__Reject",0,0,0,1,0,0,0,0,0,0,0,0,0,0,0,0,0,0,0,0,0,0,0,0,0,0,0,"J_In__C_Out",,,0,0,1,0,0,0,0,0
244,3,1,"victim",0,19,2,2,1,2,1,1,TRUE,2.82142857142857,2.71428571428571,2.75,3.28571428571429,2.5,2,3,1,3,1,2,"Cont","Out","control","outgroup",0,1,0,,1,0,"Cont","Out",,0,1,1,0,0,1,1,0,0,"Victim__J_Cont__C_Out",1,-5,5,"Ing_x_Control","Ing_x_Control__Victim","Ing_x_Control__Accept","Ing_x_Control__Victim__Accept",0,0,0,0,0,1,"Victim__J_Cont__C_Out__Accept","Victim__J_Cont__C_Out__Accept",0,0,0,0,0,1,0,0,0,0,0,0,0,0,0,0,0,0,0,0,0,0,0,0,0,0,0,"J_Cont__C_Out",,,0,0,0,0,1,0,0,0
244,3,2,"victim",0,19,2,2,1,2,1,1,TRUE,2.82142857142857,2.71428571428571,2.75,3.28571428571429,2.5,2,3,1,1,3,2,"Cont","Out","outgroup","control",1,0,0,0,0,1,"Out","Cont",,0,1,1,0,1,0,0,1,0,"Victim__J_Out__C_Cont",1,4,-4,"Ing_x_Hum","Ing_x_Hum__Victim","Ing_x_Hum__Reject","Ing_x_Hum__Victim__Reject",0,0,0,1,0,0,"Victim__J_Out__C_Cont__Reject","Victim__J_Out__C_Cont__Reject",0,0,0,0,0,0,0,1,0,0,0,0,0,0,0,0,0,0,0,0,0,0,0,0,0,0,0,"J_Out__C_Cont",,,0,0,0,0,0,0,1,0
244,4,1,"victim",0,19,2,2,1,2,1,1,TRUE,2.82142857142857,2.71428571428571,2.75,3.28571428571429,2.5,2,2,3,2,3,2,"In","Cont","ingroup","control",0,0,0,1,1,0,"In","Cont",,0,0,0,1,0,0,0,1,0,"Victim__J_In__C_Cont",1,-4,4,"Ing_x_Ing","Ing_x_Ing__Victim","Ing_x_Ing__Accept","Ing_x_Ing__Victim__Accept",0,0,0,0,1,0,"Victim__J_In__C_Cont__Accept","Victim__J_In__C_Cont__Accept",0,0,0,0,0,0,1,0,0,0,0,0,0,0,0,0,0,0,0,0,0,0,0,0,0,0,0,"J_In__C_Cont",,,0,0,0,0,0,1,0,0
244,4,2,"victim",0,19,2,2,1,2,1,1,TRUE,2.82142857142857,2.71428571428571,2.75,3.28571428571429,2.5,2,2,3,3,2,2,"In","Cont","control","ingroup",0,1,0,,0,1,"Cont","In",,0,0,0,1,0,1,0,0,0,"Victim__J_Cont__C_In",1,4,-4,"Ing_x_Control","Ing_x_Control__Victim","Ing_x_Control__Reject","Ing_x_Control__Victim__Reject",0,0,0,0,0,1,"Victim__J_Cont__C_In__Reject","Victim__J_Cont__C_In__Reject",0,0,1,0,0,0,0,0,0,0,0,0,0,0,0,0,0,0,0,0,0,0,0,0,0,0,0,"J_Cont__C_In",,,0,1,0,0,0,0,0,0
244,5,1,"victim",0,19,2,2,1,2,1,1,TRUE,2.82142857142857,2.71428571428571,2.75,3.28571428571429,2.5,2,3,3,3,3,2,"Cont","Cont","control","control",0,1,0,,0,0,"Cont","Cont",,0,1,0,1,0,1,0,1,0,"Victim__J_Cont__C_Cont",1,9,-9,"Ing_x_Control","Ing_x_Control__Victim","Ing_x_Control__Reject","Ing_x_Control__Victim__Reject",0,0,0,0,0,1,"Victim__J_Cont__C_Cont__Reject","Victim__J_Cont__C_Cont__Reject",0,0,0,0,0,0,0,0,1,0,0,0,0,0,0,0,0,0,0,0,0,0,0,0,0,0,0,"J_Cont__C_Cont",,,0,0,0,0,0,0,0,1
244,5,2,"victim",0,19,2,2,1,2,1,1,TRUE,2.82142857142857,2.71428571428571,2.75,3.28571428571429,2.5,2,3,3,3,3,2,"Cont","Cont","control","control",0,1,0,,0,0,"Cont","Cont",,0,1,0,1,0,1,0,1,0,"Victim__J_Cont__C_Cont",1,9,-9,"Ing_x_Control","Ing_x_Control__Victim","Ing_x_Control__Reject","Ing_x_Control__Victim__Reject",0,0,0,0,0,1,"Victim__J_Cont__C_Cont__Reject","Victim__J_Cont__C_Cont__Reject",0,0,0,0,0,0,0,0,1,0,0,0,0,0,0,0,0,0,0,0,0,0,0,0,0,0,0,"J_Cont__C_Cont",,,0,0,0,0,0,0,0,1
245,6,1,"victim",0,23,3,2,1,1,0,2,TRUE,2.42857142857143,2.85714285714286,1.875,2.57142857142857,2.5,1,1,1,1,1,1,"In","In","ingroup","ingroup",0,0,0,1,0,0,"In","In",,0,0,0,0,0,0,0,0,0,"Victim__J_In__C_In",0,6,-6,"Hum_x_Hum","Hum_x_Hum__Victim","Hum_x_Hum__Reject","Hum_x_Hum__Victim__Reject",1,0,0,0,0,0,"Victim__J_In__C_In__Reject","Victim__J_In__C_In__Reject",1,0,0,0,0,0,0,0,0,0,0,0,0,0,0,0,0,0,0,0,0,0,0,0,0,0,0,"J_In__C_In",,,0,0,0,0,0,0,0,0
245,6,2,"victim",0,23,3,2,1,1,0,2,TRUE,2.42857142857143,2.85714285714286,1.875,2.57142857142857,2.5,1,1,1,1,1,1,"In","In","ingroup","ingroup",0,0,0,1,0,0,"In","In",,0,0,0,0,0,0,0,0,0,"Victim__J_In__C_In",0,6,-6,"Hum_x_Hum","Hum_x_Hum__Victim","Hum_x_Hum__Reject","Hum_x_Hum__Victim__Reject",1,0,0,0,0,0,"Victim__J_In__C_In__Reject","Victim__J_In__C_In__Reject",1,0,0,0,0,0,0,0,0,0,0,0,0,0,0,0,0,0,0,0,0,0,0,0,0,0,0,"J_In__C_In",,,0,0,0,0,0,0,0,0
245,7,1,"victim",0,23,3,2,1,1,0,2,TRUE,2.42857142857143,2.85714285714286,1.875,2.57142857142857,2.5,1,1,2,1,2,1,"In","Out","ingroup","outgroup",0,0,0,1,1,1,"In","Out",,0,0,1,0,0,0,1,0,0,"Victim__J_In__C_Out",0,-5,5,"Hum_x_Hum","Hum_x_Hum__Victim","Hum_x_Hum__Accept","Hum_x_Hum__Victim__Accept",1,0,0,0,0,0,"Victim__J_In__C_Out__Accept","Victim__J_In__C_Out__Accept",0,0,0,1,0,0,0,0,0,0,0,0,0,0,0,0,0,0,0,0,0,0,0,0,0,0,0,"J_In__C_Out",,,0,0,1,0,0,0,0,0
245,7,2,"victim",0,23,3,2,1,1,0,2,TRUE,2.42857142857143,2.85714285714286,1.875,2.57142857142857,2.5,1,1,2,2,1,1,"In","Out","outgroup","ingroup",1,0,0,0,1,1,"Out","In",,0,0,1,0,1,0,0,0,0,"Victim__J_Out__C_In",0,4,-4,"Hum_x_Ing","Hum_x_Ing__Victim","Hum_x_Ing__Accept","Hum_x_Ing__Victim__Accept",0,1,0,0,0,0,"Victim__J_Out__C_In__Accept","Victim__J_Out__C_In__Accept",0,1,0,0,0,0,0,0,0,0,0,0,0,0,0,0,0,0,0,0,0,0,0,0,0,0,0,"J_Out__C_In",,,1,0,0,0,0,0,0,0
245,8,1,"victim",0,23,3,2,1,1,0,2,TRUE,2.42857142857143,2.85714285714286,1.875,2.57142857142857,2.5,1,3,1,3,1,1,"Cont","In","control","ingroup",0,1,0,,1,1,"Cont","In",,0,1,0,0,0,1,0,0,0,"Victim__J_Cont__C_In",1,7,-7,"Hum_x_Control","Hum_x_Control__Victim","Hum_x_Control__Accept","Hum_x_Control__Victim__Accept",0,0,1,0,0,0,"Victim__J_Cont__C_In__Accept","Victim__J_Cont__C_In__Accept",0,0,1,0,0,0,0,0,0,0,0,0,0,0,0,0,0,0,0,0,0,0,0,0,0,0,0,"J_Cont__C_In",,,0,1,0,0,0,0,0,0
245,8,2,"victim",0,23,3,2,1,1,0,2,TRUE,2.42857142857143,2.85714285714286,1.875,2.57142857142857,2.5,1,3,1,1,3,1,"Cont","In","ingroup","control",0,0,0,1,1,1,"In","Cont",,0,1,0,0,0,0,0,1,0,"Victim__J_In__C_Cont",1,-7,7,"Hum_x_Hum","Hum_x_Hum__Victim","Hum_x_Hum__Accept","Hum_x_Hum__Victim__Accept",1,0,0,0,0,0,"Victim__J_In__C_Cont__Accept","Victim__J_In__C_Cont__Accept",0,0,0,0,0,0,1,0,0,0,0,0,0,0,0,0,0,0,0,0,0,0,0,0,0,0,0,"J_In__C_Cont",,,0,0,0,0,0,1,0,0
245,9,1,"victim",0,23,3,2,1,1,0,2,TRUE,2.42857142857143,2.85714285714286,1.875,2.57142857142857,2.5,1,2,1,2,1,1,"Out","In","outgroup","ingroup",1,0,0,0,1,1,"Out","In",,1,0,0,0,1,0,0,0,0,"Victim__J_Out__C_In",0,3,-3,"Hum_x_Ing","Hum_x_Ing__Victim","Hum_x_Ing__Accept","Hum_x_Ing__Victim__Accept",0,1,0,0,0,0,"Victim__J_Out__C_In__Accept","Victim__J_Out__C_In__Accept",0,1,0,0,0,0,0,0,0,0,0,0,0,0,0,0,0,0,0,0,0,0,0,0,0,0,0,"J_Out__C_In",,,1,0,0,0,0,0,0,0
245,9,2,"victim",0,23,3,2,1,1,0,2,TRUE,2.42857142857143,2.85714285714286,1.875,2.57142857142857,2.5,1,2,1,1,2,1,"Out","In","ingroup","outgroup",0,0,0,1,1,1,"In","Out",,1,0,0,0,0,0,1,0,0,"Victim__J_In__C_Out",0,-4,4,"Hum_x_Hum","Hum_x_Hum__Victim","Hum_x_Hum__Accept","Hum_x_Hum__Victim__Accept",1,0,0,0,0,0,"Victim__J_In__C_Out__Accept","Victim__J_In__C_Out__Accept",0,0,0,1,0,0,0,0,0,0,0,0,0,0,0,0,0,0,0,0,0,0,0,0,0,0,0,"J_In__C_Out",,,0,0,1,0,0,0,0,0
245,10,1,"victim",0,23,3,2,1,1,0,2,TRUE,2.42857142857143,2.85714285714286,1.875,2.57142857142857,2.5,1,1,3,1,3,1,"In","Cont","ingroup","control",0,0,0,1,0,1,"In","Cont",,0,0,0,1,0,0,0,1,0,"Victim__J_In__C_Cont",1,8,-8,"Hum_x_Hum","Hum_x_Hum__Victim","Hum_x_Hum__Reject","Hum_x_Hum__Victim__Reject",1,0,0,0,0,0,"Victim__J_In__C_Cont__Reject","Victim__J_In__C_Cont__Reject",0,0,0,0,0,0,1,0,0,0,0,0,0,0,0,0,0,0,0,0,0,0,0,0,0,0,0,"J_In__C_Cont",,,0,0,0,0,0,1,0,0
245,10,2,"victim",0,23,3,2,1,1,0,2,TRUE,2.42857142857143,2.85714285714286,1.875,2.57142857142857,2.5,1,1,3,3,1,1,"In","Cont","control","ingroup",0,1,0,,1,0,"Cont","In",,0,0,0,1,0,1,0,0,0,"Victim__J_Cont__C_In",1,4,-4,"Hum_x_Control","Hum_x_Control__Victim","Hum_x_Control__Accept","Hum_x_Control__Victim__Accept",0,0,1,0,0,0,"Victim__J_Cont__C_In__Accept","Victim__J_Cont__C_In__Accept",0,0,1,0,0,0,0,0,0,0,0,0,0,0,0,0,0,0,0,0,0,0,0,0,0,0,0,"J_Cont__C_In",,,0,1,0,0,0,0,0,0
246,1,1,"victim",0,21,1,2,1,1,0,1,TRUE,1.28571428571429,2,0.875,1.71428571428571,0.5,1,1,1,1,1,1,"In","In","ingroup","ingroup",0,0,0,1,1,0,"In","In",,0,0,0,0,0,0,0,0,0,"Victim__J_In__C_In",0,4,-4,"Hum_x_Hum","Hum_x_Hum__Victim","Hum_x_Hum__Accept","Hum_x_Hum__Victim__Accept",1,0,0,0,0,0,"Victim__J_In__C_In__Accept","Victim__J_In__C_In__Accept",1,0,0,0,0,0,0,0,0,0,0,0,0,0,0,0,0,0,0,0,0,0,0,0,0,0,0,"J_In__C_In",,,0,0,0,0,0,0,0,0
246,1,2,"victim",0,21,1,2,1,1,0,1,TRUE,1.28571428571429,2,0.875,1.71428571428571,0.5,1,1,1,1,1,1,"In","In","ingroup","ingroup",0,0,0,1,0,1,"In","In",,0,0,0,0,0,0,0,0,0,"Victim__J_In__C_In",0,4,-4,"Hum_x_Hum","Hum_x_Hum__Victim","Hum_x_Hum__Reject","Hum_x_Hum__Victim__Reject",1,0,0,0,0,0,"Victim__J_In__C_In__Reject","Victim__J_In__C_In__Reject",1,0,0,0,0,0,0,0,0,0,0,0,0,0,0,0,0,0,0,0,0,0,0,0,0,0,0,"J_In__C_In",,,0,0,0,0,0,0,0,0
246,2,1,"victim",0,21,1,2,1,1,0,1,TRUE,1.28571428571429,2,0.875,1.71428571428571,0.5,1,1,3,1,3,1,"In","Cont","ingroup","control",0,0,0,1,1,1,"In","Cont",,0,0,0,1,0,0,0,1,0,"Victim__J_In__C_Cont",1,-5,5,"Hum_x_Hum","Hum_x_Hum__Victim","Hum_x_Hum__Accept","Hum_x_Hum__Victim__Accept",1,0,0,0,0,0,"Victim__J_In__C_Cont__Accept","Victim__J_In__C_Cont__Accept",0,0,0,0,0,0,1,0,0,0,0,0,0,0,0,0,0,0,0,0,0,0,0,0,0,0,0,"J_In__C_Cont",,,0,0,0,0,0,1,0,0
246,2,2,"victim",0,21,1,2,1,1,0,1,TRUE,1.28571428571429,2,0.875,1.71428571428571,0.5,1,1,3,3,1,1,"In","Cont","control","ingroup",0,1,0,,1,1,"Cont","In",,0,0,0,1,0,1,0,0,0,"Victim__J_Cont__C_In",1,-5,5,"Hum_x_Control","Hum_x_Control__Victim","Hum_x_Control__Accept","Hum_x_Control__Victim__Accept",0,0,1,0,0,0,"Victim__J_Cont__C_In__Accept","Victim__J_Cont__C_In__Accept",0,0,1,0,0,0,0,0,0,0,0,0,0,0,0,0,0,0,0,0,0,0,0,0,0,0,0,"J_Cont__C_In",,,0,1,0,0,0,0,0,0
246,3,1,"victim",0,21,1,2,1,1,0,1,TRUE,1.28571428571429,2,0.875,1.71428571428571,0.5,1,3,3,3,3,1,"Cont","Cont","control","control",0,1,0,,1,0,"Cont","Cont",,0,1,0,1,0,1,0,1,0,"Victim__J_Cont__C_Cont",1,0,0,"Hum_x_Control","Hum_x_Control__Victim","Hum_x_Control__Accept","Hum_x_Control__Victim__Accept",0,0,1,0,0,0,"Victim__J_Cont__C_Cont__Accept","Victim__J_Cont__C_Cont__Accept",0,0,0,0,0,0,0,0,1,0,0,0,0,0,0,0,0,0,0,0,0,0,0,0,0,0,0,"J_Cont__C_Cont",,,0,0,0,0,0,0,0,1
246,3,2,"victim",0,21,1,2,1,1,0,1,TRUE,1.28571428571429,2,0.875,1.71428571428571,0.5,1,3,3,3,3,1,"Cont","Cont","control","control",0,1,0,,0,1,"Cont","Cont",,0,1,0,1,0,1,0,1,0,"Victim__J_Cont__C_Cont",1,0,0,"Hum_x_Control","Hum_x_Control__Victim","Hum_x_Control__Reject","Hum_x_Control__Victim__Reject",0,0,1,0,0,0,"Victim__J_Cont__C_Cont__Reject","Victim__J_Cont__C_Cont__Reject",0,0,0,0,0,0,0,0,1,0,0,0,0,0,0,0,0,0,0,0,0,0,0,0,0,0,0,"J_Cont__C_Cont",,,0,0,0,0,0,0,0,1
246,4,1,"victim",0,21,1,2,1,1,0,1,TRUE,1.28571428571429,2,0.875,1.71428571428571,0.5,1,2,1,2,1,1,"Out","In","outgroup","ingroup",1,0,0,0,0,0,"Out","In",,1,0,0,0,1,0,0,0,0,"Victim__J_Out__C_In",0,7,-7,"Hum_x_Ing","Hum_x_Ing__Victim","Hum_x_Ing__Reject","Hum_x_Ing__Victim__Reject",0,1,0,0,0,0,"Victim__J_Out__C_In__Reject","Victim__J_Out__C_In__Reject",0,1,0,0,0,0,0,0,0,0,0,0,0,0,0,0,0,0,0,0,0,0,0,0,0,0,0,"J_Out__C_In",,,1,0,0,0,0,0,0,0
246,4,2,"victim",0,21,1,2,1,1,0,1,TRUE,1.28571428571429,2,0.875,1.71428571428571,0.5,1,2,1,1,2,1,"Out","In","ingroup","outgroup",0,0,0,1,0,0,"In","Out",,1,0,0,0,0,0,1,0,0,"Victim__J_In__C_Out",0,7,-7,"Hum_x_Hum","Hum_x_Hum__Victim","Hum_x_Hum__Reject","Hum_x_Hum__Victim__Reject",1,0,0,0,0,0,"Victim__J_In__C_Out__Reject","Victim__J_In__C_Out__Reject",0,0,0,1,0,0,0,0,0,0,0,0,0,0,0,0,0,0,0,0,0,0,0,0,0,0,0,"J_In__C_Out",,,0,0,1,0,0,0,0,0
246,5,1,"victim",0,21,1,2,1,1,0,1,TRUE,1.28571428571429,2,0.875,1.71428571428571,0.5,1,1,1,1,1,1,"In","In","ingroup","ingroup",0,0,0,1,1,0,"In","In",,0,0,0,0,0,0,0,0,0,"Victim__J_In__C_In",0,-3,3,"Hum_x_Hum","Hum_x_Hum__Victim","Hum_x_Hum__Accept","Hum_x_Hum__Victim__Accept",1,0,0,0,0,0,"Victim__J_In__C_In__Accept","Victim__J_In__C_In__Accept",1,0,0,0,0,0,0,0,0,0,0,0,0,0,0,0,0,0,0,0,0,0,0,0,0,0,0,"J_In__C_In",,,0,0,0,0,0,0,0,0
246,5,2,"victim",0,21,1,2,1,1,0,1,TRUE,1.28571428571429,2,0.875,1.71428571428571,0.5,1,1,1,1,1,1,"In","In","ingroup","ingroup",0,0,0,1,0,1,"In","In",,0,0,0,0,0,0,0,0,0,"Victim__J_In__C_In",0,-3,3,"Hum_x_Hum","Hum_x_Hum__Victim","Hum_x_Hum__Reject","Hum_x_Hum__Victim__Reject",1,0,0,0,0,0,"Victim__J_In__C_In__Reject","Victim__J_In__C_In__Reject",1,0,0,0,0,0,0,0,0,0,0,0,0,0,0,0,0,0,0,0,0,0,0,0,0,0,0,"J_In__C_In",,,0,0,0,0,0,0,0,0
247,1,1,"victim",0,23,1,1,0,2,1,1,TRUE,2.57142857142857,2.42857142857143,1.875,3.42857142857143,2.66666666666667,2,1,1,1,1,2,"Out","Out","outgroup","outgroup",1,0,0,0,1,1,"Out","Out",,1,0,1,0,1,0,1,0,0,"Victim__J_Out__C_Out",0,9,-9,"Ing_x_Hum","Ing_x_Hum__Victim","Ing_x_Hum__Accept","Ing_x_Hum__Victim__Accept",0,0,0,1,0,0,"Victim__J_Out__C_Out__Accept","Victim__J_Out__C_Out__Accept",0,0,0,0,1,0,0,0,0,0,0,0,0,0,0,0,0,0,0,0,0,0,0,0,0,0,0,"J_Out__C_Out",,,0,0,0,1,0,0,0,0
247,1,2,"victim",0,23,1,1,0,2,1,1,TRUE,2.57142857142857,2.42857142857143,1.875,3.42857142857143,2.66666666666667,2,1,1,1,1,2,"Out","Out","outgroup","outgroup",1,0,0,0,1,1,"Out","Out",,1,0,1,0,1,0,1,0,0,"Victim__J_Out__C_Out",0,9,-9,"Ing_x_Hum","Ing_x_Hum__Victim","Ing_x_Hum__Accept","Ing_x_Hum__Victim__Accept",0,0,0,1,0,0,"Victim__J_Out__C_Out__Accept","Victim__J_Out__C_Out__Accept",0,0,0,0,1,0,0,0,0,0,0,0,0,0,0,0,0,0,0,0,0,0,0,0,0,0,0,"J_Out__C_Out",,,0,0,0,1,0,0,0,0
247,2,1,"victim",0,23,1,1,0,2,1,1,TRUE,2.57142857142857,2.42857142857143,1.875,3.42857142857143,2.66666666666667,2,2,2,2,2,2,"In","In","ingroup","ingroup",0,0,0,1,0,0,"In","In",,0,0,0,0,0,0,0,0,0,"Victim__J_In__C_In",0,0,0,"Ing_x_Ing","Ing_x_Ing__Victim","Ing_x_Ing__Reject","Ing_x_Ing__Victim__Reject",0,0,0,0,1,0,"Victim__J_In__C_In__Reject","Victim__J_In__C_In__Reject",1,0,0,0,0,0,0,0,0,0,0,0,0,0,0,0,0,0,0,0,0,0,0,0,0,0,0,"J_In__C_In",,,0,0,0,0,0,0,0,0
247,2,2,"victim",0,23,1,1,0,2,1,1,TRUE,2.57142857142857,2.42857142857143,1.875,3.42857142857143,2.66666666666667,2,2,2,2,2,2,"In","In","ingroup","ingroup",0,0,0,1,0,0,"In","In",,0,0,0,0,0,0,0,0,0,"Victim__J_In__C_In",0,0,0,"Ing_x_Ing","Ing_x_Ing__Victim","Ing_x_Ing__Reject","Ing_x_Ing__Victim__Reject",0,0,0,0,1,0,"Victim__J_In__C_In__Reject","Victim__J_In__C_In__Reject",1,0,0,0,0,0,0,0,0,0,0,0,0,0,0,0,0,0,0,0,0,0,0,0,0,0,0,"J_In__C_In",,,0,0,0,0,0,0,0,0
247,3,1,"victim",0,23,1,1,0,2,1,1,TRUE,2.57142857142857,2.42857142857143,1.875,3.42857142857143,2.66666666666667,2,1,3,1,3,2,"Out","Cont","outgroup","control",1,0,0,0,0,0,"Out","Cont",,1,0,0,1,1,0,0,1,0,"Victim__J_Out__C_Cont",1,0,0,"Ing_x_Hum","Ing_x_Hum__Victim","Ing_x_Hum__Reject","Ing_x_Hum__Victim__Reject",0,0,0,1,0,0,"Victim__J_Out__C_Cont__Reject","Victim__J_Out__C_Cont__Reject",0,0,0,0,0,0,0,1,0,0,0,0,0,0,0,0,0,0,0,0,0,0,0,0,0,0,0,"J_Out__C_Cont",,,0,0,0,0,0,0,1,0
247,3,2,"victim",0,23,1,1,0,2,1,1,TRUE,2.57142857142857,2.42857142857143,1.875,3.42857142857143,2.66666666666667,2,1,3,3,1,2,"Out","Cont","control","outgroup",0,1,0,,0,0,"Cont","Out",,1,0,0,1,0,1,1,0,0,"Victim__J_Cont__C_Out",1,0,0,"Ing_x_Control","Ing_x_Control__Victim","Ing_x_Control__Reject","Ing_x_Control__Victim__Reject",0,0,0,0,0,1,"Victim__J_Cont__C_Out__Reject","Victim__J_Cont__C_Out__Reject",0,0,0,0,0,1,0,0,0,0,0,0,0,0,0,0,0,0,0,0,0,0,0,0,0,0,0,"J_Cont__C_Out",,,0,0,0,0,1,0,0,0
247,4,1,"victim",0,23,1,1,0,2,1,1,TRUE,2.57142857142857,2.42857142857143,1.875,3.42857142857143,2.66666666666667,2,3,3,3,3,2,"Cont","Cont","control","control",0,1,0,,1,0,"Cont","Cont",,0,1,0,1,0,1,0,1,0,"Victim__J_Cont__C_Cont",1,-2,2,"Ing_x_Control","Ing_x_Control__Victim","Ing_x_Control__Accept","Ing_x_Control__Victim__Accept",0,0,0,0,0,1,"Victim__J_Cont__C_Cont__Accept","Victim__J_Cont__C_Cont__Accept",0,0,0,0,0,0,0,0,1,0,0,0,0,0,0,0,0,0,0,0,0,0,0,0,0,0,0,"J_Cont__C_Cont",,,0,0,0,0,0,0,0,1
247,4,2,"victim",0,23,1,1,0,2,1,1,TRUE,2.57142857142857,2.42857142857143,1.875,3.42857142857143,2.66666666666667,2,3,3,3,3,2,"Cont","Cont","control","control",0,1,0,,0,1,"Cont","Cont",,0,1,0,1,0,1,0,1,0,"Victim__J_Cont__C_Cont",1,0,0,"Ing_x_Control","Ing_x_Control__Victim","Ing_x_Control__Reject","Ing_x_Control__Victim__Reject",0,0,0,0,0,1,"Victim__J_Cont__C_Cont__Reject","Victim__J_Cont__C_Cont__Reject",0,0,0,0,0,0,0,0,1,0,0,0,0,0,0,0,0,0,0,0,0,0,0,0,0,0,0,"J_Cont__C_Cont",,,0,0,0,0,0,0,0,1
247,5,1,"victim",0,23,1,1,0,2,1,1,TRUE,2.57142857142857,2.42857142857143,1.875,3.42857142857143,2.66666666666667,2,2,3,2,3,2,"In","Cont","ingroup","control",0,0,0,1,1,1,"In","Cont",,0,0,0,1,0,0,0,1,0,"Victim__J_In__C_Cont",1,0,0,"Ing_x_Ing","Ing_x_Ing__Victim","Ing_x_Ing__Accept","Ing_x_Ing__Victim__Accept",0,0,0,0,1,0,"Victim__J_In__C_Cont__Accept","Victim__J_In__C_Cont__Accept",0,0,0,0,0,0,1,0,0,0,0,0,0,0,0,0,0,0,0,0,0,0,0,0,0,0,0,"J_In__C_Cont",,,0,0,0,0,0,1,0,0
247,5,2,"victim",0,23,1,1,0,2,1,1,TRUE,2.57142857142857,2.42857142857143,1.875,3.42857142857143,2.66666666666667,2,2,3,3,2,2,"In","Cont","control","ingroup",0,1,0,,1,1,"Cont","In",,0,0,0,1,0,1,0,0,0,"Victim__J_Cont__C_In",1,0,0,"Ing_x_Control","Ing_x_Control__Victim","Ing_x_Control__Accept","Ing_x_Control__Victim__Accept",0,0,0,0,0,1,"Victim__J_Cont__C_In__Accept","Victim__J_Cont__C_In__Accept",0,0,1,0,0,0,0,0,0,0,0,0,0,0,0,0,0,0,0,0,0,0,0,0,0,0,0,"J_Cont__C_In",,,0,1,0,0,0,0,0,0
248,1,1,"victim",0,20,2,1,0,1,0,1,TRUE,2.92857142857143,2.57142857142857,3.125,3.57142857142857,2.33333333333333,1,2,3,2,3,1,"Out","Cont","outgroup","control",1,0,0,0,0,0,"Out","Cont",,1,0,0,1,1,0,0,1,0,"Victim__J_Out__C_Cont",1,9,-9,"Hum_x_Ing","Hum_x_Ing__Victim","Hum_x_Ing__Reject","Hum_x_Ing__Victim__Reject",0,1,0,0,0,0,"Victim__J_Out__C_Cont__Reject","Victim__J_Out__C_Cont__Reject",0,0,0,0,0,0,0,1,0,0,0,0,0,0,0,0,0,0,0,0,0,0,0,0,0,0,0,"J_Out__C_Cont",,,0,0,0,0,0,0,1,0
248,1,2,"victim",0,20,2,1,0,1,0,1,TRUE,2.92857142857143,2.57142857142857,3.125,3.57142857142857,2.33333333333333,1,2,3,3,2,1,"Out","Cont","control","outgroup",0,1,0,,0,0,"Cont","Out",,1,0,0,1,0,1,1,0,0,"Victim__J_Cont__C_Out",1,9,-9,"Hum_x_Control","Hum_x_Control__Victim","Hum_x_Control__Reject","Hum_x_Control__Victim__Reject",0,0,1,0,0,0,"Victim__J_Cont__C_Out__Reject","Victim__J_Cont__C_Out__Reject",0,0,0,0,0,1,0,0,0,0,0,0,0,0,0,0,0,0,0,0,0,0,0,0,0,0,0,"J_Cont__C_Out",,,0,0,0,0,1,0,0,0
248,2,1,"victim",0,20,2,1,0,1,0,1,TRUE,2.92857142857143,2.57142857142857,3.125,3.57142857142857,2.33333333333333,1,1,1,1,1,1,"In","In","ingroup","ingroup",0,0,0,1,0,0,"In","In",,0,0,0,0,0,0,0,0,0,"Victim__J_In__C_In",0,9,-9,"Hum_x_Hum","Hum_x_Hum__Victim","Hum_x_Hum__Reject","Hum_x_Hum__Victim__Reject",1,0,0,0,0,0,"Victim__J_In__C_In__Reject","Victim__J_In__C_In__Reject",1,0,0,0,0,0,0,0,0,0,0,0,0,0,0,0,0,0,0,0,0,0,0,0,0,0,0,"J_In__C_In",,,0,0,0,0,0,0,0,0
248,2,2,"victim",0,20,2,1,0,1,0,1,TRUE,2.92857142857143,2.57142857142857,3.125,3.57142857142857,2.33333333333333,1,1,1,1,1,1,"In","In","ingroup","ingroup",0,0,0,1,0,0,"In","In",,0,0,0,0,0,0,0,0,0,"Victim__J_In__C_In",0,9,-9,"Hum_x_Hum","Hum_x_Hum__Victim","Hum_x_Hum__Reject","Hum_x_Hum__Victim__Reject",1,0,0,0,0,0,"Victim__J_In__C_In__Reject","Victim__J_In__C_In__Reject",1,0,0,0,0,0,0,0,0,0,0,0,0,0,0,0,0,0,0,0,0,0,0,0,0,0,0,"J_In__C_In",,,0,0,0,0,0,0,0,0
248,3,1,"victim",0,20,2,1,0,1,0,1,TRUE,2.92857142857143,2.57142857142857,3.125,3.57142857142857,2.33333333333333,1,1,1,1,1,1,"In","In","ingroup","ingroup",0,0,0,1,1,1,"In","In",,0,0,0,0,0,0,0,0,0,"Victim__J_In__C_In",0,5,-5,"Hum_x_Hum","Hum_x_Hum__Victim","Hum_x_Hum__Accept","Hum_x_Hum__Victim__Accept",1,0,0,0,0,0,"Victim__J_In__C_In__Accept","Victim__J_In__C_In__Accept",1,0,0,0,0,0,0,0,0,0,0,0,0,0,0,0,0,0,0,0,0,0,0,0,0,0,0,"J_In__C_In",,,0,0,0,0,0,0,0,0
248,3,2,"victim",0,20,2,1,0,1,0,1,TRUE,2.92857142857143,2.57142857142857,3.125,3.57142857142857,2.33333333333333,1,1,1,1,1,1,"In","In","ingroup","ingroup",0,0,0,1,1,1,"In","In",,0,0,0,0,0,0,0,0,0,"Victim__J_In__C_In",0,5,-5,"Hum_x_Hum","Hum_x_Hum__Victim","Hum_x_Hum__Accept","Hum_x_Hum__Victim__Accept",1,0,0,0,0,0,"Victim__J_In__C_In__Accept","Victim__J_In__C_In__Accept",1,0,0,0,0,0,0,0,0,0,0,0,0,0,0,0,0,0,0,0,0,0,0,0,0,0,0,"J_In__C_In",,,0,0,0,0,0,0,0,0
248,4,1,"victim",0,20,2,1,0,1,0,1,TRUE,2.92857142857143,2.57142857142857,3.125,3.57142857142857,2.33333333333333,1,2,1,2,1,1,"Out","In","outgroup","ingroup",1,0,0,0,0,1,"Out","In",,1,0,0,0,1,0,0,0,0,"Victim__J_Out__C_In",0,9,-9,"Hum_x_Ing","Hum_x_Ing__Victim","Hum_x_Ing__Reject","Hum_x_Ing__Victim__Reject",0,1,0,0,0,0,"Victim__J_Out__C_In__Reject","Victim__J_Out__C_In__Reject",0,1,0,0,0,0,0,0,0,0,0,0,0,0,0,0,0,0,0,0,0,0,0,0,0,0,0,"J_Out__C_In",,,1,0,0,0,0,0,0,0
248,4,2,"victim",0,20,2,1,0,1,0,1,TRUE,2.92857142857143,2.57142857142857,3.125,3.57142857142857,2.33333333333333,1,2,1,1,2,1,"Out","In","ingroup","outgroup",0,0,0,1,1,0,"In","Out",,1,0,0,0,0,0,1,0,0,"Victim__J_In__C_Out",0,2,-2,"Hum_x_Hum","Hum_x_Hum__Victim","Hum_x_Hum__Accept","Hum_x_Hum__Victim__Accept",1,0,0,0,0,0,"Victim__J_In__C_Out__Accept","Victim__J_In__C_Out__Accept",0,0,0,1,0,0,0,0,0,0,0,0,0,0,0,0,0,0,0,0,0,0,0,0,0,0,0,"J_In__C_Out",,,0,0,1,0,0,0,0,0
248,5,1,"victim",0,20,2,1,0,1,0,1,TRUE,2.92857142857143,2.57142857142857,3.125,3.57142857142857,2.33333333333333,1,1,1,1,1,1,"In","In","ingroup","ingroup",0,0,0,1,0,1,"In","In",,0,0,0,0,0,0,0,0,0,"Victim__J_In__C_In",0,9,-9,"Hum_x_Hum","Hum_x_Hum__Victim","Hum_x_Hum__Reject","Hum_x_Hum__Victim__Reject",1,0,0,0,0,0,"Victim__J_In__C_In__Reject","Victim__J_In__C_In__Reject",1,0,0,0,0,0,0,0,0,0,0,0,0,0,0,0,0,0,0,0,0,0,0,0,0,0,0,"J_In__C_In",,,0,0,0,0,0,0,0,0
248,5,2,"victim",0,20,2,1,0,1,0,1,TRUE,2.92857142857143,2.57142857142857,3.125,3.57142857142857,2.33333333333333,1,1,1,1,1,1,"In","In","ingroup","ingroup",0,0,0,1,1,0,"In","In",,0,0,0,0,0,0,0,0,0,"Victim__J_In__C_In",0,2,-2,"Hum_x_Hum","Hum_x_Hum__Victim","Hum_x_Hum__Accept","Hum_x_Hum__Victim__Accept",1,0,0,0,0,0,"Victim__J_In__C_In__Accept","Victim__J_In__C_In__Accept",1,0,0,0,0,0,0,0,0,0,0,0,0,0,0,0,0,0,0,0,0,0,0,0,0,0,0,"J_In__C_In",,,0,0,0,0,0,0,0,0
249,1,1,"victim",0,21,2,1,0,1,0,1,TRUE,2.21428571428571,2.14285714285714,2.125,3,1.5,1,2,3,2,3,1,"Out","Cont","outgroup","control",1,0,0,0,0,0,"Out","Cont",,1,0,0,1,1,0,0,1,0,"Victim__J_Out__C_Cont",1,2,-2,"Hum_x_Ing","Hum_x_Ing__Victim","Hum_x_Ing__Reject","Hum_x_Ing__Victim__Reject",0,1,0,0,0,0,"Victim__J_Out__C_Cont__Reject","Victim__J_Out__C_Cont__Reject",0,0,0,0,0,0,0,1,0,0,0,0,0,0,0,0,0,0,0,0,0,0,0,0,0,0,0,"J_Out__C_Cont",,,0,0,0,0,0,0,1,0
249,1,2,"victim",0,21,2,1,0,1,0,1,TRUE,2.21428571428571,2.14285714285714,2.125,3,1.5,1,2,3,3,2,1,"Out","Cont","control","outgroup",0,1,0,,0,0,"Cont","Out",,1,0,0,1,0,1,1,0,0,"Victim__J_Cont__C_Out",1,2,-2,"Hum_x_Control","Hum_x_Control__Victim","Hum_x_Control__Reject","Hum_x_Control__Victim__Reject",0,0,1,0,0,0,"Victim__J_Cont__C_Out__Reject","Victim__J_Cont__C_Out__Reject",0,0,0,0,0,1,0,0,0,0,0,0,0,0,0,0,0,0,0,0,0,0,0,0,0,0,0,"J_Cont__C_Out",,,0,0,0,0,1,0,0,0
249,2,1,"victim",0,21,2,1,0,1,0,1,TRUE,2.21428571428571,2.14285714285714,2.125,3,1.5,1,3,3,3,3,1,"Cont","Cont","control","control",0,1,0,,1,0,"Cont","Cont",,0,1,0,1,0,1,0,1,0,"Victim__J_Cont__C_Cont",1,-3,3,"Hum_x_Control","Hum_x_Control__Victim","Hum_x_Control__Accept","Hum_x_Control__Victim__Accept",0,0,1,0,0,0,"Victim__J_Cont__C_Cont__Accept","Victim__J_Cont__C_Cont__Accept",0,0,0,0,0,0,0,0,1,0,0,0,0,0,0,0,0,0,0,0,0,0,0,0,0,0,0,"J_Cont__C_Cont",,,0,0,0,0,0,0,0,1
249,2,2,"victim",0,21,2,1,0,1,0,1,TRUE,2.21428571428571,2.14285714285714,2.125,3,1.5,1,3,3,3,3,1,"Cont","Cont","control","control",0,1,0,,0,1,"Cont","Cont",,0,1,0,1,0,1,0,1,0,"Victim__J_Cont__C_Cont",1,2,-2,"Hum_x_Control","Hum_x_Control__Victim","Hum_x_Control__Reject","Hum_x_Control__Victim__Reject",0,0,1,0,0,0,"Victim__J_Cont__C_Cont__Reject","Victim__J_Cont__C_Cont__Reject",0,0,0,0,0,0,0,0,1,0,0,0,0,0,0,0,0,0,0,0,0,0,0,0,0,0,0,"J_Cont__C_Cont",,,0,0,0,0,0,0,0,1
249,3,1,"victim",0,21,2,1,0,1,0,1,TRUE,2.21428571428571,2.14285714285714,2.125,3,1.5,1,2,3,2,3,1,"Out","Cont","outgroup","control",1,0,0,0,0,0,"Out","Cont",,1,0,0,1,1,0,0,1,0,"Victim__J_Out__C_Cont",1,4,-4,"Hum_x_Ing","Hum_x_Ing__Victim","Hum_x_Ing__Reject","Hum_x_Ing__Victim__Reject",0,1,0,0,0,0,"Victim__J_Out__C_Cont__Reject","Victim__J_Out__C_Cont__Reject",0,0,0,0,0,0,0,1,0,0,0,0,0,0,0,0,0,0,0,0,0,0,0,0,0,0,0,"J_Out__C_Cont",,,0,0,0,0,0,0,1,0
249,3,2,"victim",0,21,2,1,0,1,0,1,TRUE,2.21428571428571,2.14285714285714,2.125,3,1.5,1,2,3,3,2,1,"Out","Cont","control","outgroup",0,1,0,,0,0,"Cont","Out",,1,0,0,1,0,1,1,0,0,"Victim__J_Cont__C_Out",1,4,-4,"Hum_x_Control","Hum_x_Control__Victim","Hum_x_Control__Reject","Hum_x_Control__Victim__Reject",0,0,1,0,0,0,"Victim__J_Cont__C_Out__Reject","Victim__J_Cont__C_Out__Reject",0,0,0,0,0,1,0,0,0,0,0,0,0,0,0,0,0,0,0,0,0,0,0,0,0,0,0,"J_Cont__C_Out",,,0,0,0,0,1,0,0,0
249,4,1,"victim",0,21,2,1,0,1,0,1,TRUE,2.21428571428571,2.14285714285714,2.125,3,1.5,1,2,1,2,1,1,"Out","In","outgroup","ingroup",1,0,0,0,1,0,"Out","In",,1,0,0,0,1,0,0,0,0,"Victim__J_Out__C_In",0,-5,5,"Hum_x_Ing","Hum_x_Ing__Victim","Hum_x_Ing__Accept","Hum_x_Ing__Victim__Accept",0,1,0,0,0,0,"Victim__J_Out__C_In__Accept","Victim__J_Out__C_In__Accept",0,1,0,0,0,0,0,0,0,0,0,0,0,0,0,0,0,0,0,0,0,0,0,0,0,0,0,"J_Out__C_In",,,1,0,0,0,0,0,0,0
249,4,2,"victim",0,21,2,1,0,1,0,1,TRUE,2.21428571428571,2.14285714285714,2.125,3,1.5,1,2,1,1,2,1,"Out","In","ingroup","outgroup",0,0,0,1,0,1,"In","Out",,1,0,0,0,0,0,1,0,0,"Victim__J_In__C_Out",0,3,-3,"Hum_x_Hum","Hum_x_Hum__Victim","Hum_x_Hum__Reject","Hum_x_Hum__Victim__Reject",1,0,0,0,0,0,"Victim__J_In__C_Out__Reject","Victim__J_In__C_Out__Reject",0,0,0,1,0,0,0,0,0,0,0,0,0,0,0,0,0,0,0,0,0,0,0,0,0,0,0,"J_In__C_Out",,,0,0,1,0,0,0,0,0
249,5,1,"victim",0,21,2,1,0,1,0,1,TRUE,2.21428571428571,2.14285714285714,2.125,3,1.5,1,3,1,3,1,1,"Cont","In","control","ingroup",0,1,0,,0,0,"Cont","In",,0,1,0,0,0,1,0,0,0,"Victim__J_Cont__C_In",1,5,-5,"Hum_x_Control","Hum_x_Control__Victim","Hum_x_Control__Reject","Hum_x_Control__Victim__Reject",0,0,1,0,0,0,"Victim__J_Cont__C_In__Reject","Victim__J_Cont__C_In__Reject",0,0,1,0,0,0,0,0,0,0,0,0,0,0,0,0,0,0,0,0,0,0,0,0,0,0,0,"J_Cont__C_In",,,0,1,0,0,0,0,0,0
249,5,2,"victim",0,21,2,1,0,1,0,1,TRUE,2.21428571428571,2.14285714285714,2.125,3,1.5,1,3,1,1,3,1,"Cont","In","ingroup","control",0,0,0,1,0,0,"In","Cont",,0,1,0,0,0,0,0,1,0,"Victim__J_In__C_Cont",1,5,-5,"Hum_x_Hum","Hum_x_Hum__Victim","Hum_x_Hum__Reject","Hum_x_Hum__Victim__Reject",1,0,0,0,0,0,"Victim__J_In__C_Cont__Reject","Victim__J_In__C_Cont__Reject",0,0,0,0,0,0,1,0,0,0,0,0,0,0,0,0,0,0,0,0,0,0,0,0,0,0,0,"J_In__C_Cont",,,0,0,0,0,0,1,0,0
250,6,1,"victim",0,21,3,1,0,1,0,2,TRUE,2.10714285714286,1.71428571428571,2.25,2.71428571428571,1.66666666666667,1,3,2,3,2,1,"Cont","Out","control","outgroup",0,1,0,,1,0,"Cont","Out",,0,1,1,0,0,1,1,0,0,"Victim__J_Cont__C_Out",1,-5,5,"Hum_x_Control","Hum_x_Control__Victim","Hum_x_Control__Accept","Hum_x_Control__Victim__Accept",0,0,1,0,0,0,"Victim__J_Cont__C_Out__Accept","Victim__J_Cont__C_Out__Accept",0,0,0,0,0,1,0,0,0,0,0,0,0,0,0,0,0,0,0,0,0,0,0,0,0,0,0,"J_Cont__C_Out",,,0,0,0,0,1,0,0,0
250,6,2,"victim",0,21,3,1,0,1,0,2,TRUE,2.10714285714286,1.71428571428571,2.25,2.71428571428571,1.66666666666667,1,3,2,2,3,1,"Cont","Out","outgroup","control",1,0,0,0,0,1,"Out","Cont",,0,1,1,0,1,0,0,1,0,"Victim__J_Out__C_Cont",1,9,-9,"Hum_x_Ing","Hum_x_Ing__Victim","Hum_x_Ing__Reject","Hum_x_Ing__Victim__Reject",0,1,0,0,0,0,"Victim__J_Out__C_Cont__Reject","Victim__J_Out__C_Cont__Reject",0,0,0,0,0,0,0,1,0,0,0,0,0,0,0,0,0,0,0,0,0,0,0,0,0,0,0,"J_Out__C_Cont",,,0,0,0,0,0,0,1,0
250,7,1,"victim",0,21,3,1,0,1,0,2,TRUE,2.10714285714286,1.71428571428571,2.25,2.71428571428571,1.66666666666667,1,2,3,2,3,1,"Out","Cont","outgroup","control",1,0,0,0,0,1,"Out","Cont",,1,0,0,1,1,0,0,1,0,"Victim__J_Out__C_Cont",1,9,-9,"Hum_x_Ing","Hum_x_Ing__Victim","Hum_x_Ing__Reject","Hum_x_Ing__Victim__Reject",0,1,0,0,0,0,"Victim__J_Out__C_Cont__Reject","Victim__J_Out__C_Cont__Reject",0,0,0,0,0,0,0,1,0,0,0,0,0,0,0,0,0,0,0,0,0,0,0,0,0,0,0,"J_Out__C_Cont",,,0,0,0,0,0,0,1,0
250,7,2,"victim",0,21,3,1,0,1,0,2,TRUE,2.10714285714286,1.71428571428571,2.25,2.71428571428571,1.66666666666667,1,2,3,3,2,1,"Out","Cont","control","outgroup",0,1,0,,1,0,"Cont","Out",,1,0,0,1,0,1,1,0,0,"Victim__J_Cont__C_Out",1,-6,6,"Hum_x_Control","Hum_x_Control__Victim","Hum_x_Control__Accept","Hum_x_Control__Victim__Accept",0,0,1,0,0,0,"Victim__J_Cont__C_Out__Accept","Victim__J_Cont__C_Out__Accept",0,0,0,0,0,1,0,0,0,0,0,0,0,0,0,0,0,0,0,0,0,0,0,0,0,0,0,"J_Cont__C_Out",,,0,0,0,0,1,0,0,0
250,8,1,"victim",0,21,3,1,0,1,0,2,TRUE,2.10714285714286,1.71428571428571,2.25,2.71428571428571,1.66666666666667,1,3,2,3,2,1,"Cont","Out","control","outgroup",0,1,0,,1,0,"Cont","Out",,0,1,1,0,0,1,1,0,0,"Victim__J_Cont__C_Out",1,-5,5,"Hum_x_Control","Hum_x_Control__Victim","Hum_x_Control__Accept","Hum_x_Control__Victim__Accept",0,0,1,0,0,0,"Victim__J_Cont__C_Out__Accept","Victim__J_Cont__C_Out__Accept",0,0,0,0,0,1,0,0,0,0,0,0,0,0,0,0,0,0,0,0,0,0,0,0,0,0,0,"J_Cont__C_Out",,,0,0,0,0,1,0,0,0
250,8,2,"victim",0,21,3,1,0,1,0,2,TRUE,2.10714285714286,1.71428571428571,2.25,2.71428571428571,1.66666666666667,1,3,2,2,3,1,"Cont","Out","outgroup","control",1,0,0,0,0,1,"Out","Cont",,0,1,1,0,1,0,0,1,0,"Victim__J_Out__C_Cont",1,9,-9,"Hum_x_Ing","Hum_x_Ing__Victim","Hum_x_Ing__Reject","Hum_x_Ing__Victim__Reject",0,1,0,0,0,0,"Victim__J_Out__C_Cont__Reject","Victim__J_Out__C_Cont__Reject",0,0,0,0,0,0,0,1,0,0,0,0,0,0,0,0,0,0,0,0,0,0,0,0,0,0,0,"J_Out__C_Cont",,,0,0,0,0,0,0,1,0
250,9,1,"victim",0,21,3,1,0,1,0,2,TRUE,2.10714285714286,1.71428571428571,2.25,2.71428571428571,1.66666666666667,1,3,3,3,3,1,"Cont","Cont","control","control",0,1,0,,0,1,"Cont","Cont",,0,1,0,1,0,1,0,1,0,"Victim__J_Cont__C_Cont",1,9,-9,"Hum_x_Control","Hum_x_Control__Victim","Hum_x_Control__Reject","Hum_x_Control__Victim__Reject",0,0,1,0,0,0,"Victim__J_Cont__C_Cont__Reject","Victim__J_Cont__C_Cont__Reject",0,0,0,0,0,0,0,0,1,0,0,0,0,0,0,0,0,0,0,0,0,0,0,0,0,0,0,"J_Cont__C_Cont",,,0,0,0,0,0,0,0,1
250,9,2,"victim",0,21,3,1,0,1,0,2,TRUE,2.10714285714286,1.71428571428571,2.25,2.71428571428571,1.66666666666667,1,3,3,3,3,1,"Cont","Cont","control","control",0,1,0,,1,0,"Cont","Cont",,0,1,0,1,0,1,0,1,0,"Victim__J_Cont__C_Cont",1,-3,3,"Hum_x_Control","Hum_x_Control__Victim","Hum_x_Control__Accept","Hum_x_Control__Victim__Accept",0,0,1,0,0,0,"Victim__J_Cont__C_Cont__Accept","Victim__J_Cont__C_Cont__Accept",0,0,0,0,0,0,0,0,1,0,0,0,0,0,0,0,0,0,0,0,0,0,0,0,0,0,0,"J_Cont__C_Cont",,,0,0,0,0,0,0,0,1
250,10,1,"victim",0,21,3,1,0,1,0,2,TRUE,2.10714285714286,1.71428571428571,2.25,2.71428571428571,1.66666666666667,1,1,3,1,3,1,"In","Cont","ingroup","control",0,0,0,1,0,0,"In","Cont",,0,0,0,1,0,0,0,1,0,"Victim__J_In__C_Cont",1,7,-7,"Hum_x_Hum","Hum_x_Hum__Victim","Hum_x_Hum__Reject","Hum_x_Hum__Victim__Reject",1,0,0,0,0,0,"Victim__J_In__C_Cont__Reject","Victim__J_In__C_Cont__Reject",0,0,0,0,0,0,1,0,0,0,0,0,0,0,0,0,0,0,0,0,0,0,0,0,0,0,0,"J_In__C_Cont",,,0,0,0,0,0,1,0,0
250,10,2,"victim",0,21,3,1,0,1,0,2,TRUE,2.10714285714286,1.71428571428571,2.25,2.71428571428571,1.66666666666667,1,1,3,3,1,1,"In","Cont","control","ingroup",0,1,0,,0,0,"Cont","In",,0,0,0,1,0,1,0,0,0,"Victim__J_Cont__C_In",1,7,-7,"Hum_x_Control","Hum_x_Control__Victim","Hum_x_Control__Reject","Hum_x_Control__Victim__Reject",0,0,1,0,0,0,"Victim__J_Cont__C_In__Reject","Victim__J_Cont__C_In__Reject",0,0,1,0,0,0,0,0,0,0,0,0,0,0,0,0,0,0,0,0,0,0,0,0,0,0,0,"J_Cont__C_In",,,0,1,0,0,0,0,0,0
252,6,1,"victim",0,20,2,1,0,2,1,2,TRUE,2.21428571428571,1.42857142857143,3.125,1.42857142857143,2.83333333333333,2,1,2,1,2,2,"Out","In","outgroup","ingroup",1,0,0,0,1,1,"Out","In",,1,0,0,0,1,0,0,0,0,"Victim__J_Out__C_In",0,-5,5,"Ing_x_Hum","Ing_x_Hum__Victim","Ing_x_Hum__Accept","Ing_x_Hum__Victim__Accept",0,0,0,1,0,0,"Victim__J_Out__C_In__Accept","Victim__J_Out__C_In__Accept",0,1,0,0,0,0,0,0,0,0,0,0,0,0,0,0,0,0,0,0,0,0,0,0,0,0,0,"J_Out__C_In",,,1,0,0,0,0,0,0,0
252,6,2,"victim",0,20,2,1,0,2,1,2,TRUE,2.21428571428571,1.42857142857143,3.125,1.42857142857143,2.83333333333333,2,1,2,2,1,2,"Out","In","ingroup","outgroup",0,0,0,1,1,1,"In","Out",,1,0,0,0,0,0,1,0,0,"Victim__J_In__C_Out",0,-5,5,"Ing_x_Ing","Ing_x_Ing__Victim","Ing_x_Ing__Accept","Ing_x_Ing__Victim__Accept",0,0,0,0,1,0,"Victim__J_In__C_Out__Accept","Victim__J_In__C_Out__Accept",0,0,0,1,0,0,0,0,0,0,0,0,0,0,0,0,0,0,0,0,0,0,0,0,0,0,0,"J_In__C_Out",,,0,0,1,0,0,0,0,0
252,7,1,"victim",0,20,2,1,0,2,1,2,TRUE,2.21428571428571,1.42857142857143,3.125,1.42857142857143,2.83333333333333,2,3,2,3,2,2,"Cont","In","control","ingroup",0,1,0,,1,0,"Cont","In",,0,1,0,0,0,1,0,0,0,"Victim__J_Cont__C_In",1,-5,5,"Ing_x_Control","Ing_x_Control__Victim","Ing_x_Control__Accept","Ing_x_Control__Victim__Accept",0,0,0,0,0,1,"Victim__J_Cont__C_In__Accept","Victim__J_Cont__C_In__Accept",0,0,1,0,0,0,0,0,0,0,0,0,0,0,0,0,0,0,0,0,0,0,0,0,0,0,0,"J_Cont__C_In",,,0,1,0,0,0,0,0,0
252,7,2,"victim",0,20,2,1,0,2,1,2,TRUE,2.21428571428571,1.42857142857143,3.125,1.42857142857143,2.83333333333333,2,3,2,2,3,2,"Cont","In","ingroup","control",0,0,0,1,0,1,"In","Cont",,0,1,0,0,0,0,0,1,0,"Victim__J_In__C_Cont",1,7,-7,"Ing_x_Ing","Ing_x_Ing__Victim","Ing_x_Ing__Reject","Ing_x_Ing__Victim__Reject",0,0,0,0,1,0,"Victim__J_In__C_Cont__Reject","Victim__J_In__C_Cont__Reject",0,0,0,0,0,0,1,0,0,0,0,0,0,0,0,0,0,0,0,0,0,0,0,0,0,0,0,"J_In__C_Cont",,,0,0,0,0,0,1,0,0
252,8,1,"victim",0,20,2,1,0,2,1,2,TRUE,2.21428571428571,1.42857142857143,3.125,1.42857142857143,2.83333333333333,2,1,3,1,3,2,"Out","Cont","outgroup","control",1,0,0,0,1,1,"Out","Cont",,1,0,0,1,1,0,0,1,0,"Victim__J_Out__C_Cont",1,-6,6,"Ing_x_Hum","Ing_x_Hum__Victim","Ing_x_Hum__Accept","Ing_x_Hum__Victim__Accept",0,0,0,1,0,0,"Victim__J_Out__C_Cont__Accept","Victim__J_Out__C_Cont__Accept",0,0,0,0,0,0,0,1,0,0,0,0,0,0,0,0,0,0,0,0,0,0,0,0,0,0,0,"J_Out__C_Cont",,,0,0,0,0,0,0,1,0
252,8,2,"victim",0,20,2,1,0,2,1,2,TRUE,2.21428571428571,1.42857142857143,3.125,1.42857142857143,2.83333333333333,2,1,3,3,1,2,"Out","Cont","control","outgroup",0,1,0,,1,1,"Cont","Out",,1,0,0,1,0,1,1,0,0,"Victim__J_Cont__C_Out",1,-6,6,"Ing_x_Control","Ing_x_Control__Victim","Ing_x_Control__Accept","Ing_x_Control__Victim__Accept",0,0,0,0,0,1,"Victim__J_Cont__C_Out__Accept","Victim__J_Cont__C_Out__Accept",0,0,0,0,0,1,0,0,0,0,0,0,0,0,0,0,0,0,0,0,0,0,0,0,0,0,0,"J_Cont__C_Out",,,0,0,0,0,1,0,0,0
252,9,1,"victim",0,20,2,1,0,2,1,2,TRUE,2.21428571428571,1.42857142857143,3.125,1.42857142857143,2.83333333333333,2,3,3,3,3,2,"Cont","Cont","control","control",0,1,0,,1,0,"Cont","Cont",,0,1,0,1,0,1,0,1,0,"Victim__J_Cont__C_Cont",1,-5,5,"Ing_x_Control","Ing_x_Control__Victim","Ing_x_Control__Accept","Ing_x_Control__Victim__Accept",0,0,0,0,0,1,"Victim__J_Cont__C_Cont__Accept","Victim__J_Cont__C_Cont__Accept",0,0,0,0,0,0,0,0,1,0,0,0,0,0,0,0,0,0,0,0,0,0,0,0,0,0,0,"J_Cont__C_Cont",,,0,0,0,0,0,0,0,1
252,9,2,"victim",0,20,2,1,0,2,1,2,TRUE,2.21428571428571,1.42857142857143,3.125,1.42857142857143,2.83333333333333,2,3,3,3,3,2,"Cont","Cont","control","control",0,1,0,,0,1,"Cont","Cont",,0,1,0,1,0,1,0,1,0,"Victim__J_Cont__C_Cont",1,-5,5,"Ing_x_Control","Ing_x_Control__Victim","Ing_x_Control__Reject","Ing_x_Control__Victim__Reject",0,0,0,0,0,1,"Victim__J_Cont__C_Cont__Reject","Victim__J_Cont__C_Cont__Reject",0,0,0,0,0,0,0,0,1,0,0,0,0,0,0,0,0,0,0,0,0,0,0,0,0,0,0,"J_Cont__C_Cont",,,0,0,0,0,0,0,0,1
252,10,1,"victim",0,20,2,1,0,2,1,2,TRUE,2.21428571428571,1.42857142857143,3.125,1.42857142857143,2.83333333333333,2,3,1,3,1,2,"Cont","Out","control","outgroup",0,1,0,,1,0,"Cont","Out",,0,1,1,0,0,1,1,0,0,"Victim__J_Cont__C_Out",1,-6,6,"Ing_x_Control","Ing_x_Control__Victim","Ing_x_Control__Accept","Ing_x_Control__Victim__Accept",0,0,0,0,0,1,"Victim__J_Cont__C_Out__Accept","Victim__J_Cont__C_Out__Accept",0,0,0,0,0,1,0,0,0,0,0,0,0,0,0,0,0,0,0,0,0,0,0,0,0,0,0,"J_Cont__C_Out",,,0,0,0,0,1,0,0,0
252,10,2,"victim",0,20,2,1,0,2,1,2,TRUE,2.21428571428571,1.42857142857143,3.125,1.42857142857143,2.83333333333333,2,3,1,1,3,2,"Cont","Out","outgroup","control",1,0,0,0,0,1,"Out","Cont",,0,1,1,0,1,0,0,1,0,"Victim__J_Out__C_Cont",1,9,-9,"Ing_x_Hum","Ing_x_Hum__Victim","Ing_x_Hum__Reject","Ing_x_Hum__Victim__Reject",0,0,0,1,0,0,"Victim__J_Out__C_Cont__Reject","Victim__J_Out__C_Cont__Reject",0,0,0,0,0,0,0,1,0,0,0,0,0,0,0,0,0,0,0,0,0,0,0,0,0,0,0,"J_Out__C_Cont",,,0,0,0,0,0,0,1,0
253,1,1,"victim",0,19,2,2,1,2,1,1,TRUE,2.25,1.85714285714286,2.5,2.85714285714286,1.66666666666667,2,1,3,1,3,2,"Out","Cont","outgroup","control",1,0,0,0,1,1,"Out","Cont",,1,0,0,1,1,0,0,1,0,"Victim__J_Out__C_Cont",1,-4,4,"Ing_x_Hum","Ing_x_Hum__Victim","Ing_x_Hum__Accept","Ing_x_Hum__Victim__Accept",0,0,0,1,0,0,"Victim__J_Out__C_Cont__Accept","Victim__J_Out__C_Cont__Accept",0,0,0,0,0,0,0,1,0,0,0,0,0,0,0,0,0,0,0,0,0,0,0,0,0,0,0,"J_Out__C_Cont",,,0,0,0,0,0,0,1,0
253,1,2,"victim",0,19,2,2,1,2,1,1,TRUE,2.25,1.85714285714286,2.5,2.85714285714286,1.66666666666667,2,1,3,3,1,2,"Out","Cont","control","outgroup",0,1,0,,1,1,"Cont","Out",,1,0,0,1,0,1,1,0,0,"Victim__J_Cont__C_Out",1,-4,4,"Ing_x_Control","Ing_x_Control__Victim","Ing_x_Control__Accept","Ing_x_Control__Victim__Accept",0,0,0,0,0,1,"Victim__J_Cont__C_Out__Accept","Victim__J_Cont__C_Out__Accept",0,0,0,0,0,1,0,0,0,0,0,0,0,0,0,0,0,0,0,0,0,0,0,0,0,0,0,"J_Cont__C_Out",,,0,0,0,0,1,0,0,0
253,2,1,"victim",0,19,2,2,1,2,1,1,TRUE,2.25,1.85714285714286,2.5,2.85714285714286,1.66666666666667,2,3,3,3,3,2,"Cont","Cont","control","control",0,1,0,,0,0,"Cont","Cont",,0,1,0,1,0,1,0,1,0,"Victim__J_Cont__C_Cont",1,9,-9,"Ing_x_Control","Ing_x_Control__Victim","Ing_x_Control__Reject","Ing_x_Control__Victim__Reject",0,0,0,0,0,1,"Victim__J_Cont__C_Cont__Reject","Victim__J_Cont__C_Cont__Reject",0,0,0,0,0,0,0,0,1,0,0,0,0,0,0,0,0,0,0,0,0,0,0,0,0,0,0,"J_Cont__C_Cont",,,0,0,0,0,0,0,0,1
253,2,2,"victim",0,19,2,2,1,2,1,1,TRUE,2.25,1.85714285714286,2.5,2.85714285714286,1.66666666666667,2,3,3,3,3,2,"Cont","Cont","control","control",0,1,0,,0,0,"Cont","Cont",,0,1,0,1,0,1,0,1,0,"Victim__J_Cont__C_Cont",1,9,-9,"Ing_x_Control","Ing_x_Control__Victim","Ing_x_Control__Reject","Ing_x_Control__Victim__Reject",0,0,0,0,0,1,"Victim__J_Cont__C_Cont__Reject","Victim__J_Cont__C_Cont__Reject",0,0,0,0,0,0,0,0,1,0,0,0,0,0,0,0,0,0,0,0,0,0,0,0,0,0,0,"J_Cont__C_Cont",,,0,0,0,0,0,0,0,1
253,3,1,"victim",0,19,2,2,1,2,1,1,TRUE,2.25,1.85714285714286,2.5,2.85714285714286,1.66666666666667,2,2,2,2,2,2,"In","In","ingroup","ingroup",0,0,0,1,0,0,"In","In",,0,0,0,0,0,0,0,0,0,"Victim__J_In__C_In",0,9,-9,"Ing_x_Ing","Ing_x_Ing__Victim","Ing_x_Ing__Reject","Ing_x_Ing__Victim__Reject",0,0,0,0,1,0,"Victim__J_In__C_In__Reject","Victim__J_In__C_In__Reject",1,0,0,0,0,0,0,0,0,0,0,0,0,0,0,0,0,0,0,0,0,0,0,0,0,0,0,"J_In__C_In",,,0,0,0,0,0,0,0,0
253,3,2,"victim",0,19,2,2,1,2,1,1,TRUE,2.25,1.85714285714286,2.5,2.85714285714286,1.66666666666667,2,2,2,2,2,2,"In","In","ingroup","ingroup",0,0,0,1,0,0,"In","In",,0,0,0,0,0,0,0,0,0,"Victim__J_In__C_In",0,9,-9,"Ing_x_Ing","Ing_x_Ing__Victim","Ing_x_Ing__Reject","Ing_x_Ing__Victim__Reject",0,0,0,0,1,0,"Victim__J_In__C_In__Reject","Victim__J_In__C_In__Reject",1,0,0,0,0,0,0,0,0,0,0,0,0,0,0,0,0,0,0,0,0,0,0,0,0,0,0,"J_In__C_In",,,0,0,0,0,0,0,0,0
253,4,1,"victim",0,19,2,2,1,2,1,1,TRUE,2.25,1.85714285714286,2.5,2.85714285714286,1.66666666666667,2,3,3,3,3,2,"Cont","Cont","control","control",0,1,0,,1,0,"Cont","Cont",,0,1,0,1,0,1,0,1,0,"Victim__J_Cont__C_Cont",1,-7,7,"Ing_x_Control","Ing_x_Control__Victim","Ing_x_Control__Accept","Ing_x_Control__Victim__Accept",0,0,0,0,0,1,"Victim__J_Cont__C_Cont__Accept","Victim__J_Cont__C_Cont__Accept",0,0,0,0,0,0,0,0,1,0,0,0,0,0,0,0,0,0,0,0,0,0,0,0,0,0,0,"J_Cont__C_Cont",,,0,0,0,0,0,0,0,1
253,4,2,"victim",0,19,2,2,1,2,1,1,TRUE,2.25,1.85714285714286,2.5,2.85714285714286,1.66666666666667,2,3,3,3,3,2,"Cont","Cont","control","control",0,1,0,,0,1,"Cont","Cont",,0,1,0,1,0,1,0,1,0,"Victim__J_Cont__C_Cont",1,9,-9,"Ing_x_Control","Ing_x_Control__Victim","Ing_x_Control__Reject","Ing_x_Control__Victim__Reject",0,0,0,0,0,1,"Victim__J_Cont__C_Cont__Reject","Victim__J_Cont__C_Cont__Reject",0,0,0,0,0,0,0,0,1,0,0,0,0,0,0,0,0,0,0,0,0,0,0,0,0,0,0,"J_Cont__C_Cont",,,0,0,0,0,0,0,0,1
253,5,1,"victim",0,19,2,2,1,2,1,1,TRUE,2.25,1.85714285714286,2.5,2.85714285714286,1.66666666666667,2,3,1,3,1,2,"Cont","Out","control","outgroup",0,1,0,,1,1,"Cont","Out",,0,1,1,0,0,1,1,0,0,"Victim__J_Cont__C_Out",1,8,-8,"Ing_x_Control","Ing_x_Control__Victim","Ing_x_Control__Accept","Ing_x_Control__Victim__Accept",0,0,0,0,0,1,"Victim__J_Cont__C_Out__Accept","Victim__J_Cont__C_Out__Accept",0,0,0,0,0,1,0,0,0,0,0,0,0,0,0,0,0,0,0,0,0,0,0,0,0,0,0,"J_Cont__C_Out",,,0,0,0,0,1,0,0,0
253,5,2,"victim",0,19,2,2,1,2,1,1,TRUE,2.25,1.85714285714286,2.5,2.85714285714286,1.66666666666667,2,3,1,1,3,2,"Cont","Out","outgroup","control",1,0,0,0,1,1,"Out","Cont",,0,1,1,0,1,0,0,1,0,"Victim__J_Out__C_Cont",1,-6,6,"Ing_x_Hum","Ing_x_Hum__Victim","Ing_x_Hum__Accept","Ing_x_Hum__Victim__Accept",0,0,0,1,0,0,"Victim__J_Out__C_Cont__Accept","Victim__J_Out__C_Cont__Accept",0,0,0,0,0,0,0,1,0,0,0,0,0,0,0,0,0,0,0,0,0,0,0,0,0,0,0,"J_Out__C_Cont",,,0,0,0,0,0,0,1,0
254,1,1,"victim",0,23,2,1,0,2,1,1,TRUE,1.35714285714286,0.714285714285714,1.25,1.71428571428571,1.83333333333333,2,3,1,3,1,2,"Cont","Out","control","outgroup",0,1,0,,1,0,"Cont","Out",,0,1,1,0,0,1,1,0,0,"Victim__J_Cont__C_Out",1,-4,4,"Ing_x_Control","Ing_x_Control__Victim","Ing_x_Control__Accept","Ing_x_Control__Victim__Accept",0,0,0,0,0,1,"Victim__J_Cont__C_Out__Accept","Victim__J_Cont__C_Out__Accept",0,0,0,0,0,1,0,0,0,0,0,0,0,0,0,0,0,0,0,0,0,0,0,0,0,0,0,"J_Cont__C_Out",,,0,0,0,0,1,0,0,0
254,1,2,"victim",0,23,2,1,0,2,1,1,TRUE,1.35714285714286,0.714285714285714,1.25,1.71428571428571,1.83333333333333,2,3,1,1,3,2,"Cont","Out","outgroup","control",1,0,0,0,0,1,"Out","Cont",,0,1,1,0,1,0,0,1,0,"Victim__J_Out__C_Cont",1,8,-8,"Ing_x_Hum","Ing_x_Hum__Victim","Ing_x_Hum__Reject","Ing_x_Hum__Victim__Reject",0,0,0,1,0,0,"Victim__J_Out__C_Cont__Reject","Victim__J_Out__C_Cont__Reject",0,0,0,0,0,0,0,1,0,0,0,0,0,0,0,0,0,0,0,0,0,0,0,0,0,0,0,"J_Out__C_Cont",,,0,0,0,0,0,0,1,0
254,2,1,"victim",0,23,2,1,0,2,1,1,TRUE,1.35714285714286,0.714285714285714,1.25,1.71428571428571,1.83333333333333,2,1,2,1,2,2,"Out","In","outgroup","ingroup",1,0,0,0,1,1,"Out","In",,1,0,0,0,1,0,0,0,0,"Victim__J_Out__C_In",0,-5,5,"Ing_x_Hum","Ing_x_Hum__Victim","Ing_x_Hum__Accept","Ing_x_Hum__Victim__Accept",0,0,0,1,0,0,"Victim__J_Out__C_In__Accept","Victim__J_Out__C_In__Accept",0,1,0,0,0,0,0,0,0,0,0,0,0,0,0,0,0,0,0,0,0,0,0,0,0,0,0,"J_Out__C_In",,,1,0,0,0,0,0,0,0
254,2,2,"victim",0,23,2,1,0,2,1,1,TRUE,1.35714285714286,0.714285714285714,1.25,1.71428571428571,1.83333333333333,2,1,2,2,1,2,"Out","In","ingroup","outgroup",0,0,0,1,1,1,"In","Out",,1,0,0,0,0,0,1,0,0,"Victim__J_In__C_Out",0,-5,5,"Ing_x_Ing","Ing_x_Ing__Victim","Ing_x_Ing__Accept","Ing_x_Ing__Victim__Accept",0,0,0,0,1,0,"Victim__J_In__C_Out__Accept","Victim__J_In__C_Out__Accept",0,0,0,1,0,0,0,0,0,0,0,0,0,0,0,0,0,0,0,0,0,0,0,0,0,0,0,"J_In__C_Out",,,0,0,1,0,0,0,0,0
254,3,1,"victim",0,23,2,1,0,2,1,1,TRUE,1.35714285714286,0.714285714285714,1.25,1.71428571428571,1.83333333333333,2,2,2,2,2,2,"In","In","ingroup","ingroup",0,0,0,1,1,0,"In","In",,0,0,0,0,0,0,0,0,0,"Victim__J_In__C_In",0,-5,5,"Ing_x_Ing","Ing_x_Ing__Victim","Ing_x_Ing__Accept","Ing_x_Ing__Victim__Accept",0,0,0,0,1,0,"Victim__J_In__C_In__Accept","Victim__J_In__C_In__Accept",1,0,0,0,0,0,0,0,0,0,0,0,0,0,0,0,0,0,0,0,0,0,0,0,0,0,0,"J_In__C_In",,,0,0,0,0,0,0,0,0
254,3,2,"victim",0,23,2,1,0,2,1,1,TRUE,1.35714285714286,0.714285714285714,1.25,1.71428571428571,1.83333333333333,2,2,2,2,2,2,"In","In","ingroup","ingroup",0,0,0,1,0,1,"In","In",,0,0,0,0,0,0,0,0,0,"Victim__J_In__C_In",0,5,-5,"Ing_x_Ing","Ing_x_Ing__Victim","Ing_x_Ing__Reject","Ing_x_Ing__Victim__Reject",0,0,0,0,1,0,"Victim__J_In__C_In__Reject","Victim__J_In__C_In__Reject",1,0,0,0,0,0,0,0,0,0,0,0,0,0,0,0,0,0,0,0,0,0,0,0,0,0,0,"J_In__C_In",,,0,0,0,0,0,0,0,0
254,4,1,"victim",0,23,2,1,0,2,1,1,TRUE,1.35714285714286,0.714285714285714,1.25,1.71428571428571,1.83333333333333,2,2,1,2,1,2,"In","Out","ingroup","outgroup",0,0,0,1,0,1,"In","Out",,0,0,1,0,0,0,1,0,0,"Victim__J_In__C_Out",0,5,-5,"Ing_x_Ing","Ing_x_Ing__Victim","Ing_x_Ing__Reject","Ing_x_Ing__Victim__Reject",0,0,0,0,1,0,"Victim__J_In__C_Out__Reject","Victim__J_In__C_Out__Reject",0,0,0,1,0,0,0,0,0,0,0,0,0,0,0,0,0,0,0,0,0,0,0,0,0,0,0,"J_In__C_Out",,,0,0,1,0,0,0,0,0
254,4,2,"victim",0,23,2,1,0,2,1,1,TRUE,1.35714285714286,0.714285714285714,1.25,1.71428571428571,1.83333333333333,2,2,1,1,2,2,"In","Out","outgroup","ingroup",1,0,0,0,1,0,"Out","In",,0,0,1,0,1,0,0,0,0,"Victim__J_Out__C_In",0,-5,5,"Ing_x_Hum","Ing_x_Hum__Victim","Ing_x_Hum__Accept","Ing_x_Hum__Victim__Accept",0,0,0,1,0,0,"Victim__J_Out__C_In__Accept","Victim__J_Out__C_In__Accept",0,1,0,0,0,0,0,0,0,0,0,0,0,0,0,0,0,0,0,0,0,0,0,0,0,0,0,"J_Out__C_In",,,1,0,0,0,0,0,0,0
254,5,1,"victim",0,23,2,1,0,2,1,1,TRUE,1.35714285714286,0.714285714285714,1.25,1.71428571428571,1.83333333333333,2,2,2,2,2,2,"In","In","ingroup","ingroup",0,0,0,1,0,1,"In","In",,0,0,0,0,0,0,0,0,0,"Victim__J_In__C_In",0,5,-5,"Ing_x_Ing","Ing_x_Ing__Victim","Ing_x_Ing__Reject","Ing_x_Ing__Victim__Reject",0,0,0,0,1,0,"Victim__J_In__C_In__Reject","Victim__J_In__C_In__Reject",1,0,0,0,0,0,0,0,0,0,0,0,0,0,0,0,0,0,0,0,0,0,0,0,0,0,0,"J_In__C_In",,,0,0,0,0,0,0,0,0
254,5,2,"victim",0,23,2,1,0,2,1,1,TRUE,1.35714285714286,0.714285714285714,1.25,1.71428571428571,1.83333333333333,2,2,2,2,2,2,"In","In","ingroup","ingroup",0,0,0,1,1,0,"In","In",,0,0,0,0,0,0,0,0,0,"Victim__J_In__C_In",0,-5,5,"Ing_x_Ing","Ing_x_Ing__Victim","Ing_x_Ing__Accept","Ing_x_Ing__Victim__Accept",0,0,0,0,1,0,"Victim__J_In__C_In__Accept","Victim__J_In__C_In__Accept",1,0,0,0,0,0,0,0,0,0,0,0,0,0,0,0,0,0,0,0,0,0,0,0,0,0,0,"J_In__C_In",,,0,0,0,0,0,0,0,0
255,6,1,"victim",0,23,3,2,1,2,1,2,TRUE,1.85714285714286,1.28571428571429,2,2.28571428571429,1.83333333333333,2,2,2,2,2,2,"In","In","ingroup","ingroup",0,0,0,1,1,0,"In","In",,0,0,0,0,0,0,0,0,0,"Victim__J_In__C_In",0,-9,9,"Ing_x_Ing","Ing_x_Ing__Victim","Ing_x_Ing__Accept","Ing_x_Ing__Victim__Accept",0,0,0,0,1,0,"Victim__J_In__C_In__Accept","Victim__J_In__C_In__Accept",1,0,0,0,0,0,0,0,0,0,0,0,0,0,0,0,0,0,0,0,0,0,0,0,0,0,0,"J_In__C_In",,,0,0,0,0,0,0,0,0
255,6,2,"victim",0,23,3,2,1,2,1,2,TRUE,1.85714285714286,1.28571428571429,2,2.28571428571429,1.83333333333333,2,2,2,2,2,2,"In","In","ingroup","ingroup",0,0,0,1,0,1,"In","In",,0,0,0,0,0,0,0,0,0,"Victim__J_In__C_In",0,9,-9,"Ing_x_Ing","Ing_x_Ing__Victim","Ing_x_Ing__Reject","Ing_x_Ing__Victim__Reject",0,0,0,0,1,0,"Victim__J_In__C_In__Reject","Victim__J_In__C_In__Reject",1,0,0,0,0,0,0,0,0,0,0,0,0,0,0,0,0,0,0,0,0,0,0,0,0,0,0,"J_In__C_In",,,0,0,0,0,0,0,0,0
255,7,1,"victim",0,23,3,2,1,2,1,2,TRUE,1.85714285714286,1.28571428571429,2,2.28571428571429,1.83333333333333,2,2,2,2,2,2,"In","In","ingroup","ingroup",0,0,0,1,0,0,"In","In",,0,0,0,0,0,0,0,0,0,"Victim__J_In__C_In",0,9,-9,"Ing_x_Ing","Ing_x_Ing__Victim","Ing_x_Ing__Reject","Ing_x_Ing__Victim__Reject",0,0,0,0,1,0,"Victim__J_In__C_In__Reject","Victim__J_In__C_In__Reject",1,0,0,0,0,0,0,0,0,0,0,0,0,0,0,0,0,0,0,0,0,0,0,0,0,0,0,"J_In__C_In",,,0,0,0,0,0,0,0,0
255,7,2,"victim",0,23,3,2,1,2,1,2,TRUE,1.85714285714286,1.28571428571429,2,2.28571428571429,1.83333333333333,2,2,2,2,2,2,"In","In","ingroup","ingroup",0,0,0,1,0,0,"In","In",,0,0,0,0,0,0,0,0,0,"Victim__J_In__C_In",0,9,-9,"Ing_x_Ing","Ing_x_Ing__Victim","Ing_x_Ing__Reject","Ing_x_Ing__Victim__Reject",0,0,0,0,1,0,"Victim__J_In__C_In__Reject","Victim__J_In__C_In__Reject",1,0,0,0,0,0,0,0,0,0,0,0,0,0,0,0,0,0,0,0,0,0,0,0,0,0,0,"J_In__C_In",,,0,0,0,0,0,0,0,0
255,8,1,"victim",0,23,3,2,1,2,1,2,TRUE,1.85714285714286,1.28571428571429,2,2.28571428571429,1.83333333333333,2,3,3,3,3,2,"Cont","Cont","control","control",0,1,0,,0,1,"Cont","Cont",,0,1,0,1,0,1,0,1,0,"Victim__J_Cont__C_Cont",1,9,-9,"Ing_x_Control","Ing_x_Control__Victim","Ing_x_Control__Reject","Ing_x_Control__Victim__Reject",0,0,0,0,0,1,"Victim__J_Cont__C_Cont__Reject","Victim__J_Cont__C_Cont__Reject",0,0,0,0,0,0,0,0,1,0,0,0,0,0,0,0,0,0,0,0,0,0,0,0,0,0,0,"J_Cont__C_Cont",,,0,0,0,0,0,0,0,1
255,8,2,"victim",0,23,3,2,1,2,1,2,TRUE,1.85714285714286,1.28571428571429,2,2.28571428571429,1.83333333333333,2,3,3,3,3,2,"Cont","Cont","control","control",0,1,0,,1,0,"Cont","Cont",,0,1,0,1,0,1,0,1,0,"Victim__J_Cont__C_Cont",1,-9,9,"Ing_x_Control","Ing_x_Control__Victim","Ing_x_Control__Accept","Ing_x_Control__Victim__Accept",0,0,0,0,0,1,"Victim__J_Cont__C_Cont__Accept","Victim__J_Cont__C_Cont__Accept",0,0,0,0,0,0,0,0,1,0,0,0,0,0,0,0,0,0,0,0,0,0,0,0,0,0,0,"J_Cont__C_Cont",,,0,0,0,0,0,0,0,1
255,9,1,"victim",0,23,3,2,1,2,1,2,TRUE,1.85714285714286,1.28571428571429,2,2.28571428571429,1.83333333333333,2,1,2,1,2,2,"Out","In","outgroup","ingroup",1,0,0,0,1,0,"Out","In",,1,0,0,0,1,0,0,0,0,"Victim__J_Out__C_In",0,-9,9,"Ing_x_Hum","Ing_x_Hum__Victim","Ing_x_Hum__Accept","Ing_x_Hum__Victim__Accept",0,0,0,1,0,0,"Victim__J_Out__C_In__Accept","Victim__J_Out__C_In__Accept",0,1,0,0,0,0,0,0,0,0,0,0,0,0,0,0,0,0,0,0,0,0,0,0,0,0,0,"J_Out__C_In",,,1,0,0,0,0,0,0,0
255,9,2,"victim",0,23,3,2,1,2,1,2,TRUE,1.85714285714286,1.28571428571429,2,2.28571428571429,1.83333333333333,2,1,2,2,1,2,"Out","In","ingroup","outgroup",0,0,0,1,0,1,"In","Out",,1,0,0,0,0,0,1,0,0,"Victim__J_In__C_Out",0,9,-9,"Ing_x_Ing","Ing_x_Ing__Victim","Ing_x_Ing__Reject","Ing_x_Ing__Victim__Reject",0,0,0,0,1,0,"Victim__J_In__C_Out__Reject","Victim__J_In__C_Out__Reject",0,0,0,1,0,0,0,0,0,0,0,0,0,0,0,0,0,0,0,0,0,0,0,0,0,0,0,"J_In__C_Out",,,0,0,1,0,0,0,0,0
255,10,1,"victim",0,23,3,2,1,2,1,2,TRUE,1.85714285714286,1.28571428571429,2,2.28571428571429,1.83333333333333,2,3,1,3,1,2,"Cont","Out","control","outgroup",0,1,0,,1,1,"Cont","Out",,0,1,1,0,0,1,1,0,0,"Victim__J_Cont__C_Out",1,0,0,"Ing_x_Control","Ing_x_Control__Victim","Ing_x_Control__Accept","Ing_x_Control__Victim__Accept",0,0,0,0,0,1,"Victim__J_Cont__C_Out__Accept","Victim__J_Cont__C_Out__Accept",0,0,0,0,0,1,0,0,0,0,0,0,0,0,0,0,0,0,0,0,0,0,0,0,0,0,0,"J_Cont__C_Out",,,0,0,0,0,1,0,0,0
255,10,2,"victim",0,23,3,2,1,2,1,2,TRUE,1.85714285714286,1.28571428571429,2,2.28571428571429,1.83333333333333,2,3,1,1,3,2,"Cont","Out","outgroup","control",1,0,0,0,1,1,"Out","Cont",,0,1,1,0,1,0,0,1,0,"Victim__J_Out__C_Cont",1,0,0,"Ing_x_Hum","Ing_x_Hum__Victim","Ing_x_Hum__Accept","Ing_x_Hum__Victim__Accept",0,0,0,1,0,0,"Victim__J_Out__C_Cont__Accept","Victim__J_Out__C_Cont__Accept",0,0,0,0,0,0,0,1,0,0,0,0,0,0,0,0,0,0,0,0,0,0,0,0,0,0,0,"J_Out__C_Cont",,,0,0,0,0,0,0,1,0
256,6,1,"victim",0,22,2,1,0,2,1,2,TRUE,2.28571428571429,1.57142857142857,2.875,2.14285714285714,2.5,2,2,2,2,2,2,"In","In","ingroup","ingroup",0,0,0,1,1,0,"In","In",,0,0,0,0,0,0,0,0,0,"Victim__J_In__C_In",0,-7,7,"Ing_x_Ing","Ing_x_Ing__Victim","Ing_x_Ing__Accept","Ing_x_Ing__Victim__Accept",0,0,0,0,1,0,"Victim__J_In__C_In__Accept","Victim__J_In__C_In__Accept",1,0,0,0,0,0,0,0,0,0,0,0,0,0,0,0,0,0,0,0,0,0,0,0,0,0,0,"J_In__C_In",,,0,0,0,0,0,0,0,0
256,6,2,"victim",0,22,2,1,0,2,1,2,TRUE,2.28571428571429,1.57142857142857,2.875,2.14285714285714,2.5,2,2,2,2,2,2,"In","In","ingroup","ingroup",0,0,0,1,0,1,"In","In",,0,0,0,0,0,0,0,0,0,"Victim__J_In__C_In",0,7,-7,"Ing_x_Ing","Ing_x_Ing__Victim","Ing_x_Ing__Reject","Ing_x_Ing__Victim__Reject",0,0,0,0,1,0,"Victim__J_In__C_In__Reject","Victim__J_In__C_In__Reject",1,0,0,0,0,0,0,0,0,0,0,0,0,0,0,0,0,0,0,0,0,0,0,0,0,0,0,"J_In__C_In",,,0,0,0,0,0,0,0,0
256,7,1,"victim",0,22,2,1,0,2,1,2,TRUE,2.28571428571429,1.57142857142857,2.875,2.14285714285714,2.5,2,3,2,3,2,2,"Cont","In","control","ingroup",0,1,0,,0,0,"Cont","In",,0,1,0,0,0,1,0,0,0,"Victim__J_Cont__C_In",1,8,-8,"Ing_x_Control","Ing_x_Control__Victim","Ing_x_Control__Reject","Ing_x_Control__Victim__Reject",0,0,0,0,0,1,"Victim__J_Cont__C_In__Reject","Victim__J_Cont__C_In__Reject",0,0,1,0,0,0,0,0,0,0,0,0,0,0,0,0,0,0,0,0,0,0,0,0,0,0,0,"J_Cont__C_In",,,0,1,0,0,0,0,0,0
256,7,2,"victim",0,22,2,1,0,2,1,2,TRUE,2.28571428571429,1.57142857142857,2.875,2.14285714285714,2.5,2,3,2,2,3,2,"Cont","In","ingroup","control",0,0,0,1,0,0,"In","Cont",,0,1,0,0,0,0,0,1,0,"Victim__J_In__C_Cont",1,8,-8,"Ing_x_Ing","Ing_x_Ing__Victim","Ing_x_Ing__Reject","Ing_x_Ing__Victim__Reject",0,0,0,0,1,0,"Victim__J_In__C_Cont__Reject","Victim__J_In__C_Cont__Reject",0,0,0,0,0,0,1,0,0,0,0,0,0,0,0,0,0,0,0,0,0,0,0,0,0,0,0,"J_In__C_Cont",,,0,0,0,0,0,1,0,0
256,8,1,"victim",0,22,2,1,0,2,1,2,TRUE,2.28571428571429,1.57142857142857,2.875,2.14285714285714,2.5,2,2,3,2,3,2,"In","Cont","ingroup","control",0,0,0,1,1,0,"In","Cont",,0,0,0,1,0,0,0,1,0,"Victim__J_In__C_Cont",1,-7,7,"Ing_x_Ing","Ing_x_Ing__Victim","Ing_x_Ing__Accept","Ing_x_Ing__Victim__Accept",0,0,0,0,1,0,"Victim__J_In__C_Cont__Accept","Victim__J_In__C_Cont__Accept",0,0,0,0,0,0,1,0,0,0,0,0,0,0,0,0,0,0,0,0,0,0,0,0,0,0,0,"J_In__C_Cont",,,0,0,0,0,0,1,0,0
256,8,2,"victim",0,22,2,1,0,2,1,2,TRUE,2.28571428571429,1.57142857142857,2.875,2.14285714285714,2.5,2,2,3,3,2,2,"In","Cont","control","ingroup",0,1,0,,0,1,"Cont","In",,0,0,0,1,0,1,0,0,0,"Victim__J_Cont__C_In",1,7,-7,"Ing_x_Control","Ing_x_Control__Victim","Ing_x_Control__Reject","Ing_x_Control__Victim__Reject",0,0,0,0,0,1,"Victim__J_Cont__C_In__Reject","Victim__J_Cont__C_In__Reject",0,0,1,0,0,0,0,0,0,0,0,0,0,0,0,0,0,0,0,0,0,0,0,0,0,0,0,"J_Cont__C_In",,,0,1,0,0,0,0,0,0
256,9,1,"victim",0,22,2,1,0,2,1,2,TRUE,2.28571428571429,1.57142857142857,2.875,2.14285714285714,2.5,2,3,2,3,2,2,"Cont","In","control","ingroup",0,1,0,,1,1,"Cont","In",,0,1,0,0,0,1,0,0,0,"Victim__J_Cont__C_In",1,-9,9,"Ing_x_Control","Ing_x_Control__Victim","Ing_x_Control__Accept","Ing_x_Control__Victim__Accept",0,0,0,0,0,1,"Victim__J_Cont__C_In__Accept","Victim__J_Cont__C_In__Accept",0,0,1,0,0,0,0,0,0,0,0,0,0,0,0,0,0,0,0,0,0,0,0,0,0,0,0,"J_Cont__C_In",,,0,1,0,0,0,0,0,0
256,9,2,"victim",0,22,2,1,0,2,1,2,TRUE,2.28571428571429,1.57142857142857,2.875,2.14285714285714,2.5,2,3,2,2,3,2,"Cont","In","ingroup","control",0,0,0,1,1,1,"In","Cont",,0,1,0,0,0,0,0,1,0,"Victim__J_In__C_Cont",1,-9,9,"Ing_x_Ing","Ing_x_Ing__Victim","Ing_x_Ing__Accept","Ing_x_Ing__Victim__Accept",0,0,0,0,1,0,"Victim__J_In__C_Cont__Accept","Victim__J_In__C_Cont__Accept",0,0,0,0,0,0,1,0,0,0,0,0,0,0,0,0,0,0,0,0,0,0,0,0,0,0,0,"J_In__C_Cont",,,0,0,0,0,0,1,0,0
256,10,1,"victim",0,22,2,1,0,2,1,2,TRUE,2.28571428571429,1.57142857142857,2.875,2.14285714285714,2.5,2,1,2,1,2,2,"Out","In","outgroup","ingroup",1,0,0,0,0,1,"Out","In",,1,0,0,0,1,0,0,0,0,"Victim__J_Out__C_In",0,8,-8,"Ing_x_Hum","Ing_x_Hum__Victim","Ing_x_Hum__Reject","Ing_x_Hum__Victim__Reject",0,0,0,1,0,0,"Victim__J_Out__C_In__Reject","Victim__J_Out__C_In__Reject",0,1,0,0,0,0,0,0,0,0,0,0,0,0,0,0,0,0,0,0,0,0,0,0,0,0,0,"J_Out__C_In",,,1,0,0,0,0,0,0,0
256,10,2,"victim",0,22,2,1,0,2,1,2,TRUE,2.28571428571429,1.57142857142857,2.875,2.14285714285714,2.5,2,1,2,2,1,2,"Out","In","ingroup","outgroup",0,0,0,1,1,0,"In","Out",,1,0,0,0,0,0,1,0,0,"Victim__J_In__C_Out",0,-9,9,"Ing_x_Ing","Ing_x_Ing__Victim","Ing_x_Ing__Accept","Ing_x_Ing__Victim__Accept",0,0,0,0,1,0,"Victim__J_In__C_Out__Accept","Victim__J_In__C_Out__Accept",0,0,0,1,0,0,0,0,0,0,0,0,0,0,0,0,0,0,0,0,0,0,0,0,0,0,0,"J_In__C_Out",,,0,0,1,0,0,0,0,0
257,1,1,"victim",0,22,1,1,0,2,1,1,TRUE,1.92857142857143,1.28571428571429,2,2.57142857142857,1.83333333333333,2,3,3,3,3,2,"Cont","Cont","control","control",0,1,0,,1,1,"Cont","Cont",,0,1,0,1,0,1,0,1,0,"Victim__J_Cont__C_Cont",1,0,0,"Ing_x_Control","Ing_x_Control__Victim","Ing_x_Control__Accept","Ing_x_Control__Victim__Accept",0,0,0,0,0,1,"Victim__J_Cont__C_Cont__Accept","Victim__J_Cont__C_Cont__Accept",0,0,0,0,0,0,0,0,1,0,0,0,0,0,0,0,0,0,0,0,0,0,0,0,0,0,0,"J_Cont__C_Cont",,,0,0,0,0,0,0,0,1
257,1,2,"victim",0,22,1,1,0,2,1,1,TRUE,1.92857142857143,1.28571428571429,2,2.57142857142857,1.83333333333333,2,3,3,3,3,2,"Cont","Cont","control","control",0,1,0,,1,1,"Cont","Cont",,0,1,0,1,0,1,0,1,0,"Victim__J_Cont__C_Cont",1,0,0,"Ing_x_Control","Ing_x_Control__Victim","Ing_x_Control__Accept","Ing_x_Control__Victim__Accept",0,0,0,0,0,1,"Victim__J_Cont__C_Cont__Accept","Victim__J_Cont__C_Cont__Accept",0,0,0,0,0,0,0,0,1,0,0,0,0,0,0,0,0,0,0,0,0,0,0,0,0,0,0,"J_Cont__C_Cont",,,0,0,0,0,0,0,0,1
257,2,1,"victim",0,22,1,1,0,2,1,1,TRUE,1.92857142857143,1.28571428571429,2,2.57142857142857,1.83333333333333,2,3,3,3,3,2,"Cont","Cont","control","control",0,1,0,,1,0,"Cont","Cont",,0,1,0,1,0,1,0,1,0,"Victim__J_Cont__C_Cont",1,-1,1,"Ing_x_Control","Ing_x_Control__Victim","Ing_x_Control__Accept","Ing_x_Control__Victim__Accept",0,0,0,0,0,1,"Victim__J_Cont__C_Cont__Accept","Victim__J_Cont__C_Cont__Accept",0,0,0,0,0,0,0,0,1,0,0,0,0,0,0,0,0,0,0,0,0,0,0,0,0,0,0,"J_Cont__C_Cont",,,0,0,0,0,0,0,0,1
257,2,2,"victim",0,22,1,1,0,2,1,1,TRUE,1.92857142857143,1.28571428571429,2,2.57142857142857,1.83333333333333,2,3,3,3,3,2,"Cont","Cont","control","control",0,1,0,,0,1,"Cont","Cont",,0,1,0,1,0,1,0,1,0,"Victim__J_Cont__C_Cont",1,0,0,"Ing_x_Control","Ing_x_Control__Victim","Ing_x_Control__Reject","Ing_x_Control__Victim__Reject",0,0,0,0,0,1,"Victim__J_Cont__C_Cont__Reject","Victim__J_Cont__C_Cont__Reject",0,0,0,0,0,0,0,0,1,0,0,0,0,0,0,0,0,0,0,0,0,0,0,0,0,0,0,"J_Cont__C_Cont",,,0,0,0,0,0,0,0,1
257,3,1,"victim",0,22,1,1,0,2,1,1,TRUE,1.92857142857143,1.28571428571429,2,2.57142857142857,1.83333333333333,2,3,3,3,3,2,"Cont","Cont","control","control",0,1,0,,0,0,"Cont","Cont",,0,1,0,1,0,1,0,1,0,"Victim__J_Cont__C_Cont",1,0,0,"Ing_x_Control","Ing_x_Control__Victim","Ing_x_Control__Reject","Ing_x_Control__Victim__Reject",0,0,0,0,0,1,"Victim__J_Cont__C_Cont__Reject","Victim__J_Cont__C_Cont__Reject",0,0,0,0,0,0,0,0,1,0,0,0,0,0,0,0,0,0,0,0,0,0,0,0,0,0,0,"J_Cont__C_Cont",,,0,0,0,0,0,0,0,1
257,3,2,"victim",0,22,1,1,0,2,1,1,TRUE,1.92857142857143,1.28571428571429,2,2.57142857142857,1.83333333333333,2,3,3,3,3,2,"Cont","Cont","control","control",0,1,0,,0,0,"Cont","Cont",,0,1,0,1,0,1,0,1,0,"Victim__J_Cont__C_Cont",1,0,0,"Ing_x_Control","Ing_x_Control__Victim","Ing_x_Control__Reject","Ing_x_Control__Victim__Reject",0,0,0,0,0,1,"Victim__J_Cont__C_Cont__Reject","Victim__J_Cont__C_Cont__Reject",0,0,0,0,0,0,0,0,1,0,0,0,0,0,0,0,0,0,0,0,0,0,0,0,0,0,0,"J_Cont__C_Cont",,,0,0,0,0,0,0,0,1
257,4,1,"victim",0,22,1,1,0,2,1,1,TRUE,1.92857142857143,1.28571428571429,2,2.57142857142857,1.83333333333333,2,2,1,2,1,2,"In","Out","ingroup","outgroup",0,0,0,1,1,0,"In","Out",,0,0,1,0,0,0,1,0,0,"Victim__J_In__C_Out",0,1,-1,"Ing_x_Ing","Ing_x_Ing__Victim","Ing_x_Ing__Accept","Ing_x_Ing__Victim__Accept",0,0,0,0,1,0,"Victim__J_In__C_Out__Accept","Victim__J_In__C_Out__Accept",0,0,0,1,0,0,0,0,0,0,0,0,0,0,0,0,0,0,0,0,0,0,0,0,0,0,0,"J_In__C_Out",,,0,0,1,0,0,0,0,0
257,4,2,"victim",0,22,1,1,0,2,1,1,TRUE,1.92857142857143,1.28571428571429,2,2.57142857142857,1.83333333333333,2,2,1,1,2,2,"In","Out","outgroup","ingroup",1,0,0,0,0,1,"Out","In",,0,0,1,0,1,0,0,0,0,"Victim__J_Out__C_In",0,1,-1,"Ing_x_Hum","Ing_x_Hum__Victim","Ing_x_Hum__Reject","Ing_x_Hum__Victim__Reject",0,0,0,1,0,0,"Victim__J_Out__C_In__Reject","Victim__J_Out__C_In__Reject",0,1,0,0,0,0,0,0,0,0,0,0,0,0,0,0,0,0,0,0,0,0,0,0,0,0,0,"J_Out__C_In",,,1,0,0,0,0,0,0,0
257,5,1,"victim",0,22,1,1,0,2,1,1,TRUE,1.92857142857143,1.28571428571429,2,2.57142857142857,1.83333333333333,2,3,1,3,1,2,"Cont","Out","control","outgroup",0,1,0,,1,1,"Cont","Out",,0,1,1,0,0,1,1,0,0,"Victim__J_Cont__C_Out",1,-1,1,"Ing_x_Control","Ing_x_Control__Victim","Ing_x_Control__Accept","Ing_x_Control__Victim__Accept",0,0,0,0,0,1,"Victim__J_Cont__C_Out__Accept","Victim__J_Cont__C_Out__Accept",0,0,0,0,0,1,0,0,0,0,0,0,0,0,0,0,0,0,0,0,0,0,0,0,0,0,0,"J_Cont__C_Out",,,0,0,0,0,1,0,0,0
257,5,2,"victim",0,22,1,1,0,2,1,1,TRUE,1.92857142857143,1.28571428571429,2,2.57142857142857,1.83333333333333,2,3,1,1,3,2,"Cont","Out","outgroup","control",1,0,0,0,1,1,"Out","Cont",,0,1,1,0,1,0,0,1,0,"Victim__J_Out__C_Cont",1,-1,1,"Ing_x_Hum","Ing_x_Hum__Victim","Ing_x_Hum__Accept","Ing_x_Hum__Victim__Accept",0,0,0,1,0,0,"Victim__J_Out__C_Cont__Accept","Victim__J_Out__C_Cont__Accept",0,0,0,0,0,0,0,1,0,0,0,0,0,0,0,0,0,0,0,0,0,0,0,0,0,0,0,"J_Out__C_Cont",,,0,0,0,0,0,0,1,0
258,1,1,"victim",0,21,3,2,1,1,0,1,TRUE,1.89285714285714,1.57142857142857,2.125,1.71428571428571,2.16666666666667,1,1,3,1,3,1,"In","Cont","ingroup","control",0,0,0,1,0,1,"In","Cont",,0,0,0,1,0,0,0,1,0,"Victim__J_In__C_Cont",1,-4,4,"Hum_x_Hum","Hum_x_Hum__Victim","Hum_x_Hum__Reject","Hum_x_Hum__Victim__Reject",1,0,0,0,0,0,"Victim__J_In__C_Cont__Reject","Victim__J_In__C_Cont__Reject",0,0,0,0,0,0,1,0,0,0,0,0,0,0,0,0,0,0,0,0,0,0,0,0,0,0,0,"J_In__C_Cont",,,0,0,0,0,0,1,0,0
258,1,2,"victim",0,21,3,2,1,1,0,1,TRUE,1.89285714285714,1.57142857142857,2.125,1.71428571428571,2.16666666666667,1,1,3,3,1,1,"In","Cont","control","ingroup",0,1,0,,1,0,"Cont","In",,0,0,0,1,0,1,0,0,0,"Victim__J_Cont__C_In",1,4,-4,"Hum_x_Control","Hum_x_Control__Victim","Hum_x_Control__Accept","Hum_x_Control__Victim__Accept",0,0,1,0,0,0,"Victim__J_Cont__C_In__Accept","Victim__J_Cont__C_In__Accept",0,0,1,0,0,0,0,0,0,0,0,0,0,0,0,0,0,0,0,0,0,0,0,0,0,0,0,"J_Cont__C_In",,,0,1,0,0,0,0,0,0
258,2,1,"victim",0,21,3,2,1,1,0,1,TRUE,1.89285714285714,1.57142857142857,2.125,1.71428571428571,2.16666666666667,1,1,2,1,2,1,"In","Out","ingroup","outgroup",0,0,0,1,1,1,"In","Out",,0,0,1,0,0,0,1,0,0,"Victim__J_In__C_Out",0,1,-1,"Hum_x_Hum","Hum_x_Hum__Victim","Hum_x_Hum__Accept","Hum_x_Hum__Victim__Accept",1,0,0,0,0,0,"Victim__J_In__C_Out__Accept","Victim__J_In__C_Out__Accept",0,0,0,1,0,0,0,0,0,0,0,0,0,0,0,0,0,0,0,0,0,0,0,0,0,0,0,"J_In__C_Out",,,0,0,1,0,0,0,0,0
258,2,2,"victim",0,21,3,2,1,1,0,1,TRUE,1.89285714285714,1.57142857142857,2.125,1.71428571428571,2.16666666666667,1,1,2,2,1,1,"In","Out","outgroup","ingroup",1,0,0,0,1,1,"Out","In",,0,0,1,0,1,0,0,0,0,"Victim__J_Out__C_In",0,1,-1,"Hum_x_Ing","Hum_x_Ing__Victim","Hum_x_Ing__Accept","Hum_x_Ing__Victim__Accept",0,1,0,0,0,0,"Victim__J_Out__C_In__Accept","Victim__J_Out__C_In__Accept",0,1,0,0,0,0,0,0,0,0,0,0,0,0,0,0,0,0,0,0,0,0,0,0,0,0,0,"J_Out__C_In",,,1,0,0,0,0,0,0,0
258,3,1,"victim",0,21,3,2,1,1,0,1,TRUE,1.89285714285714,1.57142857142857,2.125,1.71428571428571,2.16666666666667,1,1,1,1,1,1,"In","In","ingroup","ingroup",0,0,0,1,0,1,"In","In",,0,0,0,0,0,0,0,0,0,"Victim__J_In__C_In",0,-9,9,"Hum_x_Hum","Hum_x_Hum__Victim","Hum_x_Hum__Reject","Hum_x_Hum__Victim__Reject",1,0,0,0,0,0,"Victim__J_In__C_In__Reject","Victim__J_In__C_In__Reject",1,0,0,0,0,0,0,0,0,0,0,0,0,0,0,0,0,0,0,0,0,0,0,0,0,0,0,"J_In__C_In",,,0,0,0,0,0,0,0,0
258,3,2,"victim",0,21,3,2,1,1,0,1,TRUE,1.89285714285714,1.57142857142857,2.125,1.71428571428571,2.16666666666667,1,1,1,1,1,1,"In","In","ingroup","ingroup",0,0,0,1,1,0,"In","In",,0,0,0,0,0,0,0,0,0,"Victim__J_In__C_In",0,9,-9,"Hum_x_Hum","Hum_x_Hum__Victim","Hum_x_Hum__Accept","Hum_x_Hum__Victim__Accept",1,0,0,0,0,0,"Victim__J_In__C_In__Accept","Victim__J_In__C_In__Accept",1,0,0,0,0,0,0,0,0,0,0,0,0,0,0,0,0,0,0,0,0,0,0,0,0,0,0,"J_In__C_In",,,0,0,0,0,0,0,0,0
258,4,1,"victim",0,21,3,2,1,1,0,1,TRUE,1.89285714285714,1.57142857142857,2.125,1.71428571428571,2.16666666666667,1,2,3,2,3,1,"Out","Cont","outgroup","control",1,0,0,0,0,0,"Out","Cont",,1,0,0,1,1,0,0,1,0,"Victim__J_Out__C_Cont",1,9,-9,"Hum_x_Ing","Hum_x_Ing__Victim","Hum_x_Ing__Reject","Hum_x_Ing__Victim__Reject",0,1,0,0,0,0,"Victim__J_Out__C_Cont__Reject","Victim__J_Out__C_Cont__Reject",0,0,0,0,0,0,0,1,0,0,0,0,0,0,0,0,0,0,0,0,0,0,0,0,0,0,0,"J_Out__C_Cont",,,0,0,0,0,0,0,1,0
258,4,2,"victim",0,21,3,2,1,1,0,1,TRUE,1.89285714285714,1.57142857142857,2.125,1.71428571428571,2.16666666666667,1,2,3,3,2,1,"Out","Cont","control","outgroup",0,1,0,,0,0,"Cont","Out",,1,0,0,1,0,1,1,0,0,"Victim__J_Cont__C_Out",1,9,-9,"Hum_x_Control","Hum_x_Control__Victim","Hum_x_Control__Reject","Hum_x_Control__Victim__Reject",0,0,1,0,0,0,"Victim__J_Cont__C_Out__Reject","Victim__J_Cont__C_Out__Reject",0,0,0,0,0,1,0,0,0,0,0,0,0,0,0,0,0,0,0,0,0,0,0,0,0,0,0,"J_Cont__C_Out",,,0,0,0,0,1,0,0,0
258,5,1,"victim",0,21,3,2,1,1,0,1,TRUE,1.89285714285714,1.57142857142857,2.125,1.71428571428571,2.16666666666667,1,3,1,3,1,1,"Cont","In","control","ingroup",0,1,0,,1,0,"Cont","In",,0,1,0,0,0,1,0,0,0,"Victim__J_Cont__C_In",1,-1,1,"Hum_x_Control","Hum_x_Control__Victim","Hum_x_Control__Accept","Hum_x_Control__Victim__Accept",0,0,1,0,0,0,"Victim__J_Cont__C_In__Accept","Victim__J_Cont__C_In__Accept",0,0,1,0,0,0,0,0,0,0,0,0,0,0,0,0,0,0,0,0,0,0,0,0,0,0,0,"J_Cont__C_In",,,0,1,0,0,0,0,0,0
258,5,2,"victim",0,21,3,2,1,1,0,1,TRUE,1.89285714285714,1.57142857142857,2.125,1.71428571428571,2.16666666666667,1,3,1,1,3,1,"Cont","In","ingroup","control",0,0,0,1,0,1,"In","Cont",,0,1,0,0,0,0,0,1,0,"Victim__J_In__C_Cont",1,-1,1,"Hum_x_Hum","Hum_x_Hum__Victim","Hum_x_Hum__Reject","Hum_x_Hum__Victim__Reject",1,0,0,0,0,0,"Victim__J_In__C_Cont__Reject","Victim__J_In__C_Cont__Reject",0,0,0,0,0,0,1,0,0,0,0,0,0,0,0,0,0,0,0,0,0,0,0,0,0,0,0,"J_In__C_Cont",,,0,0,0,0,0,1,0,0
259,6,1,"victim",0,18,3,1,0,1,0,2,TRUE,1.35714285714286,1.14285714285714,1.25,1.57142857142857,1.5,1,3,3,3,3,1,"Cont","Cont","control","control",0,1,0,,0,1,"Cont","Cont",,0,1,0,1,0,1,0,1,0,"Victim__J_Cont__C_Cont",1,0,0,"Hum_x_Control","Hum_x_Control__Victim","Hum_x_Control__Reject","Hum_x_Control__Victim__Reject",0,0,1,0,0,0,"Victim__J_Cont__C_Cont__Reject","Victim__J_Cont__C_Cont__Reject",0,0,0,0,0,0,0,0,1,0,0,0,0,0,0,0,0,0,0,0,0,0,0,0,0,0,0,"J_Cont__C_Cont",,,0,0,0,0,0,0,0,1
259,6,2,"victim",0,18,3,1,0,1,0,2,TRUE,1.35714285714286,1.14285714285714,1.25,1.57142857142857,1.5,1,3,3,3,3,1,"Cont","Cont","control","control",0,1,0,,1,0,"Cont","Cont",,0,1,0,1,0,1,0,1,0,"Victim__J_Cont__C_Cont",1,-1,1,"Hum_x_Control","Hum_x_Control__Victim","Hum_x_Control__Accept","Hum_x_Control__Victim__Accept",0,0,1,0,0,0,"Victim__J_Cont__C_Cont__Accept","Victim__J_Cont__C_Cont__Accept",0,0,0,0,0,0,0,0,1,0,0,0,0,0,0,0,0,0,0,0,0,0,0,0,0,0,0,"J_Cont__C_Cont",,,0,0,0,0,0,0,0,1
259,7,1,"victim",0,18,3,1,0,1,0,2,TRUE,1.35714285714286,1.14285714285714,1.25,1.57142857142857,1.5,1,3,3,3,3,1,"Cont","Cont","control","control",0,1,0,,1,0,"Cont","Cont",,0,1,0,1,0,1,0,1,0,"Victim__J_Cont__C_Cont",1,-1,1,"Hum_x_Control","Hum_x_Control__Victim","Hum_x_Control__Accept","Hum_x_Control__Victim__Accept",0,0,1,0,0,0,"Victim__J_Cont__C_Cont__Accept","Victim__J_Cont__C_Cont__Accept",0,0,0,0,0,0,0,0,1,0,0,0,0,0,0,0,0,0,0,0,0,0,0,0,0,0,0,"J_Cont__C_Cont",,,0,0,0,0,0,0,0,1
259,7,2,"victim",0,18,3,1,0,1,0,2,TRUE,1.35714285714286,1.14285714285714,1.25,1.57142857142857,1.5,1,3,3,3,3,1,"Cont","Cont","control","control",0,1,0,,0,1,"Cont","Cont",,0,1,0,1,0,1,0,1,0,"Victim__J_Cont__C_Cont",1,0,0,"Hum_x_Control","Hum_x_Control__Victim","Hum_x_Control__Reject","Hum_x_Control__Victim__Reject",0,0,1,0,0,0,"Victim__J_Cont__C_Cont__Reject","Victim__J_Cont__C_Cont__Reject",0,0,0,0,0,0,0,0,1,0,0,0,0,0,0,0,0,0,0,0,0,0,0,0,0,0,0,"J_Cont__C_Cont",,,0,0,0,0,0,0,0,1
259,8,1,"victim",0,18,3,1,0,1,0,2,TRUE,1.35714285714286,1.14285714285714,1.25,1.57142857142857,1.5,1,3,3,3,3,1,"Cont","Cont","control","control",0,1,0,,0,0,"Cont","Cont",,0,1,0,1,0,1,0,1,0,"Victim__J_Cont__C_Cont",1,0,0,"Hum_x_Control","Hum_x_Control__Victim","Hum_x_Control__Reject","Hum_x_Control__Victim__Reject",0,0,1,0,0,0,"Victim__J_Cont__C_Cont__Reject","Victim__J_Cont__C_Cont__Reject",0,0,0,0,0,0,0,0,1,0,0,0,0,0,0,0,0,0,0,0,0,0,0,0,0,0,0,"J_Cont__C_Cont",,,0,0,0,0,0,0,0,1
259,8,2,"victim",0,18,3,1,0,1,0,2,TRUE,1.35714285714286,1.14285714285714,1.25,1.57142857142857,1.5,1,3,3,3,3,1,"Cont","Cont","control","control",0,1,0,,0,0,"Cont","Cont",,0,1,0,1,0,1,0,1,0,"Victim__J_Cont__C_Cont",1,0,0,"Hum_x_Control","Hum_x_Control__Victim","Hum_x_Control__Reject","Hum_x_Control__Victim__Reject",0,0,1,0,0,0,"Victim__J_Cont__C_Cont__Reject","Victim__J_Cont__C_Cont__Reject",0,0,0,0,0,0,0,0,1,0,0,0,0,0,0,0,0,0,0,0,0,0,0,0,0,0,0,"J_Cont__C_Cont",,,0,0,0,0,0,0,0,1
259,9,1,"victim",0,18,3,1,0,1,0,2,TRUE,1.35714285714286,1.14285714285714,1.25,1.57142857142857,1.5,1,3,2,3,2,1,"Cont","Out","control","outgroup",0,1,0,,0,1,"Cont","Out",,0,1,1,0,0,1,1,0,0,"Victim__J_Cont__C_Out",1,0,0,"Hum_x_Control","Hum_x_Control__Victim","Hum_x_Control__Reject","Hum_x_Control__Victim__Reject",0,0,1,0,0,0,"Victim__J_Cont__C_Out__Reject","Victim__J_Cont__C_Out__Reject",0,0,0,0,0,1,0,0,0,0,0,0,0,0,0,0,0,0,0,0,0,0,0,0,0,0,0,"J_Cont__C_Out",,,0,0,0,0,1,0,0,0
259,9,2,"victim",0,18,3,1,0,1,0,2,TRUE,1.35714285714286,1.14285714285714,1.25,1.57142857142857,1.5,1,3,2,2,3,1,"Cont","Out","outgroup","control",1,0,0,0,1,0,"Out","Cont",,0,1,1,0,1,0,0,1,0,"Victim__J_Out__C_Cont",1,-1,1,"Hum_x_Ing","Hum_x_Ing__Victim","Hum_x_Ing__Accept","Hum_x_Ing__Victim__Accept",0,1,0,0,0,0,"Victim__J_Out__C_Cont__Accept","Victim__J_Out__C_Cont__Accept",0,0,0,0,0,0,0,1,0,0,0,0,0,0,0,0,0,0,0,0,0,0,0,0,0,0,0,"J_Out__C_Cont",,,0,0,0,0,0,0,1,0
259,10,1,"victim",0,18,3,1,0,1,0,2,TRUE,1.35714285714286,1.14285714285714,1.25,1.57142857142857,1.5,1,2,2,2,2,1,"Out","Out","outgroup","outgroup",1,0,0,0,1,1,"Out","Out",,1,0,1,0,1,0,1,0,0,"Victim__J_Out__C_Out",0,-1,1,"Hum_x_Ing","Hum_x_Ing__Victim","Hum_x_Ing__Accept","Hum_x_Ing__Victim__Accept",0,1,0,0,0,0,"Victim__J_Out__C_Out__Accept","Victim__J_Out__C_Out__Accept",0,0,0,0,1,0,0,0,0,0,0,0,0,0,0,0,0,0,0,0,0,0,0,0,0,0,0,"J_Out__C_Out",,,0,0,0,1,0,0,0,0
259,10,2,"victim",0,18,3,1,0,1,0,2,TRUE,1.35714285714286,1.14285714285714,1.25,1.57142857142857,1.5,1,2,2,2,2,1,"Out","Out","outgroup","outgroup",1,0,0,0,1,1,"Out","Out",,1,0,1,0,1,0,1,0,0,"Victim__J_Out__C_Out",0,-1,1,"Hum_x_Ing","Hum_x_Ing__Victim","Hum_x_Ing__Accept","Hum_x_Ing__Victim__Accept",0,1,0,0,0,0,"Victim__J_Out__C_Out__Accept","Victim__J_Out__C_Out__Accept",0,0,0,0,1,0,0,0,0,0,0,0,0,0,0,0,0,0,0,0,0,0,0,0,0,0,0,"J_Out__C_Out",,,0,0,0,1,0,0,0,0
260,6,1,"victim",0,19,1,2,1,2,1,2,TRUE,1.89285714285714,1.57142857142857,2,2.57142857142857,1.33333333333333,2,2,1,2,1,2,"In","Out","ingroup","outgroup",0,0,0,1,0,0,"In","Out",,0,0,1,0,0,0,1,0,0,"Victim__J_In__C_Out",0,1,-1,"Ing_x_Ing","Ing_x_Ing__Victim","Ing_x_Ing__Reject","Ing_x_Ing__Victim__Reject",0,0,0,0,1,0,"Victim__J_In__C_Out__Reject","Victim__J_In__C_Out__Reject",0,0,0,1,0,0,0,0,0,0,0,0,0,0,0,0,0,0,0,0,0,0,0,0,0,0,0,"J_In__C_Out",,,0,0,1,0,0,0,0,0
260,6,2,"victim",0,19,1,2,1,2,1,2,TRUE,1.89285714285714,1.57142857142857,2,2.57142857142857,1.33333333333333,2,2,1,1,2,2,"In","Out","outgroup","ingroup",1,0,0,0,0,0,"Out","In",,0,0,1,0,1,0,0,0,0,"Victim__J_Out__C_In",0,1,-1,"Ing_x_Hum","Ing_x_Hum__Victim","Ing_x_Hum__Reject","Ing_x_Hum__Victim__Reject",0,0,0,1,0,0,"Victim__J_Out__C_In__Reject","Victim__J_Out__C_In__Reject",0,1,0,0,0,0,0,0,0,0,0,0,0,0,0,0,0,0,0,0,0,0,0,0,0,0,0,"J_Out__C_In",,,1,0,0,0,0,0,0,0
260,7,1,"victim",0,19,1,2,1,2,1,2,TRUE,1.89285714285714,1.57142857142857,2,2.57142857142857,1.33333333333333,2,2,3,2,3,2,"In","Cont","ingroup","control",0,0,0,1,0,1,"In","Cont",,0,0,0,1,0,0,0,1,0,"Victim__J_In__C_Cont",1,0,0,"Ing_x_Ing","Ing_x_Ing__Victim","Ing_x_Ing__Reject","Ing_x_Ing__Victim__Reject",0,0,0,0,1,0,"Victim__J_In__C_Cont__Reject","Victim__J_In__C_Cont__Reject",0,0,0,0,0,0,1,0,0,0,0,0,0,0,0,0,0,0,0,0,0,0,0,0,0,0,0,"J_In__C_Cont",,,0,0,0,0,0,1,0,0
260,7,2,"victim",0,19,1,2,1,2,1,2,TRUE,1.89285714285714,1.57142857142857,2,2.57142857142857,1.33333333333333,2,2,3,3,2,2,"In","Cont","control","ingroup",0,1,0,,1,0,"Cont","In",,0,0,0,1,0,1,0,0,0,"Victim__J_Cont__C_In",1,0,0,"Ing_x_Control","Ing_x_Control__Victim","Ing_x_Control__Accept","Ing_x_Control__Victim__Accept",0,0,0,0,0,1,"Victim__J_Cont__C_In__Accept","Victim__J_Cont__C_In__Accept",0,0,1,0,0,0,0,0,0,0,0,0,0,0,0,0,0,0,0,0,0,0,0,0,0,0,0,"J_Cont__C_In",,,0,1,0,0,0,0,0,0
260,8,1,"victim",0,19,1,2,1,2,1,2,TRUE,1.89285714285714,1.57142857142857,2,2.57142857142857,1.33333333333333,2,1,2,1,2,2,"Out","In","outgroup","ingroup",1,0,0,0,1,0,"Out","In",,1,0,0,0,1,0,0,0,0,"Victim__J_Out__C_In",0,1,-1,"Ing_x_Hum","Ing_x_Hum__Victim","Ing_x_Hum__Accept","Ing_x_Hum__Victim__Accept",0,0,0,1,0,0,"Victim__J_Out__C_In__Accept","Victim__J_Out__C_In__Accept",0,1,0,0,0,0,0,0,0,0,0,0,0,0,0,0,0,0,0,0,0,0,0,0,0,0,0,"J_Out__C_In",,,1,0,0,0,0,0,0,0
260,8,2,"victim",0,19,1,2,1,2,1,2,TRUE,1.89285714285714,1.57142857142857,2,2.57142857142857,1.33333333333333,2,1,2,2,1,2,"Out","In","ingroup","outgroup",0,0,0,1,0,1,"In","Out",,1,0,0,0,0,0,1,0,0,"Victim__J_In__C_Out",0,1,-1,"Ing_x_Ing","Ing_x_Ing__Victim","Ing_x_Ing__Reject","Ing_x_Ing__Victim__Reject",0,0,0,0,1,0,"Victim__J_In__C_Out__Reject","Victim__J_In__C_Out__Reject",0,0,0,1,0,0,0,0,0,0,0,0,0,0,0,0,0,0,0,0,0,0,0,0,0,0,0,"J_In__C_Out",,,0,0,1,0,0,0,0,0
260,9,1,"victim",0,19,1,2,1,2,1,2,TRUE,1.89285714285714,1.57142857142857,2,2.57142857142857,1.33333333333333,2,3,2,3,2,2,"Cont","In","control","ingroup",0,1,0,,0,1,"Cont","In",,0,1,0,0,0,1,0,0,0,"Victim__J_Cont__C_In",1,0,0,"Ing_x_Control","Ing_x_Control__Victim","Ing_x_Control__Reject","Ing_x_Control__Victim__Reject",0,0,0,0,0,1,"Victim__J_Cont__C_In__Reject","Victim__J_Cont__C_In__Reject",0,0,1,0,0,0,0,0,0,0,0,0,0,0,0,0,0,0,0,0,0,0,0,0,0,0,0,"J_Cont__C_In",,,0,1,0,0,0,0,0,0
260,9,2,"victim",0,19,1,2,1,2,1,2,TRUE,1.89285714285714,1.57142857142857,2,2.57142857142857,1.33333333333333,2,3,2,2,3,2,"Cont","In","ingroup","control",0,0,0,1,1,0,"In","Cont",,0,1,0,0,0,0,0,1,0,"Victim__J_In__C_Cont",1,0,0,"Ing_x_Ing","Ing_x_Ing__Victim","Ing_x_Ing__Accept","Ing_x_Ing__Victim__Accept",0,0,0,0,1,0,"Victim__J_In__C_Cont__Accept","Victim__J_In__C_Cont__Accept",0,0,0,0,0,0,1,0,0,0,0,0,0,0,0,0,0,0,0,0,0,0,0,0,0,0,0,"J_In__C_Cont",,,0,0,0,0,0,1,0,0
260,10,1,"victim",0,19,1,2,1,2,1,2,TRUE,1.89285714285714,1.57142857142857,2,2.57142857142857,1.33333333333333,2,2,3,2,3,2,"In","Cont","ingroup","control",0,0,0,1,0,0,"In","Cont",,0,0,0,1,0,0,0,1,0,"Victim__J_In__C_Cont",1,1,-1,"Ing_x_Ing","Ing_x_Ing__Victim","Ing_x_Ing__Reject","Ing_x_Ing__Victim__Reject",0,0,0,0,1,0,"Victim__J_In__C_Cont__Reject","Victim__J_In__C_Cont__Reject",0,0,0,0,0,0,1,0,0,0,0,0,0,0,0,0,0,0,0,0,0,0,0,0,0,0,0,"J_In__C_Cont",,,0,0,0,0,0,1,0,0
260,10,2,"victim",0,19,1,2,1,2,1,2,TRUE,1.89285714285714,1.57142857142857,2,2.57142857142857,1.33333333333333,2,2,3,3,2,2,"In","Cont","control","ingroup",0,1,0,,0,0,"Cont","In",,0,0,0,1,0,1,0,0,0,"Victim__J_Cont__C_In",1,1,-1,"Ing_x_Control","Ing_x_Control__Victim","Ing_x_Control__Reject","Ing_x_Control__Victim__Reject",0,0,0,0,0,1,"Victim__J_Cont__C_In__Reject","Victim__J_Cont__C_In__Reject",0,0,1,0,0,0,0,0,0,0,0,0,0,0,0,0,0,0,0,0,0,0,0,0,0,0,0,"J_Cont__C_In",,,0,1,0,0,0,0,0,0
261,1,1,"victim",0,18,2,1,0,2,1,1,TRUE,2.32142857142857,2.71428571428571,2,2.85714285714286,1.66666666666667,2,1,3,1,3,2,"Out","Cont","outgroup","control",1,0,0,0,1,1,"Out","Cont",,1,0,0,1,1,0,0,1,0,"Victim__J_Out__C_Cont",1,9,-9,"Ing_x_Hum","Ing_x_Hum__Victim","Ing_x_Hum__Accept","Ing_x_Hum__Victim__Accept",0,0,0,1,0,0,"Victim__J_Out__C_Cont__Accept","Victim__J_Out__C_Cont__Accept",0,0,0,0,0,0,0,1,0,0,0,0,0,0,0,0,0,0,0,0,0,0,0,0,0,0,0,"J_Out__C_Cont",,,0,0,0,0,0,0,1,0
261,1,2,"victim",0,18,2,1,0,2,1,1,TRUE,2.32142857142857,2.71428571428571,2,2.85714285714286,1.66666666666667,2,1,3,3,1,2,"Out","Cont","control","outgroup",0,1,0,,1,1,"Cont","Out",,1,0,0,1,0,1,1,0,0,"Victim__J_Cont__C_Out",1,9,-9,"Ing_x_Control","Ing_x_Control__Victim","Ing_x_Control__Accept","Ing_x_Control__Victim__Accept",0,0,0,0,0,1,"Victim__J_Cont__C_Out__Accept","Victim__J_Cont__C_Out__Accept",0,0,0,0,0,1,0,0,0,0,0,0,0,0,0,0,0,0,0,0,0,0,0,0,0,0,0,"J_Cont__C_Out",,,0,0,0,0,1,0,0,0
261,2,1,"victim",0,18,2,1,0,2,1,1,TRUE,2.32142857142857,2.71428571428571,2,2.85714285714286,1.66666666666667,2,1,3,1,3,2,"Out","Cont","outgroup","control",1,0,0,0,0,0,"Out","Cont",,1,0,0,1,1,0,0,1,0,"Victim__J_Out__C_Cont",1,9,-9,"Ing_x_Hum","Ing_x_Hum__Victim","Ing_x_Hum__Reject","Ing_x_Hum__Victim__Reject",0,0,0,1,0,0,"Victim__J_Out__C_Cont__Reject","Victim__J_Out__C_Cont__Reject",0,0,0,0,0,0,0,1,0,0,0,0,0,0,0,0,0,0,0,0,0,0,0,0,0,0,0,"J_Out__C_Cont",,,0,0,0,0,0,0,1,0
261,2,2,"victim",0,18,2,1,0,2,1,1,TRUE,2.32142857142857,2.71428571428571,2,2.85714285714286,1.66666666666667,2,1,3,3,1,2,"Out","Cont","control","outgroup",0,1,0,,0,0,"Cont","Out",,1,0,0,1,0,1,1,0,0,"Victim__J_Cont__C_Out",1,9,-9,"Ing_x_Control","Ing_x_Control__Victim","Ing_x_Control__Reject","Ing_x_Control__Victim__Reject",0,0,0,0,0,1,"Victim__J_Cont__C_Out__Reject","Victim__J_Cont__C_Out__Reject",0,0,0,0,0,1,0,0,0,0,0,0,0,0,0,0,0,0,0,0,0,0,0,0,0,0,0,"J_Cont__C_Out",,,0,0,0,0,1,0,0,0
261,3,1,"victim",0,18,2,1,0,2,1,1,TRUE,2.32142857142857,2.71428571428571,2,2.85714285714286,1.66666666666667,2,1,1,1,1,2,"Out","Out","outgroup","outgroup",1,0,0,0,1,1,"Out","Out",,1,0,1,0,1,0,1,0,0,"Victim__J_Out__C_Out",0,4,-4,"Ing_x_Hum","Ing_x_Hum__Victim","Ing_x_Hum__Accept","Ing_x_Hum__Victim__Accept",0,0,0,1,0,0,"Victim__J_Out__C_Out__Accept","Victim__J_Out__C_Out__Accept",0,0,0,0,1,0,0,0,0,0,0,0,0,0,0,0,0,0,0,0,0,0,0,0,0,0,0,"J_Out__C_Out",,,0,0,0,1,0,0,0,0
261,3,2,"victim",0,18,2,1,0,2,1,1,TRUE,2.32142857142857,2.71428571428571,2,2.85714285714286,1.66666666666667,2,1,1,1,1,2,"Out","Out","outgroup","outgroup",1,0,0,0,1,1,"Out","Out",,1,0,1,0,1,0,1,0,0,"Victim__J_Out__C_Out",0,4,-4,"Ing_x_Hum","Ing_x_Hum__Victim","Ing_x_Hum__Accept","Ing_x_Hum__Victim__Accept",0,0,0,1,0,0,"Victim__J_Out__C_Out__Accept","Victim__J_Out__C_Out__Accept",0,0,0,0,1,0,0,0,0,0,0,0,0,0,0,0,0,0,0,0,0,0,0,0,0,0,0,"J_Out__C_Out",,,0,0,0,1,0,0,0,0
261,4,1,"victim",0,18,2,1,0,2,1,1,TRUE,2.32142857142857,2.71428571428571,2,2.85714285714286,1.66666666666667,2,1,3,1,3,2,"Out","Cont","outgroup","control",1,0,0,0,1,1,"Out","Cont",,1,0,0,1,1,0,0,1,0,"Victim__J_Out__C_Cont",1,3,-3,"Ing_x_Hum","Ing_x_Hum__Victim","Ing_x_Hum__Accept","Ing_x_Hum__Victim__Accept",0,0,0,1,0,0,"Victim__J_Out__C_Cont__Accept","Victim__J_Out__C_Cont__Accept",0,0,0,0,0,0,0,1,0,0,0,0,0,0,0,0,0,0,0,0,0,0,0,0,0,0,0,"J_Out__C_Cont",,,0,0,0,0,0,0,1,0
261,4,2,"victim",0,18,2,1,0,2,1,1,TRUE,2.32142857142857,2.71428571428571,2,2.85714285714286,1.66666666666667,2,1,3,3,1,2,"Out","Cont","control","outgroup",0,1,0,,1,1,"Cont","Out",,1,0,0,1,0,1,1,0,0,"Victim__J_Cont__C_Out",1,3,-3,"Ing_x_Control","Ing_x_Control__Victim","Ing_x_Control__Accept","Ing_x_Control__Victim__Accept",0,0,0,0,0,1,"Victim__J_Cont__C_Out__Accept","Victim__J_Cont__C_Out__Accept",0,0,0,0,0,1,0,0,0,0,0,0,0,0,0,0,0,0,0,0,0,0,0,0,0,0,0,"J_Cont__C_Out",,,0,0,0,0,1,0,0,0
261,5,1,"victim",0,18,2,1,0,2,1,1,TRUE,2.32142857142857,2.71428571428571,2,2.85714285714286,1.66666666666667,2,2,3,2,3,2,"In","Cont","ingroup","control",0,0,0,1,1,0,"In","Cont",,0,0,0,1,0,0,0,1,0,"Victim__J_In__C_Cont",1,5,-5,"Ing_x_Ing","Ing_x_Ing__Victim","Ing_x_Ing__Accept","Ing_x_Ing__Victim__Accept",0,0,0,0,1,0,"Victim__J_In__C_Cont__Accept","Victim__J_In__C_Cont__Accept",0,0,0,0,0,0,1,0,0,0,0,0,0,0,0,0,0,0,0,0,0,0,0,0,0,0,0,"J_In__C_Cont",,,0,0,0,0,0,1,0,0
261,5,2,"victim",0,18,2,1,0,2,1,1,TRUE,2.32142857142857,2.71428571428571,2,2.85714285714286,1.66666666666667,2,2,3,3,2,2,"In","Cont","control","ingroup",0,1,0,,0,1,"Cont","In",,0,0,0,1,0,1,0,0,0,"Victim__J_Cont__C_In",1,9,-9,"Ing_x_Control","Ing_x_Control__Victim","Ing_x_Control__Reject","Ing_x_Control__Victim__Reject",0,0,0,0,0,1,"Victim__J_Cont__C_In__Reject","Victim__J_Cont__C_In__Reject",0,0,1,0,0,0,0,0,0,0,0,0,0,0,0,0,0,0,0,0,0,0,0,0,0,0,0,"J_Cont__C_In",,,0,1,0,0,0,0,0,0
262,1,1,"victim",0,20,1,1,0,1,0,1,TRUE,2.17857142857143,1.71428571428571,2.625,2.71428571428571,1.5,1,3,3,3,3,1,"Cont","Cont","control","control",0,1,0,,1,0,"Cont","Cont",,0,1,0,1,0,1,0,1,0,"Victim__J_Cont__C_Cont",1,-9,9,"Hum_x_Control","Hum_x_Control__Victim","Hum_x_Control__Accept","Hum_x_Control__Victim__Accept",0,0,1,0,0,0,"Victim__J_Cont__C_Cont__Accept","Victim__J_Cont__C_Cont__Accept",0,0,0,0,0,0,0,0,1,0,0,0,0,0,0,0,0,0,0,0,0,0,0,0,0,0,0,"J_Cont__C_Cont",,,0,0,0,0,0,0,0,1
262,1,2,"victim",0,20,1,1,0,1,0,1,TRUE,2.17857142857143,1.71428571428571,2.625,2.71428571428571,1.5,1,3,3,3,3,1,"Cont","Cont","control","control",0,1,0,,0,1,"Cont","Cont",,0,1,0,1,0,1,0,1,0,"Victim__J_Cont__C_Cont",1,9,-9,"Hum_x_Control","Hum_x_Control__Victim","Hum_x_Control__Reject","Hum_x_Control__Victim__Reject",0,0,1,0,0,0,"Victim__J_Cont__C_Cont__Reject","Victim__J_Cont__C_Cont__Reject",0,0,0,0,0,0,0,0,1,0,0,0,0,0,0,0,0,0,0,0,0,0,0,0,0,0,0,"J_Cont__C_Cont",,,0,0,0,0,0,0,0,1
262,2,1,"victim",0,20,1,1,0,1,0,1,TRUE,2.17857142857143,1.71428571428571,2.625,2.71428571428571,1.5,1,2,2,2,2,1,"Out","Out","outgroup","outgroup",1,0,0,0,1,1,"Out","Out",,1,0,1,0,1,0,1,0,0,"Victim__J_Out__C_Out",0,-9,9,"Hum_x_Ing","Hum_x_Ing__Victim","Hum_x_Ing__Accept","Hum_x_Ing__Victim__Accept",0,1,0,0,0,0,"Victim__J_Out__C_Out__Accept","Victim__J_Out__C_Out__Accept",0,0,0,0,1,0,0,0,0,0,0,0,0,0,0,0,0,0,0,0,0,0,0,0,0,0,0,"J_Out__C_Out",,,0,0,0,1,0,0,0,0
262,2,2,"victim",0,20,1,1,0,1,0,1,TRUE,2.17857142857143,1.71428571428571,2.625,2.71428571428571,1.5,1,2,2,2,2,1,"Out","Out","outgroup","outgroup",1,0,0,0,1,1,"Out","Out",,1,0,1,0,1,0,1,0,0,"Victim__J_Out__C_Out",0,-9,9,"Hum_x_Ing","Hum_x_Ing__Victim","Hum_x_Ing__Accept","Hum_x_Ing__Victim__Accept",0,1,0,0,0,0,"Victim__J_Out__C_Out__Accept","Victim__J_Out__C_Out__Accept",0,0,0,0,1,0,0,0,0,0,0,0,0,0,0,0,0,0,0,0,0,0,0,0,0,0,0,"J_Out__C_Out",,,0,0,0,1,0,0,0,0
262,3,1,"victim",0,20,1,1,0,1,0,1,TRUE,2.17857142857143,1.71428571428571,2.625,2.71428571428571,1.5,1,1,1,1,1,1,"In","In","ingroup","ingroup",0,0,0,1,0,1,"In","In",,0,0,0,0,0,0,0,0,0,"Victim__J_In__C_In",0,9,-9,"Hum_x_Hum","Hum_x_Hum__Victim","Hum_x_Hum__Reject","Hum_x_Hum__Victim__Reject",1,0,0,0,0,0,"Victim__J_In__C_In__Reject","Victim__J_In__C_In__Reject",1,0,0,0,0,0,0,0,0,0,0,0,0,0,0,0,0,0,0,0,0,0,0,0,0,0,0,"J_In__C_In",,,0,0,0,0,0,0,0,0
262,3,2,"victim",0,20,1,1,0,1,0,1,TRUE,2.17857142857143,1.71428571428571,2.625,2.71428571428571,1.5,1,1,1,1,1,1,"In","In","ingroup","ingroup",0,0,0,1,1,0,"In","In",,0,0,0,0,0,0,0,0,0,"Victim__J_In__C_In",0,-9,9,"Hum_x_Hum","Hum_x_Hum__Victim","Hum_x_Hum__Accept","Hum_x_Hum__Victim__Accept",1,0,0,0,0,0,"Victim__J_In__C_In__Accept","Victim__J_In__C_In__Accept",1,0,0,0,0,0,0,0,0,0,0,0,0,0,0,0,0,0,0,0,0,0,0,0,0,0,0,"J_In__C_In",,,0,0,0,0,0,0,0,0
262,4,1,"victim",0,20,1,1,0,1,0,1,TRUE,2.17857142857143,1.71428571428571,2.625,2.71428571428571,1.5,1,2,1,2,1,1,"Out","In","outgroup","ingroup",1,0,0,0,1,0,"Out","In",,1,0,0,0,1,0,0,0,0,"Victim__J_Out__C_In",0,-9,9,"Hum_x_Ing","Hum_x_Ing__Victim","Hum_x_Ing__Accept","Hum_x_Ing__Victim__Accept",0,1,0,0,0,0,"Victim__J_Out__C_In__Accept","Victim__J_Out__C_In__Accept",0,1,0,0,0,0,0,0,0,0,0,0,0,0,0,0,0,0,0,0,0,0,0,0,0,0,0,"J_Out__C_In",,,1,0,0,0,0,0,0,0
262,4,2,"victim",0,20,1,1,0,1,0,1,TRUE,2.17857142857143,1.71428571428571,2.625,2.71428571428571,1.5,1,2,1,1,2,1,"Out","In","ingroup","outgroup",0,0,0,1,0,1,"In","Out",,1,0,0,0,0,0,1,0,0,"Victim__J_In__C_Out",0,9,-9,"Hum_x_Hum","Hum_x_Hum__Victim","Hum_x_Hum__Reject","Hum_x_Hum__Victim__Reject",1,0,0,0,0,0,"Victim__J_In__C_Out__Reject","Victim__J_In__C_Out__Reject",0,0,0,1,0,0,0,0,0,0,0,0,0,0,0,0,0,0,0,0,0,0,0,0,0,0,0,"J_In__C_Out",,,0,0,1,0,0,0,0,0
262,5,1,"victim",0,20,1,1,0,1,0,1,TRUE,2.17857142857143,1.71428571428571,2.625,2.71428571428571,1.5,1,1,3,1,3,1,"In","Cont","ingroup","control",0,0,0,1,1,0,"In","Cont",,0,0,0,1,0,0,0,1,0,"Victim__J_In__C_Cont",1,-9,9,"Hum_x_Hum","Hum_x_Hum__Victim","Hum_x_Hum__Accept","Hum_x_Hum__Victim__Accept",1,0,0,0,0,0,"Victim__J_In__C_Cont__Accept","Victim__J_In__C_Cont__Accept",0,0,0,0,0,0,1,0,0,0,0,0,0,0,0,0,0,0,0,0,0,0,0,0,0,0,0,"J_In__C_Cont",,,0,0,0,0,0,1,0,0
262,5,2,"victim",0,20,1,1,0,1,0,1,TRUE,2.17857142857143,1.71428571428571,2.625,2.71428571428571,1.5,1,1,3,3,1,1,"In","Cont","control","ingroup",0,1,0,,0,1,"Cont","In",,0,0,0,1,0,1,0,0,0,"Victim__J_Cont__C_In",1,9,-9,"Hum_x_Control","Hum_x_Control__Victim","Hum_x_Control__Reject","Hum_x_Control__Victim__Reject",0,0,1,0,0,0,"Victim__J_Cont__C_In__Reject","Victim__J_Cont__C_In__Reject",0,0,1,0,0,0,0,0,0,0,0,0,0,0,0,0,0,0,0,0,0,0,0,0,0,0,0,"J_Cont__C_In",,,0,1,0,0,0,0,0,0
263,1,1,"victim",0,19,1,1,0,1,0,1,TRUE,2.32142857142857,2.42857142857143,2.75,2,2,1,2,1,2,1,1,"Out","In","outgroup","ingroup",1,0,0,0,1,1,"Out","In",,1,0,0,0,1,0,0,0,0,"Victim__J_Out__C_In",0,-9,9,"Hum_x_Ing","Hum_x_Ing__Victim","Hum_x_Ing__Accept","Hum_x_Ing__Victim__Accept",0,1,0,0,0,0,"Victim__J_Out__C_In__Accept","Victim__J_Out__C_In__Accept",0,1,0,0,0,0,0,0,0,0,0,0,0,0,0,0,0,0,0,0,0,0,0,0,0,0,0,"J_Out__C_In",,,1,0,0,0,0,0,0,0
263,1,2,"victim",0,19,1,1,0,1,0,1,TRUE,2.32142857142857,2.42857142857143,2.75,2,2,1,2,1,1,2,1,"Out","In","ingroup","outgroup",0,0,0,1,1,1,"In","Out",,1,0,0,0,0,0,1,0,0,"Victim__J_In__C_Out",0,-9,9,"Hum_x_Hum","Hum_x_Hum__Victim","Hum_x_Hum__Accept","Hum_x_Hum__Victim__Accept",1,0,0,0,0,0,"Victim__J_In__C_Out__Accept","Victim__J_In__C_Out__Accept",0,0,0,1,0,0,0,0,0,0,0,0,0,0,0,0,0,0,0,0,0,0,0,0,0,0,0,"J_In__C_Out",,,0,0,1,0,0,0,0,0
263,2,1,"victim",0,19,1,1,0,1,0,1,TRUE,2.32142857142857,2.42857142857143,2.75,2,2,1,3,3,3,3,1,"Cont","Cont","control","control",0,1,0,,0,0,"Cont","Cont",,0,1,0,1,0,1,0,1,0,"Victim__J_Cont__C_Cont",1,9,-9,"Hum_x_Control","Hum_x_Control__Victim","Hum_x_Control__Reject","Hum_x_Control__Victim__Reject",0,0,1,0,0,0,"Victim__J_Cont__C_Cont__Reject","Victim__J_Cont__C_Cont__Reject",0,0,0,0,0,0,0,0,1,0,0,0,0,0,0,0,0,0,0,0,0,0,0,0,0,0,0,"J_Cont__C_Cont",,,0,0,0,0,0,0,0,1
263,2,2,"victim",0,19,1,1,0,1,0,1,TRUE,2.32142857142857,2.42857142857143,2.75,2,2,1,3,3,3,3,1,"Cont","Cont","control","control",0,1,0,,0,0,"Cont","Cont",,0,1,0,1,0,1,0,1,0,"Victim__J_Cont__C_Cont",1,9,-9,"Hum_x_Control","Hum_x_Control__Victim","Hum_x_Control__Reject","Hum_x_Control__Victim__Reject",0,0,1,0,0,0,"Victim__J_Cont__C_Cont__Reject","Victim__J_Cont__C_Cont__Reject",0,0,0,0,0,0,0,0,1,0,0,0,0,0,0,0,0,0,0,0,0,0,0,0,0,0,0,"J_Cont__C_Cont",,,0,0,0,0,0,0,0,1
263,3,1,"victim",0,19,1,1,0,1,0,1,TRUE,2.32142857142857,2.42857142857143,2.75,2,2,1,2,2,2,2,1,"Out","Out","outgroup","outgroup",1,0,0,0,1,1,"Out","Out",,1,0,1,0,1,0,1,0,0,"Victim__J_Out__C_Out",0,-9,9,"Hum_x_Ing","Hum_x_Ing__Victim","Hum_x_Ing__Accept","Hum_x_Ing__Victim__Accept",0,1,0,0,0,0,"Victim__J_Out__C_Out__Accept","Victim__J_Out__C_Out__Accept",0,0,0,0,1,0,0,0,0,0,0,0,0,0,0,0,0,0,0,0,0,0,0,0,0,0,0,"J_Out__C_Out",,,0,0,0,1,0,0,0,0
263,3,2,"victim",0,19,1,1,0,1,0,1,TRUE,2.32142857142857,2.42857142857143,2.75,2,2,1,2,2,2,2,1,"Out","Out","outgroup","outgroup",1,0,0,0,1,1,"Out","Out",,1,0,1,0,1,0,1,0,0,"Victim__J_Out__C_Out",0,-9,9,"Hum_x_Ing","Hum_x_Ing__Victim","Hum_x_Ing__Accept","Hum_x_Ing__Victim__Accept",0,1,0,0,0,0,"Victim__J_Out__C_Out__Accept","Victim__J_Out__C_Out__Accept",0,0,0,0,1,0,0,0,0,0,0,0,0,0,0,0,0,0,0,0,0,0,0,0,0,0,0,"J_Out__C_Out",,,0,0,0,1,0,0,0,0
263,4,1,"victim",0,19,1,1,0,1,0,1,TRUE,2.32142857142857,2.42857142857143,2.75,2,2,1,1,2,1,2,1,"In","Out","ingroup","outgroup",0,0,0,1,1,0,"In","Out",,0,0,1,0,0,0,1,0,0,"Victim__J_In__C_Out",0,-9,9,"Hum_x_Hum","Hum_x_Hum__Victim","Hum_x_Hum__Accept","Hum_x_Hum__Victim__Accept",1,0,0,0,0,0,"Victim__J_In__C_Out__Accept","Victim__J_In__C_Out__Accept",0,0,0,1,0,0,0,0,0,0,0,0,0,0,0,0,0,0,0,0,0,0,0,0,0,0,0,"J_In__C_Out",,,0,0,1,0,0,0,0,0
263,4,2,"victim",0,19,1,1,0,1,0,1,TRUE,2.32142857142857,2.42857142857143,2.75,2,2,1,1,2,2,1,1,"In","Out","outgroup","ingroup",1,0,0,0,0,1,"Out","In",,0,0,1,0,1,0,0,0,0,"Victim__J_Out__C_In",0,9,-9,"Hum_x_Ing","Hum_x_Ing__Victim","Hum_x_Ing__Reject","Hum_x_Ing__Victim__Reject",0,1,0,0,0,0,"Victim__J_Out__C_In__Reject","Victim__J_Out__C_In__Reject",0,1,0,0,0,0,0,0,0,0,0,0,0,0,0,0,0,0,0,0,0,0,0,0,0,0,0,"J_Out__C_In",,,1,0,0,0,0,0,0,0
263,5,1,"victim",0,19,1,1,0,1,0,1,TRUE,2.32142857142857,2.42857142857143,2.75,2,2,1,1,1,1,1,1,"In","In","ingroup","ingroup",0,0,0,1,0,1,"In","In",,0,0,0,0,0,0,0,0,0,"Victim__J_In__C_In",0,9,-9,"Hum_x_Hum","Hum_x_Hum__Victim","Hum_x_Hum__Reject","Hum_x_Hum__Victim__Reject",1,0,0,0,0,0,"Victim__J_In__C_In__Reject","Victim__J_In__C_In__Reject",1,0,0,0,0,0,0,0,0,0,0,0,0,0,0,0,0,0,0,0,0,0,0,0,0,0,0,"J_In__C_In",,,0,0,0,0,0,0,0,0
263,5,2,"victim",0,19,1,1,0,1,0,1,TRUE,2.32142857142857,2.42857142857143,2.75,2,2,1,1,1,1,1,1,"In","In","ingroup","ingroup",0,0,0,1,1,0,"In","In",,0,0,0,0,0,0,0,0,0,"Victim__J_In__C_In",0,-9,9,"Hum_x_Hum","Hum_x_Hum__Victim","Hum_x_Hum__Accept","Hum_x_Hum__Victim__Accept",1,0,0,0,0,0,"Victim__J_In__C_In__Accept","Victim__J_In__C_In__Accept",1,0,0,0,0,0,0,0,0,0,0,0,0,0,0,0,0,0,0,0,0,0,0,0,0,0,0,"J_In__C_In",,,0,0,0,0,0,0,0,0
264,6,1,"victim",0,19,4,2,1,2,1,2,TRUE,2.64285714285714,2.57142857142857,2.5,3.42857142857143,2,2,2,3,2,3,2,"In","Cont","ingroup","control",0,0,0,1,0,1,"In","Cont",,0,0,0,1,0,0,0,1,0,"Victim__J_In__C_Cont",1,9,-9,"Ing_x_Ing","Ing_x_Ing__Victim","Ing_x_Ing__Reject","Ing_x_Ing__Victim__Reject",0,0,0,0,1,0,"Victim__J_In__C_Cont__Reject","Victim__J_In__C_Cont__Reject",0,0,0,0,0,0,1,0,0,0,0,0,0,0,0,0,0,0,0,0,0,0,0,0,0,0,0,"J_In__C_Cont",,,0,0,0,0,0,1,0,0
264,6,2,"victim",0,19,4,2,1,2,1,2,TRUE,2.64285714285714,2.57142857142857,2.5,3.42857142857143,2,2,2,3,3,2,2,"In","Cont","control","ingroup",0,1,0,,1,0,"Cont","In",,0,0,0,1,0,1,0,0,0,"Victim__J_Cont__C_In",1,7,-7,"Ing_x_Control","Ing_x_Control__Victim","Ing_x_Control__Accept","Ing_x_Control__Victim__Accept",0,0,0,0,0,1,"Victim__J_Cont__C_In__Accept","Victim__J_Cont__C_In__Accept",0,0,1,0,0,0,0,0,0,0,0,0,0,0,0,0,0,0,0,0,0,0,0,0,0,0,0,"J_Cont__C_In",,,0,1,0,0,0,0,0,0
264,7,1,"victim",0,19,4,2,1,2,1,2,TRUE,2.64285714285714,2.57142857142857,2.5,3.42857142857143,2,2,3,1,3,1,2,"Cont","Out","control","outgroup",0,1,0,,1,0,"Cont","Out",,0,1,1,0,0,1,1,0,0,"Victim__J_Cont__C_Out",1,7,-7,"Ing_x_Control","Ing_x_Control__Victim","Ing_x_Control__Accept","Ing_x_Control__Victim__Accept",0,0,0,0,0,1,"Victim__J_Cont__C_Out__Accept","Victim__J_Cont__C_Out__Accept",0,0,0,0,0,1,0,0,0,0,0,0,0,0,0,0,0,0,0,0,0,0,0,0,0,0,0,"J_Cont__C_Out",,,0,0,0,0,1,0,0,0
264,7,2,"victim",0,19,4,2,1,2,1,2,TRUE,2.64285714285714,2.57142857142857,2.5,3.42857142857143,2,2,3,1,1,3,2,"Cont","Out","outgroup","control",1,0,0,0,0,1,"Out","Cont",,0,1,1,0,1,0,0,1,0,"Victim__J_Out__C_Cont",1,9,-9,"Ing_x_Hum","Ing_x_Hum__Victim","Ing_x_Hum__Reject","Ing_x_Hum__Victim__Reject",0,0,0,1,0,0,"Victim__J_Out__C_Cont__Reject","Victim__J_Out__C_Cont__Reject",0,0,0,0,0,0,0,1,0,0,0,0,0,0,0,0,0,0,0,0,0,0,0,0,0,0,0,"J_Out__C_Cont",,,0,0,0,0,0,0,1,0
264,8,1,"victim",0,19,4,2,1,2,1,2,TRUE,2.64285714285714,2.57142857142857,2.5,3.42857142857143,2,2,2,1,2,1,2,"In","Out","ingroup","outgroup",0,0,0,1,1,0,"In","Out",,0,0,1,0,0,0,1,0,0,"Victim__J_In__C_Out",0,7,-7,"Ing_x_Ing","Ing_x_Ing__Victim","Ing_x_Ing__Accept","Ing_x_Ing__Victim__Accept",0,0,0,0,1,0,"Victim__J_In__C_Out__Accept","Victim__J_In__C_Out__Accept",0,0,0,1,0,0,0,0,0,0,0,0,0,0,0,0,0,0,0,0,0,0,0,0,0,0,0,"J_In__C_Out",,,0,0,1,0,0,0,0,0
264,8,2,"victim",0,19,4,2,1,2,1,2,TRUE,2.64285714285714,2.57142857142857,2.5,3.42857142857143,2,2,2,1,1,2,2,"In","Out","outgroup","ingroup",1,0,0,0,0,1,"Out","In",,0,0,1,0,1,0,0,0,0,"Victim__J_Out__C_In",0,9,-9,"Ing_x_Hum","Ing_x_Hum__Victim","Ing_x_Hum__Reject","Ing_x_Hum__Victim__Reject",0,0,0,1,0,0,"Victim__J_Out__C_In__Reject","Victim__J_Out__C_In__Reject",0,1,0,0,0,0,0,0,0,0,0,0,0,0,0,0,0,0,0,0,0,0,0,0,0,0,0,"J_Out__C_In",,,1,0,0,0,0,0,0,0
264,9,1,"victim",0,19,4,2,1,2,1,2,TRUE,2.64285714285714,2.57142857142857,2.5,3.42857142857143,2,2,3,2,3,2,2,"Cont","In","control","ingroup",0,1,0,,1,1,"Cont","In",,0,1,0,0,0,1,0,0,0,"Victim__J_Cont__C_In",1,7,-7,"Ing_x_Control","Ing_x_Control__Victim","Ing_x_Control__Accept","Ing_x_Control__Victim__Accept",0,0,0,0,0,1,"Victim__J_Cont__C_In__Accept","Victim__J_Cont__C_In__Accept",0,0,1,0,0,0,0,0,0,0,0,0,0,0,0,0,0,0,0,0,0,0,0,0,0,0,0,"J_Cont__C_In",,,0,1,0,0,0,0,0,0
264,9,2,"victim",0,19,4,2,1,2,1,2,TRUE,2.64285714285714,2.57142857142857,2.5,3.42857142857143,2,2,3,2,2,3,2,"Cont","In","ingroup","control",0,0,0,1,1,1,"In","Cont",,0,1,0,0,0,0,0,1,0,"Victim__J_In__C_Cont",1,7,-7,"Ing_x_Ing","Ing_x_Ing__Victim","Ing_x_Ing__Accept","Ing_x_Ing__Victim__Accept",0,0,0,0,1,0,"Victim__J_In__C_Cont__Accept","Victim__J_In__C_Cont__Accept",0,0,0,0,0,0,1,0,0,0,0,0,0,0,0,0,0,0,0,0,0,0,0,0,0,0,0,"J_In__C_Cont",,,0,0,0,0,0,1,0,0
264,10,1,"victim",0,19,4,2,1,2,1,2,TRUE,2.64285714285714,2.57142857142857,2.5,3.42857142857143,2,2,2,3,2,3,2,"In","Cont","ingroup","control",0,0,0,1,1,1,"In","Cont",,0,0,0,1,0,0,0,1,0,"Victim__J_In__C_Cont",1,7,-7,"Ing_x_Ing","Ing_x_Ing__Victim","Ing_x_Ing__Accept","Ing_x_Ing__Victim__Accept",0,0,0,0,1,0,"Victim__J_In__C_Cont__Accept","Victim__J_In__C_Cont__Accept",0,0,0,0,0,0,1,0,0,0,0,0,0,0,0,0,0,0,0,0,0,0,0,0,0,0,0,"J_In__C_Cont",,,0,0,0,0,0,1,0,0
264,10,2,"victim",0,19,4,2,1,2,1,2,TRUE,2.64285714285714,2.57142857142857,2.5,3.42857142857143,2,2,2,3,3,2,2,"In","Cont","control","ingroup",0,1,0,,1,1,"Cont","In",,0,0,0,1,0,1,0,0,0,"Victim__J_Cont__C_In",1,7,-7,"Ing_x_Control","Ing_x_Control__Victim","Ing_x_Control__Accept","Ing_x_Control__Victim__Accept",0,0,0,0,0,1,"Victim__J_Cont__C_In__Accept","Victim__J_Cont__C_In__Accept",0,0,1,0,0,0,0,0,0,0,0,0,0,0,0,0,0,0,0,0,0,0,0,0,0,0,0,"J_Cont__C_In",,,0,1,0,0,0,0,0,0
265,6,1,"victim",0,21,1,2,1,2,1,2,TRUE,2.21428571428571,2.14285714285714,2.25,2.42857142857143,2,2,3,1,3,1,2,"Cont","Out","control","outgroup",0,1,0,,1,0,"Cont","Out",,0,1,1,0,0,1,1,0,0,"Victim__J_Cont__C_Out",1,5,-5,"Ing_x_Control","Ing_x_Control__Victim","Ing_x_Control__Accept","Ing_x_Control__Victim__Accept",0,0,0,0,0,1,"Victim__J_Cont__C_Out__Accept","Victim__J_Cont__C_Out__Accept",0,0,0,0,0,1,0,0,0,0,0,0,0,0,0,0,0,0,0,0,0,0,0,0,0,0,0,"J_Cont__C_Out",,,0,0,0,0,1,0,0,0
265,6,2,"victim",0,21,1,2,1,2,1,2,TRUE,2.21428571428571,2.14285714285714,2.25,2.42857142857143,2,2,3,1,1,3,2,"Cont","Out","outgroup","control",1,0,0,0,0,1,"Out","Cont",,0,1,1,0,1,0,0,1,0,"Victim__J_Out__C_Cont",1,5,-5,"Ing_x_Hum","Ing_x_Hum__Victim","Ing_x_Hum__Reject","Ing_x_Hum__Victim__Reject",0,0,0,1,0,0,"Victim__J_Out__C_Cont__Reject","Victim__J_Out__C_Cont__Reject",0,0,0,0,0,0,0,1,0,0,0,0,0,0,0,0,0,0,0,0,0,0,0,0,0,0,0,"J_Out__C_Cont",,,0,0,0,0,0,0,1,0
265,7,1,"victim",0,21,1,2,1,2,1,2,TRUE,2.21428571428571,2.14285714285714,2.25,2.42857142857143,2,2,3,1,3,1,2,"Cont","Out","control","outgroup",0,1,0,,1,0,"Cont","Out",,0,1,1,0,0,1,1,0,0,"Victim__J_Cont__C_Out",1,5,-5,"Ing_x_Control","Ing_x_Control__Victim","Ing_x_Control__Accept","Ing_x_Control__Victim__Accept",0,0,0,0,0,1,"Victim__J_Cont__C_Out__Accept","Victim__J_Cont__C_Out__Accept",0,0,0,0,0,1,0,0,0,0,0,0,0,0,0,0,0,0,0,0,0,0,0,0,0,0,0,"J_Cont__C_Out",,,0,0,0,0,1,0,0,0
265,7,2,"victim",0,21,1,2,1,2,1,2,TRUE,2.21428571428571,2.14285714285714,2.25,2.42857142857143,2,2,3,1,1,3,2,"Cont","Out","outgroup","control",1,0,0,0,0,1,"Out","Cont",,0,1,1,0,1,0,0,1,0,"Victim__J_Out__C_Cont",1,5,-5,"Ing_x_Hum","Ing_x_Hum__Victim","Ing_x_Hum__Reject","Ing_x_Hum__Victim__Reject",0,0,0,1,0,0,"Victim__J_Out__C_Cont__Reject","Victim__J_Out__C_Cont__Reject",0,0,0,0,0,0,0,1,0,0,0,0,0,0,0,0,0,0,0,0,0,0,0,0,0,0,0,"J_Out__C_Cont",,,0,0,0,0,0,0,1,0
265,8,1,"victim",0,21,1,2,1,2,1,2,TRUE,2.21428571428571,2.14285714285714,2.25,2.42857142857143,2,2,3,3,3,3,2,"Cont","Cont","control","control",0,1,0,,1,0,"Cont","Cont",,0,1,0,1,0,1,0,1,0,"Victim__J_Cont__C_Cont",1,4,-4,"Ing_x_Control","Ing_x_Control__Victim","Ing_x_Control__Accept","Ing_x_Control__Victim__Accept",0,0,0,0,0,1,"Victim__J_Cont__C_Cont__Accept","Victim__J_Cont__C_Cont__Accept",0,0,0,0,0,0,0,0,1,0,0,0,0,0,0,0,0,0,0,0,0,0,0,0,0,0,0,"J_Cont__C_Cont",,,0,0,0,0,0,0,0,1
265,8,2,"victim",0,21,1,2,1,2,1,2,TRUE,2.21428571428571,2.14285714285714,2.25,2.42857142857143,2,2,3,3,3,3,2,"Cont","Cont","control","control",0,1,0,,0,1,"Cont","Cont",,0,1,0,1,0,1,0,1,0,"Victim__J_Cont__C_Cont",1,4,-4,"Ing_x_Control","Ing_x_Control__Victim","Ing_x_Control__Reject","Ing_x_Control__Victim__Reject",0,0,0,0,0,1,"Victim__J_Cont__C_Cont__Reject","Victim__J_Cont__C_Cont__Reject",0,0,0,0,0,0,0,0,1,0,0,0,0,0,0,0,0,0,0,0,0,0,0,0,0,0,0,"J_Cont__C_Cont",,,0,0,0,0,0,0,0,1
265,9,1,"victim",0,21,1,2,1,2,1,2,TRUE,2.21428571428571,2.14285714285714,2.25,2.42857142857143,2,2,2,3,2,3,2,"In","Cont","ingroup","control",0,0,0,1,0,1,"In","Cont",,0,0,0,1,0,0,0,1,0,"Victim__J_In__C_Cont",1,4,-4,"Ing_x_Ing","Ing_x_Ing__Victim","Ing_x_Ing__Reject","Ing_x_Ing__Victim__Reject",0,0,0,0,1,0,"Victim__J_In__C_Cont__Reject","Victim__J_In__C_Cont__Reject",0,0,0,0,0,0,1,0,0,0,0,0,0,0,0,0,0,0,0,0,0,0,0,0,0,0,0,"J_In__C_Cont",,,0,0,0,0,0,1,0,0
265,9,2,"victim",0,21,1,2,1,2,1,2,TRUE,2.21428571428571,2.14285714285714,2.25,2.42857142857143,2,2,2,3,3,2,2,"In","Cont","control","ingroup",0,1,0,,1,0,"Cont","In",,0,0,0,1,0,1,0,0,0,"Victim__J_Cont__C_In",1,4,-4,"Ing_x_Control","Ing_x_Control__Victim","Ing_x_Control__Accept","Ing_x_Control__Victim__Accept",0,0,0,0,0,1,"Victim__J_Cont__C_In__Accept","Victim__J_Cont__C_In__Accept",0,0,1,0,0,0,0,0,0,0,0,0,0,0,0,0,0,0,0,0,0,0,0,0,0,0,0,"J_Cont__C_In",,,0,1,0,0,0,0,0,0
265,10,1,"victim",0,21,1,2,1,2,1,2,TRUE,2.21428571428571,2.14285714285714,2.25,2.42857142857143,2,2,1,2,1,2,2,"Out","In","outgroup","ingroup",1,0,0,0,0,1,"Out","In",,1,0,0,0,1,0,0,0,0,"Victim__J_Out__C_In",0,5,-5,"Ing_x_Hum","Ing_x_Hum__Victim","Ing_x_Hum__Reject","Ing_x_Hum__Victim__Reject",0,0,0,1,0,0,"Victim__J_Out__C_In__Reject","Victim__J_Out__C_In__Reject",0,1,0,0,0,0,0,0,0,0,0,0,0,0,0,0,0,0,0,0,0,0,0,0,0,0,0,"J_Out__C_In",,,1,0,0,0,0,0,0,0
265,10,2,"victim",0,21,1,2,1,2,1,2,TRUE,2.21428571428571,2.14285714285714,2.25,2.42857142857143,2,2,1,2,2,1,2,"Out","In","ingroup","outgroup",0,0,0,1,1,0,"In","Out",,1,0,0,0,0,0,1,0,0,"Victim__J_In__C_Out",0,5,-5,"Ing_x_Ing","Ing_x_Ing__Victim","Ing_x_Ing__Accept","Ing_x_Ing__Victim__Accept",0,0,0,0,1,0,"Victim__J_In__C_Out__Accept","Victim__J_In__C_Out__Accept",0,0,0,1,0,0,0,0,0,0,0,0,0,0,0,0,0,0,0,0,0,0,0,0,0,0,0,"J_In__C_Out",,,0,0,1,0,0,0,0,0
266,6,1,"victim",0,18,5,1,0,2,1,2,TRUE,2.57142857142857,2.42857142857143,3,2.71428571428571,2,2,3,1,3,1,2,"Cont","Out","control","outgroup",0,1,0,,0,0,"Cont","Out",,0,1,1,0,0,1,1,0,0,"Victim__J_Cont__C_Out",1,5,-5,"Ing_x_Control","Ing_x_Control__Victim","Ing_x_Control__Reject","Ing_x_Control__Victim__Reject",0,0,0,0,0,1,"Victim__J_Cont__C_Out__Reject","Victim__J_Cont__C_Out__Reject",0,0,0,0,0,1,0,0,0,0,0,0,0,0,0,0,0,0,0,0,0,0,0,0,0,0,0,"J_Cont__C_Out",,,0,0,0,0,1,0,0,0
266,6,2,"victim",0,18,5,1,0,2,1,2,TRUE,2.57142857142857,2.42857142857143,3,2.71428571428571,2,2,3,1,1,3,2,"Cont","Out","outgroup","control",1,0,0,0,0,0,"Out","Cont",,0,1,1,0,1,0,0,1,0,"Victim__J_Out__C_Cont",1,5,-5,"Ing_x_Hum","Ing_x_Hum__Victim","Ing_x_Hum__Reject","Ing_x_Hum__Victim__Reject",0,0,0,1,0,0,"Victim__J_Out__C_Cont__Reject","Victim__J_Out__C_Cont__Reject",0,0,0,0,0,0,0,1,0,0,0,0,0,0,0,0,0,0,0,0,0,0,0,0,0,0,0,"J_Out__C_Cont",,,0,0,0,0,0,0,1,0
266,7,1,"victim",0,18,5,1,0,2,1,2,TRUE,2.57142857142857,2.42857142857143,3,2.71428571428571,2,2,2,2,2,2,2,"In","In","ingroup","ingroup",0,0,0,1,1,1,"In","In",,0,0,0,0,0,0,0,0,0,"Victim__J_In__C_In",0,-1,1,"Ing_x_Ing","Ing_x_Ing__Victim","Ing_x_Ing__Accept","Ing_x_Ing__Victim__Accept",0,0,0,0,1,0,"Victim__J_In__C_In__Accept","Victim__J_In__C_In__Accept",1,0,0,0,0,0,0,0,0,0,0,0,0,0,0,0,0,0,0,0,0,0,0,0,0,0,0,"J_In__C_In",,,0,0,0,0,0,0,0,0
266,7,2,"victim",0,18,5,1,0,2,1,2,TRUE,2.57142857142857,2.42857142857143,3,2.71428571428571,2,2,2,2,2,2,2,"In","In","ingroup","ingroup",0,0,0,1,1,1,"In","In",,0,0,0,0,0,0,0,0,0,"Victim__J_In__C_In",0,-1,1,"Ing_x_Ing","Ing_x_Ing__Victim","Ing_x_Ing__Accept","Ing_x_Ing__Victim__Accept",0,0,0,0,1,0,"Victim__J_In__C_In__Accept","Victim__J_In__C_In__Accept",1,0,0,0,0,0,0,0,0,0,0,0,0,0,0,0,0,0,0,0,0,0,0,0,0,0,0,"J_In__C_In",,,0,0,0,0,0,0,0,0
266,8,1,"victim",0,18,5,1,0,2,1,2,TRUE,2.57142857142857,2.42857142857143,3,2.71428571428571,2,2,2,1,2,1,2,"In","Out","ingroup","outgroup",0,0,0,1,0,0,"In","Out",,0,0,1,0,0,0,1,0,0,"Victim__J_In__C_Out",0,5,-5,"Ing_x_Ing","Ing_x_Ing__Victim","Ing_x_Ing__Reject","Ing_x_Ing__Victim__Reject",0,0,0,0,1,0,"Victim__J_In__C_Out__Reject","Victim__J_In__C_Out__Reject",0,0,0,1,0,0,0,0,0,0,0,0,0,0,0,0,0,0,0,0,0,0,0,0,0,0,0,"J_In__C_Out",,,0,0,1,0,0,0,0,0
266,8,2,"victim",0,18,5,1,0,2,1,2,TRUE,2.57142857142857,2.42857142857143,3,2.71428571428571,2,2,2,1,1,2,2,"In","Out","outgroup","ingroup",1,0,0,0,0,0,"Out","In",,0,0,1,0,1,0,0,0,0,"Victim__J_Out__C_In",0,5,-5,"Ing_x_Hum","Ing_x_Hum__Victim","Ing_x_Hum__Reject","Ing_x_Hum__Victim__Reject",0,0,0,1,0,0,"Victim__J_Out__C_In__Reject","Victim__J_Out__C_In__Reject",0,1,0,0,0,0,0,0,0,0,0,0,0,0,0,0,0,0,0,0,0,0,0,0,0,0,0,"J_Out__C_In",,,1,0,0,0,0,0,0,0
266,9,1,"victim",0,18,5,1,0,2,1,2,TRUE,2.57142857142857,2.42857142857143,3,2.71428571428571,2,2,2,1,2,1,2,"In","Out","ingroup","outgroup",0,0,0,1,1,1,"In","Out",,0,0,1,0,0,0,1,0,0,"Victim__J_In__C_Out",0,-1,1,"Ing_x_Ing","Ing_x_Ing__Victim","Ing_x_Ing__Accept","Ing_x_Ing__Victim__Accept",0,0,0,0,1,0,"Victim__J_In__C_Out__Accept","Victim__J_In__C_Out__Accept",0,0,0,1,0,0,0,0,0,0,0,0,0,0,0,0,0,0,0,0,0,0,0,0,0,0,0,"J_In__C_Out",,,0,0,1,0,0,0,0,0
266,9,2,"victim",0,18,5,1,0,2,1,2,TRUE,2.57142857142857,2.42857142857143,3,2.71428571428571,2,2,2,1,1,2,2,"In","Out","outgroup","ingroup",1,0,0,0,1,1,"Out","In",,0,0,1,0,1,0,0,0,0,"Victim__J_Out__C_In",0,-1,1,"Ing_x_Hum","Ing_x_Hum__Victim","Ing_x_Hum__Accept","Ing_x_Hum__Victim__Accept",0,0,0,1,0,0,"Victim__J_Out__C_In__Accept","Victim__J_Out__C_In__Accept",0,1,0,0,0,0,0,0,0,0,0,0,0,0,0,0,0,0,0,0,0,0,0,0,0,0,0,"J_Out__C_In",,,1,0,0,0,0,0,0,0
266,10,1,"victim",0,18,5,1,0,2,1,2,TRUE,2.57142857142857,2.42857142857143,3,2.71428571428571,2,2,1,1,1,1,2,"Out","Out","outgroup","outgroup",1,0,0,0,0,0,"Out","Out",,1,0,1,0,1,0,1,0,0,"Victim__J_Out__C_Out",0,5,-5,"Ing_x_Hum","Ing_x_Hum__Victim","Ing_x_Hum__Reject","Ing_x_Hum__Victim__Reject",0,0,0,1,0,0,"Victim__J_Out__C_Out__Reject","Victim__J_Out__C_Out__Reject",0,0,0,0,1,0,0,0,0,0,0,0,0,0,0,0,0,0,0,0,0,0,0,0,0,0,0,"J_Out__C_Out",,,0,0,0,1,0,0,0,0
266,10,2,"victim",0,18,5,1,0,2,1,2,TRUE,2.57142857142857,2.42857142857143,3,2.71428571428571,2,2,1,1,1,1,2,"Out","Out","outgroup","outgroup",1,0,0,0,0,0,"Out","Out",,1,0,1,0,1,0,1,0,0,"Victim__J_Out__C_Out",0,5,-5,"Ing_x_Hum","Ing_x_Hum__Victim","Ing_x_Hum__Reject","Ing_x_Hum__Victim__Reject",0,0,0,1,0,0,"Victim__J_Out__C_Out__Reject","Victim__J_Out__C_Out__Reject",0,0,0,0,1,0,0,0,0,0,0,0,0,0,0,0,0,0,0,0,0,0,0,0,0,0,0,"J_Out__C_Out",,,0,0,0,1,0,0,0,0
267,1,1,"victim",0,19,3,1,0,1,0,1,TRUE,2.89285714285714,2.57142857142857,2.625,3.42857142857143,3,1,1,3,1,3,1,"In","Cont","ingroup","control",0,0,0,1,1,1,"In","Cont",,0,0,0,1,0,0,0,1,0,"Victim__J_In__C_Cont",1,-1,1,"Hum_x_Hum","Hum_x_Hum__Victim","Hum_x_Hum__Accept","Hum_x_Hum__Victim__Accept",1,0,0,0,0,0,"Victim__J_In__C_Cont__Accept","Victim__J_In__C_Cont__Accept",0,0,0,0,0,0,1,0,0,0,0,0,0,0,0,0,0,0,0,0,0,0,0,0,0,0,0,"J_In__C_Cont",,,0,0,0,0,0,1,0,0
267,1,2,"victim",0,19,3,1,0,1,0,1,TRUE,2.89285714285714,2.57142857142857,2.625,3.42857142857143,3,1,1,3,3,1,1,"In","Cont","control","ingroup",0,1,0,,1,1,"Cont","In",,0,0,0,1,0,1,0,0,0,"Victim__J_Cont__C_In",1,2,-2,"Hum_x_Control","Hum_x_Control__Victim","Hum_x_Control__Accept","Hum_x_Control__Victim__Accept",0,0,1,0,0,0,"Victim__J_Cont__C_In__Accept","Victim__J_Cont__C_In__Accept",0,0,1,0,0,0,0,0,0,0,0,0,0,0,0,0,0,0,0,0,0,0,0,0,0,0,0,"J_Cont__C_In",,,0,1,0,0,0,0,0,0
267,2,1,"victim",0,19,3,1,0,1,0,1,TRUE,2.89285714285714,2.57142857142857,2.625,3.42857142857143,3,1,2,2,2,2,1,"Out","Out","outgroup","outgroup",1,0,0,0,1,0,"Out","Out",,1,0,1,0,1,0,1,0,0,"Victim__J_Out__C_Out",0,-6,6,"Hum_x_Ing","Hum_x_Ing__Victim","Hum_x_Ing__Accept","Hum_x_Ing__Victim__Accept",0,1,0,0,0,0,"Victim__J_Out__C_Out__Accept","Victim__J_Out__C_Out__Accept",0,0,0,0,1,0,0,0,0,0,0,0,0,0,0,0,0,0,0,0,0,0,0,0,0,0,0,"J_Out__C_Out",,,0,0,0,1,0,0,0,0
267,2,2,"victim",0,19,3,1,0,1,0,1,TRUE,2.89285714285714,2.57142857142857,2.625,3.42857142857143,3,1,2,2,2,2,1,"Out","Out","outgroup","outgroup",1,0,0,0,0,1,"Out","Out",,1,0,1,0,1,0,1,0,0,"Victim__J_Out__C_Out",0,5,-5,"Hum_x_Ing","Hum_x_Ing__Victim","Hum_x_Ing__Reject","Hum_x_Ing__Victim__Reject",0,1,0,0,0,0,"Victim__J_Out__C_Out__Reject","Victim__J_Out__C_Out__Reject",0,0,0,0,1,0,0,0,0,0,0,0,0,0,0,0,0,0,0,0,0,0,0,0,0,0,0,"J_Out__C_Out",,,0,0,0,1,0,0,0,0
267,3,1,"victim",0,19,3,1,0,1,0,1,TRUE,2.89285714285714,2.57142857142857,2.625,3.42857142857143,3,1,3,1,3,1,1,"Cont","In","control","ingroup",0,1,0,,1,0,"Cont","In",,0,1,0,0,0,1,0,0,0,"Victim__J_Cont__C_In",1,-3,3,"Hum_x_Control","Hum_x_Control__Victim","Hum_x_Control__Accept","Hum_x_Control__Victim__Accept",0,0,1,0,0,0,"Victim__J_Cont__C_In__Accept","Victim__J_Cont__C_In__Accept",0,0,1,0,0,0,0,0,0,0,0,0,0,0,0,0,0,0,0,0,0,0,0,0,0,0,0,"J_Cont__C_In",,,0,1,0,0,0,0,0,0
267,3,2,"victim",0,19,3,1,0,1,0,1,TRUE,2.89285714285714,2.57142857142857,2.625,3.42857142857143,3,1,3,1,1,3,1,"Cont","In","ingroup","control",0,0,0,1,0,1,"In","Cont",,0,1,0,0,0,0,0,1,0,"Victim__J_In__C_Cont",1,-2,2,"Hum_x_Hum","Hum_x_Hum__Victim","Hum_x_Hum__Reject","Hum_x_Hum__Victim__Reject",1,0,0,0,0,0,"Victim__J_In__C_Cont__Reject","Victim__J_In__C_Cont__Reject",0,0,0,0,0,0,1,0,0,0,0,0,0,0,0,0,0,0,0,0,0,0,0,0,0,0,0,"J_In__C_Cont",,,0,0,0,0,0,1,0,0
267,4,1,"victim",0,19,3,1,0,1,0,1,TRUE,2.89285714285714,2.57142857142857,2.625,3.42857142857143,3,1,2,3,2,3,1,"Out","Cont","outgroup","control",1,0,0,0,0,0,"Out","Cont",,1,0,0,1,1,0,0,1,0,"Victim__J_Out__C_Cont",1,9,-9,"Hum_x_Ing","Hum_x_Ing__Victim","Hum_x_Ing__Reject","Hum_x_Ing__Victim__Reject",0,1,0,0,0,0,"Victim__J_Out__C_Cont__Reject","Victim__J_Out__C_Cont__Reject",0,0,0,0,0,0,0,1,0,0,0,0,0,0,0,0,0,0,0,0,0,0,0,0,0,0,0,"J_Out__C_Cont",,,0,0,0,0,0,0,1,0
267,4,2,"victim",0,19,3,1,0,1,0,1,TRUE,2.89285714285714,2.57142857142857,2.625,3.42857142857143,3,1,2,3,3,2,1,"Out","Cont","control","outgroup",0,1,0,,0,0,"Cont","Out",,1,0,0,1,0,1,1,0,0,"Victim__J_Cont__C_Out",1,9,-9,"Hum_x_Control","Hum_x_Control__Victim","Hum_x_Control__Reject","Hum_x_Control__Victim__Reject",0,0,1,0,0,0,"Victim__J_Cont__C_Out__Reject","Victim__J_Cont__C_Out__Reject",0,0,0,0,0,1,0,0,0,0,0,0,0,0,0,0,0,0,0,0,0,0,0,0,0,0,0,"J_Cont__C_Out",,,0,0,0,0,1,0,0,0
267,5,1,"victim",0,19,3,1,0,1,0,1,TRUE,2.89285714285714,2.57142857142857,2.625,3.42857142857143,3,1,3,3,3,3,1,"Cont","Cont","control","control",0,1,0,,1,1,"Cont","Cont",,0,1,0,1,0,1,0,1,0,"Victim__J_Cont__C_Cont",1,-6,6,"Hum_x_Control","Hum_x_Control__Victim","Hum_x_Control__Accept","Hum_x_Control__Victim__Accept",0,0,1,0,0,0,"Victim__J_Cont__C_Cont__Accept","Victim__J_Cont__C_Cont__Accept",0,0,0,0,0,0,0,0,1,0,0,0,0,0,0,0,0,0,0,0,0,0,0,0,0,0,0,"J_Cont__C_Cont",,,0,0,0,0,0,0,0,1
267,5,2,"victim",0,19,3,1,0,1,0,1,TRUE,2.89285714285714,2.57142857142857,2.625,3.42857142857143,3,1,3,3,3,3,1,"Cont","Cont","control","control",0,1,0,,1,1,"Cont","Cont",,0,1,0,1,0,1,0,1,0,"Victim__J_Cont__C_Cont",1,-6,6,"Hum_x_Control","Hum_x_Control__Victim","Hum_x_Control__Accept","Hum_x_Control__Victim__Accept",0,0,1,0,0,0,"Victim__J_Cont__C_Cont__Accept","Victim__J_Cont__C_Cont__Accept",0,0,0,0,0,0,0,0,1,0,0,0,0,0,0,0,0,0,0,0,0,0,0,0,0,0,0,"J_Cont__C_Cont",,,0,0,0,0,0,0,0,1
268,6,1,"victim",0,19,2,2,1,1,0,2,TRUE,2.32142857142857,2.14285714285714,2.375,2.85714285714286,1.83333333333333,1,3,2,3,2,1,"Cont","Out","control","outgroup",0,1,0,,1,1,"Cont","Out",,0,1,1,0,0,1,1,0,0,"Victim__J_Cont__C_Out",1,-9,9,"Hum_x_Control","Hum_x_Control__Victim","Hum_x_Control__Accept","Hum_x_Control__Victim__Accept",0,0,1,0,0,0,"Victim__J_Cont__C_Out__Accept","Victim__J_Cont__C_Out__Accept",0,0,0,0,0,1,0,0,0,0,0,0,0,0,0,0,0,0,0,0,0,0,0,0,0,0,0,"J_Cont__C_Out",,,0,0,0,0,1,0,0,0
268,6,2,"victim",0,19,2,2,1,1,0,2,TRUE,2.32142857142857,2.14285714285714,2.375,2.85714285714286,1.83333333333333,1,3,2,2,3,1,"Cont","Out","outgroup","control",1,0,0,0,1,1,"Out","Cont",,0,1,1,0,1,0,0,1,0,"Victim__J_Out__C_Cont",1,-9,9,"Hum_x_Ing","Hum_x_Ing__Victim","Hum_x_Ing__Accept","Hum_x_Ing__Victim__Accept",0,1,0,0,0,0,"Victim__J_Out__C_Cont__Accept","Victim__J_Out__C_Cont__Accept",0,0,0,0,0,0,0,1,0,0,0,0,0,0,0,0,0,0,0,0,0,0,0,0,0,0,0,"J_Out__C_Cont",,,0,0,0,0,0,0,1,0
268,7,1,"victim",0,19,2,2,1,1,0,2,TRUE,2.32142857142857,2.14285714285714,2.375,2.85714285714286,1.83333333333333,1,2,3,2,3,1,"Out","Cont","outgroup","control",1,0,0,0,1,0,"Out","Cont",,1,0,0,1,1,0,0,1,0,"Victim__J_Out__C_Cont",1,-9,9,"Hum_x_Ing","Hum_x_Ing__Victim","Hum_x_Ing__Accept","Hum_x_Ing__Victim__Accept",0,1,0,0,0,0,"Victim__J_Out__C_Cont__Accept","Victim__J_Out__C_Cont__Accept",0,0,0,0,0,0,0,1,0,0,0,0,0,0,0,0,0,0,0,0,0,0,0,0,0,0,0,"J_Out__C_Cont",,,0,0,0,0,0,0,1,0
268,7,2,"victim",0,19,2,2,1,1,0,2,TRUE,2.32142857142857,2.14285714285714,2.375,2.85714285714286,1.83333333333333,1,2,3,3,2,1,"Out","Cont","control","outgroup",0,1,0,,0,1,"Cont","Out",,1,0,0,1,0,1,1,0,0,"Victim__J_Cont__C_Out",1,9,-9,"Hum_x_Control","Hum_x_Control__Victim","Hum_x_Control__Reject","Hum_x_Control__Victim__Reject",0,0,1,0,0,0,"Victim__J_Cont__C_Out__Reject","Victim__J_Cont__C_Out__Reject",0,0,0,0,0,1,0,0,0,0,0,0,0,0,0,0,0,0,0,0,0,0,0,0,0,0,0,"J_Cont__C_Out",,,0,0,0,0,1,0,0,0
268,8,1,"victim",0,19,2,2,1,1,0,2,TRUE,2.32142857142857,2.14285714285714,2.375,2.85714285714286,1.83333333333333,1,3,3,3,3,1,"Cont","Cont","control","control",0,1,0,,0,0,"Cont","Cont",,0,1,0,1,0,1,0,1,0,"Victim__J_Cont__C_Cont",1,9,-9,"Hum_x_Control","Hum_x_Control__Victim","Hum_x_Control__Reject","Hum_x_Control__Victim__Reject",0,0,1,0,0,0,"Victim__J_Cont__C_Cont__Reject","Victim__J_Cont__C_Cont__Reject",0,0,0,0,0,0,0,0,1,0,0,0,0,0,0,0,0,0,0,0,0,0,0,0,0,0,0,"J_Cont__C_Cont",,,0,0,0,0,0,0,0,1
268,8,2,"victim",0,19,2,2,1,1,0,2,TRUE,2.32142857142857,2.14285714285714,2.375,2.85714285714286,1.83333333333333,1,3,3,3,3,1,"Cont","Cont","control","control",0,1,0,,0,0,"Cont","Cont",,0,1,0,1,0,1,0,1,0,"Victim__J_Cont__C_Cont",1,9,-9,"Hum_x_Control","Hum_x_Control__Victim","Hum_x_Control__Reject","Hum_x_Control__Victim__Reject",0,0,1,0,0,0,"Victim__J_Cont__C_Cont__Reject","Victim__J_Cont__C_Cont__Reject",0,0,0,0,0,0,0,0,1,0,0,0,0,0,0,0,0,0,0,0,0,0,0,0,0,0,0,"J_Cont__C_Cont",,,0,0,0,0,0,0,0,1
268,9,1,"victim",0,19,2,2,1,1,0,2,TRUE,2.32142857142857,2.14285714285714,2.375,2.85714285714286,1.83333333333333,1,3,2,3,2,1,"Cont","Out","control","outgroup",0,1,0,,1,0,"Cont","Out",,0,1,1,0,0,1,1,0,0,"Victim__J_Cont__C_Out",1,-9,9,"Hum_x_Control","Hum_x_Control__Victim","Hum_x_Control__Accept","Hum_x_Control__Victim__Accept",0,0,1,0,0,0,"Victim__J_Cont__C_Out__Accept","Victim__J_Cont__C_Out__Accept",0,0,0,0,0,1,0,0,0,0,0,0,0,0,0,0,0,0,0,0,0,0,0,0,0,0,0,"J_Cont__C_Out",,,0,0,0,0,1,0,0,0
268,9,2,"victim",0,19,2,2,1,1,0,2,TRUE,2.32142857142857,2.14285714285714,2.375,2.85714285714286,1.83333333333333,1,3,2,2,3,1,"Cont","Out","outgroup","control",1,0,0,0,0,1,"Out","Cont",,0,1,1,0,1,0,0,1,0,"Victim__J_Out__C_Cont",1,9,-9,"Hum_x_Ing","Hum_x_Ing__Victim","Hum_x_Ing__Reject","Hum_x_Ing__Victim__Reject",0,1,0,0,0,0,"Victim__J_Out__C_Cont__Reject","Victim__J_Out__C_Cont__Reject",0,0,0,0,0,0,0,1,0,0,0,0,0,0,0,0,0,0,0,0,0,0,0,0,0,0,0,"J_Out__C_Cont",,,0,0,0,0,0,0,1,0
268,10,1,"victim",0,19,2,2,1,1,0,2,TRUE,2.32142857142857,2.14285714285714,2.375,2.85714285714286,1.83333333333333,1,2,3,2,3,1,"Out","Cont","outgroup","control",1,0,0,0,1,1,"Out","Cont",,1,0,0,1,1,0,0,1,0,"Victim__J_Out__C_Cont",1,-9,9,"Hum_x_Ing","Hum_x_Ing__Victim","Hum_x_Ing__Accept","Hum_x_Ing__Victim__Accept",0,1,0,0,0,0,"Victim__J_Out__C_Cont__Accept","Victim__J_Out__C_Cont__Accept",0,0,0,0,0,0,0,1,0,0,0,0,0,0,0,0,0,0,0,0,0,0,0,0,0,0,0,"J_Out__C_Cont",,,0,0,0,0,0,0,1,0
268,10,2,"victim",0,19,2,2,1,1,0,2,TRUE,2.32142857142857,2.14285714285714,2.375,2.85714285714286,1.83333333333333,1,2,3,3,2,1,"Out","Cont","control","outgroup",0,1,0,,1,1,"Cont","Out",,1,0,0,1,0,1,1,0,0,"Victim__J_Cont__C_Out",1,9,-9,"Hum_x_Control","Hum_x_Control__Victim","Hum_x_Control__Accept","Hum_x_Control__Victim__Accept",0,0,1,0,0,0,"Victim__J_Cont__C_Out__Accept","Victim__J_Cont__C_Out__Accept",0,0,0,0,0,1,0,0,0,0,0,0,0,0,0,0,0,0,0,0,0,0,0,0,0,0,0,"J_Cont__C_Out",,,0,0,0,0,1,0,0,0
269,6,1,"victim",0,18,2,1,0,2,1,2,TRUE,2.03571428571429,1.57142857142857,2.375,2,2.16666666666667,2,1,1,1,1,2,"Out","Out","outgroup","outgroup",1,0,0,0,0,0,"Out","Out",,1,0,1,0,1,0,1,0,0,"Victim__J_Out__C_Out",0,9,-9,"Ing_x_Hum","Ing_x_Hum__Victim","Ing_x_Hum__Reject","Ing_x_Hum__Victim__Reject",0,0,0,1,0,0,"Victim__J_Out__C_Out__Reject","Victim__J_Out__C_Out__Reject",0,0,0,0,1,0,0,0,0,0,0,0,0,0,0,0,0,0,0,0,0,0,0,0,0,0,0,"J_Out__C_Out",,,0,0,0,1,0,0,0,0
269,6,2,"victim",0,18,2,1,0,2,1,2,TRUE,2.03571428571429,1.57142857142857,2.375,2,2.16666666666667,2,1,1,1,1,2,"Out","Out","outgroup","outgroup",1,0,0,0,0,0,"Out","Out",,1,0,1,0,1,0,1,0,0,"Victim__J_Out__C_Out",0,9,-9,"Ing_x_Hum","Ing_x_Hum__Victim","Ing_x_Hum__Reject","Ing_x_Hum__Victim__Reject",0,0,0,1,0,0,"Victim__J_Out__C_Out__Reject","Victim__J_Out__C_Out__Reject",0,0,0,0,1,0,0,0,0,0,0,0,0,0,0,0,0,0,0,0,0,0,0,0,0,0,0,"J_Out__C_Out",,,0,0,0,1,0,0,0,0
269,7,1,"victim",0,18,2,1,0,2,1,2,TRUE,2.03571428571429,1.57142857142857,2.375,2,2.16666666666667,2,1,3,1,3,2,"Out","Cont","outgroup","control",1,0,0,0,1,0,"Out","Cont",,1,0,0,1,1,0,0,1,0,"Victim__J_Out__C_Cont",1,-9,9,"Ing_x_Hum","Ing_x_Hum__Victim","Ing_x_Hum__Accept","Ing_x_Hum__Victim__Accept",0,0,0,1,0,0,"Victim__J_Out__C_Cont__Accept","Victim__J_Out__C_Cont__Accept",0,0,0,0,0,0,0,1,0,0,0,0,0,0,0,0,0,0,0,0,0,0,0,0,0,0,0,"J_Out__C_Cont",,,0,0,0,0,0,0,1,0
269,7,2,"victim",0,18,2,1,0,2,1,2,TRUE,2.03571428571429,1.57142857142857,2.375,2,2.16666666666667,2,1,3,3,1,2,"Out","Cont","control","outgroup",0,1,0,,0,1,"Cont","Out",,1,0,0,1,0,1,1,0,0,"Victim__J_Cont__C_Out",1,9,-9,"Ing_x_Control","Ing_x_Control__Victim","Ing_x_Control__Reject","Ing_x_Control__Victim__Reject",0,0,0,0,0,1,"Victim__J_Cont__C_Out__Reject","Victim__J_Cont__C_Out__Reject",0,0,0,0,0,1,0,0,0,0,0,0,0,0,0,0,0,0,0,0,0,0,0,0,0,0,0,"J_Cont__C_Out",,,0,0,0,0,1,0,0,0
269,8,1,"victim",0,18,2,1,0,2,1,2,TRUE,2.03571428571429,1.57142857142857,2.375,2,2.16666666666667,2,1,3,1,3,2,"Out","Cont","outgroup","control",1,0,0,0,1,0,"Out","Cont",,1,0,0,1,1,0,0,1,0,"Victim__J_Out__C_Cont",1,-9,9,"Ing_x_Hum","Ing_x_Hum__Victim","Ing_x_Hum__Accept","Ing_x_Hum__Victim__Accept",0,0,0,1,0,0,"Victim__J_Out__C_Cont__Accept","Victim__J_Out__C_Cont__Accept",0,0,0,0,0,0,0,1,0,0,0,0,0,0,0,0,0,0,0,0,0,0,0,0,0,0,0,"J_Out__C_Cont",,,0,0,0,0,0,0,1,0
269,8,2,"victim",0,18,2,1,0,2,1,2,TRUE,2.03571428571429,1.57142857142857,2.375,2,2.16666666666667,2,1,3,3,1,2,"Out","Cont","control","outgroup",0,1,0,,0,1,"Cont","Out",,1,0,0,1,0,1,1,0,0,"Victim__J_Cont__C_Out",1,9,-9,"Ing_x_Control","Ing_x_Control__Victim","Ing_x_Control__Reject","Ing_x_Control__Victim__Reject",0,0,0,0,0,1,"Victim__J_Cont__C_Out__Reject","Victim__J_Cont__C_Out__Reject",0,0,0,0,0,1,0,0,0,0,0,0,0,0,0,0,0,0,0,0,0,0,0,0,0,0,0,"J_Cont__C_Out",,,0,0,0,0,1,0,0,0
269,9,1,"victim",0,18,2,1,0,2,1,2,TRUE,2.03571428571429,1.57142857142857,2.375,2,2.16666666666667,2,3,1,3,1,2,"Cont","Out","control","outgroup",0,1,0,,0,1,"Cont","Out",,0,1,1,0,0,1,1,0,0,"Victim__J_Cont__C_Out",1,9,-9,"Ing_x_Control","Ing_x_Control__Victim","Ing_x_Control__Reject","Ing_x_Control__Victim__Reject",0,0,0,0,0,1,"Victim__J_Cont__C_Out__Reject","Victim__J_Cont__C_Out__Reject",0,0,0,0,0,1,0,0,0,0,0,0,0,0,0,0,0,0,0,0,0,0,0,0,0,0,0,"J_Cont__C_Out",,,0,0,0,0,1,0,0,0
269,9,2,"victim",0,18,2,1,0,2,1,2,TRUE,2.03571428571429,1.57142857142857,2.375,2,2.16666666666667,2,3,1,1,3,2,"Cont","Out","outgroup","control",1,0,0,0,1,0,"Out","Cont",,0,1,1,0,1,0,0,1,0,"Victim__J_Out__C_Cont",1,-9,9,"Ing_x_Hum","Ing_x_Hum__Victim","Ing_x_Hum__Accept","Ing_x_Hum__Victim__Accept",0,0,0,1,0,0,"Victim__J_Out__C_Cont__Accept","Victim__J_Out__C_Cont__Accept",0,0,0,0,0,0,0,1,0,0,0,0,0,0,0,0,0,0,0,0,0,0,0,0,0,0,0,"J_Out__C_Cont",,,0,0,0,0,0,0,1,0
269,10,1,"victim",0,18,2,1,0,2,1,2,TRUE,2.03571428571429,1.57142857142857,2.375,2,2.16666666666667,2,2,1,2,1,2,"In","Out","ingroup","outgroup",0,0,0,1,1,1,"In","Out",,0,0,1,0,0,0,1,0,0,"Victim__J_In__C_Out",0,-9,9,"Ing_x_Ing","Ing_x_Ing__Victim","Ing_x_Ing__Accept","Ing_x_Ing__Victim__Accept",0,0,0,0,1,0,"Victim__J_In__C_Out__Accept","Victim__J_In__C_Out__Accept",0,0,0,1,0,0,0,0,0,0,0,0,0,0,0,0,0,0,0,0,0,0,0,0,0,0,0,"J_In__C_Out",,,0,0,1,0,0,0,0,0
269,10,2,"victim",0,18,2,1,0,2,1,2,TRUE,2.03571428571429,1.57142857142857,2.375,2,2.16666666666667,2,2,1,1,2,2,"In","Out","outgroup","ingroup",1,0,0,0,1,1,"Out","In",,0,0,1,0,1,0,0,0,0,"Victim__J_Out__C_In",0,-9,9,"Ing_x_Hum","Ing_x_Hum__Victim","Ing_x_Hum__Accept","Ing_x_Hum__Victim__Accept",0,0,0,1,0,0,"Victim__J_Out__C_In__Accept","Victim__J_Out__C_In__Accept",0,1,0,0,0,0,0,0,0,0,0,0,0,0,0,0,0,0,0,0,0,0,0,0,0,0,0,"J_Out__C_In",,,1,0,0,0,0,0,0,0
270,1,1,"victim",0,19,2,1,0,2,1,1,TRUE,2.32142857142857,1.71428571428571,3.125,1.85714285714286,2.5,2,3,1,3,1,2,"Cont","Out","control","outgroup",0,1,0,,0,0,"Cont","Out",,0,1,1,0,0,1,1,0,0,"Victim__J_Cont__C_Out",1,9,-9,"Ing_x_Control","Ing_x_Control__Victim","Ing_x_Control__Reject","Ing_x_Control__Victim__Reject",0,0,0,0,0,1,"Victim__J_Cont__C_Out__Reject","Victim__J_Cont__C_Out__Reject",0,0,0,0,0,1,0,0,0,0,0,0,0,0,0,0,0,0,0,0,0,0,0,0,0,0,0,"J_Cont__C_Out",,,0,0,0,0,1,0,0,0
270,1,2,"victim",0,19,2,1,0,2,1,1,TRUE,2.32142857142857,1.71428571428571,3.125,1.85714285714286,2.5,2,3,1,1,3,2,"Cont","Out","outgroup","control",1,0,0,0,0,0,"Out","Cont",,0,1,1,0,1,0,0,1,0,"Victim__J_Out__C_Cont",1,9,-9,"Ing_x_Hum","Ing_x_Hum__Victim","Ing_x_Hum__Reject","Ing_x_Hum__Victim__Reject",0,0,0,1,0,0,"Victim__J_Out__C_Cont__Reject","Victim__J_Out__C_Cont__Reject",0,0,0,0,0,0,0,1,0,0,0,0,0,0,0,0,0,0,0,0,0,0,0,0,0,0,0,"J_Out__C_Cont",,,0,0,0,0,0,0,1,0
270,2,1,"victim",0,19,2,1,0,2,1,1,TRUE,2.32142857142857,1.71428571428571,3.125,1.85714285714286,2.5,2,3,1,3,1,2,"Cont","Out","control","outgroup",0,1,0,,1,0,"Cont","Out",,0,1,1,0,0,1,1,0,0,"Victim__J_Cont__C_Out",1,0,0,"Ing_x_Control","Ing_x_Control__Victim","Ing_x_Control__Accept","Ing_x_Control__Victim__Accept",0,0,0,0,0,1,"Victim__J_Cont__C_Out__Accept","Victim__J_Cont__C_Out__Accept",0,0,0,0,0,1,0,0,0,0,0,0,0,0,0,0,0,0,0,0,0,0,0,0,0,0,0,"J_Cont__C_Out",,,0,0,0,0,1,0,0,0
270,2,2,"victim",0,19,2,1,0,2,1,1,TRUE,2.32142857142857,1.71428571428571,3.125,1.85714285714286,2.5,2,3,1,1,3,2,"Cont","Out","outgroup","control",1,0,0,0,0,1,"Out","Cont",,0,1,1,0,1,0,0,1,0,"Victim__J_Out__C_Cont",1,8,-8,"Ing_x_Hum","Ing_x_Hum__Victim","Ing_x_Hum__Reject","Ing_x_Hum__Victim__Reject",0,0,0,1,0,0,"Victim__J_Out__C_Cont__Reject","Victim__J_Out__C_Cont__Reject",0,0,0,0,0,0,0,1,0,0,0,0,0,0,0,0,0,0,0,0,0,0,0,0,0,0,0,"J_Out__C_Cont",,,0,0,0,0,0,0,1,0
270,3,1,"victim",0,19,2,1,0,2,1,1,TRUE,2.32142857142857,1.71428571428571,3.125,1.85714285714286,2.5,2,1,1,1,1,2,"Out","Out","outgroup","outgroup",1,0,0,0,0,0,"Out","Out",,1,0,1,0,1,0,1,0,0,"Victim__J_Out__C_Out",0,8,-8,"Ing_x_Hum","Ing_x_Hum__Victim","Ing_x_Hum__Reject","Ing_x_Hum__Victim__Reject",0,0,0,1,0,0,"Victim__J_Out__C_Out__Reject","Victim__J_Out__C_Out__Reject",0,0,0,0,1,0,0,0,0,0,0,0,0,0,0,0,0,0,0,0,0,0,0,0,0,0,0,"J_Out__C_Out",,,0,0,0,1,0,0,0,0
270,3,2,"victim",0,19,2,1,0,2,1,1,TRUE,2.32142857142857,1.71428571428571,3.125,1.85714285714286,2.5,2,1,1,1,1,2,"Out","Out","outgroup","outgroup",1,0,0,0,0,0,"Out","Out",,1,0,1,0,1,0,1,0,0,"Victim__J_Out__C_Out",0,8,-8,"Ing_x_Hum","Ing_x_Hum__Victim","Ing_x_Hum__Reject","Ing_x_Hum__Victim__Reject",0,0,0,1,0,0,"Victim__J_Out__C_Out__Reject","Victim__J_Out__C_Out__Reject",0,0,0,0,1,0,0,0,0,0,0,0,0,0,0,0,0,0,0,0,0,0,0,0,0,0,0,"J_Out__C_Out",,,0,0,0,1,0,0,0,0
270,4,1,"victim",0,19,2,1,0,2,1,1,TRUE,2.32142857142857,1.71428571428571,3.125,1.85714285714286,2.5,2,3,1,3,1,2,"Cont","Out","control","outgroup",0,1,0,,0,0,"Cont","Out",,0,1,1,0,0,1,1,0,0,"Victim__J_Cont__C_Out",1,9,-9,"Ing_x_Control","Ing_x_Control__Victim","Ing_x_Control__Reject","Ing_x_Control__Victim__Reject",0,0,0,0,0,1,"Victim__J_Cont__C_Out__Reject","Victim__J_Cont__C_Out__Reject",0,0,0,0,0,1,0,0,0,0,0,0,0,0,0,0,0,0,0,0,0,0,0,0,0,0,0,"J_Cont__C_Out",,,0,0,0,0,1,0,0,0
270,4,2,"victim",0,19,2,1,0,2,1,1,TRUE,2.32142857142857,1.71428571428571,3.125,1.85714285714286,2.5,2,3,1,1,3,2,"Cont","Out","outgroup","control",1,0,0,0,0,0,"Out","Cont",,0,1,1,0,1,0,0,1,0,"Victim__J_Out__C_Cont",1,9,-9,"Ing_x_Hum","Ing_x_Hum__Victim","Ing_x_Hum__Reject","Ing_x_Hum__Victim__Reject",0,0,0,1,0,0,"Victim__J_Out__C_Cont__Reject","Victim__J_Out__C_Cont__Reject",0,0,0,0,0,0,0,1,0,0,0,0,0,0,0,0,0,0,0,0,0,0,0,0,0,0,0,"J_Out__C_Cont",,,0,0,0,0,0,0,1,0
270,5,1,"victim",0,19,2,1,0,2,1,1,TRUE,2.32142857142857,1.71428571428571,3.125,1.85714285714286,2.5,2,1,3,1,3,2,"Out","Cont","outgroup","control",1,0,0,0,1,0,"Out","Cont",,1,0,0,1,1,0,0,1,0,"Victim__J_Out__C_Cont",1,-4,4,"Ing_x_Hum","Ing_x_Hum__Victim","Ing_x_Hum__Accept","Ing_x_Hum__Victim__Accept",0,0,0,1,0,0,"Victim__J_Out__C_Cont__Accept","Victim__J_Out__C_Cont__Accept",0,0,0,0,0,0,0,1,0,0,0,0,0,0,0,0,0,0,0,0,0,0,0,0,0,0,0,"J_Out__C_Cont",,,0,0,0,0,0,0,1,0
270,5,2,"victim",0,19,2,1,0,2,1,1,TRUE,2.32142857142857,1.71428571428571,3.125,1.85714285714286,2.5,2,1,3,3,1,2,"Out","Cont","control","outgroup",0,1,0,,0,1,"Cont","Out",,1,0,0,1,0,1,1,0,0,"Victim__J_Cont__C_Out",1,9,-9,"Ing_x_Control","Ing_x_Control__Victim","Ing_x_Control__Reject","Ing_x_Control__Victim__Reject",0,0,0,0,0,1,"Victim__J_Cont__C_Out__Reject","Victim__J_Cont__C_Out__Reject",0,0,0,0,0,1,0,0,0,0,0,0,0,0,0,0,0,0,0,0,0,0,0,0,0,0,0,"J_Cont__C_Out",,,0,0,0,0,1,0,0,0
271,6,1,"victim",0,19,2,2,1,2,1,2,TRUE,2.17857142857143,2,2.375,2.14285714285714,2.16666666666667,2,3,1,3,1,2,"Cont","Out","control","outgroup",0,1,0,,1,0,"Cont","Out",,0,1,1,0,0,1,1,0,0,"Victim__J_Cont__C_Out",1,-6,6,"Ing_x_Control","Ing_x_Control__Victim","Ing_x_Control__Accept","Ing_x_Control__Victim__Accept",0,0,0,0,0,1,"Victim__J_Cont__C_Out__Accept","Victim__J_Cont__C_Out__Accept",0,0,0,0,0,1,0,0,0,0,0,0,0,0,0,0,0,0,0,0,0,0,0,0,0,0,0,"J_Cont__C_Out",,,0,0,0,0,1,0,0,0
271,6,2,"victim",0,19,2,2,1,2,1,2,TRUE,2.17857142857143,2,2.375,2.14285714285714,2.16666666666667,2,3,1,1,3,2,"Cont","Out","outgroup","control",1,0,0,0,0,1,"Out","Cont",,0,1,1,0,1,0,0,1,0,"Victim__J_Out__C_Cont",1,7,-7,"Ing_x_Hum","Ing_x_Hum__Victim","Ing_x_Hum__Reject","Ing_x_Hum__Victim__Reject",0,0,0,1,0,0,"Victim__J_Out__C_Cont__Reject","Victim__J_Out__C_Cont__Reject",0,0,0,0,0,0,0,1,0,0,0,0,0,0,0,0,0,0,0,0,0,0,0,0,0,0,0,"J_Out__C_Cont",,,0,0,0,0,0,0,1,0
271,7,1,"victim",0,19,2,2,1,2,1,2,TRUE,2.17857142857143,2,2.375,2.14285714285714,2.16666666666667,2,1,2,1,2,2,"Out","In","outgroup","ingroup",1,0,0,0,0,0,"Out","In",,1,0,0,0,1,0,0,0,0,"Victim__J_Out__C_In",0,8,-8,"Ing_x_Hum","Ing_x_Hum__Victim","Ing_x_Hum__Reject","Ing_x_Hum__Victim__Reject",0,0,0,1,0,0,"Victim__J_Out__C_In__Reject","Victim__J_Out__C_In__Reject",0,1,0,0,0,0,0,0,0,0,0,0,0,0,0,0,0,0,0,0,0,0,0,0,0,0,0,"J_Out__C_In",,,1,0,0,0,0,0,0,0
271,7,2,"victim",0,19,2,2,1,2,1,2,TRUE,2.17857142857143,2,2.375,2.14285714285714,2.16666666666667,2,1,2,2,1,2,"Out","In","ingroup","outgroup",0,0,0,1,0,0,"In","Out",,1,0,0,0,0,0,1,0,0,"Victim__J_In__C_Out",0,8,-8,"Ing_x_Ing","Ing_x_Ing__Victim","Ing_x_Ing__Reject","Ing_x_Ing__Victim__Reject",0,0,0,0,1,0,"Victim__J_In__C_Out__Reject","Victim__J_In__C_Out__Reject",0,0,0,1,0,0,0,0,0,0,0,0,0,0,0,0,0,0,0,0,0,0,0,0,0,0,0,"J_In__C_Out",,,0,0,1,0,0,0,0,0
271,8,1,"victim",0,19,2,2,1,2,1,2,TRUE,2.17857142857143,2,2.375,2.14285714285714,2.16666666666667,2,1,1,1,1,2,"Out","Out","outgroup","outgroup",1,0,0,0,0,0,"Out","Out",,1,0,1,0,1,0,1,0,0,"Victim__J_Out__C_Out",0,8,-8,"Ing_x_Hum","Ing_x_Hum__Victim","Ing_x_Hum__Reject","Ing_x_Hum__Victim__Reject",0,0,0,1,0,0,"Victim__J_Out__C_Out__Reject","Victim__J_Out__C_Out__Reject",0,0,0,0,1,0,0,0,0,0,0,0,0,0,0,0,0,0,0,0,0,0,0,0,0,0,0,"J_Out__C_Out",,,0,0,0,1,0,0,0,0
271,8,2,"victim",0,19,2,2,1,2,1,2,TRUE,2.17857142857143,2,2.375,2.14285714285714,2.16666666666667,2,1,1,1,1,2,"Out","Out","outgroup","outgroup",1,0,0,0,0,0,"Out","Out",,1,0,1,0,1,0,1,0,0,"Victim__J_Out__C_Out",0,8,-8,"Ing_x_Hum","Ing_x_Hum__Victim","Ing_x_Hum__Reject","Ing_x_Hum__Victim__Reject",0,0,0,1,0,0,"Victim__J_Out__C_Out__Reject","Victim__J_Out__C_Out__Reject",0,0,0,0,1,0,0,0,0,0,0,0,0,0,0,0,0,0,0,0,0,0,0,0,0,0,0,"J_Out__C_Out",,,0,0,0,1,0,0,0,0
271,9,1,"victim",0,19,2,2,1,2,1,2,TRUE,2.17857142857143,2,2.375,2.14285714285714,2.16666666666667,2,1,1,1,1,2,"Out","Out","outgroup","outgroup",1,0,0,0,1,0,"Out","Out",,1,0,1,0,1,0,1,0,0,"Victim__J_Out__C_Out",0,-7,7,"Ing_x_Hum","Ing_x_Hum__Victim","Ing_x_Hum__Accept","Ing_x_Hum__Victim__Accept",0,0,0,1,0,0,"Victim__J_Out__C_Out__Accept","Victim__J_Out__C_Out__Accept",0,0,0,0,1,0,0,0,0,0,0,0,0,0,0,0,0,0,0,0,0,0,0,0,0,0,0,"J_Out__C_Out",,,0,0,0,1,0,0,0,0
271,9,2,"victim",0,19,2,2,1,2,1,2,TRUE,2.17857142857143,2,2.375,2.14285714285714,2.16666666666667,2,1,1,1,1,2,"Out","Out","outgroup","outgroup",1,0,0,0,0,1,"Out","Out",,1,0,1,0,1,0,1,0,0,"Victim__J_Out__C_Out",0,7,-7,"Ing_x_Hum","Ing_x_Hum__Victim","Ing_x_Hum__Reject","Ing_x_Hum__Victim__Reject",0,0,0,1,0,0,"Victim__J_Out__C_Out__Reject","Victim__J_Out__C_Out__Reject",0,0,0,0,1,0,0,0,0,0,0,0,0,0,0,0,0,0,0,0,0,0,0,0,0,0,0,"J_Out__C_Out",,,0,0,0,1,0,0,0,0
271,10,1,"victim",0,19,2,2,1,2,1,2,TRUE,2.17857142857143,2,2.375,2.14285714285714,2.16666666666667,2,1,1,1,1,2,"Out","Out","outgroup","outgroup",1,0,0,0,0,0,"Out","Out",,1,0,1,0,1,0,1,0,0,"Victim__J_Out__C_Out",0,8,-8,"Ing_x_Hum","Ing_x_Hum__Victim","Ing_x_Hum__Reject","Ing_x_Hum__Victim__Reject",0,0,0,1,0,0,"Victim__J_Out__C_Out__Reject","Victim__J_Out__C_Out__Reject",0,0,0,0,1,0,0,0,0,0,0,0,0,0,0,0,0,0,0,0,0,0,0,0,0,0,0,"J_Out__C_Out",,,0,0,0,1,0,0,0,0
271,10,2,"victim",0,19,2,2,1,2,1,2,TRUE,2.17857142857143,2,2.375,2.14285714285714,2.16666666666667,2,1,1,1,1,2,"Out","Out","outgroup","outgroup",1,0,0,0,0,0,"Out","Out",,1,0,1,0,1,0,1,0,0,"Victim__J_Out__C_Out",0,8,-8,"Ing_x_Hum","Ing_x_Hum__Victim","Ing_x_Hum__Reject","Ing_x_Hum__Victim__Reject",0,0,0,1,0,0,"Victim__J_Out__C_Out__Reject","Victim__J_Out__C_Out__Reject",0,0,0,0,1,0,0,0,0,0,0,0,0,0,0,0,0,0,0,0,0,0,0,0,0,0,0,"J_Out__C_Out",,,0,0,0,1,0,0,0,0
272,1,1,"victim",0,19,1,1,0,1,0,1,TRUE,3.03571428571429,2.85714285714286,3.25,2.57142857142857,3.5,1,2,1,2,1,1,"Out","In","outgroup","ingroup",1,0,0,0,1,1,"Out","In",,1,0,0,0,1,0,0,0,0,"Victim__J_Out__C_In",0,0,0,"Hum_x_Ing","Hum_x_Ing__Victim","Hum_x_Ing__Accept","Hum_x_Ing__Victim__Accept",0,1,0,0,0,0,"Victim__J_Out__C_In__Accept","Victim__J_Out__C_In__Accept",0,1,0,0,0,0,0,0,0,0,0,0,0,0,0,0,0,0,0,0,0,0,0,0,0,0,0,"J_Out__C_In",,,1,0,0,0,0,0,0,0
272,1,2,"victim",0,19,1,1,0,1,0,1,TRUE,3.03571428571429,2.85714285714286,3.25,2.57142857142857,3.5,1,2,1,1,2,1,"Out","In","ingroup","outgroup",0,0,0,1,1,1,"In","Out",,1,0,0,0,0,0,1,0,0,"Victim__J_In__C_Out",0,0,0,"Hum_x_Hum","Hum_x_Hum__Victim","Hum_x_Hum__Accept","Hum_x_Hum__Victim__Accept",1,0,0,0,0,0,"Victim__J_In__C_Out__Accept","Victim__J_In__C_Out__Accept",0,0,0,1,0,0,0,0,0,0,0,0,0,0,0,0,0,0,0,0,0,0,0,0,0,0,0,"J_In__C_Out",,,0,0,1,0,0,0,0,0
272,2,1,"victim",0,19,1,1,0,1,0,1,TRUE,3.03571428571429,2.85714285714286,3.25,2.57142857142857,3.5,1,1,2,1,2,1,"In","Out","ingroup","outgroup",0,0,0,1,0,0,"In","Out",,0,0,1,0,0,0,1,0,0,"Victim__J_In__C_Out",0,9,-9,"Hum_x_Hum","Hum_x_Hum__Victim","Hum_x_Hum__Reject","Hum_x_Hum__Victim__Reject",1,0,0,0,0,0,"Victim__J_In__C_Out__Reject","Victim__J_In__C_Out__Reject",0,0,0,1,0,0,0,0,0,0,0,0,0,0,0,0,0,0,0,0,0,0,0,0,0,0,0,"J_In__C_Out",,,0,0,1,0,0,0,0,0
272,2,2,"victim",0,19,1,1,0,1,0,1,TRUE,3.03571428571429,2.85714285714286,3.25,2.57142857142857,3.5,1,1,2,2,1,1,"In","Out","outgroup","ingroup",1,0,0,0,0,0,"Out","In",,0,0,1,0,1,0,0,0,0,"Victim__J_Out__C_In",0,9,-9,"Hum_x_Ing","Hum_x_Ing__Victim","Hum_x_Ing__Reject","Hum_x_Ing__Victim__Reject",0,1,0,0,0,0,"Victim__J_Out__C_In__Reject","Victim__J_Out__C_In__Reject",0,1,0,0,0,0,0,0,0,0,0,0,0,0,0,0,0,0,0,0,0,0,0,0,0,0,0,"J_Out__C_In",,,1,0,0,0,0,0,0,0
272,3,1,"victim",0,19,1,1,0,1,0,1,TRUE,3.03571428571429,2.85714285714286,3.25,2.57142857142857,3.5,1,1,1,1,1,1,"In","In","ingroup","ingroup",0,0,0,1,1,0,"In","In",,0,0,0,0,0,0,0,0,0,"Victim__J_In__C_In",0,-9,9,"Hum_x_Hum","Hum_x_Hum__Victim","Hum_x_Hum__Accept","Hum_x_Hum__Victim__Accept",1,0,0,0,0,0,"Victim__J_In__C_In__Accept","Victim__J_In__C_In__Accept",1,0,0,0,0,0,0,0,0,0,0,0,0,0,0,0,0,0,0,0,0,0,0,0,0,0,0,"J_In__C_In",,,0,0,0,0,0,0,0,0
272,3,2,"victim",0,19,1,1,0,1,0,1,TRUE,3.03571428571429,2.85714285714286,3.25,2.57142857142857,3.5,1,1,1,1,1,1,"In","In","ingroup","ingroup",0,0,0,1,0,1,"In","In",,0,0,0,0,0,0,0,0,0,"Victim__J_In__C_In",0,9,-9,"Hum_x_Hum","Hum_x_Hum__Victim","Hum_x_Hum__Reject","Hum_x_Hum__Victim__Reject",1,0,0,0,0,0,"Victim__J_In__C_In__Reject","Victim__J_In__C_In__Reject",1,0,0,0,0,0,0,0,0,0,0,0,0,0,0,0,0,0,0,0,0,0,0,0,0,0,0,"J_In__C_In",,,0,0,0,0,0,0,0,0
272,4,1,"victim",0,19,1,1,0,1,0,1,TRUE,3.03571428571429,2.85714285714286,3.25,2.57142857142857,3.5,1,1,1,1,1,1,"In","In","ingroup","ingroup",0,0,0,1,0,1,"In","In",,0,0,0,0,0,0,0,0,0,"Victim__J_In__C_In",0,9,-9,"Hum_x_Hum","Hum_x_Hum__Victim","Hum_x_Hum__Reject","Hum_x_Hum__Victim__Reject",1,0,0,0,0,0,"Victim__J_In__C_In__Reject","Victim__J_In__C_In__Reject",1,0,0,0,0,0,0,0,0,0,0,0,0,0,0,0,0,0,0,0,0,0,0,0,0,0,0,"J_In__C_In",,,0,0,0,0,0,0,0,0
272,4,2,"victim",0,19,1,1,0,1,0,1,TRUE,3.03571428571429,2.85714285714286,3.25,2.57142857142857,3.5,1,1,1,1,1,1,"In","In","ingroup","ingroup",0,0,0,1,1,0,"In","In",,0,0,0,0,0,0,0,0,0,"Victim__J_In__C_In",0,-9,9,"Hum_x_Hum","Hum_x_Hum__Victim","Hum_x_Hum__Accept","Hum_x_Hum__Victim__Accept",1,0,0,0,0,0,"Victim__J_In__C_In__Accept","Victim__J_In__C_In__Accept",1,0,0,0,0,0,0,0,0,0,0,0,0,0,0,0,0,0,0,0,0,0,0,0,0,0,0,"J_In__C_In",,,0,0,0,0,0,0,0,0
272,5,1,"victim",0,19,1,1,0,1,0,1,TRUE,3.03571428571429,2.85714285714286,3.25,2.57142857142857,3.5,1,2,3,2,3,1,"Out","Cont","outgroup","control",1,0,0,0,0,1,"Out","Cont",,1,0,0,1,1,0,0,1,0,"Victim__J_Out__C_Cont",1,9,-9,"Hum_x_Ing","Hum_x_Ing__Victim","Hum_x_Ing__Reject","Hum_x_Ing__Victim__Reject",0,1,0,0,0,0,"Victim__J_Out__C_Cont__Reject","Victim__J_Out__C_Cont__Reject",0,0,0,0,0,0,0,1,0,0,0,0,0,0,0,0,0,0,0,0,0,0,0,0,0,0,0,"J_Out__C_Cont",,,0,0,0,0,0,0,1,0
272,5,2,"victim",0,19,1,1,0,1,0,1,TRUE,3.03571428571429,2.85714285714286,3.25,2.57142857142857,3.5,1,2,3,3,2,1,"Out","Cont","control","outgroup",0,1,0,,1,0,"Cont","Out",,1,0,0,1,0,1,1,0,0,"Victim__J_Cont__C_Out",1,-9,9,"Hum_x_Control","Hum_x_Control__Victim","Hum_x_Control__Accept","Hum_x_Control__Victim__Accept",0,0,1,0,0,0,"Victim__J_Cont__C_Out__Accept","Victim__J_Cont__C_Out__Accept",0,0,0,0,0,1,0,0,0,0,0,0,0,0,0,0,0,0,0,0,0,0,0,0,0,0,0,"J_Cont__C_Out",,,0,0,0,0,1,0,0,0
