"session","id","id_case","stage","role","age","ses","sex_female","faculty_player","iri_fs","iri_ec","iri_pt","iri_pd","target","judgement","decision_target","decision_other","faculty_target","faculty_other","faculty_victim","group_target","group_other","n_match","obs_group","source_row_number","role_label","target_label","N1_faculty","N2_faculty","N1_decision","N2_decision","N1_faculty_label","N2_faculty_label","faculty_player_label","decision_target_label","decision_other_label","decision_pattern","victim_N1_group","victim_N2_group","bystander_victim_group","bystander_N1_group","bystander_N2_group","N1_N2_same_faculty","N1_N2_same_faculty_binary","faculty_player_factor"
"1","1","1s6",6,1,22,4,0,1,1.42857142857143,0.857142857142857,1.28571428571429,1.42857142857143,1,9,0,1,2,0,1,2,0,0,,11,"victim","N1",2,0,0,1,"Engineering","Control","Humanities","reject","accept","target_reject_other_accept","outgroup","outgroup",,,,"different",0,"Humanities"
"1","1","1s6",6,1,22,4,0,1,1.42857142857143,0.857142857142857,1.28571428571429,1.42857142857143,2,-9,1,0,0,2,1,0,2,0,,12,"victim","N2",2,0,0,1,"Engineering","Control","Humanities","accept","reject","target_accept_other_reject","outgroup","outgroup",,,,"different",0,"Humanities"
"1","1","1s7",7,1,22,4,0,1,1.42857142857143,0.857142857142857,1.28571428571429,1.42857142857143,1,-9,1,0,2,1,1,2,1,0,,13,"victim","N1",2,1,1,0,"Engineering","Humanities","Humanities","accept","reject","target_accept_other_reject","outgroup","ingroup",,,,"different",0,"Humanities"
"1","1","1s7",7,1,22,4,0,1,1.42857142857143,0.857142857142857,1.28571428571429,1.42857142857143,2,9,0,1,1,2,1,1,2,0,,14,"victim","N2",2,1,1,0,"Engineering","Humanities","Humanities","reject","accept","target_reject_other_accept","outgroup","ingroup",,,,"different",0,"Humanities"
"1","1","1s8",8,1,22,4,0,1,1.42857142857143,0.857142857142857,1.28571428571429,1.42857142857143,1,0,1,0,2,0,1,2,0,0,,15,"victim","N1",2,0,1,0,"Engineering","Control","Humanities","accept","reject","target_accept_other_reject","outgroup","outgroup",,,,"different",0,"Humanities"
"1","1","1s8",8,1,22,4,0,1,1.42857142857143,0.857142857142857,1.28571428571429,1.42857142857143,2,0,0,1,0,2,1,0,2,0,,16,"victim","N2",2,0,1,0,"Engineering","Control","Humanities","reject","accept","target_reject_other_accept","outgroup","outgroup",,,,"different",0,"Humanities"
"1","1","1s9",9,1,22,4,0,1,1.42857142857143,0.857142857142857,1.28571428571429,1.42857142857143,1,1,0,1,0,2,1,0,2,0,,17,"victim","N1",0,2,0,1,"Control","Engineering","Humanities","reject","accept","target_reject_other_accept","outgroup","outgroup",,,,"different",0,"Humanities"
"1","1","1s9",9,1,22,4,0,1,1.42857142857143,0.857142857142857,1.28571428571429,1.42857142857143,2,-9,1,0,2,0,1,2,0,0,,18,"victim","N2",0,2,0,1,"Control","Engineering","Humanities","accept","reject","target_accept_other_reject","outgroup","outgroup",,,,"different",0,"Humanities"
"1","1","1s10",10,1,22,4,0,1,1.42857142857143,0.857142857142857,1.28571428571429,1.42857142857143,1,9,0,0,2,2,1,2,2,1,,19,"victim","N1",2,2,0,0,"Engineering","Engineering","Humanities","reject","reject","both_reject","outgroup","outgroup",,,,"same",1,"Humanities"
"1","1","1s10",10,1,22,4,0,1,1.42857142857143,0.857142857142857,1.28571428571429,1.42857142857143,2,9,0,0,2,2,1,2,2,1,,20,"victim","N2",2,2,0,0,"Engineering","Engineering","Humanities","reject","reject","both_reject","outgroup","outgroup",,,,"same",1,"Humanities"
"1","2","2s6",6,1,18,2,1,1,2.57142857142857,2.71428571428571,2.71428571428571,1.71428571428571,1,-5,0,1,0,0,1,0,0,1,,31,"victim","N1",0,0,0,1,"Control","Control","Humanities","reject","accept","target_reject_other_accept","outgroup","outgroup",,,,"same",1,"Humanities"
"1","2","2s6",6,1,18,2,1,1,2.57142857142857,2.71428571428571,2.71428571428571,1.71428571428571,2,-5,1,0,0,0,1,0,0,1,,32,"victim","N2",0,0,0,1,"Control","Control","Humanities","accept","reject","target_accept_other_reject","outgroup","outgroup",,,,"same",1,"Humanities"
"1","2","2s7",7,1,18,2,1,1,2.57142857142857,2.71428571428571,2.71428571428571,1.71428571428571,1,-9,0,0,0,2,1,0,2,0,,33,"victim","N1",0,2,0,0,"Control","Engineering","Humanities","reject","reject","both_reject","outgroup","outgroup",,,,"different",0,"Humanities"
"1","2","2s7",7,1,18,2,1,1,2.57142857142857,2.71428571428571,2.71428571428571,1.71428571428571,2,-9,0,0,2,0,1,2,0,0,,34,"victim","N2",0,2,0,0,"Control","Engineering","Humanities","reject","reject","both_reject","outgroup","outgroup",,,,"different",0,"Humanities"
"1","2","2s8",8,1,18,2,1,1,2.57142857142857,2.71428571428571,2.71428571428571,1.71428571428571,1,9,1,0,1,1,1,1,1,1,,35,"victim","N1",1,1,1,0,"Humanities","Humanities","Humanities","accept","reject","target_accept_other_reject","ingroup","ingroup",,,,"same",1,"Humanities"
"1","2","2s8",8,1,18,2,1,1,2.57142857142857,2.71428571428571,2.71428571428571,1.71428571428571,2,9,0,1,1,1,1,1,1,1,,36,"victim","N2",1,1,1,0,"Humanities","Humanities","Humanities","reject","accept","target_reject_other_accept","ingroup","ingroup",,,,"same",1,"Humanities"
"1","2","2s9",9,1,18,2,1,1,2.57142857142857,2.71428571428571,2.71428571428571,1.71428571428571,1,1,0,1,0,1,1,0,1,0,,37,"victim","N1",0,1,0,1,"Control","Humanities","Humanities","reject","accept","target_reject_other_accept","outgroup","ingroup",,,,"different",0,"Humanities"
"1","2","2s9",9,1,18,2,1,1,2.57142857142857,2.71428571428571,2.71428571428571,1.71428571428571,2,-4,1,0,1,0,1,1,0,0,,38,"victim","N2",0,1,0,1,"Control","Humanities","Humanities","accept","reject","target_accept_other_reject","outgroup","ingroup",,,,"different",0,"Humanities"
"1","2","2s10",10,1,18,2,1,1,2.57142857142857,2.71428571428571,2.71428571428571,1.71428571428571,1,5,0,0,2,1,1,2,1,0,,39,"victim","N1",2,1,0,0,"Engineering","Humanities","Humanities","reject","reject","both_reject","outgroup","ingroup",,,,"different",0,"Humanities"
"1","2","2s10",10,1,18,2,1,1,2.57142857142857,2.71428571428571,2.71428571428571,1.71428571428571,2,5,0,0,1,2,1,1,2,0,,40,"victim","N2",2,1,0,0,"Engineering","Humanities","Humanities","reject","reject","both_reject","outgroup","ingroup",,,,"different",0,"Humanities"
"1","3","3s1",1,1,18,3,1,1,3.71428571428571,2,0.857142857142857,2.28571428571429,1,5,0,1,1,1,1,1,1,1,,41,"victim","N1",1,1,0,1,"Humanities","Humanities","Humanities","reject","accept","target_reject_other_accept","ingroup","ingroup",,,,"same",1,"Humanities"
"1","3","3s1",1,1,18,3,1,1,3.71428571428571,2,0.857142857142857,2.28571428571429,2,-5,1,0,1,1,1,1,1,1,,42,"victim","N2",1,1,0,1,"Humanities","Humanities","Humanities","accept","reject","target_accept_other_reject","ingroup","ingroup",,,,"same",1,"Humanities"
"1","3","3s2",2,1,18,3,1,1,3.71428571428571,2,0.857142857142857,2.28571428571429,1,0,1,1,2,2,1,2,2,1,,43,"victim","N1",2,2,1,1,"Engineering","Engineering","Humanities","accept","accept","both_accept","outgroup","outgroup",,,,"same",1,"Humanities"
"1","3","3s2",2,1,18,3,1,1,3.71428571428571,2,0.857142857142857,2.28571428571429,2,0,1,1,2,2,1,2,2,1,,44,"victim","N2",2,2,1,1,"Engineering","Engineering","Humanities","accept","accept","both_accept","outgroup","outgroup",,,,"same",1,"Humanities"
"1","3","3s3",3,1,18,3,1,1,3.71428571428571,2,0.857142857142857,2.28571428571429,1,9,0,1,2,0,1,2,0,0,,45,"victim","N1",2,0,0,1,"Engineering","Control","Humanities","reject","accept","target_reject_other_accept","outgroup","outgroup",,,,"different",0,"Humanities"
"1","3","3s3",3,1,18,3,1,1,3.71428571428571,2,0.857142857142857,2.28571428571429,2,-9,1,0,0,2,1,0,2,0,,46,"victim","N2",2,0,0,1,"Engineering","Control","Humanities","accept","reject","target_accept_other_reject","outgroup","outgroup",,,,"different",0,"Humanities"
"1","3","3s4",4,1,18,3,1,1,3.71428571428571,2,0.857142857142857,2.28571428571429,1,-9,1,0,2,0,1,2,0,0,,47,"victim","N1",2,0,1,0,"Engineering","Control","Humanities","accept","reject","target_accept_other_reject","outgroup","outgroup",,,,"different",0,"Humanities"
"1","3","3s4",4,1,18,3,1,1,3.71428571428571,2,0.857142857142857,2.28571428571429,2,9,0,1,0,2,1,0,2,0,,48,"victim","N2",2,0,1,0,"Engineering","Control","Humanities","reject","accept","target_reject_other_accept","outgroup","outgroup",,,,"different",0,"Humanities"
"1","3","3s5",5,1,18,3,1,1,3.71428571428571,2,0.857142857142857,2.28571428571429,1,9,0,0,1,2,1,1,2,0,,49,"victim","N1",1,2,0,0,"Humanities","Engineering","Humanities","reject","reject","both_reject","ingroup","outgroup",,,,"different",0,"Humanities"
"1","3","3s5",5,1,18,3,1,1,3.71428571428571,2,0.857142857142857,2.28571428571429,2,9,0,0,2,1,1,2,1,0,,50,"victim","N2",1,2,0,0,"Humanities","Engineering","Humanities","reject","reject","both_reject","ingroup","outgroup",,,,"different",0,"Humanities"
"1","4","4s1",1,1,45,2,1,1,2.28571428571429,3.71428571428571,2.85714285714286,2.28571428571429,1,-9,1,1,2,0,1,2,0,0,,61,"victim","N1",2,0,1,1,"Engineering","Control","Humanities","accept","accept","both_accept","outgroup","outgroup",,,,"different",0,"Humanities"
"1","4","4s1",1,1,45,2,1,1,2.28571428571429,3.71428571428571,2.85714285714286,2.28571428571429,2,-9,1,1,0,2,1,0,2,0,,62,"victim","N2",2,0,1,1,"Engineering","Control","Humanities","accept","accept","both_accept","outgroup","outgroup",,,,"different",0,"Humanities"
"1","4","4s2",2,1,45,2,1,1,2.28571428571429,3.71428571428571,2.85714285714286,2.28571428571429,1,9,0,0,0,0,1,0,0,1,,63,"victim","N1",0,0,0,0,"Control","Control","Humanities","reject","reject","both_reject","outgroup","outgroup",,,,"same",1,"Humanities"
"1","4","4s2",2,1,45,2,1,1,2.28571428571429,3.71428571428571,2.85714285714286,2.28571428571429,2,9,0,0,0,0,1,0,0,1,,64,"victim","N2",0,0,0,0,"Control","Control","Humanities","reject","reject","both_reject","outgroup","outgroup",,,,"same",1,"Humanities"
"1","4","4s3",3,1,45,2,1,1,2.28571428571429,3.71428571428571,2.85714285714286,2.28571428571429,1,9,0,0,2,1,1,2,1,0,,65,"victim","N1",2,1,0,0,"Engineering","Humanities","Humanities","reject","reject","both_reject","outgroup","ingroup",,,,"different",0,"Humanities"
"1","4","4s3",3,1,45,2,1,1,2.28571428571429,3.71428571428571,2.85714285714286,2.28571428571429,2,9,0,0,1,2,1,1,2,0,,66,"victim","N2",2,1,0,0,"Engineering","Humanities","Humanities","reject","reject","both_reject","outgroup","ingroup",,,,"different",0,"Humanities"
"1","4","4s4",4,1,45,2,1,1,2.28571428571429,3.71428571428571,2.85714285714286,2.28571428571429,1,9,0,0,0,1,1,0,1,0,,67,"victim","N1",0,1,0,0,"Control","Humanities","Humanities","reject","reject","both_reject","outgroup","ingroup",,,,"different",0,"Humanities"
"1","4","4s4",4,1,45,2,1,1,2.28571428571429,3.71428571428571,2.85714285714286,2.28571428571429,2,9,0,0,1,0,1,1,0,0,,68,"victim","N2",0,1,0,0,"Control","Humanities","Humanities","reject","reject","both_reject","outgroup","ingroup",,,,"different",0,"Humanities"
"1","4","4s5",5,1,45,2,1,1,2.28571428571429,3.71428571428571,2.85714285714286,2.28571428571429,1,9,0,1,1,2,1,1,2,0,,69,"victim","N1",1,2,0,1,"Humanities","Engineering","Humanities","reject","accept","target_reject_other_accept","ingroup","outgroup",,,,"different",0,"Humanities"
"1","4","4s5",5,1,45,2,1,1,2.28571428571429,3.71428571428571,2.85714285714286,2.28571428571429,2,-9,1,0,2,1,1,2,1,0,,70,"victim","N2",1,2,0,1,"Humanities","Engineering","Humanities","accept","reject","target_accept_other_reject","ingroup","outgroup",,,,"different",0,"Humanities"
"1","5","5s6",6,1,28,3,0,1,2,3.28571428571429,2.71428571428571,1.85714285714286,1,-3,1,0,0,0,1,0,0,1,,91,"victim","N1",0,0,1,0,"Control","Control","Humanities","accept","reject","target_accept_other_reject","outgroup","outgroup",,,,"same",1,"Humanities"
"1","5","5s6",6,1,28,3,0,1,2,3.28571428571429,2.71428571428571,1.85714285714286,2,3,0,1,0,0,1,0,0,1,,92,"victim","N2",0,0,1,0,"Control","Control","Humanities","reject","accept","target_reject_other_accept","outgroup","outgroup",,,,"same",1,"Humanities"
"1","5","5s7",7,1,28,3,0,1,2,3.28571428571429,2.71428571428571,1.85714285714286,1,5,0,0,2,1,1,2,1,0,,93,"victim","N1",2,1,0,0,"Engineering","Humanities","Humanities","reject","reject","both_reject","outgroup","ingroup",,,,"different",0,"Humanities"
"1","5","5s7",7,1,28,3,0,1,2,3.28571428571429,2.71428571428571,1.85714285714286,2,5,0,0,1,2,1,1,2,0,,94,"victim","N2",2,1,0,0,"Engineering","Humanities","Humanities","reject","reject","both_reject","outgroup","ingroup",,,,"different",0,"Humanities"
"1","5","5s8",8,1,28,3,0,1,2,3.28571428571429,2.71428571428571,1.85714285714286,1,-2,1,1,2,1,1,2,1,0,,95,"victim","N1",2,1,1,1,"Engineering","Humanities","Humanities","accept","accept","both_accept","outgroup","ingroup",,,,"different",0,"Humanities"
"1","5","5s8",8,1,28,3,0,1,2,3.28571428571429,2.71428571428571,1.85714285714286,2,-2,1,1,1,2,1,1,2,0,,96,"victim","N2",2,1,1,1,"Engineering","Humanities","Humanities","accept","accept","both_accept","outgroup","ingroup",,,,"different",0,"Humanities"
"1","5","5s9",9,1,28,3,0,1,2,3.28571428571429,2.71428571428571,1.85714285714286,1,-5,1,0,2,0,1,2,0,0,,97,"victim","N1",2,0,1,0,"Engineering","Control","Humanities","accept","reject","target_accept_other_reject","outgroup","outgroup",,,,"different",0,"Humanities"
"1","5","5s9",9,1,28,3,0,1,2,3.28571428571429,2.71428571428571,1.85714285714286,2,4,0,1,0,2,1,0,2,0,,98,"victim","N2",2,0,1,0,"Engineering","Control","Humanities","reject","accept","target_reject_other_accept","outgroup","outgroup",,,,"different",0,"Humanities"
"1","5","5s10",10,1,28,3,0,1,2,3.28571428571429,2.71428571428571,1.85714285714286,1,3,0,1,2,1,1,2,1,0,,99,"victim","N1",2,1,0,1,"Engineering","Humanities","Humanities","reject","accept","target_reject_other_accept","outgroup","ingroup",,,,"different",0,"Humanities"
"1","5","5s10",10,1,28,3,0,1,2,3.28571428571429,2.71428571428571,1.85714285714286,2,-3,1,0,1,2,1,1,2,0,,100,"victim","N2",2,1,0,1,"Engineering","Humanities","Humanities","accept","reject","target_accept_other_reject","outgroup","ingroup",,,,"different",0,"Humanities"
"1","6","6s6",6,1,19,3,1,1,2.28571428571429,2.85714285714286,3,2,1,-9,1,1,1,0,1,1,0,0,,111,"victim","N1",1,0,1,1,"Humanities","Control","Humanities","accept","accept","both_accept","ingroup","outgroup",,,,"different",0,"Humanities"
"1","6","6s6",6,1,19,3,1,1,2.28571428571429,2.85714285714286,3,2,2,-9,1,1,0,1,1,0,1,0,,112,"victim","N2",1,0,1,1,"Humanities","Control","Humanities","accept","accept","both_accept","ingroup","outgroup",,,,"different",0,"Humanities"
"1","6","6s7",7,1,19,3,1,1,2.28571428571429,2.85714285714286,3,2,1,9,0,1,2,2,1,2,2,1,,113,"victim","N1",2,2,0,1,"Engineering","Engineering","Humanities","reject","accept","target_reject_other_accept","outgroup","outgroup",,,,"same",1,"Humanities"
"1","6","6s7",7,1,19,3,1,1,2.28571428571429,2.85714285714286,3,2,2,-9,1,0,2,2,1,2,2,1,,114,"victim","N2",2,2,0,1,"Engineering","Engineering","Humanities","accept","reject","target_accept_other_reject","outgroup","outgroup",,,,"same",1,"Humanities"
"1","6","6s8",8,1,19,3,1,1,2.28571428571429,2.85714285714286,3,2,1,9,0,1,1,2,1,1,2,0,,115,"victim","N1",1,2,0,1,"Humanities","Engineering","Humanities","reject","accept","target_reject_other_accept","ingroup","outgroup",,,,"different",0,"Humanities"
"1","6","6s8",8,1,19,3,1,1,2.28571428571429,2.85714285714286,3,2,2,-9,1,0,2,1,1,2,1,0,,116,"victim","N2",1,2,0,1,"Humanities","Engineering","Humanities","accept","reject","target_accept_other_reject","ingroup","outgroup",,,,"different",0,"Humanities"
"1","6","6s9",9,1,19,3,1,1,2.28571428571429,2.85714285714286,3,2,1,9,0,0,1,1,1,1,1,1,,117,"victim","N1",1,1,0,0,"Humanities","Humanities","Humanities","reject","reject","both_reject","ingroup","ingroup",,,,"same",1,"Humanities"
"1","6","6s9",9,1,19,3,1,1,2.28571428571429,2.85714285714286,3,2,2,9,0,0,1,1,1,1,1,1,,118,"victim","N2",1,1,0,0,"Humanities","Humanities","Humanities","reject","reject","both_reject","ingroup","ingroup",,,,"same",1,"Humanities"
"1","6","6s10",10,1,19,3,1,1,2.28571428571429,2.85714285714286,3,2,1,9,0,1,2,2,1,2,2,1,,119,"victim","N1",2,2,0,1,"Engineering","Engineering","Humanities","reject","accept","target_reject_other_accept","outgroup","outgroup",,,,"same",1,"Humanities"
"1","6","6s10",10,1,19,3,1,1,2.28571428571429,2.85714285714286,3,2,2,-9,1,0,2,2,1,2,2,1,,120,"victim","N2",2,2,0,1,"Engineering","Engineering","Humanities","accept","reject","target_accept_other_reject","outgroup","outgroup",,,,"same",1,"Humanities"
"1","7","7s1",1,1,19,3,1,1,3.42857142857143,3.14285714285714,2.71428571428571,2.28571428571429,1,9,0,0,1,2,1,1,2,0,,121,"victim","N1",1,2,0,0,"Humanities","Engineering","Humanities","reject","reject","both_reject","ingroup","outgroup",,,,"different",0,"Humanities"
"1","7","7s1",1,1,19,3,1,1,3.42857142857143,3.14285714285714,2.71428571428571,2.28571428571429,2,9,0,0,2,1,1,2,1,0,,122,"victim","N2",1,2,0,0,"Humanities","Engineering","Humanities","reject","reject","both_reject","ingroup","outgroup",,,,"different",0,"Humanities"
"1","7","7s2",2,1,19,3,1,1,3.42857142857143,3.14285714285714,2.71428571428571,2.28571428571429,1,9,0,1,0,0,1,0,0,1,,123,"victim","N1",0,0,0,1,"Control","Control","Humanities","reject","accept","target_reject_other_accept","outgroup","outgroup",,,,"same",1,"Humanities"
"1","7","7s2",2,1,19,3,1,1,3.42857142857143,3.14285714285714,2.71428571428571,2.28571428571429,2,-5,1,0,0,0,1,0,0,1,,124,"victim","N2",0,0,0,1,"Control","Control","Humanities","accept","reject","target_accept_other_reject","outgroup","outgroup",,,,"same",1,"Humanities"
"1","7","7s3",3,1,19,3,1,1,3.42857142857143,3.14285714285714,2.71428571428571,2.28571428571429,1,9,0,0,1,0,1,1,0,0,,125,"victim","N1",1,0,0,0,"Humanities","Control","Humanities","reject","reject","both_reject","ingroup","outgroup",,,,"different",0,"Humanities"
"1","7","7s3",3,1,19,3,1,1,3.42857142857143,3.14285714285714,2.71428571428571,2.28571428571429,2,9,0,0,0,1,1,0,1,0,,126,"victim","N2",1,0,0,0,"Humanities","Control","Humanities","reject","reject","both_reject","ingroup","outgroup",,,,"different",0,"Humanities"
"1","7","7s4",4,1,19,3,1,1,3.42857142857143,3.14285714285714,2.71428571428571,2.28571428571429,1,9,1,0,0,2,1,0,2,0,,127,"victim","N1",0,2,1,0,"Control","Engineering","Humanities","accept","reject","target_accept_other_reject","outgroup","outgroup",,,,"different",0,"Humanities"
"1","7","7s4",4,1,19,3,1,1,3.42857142857143,3.14285714285714,2.71428571428571,2.28571428571429,2,-9,0,1,2,0,1,2,0,0,,128,"victim","N2",0,2,1,0,"Control","Engineering","Humanities","reject","accept","target_reject_other_accept","outgroup","outgroup",,,,"different",0,"Humanities"
"1","7","7s5",5,1,19,3,1,1,3.42857142857143,3.14285714285714,2.71428571428571,2.28571428571429,1,-9,1,1,0,1,1,0,1,0,,129,"victim","N1",0,1,1,1,"Control","Humanities","Humanities","accept","accept","both_accept","outgroup","ingroup",,,,"different",0,"Humanities"
"1","7","7s5",5,1,19,3,1,1,3.42857142857143,3.14285714285714,2.71428571428571,2.28571428571429,2,-9,1,1,1,0,1,1,0,0,,130,"victim","N2",0,1,1,1,"Control","Humanities","Humanities","accept","accept","both_accept","outgroup","ingroup",,,,"different",0,"Humanities"
"1","8","8s1",1,1,19,1,0,1,1.28571428571429,2.71428571428571,2.14285714285714,0.857142857142857,1,2,0,0,2,0,1,2,0,0,,141,"victim","N1",2,0,0,0,"Engineering","Control","Humanities","reject","reject","both_reject","outgroup","outgroup",,,,"different",0,"Humanities"
"1","8","8s1",1,1,19,1,0,1,1.28571428571429,2.71428571428571,2.14285714285714,0.857142857142857,2,2,0,0,0,2,1,0,2,0,,142,"victim","N2",2,0,0,0,"Engineering","Control","Humanities","reject","reject","both_reject","outgroup","outgroup",,,,"different",0,"Humanities"
"1","8","8s2",2,1,19,1,0,1,1.28571428571429,2.71428571428571,2.14285714285714,0.857142857142857,1,2,0,0,2,2,1,2,2,1,,143,"victim","N1",2,2,0,0,"Engineering","Engineering","Humanities","reject","reject","both_reject","outgroup","outgroup",,,,"same",1,"Humanities"
"1","8","8s2",2,1,19,1,0,1,1.28571428571429,2.71428571428571,2.14285714285714,0.857142857142857,2,2,0,0,2,2,1,2,2,1,,144,"victim","N2",2,2,0,0,"Engineering","Engineering","Humanities","reject","reject","both_reject","outgroup","outgroup",,,,"same",1,"Humanities"
"1","8","8s3",3,1,19,1,0,1,1.28571428571429,2.71428571428571,2.14285714285714,0.857142857142857,1,4,1,0,2,2,1,2,2,1,,145,"victim","N1",2,2,1,0,"Engineering","Engineering","Humanities","accept","reject","target_accept_other_reject","outgroup","outgroup",,,,"same",1,"Humanities"
"1","8","8s3",3,1,19,1,0,1,1.28571428571429,2.71428571428571,2.14285714285714,0.857142857142857,2,2,0,1,2,2,1,2,2,1,,146,"victim","N2",2,2,1,0,"Engineering","Engineering","Humanities","reject","accept","target_reject_other_accept","outgroup","outgroup",,,,"same",1,"Humanities"
"1","8","8s4",4,1,19,1,0,1,1.28571428571429,2.71428571428571,2.14285714285714,0.857142857142857,1,5,1,1,2,2,1,2,2,1,,147,"victim","N1",2,2,1,1,"Engineering","Engineering","Humanities","accept","accept","both_accept","outgroup","outgroup",,,,"same",1,"Humanities"
"1","8","8s4",4,1,19,1,0,1,1.28571428571429,2.71428571428571,2.14285714285714,0.857142857142857,2,5,1,1,2,2,1,2,2,1,,148,"victim","N2",2,2,1,1,"Engineering","Engineering","Humanities","accept","accept","both_accept","outgroup","outgroup",,,,"same",1,"Humanities"
"1","8","8s5",5,1,19,1,0,1,1.28571428571429,2.71428571428571,2.14285714285714,0.857142857142857,1,4,1,0,2,2,1,2,2,1,,149,"victim","N1",2,2,1,0,"Engineering","Engineering","Humanities","accept","reject","target_accept_other_reject","outgroup","outgroup",,,,"same",1,"Humanities"
"1","8","8s5",5,1,19,1,0,1,1.28571428571429,2.71428571428571,2.14285714285714,0.857142857142857,2,2,0,1,2,2,1,2,2,1,,150,"victim","N2",2,2,1,0,"Engineering","Engineering","Humanities","reject","accept","target_reject_other_accept","outgroup","outgroup",,,,"same",1,"Humanities"
"1","9","9s6",6,1,18,3,0,1,3.14285714285714,2.85714285714286,2.57142857142857,3.14285714285714,1,9,1,0,1,0,1,1,0,0,,171,"victim","N1",1,0,1,0,"Humanities","Control","Humanities","accept","reject","target_accept_other_reject","ingroup","outgroup",,,,"different",0,"Humanities"
"1","9","9s6",6,1,18,3,0,1,3.14285714285714,2.85714285714286,2.57142857142857,3.14285714285714,2,-9,0,1,0,1,1,0,1,0,,172,"victim","N2",1,0,1,0,"Humanities","Control","Humanities","reject","accept","target_reject_other_accept","ingroup","outgroup",,,,"different",0,"Humanities"
"1","9","9s7",7,1,18,3,0,1,3.14285714285714,2.85714285714286,2.57142857142857,3.14285714285714,1,9,0,0,0,1,1,0,1,0,,173,"victim","N1",0,1,0,0,"Control","Humanities","Humanities","reject","reject","both_reject","outgroup","ingroup",,,,"different",0,"Humanities"
"1","9","9s7",7,1,18,3,0,1,3.14285714285714,2.85714285714286,2.57142857142857,3.14285714285714,2,9,0,0,1,0,1,1,0,0,,174,"victim","N2",0,1,0,0,"Control","Humanities","Humanities","reject","reject","both_reject","outgroup","ingroup",,,,"different",0,"Humanities"
"1","9","9s8",8,1,18,3,0,1,3.14285714285714,2.85714285714286,2.57142857142857,3.14285714285714,1,9,1,0,2,0,1,2,0,0,,175,"victim","N1",2,0,1,0,"Engineering","Control","Humanities","accept","reject","target_accept_other_reject","outgroup","outgroup",,,,"different",0,"Humanities"
"1","9","9s8",8,1,18,3,0,1,3.14285714285714,2.85714285714286,2.57142857142857,3.14285714285714,2,-9,0,1,0,2,1,0,2,0,,176,"victim","N2",2,0,1,0,"Engineering","Control","Humanities","reject","accept","target_reject_other_accept","outgroup","outgroup",,,,"different",0,"Humanities"
"1","9","9s9",9,1,18,3,0,1,3.14285714285714,2.85714285714286,2.57142857142857,3.14285714285714,1,9,1,0,0,0,1,0,0,1,,177,"victim","N1",0,0,1,0,"Control","Control","Humanities","accept","reject","target_accept_other_reject","outgroup","outgroup",,,,"same",1,"Humanities"
"1","9","9s9",9,1,18,3,0,1,3.14285714285714,2.85714285714286,2.57142857142857,3.14285714285714,2,-9,0,1,0,0,1,0,0,1,,178,"victim","N2",0,0,1,0,"Control","Control","Humanities","reject","accept","target_reject_other_accept","outgroup","outgroup",,,,"same",1,"Humanities"
"1","9","9s10",10,1,18,3,0,1,3.14285714285714,2.85714285714286,2.57142857142857,3.14285714285714,1,9,0,0,0,0,1,0,0,1,,179,"victim","N1",0,0,0,0,"Control","Control","Humanities","reject","reject","both_reject","outgroup","outgroup",,,,"same",1,"Humanities"
"1","9","9s10",10,1,18,3,0,1,3.14285714285714,2.85714285714286,2.57142857142857,3.14285714285714,2,9,0,0,0,0,1,0,0,1,,180,"victim","N2",0,0,0,0,"Control","Control","Humanities","reject","reject","both_reject","outgroup","outgroup",,,,"same",1,"Humanities"
"1","10","10s6",6,1,21,3,1,1,3,3.14285714285714,3.28571428571429,1.28571428571429,1,9,0,0,0,1,1,0,1,0,,191,"victim","N1",0,1,0,0,"Control","Humanities","Humanities","reject","reject","both_reject","outgroup","ingroup",,,,"different",0,"Humanities"
"1","10","10s6",6,1,21,3,1,1,3,3.14285714285714,3.28571428571429,1.28571428571429,2,9,0,0,1,0,1,1,0,0,,192,"victim","N2",0,1,0,0,"Control","Humanities","Humanities","reject","reject","both_reject","outgroup","ingroup",,,,"different",0,"Humanities"
"1","10","10s7",7,1,21,3,1,1,3,3.14285714285714,3.28571428571429,1.28571428571429,1,9,0,0,1,0,1,1,0,0,,193,"victim","N1",1,0,0,0,"Humanities","Control","Humanities","reject","reject","both_reject","ingroup","outgroup",,,,"different",0,"Humanities"
"1","10","10s7",7,1,21,3,1,1,3,3.14285714285714,3.28571428571429,1.28571428571429,2,9,0,0,0,1,1,0,1,0,,194,"victim","N2",1,0,0,0,"Humanities","Control","Humanities","reject","reject","both_reject","ingroup","outgroup",,,,"different",0,"Humanities"
"1","10","10s8",8,1,21,3,1,1,3,3.14285714285714,3.28571428571429,1.28571428571429,1,9,0,0,2,0,1,2,0,0,,195,"victim","N1",2,0,0,0,"Engineering","Control","Humanities","reject","reject","both_reject","outgroup","outgroup",,,,"different",0,"Humanities"
"1","10","10s8",8,1,21,3,1,1,3,3.14285714285714,3.28571428571429,1.28571428571429,2,9,0,0,0,2,1,0,2,0,,196,"victim","N2",2,0,0,0,"Engineering","Control","Humanities","reject","reject","both_reject","outgroup","outgroup",,,,"different",0,"Humanities"
"1","10","10s9",9,1,21,3,1,1,3,3.14285714285714,3.28571428571429,1.28571428571429,1,9,0,0,0,0,1,0,0,1,,197,"victim","N1",0,0,0,0,"Control","Control","Humanities","reject","reject","both_reject","outgroup","outgroup",,,,"same",1,"Humanities"
"1","10","10s9",9,1,21,3,1,1,3,3.14285714285714,3.28571428571429,1.28571428571429,2,9,0,0,0,0,1,0,0,1,,198,"victim","N2",0,0,0,0,"Control","Control","Humanities","reject","reject","both_reject","outgroup","outgroup",,,,"same",1,"Humanities"
"1","10","10s10",10,1,21,3,1,1,3,3.14285714285714,3.28571428571429,1.28571428571429,1,9,0,0,1,1,1,1,1,1,,199,"victim","N1",1,1,0,0,"Humanities","Humanities","Humanities","reject","reject","both_reject","ingroup","ingroup",,,,"same",1,"Humanities"
"1","10","10s10",10,1,21,3,1,1,3,3.14285714285714,3.28571428571429,1.28571428571429,2,9,0,0,1,1,1,1,1,1,,200,"victim","N2",1,1,0,0,"Humanities","Humanities","Humanities","reject","reject","both_reject","ingroup","ingroup",,,,"same",1,"Humanities"
"1","11","11s6",6,1,20,3,1,1,3.42857142857143,2.85714285714286,3,2.14285714285714,1,1,1,1,2,0,1,2,0,0,,211,"victim","N1",2,0,1,1,"Engineering","Control","Humanities","accept","accept","both_accept","outgroup","outgroup",,,,"different",0,"Humanities"
"1","11","11s6",6,1,20,3,1,1,3.42857142857143,2.85714285714286,3,2.14285714285714,2,1,1,1,0,2,1,0,2,0,,212,"victim","N2",2,0,1,1,"Engineering","Control","Humanities","accept","accept","both_accept","outgroup","outgroup",,,,"different",0,"Humanities"
"1","11","11s7",7,1,20,3,1,1,3.42857142857143,2.85714285714286,3,2.14285714285714,1,5,0,1,0,0,1,0,0,1,,213,"victim","N1",0,0,0,1,"Control","Control","Humanities","reject","accept","target_reject_other_accept","outgroup","outgroup",,,,"same",1,"Humanities"
"1","11","11s7",7,1,20,3,1,1,3.42857142857143,2.85714285714286,3,2.14285714285714,2,1,1,0,0,0,1,0,0,1,,214,"victim","N2",0,0,0,1,"Control","Control","Humanities","accept","reject","target_accept_other_reject","outgroup","outgroup",,,,"same",1,"Humanities"
"1","11","11s8",8,1,20,3,1,1,3.42857142857143,2.85714285714286,3,2.14285714285714,1,5,0,1,1,2,1,1,2,0,,215,"victim","N1",1,2,0,1,"Humanities","Engineering","Humanities","reject","accept","target_reject_other_accept","ingroup","outgroup",,,,"different",0,"Humanities"
"1","11","11s8",8,1,20,3,1,1,3.42857142857143,2.85714285714286,3,2.14285714285714,2,1,1,0,2,1,1,2,1,0,,216,"victim","N2",1,2,0,1,"Humanities","Engineering","Humanities","accept","reject","target_accept_other_reject","ingroup","outgroup",,,,"different",0,"Humanities"
"1","11","11s9",9,1,20,3,1,1,3.42857142857143,2.85714285714286,3,2.14285714285714,1,3,0,0,0,1,1,0,1,0,,217,"victim","N1",0,1,0,0,"Control","Humanities","Humanities","reject","reject","both_reject","outgroup","ingroup",,,,"different",0,"Humanities"
"1","11","11s9",9,1,20,3,1,1,3.42857142857143,2.85714285714286,3,2.14285714285714,2,3,0,0,1,0,1,1,0,0,,218,"victim","N2",0,1,0,0,"Control","Humanities","Humanities","reject","reject","both_reject","outgroup","ingroup",,,,"different",0,"Humanities"
"1","11","11s10",10,1,20,3,1,1,3.42857142857143,2.85714285714286,3,2.14285714285714,1,5,0,1,1,0,1,1,0,0,,219,"victim","N1",1,0,0,1,"Humanities","Control","Humanities","reject","accept","target_reject_other_accept","ingroup","outgroup",,,,"different",0,"Humanities"
"1","11","11s10",10,1,20,3,1,1,3.42857142857143,2.85714285714286,3,2.14285714285714,2,1,1,0,0,1,1,0,1,0,,220,"victim","N2",1,0,0,1,"Humanities","Control","Humanities","accept","reject","target_accept_other_reject","ingroup","outgroup",,,,"different",0,"Humanities"
"1","12","12s1",1,1,18,2,0,1,0,2.14285714285714,3.28571428571429,0.142857142857143,1,0,1,1,0,1,1,0,1,0,,221,"victim","N1",0,1,1,1,"Control","Humanities","Humanities","accept","accept","both_accept","outgroup","ingroup",,,,"different",0,"Humanities"
"1","12","12s1",1,1,18,2,0,1,0,2.14285714285714,3.28571428571429,0.142857142857143,2,0,1,1,1,0,1,1,0,0,,222,"victim","N2",0,1,1,1,"Control","Humanities","Humanities","accept","accept","both_accept","outgroup","ingroup",,,,"different",0,"Humanities"
"1","12","12s2",2,1,18,2,0,1,0,2.14285714285714,3.28571428571429,0.142857142857143,1,-5,1,1,2,0,1,2,0,0,,223,"victim","N1",2,0,1,1,"Engineering","Control","Humanities","accept","accept","both_accept","outgroup","outgroup",,,,"different",0,"Humanities"
"1","12","12s2",2,1,18,2,0,1,0,2.14285714285714,3.28571428571429,0.142857142857143,2,-5,1,1,0,2,1,0,2,0,,224,"victim","N2",2,0,1,1,"Engineering","Control","Humanities","accept","accept","both_accept","outgroup","outgroup",,,,"different",0,"Humanities"
"1","12","12s3",3,1,18,2,0,1,0,2.14285714285714,3.28571428571429,0.142857142857143,1,9,0,1,0,2,1,0,2,0,,225,"victim","N1",0,2,0,1,"Control","Engineering","Humanities","reject","accept","target_reject_other_accept","outgroup","outgroup",,,,"different",0,"Humanities"
"1","12","12s3",3,1,18,2,0,1,0,2.14285714285714,3.28571428571429,0.142857142857143,2,-9,1,0,2,0,1,2,0,0,,226,"victim","N2",0,2,0,1,"Control","Engineering","Humanities","accept","reject","target_accept_other_reject","outgroup","outgroup",,,,"different",0,"Humanities"
"1","12","12s4",4,1,18,2,0,1,0,2.14285714285714,3.28571428571429,0.142857142857143,1,9,0,1,1,1,1,1,1,1,,227,"victim","N1",1,1,0,1,"Humanities","Humanities","Humanities","reject","accept","target_reject_other_accept","ingroup","ingroup",,,,"same",1,"Humanities"
"1","12","12s4",4,1,18,2,0,1,0,2.14285714285714,3.28571428571429,0.142857142857143,2,-5,1,0,1,1,1,1,1,1,,228,"victim","N2",1,1,0,1,"Humanities","Humanities","Humanities","accept","reject","target_accept_other_reject","ingroup","ingroup",,,,"same",1,"Humanities"
"1","12","12s5",5,1,18,2,0,1,0,2.14285714285714,3.28571428571429,0.142857142857143,1,-9,1,0,2,0,1,2,0,0,,229,"victim","N1",2,0,1,0,"Engineering","Control","Humanities","accept","reject","target_accept_other_reject","outgroup","outgroup",,,,"different",0,"Humanities"
"1","12","12s5",5,1,18,2,0,1,0,2.14285714285714,3.28571428571429,0.142857142857143,2,9,0,1,0,2,1,0,2,0,,230,"victim","N2",2,0,1,0,"Engineering","Control","Humanities","reject","accept","target_reject_other_accept","outgroup","outgroup",,,,"different",0,"Humanities"
"1","13","13s1",1,1,19,4,1,1,1.71428571428571,3.28571428571429,3.42857142857143,1,1,1,1,1,1,0,1,1,0,0,,241,"victim","N1",1,0,1,1,"Humanities","Control","Humanities","accept","accept","both_accept","ingroup","outgroup",,,,"different",0,"Humanities"
"1","13","13s1",1,1,19,4,1,1,1.71428571428571,3.28571428571429,3.42857142857143,1,2,1,1,1,0,1,1,0,1,0,,242,"victim","N2",1,0,1,1,"Humanities","Control","Humanities","accept","accept","both_accept","ingroup","outgroup",,,,"different",0,"Humanities"
"1","13","13s2",2,1,19,4,1,1,1.71428571428571,3.28571428571429,3.42857142857143,1,1,0,1,0,1,2,1,1,2,0,,243,"victim","N1",1,2,1,0,"Humanities","Engineering","Humanities","accept","reject","target_accept_other_reject","ingroup","outgroup",,,,"different",0,"Humanities"
"1","13","13s2",2,1,19,4,1,1,1.71428571428571,3.28571428571429,3.42857142857143,1,2,1,0,1,2,1,1,2,1,0,,244,"victim","N2",1,2,1,0,"Humanities","Engineering","Humanities","reject","accept","target_reject_other_accept","ingroup","outgroup",,,,"different",0,"Humanities"
"1","13","13s3",3,1,19,4,1,1,1.71428571428571,3.28571428571429,3.42857142857143,1,1,1,0,1,0,1,1,0,1,0,,245,"victim","N1",0,1,0,1,"Control","Humanities","Humanities","reject","accept","target_reject_other_accept","outgroup","ingroup",,,,"different",0,"Humanities"
"1","13","13s3",3,1,19,4,1,1,1.71428571428571,3.28571428571429,3.42857142857143,1,2,0,1,0,1,0,1,1,0,0,,246,"victim","N2",0,1,0,1,"Control","Humanities","Humanities","accept","reject","target_accept_other_reject","outgroup","ingroup",,,,"different",0,"Humanities"
"1","13","13s4",4,1,19,4,1,1,1.71428571428571,3.28571428571429,3.42857142857143,1,1,-1,1,0,1,1,1,1,1,1,,247,"victim","N1",1,1,1,0,"Humanities","Humanities","Humanities","accept","reject","target_accept_other_reject","ingroup","ingroup",,,,"same",1,"Humanities"
"1","13","13s4",4,1,19,4,1,1,1.71428571428571,3.28571428571429,3.42857142857143,1,2,1,0,1,1,1,1,1,1,1,,248,"victim","N2",1,1,1,0,"Humanities","Humanities","Humanities","reject","accept","target_reject_other_accept","ingroup","ingroup",,,,"same",1,"Humanities"
"1","13","13s5",5,1,19,4,1,1,1.71428571428571,3.28571428571429,3.42857142857143,1,1,-1,1,1,1,1,1,1,1,1,,249,"victim","N1",1,1,1,1,"Humanities","Humanities","Humanities","accept","accept","both_accept","ingroup","ingroup",,,,"same",1,"Humanities"
"1","13","13s5",5,1,19,4,1,1,1.71428571428571,3.28571428571429,3.42857142857143,1,2,-1,1,1,1,1,1,1,1,1,,250,"victim","N2",1,1,1,1,"Humanities","Humanities","Humanities","accept","accept","both_accept","ingroup","ingroup",,,,"same",1,"Humanities"
"1","14","14s6",6,1,24,2,1,1,2.57142857142857,3.57142857142857,2.85714285714286,1.28571428571429,1,9,0,0,2,0,1,2,0,0,,271,"victim","N1",2,0,0,0,"Engineering","Control","Humanities","reject","reject","both_reject","outgroup","outgroup",,,,"different",0,"Humanities"
"1","14","14s6",6,1,24,2,1,1,2.57142857142857,3.57142857142857,2.85714285714286,1.28571428571429,2,9,0,0,0,2,1,0,2,0,,272,"victim","N2",2,0,0,0,"Engineering","Control","Humanities","reject","reject","both_reject","outgroup","outgroup",,,,"different",0,"Humanities"
"1","14","14s7",7,1,24,2,1,1,2.57142857142857,3.57142857142857,2.85714285714286,1.28571428571429,1,-6,1,0,2,0,1,2,0,0,,273,"victim","N1",2,0,1,0,"Engineering","Control","Humanities","accept","reject","target_accept_other_reject","outgroup","outgroup",,,,"different",0,"Humanities"
"1","14","14s7",7,1,24,2,1,1,2.57142857142857,3.57142857142857,2.85714285714286,1.28571428571429,2,7,0,1,0,2,1,0,2,0,,274,"victim","N2",2,0,1,0,"Engineering","Control","Humanities","reject","accept","target_reject_other_accept","outgroup","outgroup",,,,"different",0,"Humanities"
"1","14","14s8",8,1,24,2,1,1,2.57142857142857,3.57142857142857,2.85714285714286,1.28571428571429,1,9,0,0,0,1,1,0,1,0,,275,"victim","N1",0,1,0,0,"Control","Humanities","Humanities","reject","reject","both_reject","outgroup","ingroup",,,,"different",0,"Humanities"
"1","14","14s8",8,1,24,2,1,1,2.57142857142857,3.57142857142857,2.85714285714286,1.28571428571429,2,9,0,0,1,0,1,1,0,0,,276,"victim","N2",0,1,0,0,"Control","Humanities","Humanities","reject","reject","both_reject","outgroup","ingroup",,,,"different",0,"Humanities"
"1","14","14s9",9,1,24,2,1,1,2.57142857142857,3.57142857142857,2.85714285714286,1.28571428571429,1,-9,1,1,0,2,1,0,2,0,,277,"victim","N1",0,2,1,1,"Control","Engineering","Humanities","accept","accept","both_accept","outgroup","outgroup",,,,"different",0,"Humanities"
"1","14","14s9",9,1,24,2,1,1,2.57142857142857,3.57142857142857,2.85714285714286,1.28571428571429,2,-9,1,1,2,0,1,2,0,0,,278,"victim","N2",0,2,1,1,"Control","Engineering","Humanities","accept","accept","both_accept","outgroup","outgroup",,,,"different",0,"Humanities"
"1","14","14s10",10,1,24,2,1,1,2.57142857142857,3.57142857142857,2.85714285714286,1.28571428571429,1,-3,1,1,0,2,1,0,2,0,,279,"victim","N1",0,2,1,1,"Control","Engineering","Humanities","accept","accept","both_accept","outgroup","outgroup",,,,"different",0,"Humanities"
"1","14","14s10",10,1,24,2,1,1,2.57142857142857,3.57142857142857,2.85714285714286,1.28571428571429,2,-3,1,1,2,0,1,2,0,0,,280,"victim","N2",0,2,1,1,"Control","Engineering","Humanities","accept","accept","both_accept","outgroup","outgroup",,,,"different",0,"Humanities"
"2","15","15s1",1,1,19,3,0,2,1.28571428571429,2.42857142857143,2,1.28571428571429,1,9,0,1,2,2,2,1,1,1,,281,"victim","N1",2,2,0,1,"Engineering","Engineering","Engineering","reject","accept","target_reject_other_accept","ingroup","ingroup",,,,"same",1,"Engineering"
"2","15","15s1",1,1,19,3,0,2,1.28571428571429,2.42857142857143,2,1.28571428571429,2,-9,1,0,2,2,2,1,1,1,,282,"victim","N2",2,2,0,1,"Engineering","Engineering","Engineering","accept","reject","target_accept_other_reject","ingroup","ingroup",,,,"same",1,"Engineering"
"2","15","15s2",2,1,19,3,0,2,1.28571428571429,2.42857142857143,2,1.28571428571429,1,9,0,1,0,2,2,0,1,0,,283,"victim","N1",0,2,0,1,"Control","Engineering","Engineering","reject","accept","target_reject_other_accept","outgroup","ingroup",,,,"different",0,"Engineering"
"2","15","15s2",2,1,19,3,0,2,1.28571428571429,2.42857142857143,2,1.28571428571429,2,-9,1,0,2,0,2,1,0,0,,284,"victim","N2",0,2,0,1,"Control","Engineering","Engineering","accept","reject","target_accept_other_reject","outgroup","ingroup",,,,"different",0,"Engineering"
"2","15","15s3",3,1,19,3,0,2,1.28571428571429,2.42857142857143,2,1.28571428571429,1,-9,1,0,0,1,2,0,2,0,,285,"victim","N1",0,1,1,0,"Control","Humanities","Engineering","accept","reject","target_accept_other_reject","outgroup","outgroup",,,,"different",0,"Engineering"
"2","15","15s3",3,1,19,3,0,2,1.28571428571429,2.42857142857143,2,1.28571428571429,2,9,0,1,1,0,2,2,0,0,,286,"victim","N2",0,1,1,0,"Control","Humanities","Engineering","reject","accept","target_reject_other_accept","outgroup","outgroup",,,,"different",0,"Engineering"
"2","15","15s4",4,1,19,3,0,2,1.28571428571429,2.42857142857143,2,1.28571428571429,1,-9,1,1,1,2,2,2,1,0,,287,"victim","N1",1,2,1,1,"Humanities","Engineering","Engineering","accept","accept","both_accept","outgroup","ingroup",,,,"different",0,"Engineering"
"2","15","15s4",4,1,19,3,0,2,1.28571428571429,2.42857142857143,2,1.28571428571429,2,-9,1,1,2,1,2,1,2,0,,288,"victim","N2",1,2,1,1,"Humanities","Engineering","Engineering","accept","accept","both_accept","outgroup","ingroup",,,,"different",0,"Engineering"
"2","15","15s5",5,1,19,3,0,2,1.28571428571429,2.42857142857143,2,1.28571428571429,1,9,0,0,1,0,2,2,0,0,,289,"victim","N1",1,0,0,0,"Humanities","Control","Engineering","reject","reject","both_reject","outgroup","outgroup",,,,"different",0,"Engineering"
"2","15","15s5",5,1,19,3,0,2,1.28571428571429,2.42857142857143,2,1.28571428571429,2,9,0,0,0,1,2,0,2,0,,290,"victim","N2",1,0,0,0,"Humanities","Control","Engineering","reject","reject","both_reject","outgroup","outgroup",,,,"different",0,"Engineering"
"2","16","16s6",6,1,35,3,0,1,3.42857142857143,3.14285714285714,2.71428571428571,0.428571428571428,1,9,0,1,2,2,1,2,2,1,,311,"victim","N1",2,2,0,1,"Engineering","Engineering","Humanities","reject","accept","target_reject_other_accept","outgroup","outgroup",,,,"same",1,"Humanities"
"2","16","16s6",6,1,35,3,0,1,3.42857142857143,3.14285714285714,2.71428571428571,0.428571428571428,2,-9,1,0,2,2,1,2,2,1,,312,"victim","N2",2,2,0,1,"Engineering","Engineering","Humanities","accept","reject","target_accept_other_reject","outgroup","outgroup",,,,"same",1,"Humanities"
"2","16","16s7",7,1,35,3,0,1,3.42857142857143,3.14285714285714,2.71428571428571,0.428571428571428,1,9,0,1,0,2,1,0,2,0,,313,"victim","N1",0,2,0,1,"Control","Engineering","Humanities","reject","accept","target_reject_other_accept","outgroup","outgroup",,,,"different",0,"Humanities"
"2","16","16s7",7,1,35,3,0,1,3.42857142857143,3.14285714285714,2.71428571428571,0.428571428571428,2,-9,1,0,2,0,1,2,0,0,,314,"victim","N2",0,2,0,1,"Control","Engineering","Humanities","accept","reject","target_accept_other_reject","outgroup","outgroup",,,,"different",0,"Humanities"
"2","16","16s8",8,1,35,3,0,1,3.42857142857143,3.14285714285714,2.71428571428571,0.428571428571428,1,9,0,1,1,0,1,1,0,0,,315,"victim","N1",1,0,0,1,"Humanities","Control","Humanities","reject","accept","target_reject_other_accept","ingroup","outgroup",,,,"different",0,"Humanities"
"2","16","16s8",8,1,35,3,0,1,3.42857142857143,3.14285714285714,2.71428571428571,0.428571428571428,2,-9,1,0,0,1,1,0,1,0,,316,"victim","N2",1,0,0,1,"Humanities","Control","Humanities","accept","reject","target_accept_other_reject","ingroup","outgroup",,,,"different",0,"Humanities"
"2","16","16s9",9,1,35,3,0,1,3.42857142857143,3.14285714285714,2.71428571428571,0.428571428571428,1,-9,1,1,1,0,1,1,0,0,,317,"victim","N1",1,0,1,1,"Humanities","Control","Humanities","accept","accept","both_accept","ingroup","outgroup",,,,"different",0,"Humanities"
"2","16","16s9",9,1,35,3,0,1,3.42857142857143,3.14285714285714,2.71428571428571,0.428571428571428,2,-9,1,1,0,1,1,0,1,0,,318,"victim","N2",1,0,1,1,"Humanities","Control","Humanities","accept","accept","both_accept","ingroup","outgroup",,,,"different",0,"Humanities"
"2","16","16s10",10,1,35,3,0,1,3.42857142857143,3.14285714285714,2.71428571428571,0.428571428571428,1,9,0,0,1,0,1,1,0,0,,319,"victim","N1",1,0,0,0,"Humanities","Control","Humanities","reject","reject","both_reject","ingroup","outgroup",,,,"different",0,"Humanities"
"2","16","16s10",10,1,35,3,0,1,3.42857142857143,3.14285714285714,2.71428571428571,0.428571428571428,2,9,0,0,0,1,1,0,1,0,,320,"victim","N2",1,0,0,0,"Humanities","Control","Humanities","reject","reject","both_reject","ingroup","outgroup",,,,"different",0,"Humanities"
"2","17","17s6",6,1,20,1,1,1,3.85714285714286,4,3.42857142857143,0.571428571428571,1,9,0,1,2,2,1,2,2,1,,331,"victim","N1",2,2,0,1,"Engineering","Engineering","Humanities","reject","accept","target_reject_other_accept","outgroup","outgroup",,,,"same",1,"Humanities"
"2","17","17s6",6,1,20,1,1,1,3.85714285714286,4,3.42857142857143,0.571428571428571,2,-9,1,0,2,2,1,2,2,1,,332,"victim","N2",2,2,0,1,"Engineering","Engineering","Humanities","accept","reject","target_accept_other_reject","outgroup","outgroup",,,,"same",1,"Humanities"
"2","17","17s7",7,1,20,1,1,1,3.85714285714286,4,3.42857142857143,0.571428571428571,1,-9,1,1,2,0,1,2,0,0,,333,"victim","N1",2,0,1,1,"Engineering","Control","Humanities","accept","accept","both_accept","outgroup","outgroup",,,,"different",0,"Humanities"
"2","17","17s7",7,1,20,1,1,1,3.85714285714286,4,3.42857142857143,0.571428571428571,2,-9,1,1,0,2,1,0,2,0,,334,"victim","N2",2,0,1,1,"Engineering","Control","Humanities","accept","accept","both_accept","outgroup","outgroup",,,,"different",0,"Humanities"
"2","17","17s8",8,1,20,1,1,1,3.85714285714286,4,3.42857142857143,0.571428571428571,1,9,0,1,2,1,1,2,1,0,,335,"victim","N1",2,1,0,1,"Engineering","Humanities","Humanities","reject","accept","target_reject_other_accept","outgroup","ingroup",,,,"different",0,"Humanities"
"2","17","17s8",8,1,20,1,1,1,3.85714285714286,4,3.42857142857143,0.571428571428571,2,-9,1,0,1,2,1,1,2,0,,336,"victim","N2",2,1,0,1,"Engineering","Humanities","Humanities","accept","reject","target_accept_other_reject","outgroup","ingroup",,,,"different",0,"Humanities"
"2","17","17s9",9,1,20,1,1,1,3.85714285714286,4,3.42857142857143,0.571428571428571,1,-9,1,1,1,0,1,1,0,0,,337,"victim","N1",1,0,1,1,"Humanities","Control","Humanities","accept","accept","both_accept","ingroup","outgroup",,,,"different",0,"Humanities"
"2","17","17s9",9,1,20,1,1,1,3.85714285714286,4,3.42857142857143,0.571428571428571,2,-9,1,1,0,1,1,0,1,0,,338,"victim","N2",1,0,1,1,"Humanities","Control","Humanities","accept","accept","both_accept","ingroup","outgroup",,,,"different",0,"Humanities"
"2","17","17s10",10,1,20,1,1,1,3.85714285714286,4,3.42857142857143,0.571428571428571,1,9,0,1,2,0,1,2,0,0,,339,"victim","N1",2,0,0,1,"Engineering","Control","Humanities","reject","accept","target_reject_other_accept","outgroup","outgroup",,,,"different",0,"Humanities"
"2","17","17s10",10,1,20,1,1,1,3.85714285714286,4,3.42857142857143,0.571428571428571,2,-9,1,0,0,2,1,0,2,0,,340,"victim","N2",2,0,0,1,"Engineering","Control","Humanities","accept","reject","target_accept_other_reject","outgroup","outgroup",,,,"different",0,"Humanities"
"2","18","18s6",6,1,18,2,1,1,2.28571428571429,3.14285714285714,2.85714285714286,1.42857142857143,1,6,0,0,1,1,1,1,1,1,,351,"victim","N1",1,1,0,0,"Humanities","Humanities","Humanities","reject","reject","both_reject","ingroup","ingroup",,,,"same",1,"Humanities"
"2","18","18s6",6,1,18,2,1,1,2.28571428571429,3.14285714285714,2.85714285714286,1.42857142857143,2,6,0,0,1,1,1,1,1,1,,352,"victim","N2",1,1,0,0,"Humanities","Humanities","Humanities","reject","reject","both_reject","ingroup","ingroup",,,,"same",1,"Humanities"
"2","18","18s7",7,1,18,2,1,1,2.28571428571429,3.14285714285714,2.85714285714286,1.42857142857143,1,-7,1,1,0,2,1,0,2,0,,353,"victim","N1",0,2,1,1,"Control","Engineering","Humanities","accept","accept","both_accept","outgroup","outgroup",,,,"different",0,"Humanities"
"2","18","18s7",7,1,18,2,1,1,2.28571428571429,3.14285714285714,2.85714285714286,1.42857142857143,2,-7,1,1,2,0,1,2,0,0,,354,"victim","N2",0,2,1,1,"Control","Engineering","Humanities","accept","accept","both_accept","outgroup","outgroup",,,,"different",0,"Humanities"
"2","18","18s8",8,1,18,2,1,1,2.28571428571429,3.14285714285714,2.85714285714286,1.42857142857143,1,-6,1,0,1,0,1,1,0,0,,355,"victim","N1",1,0,1,0,"Humanities","Control","Humanities","accept","reject","target_accept_other_reject","ingroup","outgroup",,,,"different",0,"Humanities"
"2","18","18s8",8,1,18,2,1,1,2.28571428571429,3.14285714285714,2.85714285714286,1.42857142857143,2,6,0,1,0,1,1,0,1,0,,356,"victim","N2",1,0,1,0,"Humanities","Control","Humanities","reject","accept","target_reject_other_accept","ingroup","outgroup",,,,"different",0,"Humanities"
"2","18","18s9",9,1,18,2,1,1,2.28571428571429,3.14285714285714,2.85714285714286,1.42857142857143,1,6,0,1,0,1,1,0,1,0,,357,"victim","N1",0,1,0,1,"Control","Humanities","Humanities","reject","accept","target_reject_other_accept","outgroup","ingroup",,,,"different",0,"Humanities"
"2","18","18s9",9,1,18,2,1,1,2.28571428571429,3.14285714285714,2.85714285714286,1.42857142857143,2,-6,1,0,1,0,1,1,0,0,,358,"victim","N2",0,1,0,1,"Control","Humanities","Humanities","accept","reject","target_accept_other_reject","outgroup","ingroup",,,,"different",0,"Humanities"
"2","18","18s10",10,1,18,2,1,1,2.28571428571429,3.14285714285714,2.85714285714286,1.42857142857143,1,8,0,0,1,2,1,1,2,0,,359,"victim","N1",1,2,0,0,"Humanities","Engineering","Humanities","reject","reject","both_reject","ingroup","outgroup",,,,"different",0,"Humanities"
"2","18","18s10",10,1,18,2,1,1,2.28571428571429,3.14285714285714,2.85714285714286,1.42857142857143,2,8,0,0,2,1,1,2,1,0,,360,"victim","N2",1,2,0,0,"Humanities","Engineering","Humanities","reject","reject","both_reject","ingroup","outgroup",,,,"different",0,"Humanities"
"2","19","19s1",1,1,19,2,0,2,3.57142857142857,2.85714285714286,3.42857142857143,1,1,9,0,1,2,1,2,1,2,0,,361,"victim","N1",2,1,0,1,"Engineering","Humanities","Engineering","reject","accept","target_reject_other_accept","ingroup","outgroup",,,,"different",0,"Engineering"
"2","19","19s1",1,1,19,2,0,2,3.57142857142857,2.85714285714286,3.42857142857143,1,2,-9,1,0,1,2,2,2,1,0,,362,"victim","N2",2,1,0,1,"Engineering","Humanities","Engineering","accept","reject","target_accept_other_reject","ingroup","outgroup",,,,"different",0,"Engineering"
"2","19","19s2",2,1,19,2,0,2,3.57142857142857,2.85714285714286,3.42857142857143,1,1,9,0,1,0,1,2,0,2,0,,363,"victim","N1",0,1,0,1,"Control","Humanities","Engineering","reject","accept","target_reject_other_accept","outgroup","outgroup",,,,"different",0,"Engineering"
"2","19","19s2",2,1,19,2,0,2,3.57142857142857,2.85714285714286,3.42857142857143,1,2,-9,1,0,1,0,2,2,0,0,,364,"victim","N2",0,1,0,1,"Control","Humanities","Engineering","accept","reject","target_accept_other_reject","outgroup","outgroup",,,,"different",0,"Engineering"
"2","19","19s3",3,1,19,2,0,2,3.57142857142857,2.85714285714286,3.42857142857143,1,1,9,0,1,2,0,2,1,0,0,,365,"victim","N1",2,0,0,1,"Engineering","Control","Engineering","reject","accept","target_reject_other_accept","ingroup","outgroup",,,,"different",0,"Engineering"
"2","19","19s3",3,1,19,2,0,2,3.57142857142857,2.85714285714286,3.42857142857143,1,2,-9,1,0,0,2,2,0,1,0,,366,"victim","N2",2,0,0,1,"Engineering","Control","Engineering","accept","reject","target_accept_other_reject","ingroup","outgroup",,,,"different",0,"Engineering"
"2","19","19s4",4,1,19,2,0,2,3.57142857142857,2.85714285714286,3.42857142857143,1,1,9,0,0,1,0,2,2,0,0,,367,"victim","N1",1,0,0,0,"Humanities","Control","Engineering","reject","reject","both_reject","outgroup","outgroup",,,,"different",0,"Engineering"
"2","19","19s4",4,1,19,2,0,2,3.57142857142857,2.85714285714286,3.42857142857143,1,2,9,0,0,0,1,2,0,2,0,,368,"victim","N2",1,0,0,0,"Humanities","Control","Engineering","reject","reject","both_reject","outgroup","outgroup",,,,"different",0,"Engineering"
"2","19","19s5",5,1,19,2,0,2,3.57142857142857,2.85714285714286,3.42857142857143,1,1,-9,1,0,0,2,2,0,1,0,,369,"victim","N1",0,2,1,0,"Control","Engineering","Engineering","accept","reject","target_accept_other_reject","outgroup","ingroup",,,,"different",0,"Engineering"
"2","19","19s5",5,1,19,2,0,2,3.57142857142857,2.85714285714286,3.42857142857143,1,2,9,0,1,2,0,2,1,0,0,,370,"victim","N2",0,2,1,0,"Control","Engineering","Engineering","reject","accept","target_reject_other_accept","outgroup","ingroup",,,,"different",0,"Engineering"
"2","20","20s6",6,1,19,1,0,1,1.14285714285714,1.71428571428571,3.28571428571429,1.14285714285714,1,9,0,0,2,0,1,2,0,0,,391,"victim","N1",2,0,0,0,"Engineering","Control","Humanities","reject","reject","both_reject","outgroup","outgroup",,,,"different",0,"Humanities"
"2","20","20s6",6,1,19,1,0,1,1.14285714285714,1.71428571428571,3.28571428571429,1.14285714285714,2,9,0,0,0,2,1,0,2,0,,392,"victim","N2",2,0,0,0,"Engineering","Control","Humanities","reject","reject","both_reject","outgroup","outgroup",,,,"different",0,"Humanities"
"2","20","20s7",7,1,19,1,0,1,1.14285714285714,1.71428571428571,3.28571428571429,1.14285714285714,1,-9,0,1,0,1,1,0,1,0,,393,"victim","N1",0,1,0,1,"Control","Humanities","Humanities","reject","accept","target_reject_other_accept","outgroup","ingroup",,,,"different",0,"Humanities"
"2","20","20s7",7,1,19,1,0,1,1.14285714285714,1.71428571428571,3.28571428571429,1.14285714285714,2,9,1,0,1,0,1,1,0,0,,394,"victim","N2",0,1,0,1,"Control","Humanities","Humanities","accept","reject","target_accept_other_reject","outgroup","ingroup",,,,"different",0,"Humanities"
"2","20","20s8",8,1,19,1,0,1,1.14285714285714,1.71428571428571,3.28571428571429,1.14285714285714,1,9,0,1,1,1,1,1,1,1,,395,"victim","N1",1,1,0,1,"Humanities","Humanities","Humanities","reject","accept","target_reject_other_accept","ingroup","ingroup",,,,"same",1,"Humanities"
"2","20","20s8",8,1,19,1,0,1,1.14285714285714,1.71428571428571,3.28571428571429,1.14285714285714,2,-9,1,0,1,1,1,1,1,1,,396,"victim","N2",1,1,0,1,"Humanities","Humanities","Humanities","accept","reject","target_accept_other_reject","ingroup","ingroup",,,,"same",1,"Humanities"
"2","20","20s9",9,1,19,1,0,1,1.14285714285714,1.71428571428571,3.28571428571429,1.14285714285714,1,0,1,1,0,2,1,0,2,0,,397,"victim","N1",0,2,1,1,"Control","Engineering","Humanities","accept","accept","both_accept","outgroup","outgroup",,,,"different",0,"Humanities"
"2","20","20s9",9,1,19,1,0,1,1.14285714285714,1.71428571428571,3.28571428571429,1.14285714285714,2,0,1,1,2,0,1,2,0,0,,398,"victim","N2",0,2,1,1,"Control","Engineering","Humanities","accept","accept","both_accept","outgroup","outgroup",,,,"different",0,"Humanities"
"2","20","20s10",10,1,19,1,0,1,1.14285714285714,1.71428571428571,3.28571428571429,1.14285714285714,1,9,0,0,2,2,1,2,2,1,,399,"victim","N1",2,2,0,0,"Engineering","Engineering","Humanities","reject","reject","both_reject","outgroup","outgroup",,,,"same",1,"Humanities"
"2","20","20s10",10,1,19,1,0,1,1.14285714285714,1.71428571428571,3.28571428571429,1.14285714285714,2,9,0,0,2,2,1,2,2,1,,400,"victim","N2",2,2,0,0,"Engineering","Engineering","Humanities","reject","reject","both_reject","outgroup","outgroup",,,,"same",1,"Humanities"
"2","21","21s1",1,1,19,2,0,2,1.85714285714286,2,2.28571428571429,1.85714285714286,1,-3,1,1,2,2,2,1,1,1,,401,"victim","N1",2,2,1,1,"Engineering","Engineering","Engineering","accept","accept","both_accept","ingroup","ingroup",,,,"same",1,"Engineering"
"2","21","21s1",1,1,19,2,0,2,1.85714285714286,2,2.28571428571429,1.85714285714286,2,-3,1,1,2,2,2,1,1,1,,402,"victim","N2",2,2,1,1,"Engineering","Engineering","Engineering","accept","accept","both_accept","ingroup","ingroup",,,,"same",1,"Engineering"
"2","21","21s2",2,1,19,2,0,2,1.85714285714286,2,2.28571428571429,1.85714285714286,1,3,0,0,2,2,2,1,1,1,,403,"victim","N1",2,2,0,0,"Engineering","Engineering","Engineering","reject","reject","both_reject","ingroup","ingroup",,,,"same",1,"Engineering"
"2","21","21s2",2,1,19,2,0,2,1.85714285714286,2,2.28571428571429,1.85714285714286,2,3,0,0,2,2,2,1,1,1,,404,"victim","N2",2,2,0,0,"Engineering","Engineering","Engineering","reject","reject","both_reject","ingroup","ingroup",,,,"same",1,"Engineering"
"2","21","21s3",3,1,19,2,0,2,1.85714285714286,2,2.28571428571429,1.85714285714286,1,5,0,1,2,0,2,1,0,0,,405,"victim","N1",2,0,0,1,"Engineering","Control","Engineering","reject","accept","target_reject_other_accept","ingroup","outgroup",,,,"different",0,"Engineering"
"2","21","21s3",3,1,19,2,0,2,1.85714285714286,2,2.28571428571429,1.85714285714286,2,-5,1,0,0,2,2,0,1,0,,406,"victim","N2",2,0,0,1,"Engineering","Control","Engineering","accept","reject","target_accept_other_reject","ingroup","outgroup",,,,"different",0,"Engineering"
"2","21","21s4",4,1,19,2,0,2,1.85714285714286,2,2.28571428571429,1.85714285714286,1,-5,1,0,0,2,2,0,1,0,,407,"victim","N1",0,2,1,0,"Control","Engineering","Engineering","accept","reject","target_accept_other_reject","outgroup","ingroup",,,,"different",0,"Engineering"
"2","21","21s4",4,1,19,2,0,2,1.85714285714286,2,2.28571428571429,1.85714285714286,2,5,0,1,2,0,2,1,0,0,,408,"victim","N2",0,2,1,0,"Control","Engineering","Engineering","reject","accept","target_reject_other_accept","outgroup","ingroup",,,,"different",0,"Engineering"
"2","21","21s5",5,1,19,2,0,2,1.85714285714286,2,2.28571428571429,1.85714285714286,1,-5,1,0,0,0,2,0,0,1,,409,"victim","N1",0,0,1,0,"Control","Control","Engineering","accept","reject","target_accept_other_reject","outgroup","outgroup",,,,"same",1,"Engineering"
"2","21","21s5",5,1,19,2,0,2,1.85714285714286,2,2.28571428571429,1.85714285714286,2,5,0,1,0,0,2,0,0,1,,410,"victim","N2",0,0,1,0,"Control","Control","Engineering","reject","accept","target_reject_other_accept","outgroup","outgroup",,,,"same",1,"Engineering"
"2","22","22s6",6,1,18,3,0,2,1.57142857142857,3,4,0.857142857142857,1,9,0,0,1,1,2,2,2,1,,431,"victim","N1",1,1,0,0,"Humanities","Humanities","Engineering","reject","reject","both_reject","outgroup","outgroup",,,,"same",1,"Engineering"
"2","22","22s6",6,1,18,3,0,2,1.57142857142857,3,4,0.857142857142857,2,9,0,0,1,1,2,2,2,1,,432,"victim","N2",1,1,0,0,"Humanities","Humanities","Engineering","reject","reject","both_reject","outgroup","outgroup",,,,"same",1,"Engineering"
"2","22","22s7",7,1,18,3,0,2,1.57142857142857,3,4,0.857142857142857,1,9,0,0,2,1,2,1,2,0,,433,"victim","N1",2,1,0,0,"Engineering","Humanities","Engineering","reject","reject","both_reject","ingroup","outgroup",,,,"different",0,"Engineering"
"2","22","22s7",7,1,18,3,0,2,1.57142857142857,3,4,0.857142857142857,2,9,0,0,1,2,2,2,1,0,,434,"victim","N2",2,1,0,0,"Engineering","Humanities","Engineering","reject","reject","both_reject","ingroup","outgroup",,,,"different",0,"Engineering"
"2","22","22s8",8,1,18,3,0,2,1.57142857142857,3,4,0.857142857142857,1,-9,1,1,0,2,2,0,1,0,,435,"victim","N1",0,2,1,1,"Control","Engineering","Engineering","accept","accept","both_accept","outgroup","ingroup",,,,"different",0,"Engineering"
"2","22","22s8",8,1,18,3,0,2,1.57142857142857,3,4,0.857142857142857,2,-9,1,1,2,0,2,1,0,0,,436,"victim","N2",0,2,1,1,"Control","Engineering","Engineering","accept","accept","both_accept","outgroup","ingroup",,,,"different",0,"Engineering"
"2","22","22s9",9,1,18,3,0,2,1.57142857142857,3,4,0.857142857142857,1,-9,1,0,0,1,2,0,2,0,,437,"victim","N1",0,1,1,0,"Control","Humanities","Engineering","accept","reject","target_accept_other_reject","outgroup","outgroup",,,,"different",0,"Engineering"
"2","22","22s9",9,1,18,3,0,2,1.57142857142857,3,4,0.857142857142857,2,9,0,1,1,0,2,2,0,0,,438,"victim","N2",0,1,1,0,"Control","Humanities","Engineering","reject","accept","target_reject_other_accept","outgroup","outgroup",,,,"different",0,"Engineering"
"2","22","22s10",10,1,18,3,0,2,1.57142857142857,3,4,0.857142857142857,1,-9,1,1,0,2,2,0,1,0,,439,"victim","N1",0,2,1,1,"Control","Engineering","Engineering","accept","accept","both_accept","outgroup","ingroup",,,,"different",0,"Engineering"
"2","22","22s10",10,1,18,3,0,2,1.57142857142857,3,4,0.857142857142857,2,-9,1,1,2,0,2,1,0,0,,440,"victim","N2",0,2,1,1,"Control","Engineering","Engineering","accept","accept","both_accept","outgroup","ingroup",,,,"different",0,"Engineering"
"2","23","23s6",6,1,18,3,1,2,2.28571428571429,1.71428571428571,1.85714285714286,1.57142857142857,1,4,0,1,1,1,2,2,2,1,,451,"victim","N1",1,1,0,1,"Humanities","Humanities","Engineering","reject","accept","target_reject_other_accept","outgroup","outgroup",,,,"same",1,"Engineering"
"2","23","23s6",6,1,18,3,1,2,2.28571428571429,1.71428571428571,1.85714285714286,1.57142857142857,2,7,1,0,1,1,2,2,2,1,,452,"victim","N2",1,1,0,1,"Humanities","Humanities","Engineering","accept","reject","target_accept_other_reject","outgroup","outgroup",,,,"same",1,"Engineering"
"2","23","23s7",7,1,18,3,1,2,2.28571428571429,1.71428571428571,1.85714285714286,1.57142857142857,1,8,1,1,2,1,2,1,2,0,,453,"victim","N1",2,1,1,1,"Engineering","Humanities","Engineering","accept","accept","both_accept","ingroup","outgroup",,,,"different",0,"Engineering"
"2","23","23s7",7,1,18,3,1,2,2.28571428571429,1.71428571428571,1.85714285714286,1.57142857142857,2,8,1,1,1,2,2,2,1,0,,454,"victim","N2",2,1,1,1,"Engineering","Humanities","Engineering","accept","accept","both_accept","ingroup","outgroup",,,,"different",0,"Engineering"
"2","23","23s8",8,1,18,3,1,2,2.28571428571429,1.71428571428571,1.85714285714286,1.57142857142857,1,-3,0,0,2,1,2,1,2,0,,455,"victim","N1",2,1,0,0,"Engineering","Humanities","Engineering","reject","reject","both_reject","ingroup","outgroup",,,,"different",0,"Engineering"
"2","23","23s8",8,1,18,3,1,2,2.28571428571429,1.71428571428571,1.85714285714286,1.57142857142857,2,-3,0,0,1,2,2,2,1,0,,456,"victim","N2",2,1,0,0,"Engineering","Humanities","Engineering","reject","reject","both_reject","ingroup","outgroup",,,,"different",0,"Engineering"
"2","23","23s9",9,1,18,3,1,2,2.28571428571429,1.71428571428571,1.85714285714286,1.57142857142857,1,-1,0,1,0,0,2,0,0,1,,457,"victim","N1",0,0,0,1,"Control","Control","Engineering","reject","accept","target_reject_other_accept","outgroup","outgroup",,,,"same",1,"Engineering"
"2","23","23s9",9,1,18,3,1,2,2.28571428571429,1.71428571428571,1.85714285714286,1.57142857142857,2,5,1,0,0,0,2,0,0,1,,458,"victim","N2",0,0,0,1,"Control","Control","Engineering","accept","reject","target_accept_other_reject","outgroup","outgroup",,,,"same",1,"Engineering"
"2","23","23s10",10,1,18,3,1,2,2.28571428571429,1.71428571428571,1.85714285714286,1.57142857142857,1,8,1,1,2,0,2,1,0,0,,459,"victim","N1",2,0,1,1,"Engineering","Control","Engineering","accept","accept","both_accept","ingroup","outgroup",,,,"different",0,"Engineering"
"2","23","23s10",10,1,18,3,1,2,2.28571428571429,1.71428571428571,1.85714285714286,1.57142857142857,2,8,1,1,0,2,2,0,1,0,,460,"victim","N2",2,0,1,1,"Engineering","Control","Engineering","accept","accept","both_accept","ingroup","outgroup",,,,"different",0,"Engineering"
"2","24","24s6",6,1,19,2,0,2,1.42857142857143,2.28571428571429,2.14285714285714,1.28571428571429,1,9,0,0,2,2,2,1,1,1,,471,"victim","N1",2,2,0,0,"Engineering","Engineering","Engineering","reject","reject","both_reject","ingroup","ingroup",,,,"same",1,"Engineering"
"2","24","24s6",6,1,19,2,0,2,1.42857142857143,2.28571428571429,2.14285714285714,1.28571428571429,2,9,0,0,2,2,2,1,1,1,,472,"victim","N2",2,2,0,0,"Engineering","Engineering","Engineering","reject","reject","both_reject","ingroup","ingroup",,,,"same",1,"Engineering"
"2","24","24s7",7,1,19,2,0,2,1.42857142857143,2.28571428571429,2.14285714285714,1.28571428571429,1,-9,1,1,1,0,2,2,0,0,,473,"victim","N1",1,0,1,1,"Humanities","Control","Engineering","accept","accept","both_accept","outgroup","outgroup",,,,"different",0,"Engineering"
"2","24","24s7",7,1,19,2,0,2,1.42857142857143,2.28571428571429,2.14285714285714,1.28571428571429,2,-9,1,1,0,1,2,0,2,0,,474,"victim","N2",1,0,1,1,"Humanities","Control","Engineering","accept","accept","both_accept","outgroup","outgroup",,,,"different",0,"Engineering"
"2","24","24s8",8,1,19,2,0,2,1.42857142857143,2.28571428571429,2.14285714285714,1.28571428571429,1,-9,1,0,1,2,2,2,1,0,,475,"victim","N1",1,2,1,0,"Humanities","Engineering","Engineering","accept","reject","target_accept_other_reject","outgroup","ingroup",,,,"different",0,"Engineering"
"2","24","24s8",8,1,19,2,0,2,1.42857142857143,2.28571428571429,2.14285714285714,1.28571428571429,2,9,0,1,2,1,2,1,2,0,,476,"victim","N2",1,2,1,0,"Humanities","Engineering","Engineering","reject","accept","target_reject_other_accept","outgroup","ingroup",,,,"different",0,"Engineering"
"2","24","24s9",9,1,19,2,0,2,1.42857142857143,2.28571428571429,2.14285714285714,1.28571428571429,1,9,0,0,0,0,2,0,0,1,,477,"victim","N1",0,0,0,0,"Control","Control","Engineering","reject","reject","both_reject","outgroup","outgroup",,,,"same",1,"Engineering"
"2","24","24s9",9,1,19,2,0,2,1.42857142857143,2.28571428571429,2.14285714285714,1.28571428571429,2,9,0,0,0,0,2,0,0,1,,478,"victim","N2",0,0,0,0,"Control","Control","Engineering","reject","reject","both_reject","outgroup","outgroup",,,,"same",1,"Engineering"
"2","24","24s10",10,1,19,2,0,2,1.42857142857143,2.28571428571429,2.14285714285714,1.28571428571429,1,-9,1,1,0,2,2,0,1,0,,479,"victim","N1",0,2,1,1,"Control","Engineering","Engineering","accept","accept","both_accept","outgroup","ingroup",,,,"different",0,"Engineering"
"2","24","24s10",10,1,19,2,0,2,1.42857142857143,2.28571428571429,2.14285714285714,1.28571428571429,2,-9,1,1,2,0,2,1,0,0,,480,"victim","N2",0,2,1,1,"Control","Engineering","Engineering","accept","accept","both_accept","outgroup","ingroup",,,,"different",0,"Engineering"
"3","25","25s1",1,1,18,2,1,2,3,3.42857142857143,3.42857142857143,2,1,9,0,0,2,2,2,1,1,1,,481,"victim","N1",2,2,0,0,"Engineering","Engineering","Engineering","reject","reject","both_reject","ingroup","ingroup",,,,"same",1,"Engineering"
"3","25","25s1",1,1,18,2,1,2,3,3.42857142857143,3.42857142857143,2,2,9,0,0,2,2,2,1,1,1,,482,"victim","N2",2,2,0,0,"Engineering","Engineering","Engineering","reject","reject","both_reject","ingroup","ingroup",,,,"same",1,"Engineering"
"3","25","25s2",2,1,18,2,1,2,3,3.42857142857143,3.42857142857143,2,1,9,0,1,0,0,2,0,0,1,,483,"victim","N1",0,0,0,1,"Control","Control","Engineering","reject","accept","target_reject_other_accept","outgroup","outgroup",,,,"same",1,"Engineering"
"3","25","25s2",2,1,18,2,1,2,3,3.42857142857143,3.42857142857143,2,2,0,1,0,0,0,2,0,0,1,,484,"victim","N2",0,0,0,1,"Control","Control","Engineering","accept","reject","target_accept_other_reject","outgroup","outgroup",,,,"same",1,"Engineering"
"3","25","25s3",3,1,18,2,1,2,3,3.42857142857143,3.42857142857143,2,1,0,1,0,2,1,2,1,2,0,,485,"victim","N1",2,1,1,0,"Engineering","Humanities","Engineering","accept","reject","target_accept_other_reject","ingroup","outgroup",,,,"different",0,"Engineering"
"3","25","25s3",3,1,18,2,1,2,3,3.42857142857143,3.42857142857143,2,2,9,0,1,1,2,2,2,1,0,,486,"victim","N2",2,1,1,0,"Engineering","Humanities","Engineering","reject","accept","target_reject_other_accept","ingroup","outgroup",,,,"different",0,"Engineering"
"3","25","25s4",4,1,18,2,1,2,3,3.42857142857143,3.42857142857143,2,1,9,0,0,2,0,2,1,0,0,,487,"victim","N1",2,0,0,0,"Engineering","Control","Engineering","reject","reject","both_reject","ingroup","outgroup",,,,"different",0,"Engineering"
"3","25","25s4",4,1,18,2,1,2,3,3.42857142857143,3.42857142857143,2,2,9,0,0,0,2,2,0,1,0,,488,"victim","N2",2,0,0,0,"Engineering","Control","Engineering","reject","reject","both_reject","ingroup","outgroup",,,,"different",0,"Engineering"
"3","25","25s5",5,1,18,2,1,2,3,3.42857142857143,3.42857142857143,2,1,9,0,1,2,1,2,1,2,0,,489,"victim","N1",2,1,0,1,"Engineering","Humanities","Engineering","reject","accept","target_reject_other_accept","ingroup","outgroup",,,,"different",0,"Engineering"
"3","25","25s5",5,1,18,2,1,2,3,3.42857142857143,3.42857142857143,2,2,0,1,0,1,2,2,2,1,0,,490,"victim","N2",2,1,0,1,"Engineering","Humanities","Engineering","accept","reject","target_accept_other_reject","ingroup","outgroup",,,,"different",0,"Engineering"
"3","26","26s6",6,1,18,2,1,1,2.71428571428571,3.42857142857143,3.28571428571429,1.28571428571429,1,9,0,1,0,1,1,0,1,0,,511,"victim","N1",0,1,0,1,"Control","Humanities","Humanities","reject","accept","target_reject_other_accept","outgroup","ingroup",,,,"different",0,"Humanities"
"3","26","26s6",6,1,18,2,1,1,2.71428571428571,3.42857142857143,3.28571428571429,1.28571428571429,2,-8,1,0,1,0,1,1,0,0,,512,"victim","N2",0,1,0,1,"Control","Humanities","Humanities","accept","reject","target_accept_other_reject","outgroup","ingroup",,,,"different",0,"Humanities"
"3","26","26s7",7,1,18,2,1,1,2.71428571428571,3.42857142857143,3.28571428571429,1.28571428571429,1,-5,1,1,0,1,1,0,1,0,,513,"victim","N1",0,1,1,1,"Control","Humanities","Humanities","accept","accept","both_accept","outgroup","ingroup",,,,"different",0,"Humanities"
"3","26","26s7",7,1,18,2,1,1,2.71428571428571,3.42857142857143,3.28571428571429,1.28571428571429,2,-5,1,1,1,0,1,1,0,0,,514,"victim","N2",0,1,1,1,"Control","Humanities","Humanities","accept","accept","both_accept","outgroup","ingroup",,,,"different",0,"Humanities"
"3","26","26s8",8,1,18,2,1,1,2.71428571428571,3.42857142857143,3.28571428571429,1.28571428571429,1,9,0,0,1,0,1,1,0,0,,515,"victim","N1",1,0,0,0,"Humanities","Control","Humanities","reject","reject","both_reject","ingroup","outgroup",,,,"different",0,"Humanities"
"3","26","26s8",8,1,18,2,1,1,2.71428571428571,3.42857142857143,3.28571428571429,1.28571428571429,2,9,0,0,0,1,1,0,1,0,,516,"victim","N2",1,0,0,0,"Humanities","Control","Humanities","reject","reject","both_reject","ingroup","outgroup",,,,"different",0,"Humanities"
"3","26","26s9",9,1,18,2,1,1,2.71428571428571,3.42857142857143,3.28571428571429,1.28571428571429,1,-9,1,1,0,0,1,0,0,1,,517,"victim","N1",0,0,1,1,"Control","Control","Humanities","accept","accept","both_accept","outgroup","outgroup",,,,"same",1,"Humanities"
"3","26","26s9",9,1,18,2,1,1,2.71428571428571,3.42857142857143,3.28571428571429,1.28571428571429,2,-9,1,1,0,0,1,0,0,1,,518,"victim","N2",0,0,1,1,"Control","Control","Humanities","accept","accept","both_accept","outgroup","outgroup",,,,"same",1,"Humanities"
"3","26","26s10",10,1,18,2,1,1,2.71428571428571,3.42857142857143,3.28571428571429,1.28571428571429,1,-8,1,0,1,2,1,1,2,0,,519,"victim","N1",1,2,1,0,"Humanities","Engineering","Humanities","accept","reject","target_accept_other_reject","ingroup","outgroup",,,,"different",0,"Humanities"
"3","26","26s10",10,1,18,2,1,1,2.71428571428571,3.42857142857143,3.28571428571429,1.28571428571429,2,8,0,1,2,1,1,2,1,0,,520,"victim","N2",1,2,1,0,"Humanities","Engineering","Humanities","reject","accept","target_reject_other_accept","ingroup","outgroup",,,,"different",0,"Humanities"
"3","27","27s1",1,1,18,3,0,2,3.57142857142857,1.42857142857143,2.85714285714286,0,1,9,0,0,0,1,2,0,2,0,,521,"victim","N1",0,1,0,0,"Control","Humanities","Engineering","reject","reject","both_reject","outgroup","outgroup",,,,"different",0,"Engineering"
"3","27","27s1",1,1,18,3,0,2,3.57142857142857,1.42857142857143,2.85714285714286,0,2,9,0,0,1,0,2,2,0,0,,522,"victim","N2",0,1,0,0,"Control","Humanities","Engineering","reject","reject","both_reject","outgroup","outgroup",,,,"different",0,"Engineering"
"3","27","27s2",2,1,18,3,0,2,3.57142857142857,1.42857142857143,2.85714285714286,0,1,-9,1,0,2,0,2,1,0,0,,523,"victim","N1",2,0,1,0,"Engineering","Control","Engineering","accept","reject","target_accept_other_reject","ingroup","outgroup",,,,"different",0,"Engineering"
"3","27","27s2",2,1,18,3,0,2,3.57142857142857,1.42857142857143,2.85714285714286,0,2,9,0,1,0,2,2,0,1,0,,524,"victim","N2",2,0,1,0,"Engineering","Control","Engineering","reject","accept","target_reject_other_accept","ingroup","outgroup",,,,"different",0,"Engineering"
"3","27","27s3",3,1,18,3,0,2,3.57142857142857,1.42857142857143,2.85714285714286,0,1,-9,1,1,1,1,2,2,2,1,,525,"victim","N1",1,1,1,1,"Humanities","Humanities","Engineering","accept","accept","both_accept","outgroup","outgroup",,,,"same",1,"Engineering"
"3","27","27s3",3,1,18,3,0,2,3.57142857142857,1.42857142857143,2.85714285714286,0,2,-9,1,1,1,1,2,2,2,1,,526,"victim","N2",1,1,1,1,"Humanities","Humanities","Engineering","accept","accept","both_accept","outgroup","outgroup",,,,"same",1,"Engineering"
"3","27","27s4",4,1,18,3,0,2,3.57142857142857,1.42857142857143,2.85714285714286,0,1,9,0,1,0,1,2,0,2,0,,527,"victim","N1",0,1,0,1,"Control","Humanities","Engineering","reject","accept","target_reject_other_accept","outgroup","outgroup",,,,"different",0,"Engineering"
"3","27","27s4",4,1,18,3,0,2,3.57142857142857,1.42857142857143,2.85714285714286,0,2,-9,1,0,1,0,2,2,0,0,,528,"victim","N2",0,1,0,1,"Control","Humanities","Engineering","accept","reject","target_accept_other_reject","outgroup","outgroup",,,,"different",0,"Engineering"
"3","27","27s5",5,1,18,3,0,2,3.57142857142857,1.42857142857143,2.85714285714286,0,1,-9,1,1,0,0,2,0,0,1,,529,"victim","N1",0,0,1,1,"Control","Control","Engineering","accept","accept","both_accept","outgroup","outgroup",,,,"same",1,"Engineering"
"3","27","27s5",5,1,18,3,0,2,3.57142857142857,1.42857142857143,2.85714285714286,0,2,-9,1,1,0,0,2,0,0,1,,530,"victim","N2",0,0,1,1,"Control","Control","Engineering","accept","accept","both_accept","outgroup","outgroup",,,,"same",1,"Engineering"
"3","28","28s1",1,1,18,2,1,2,1.57142857142857,2.28571428571429,0.857142857142857,2.14285714285714,1,7,0,1,2,2,2,1,1,1,,541,"victim","N1",2,2,0,1,"Engineering","Engineering","Engineering","reject","accept","target_reject_other_accept","ingroup","ingroup",,,,"same",1,"Engineering"
"3","28","28s1",1,1,18,2,1,2,1.57142857142857,2.28571428571429,0.857142857142857,2.14285714285714,2,-6,1,0,2,2,2,1,1,1,,542,"victim","N2",2,2,0,1,"Engineering","Engineering","Engineering","accept","reject","target_accept_other_reject","ingroup","ingroup",,,,"same",1,"Engineering"
"3","28","28s2",2,1,18,2,1,2,1.57142857142857,2.28571428571429,0.857142857142857,2.14285714285714,1,4,1,1,2,1,2,1,2,0,,543,"victim","N1",2,1,1,1,"Engineering","Humanities","Engineering","accept","accept","both_accept","ingroup","outgroup",,,,"different",0,"Engineering"
"3","28","28s2",2,1,18,2,1,2,1.57142857142857,2.28571428571429,0.857142857142857,2.14285714285714,2,4,1,1,1,2,2,2,1,0,,544,"victim","N2",2,1,1,1,"Engineering","Humanities","Engineering","accept","accept","both_accept","ingroup","outgroup",,,,"different",0,"Engineering"
"3","28","28s3",3,1,18,2,1,2,1.57142857142857,2.28571428571429,0.857142857142857,2.14285714285714,1,6,0,1,1,1,2,2,2,1,,545,"victim","N1",1,1,0,1,"Humanities","Humanities","Engineering","reject","accept","target_reject_other_accept","outgroup","outgroup",,,,"same",1,"Engineering"
"3","28","28s3",3,1,18,2,1,2,1.57142857142857,2.28571428571429,0.857142857142857,2.14285714285714,2,-3,1,0,1,1,2,2,2,1,,546,"victim","N2",1,1,0,1,"Humanities","Humanities","Engineering","accept","reject","target_accept_other_reject","outgroup","outgroup",,,,"same",1,"Engineering"
"3","28","28s4",4,1,18,2,1,2,1.57142857142857,2.28571428571429,0.857142857142857,2.14285714285714,1,5,1,1,0,2,2,0,1,0,,547,"victim","N1",0,2,1,1,"Control","Engineering","Engineering","accept","accept","both_accept","outgroup","ingroup",,,,"different",0,"Engineering"
"3","28","28s4",4,1,18,2,1,2,1.57142857142857,2.28571428571429,0.857142857142857,2.14285714285714,2,5,1,1,2,0,2,1,0,0,,548,"victim","N2",0,2,1,1,"Control","Engineering","Engineering","accept","accept","both_accept","outgroup","ingroup",,,,"different",0,"Engineering"
"3","28","28s5",5,1,18,2,1,2,1.57142857142857,2.28571428571429,0.857142857142857,2.14285714285714,1,6,0,1,1,1,2,2,2,1,,549,"victim","N1",1,1,0,1,"Humanities","Humanities","Engineering","reject","accept","target_reject_other_accept","outgroup","outgroup",,,,"same",1,"Engineering"
"3","28","28s5",5,1,18,2,1,2,1.57142857142857,2.28571428571429,0.857142857142857,2.14285714285714,2,-3,1,0,1,1,2,2,2,1,,550,"victim","N2",1,1,0,1,"Humanities","Humanities","Engineering","accept","reject","target_accept_other_reject","outgroup","outgroup",,,,"same",1,"Engineering"
"3","29","29s6",6,1,18,2,0,1,2.57142857142857,1.85714285714286,3.28571428571429,0.857142857142857,1,9,0,0,0,0,1,0,0,1,,571,"victim","N1",0,0,0,0,"Control","Control","Humanities","reject","reject","both_reject","outgroup","outgroup",,,,"same",1,"Humanities"
"3","29","29s6",6,1,18,2,0,1,2.57142857142857,1.85714285714286,3.28571428571429,0.857142857142857,2,9,0,0,0,0,1,0,0,1,,572,"victim","N2",0,0,0,0,"Control","Control","Humanities","reject","reject","both_reject","outgroup","outgroup",,,,"same",1,"Humanities"
"3","29","29s7",7,1,18,2,0,1,2.57142857142857,1.85714285714286,3.28571428571429,0.857142857142857,1,-9,1,0,2,1,1,2,1,0,,573,"victim","N1",2,1,1,0,"Engineering","Humanities","Humanities","accept","reject","target_accept_other_reject","outgroup","ingroup",,,,"different",0,"Humanities"
"3","29","29s7",7,1,18,2,0,1,2.57142857142857,1.85714285714286,3.28571428571429,0.857142857142857,2,9,0,1,1,2,1,1,2,0,,574,"victim","N2",2,1,1,0,"Engineering","Humanities","Humanities","reject","accept","target_reject_other_accept","outgroup","ingroup",,,,"different",0,"Humanities"
"3","29","29s8",8,1,18,2,0,1,2.57142857142857,1.85714285714286,3.28571428571429,0.857142857142857,1,-9,1,1,1,0,1,1,0,0,,575,"victim","N1",1,0,1,1,"Humanities","Control","Humanities","accept","accept","both_accept","ingroup","outgroup",,,,"different",0,"Humanities"
"3","29","29s8",8,1,18,2,0,1,2.57142857142857,1.85714285714286,3.28571428571429,0.857142857142857,2,-9,1,1,0,1,1,0,1,0,,576,"victim","N2",1,0,1,1,"Humanities","Control","Humanities","accept","accept","both_accept","ingroup","outgroup",,,,"different",0,"Humanities"
"3","29","29s9",9,1,18,2,0,1,2.57142857142857,1.85714285714286,3.28571428571429,0.857142857142857,1,9,0,0,1,2,1,1,2,0,,577,"victim","N1",1,2,0,0,"Humanities","Engineering","Humanities","reject","reject","both_reject","ingroup","outgroup",,,,"different",0,"Humanities"
"3","29","29s9",9,1,18,2,0,1,2.57142857142857,1.85714285714286,3.28571428571429,0.857142857142857,2,9,0,0,2,1,1,2,1,0,,578,"victim","N2",1,2,0,0,"Humanities","Engineering","Humanities","reject","reject","both_reject","ingroup","outgroup",,,,"different",0,"Humanities"
"3","29","29s10",10,1,18,2,0,1,2.57142857142857,1.85714285714286,3.28571428571429,0.857142857142857,1,-9,1,0,1,1,1,1,1,1,,579,"victim","N1",1,1,1,0,"Humanities","Humanities","Humanities","accept","reject","target_accept_other_reject","ingroup","ingroup",,,,"same",1,"Humanities"
"3","29","29s10",10,1,18,2,0,1,2.57142857142857,1.85714285714286,3.28571428571429,0.857142857142857,2,9,0,1,1,1,1,1,1,1,,580,"victim","N2",1,1,1,0,"Humanities","Humanities","Humanities","reject","accept","target_reject_other_accept","ingroup","ingroup",,,,"same",1,"Humanities"
"3","30","30s6",6,1,18,3,1,1,1.57142857142857,2,1.57142857142857,1.71428571428571,1,7,0,0,2,0,1,2,0,0,,591,"victim","N1",2,0,0,0,"Engineering","Control","Humanities","reject","reject","both_reject","outgroup","outgroup",,,,"different",0,"Humanities"
"3","30","30s6",6,1,18,3,1,1,1.57142857142857,2,1.57142857142857,1.71428571428571,2,7,0,0,0,2,1,0,2,0,,592,"victim","N2",2,0,0,0,"Engineering","Control","Humanities","reject","reject","both_reject","outgroup","outgroup",,,,"different",0,"Humanities"
"3","30","30s7",7,1,18,3,1,1,1.57142857142857,2,1.57142857142857,1.71428571428571,1,-1,1,1,2,0,1,2,0,0,,593,"victim","N1",2,0,1,1,"Engineering","Control","Humanities","accept","accept","both_accept","outgroup","outgroup",,,,"different",0,"Humanities"
"3","30","30s7",7,1,18,3,1,1,1.57142857142857,2,1.57142857142857,1.71428571428571,2,-1,1,1,0,2,1,0,2,0,,594,"victim","N2",2,0,1,1,"Engineering","Control","Humanities","accept","accept","both_accept","outgroup","outgroup",,,,"different",0,"Humanities"
"3","30","30s8",8,1,18,3,1,1,1.57142857142857,2,1.57142857142857,1.71428571428571,1,6,0,1,2,0,1,2,0,0,,595,"victim","N1",2,0,0,1,"Engineering","Control","Humanities","reject","accept","target_reject_other_accept","outgroup","outgroup",,,,"different",0,"Humanities"
"3","30","30s8",8,1,18,3,1,1,1.57142857142857,2,1.57142857142857,1.71428571428571,2,1,1,0,0,2,1,0,2,0,,596,"victim","N2",2,0,0,1,"Engineering","Control","Humanities","accept","reject","target_accept_other_reject","outgroup","outgroup",,,,"different",0,"Humanities"
"3","30","30s9",9,1,18,3,1,1,1.57142857142857,2,1.57142857142857,1.71428571428571,1,7,0,0,2,1,1,2,1,0,,597,"victim","N1",2,1,0,0,"Engineering","Humanities","Humanities","reject","reject","both_reject","outgroup","ingroup",,,,"different",0,"Humanities"
"3","30","30s9",9,1,18,3,1,1,1.57142857142857,2,1.57142857142857,1.71428571428571,2,7,0,0,1,2,1,1,2,0,,598,"victim","N2",2,1,0,0,"Engineering","Humanities","Humanities","reject","reject","both_reject","outgroup","ingroup",,,,"different",0,"Humanities"
"3","30","30s10",10,1,18,3,1,1,1.57142857142857,2,1.57142857142857,1.71428571428571,1,1,1,0,2,1,1,2,1,0,,599,"victim","N1",2,1,1,0,"Engineering","Humanities","Humanities","accept","reject","target_accept_other_reject","outgroup","ingroup",,,,"different",0,"Humanities"
"3","30","30s10",10,1,18,3,1,1,1.57142857142857,2,1.57142857142857,1.71428571428571,2,7,0,1,1,2,1,1,2,0,,600,"victim","N2",2,1,1,0,"Engineering","Humanities","Humanities","reject","accept","target_reject_other_accept","outgroup","ingroup",,,,"different",0,"Humanities"
"3","31","31s6",6,1,19,2,0,2,3.42857142857143,2.14285714285714,2.42857142857143,1.28571428571429,1,9,0,1,0,0,2,0,0,1,,611,"victim","N1",0,0,0,1,"Control","Control","Engineering","reject","accept","target_reject_other_accept","outgroup","outgroup",,,,"same",1,"Engineering"
"3","31","31s6",6,1,19,2,0,2,3.42857142857143,2.14285714285714,2.42857142857143,1.28571428571429,2,-9,1,0,0,0,2,0,0,1,,612,"victim","N2",0,0,0,1,"Control","Control","Engineering","accept","reject","target_accept_other_reject","outgroup","outgroup",,,,"same",1,"Engineering"
"3","31","31s7",7,1,19,2,0,2,3.42857142857143,2.14285714285714,2.42857142857143,1.28571428571429,1,-9,1,1,1,1,2,2,2,1,,613,"victim","N1",1,1,1,1,"Humanities","Humanities","Engineering","accept","accept","both_accept","outgroup","outgroup",,,,"same",1,"Engineering"
"3","31","31s7",7,1,19,2,0,2,3.42857142857143,2.14285714285714,2.42857142857143,1.28571428571429,2,-9,1,1,1,1,2,2,2,1,,614,"victim","N2",1,1,1,1,"Humanities","Humanities","Engineering","accept","accept","both_accept","outgroup","outgroup",,,,"same",1,"Engineering"
"3","31","31s8",8,1,19,2,0,2,3.42857142857143,2.14285714285714,2.42857142857143,1.28571428571429,1,9,0,1,2,0,2,1,0,0,,615,"victim","N1",2,0,0,1,"Engineering","Control","Engineering","reject","accept","target_reject_other_accept","ingroup","outgroup",,,,"different",0,"Engineering"
"3","31","31s8",8,1,19,2,0,2,3.42857142857143,2.14285714285714,2.42857142857143,1.28571428571429,2,-9,1,0,0,2,2,0,1,0,,616,"victim","N2",2,0,0,1,"Engineering","Control","Engineering","accept","reject","target_accept_other_reject","ingroup","outgroup",,,,"different",0,"Engineering"
"3","31","31s9",9,1,19,2,0,2,3.42857142857143,2.14285714285714,2.42857142857143,1.28571428571429,1,-9,1,1,0,2,2,0,1,0,,617,"victim","N1",0,2,1,1,"Control","Engineering","Engineering","accept","accept","both_accept","outgroup","ingroup",,,,"different",0,"Engineering"
"3","31","31s9",9,1,19,2,0,2,3.42857142857143,2.14285714285714,2.42857142857143,1.28571428571429,2,-9,1,1,2,0,2,1,0,0,,618,"victim","N2",0,2,1,1,"Control","Engineering","Engineering","accept","accept","both_accept","outgroup","ingroup",,,,"different",0,"Engineering"
"3","31","31s10",10,1,19,2,0,2,3.42857142857143,2.14285714285714,2.42857142857143,1.28571428571429,1,-9,1,1,2,0,2,1,0,0,,619,"victim","N1",2,0,1,1,"Engineering","Control","Engineering","accept","accept","both_accept","ingroup","outgroup",,,,"different",0,"Engineering"
"3","31","31s10",10,1,19,2,0,2,3.42857142857143,2.14285714285714,2.42857142857143,1.28571428571429,2,-9,1,1,0,2,2,0,1,0,,620,"victim","N2",2,0,1,1,"Engineering","Control","Engineering","accept","accept","both_accept","ingroup","outgroup",,,,"different",0,"Engineering"
"3","32","32s1",1,1,18,3,1,1,3.42857142857143,3.14285714285714,3.57142857142857,2.85714285714286,1,0,1,1,1,1,1,1,1,1,,621,"victim","N1",1,1,1,1,"Humanities","Humanities","Humanities","accept","accept","both_accept","ingroup","ingroup",,,,"same",1,"Humanities"
"3","32","32s1",1,1,18,3,1,1,3.42857142857143,3.14285714285714,3.57142857142857,2.85714285714286,2,0,1,1,1,1,1,1,1,1,,622,"victim","N2",1,1,1,1,"Humanities","Humanities","Humanities","accept","accept","both_accept","ingroup","ingroup",,,,"same",1,"Humanities"
"3","32","32s2",2,1,18,3,1,1,3.42857142857143,3.14285714285714,3.57142857142857,2.85714285714286,1,-1,1,1,0,0,1,0,0,1,,623,"victim","N1",0,0,1,1,"Control","Control","Humanities","accept","accept","both_accept","outgroup","outgroup",,,,"same",1,"Humanities"
"3","32","32s2",2,1,18,3,1,1,3.42857142857143,3.14285714285714,3.57142857142857,2.85714285714286,2,-1,1,1,0,0,1,0,0,1,,624,"victim","N2",0,0,1,1,"Control","Control","Humanities","accept","accept","both_accept","outgroup","outgroup",,,,"same",1,"Humanities"
"3","32","32s3",3,1,18,3,1,1,3.42857142857143,3.14285714285714,3.57142857142857,2.85714285714286,1,0,1,1,2,2,1,2,2,1,,625,"victim","N1",2,2,1,1,"Engineering","Engineering","Humanities","accept","accept","both_accept","outgroup","outgroup",,,,"same",1,"Humanities"
"3","32","32s3",3,1,18,3,1,1,3.42857142857143,3.14285714285714,3.57142857142857,2.85714285714286,2,0,1,1,2,2,1,2,2,1,,626,"victim","N2",2,2,1,1,"Engineering","Engineering","Humanities","accept","accept","both_accept","outgroup","outgroup",,,,"same",1,"Humanities"
"3","32","32s4",4,1,18,3,1,1,3.42857142857143,3.14285714285714,3.57142857142857,2.85714285714286,1,1,0,0,2,2,1,2,2,1,,627,"victim","N1",2,2,0,0,"Engineering","Engineering","Humanities","reject","reject","both_reject","outgroup","outgroup",,,,"same",1,"Humanities"
"3","32","32s4",4,1,18,3,1,1,3.42857142857143,3.14285714285714,3.57142857142857,2.85714285714286,2,1,0,0,2,2,1,2,2,1,,628,"victim","N2",2,2,0,0,"Engineering","Engineering","Humanities","reject","reject","both_reject","outgroup","outgroup",,,,"same",1,"Humanities"
"3","32","32s5",5,1,18,3,1,1,3.42857142857143,3.14285714285714,3.57142857142857,2.85714285714286,1,-1,1,0,0,1,1,0,1,0,,629,"victim","N1",0,1,1,0,"Control","Humanities","Humanities","accept","reject","target_accept_other_reject","outgroup","ingroup",,,,"different",0,"Humanities"
"3","32","32s5",5,1,18,3,1,1,3.42857142857143,3.14285714285714,3.57142857142857,2.85714285714286,2,2,0,1,1,0,1,1,0,0,,630,"victim","N2",0,1,1,0,"Control","Humanities","Humanities","reject","accept","target_reject_other_accept","outgroup","ingroup",,,,"different",0,"Humanities"
"3","33","33s6",6,1,23,3,0,1,3.14285714285714,2,2.14285714285714,2.57142857142857,1,9,0,1,1,2,1,1,2,0,,651,"victim","N1",1,2,0,1,"Humanities","Engineering","Humanities","reject","accept","target_reject_other_accept","ingroup","outgroup",,,,"different",0,"Humanities"
"3","33","33s6",6,1,23,3,0,1,3.14285714285714,2,2.14285714285714,2.57142857142857,2,-9,1,0,2,1,1,2,1,0,,652,"victim","N2",1,2,0,1,"Humanities","Engineering","Humanities","accept","reject","target_accept_other_reject","ingroup","outgroup",,,,"different",0,"Humanities"
"3","33","33s7",7,1,23,3,0,1,3.14285714285714,2,2.14285714285714,2.57142857142857,1,-9,1,0,0,1,1,0,1,0,,653,"victim","N1",0,1,1,0,"Control","Humanities","Humanities","accept","reject","target_accept_other_reject","outgroup","ingroup",,,,"different",0,"Humanities"
"3","33","33s7",7,1,23,3,0,1,3.14285714285714,2,2.14285714285714,2.57142857142857,2,9,0,1,1,0,1,1,0,0,,654,"victim","N2",0,1,1,0,"Control","Humanities","Humanities","reject","accept","target_reject_other_accept","outgroup","ingroup",,,,"different",0,"Humanities"
"3","33","33s8",8,1,23,3,0,1,3.14285714285714,2,2.14285714285714,2.57142857142857,1,-9,1,1,0,0,1,0,0,1,,655,"victim","N1",0,0,1,1,"Control","Control","Humanities","accept","accept","both_accept","outgroup","outgroup",,,,"same",1,"Humanities"
"3","33","33s8",8,1,23,3,0,1,3.14285714285714,2,2.14285714285714,2.57142857142857,2,-9,1,1,0,0,1,0,0,1,,656,"victim","N2",0,0,1,1,"Control","Control","Humanities","accept","accept","both_accept","outgroup","outgroup",,,,"same",1,"Humanities"
"3","33","33s9",9,1,23,3,0,1,3.14285714285714,2,2.14285714285714,2.57142857142857,1,9,0,0,2,0,1,2,0,0,,657,"victim","N1",2,0,0,0,"Engineering","Control","Humanities","reject","reject","both_reject","outgroup","outgroup",,,,"different",0,"Humanities"
"3","33","33s9",9,1,23,3,0,1,3.14285714285714,2,2.14285714285714,2.57142857142857,2,9,0,0,0,2,1,0,2,0,,658,"victim","N2",2,0,0,0,"Engineering","Control","Humanities","reject","reject","both_reject","outgroup","outgroup",,,,"different",0,"Humanities"
"3","33","33s10",10,1,23,3,0,1,3.14285714285714,2,2.14285714285714,2.57142857142857,1,9,0,0,2,0,1,2,0,0,,659,"victim","N1",2,0,0,0,"Engineering","Control","Humanities","reject","reject","both_reject","outgroup","outgroup",,,,"different",0,"Humanities"
"3","33","33s10",10,1,23,3,0,1,3.14285714285714,2,2.14285714285714,2.57142857142857,2,9,0,0,0,2,1,0,2,0,,660,"victim","N2",2,0,0,0,"Engineering","Control","Humanities","reject","reject","both_reject","outgroup","outgroup",,,,"different",0,"Humanities"
"3","34","34s1",1,1,28,1,0,1,1.28571428571429,3.14285714285714,2.71428571428571,0.571428571428571,1,4,1,1,0,0,1,0,0,1,,661,"victim","N1",0,0,1,1,"Control","Control","Humanities","accept","accept","both_accept","outgroup","outgroup",,,,"same",1,"Humanities"
"3","34","34s1",1,1,28,1,0,1,1.28571428571429,3.14285714285714,2.71428571428571,0.571428571428571,2,4,1,1,0,0,1,0,0,1,,662,"victim","N2",0,0,1,1,"Control","Control","Humanities","accept","accept","both_accept","outgroup","outgroup",,,,"same",1,"Humanities"
"3","34","34s2",2,1,28,1,0,1,1.28571428571429,3.14285714285714,2.71428571428571,0.571428571428571,1,4,1,0,2,2,1,2,2,1,,663,"victim","N1",2,2,1,0,"Engineering","Engineering","Humanities","accept","reject","target_accept_other_reject","outgroup","outgroup",,,,"same",1,"Humanities"
"3","34","34s2",2,1,28,1,0,1,1.28571428571429,3.14285714285714,2.71428571428571,0.571428571428571,2,-1,0,1,2,2,1,2,2,1,,664,"victim","N2",2,2,1,0,"Engineering","Engineering","Humanities","reject","accept","target_reject_other_accept","outgroup","outgroup",,,,"same",1,"Humanities"
"3","34","34s3",3,1,28,1,0,1,1.28571428571429,3.14285714285714,2.71428571428571,0.571428571428571,1,5,1,0,2,0,1,2,0,0,,665,"victim","N1",2,0,1,0,"Engineering","Control","Humanities","accept","reject","target_accept_other_reject","outgroup","outgroup",,,,"different",0,"Humanities"
"3","34","34s3",3,1,28,1,0,1,1.28571428571429,3.14285714285714,2.71428571428571,0.571428571428571,2,5,0,1,0,2,1,0,2,0,,666,"victim","N2",2,0,1,0,"Engineering","Control","Humanities","reject","accept","target_reject_other_accept","outgroup","outgroup",,,,"different",0,"Humanities"
"3","34","34s4",4,1,28,1,0,1,1.28571428571429,3.14285714285714,2.71428571428571,0.571428571428571,1,6,0,0,0,0,1,0,0,1,,667,"victim","N1",0,0,0,0,"Control","Control","Humanities","reject","reject","both_reject","outgroup","outgroup",,,,"same",1,"Humanities"
"3","34","34s4",4,1,28,1,0,1,1.28571428571429,3.14285714285714,2.71428571428571,0.571428571428571,2,6,0,0,0,0,1,0,0,1,,668,"victim","N2",0,0,0,0,"Control","Control","Humanities","reject","reject","both_reject","outgroup","outgroup",,,,"same",1,"Humanities"
"3","34","34s5",5,1,28,1,0,1,1.28571428571429,3.14285714285714,2.71428571428571,0.571428571428571,1,1,1,0,1,1,1,1,1,1,,669,"victim","N1",1,1,1,0,"Humanities","Humanities","Humanities","accept","reject","target_accept_other_reject","ingroup","ingroup",,,,"same",1,"Humanities"
"3","34","34s5",5,1,28,1,0,1,1.28571428571429,3.14285714285714,2.71428571428571,0.571428571428571,2,6,0,1,1,1,1,1,1,1,,670,"victim","N2",1,1,1,0,"Humanities","Humanities","Humanities","reject","accept","target_reject_other_accept","ingroup","ingroup",,,,"same",1,"Humanities"
"3","35","35s6",6,1,22,2,0,2,1.71428571428571,2.28571428571429,2.28571428571429,1.57142857142857,1,9,1,1,0,0,2,0,0,1,,691,"victim","N1",0,0,1,1,"Control","Control","Engineering","accept","accept","both_accept","outgroup","outgroup",,,,"same",1,"Engineering"
"3","35","35s6",6,1,22,2,0,2,1.71428571428571,2.28571428571429,2.28571428571429,1.57142857142857,2,9,1,1,0,0,2,0,0,1,,692,"victim","N2",0,0,1,1,"Control","Control","Engineering","accept","accept","both_accept","outgroup","outgroup",,,,"same",1,"Engineering"
"3","35","35s7",7,1,22,2,0,2,1.71428571428571,2.28571428571429,2.28571428571429,1.57142857142857,1,-9,1,1,2,2,2,1,1,1,,693,"victim","N1",2,2,1,1,"Engineering","Engineering","Engineering","accept","accept","both_accept","ingroup","ingroup",,,,"same",1,"Engineering"
"3","35","35s7",7,1,22,2,0,2,1.71428571428571,2.28571428571429,2.28571428571429,1.57142857142857,2,-9,1,1,2,2,2,1,1,1,,694,"victim","N2",2,2,1,1,"Engineering","Engineering","Engineering","accept","accept","both_accept","ingroup","ingroup",,,,"same",1,"Engineering"
"3","35","35s8",8,1,22,2,0,2,1.71428571428571,2.28571428571429,2.28571428571429,1.57142857142857,1,-9,1,0,0,1,2,0,2,0,,695,"victim","N1",0,1,1,0,"Control","Humanities","Engineering","accept","reject","target_accept_other_reject","outgroup","outgroup",,,,"different",0,"Engineering"
"3","35","35s8",8,1,22,2,0,2,1.71428571428571,2.28571428571429,2.28571428571429,1.57142857142857,2,9,0,1,1,0,2,2,0,0,,696,"victim","N2",0,1,1,0,"Control","Humanities","Engineering","reject","accept","target_reject_other_accept","outgroup","outgroup",,,,"different",0,"Engineering"
"3","35","35s9",9,1,22,2,0,2,1.71428571428571,2.28571428571429,2.28571428571429,1.57142857142857,1,0,1,0,2,2,2,1,1,1,,697,"victim","N1",2,2,1,0,"Engineering","Engineering","Engineering","accept","reject","target_accept_other_reject","ingroup","ingroup",,,,"same",1,"Engineering"
"3","35","35s9",9,1,22,2,0,2,1.71428571428571,2.28571428571429,2.28571428571429,1.57142857142857,2,0,0,1,2,2,2,1,1,1,,698,"victim","N2",2,2,1,0,"Engineering","Engineering","Engineering","reject","accept","target_reject_other_accept","ingroup","ingroup",,,,"same",1,"Engineering"
"3","35","35s10",10,1,22,2,0,2,1.71428571428571,2.28571428571429,2.28571428571429,1.57142857142857,1,9,0,1,1,2,2,2,1,0,,699,"victim","N1",1,2,0,1,"Humanities","Engineering","Engineering","reject","accept","target_reject_other_accept","outgroup","ingroup",,,,"different",0,"Engineering"
"3","35","35s10",10,1,22,2,0,2,1.71428571428571,2.28571428571429,2.28571428571429,1.57142857142857,2,-9,1,0,2,1,2,1,2,0,,700,"victim","N2",1,2,0,1,"Humanities","Engineering","Engineering","accept","reject","target_accept_other_reject","outgroup","ingroup",,,,"different",0,"Engineering"
"3","36","36s1",1,1,18,2,0,2,1.57142857142857,2.28571428571429,2,1,1,1,1,1,1,0,2,2,0,0,,701,"victim","N1",1,0,1,1,"Humanities","Control","Engineering","accept","accept","both_accept","outgroup","outgroup",,,,"different",0,"Engineering"
"3","36","36s1",1,1,18,2,0,2,1.57142857142857,2.28571428571429,2,1,2,1,1,1,0,1,2,0,2,0,,702,"victim","N2",1,0,1,1,"Humanities","Control","Engineering","accept","accept","both_accept","outgroup","outgroup",,,,"different",0,"Engineering"
"3","36","36s2",2,1,18,2,0,2,1.57142857142857,2.28571428571429,2,1,1,9,0,0,2,1,2,1,2,0,,703,"victim","N1",2,1,0,0,"Engineering","Humanities","Engineering","reject","reject","both_reject","ingroup","outgroup",,,,"different",0,"Engineering"
"3","36","36s2",2,1,18,2,0,2,1.57142857142857,2.28571428571429,2,1,2,9,0,0,1,2,2,2,1,0,,704,"victim","N2",2,1,0,0,"Engineering","Humanities","Engineering","reject","reject","both_reject","ingroup","outgroup",,,,"different",0,"Engineering"
"3","36","36s3",3,1,18,2,0,2,1.57142857142857,2.28571428571429,2,1,1,9,0,0,2,1,2,1,2,0,,705,"victim","N1",2,1,0,0,"Engineering","Humanities","Engineering","reject","reject","both_reject","ingroup","outgroup",,,,"different",0,"Engineering"
"3","36","36s3",3,1,18,2,0,2,1.57142857142857,2.28571428571429,2,1,2,9,0,0,1,2,2,2,1,0,,706,"victim","N2",2,1,0,0,"Engineering","Humanities","Engineering","reject","reject","both_reject","ingroup","outgroup",,,,"different",0,"Engineering"
"3","36","36s4",4,1,18,2,0,2,1.57142857142857,2.28571428571429,2,1,1,9,0,0,0,2,2,0,1,0,,707,"victim","N1",0,2,0,0,"Control","Engineering","Engineering","reject","reject","both_reject","outgroup","ingroup",,,,"different",0,"Engineering"
"3","36","36s4",4,1,18,2,0,2,1.57142857142857,2.28571428571429,2,1,2,9,0,0,2,0,2,1,0,0,,708,"victim","N2",0,2,0,0,"Control","Engineering","Engineering","reject","reject","both_reject","outgroup","ingroup",,,,"different",0,"Engineering"
"3","36","36s5",5,1,18,2,0,2,1.57142857142857,2.28571428571429,2,1,1,9,0,1,1,2,2,2,1,0,,709,"victim","N1",1,2,0,1,"Humanities","Engineering","Engineering","reject","accept","target_reject_other_accept","outgroup","ingroup",,,,"different",0,"Engineering"
"3","36","36s5",5,1,18,2,0,2,1.57142857142857,2.28571428571429,2,1,2,1,1,0,2,1,2,1,2,0,,710,"victim","N2",1,2,0,1,"Humanities","Engineering","Engineering","accept","reject","target_accept_other_reject","outgroup","ingroup",,,,"different",0,"Engineering"
"4","37","37s6",6,1,18,3,0,2,2.14285714285714,2.85714285714286,1.85714285714286,1,1,-7,1,1,2,2,2,1,1,1,,731,"victim","N1",2,2,1,1,"Engineering","Engineering","Engineering","accept","accept","both_accept","ingroup","ingroup",,,,"same",1,"Engineering"
"4","37","37s6",6,1,18,3,0,2,2.14285714285714,2.85714285714286,1.85714285714286,1,2,-7,1,1,2,2,2,1,1,1,,732,"victim","N2",2,2,1,1,"Engineering","Engineering","Engineering","accept","accept","both_accept","ingroup","ingroup",,,,"same",1,"Engineering"
"4","37","37s7",7,1,18,3,0,2,2.14285714285714,2.85714285714286,1.85714285714286,1,1,-8,1,0,1,1,2,2,2,1,,733,"victim","N1",1,1,1,0,"Humanities","Humanities","Engineering","accept","reject","target_accept_other_reject","outgroup","outgroup",,,,"same",1,"Engineering"
"4","37","37s7",7,1,18,3,0,2,2.14285714285714,2.85714285714286,1.85714285714286,1,2,7,0,1,1,1,2,2,2,1,,734,"victim","N2",1,1,1,0,"Humanities","Humanities","Engineering","reject","accept","target_reject_other_accept","outgroup","outgroup",,,,"same",1,"Engineering"
"4","37","37s8",8,1,18,3,0,2,2.14285714285714,2.85714285714286,1.85714285714286,1,1,7,0,1,1,1,2,2,2,1,,735,"victim","N1",1,1,0,1,"Humanities","Humanities","Engineering","reject","accept","target_reject_other_accept","outgroup","outgroup",,,,"same",1,"Engineering"
"4","37","37s8",8,1,18,3,0,2,2.14285714285714,2.85714285714286,1.85714285714286,1,2,-8,1,0,1,1,2,2,2,1,,736,"victim","N2",1,1,0,1,"Humanities","Humanities","Engineering","accept","reject","target_accept_other_reject","outgroup","outgroup",,,,"same",1,"Engineering"
"4","37","37s9",9,1,18,3,0,2,2.14285714285714,2.85714285714286,1.85714285714286,1,1,-9,1,0,0,1,2,0,2,0,,737,"victim","N1",0,1,1,0,"Control","Humanities","Engineering","accept","reject","target_accept_other_reject","outgroup","outgroup",,,,"different",0,"Engineering"
"4","37","37s9",9,1,18,3,0,2,2.14285714285714,2.85714285714286,1.85714285714286,1,2,9,0,1,1,0,2,2,0,0,,738,"victim","N2",0,1,1,0,"Control","Humanities","Engineering","reject","accept","target_reject_other_accept","outgroup","outgroup",,,,"different",0,"Engineering"
"4","37","37s10",10,1,18,3,0,2,2.14285714285714,2.85714285714286,1.85714285714286,1,1,9,0,1,2,0,2,1,0,0,,739,"victim","N1",2,0,0,1,"Engineering","Control","Engineering","reject","accept","target_reject_other_accept","ingroup","outgroup",,,,"different",0,"Engineering"
"4","37","37s10",10,1,18,3,0,2,2.14285714285714,2.85714285714286,1.85714285714286,1,2,-8,1,0,0,2,2,0,1,0,,740,"victim","N2",2,0,0,1,"Engineering","Control","Engineering","accept","reject","target_accept_other_reject","ingroup","outgroup",,,,"different",0,"Engineering"
"4","38","38s1",1,1,18,2,0,2,2.71428571428571,2.57142857142857,2.57142857142857,1.85714285714286,1,7,0,0,1,1,2,2,2,1,,741,"victim","N1",1,1,0,0,"Humanities","Humanities","Engineering","reject","reject","both_reject","outgroup","outgroup",,,,"same",1,"Engineering"
"4","38","38s1",1,1,18,2,0,2,2.71428571428571,2.57142857142857,2.57142857142857,1.85714285714286,2,7,0,0,1,1,2,2,2,1,,742,"victim","N2",1,1,0,0,"Humanities","Humanities","Engineering","reject","reject","both_reject","outgroup","outgroup",,,,"same",1,"Engineering"
"4","38","38s2",2,1,18,2,0,2,2.71428571428571,2.57142857142857,2.57142857142857,1.85714285714286,1,7,0,0,1,1,2,2,2,1,,743,"victim","N1",1,1,0,0,"Humanities","Humanities","Engineering","reject","reject","both_reject","outgroup","outgroup",,,,"same",1,"Engineering"
"4","38","38s2",2,1,18,2,0,2,2.71428571428571,2.57142857142857,2.57142857142857,1.85714285714286,2,7,0,0,1,1,2,2,2,1,,744,"victim","N2",1,1,0,0,"Humanities","Humanities","Engineering","reject","reject","both_reject","outgroup","outgroup",,,,"same",1,"Engineering"
"4","38","38s3",3,1,18,2,0,2,2.71428571428571,2.57142857142857,2.57142857142857,1.85714285714286,1,4,1,1,2,0,2,1,0,0,,745,"victim","N1",2,0,1,1,"Engineering","Control","Engineering","accept","accept","both_accept","ingroup","outgroup",,,,"different",0,"Engineering"
"4","38","38s3",3,1,18,2,0,2,2.71428571428571,2.57142857142857,2.57142857142857,1.85714285714286,2,4,1,1,0,2,2,0,1,0,,746,"victim","N2",2,0,1,1,"Engineering","Control","Engineering","accept","accept","both_accept","ingroup","outgroup",,,,"different",0,"Engineering"
"4","38","38s4",4,1,18,2,0,2,2.71428571428571,2.57142857142857,2.57142857142857,1.85714285714286,1,2,1,1,0,0,2,0,0,1,,747,"victim","N1",0,0,1,1,"Control","Control","Engineering","accept","accept","both_accept","outgroup","outgroup",,,,"same",1,"Engineering"
"4","38","38s4",4,1,18,2,0,2,2.71428571428571,2.57142857142857,2.57142857142857,1.85714285714286,2,2,1,1,0,0,2,0,0,1,,748,"victim","N2",0,0,1,1,"Control","Control","Engineering","accept","accept","both_accept","outgroup","outgroup",,,,"same",1,"Engineering"
"4","38","38s5",5,1,18,2,0,2,2.71428571428571,2.57142857142857,2.57142857142857,1.85714285714286,1,4,0,1,0,0,2,0,0,1,,749,"victim","N1",0,0,0,1,"Control","Control","Engineering","reject","accept","target_reject_other_accept","outgroup","outgroup",,,,"same",1,"Engineering"
"4","38","38s5",5,1,18,2,0,2,2.71428571428571,2.57142857142857,2.57142857142857,1.85714285714286,2,-2,1,0,0,0,2,0,0,1,,750,"victim","N2",0,0,0,1,"Control","Control","Engineering","accept","reject","target_accept_other_reject","outgroup","outgroup",,,,"same",1,"Engineering"
"4","39","39s1",1,1,18,4,0,2,0.857142857142857,1.85714285714286,2.42857142857143,0.285714285714286,1,6,1,1,0,1,2,0,2,0,,761,"victim","N1",0,1,1,1,"Control","Humanities","Engineering","accept","accept","both_accept","outgroup","outgroup",,,,"different",0,"Engineering"
"4","39","39s1",1,1,18,4,0,2,0.857142857142857,1.85714285714286,2.42857142857143,0.285714285714286,2,6,1,1,1,0,2,2,0,0,,762,"victim","N2",0,1,1,1,"Control","Humanities","Engineering","accept","accept","both_accept","outgroup","outgroup",,,,"different",0,"Engineering"
"4","39","39s2",2,1,18,4,0,2,0.857142857142857,1.85714285714286,2.42857142857143,0.285714285714286,1,6,1,1,0,1,2,0,2,0,,763,"victim","N1",0,1,1,1,"Control","Humanities","Engineering","accept","accept","both_accept","outgroup","outgroup",,,,"different",0,"Engineering"
"4","39","39s2",2,1,18,4,0,2,0.857142857142857,1.85714285714286,2.42857142857143,0.285714285714286,2,6,1,1,1,0,2,2,0,0,,764,"victim","N2",0,1,1,1,"Control","Humanities","Engineering","accept","accept","both_accept","outgroup","outgroup",,,,"different",0,"Engineering"
"4","39","39s3",3,1,18,4,0,2,0.857142857142857,1.85714285714286,2.42857142857143,0.285714285714286,1,6,1,1,0,2,2,0,1,0,,765,"victim","N1",0,2,1,1,"Control","Engineering","Engineering","accept","accept","both_accept","outgroup","ingroup",,,,"different",0,"Engineering"
"4","39","39s3",3,1,18,4,0,2,0.857142857142857,1.85714285714286,2.42857142857143,0.285714285714286,2,-2,1,1,2,0,2,1,0,0,,766,"victim","N2",0,2,1,1,"Control","Engineering","Engineering","accept","accept","both_accept","outgroup","ingroup",,,,"different",0,"Engineering"
"4","39","39s4",4,1,18,4,0,2,0.857142857142857,1.85714285714286,2.42857142857143,0.285714285714286,1,9,0,0,0,0,2,0,0,1,,767,"victim","N1",0,0,0,0,"Control","Control","Engineering","reject","reject","both_reject","outgroup","outgroup",,,,"same",1,"Engineering"
"4","39","39s4",4,1,18,4,0,2,0.857142857142857,1.85714285714286,2.42857142857143,0.285714285714286,2,9,0,0,0,0,2,0,0,1,,768,"victim","N2",0,0,0,0,"Control","Control","Engineering","reject","reject","both_reject","outgroup","outgroup",,,,"same",1,"Engineering"
"4","39","39s5",5,1,18,4,0,2,0.857142857142857,1.85714285714286,2.42857142857143,0.285714285714286,1,3,1,1,1,1,2,2,2,1,,769,"victim","N1",1,1,1,1,"Humanities","Humanities","Engineering","accept","accept","both_accept","outgroup","outgroup",,,,"same",1,"Engineering"
"4","39","39s5",5,1,18,4,0,2,0.857142857142857,1.85714285714286,2.42857142857143,0.285714285714286,2,3,1,1,1,1,2,2,2,1,,770,"victim","N2",1,1,1,1,"Humanities","Humanities","Engineering","accept","accept","both_accept","outgroup","outgroup",,,,"same",1,"Engineering"
"4","40","40s1",1,1,19,3,0,1,0.714285714285714,1.57142857142857,0.571428571428571,1.28571428571429,1,-8,1,0,0,2,1,0,2,0,,781,"victim","N1",0,2,1,0,"Control","Engineering","Humanities","accept","reject","target_accept_other_reject","outgroup","outgroup",,,,"different",0,"Humanities"
"4","40","40s1",1,1,19,3,0,1,0.714285714285714,1.57142857142857,0.571428571428571,1.28571428571429,2,8,0,1,2,0,1,2,0,0,,782,"victim","N2",0,2,1,0,"Control","Engineering","Humanities","reject","accept","target_reject_other_accept","outgroup","outgroup",,,,"different",0,"Humanities"
"4","40","40s2",2,1,19,3,0,1,0.714285714285714,1.57142857142857,0.571428571428571,1.28571428571429,1,9,0,1,1,0,1,1,0,0,,783,"victim","N1",1,0,0,1,"Humanities","Control","Humanities","reject","accept","target_reject_other_accept","ingroup","outgroup",,,,"different",0,"Humanities"
"4","40","40s2",2,1,19,3,0,1,0.714285714285714,1.57142857142857,0.571428571428571,1.28571428571429,2,-9,1,0,0,1,1,0,1,0,,784,"victim","N2",1,0,0,1,"Humanities","Control","Humanities","accept","reject","target_accept_other_reject","ingroup","outgroup",,,,"different",0,"Humanities"
"4","40","40s3",3,1,19,3,0,1,0.714285714285714,1.57142857142857,0.571428571428571,1.28571428571429,1,-9,1,1,1,1,1,1,1,1,,785,"victim","N1",1,1,1,1,"Humanities","Humanities","Humanities","accept","accept","both_accept","ingroup","ingroup",,,,"same",1,"Humanities"
"4","40","40s3",3,1,19,3,0,1,0.714285714285714,1.57142857142857,0.571428571428571,1.28571428571429,2,-9,1,1,1,1,1,1,1,1,,786,"victim","N2",1,1,1,1,"Humanities","Humanities","Humanities","accept","accept","both_accept","ingroup","ingroup",,,,"same",1,"Humanities"
"4","40","40s4",4,1,19,3,0,1,0.714285714285714,1.57142857142857,0.571428571428571,1.28571428571429,1,-9,1,0,1,0,1,1,0,0,,787,"victim","N1",1,0,1,0,"Humanities","Control","Humanities","accept","reject","target_accept_other_reject","ingroup","outgroup",,,,"different",0,"Humanities"
"4","40","40s4",4,1,19,3,0,1,0.714285714285714,1.57142857142857,0.571428571428571,1.28571428571429,2,9,0,1,0,1,1,0,1,0,,788,"victim","N2",1,0,1,0,"Humanities","Control","Humanities","reject","accept","target_reject_other_accept","ingroup","outgroup",,,,"different",0,"Humanities"
"4","40","40s5",5,1,19,3,0,1,0.714285714285714,1.57142857142857,0.571428571428571,1.28571428571429,1,-9,1,1,2,2,1,2,2,1,,789,"victim","N1",2,2,1,1,"Engineering","Engineering","Humanities","accept","accept","both_accept","outgroup","outgroup",,,,"same",1,"Humanities"
"4","40","40s5",5,1,19,3,0,1,0.714285714285714,1.57142857142857,0.571428571428571,1.28571428571429,2,-9,1,1,2,2,1,2,2,1,,790,"victim","N2",2,2,1,1,"Engineering","Engineering","Humanities","accept","accept","both_accept","outgroup","outgroup",,,,"same",1,"Humanities"
"4","41","41s1",1,1,19,0,1,2,2.42857142857143,1.85714285714286,2.66666666666667,2.16666666666667,1,9,0,0,2,1,2,1,2,0,,801,"victim","N1",2,1,0,0,"Engineering","Humanities","Engineering","reject","reject","both_reject","ingroup","outgroup",,,,"different",0,"Engineering"
"4","41","41s1",1,1,19,0,1,2,2.42857142857143,1.85714285714286,2.66666666666667,2.16666666666667,2,9,0,0,1,2,2,2,1,0,,802,"victim","N2",2,1,0,0,"Engineering","Humanities","Engineering","reject","reject","both_reject","ingroup","outgroup",,,,"different",0,"Engineering"
"4","41","41s2",2,1,19,0,1,2,2.42857142857143,1.85714285714286,2.66666666666667,2.16666666666667,1,9,0,1,0,0,2,0,0,1,,803,"victim","N1",0,0,0,1,"Control","Control","Engineering","reject","accept","target_reject_other_accept","outgroup","outgroup",,,,"same",1,"Engineering"
"4","41","41s2",2,1,19,0,1,2,2.42857142857143,1.85714285714286,2.66666666666667,2.16666666666667,2,4,1,0,0,0,2,0,0,1,,804,"victim","N2",0,0,0,1,"Control","Control","Engineering","accept","reject","target_accept_other_reject","outgroup","outgroup",,,,"same",1,"Engineering"
"4","41","41s3",3,1,19,0,1,2,2.42857142857143,1.85714285714286,2.66666666666667,2.16666666666667,1,9,0,1,2,0,2,1,0,0,,805,"victim","N1",2,0,0,1,"Engineering","Control","Engineering","reject","accept","target_reject_other_accept","ingroup","outgroup",,,,"different",0,"Engineering"
"4","41","41s3",3,1,19,0,1,2,2.42857142857143,1.85714285714286,2.66666666666667,2.16666666666667,2,3,1,0,0,2,2,0,1,0,,806,"victim","N2",2,0,0,1,"Engineering","Control","Engineering","accept","reject","target_accept_other_reject","ingroup","outgroup",,,,"different",0,"Engineering"
"4","41","41s4",4,1,19,0,1,2,2.42857142857143,1.85714285714286,2.66666666666667,2.16666666666667,1,9,0,0,1,0,2,2,0,0,,807,"victim","N1",1,0,0,0,"Humanities","Control","Engineering","reject","reject","both_reject","outgroup","outgroup",,,,"different",0,"Engineering"
"4","41","41s4",4,1,19,0,1,2,2.42857142857143,1.85714285714286,2.66666666666667,2.16666666666667,2,9,0,0,0,1,2,0,2,0,,808,"victim","N2",1,0,0,0,"Humanities","Control","Engineering","reject","reject","both_reject","outgroup","outgroup",,,,"different",0,"Engineering"
"4","41","41s5",5,1,19,0,1,2,2.42857142857143,1.85714285714286,2.66666666666667,2.16666666666667,1,9,0,1,2,2,2,1,1,1,,809,"victim","N1",2,2,0,1,"Engineering","Engineering","Engineering","reject","accept","target_reject_other_accept","ingroup","ingroup",,,,"same",1,"Engineering"
"4","41","41s5",5,1,19,0,1,2,2.42857142857143,1.85714285714286,2.66666666666667,2.16666666666667,2,0,1,0,2,2,2,1,1,1,,810,"victim","N2",2,2,0,1,"Engineering","Engineering","Engineering","accept","reject","target_accept_other_reject","ingroup","ingroup",,,,"same",1,"Engineering"
"4","42","42s6",6,1,18,4,0,2,1.57142857142857,2,2.57142857142857,1.71428571428571,1,5,0,1,2,1,2,1,2,0,,831,"victim","N1",2,1,0,1,"Engineering","Humanities","Engineering","reject","accept","target_reject_other_accept","ingroup","outgroup",,,,"different",0,"Engineering"
"4","42","42s6",6,1,18,4,0,2,1.57142857142857,2,2.57142857142857,1.71428571428571,2,0,1,0,1,2,2,2,1,0,,832,"victim","N2",2,1,0,1,"Engineering","Humanities","Engineering","accept","reject","target_accept_other_reject","ingroup","outgroup",,,,"different",0,"Engineering"
"4","42","42s7",7,1,18,4,0,2,1.57142857142857,2,2.57142857142857,1.71428571428571,1,0,1,0,0,2,2,0,1,0,,833,"victim","N1",0,2,1,0,"Control","Engineering","Engineering","accept","reject","target_accept_other_reject","outgroup","ingroup",,,,"different",0,"Engineering"
"4","42","42s7",7,1,18,4,0,2,1.57142857142857,2,2.57142857142857,1.71428571428571,2,5,0,1,2,0,2,1,0,0,,834,"victim","N2",0,2,1,0,"Control","Engineering","Engineering","reject","accept","target_reject_other_accept","outgroup","ingroup",,,,"different",0,"Engineering"
"4","42","42s8",8,1,18,4,0,2,1.57142857142857,2,2.57142857142857,1.71428571428571,1,0,0,1,1,1,2,2,2,1,,835,"victim","N1",1,1,0,1,"Humanities","Humanities","Engineering","reject","accept","target_reject_other_accept","outgroup","outgroup",,,,"same",1,"Engineering"
"4","42","42s8",8,1,18,4,0,2,1.57142857142857,2,2.57142857142857,1.71428571428571,2,0,1,0,1,1,2,2,2,1,,836,"victim","N2",1,1,0,1,"Humanities","Humanities","Engineering","accept","reject","target_accept_other_reject","outgroup","outgroup",,,,"same",1,"Engineering"
"4","42","42s9",9,1,18,4,0,2,1.57142857142857,2,2.57142857142857,1.71428571428571,1,5,0,1,0,2,2,0,1,0,,837,"victim","N1",0,2,0,1,"Control","Engineering","Engineering","reject","accept","target_reject_other_accept","outgroup","ingroup",,,,"different",0,"Engineering"
"4","42","42s9",9,1,18,4,0,2,1.57142857142857,2,2.57142857142857,1.71428571428571,2,0,1,0,2,0,2,1,0,0,,838,"victim","N2",0,2,0,1,"Control","Engineering","Engineering","accept","reject","target_accept_other_reject","outgroup","ingroup",,,,"different",0,"Engineering"
"4","42","42s10",10,1,18,4,0,2,1.57142857142857,2,2.57142857142857,1.71428571428571,1,5,0,0,0,0,2,0,0,1,,839,"victim","N1",0,0,0,0,"Control","Control","Engineering","reject","reject","both_reject","outgroup","outgroup",,,,"same",1,"Engineering"
"4","42","42s10",10,1,18,4,0,2,1.57142857142857,2,2.57142857142857,1.71428571428571,2,5,0,0,0,0,2,0,0,1,,840,"victim","N2",0,0,0,0,"Control","Control","Engineering","reject","reject","both_reject","outgroup","outgroup",,,,"same",1,"Engineering"
"5","43","43s6",6,1,27,4,1,1,3,3.28571428571429,1.57142857142857,1.71428571428571,1,-3,1,0,2,1,1,2,1,0,,851,"victim","N1",2,1,1,0,"Engineering","Humanities","Humanities","accept","reject","target_accept_other_reject","outgroup","ingroup",,,,"different",0,"Humanities"
"5","43","43s6",6,1,27,4,1,1,3,3.28571428571429,1.57142857142857,1.71428571428571,2,0,0,1,1,2,1,1,2,0,,852,"victim","N2",2,1,1,0,"Engineering","Humanities","Humanities","reject","accept","target_reject_other_accept","outgroup","ingroup",,,,"different",0,"Humanities"
"5","43","43s7",7,1,27,4,1,1,3,3.28571428571429,1.57142857142857,1.71428571428571,1,-1,1,1,0,2,1,0,2,0,,853,"victim","N1",0,2,1,1,"Control","Engineering","Humanities","accept","accept","both_accept","outgroup","outgroup",,,,"different",0,"Humanities"
"5","43","43s7",7,1,27,4,1,1,3,3.28571428571429,1.57142857142857,1.71428571428571,2,-1,1,1,2,0,1,2,0,0,,854,"victim","N2",0,2,1,1,"Control","Engineering","Humanities","accept","accept","both_accept","outgroup","outgroup",,,,"different",0,"Humanities"
"5","43","43s8",8,1,27,4,1,1,3,3.28571428571429,1.57142857142857,1.71428571428571,1,0,0,1,2,0,1,2,0,0,,855,"victim","N1",2,0,0,1,"Engineering","Control","Humanities","reject","accept","target_reject_other_accept","outgroup","outgroup",,,,"different",0,"Humanities"
"5","43","43s8",8,1,27,4,1,1,3,3.28571428571429,1.57142857142857,1.71428571428571,2,-2,1,0,0,2,1,0,2,0,,856,"victim","N2",2,0,0,1,"Engineering","Control","Humanities","accept","reject","target_accept_other_reject","outgroup","outgroup",,,,"different",0,"Humanities"
"5","43","43s9",9,1,27,4,1,1,3,3.28571428571429,1.57142857142857,1.71428571428571,1,-2,1,0,1,1,1,1,1,1,,857,"victim","N1",1,1,1,0,"Humanities","Humanities","Humanities","accept","reject","target_accept_other_reject","ingroup","ingroup",,,,"same",1,"Humanities"
"5","43","43s9",9,1,27,4,1,1,3,3.28571428571429,1.57142857142857,1.71428571428571,2,2,0,1,1,1,1,1,1,1,,858,"victim","N2",1,1,1,0,"Humanities","Humanities","Humanities","reject","accept","target_reject_other_accept","ingroup","ingroup",,,,"same",1,"Humanities"
"5","43","43s10",10,1,27,4,1,1,3,3.28571428571429,1.57142857142857,1.71428571428571,1,-3,1,0,2,2,1,2,2,1,,859,"victim","N1",2,2,1,0,"Engineering","Engineering","Humanities","accept","reject","target_accept_other_reject","outgroup","outgroup",,,,"same",1,"Humanities"
"5","43","43s10",10,1,27,4,1,1,3,3.28571428571429,1.57142857142857,1.71428571428571,2,2,0,1,2,2,1,2,2,1,,860,"victim","N2",2,2,1,0,"Engineering","Engineering","Humanities","reject","accept","target_reject_other_accept","outgroup","outgroup",,,,"same",1,"Humanities"
"5","44","44s6",6,1,18,4,1,2,1.14285714285714,2,3,1.42857142857143,1,-9,1,1,0,2,2,0,1,0,,871,"victim","N1",0,2,1,1,"Control","Engineering","Engineering","accept","accept","both_accept","outgroup","ingroup",,,,"different",0,"Engineering"
"5","44","44s6",6,1,18,4,1,2,1.14285714285714,2,3,1.42857142857143,2,-9,1,1,2,0,2,1,0,0,,872,"victim","N2",0,2,1,1,"Control","Engineering","Engineering","accept","accept","both_accept","outgroup","ingroup",,,,"different",0,"Engineering"
"5","44","44s7",7,1,18,4,1,2,1.14285714285714,2,3,1.42857142857143,1,-9,1,0,0,1,2,0,2,0,,873,"victim","N1",0,1,1,0,"Control","Humanities","Engineering","accept","reject","target_accept_other_reject","outgroup","outgroup",,,,"different",0,"Engineering"
"5","44","44s7",7,1,18,4,1,2,1.14285714285714,2,3,1.42857142857143,2,-9,0,1,1,0,2,2,0,0,,874,"victim","N2",0,1,1,0,"Control","Humanities","Engineering","reject","accept","target_reject_other_accept","outgroup","outgroup",,,,"different",0,"Engineering"
"5","44","44s8",8,1,18,4,1,2,1.14285714285714,2,3,1.42857142857143,1,-9,1,0,0,1,2,0,2,0,,875,"victim","N1",0,1,1,0,"Control","Humanities","Engineering","accept","reject","target_accept_other_reject","outgroup","outgroup",,,,"different",0,"Engineering"
"5","44","44s8",8,1,18,4,1,2,1.14285714285714,2,3,1.42857142857143,2,-9,0,1,1,0,2,2,0,0,,876,"victim","N2",0,1,1,0,"Control","Humanities","Engineering","reject","accept","target_reject_other_accept","outgroup","outgroup",,,,"different",0,"Engineering"
"5","44","44s9",9,1,18,4,1,2,1.14285714285714,2,3,1.42857142857143,1,9,0,0,0,2,2,0,1,0,,877,"victim","N1",0,2,0,0,"Control","Engineering","Engineering","reject","reject","both_reject","outgroup","ingroup",,,,"different",0,"Engineering"
"5","44","44s9",9,1,18,4,1,2,1.14285714285714,2,3,1.42857142857143,2,9,0,0,2,0,2,1,0,0,,878,"victim","N2",0,2,0,0,"Control","Engineering","Engineering","reject","reject","both_reject","outgroup","ingroup",,,,"different",0,"Engineering"
"5","44","44s10",10,1,18,4,1,2,1.14285714285714,2,3,1.42857142857143,1,9,0,0,1,2,2,2,1,0,,879,"victim","N1",1,2,0,0,"Humanities","Engineering","Engineering","reject","reject","both_reject","outgroup","ingroup",,,,"different",0,"Engineering"
"5","44","44s10",10,1,18,4,1,2,1.14285714285714,2,3,1.42857142857143,2,9,0,0,2,1,2,1,2,0,,880,"victim","N2",1,2,0,0,"Humanities","Engineering","Engineering","reject","reject","both_reject","outgroup","ingroup",,,,"different",0,"Engineering"
"5","45","45s6",6,1,19,2,0,2,1.14285714285714,2.14285714285714,3.42857142857143,1.42857142857143,1,5,0,0,2,0,2,1,0,0,,891,"victim","N1",2,0,0,0,"Engineering","Control","Engineering","reject","reject","both_reject","ingroup","outgroup",,,,"different",0,"Engineering"
"5","45","45s6",6,1,19,2,0,2,1.14285714285714,2.14285714285714,3.42857142857143,1.42857142857143,2,5,0,0,0,2,2,0,1,0,,892,"victim","N2",2,0,0,0,"Engineering","Control","Engineering","reject","reject","both_reject","ingroup","outgroup",,,,"different",0,"Engineering"
"5","45","45s7",7,1,19,2,0,2,1.14285714285714,2.14285714285714,3.42857142857143,1.42857142857143,1,5,0,1,2,0,2,1,0,0,,893,"victim","N1",2,0,0,1,"Engineering","Control","Engineering","reject","accept","target_reject_other_accept","ingroup","outgroup",,,,"different",0,"Engineering"
"5","45","45s7",7,1,19,2,0,2,1.14285714285714,2.14285714285714,3.42857142857143,1.42857142857143,2,-5,1,0,0,2,2,0,1,0,,894,"victim","N2",2,0,0,1,"Engineering","Control","Engineering","accept","reject","target_accept_other_reject","ingroup","outgroup",,,,"different",0,"Engineering"
"5","45","45s8",8,1,19,2,0,2,1.14285714285714,2.14285714285714,3.42857142857143,1.42857142857143,1,6,0,1,1,0,2,2,0,0,,895,"victim","N1",1,0,0,1,"Humanities","Control","Engineering","reject","accept","target_reject_other_accept","outgroup","outgroup",,,,"different",0,"Engineering"
"5","45","45s8",8,1,19,2,0,2,1.14285714285714,2.14285714285714,3.42857142857143,1.42857142857143,2,-6,1,0,0,1,2,0,2,0,,896,"victim","N2",1,0,0,1,"Humanities","Control","Engineering","accept","reject","target_accept_other_reject","outgroup","outgroup",,,,"different",0,"Engineering"
"5","45","45s9",9,1,19,2,0,2,1.14285714285714,2.14285714285714,3.42857142857143,1.42857142857143,1,-5,1,0,2,0,2,1,0,0,,897,"victim","N1",2,0,1,0,"Engineering","Control","Engineering","accept","reject","target_accept_other_reject","ingroup","outgroup",,,,"different",0,"Engineering"
"5","45","45s9",9,1,19,2,0,2,1.14285714285714,2.14285714285714,3.42857142857143,1.42857142857143,2,5,0,1,0,2,2,0,1,0,,898,"victim","N2",2,0,1,0,"Engineering","Control","Engineering","reject","accept","target_reject_other_accept","ingroup","outgroup",,,,"different",0,"Engineering"
"5","45","45s10",10,1,19,2,0,2,1.14285714285714,2.14285714285714,3.42857142857143,1.42857142857143,1,-5,1,0,1,1,2,2,2,1,,899,"victim","N1",1,1,1,0,"Humanities","Humanities","Engineering","accept","reject","target_accept_other_reject","outgroup","outgroup",,,,"same",1,"Engineering"
"5","45","45s10",10,1,19,2,0,2,1.14285714285714,2.14285714285714,3.42857142857143,1.42857142857143,2,8,0,1,1,1,2,2,2,1,,900,"victim","N2",1,1,1,0,"Humanities","Humanities","Engineering","reject","accept","target_reject_other_accept","outgroup","outgroup",,,,"same",1,"Engineering"
"5","46","46s1",1,1,18,2,0,2,2.14285714285714,2.28571428571429,2,1.14285714285714,1,4,1,1,2,2,2,1,1,1,,901,"victim","N1",2,2,1,1,"Engineering","Engineering","Engineering","accept","accept","both_accept","ingroup","ingroup",,,,"same",1,"Engineering"
"5","46","46s1",1,1,18,2,0,2,2.14285714285714,2.28571428571429,2,1.14285714285714,2,4,1,1,2,2,2,1,1,1,,902,"victim","N2",2,2,1,1,"Engineering","Engineering","Engineering","accept","accept","both_accept","ingroup","ingroup",,,,"same",1,"Engineering"
"5","46","46s2",2,1,18,2,0,2,2.14285714285714,2.28571428571429,2,1.14285714285714,1,7,0,0,1,0,2,2,0,0,,903,"victim","N1",1,0,0,0,"Humanities","Control","Engineering","reject","reject","both_reject","outgroup","outgroup",,,,"different",0,"Engineering"
"5","46","46s2",2,1,18,2,0,2,2.14285714285714,2.28571428571429,2,1.14285714285714,2,5,0,0,0,1,2,0,2,0,,904,"victim","N2",1,0,0,0,"Humanities","Control","Engineering","reject","reject","both_reject","outgroup","outgroup",,,,"different",0,"Engineering"
"5","46","46s3",3,1,18,2,0,2,2.14285714285714,2.28571428571429,2,1.14285714285714,1,0,0,1,0,2,2,0,1,0,,905,"victim","N1",0,2,0,1,"Control","Engineering","Engineering","reject","accept","target_reject_other_accept","outgroup","ingroup",,,,"different",0,"Engineering"
"5","46","46s3",3,1,18,2,0,2,2.14285714285714,2.28571428571429,2,1.14285714285714,2,-2,1,0,2,0,2,1,0,0,,906,"victim","N2",0,2,0,1,"Control","Engineering","Engineering","accept","reject","target_accept_other_reject","outgroup","ingroup",,,,"different",0,"Engineering"
"5","46","46s4",4,1,18,2,0,2,2.14285714285714,2.28571428571429,2,1.14285714285714,1,3,0,1,2,1,2,1,2,0,,907,"victim","N1",2,1,0,1,"Engineering","Humanities","Engineering","reject","accept","target_reject_other_accept","ingroup","outgroup",,,,"different",0,"Engineering"
"5","46","46s4",4,1,18,2,0,2,2.14285714285714,2.28571428571429,2,1.14285714285714,2,0,1,0,1,2,2,2,1,0,,908,"victim","N2",2,1,0,1,"Engineering","Humanities","Engineering","accept","reject","target_accept_other_reject","ingroup","outgroup",,,,"different",0,"Engineering"
"5","46","46s5",5,1,18,2,0,2,2.14285714285714,2.28571428571429,2,1.14285714285714,1,5,0,0,1,0,2,2,0,0,,909,"victim","N1",1,0,0,0,"Humanities","Control","Engineering","reject","reject","both_reject","outgroup","outgroup",,,,"different",0,"Engineering"
"5","46","46s5",5,1,18,2,0,2,2.14285714285714,2.28571428571429,2,1.14285714285714,2,3,0,0,0,1,2,0,2,0,,910,"victim","N2",1,0,0,0,"Humanities","Control","Engineering","reject","reject","both_reject","outgroup","outgroup",,,,"different",0,"Engineering"
"5","47","47s1",1,1,18,2,0,2,1.57142857142857,2.42857142857143,2.57142857142857,1.28571428571429,1,9,0,0,1,2,2,2,1,0,,921,"victim","N1",1,2,0,0,"Humanities","Engineering","Engineering","reject","reject","both_reject","outgroup","ingroup",,,,"different",0,"Engineering"
"5","47","47s1",1,1,18,2,0,2,1.57142857142857,2.42857142857143,2.57142857142857,1.28571428571429,2,9,0,0,2,1,2,1,2,0,,922,"victim","N2",1,2,0,0,"Humanities","Engineering","Engineering","reject","reject","both_reject","outgroup","ingroup",,,,"different",0,"Engineering"
"5","47","47s2",2,1,18,2,0,2,1.57142857142857,2.42857142857143,2.57142857142857,1.28571428571429,1,6,0,1,1,0,2,2,0,0,,923,"victim","N1",1,0,0,1,"Humanities","Control","Engineering","reject","accept","target_reject_other_accept","outgroup","outgroup",,,,"different",0,"Engineering"
"5","47","47s2",2,1,18,2,0,2,1.57142857142857,2.42857142857143,2.57142857142857,1.28571428571429,2,-6,1,0,0,1,2,0,2,0,,924,"victim","N2",1,0,0,1,"Humanities","Control","Engineering","accept","reject","target_accept_other_reject","outgroup","outgroup",,,,"different",0,"Engineering"
"5","47","47s3",3,1,18,2,0,2,1.57142857142857,2.42857142857143,2.57142857142857,1.28571428571429,1,6,0,1,2,0,2,1,0,0,,925,"victim","N1",2,0,0,1,"Engineering","Control","Engineering","reject","accept","target_reject_other_accept","ingroup","outgroup",,,,"different",0,"Engineering"
"5","47","47s3",3,1,18,2,0,2,1.57142857142857,2.42857142857143,2.57142857142857,1.28571428571429,2,-6,1,0,0,2,2,0,1,0,,926,"victim","N2",2,0,0,1,"Engineering","Control","Engineering","accept","reject","target_accept_other_reject","ingroup","outgroup",,,,"different",0,"Engineering"
"5","47","47s4",4,1,18,2,0,2,1.57142857142857,2.42857142857143,2.57142857142857,1.28571428571429,1,9,0,0,0,1,2,0,2,0,,927,"victim","N1",0,1,0,0,"Control","Humanities","Engineering","reject","reject","both_reject","outgroup","outgroup",,,,"different",0,"Engineering"
"5","47","47s4",4,1,18,2,0,2,1.57142857142857,2.42857142857143,2.57142857142857,1.28571428571429,2,9,0,0,1,0,2,2,0,0,,928,"victim","N2",0,1,0,0,"Control","Humanities","Engineering","reject","reject","both_reject","outgroup","outgroup",,,,"different",0,"Engineering"
"5","47","47s5",5,1,18,2,0,2,1.57142857142857,2.42857142857143,2.57142857142857,1.28571428571429,1,-9,1,0,0,2,2,0,1,0,,929,"victim","N1",0,2,1,0,"Control","Engineering","Engineering","accept","reject","target_accept_other_reject","outgroup","ingroup",,,,"different",0,"Engineering"
"5","47","47s5",5,1,18,2,0,2,1.57142857142857,2.42857142857143,2.57142857142857,1.28571428571429,2,9,0,1,2,0,2,1,0,0,,930,"victim","N2",0,2,1,0,"Control","Engineering","Engineering","reject","accept","target_reject_other_accept","outgroup","ingroup",,,,"different",0,"Engineering"
"5","48","48s6",6,1,18,1,0,2,0.857142857142857,1.57142857142857,1.71428571428571,2.42857142857143,1,5,1,1,2,2,2,1,1,1,,951,"victim","N1",2,2,1,1,"Engineering","Engineering","Engineering","accept","accept","both_accept","ingroup","ingroup",,,,"same",1,"Engineering"
"5","48","48s6",6,1,18,1,0,2,0.857142857142857,1.57142857142857,1.71428571428571,2.42857142857143,2,5,1,1,2,2,2,1,1,1,,952,"victim","N2",2,2,1,1,"Engineering","Engineering","Engineering","accept","accept","both_accept","ingroup","ingroup",,,,"same",1,"Engineering"
"5","48","48s7",7,1,18,1,0,2,0.857142857142857,1.57142857142857,1.71428571428571,2.42857142857143,1,5,1,1,0,0,2,0,0,1,,953,"victim","N1",0,0,1,1,"Control","Control","Engineering","accept","accept","both_accept","outgroup","outgroup",,,,"same",1,"Engineering"
"5","48","48s7",7,1,18,1,0,2,0.857142857142857,1.57142857142857,1.71428571428571,2.42857142857143,2,5,1,1,0,0,2,0,0,1,,954,"victim","N2",0,0,1,1,"Control","Control","Engineering","accept","accept","both_accept","outgroup","outgroup",,,,"same",1,"Engineering"
"5","48","48s8",8,1,18,1,0,2,0.857142857142857,1.57142857142857,1.71428571428571,2.42857142857143,1,5,1,1,1,1,2,2,2,1,,955,"victim","N1",1,1,1,1,"Humanities","Humanities","Engineering","accept","accept","both_accept","outgroup","outgroup",,,,"same",1,"Engineering"
"5","48","48s8",8,1,18,1,0,2,0.857142857142857,1.57142857142857,1.71428571428571,2.42857142857143,2,5,1,1,1,1,2,2,2,1,,956,"victim","N2",1,1,1,1,"Humanities","Humanities","Engineering","accept","accept","both_accept","outgroup","outgroup",,,,"same",1,"Engineering"
"5","48","48s9",9,1,18,1,0,2,0.857142857142857,1.57142857142857,1.71428571428571,2.42857142857143,1,5,0,0,2,2,2,1,1,1,,957,"victim","N1",2,2,0,0,"Engineering","Engineering","Engineering","reject","reject","both_reject","ingroup","ingroup",,,,"same",1,"Engineering"
"5","48","48s9",9,1,18,1,0,2,0.857142857142857,1.57142857142857,1.71428571428571,2.42857142857143,2,5,0,0,2,2,2,1,1,1,,958,"victim","N2",2,2,0,0,"Engineering","Engineering","Engineering","reject","reject","both_reject","ingroup","ingroup",,,,"same",1,"Engineering"
"5","48","48s10",10,1,18,1,0,2,0.857142857142857,1.57142857142857,1.71428571428571,2.42857142857143,1,4,0,1,1,2,2,2,1,0,,959,"victim","N1",1,2,0,1,"Humanities","Engineering","Engineering","reject","accept","target_reject_other_accept","outgroup","ingroup",,,,"different",0,"Engineering"
"5","48","48s10",10,1,18,1,0,2,0.857142857142857,1.57142857142857,1.71428571428571,2.42857142857143,2,4,1,0,2,1,2,1,2,0,,960,"victim","N2",1,2,0,1,"Humanities","Engineering","Engineering","accept","reject","target_accept_other_reject","outgroup","ingroup",,,,"different",0,"Engineering"
"5","49","49s1",1,1,18,3,0,2,1.85714285714286,3.71428571428571,3.28571428571429,2.14285714285714,1,-8,1,1,1,2,2,2,1,0,,961,"victim","N1",1,2,1,1,"Humanities","Engineering","Engineering","accept","accept","both_accept","outgroup","ingroup",,,,"different",0,"Engineering"
"5","49","49s1",1,1,18,3,0,2,1.85714285714286,3.71428571428571,3.28571428571429,2.14285714285714,2,-8,1,1,2,1,2,1,2,0,,962,"victim","N2",1,2,1,1,"Humanities","Engineering","Engineering","accept","accept","both_accept","outgroup","ingroup",,,,"different",0,"Engineering"
"5","49","49s2",2,1,18,3,0,2,1.85714285714286,3.71428571428571,3.28571428571429,2.14285714285714,1,-8,1,1,2,1,2,1,2,0,,963,"victim","N1",2,1,1,1,"Engineering","Humanities","Engineering","accept","accept","both_accept","ingroup","outgroup",,,,"different",0,"Engineering"
"5","49","49s2",2,1,18,3,0,2,1.85714285714286,3.71428571428571,3.28571428571429,2.14285714285714,2,-8,1,1,1,2,2,2,1,0,,964,"victim","N2",2,1,1,1,"Engineering","Humanities","Engineering","accept","accept","both_accept","ingroup","outgroup",,,,"different",0,"Engineering"
"5","49","49s3",3,1,18,3,0,2,1.85714285714286,3.71428571428571,3.28571428571429,2.14285714285714,1,-8,1,0,0,0,2,0,0,1,,965,"victim","N1",0,0,1,0,"Control","Control","Engineering","accept","reject","target_accept_other_reject","outgroup","outgroup",,,,"same",1,"Engineering"
"5","49","49s3",3,1,18,3,0,2,1.85714285714286,3.71428571428571,3.28571428571429,2.14285714285714,2,6,0,1,0,0,2,0,0,1,,966,"victim","N2",0,0,1,0,"Control","Control","Engineering","reject","accept","target_reject_other_accept","outgroup","outgroup",,,,"same",1,"Engineering"
"5","49","49s4",4,1,18,3,0,2,1.85714285714286,3.71428571428571,3.28571428571429,2.14285714285714,1,8,0,0,1,0,2,2,0,0,,967,"victim","N1",1,0,0,0,"Humanities","Control","Engineering","reject","reject","both_reject","outgroup","outgroup",,,,"different",0,"Engineering"
"5","49","49s4",4,1,18,3,0,2,1.85714285714286,3.71428571428571,3.28571428571429,2.14285714285714,2,8,0,0,0,1,2,0,2,0,,968,"victim","N2",1,0,0,0,"Humanities","Control","Engineering","reject","reject","both_reject","outgroup","outgroup",,,,"different",0,"Engineering"
"5","49","49s5",5,1,18,3,0,2,1.85714285714286,3.71428571428571,3.28571428571429,2.14285714285714,1,-8,0,1,1,1,2,2,2,1,,969,"victim","N1",1,1,0,1,"Humanities","Humanities","Engineering","reject","accept","target_reject_other_accept","outgroup","outgroup",,,,"same",1,"Engineering"
"5","49","49s5",5,1,18,3,0,2,1.85714285714286,3.71428571428571,3.28571428571429,2.14285714285714,2,8,1,0,1,1,2,2,2,1,,970,"victim","N2",1,1,0,1,"Humanities","Humanities","Engineering","accept","reject","target_accept_other_reject","outgroup","outgroup",,,,"same",1,"Engineering"
"6","50","50s6",6,1,18,2,0,2,3,3,3,0.142857142857143,1,0,1,1,1,1,2,2,2,1,,991,"victim","N1",1,1,1,1,"Humanities","Humanities","Engineering","accept","accept","both_accept","outgroup","outgroup",,,,"same",1,"Engineering"
"6","50","50s6",6,1,18,2,0,2,3,3,3,0.142857142857143,2,0,1,1,1,1,2,2,2,1,,992,"victim","N2",1,1,1,1,"Humanities","Humanities","Engineering","accept","accept","both_accept","outgroup","outgroup",,,,"same",1,"Engineering"
"6","50","50s7",7,1,18,2,0,2,3,3,3,0.142857142857143,1,0,1,1,1,2,2,2,1,0,,993,"victim","N1",1,2,1,1,"Humanities","Engineering","Engineering","accept","accept","both_accept","outgroup","ingroup",,,,"different",0,"Engineering"
"6","50","50s7",7,1,18,2,0,2,3,3,3,0.142857142857143,2,0,1,1,2,1,2,1,2,0,,994,"victim","N2",1,2,1,1,"Humanities","Engineering","Engineering","accept","accept","both_accept","outgroup","ingroup",,,,"different",0,"Engineering"
"6","50","50s8",8,1,18,2,0,2,3,3,3,0.142857142857143,1,9,0,0,2,0,2,1,0,0,,995,"victim","N1",2,0,0,0,"Engineering","Control","Engineering","reject","reject","both_reject","ingroup","outgroup",,,,"different",0,"Engineering"
"6","50","50s8",8,1,18,2,0,2,3,3,3,0.142857142857143,2,9,0,0,0,2,2,0,1,0,,996,"victim","N2",2,0,0,0,"Engineering","Control","Engineering","reject","reject","both_reject","ingroup","outgroup",,,,"different",0,"Engineering"
"6","50","50s9",9,1,18,2,0,2,3,3,3,0.142857142857143,1,9,0,0,1,0,2,2,0,0,,997,"victim","N1",1,0,0,0,"Humanities","Control","Engineering","reject","reject","both_reject","outgroup","outgroup",,,,"different",0,"Engineering"
"6","50","50s9",9,1,18,2,0,2,3,3,3,0.142857142857143,2,9,0,0,0,1,2,0,2,0,,998,"victim","N2",1,0,0,0,"Humanities","Control","Engineering","reject","reject","both_reject","outgroup","outgroup",,,,"different",0,"Engineering"
"6","50","50s10",10,1,18,2,0,2,3,3,3,0.142857142857143,1,0,1,0,0,2,2,0,1,0,,999,"victim","N1",0,2,1,0,"Control","Engineering","Engineering","accept","reject","target_accept_other_reject","outgroup","ingroup",,,,"different",0,"Engineering"
"6","50","50s10",10,1,18,2,0,2,3,3,3,0.142857142857143,2,9,0,1,2,0,2,1,0,0,,1000,"victim","N2",0,2,1,0,"Control","Engineering","Engineering","reject","accept","target_reject_other_accept","outgroup","ingroup",,,,"different",0,"Engineering"
"6","51","51s1",1,1,18,2,1,2,3.14285714285714,3,3,1.71428571428571,1,2,1,0,0,0,2,0,0,1,,1001,"victim","N1",0,0,1,0,"Control","Control","Engineering","accept","reject","target_accept_other_reject","outgroup","outgroup",,,,"same",1,"Engineering"
"6","51","51s1",1,1,18,2,1,2,3.14285714285714,3,3,1.71428571428571,2,8,0,1,0,0,2,0,0,1,,1002,"victim","N2",0,0,1,0,"Control","Control","Engineering","reject","accept","target_reject_other_accept","outgroup","outgroup",,,,"same",1,"Engineering"
"6","51","51s2",2,1,18,2,1,2,3.14285714285714,3,3,1.71428571428571,1,8,0,1,1,2,2,2,1,0,,1003,"victim","N1",1,2,0,1,"Humanities","Engineering","Engineering","reject","accept","target_reject_other_accept","outgroup","ingroup",,,,"different",0,"Engineering"
"6","51","51s2",2,1,18,2,1,2,3.14285714285714,3,3,1.71428571428571,2,-1,1,0,2,1,2,1,2,0,,1004,"victim","N2",1,2,0,1,"Humanities","Engineering","Engineering","accept","reject","target_accept_other_reject","outgroup","ingroup",,,,"different",0,"Engineering"
"6","51","51s3",3,1,18,2,1,2,3.14285714285714,3,3,1.71428571428571,1,-3,1,1,2,1,2,1,2,0,,1005,"victim","N1",2,1,1,1,"Engineering","Humanities","Engineering","accept","accept","both_accept","ingroup","outgroup",,,,"different",0,"Engineering"
"6","51","51s3",3,1,18,2,1,2,3.14285714285714,3,3,1.71428571428571,2,-3,1,1,1,2,2,2,1,0,,1006,"victim","N2",2,1,1,1,"Engineering","Humanities","Engineering","accept","accept","both_accept","ingroup","outgroup",,,,"different",0,"Engineering"
"6","51","51s4",4,1,18,2,1,2,3.14285714285714,3,3,1.71428571428571,1,-4,1,1,2,1,2,1,2,0,,1007,"victim","N1",2,1,1,1,"Engineering","Humanities","Engineering","accept","accept","both_accept","ingroup","outgroup",,,,"different",0,"Engineering"
"6","51","51s4",4,1,18,2,1,2,3.14285714285714,3,3,1.71428571428571,2,-4,1,1,1,2,2,2,1,0,,1008,"victim","N2",2,1,1,1,"Engineering","Humanities","Engineering","accept","accept","both_accept","ingroup","outgroup",,,,"different",0,"Engineering"
"6","51","51s5",5,1,18,2,1,2,3.14285714285714,3,3,1.71428571428571,1,9,0,1,2,0,2,1,0,0,,1009,"victim","N1",2,0,0,1,"Engineering","Control","Engineering","reject","accept","target_reject_other_accept","ingroup","outgroup",,,,"different",0,"Engineering"
"6","51","51s5",5,1,18,2,1,2,3.14285714285714,3,3,1.71428571428571,2,-3,1,0,0,2,2,0,1,0,,1010,"victim","N2",2,0,0,1,"Engineering","Control","Engineering","accept","reject","target_accept_other_reject","ingroup","outgroup",,,,"different",0,"Engineering"
"6","52","52s1",1,1,18,2,1,2,1.42857142857143,3.42857142857143,2,1.42857142857143,1,9,0,0,2,2,2,1,1,1,,1021,"victim","N1",2,2,0,0,"Engineering","Engineering","Engineering","reject","reject","both_reject","ingroup","ingroup",,,,"same",1,"Engineering"
"6","52","52s1",1,1,18,2,1,2,1.42857142857143,3.42857142857143,2,1.42857142857143,2,9,0,0,2,2,2,1,1,1,,1022,"victim","N2",2,2,0,0,"Engineering","Engineering","Engineering","reject","reject","both_reject","ingroup","ingroup",,,,"same",1,"Engineering"
"6","52","52s2",2,1,18,2,1,2,1.42857142857143,3.42857142857143,2,1.42857142857143,1,9,0,0,2,1,2,1,2,0,,1023,"victim","N1",2,1,0,0,"Engineering","Humanities","Engineering","reject","reject","both_reject","ingroup","outgroup",,,,"different",0,"Engineering"
"6","52","52s2",2,1,18,2,1,2,1.42857142857143,3.42857142857143,2,1.42857142857143,2,9,0,0,1,2,2,2,1,0,,1024,"victim","N2",2,1,0,0,"Engineering","Humanities","Engineering","reject","reject","both_reject","ingroup","outgroup",,,,"different",0,"Engineering"
"6","52","52s3",3,1,18,2,1,2,1.42857142857143,3.42857142857143,2,1.42857142857143,1,9,0,1,2,0,2,1,0,0,,1025,"victim","N1",2,0,0,1,"Engineering","Control","Engineering","reject","accept","target_reject_other_accept","ingroup","outgroup",,,,"different",0,"Engineering"
"6","52","52s3",3,1,18,2,1,2,1.42857142857143,3.42857142857143,2,1.42857142857143,2,-9,1,0,0,2,2,0,1,0,,1026,"victim","N2",2,0,0,1,"Engineering","Control","Engineering","accept","reject","target_accept_other_reject","ingroup","outgroup",,,,"different",0,"Engineering"
"6","52","52s4",4,1,18,2,1,2,1.42857142857143,3.42857142857143,2,1.42857142857143,1,-5,1,1,1,2,2,2,1,0,,1027,"victim","N1",1,2,1,1,"Humanities","Engineering","Engineering","accept","accept","both_accept","outgroup","ingroup",,,,"different",0,"Engineering"
"6","52","52s4",4,1,18,2,1,2,1.42857142857143,3.42857142857143,2,1.42857142857143,2,-9,1,1,2,1,2,1,2,0,,1028,"victim","N2",1,2,1,1,"Humanities","Engineering","Engineering","accept","accept","both_accept","outgroup","ingroup",,,,"different",0,"Engineering"
"6","52","52s5",5,1,18,2,1,2,1.42857142857143,3.42857142857143,2,1.42857142857143,1,9,0,1,0,1,2,0,2,0,,1029,"victim","N1",0,1,0,1,"Control","Humanities","Engineering","reject","accept","target_reject_other_accept","outgroup","outgroup",,,,"different",0,"Engineering"
"6","52","52s5",5,1,18,2,1,2,1.42857142857143,3.42857142857143,2,1.42857142857143,2,-9,1,0,1,0,2,2,0,0,,1030,"victim","N2",0,1,0,1,"Control","Humanities","Engineering","accept","reject","target_accept_other_reject","outgroup","outgroup",,,,"different",0,"Engineering"
"7","53","53s6",6,1,18,4,0,2,2,1.42857142857143,0.428571428571428,3,1,5,0,0,1,1,2,2,2,1,,1051,"victim","N1",1,1,0,0,"Humanities","Humanities","Engineering","reject","reject","both_reject","outgroup","outgroup",,,,"same",1,"Engineering"
"7","53","53s6",6,1,18,4,0,2,2,1.42857142857143,0.428571428571428,3,2,5,0,0,1,1,2,2,2,1,,1052,"victim","N2",1,1,0,0,"Humanities","Humanities","Engineering","reject","reject","both_reject","outgroup","outgroup",,,,"same",1,"Engineering"
"7","53","53s7",7,1,18,4,0,2,2,1.42857142857143,0.428571428571428,3,1,-5,1,0,0,1,2,0,2,0,,1053,"victim","N1",0,1,1,0,"Control","Humanities","Engineering","accept","reject","target_accept_other_reject","outgroup","outgroup",,,,"different",0,"Engineering"
"7","53","53s7",7,1,18,4,0,2,2,1.42857142857143,0.428571428571428,3,2,5,0,1,1,0,2,2,0,0,,1054,"victim","N2",0,1,1,0,"Control","Humanities","Engineering","reject","accept","target_reject_other_accept","outgroup","outgroup",,,,"different",0,"Engineering"
"7","53","53s8",8,1,18,4,0,2,2,1.42857142857143,0.428571428571428,3,1,-5,1,0,2,0,2,1,0,0,,1055,"victim","N1",2,0,1,0,"Engineering","Control","Engineering","accept","reject","target_accept_other_reject","ingroup","outgroup",,,,"different",0,"Engineering"
"7","53","53s8",8,1,18,4,0,2,2,1.42857142857143,0.428571428571428,3,2,5,0,1,0,2,2,0,1,0,,1056,"victim","N2",2,0,1,0,"Engineering","Control","Engineering","reject","accept","target_reject_other_accept","ingroup","outgroup",,,,"different",0,"Engineering"
"7","53","53s9",9,1,18,4,0,2,2,1.42857142857143,0.428571428571428,3,1,5,0,0,2,1,2,1,2,0,,1057,"victim","N1",2,1,0,0,"Engineering","Humanities","Engineering","reject","reject","both_reject","ingroup","outgroup",,,,"different",0,"Engineering"
"7","53","53s9",9,1,18,4,0,2,2,1.42857142857143,0.428571428571428,3,2,5,0,0,1,2,2,2,1,0,,1058,"victim","N2",2,1,0,0,"Engineering","Humanities","Engineering","reject","reject","both_reject","ingroup","outgroup",,,,"different",0,"Engineering"
"7","53","53s10",10,1,18,4,0,2,2,1.42857142857143,0.428571428571428,3,1,5,0,1,0,1,2,0,2,0,,1059,"victim","N1",0,1,0,1,"Control","Humanities","Engineering","reject","accept","target_reject_other_accept","outgroup","outgroup",,,,"different",0,"Engineering"
"7","53","53s10",10,1,18,4,0,2,2,1.42857142857143,0.428571428571428,3,2,-6,1,0,1,0,2,2,0,0,,1060,"victim","N2",0,1,0,1,"Control","Humanities","Engineering","accept","reject","target_accept_other_reject","outgroup","outgroup",,,,"different",0,"Engineering"
"7","54","54s1",1,1,18,4,0,2,1.42857142857143,2.42857142857143,2.28571428571429,1.14285714285714,1,-4,1,1,1,0,2,2,0,0,,1061,"victim","N1",1,0,1,1,"Humanities","Control","Engineering","accept","accept","both_accept","outgroup","outgroup",,,,"different",0,"Engineering"
"7","54","54s1",1,1,18,4,0,2,1.42857142857143,2.42857142857143,2.28571428571429,1.14285714285714,2,-9,1,1,0,1,2,0,2,0,,1062,"victim","N2",1,0,1,1,"Humanities","Control","Engineering","accept","accept","both_accept","outgroup","outgroup",,,,"different",0,"Engineering"
"7","54","54s2",2,1,18,4,0,2,1.42857142857143,2.42857142857143,2.28571428571429,1.14285714285714,1,-9,1,0,0,1,2,0,2,0,,1063,"victim","N1",0,1,1,0,"Control","Humanities","Engineering","accept","reject","target_accept_other_reject","outgroup","outgroup",,,,"different",0,"Engineering"
"7","54","54s2",2,1,18,4,0,2,1.42857142857143,2.42857142857143,2.28571428571429,1.14285714285714,2,9,0,1,1,0,2,2,0,0,,1064,"victim","N2",0,1,1,0,"Control","Humanities","Engineering","reject","accept","target_reject_other_accept","outgroup","outgroup",,,,"different",0,"Engineering"
"7","54","54s3",3,1,18,4,0,2,1.42857142857143,2.42857142857143,2.28571428571429,1.14285714285714,1,-9,1,0,1,0,2,2,0,0,,1065,"victim","N1",1,0,1,0,"Humanities","Control","Engineering","accept","reject","target_accept_other_reject","outgroup","outgroup",,,,"different",0,"Engineering"
"7","54","54s3",3,1,18,4,0,2,1.42857142857143,2.42857142857143,2.28571428571429,1.14285714285714,2,9,0,1,0,1,2,0,2,0,,1066,"victim","N2",1,0,1,0,"Humanities","Control","Engineering","reject","accept","target_reject_other_accept","outgroup","outgroup",,,,"different",0,"Engineering"
"7","54","54s4",4,1,18,4,0,2,1.42857142857143,2.42857142857143,2.28571428571429,1.14285714285714,1,9,0,0,1,2,2,2,1,0,,1067,"victim","N1",1,2,0,0,"Humanities","Engineering","Engineering","reject","reject","both_reject","outgroup","ingroup",,,,"different",0,"Engineering"
"7","54","54s4",4,1,18,4,0,2,1.42857142857143,2.42857142857143,2.28571428571429,1.14285714285714,2,9,0,0,2,1,2,1,2,0,,1068,"victim","N2",1,2,0,0,"Humanities","Engineering","Engineering","reject","reject","both_reject","outgroup","ingroup",,,,"different",0,"Engineering"
"7","54","54s5",5,1,18,4,0,2,1.42857142857143,2.42857142857143,2.28571428571429,1.14285714285714,1,-9,1,1,2,1,2,1,2,0,,1069,"victim","N1",2,1,1,1,"Engineering","Humanities","Engineering","accept","accept","both_accept","ingroup","outgroup",,,,"different",0,"Engineering"
"7","54","54s5",5,1,18,4,0,2,1.42857142857143,2.42857142857143,2.28571428571429,1.14285714285714,2,-9,1,1,1,2,2,2,1,0,,1070,"victim","N2",2,1,1,1,"Engineering","Humanities","Engineering","accept","accept","both_accept","ingroup","outgroup",,,,"different",0,"Engineering"
"7","55","55s1",1,1,18,4,1,2,3.14285714285714,2.71428571428571,2,1.57142857142857,1,5,0,1,0,2,2,0,1,0,,1081,"victim","N1",0,2,0,1,"Control","Engineering","Engineering","reject","accept","target_reject_other_accept","outgroup","ingroup",,,,"different",0,"Engineering"
"7","55","55s1",1,1,18,4,1,2,3.14285714285714,2.71428571428571,2,1.57142857142857,2,-5,1,0,2,0,2,1,0,0,,1082,"victim","N2",0,2,0,1,"Control","Engineering","Engineering","accept","reject","target_accept_other_reject","outgroup","ingroup",,,,"different",0,"Engineering"
"7","55","55s2",2,1,18,4,1,2,3.14285714285714,2.71428571428571,2,1.57142857142857,1,9,0,0,2,1,2,1,2,0,,1083,"victim","N1",2,1,0,0,"Engineering","Humanities","Engineering","reject","reject","both_reject","ingroup","outgroup",,,,"different",0,"Engineering"
"7","55","55s2",2,1,18,4,1,2,3.14285714285714,2.71428571428571,2,1.57142857142857,2,9,0,0,1,2,2,2,1,0,,1084,"victim","N2",2,1,0,0,"Engineering","Humanities","Engineering","reject","reject","both_reject","ingroup","outgroup",,,,"different",0,"Engineering"
"7","55","55s3",3,1,18,4,1,2,3.14285714285714,2.71428571428571,2,1.57142857142857,1,9,0,0,1,1,2,2,2,1,,1085,"victim","N1",1,1,0,0,"Humanities","Humanities","Engineering","reject","reject","both_reject","outgroup","outgroup",,,,"same",1,"Engineering"
"7","55","55s3",3,1,18,4,1,2,3.14285714285714,2.71428571428571,2,1.57142857142857,2,9,0,0,1,1,2,2,2,1,,1086,"victim","N2",1,1,0,0,"Humanities","Humanities","Engineering","reject","reject","both_reject","outgroup","outgroup",,,,"same",1,"Engineering"
"7","55","55s4",4,1,18,4,1,2,3.14285714285714,2.71428571428571,2,1.57142857142857,1,9,0,0,2,0,2,1,0,0,,1087,"victim","N1",2,0,0,0,"Engineering","Control","Engineering","reject","reject","both_reject","ingroup","outgroup",,,,"different",0,"Engineering"
"7","55","55s4",4,1,18,4,1,2,3.14285714285714,2.71428571428571,2,1.57142857142857,2,9,0,0,0,2,2,0,1,0,,1088,"victim","N2",2,0,0,0,"Engineering","Control","Engineering","reject","reject","both_reject","ingroup","outgroup",,,,"different",0,"Engineering"
"7","55","55s5",5,1,18,4,1,2,3.14285714285714,2.71428571428571,2,1.57142857142857,1,-5,1,0,0,0,2,0,0,1,,1089,"victim","N1",0,0,1,0,"Control","Control","Engineering","accept","reject","target_accept_other_reject","outgroup","outgroup",,,,"same",1,"Engineering"
"7","55","55s5",5,1,18,4,1,2,3.14285714285714,2.71428571428571,2,1.57142857142857,2,5,0,1,0,0,2,0,0,1,,1090,"victim","N2",0,0,1,0,"Control","Control","Engineering","reject","accept","target_reject_other_accept","outgroup","outgroup",,,,"same",1,"Engineering"
"7","56","56s6",6,1,18,4,1,2,1.14285714285714,2.28571428571429,3.14285714285714,1.71428571428571,1,-9,1,0,2,2,2,1,1,1,,1111,"victim","N1",2,2,1,0,"Engineering","Engineering","Engineering","accept","reject","target_accept_other_reject","ingroup","ingroup",,,,"same",1,"Engineering"
"7","56","56s6",6,1,18,4,1,2,1.14285714285714,2.28571428571429,3.14285714285714,1.71428571428571,2,9,0,1,2,2,2,1,1,1,,1112,"victim","N2",2,2,1,0,"Engineering","Engineering","Engineering","reject","accept","target_reject_other_accept","ingroup","ingroup",,,,"same",1,"Engineering"
"7","56","56s7",7,1,18,4,1,2,1.14285714285714,2.28571428571429,3.14285714285714,1.71428571428571,1,6,0,1,1,0,2,2,0,0,,1113,"victim","N1",1,0,0,1,"Humanities","Control","Engineering","reject","accept","target_reject_other_accept","outgroup","outgroup",,,,"different",0,"Engineering"
"7","56","56s7",7,1,18,4,1,2,1.14285714285714,2.28571428571429,3.14285714285714,1.71428571428571,2,-7,1,0,0,1,2,0,2,0,,1114,"victim","N2",1,0,0,1,"Humanities","Control","Engineering","accept","reject","target_accept_other_reject","outgroup","outgroup",,,,"different",0,"Engineering"
"7","56","56s8",8,1,18,4,1,2,1.14285714285714,2.28571428571429,3.14285714285714,1.71428571428571,1,9,0,0,1,0,2,2,0,0,,1115,"victim","N1",1,0,0,0,"Humanities","Control","Engineering","reject","reject","both_reject","outgroup","outgroup",,,,"different",0,"Engineering"
"7","56","56s8",8,1,18,4,1,2,1.14285714285714,2.28571428571429,3.14285714285714,1.71428571428571,2,9,0,0,0,1,2,0,2,0,,1116,"victim","N2",1,0,0,0,"Humanities","Control","Engineering","reject","reject","both_reject","outgroup","outgroup",,,,"different",0,"Engineering"
"7","56","56s9",9,1,18,4,1,2,1.14285714285714,2.28571428571429,3.14285714285714,1.71428571428571,1,9,0,0,1,1,2,2,2,1,,1117,"victim","N1",1,1,0,0,"Humanities","Humanities","Engineering","reject","reject","both_reject","outgroup","outgroup",,,,"same",1,"Engineering"
"7","56","56s9",9,1,18,4,1,2,1.14285714285714,2.28571428571429,3.14285714285714,1.71428571428571,2,9,0,0,1,1,2,2,2,1,,1118,"victim","N2",1,1,0,0,"Humanities","Humanities","Engineering","reject","reject","both_reject","outgroup","outgroup",,,,"same",1,"Engineering"
"7","56","56s10",10,1,18,4,1,2,1.14285714285714,2.28571428571429,3.14285714285714,1.71428571428571,1,0,1,1,1,1,2,2,2,1,,1119,"victim","N1",1,1,1,1,"Humanities","Humanities","Engineering","accept","accept","both_accept","outgroup","outgroup",,,,"same",1,"Engineering"
"7","56","56s10",10,1,18,4,1,2,1.14285714285714,2.28571428571429,3.14285714285714,1.71428571428571,2,0,1,1,1,1,2,2,2,1,,1120,"victim","N2",1,1,1,1,"Humanities","Humanities","Engineering","accept","accept","both_accept","outgroup","outgroup",,,,"same",1,"Engineering"
"7","57","57s6",6,1,21,2,1,1,2,2.42857142857143,1.71428571428571,2.14285714285714,1,-5,1,0,0,0,1,0,0,1,,1131,"victim","N1",0,0,1,0,"Control","Control","Humanities","accept","reject","target_accept_other_reject","outgroup","outgroup",,,,"same",1,"Humanities"
"7","57","57s6",6,1,21,2,1,1,2,2.42857142857143,1.71428571428571,2.14285714285714,2,9,0,1,0,0,1,0,0,1,,1132,"victim","N2",0,0,1,0,"Control","Control","Humanities","reject","accept","target_reject_other_accept","outgroup","outgroup",,,,"same",1,"Humanities"
"7","57","57s7",7,1,21,2,1,1,2,2.42857142857143,1.71428571428571,2.14285714285714,1,-7,1,1,1,1,1,1,1,1,,1133,"victim","N1",1,1,1,1,"Humanities","Humanities","Humanities","accept","accept","both_accept","ingroup","ingroup",,,,"same",1,"Humanities"
"7","57","57s7",7,1,21,2,1,1,2,2.42857142857143,1.71428571428571,2.14285714285714,2,-5,1,1,1,1,1,1,1,1,,1134,"victim","N2",1,1,1,1,"Humanities","Humanities","Humanities","accept","accept","both_accept","ingroup","ingroup",,,,"same",1,"Humanities"
"7","57","57s8",8,1,21,2,1,1,2,2.42857142857143,1.71428571428571,2.14285714285714,1,-7,1,1,1,0,1,1,0,0,,1135,"victim","N1",1,0,1,1,"Humanities","Control","Humanities","accept","accept","both_accept","ingroup","outgroup",,,,"different",0,"Humanities"
"7","57","57s8",8,1,21,2,1,1,2,2.42857142857143,1.71428571428571,2.14285714285714,2,-5,1,1,0,1,1,0,1,0,,1136,"victim","N2",1,0,1,1,"Humanities","Control","Humanities","accept","accept","both_accept","ingroup","outgroup",,,,"different",0,"Humanities"
"7","57","57s9",9,1,21,2,1,1,2,2.42857142857143,1.71428571428571,2.14285714285714,1,-7,1,1,1,0,1,1,0,0,,1137,"victim","N1",1,0,1,1,"Humanities","Control","Humanities","accept","accept","both_accept","ingroup","outgroup",,,,"different",0,"Humanities"
"7","57","57s9",9,1,21,2,1,1,2,2.42857142857143,1.71428571428571,2.14285714285714,2,-5,1,1,0,1,1,0,1,0,,1138,"victim","N2",1,0,1,1,"Humanities","Control","Humanities","accept","accept","both_accept","ingroup","outgroup",,,,"different",0,"Humanities"
"7","57","57s10",10,1,21,2,1,1,2,2.42857142857143,1.71428571428571,2.14285714285714,1,-7,1,0,2,0,1,2,0,0,,1139,"victim","N1",2,0,1,0,"Engineering","Control","Humanities","accept","reject","target_accept_other_reject","outgroup","outgroup",,,,"different",0,"Humanities"
"7","57","57s10",10,1,21,2,1,1,2,2.42857142857143,1.71428571428571,2.14285714285714,2,7,0,1,0,2,1,0,2,0,,1140,"victim","N2",2,0,1,0,"Engineering","Control","Humanities","reject","accept","target_reject_other_accept","outgroup","outgroup",,,,"different",0,"Humanities"
"7","58","58s1",1,1,18,5,0,2,1.57142857142857,2.71428571428571,2.42857142857143,2.28571428571429,1,0,1,1,2,1,2,1,2,0,,1141,"victim","N1",2,1,1,1,"Engineering","Humanities","Engineering","accept","accept","both_accept","ingroup","outgroup",,,,"different",0,"Engineering"
"7","58","58s1",1,1,18,5,0,2,1.57142857142857,2.71428571428571,2.42857142857143,2.28571428571429,2,0,1,1,1,2,2,2,1,0,,1142,"victim","N2",2,1,1,1,"Engineering","Humanities","Engineering","accept","accept","both_accept","ingroup","outgroup",,,,"different",0,"Engineering"
"7","58","58s2",2,1,18,5,0,2,1.57142857142857,2.71428571428571,2.42857142857143,2.28571428571429,1,-5,1,0,2,2,2,1,1,1,,1143,"victim","N1",2,2,1,0,"Engineering","Engineering","Engineering","accept","reject","target_accept_other_reject","ingroup","ingroup",,,,"same",1,"Engineering"
"7","58","58s2",2,1,18,5,0,2,1.57142857142857,2.71428571428571,2.42857142857143,2.28571428571429,2,5,0,1,2,2,2,1,1,1,,1144,"victim","N2",2,2,1,0,"Engineering","Engineering","Engineering","reject","accept","target_reject_other_accept","ingroup","ingroup",,,,"same",1,"Engineering"
"7","58","58s3",3,1,18,5,0,2,1.57142857142857,2.71428571428571,2.42857142857143,2.28571428571429,1,0,1,0,1,0,2,2,0,0,,1145,"victim","N1",1,0,1,0,"Humanities","Control","Engineering","accept","reject","target_accept_other_reject","outgroup","outgroup",,,,"different",0,"Engineering"
"7","58","58s3",3,1,18,5,0,2,1.57142857142857,2.71428571428571,2.42857142857143,2.28571428571429,2,5,0,1,0,1,2,0,2,0,,1146,"victim","N2",1,0,1,0,"Humanities","Control","Engineering","reject","accept","target_reject_other_accept","outgroup","outgroup",,,,"different",0,"Engineering"
"7","58","58s4",4,1,18,5,0,2,1.57142857142857,2.71428571428571,2.42857142857143,2.28571428571429,1,-5,1,0,2,1,2,1,2,0,,1147,"victim","N1",2,1,1,0,"Engineering","Humanities","Engineering","accept","reject","target_accept_other_reject","ingroup","outgroup",,,,"different",0,"Engineering"
"7","58","58s4",4,1,18,5,0,2,1.57142857142857,2.71428571428571,2.42857142857143,2.28571428571429,2,5,0,1,1,2,2,2,1,0,,1148,"victim","N2",2,1,1,0,"Engineering","Humanities","Engineering","reject","accept","target_reject_other_accept","ingroup","outgroup",,,,"different",0,"Engineering"
"7","58","58s5",5,1,18,5,0,2,1.57142857142857,2.71428571428571,2.42857142857143,2.28571428571429,1,5,0,1,2,1,2,1,2,0,,1149,"victim","N1",2,1,0,1,"Engineering","Humanities","Engineering","reject","accept","target_reject_other_accept","ingroup","outgroup",,,,"different",0,"Engineering"
"7","58","58s5",5,1,18,5,0,2,1.57142857142857,2.71428571428571,2.42857142857143,2.28571428571429,2,-5,1,0,1,2,2,2,1,0,,1150,"victim","N2",2,1,0,1,"Engineering","Humanities","Engineering","accept","reject","target_accept_other_reject","ingroup","outgroup",,,,"different",0,"Engineering"
"7","59","59s6",6,1,19,4,1,1,2.28571428571429,2.85714285714286,1.71428571428571,1.85714285714286,1,-6,1,1,1,2,1,1,2,0,,1171,"victim","N1",1,2,1,1,"Humanities","Engineering","Humanities","accept","accept","both_accept","ingroup","outgroup",,,,"different",0,"Humanities"
"7","59","59s6",6,1,19,4,1,1,2.28571428571429,2.85714285714286,1.71428571428571,1.85714285714286,2,1,1,1,2,1,1,2,1,0,,1172,"victim","N2",1,2,1,1,"Humanities","Engineering","Humanities","accept","accept","both_accept","ingroup","outgroup",,,,"different",0,"Humanities"
"7","59","59s7",7,1,19,4,1,1,2.28571428571429,2.85714285714286,1.71428571428571,1.85714285714286,1,0,1,1,0,1,1,0,1,0,,1173,"victim","N1",0,1,1,1,"Control","Humanities","Humanities","accept","accept","both_accept","outgroup","ingroup",,,,"different",0,"Humanities"
"7","59","59s7",7,1,19,4,1,1,2.28571428571429,2.85714285714286,1.71428571428571,1.85714285714286,2,-4,1,1,1,0,1,1,0,0,,1174,"victim","N2",0,1,1,1,"Control","Humanities","Humanities","accept","accept","both_accept","outgroup","ingroup",,,,"different",0,"Humanities"
"7","59","59s8",8,1,19,4,1,1,2.28571428571429,2.85714285714286,1.71428571428571,1.85714285714286,1,1,1,1,2,1,1,2,1,0,,1175,"victim","N1",2,1,1,1,"Engineering","Humanities","Humanities","accept","accept","both_accept","outgroup","ingroup",,,,"different",0,"Humanities"
"7","59","59s8",8,1,19,4,1,1,2.28571428571429,2.85714285714286,1.71428571428571,1.85714285714286,2,-1,1,1,1,2,1,1,2,0,,1176,"victim","N2",2,1,1,1,"Engineering","Humanities","Humanities","accept","accept","both_accept","outgroup","ingroup",,,,"different",0,"Humanities"
"7","59","59s9",9,1,19,4,1,1,2.28571428571429,2.85714285714286,1.71428571428571,1.85714285714286,1,4,0,1,1,2,1,1,2,0,,1177,"victim","N1",1,2,0,1,"Humanities","Engineering","Humanities","reject","accept","target_reject_other_accept","ingroup","outgroup",,,,"different",0,"Humanities"
"7","59","59s9",9,1,19,4,1,1,2.28571428571429,2.85714285714286,1.71428571428571,1.85714285714286,2,-1,1,0,2,1,1,2,1,0,,1178,"victim","N2",1,2,0,1,"Humanities","Engineering","Humanities","accept","reject","target_accept_other_reject","ingroup","outgroup",,,,"different",0,"Humanities"
"7","59","59s10",10,1,19,4,1,1,2.28571428571429,2.85714285714286,1.71428571428571,1.85714285714286,1,8,0,0,1,1,1,1,1,1,,1179,"victim","N1",1,1,0,0,"Humanities","Humanities","Humanities","reject","reject","both_reject","ingroup","ingroup",,,,"same",1,"Humanities"
"7","59","59s10",10,1,19,4,1,1,2.28571428571429,2.85714285714286,1.71428571428571,1.85714285714286,2,8,0,0,1,1,1,1,1,1,,1180,"victim","N2",1,1,0,0,"Humanities","Humanities","Humanities","reject","reject","both_reject","ingroup","ingroup",,,,"same",1,"Humanities"
"7","60","60s1",1,1,32,1,1,1,2.57142857142857,3.28571428571429,1.57142857142857,2.14285714285714,1,-9,1,1,0,1,1,0,1,0,,1181,"victim","N1",0,1,1,1,"Control","Humanities","Humanities","accept","accept","both_accept","outgroup","ingroup",,,,"different",0,"Humanities"
"7","60","60s1",1,1,32,1,1,1,2.57142857142857,3.28571428571429,1.57142857142857,2.14285714285714,2,-9,1,1,1,0,1,1,0,0,,1182,"victim","N2",0,1,1,1,"Control","Humanities","Humanities","accept","accept","both_accept","outgroup","ingroup",,,,"different",0,"Humanities"
"7","60","60s2",2,1,32,1,1,1,2.57142857142857,3.28571428571429,1.57142857142857,2.14285714285714,1,-9,0,1,0,2,1,0,2,0,,1183,"victim","N1",0,2,0,1,"Control","Engineering","Humanities","reject","accept","target_reject_other_accept","outgroup","outgroup",,,,"different",0,"Humanities"
"7","60","60s2",2,1,32,1,1,1,2.57142857142857,3.28571428571429,1.57142857142857,2.14285714285714,2,-9,1,0,2,0,1,2,0,0,,1184,"victim","N2",0,2,0,1,"Control","Engineering","Humanities","accept","reject","target_accept_other_reject","outgroup","outgroup",,,,"different",0,"Humanities"
"7","60","60s3",3,1,32,1,1,1,2.57142857142857,3.28571428571429,1.57142857142857,2.14285714285714,1,-9,1,0,2,1,1,2,1,0,,1185,"victim","N1",2,1,1,0,"Engineering","Humanities","Humanities","accept","reject","target_accept_other_reject","outgroup","ingroup",,,,"different",0,"Humanities"
"7","60","60s3",3,1,32,1,1,1,2.57142857142857,3.28571428571429,1.57142857142857,2.14285714285714,2,-6,0,1,1,2,1,1,2,0,,1186,"victim","N2",2,1,1,0,"Engineering","Humanities","Humanities","reject","accept","target_reject_other_accept","outgroup","ingroup",,,,"different",0,"Humanities"
"7","60","60s4",4,1,32,1,1,1,2.57142857142857,3.28571428571429,1.57142857142857,2.14285714285714,1,-9,1,1,2,1,1,2,1,0,,1187,"victim","N1",2,1,1,1,"Engineering","Humanities","Humanities","accept","accept","both_accept","outgroup","ingroup",,,,"different",0,"Humanities"
"7","60","60s4",4,1,32,1,1,1,2.57142857142857,3.28571428571429,1.57142857142857,2.14285714285714,2,-9,1,1,1,2,1,1,2,0,,1188,"victim","N2",2,1,1,1,"Engineering","Humanities","Humanities","accept","accept","both_accept","outgroup","ingroup",,,,"different",0,"Humanities"
"7","60","60s5",5,1,32,1,1,1,2.57142857142857,3.28571428571429,1.57142857142857,2.14285714285714,1,-9,1,0,1,0,1,1,0,0,,1189,"victim","N1",1,0,1,0,"Humanities","Control","Humanities","accept","reject","target_accept_other_reject","ingroup","outgroup",,,,"different",0,"Humanities"
"7","60","60s5",5,1,32,1,1,1,2.57142857142857,3.28571428571429,1.57142857142857,2.14285714285714,2,-3,0,1,0,1,1,0,1,0,,1190,"victim","N2",1,0,1,0,"Humanities","Control","Humanities","reject","accept","target_reject_other_accept","ingroup","outgroup",,,,"different",0,"Humanities"
"7","61","61s1",1,1,18,1,1,1,1.71428571428571,2.57142857142857,2.57142857142857,1.14285714285714,1,8,0,0,0,1,1,0,1,0,,1201,"victim","N1",0,1,0,0,"Control","Humanities","Humanities","reject","reject","both_reject","outgroup","ingroup",,,,"different",0,"Humanities"
"7","61","61s1",1,1,18,1,1,1,1.71428571428571,2.57142857142857,2.57142857142857,1.14285714285714,2,8,0,0,1,0,1,1,0,0,,1202,"victim","N2",0,1,0,0,"Control","Humanities","Humanities","reject","reject","both_reject","outgroup","ingroup",,,,"different",0,"Humanities"
"7","61","61s2",2,1,18,1,1,1,1.71428571428571,2.57142857142857,2.57142857142857,1.14285714285714,1,-9,1,0,1,2,1,1,2,0,,1203,"victim","N1",1,2,1,0,"Humanities","Engineering","Humanities","accept","reject","target_accept_other_reject","ingroup","outgroup",,,,"different",0,"Humanities"
"7","61","61s2",2,1,18,1,1,1,1.71428571428571,2.57142857142857,2.57142857142857,1.14285714285714,2,9,0,1,2,1,1,2,1,0,,1204,"victim","N2",1,2,1,0,"Humanities","Engineering","Humanities","reject","accept","target_reject_other_accept","ingroup","outgroup",,,,"different",0,"Humanities"
"7","61","61s3",3,1,18,1,1,1,1.71428571428571,2.57142857142857,2.57142857142857,1.14285714285714,1,-9,1,0,2,1,1,2,1,0,,1205,"victim","N1",2,1,1,0,"Engineering","Humanities","Humanities","accept","reject","target_accept_other_reject","outgroup","ingroup",,,,"different",0,"Humanities"
"7","61","61s3",3,1,18,1,1,1,1.71428571428571,2.57142857142857,2.57142857142857,1.14285714285714,2,9,0,1,1,2,1,1,2,0,,1206,"victim","N2",2,1,1,0,"Engineering","Humanities","Humanities","reject","accept","target_reject_other_accept","outgroup","ingroup",,,,"different",0,"Humanities"
"7","61","61s4",4,1,18,1,1,1,1.71428571428571,2.57142857142857,2.57142857142857,1.14285714285714,1,-9,1,0,2,0,1,2,0,0,,1207,"victim","N1",2,0,1,0,"Engineering","Control","Humanities","accept","reject","target_accept_other_reject","outgroup","outgroup",,,,"different",0,"Humanities"
"7","61","61s4",4,1,18,1,1,1,1.71428571428571,2.57142857142857,2.57142857142857,1.14285714285714,2,9,0,1,0,2,1,0,2,0,,1208,"victim","N2",2,0,1,0,"Engineering","Control","Humanities","reject","accept","target_reject_other_accept","outgroup","outgroup",,,,"different",0,"Humanities"
"7","61","61s5",5,1,18,1,1,1,1.71428571428571,2.57142857142857,2.57142857142857,1.14285714285714,1,9,0,0,1,1,1,1,1,1,,1209,"victim","N1",1,1,0,0,"Humanities","Humanities","Humanities","reject","reject","both_reject","ingroup","ingroup",,,,"same",1,"Humanities"
"7","61","61s5",5,1,18,1,1,1,1.71428571428571,2.57142857142857,2.57142857142857,1.14285714285714,2,9,0,0,1,1,1,1,1,1,,1210,"victim","N2",1,1,0,0,"Humanities","Humanities","Humanities","reject","reject","both_reject","ingroup","ingroup",,,,"same",1,"Humanities"
"7","62","62s6",6,1,18,2,1,1,1.71428571428571,3.28571428571429,2.71428571428571,2.85714285714286,1,-2,1,0,0,1,1,0,1,0,,1231,"victim","N1",0,1,1,0,"Control","Humanities","Humanities","accept","reject","target_accept_other_reject","outgroup","ingroup",,,,"different",0,"Humanities"
"7","62","62s6",6,1,18,2,1,1,1.71428571428571,3.28571428571429,2.71428571428571,2.85714285714286,2,4,0,1,1,0,1,1,0,0,,1232,"victim","N2",0,1,1,0,"Control","Humanities","Humanities","reject","accept","target_reject_other_accept","outgroup","ingroup",,,,"different",0,"Humanities"
"7","62","62s7",7,1,18,2,1,1,1.71428571428571,3.28571428571429,2.71428571428571,2.85714285714286,1,4,0,1,1,1,1,1,1,1,,1233,"victim","N1",1,1,0,1,"Humanities","Humanities","Humanities","reject","accept","target_reject_other_accept","ingroup","ingroup",,,,"same",1,"Humanities"
"7","62","62s7",7,1,18,2,1,1,1.71428571428571,3.28571428571429,2.71428571428571,2.85714285714286,2,-3,1,0,1,1,1,1,1,1,,1234,"victim","N2",1,1,0,1,"Humanities","Humanities","Humanities","accept","reject","target_accept_other_reject","ingroup","ingroup",,,,"same",1,"Humanities"
"7","62","62s8",8,1,18,2,1,1,1.71428571428571,3.28571428571429,2.71428571428571,2.85714285714286,1,-5,1,1,1,2,1,1,2,0,,1235,"victim","N1",1,2,1,1,"Humanities","Engineering","Humanities","accept","accept","both_accept","ingroup","outgroup",,,,"different",0,"Humanities"
"7","62","62s8",8,1,18,2,1,1,1.71428571428571,3.28571428571429,2.71428571428571,2.85714285714286,2,-5,1,1,2,1,1,2,1,0,,1236,"victim","N2",1,2,1,1,"Humanities","Engineering","Humanities","accept","accept","both_accept","ingroup","outgroup",,,,"different",0,"Humanities"
"7","62","62s9",9,1,18,2,1,1,1.71428571428571,3.28571428571429,2.71428571428571,2.85714285714286,1,-4,1,0,1,2,1,1,2,0,,1237,"victim","N1",1,2,1,0,"Humanities","Engineering","Humanities","accept","reject","target_accept_other_reject","ingroup","outgroup",,,,"different",0,"Humanities"
"7","62","62s9",9,1,18,2,1,1,1.71428571428571,3.28571428571429,2.71428571428571,2.85714285714286,2,4,0,1,2,1,1,2,1,0,,1238,"victim","N2",1,2,1,0,"Humanities","Engineering","Humanities","reject","accept","target_reject_other_accept","ingroup","outgroup",,,,"different",0,"Humanities"
"7","62","62s10",10,1,18,2,1,1,1.71428571428571,3.28571428571429,2.71428571428571,2.85714285714286,1,7,0,1,2,0,1,2,0,0,,1239,"victim","N1",2,0,0,1,"Engineering","Control","Humanities","reject","accept","target_reject_other_accept","outgroup","outgroup",,,,"different",0,"Humanities"
"7","62","62s10",10,1,18,2,1,1,1.71428571428571,3.28571428571429,2.71428571428571,2.85714285714286,2,-5,1,0,0,2,1,0,2,0,,1240,"victim","N2",2,0,0,1,"Engineering","Control","Humanities","accept","reject","target_accept_other_reject","outgroup","outgroup",,,,"different",0,"Humanities"
"7","63","63s1",1,1,25,2,0,1,1.42857142857143,2.85714285714286,1.85714285714286,1.42857142857143,1,0,1,1,1,2,1,1,2,0,,1241,"victim","N1",1,2,1,1,"Humanities","Engineering","Humanities","accept","accept","both_accept","ingroup","outgroup",,,,"different",0,"Humanities"
"7","63","63s1",1,1,25,2,0,1,1.42857142857143,2.85714285714286,1.85714285714286,1.42857142857143,2,0,1,1,2,1,1,2,1,0,,1242,"victim","N2",1,2,1,1,"Humanities","Engineering","Humanities","accept","accept","both_accept","ingroup","outgroup",,,,"different",0,"Humanities"
"7","63","63s2",2,1,25,2,0,1,1.42857142857143,2.85714285714286,1.85714285714286,1.42857142857143,1,-9,0,0,2,1,1,2,1,0,,1243,"victim","N1",2,1,0,0,"Engineering","Humanities","Humanities","reject","reject","both_reject","outgroup","ingroup",,,,"different",0,"Humanities"
"7","63","63s2",2,1,25,2,0,1,1.42857142857143,2.85714285714286,1.85714285714286,1.42857142857143,2,9,0,0,1,2,1,1,2,0,,1244,"victim","N2",2,1,0,0,"Engineering","Humanities","Humanities","reject","reject","both_reject","outgroup","ingroup",,,,"different",0,"Humanities"
"7","63","63s3",3,1,25,2,0,1,1.42857142857143,2.85714285714286,1.85714285714286,1.42857142857143,1,9,0,0,1,1,1,1,1,1,,1245,"victim","N1",1,1,0,0,"Humanities","Humanities","Humanities","reject","reject","both_reject","ingroup","ingroup",,,,"same",1,"Humanities"
"7","63","63s3",3,1,25,2,0,1,1.42857142857143,2.85714285714286,1.85714285714286,1.42857142857143,2,-9,0,0,1,1,1,1,1,1,,1246,"victim","N2",1,1,0,0,"Humanities","Humanities","Humanities","reject","reject","both_reject","ingroup","ingroup",,,,"same",1,"Humanities"
"7","63","63s4",4,1,25,2,0,1,1.42857142857143,2.85714285714286,1.85714285714286,1.42857142857143,1,-4,0,0,2,2,1,2,2,1,,1247,"victim","N1",2,2,0,0,"Engineering","Engineering","Humanities","reject","reject","both_reject","outgroup","outgroup",,,,"same",1,"Humanities"
"7","63","63s4",4,1,25,2,0,1,1.42857142857143,2.85714285714286,1.85714285714286,1.42857142857143,2,7,0,0,2,2,1,2,2,1,,1248,"victim","N2",2,2,0,0,"Engineering","Engineering","Humanities","reject","reject","both_reject","outgroup","outgroup",,,,"same",1,"Humanities"
"7","63","63s5",5,1,25,2,0,1,1.42857142857143,2.85714285714286,1.85714285714286,1.42857142857143,1,8,1,1,0,1,1,0,1,0,,1249,"victim","N1",0,1,1,1,"Control","Humanities","Humanities","accept","accept","both_accept","outgroup","ingroup",,,,"different",0,"Humanities"
"7","63","63s5",5,1,25,2,0,1,1.42857142857143,2.85714285714286,1.85714285714286,1.42857142857143,2,-8,1,1,1,0,1,1,0,0,,1250,"victim","N2",0,1,1,1,"Control","Humanities","Humanities","accept","accept","both_accept","outgroup","ingroup",,,,"different",0,"Humanities"
"8","64","64s1",1,1,18,1,0,1,3.85714285714286,4,3.28571428571429,2,1,9,0,0,1,1,1,1,1,1,,1261,"victim","N1",1,1,0,0,"Humanities","Humanities","Humanities","reject","reject","both_reject","ingroup","ingroup",,,,"same",1,"Humanities"
"8","64","64s1",1,1,18,1,0,1,3.85714285714286,4,3.28571428571429,2,2,9,0,0,1,1,1,1,1,1,,1262,"victim","N2",1,1,0,0,"Humanities","Humanities","Humanities","reject","reject","both_reject","ingroup","ingroup",,,,"same",1,"Humanities"
"8","64","64s2",2,1,18,1,0,1,3.85714285714286,4,3.28571428571429,2,1,-9,1,1,2,2,1,2,2,1,,1263,"victim","N1",2,2,1,1,"Engineering","Engineering","Humanities","accept","accept","both_accept","outgroup","outgroup",,,,"same",1,"Humanities"
"8","64","64s2",2,1,18,1,0,1,3.85714285714286,4,3.28571428571429,2,2,-9,1,1,2,2,1,2,2,1,,1264,"victim","N2",2,2,1,1,"Engineering","Engineering","Humanities","accept","accept","both_accept","outgroup","outgroup",,,,"same",1,"Humanities"
"8","64","64s3",3,1,18,1,0,1,3.85714285714286,4,3.28571428571429,2,1,9,0,1,0,1,1,0,1,0,,1265,"victim","N1",0,1,0,1,"Control","Humanities","Humanities","reject","accept","target_reject_other_accept","outgroup","ingroup",,,,"different",0,"Humanities"
"8","64","64s3",3,1,18,1,0,1,3.85714285714286,4,3.28571428571429,2,2,-9,1,0,1,0,1,1,0,0,,1266,"victim","N2",0,1,0,1,"Control","Humanities","Humanities","accept","reject","target_accept_other_reject","outgroup","ingroup",,,,"different",0,"Humanities"
"8","64","64s4",4,1,18,1,0,1,3.85714285714286,4,3.28571428571429,2,1,-9,1,1,1,0,1,1,0,0,,1267,"victim","N1",1,0,1,1,"Humanities","Control","Humanities","accept","accept","both_accept","ingroup","outgroup",,,,"different",0,"Humanities"
"8","64","64s4",4,1,18,1,0,1,3.85714285714286,4,3.28571428571429,2,2,-9,1,1,0,1,1,0,1,0,,1268,"victim","N2",1,0,1,1,"Humanities","Control","Humanities","accept","accept","both_accept","ingroup","outgroup",,,,"different",0,"Humanities"
"8","64","64s5",5,1,18,1,0,1,3.85714285714286,4,3.28571428571429,2,1,-9,1,1,0,0,1,0,0,1,,1269,"victim","N1",0,0,1,1,"Control","Control","Humanities","accept","accept","both_accept","outgroup","outgroup",,,,"same",1,"Humanities"
"8","64","64s5",5,1,18,1,0,1,3.85714285714286,4,3.28571428571429,2,2,-9,1,1,0,0,1,0,0,1,,1270,"victim","N2",0,0,1,1,"Control","Control","Humanities","accept","accept","both_accept","outgroup","outgroup",,,,"same",1,"Humanities"
"8","65","65s6",6,1,42,2,0,1,3.14285714285714,3.71428571428571,3.71428571428571,0.714285714285714,1,9,1,1,1,2,1,1,2,0,,1291,"victim","N1",1,2,1,1,"Humanities","Engineering","Humanities","accept","accept","both_accept","ingroup","outgroup",,,,"different",0,"Humanities"
"8","65","65s6",6,1,42,2,0,1,3.14285714285714,3.71428571428571,3.71428571428571,0.714285714285714,2,9,1,1,2,1,1,2,1,0,,1292,"victim","N2",1,2,1,1,"Humanities","Engineering","Humanities","accept","accept","both_accept","ingroup","outgroup",,,,"different",0,"Humanities"
"8","65","65s7",7,1,42,2,0,1,3.14285714285714,3.71428571428571,3.71428571428571,0.714285714285714,1,9,0,0,0,2,1,0,2,0,,1293,"victim","N1",0,2,0,0,"Control","Engineering","Humanities","reject","reject","both_reject","outgroup","outgroup",,,,"different",0,"Humanities"
"8","65","65s7",7,1,42,2,0,1,3.14285714285714,3.71428571428571,3.71428571428571,0.714285714285714,2,9,0,0,2,0,1,2,0,0,,1294,"victim","N2",0,2,0,0,"Control","Engineering","Humanities","reject","reject","both_reject","outgroup","outgroup",,,,"different",0,"Humanities"
"8","65","65s8",8,1,42,2,0,1,3.14285714285714,3.71428571428571,3.71428571428571,0.714285714285714,1,9,1,0,1,2,1,1,2,0,,1295,"victim","N1",1,2,1,0,"Humanities","Engineering","Humanities","accept","reject","target_accept_other_reject","ingroup","outgroup",,,,"different",0,"Humanities"
"8","65","65s8",8,1,42,2,0,1,3.14285714285714,3.71428571428571,3.71428571428571,0.714285714285714,2,-3,0,1,2,1,1,2,1,0,,1296,"victim","N2",1,2,1,0,"Humanities","Engineering","Humanities","reject","accept","target_reject_other_accept","ingroup","outgroup",,,,"different",0,"Humanities"
"8","65","65s9",9,1,42,2,0,1,3.14285714285714,3.71428571428571,3.71428571428571,0.714285714285714,1,-2,0,1,2,0,1,2,0,0,,1297,"victim","N1",2,0,0,1,"Engineering","Control","Humanities","reject","accept","target_reject_other_accept","outgroup","outgroup",,,,"different",0,"Humanities"
"8","65","65s9",9,1,42,2,0,1,3.14285714285714,3.71428571428571,3.71428571428571,0.714285714285714,2,8,1,0,0,2,1,0,2,0,,1298,"victim","N2",2,0,0,1,"Engineering","Control","Humanities","accept","reject","target_accept_other_reject","outgroup","outgroup",,,,"different",0,"Humanities"
"8","65","65s10",10,1,42,2,0,1,3.14285714285714,3.71428571428571,3.71428571428571,0.714285714285714,1,-3,1,0,2,1,1,2,1,0,,1299,"victim","N1",2,1,1,0,"Engineering","Humanities","Humanities","accept","reject","target_accept_other_reject","outgroup","ingroup",,,,"different",0,"Humanities"
"8","65","65s10",10,1,42,2,0,1,3.14285714285714,3.71428571428571,3.71428571428571,0.714285714285714,2,7,0,1,1,2,1,1,2,0,,1300,"victim","N2",2,1,1,0,"Engineering","Humanities","Humanities","reject","accept","target_reject_other_accept","outgroup","ingroup",,,,"different",0,"Humanities"
"8","66","66s1",1,1,18,3,1,1,3.14285714285714,3,2.57142857142857,1.85714285714286,1,9,0,0,2,1,1,2,1,0,,1301,"victim","N1",2,1,0,0,"Engineering","Humanities","Humanities","reject","reject","both_reject","outgroup","ingroup",,,,"different",0,"Humanities"
"8","66","66s1",1,1,18,3,1,1,3.14285714285714,3,2.57142857142857,1.85714285714286,2,9,0,0,1,2,1,1,2,0,,1302,"victim","N2",2,1,0,0,"Engineering","Humanities","Humanities","reject","reject","both_reject","outgroup","ingroup",,,,"different",0,"Humanities"
"8","66","66s2",2,1,18,3,1,1,3.14285714285714,3,2.57142857142857,1.85714285714286,1,-3,1,1,1,0,1,1,0,0,,1303,"victim","N1",1,0,1,1,"Humanities","Control","Humanities","accept","accept","both_accept","ingroup","outgroup",,,,"different",0,"Humanities"
"8","66","66s2",2,1,18,3,1,1,3.14285714285714,3,2.57142857142857,1.85714285714286,2,-3,1,1,0,1,1,0,1,0,,1304,"victim","N2",1,0,1,1,"Humanities","Control","Humanities","accept","accept","both_accept","ingroup","outgroup",,,,"different",0,"Humanities"
"8","66","66s3",3,1,18,3,1,1,3.14285714285714,3,2.57142857142857,1.85714285714286,1,-7,1,0,2,1,1,2,1,0,,1305,"victim","N1",2,1,1,0,"Engineering","Humanities","Humanities","accept","reject","target_accept_other_reject","outgroup","ingroup",,,,"different",0,"Humanities"
"8","66","66s3",3,1,18,3,1,1,3.14285714285714,3,2.57142857142857,1.85714285714286,2,9,0,1,1,2,1,1,2,0,,1306,"victim","N2",2,1,1,0,"Engineering","Humanities","Humanities","reject","accept","target_reject_other_accept","outgroup","ingroup",,,,"different",0,"Humanities"
"8","66","66s4",4,1,18,3,1,1,3.14285714285714,3,2.57142857142857,1.85714285714286,1,9,0,1,1,0,1,1,0,0,,1307,"victim","N1",1,0,0,1,"Humanities","Control","Humanities","reject","accept","target_reject_other_accept","ingroup","outgroup",,,,"different",0,"Humanities"
"8","66","66s4",4,1,18,3,1,1,3.14285714285714,3,2.57142857142857,1.85714285714286,2,-5,1,0,0,1,1,0,1,0,,1308,"victim","N2",1,0,0,1,"Humanities","Control","Humanities","accept","reject","target_accept_other_reject","ingroup","outgroup",,,,"different",0,"Humanities"
"8","66","66s5",5,1,18,3,1,1,3.14285714285714,3,2.57142857142857,1.85714285714286,1,-9,1,1,2,0,1,2,0,0,,1309,"victim","N1",2,0,1,1,"Engineering","Control","Humanities","accept","accept","both_accept","outgroup","outgroup",,,,"different",0,"Humanities"
"8","66","66s5",5,1,18,3,1,1,3.14285714285714,3,2.57142857142857,1.85714285714286,2,-9,1,1,0,2,1,0,2,0,,1310,"victim","N2",2,0,1,1,"Engineering","Control","Humanities","accept","accept","both_accept","outgroup","outgroup",,,,"different",0,"Humanities"
"8","67","67s6",6,1,18,1,1,2,3.28571428571429,3,2.57142857142857,2.14285714285714,1,9,0,1,1,1,2,2,2,1,,1331,"victim","N1",1,1,0,1,"Humanities","Humanities","Engineering","reject","accept","target_reject_other_accept","outgroup","outgroup",,,,"same",1,"Engineering"
"8","67","67s6",6,1,18,1,1,2,3.28571428571429,3,2.57142857142857,2.14285714285714,2,-3,1,0,1,1,2,2,2,1,,1332,"victim","N2",1,1,0,1,"Humanities","Humanities","Engineering","accept","reject","target_accept_other_reject","outgroup","outgroup",,,,"same",1,"Engineering"
"8","67","67s7",7,1,18,1,1,2,3.28571428571429,3,2.57142857142857,2.14285714285714,1,9,0,0,2,1,2,1,2,0,,1333,"victim","N1",2,1,0,0,"Engineering","Humanities","Engineering","reject","reject","both_reject","ingroup","outgroup",,,,"different",0,"Engineering"
"8","67","67s7",7,1,18,1,1,2,3.28571428571429,3,2.57142857142857,2.14285714285714,2,9,0,0,1,2,2,2,1,0,,1334,"victim","N2",2,1,0,0,"Engineering","Humanities","Engineering","reject","reject","both_reject","ingroup","outgroup",,,,"different",0,"Engineering"
"8","67","67s8",8,1,18,1,1,2,3.28571428571429,3,2.57142857142857,2.14285714285714,1,-3,1,1,1,2,2,2,1,0,,1335,"victim","N1",1,2,1,1,"Humanities","Engineering","Engineering","accept","accept","both_accept","outgroup","ingroup",,,,"different",0,"Engineering"
"8","67","67s8",8,1,18,1,1,2,3.28571428571429,3,2.57142857142857,2.14285714285714,2,-3,1,1,2,1,2,1,2,0,,1336,"victim","N2",1,2,1,1,"Humanities","Engineering","Engineering","accept","accept","both_accept","outgroup","ingroup",,,,"different",0,"Engineering"
"8","67","67s9",9,1,18,1,1,2,3.28571428571429,3,2.57142857142857,2.14285714285714,1,9,0,0,0,0,2,0,0,1,,1337,"victim","N1",0,0,0,0,"Control","Control","Engineering","reject","reject","both_reject","outgroup","outgroup",,,,"same",1,"Engineering"
"8","67","67s9",9,1,18,1,1,2,3.28571428571429,3,2.57142857142857,2.14285714285714,2,9,0,0,0,0,2,0,0,1,,1338,"victim","N2",0,0,0,0,"Control","Control","Engineering","reject","reject","both_reject","outgroup","outgroup",,,,"same",1,"Engineering"
"8","67","67s10",10,1,18,1,1,2,3.28571428571429,3,2.57142857142857,2.14285714285714,1,9,0,0,1,0,2,2,0,0,,1339,"victim","N1",1,0,0,0,"Humanities","Control","Engineering","reject","reject","both_reject","outgroup","outgroup",,,,"different",0,"Engineering"
"8","67","67s10",10,1,18,1,1,2,3.28571428571429,3,2.57142857142857,2.14285714285714,2,9,0,0,0,1,2,0,2,0,,1340,"victim","N2",1,0,0,0,"Humanities","Control","Engineering","reject","reject","both_reject","outgroup","outgroup",,,,"different",0,"Engineering"
"8","68","68s1",1,1,18,3,0,2,1.57142857142857,2.57142857142857,1.57142857142857,1.71428571428571,1,1,1,0,0,2,2,0,1,0,,1341,"victim","N1",0,2,1,0,"Control","Engineering","Engineering","accept","reject","target_accept_other_reject","outgroup","ingroup",,,,"different",0,"Engineering"
"8","68","68s1",1,1,18,3,0,2,1.57142857142857,2.57142857142857,1.57142857142857,1.71428571428571,2,9,0,1,2,0,2,1,0,0,,1342,"victim","N2",0,2,1,0,"Control","Engineering","Engineering","reject","accept","target_reject_other_accept","outgroup","ingroup",,,,"different",0,"Engineering"
"8","68","68s2",2,1,18,3,0,2,1.57142857142857,2.57142857142857,1.57142857142857,1.71428571428571,1,9,0,1,2,2,2,1,1,1,,1343,"victim","N1",2,2,0,1,"Engineering","Engineering","Engineering","reject","accept","target_reject_other_accept","ingroup","ingroup",,,,"same",1,"Engineering"
"8","68","68s2",2,1,18,3,0,2,1.57142857142857,2.57142857142857,1.57142857142857,1.71428571428571,2,1,1,0,2,2,2,1,1,1,,1344,"victim","N2",2,2,0,1,"Engineering","Engineering","Engineering","accept","reject","target_accept_other_reject","ingroup","ingroup",,,,"same",1,"Engineering"
"8","68","68s3",3,1,18,3,0,2,1.57142857142857,2.57142857142857,1.57142857142857,1.71428571428571,1,9,0,0,0,0,2,0,0,1,,1345,"victim","N1",0,0,0,0,"Control","Control","Engineering","reject","reject","both_reject","outgroup","outgroup",,,,"same",1,"Engineering"
"8","68","68s3",3,1,18,3,0,2,1.57142857142857,2.57142857142857,1.57142857142857,1.71428571428571,2,9,0,0,0,0,2,0,0,1,,1346,"victim","N2",0,0,0,0,"Control","Control","Engineering","reject","reject","both_reject","outgroup","outgroup",,,,"same",1,"Engineering"
"8","68","68s4",4,1,18,3,0,2,1.57142857142857,2.57142857142857,1.57142857142857,1.71428571428571,1,1,1,1,1,1,2,2,2,1,,1347,"victim","N1",1,1,1,1,"Humanities","Humanities","Engineering","accept","accept","both_accept","outgroup","outgroup",,,,"same",1,"Engineering"
"8","68","68s4",4,1,18,3,0,2,1.57142857142857,2.57142857142857,1.57142857142857,1.71428571428571,2,1,1,1,1,1,2,2,2,1,,1348,"victim","N2",1,1,1,1,"Humanities","Humanities","Engineering","accept","accept","both_accept","outgroup","outgroup",,,,"same",1,"Engineering"
"8","68","68s5",5,1,18,3,0,2,1.57142857142857,2.57142857142857,1.57142857142857,1.71428571428571,1,9,0,0,1,2,2,2,1,0,,1349,"victim","N1",1,2,0,0,"Humanities","Engineering","Engineering","reject","reject","both_reject","outgroup","ingroup",,,,"different",0,"Engineering"
"8","68","68s5",5,1,18,3,0,2,1.57142857142857,2.57142857142857,1.57142857142857,1.71428571428571,2,9,0,0,2,1,2,1,2,0,,1350,"victim","N2",1,2,0,0,"Humanities","Engineering","Engineering","reject","reject","both_reject","outgroup","ingroup",,,,"different",0,"Engineering"
"8","69","69s6",6,1,18,3,1,2,1.85714285714286,2.28571428571429,3.57142857142857,2.14285714285714,1,5,0,1,1,1,2,2,2,1,,1371,"victim","N1",1,1,0,1,"Humanities","Humanities","Engineering","reject","accept","target_reject_other_accept","outgroup","outgroup",,,,"same",1,"Engineering"
"8","69","69s6",6,1,18,3,1,2,1.85714285714286,2.28571428571429,3.57142857142857,2.14285714285714,2,9,1,0,1,1,2,2,2,1,,1372,"victim","N2",1,1,0,1,"Humanities","Humanities","Engineering","accept","reject","target_accept_other_reject","outgroup","outgroup",,,,"same",1,"Engineering"
"8","69","69s7",7,1,18,3,1,2,1.85714285714286,2.28571428571429,3.57142857142857,2.14285714285714,1,9,0,0,1,2,2,2,1,0,,1373,"victim","N1",1,2,0,0,"Humanities","Engineering","Engineering","reject","reject","both_reject","outgroup","ingroup",,,,"different",0,"Engineering"
"8","69","69s7",7,1,18,3,1,2,1.85714285714286,2.28571428571429,3.57142857142857,2.14285714285714,2,9,0,0,2,1,2,1,2,0,,1374,"victim","N2",1,2,0,0,"Humanities","Engineering","Engineering","reject","reject","both_reject","outgroup","ingroup",,,,"different",0,"Engineering"
"8","69","69s8",8,1,18,3,1,2,1.85714285714286,2.28571428571429,3.57142857142857,2.14285714285714,1,5,0,1,1,2,2,2,1,0,,1375,"victim","N1",1,2,0,1,"Humanities","Engineering","Engineering","reject","accept","target_reject_other_accept","outgroup","ingroup",,,,"different",0,"Engineering"
"8","69","69s8",8,1,18,3,1,2,1.85714285714286,2.28571428571429,3.57142857142857,2.14285714285714,2,8,1,0,2,1,2,1,2,0,,1376,"victim","N2",1,2,0,1,"Humanities","Engineering","Engineering","accept","reject","target_accept_other_reject","outgroup","ingroup",,,,"different",0,"Engineering"
"8","69","69s9",9,1,18,3,1,2,1.85714285714286,2.28571428571429,3.57142857142857,2.14285714285714,1,8,1,0,0,1,2,0,2,0,,1377,"victim","N1",0,1,1,0,"Control","Humanities","Engineering","accept","reject","target_accept_other_reject","outgroup","outgroup",,,,"different",0,"Engineering"
"8","69","69s9",9,1,18,3,1,2,1.85714285714286,2.28571428571429,3.57142857142857,2.14285714285714,2,6,0,1,1,0,2,2,0,0,,1378,"victim","N2",0,1,1,0,"Control","Humanities","Engineering","reject","accept","target_reject_other_accept","outgroup","outgroup",,,,"different",0,"Engineering"
"8","69","69s10",10,1,18,3,1,2,1.85714285714286,2.28571428571429,3.57142857142857,2.14285714285714,1,5,0,1,0,0,2,0,0,1,,1379,"victim","N1",0,0,0,1,"Control","Control","Engineering","reject","accept","target_reject_other_accept","outgroup","outgroup",,,,"same",1,"Engineering"
"8","69","69s10",10,1,18,3,1,2,1.85714285714286,2.28571428571429,3.57142857142857,2.14285714285714,2,7,1,0,0,0,2,0,0,1,,1380,"victim","N2",0,0,0,1,"Control","Control","Engineering","accept","reject","target_accept_other_reject","outgroup","outgroup",,,,"same",1,"Engineering"
"8","70","70s1",1,1,18,2,1,2,3,2.57142857142857,3.42857142857143,2,1,-5,1,0,1,0,2,2,0,0,,1381,"victim","N1",1,0,1,0,"Humanities","Control","Engineering","accept","reject","target_accept_other_reject","outgroup","outgroup",,,,"different",0,"Engineering"
"8","70","70s1",1,1,18,2,1,2,3,2.57142857142857,3.42857142857143,2,2,9,0,1,0,1,2,0,2,0,,1382,"victim","N2",1,0,1,0,"Humanities","Control","Engineering","reject","accept","target_reject_other_accept","outgroup","outgroup",,,,"different",0,"Engineering"
"8","70","70s2",2,1,18,2,1,2,3,2.57142857142857,3.42857142857143,2,1,9,0,0,2,2,2,1,1,1,,1383,"victim","N1",2,2,0,0,"Engineering","Engineering","Engineering","reject","reject","both_reject","ingroup","ingroup",,,,"same",1,"Engineering"
"8","70","70s2",2,1,18,2,1,2,3,2.57142857142857,3.42857142857143,2,2,9,0,0,2,2,2,1,1,1,,1384,"victim","N2",2,2,0,0,"Engineering","Engineering","Engineering","reject","reject","both_reject","ingroup","ingroup",,,,"same",1,"Engineering"
"8","70","70s3",3,1,18,2,1,2,3,2.57142857142857,3.42857142857143,2,1,9,0,1,0,0,2,0,0,1,,1385,"victim","N1",0,0,0,1,"Control","Control","Engineering","reject","accept","target_reject_other_accept","outgroup","outgroup",,,,"same",1,"Engineering"
"8","70","70s3",3,1,18,2,1,2,3,2.57142857142857,3.42857142857143,2,2,-9,1,0,0,0,2,0,0,1,,1386,"victim","N2",0,0,0,1,"Control","Control","Engineering","accept","reject","target_accept_other_reject","outgroup","outgroup",,,,"same",1,"Engineering"
"8","70","70s4",4,1,18,2,1,2,3,2.57142857142857,3.42857142857143,2,1,9,0,1,1,1,2,2,2,1,,1387,"victim","N1",1,1,0,1,"Humanities","Humanities","Engineering","reject","accept","target_reject_other_accept","outgroup","outgroup",,,,"same",1,"Engineering"
"8","70","70s4",4,1,18,2,1,2,3,2.57142857142857,3.42857142857143,2,2,-9,1,0,1,1,2,2,2,1,,1388,"victim","N2",1,1,0,1,"Humanities","Humanities","Engineering","accept","reject","target_accept_other_reject","outgroup","outgroup",,,,"same",1,"Engineering"
"8","70","70s5",5,1,18,2,1,2,3,2.57142857142857,3.42857142857143,2,1,-7,1,0,0,1,2,0,2,0,,1389,"victim","N1",0,1,1,0,"Control","Humanities","Engineering","accept","reject","target_accept_other_reject","outgroup","outgroup",,,,"different",0,"Engineering"
"8","70","70s5",5,1,18,2,1,2,3,2.57142857142857,3.42857142857143,2,2,7,0,1,1,0,2,2,0,0,,1390,"victim","N2",0,1,1,0,"Control","Humanities","Engineering","reject","accept","target_reject_other_accept","outgroup","outgroup",,,,"different",0,"Engineering"
"8","71","71s1",1,1,18,3,0,2,1.57142857142857,1.28571428571429,2.28571428571429,0.571428571428571,1,0,0,0,1,2,2,2,1,0,,1401,"victim","N1",1,2,0,0,"Humanities","Engineering","Engineering","reject","reject","both_reject","outgroup","ingroup",,,,"different",0,"Engineering"
"8","71","71s1",1,1,18,3,0,2,1.57142857142857,1.28571428571429,2.28571428571429,0.571428571428571,2,0,0,0,2,1,2,1,2,0,,1402,"victim","N2",1,2,0,0,"Humanities","Engineering","Engineering","reject","reject","both_reject","outgroup","ingroup",,,,"different",0,"Engineering"
"8","71","71s2",2,1,18,3,0,2,1.57142857142857,1.28571428571429,2.28571428571429,0.571428571428571,1,0,0,1,2,1,2,1,2,0,,1403,"victim","N1",2,1,0,1,"Engineering","Humanities","Engineering","reject","accept","target_reject_other_accept","ingroup","outgroup",,,,"different",0,"Engineering"
"8","71","71s2",2,1,18,3,0,2,1.57142857142857,1.28571428571429,2.28571428571429,0.571428571428571,2,0,1,0,1,2,2,2,1,0,,1404,"victim","N2",2,1,0,1,"Engineering","Humanities","Engineering","accept","reject","target_accept_other_reject","ingroup","outgroup",,,,"different",0,"Engineering"
"8","71","71s3",3,1,18,3,0,2,1.57142857142857,1.28571428571429,2.28571428571429,0.571428571428571,1,0,0,0,0,0,2,0,0,1,,1405,"victim","N1",0,0,0,0,"Control","Control","Engineering","reject","reject","both_reject","outgroup","outgroup",,,,"same",1,"Engineering"
"8","71","71s3",3,1,18,3,0,2,1.57142857142857,1.28571428571429,2.28571428571429,0.571428571428571,2,0,0,0,0,0,2,0,0,1,,1406,"victim","N2",0,0,0,0,"Control","Control","Engineering","reject","reject","both_reject","outgroup","outgroup",,,,"same",1,"Engineering"
"8","71","71s4",4,1,18,3,0,2,1.57142857142857,1.28571428571429,2.28571428571429,0.571428571428571,1,0,0,0,2,1,2,1,2,0,,1407,"victim","N1",2,1,0,0,"Engineering","Humanities","Engineering","reject","reject","both_reject","ingroup","outgroup",,,,"different",0,"Engineering"
"8","71","71s4",4,1,18,3,0,2,1.57142857142857,1.28571428571429,2.28571428571429,0.571428571428571,2,0,0,0,1,2,2,2,1,0,,1408,"victim","N2",2,1,0,0,"Engineering","Humanities","Engineering","reject","reject","both_reject","ingroup","outgroup",,,,"different",0,"Engineering"
"8","71","71s5",5,1,18,3,0,2,1.57142857142857,1.28571428571429,2.28571428571429,0.571428571428571,1,0,0,1,1,1,2,2,2,1,,1409,"victim","N1",1,1,0,1,"Humanities","Humanities","Engineering","reject","accept","target_reject_other_accept","outgroup","outgroup",,,,"same",1,"Engineering"
"8","71","71s5",5,1,18,3,0,2,1.57142857142857,1.28571428571429,2.28571428571429,0.571428571428571,2,0,1,0,1,1,2,2,2,1,,1410,"victim","N2",1,1,0,1,"Humanities","Humanities","Engineering","accept","reject","target_accept_other_reject","outgroup","outgroup",,,,"same",1,"Engineering"
"8","72","72s6",6,1,18,1,1,2,1,2,2.85714285714286,0.857142857142857,1,7,0,1,1,0,2,2,0,0,,1431,"victim","N1",1,0,0,1,"Humanities","Control","Engineering","reject","accept","target_reject_other_accept","outgroup","outgroup",,,,"different",0,"Engineering"
"8","72","72s6",6,1,18,1,1,2,1,2,2.85714285714286,0.857142857142857,2,-7,1,0,0,1,2,0,2,0,,1432,"victim","N2",1,0,0,1,"Humanities","Control","Engineering","accept","reject","target_accept_other_reject","outgroup","outgroup",,,,"different",0,"Engineering"
"8","72","72s7",7,1,18,1,1,2,1,2,2.85714285714286,0.857142857142857,1,-8,1,1,0,1,2,0,2,0,,1433,"victim","N1",0,1,1,1,"Control","Humanities","Engineering","accept","accept","both_accept","outgroup","outgroup",,,,"different",0,"Engineering"
"8","72","72s7",7,1,18,1,1,2,1,2,2.85714285714286,0.857142857142857,2,-8,1,1,1,0,2,2,0,0,,1434,"victim","N2",0,1,1,1,"Control","Humanities","Engineering","accept","accept","both_accept","outgroup","outgroup",,,,"different",0,"Engineering"
"8","72","72s8",8,1,18,1,1,2,1,2,2.85714285714286,0.857142857142857,1,9,0,0,1,2,2,2,1,0,,1435,"victim","N1",1,2,0,0,"Humanities","Engineering","Engineering","reject","reject","both_reject","outgroup","ingroup",,,,"different",0,"Engineering"
"8","72","72s8",8,1,18,1,1,2,1,2,2.85714285714286,0.857142857142857,2,9,0,0,2,1,2,1,2,0,,1436,"victim","N2",1,2,0,0,"Humanities","Engineering","Engineering","reject","reject","both_reject","outgroup","ingroup",,,,"different",0,"Engineering"
"8","72","72s9",9,1,18,1,1,2,1,2,2.85714285714286,0.857142857142857,1,9,0,1,2,1,2,1,2,0,,1437,"victim","N1",2,1,0,1,"Engineering","Humanities","Engineering","reject","accept","target_reject_other_accept","ingroup","outgroup",,,,"different",0,"Engineering"
"8","72","72s9",9,1,18,1,1,2,1,2,2.85714285714286,0.857142857142857,2,-9,1,0,1,2,2,2,1,0,,1438,"victim","N2",2,1,0,1,"Engineering","Humanities","Engineering","accept","reject","target_accept_other_reject","ingroup","outgroup",,,,"different",0,"Engineering"
"8","72","72s10",10,1,18,1,1,2,1,2,2.85714285714286,0.857142857142857,1,-9,1,0,2,2,2,1,1,1,,1439,"victim","N1",2,2,1,0,"Engineering","Engineering","Engineering","accept","reject","target_accept_other_reject","ingroup","ingroup",,,,"same",1,"Engineering"
"8","72","72s10",10,1,18,1,1,2,1,2,2.85714285714286,0.857142857142857,2,9,0,1,2,2,2,1,1,1,,1440,"victim","N2",2,2,1,0,"Engineering","Engineering","Engineering","reject","accept","target_reject_other_accept","ingroup","ingroup",,,,"same",1,"Engineering"
"8","73","73s1",1,1,18,4,1,2,1.28571428571429,2.14285714285714,2.14285714285714,1.85714285714286,1,0,0,0,1,2,2,2,1,0,,1441,"victim","N1",1,2,0,0,"Humanities","Engineering","Engineering","reject","reject","both_reject","outgroup","ingroup",,,,"different",0,"Engineering"
"8","73","73s1",1,1,18,4,1,2,1.28571428571429,2.14285714285714,2.14285714285714,1.85714285714286,2,0,0,0,2,1,2,1,2,0,,1442,"victim","N2",1,2,0,0,"Humanities","Engineering","Engineering","reject","reject","both_reject","outgroup","ingroup",,,,"different",0,"Engineering"
"8","73","73s2",2,1,18,4,1,2,1.28571428571429,2.14285714285714,2.14285714285714,1.85714285714286,1,-3,1,1,2,2,2,1,1,1,,1443,"victim","N1",2,2,1,1,"Engineering","Engineering","Engineering","accept","accept","both_accept","ingroup","ingroup",,,,"same",1,"Engineering"
"8","73","73s2",2,1,18,4,1,2,1.28571428571429,2.14285714285714,2.14285714285714,1.85714285714286,2,-3,1,1,2,2,2,1,1,1,,1444,"victim","N2",2,2,1,1,"Engineering","Engineering","Engineering","accept","accept","both_accept","ingroup","ingroup",,,,"same",1,"Engineering"
"8","73","73s3",3,1,18,4,1,2,1.28571428571429,2.14285714285714,2.14285714285714,1.85714285714286,1,9,0,0,1,1,2,2,2,1,,1445,"victim","N1",1,1,0,0,"Humanities","Humanities","Engineering","reject","reject","both_reject","outgroup","outgroup",,,,"same",1,"Engineering"
"8","73","73s3",3,1,18,4,1,2,1.28571428571429,2.14285714285714,2.14285714285714,1.85714285714286,2,9,0,0,1,1,2,2,2,1,,1446,"victim","N2",1,1,0,0,"Humanities","Humanities","Engineering","reject","reject","both_reject","outgroup","outgroup",,,,"same",1,"Engineering"
"8","73","73s4",4,1,18,4,1,2,1.28571428571429,2.14285714285714,2.14285714285714,1.85714285714286,1,9,0,0,0,2,2,0,1,0,,1447,"victim","N1",0,2,0,0,"Control","Engineering","Engineering","reject","reject","both_reject","outgroup","ingroup",,,,"different",0,"Engineering"
"8","73","73s4",4,1,18,4,1,2,1.28571428571429,2.14285714285714,2.14285714285714,1.85714285714286,2,9,0,0,2,0,2,1,0,0,,1448,"victim","N2",0,2,0,0,"Control","Engineering","Engineering","reject","reject","both_reject","outgroup","ingroup",,,,"different",0,"Engineering"
"8","73","73s5",5,1,18,4,1,2,1.28571428571429,2.14285714285714,2.14285714285714,1.85714285714286,1,9,0,0,0,2,2,0,1,0,,1449,"victim","N1",0,2,0,0,"Control","Engineering","Engineering","reject","reject","both_reject","outgroup","ingroup",,,,"different",0,"Engineering"
"8","73","73s5",5,1,18,4,1,2,1.28571428571429,2.14285714285714,2.14285714285714,1.85714285714286,2,9,0,0,2,0,2,1,0,0,,1450,"victim","N2",0,2,0,0,"Control","Engineering","Engineering","reject","reject","both_reject","outgroup","ingroup",,,,"different",0,"Engineering"
"8","74","74s6",6,1,20,1,0,1,2,2.85714285714286,2.42857142857143,1.57142857142857,1,-9,1,1,0,0,1,0,0,1,,1471,"victim","N1",0,0,1,1,"Control","Control","Humanities","accept","accept","both_accept","outgroup","outgroup",,,,"same",1,"Humanities"
"8","74","74s6",6,1,20,1,0,1,2,2.85714285714286,2.42857142857143,1.57142857142857,2,-9,1,1,0,0,1,0,0,1,,1472,"victim","N2",0,0,1,1,"Control","Control","Humanities","accept","accept","both_accept","outgroup","outgroup",,,,"same",1,"Humanities"
"8","74","74s7",7,1,20,1,0,1,2,2.85714285714286,2.42857142857143,1.57142857142857,1,-9,1,1,2,1,1,2,1,0,,1473,"victim","N1",2,1,1,1,"Engineering","Humanities","Humanities","accept","accept","both_accept","outgroup","ingroup",,,,"different",0,"Humanities"
"8","74","74s7",7,1,20,1,0,1,2,2.85714285714286,2.42857142857143,1.57142857142857,2,-9,1,1,1,2,1,1,2,0,,1474,"victim","N2",2,1,1,1,"Engineering","Humanities","Humanities","accept","accept","both_accept","outgroup","ingroup",,,,"different",0,"Humanities"
"8","74","74s8",8,1,20,1,0,1,2,2.85714285714286,2.42857142857143,1.57142857142857,1,-9,1,0,1,1,1,1,1,1,,1475,"victim","N1",1,1,1,0,"Humanities","Humanities","Humanities","accept","reject","target_accept_other_reject","ingroup","ingroup",,,,"same",1,"Humanities"
"8","74","74s8",8,1,20,1,0,1,2,2.85714285714286,2.42857142857143,1.57142857142857,2,-9,0,1,1,1,1,1,1,1,,1476,"victim","N2",1,1,1,0,"Humanities","Humanities","Humanities","reject","accept","target_reject_other_accept","ingroup","ingroup",,,,"same",1,"Humanities"
"8","74","74s9",9,1,20,1,0,1,2,2.85714285714286,2.42857142857143,1.57142857142857,1,9,0,0,0,1,1,0,1,0,,1477,"victim","N1",0,1,0,0,"Control","Humanities","Humanities","reject","reject","both_reject","outgroup","ingroup",,,,"different",0,"Humanities"
"8","74","74s9",9,1,20,1,0,1,2,2.85714285714286,2.42857142857143,1.57142857142857,2,9,0,0,1,0,1,1,0,0,,1478,"victim","N2",0,1,0,0,"Control","Humanities","Humanities","reject","reject","both_reject","outgroup","ingroup",,,,"different",0,"Humanities"
"8","74","74s10",10,1,20,1,0,1,2,2.85714285714286,2.42857142857143,1.57142857142857,1,-9,1,1,1,1,1,1,1,1,,1479,"victim","N1",1,1,1,1,"Humanities","Humanities","Humanities","accept","accept","both_accept","ingroup","ingroup",,,,"same",1,"Humanities"
"8","74","74s10",10,1,20,1,0,1,2,2.85714285714286,2.42857142857143,1.57142857142857,2,-9,1,1,1,1,1,1,1,1,,1480,"victim","N2",1,1,1,1,"Humanities","Humanities","Humanities","accept","accept","both_accept","ingroup","ingroup",,,,"same",1,"Humanities"
"8","75","75s1",1,1,18,1,0,2,0.571428571428571,3.14285714285714,2.14285714285714,2.14285714285714,1,-6,0,1,1,2,2,2,1,0,,1481,"victim","N1",1,2,0,1,"Humanities","Engineering","Engineering","reject","accept","target_reject_other_accept","outgroup","ingroup",,,,"different",0,"Engineering"
"8","75","75s1",1,1,18,1,0,2,0.571428571428571,3.14285714285714,2.14285714285714,2.14285714285714,2,0,1,0,2,1,2,1,2,0,,1482,"victim","N2",1,2,0,1,"Humanities","Engineering","Engineering","accept","reject","target_accept_other_reject","outgroup","ingroup",,,,"different",0,"Engineering"
"8","75","75s2",2,1,18,1,0,2,0.571428571428571,3.14285714285714,2.14285714285714,2.14285714285714,1,9,0,0,0,1,2,0,2,0,,1483,"victim","N1",0,1,0,0,"Control","Humanities","Engineering","reject","reject","both_reject","outgroup","outgroup",,,,"different",0,"Engineering"
"8","75","75s2",2,1,18,1,0,2,0.571428571428571,3.14285714285714,2.14285714285714,2.14285714285714,2,9,0,0,1,0,2,2,0,0,,1484,"victim","N2",0,1,0,0,"Control","Humanities","Engineering","reject","reject","both_reject","outgroup","outgroup",,,,"different",0,"Engineering"
"8","75","75s3",3,1,18,1,0,2,0.571428571428571,3.14285714285714,2.14285714285714,2.14285714285714,1,-9,1,1,2,1,2,1,2,0,,1485,"victim","N1",2,1,1,1,"Engineering","Humanities","Engineering","accept","accept","both_accept","ingroup","outgroup",,,,"different",0,"Engineering"
"8","75","75s3",3,1,18,1,0,2,0.571428571428571,3.14285714285714,2.14285714285714,2.14285714285714,2,-9,1,1,1,2,2,2,1,0,,1486,"victim","N2",2,1,1,1,"Engineering","Humanities","Engineering","accept","accept","both_accept","ingroup","outgroup",,,,"different",0,"Engineering"
"8","75","75s4",4,1,18,1,0,2,0.571428571428571,3.14285714285714,2.14285714285714,2.14285714285714,1,9,0,1,1,2,2,2,1,0,,1487,"victim","N1",1,2,0,1,"Humanities","Engineering","Engineering","reject","accept","target_reject_other_accept","outgroup","ingroup",,,,"different",0,"Engineering"
"8","75","75s4",4,1,18,1,0,2,0.571428571428571,3.14285714285714,2.14285714285714,2.14285714285714,2,-9,1,0,2,1,2,1,2,0,,1488,"victim","N2",1,2,0,1,"Humanities","Engineering","Engineering","accept","reject","target_accept_other_reject","outgroup","ingroup",,,,"different",0,"Engineering"
"8","75","75s5",5,1,18,1,0,2,0.571428571428571,3.14285714285714,2.14285714285714,2.14285714285714,1,-9,1,1,0,1,2,0,2,0,,1489,"victim","N1",0,1,1,1,"Control","Humanities","Engineering","accept","accept","both_accept","outgroup","outgroup",,,,"different",0,"Engineering"
"8","75","75s5",5,1,18,1,0,2,0.571428571428571,3.14285714285714,2.14285714285714,2.14285714285714,2,-9,1,1,1,0,2,2,0,0,,1490,"victim","N2",0,1,1,1,"Control","Humanities","Engineering","accept","accept","both_accept","outgroup","outgroup",,,,"different",0,"Engineering"
"8","76","76s6",6,1,19,3,0,2,2.71428571428571,1.57142857142857,2.14285714285714,0.142857142857143,1,7,1,0,1,1,2,2,2,1,,1511,"victim","N1",1,1,1,0,"Humanities","Humanities","Engineering","accept","reject","target_accept_other_reject","outgroup","outgroup",,,,"same",1,"Engineering"
"8","76","76s6",6,1,19,3,0,2,2.71428571428571,1.57142857142857,2.14285714285714,0.142857142857143,2,7,0,1,1,1,2,2,2,1,,1512,"victim","N2",1,1,1,0,"Humanities","Humanities","Engineering","reject","accept","target_reject_other_accept","outgroup","outgroup",,,,"same",1,"Engineering"
"8","76","76s7",7,1,19,3,0,2,2.71428571428571,1.57142857142857,2.14285714285714,0.142857142857143,1,8,1,1,2,0,2,1,0,0,,1513,"victim","N1",2,0,1,1,"Engineering","Control","Engineering","accept","accept","both_accept","ingroup","outgroup",,,,"different",0,"Engineering"
"8","76","76s7",7,1,19,3,0,2,2.71428571428571,1.57142857142857,2.14285714285714,0.142857142857143,2,8,1,1,0,2,2,0,1,0,,1514,"victim","N2",2,0,1,1,"Engineering","Control","Engineering","accept","accept","both_accept","ingroup","outgroup",,,,"different",0,"Engineering"
"8","76","76s8",8,1,19,3,0,2,2.71428571428571,1.57142857142857,2.14285714285714,0.142857142857143,1,8,1,0,0,2,2,0,1,0,,1515,"victim","N1",0,2,1,0,"Control","Engineering","Engineering","accept","reject","target_accept_other_reject","outgroup","ingroup",,,,"different",0,"Engineering"
"8","76","76s8",8,1,19,3,0,2,2.71428571428571,1.57142857142857,2.14285714285714,0.142857142857143,2,8,0,1,2,0,2,1,0,0,,1516,"victim","N2",0,2,1,0,"Control","Engineering","Engineering","reject","accept","target_reject_other_accept","outgroup","ingroup",,,,"different",0,"Engineering"
"8","76","76s9",9,1,19,3,0,2,2.71428571428571,1.57142857142857,2.14285714285714,0.142857142857143,1,9,0,0,0,2,2,0,1,0,,1517,"victim","N1",0,2,0,0,"Control","Engineering","Engineering","reject","reject","both_reject","outgroup","ingroup",,,,"different",0,"Engineering"
"8","76","76s9",9,1,19,3,0,2,2.71428571428571,1.57142857142857,2.14285714285714,0.142857142857143,2,9,0,0,2,0,2,1,0,0,,1518,"victim","N2",0,2,0,0,"Control","Engineering","Engineering","reject","reject","both_reject","outgroup","ingroup",,,,"different",0,"Engineering"
"8","76","76s10",10,1,19,3,0,2,2.71428571428571,1.57142857142857,2.14285714285714,0.142857142857143,1,8,1,0,1,2,2,2,1,0,,1519,"victim","N1",1,2,1,0,"Humanities","Engineering","Engineering","accept","reject","target_accept_other_reject","outgroup","ingroup",,,,"different",0,"Engineering"
"8","76","76s10",10,1,19,3,0,2,2.71428571428571,1.57142857142857,2.14285714285714,0.142857142857143,2,8,0,1,2,1,2,1,2,0,,1520,"victim","N2",1,2,1,0,"Humanities","Engineering","Engineering","reject","accept","target_reject_other_accept","outgroup","ingroup",,,,"different",0,"Engineering"
"8","77","77s1",1,1,19,2,0,2,1.42857142857143,2.14285714285714,2.71428571428571,0.285714285714286,1,-9,1,0,1,2,2,2,1,0,,1521,"victim","N1",1,2,1,0,"Humanities","Engineering","Engineering","accept","reject","target_accept_other_reject","outgroup","ingroup",,,,"different",0,"Engineering"
"8","77","77s1",1,1,19,2,0,2,1.42857142857143,2.14285714285714,2.71428571428571,0.285714285714286,2,6,0,1,2,1,2,1,2,0,,1522,"victim","N2",1,2,1,0,"Humanities","Engineering","Engineering","reject","accept","target_reject_other_accept","outgroup","ingroup",,,,"different",0,"Engineering"
"8","77","77s2",2,1,19,2,0,2,1.42857142857143,2.14285714285714,2.71428571428571,0.285714285714286,1,-6,0,1,1,1,2,2,2,1,,1523,"victim","N1",1,1,0,1,"Humanities","Humanities","Engineering","reject","accept","target_reject_other_accept","outgroup","outgroup",,,,"same",1,"Engineering"
"8","77","77s2",2,1,19,2,0,2,1.42857142857143,2.14285714285714,2.71428571428571,0.285714285714286,2,7,1,0,1,1,2,2,2,1,,1524,"victim","N2",1,1,0,1,"Humanities","Humanities","Engineering","accept","reject","target_accept_other_reject","outgroup","outgroup",,,,"same",1,"Engineering"
"8","77","77s3",3,1,19,2,0,2,1.42857142857143,2.14285714285714,2.71428571428571,0.285714285714286,1,-6,1,1,2,0,2,1,0,0,,1525,"victim","N1",2,0,1,1,"Engineering","Control","Engineering","accept","accept","both_accept","ingroup","outgroup",,,,"different",0,"Engineering"
"8","77","77s3",3,1,19,2,0,2,1.42857142857143,2.14285714285714,2.71428571428571,0.285714285714286,2,-6,1,1,0,2,2,0,1,0,,1526,"victim","N2",2,0,1,1,"Engineering","Control","Engineering","accept","accept","both_accept","ingroup","outgroup",,,,"different",0,"Engineering"
"8","77","77s4",4,1,19,2,0,2,1.42857142857143,2.14285714285714,2.71428571428571,0.285714285714286,1,-5,1,0,1,0,2,2,0,0,,1527,"victim","N1",1,0,1,0,"Humanities","Control","Engineering","accept","reject","target_accept_other_reject","outgroup","outgroup",,,,"different",0,"Engineering"
"8","77","77s4",4,1,19,2,0,2,1.42857142857143,2.14285714285714,2.71428571428571,0.285714285714286,2,7,0,1,0,1,2,0,2,0,,1528,"victim","N2",1,0,1,0,"Humanities","Control","Engineering","reject","accept","target_reject_other_accept","outgroup","outgroup",,,,"different",0,"Engineering"
"8","77","77s5",5,1,19,2,0,2,1.42857142857143,2.14285714285714,2.71428571428571,0.285714285714286,1,7,0,0,0,2,2,0,1,0,,1529,"victim","N1",0,2,0,0,"Control","Engineering","Engineering","reject","reject","both_reject","outgroup","ingroup",,,,"different",0,"Engineering"
"8","77","77s5",5,1,19,2,0,2,1.42857142857143,2.14285714285714,2.71428571428571,0.285714285714286,2,7,0,0,2,0,2,1,0,0,,1530,"victim","N2",0,2,0,0,"Control","Engineering","Engineering","reject","reject","both_reject","outgroup","ingroup",,,,"different",0,"Engineering"
"8","78","78s6",6,1,19,4,0,2,1,1.71428571428571,2.85714285714286,1.28571428571429,1,9,0,1,0,2,2,0,1,0,,1551,"victim","N1",0,2,0,1,"Control","Engineering","Engineering","reject","accept","target_reject_other_accept","outgroup","ingroup",,,,"different",0,"Engineering"
"8","78","78s6",6,1,19,4,0,2,1,1.71428571428571,2.85714285714286,1.28571428571429,2,-9,1,0,2,0,2,1,0,0,,1552,"victim","N2",0,2,0,1,"Control","Engineering","Engineering","accept","reject","target_accept_other_reject","outgroup","ingroup",,,,"different",0,"Engineering"
"8","78","78s7",7,1,19,4,0,2,1,1.71428571428571,2.85714285714286,1.28571428571429,1,-9,1,1,1,1,2,2,2,1,,1553,"victim","N1",1,1,1,1,"Humanities","Humanities","Engineering","accept","accept","both_accept","outgroup","outgroup",,,,"same",1,"Engineering"
"8","78","78s7",7,1,19,4,0,2,1,1.71428571428571,2.85714285714286,1.28571428571429,2,-9,1,1,1,1,2,2,2,1,,1554,"victim","N2",1,1,1,1,"Humanities","Humanities","Engineering","accept","accept","both_accept","outgroup","outgroup",,,,"same",1,"Engineering"
"8","78","78s8",8,1,19,4,0,2,1,1.71428571428571,2.85714285714286,1.28571428571429,1,9,0,0,2,1,2,1,2,0,,1555,"victim","N1",2,1,0,0,"Engineering","Humanities","Engineering","reject","reject","both_reject","ingroup","outgroup",,,,"different",0,"Engineering"
"8","78","78s8",8,1,19,4,0,2,1,1.71428571428571,2.85714285714286,1.28571428571429,2,9,0,0,1,2,2,2,1,0,,1556,"victim","N2",2,1,0,0,"Engineering","Humanities","Engineering","reject","reject","both_reject","ingroup","outgroup",,,,"different",0,"Engineering"
"8","78","78s9",9,1,19,4,0,2,1,1.71428571428571,2.85714285714286,1.28571428571429,1,9,0,0,1,0,2,2,0,0,,1557,"victim","N1",1,0,0,0,"Humanities","Control","Engineering","reject","reject","both_reject","outgroup","outgroup",,,,"different",0,"Engineering"
"8","78","78s9",9,1,19,4,0,2,1,1.71428571428571,2.85714285714286,1.28571428571429,2,9,0,0,0,1,2,0,2,0,,1558,"victim","N2",1,0,0,0,"Humanities","Control","Engineering","reject","reject","both_reject","outgroup","outgroup",,,,"different",0,"Engineering"
"8","78","78s10",10,1,19,4,0,2,1,1.71428571428571,2.85714285714286,1.28571428571429,1,9,0,1,0,0,2,0,0,1,,1559,"victim","N1",0,0,0,1,"Control","Control","Engineering","reject","accept","target_reject_other_accept","outgroup","outgroup",,,,"same",1,"Engineering"
"8","78","78s10",10,1,19,4,0,2,1,1.71428571428571,2.85714285714286,1.28571428571429,2,-9,1,0,0,0,2,0,0,1,,1560,"victim","N2",0,0,0,1,"Control","Control","Engineering","accept","reject","target_accept_other_reject","outgroup","outgroup",,,,"same",1,"Engineering"
"8","79","79s1",1,1,19,3,1,2,1.85714285714286,3.14285714285714,3.28571428571429,1.14285714285714,1,9,0,0,1,2,2,2,1,0,,1561,"victim","N1",1,2,0,0,"Humanities","Engineering","Engineering","reject","reject","both_reject","outgroup","ingroup",,,,"different",0,"Engineering"
"8","79","79s1",1,1,19,3,1,2,1.85714285714286,3.14285714285714,3.28571428571429,1.14285714285714,2,9,0,0,2,1,2,1,2,0,,1562,"victim","N2",1,2,0,0,"Humanities","Engineering","Engineering","reject","reject","both_reject","outgroup","ingroup",,,,"different",0,"Engineering"
"8","79","79s2",2,1,19,3,1,2,1.85714285714286,3.14285714285714,3.28571428571429,1.14285714285714,1,9,0,0,2,2,2,1,1,1,,1563,"victim","N1",2,2,0,0,"Engineering","Engineering","Engineering","reject","reject","both_reject","ingroup","ingroup",,,,"same",1,"Engineering"
"8","79","79s2",2,1,19,3,1,2,1.85714285714286,3.14285714285714,3.28571428571429,1.14285714285714,2,9,0,0,2,2,2,1,1,1,,1564,"victim","N2",2,2,0,0,"Engineering","Engineering","Engineering","reject","reject","both_reject","ingroup","ingroup",,,,"same",1,"Engineering"
"8","79","79s3",3,1,19,3,1,2,1.85714285714286,3.14285714285714,3.28571428571429,1.14285714285714,1,9,0,0,1,0,2,2,0,0,,1565,"victim","N1",1,0,0,0,"Humanities","Control","Engineering","reject","reject","both_reject","outgroup","outgroup",,,,"different",0,"Engineering"
"8","79","79s3",3,1,19,3,1,2,1.85714285714286,3.14285714285714,3.28571428571429,1.14285714285714,2,9,0,0,0,1,2,0,2,0,,1566,"victim","N2",1,0,0,0,"Humanities","Control","Engineering","reject","reject","both_reject","outgroup","outgroup",,,,"different",0,"Engineering"
"8","79","79s4",4,1,19,3,1,2,1.85714285714286,3.14285714285714,3.28571428571429,1.14285714285714,1,9,0,0,1,2,2,2,1,0,,1567,"victim","N1",1,2,0,0,"Humanities","Engineering","Engineering","reject","reject","both_reject","outgroup","ingroup",,,,"different",0,"Engineering"
"8","79","79s4",4,1,19,3,1,2,1.85714285714286,3.14285714285714,3.28571428571429,1.14285714285714,2,9,0,0,2,1,2,1,2,0,,1568,"victim","N2",1,2,0,0,"Humanities","Engineering","Engineering","reject","reject","both_reject","outgroup","ingroup",,,,"different",0,"Engineering"
"8","79","79s5",5,1,19,3,1,2,1.85714285714286,3.14285714285714,3.28571428571429,1.14285714285714,1,9,0,0,1,1,2,2,2,1,,1569,"victim","N1",1,1,0,0,"Humanities","Humanities","Engineering","reject","reject","both_reject","outgroup","outgroup",,,,"same",1,"Engineering"
"8","79","79s5",5,1,19,3,1,2,1.85714285714286,3.14285714285714,3.28571428571429,1.14285714285714,2,9,0,0,1,1,2,2,2,1,,1570,"victim","N2",1,1,0,0,"Humanities","Humanities","Engineering","reject","reject","both_reject","outgroup","outgroup",,,,"same",1,"Engineering"
"8","80","80s1",1,1,18,4,0,2,1.28571428571429,2.42857142857143,3.57142857142857,1.57142857142857,1,9,0,0,0,1,2,0,2,0,,1581,"victim","N1",0,1,0,0,"Control","Humanities","Engineering","reject","reject","both_reject","outgroup","outgroup",,,,"different",0,"Engineering"
"8","80","80s1",1,1,18,4,0,2,1.28571428571429,2.42857142857143,3.57142857142857,1.57142857142857,2,9,0,0,1,0,2,2,0,0,,1582,"victim","N2",0,1,0,0,"Control","Humanities","Engineering","reject","reject","both_reject","outgroup","outgroup",,,,"different",0,"Engineering"
"8","80","80s2",2,1,18,4,0,2,1.28571428571429,2.42857142857143,3.57142857142857,1.57142857142857,1,9,0,1,2,2,2,1,1,1,,1583,"victim","N1",2,2,0,1,"Engineering","Engineering","Engineering","reject","accept","target_reject_other_accept","ingroup","ingroup",,,,"same",1,"Engineering"
"8","80","80s2",2,1,18,4,0,2,1.28571428571429,2.42857142857143,3.57142857142857,1.57142857142857,2,-7,1,0,2,2,2,1,1,1,,1584,"victim","N2",2,2,0,1,"Engineering","Engineering","Engineering","accept","reject","target_accept_other_reject","ingroup","ingroup",,,,"same",1,"Engineering"
"8","80","80s3",3,1,18,4,0,2,1.28571428571429,2.42857142857143,3.57142857142857,1.57142857142857,1,9,0,1,0,0,2,0,0,1,,1585,"victim","N1",0,0,0,1,"Control","Control","Engineering","reject","accept","target_reject_other_accept","outgroup","outgroup",,,,"same",1,"Engineering"
"8","80","80s3",3,1,18,4,0,2,1.28571428571429,2.42857142857143,3.57142857142857,1.57142857142857,2,-7,1,0,0,0,2,0,0,1,,1586,"victim","N2",0,0,0,1,"Control","Control","Engineering","accept","reject","target_accept_other_reject","outgroup","outgroup",,,,"same",1,"Engineering"
"8","80","80s4",4,1,18,4,0,2,1.28571428571429,2.42857142857143,3.57142857142857,1.57142857142857,1,9,0,1,0,2,2,0,1,0,,1587,"victim","N1",0,2,0,1,"Control","Engineering","Engineering","reject","accept","target_reject_other_accept","outgroup","ingroup",,,,"different",0,"Engineering"
"8","80","80s4",4,1,18,4,0,2,1.28571428571429,2.42857142857143,3.57142857142857,1.57142857142857,2,-7,1,0,2,0,2,1,0,0,,1588,"victim","N2",0,2,0,1,"Control","Engineering","Engineering","accept","reject","target_accept_other_reject","outgroup","ingroup",,,,"different",0,"Engineering"
"8","80","80s5",5,1,18,4,0,2,1.28571428571429,2.42857142857143,3.57142857142857,1.57142857142857,1,9,0,1,2,2,2,1,1,1,,1589,"victim","N1",2,2,0,1,"Engineering","Engineering","Engineering","reject","accept","target_reject_other_accept","ingroup","ingroup",,,,"same",1,"Engineering"
"8","80","80s5",5,1,18,4,0,2,1.28571428571429,2.42857142857143,3.57142857142857,1.57142857142857,2,-7,1,0,2,2,2,1,1,1,,1590,"victim","N2",2,2,0,1,"Engineering","Engineering","Engineering","accept","reject","target_accept_other_reject","ingroup","ingroup",,,,"same",1,"Engineering"
"9","81","81s1",1,1,18,3,1,1,2.28571428571429,4,3.42857142857143,1.85714285714286,1,9,1,1,0,1,1,0,1,0,,1601,"victim","N1",0,1,1,1,"Control","Humanities","Humanities","accept","accept","both_accept","outgroup","ingroup",,,,"different",0,"Humanities"
"9","81","81s1",1,1,18,3,1,1,2.28571428571429,4,3.42857142857143,1.85714285714286,2,9,1,1,1,0,1,1,0,0,,1602,"victim","N2",0,1,1,1,"Control","Humanities","Humanities","accept","accept","both_accept","outgroup","ingroup",,,,"different",0,"Humanities"
"9","81","81s2",2,1,18,3,1,1,2.28571428571429,4,3.42857142857143,1.85714285714286,1,9,1,0,0,1,1,0,1,0,,1603,"victim","N1",0,1,1,0,"Control","Humanities","Humanities","accept","reject","target_accept_other_reject","outgroup","ingroup",,,,"different",0,"Humanities"
"9","81","81s2",2,1,18,3,1,1,2.28571428571429,4,3.42857142857143,1.85714285714286,2,-9,0,1,1,0,1,1,0,0,,1604,"victim","N2",0,1,1,0,"Control","Humanities","Humanities","reject","accept","target_reject_other_accept","outgroup","ingroup",,,,"different",0,"Humanities"
"9","81","81s3",3,1,18,3,1,1,2.28571428571429,4,3.42857142857143,1.85714285714286,1,9,1,1,2,1,1,2,1,0,,1605,"victim","N1",2,1,1,1,"Engineering","Humanities","Humanities","accept","accept","both_accept","outgroup","ingroup",,,,"different",0,"Humanities"
"9","81","81s3",3,1,18,3,1,1,2.28571428571429,4,3.42857142857143,1.85714285714286,2,9,1,1,1,2,1,1,2,0,,1606,"victim","N2",2,1,1,1,"Engineering","Humanities","Humanities","accept","accept","both_accept","outgroup","ingroup",,,,"different",0,"Humanities"
"9","81","81s4",4,1,18,3,1,1,2.28571428571429,4,3.42857142857143,1.85714285714286,1,9,0,0,0,0,1,0,0,1,,1607,"victim","N1",0,0,0,0,"Control","Control","Humanities","reject","reject","both_reject","outgroup","outgroup",,,,"same",1,"Humanities"
"9","81","81s4",4,1,18,3,1,1,2.28571428571429,4,3.42857142857143,1.85714285714286,2,-9,0,0,0,0,1,0,0,1,,1608,"victim","N2",0,0,0,0,"Control","Control","Humanities","reject","reject","both_reject","outgroup","outgroup",,,,"same",1,"Humanities"
"9","81","81s5",5,1,18,3,1,1,2.28571428571429,4,3.42857142857143,1.85714285714286,1,-9,0,1,0,0,1,0,0,1,,1609,"victim","N1",0,0,0,1,"Control","Control","Humanities","reject","accept","target_reject_other_accept","outgroup","outgroup",,,,"same",1,"Humanities"
"9","81","81s5",5,1,18,3,1,1,2.28571428571429,4,3.42857142857143,1.85714285714286,2,9,1,0,0,0,1,0,0,1,,1610,"victim","N2",0,0,0,1,"Control","Control","Humanities","accept","reject","target_accept_other_reject","outgroup","outgroup",,,,"same",1,"Humanities"
"9","82","82s6",6,1,18,1,1,1,1.42857142857143,3.57142857142857,3.57142857142857,0.714285714285714,1,-6,1,0,1,1,1,1,1,1,,1631,"victim","N1",1,1,1,0,"Humanities","Humanities","Humanities","accept","reject","target_accept_other_reject","ingroup","ingroup",,,,"same",1,"Humanities"
"9","82","82s6",6,1,18,1,1,1,1.42857142857143,3.57142857142857,3.57142857142857,0.714285714285714,2,2,0,1,1,1,1,1,1,1,,1632,"victim","N2",1,1,1,0,"Humanities","Humanities","Humanities","reject","accept","target_reject_other_accept","ingroup","ingroup",,,,"same",1,"Humanities"
"9","82","82s7",7,1,18,1,1,1,1.42857142857143,3.57142857142857,3.57142857142857,0.714285714285714,1,-6,1,0,2,2,1,2,2,1,,1633,"victim","N1",2,2,1,0,"Engineering","Engineering","Humanities","accept","reject","target_accept_other_reject","outgroup","outgroup",,,,"same",1,"Humanities"
"9","82","82s7",7,1,18,1,1,1,1.42857142857143,3.57142857142857,3.57142857142857,0.714285714285714,2,-6,0,1,2,2,1,2,2,1,,1634,"victim","N2",2,2,1,0,"Engineering","Engineering","Humanities","reject","accept","target_reject_other_accept","outgroup","outgroup",,,,"same",1,"Humanities"
"9","82","82s8",8,1,18,1,1,1,1.42857142857143,3.57142857142857,3.57142857142857,0.714285714285714,1,0,0,1,1,2,1,1,2,0,,1635,"victim","N1",1,2,0,1,"Humanities","Engineering","Humanities","reject","accept","target_reject_other_accept","ingroup","outgroup",,,,"different",0,"Humanities"
"9","82","82s8",8,1,18,1,1,1,1.42857142857143,3.57142857142857,3.57142857142857,0.714285714285714,2,-5,1,0,2,1,1,2,1,0,,1636,"victim","N2",1,2,0,1,"Humanities","Engineering","Humanities","accept","reject","target_accept_other_reject","ingroup","outgroup",,,,"different",0,"Humanities"
"9","82","82s9",9,1,18,1,1,1,1.42857142857143,3.57142857142857,3.57142857142857,0.714285714285714,1,-5,1,1,0,0,1,0,0,1,,1637,"victim","N1",0,0,1,1,"Control","Control","Humanities","accept","accept","both_accept","outgroup","outgroup",,,,"same",1,"Humanities"
"9","82","82s9",9,1,18,1,1,1,1.42857142857143,3.57142857142857,3.57142857142857,0.714285714285714,2,-5,1,1,0,0,1,0,0,1,,1638,"victim","N2",0,0,1,1,"Control","Control","Humanities","accept","accept","both_accept","outgroup","outgroup",,,,"same",1,"Humanities"
"9","82","82s10",10,1,18,1,1,1,1.42857142857143,3.57142857142857,3.57142857142857,0.714285714285714,1,9,0,0,0,1,1,0,1,0,,1639,"victim","N1",0,1,0,0,"Control","Humanities","Humanities","reject","reject","both_reject","outgroup","ingroup",,,,"different",0,"Humanities"
"9","82","82s10",10,1,18,1,1,1,1.42857142857143,3.57142857142857,3.57142857142857,0.714285714285714,2,9,0,0,1,0,1,1,0,0,,1640,"victim","N2",0,1,0,0,"Control","Humanities","Humanities","reject","reject","both_reject","outgroup","ingroup",,,,"different",0,"Humanities"
"9","83","83s6",6,1,18,1,0,1,2.28571428571429,3.28571428571429,3.28571428571429,1.28571428571429,1,9,0,0,2,1,1,2,1,0,,1651,"victim","N1",2,1,0,0,"Engineering","Humanities","Humanities","reject","reject","both_reject","outgroup","ingroup",,,,"different",0,"Humanities"
"9","83","83s6",6,1,18,1,0,1,2.28571428571429,3.28571428571429,3.28571428571429,1.28571428571429,2,9,0,0,1,2,1,1,2,0,,1652,"victim","N2",2,1,0,0,"Engineering","Humanities","Humanities","reject","reject","both_reject","outgroup","ingroup",,,,"different",0,"Humanities"
"9","83","83s7",7,1,18,1,0,1,2.28571428571429,3.28571428571429,3.28571428571429,1.28571428571429,1,9,0,1,1,1,1,1,1,1,,1653,"victim","N1",1,1,0,1,"Humanities","Humanities","Humanities","reject","accept","target_reject_other_accept","ingroup","ingroup",,,,"same",1,"Humanities"
"9","83","83s7",7,1,18,1,0,1,2.28571428571429,3.28571428571429,3.28571428571429,1.28571428571429,2,-2,1,0,1,1,1,1,1,1,,1654,"victim","N2",1,1,0,1,"Humanities","Humanities","Humanities","accept","reject","target_accept_other_reject","ingroup","ingroup",,,,"same",1,"Humanities"
"9","83","83s8",8,1,18,1,0,1,2.28571428571429,3.28571428571429,3.28571428571429,1.28571428571429,1,0,1,1,1,1,1,1,1,1,,1655,"victim","N1",1,1,1,1,"Humanities","Humanities","Humanities","accept","accept","both_accept","ingroup","ingroup",,,,"same",1,"Humanities"
"9","83","83s8",8,1,18,1,0,1,2.28571428571429,3.28571428571429,3.28571428571429,1.28571428571429,2,0,1,1,1,1,1,1,1,1,,1656,"victim","N2",1,1,1,1,"Humanities","Humanities","Humanities","accept","accept","both_accept","ingroup","ingroup",,,,"same",1,"Humanities"
"9","83","83s9",9,1,18,1,0,1,2.28571428571429,3.28571428571429,3.28571428571429,1.28571428571429,1,6,0,1,1,2,1,1,2,0,,1657,"victim","N1",1,2,0,1,"Humanities","Engineering","Humanities","reject","accept","target_reject_other_accept","ingroup","outgroup",,,,"different",0,"Humanities"
"9","83","83s9",9,1,18,1,0,1,2.28571428571429,3.28571428571429,3.28571428571429,1.28571428571429,2,-7,1,0,2,1,1,2,1,0,,1658,"victim","N2",1,2,0,1,"Humanities","Engineering","Humanities","accept","reject","target_accept_other_reject","ingroup","outgroup",,,,"different",0,"Humanities"
"9","83","83s10",10,1,18,1,0,1,2.28571428571429,3.28571428571429,3.28571428571429,1.28571428571429,1,0,1,1,1,2,1,1,2,0,,1659,"victim","N1",1,2,1,1,"Humanities","Engineering","Humanities","accept","accept","both_accept","ingroup","outgroup",,,,"different",0,"Humanities"
"9","83","83s10",10,1,18,1,0,1,2.28571428571429,3.28571428571429,3.28571428571429,1.28571428571429,2,0,1,1,2,1,1,2,1,0,,1660,"victim","N2",1,2,1,1,"Humanities","Engineering","Humanities","accept","accept","both_accept","ingroup","outgroup",,,,"different",0,"Humanities"
"9","84","84s6",6,1,19,4,1,1,1.57142857142857,2.42857142857143,3.28571428571429,1.57142857142857,1,-2,1,0,2,2,1,2,2,1,,1671,"victim","N1",2,2,1,0,"Engineering","Engineering","Humanities","accept","reject","target_accept_other_reject","outgroup","outgroup",,,,"same",1,"Humanities"
"9","84","84s6",6,1,19,4,1,1,1.57142857142857,2.42857142857143,3.28571428571429,1.57142857142857,2,2,0,1,2,2,1,2,2,1,,1672,"victim","N2",2,2,1,0,"Engineering","Engineering","Humanities","reject","accept","target_reject_other_accept","outgroup","outgroup",,,,"same",1,"Humanities"
"9","84","84s7",7,1,19,4,1,1,1.57142857142857,2.42857142857143,3.28571428571429,1.57142857142857,1,5,0,0,2,0,1,2,0,0,,1673,"victim","N1",2,0,0,0,"Engineering","Control","Humanities","reject","reject","both_reject","outgroup","outgroup",,,,"different",0,"Humanities"
"9","84","84s7",7,1,19,4,1,1,1.57142857142857,2.42857142857143,3.28571428571429,1.57142857142857,2,5,0,0,0,2,1,0,2,0,,1674,"victim","N2",2,0,0,0,"Engineering","Control","Humanities","reject","reject","both_reject","outgroup","outgroup",,,,"different",0,"Humanities"
"9","84","84s8",8,1,19,4,1,1,1.57142857142857,2.42857142857143,3.28571428571429,1.57142857142857,1,-2,1,1,1,1,1,1,1,1,,1675,"victim","N1",1,1,1,1,"Humanities","Humanities","Humanities","accept","accept","both_accept","ingroup","ingroup",,,,"same",1,"Humanities"
"9","84","84s8",8,1,19,4,1,1,1.57142857142857,2.42857142857143,3.28571428571429,1.57142857142857,2,-2,1,1,1,1,1,1,1,1,,1676,"victim","N2",1,1,1,1,"Humanities","Humanities","Humanities","accept","accept","both_accept","ingroup","ingroup",,,,"same",1,"Humanities"
"9","84","84s9",9,1,19,4,1,1,1.57142857142857,2.42857142857143,3.28571428571429,1.57142857142857,1,-2,1,0,1,2,1,1,2,0,,1677,"victim","N1",1,2,1,0,"Humanities","Engineering","Humanities","accept","reject","target_accept_other_reject","ingroup","outgroup",,,,"different",0,"Humanities"
"9","84","84s9",9,1,19,4,1,1,1.57142857142857,2.42857142857143,3.28571428571429,1.57142857142857,2,5,0,1,2,1,1,2,1,0,,1678,"victim","N2",1,2,1,0,"Humanities","Engineering","Humanities","reject","accept","target_reject_other_accept","ingroup","outgroup",,,,"different",0,"Humanities"
"9","84","84s10",10,1,19,4,1,1,1.57142857142857,2.42857142857143,3.28571428571429,1.57142857142857,1,-2,1,0,0,2,1,0,2,0,,1679,"victim","N1",0,2,1,0,"Control","Engineering","Humanities","accept","reject","target_accept_other_reject","outgroup","outgroup",,,,"different",0,"Humanities"
"9","84","84s10",10,1,19,4,1,1,1.57142857142857,2.42857142857143,3.28571428571429,1.57142857142857,2,5,0,1,2,0,1,2,0,0,,1680,"victim","N2",0,2,1,0,"Control","Engineering","Humanities","reject","accept","target_reject_other_accept","outgroup","outgroup",,,,"different",0,"Humanities"
"9","85","85s6",6,1,18,2,1,1,1.14285714285714,2.85714285714286,2.71428571428571,1.42857142857143,1,-5,1,0,0,1,1,0,1,0,,1691,"victim","N1",0,1,1,0,"Control","Humanities","Humanities","accept","reject","target_accept_other_reject","outgroup","ingroup",,,,"different",0,"Humanities"
"9","85","85s6",6,1,18,2,1,1,1.14285714285714,2.85714285714286,2.71428571428571,1.42857142857143,2,6,0,1,1,0,1,1,0,0,,1692,"victim","N2",0,1,1,0,"Control","Humanities","Humanities","reject","accept","target_reject_other_accept","outgroup","ingroup",,,,"different",0,"Humanities"
"9","85","85s7",7,1,18,2,1,1,1.14285714285714,2.85714285714286,2.71428571428571,1.42857142857143,1,6,0,1,2,0,1,2,0,0,,1693,"victim","N1",2,0,0,1,"Engineering","Control","Humanities","reject","accept","target_reject_other_accept","outgroup","outgroup",,,,"different",0,"Humanities"
"9","85","85s7",7,1,18,2,1,1,1.14285714285714,2.85714285714286,2.71428571428571,1.42857142857143,2,-5,1,0,0,2,1,0,2,0,,1694,"victim","N2",2,0,0,1,"Engineering","Control","Humanities","accept","reject","target_accept_other_reject","outgroup","outgroup",,,,"different",0,"Humanities"
"9","85","85s8",8,1,18,2,1,1,1.14285714285714,2.85714285714286,2.71428571428571,1.42857142857143,1,6,0,0,2,0,1,2,0,0,,1695,"victim","N1",2,0,0,0,"Engineering","Control","Humanities","reject","reject","both_reject","outgroup","outgroup",,,,"different",0,"Humanities"
"9","85","85s8",8,1,18,2,1,1,1.14285714285714,2.85714285714286,2.71428571428571,1.42857142857143,2,6,0,0,0,2,1,0,2,0,,1696,"victim","N2",2,0,0,0,"Engineering","Control","Humanities","reject","reject","both_reject","outgroup","outgroup",,,,"different",0,"Humanities"
"9","85","85s9",9,1,18,2,1,1,1.14285714285714,2.85714285714286,2.71428571428571,1.42857142857143,1,-5,1,1,1,0,1,1,0,0,,1697,"victim","N1",1,0,1,1,"Humanities","Control","Humanities","accept","accept","both_accept","ingroup","outgroup",,,,"different",0,"Humanities"
"9","85","85s9",9,1,18,2,1,1,1.14285714285714,2.85714285714286,2.71428571428571,1.42857142857143,2,-5,1,1,0,1,1,0,1,0,,1698,"victim","N2",1,0,1,1,"Humanities","Control","Humanities","accept","accept","both_accept","ingroup","outgroup",,,,"different",0,"Humanities"
"9","85","85s10",10,1,18,2,1,1,1.14285714285714,2.85714285714286,2.71428571428571,1.42857142857143,1,-5,1,1,1,2,1,1,2,0,,1699,"victim","N1",1,2,1,1,"Humanities","Engineering","Humanities","accept","accept","both_accept","ingroup","outgroup",,,,"different",0,"Humanities"
"9","85","85s10",10,1,18,2,1,1,1.14285714285714,2.85714285714286,2.71428571428571,1.42857142857143,2,-5,1,1,2,1,1,2,1,0,,1700,"victim","N2",1,2,1,1,"Humanities","Engineering","Humanities","accept","accept","both_accept","ingroup","outgroup",,,,"different",0,"Humanities"
"9","86","86s6",6,1,20,2,1,1,1.28571428571429,3,3.71428571428571,0.285714285714286,1,9,0,1,1,0,1,1,0,0,,1711,"victim","N1",1,0,0,1,"Humanities","Control","Humanities","reject","accept","target_reject_other_accept","ingroup","outgroup",,,,"different",0,"Humanities"
"9","86","86s6",6,1,20,2,1,1,1.28571428571429,3,3.71428571428571,0.285714285714286,2,-5,1,0,0,1,1,0,1,0,,1712,"victim","N2",1,0,0,1,"Humanities","Control","Humanities","accept","reject","target_accept_other_reject","ingroup","outgroup",,,,"different",0,"Humanities"
"9","86","86s7",7,1,20,2,1,1,1.28571428571429,3,3.71428571428571,0.285714285714286,1,9,0,0,2,0,1,2,0,0,,1713,"victim","N1",2,0,0,0,"Engineering","Control","Humanities","reject","reject","both_reject","outgroup","outgroup",,,,"different",0,"Humanities"
"9","86","86s7",7,1,20,2,1,1,1.28571428571429,3,3.71428571428571,0.285714285714286,2,9,0,0,0,2,1,0,2,0,,1714,"victim","N2",2,0,0,0,"Engineering","Control","Humanities","reject","reject","both_reject","outgroup","outgroup",,,,"different",0,"Humanities"
"9","86","86s8",8,1,20,2,1,1,1.28571428571429,3,3.71428571428571,0.285714285714286,1,-5,1,0,0,0,1,0,0,1,,1715,"victim","N1",0,0,1,0,"Control","Control","Humanities","accept","reject","target_accept_other_reject","outgroup","outgroup",,,,"same",1,"Humanities"
"9","86","86s8",8,1,20,2,1,1,1.28571428571429,3,3.71428571428571,0.285714285714286,2,9,0,1,0,0,1,0,0,1,,1716,"victim","N2",0,0,1,0,"Control","Control","Humanities","reject","accept","target_reject_other_accept","outgroup","outgroup",,,,"same",1,"Humanities"
"9","86","86s9",9,1,20,2,1,1,1.28571428571429,3,3.71428571428571,0.285714285714286,1,-6,1,0,0,0,1,0,0,1,,1717,"victim","N1",0,0,1,0,"Control","Control","Humanities","accept","reject","target_accept_other_reject","outgroup","outgroup",,,,"same",1,"Humanities"
"9","86","86s9",9,1,20,2,1,1,1.28571428571429,3,3.71428571428571,0.285714285714286,2,9,0,1,0,0,1,0,0,1,,1718,"victim","N2",0,0,1,0,"Control","Control","Humanities","reject","accept","target_reject_other_accept","outgroup","outgroup",,,,"same",1,"Humanities"
"9","86","86s10",10,1,20,2,1,1,1.28571428571429,3,3.71428571428571,0.285714285714286,1,-5,1,0,2,2,1,2,2,1,,1719,"victim","N1",2,2,1,0,"Engineering","Engineering","Humanities","accept","reject","target_accept_other_reject","outgroup","outgroup",,,,"same",1,"Humanities"
"9","86","86s10",10,1,20,2,1,1,1.28571428571429,3,3.71428571428571,0.285714285714286,2,9,0,1,2,2,1,2,2,1,,1720,"victim","N2",2,2,1,0,"Engineering","Engineering","Humanities","reject","accept","target_reject_other_accept","outgroup","outgroup",,,,"same",1,"Humanities"
"9","87","87s6",6,1,23,3,0,2,1.28571428571429,3.42857142857143,3.71428571428571,1,1,0,0,0,0,1,2,0,2,0,,1731,"victim","N1",0,1,0,0,"Control","Humanities","Engineering","reject","reject","both_reject","outgroup","outgroup",,,,"different",0,"Engineering"
"9","87","87s6",6,1,23,3,0,2,1.28571428571429,3.42857142857143,3.71428571428571,1,2,0,0,0,1,0,2,2,0,0,,1732,"victim","N2",0,1,0,0,"Control","Humanities","Engineering","reject","reject","both_reject","outgroup","outgroup",,,,"different",0,"Engineering"
"9","87","87s7",7,1,23,3,0,2,1.28571428571429,3.42857142857143,3.71428571428571,1,1,0,0,0,2,1,2,1,2,0,,1733,"victim","N1",2,1,0,0,"Engineering","Humanities","Engineering","reject","reject","both_reject","ingroup","outgroup",,,,"different",0,"Engineering"
"9","87","87s7",7,1,23,3,0,2,1.28571428571429,3.42857142857143,3.71428571428571,1,2,0,0,0,1,2,2,2,1,0,,1734,"victim","N2",2,1,0,0,"Engineering","Humanities","Engineering","reject","reject","both_reject","ingroup","outgroup",,,,"different",0,"Engineering"
"9","87","87s8",8,1,23,3,0,2,1.28571428571429,3.42857142857143,3.71428571428571,1,1,0,1,0,0,2,2,0,1,0,,1735,"victim","N1",0,2,1,0,"Control","Engineering","Engineering","accept","reject","target_accept_other_reject","outgroup","ingroup",,,,"different",0,"Engineering"
"9","87","87s8",8,1,23,3,0,2,1.28571428571429,3.42857142857143,3.71428571428571,1,2,0,0,1,2,0,2,1,0,0,,1736,"victim","N2",0,2,1,0,"Control","Engineering","Engineering","reject","accept","target_reject_other_accept","outgroup","ingroup",,,,"different",0,"Engineering"
"9","87","87s9",9,1,23,3,0,2,1.28571428571429,3.42857142857143,3.71428571428571,1,1,0,1,0,0,1,2,0,2,0,,1737,"victim","N1",0,1,1,0,"Control","Humanities","Engineering","accept","reject","target_accept_other_reject","outgroup","outgroup",,,,"different",0,"Engineering"
"9","87","87s9",9,1,23,3,0,2,1.28571428571429,3.42857142857143,3.71428571428571,1,2,0,0,1,1,0,2,2,0,0,,1738,"victim","N2",0,1,1,0,"Control","Humanities","Engineering","reject","accept","target_reject_other_accept","outgroup","outgroup",,,,"different",0,"Engineering"
"9","87","87s10",10,1,23,3,0,2,1.28571428571429,3.42857142857143,3.71428571428571,1,1,0,0,1,0,1,2,0,2,0,,1739,"victim","N1",0,1,0,1,"Control","Humanities","Engineering","reject","accept","target_reject_other_accept","outgroup","outgroup",,,,"different",0,"Engineering"
"9","87","87s10",10,1,23,3,0,2,1.28571428571429,3.42857142857143,3.71428571428571,1,2,0,1,0,1,0,2,2,0,0,,1740,"victim","N2",0,1,0,1,"Control","Humanities","Engineering","accept","reject","target_accept_other_reject","outgroup","outgroup",,,,"different",0,"Engineering"
"9","88","88s6",6,1,20,1,0,1,3.14285714285714,2.42857142857143,2.85714285714286,1,1,9,0,1,1,1,1,1,1,1,,1751,"victim","N1",1,1,0,1,"Humanities","Humanities","Humanities","reject","accept","target_reject_other_accept","ingroup","ingroup",,,,"same",1,"Humanities"
"9","88","88s6",6,1,20,1,0,1,3.14285714285714,2.42857142857143,2.85714285714286,1,2,-9,1,0,1,1,1,1,1,1,,1752,"victim","N2",1,1,0,1,"Humanities","Humanities","Humanities","accept","reject","target_accept_other_reject","ingroup","ingroup",,,,"same",1,"Humanities"
"9","88","88s7",7,1,20,1,0,1,3.14285714285714,2.42857142857143,2.85714285714286,1,1,9,0,0,2,0,1,2,0,0,,1753,"victim","N1",2,0,0,0,"Engineering","Control","Humanities","reject","reject","both_reject","outgroup","outgroup",,,,"different",0,"Humanities"
"9","88","88s7",7,1,20,1,0,1,3.14285714285714,2.42857142857143,2.85714285714286,1,2,9,0,0,0,2,1,0,2,0,,1754,"victim","N2",2,0,0,0,"Engineering","Control","Humanities","reject","reject","both_reject","outgroup","outgroup",,,,"different",0,"Humanities"
"9","88","88s8",8,1,20,1,0,1,3.14285714285714,2.42857142857143,2.85714285714286,1,1,9,0,1,0,0,1,0,0,1,,1755,"victim","N1",0,0,0,1,"Control","Control","Humanities","reject","accept","target_reject_other_accept","outgroup","outgroup",,,,"same",1,"Humanities"
"9","88","88s8",8,1,20,1,0,1,3.14285714285714,2.42857142857143,2.85714285714286,1,2,-9,1,0,0,0,1,0,0,1,,1756,"victim","N2",0,0,0,1,"Control","Control","Humanities","accept","reject","target_accept_other_reject","outgroup","outgroup",,,,"same",1,"Humanities"
"9","88","88s9",9,1,20,1,0,1,3.14285714285714,2.42857142857143,2.85714285714286,1,1,9,0,1,1,1,1,1,1,1,,1757,"victim","N1",1,1,0,1,"Humanities","Humanities","Humanities","reject","accept","target_reject_other_accept","ingroup","ingroup",,,,"same",1,"Humanities"
"9","88","88s9",9,1,20,1,0,1,3.14285714285714,2.42857142857143,2.85714285714286,1,2,-9,1,0,1,1,1,1,1,1,,1758,"victim","N2",1,1,0,1,"Humanities","Humanities","Humanities","accept","reject","target_accept_other_reject","ingroup","ingroup",,,,"same",1,"Humanities"
"9","88","88s10",10,1,20,1,0,1,3.14285714285714,2.42857142857143,2.85714285714286,1,1,9,0,0,2,0,1,2,0,0,,1759,"victim","N1",2,0,0,0,"Engineering","Control","Humanities","reject","reject","both_reject","outgroup","outgroup",,,,"different",0,"Humanities"
"9","88","88s10",10,1,20,1,0,1,3.14285714285714,2.42857142857143,2.85714285714286,1,2,9,0,0,0,2,1,0,2,0,,1760,"victim","N2",2,0,0,0,"Engineering","Control","Humanities","reject","reject","both_reject","outgroup","outgroup",,,,"different",0,"Humanities"
"9","89","89s1",1,1,20,1,1,1,2.28571428571429,2.85714285714286,3.57142857142857,1,1,8,1,0,0,1,1,0,1,0,,1761,"victim","N1",0,1,1,0,"Control","Humanities","Humanities","accept","reject","target_accept_other_reject","outgroup","ingroup",,,,"different",0,"Humanities"
"9","89","89s1",1,1,20,1,1,1,2.28571428571429,2.85714285714286,3.57142857142857,1,2,-8,0,1,1,0,1,1,0,0,,1762,"victim","N2",0,1,1,0,"Control","Humanities","Humanities","reject","accept","target_reject_other_accept","outgroup","ingroup",,,,"different",0,"Humanities"
"9","89","89s2",2,1,20,1,1,1,2.28571428571429,2.85714285714286,3.57142857142857,1,1,9,0,1,1,1,1,1,1,1,,1763,"victim","N1",1,1,0,1,"Humanities","Humanities","Humanities","reject","accept","target_reject_other_accept","ingroup","ingroup",,,,"same",1,"Humanities"
"9","89","89s2",2,1,20,1,1,1,2.28571428571429,2.85714285714286,3.57142857142857,1,2,-9,1,0,1,1,1,1,1,1,,1764,"victim","N2",1,1,0,1,"Humanities","Humanities","Humanities","accept","reject","target_accept_other_reject","ingroup","ingroup",,,,"same",1,"Humanities"
"9","89","89s3",3,1,20,1,1,1,2.28571428571429,2.85714285714286,3.57142857142857,1,1,-9,1,0,0,1,1,0,1,0,,1765,"victim","N1",0,1,1,0,"Control","Humanities","Humanities","accept","reject","target_accept_other_reject","outgroup","ingroup",,,,"different",0,"Humanities"
"9","89","89s3",3,1,20,1,1,1,2.28571428571429,2.85714285714286,3.57142857142857,1,2,9,0,1,1,0,1,1,0,0,,1766,"victim","N2",0,1,1,0,"Control","Humanities","Humanities","reject","accept","target_reject_other_accept","outgroup","ingroup",,,,"different",0,"Humanities"
"9","89","89s4",4,1,20,1,1,1,2.28571428571429,2.85714285714286,3.57142857142857,1,1,-9,1,1,2,2,1,2,2,1,,1767,"victim","N1",2,2,1,1,"Engineering","Engineering","Humanities","accept","accept","both_accept","outgroup","outgroup",,,,"same",1,"Humanities"
"9","89","89s4",4,1,20,1,1,1,2.28571428571429,2.85714285714286,3.57142857142857,1,2,-9,1,1,2,2,1,2,2,1,,1768,"victim","N2",2,2,1,1,"Engineering","Engineering","Humanities","accept","accept","both_accept","outgroup","outgroup",,,,"same",1,"Humanities"
"9","89","89s5",5,1,20,1,1,1,2.28571428571429,2.85714285714286,3.57142857142857,1,1,-9,1,1,2,0,1,2,0,0,,1769,"victim","N1",2,0,1,1,"Engineering","Control","Humanities","accept","accept","both_accept","outgroup","outgroup",,,,"different",0,"Humanities"
"9","89","89s5",5,1,20,1,1,1,2.28571428571429,2.85714285714286,3.57142857142857,1,2,-9,1,1,0,2,1,0,2,0,,1770,"victim","N2",2,0,1,1,"Engineering","Control","Humanities","accept","accept","both_accept","outgroup","outgroup",,,,"different",0,"Humanities"
"9","90","90s1",1,1,23,1,0,1,1.14285714285714,1.85714285714286,2.85714285714286,1.28571428571429,1,3,1,0,2,0,1,2,0,0,,1781,"victim","N1",2,0,1,0,"Engineering","Control","Humanities","accept","reject","target_accept_other_reject","outgroup","outgroup",,,,"different",0,"Humanities"
"9","90","90s1",1,1,23,1,0,1,1.14285714285714,1.85714285714286,2.85714285714286,1.28571428571429,2,9,0,1,0,2,1,0,2,0,,1782,"victim","N2",2,0,1,0,"Engineering","Control","Humanities","reject","accept","target_reject_other_accept","outgroup","outgroup",,,,"different",0,"Humanities"
"9","90","90s2",2,1,23,1,0,1,1.14285714285714,1.85714285714286,2.85714285714286,1.28571428571429,1,9,0,0,1,0,1,1,0,0,,1783,"victim","N1",1,0,0,0,"Humanities","Control","Humanities","reject","reject","both_reject","ingroup","outgroup",,,,"different",0,"Humanities"
"9","90","90s2",2,1,23,1,0,1,1.14285714285714,1.85714285714286,2.85714285714286,1.28571428571429,2,9,0,0,0,1,1,0,1,0,,1784,"victim","N2",1,0,0,0,"Humanities","Control","Humanities","reject","reject","both_reject","ingroup","outgroup",,,,"different",0,"Humanities"
"9","90","90s3",3,1,23,1,0,1,1.14285714285714,1.85714285714286,2.85714285714286,1.28571428571429,1,3,1,0,0,2,1,0,2,0,,1785,"victim","N1",0,2,1,0,"Control","Engineering","Humanities","accept","reject","target_accept_other_reject","outgroup","outgroup",,,,"different",0,"Humanities"
"9","90","90s3",3,1,23,1,0,1,1.14285714285714,1.85714285714286,2.85714285714286,1.28571428571429,2,9,0,1,2,0,1,2,0,0,,1786,"victim","N2",0,2,1,0,"Control","Engineering","Humanities","reject","accept","target_reject_other_accept","outgroup","outgroup",,,,"different",0,"Humanities"
"9","90","90s4",4,1,23,1,0,1,1.14285714285714,1.85714285714286,2.85714285714286,1.28571428571429,1,-1,1,1,0,0,1,0,0,1,,1787,"victim","N1",0,0,1,1,"Control","Control","Humanities","accept","accept","both_accept","outgroup","outgroup",,,,"same",1,"Humanities"
"9","90","90s4",4,1,23,1,0,1,1.14285714285714,1.85714285714286,2.85714285714286,1.28571428571429,2,-1,1,1,0,0,1,0,0,1,,1788,"victim","N2",0,0,1,1,"Control","Control","Humanities","accept","accept","both_accept","outgroup","outgroup",,,,"same",1,"Humanities"
"9","90","90s5",5,1,23,1,0,1,1.14285714285714,1.85714285714286,2.85714285714286,1.28571428571429,1,9,0,0,0,0,1,0,0,1,,1789,"victim","N1",0,0,0,0,"Control","Control","Humanities","reject","reject","both_reject","outgroup","outgroup",,,,"same",1,"Humanities"
"9","90","90s5",5,1,23,1,0,1,1.14285714285714,1.85714285714286,2.85714285714286,1.28571428571429,2,9,0,0,0,0,1,0,0,1,,1790,"victim","N2",0,0,0,0,"Control","Control","Humanities","reject","reject","both_reject","outgroup","outgroup",,,,"same",1,"Humanities"
"9","91","91s6",6,1,19,3,0,1,2,1.14285714285714,2.57142857142857,1.28571428571429,1,1,0,1,1,1,1,1,1,1,,1811,"victim","N1",1,1,0,1,"Humanities","Humanities","Humanities","reject","accept","target_reject_other_accept","ingroup","ingroup",,,,"same",1,"Humanities"
"9","91","91s6",6,1,19,3,0,1,2,1.14285714285714,2.57142857142857,1.28571428571429,2,-2,1,0,1,1,1,1,1,1,,1812,"victim","N2",1,1,0,1,"Humanities","Humanities","Humanities","accept","reject","target_accept_other_reject","ingroup","ingroup",,,,"same",1,"Humanities"
"9","91","91s7",7,1,19,3,0,1,2,1.14285714285714,2.57142857142857,1.28571428571429,1,9,0,0,2,2,1,2,2,1,,1813,"victim","N1",2,2,0,0,"Engineering","Engineering","Humanities","reject","reject","both_reject","outgroup","outgroup",,,,"same",1,"Humanities"
"9","91","91s7",7,1,19,3,0,1,2,1.14285714285714,2.57142857142857,1.28571428571429,2,9,0,0,2,2,1,2,2,1,,1814,"victim","N2",2,2,0,0,"Engineering","Engineering","Humanities","reject","reject","both_reject","outgroup","outgroup",,,,"same",1,"Humanities"
"9","91","91s8",8,1,19,3,0,1,2,1.14285714285714,2.57142857142857,1.28571428571429,1,0,0,1,0,0,1,0,0,1,,1815,"victim","N1",0,0,0,1,"Control","Control","Humanities","reject","accept","target_reject_other_accept","outgroup","outgroup",,,,"same",1,"Humanities"
"9","91","91s8",8,1,19,3,0,1,2,1.14285714285714,2.57142857142857,1.28571428571429,2,0,1,0,0,0,1,0,0,1,,1816,"victim","N2",0,0,0,1,"Control","Control","Humanities","accept","reject","target_accept_other_reject","outgroup","outgroup",,,,"same",1,"Humanities"
"9","91","91s9",9,1,19,3,0,1,2,1.14285714285714,2.57142857142857,1.28571428571429,1,2,0,1,1,0,1,1,0,0,,1817,"victim","N1",1,0,0,1,"Humanities","Control","Humanities","reject","accept","target_reject_other_accept","ingroup","outgroup",,,,"different",0,"Humanities"
"9","91","91s9",9,1,19,3,0,1,2,1.14285714285714,2.57142857142857,1.28571428571429,2,-3,1,0,0,1,1,0,1,0,,1818,"victim","N2",1,0,0,1,"Humanities","Control","Humanities","accept","reject","target_accept_other_reject","ingroup","outgroup",,,,"different",0,"Humanities"
"9","91","91s10",10,1,19,3,0,1,2,1.14285714285714,2.57142857142857,1.28571428571429,1,9,0,0,0,1,1,0,1,0,,1819,"victim","N1",0,1,0,0,"Control","Humanities","Humanities","reject","reject","both_reject","outgroup","ingroup",,,,"different",0,"Humanities"
"9","91","91s10",10,1,19,3,0,1,2,1.14285714285714,2.57142857142857,1.28571428571429,2,9,0,0,1,0,1,1,0,0,,1820,"victim","N2",0,1,0,0,"Control","Humanities","Humanities","reject","reject","both_reject","outgroup","ingroup",,,,"different",0,"Humanities"
"9","92","92s6",6,1,18,3,0,1,1.85714285714286,2,2.28571428571429,1.71428571428571,1,-5,1,1,2,1,1,2,1,0,,1831,"victim","N1",2,1,1,1,"Engineering","Humanities","Humanities","accept","accept","both_accept","outgroup","ingroup",,,,"different",0,"Humanities"
"9","92","92s6",6,1,18,3,0,1,1.85714285714286,2,2.28571428571429,1.71428571428571,2,-5,1,1,1,2,1,1,2,0,,1832,"victim","N2",2,1,1,1,"Engineering","Humanities","Humanities","accept","accept","both_accept","outgroup","ingroup",,,,"different",0,"Humanities"
"9","92","92s7",7,1,18,3,0,1,1.85714285714286,2,2.28571428571429,1.71428571428571,1,-4,1,0,0,1,1,0,1,0,,1833,"victim","N1",0,1,1,0,"Control","Humanities","Humanities","accept","reject","target_accept_other_reject","outgroup","ingroup",,,,"different",0,"Humanities"
"9","92","92s7",7,1,18,3,0,1,1.85714285714286,2,2.28571428571429,1.71428571428571,2,4,0,1,1,0,1,1,0,0,,1834,"victim","N2",0,1,1,0,"Control","Humanities","Humanities","reject","accept","target_reject_other_accept","outgroup","ingroup",,,,"different",0,"Humanities"
"9","92","92s8",8,1,18,3,0,1,1.85714285714286,2,2.28571428571429,1.71428571428571,1,4,0,1,2,0,1,2,0,0,,1835,"victim","N1",2,0,0,1,"Engineering","Control","Humanities","reject","accept","target_reject_other_accept","outgroup","outgroup",,,,"different",0,"Humanities"
"9","92","92s8",8,1,18,3,0,1,1.85714285714286,2,2.28571428571429,1.71428571428571,2,-4,1,0,0,2,1,0,2,0,,1836,"victim","N2",2,0,0,1,"Engineering","Control","Humanities","accept","reject","target_accept_other_reject","outgroup","outgroup",,,,"different",0,"Humanities"
"9","92","92s9",9,1,18,3,0,1,1.85714285714286,2,2.28571428571429,1.71428571428571,1,9,0,0,1,1,1,1,1,1,,1837,"victim","N1",1,1,0,0,"Humanities","Humanities","Humanities","reject","reject","both_reject","ingroup","ingroup",,,,"same",1,"Humanities"
"9","92","92s9",9,1,18,3,0,1,1.85714285714286,2,2.28571428571429,1.71428571428571,2,9,0,0,1,1,1,1,1,1,,1838,"victim","N2",1,1,0,0,"Humanities","Humanities","Humanities","reject","reject","both_reject","ingroup","ingroup",,,,"same",1,"Humanities"
"9","92","92s10",10,1,18,3,0,1,1.85714285714286,2,2.28571428571429,1.71428571428571,1,-4,1,0,1,0,1,1,0,0,,1839,"victim","N1",1,0,1,0,"Humanities","Control","Humanities","accept","reject","target_accept_other_reject","ingroup","outgroup",,,,"different",0,"Humanities"
"9","92","92s10",10,1,18,3,0,1,1.85714285714286,2,2.28571428571429,1.71428571428571,2,4,0,1,0,1,1,0,1,0,,1840,"victim","N2",1,0,1,0,"Humanities","Control","Humanities","reject","accept","target_reject_other_accept","ingroup","outgroup",,,,"different",0,"Humanities"
"9","93","93s1",1,1,20,2,0,1,1.57142857142857,2.42857142857143,2.42857142857143,0.714285714285714,1,-5,1,1,2,0,1,2,0,0,,1841,"victim","N1",2,0,1,1,"Engineering","Control","Humanities","accept","accept","both_accept","outgroup","outgroup",,,,"different",0,"Humanities"
"9","93","93s1",1,1,20,2,0,1,1.57142857142857,2.42857142857143,2.42857142857143,0.714285714285714,2,-5,1,1,0,2,1,0,2,0,,1842,"victim","N2",2,0,1,1,"Engineering","Control","Humanities","accept","accept","both_accept","outgroup","outgroup",,,,"different",0,"Humanities"
"9","93","93s2",2,1,20,2,0,1,1.57142857142857,2.42857142857143,2.42857142857143,0.714285714285714,1,9,0,0,1,1,1,1,1,1,,1843,"victim","N1",1,1,0,0,"Humanities","Humanities","Humanities","reject","reject","both_reject","ingroup","ingroup",,,,"same",1,"Humanities"
"9","93","93s2",2,1,20,2,0,1,1.57142857142857,2.42857142857143,2.42857142857143,0.714285714285714,2,9,0,0,1,1,1,1,1,1,,1844,"victim","N2",1,1,0,0,"Humanities","Humanities","Humanities","reject","reject","both_reject","ingroup","ingroup",,,,"same",1,"Humanities"
"9","93","93s3",3,1,20,2,0,1,1.57142857142857,2.42857142857143,2.42857142857143,0.714285714285714,1,-5,1,0,1,2,1,1,2,0,,1845,"victim","N1",1,2,1,0,"Humanities","Engineering","Humanities","accept","reject","target_accept_other_reject","ingroup","outgroup",,,,"different",0,"Humanities"
"9","93","93s3",3,1,20,2,0,1,1.57142857142857,2.42857142857143,2.42857142857143,0.714285714285714,2,7,0,1,2,1,1,2,1,0,,1846,"victim","N2",1,2,1,0,"Humanities","Engineering","Humanities","reject","accept","target_reject_other_accept","ingroup","outgroup",,,,"different",0,"Humanities"
"9","93","93s4",4,1,20,2,0,1,1.57142857142857,2.42857142857143,2.42857142857143,0.714285714285714,1,8,0,1,1,2,1,1,2,0,,1847,"victim","N1",1,2,0,1,"Humanities","Engineering","Humanities","reject","accept","target_reject_other_accept","ingroup","outgroup",,,,"different",0,"Humanities"
"9","93","93s4",4,1,20,2,0,1,1.57142857142857,2.42857142857143,2.42857142857143,0.714285714285714,2,-8,1,0,2,1,1,2,1,0,,1848,"victim","N2",1,2,0,1,"Humanities","Engineering","Humanities","accept","reject","target_accept_other_reject","ingroup","outgroup",,,,"different",0,"Humanities"
"9","93","93s5",5,1,20,2,0,1,1.57142857142857,2.42857142857143,2.42857142857143,0.714285714285714,1,6,0,1,1,1,1,1,1,1,,1849,"victim","N1",1,1,0,1,"Humanities","Humanities","Humanities","reject","accept","target_reject_other_accept","ingroup","ingroup",,,,"same",1,"Humanities"
"9","93","93s5",5,1,20,2,0,1,1.57142857142857,2.42857142857143,2.42857142857143,0.714285714285714,2,-5,1,0,1,1,1,1,1,1,,1850,"victim","N2",1,1,0,1,"Humanities","Humanities","Humanities","accept","reject","target_accept_other_reject","ingroup","ingroup",,,,"same",1,"Humanities"
"9","94","94s1",1,1,22,1,1,2,0.714285714285714,2.28571428571429,2.42857142857143,2,1,-5,1,1,0,2,2,0,1,0,,1861,"victim","N1",0,2,1,1,"Control","Engineering","Engineering","accept","accept","both_accept","outgroup","ingroup",,,,"different",0,"Engineering"
"9","94","94s1",1,1,22,1,1,2,0.714285714285714,2.28571428571429,2.42857142857143,2,2,-5,1,1,2,0,2,1,0,0,,1862,"victim","N2",0,2,1,1,"Control","Engineering","Engineering","accept","accept","both_accept","outgroup","ingroup",,,,"different",0,"Engineering"
"9","94","94s2",2,1,22,1,1,2,0.714285714285714,2.28571428571429,2.42857142857143,2,1,9,0,1,1,2,2,2,1,0,,1863,"victim","N1",1,2,0,1,"Humanities","Engineering","Engineering","reject","accept","target_reject_other_accept","outgroup","ingroup",,,,"different",0,"Engineering"
"9","94","94s2",2,1,22,1,1,2,0.714285714285714,2.28571428571429,2.42857142857143,2,2,-5,1,0,2,1,2,1,2,0,,1864,"victim","N2",1,2,0,1,"Humanities","Engineering","Engineering","accept","reject","target_accept_other_reject","outgroup","ingroup",,,,"different",0,"Engineering"
"9","94","94s3",3,1,22,1,1,2,0.714285714285714,2.28571428571429,2.42857142857143,2,1,9,0,0,2,2,2,1,1,1,,1865,"victim","N1",2,2,0,0,"Engineering","Engineering","Engineering","reject","reject","both_reject","ingroup","ingroup",,,,"same",1,"Engineering"
"9","94","94s3",3,1,22,1,1,2,0.714285714285714,2.28571428571429,2.42857142857143,2,2,9,0,0,2,2,2,1,1,1,,1866,"victim","N2",2,2,0,0,"Engineering","Engineering","Engineering","reject","reject","both_reject","ingroup","ingroup",,,,"same",1,"Engineering"
"9","94","94s4",4,1,22,1,1,2,0.714285714285714,2.28571428571429,2.42857142857143,2,1,-5,1,1,0,0,2,0,0,1,,1867,"victim","N1",0,0,1,1,"Control","Control","Engineering","accept","accept","both_accept","outgroup","outgroup",,,,"same",1,"Engineering"
"9","94","94s4",4,1,22,1,1,2,0.714285714285714,2.28571428571429,2.42857142857143,2,2,-5,1,1,0,0,2,0,0,1,,1868,"victim","N2",0,0,1,1,"Control","Control","Engineering","accept","accept","both_accept","outgroup","outgroup",,,,"same",1,"Engineering"
"9","94","94s5",5,1,22,1,1,2,0.714285714285714,2.28571428571429,2.42857142857143,2,1,9,0,1,2,0,2,1,0,0,,1869,"victim","N1",2,0,0,1,"Engineering","Control","Engineering","reject","accept","target_reject_other_accept","ingroup","outgroup",,,,"different",0,"Engineering"
"9","94","94s5",5,1,22,1,1,2,0.714285714285714,2.28571428571429,2.42857142857143,2,2,-5,1,0,0,2,2,0,1,0,,1870,"victim","N2",2,0,0,1,"Engineering","Control","Engineering","accept","reject","target_accept_other_reject","ingroup","outgroup",,,,"different",0,"Engineering"
"9","95","95s6",6,1,18,3,1,1,1.71428571428571,2.85714285714286,2.42857142857143,2.14285714285714,1,9,0,1,2,1,1,2,1,0,,1891,"victim","N1",2,1,0,1,"Engineering","Humanities","Humanities","reject","accept","target_reject_other_accept","outgroup","ingroup",,,,"different",0,"Humanities"
"9","95","95s6",6,1,18,3,1,1,1.71428571428571,2.85714285714286,2.42857142857143,2.14285714285714,2,-6,1,0,1,2,1,1,2,0,,1892,"victim","N2",2,1,0,1,"Engineering","Humanities","Humanities","accept","reject","target_accept_other_reject","outgroup","ingroup",,,,"different",0,"Humanities"
"9","95","95s7",7,1,18,3,1,1,1.71428571428571,2.85714285714286,2.42857142857143,2.14285714285714,1,-6,1,1,2,1,1,2,1,0,,1893,"victim","N1",2,1,1,1,"Engineering","Humanities","Humanities","accept","accept","both_accept","outgroup","ingroup",,,,"different",0,"Humanities"
"9","95","95s7",7,1,18,3,1,1,1.71428571428571,2.85714285714286,2.42857142857143,2.14285714285714,2,-6,1,1,1,2,1,1,2,0,,1894,"victim","N2",2,1,1,1,"Engineering","Humanities","Humanities","accept","accept","both_accept","outgroup","ingroup",,,,"different",0,"Humanities"
"9","95","95s8",8,1,18,3,1,1,1.71428571428571,2.85714285714286,2.42857142857143,2.14285714285714,1,-6,1,0,2,1,1,2,1,0,,1895,"victim","N1",2,1,1,0,"Engineering","Humanities","Humanities","accept","reject","target_accept_other_reject","outgroup","ingroup",,,,"different",0,"Humanities"
"9","95","95s8",8,1,18,3,1,1,1.71428571428571,2.85714285714286,2.42857142857143,2.14285714285714,2,9,0,1,1,2,1,1,2,0,,1896,"victim","N2",2,1,1,0,"Engineering","Humanities","Humanities","reject","accept","target_reject_other_accept","outgroup","ingroup",,,,"different",0,"Humanities"
"9","95","95s9",9,1,18,3,1,1,1.71428571428571,2.85714285714286,2.42857142857143,2.14285714285714,1,9,0,0,0,1,1,0,1,0,,1897,"victim","N1",0,1,0,0,"Control","Humanities","Humanities","reject","reject","both_reject","outgroup","ingroup",,,,"different",0,"Humanities"
"9","95","95s9",9,1,18,3,1,1,1.71428571428571,2.85714285714286,2.42857142857143,2.14285714285714,2,9,0,0,1,0,1,1,0,0,,1898,"victim","N2",0,1,0,0,"Control","Humanities","Humanities","reject","reject","both_reject","outgroup","ingroup",,,,"different",0,"Humanities"
"9","95","95s10",10,1,18,3,1,1,1.71428571428571,2.85714285714286,2.42857142857143,2.14285714285714,1,-6,1,0,1,2,1,1,2,0,,1899,"victim","N1",1,2,1,0,"Humanities","Engineering","Humanities","accept","reject","target_accept_other_reject","ingroup","outgroup",,,,"different",0,"Humanities"
"9","95","95s10",10,1,18,3,1,1,1.71428571428571,2.85714285714286,2.42857142857143,2.14285714285714,2,9,0,1,2,1,1,2,1,0,,1900,"victim","N2",1,2,1,0,"Humanities","Engineering","Humanities","reject","accept","target_reject_other_accept","ingroup","outgroup",,,,"different",0,"Humanities"
"9","96","96s1",1,1,21,3,1,2,1.71428571428571,3,2.42857142857143,1.85714285714286,1,2,0,0,1,0,2,2,0,0,,1901,"victim","N1",1,0,0,0,"Humanities","Control","Engineering","reject","reject","both_reject","outgroup","outgroup",,,,"different",0,"Engineering"
"9","96","96s1",1,1,21,3,1,2,1.71428571428571,3,2.42857142857143,1.85714285714286,2,2,0,0,0,1,2,0,2,0,,1902,"victim","N2",1,0,0,0,"Humanities","Control","Engineering","reject","reject","both_reject","outgroup","outgroup",,,,"different",0,"Engineering"
"9","96","96s2",2,1,21,3,1,2,1.71428571428571,3,2.42857142857143,1.85714285714286,1,0,1,1,0,1,2,0,2,0,,1903,"victim","N1",0,1,1,1,"Control","Humanities","Engineering","accept","accept","both_accept","outgroup","outgroup",,,,"different",0,"Engineering"
"9","96","96s2",2,1,21,3,1,2,1.71428571428571,3,2.42857142857143,1.85714285714286,2,0,1,1,1,0,2,2,0,0,,1904,"victim","N2",0,1,1,1,"Control","Humanities","Engineering","accept","accept","both_accept","outgroup","outgroup",,,,"different",0,"Engineering"
"9","96","96s3",3,1,21,3,1,2,1.71428571428571,3,2.42857142857143,1.85714285714286,1,0,1,1,0,0,2,0,0,1,,1905,"victim","N1",0,0,1,1,"Control","Control","Engineering","accept","accept","both_accept","outgroup","outgroup",,,,"same",1,"Engineering"
"9","96","96s3",3,1,21,3,1,2,1.71428571428571,3,2.42857142857143,1.85714285714286,2,0,1,1,0,0,2,0,0,1,,1906,"victim","N2",0,0,1,1,"Control","Control","Engineering","accept","accept","both_accept","outgroup","outgroup",,,,"same",1,"Engineering"
"9","96","96s4",4,1,21,3,1,2,1.71428571428571,3,2.42857142857143,1.85714285714286,1,0,0,1,0,2,2,0,1,0,,1907,"victim","N1",0,2,0,1,"Control","Engineering","Engineering","reject","accept","target_reject_other_accept","outgroup","ingroup",,,,"different",0,"Engineering"
"9","96","96s4",4,1,21,3,1,2,1.71428571428571,3,2.42857142857143,1.85714285714286,2,0,1,0,2,0,2,1,0,0,,1908,"victim","N2",0,2,0,1,"Control","Engineering","Engineering","accept","reject","target_accept_other_reject","outgroup","ingroup",,,,"different",0,"Engineering"
"9","96","96s5",5,1,21,3,1,2,1.71428571428571,3,2.42857142857143,1.85714285714286,1,0,1,1,1,2,2,2,1,0,,1909,"victim","N1",1,2,1,1,"Humanities","Engineering","Engineering","accept","accept","both_accept","outgroup","ingroup",,,,"different",0,"Engineering"
"9","96","96s5",5,1,21,3,1,2,1.71428571428571,3,2.42857142857143,1.85714285714286,2,0,1,1,2,1,2,1,2,0,,1910,"victim","N2",1,2,1,1,"Humanities","Engineering","Engineering","accept","accept","both_accept","outgroup","ingroup",,,,"different",0,"Engineering"
"9","97","97s6",6,1,18,1,1,1,1.57142857142857,2.42857142857143,2.71428571428571,1.57142857142857,1,-5,1,0,2,1,1,2,1,0,,1931,"victim","N1",2,1,1,0,"Engineering","Humanities","Humanities","accept","reject","target_accept_other_reject","outgroup","ingroup",,,,"different",0,"Humanities"
"9","97","97s6",6,1,18,1,1,1,1.57142857142857,2.42857142857143,2.71428571428571,1.57142857142857,2,-6,0,1,1,2,1,1,2,0,,1932,"victim","N2",2,1,1,0,"Engineering","Humanities","Humanities","reject","accept","target_reject_other_accept","outgroup","ingroup",,,,"different",0,"Humanities"
"9","97","97s7",7,1,18,1,1,1,1.57142857142857,2.42857142857143,2.71428571428571,1.57142857142857,1,-7,1,0,2,0,1,2,0,0,,1933,"victim","N1",2,0,1,0,"Engineering","Control","Humanities","accept","reject","target_accept_other_reject","outgroup","outgroup",,,,"different",0,"Humanities"
"9","97","97s7",7,1,18,1,1,1,1.57142857142857,2.42857142857143,2.71428571428571,1.57142857142857,2,4,0,1,0,2,1,0,2,0,,1934,"victim","N2",2,0,1,0,"Engineering","Control","Humanities","reject","accept","target_reject_other_accept","outgroup","outgroup",,,,"different",0,"Humanities"
"9","97","97s8",8,1,18,1,1,1,1.57142857142857,2.42857142857143,2.71428571428571,1.57142857142857,1,-6,1,0,0,1,1,0,1,0,,1935,"victim","N1",0,1,1,0,"Control","Humanities","Humanities","accept","reject","target_accept_other_reject","outgroup","ingroup",,,,"different",0,"Humanities"
"9","97","97s8",8,1,18,1,1,1,1.57142857142857,2.42857142857143,2.71428571428571,1.57142857142857,2,3,0,1,1,0,1,1,0,0,,1936,"victim","N2",0,1,1,0,"Control","Humanities","Humanities","reject","accept","target_reject_other_accept","outgroup","ingroup",,,,"different",0,"Humanities"
"9","97","97s9",9,1,18,1,1,1,1.57142857142857,2.42857142857143,2.71428571428571,1.57142857142857,1,-5,1,1,1,0,1,1,0,0,,1937,"victim","N1",1,0,1,1,"Humanities","Control","Humanities","accept","accept","both_accept","ingroup","outgroup",,,,"different",0,"Humanities"
"9","97","97s9",9,1,18,1,1,1,1.57142857142857,2.42857142857143,2.71428571428571,1.57142857142857,2,-5,1,1,0,1,1,0,1,0,,1938,"victim","N2",1,0,1,1,"Humanities","Control","Humanities","accept","accept","both_accept","ingroup","outgroup",,,,"different",0,"Humanities"
"9","97","97s10",10,1,18,1,1,1,1.57142857142857,2.42857142857143,2.71428571428571,1.57142857142857,1,-5,1,1,2,2,1,2,2,1,,1939,"victim","N1",2,2,1,1,"Engineering","Engineering","Humanities","accept","accept","both_accept","outgroup","outgroup",,,,"same",1,"Humanities"
"9","97","97s10",10,1,18,1,1,1,1.57142857142857,2.42857142857143,2.71428571428571,1.57142857142857,2,-5,1,1,2,2,1,2,2,1,,1940,"victim","N2",2,2,1,1,"Engineering","Engineering","Humanities","accept","accept","both_accept","outgroup","outgroup",,,,"same",1,"Humanities"
"9","98","98s6",6,1,21,1,0,2,1.85714285714286,2.42857142857143,2.28571428571429,2.28571428571429,1,-2,1,1,1,0,2,2,0,0,,1951,"victim","N1",1,0,1,1,"Humanities","Control","Engineering","accept","accept","both_accept","outgroup","outgroup",,,,"different",0,"Engineering"
"9","98","98s6",6,1,21,1,0,2,1.85714285714286,2.42857142857143,2.28571428571429,2.28571428571429,2,-2,1,1,0,1,2,0,2,0,,1952,"victim","N2",1,0,1,1,"Humanities","Control","Engineering","accept","accept","both_accept","outgroup","outgroup",,,,"different",0,"Engineering"
"9","98","98s7",7,1,21,1,0,2,1.85714285714286,2.42857142857143,2.28571428571429,2.28571428571429,1,-1,1,0,1,1,2,2,2,1,,1953,"victim","N1",1,1,1,0,"Humanities","Humanities","Engineering","accept","reject","target_accept_other_reject","outgroup","outgroup",,,,"same",1,"Engineering"
"9","98","98s7",7,1,21,1,0,2,1.85714285714286,2.42857142857143,2.28571428571429,2.28571428571429,2,2,0,1,1,1,2,2,2,1,,1954,"victim","N2",1,1,1,0,"Humanities","Humanities","Engineering","reject","accept","target_reject_other_accept","outgroup","outgroup",,,,"same",1,"Engineering"
"9","98","98s8",8,1,21,1,0,2,1.85714285714286,2.42857142857143,2.28571428571429,2.28571428571429,1,2,0,1,2,1,2,1,2,0,,1955,"victim","N1",2,1,0,1,"Engineering","Humanities","Engineering","reject","accept","target_reject_other_accept","ingroup","outgroup",,,,"different",0,"Engineering"
"9","98","98s8",8,1,21,1,0,2,1.85714285714286,2.42857142857143,2.28571428571429,2.28571428571429,2,-1,1,0,1,2,2,2,1,0,,1956,"victim","N2",2,1,0,1,"Engineering","Humanities","Engineering","accept","reject","target_accept_other_reject","ingroup","outgroup",,,,"different",0,"Engineering"
"9","98","98s9",9,1,21,1,0,2,1.85714285714286,2.42857142857143,2.28571428571429,2.28571428571429,1,2,0,1,2,1,2,1,2,0,,1957,"victim","N1",2,1,0,1,"Engineering","Humanities","Engineering","reject","accept","target_reject_other_accept","ingroup","outgroup",,,,"different",0,"Engineering"
"9","98","98s9",9,1,21,1,0,2,1.85714285714286,2.42857142857143,2.28571428571429,2.28571428571429,2,-1,1,0,1,2,2,2,1,0,,1958,"victim","N2",2,1,0,1,"Engineering","Humanities","Engineering","accept","reject","target_accept_other_reject","ingroup","outgroup",,,,"different",0,"Engineering"
"9","98","98s10",10,1,21,1,0,2,1.85714285714286,2.42857142857143,2.28571428571429,2.28571428571429,1,5,0,0,1,1,2,2,2,1,,1959,"victim","N1",1,1,0,0,"Humanities","Humanities","Engineering","reject","reject","both_reject","outgroup","outgroup",,,,"same",1,"Engineering"
"9","98","98s10",10,1,21,1,0,2,1.85714285714286,2.42857142857143,2.28571428571429,2.28571428571429,2,5,0,0,1,1,2,2,2,1,,1960,"victim","N2",1,1,0,0,"Humanities","Humanities","Engineering","reject","reject","both_reject","outgroup","outgroup",,,,"same",1,"Engineering"
"9","99","99s1",1,1,19,3,0,1,3.57142857142857,3.42857142857143,3.14285714285714,1.57142857142857,1,0,1,1,1,0,1,1,0,0,,1961,"victim","N1",1,0,1,1,"Humanities","Control","Humanities","accept","accept","both_accept","ingroup","outgroup",,,,"different",0,"Humanities"
"9","99","99s1",1,1,19,3,0,1,3.57142857142857,3.42857142857143,3.14285714285714,1.57142857142857,2,0,1,1,0,1,1,0,1,0,,1962,"victim","N2",1,0,1,1,"Humanities","Control","Humanities","accept","accept","both_accept","ingroup","outgroup",,,,"different",0,"Humanities"
"9","99","99s2",2,1,19,3,0,1,3.57142857142857,3.42857142857143,3.14285714285714,1.57142857142857,1,9,0,1,0,0,1,0,0,1,,1963,"victim","N1",0,0,0,1,"Control","Control","Humanities","reject","accept","target_reject_other_accept","outgroup","outgroup",,,,"same",1,"Humanities"
"9","99","99s2",2,1,19,3,0,1,3.57142857142857,3.42857142857143,3.14285714285714,1.57142857142857,2,-3,1,0,0,0,1,0,0,1,,1964,"victim","N2",0,0,0,1,"Control","Control","Humanities","accept","reject","target_accept_other_reject","outgroup","outgroup",,,,"same",1,"Humanities"
"9","99","99s3",3,1,19,3,0,1,3.57142857142857,3.42857142857143,3.14285714285714,1.57142857142857,1,9,0,1,0,0,1,0,0,1,,1965,"victim","N1",0,0,0,1,"Control","Control","Humanities","reject","accept","target_reject_other_accept","outgroup","outgroup",,,,"same",1,"Humanities"
"9","99","99s3",3,1,19,3,0,1,3.57142857142857,3.42857142857143,3.14285714285714,1.57142857142857,2,-3,1,0,0,0,1,0,0,1,,1966,"victim","N2",0,0,0,1,"Control","Control","Humanities","accept","reject","target_accept_other_reject","outgroup","outgroup",,,,"same",1,"Humanities"
"9","99","99s4",4,1,19,3,0,1,3.57142857142857,3.42857142857143,3.14285714285714,1.57142857142857,1,9,0,1,2,0,1,2,0,0,,1967,"victim","N1",2,0,0,1,"Engineering","Control","Humanities","reject","accept","target_reject_other_accept","outgroup","outgroup",,,,"different",0,"Humanities"
"9","99","99s4",4,1,19,3,0,1,3.57142857142857,3.42857142857143,3.14285714285714,1.57142857142857,2,-3,1,0,0,2,1,0,2,0,,1968,"victim","N2",2,0,0,1,"Engineering","Control","Humanities","accept","reject","target_accept_other_reject","outgroup","outgroup",,,,"different",0,"Humanities"
"9","99","99s5",5,1,19,3,0,1,3.57142857142857,3.42857142857143,3.14285714285714,1.57142857142857,1,9,0,0,1,2,1,1,2,0,,1969,"victim","N1",1,2,0,0,"Humanities","Engineering","Humanities","reject","reject","both_reject","ingroup","outgroup",,,,"different",0,"Humanities"
"9","99","99s5",5,1,19,3,0,1,3.57142857142857,3.42857142857143,3.14285714285714,1.57142857142857,2,9,0,0,2,1,1,2,1,0,,1970,"victim","N2",1,2,0,0,"Humanities","Engineering","Humanities","reject","reject","both_reject","ingroup","outgroup",,,,"different",0,"Humanities"
"9","100","100s1",1,1,19,1,0,1,1.57142857142857,2.57142857142857,2.71428571428571,0.571428571428571,1,-1,1,1,1,2,1,1,2,0,,1981,"victim","N1",1,2,1,1,"Humanities","Engineering","Humanities","accept","accept","both_accept","ingroup","outgroup",,,,"different",0,"Humanities"
"9","100","100s1",1,1,19,1,0,1,1.57142857142857,2.57142857142857,2.71428571428571,0.571428571428571,2,-1,1,1,2,1,1,2,1,0,,1982,"victim","N2",1,2,1,1,"Humanities","Engineering","Humanities","accept","accept","both_accept","ingroup","outgroup",,,,"different",0,"Humanities"
"9","100","100s2",2,1,19,1,0,1,1.57142857142857,2.57142857142857,2.71428571428571,0.571428571428571,1,-1,1,0,1,2,1,1,2,0,,1983,"victim","N1",1,2,1,0,"Humanities","Engineering","Humanities","accept","reject","target_accept_other_reject","ingroup","outgroup",,,,"different",0,"Humanities"
"9","100","100s2",2,1,19,1,0,1,1.57142857142857,2.57142857142857,2.71428571428571,0.571428571428571,2,1,0,1,2,1,1,2,1,0,,1984,"victim","N2",1,2,1,0,"Humanities","Engineering","Humanities","reject","accept","target_reject_other_accept","ingroup","outgroup",,,,"different",0,"Humanities"
"9","100","100s3",3,1,19,1,0,1,1.57142857142857,2.57142857142857,2.71428571428571,0.571428571428571,1,-1,1,1,0,2,1,0,2,0,,1985,"victim","N1",0,2,1,1,"Control","Engineering","Humanities","accept","accept","both_accept","outgroup","outgroup",,,,"different",0,"Humanities"
"9","100","100s3",3,1,19,1,0,1,1.57142857142857,2.57142857142857,2.71428571428571,0.571428571428571,2,-1,1,1,2,0,1,2,0,0,,1986,"victim","N2",0,2,1,1,"Control","Engineering","Humanities","accept","accept","both_accept","outgroup","outgroup",,,,"different",0,"Humanities"
"9","100","100s4",4,1,19,1,0,1,1.57142857142857,2.57142857142857,2.71428571428571,0.571428571428571,1,-1,1,1,0,0,1,0,0,1,,1987,"victim","N1",0,0,1,1,"Control","Control","Humanities","accept","accept","both_accept","outgroup","outgroup",,,,"same",1,"Humanities"
"9","100","100s4",4,1,19,1,0,1,1.57142857142857,2.57142857142857,2.71428571428571,0.571428571428571,2,-1,1,1,0,0,1,0,0,1,,1988,"victim","N2",0,0,1,1,"Control","Control","Humanities","accept","accept","both_accept","outgroup","outgroup",,,,"same",1,"Humanities"
"9","100","100s5",5,1,19,1,0,1,1.57142857142857,2.57142857142857,2.71428571428571,0.571428571428571,1,-1,1,1,2,1,1,2,1,0,,1989,"victim","N1",2,1,1,1,"Engineering","Humanities","Humanities","accept","accept","both_accept","outgroup","ingroup",,,,"different",0,"Humanities"
"9","100","100s5",5,1,19,1,0,1,1.57142857142857,2.57142857142857,2.71428571428571,0.571428571428571,2,-1,1,1,1,2,1,1,2,0,,1990,"victim","N2",2,1,1,1,"Engineering","Humanities","Humanities","accept","accept","both_accept","outgroup","ingroup",,,,"different",0,"Humanities"
"10","101","101s1",1,1,18,1,0,2,1,2.57142857142857,2.85714285714286,0.857142857142857,1,9,0,0,1,2,2,2,1,0,,2001,"victim","N1",1,2,0,0,"Humanities","Engineering","Engineering","reject","reject","both_reject","outgroup","ingroup",,,,"different",0,"Engineering"
"10","101","101s1",1,1,18,1,0,2,1,2.57142857142857,2.85714285714286,0.857142857142857,2,9,0,0,2,1,2,1,2,0,,2002,"victim","N2",1,2,0,0,"Humanities","Engineering","Engineering","reject","reject","both_reject","outgroup","ingroup",,,,"different",0,"Engineering"
"10","101","101s2",2,1,18,1,0,2,1,2.57142857142857,2.85714285714286,0.857142857142857,1,9,0,1,1,2,2,2,1,0,,2003,"victim","N1",1,2,0,1,"Humanities","Engineering","Engineering","reject","accept","target_reject_other_accept","outgroup","ingroup",,,,"different",0,"Engineering"
"10","101","101s2",2,1,18,1,0,2,1,2.57142857142857,2.85714285714286,0.857142857142857,2,-3,1,0,2,1,2,1,2,0,,2004,"victim","N2",1,2,0,1,"Humanities","Engineering","Engineering","accept","reject","target_accept_other_reject","outgroup","ingroup",,,,"different",0,"Engineering"
"10","101","101s3",3,1,18,1,0,2,1,2.57142857142857,2.85714285714286,0.857142857142857,1,-9,1,1,1,0,2,2,0,0,,2005,"victim","N1",1,0,1,1,"Humanities","Control","Engineering","accept","accept","both_accept","outgroup","outgroup",,,,"different",0,"Engineering"
"10","101","101s3",3,1,18,1,0,2,1,2.57142857142857,2.85714285714286,0.857142857142857,2,-9,1,1,0,1,2,0,2,0,,2006,"victim","N2",1,0,1,1,"Humanities","Control","Engineering","accept","accept","both_accept","outgroup","outgroup",,,,"different",0,"Engineering"
"10","101","101s4",4,1,18,1,0,2,1,2.57142857142857,2.85714285714286,0.857142857142857,1,-9,1,1,0,1,2,0,2,0,,2007,"victim","N1",0,1,1,1,"Control","Humanities","Engineering","accept","accept","both_accept","outgroup","outgroup",,,,"different",0,"Engineering"
"10","101","101s4",4,1,18,1,0,2,1,2.57142857142857,2.85714285714286,0.857142857142857,2,-9,1,1,1,0,2,2,0,0,,2008,"victim","N2",0,1,1,1,"Control","Humanities","Engineering","accept","accept","both_accept","outgroup","outgroup",,,,"different",0,"Engineering"
"10","101","101s5",5,1,18,1,0,2,1,2.57142857142857,2.85714285714286,0.857142857142857,1,-9,1,0,2,1,2,1,2,0,,2009,"victim","N1",2,1,1,0,"Engineering","Humanities","Engineering","accept","reject","target_accept_other_reject","ingroup","outgroup",,,,"different",0,"Engineering"
"10","101","101s5",5,1,18,1,0,2,1,2.57142857142857,2.85714285714286,0.857142857142857,2,9,0,1,1,2,2,2,1,0,,2010,"victim","N2",2,1,1,0,"Engineering","Humanities","Engineering","reject","accept","target_reject_other_accept","ingroup","outgroup",,,,"different",0,"Engineering"
"10","102","102s6",6,1,18,3,0,2,0.714285714285714,2,2.14285714285714,2.85714285714286,1,-7,1,1,0,1,2,0,2,0,,2031,"victim","N1",0,1,1,1,"Control","Humanities","Engineering","accept","accept","both_accept","outgroup","outgroup",,,,"different",0,"Engineering"
"10","102","102s6",6,1,18,3,0,2,0.714285714285714,2,2.14285714285714,2.85714285714286,2,-7,1,1,1,0,2,2,0,0,,2032,"victim","N2",0,1,1,1,"Control","Humanities","Engineering","accept","accept","both_accept","outgroup","outgroup",,,,"different",0,"Engineering"
"10","102","102s7",7,1,18,3,0,2,0.714285714285714,2,2.14285714285714,2.85714285714286,1,-8,1,0,2,1,2,1,2,0,,2033,"victim","N1",2,1,1,0,"Engineering","Humanities","Engineering","accept","reject","target_accept_other_reject","ingroup","outgroup",,,,"different",0,"Engineering"
"10","102","102s7",7,1,18,3,0,2,0.714285714285714,2,2.14285714285714,2.85714285714286,2,5,0,1,1,2,2,2,1,0,,2034,"victim","N2",2,1,1,0,"Engineering","Humanities","Engineering","reject","accept","target_reject_other_accept","ingroup","outgroup",,,,"different",0,"Engineering"
"10","102","102s8",8,1,18,3,0,2,0.714285714285714,2,2.14285714285714,2.85714285714286,1,3,0,1,2,0,2,1,0,0,,2035,"victim","N1",2,0,0,1,"Engineering","Control","Engineering","reject","accept","target_reject_other_accept","ingroup","outgroup",,,,"different",0,"Engineering"
"10","102","102s8",8,1,18,3,0,2,0.714285714285714,2,2.14285714285714,2.85714285714286,2,-5,1,0,0,2,2,0,1,0,,2036,"victim","N2",2,0,0,1,"Engineering","Control","Engineering","accept","reject","target_accept_other_reject","ingroup","outgroup",,,,"different",0,"Engineering"
"10","102","102s9",9,1,18,3,0,2,0.714285714285714,2,2.14285714285714,2.85714285714286,1,2,0,1,1,1,2,2,2,1,,2037,"victim","N1",1,1,0,1,"Humanities","Humanities","Engineering","reject","accept","target_reject_other_accept","outgroup","outgroup",,,,"same",1,"Engineering"
"10","102","102s9",9,1,18,3,0,2,0.714285714285714,2,2.14285714285714,2.85714285714286,2,-9,1,0,1,1,2,2,2,1,,2038,"victim","N2",1,1,0,1,"Humanities","Humanities","Engineering","accept","reject","target_accept_other_reject","outgroup","outgroup",,,,"same",1,"Engineering"
"10","102","102s10",10,1,18,3,0,2,0.714285714285714,2,2.14285714285714,2.85714285714286,1,-8,1,0,1,2,2,2,1,0,,2039,"victim","N1",1,2,1,0,"Humanities","Engineering","Engineering","accept","reject","target_accept_other_reject","outgroup","ingroup",,,,"different",0,"Engineering"
"10","102","102s10",10,1,18,3,0,2,0.714285714285714,2,2.14285714285714,2.85714285714286,2,3,0,1,2,1,2,1,2,0,,2040,"victim","N2",1,2,1,0,"Humanities","Engineering","Engineering","reject","accept","target_reject_other_accept","outgroup","ingroup",,,,"different",0,"Engineering"
"10","103","103s6",6,1,27,1,1,1,2.71428571428571,3.71428571428571,2.85714285714286,2.42857142857143,1,9,0,0,0,0,1,0,0,1,,2051,"victim","N1",0,0,0,0,"Control","Control","Humanities","reject","reject","both_reject","outgroup","outgroup",,,,"same",1,"Humanities"
"10","103","103s6",6,1,27,1,1,1,2.71428571428571,3.71428571428571,2.85714285714286,2.42857142857143,2,9,0,0,0,0,1,0,0,1,,2052,"victim","N2",0,0,0,0,"Control","Control","Humanities","reject","reject","both_reject","outgroup","outgroup",,,,"same",1,"Humanities"
"10","103","103s7",7,1,27,1,1,1,2.71428571428571,3.71428571428571,2.85714285714286,2.42857142857143,1,9,0,0,1,0,1,1,0,0,,2053,"victim","N1",1,0,0,0,"Humanities","Control","Humanities","reject","reject","both_reject","ingroup","outgroup",,,,"different",0,"Humanities"
"10","103","103s7",7,1,27,1,1,1,2.71428571428571,3.71428571428571,2.85714285714286,2.42857142857143,2,9,0,0,0,1,1,0,1,0,,2054,"victim","N2",1,0,0,0,"Humanities","Control","Humanities","reject","reject","both_reject","ingroup","outgroup",,,,"different",0,"Humanities"
"10","103","103s8",8,1,27,1,1,1,2.71428571428571,3.71428571428571,2.85714285714286,2.42857142857143,1,3,1,1,2,1,1,2,1,0,,2055,"victim","N1",2,1,1,1,"Engineering","Humanities","Humanities","accept","accept","both_accept","outgroup","ingroup",,,,"different",0,"Humanities"
"10","103","103s8",8,1,27,1,1,1,2.71428571428571,3.71428571428571,2.85714285714286,2.42857142857143,2,3,1,1,1,2,1,1,2,0,,2056,"victim","N2",2,1,1,1,"Engineering","Humanities","Humanities","accept","accept","both_accept","outgroup","ingroup",,,,"different",0,"Humanities"
"10","103","103s9",9,1,27,1,1,1,2.71428571428571,3.71428571428571,2.85714285714286,2.42857142857143,1,3,1,1,2,1,1,2,1,0,,2057,"victim","N1",2,1,1,1,"Engineering","Humanities","Humanities","accept","accept","both_accept","outgroup","ingroup",,,,"different",0,"Humanities"
"10","103","103s9",9,1,27,1,1,1,2.71428571428571,3.71428571428571,2.85714285714286,2.42857142857143,2,3,1,1,1,2,1,1,2,0,,2058,"victim","N2",2,1,1,1,"Engineering","Humanities","Humanities","accept","accept","both_accept","outgroup","ingroup",,,,"different",0,"Humanities"
"10","103","103s10",10,1,27,1,1,1,2.71428571428571,3.71428571428571,2.85714285714286,2.42857142857143,1,3,1,1,1,1,1,1,1,1,,2059,"victim","N1",1,1,1,1,"Humanities","Humanities","Humanities","accept","accept","both_accept","ingroup","ingroup",,,,"same",1,"Humanities"
"10","103","103s10",10,1,27,1,1,1,2.71428571428571,3.71428571428571,2.85714285714286,2.42857142857143,2,3,1,1,1,1,1,1,1,1,,2060,"victim","N2",1,1,1,1,"Humanities","Humanities","Humanities","accept","accept","both_accept","ingroup","ingroup",,,,"same",1,"Humanities"
"10","104","104s1",1,1,22,4,1,2,2,4,3.57142857142857,1.14285714285714,1,-3,1,0,1,0,2,2,0,0,,2061,"victim","N1",1,0,1,0,"Humanities","Control","Engineering","accept","reject","target_accept_other_reject","outgroup","outgroup",,,,"different",0,"Engineering"
"10","104","104s1",1,1,22,4,1,2,2,4,3.57142857142857,1.14285714285714,2,3,0,1,0,1,2,0,2,0,,2062,"victim","N2",1,0,1,0,"Humanities","Control","Engineering","reject","accept","target_reject_other_accept","outgroup","outgroup",,,,"different",0,"Engineering"
"10","104","104s2",2,1,22,4,1,2,2,4,3.57142857142857,1.14285714285714,1,2,1,1,0,2,2,0,1,0,,2063,"victim","N1",0,2,1,1,"Control","Engineering","Engineering","accept","accept","both_accept","outgroup","ingroup",,,,"different",0,"Engineering"
"10","104","104s2",2,1,22,4,1,2,2,4,3.57142857142857,1.14285714285714,2,2,1,1,2,0,2,1,0,0,,2064,"victim","N2",0,2,1,1,"Control","Engineering","Engineering","accept","accept","both_accept","outgroup","ingroup",,,,"different",0,"Engineering"
"10","104","104s3",3,1,22,4,1,2,2,4,3.57142857142857,1.14285714285714,1,-3,1,1,2,0,2,1,0,0,,2065,"victim","N1",2,0,1,1,"Engineering","Control","Engineering","accept","accept","both_accept","ingroup","outgroup",,,,"different",0,"Engineering"
"10","104","104s3",3,1,22,4,1,2,2,4,3.57142857142857,1.14285714285714,2,-3,1,1,0,2,2,0,1,0,,2066,"victim","N2",2,0,1,1,"Engineering","Control","Engineering","accept","accept","both_accept","ingroup","outgroup",,,,"different",0,"Engineering"
"10","104","104s4",4,1,22,4,1,2,2,4,3.57142857142857,1.14285714285714,1,-4,1,1,2,1,2,1,2,0,,2067,"victim","N1",2,1,1,1,"Engineering","Humanities","Engineering","accept","accept","both_accept","ingroup","outgroup",,,,"different",0,"Engineering"
"10","104","104s4",4,1,22,4,1,2,2,4,3.57142857142857,1.14285714285714,2,-4,1,1,1,2,2,2,1,0,,2068,"victim","N2",2,1,1,1,"Engineering","Humanities","Engineering","accept","accept","both_accept","ingroup","outgroup",,,,"different",0,"Engineering"
"10","104","104s5",5,1,22,4,1,2,2,4,3.57142857142857,1.14285714285714,1,-6,1,1,2,0,2,1,0,0,,2069,"victim","N1",2,0,1,1,"Engineering","Control","Engineering","accept","accept","both_accept","ingroup","outgroup",,,,"different",0,"Engineering"
"10","104","104s5",5,1,22,4,1,2,2,4,3.57142857142857,1.14285714285714,2,-6,1,1,0,2,2,0,1,0,,2070,"victim","N2",2,0,1,1,"Engineering","Control","Engineering","accept","accept","both_accept","ingroup","outgroup",,,,"different",0,"Engineering"
"10","105","105s1",1,1,21,1,1,2,2.14285714285714,3.28571428571429,3.14285714285714,1.85714285714286,1,9,0,0,2,2,2,1,1,1,,2081,"victim","N1",2,2,0,0,"Engineering","Engineering","Engineering","reject","reject","both_reject","ingroup","ingroup",,,,"same",1,"Engineering"
"10","105","105s1",1,1,21,1,1,2,2.14285714285714,3.28571428571429,3.14285714285714,1.85714285714286,2,9,0,0,2,2,2,1,1,1,,2082,"victim","N2",2,2,0,0,"Engineering","Engineering","Engineering","reject","reject","both_reject","ingroup","ingroup",,,,"same",1,"Engineering"
"10","105","105s2",2,1,21,1,1,2,2.14285714285714,3.28571428571429,3.14285714285714,1.85714285714286,1,-1,1,0,0,1,2,0,2,0,,2083,"victim","N1",0,1,1,0,"Control","Humanities","Engineering","accept","reject","target_accept_other_reject","outgroup","outgroup",,,,"different",0,"Engineering"
"10","105","105s2",2,1,21,1,1,2,2.14285714285714,3.28571428571429,3.14285714285714,1.85714285714286,2,9,0,1,1,0,2,2,0,0,,2084,"victim","N2",0,1,1,0,"Control","Humanities","Engineering","reject","accept","target_reject_other_accept","outgroup","outgroup",,,,"different",0,"Engineering"
"10","105","105s3",3,1,21,1,1,2,2.14285714285714,3.28571428571429,3.14285714285714,1.85714285714286,1,9,0,0,0,1,2,0,2,0,,2085,"victim","N1",0,1,0,0,"Control","Humanities","Engineering","reject","reject","both_reject","outgroup","outgroup",,,,"different",0,"Engineering"
"10","105","105s3",3,1,21,1,1,2,2.14285714285714,3.28571428571429,3.14285714285714,1.85714285714286,2,9,0,0,1,0,2,2,0,0,,2086,"victim","N2",0,1,0,0,"Control","Humanities","Engineering","reject","reject","both_reject","outgroup","outgroup",,,,"different",0,"Engineering"
"10","105","105s4",4,1,21,1,1,2,2.14285714285714,3.28571428571429,3.14285714285714,1.85714285714286,1,-2,1,0,0,0,2,0,0,1,,2087,"victim","N1",0,0,1,0,"Control","Control","Engineering","accept","reject","target_accept_other_reject","outgroup","outgroup",,,,"same",1,"Engineering"
"10","105","105s4",4,1,21,1,1,2,2.14285714285714,3.28571428571429,3.14285714285714,1.85714285714286,2,9,0,1,0,0,2,0,0,1,,2088,"victim","N2",0,0,1,0,"Control","Control","Engineering","reject","accept","target_reject_other_accept","outgroup","outgroup",,,,"same",1,"Engineering"
"10","105","105s5",5,1,21,1,1,2,2.14285714285714,3.28571428571429,3.14285714285714,1.85714285714286,1,9,0,0,2,0,2,1,0,0,,2089,"victim","N1",2,0,0,0,"Engineering","Control","Engineering","reject","reject","both_reject","ingroup","outgroup",,,,"different",0,"Engineering"
"10","105","105s5",5,1,21,1,1,2,2.14285714285714,3.28571428571429,3.14285714285714,1.85714285714286,2,9,0,0,0,2,2,0,1,0,,2090,"victim","N2",2,0,0,0,"Engineering","Control","Engineering","reject","reject","both_reject","ingroup","outgroup",,,,"different",0,"Engineering"
"10","106","106s6",6,1,21,1,0,2,1.57142857142857,3.14285714285714,3.57142857142857,1.42857142857143,1,-3,0,0,2,2,2,1,1,1,,2111,"victim","N1",2,2,0,0,"Engineering","Engineering","Engineering","reject","reject","both_reject","ingroup","ingroup",,,,"same",1,"Engineering"
"10","106","106s6",6,1,21,1,0,2,1.57142857142857,3.14285714285714,3.57142857142857,1.42857142857143,2,-3,0,0,2,2,2,1,1,1,,2112,"victim","N2",2,2,0,0,"Engineering","Engineering","Engineering","reject","reject","both_reject","ingroup","ingroup",,,,"same",1,"Engineering"
"10","106","106s7",7,1,21,1,0,2,1.57142857142857,3.14285714285714,3.57142857142857,1.42857142857143,1,1,0,0,0,0,2,0,0,1,,2113,"victim","N1",0,0,0,0,"Control","Control","Engineering","reject","reject","both_reject","outgroup","outgroup",,,,"same",1,"Engineering"
"10","106","106s7",7,1,21,1,0,2,1.57142857142857,3.14285714285714,3.57142857142857,1.42857142857143,2,1,0,0,0,0,2,0,0,1,,2114,"victim","N2",0,0,0,0,"Control","Control","Engineering","reject","reject","both_reject","outgroup","outgroup",,,,"same",1,"Engineering"
"10","106","106s8",8,1,21,1,0,2,1.57142857142857,3.14285714285714,3.57142857142857,1.42857142857143,1,-1,0,0,1,1,2,2,2,1,,2115,"victim","N1",1,1,0,0,"Humanities","Humanities","Engineering","reject","reject","both_reject","outgroup","outgroup",,,,"same",1,"Engineering"
"10","106","106s8",8,1,21,1,0,2,1.57142857142857,3.14285714285714,3.57142857142857,1.42857142857143,2,2,0,0,1,1,2,2,2,1,,2116,"victim","N2",1,1,0,0,"Humanities","Humanities","Engineering","reject","reject","both_reject","outgroup","outgroup",,,,"same",1,"Engineering"
"10","106","106s9",9,1,21,1,0,2,1.57142857142857,3.14285714285714,3.57142857142857,1.42857142857143,1,1,1,0,1,1,2,2,2,1,,2117,"victim","N1",1,1,1,0,"Humanities","Humanities","Engineering","accept","reject","target_accept_other_reject","outgroup","outgroup",,,,"same",1,"Engineering"
"10","106","106s9",9,1,21,1,0,2,1.57142857142857,3.14285714285714,3.57142857142857,1.42857142857143,2,-2,0,1,1,1,2,2,2,1,,2118,"victim","N2",1,1,1,0,"Humanities","Humanities","Engineering","reject","accept","target_reject_other_accept","outgroup","outgroup",,,,"same",1,"Engineering"
"10","106","106s10",10,1,21,1,0,2,1.57142857142857,3.14285714285714,3.57142857142857,1.42857142857143,1,1,1,1,1,2,2,2,1,0,,2119,"victim","N1",1,2,1,1,"Humanities","Engineering","Engineering","accept","accept","both_accept","outgroup","ingroup",,,,"different",0,"Engineering"
"10","106","106s10",10,1,21,1,0,2,1.57142857142857,3.14285714285714,3.57142857142857,1.42857142857143,2,1,1,1,2,1,2,1,2,0,,2120,"victim","N2",1,2,1,1,"Humanities","Engineering","Engineering","accept","accept","both_accept","outgroup","ingroup",,,,"different",0,"Engineering"
"10","107","107s6",6,1,20,2,0,2,2,2.71428571428571,2.14285714285714,1.42857142857143,1,9,0,0,0,2,2,0,1,0,,2131,"victim","N1",0,2,0,0,"Control","Engineering","Engineering","reject","reject","both_reject","outgroup","ingroup",,,,"different",0,"Engineering"
"10","107","107s6",6,1,20,2,0,2,2,2.71428571428571,2.14285714285714,1.42857142857143,2,9,0,0,2,0,2,1,0,0,,2132,"victim","N2",0,2,0,0,"Control","Engineering","Engineering","reject","reject","both_reject","outgroup","ingroup",,,,"different",0,"Engineering"
"10","107","107s7",7,1,20,2,0,2,2,2.71428571428571,2.14285714285714,1.42857142857143,1,9,0,0,1,0,2,2,0,0,,2133,"victim","N1",1,0,0,0,"Humanities","Control","Engineering","reject","reject","both_reject","outgroup","outgroup",,,,"different",0,"Engineering"
"10","107","107s7",7,1,20,2,0,2,2,2.71428571428571,2.14285714285714,1.42857142857143,2,9,0,0,0,1,2,0,2,0,,2134,"victim","N2",1,0,0,0,"Humanities","Control","Engineering","reject","reject","both_reject","outgroup","outgroup",,,,"different",0,"Engineering"
"10","107","107s8",8,1,20,2,0,2,2,2.71428571428571,2.14285714285714,1.42857142857143,1,-9,1,0,2,0,2,1,0,0,,2135,"victim","N1",2,0,1,0,"Engineering","Control","Engineering","accept","reject","target_accept_other_reject","ingroup","outgroup",,,,"different",0,"Engineering"
"10","107","107s8",8,1,20,2,0,2,2,2.71428571428571,2.14285714285714,1.42857142857143,2,9,0,1,0,2,2,0,1,0,,2136,"victim","N2",2,0,1,0,"Engineering","Control","Engineering","reject","accept","target_reject_other_accept","ingroup","outgroup",,,,"different",0,"Engineering"
"10","107","107s9",9,1,20,2,0,2,2,2.71428571428571,2.14285714285714,1.42857142857143,1,-9,1,1,2,0,2,1,0,0,,2137,"victim","N1",2,0,1,1,"Engineering","Control","Engineering","accept","accept","both_accept","ingroup","outgroup",,,,"different",0,"Engineering"
"10","107","107s9",9,1,20,2,0,2,2,2.71428571428571,2.14285714285714,1.42857142857143,2,-9,1,1,0,2,2,0,1,0,,2138,"victim","N2",2,0,1,1,"Engineering","Control","Engineering","accept","accept","both_accept","ingroup","outgroup",,,,"different",0,"Engineering"
"10","107","107s10",10,1,20,2,0,2,2,2.71428571428571,2.14285714285714,1.42857142857143,1,-9,1,0,0,2,2,0,1,0,,2139,"victim","N1",0,2,1,0,"Control","Engineering","Engineering","accept","reject","target_accept_other_reject","outgroup","ingroup",,,,"different",0,"Engineering"
"10","107","107s10",10,1,20,2,0,2,2,2.71428571428571,2.14285714285714,1.42857142857143,2,9,0,1,2,0,2,1,0,0,,2140,"victim","N2",0,2,1,0,"Control","Engineering","Engineering","reject","accept","target_reject_other_accept","outgroup","ingroup",,,,"different",0,"Engineering"
"10","108","108s1",1,1,23,2,1,2,1.28571428571429,2.85714285714286,2.42857142857143,1.85714285714286,1,9,0,0,2,2,2,1,1,1,,2141,"victim","N1",2,2,0,0,"Engineering","Engineering","Engineering","reject","reject","both_reject","ingroup","ingroup",,,,"same",1,"Engineering"
"10","108","108s1",1,1,23,2,1,2,1.28571428571429,2.85714285714286,2.42857142857143,1.85714285714286,2,9,0,0,2,2,2,1,1,1,,2142,"victim","N2",2,2,0,0,"Engineering","Engineering","Engineering","reject","reject","both_reject","ingroup","ingroup",,,,"same",1,"Engineering"
"10","108","108s2",2,1,23,2,1,2,1.28571428571429,2.85714285714286,2.42857142857143,1.85714285714286,1,0,1,1,1,0,2,2,0,0,,2143,"victim","N1",1,0,1,1,"Humanities","Control","Engineering","accept","accept","both_accept","outgroup","outgroup",,,,"different",0,"Engineering"
"10","108","108s2",2,1,23,2,1,2,1.28571428571429,2.85714285714286,2.42857142857143,1.85714285714286,2,0,1,1,0,1,2,0,2,0,,2144,"victim","N2",1,0,1,1,"Humanities","Control","Engineering","accept","accept","both_accept","outgroup","outgroup",,,,"different",0,"Engineering"
"10","108","108s3",3,1,23,2,1,2,1.28571428571429,2.85714285714286,2.42857142857143,1.85714285714286,1,-5,1,1,0,0,2,0,0,1,,2145,"victim","N1",0,0,1,1,"Control","Control","Engineering","accept","accept","both_accept","outgroup","outgroup",,,,"same",1,"Engineering"
"10","108","108s3",3,1,23,2,1,2,1.28571428571429,2.85714285714286,2.42857142857143,1.85714285714286,2,-5,1,1,0,0,2,0,0,1,,2146,"victim","N2",0,0,1,1,"Control","Control","Engineering","accept","accept","both_accept","outgroup","outgroup",,,,"same",1,"Engineering"
"10","108","108s4",4,1,23,2,1,2,1.28571428571429,2.85714285714286,2.42857142857143,1.85714285714286,1,-5,1,0,0,2,2,0,1,0,,2147,"victim","N1",0,2,1,0,"Control","Engineering","Engineering","accept","reject","target_accept_other_reject","outgroup","ingroup",,,,"different",0,"Engineering"
"10","108","108s4",4,1,23,2,1,2,1.28571428571429,2.85714285714286,2.42857142857143,1.85714285714286,2,9,0,1,2,0,2,1,0,0,,2148,"victim","N2",0,2,1,0,"Control","Engineering","Engineering","reject","accept","target_reject_other_accept","outgroup","ingroup",,,,"different",0,"Engineering"
"10","108","108s5",5,1,23,2,1,2,1.28571428571429,2.85714285714286,2.42857142857143,1.85714285714286,1,-9,1,1,2,0,2,1,0,0,,2149,"victim","N1",2,0,1,1,"Engineering","Control","Engineering","accept","accept","both_accept","ingroup","outgroup",,,,"different",0,"Engineering"
"10","108","108s5",5,1,23,2,1,2,1.28571428571429,2.85714285714286,2.42857142857143,1.85714285714286,2,-9,1,1,0,2,2,0,1,0,,2150,"victim","N2",2,0,1,1,"Engineering","Control","Engineering","accept","accept","both_accept","ingroup","outgroup",,,,"different",0,"Engineering"
"10","109","109s1",1,1,19,1,0,2,0.857142857142857,2,1.57142857142857,1.42857142857143,1,0,1,1,0,1,2,0,2,0,,2161,"victim","N1",0,1,1,1,"Control","Humanities","Engineering","accept","accept","both_accept","outgroup","outgroup",,,,"different",0,"Engineering"
"10","109","109s1",1,1,19,1,0,2,0.857142857142857,2,1.57142857142857,1.42857142857143,2,0,1,1,1,0,2,2,0,0,,2162,"victim","N2",0,1,1,1,"Control","Humanities","Engineering","accept","accept","both_accept","outgroup","outgroup",,,,"different",0,"Engineering"
"10","109","109s2",2,1,19,1,0,2,0.857142857142857,2,1.57142857142857,1.42857142857143,1,0,0,1,2,2,2,1,1,1,,2163,"victim","N1",2,2,0,1,"Engineering","Engineering","Engineering","reject","accept","target_reject_other_accept","ingroup","ingroup",,,,"same",1,"Engineering"
"10","109","109s2",2,1,19,1,0,2,0.857142857142857,2,1.57142857142857,1.42857142857143,2,0,1,0,2,2,2,1,1,1,,2164,"victim","N2",2,2,0,1,"Engineering","Engineering","Engineering","accept","reject","target_accept_other_reject","ingroup","ingroup",,,,"same",1,"Engineering"
"10","109","109s3",3,1,19,1,0,2,0.857142857142857,2,1.57142857142857,1.42857142857143,1,0,1,1,2,0,2,1,0,0,,2165,"victim","N1",2,0,1,1,"Engineering","Control","Engineering","accept","accept","both_accept","ingroup","outgroup",,,,"different",0,"Engineering"
"10","109","109s3",3,1,19,1,0,2,0.857142857142857,2,1.57142857142857,1.42857142857143,2,0,1,1,0,2,2,0,1,0,,2166,"victim","N2",2,0,1,1,"Engineering","Control","Engineering","accept","accept","both_accept","ingroup","outgroup",,,,"different",0,"Engineering"
"10","109","109s4",4,1,19,1,0,2,0.857142857142857,2,1.57142857142857,1.42857142857143,1,0,0,1,0,2,2,0,1,0,,2167,"victim","N1",0,2,0,1,"Control","Engineering","Engineering","reject","accept","target_reject_other_accept","outgroup","ingroup",,,,"different",0,"Engineering"
"10","109","109s4",4,1,19,1,0,2,0.857142857142857,2,1.57142857142857,1.42857142857143,2,0,1,0,2,0,2,1,0,0,,2168,"victim","N2",0,2,0,1,"Control","Engineering","Engineering","accept","reject","target_accept_other_reject","outgroup","ingroup",,,,"different",0,"Engineering"
"10","109","109s5",5,1,19,1,0,2,0.857142857142857,2,1.57142857142857,1.42857142857143,1,0,1,1,0,1,2,0,2,0,,2169,"victim","N1",0,1,1,1,"Control","Humanities","Engineering","accept","accept","both_accept","outgroup","outgroup",,,,"different",0,"Engineering"
"10","109","109s5",5,1,19,1,0,2,0.857142857142857,2,1.57142857142857,1.42857142857143,2,0,1,1,1,0,2,2,0,0,,2170,"victim","N2",0,1,1,1,"Control","Humanities","Engineering","accept","accept","both_accept","outgroup","outgroup",,,,"different",0,"Engineering"
"10","110","110s6",6,1,18,1,0,2,1.85714285714286,2.57142857142857,2.85714285714286,1.28571428571429,1,9,0,0,1,1,2,2,2,1,,2191,"victim","N1",1,1,0,0,"Humanities","Humanities","Engineering","reject","reject","both_reject","outgroup","outgroup",,,,"same",1,"Engineering"
"10","110","110s6",6,1,18,1,0,2,1.85714285714286,2.57142857142857,2.85714285714286,1.28571428571429,2,9,0,0,1,1,2,2,2,1,,2192,"victim","N2",1,1,0,0,"Humanities","Humanities","Engineering","reject","reject","both_reject","outgroup","outgroup",,,,"same",1,"Engineering"
"10","110","110s7",7,1,18,1,0,2,1.85714285714286,2.57142857142857,2.85714285714286,1.28571428571429,1,-2,1,0,0,1,2,0,2,0,,2193,"victim","N1",0,1,1,0,"Control","Humanities","Engineering","accept","reject","target_accept_other_reject","outgroup","outgroup",,,,"different",0,"Engineering"
"10","110","110s7",7,1,18,1,0,2,1.85714285714286,2.57142857142857,2.85714285714286,1.28571428571429,2,7,0,1,1,0,2,2,0,0,,2194,"victim","N2",0,1,1,0,"Control","Humanities","Engineering","reject","accept","target_reject_other_accept","outgroup","outgroup",,,,"different",0,"Engineering"
"10","110","110s8",8,1,18,1,0,2,1.85714285714286,2.57142857142857,2.85714285714286,1.28571428571429,1,9,1,1,2,0,2,1,0,0,,2195,"victim","N1",2,0,1,1,"Engineering","Control","Engineering","accept","accept","both_accept","ingroup","outgroup",,,,"different",0,"Engineering"
"10","110","110s8",8,1,18,1,0,2,1.85714285714286,2.57142857142857,2.85714285714286,1.28571428571429,2,9,1,1,0,2,2,0,1,0,,2196,"victim","N2",2,0,1,1,"Engineering","Control","Engineering","accept","accept","both_accept","ingroup","outgroup",,,,"different",0,"Engineering"
"10","110","110s9",9,1,18,1,0,2,1.85714285714286,2.57142857142857,2.85714285714286,1.28571428571429,1,6,1,0,0,1,2,0,2,0,,2197,"victim","N1",0,1,1,0,"Control","Humanities","Engineering","accept","reject","target_accept_other_reject","outgroup","outgroup",,,,"different",0,"Engineering"
"10","110","110s9",9,1,18,1,0,2,1.85714285714286,2.57142857142857,2.85714285714286,1.28571428571429,2,-3,0,1,1,0,2,2,0,0,,2198,"victim","N2",0,1,1,0,"Control","Humanities","Engineering","reject","accept","target_reject_other_accept","outgroup","outgroup",,,,"different",0,"Engineering"
"10","110","110s10",10,1,18,1,0,2,1.85714285714286,2.57142857142857,2.85714285714286,1.28571428571429,1,5,1,0,0,0,2,0,0,1,,2199,"victim","N1",0,0,1,0,"Control","Control","Engineering","accept","reject","target_accept_other_reject","outgroup","outgroup",,,,"same",1,"Engineering"
"10","110","110s10",10,1,18,1,0,2,1.85714285714286,2.57142857142857,2.85714285714286,1.28571428571429,2,-4,0,1,0,0,2,0,0,1,,2200,"victim","N2",0,0,1,0,"Control","Control","Engineering","reject","accept","target_reject_other_accept","outgroup","outgroup",,,,"same",1,"Engineering"
"10","111","111s6",6,1,19,1,0,1,2.28571428571429,2.85714285714286,2.57142857142857,1.71428571428571,1,-2,1,0,1,0,1,1,0,0,,2211,"victim","N1",1,0,1,0,"Humanities","Control","Humanities","accept","reject","target_accept_other_reject","ingroup","outgroup",,,,"different",0,"Humanities"
"10","111","111s6",6,1,19,1,0,1,2.28571428571429,2.85714285714286,2.57142857142857,1.71428571428571,2,2,0,1,0,1,1,0,1,0,,2212,"victim","N2",1,0,1,0,"Humanities","Control","Humanities","reject","accept","target_reject_other_accept","ingroup","outgroup",,,,"different",0,"Humanities"
"10","111","111s7",7,1,19,1,0,1,2.28571428571429,2.85714285714286,2.57142857142857,1.71428571428571,1,1,0,0,2,2,1,2,2,1,,2213,"victim","N1",2,2,0,0,"Engineering","Engineering","Humanities","reject","reject","both_reject","outgroup","outgroup",,,,"same",1,"Humanities"
"10","111","111s7",7,1,19,1,0,1,2.28571428571429,2.85714285714286,2.57142857142857,1.71428571428571,2,1,0,0,2,2,1,2,2,1,,2214,"victim","N2",2,2,0,0,"Engineering","Engineering","Humanities","reject","reject","both_reject","outgroup","outgroup",,,,"same",1,"Humanities"
"10","111","111s8",8,1,19,1,0,1,2.28571428571429,2.85714285714286,2.57142857142857,1.71428571428571,1,1,0,0,1,2,1,1,2,0,,2215,"victim","N1",1,2,0,0,"Humanities","Engineering","Humanities","reject","reject","both_reject","ingroup","outgroup",,,,"different",0,"Humanities"
"10","111","111s8",8,1,19,1,0,1,2.28571428571429,2.85714285714286,2.57142857142857,1.71428571428571,2,1,0,0,2,1,1,2,1,0,,2216,"victim","N2",1,2,0,0,"Humanities","Engineering","Humanities","reject","reject","both_reject","ingroup","outgroup",,,,"different",0,"Humanities"
"10","111","111s9",9,1,19,1,0,1,2.28571428571429,2.85714285714286,2.57142857142857,1.71428571428571,1,2,0,0,1,2,1,1,2,0,,2217,"victim","N1",1,2,0,0,"Humanities","Engineering","Humanities","reject","reject","both_reject","ingroup","outgroup",,,,"different",0,"Humanities"
"10","111","111s9",9,1,19,1,0,1,2.28571428571429,2.85714285714286,2.57142857142857,1.71428571428571,2,2,0,0,2,1,1,2,1,0,,2218,"victim","N2",1,2,0,0,"Humanities","Engineering","Humanities","reject","reject","both_reject","ingroup","outgroup",,,,"different",0,"Humanities"
"10","111","111s10",10,1,19,1,0,1,2.28571428571429,2.85714285714286,2.57142857142857,1.71428571428571,1,-1,1,0,1,1,1,1,1,1,,2219,"victim","N1",1,1,1,0,"Humanities","Humanities","Humanities","accept","reject","target_accept_other_reject","ingroup","ingroup",,,,"same",1,"Humanities"
"10","111","111s10",10,1,19,1,0,1,2.28571428571429,2.85714285714286,2.57142857142857,1.71428571428571,2,1,0,1,1,1,1,1,1,1,,2220,"victim","N2",1,1,1,0,"Humanities","Humanities","Humanities","reject","accept","target_reject_other_accept","ingroup","ingroup",,,,"same",1,"Humanities"
"10","112","112s6",6,1,20,2,0,2,2.71428571428571,2.71428571428571,2.28571428571429,2.14285714285714,1,-9,1,1,1,1,2,2,2,1,,2231,"victim","N1",1,1,1,1,"Humanities","Humanities","Engineering","accept","accept","both_accept","outgroup","outgroup",,,,"same",1,"Engineering"
"10","112","112s6",6,1,20,2,0,2,2.71428571428571,2.71428571428571,2.28571428571429,2.14285714285714,2,-9,1,1,1,1,2,2,2,1,,2232,"victim","N2",1,1,1,1,"Humanities","Humanities","Engineering","accept","accept","both_accept","outgroup","outgroup",,,,"same",1,"Engineering"
"10","112","112s7",7,1,20,2,0,2,2.71428571428571,2.71428571428571,2.28571428571429,2.14285714285714,1,9,0,1,2,2,2,1,1,1,,2233,"victim","N1",2,2,0,1,"Engineering","Engineering","Engineering","reject","accept","target_reject_other_accept","ingroup","ingroup",,,,"same",1,"Engineering"
"10","112","112s7",7,1,20,2,0,2,2.71428571428571,2.71428571428571,2.28571428571429,2.14285714285714,2,-9,1,0,2,2,2,1,1,1,,2234,"victim","N2",2,2,0,1,"Engineering","Engineering","Engineering","accept","reject","target_accept_other_reject","ingroup","ingroup",,,,"same",1,"Engineering"
"10","112","112s8",8,1,20,2,0,2,2.71428571428571,2.71428571428571,2.28571428571429,2.14285714285714,1,-9,1,1,1,0,2,2,0,0,,2235,"victim","N1",1,0,1,1,"Humanities","Control","Engineering","accept","accept","both_accept","outgroup","outgroup",,,,"different",0,"Engineering"
"10","112","112s8",8,1,20,2,0,2,2.71428571428571,2.71428571428571,2.28571428571429,2.14285714285714,2,-9,1,1,0,1,2,0,2,0,,2236,"victim","N2",1,0,1,1,"Humanities","Control","Engineering","accept","accept","both_accept","outgroup","outgroup",,,,"different",0,"Engineering"
"10","112","112s9",9,1,20,2,0,2,2.71428571428571,2.71428571428571,2.28571428571429,2.14285714285714,1,-9,1,1,0,2,2,0,1,0,,2237,"victim","N1",0,2,1,1,"Control","Engineering","Engineering","accept","accept","both_accept","outgroup","ingroup",,,,"different",0,"Engineering"
"10","112","112s9",9,1,20,2,0,2,2.71428571428571,2.71428571428571,2.28571428571429,2.14285714285714,2,-9,1,1,2,0,2,1,0,0,,2238,"victim","N2",0,2,1,1,"Control","Engineering","Engineering","accept","accept","both_accept","outgroup","ingroup",,,,"different",0,"Engineering"
"10","112","112s10",10,1,20,2,0,2,2.71428571428571,2.71428571428571,2.28571428571429,2.14285714285714,1,9,0,1,1,0,2,2,0,0,,2239,"victim","N1",1,0,0,1,"Humanities","Control","Engineering","reject","accept","target_reject_other_accept","outgroup","outgroup",,,,"different",0,"Engineering"
"10","112","112s10",10,1,20,2,0,2,2.71428571428571,2.71428571428571,2.28571428571429,2.14285714285714,2,-9,1,0,0,1,2,0,2,0,,2240,"victim","N2",1,0,0,1,"Humanities","Control","Engineering","accept","reject","target_accept_other_reject","outgroup","outgroup",,,,"different",0,"Engineering"
"10","113","113s6",6,1,18,2,0,2,2.14285714285714,3.14285714285714,2.71428571428571,2.71428571428571,1,-9,1,0,0,0,2,0,0,1,,2251,"victim","N1",0,0,1,0,"Control","Control","Engineering","accept","reject","target_accept_other_reject","outgroup","outgroup",,,,"same",1,"Engineering"
"10","113","113s6",6,1,18,2,0,2,2.14285714285714,3.14285714285714,2.71428571428571,2.71428571428571,2,9,0,1,0,0,2,0,0,1,,2252,"victim","N2",0,0,1,0,"Control","Control","Engineering","reject","accept","target_reject_other_accept","outgroup","outgroup",,,,"same",1,"Engineering"
"10","113","113s7",7,1,18,2,0,2,2.14285714285714,3.14285714285714,2.71428571428571,2.71428571428571,1,-9,1,1,2,0,2,1,0,0,,2253,"victim","N1",2,0,1,1,"Engineering","Control","Engineering","accept","accept","both_accept","ingroup","outgroup",,,,"different",0,"Engineering"
"10","113","113s7",7,1,18,2,0,2,2.14285714285714,3.14285714285714,2.71428571428571,2.71428571428571,2,-9,1,1,0,2,2,0,1,0,,2254,"victim","N2",2,0,1,1,"Engineering","Control","Engineering","accept","accept","both_accept","ingroup","outgroup",,,,"different",0,"Engineering"
"10","113","113s8",8,1,18,2,0,2,2.14285714285714,3.14285714285714,2.71428571428571,2.71428571428571,1,9,0,0,1,2,2,2,1,0,,2255,"victim","N1",1,2,0,0,"Humanities","Engineering","Engineering","reject","reject","both_reject","outgroup","ingroup",,,,"different",0,"Engineering"
"10","113","113s8",8,1,18,2,0,2,2.14285714285714,3.14285714285714,2.71428571428571,2.71428571428571,2,9,0,0,2,1,2,1,2,0,,2256,"victim","N2",1,2,0,0,"Humanities","Engineering","Engineering","reject","reject","both_reject","outgroup","ingroup",,,,"different",0,"Engineering"
"10","113","113s9",9,1,18,2,0,2,2.14285714285714,3.14285714285714,2.71428571428571,2.71428571428571,1,9,0,0,0,0,2,0,0,1,,2257,"victim","N1",0,0,0,0,"Control","Control","Engineering","reject","reject","both_reject","outgroup","outgroup",,,,"same",1,"Engineering"
"10","113","113s9",9,1,18,2,0,2,2.14285714285714,3.14285714285714,2.71428571428571,2.71428571428571,2,9,0,0,0,0,2,0,0,1,,2258,"victim","N2",0,0,0,0,"Control","Control","Engineering","reject","reject","both_reject","outgroup","outgroup",,,,"same",1,"Engineering"
"10","113","113s10",10,1,18,2,0,2,2.14285714285714,3.14285714285714,2.71428571428571,2.71428571428571,1,9,0,0,2,1,2,1,2,0,,2259,"victim","N1",2,1,0,0,"Engineering","Humanities","Engineering","reject","reject","both_reject","ingroup","outgroup",,,,"different",0,"Engineering"
"10","113","113s10",10,1,18,2,0,2,2.14285714285714,3.14285714285714,2.71428571428571,2.71428571428571,2,9,0,0,1,2,2,2,1,0,,2260,"victim","N2",2,1,0,0,"Engineering","Humanities","Engineering","reject","reject","both_reject","ingroup","outgroup",,,,"different",0,"Engineering"
"10","114","114s1",1,1,18,1,0,2,1.28571428571429,2.57142857142857,2.71428571428571,1.57142857142857,1,0,0,0,1,1,2,2,2,1,,2261,"victim","N1",1,1,0,0,"Humanities","Humanities","Engineering","reject","reject","both_reject","outgroup","outgroup",,,,"same",1,"Engineering"
"10","114","114s1",1,1,18,1,0,2,1.28571428571429,2.57142857142857,2.71428571428571,1.57142857142857,2,0,0,0,1,1,2,2,2,1,,2262,"victim","N2",1,1,0,0,"Humanities","Humanities","Engineering","reject","reject","both_reject","outgroup","outgroup",,,,"same",1,"Engineering"
"10","114","114s2",2,1,18,1,0,2,1.28571428571429,2.57142857142857,2.71428571428571,1.57142857142857,1,9,0,1,0,2,2,0,1,0,,2263,"victim","N1",0,2,0,1,"Control","Engineering","Engineering","reject","accept","target_reject_other_accept","outgroup","ingroup",,,,"different",0,"Engineering"
"10","114","114s2",2,1,18,1,0,2,1.28571428571429,2.57142857142857,2.71428571428571,1.57142857142857,2,-9,1,0,2,0,2,1,0,0,,2264,"victim","N2",0,2,0,1,"Control","Engineering","Engineering","accept","reject","target_accept_other_reject","outgroup","ingroup",,,,"different",0,"Engineering"
"10","114","114s3",3,1,18,1,0,2,1.28571428571429,2.57142857142857,2.71428571428571,1.57142857142857,1,9,0,0,1,0,2,2,0,0,,2265,"victim","N1",1,0,0,0,"Humanities","Control","Engineering","reject","reject","both_reject","outgroup","outgroup",,,,"different",0,"Engineering"
"10","114","114s3",3,1,18,1,0,2,1.28571428571429,2.57142857142857,2.71428571428571,1.57142857142857,2,9,0,0,0,1,2,0,2,0,,2266,"victim","N2",1,0,0,0,"Humanities","Control","Engineering","reject","reject","both_reject","outgroup","outgroup",,,,"different",0,"Engineering"
"10","114","114s4",4,1,18,1,0,2,1.28571428571429,2.57142857142857,2.71428571428571,1.57142857142857,1,9,0,0,0,0,2,0,0,1,,2267,"victim","N1",0,0,0,0,"Control","Control","Engineering","reject","reject","both_reject","outgroup","outgroup",,,,"same",1,"Engineering"
"10","114","114s4",4,1,18,1,0,2,1.28571428571429,2.57142857142857,2.71428571428571,1.57142857142857,2,9,0,0,0,0,2,0,0,1,,2268,"victim","N2",0,0,0,0,"Control","Control","Engineering","reject","reject","both_reject","outgroup","outgroup",,,,"same",1,"Engineering"
"10","114","114s5",5,1,18,1,0,2,1.28571428571429,2.57142857142857,2.71428571428571,1.57142857142857,1,-6,1,0,2,2,2,1,1,1,,2269,"victim","N1",2,2,1,0,"Engineering","Engineering","Engineering","accept","reject","target_accept_other_reject","ingroup","ingroup",,,,"same",1,"Engineering"
"10","114","114s5",5,1,18,1,0,2,1.28571428571429,2.57142857142857,2.71428571428571,1.57142857142857,2,8,0,1,2,2,2,1,1,1,,2270,"victim","N2",2,2,1,0,"Engineering","Engineering","Engineering","reject","accept","target_reject_other_accept","ingroup","ingroup",,,,"same",1,"Engineering"
"10","115","115s6",6,1,18,4,1,1,3,2.57142857142857,2.42857142857143,2.57142857142857,1,8,0,1,1,0,1,1,0,0,,2291,"victim","N1",1,0,0,1,"Humanities","Control","Humanities","reject","accept","target_reject_other_accept","ingroup","outgroup",,,,"different",0,"Humanities"
"10","115","115s6",6,1,18,4,1,1,3,2.57142857142857,2.42857142857143,2.57142857142857,2,-8,1,0,0,1,1,0,1,0,,2292,"victim","N2",1,0,0,1,"Humanities","Control","Humanities","accept","reject","target_accept_other_reject","ingroup","outgroup",,,,"different",0,"Humanities"
"10","115","115s7",7,1,18,4,1,1,3,2.57142857142857,2.42857142857143,2.57142857142857,1,9,0,0,1,0,1,1,0,0,,2293,"victim","N1",1,0,0,0,"Humanities","Control","Humanities","reject","reject","both_reject","ingroup","outgroup",,,,"different",0,"Humanities"
"10","115","115s7",7,1,18,4,1,1,3,2.57142857142857,2.42857142857143,2.57142857142857,2,9,0,0,0,1,1,0,1,0,,2294,"victim","N2",1,0,0,0,"Humanities","Control","Humanities","reject","reject","both_reject","ingroup","outgroup",,,,"different",0,"Humanities"
"10","115","115s8",8,1,18,4,1,1,3,2.57142857142857,2.42857142857143,2.57142857142857,1,9,0,1,0,1,1,0,1,0,,2295,"victim","N1",0,1,0,1,"Control","Humanities","Humanities","reject","accept","target_reject_other_accept","outgroup","ingroup",,,,"different",0,"Humanities"
"10","115","115s8",8,1,18,4,1,1,3,2.57142857142857,2.42857142857143,2.57142857142857,2,-8,1,0,1,0,1,1,0,0,,2296,"victim","N2",0,1,0,1,"Control","Humanities","Humanities","accept","reject","target_accept_other_reject","outgroup","ingroup",,,,"different",0,"Humanities"
"10","115","115s9",9,1,18,4,1,1,3,2.57142857142857,2.42857142857143,2.57142857142857,1,-9,1,0,1,0,1,1,0,0,,2297,"victim","N1",1,0,1,0,"Humanities","Control","Humanities","accept","reject","target_accept_other_reject","ingroup","outgroup",,,,"different",0,"Humanities"
"10","115","115s9",9,1,18,4,1,1,3,2.57142857142857,2.42857142857143,2.57142857142857,2,9,0,1,0,1,1,0,1,0,,2298,"victim","N2",1,0,1,0,"Humanities","Control","Humanities","reject","accept","target_reject_other_accept","ingroup","outgroup",,,,"different",0,"Humanities"
"10","115","115s10",10,1,18,4,1,1,3,2.57142857142857,2.42857142857143,2.57142857142857,1,-9,1,1,0,2,1,0,2,0,,2299,"victim","N1",0,2,1,1,"Control","Engineering","Humanities","accept","accept","both_accept","outgroup","outgroup",,,,"different",0,"Humanities"
"10","115","115s10",10,1,18,4,1,1,3,2.57142857142857,2.42857142857143,2.57142857142857,2,-9,1,1,2,0,1,2,0,0,,2300,"victim","N2",0,2,1,1,"Control","Engineering","Humanities","accept","accept","both_accept","outgroup","outgroup",,,,"different",0,"Humanities"
"10","116","116s1",1,1,18,2,1,1,3,2,2.42857142857143,2.85714285714286,1,9,0,0,0,2,1,0,2,0,,2301,"victim","N1",0,2,0,0,"Control","Engineering","Humanities","reject","reject","both_reject","outgroup","outgroup",,,,"different",0,"Humanities"
"10","116","116s1",1,1,18,2,1,1,3,2,2.42857142857143,2.85714285714286,2,9,0,0,2,0,1,2,0,0,,2302,"victim","N2",0,2,0,0,"Control","Engineering","Humanities","reject","reject","both_reject","outgroup","outgroup",,,,"different",0,"Humanities"
"10","116","116s2",2,1,18,2,1,1,3,2,2.42857142857143,2.85714285714286,1,9,0,1,2,1,1,2,1,0,,2303,"victim","N1",2,1,0,1,"Engineering","Humanities","Humanities","reject","accept","target_reject_other_accept","outgroup","ingroup",,,,"different",0,"Humanities"
"10","116","116s2",2,1,18,2,1,1,3,2,2.42857142857143,2.85714285714286,2,0,1,0,1,2,1,1,2,0,,2304,"victim","N2",2,1,0,1,"Engineering","Humanities","Humanities","accept","reject","target_accept_other_reject","outgroup","ingroup",,,,"different",0,"Humanities"
"10","116","116s3",3,1,18,2,1,1,3,2,2.42857142857143,2.85714285714286,1,0,1,0,1,1,1,1,1,1,,2305,"victim","N1",1,1,1,0,"Humanities","Humanities","Humanities","accept","reject","target_accept_other_reject","ingroup","ingroup",,,,"same",1,"Humanities"
"10","116","116s3",3,1,18,2,1,1,3,2,2.42857142857143,2.85714285714286,2,9,0,1,1,1,1,1,1,1,,2306,"victim","N2",1,1,1,0,"Humanities","Humanities","Humanities","reject","accept","target_reject_other_accept","ingroup","ingroup",,,,"same",1,"Humanities"
"10","116","116s4",4,1,18,2,1,1,3,2,2.42857142857143,2.85714285714286,1,-9,1,1,0,0,1,0,0,1,,2307,"victim","N1",0,0,1,1,"Control","Control","Humanities","accept","accept","both_accept","outgroup","outgroup",,,,"same",1,"Humanities"
"10","116","116s4",4,1,18,2,1,1,3,2,2.42857142857143,2.85714285714286,2,-9,1,1,0,0,1,0,0,1,,2308,"victim","N2",0,0,1,1,"Control","Control","Humanities","accept","accept","both_accept","outgroup","outgroup",,,,"same",1,"Humanities"
"10","116","116s5",5,1,18,2,1,1,3,2,2.42857142857143,2.85714285714286,1,-9,1,0,1,0,1,1,0,0,,2309,"victim","N1",1,0,1,0,"Humanities","Control","Humanities","accept","reject","target_accept_other_reject","ingroup","outgroup",,,,"different",0,"Humanities"
"10","116","116s5",5,1,18,2,1,1,3,2,2.42857142857143,2.85714285714286,2,9,0,1,0,1,1,0,1,0,,2310,"victim","N2",1,0,1,0,"Humanities","Control","Humanities","reject","accept","target_reject_other_accept","ingroup","outgroup",,,,"different",0,"Humanities"
"10","117","117s6",6,1,19,3,1,2,2.85714285714286,3,2.42857142857143,3.28571428571429,1,9,0,0,1,1,2,2,2,1,,2331,"victim","N1",1,1,0,0,"Humanities","Humanities","Engineering","reject","reject","both_reject","outgroup","outgroup",,,,"same",1,"Engineering"
"10","117","117s6",6,1,19,3,1,2,2.85714285714286,3,2.42857142857143,3.28571428571429,2,9,0,0,1,1,2,2,2,1,,2332,"victim","N2",1,1,0,0,"Humanities","Humanities","Engineering","reject","reject","both_reject","outgroup","outgroup",,,,"same",1,"Engineering"
"10","117","117s7",7,1,19,3,1,2,2.85714285714286,3,2.42857142857143,3.28571428571429,1,9,0,0,0,2,2,0,1,0,,2333,"victim","N1",0,2,0,0,"Control","Engineering","Engineering","reject","reject","both_reject","outgroup","ingroup",,,,"different",0,"Engineering"
"10","117","117s7",7,1,19,3,1,2,2.85714285714286,3,2.42857142857143,3.28571428571429,2,9,0,0,2,0,2,1,0,0,,2334,"victim","N2",0,2,0,0,"Control","Engineering","Engineering","reject","reject","both_reject","outgroup","ingroup",,,,"different",0,"Engineering"
"10","117","117s8",8,1,19,3,1,2,2.85714285714286,3,2.42857142857143,3.28571428571429,1,-9,1,1,2,2,2,1,1,1,,2335,"victim","N1",2,2,1,1,"Engineering","Engineering","Engineering","accept","accept","both_accept","ingroup","ingroup",,,,"same",1,"Engineering"
"10","117","117s8",8,1,19,3,1,2,2.85714285714286,3,2.42857142857143,3.28571428571429,2,-9,1,1,2,2,2,1,1,1,,2336,"victim","N2",2,2,1,1,"Engineering","Engineering","Engineering","accept","accept","both_accept","ingroup","ingroup",,,,"same",1,"Engineering"
"10","117","117s9",9,1,19,3,1,2,2.85714285714286,3,2.42857142857143,3.28571428571429,1,-9,1,1,2,1,2,1,2,0,,2337,"victim","N1",2,1,1,1,"Engineering","Humanities","Engineering","accept","accept","both_accept","ingroup","outgroup",,,,"different",0,"Engineering"
"10","117","117s9",9,1,19,3,1,2,2.85714285714286,3,2.42857142857143,3.28571428571429,2,-9,1,1,1,2,2,2,1,0,,2338,"victim","N2",2,1,1,1,"Engineering","Humanities","Engineering","accept","accept","both_accept","ingroup","outgroup",,,,"different",0,"Engineering"
"10","117","117s10",10,1,19,3,1,2,2.85714285714286,3,2.42857142857143,3.28571428571429,1,-9,1,0,1,2,2,2,1,0,,2339,"victim","N1",1,2,1,0,"Humanities","Engineering","Engineering","accept","reject","target_accept_other_reject","outgroup","ingroup",,,,"different",0,"Engineering"
"10","117","117s10",10,1,19,3,1,2,2.85714285714286,3,2.42857142857143,3.28571428571429,2,9,0,1,2,1,2,1,2,0,,2340,"victim","N2",1,2,1,0,"Humanities","Engineering","Engineering","reject","accept","target_reject_other_accept","outgroup","ingroup",,,,"different",0,"Engineering"
"10","118","118s1",1,1,19,3,0,2,2.28571428571429,3.14285714285714,3.42857142857143,2,1,8,0,1,2,0,2,1,0,0,,2341,"victim","N1",2,0,0,1,"Engineering","Control","Engineering","reject","accept","target_reject_other_accept","ingroup","outgroup",,,,"different",0,"Engineering"
"10","118","118s1",1,1,19,3,0,2,2.28571428571429,3.14285714285714,3.42857142857143,2,2,5,1,0,0,2,2,0,1,0,,2342,"victim","N2",2,0,0,1,"Engineering","Control","Engineering","accept","reject","target_accept_other_reject","ingroup","outgroup",,,,"different",0,"Engineering"
"10","118","118s2",2,1,19,3,0,2,2.28571428571429,3.14285714285714,3.42857142857143,2,1,9,0,0,2,2,2,1,1,1,,2343,"victim","N1",2,2,0,0,"Engineering","Engineering","Engineering","reject","reject","both_reject","ingroup","ingroup",,,,"same",1,"Engineering"
"10","118","118s2",2,1,19,3,0,2,2.28571428571429,3.14285714285714,3.42857142857143,2,2,9,0,0,2,2,2,1,1,1,,2344,"victim","N2",2,2,0,0,"Engineering","Engineering","Engineering","reject","reject","both_reject","ingroup","ingroup",,,,"same",1,"Engineering"
"10","118","118s3",3,1,19,3,0,2,2.28571428571429,3.14285714285714,3.42857142857143,2,1,5,0,1,0,0,2,0,0,1,,2345,"victim","N1",0,0,0,1,"Control","Control","Engineering","reject","accept","target_reject_other_accept","outgroup","outgroup",,,,"same",1,"Engineering"
"10","118","118s3",3,1,19,3,0,2,2.28571428571429,3.14285714285714,3.42857142857143,2,2,8,1,0,0,0,2,0,0,1,,2346,"victim","N2",0,0,0,1,"Control","Control","Engineering","accept","reject","target_accept_other_reject","outgroup","outgroup",,,,"same",1,"Engineering"
"10","118","118s4",4,1,19,3,0,2,2.28571428571429,3.14285714285714,3.42857142857143,2,1,8,0,1,2,0,2,1,0,0,,2347,"victim","N1",2,0,0,1,"Engineering","Control","Engineering","reject","accept","target_reject_other_accept","ingroup","outgroup",,,,"different",0,"Engineering"
"10","118","118s4",4,1,19,3,0,2,2.28571428571429,3.14285714285714,3.42857142857143,2,2,4,1,0,0,2,2,0,1,0,,2348,"victim","N2",2,0,0,1,"Engineering","Control","Engineering","accept","reject","target_accept_other_reject","ingroup","outgroup",,,,"different",0,"Engineering"
"10","118","118s5",5,1,19,3,0,2,2.28571428571429,3.14285714285714,3.42857142857143,2,1,9,0,0,1,2,2,2,1,0,,2349,"victim","N1",1,2,0,0,"Humanities","Engineering","Engineering","reject","reject","both_reject","outgroup","ingroup",,,,"different",0,"Engineering"
"10","118","118s5",5,1,19,3,0,2,2.28571428571429,3.14285714285714,3.42857142857143,2,2,9,0,0,2,1,2,1,2,0,,2350,"victim","N2",1,2,0,0,"Humanities","Engineering","Engineering","reject","reject","both_reject","outgroup","ingroup",,,,"different",0,"Engineering"
"10","119","119s6",6,1,18,4,0,2,1.71428571428571,2.28571428571429,1.85714285714286,1.28571428571429,1,5,0,1,0,0,2,0,0,1,,2371,"victim","N1",0,0,0,1,"Control","Control","Engineering","reject","accept","target_reject_other_accept","outgroup","outgroup",,,,"same",1,"Engineering"
"10","119","119s6",6,1,18,4,0,2,1.71428571428571,2.28571428571429,1.85714285714286,1.28571428571429,2,-8,1,0,0,0,2,0,0,1,,2372,"victim","N2",0,0,0,1,"Control","Control","Engineering","accept","reject","target_accept_other_reject","outgroup","outgroup",,,,"same",1,"Engineering"
"10","119","119s7",7,1,18,4,0,2,1.71428571428571,2.28571428571429,1.85714285714286,1.28571428571429,1,8,0,1,1,2,2,2,1,0,,2373,"victim","N1",1,2,0,1,"Humanities","Engineering","Engineering","reject","accept","target_reject_other_accept","outgroup","ingroup",,,,"different",0,"Engineering"
"10","119","119s7",7,1,18,4,0,2,1.71428571428571,2.28571428571429,1.85714285714286,1.28571428571429,2,-8,1,0,2,1,2,1,2,0,,2374,"victim","N2",1,2,0,1,"Humanities","Engineering","Engineering","accept","reject","target_accept_other_reject","outgroup","ingroup",,,,"different",0,"Engineering"
"10","119","119s8",8,1,18,4,0,2,1.71428571428571,2.28571428571429,1.85714285714286,1.28571428571429,1,8,0,0,2,2,2,1,1,1,,2375,"victim","N1",2,2,0,0,"Engineering","Engineering","Engineering","reject","reject","both_reject","ingroup","ingroup",,,,"same",1,"Engineering"
"10","119","119s8",8,1,18,4,0,2,1.71428571428571,2.28571428571429,1.85714285714286,1.28571428571429,2,8,0,0,2,2,2,1,1,1,,2376,"victim","N2",2,2,0,0,"Engineering","Engineering","Engineering","reject","reject","both_reject","ingroup","ingroup",,,,"same",1,"Engineering"
"10","119","119s9",9,1,18,4,0,2,1.71428571428571,2.28571428571429,1.85714285714286,1.28571428571429,1,-8,1,1,2,2,2,1,1,1,,2377,"victim","N1",2,2,1,1,"Engineering","Engineering","Engineering","accept","accept","both_accept","ingroup","ingroup",,,,"same",1,"Engineering"
"10","119","119s9",9,1,18,4,0,2,1.71428571428571,2.28571428571429,1.85714285714286,1.28571428571429,2,-8,1,1,2,2,2,1,1,1,,2378,"victim","N2",2,2,1,1,"Engineering","Engineering","Engineering","accept","accept","both_accept","ingroup","ingroup",,,,"same",1,"Engineering"
"10","119","119s10",10,1,18,4,0,2,1.71428571428571,2.28571428571429,1.85714285714286,1.28571428571429,1,-8,1,0,0,0,2,0,0,1,,2379,"victim","N1",0,0,1,0,"Control","Control","Engineering","accept","reject","target_accept_other_reject","outgroup","outgroup",,,,"same",1,"Engineering"
"10","119","119s10",10,1,18,4,0,2,1.71428571428571,2.28571428571429,1.85714285714286,1.28571428571429,2,8,0,1,0,0,2,0,0,1,,2380,"victim","N2",0,0,1,0,"Control","Control","Engineering","reject","accept","target_reject_other_accept","outgroup","outgroup",,,,"same",1,"Engineering"
"10","120","120s1",1,1,21,3,0,2,1.71428571428571,3.14285714285714,2.85714285714286,1.57142857142857,1,-7,1,1,0,1,2,0,2,0,,2381,"victim","N1",0,1,1,1,"Control","Humanities","Engineering","accept","accept","both_accept","outgroup","outgroup",,,,"different",0,"Engineering"
"10","120","120s1",1,1,21,3,0,2,1.71428571428571,3.14285714285714,2.85714285714286,1.57142857142857,2,-7,1,1,1,0,2,2,0,0,,2382,"victim","N2",0,1,1,1,"Control","Humanities","Engineering","accept","accept","both_accept","outgroup","outgroup",,,,"different",0,"Engineering"
"10","120","120s2",2,1,21,3,0,2,1.71428571428571,3.14285714285714,2.85714285714286,1.57142857142857,1,-7,0,1,2,0,2,1,0,0,,2383,"victim","N1",2,0,0,1,"Engineering","Control","Engineering","reject","accept","target_reject_other_accept","ingroup","outgroup",,,,"different",0,"Engineering"
"10","120","120s2",2,1,21,3,0,2,1.71428571428571,3.14285714285714,2.85714285714286,1.57142857142857,2,-7,1,0,0,2,2,0,1,0,,2384,"victim","N2",2,0,0,1,"Engineering","Control","Engineering","accept","reject","target_accept_other_reject","ingroup","outgroup",,,,"different",0,"Engineering"
"10","120","120s3",3,1,21,3,0,2,1.71428571428571,3.14285714285714,2.85714285714286,1.57142857142857,1,9,0,0,1,0,2,2,0,0,,2385,"victim","N1",1,0,0,0,"Humanities","Control","Engineering","reject","reject","both_reject","outgroup","outgroup",,,,"different",0,"Engineering"
"10","120","120s3",3,1,21,3,0,2,1.71428571428571,3.14285714285714,2.85714285714286,1.57142857142857,2,9,0,0,0,1,2,0,2,0,,2386,"victim","N2",1,0,0,0,"Humanities","Control","Engineering","reject","reject","both_reject","outgroup","outgroup",,,,"different",0,"Engineering"
"10","120","120s4",4,1,21,3,0,2,1.71428571428571,3.14285714285714,2.85714285714286,1.57142857142857,1,9,0,1,2,1,2,1,2,0,,2387,"victim","N1",2,1,0,1,"Engineering","Humanities","Engineering","reject","accept","target_reject_other_accept","ingroup","outgroup",,,,"different",0,"Engineering"
"10","120","120s4",4,1,21,3,0,2,1.71428571428571,3.14285714285714,2.85714285714286,1.57142857142857,2,-9,1,0,1,2,2,2,1,0,,2388,"victim","N2",2,1,0,1,"Engineering","Humanities","Engineering","accept","reject","target_accept_other_reject","ingroup","outgroup",,,,"different",0,"Engineering"
"10","120","120s5",5,1,21,3,0,2,1.71428571428571,3.14285714285714,2.85714285714286,1.57142857142857,1,9,0,1,0,0,2,0,0,1,,2389,"victim","N1",0,0,0,1,"Control","Control","Engineering","reject","accept","target_reject_other_accept","outgroup","outgroup",,,,"same",1,"Engineering"
"10","120","120s5",5,1,21,3,0,2,1.71428571428571,3.14285714285714,2.85714285714286,1.57142857142857,2,-9,1,0,0,0,2,0,0,1,,2390,"victim","N2",0,0,0,1,"Control","Control","Engineering","accept","reject","target_accept_other_reject","outgroup","outgroup",,,,"same",1,"Engineering"
"10","121","121s6",6,1,21,3,0,2,1,2.71428571428571,3,1,1,-9,1,1,2,0,2,1,0,0,,2411,"victim","N1",2,0,1,1,"Engineering","Control","Engineering","accept","accept","both_accept","ingroup","outgroup",,,,"different",0,"Engineering"
"10","121","121s6",6,1,21,3,0,2,1,2.71428571428571,3,1,2,-9,1,1,0,2,2,0,1,0,,2412,"victim","N2",2,0,1,1,"Engineering","Control","Engineering","accept","accept","both_accept","ingroup","outgroup",,,,"different",0,"Engineering"
"10","121","121s7",7,1,21,3,0,2,1,2.71428571428571,3,1,1,-9,1,1,1,1,2,2,2,1,,2413,"victim","N1",1,1,1,1,"Humanities","Humanities","Engineering","accept","accept","both_accept","outgroup","outgroup",,,,"same",1,"Engineering"
"10","121","121s7",7,1,21,3,0,2,1,2.71428571428571,3,1,2,-9,1,1,1,1,2,2,2,1,,2414,"victim","N2",1,1,1,1,"Humanities","Humanities","Engineering","accept","accept","both_accept","outgroup","outgroup",,,,"same",1,"Engineering"
"10","121","121s8",8,1,21,3,0,2,1,2.71428571428571,3,1,1,-9,1,0,0,2,2,0,1,0,,2415,"victim","N1",0,2,1,0,"Control","Engineering","Engineering","accept","reject","target_accept_other_reject","outgroup","ingroup",,,,"different",0,"Engineering"
"10","121","121s8",8,1,21,3,0,2,1,2.71428571428571,3,1,2,9,0,1,2,0,2,1,0,0,,2416,"victim","N2",0,2,1,0,"Control","Engineering","Engineering","reject","accept","target_reject_other_accept","outgroup","ingroup",,,,"different",0,"Engineering"
"10","121","121s9",9,1,21,3,0,2,1,2.71428571428571,3,1,1,-9,1,1,0,2,2,0,1,0,,2417,"victim","N1",0,2,1,1,"Control","Engineering","Engineering","accept","accept","both_accept","outgroup","ingroup",,,,"different",0,"Engineering"
"10","121","121s9",9,1,21,3,0,2,1,2.71428571428571,3,1,2,-9,1,1,2,0,2,1,0,0,,2418,"victim","N2",0,2,1,1,"Control","Engineering","Engineering","accept","accept","both_accept","outgroup","ingroup",,,,"different",0,"Engineering"
"10","121","121s10",10,1,21,3,0,2,1,2.71428571428571,3,1,1,9,0,1,1,2,2,2,1,0,,2419,"victim","N1",1,2,0,1,"Humanities","Engineering","Engineering","reject","accept","target_reject_other_accept","outgroup","ingroup",,,,"different",0,"Engineering"
"10","121","121s10",10,1,21,3,0,2,1,2.71428571428571,3,1,2,-9,1,0,2,1,2,1,2,0,,2420,"victim","N2",1,2,0,1,"Humanities","Engineering","Engineering","accept","reject","target_accept_other_reject","outgroup","ingroup",,,,"different",0,"Engineering"
"10","122","122s1",1,1,21,3,0,2,1.85714285714286,3,3.28571428571429,0.285714285714286,1,9,0,0,1,1,2,2,2,1,,2421,"victim","N1",1,1,0,0,"Humanities","Humanities","Engineering","reject","reject","both_reject","outgroup","outgroup",,,,"same",1,"Engineering"
"10","122","122s1",1,1,21,3,0,2,1.85714285714286,3,3.28571428571429,0.285714285714286,2,9,0,0,1,1,2,2,2,1,,2422,"victim","N2",1,1,0,0,"Humanities","Humanities","Engineering","reject","reject","both_reject","outgroup","outgroup",,,,"same",1,"Engineering"
"10","122","122s2",2,1,21,3,0,2,1.85714285714286,3,3.28571428571429,0.285714285714286,1,0,1,1,2,1,2,1,2,0,,2423,"victim","N1",2,1,1,1,"Engineering","Humanities","Engineering","accept","accept","both_accept","ingroup","outgroup",,,,"different",0,"Engineering"
"10","122","122s2",2,1,21,3,0,2,1.85714285714286,3,3.28571428571429,0.285714285714286,2,0,1,1,1,2,2,2,1,0,,2424,"victim","N2",2,1,1,1,"Engineering","Humanities","Engineering","accept","accept","both_accept","ingroup","outgroup",,,,"different",0,"Engineering"
"10","122","122s3",3,1,21,3,0,2,1.85714285714286,3,3.28571428571429,0.285714285714286,1,9,0,0,0,0,2,0,0,1,,2425,"victim","N1",0,0,0,0,"Control","Control","Engineering","reject","reject","both_reject","outgroup","outgroup",,,,"same",1,"Engineering"
"10","122","122s3",3,1,21,3,0,2,1.85714285714286,3,3.28571428571429,0.285714285714286,2,9,0,0,0,0,2,0,0,1,,2426,"victim","N2",0,0,0,0,"Control","Control","Engineering","reject","reject","both_reject","outgroup","outgroup",,,,"same",1,"Engineering"
"10","122","122s4",4,1,21,3,0,2,1.85714285714286,3,3.28571428571429,0.285714285714286,1,9,0,1,1,0,2,2,0,0,,2427,"victim","N1",1,0,0,1,"Humanities","Control","Engineering","reject","accept","target_reject_other_accept","outgroup","outgroup",,,,"different",0,"Engineering"
"10","122","122s4",4,1,21,3,0,2,1.85714285714286,3,3.28571428571429,0.285714285714286,2,0,1,0,0,1,2,0,2,0,,2428,"victim","N2",1,0,0,1,"Humanities","Control","Engineering","accept","reject","target_accept_other_reject","outgroup","outgroup",,,,"different",0,"Engineering"
"10","122","122s5",5,1,21,3,0,2,1.85714285714286,3,3.28571428571429,0.285714285714286,1,9,0,1,2,0,2,1,0,0,,2429,"victim","N1",2,0,0,1,"Engineering","Control","Engineering","reject","accept","target_reject_other_accept","ingroup","outgroup",,,,"different",0,"Engineering"
"10","122","122s5",5,1,21,3,0,2,1.85714285714286,3,3.28571428571429,0.285714285714286,2,0,1,0,0,2,2,0,1,0,,2430,"victim","N2",2,0,0,1,"Engineering","Control","Engineering","accept","reject","target_accept_other_reject","ingroup","outgroup",,,,"different",0,"Engineering"
"10","123","123s1",1,1,24,3,,1,2.57142857142857,3,1.57142857142857,2,1,5,1,1,2,0,1,2,0,0,,2441,"victim","N1",2,0,1,1,"Engineering","Control","Humanities","accept","accept","both_accept","outgroup","outgroup",,,,"different",0,"Humanities"
"10","123","123s1",1,1,24,3,,1,2.57142857142857,3,1.57142857142857,2,2,5,1,1,0,2,1,0,2,0,,2442,"victim","N2",2,0,1,1,"Engineering","Control","Humanities","accept","accept","both_accept","outgroup","outgroup",,,,"different",0,"Humanities"
"10","123","123s2",2,1,24,3,,1,2.57142857142857,3,1.57142857142857,2,1,9,1,1,1,2,1,1,2,0,,2443,"victim","N1",1,2,1,1,"Humanities","Engineering","Humanities","accept","accept","both_accept","ingroup","outgroup",,,,"different",0,"Humanities"
"10","123","123s2",2,1,24,3,,1,2.57142857142857,3,1.57142857142857,2,2,9,1,1,2,1,1,2,1,0,,2444,"victim","N2",1,2,1,1,"Humanities","Engineering","Humanities","accept","accept","both_accept","ingroup","outgroup",,,,"different",0,"Humanities"
"10","123","123s3",3,1,24,3,,1,2.57142857142857,3,1.57142857142857,2,1,9,1,1,0,2,1,0,2,0,,2445,"victim","N1",0,2,1,1,"Control","Engineering","Humanities","accept","accept","both_accept","outgroup","outgroup",,,,"different",0,"Humanities"
"10","123","123s3",3,1,24,3,,1,2.57142857142857,3,1.57142857142857,2,2,9,1,1,2,0,1,2,0,0,,2446,"victim","N2",0,2,1,1,"Control","Engineering","Humanities","accept","accept","both_accept","outgroup","outgroup",,,,"different",0,"Humanities"
"10","123","123s4",4,1,24,3,,1,2.57142857142857,3,1.57142857142857,2,1,9,0,1,1,1,1,1,1,1,,2447,"victim","N1",1,1,0,1,"Humanities","Humanities","Humanities","reject","accept","target_reject_other_accept","ingroup","ingroup",,,,"same",1,"Humanities"
"10","123","123s4",4,1,24,3,,1,2.57142857142857,3,1.57142857142857,2,2,-9,1,0,1,1,1,1,1,1,,2448,"victim","N2",1,1,0,1,"Humanities","Humanities","Humanities","accept","reject","target_accept_other_reject","ingroup","ingroup",,,,"same",1,"Humanities"
"10","123","123s5",5,1,24,3,,1,2.57142857142857,3,1.57142857142857,2,1,9,0,1,0,2,1,0,2,0,,2449,"victim","N1",0,2,0,1,"Control","Engineering","Humanities","reject","accept","target_reject_other_accept","outgroup","outgroup",,,,"different",0,"Humanities"
"10","123","123s5",5,1,24,3,,1,2.57142857142857,3,1.57142857142857,2,2,9,1,0,2,0,1,2,0,0,,2450,"victim","N2",0,2,0,1,"Control","Engineering","Humanities","accept","reject","target_accept_other_reject","outgroup","outgroup",,,,"different",0,"Humanities"
"10","124","124s6",6,1,19,1,0,2,1.42857142857143,1.85714285714286,1.42857142857143,1.85714285714286,1,-3,0,0,1,1,2,2,2,1,,2471,"victim","N1",1,1,0,0,"Humanities","Humanities","Engineering","reject","reject","both_reject","outgroup","outgroup",,,,"same",1,"Engineering"
"10","124","124s6",6,1,19,1,0,2,1.42857142857143,1.85714285714286,1.42857142857143,1.85714285714286,2,2,0,0,1,1,2,2,2,1,,2472,"victim","N2",1,1,0,0,"Humanities","Humanities","Engineering","reject","reject","both_reject","outgroup","outgroup",,,,"same",1,"Engineering"
"10","124","124s7",7,1,19,1,0,2,1.42857142857143,1.85714285714286,1.42857142857143,1.85714285714286,1,-4,0,0,0,2,2,0,1,0,,2473,"victim","N1",0,2,0,0,"Control","Engineering","Engineering","reject","reject","both_reject","outgroup","ingroup",,,,"different",0,"Engineering"
"10","124","124s7",7,1,19,1,0,2,1.42857142857143,1.85714285714286,1.42857142857143,1.85714285714286,2,-3,0,0,2,0,2,1,0,0,,2474,"victim","N2",0,2,0,0,"Control","Engineering","Engineering","reject","reject","both_reject","outgroup","ingroup",,,,"different",0,"Engineering"
"10","124","124s8",8,1,19,1,0,2,1.42857142857143,1.85714285714286,1.42857142857143,1.85714285714286,1,4,0,0,2,1,2,1,2,0,,2475,"victim","N1",2,1,0,0,"Engineering","Humanities","Engineering","reject","reject","both_reject","ingroup","outgroup",,,,"different",0,"Engineering"
"10","124","124s8",8,1,19,1,0,2,1.42857142857143,1.85714285714286,1.42857142857143,1.85714285714286,2,4,0,0,1,2,2,2,1,0,,2476,"victim","N2",2,1,0,0,"Engineering","Humanities","Engineering","reject","reject","both_reject","ingroup","outgroup",,,,"different",0,"Engineering"
"10","124","124s9",9,1,19,1,0,2,1.42857142857143,1.85714285714286,1.42857142857143,1.85714285714286,1,-5,1,0,2,2,2,1,1,1,,2477,"victim","N1",2,2,1,0,"Engineering","Engineering","Engineering","accept","reject","target_accept_other_reject","ingroup","ingroup",,,,"same",1,"Engineering"
"10","124","124s9",9,1,19,1,0,2,1.42857142857143,1.85714285714286,1.42857142857143,1.85714285714286,2,-5,0,1,2,2,2,1,1,1,,2478,"victim","N2",2,2,1,0,"Engineering","Engineering","Engineering","reject","accept","target_reject_other_accept","ingroup","ingroup",,,,"same",1,"Engineering"
"10","124","124s10",10,1,19,1,0,2,1.42857142857143,1.85714285714286,1.42857142857143,1.85714285714286,1,-3,0,1,1,1,2,2,2,1,,2479,"victim","N1",1,1,0,1,"Humanities","Humanities","Engineering","reject","accept","target_reject_other_accept","outgroup","outgroup",,,,"same",1,"Engineering"
"10","124","124s10",10,1,19,1,0,2,1.42857142857143,1.85714285714286,1.42857142857143,1.85714285714286,2,3,1,0,1,1,2,2,2,1,,2480,"victim","N2",1,1,0,1,"Humanities","Humanities","Engineering","accept","reject","target_accept_other_reject","outgroup","outgroup",,,,"same",1,"Engineering"
"10","125","125s6",6,1,21,3,0,2,2.14285714285714,2.57142857142857,3,2,1,0,1,1,0,1,2,0,2,0,,2491,"victim","N1",0,1,1,1,"Control","Humanities","Engineering","accept","accept","both_accept","outgroup","outgroup",,,,"different",0,"Engineering"
"10","125","125s6",6,1,21,3,0,2,2.14285714285714,2.57142857142857,3,2,2,0,1,1,1,0,2,2,0,0,,2492,"victim","N2",0,1,1,1,"Control","Humanities","Engineering","accept","accept","both_accept","outgroup","outgroup",,,,"different",0,"Engineering"
"10","125","125s7",7,1,21,3,0,2,2.14285714285714,2.57142857142857,3,2,1,9,0,0,1,1,2,2,2,1,,2493,"victim","N1",1,1,0,0,"Humanities","Humanities","Engineering","reject","reject","both_reject","outgroup","outgroup",,,,"same",1,"Engineering"
"10","125","125s7",7,1,21,3,0,2,2.14285714285714,2.57142857142857,3,2,2,9,0,0,1,1,2,2,2,1,,2494,"victim","N2",1,1,0,0,"Humanities","Humanities","Engineering","reject","reject","both_reject","outgroup","outgroup",,,,"same",1,"Engineering"
"10","125","125s8",8,1,21,3,0,2,2.14285714285714,2.57142857142857,3,2,1,0,1,1,0,1,2,0,2,0,,2495,"victim","N1",0,1,1,1,"Control","Humanities","Engineering","accept","accept","both_accept","outgroup","outgroup",,,,"different",0,"Engineering"
"10","125","125s8",8,1,21,3,0,2,2.14285714285714,2.57142857142857,3,2,2,0,1,1,1,0,2,2,0,0,,2496,"victim","N2",0,1,1,1,"Control","Humanities","Engineering","accept","accept","both_accept","outgroup","outgroup",,,,"different",0,"Engineering"
"10","125","125s9",9,1,21,3,0,2,2.14285714285714,2.57142857142857,3,2,1,0,1,1,0,0,2,0,0,1,,2497,"victim","N1",0,0,1,1,"Control","Control","Engineering","accept","accept","both_accept","outgroup","outgroup",,,,"same",1,"Engineering"
"10","125","125s9",9,1,21,3,0,2,2.14285714285714,2.57142857142857,3,2,2,0,1,1,0,0,2,0,0,1,,2498,"victim","N2",0,0,1,1,"Control","Control","Engineering","accept","accept","both_accept","outgroup","outgroup",,,,"same",1,"Engineering"
"10","125","125s10",10,1,21,3,0,2,2.14285714285714,2.57142857142857,3,2,1,9,0,0,1,0,2,2,0,0,,2499,"victim","N1",1,0,0,0,"Humanities","Control","Engineering","reject","reject","both_reject","outgroup","outgroup",,,,"different",0,"Engineering"
"10","125","125s10",10,1,21,3,0,2,2.14285714285714,2.57142857142857,3,2,2,9,0,0,0,1,2,0,2,0,,2500,"victim","N2",1,0,0,0,"Humanities","Control","Engineering","reject","reject","both_reject","outgroup","outgroup",,,,"different",0,"Engineering"
"10","126","126s1",1,1,21,2,0,2,2.28571428571429,2,1,1.28571428571429,1,-9,0,1,2,0,2,1,0,0,,2501,"victim","N1",2,0,0,1,"Engineering","Control","Engineering","reject","accept","target_reject_other_accept","ingroup","outgroup",,,,"different",0,"Engineering"
"10","126","126s1",1,1,21,2,0,2,2.28571428571429,2,1,1.28571428571429,2,9,1,0,0,2,2,0,1,0,,2502,"victim","N2",2,0,0,1,"Engineering","Control","Engineering","accept","reject","target_accept_other_reject","ingroup","outgroup",,,,"different",0,"Engineering"
"10","126","126s2",2,1,21,2,0,2,2.28571428571429,2,1,1.28571428571429,1,9,1,0,0,1,2,0,2,0,,2503,"victim","N1",0,1,1,0,"Control","Humanities","Engineering","accept","reject","target_accept_other_reject","outgroup","outgroup",,,,"different",0,"Engineering"
"10","126","126s2",2,1,21,2,0,2,2.28571428571429,2,1,1.28571428571429,2,-9,0,1,1,0,2,2,0,0,,2504,"victim","N2",0,1,1,0,"Control","Humanities","Engineering","reject","accept","target_reject_other_accept","outgroup","outgroup",,,,"different",0,"Engineering"
"10","126","126s3",3,1,21,2,0,2,2.28571428571429,2,1,1.28571428571429,1,-9,1,1,0,1,2,0,2,0,,2505,"victim","N1",0,1,1,1,"Control","Humanities","Engineering","accept","accept","both_accept","outgroup","outgroup",,,,"different",0,"Engineering"
"10","126","126s3",3,1,21,2,0,2,2.28571428571429,2,1,1.28571428571429,2,-9,1,1,1,0,2,2,0,0,,2506,"victim","N2",0,1,1,1,"Control","Humanities","Engineering","accept","accept","both_accept","outgroup","outgroup",,,,"different",0,"Engineering"
"10","126","126s4",4,1,21,2,0,2,2.28571428571429,2,1,1.28571428571429,1,9,0,0,1,0,2,2,0,0,,2507,"victim","N1",1,0,0,0,"Humanities","Control","Engineering","reject","reject","both_reject","outgroup","outgroup",,,,"different",0,"Engineering"
"10","126","126s4",4,1,21,2,0,2,2.28571428571429,2,1,1.28571428571429,2,9,0,0,0,1,2,0,2,0,,2508,"victim","N2",1,0,0,0,"Humanities","Control","Engineering","reject","reject","both_reject","outgroup","outgroup",,,,"different",0,"Engineering"
"10","126","126s5",5,1,21,2,0,2,2.28571428571429,2,1,1.28571428571429,1,9,0,0,0,1,2,0,2,0,,2509,"victim","N1",0,1,0,0,"Control","Humanities","Engineering","reject","reject","both_reject","outgroup","outgroup",,,,"different",0,"Engineering"
"10","126","126s5",5,1,21,2,0,2,2.28571428571429,2,1,1.28571428571429,2,9,0,0,1,0,2,2,0,0,,2510,"victim","N2",0,1,0,0,"Control","Humanities","Engineering","reject","reject","both_reject","outgroup","outgroup",,,,"different",0,"Engineering"
"10","127","127s6",6,1,23,1,0,2,1.71428571428571,2.14285714285714,2.57142857142857,1.14285714285714,1,-4,1,1,0,0,2,0,0,1,,2531,"victim","N1",0,0,1,1,"Control","Control","Engineering","accept","accept","both_accept","outgroup","outgroup",,,,"same",1,"Engineering"
"10","127","127s6",6,1,23,1,0,2,1.71428571428571,2.14285714285714,2.57142857142857,1.14285714285714,2,-4,1,1,0,0,2,0,0,1,,2532,"victim","N2",0,0,1,1,"Control","Control","Engineering","accept","accept","both_accept","outgroup","outgroup",,,,"same",1,"Engineering"
"10","127","127s7",7,1,23,1,0,2,1.71428571428571,2.14285714285714,2.57142857142857,1.14285714285714,1,-4,0,1,1,0,2,2,0,0,,2533,"victim","N1",1,0,0,1,"Humanities","Control","Engineering","reject","accept","target_reject_other_accept","outgroup","outgroup",,,,"different",0,"Engineering"
"10","127","127s7",7,1,23,1,0,2,1.71428571428571,2.14285714285714,2.57142857142857,1.14285714285714,2,-4,1,0,0,1,2,0,2,0,,2534,"victim","N2",1,0,0,1,"Humanities","Control","Engineering","accept","reject","target_accept_other_reject","outgroup","outgroup",,,,"different",0,"Engineering"
"10","127","127s8",8,1,23,1,0,2,1.71428571428571,2.14285714285714,2.57142857142857,1.14285714285714,1,-4,1,0,2,1,2,1,2,0,,2535,"victim","N1",2,1,1,0,"Engineering","Humanities","Engineering","accept","reject","target_accept_other_reject","ingroup","outgroup",,,,"different",0,"Engineering"
"10","127","127s8",8,1,23,1,0,2,1.71428571428571,2.14285714285714,2.57142857142857,1.14285714285714,2,-4,0,1,1,2,2,2,1,0,,2536,"victim","N2",2,1,1,0,"Engineering","Humanities","Engineering","reject","accept","target_reject_other_accept","ingroup","outgroup",,,,"different",0,"Engineering"
"10","127","127s9",9,1,23,1,0,2,1.71428571428571,2.14285714285714,2.57142857142857,1.14285714285714,1,-4,1,0,1,0,2,2,0,0,,2537,"victim","N1",1,0,1,0,"Humanities","Control","Engineering","accept","reject","target_accept_other_reject","outgroup","outgroup",,,,"different",0,"Engineering"
"10","127","127s9",9,1,23,1,0,2,1.71428571428571,2.14285714285714,2.57142857142857,1.14285714285714,2,5,0,1,0,1,2,0,2,0,,2538,"victim","N2",1,0,1,0,"Humanities","Control","Engineering","reject","accept","target_reject_other_accept","outgroup","outgroup",,,,"different",0,"Engineering"
"10","127","127s10",10,1,23,1,0,2,1.71428571428571,2.14285714285714,2.57142857142857,1.14285714285714,1,7,0,0,2,0,2,1,0,0,,2539,"victim","N1",2,0,0,0,"Engineering","Control","Engineering","reject","reject","both_reject","ingroup","outgroup",,,,"different",0,"Engineering"
"10","127","127s10",10,1,23,1,0,2,1.71428571428571,2.14285714285714,2.57142857142857,1.14285714285714,2,7,0,0,0,2,2,0,1,0,,2540,"victim","N2",2,0,0,0,"Engineering","Control","Engineering","reject","reject","both_reject","ingroup","outgroup",,,,"different",0,"Engineering"
"11","128","128s1",1,1,21,1,0,2,1.57142857142857,2,1.42857142857143,2.14285714285714,1,4,1,0,2,1,2,1,2,0,,2541,"victim","N1",2,1,1,0,"Engineering","Humanities","Engineering","accept","reject","target_accept_other_reject","ingroup","outgroup",,,,"different",0,"Engineering"
"11","128","128s1",1,1,21,1,0,2,1.57142857142857,2,1.42857142857143,2.14285714285714,2,-4,0,1,1,2,2,2,1,0,,2542,"victim","N2",2,1,1,0,"Engineering","Humanities","Engineering","reject","accept","target_reject_other_accept","ingroup","outgroup",,,,"different",0,"Engineering"
"11","128","128s2",2,1,21,1,0,2,1.57142857142857,2,1.42857142857143,2.14285714285714,1,-9,1,1,1,1,2,2,2,1,,2543,"victim","N1",1,1,1,1,"Humanities","Humanities","Engineering","accept","accept","both_accept","outgroup","outgroup",,,,"same",1,"Engineering"
"11","128","128s2",2,1,21,1,0,2,1.57142857142857,2,1.42857142857143,2.14285714285714,2,-9,1,1,1,1,2,2,2,1,,2544,"victim","N2",1,1,1,1,"Humanities","Humanities","Engineering","accept","accept","both_accept","outgroup","outgroup",,,,"same",1,"Engineering"
"11","128","128s3",3,1,21,1,0,2,1.57142857142857,2,1.42857142857143,2.14285714285714,1,5,1,1,1,1,2,2,2,1,,2545,"victim","N1",1,1,1,1,"Humanities","Humanities","Engineering","accept","accept","both_accept","outgroup","outgroup",,,,"same",1,"Engineering"
"11","128","128s3",3,1,21,1,0,2,1.57142857142857,2,1.42857142857143,2.14285714285714,2,5,1,1,1,1,2,2,2,1,,2546,"victim","N2",1,1,1,1,"Humanities","Humanities","Engineering","accept","accept","both_accept","outgroup","outgroup",,,,"same",1,"Engineering"
"11","128","128s4",4,1,21,1,0,2,1.57142857142857,2,1.42857142857143,2.14285714285714,1,-4,0,1,1,1,2,2,2,1,,2547,"victim","N1",1,1,0,1,"Humanities","Humanities","Engineering","reject","accept","target_reject_other_accept","outgroup","outgroup",,,,"same",1,"Engineering"
"11","128","128s4",4,1,21,1,0,2,1.57142857142857,2,1.42857142857143,2.14285714285714,2,7,1,0,1,1,2,2,2,1,,2548,"victim","N2",1,1,0,1,"Humanities","Humanities","Engineering","accept","reject","target_accept_other_reject","outgroup","outgroup",,,,"same",1,"Engineering"
"11","128","128s5",5,1,21,1,0,2,1.57142857142857,2,1.42857142857143,2.14285714285714,1,-6,0,1,2,2,2,1,1,1,,2549,"victim","N1",2,2,0,1,"Engineering","Engineering","Engineering","reject","accept","target_reject_other_accept","ingroup","ingroup",,,,"same",1,"Engineering"
"11","128","128s5",5,1,21,1,0,2,1.57142857142857,2,1.42857142857143,2.14285714285714,2,-5,1,0,2,2,2,1,1,1,,2550,"victim","N2",2,2,0,1,"Engineering","Engineering","Engineering","accept","reject","target_accept_other_reject","ingroup","ingroup",,,,"same",1,"Engineering"
"11","129","129s6",6,1,21,3,0,2,0.857142857142857,1.85714285714286,1.85714285714286,0.857142857142857,1,-9,1,0,1,2,2,2,1,0,,2571,"victim","N1",1,2,1,0,"Humanities","Engineering","Engineering","accept","reject","target_accept_other_reject","outgroup","ingroup",,,,"different",0,"Engineering"
"11","129","129s6",6,1,21,3,0,2,0.857142857142857,1.85714285714286,1.85714285714286,0.857142857142857,2,9,0,1,2,1,2,1,2,0,,2572,"victim","N2",1,2,1,0,"Humanities","Engineering","Engineering","reject","accept","target_reject_other_accept","outgroup","ingroup",,,,"different",0,"Engineering"
"11","129","129s7",7,1,21,3,0,2,0.857142857142857,1.85714285714286,1.85714285714286,0.857142857142857,1,-9,1,0,0,1,2,0,2,0,,2573,"victim","N1",0,1,1,0,"Control","Humanities","Engineering","accept","reject","target_accept_other_reject","outgroup","outgroup",,,,"different",0,"Engineering"
"11","129","129s7",7,1,21,3,0,2,0.857142857142857,1.85714285714286,1.85714285714286,0.857142857142857,2,9,0,1,1,0,2,2,0,0,,2574,"victim","N2",0,1,1,0,"Control","Humanities","Engineering","reject","accept","target_reject_other_accept","outgroup","outgroup",,,,"different",0,"Engineering"
"11","129","129s8",8,1,21,3,0,2,0.857142857142857,1.85714285714286,1.85714285714286,0.857142857142857,1,9,0,0,0,2,2,0,1,0,,2575,"victim","N1",0,2,0,0,"Control","Engineering","Engineering","reject","reject","both_reject","outgroup","ingroup",,,,"different",0,"Engineering"
"11","129","129s8",8,1,21,3,0,2,0.857142857142857,1.85714285714286,1.85714285714286,0.857142857142857,2,9,0,0,2,0,2,1,0,0,,2576,"victim","N2",0,2,0,0,"Control","Engineering","Engineering","reject","reject","both_reject","outgroup","ingroup",,,,"different",0,"Engineering"
"11","129","129s9",9,1,21,3,0,2,0.857142857142857,1.85714285714286,1.85714285714286,0.857142857142857,1,-9,1,1,1,2,2,2,1,0,,2577,"victim","N1",1,2,1,1,"Humanities","Engineering","Engineering","accept","accept","both_accept","outgroup","ingroup",,,,"different",0,"Engineering"
"11","129","129s9",9,1,21,3,0,2,0.857142857142857,1.85714285714286,1.85714285714286,0.857142857142857,2,-9,1,1,2,1,2,1,2,0,,2578,"victim","N2",1,2,1,1,"Humanities","Engineering","Engineering","accept","accept","both_accept","outgroup","ingroup",,,,"different",0,"Engineering"
"11","129","129s10",10,1,21,3,0,2,0.857142857142857,1.85714285714286,1.85714285714286,0.857142857142857,1,9,0,1,0,2,2,0,1,0,,2579,"victim","N1",0,2,0,1,"Control","Engineering","Engineering","reject","accept","target_reject_other_accept","outgroup","ingroup",,,,"different",0,"Engineering"
"11","129","129s10",10,1,21,3,0,2,0.857142857142857,1.85714285714286,1.85714285714286,0.857142857142857,2,-9,1,0,2,0,2,1,0,0,,2580,"victim","N2",0,2,0,1,"Control","Engineering","Engineering","accept","reject","target_accept_other_reject","outgroup","ingroup",,,,"different",0,"Engineering"
"11","130","130s1",1,1,19,2,0,2,1.57142857142857,2.28571428571429,3,0.857142857142857,1,5,0,1,2,1,2,1,2,0,,2581,"victim","N1",2,1,0,1,"Engineering","Humanities","Engineering","reject","accept","target_reject_other_accept","ingroup","outgroup",,,,"different",0,"Engineering"
"11","130","130s1",1,1,19,2,0,2,1.57142857142857,2.28571428571429,3,0.857142857142857,2,-3,1,0,1,2,2,2,1,0,,2582,"victim","N2",2,1,0,1,"Engineering","Humanities","Engineering","accept","reject","target_accept_other_reject","ingroup","outgroup",,,,"different",0,"Engineering"
"11","130","130s2",2,1,19,2,0,2,1.57142857142857,2.28571428571429,3,0.857142857142857,1,-5,1,1,1,0,2,2,0,0,,2583,"victim","N1",1,0,1,1,"Humanities","Control","Engineering","accept","accept","both_accept","outgroup","outgroup",,,,"different",0,"Engineering"
"11","130","130s2",2,1,19,2,0,2,1.57142857142857,2.28571428571429,3,0.857142857142857,2,-5,1,1,0,1,2,0,2,0,,2584,"victim","N2",1,0,1,1,"Humanities","Control","Engineering","accept","accept","both_accept","outgroup","outgroup",,,,"different",0,"Engineering"
"11","130","130s3",3,1,19,2,0,2,1.57142857142857,2.28571428571429,3,0.857142857142857,1,-4,1,0,2,0,2,1,0,0,,2585,"victim","N1",2,0,1,0,"Engineering","Control","Engineering","accept","reject","target_accept_other_reject","ingroup","outgroup",,,,"different",0,"Engineering"
"11","130","130s3",3,1,19,2,0,2,1.57142857142857,2.28571428571429,3,0.857142857142857,2,6,0,1,0,2,2,0,1,0,,2586,"victim","N2",2,0,1,0,"Engineering","Control","Engineering","reject","accept","target_reject_other_accept","ingroup","outgroup",,,,"different",0,"Engineering"
"11","130","130s4",4,1,19,2,0,2,1.57142857142857,2.28571428571429,3,0.857142857142857,1,-9,1,0,2,2,2,1,1,1,,2587,"victim","N1",2,2,1,0,"Engineering","Engineering","Engineering","accept","reject","target_accept_other_reject","ingroup","ingroup",,,,"same",1,"Engineering"
"11","130","130s4",4,1,19,2,0,2,1.57142857142857,2.28571428571429,3,0.857142857142857,2,9,0,1,2,2,2,1,1,1,,2588,"victim","N2",2,2,1,0,"Engineering","Engineering","Engineering","reject","accept","target_reject_other_accept","ingroup","ingroup",,,,"same",1,"Engineering"
"11","130","130s5",5,1,19,2,0,2,1.57142857142857,2.28571428571429,3,0.857142857142857,1,7,0,1,2,0,2,1,0,0,,2589,"victim","N1",2,0,0,1,"Engineering","Control","Engineering","reject","accept","target_reject_other_accept","ingroup","outgroup",,,,"different",0,"Engineering"
"11","130","130s5",5,1,19,2,0,2,1.57142857142857,2.28571428571429,3,0.857142857142857,2,-4,1,0,0,2,2,0,1,0,,2590,"victim","N2",2,0,0,1,"Engineering","Control","Engineering","accept","reject","target_accept_other_reject","ingroup","outgroup",,,,"different",0,"Engineering"
"11","131","131s6",6,1,20,2,0,1,1.28571428571429,2,2.42857142857143,1,1,0,0,1,1,0,1,1,0,0,,2611,"victim","N1",1,0,0,1,"Humanities","Control","Humanities","reject","accept","target_reject_other_accept","ingroup","outgroup",,,,"different",0,"Humanities"
"11","131","131s6",6,1,20,2,0,1,1.28571428571429,2,2.42857142857143,1,2,0,1,0,0,1,1,0,1,0,,2612,"victim","N2",1,0,0,1,"Humanities","Control","Humanities","accept","reject","target_accept_other_reject","ingroup","outgroup",,,,"different",0,"Humanities"
"11","131","131s7",7,1,20,2,0,1,1.28571428571429,2,2.42857142857143,1,1,-5,1,0,1,1,1,1,1,1,,2613,"victim","N1",1,1,1,0,"Humanities","Humanities","Humanities","accept","reject","target_accept_other_reject","ingroup","ingroup",,,,"same",1,"Humanities"
"11","131","131s7",7,1,20,2,0,1,1.28571428571429,2,2.42857142857143,1,2,-5,0,1,1,1,1,1,1,1,,2614,"victim","N2",1,1,1,0,"Humanities","Humanities","Humanities","reject","accept","target_reject_other_accept","ingroup","ingroup",,,,"same",1,"Humanities"
"11","131","131s8",8,1,20,2,0,1,1.28571428571429,2,2.42857142857143,1,1,0,1,1,1,2,1,1,2,0,,2615,"victim","N1",1,2,1,1,"Humanities","Engineering","Humanities","accept","accept","both_accept","ingroup","outgroup",,,,"different",0,"Humanities"
"11","131","131s8",8,1,20,2,0,1,1.28571428571429,2,2.42857142857143,1,2,0,1,1,2,1,1,2,1,0,,2616,"victim","N2",1,2,1,1,"Humanities","Engineering","Humanities","accept","accept","both_accept","ingroup","outgroup",,,,"different",0,"Humanities"
"11","131","131s9",9,1,20,2,0,1,1.28571428571429,2,2.42857142857143,1,1,5,0,0,1,0,1,1,0,0,,2617,"victim","N1",1,0,0,0,"Humanities","Control","Humanities","reject","reject","both_reject","ingroup","outgroup",,,,"different",0,"Humanities"
"11","131","131s9",9,1,20,2,0,1,1.28571428571429,2,2.42857142857143,1,2,5,0,0,0,1,1,0,1,0,,2618,"victim","N2",1,0,0,0,"Humanities","Control","Humanities","reject","reject","both_reject","ingroup","outgroup",,,,"different",0,"Humanities"
"11","131","131s10",10,1,20,2,0,1,1.28571428571429,2,2.42857142857143,1,1,0,1,0,2,0,1,2,0,0,,2619,"victim","N1",2,0,1,0,"Engineering","Control","Humanities","accept","reject","target_accept_other_reject","outgroup","outgroup",,,,"different",0,"Humanities"
"11","131","131s10",10,1,20,2,0,1,1.28571428571429,2,2.42857142857143,1,2,0,0,1,0,2,1,0,2,0,,2620,"victim","N2",2,0,1,0,"Engineering","Control","Humanities","reject","accept","target_reject_other_accept","outgroup","outgroup",,,,"different",0,"Humanities"
"11","132","132s1",1,1,18,2,1,2,2.14285714285714,3.14285714285714,2,2.42857142857143,1,0,1,1,2,0,2,1,0,0,,2621,"victim","N1",2,0,1,1,"Engineering","Control","Engineering","accept","accept","both_accept","ingroup","outgroup",,,,"different",0,"Engineering"
"11","132","132s1",1,1,18,2,1,2,2.14285714285714,3.14285714285714,2,2.42857142857143,2,0,1,1,0,2,2,0,1,0,,2622,"victim","N2",2,0,1,1,"Engineering","Control","Engineering","accept","accept","both_accept","ingroup","outgroup",,,,"different",0,"Engineering"
"11","132","132s2",2,1,18,2,1,2,2.14285714285714,3.14285714285714,2,2.42857142857143,1,0,0,1,0,0,2,0,0,1,,2623,"victim","N1",0,0,0,1,"Control","Control","Engineering","reject","accept","target_reject_other_accept","outgroup","outgroup",,,,"same",1,"Engineering"
"11","132","132s2",2,1,18,2,1,2,2.14285714285714,3.14285714285714,2,2.42857142857143,2,-9,1,0,0,0,2,0,0,1,,2624,"victim","N2",0,0,0,1,"Control","Control","Engineering","accept","reject","target_accept_other_reject","outgroup","outgroup",,,,"same",1,"Engineering"
"11","132","132s3",3,1,18,2,1,2,2.14285714285714,3.14285714285714,2,2.42857142857143,1,-9,1,0,2,1,2,1,2,0,,2625,"victim","N1",2,1,1,0,"Engineering","Humanities","Engineering","accept","reject","target_accept_other_reject","ingroup","outgroup",,,,"different",0,"Engineering"
"11","132","132s3",3,1,18,2,1,2,2.14285714285714,3.14285714285714,2,2.42857142857143,2,9,0,1,1,2,2,2,1,0,,2626,"victim","N2",2,1,1,0,"Engineering","Humanities","Engineering","reject","accept","target_reject_other_accept","ingroup","outgroup",,,,"different",0,"Engineering"
"11","132","132s4",4,1,18,2,1,2,2.14285714285714,3.14285714285714,2,2.42857142857143,1,-9,1,1,2,0,2,1,0,0,,2627,"victim","N1",2,0,1,1,"Engineering","Control","Engineering","accept","accept","both_accept","ingroup","outgroup",,,,"different",0,"Engineering"
"11","132","132s4",4,1,18,2,1,2,2.14285714285714,3.14285714285714,2,2.42857142857143,2,-9,1,1,0,2,2,0,1,0,,2628,"victim","N2",2,0,1,1,"Engineering","Control","Engineering","accept","accept","both_accept","ingroup","outgroup",,,,"different",0,"Engineering"
"11","132","132s5",5,1,18,2,1,2,2.14285714285714,3.14285714285714,2,2.42857142857143,1,-9,1,0,2,0,2,1,0,0,,2629,"victim","N1",2,0,1,0,"Engineering","Control","Engineering","accept","reject","target_accept_other_reject","ingroup","outgroup",,,,"different",0,"Engineering"
"11","132","132s5",5,1,18,2,1,2,2.14285714285714,3.14285714285714,2,2.42857142857143,2,0,0,1,0,2,2,0,1,0,,2630,"victim","N2",2,0,1,0,"Engineering","Control","Engineering","reject","accept","target_reject_other_accept","ingroup","outgroup",,,,"different",0,"Engineering"
"11","133","133s1",1,1,21,1,0,1,1,2.28571428571429,3.14285714285714,0.571428571428571,1,-4,1,0,2,1,1,2,1,0,,2641,"victim","N1",2,1,1,0,"Engineering","Humanities","Humanities","accept","reject","target_accept_other_reject","outgroup","ingroup",,,,"different",0,"Humanities"
"11","133","133s1",1,1,21,1,0,1,1,2.28571428571429,3.14285714285714,0.571428571428571,2,8,0,1,1,2,1,1,2,0,,2642,"victim","N2",2,1,1,0,"Engineering","Humanities","Humanities","reject","accept","target_reject_other_accept","outgroup","ingroup",,,,"different",0,"Humanities"
"11","133","133s2",2,1,21,1,0,1,1,2.28571428571429,3.14285714285714,0.571428571428571,1,7,0,1,0,0,1,0,0,1,,2643,"victim","N1",0,0,0,1,"Control","Control","Humanities","reject","accept","target_reject_other_accept","outgroup","outgroup",,,,"same",1,"Humanities"
"11","133","133s2",2,1,21,1,0,1,1,2.28571428571429,3.14285714285714,0.571428571428571,2,-7,1,0,0,0,1,0,0,1,,2644,"victim","N2",0,0,0,1,"Control","Control","Humanities","accept","reject","target_accept_other_reject","outgroup","outgroup",,,,"same",1,"Humanities"
"11","133","133s3",3,1,21,1,0,1,1,2.28571428571429,3.14285714285714,0.571428571428571,1,0,1,1,1,1,1,1,1,1,,2645,"victim","N1",1,1,1,1,"Humanities","Humanities","Humanities","accept","accept","both_accept","ingroup","ingroup",,,,"same",1,"Humanities"
"11","133","133s3",3,1,21,1,0,1,1,2.28571428571429,3.14285714285714,0.571428571428571,2,0,1,1,1,1,1,1,1,1,,2646,"victim","N2",1,1,1,1,"Humanities","Humanities","Humanities","accept","accept","both_accept","ingroup","ingroup",,,,"same",1,"Humanities"
"11","133","133s4",4,1,21,1,0,1,1,2.28571428571429,3.14285714285714,0.571428571428571,1,5,0,0,1,0,1,1,0,0,,2647,"victim","N1",1,0,0,0,"Humanities","Control","Humanities","reject","reject","both_reject","ingroup","outgroup",,,,"different",0,"Humanities"
"11","133","133s4",4,1,21,1,0,1,1,2.28571428571429,3.14285714285714,0.571428571428571,2,5,0,0,0,1,1,0,1,0,,2648,"victim","N2",1,0,0,0,"Humanities","Control","Humanities","reject","reject","both_reject","ingroup","outgroup",,,,"different",0,"Humanities"
"11","133","133s5",5,1,21,1,0,1,1,2.28571428571429,3.14285714285714,0.571428571428571,1,-6,1,0,2,2,1,2,2,1,,2649,"victim","N1",2,2,1,0,"Engineering","Engineering","Humanities","accept","reject","target_accept_other_reject","outgroup","outgroup",,,,"same",1,"Humanities"
"11","133","133s5",5,1,21,1,0,1,1,2.28571428571429,3.14285714285714,0.571428571428571,2,5,0,1,2,2,1,2,2,1,,2650,"victim","N2",2,2,1,0,"Engineering","Engineering","Humanities","reject","accept","target_reject_other_accept","outgroup","outgroup",,,,"same",1,"Humanities"
"11","134","134s6",6,1,21,4,0,2,1.57142857142857,3.14285714285714,3.71428571428571,1.85714285714286,1,9,0,0,2,0,2,1,0,0,,2671,"victim","N1",2,0,0,0,"Engineering","Control","Engineering","reject","reject","both_reject","ingroup","outgroup",,,,"different",0,"Engineering"
"11","134","134s6",6,1,21,4,0,2,1.57142857142857,3.14285714285714,3.71428571428571,1.85714285714286,2,9,0,0,0,2,2,0,1,0,,2672,"victim","N2",2,0,0,0,"Engineering","Control","Engineering","reject","reject","both_reject","ingroup","outgroup",,,,"different",0,"Engineering"
"11","134","134s7",7,1,21,4,0,2,1.57142857142857,3.14285714285714,3.71428571428571,1.85714285714286,1,9,0,1,2,2,2,1,1,1,,2673,"victim","N1",2,2,0,1,"Engineering","Engineering","Engineering","reject","accept","target_reject_other_accept","ingroup","ingroup",,,,"same",1,"Engineering"
"11","134","134s7",7,1,21,4,0,2,1.57142857142857,3.14285714285714,3.71428571428571,1.85714285714286,2,-9,1,0,2,2,2,1,1,1,,2674,"victim","N2",2,2,0,1,"Engineering","Engineering","Engineering","accept","reject","target_accept_other_reject","ingroup","ingroup",,,,"same",1,"Engineering"
"11","134","134s8",8,1,21,4,0,2,1.57142857142857,3.14285714285714,3.71428571428571,1.85714285714286,1,-9,1,0,0,0,2,0,0,1,,2675,"victim","N1",0,0,1,0,"Control","Control","Engineering","accept","reject","target_accept_other_reject","outgroup","outgroup",,,,"same",1,"Engineering"
"11","134","134s8",8,1,21,4,0,2,1.57142857142857,3.14285714285714,3.71428571428571,1.85714285714286,2,9,0,1,0,0,2,0,0,1,,2676,"victim","N2",0,0,1,0,"Control","Control","Engineering","reject","accept","target_reject_other_accept","outgroup","outgroup",,,,"same",1,"Engineering"
"11","134","134s9",9,1,21,4,0,2,1.57142857142857,3.14285714285714,3.71428571428571,1.85714285714286,1,-9,1,0,2,0,2,1,0,0,,2677,"victim","N1",2,0,1,0,"Engineering","Control","Engineering","accept","reject","target_accept_other_reject","ingroup","outgroup",,,,"different",0,"Engineering"
"11","134","134s9",9,1,21,4,0,2,1.57142857142857,3.14285714285714,3.71428571428571,1.85714285714286,2,9,0,1,0,2,2,0,1,0,,2678,"victim","N2",2,0,1,0,"Engineering","Control","Engineering","reject","accept","target_reject_other_accept","ingroup","outgroup",,,,"different",0,"Engineering"
"11","134","134s10",10,1,21,4,0,2,1.57142857142857,3.14285714285714,3.71428571428571,1.85714285714286,1,-9,1,1,1,2,2,2,1,0,,2679,"victim","N1",1,2,1,1,"Humanities","Engineering","Engineering","accept","accept","both_accept","outgroup","ingroup",,,,"different",0,"Engineering"
"11","134","134s10",10,1,21,4,0,2,1.57142857142857,3.14285714285714,3.71428571428571,1.85714285714286,2,-9,1,1,2,1,2,1,2,0,,2680,"victim","N2",1,2,1,1,"Humanities","Engineering","Engineering","accept","accept","both_accept","outgroup","ingroup",,,,"different",0,"Engineering"
"11","135","135s6",6,1,21,3,1,2,2.28571428571429,3.42857142857143,2.28571428571429,2,1,6,0,1,1,1,2,2,2,1,,2691,"victim","N1",1,1,0,1,"Humanities","Humanities","Engineering","reject","accept","target_reject_other_accept","outgroup","outgroup",,,,"same",1,"Engineering"
"11","135","135s6",6,1,21,3,1,2,2.28571428571429,3.42857142857143,2.28571428571429,2,2,2,1,0,1,1,2,2,2,1,,2692,"victim","N2",1,1,0,1,"Humanities","Humanities","Engineering","accept","reject","target_accept_other_reject","outgroup","outgroup",,,,"same",1,"Engineering"
"11","135","135s7",7,1,21,3,1,2,2.28571428571429,3.42857142857143,2.28571428571429,2,1,-1,1,0,1,0,2,2,0,0,,2693,"victim","N1",1,0,1,0,"Humanities","Control","Engineering","accept","reject","target_accept_other_reject","outgroup","outgroup",,,,"different",0,"Engineering"
"11","135","135s7",7,1,21,3,1,2,2.28571428571429,3.42857142857143,2.28571428571429,2,2,6,0,1,0,1,2,0,2,0,,2694,"victim","N2",1,0,1,0,"Humanities","Control","Engineering","reject","accept","target_reject_other_accept","outgroup","outgroup",,,,"different",0,"Engineering"
"11","135","135s8",8,1,21,3,1,2,2.28571428571429,3.42857142857143,2.28571428571429,2,1,1,1,0,2,2,2,1,1,1,,2695,"victim","N1",2,2,1,0,"Engineering","Engineering","Engineering","accept","reject","target_accept_other_reject","ingroup","ingroup",,,,"same",1,"Engineering"
"11","135","135s8",8,1,21,3,1,2,2.28571428571429,3.42857142857143,2.28571428571429,2,2,4,0,1,2,2,2,1,1,1,,2696,"victim","N2",2,2,1,0,"Engineering","Engineering","Engineering","reject","accept","target_reject_other_accept","ingroup","ingroup",,,,"same",1,"Engineering"
"11","135","135s9",9,1,21,3,1,2,2.28571428571429,3.42857142857143,2.28571428571429,2,1,-3,1,1,1,0,2,2,0,0,,2697,"victim","N1",1,0,1,1,"Humanities","Control","Engineering","accept","accept","both_accept","outgroup","outgroup",,,,"different",0,"Engineering"
"11","135","135s9",9,1,21,3,1,2,2.28571428571429,3.42857142857143,2.28571428571429,2,2,-3,1,1,0,1,2,0,2,0,,2698,"victim","N2",1,0,1,1,"Humanities","Control","Engineering","accept","accept","both_accept","outgroup","outgroup",,,,"different",0,"Engineering"
"11","135","135s10",10,1,21,3,1,2,2.28571428571429,3.42857142857143,2.28571428571429,2,1,1,0,0,1,0,2,2,0,0,,2699,"victim","N1",1,0,0,0,"Humanities","Control","Engineering","reject","reject","both_reject","outgroup","outgroup",,,,"different",0,"Engineering"
"11","135","135s10",10,1,21,3,1,2,2.28571428571429,3.42857142857143,2.28571428571429,2,2,1,0,0,0,1,2,0,2,0,,2700,"victim","N2",1,0,0,0,"Humanities","Control","Engineering","reject","reject","both_reject","outgroup","outgroup",,,,"different",0,"Engineering"
"11","136","136s1",1,1,18,2,0,1,1.57142857142857,2,2,1.57142857142857,1,-1,1,0,2,1,1,2,1,0,,2701,"victim","N1",2,1,1,0,"Engineering","Humanities","Humanities","accept","reject","target_accept_other_reject","outgroup","ingroup",,,,"different",0,"Humanities"
"11","136","136s1",1,1,18,2,0,1,1.57142857142857,2,2,1.57142857142857,2,3,0,1,1,2,1,1,2,0,,2702,"victim","N2",2,1,1,0,"Engineering","Humanities","Humanities","reject","accept","target_reject_other_accept","outgroup","ingroup",,,,"different",0,"Humanities"
"11","136","136s2",2,1,18,2,0,1,1.57142857142857,2,2,1.57142857142857,1,-7,1,1,2,0,1,2,0,0,,2703,"victim","N1",2,0,1,1,"Engineering","Control","Humanities","accept","accept","both_accept","outgroup","outgroup",,,,"different",0,"Humanities"
"11","136","136s2",2,1,18,2,0,1,1.57142857142857,2,2,1.57142857142857,2,-7,1,1,0,2,1,0,2,0,,2704,"victim","N2",2,0,1,1,"Engineering","Control","Humanities","accept","accept","both_accept","outgroup","outgroup",,,,"different",0,"Humanities"
"11","136","136s3",3,1,18,2,0,1,1.57142857142857,2,2,1.57142857142857,1,-6,1,1,0,2,1,0,2,0,,2705,"victim","N1",0,2,1,1,"Control","Engineering","Humanities","accept","accept","both_accept","outgroup","outgroup",,,,"different",0,"Humanities"
"11","136","136s3",3,1,18,2,0,1,1.57142857142857,2,2,1.57142857142857,2,-6,1,1,2,0,1,2,0,0,,2706,"victim","N2",0,2,1,1,"Control","Engineering","Humanities","accept","accept","both_accept","outgroup","outgroup",,,,"different",0,"Humanities"
"11","136","136s4",4,1,18,2,0,1,1.57142857142857,2,2,1.57142857142857,1,6,0,0,2,1,1,2,1,0,,2707,"victim","N1",2,1,0,0,"Engineering","Humanities","Humanities","reject","reject","both_reject","outgroup","ingroup",,,,"different",0,"Humanities"
"11","136","136s4",4,1,18,2,0,1,1.57142857142857,2,2,1.57142857142857,2,6,0,0,1,2,1,1,2,0,,2708,"victim","N2",2,1,0,0,"Engineering","Humanities","Humanities","reject","reject","both_reject","outgroup","ingroup",,,,"different",0,"Humanities"
"11","136","136s5",5,1,18,2,0,1,1.57142857142857,2,2,1.57142857142857,1,-6,1,0,1,1,1,1,1,1,,2709,"victim","N1",1,1,1,0,"Humanities","Humanities","Humanities","accept","reject","target_accept_other_reject","ingroup","ingroup",,,,"same",1,"Humanities"
"11","136","136s5",5,1,18,2,0,1,1.57142857142857,2,2,1.57142857142857,2,6,0,1,1,1,1,1,1,1,,2710,"victim","N2",1,1,1,0,"Humanities","Humanities","Humanities","reject","accept","target_reject_other_accept","ingroup","ingroup",,,,"same",1,"Humanities"
"11","137","137s1",1,1,20,4,1,2,1.42857142857143,2.85714285714286,2.71428571428571,2.14285714285714,1,4,0,1,0,1,2,0,2,0,,2721,"victim","N1",0,1,0,1,"Control","Humanities","Engineering","reject","accept","target_reject_other_accept","outgroup","outgroup",,,,"different",0,"Engineering"
"11","137","137s1",1,1,20,4,1,2,1.42857142857143,2.85714285714286,2.71428571428571,2.14285714285714,2,-3,1,0,1,0,2,2,0,0,,2722,"victim","N2",0,1,0,1,"Control","Humanities","Engineering","accept","reject","target_accept_other_reject","outgroup","outgroup",,,,"different",0,"Engineering"
"11","137","137s2",2,1,20,4,1,2,1.42857142857143,2.85714285714286,2.71428571428571,2.14285714285714,1,-5,1,0,0,1,2,0,2,0,,2723,"victim","N1",0,1,1,0,"Control","Humanities","Engineering","accept","reject","target_accept_other_reject","outgroup","outgroup",,,,"different",0,"Engineering"
"11","137","137s2",2,1,20,4,1,2,1.42857142857143,2.85714285714286,2.71428571428571,2.14285714285714,2,2,0,1,1,0,2,2,0,0,,2724,"victim","N2",0,1,1,0,"Control","Humanities","Engineering","reject","accept","target_reject_other_accept","outgroup","outgroup",,,,"different",0,"Engineering"
"11","137","137s3",3,1,20,4,1,2,1.42857142857143,2.85714285714286,2.71428571428571,2.14285714285714,1,4,0,0,0,0,2,0,0,1,,2725,"victim","N1",0,0,0,0,"Control","Control","Engineering","reject","reject","both_reject","outgroup","outgroup",,,,"same",1,"Engineering"
"11","137","137s3",3,1,20,4,1,2,1.42857142857143,2.85714285714286,2.71428571428571,2.14285714285714,2,4,0,0,0,0,2,0,0,1,,2726,"victim","N2",0,0,0,0,"Control","Control","Engineering","reject","reject","both_reject","outgroup","outgroup",,,,"same",1,"Engineering"
"11","137","137s4",4,1,20,4,1,2,1.42857142857143,2.85714285714286,2.71428571428571,2.14285714285714,1,-7,1,1,1,2,2,2,1,0,,2727,"victim","N1",1,2,1,1,"Humanities","Engineering","Engineering","accept","accept","both_accept","outgroup","ingroup",,,,"different",0,"Engineering"
"11","137","137s4",4,1,20,4,1,2,1.42857142857143,2.85714285714286,2.71428571428571,2.14285714285714,2,-7,1,1,2,1,2,1,2,0,,2728,"victim","N2",1,2,1,1,"Humanities","Engineering","Engineering","accept","accept","both_accept","outgroup","ingroup",,,,"different",0,"Engineering"
"11","137","137s5",5,1,20,4,1,2,1.42857142857143,2.85714285714286,2.71428571428571,2.14285714285714,1,3,0,1,0,1,2,0,2,0,,2729,"victim","N1",0,1,0,1,"Control","Humanities","Engineering","reject","accept","target_reject_other_accept","outgroup","outgroup",,,,"different",0,"Engineering"
"11","137","137s5",5,1,20,4,1,2,1.42857142857143,2.85714285714286,2.71428571428571,2.14285714285714,2,-5,1,0,1,0,2,2,0,0,,2730,"victim","N2",0,1,0,1,"Control","Humanities","Engineering","accept","reject","target_accept_other_reject","outgroup","outgroup",,,,"different",0,"Engineering"
"11","138","138s1",1,1,21,2,1,2,1.42857142857143,2.28571428571429,3.14285714285714,2.71428571428571,1,-6,1,1,1,2,2,2,1,0,,2741,"victim","N1",1,2,1,1,"Humanities","Engineering","Engineering","accept","accept","both_accept","outgroup","ingroup",,,,"different",0,"Engineering"
"11","138","138s1",1,1,21,2,1,2,1.42857142857143,2.28571428571429,3.14285714285714,2.71428571428571,2,-6,1,1,2,1,2,1,2,0,,2742,"victim","N2",1,2,1,1,"Humanities","Engineering","Engineering","accept","accept","both_accept","outgroup","ingroup",,,,"different",0,"Engineering"
"11","138","138s2",2,1,21,2,1,2,1.42857142857143,2.28571428571429,3.14285714285714,2.71428571428571,1,9,0,0,2,0,2,1,0,0,,2743,"victim","N1",2,0,0,0,"Engineering","Control","Engineering","reject","reject","both_reject","ingroup","outgroup",,,,"different",0,"Engineering"
"11","138","138s2",2,1,21,2,1,2,1.42857142857143,2.28571428571429,3.14285714285714,2.71428571428571,2,9,0,0,0,2,2,0,1,0,,2744,"victim","N2",2,0,0,0,"Engineering","Control","Engineering","reject","reject","both_reject","ingroup","outgroup",,,,"different",0,"Engineering"
"11","138","138s3",3,1,21,2,1,2,1.42857142857143,2.28571428571429,3.14285714285714,2.71428571428571,1,-9,1,0,1,0,2,2,0,0,,2745,"victim","N1",1,0,1,0,"Humanities","Control","Engineering","accept","reject","target_accept_other_reject","outgroup","outgroup",,,,"different",0,"Engineering"
"11","138","138s3",3,1,21,2,1,2,1.42857142857143,2.28571428571429,3.14285714285714,2.71428571428571,2,9,0,1,0,1,2,0,2,0,,2746,"victim","N2",1,0,1,0,"Humanities","Control","Engineering","reject","accept","target_reject_other_accept","outgroup","outgroup",,,,"different",0,"Engineering"
"11","138","138s4",4,1,21,2,1,2,1.42857142857143,2.28571428571429,3.14285714285714,2.71428571428571,1,-9,1,0,0,2,2,0,1,0,,2747,"victim","N1",0,2,1,0,"Control","Engineering","Engineering","accept","reject","target_accept_other_reject","outgroup","ingroup",,,,"different",0,"Engineering"
"11","138","138s4",4,1,21,2,1,2,1.42857142857143,2.28571428571429,3.14285714285714,2.71428571428571,2,9,0,1,2,0,2,1,0,0,,2748,"victim","N2",0,2,1,0,"Control","Engineering","Engineering","reject","accept","target_reject_other_accept","outgroup","ingroup",,,,"different",0,"Engineering"
"11","138","138s5",5,1,21,2,1,2,1.42857142857143,2.28571428571429,3.14285714285714,2.71428571428571,1,-9,0,1,0,1,2,0,2,0,,2749,"victim","N1",0,1,0,1,"Control","Humanities","Engineering","reject","accept","target_reject_other_accept","outgroup","outgroup",,,,"different",0,"Engineering"
"11","138","138s5",5,1,21,2,1,2,1.42857142857143,2.28571428571429,3.14285714285714,2.71428571428571,2,9,1,0,1,0,2,2,0,0,,2750,"victim","N2",0,1,0,1,"Control","Humanities","Engineering","accept","reject","target_accept_other_reject","outgroup","outgroup",,,,"different",0,"Engineering"
"11","139","139s1",1,1,19,2,0,1,2.42857142857143,2.57142857142857,2.85714285714286,1.42857142857143,1,9,0,0,2,0,1,2,0,0,,2761,"victim","N1",2,0,0,0,"Engineering","Control","Humanities","reject","reject","both_reject","outgroup","outgroup",,,,"different",0,"Humanities"
"11","139","139s1",1,1,19,2,0,1,2.42857142857143,2.57142857142857,2.85714285714286,1.42857142857143,2,9,0,0,0,2,1,0,2,0,,2762,"victim","N2",2,0,0,0,"Engineering","Control","Humanities","reject","reject","both_reject","outgroup","outgroup",,,,"different",0,"Humanities"
"11","139","139s2",2,1,19,2,0,1,2.42857142857143,2.57142857142857,2.85714285714286,1.42857142857143,1,-5,1,0,0,1,1,0,1,0,,2763,"victim","N1",0,1,1,0,"Control","Humanities","Humanities","accept","reject","target_accept_other_reject","outgroup","ingroup",,,,"different",0,"Humanities"
"11","139","139s2",2,1,19,2,0,1,2.42857142857143,2.57142857142857,2.85714285714286,1.42857142857143,2,6,0,1,1,0,1,1,0,0,,2764,"victim","N2",0,1,1,0,"Control","Humanities","Humanities","reject","accept","target_reject_other_accept","outgroup","ingroup",,,,"different",0,"Humanities"
"11","139","139s3",3,1,19,2,0,1,2.42857142857143,2.57142857142857,2.85714285714286,1.42857142857143,1,-5,1,0,2,1,1,2,1,0,,2765,"victim","N1",2,1,1,0,"Engineering","Humanities","Humanities","accept","reject","target_accept_other_reject","outgroup","ingroup",,,,"different",0,"Humanities"
"11","139","139s3",3,1,19,2,0,1,2.42857142857143,2.57142857142857,2.85714285714286,1.42857142857143,2,5,0,1,1,2,1,1,2,0,,2766,"victim","N2",2,1,1,0,"Engineering","Humanities","Humanities","reject","accept","target_reject_other_accept","outgroup","ingroup",,,,"different",0,"Humanities"
"11","139","139s4",4,1,19,2,0,1,2.42857142857143,2.57142857142857,2.85714285714286,1.42857142857143,1,7,0,0,0,0,1,0,0,1,,2767,"victim","N1",0,0,0,0,"Control","Control","Humanities","reject","reject","both_reject","outgroup","outgroup",,,,"same",1,"Humanities"
"11","139","139s4",4,1,19,2,0,1,2.42857142857143,2.57142857142857,2.85714285714286,1.42857142857143,2,7,0,0,0,0,1,0,0,1,,2768,"victim","N2",0,0,0,0,"Control","Control","Humanities","reject","reject","both_reject","outgroup","outgroup",,,,"same",1,"Humanities"
"11","139","139s5",5,1,19,2,0,1,2.42857142857143,2.57142857142857,2.85714285714286,1.42857142857143,1,7,0,0,0,1,1,0,1,0,,2769,"victim","N1",0,1,0,0,"Control","Humanities","Humanities","reject","reject","both_reject","outgroup","ingroup",,,,"different",0,"Humanities"
"11","139","139s5",5,1,19,2,0,1,2.42857142857143,2.57142857142857,2.85714285714286,1.42857142857143,2,7,0,0,1,0,1,1,0,0,,2770,"victim","N2",0,1,0,0,"Control","Humanities","Humanities","reject","reject","both_reject","outgroup","ingroup",,,,"different",0,"Humanities"
"11","140","140s6",6,1,19,1,1,2,3,4,4,1.71428571428571,1,9,0,0,1,0,2,2,0,0,,2791,"victim","N1",1,0,0,0,"Humanities","Control","Engineering","reject","reject","both_reject","outgroup","outgroup",,,,"different",0,"Engineering"
"11","140","140s6",6,1,19,1,1,2,3,4,4,1.71428571428571,2,9,0,0,0,1,2,0,2,0,,2792,"victim","N2",1,0,0,0,"Humanities","Control","Engineering","reject","reject","both_reject","outgroup","outgroup",,,,"different",0,"Engineering"
"11","140","140s7",7,1,19,1,1,2,3,4,4,1.71428571428571,1,-1,1,0,1,0,2,2,0,0,,2793,"victim","N1",1,0,1,0,"Humanities","Control","Engineering","accept","reject","target_accept_other_reject","outgroup","outgroup",,,,"different",0,"Engineering"
"11","140","140s7",7,1,19,1,1,2,3,4,4,1.71428571428571,2,1,0,1,0,1,2,0,2,0,,2794,"victim","N2",1,0,1,0,"Humanities","Control","Engineering","reject","accept","target_reject_other_accept","outgroup","outgroup",,,,"different",0,"Engineering"
"11","140","140s8",8,1,19,1,1,2,3,4,4,1.71428571428571,1,1,0,1,2,2,2,1,1,1,,2795,"victim","N1",2,2,0,1,"Engineering","Engineering","Engineering","reject","accept","target_reject_other_accept","ingroup","ingroup",,,,"same",1,"Engineering"
"11","140","140s8",8,1,19,1,1,2,3,4,4,1.71428571428571,2,-1,1,0,2,2,2,1,1,1,,2796,"victim","N2",2,2,0,1,"Engineering","Engineering","Engineering","accept","reject","target_accept_other_reject","ingroup","ingroup",,,,"same",1,"Engineering"
"11","140","140s9",9,1,19,1,1,2,3,4,4,1.71428571428571,1,9,0,0,1,1,2,2,2,1,,2797,"victim","N1",1,1,0,0,"Humanities","Humanities","Engineering","reject","reject","both_reject","outgroup","outgroup",,,,"same",1,"Engineering"
"11","140","140s9",9,1,19,1,1,2,3,4,4,1.71428571428571,2,9,0,0,1,1,2,2,2,1,,2798,"victim","N2",1,1,0,0,"Humanities","Humanities","Engineering","reject","reject","both_reject","outgroup","outgroup",,,,"same",1,"Engineering"
"11","140","140s10",10,1,19,1,1,2,3,4,4,1.71428571428571,1,-5,1,0,2,1,2,1,2,0,,2799,"victim","N1",2,1,1,0,"Engineering","Humanities","Engineering","accept","reject","target_accept_other_reject","ingroup","outgroup",,,,"different",0,"Engineering"
"11","140","140s10",10,1,19,1,1,2,3,4,4,1.71428571428571,2,0,0,1,1,2,2,2,1,0,,2800,"victim","N2",2,1,1,0,"Engineering","Humanities","Engineering","reject","accept","target_reject_other_accept","ingroup","outgroup",,,,"different",0,"Engineering"
"11","141","141s1",1,1,20,2,0,2,1.71428571428571,2.85714285714286,3.14285714285714,1.28571428571429,1,5,0,1,0,1,2,0,2,0,,2801,"victim","N1",0,1,0,1,"Control","Humanities","Engineering","reject","accept","target_reject_other_accept","outgroup","outgroup",,,,"different",0,"Engineering"
"11","141","141s1",1,1,20,2,0,2,1.71428571428571,2.85714285714286,3.14285714285714,1.28571428571429,2,5,1,0,1,0,2,2,0,0,,2802,"victim","N2",0,1,0,1,"Control","Humanities","Engineering","accept","reject","target_accept_other_reject","outgroup","outgroup",,,,"different",0,"Engineering"
"11","141","141s2",2,1,20,2,0,2,1.71428571428571,2.85714285714286,3.14285714285714,1.28571428571429,1,5,1,0,1,0,2,2,0,0,,2803,"victim","N1",1,0,1,0,"Humanities","Control","Engineering","accept","reject","target_accept_other_reject","outgroup","outgroup",,,,"different",0,"Engineering"
"11","141","141s2",2,1,20,2,0,2,1.71428571428571,2.85714285714286,3.14285714285714,1.28571428571429,2,5,0,1,0,1,2,0,2,0,,2804,"victim","N2",1,0,1,0,"Humanities","Control","Engineering","reject","accept","target_reject_other_accept","outgroup","outgroup",,,,"different",0,"Engineering"
"11","141","141s3",3,1,20,2,0,2,1.71428571428571,2.85714285714286,3.14285714285714,1.28571428571429,1,9,0,0,0,1,2,0,2,0,,2805,"victim","N1",0,1,0,0,"Control","Humanities","Engineering","reject","reject","both_reject","outgroup","outgroup",,,,"different",0,"Engineering"
"11","141","141s3",3,1,20,2,0,2,1.71428571428571,2.85714285714286,3.14285714285714,1.28571428571429,2,9,0,0,1,0,2,2,0,0,,2806,"victim","N2",0,1,0,0,"Control","Humanities","Engineering","reject","reject","both_reject","outgroup","outgroup",,,,"different",0,"Engineering"
"11","141","141s4",4,1,20,2,0,2,1.71428571428571,2.85714285714286,3.14285714285714,1.28571428571429,1,5,0,0,1,0,2,2,0,0,,2807,"victim","N1",1,0,0,0,"Humanities","Control","Engineering","reject","reject","both_reject","outgroup","outgroup",,,,"different",0,"Engineering"
"11","141","141s4",4,1,20,2,0,2,1.71428571428571,2.85714285714286,3.14285714285714,1.28571428571429,2,5,0,0,0,1,2,0,2,0,,2808,"victim","N2",1,0,0,0,"Humanities","Control","Engineering","reject","reject","both_reject","outgroup","outgroup",,,,"different",0,"Engineering"
"11","141","141s5",5,1,20,2,0,2,1.71428571428571,2.85714285714286,3.14285714285714,1.28571428571429,1,6,1,0,2,0,2,1,0,0,,2809,"victim","N1",2,0,1,0,"Engineering","Control","Engineering","accept","reject","target_accept_other_reject","ingroup","outgroup",,,,"different",0,"Engineering"
"11","141","141s5",5,1,20,2,0,2,1.71428571428571,2.85714285714286,3.14285714285714,1.28571428571429,2,-3,0,1,0,2,2,0,1,0,,2810,"victim","N2",2,0,1,0,"Engineering","Control","Engineering","reject","accept","target_reject_other_accept","ingroup","outgroup",,,,"different",0,"Engineering"
"11","142","142s6",6,1,23,1,0,1,1.85714285714286,2.42857142857143,2.28571428571429,0,1,9,0,0,0,1,1,0,1,0,,2831,"victim","N1",0,1,0,0,"Control","Humanities","Humanities","reject","reject","both_reject","outgroup","ingroup",,,,"different",0,"Humanities"
"11","142","142s6",6,1,23,1,0,1,1.85714285714286,2.42857142857143,2.28571428571429,0,2,9,0,0,1,0,1,1,0,0,,2832,"victim","N2",0,1,0,0,"Control","Humanities","Humanities","reject","reject","both_reject","outgroup","ingroup",,,,"different",0,"Humanities"
"11","142","142s7",7,1,23,1,0,1,1.85714285714286,2.42857142857143,2.28571428571429,0,1,9,0,0,0,2,1,0,2,0,,2833,"victim","N1",0,2,0,0,"Control","Engineering","Humanities","reject","reject","both_reject","outgroup","outgroup",,,,"different",0,"Humanities"
"11","142","142s7",7,1,23,1,0,1,1.85714285714286,2.42857142857143,2.28571428571429,0,2,9,0,0,2,0,1,2,0,0,,2834,"victim","N2",0,2,0,0,"Control","Engineering","Humanities","reject","reject","both_reject","outgroup","outgroup",,,,"different",0,"Humanities"
"11","142","142s8",8,1,23,1,0,1,1.85714285714286,2.42857142857143,2.28571428571429,0,1,9,0,1,0,2,1,0,2,0,,2835,"victim","N1",0,2,0,1,"Control","Engineering","Humanities","reject","accept","target_reject_other_accept","outgroup","outgroup",,,,"different",0,"Humanities"
"11","142","142s8",8,1,23,1,0,1,1.85714285714286,2.42857142857143,2.28571428571429,0,2,-9,1,0,2,0,1,2,0,0,,2836,"victim","N2",0,2,0,1,"Control","Engineering","Humanities","accept","reject","target_accept_other_reject","outgroup","outgroup",,,,"different",0,"Humanities"
"11","142","142s9",9,1,23,1,0,1,1.85714285714286,2.42857142857143,2.28571428571429,0,1,-9,1,0,0,2,1,0,2,0,,2837,"victim","N1",0,2,1,0,"Control","Engineering","Humanities","accept","reject","target_accept_other_reject","outgroup","outgroup",,,,"different",0,"Humanities"
"11","142","142s9",9,1,23,1,0,1,1.85714285714286,2.42857142857143,2.28571428571429,0,2,9,0,1,2,0,1,2,0,0,,2838,"victim","N2",0,2,1,0,"Control","Engineering","Humanities","reject","accept","target_reject_other_accept","outgroup","outgroup",,,,"different",0,"Humanities"
"11","142","142s10",10,1,23,1,0,1,1.85714285714286,2.42857142857143,2.28571428571429,0,1,9,0,1,2,2,1,2,2,1,,2839,"victim","N1",2,2,0,1,"Engineering","Engineering","Humanities","reject","accept","target_reject_other_accept","outgroup","outgroup",,,,"same",1,"Humanities"
"11","142","142s10",10,1,23,1,0,1,1.85714285714286,2.42857142857143,2.28571428571429,0,2,-9,1,0,2,2,1,2,2,1,,2840,"victim","N2",2,2,0,1,"Engineering","Engineering","Humanities","accept","reject","target_accept_other_reject","outgroup","outgroup",,,,"same",1,"Humanities"
"11","143","143s6",6,1,19,1,1,2,3.28571428571429,3.57142857142857,3.71428571428571,1.71428571428571,1,-3,0,1,1,0,2,2,0,0,,2851,"victim","N1",1,0,0,1,"Humanities","Control","Engineering","reject","accept","target_reject_other_accept","outgroup","outgroup",,,,"different",0,"Engineering"
"11","143","143s6",6,1,19,1,1,2,3.28571428571429,3.57142857142857,3.71428571428571,1.71428571428571,2,6,1,0,0,1,2,0,2,0,,2852,"victim","N2",1,0,0,1,"Humanities","Control","Engineering","accept","reject","target_accept_other_reject","outgroup","outgroup",,,,"different",0,"Engineering"
"11","143","143s7",7,1,19,1,1,2,3.28571428571429,3.57142857142857,3.71428571428571,1.71428571428571,1,-3,0,1,0,0,2,0,0,1,,2853,"victim","N1",0,0,0,1,"Control","Control","Engineering","reject","accept","target_reject_other_accept","outgroup","outgroup",,,,"same",1,"Engineering"
"11","143","143s7",7,1,19,1,1,2,3.28571428571429,3.57142857142857,3.71428571428571,1.71428571428571,2,6,1,0,0,0,2,0,0,1,,2854,"victim","N2",0,0,0,1,"Control","Control","Engineering","accept","reject","target_accept_other_reject","outgroup","outgroup",,,,"same",1,"Engineering"
"11","143","143s8",8,1,19,1,1,2,3.28571428571429,3.57142857142857,3.71428571428571,1.71428571428571,1,5,1,1,1,0,2,2,0,0,,2855,"victim","N1",1,0,1,1,"Humanities","Control","Engineering","accept","accept","both_accept","outgroup","outgroup",,,,"different",0,"Engineering"
"11","143","143s8",8,1,19,1,1,2,3.28571428571429,3.57142857142857,3.71428571428571,1.71428571428571,2,5,1,1,0,1,2,0,2,0,,2856,"victim","N2",1,0,1,1,"Humanities","Control","Engineering","accept","accept","both_accept","outgroup","outgroup",,,,"different",0,"Engineering"
"11","143","143s9",9,1,19,1,1,2,3.28571428571429,3.57142857142857,3.71428571428571,1.71428571428571,1,-3,0,1,1,0,2,2,0,0,,2857,"victim","N1",1,0,0,1,"Humanities","Control","Engineering","reject","accept","target_reject_other_accept","outgroup","outgroup",,,,"different",0,"Engineering"
"11","143","143s9",9,1,19,1,1,2,3.28571428571429,3.57142857142857,3.71428571428571,1.71428571428571,2,5,1,0,0,1,2,0,2,0,,2858,"victim","N2",1,0,0,1,"Humanities","Control","Engineering","accept","reject","target_accept_other_reject","outgroup","outgroup",,,,"different",0,"Engineering"
"11","143","143s10",10,1,19,1,1,2,3.28571428571429,3.57142857142857,3.71428571428571,1.71428571428571,1,0,0,0,1,1,2,2,2,1,,2859,"victim","N1",1,1,0,0,"Humanities","Humanities","Engineering","reject","reject","both_reject","outgroup","outgroup",,,,"same",1,"Engineering"
"11","143","143s10",10,1,19,1,1,2,3.28571428571429,3.57142857142857,3.71428571428571,1.71428571428571,2,0,0,0,1,1,2,2,2,1,,2860,"victim","N2",1,1,0,0,"Humanities","Humanities","Engineering","reject","reject","both_reject","outgroup","outgroup",,,,"same",1,"Engineering"
"11","144","144s6",6,1,18,2,0,1,2.14285714285714,2.71428571428571,2.42857142857143,0.428571428571428,1,-9,1,0,1,0,1,1,0,0,,2871,"victim","N1",1,0,1,0,"Humanities","Control","Humanities","accept","reject","target_accept_other_reject","ingroup","outgroup",,,,"different",0,"Humanities"
"11","144","144s6",6,1,18,2,0,1,2.14285714285714,2.71428571428571,2.42857142857143,0.428571428571428,2,9,0,1,0,1,1,0,1,0,,2872,"victim","N2",1,0,1,0,"Humanities","Control","Humanities","reject","accept","target_reject_other_accept","ingroup","outgroup",,,,"different",0,"Humanities"
"11","144","144s7",7,1,18,2,0,1,2.14285714285714,2.71428571428571,2.42857142857143,0.428571428571428,1,-9,1,1,1,2,1,1,2,0,,2873,"victim","N1",1,2,1,1,"Humanities","Engineering","Humanities","accept","accept","both_accept","ingroup","outgroup",,,,"different",0,"Humanities"
"11","144","144s7",7,1,18,2,0,1,2.14285714285714,2.71428571428571,2.42857142857143,0.428571428571428,2,-9,1,1,2,1,1,2,1,0,,2874,"victim","N2",1,2,1,1,"Humanities","Engineering","Humanities","accept","accept","both_accept","ingroup","outgroup",,,,"different",0,"Humanities"
"11","144","144s8",8,1,18,2,0,1,2.14285714285714,2.71428571428571,2.42857142857143,0.428571428571428,1,9,0,1,1,2,1,1,2,0,,2875,"victim","N1",1,2,0,1,"Humanities","Engineering","Humanities","reject","accept","target_reject_other_accept","ingroup","outgroup",,,,"different",0,"Humanities"
"11","144","144s8",8,1,18,2,0,1,2.14285714285714,2.71428571428571,2.42857142857143,0.428571428571428,2,-9,1,0,2,1,1,2,1,0,,2876,"victim","N2",1,2,0,1,"Humanities","Engineering","Humanities","accept","reject","target_accept_other_reject","ingroup","outgroup",,,,"different",0,"Humanities"
"11","144","144s9",9,1,18,2,0,1,2.14285714285714,2.71428571428571,2.42857142857143,0.428571428571428,1,-9,1,0,1,1,1,1,1,1,,2877,"victim","N1",1,1,1,0,"Humanities","Humanities","Humanities","accept","reject","target_accept_other_reject","ingroup","ingroup",,,,"same",1,"Humanities"
"11","144","144s9",9,1,18,2,0,1,2.14285714285714,2.71428571428571,2.42857142857143,0.428571428571428,2,9,0,1,1,1,1,1,1,1,,2878,"victim","N2",1,1,1,0,"Humanities","Humanities","Humanities","reject","accept","target_reject_other_accept","ingroup","ingroup",,,,"same",1,"Humanities"
"11","144","144s10",10,1,18,2,0,1,2.14285714285714,2.71428571428571,2.42857142857143,0.428571428571428,1,9,0,0,1,2,1,1,2,0,,2879,"victim","N1",1,2,0,0,"Humanities","Engineering","Humanities","reject","reject","both_reject","ingroup","outgroup",,,,"different",0,"Humanities"
"11","144","144s10",10,1,18,2,0,1,2.14285714285714,2.71428571428571,2.42857142857143,0.428571428571428,2,9,0,0,2,1,1,2,1,0,,2880,"victim","N2",1,2,0,0,"Humanities","Engineering","Humanities","reject","reject","both_reject","ingroup","outgroup",,,,"different",0,"Humanities"
"11","145","145s6",6,1,22,3,0,1,3.57142857142857,3.42857142857143,2.85714285714286,1.85714285714286,1,-9,1,0,0,2,1,0,2,0,,2891,"victim","N1",0,2,1,0,"Control","Engineering","Humanities","accept","reject","target_accept_other_reject","outgroup","outgroup",,,,"different",0,"Humanities"
"11","145","145s6",6,1,22,3,0,1,3.57142857142857,3.42857142857143,2.85714285714286,1.85714285714286,2,9,0,1,2,0,1,2,0,0,,2892,"victim","N2",0,2,1,0,"Control","Engineering","Humanities","reject","accept","target_reject_other_accept","outgroup","outgroup",,,,"different",0,"Humanities"
"11","145","145s7",7,1,22,3,0,1,3.57142857142857,3.42857142857143,2.85714285714286,1.85714285714286,1,9,0,1,1,0,1,1,0,0,,2893,"victim","N1",1,0,0,1,"Humanities","Control","Humanities","reject","accept","target_reject_other_accept","ingroup","outgroup",,,,"different",0,"Humanities"
"11","145","145s7",7,1,22,3,0,1,3.57142857142857,3.42857142857143,2.85714285714286,1.85714285714286,2,-9,1,0,0,1,1,0,1,0,,2894,"victim","N2",1,0,0,1,"Humanities","Control","Humanities","accept","reject","target_accept_other_reject","ingroup","outgroup",,,,"different",0,"Humanities"
"11","145","145s8",8,1,22,3,0,1,3.57142857142857,3.42857142857143,2.85714285714286,1.85714285714286,1,9,0,0,1,0,1,1,0,0,,2895,"victim","N1",1,0,0,0,"Humanities","Control","Humanities","reject","reject","both_reject","ingroup","outgroup",,,,"different",0,"Humanities"
"11","145","145s8",8,1,22,3,0,1,3.57142857142857,3.42857142857143,2.85714285714286,1.85714285714286,2,9,0,0,0,1,1,0,1,0,,2896,"victim","N2",1,0,0,0,"Humanities","Control","Humanities","reject","reject","both_reject","ingroup","outgroup",,,,"different",0,"Humanities"
"11","145","145s9",9,1,22,3,0,1,3.57142857142857,3.42857142857143,2.85714285714286,1.85714285714286,1,-9,1,1,2,1,1,2,1,0,,2897,"victim","N1",2,1,1,1,"Engineering","Humanities","Humanities","accept","accept","both_accept","outgroup","ingroup",,,,"different",0,"Humanities"
"11","145","145s9",9,1,22,3,0,1,3.57142857142857,3.42857142857143,2.85714285714286,1.85714285714286,2,-9,1,1,1,2,1,1,2,0,,2898,"victim","N2",2,1,1,1,"Engineering","Humanities","Humanities","accept","accept","both_accept","outgroup","ingroup",,,,"different",0,"Humanities"
"11","145","145s10",10,1,22,3,0,1,3.57142857142857,3.42857142857143,2.85714285714286,1.85714285714286,1,9,0,0,2,1,1,2,1,0,,2899,"victim","N1",2,1,0,0,"Engineering","Humanities","Humanities","reject","reject","both_reject","outgroup","ingroup",,,,"different",0,"Humanities"
"11","145","145s10",10,1,22,3,0,1,3.57142857142857,3.42857142857143,2.85714285714286,1.85714285714286,2,9,0,0,1,2,1,1,2,0,,2900,"victim","N2",2,1,0,0,"Engineering","Humanities","Humanities","reject","reject","both_reject","outgroup","ingroup",,,,"different",0,"Humanities"
"11","146","146s1",1,1,24,2,0,2,2.85714285714286,3.57142857142857,2.71428571428571,2.71428571428571,1,-9,1,0,2,0,2,1,0,0,,2901,"victim","N1",2,0,1,0,"Engineering","Control","Engineering","accept","reject","target_accept_other_reject","ingroup","outgroup",,,,"different",0,"Engineering"
"11","146","146s1",1,1,24,2,0,2,2.85714285714286,3.57142857142857,2.71428571428571,2.71428571428571,2,9,0,1,0,2,2,0,1,0,,2902,"victim","N2",2,0,1,0,"Engineering","Control","Engineering","reject","accept","target_reject_other_accept","ingroup","outgroup",,,,"different",0,"Engineering"
"11","146","146s2",2,1,24,2,0,2,2.85714285714286,3.57142857142857,2.71428571428571,2.71428571428571,1,9,0,0,1,2,2,2,1,0,,2903,"victim","N1",1,2,0,0,"Humanities","Engineering","Engineering","reject","reject","both_reject","outgroup","ingroup",,,,"different",0,"Engineering"
"11","146","146s2",2,1,24,2,0,2,2.85714285714286,3.57142857142857,2.71428571428571,2.71428571428571,2,9,0,0,2,1,2,1,2,0,,2904,"victim","N2",1,2,0,0,"Humanities","Engineering","Engineering","reject","reject","both_reject","outgroup","ingroup",,,,"different",0,"Engineering"
"11","146","146s3",3,1,24,2,0,2,2.85714285714286,3.57142857142857,2.71428571428571,2.71428571428571,1,9,0,0,2,0,2,1,0,0,,2905,"victim","N1",2,0,0,0,"Engineering","Control","Engineering","reject","reject","both_reject","ingroup","outgroup",,,,"different",0,"Engineering"
"11","146","146s3",3,1,24,2,0,2,2.85714285714286,3.57142857142857,2.71428571428571,2.71428571428571,2,9,0,0,0,2,2,0,1,0,,2906,"victim","N2",2,0,0,0,"Engineering","Control","Engineering","reject","reject","both_reject","ingroup","outgroup",,,,"different",0,"Engineering"
"11","146","146s4",4,1,24,2,0,2,2.85714285714286,3.57142857142857,2.71428571428571,2.71428571428571,1,-9,1,1,2,1,2,1,2,0,,2907,"victim","N1",2,1,1,1,"Engineering","Humanities","Engineering","accept","accept","both_accept","ingroup","outgroup",,,,"different",0,"Engineering"
"11","146","146s4",4,1,24,2,0,2,2.85714285714286,3.57142857142857,2.71428571428571,2.71428571428571,2,-9,1,1,1,2,2,2,1,0,,2908,"victim","N2",2,1,1,1,"Engineering","Humanities","Engineering","accept","accept","both_accept","ingroup","outgroup",,,,"different",0,"Engineering"
"11","146","146s5",5,1,24,2,0,2,2.85714285714286,3.57142857142857,2.71428571428571,2.71428571428571,1,9,0,1,0,1,2,0,2,0,,2909,"victim","N1",0,1,0,1,"Control","Humanities","Engineering","reject","accept","target_reject_other_accept","outgroup","outgroup",,,,"different",0,"Engineering"
"11","146","146s5",5,1,24,2,0,2,2.85714285714286,3.57142857142857,2.71428571428571,2.71428571428571,2,-9,1,0,1,0,2,2,0,0,,2910,"victim","N2",0,1,0,1,"Control","Humanities","Engineering","accept","reject","target_accept_other_reject","outgroup","outgroup",,,,"different",0,"Engineering"
"11","147","147s1",1,1,22,3,1,1,1.28571428571429,2.71428571428571,2.42857142857143,1.71428571428571,1,4,0,1,1,0,1,1,0,0,,2921,"victim","N1",1,0,0,1,"Humanities","Control","Humanities","reject","accept","target_reject_other_accept","ingroup","outgroup",,,,"different",0,"Humanities"
"11","147","147s1",1,1,22,3,1,1,1.28571428571429,2.71428571428571,2.42857142857143,1.71428571428571,2,-3,1,0,0,1,1,0,1,0,,2922,"victim","N2",1,0,0,1,"Humanities","Control","Humanities","accept","reject","target_accept_other_reject","ingroup","outgroup",,,,"different",0,"Humanities"
"11","147","147s2",2,1,22,3,1,1,1.28571428571429,2.71428571428571,2.42857142857143,1.71428571428571,1,5,0,0,0,2,1,0,2,0,,2923,"victim","N1",0,2,0,0,"Control","Engineering","Humanities","reject","reject","both_reject","outgroup","outgroup",,,,"different",0,"Humanities"
"11","147","147s2",2,1,22,3,1,1,1.28571428571429,2.71428571428571,2.42857142857143,1.71428571428571,2,5,0,0,2,0,1,2,0,0,,2924,"victim","N2",0,2,0,0,"Control","Engineering","Humanities","reject","reject","both_reject","outgroup","outgroup",,,,"different",0,"Humanities"
"11","147","147s3",3,1,22,3,1,1,1.28571428571429,2.71428571428571,2.42857142857143,1.71428571428571,1,7,0,0,1,2,1,1,2,0,,2925,"victim","N1",1,2,0,0,"Humanities","Engineering","Humanities","reject","reject","both_reject","ingroup","outgroup",,,,"different",0,"Humanities"
"11","147","147s3",3,1,22,3,1,1,1.28571428571429,2.71428571428571,2.42857142857143,1.71428571428571,2,7,0,0,2,1,1,2,1,0,,2926,"victim","N2",1,2,0,0,"Humanities","Engineering","Humanities","reject","reject","both_reject","ingroup","outgroup",,,,"different",0,"Humanities"
"11","147","147s4",4,1,22,3,1,1,1.28571428571429,2.71428571428571,2.42857142857143,1.71428571428571,1,9,0,1,2,0,1,2,0,0,,2927,"victim","N1",2,0,0,1,"Engineering","Control","Humanities","reject","accept","target_reject_other_accept","outgroup","outgroup",,,,"different",0,"Humanities"
"11","147","147s4",4,1,22,3,1,1,1.28571428571429,2.71428571428571,2.42857142857143,1.71428571428571,2,9,1,0,0,2,1,0,2,0,,2928,"victim","N2",2,0,0,1,"Engineering","Control","Humanities","accept","reject","target_accept_other_reject","outgroup","outgroup",,,,"different",0,"Humanities"
"11","147","147s5",5,1,22,3,1,1,1.28571428571429,2.71428571428571,2.42857142857143,1.71428571428571,1,-3,0,0,1,1,1,1,1,1,,2929,"victim","N1",1,1,0,0,"Humanities","Humanities","Humanities","reject","reject","both_reject","ingroup","ingroup",,,,"same",1,"Humanities"
"11","147","147s5",5,1,22,3,1,1,1.28571428571429,2.71428571428571,2.42857142857143,1.71428571428571,2,-3,0,0,1,1,1,1,1,1,,2930,"victim","N2",1,1,0,0,"Humanities","Humanities","Humanities","reject","reject","both_reject","ingroup","ingroup",,,,"same",1,"Humanities"
"11","148","148s6",6,1,23,3,1,1,1.42857142857143,2.71428571428571,2.42857142857143,1.42857142857143,1,5,1,0,1,0,1,1,0,0,,2951,"victim","N1",1,0,1,0,"Humanities","Control","Humanities","accept","reject","target_accept_other_reject","ingroup","outgroup",,,,"different",0,"Humanities"
"11","148","148s6",6,1,23,3,1,1,1.42857142857143,2.71428571428571,2.42857142857143,1.42857142857143,2,5,0,1,0,1,1,0,1,0,,2952,"victim","N2",1,0,1,0,"Humanities","Control","Humanities","reject","accept","target_reject_other_accept","ingroup","outgroup",,,,"different",0,"Humanities"
"11","148","148s7",7,1,23,3,1,1,1.42857142857143,2.71428571428571,2.42857142857143,1.42857142857143,1,5,1,1,1,0,1,1,0,0,,2953,"victim","N1",1,0,1,1,"Humanities","Control","Humanities","accept","accept","both_accept","ingroup","outgroup",,,,"different",0,"Humanities"
"11","148","148s7",7,1,23,3,1,1,1.42857142857143,2.71428571428571,2.42857142857143,1.42857142857143,2,5,1,1,0,1,1,0,1,0,,2954,"victim","N2",1,0,1,1,"Humanities","Control","Humanities","accept","accept","both_accept","ingroup","outgroup",,,,"different",0,"Humanities"
"11","148","148s8",8,1,23,3,1,1,1.42857142857143,2.71428571428571,2.42857142857143,1.42857142857143,1,6,1,0,0,0,1,0,0,1,,2955,"victim","N1",0,0,1,0,"Control","Control","Humanities","accept","reject","target_accept_other_reject","outgroup","outgroup",,,,"same",1,"Humanities"
"11","148","148s8",8,1,23,3,1,1,1.42857142857143,2.71428571428571,2.42857142857143,1.42857142857143,2,6,0,1,0,0,1,0,0,1,,2956,"victim","N2",0,0,1,0,"Control","Control","Humanities","reject","accept","target_reject_other_accept","outgroup","outgroup",,,,"same",1,"Humanities"
"11","148","148s9",9,1,23,3,1,1,1.42857142857143,2.71428571428571,2.42857142857143,1.42857142857143,1,6,1,0,2,2,1,2,2,1,,2957,"victim","N1",2,2,1,0,"Engineering","Engineering","Humanities","accept","reject","target_accept_other_reject","outgroup","outgroup",,,,"same",1,"Humanities"
"11","148","148s9",9,1,23,3,1,1,1.42857142857143,2.71428571428571,2.42857142857143,1.42857142857143,2,6,0,1,2,2,1,2,2,1,,2958,"victim","N2",2,2,1,0,"Engineering","Engineering","Humanities","reject","accept","target_reject_other_accept","outgroup","outgroup",,,,"same",1,"Humanities"
"11","148","148s10",10,1,23,3,1,1,1.42857142857143,2.71428571428571,2.42857142857143,1.42857142857143,1,6,1,0,0,2,1,0,2,0,,2959,"victim","N1",0,2,1,0,"Control","Engineering","Humanities","accept","reject","target_accept_other_reject","outgroup","outgroup",,,,"different",0,"Humanities"
"11","148","148s10",10,1,23,3,1,1,1.42857142857143,2.71428571428571,2.42857142857143,1.42857142857143,2,6,0,1,2,0,1,2,0,0,,2960,"victim","N2",0,2,1,0,"Control","Engineering","Humanities","reject","accept","target_reject_other_accept","outgroup","outgroup",,,,"different",0,"Humanities"
"11","149","149s1",1,1,21,3,0,2,1.42857142857143,2.42857142857143,3,1,1,-3,1,0,2,2,2,1,1,1,,2961,"victim","N1",2,2,1,0,"Engineering","Engineering","Engineering","accept","reject","target_accept_other_reject","ingroup","ingroup",,,,"same",1,"Engineering"
"11","149","149s1",1,1,21,3,0,2,1.42857142857143,2.42857142857143,3,1,2,9,0,1,2,2,2,1,1,1,,2962,"victim","N2",2,2,1,0,"Engineering","Engineering","Engineering","reject","accept","target_reject_other_accept","ingroup","ingroup",,,,"same",1,"Engineering"
"11","149","149s2",2,1,21,3,0,2,1.42857142857143,2.42857142857143,3,1,1,9,1,0,2,0,2,1,0,0,,2963,"victim","N1",2,0,1,0,"Engineering","Control","Engineering","accept","reject","target_accept_other_reject","ingroup","outgroup",,,,"different",0,"Engineering"
"11","149","149s2",2,1,21,3,0,2,1.42857142857143,2.42857142857143,3,1,2,-3,0,1,0,2,2,0,1,0,,2964,"victim","N2",2,0,1,0,"Engineering","Control","Engineering","reject","accept","target_reject_other_accept","ingroup","outgroup",,,,"different",0,"Engineering"
"11","149","149s3",3,1,21,3,0,2,1.42857142857143,2.42857142857143,3,1,1,-3,1,0,1,0,2,2,0,0,,2965,"victim","N1",1,0,1,0,"Humanities","Control","Engineering","accept","reject","target_accept_other_reject","outgroup","outgroup",,,,"different",0,"Engineering"
"11","149","149s3",3,1,21,3,0,2,1.42857142857143,2.42857142857143,3,1,2,9,0,1,0,1,2,0,2,0,,2966,"victim","N2",1,0,1,0,"Humanities","Control","Engineering","reject","accept","target_reject_other_accept","outgroup","outgroup",,,,"different",0,"Engineering"
"11","149","149s4",4,1,21,3,0,2,1.42857142857143,2.42857142857143,3,1,1,-4,1,0,1,1,2,2,2,1,,2967,"victim","N1",1,1,1,0,"Humanities","Humanities","Engineering","accept","reject","target_accept_other_reject","outgroup","outgroup",,,,"same",1,"Engineering"
"11","149","149s4",4,1,21,3,0,2,1.42857142857143,2.42857142857143,3,1,2,6,0,1,1,1,2,2,2,1,,2968,"victim","N2",1,1,1,0,"Humanities","Humanities","Engineering","reject","accept","target_reject_other_accept","outgroup","outgroup",,,,"same",1,"Engineering"
"11","149","149s5",5,1,21,3,0,2,1.42857142857143,2.42857142857143,3,1,1,-3,1,1,2,2,2,1,1,1,,2969,"victim","N1",2,2,1,1,"Engineering","Engineering","Engineering","accept","accept","both_accept","ingroup","ingroup",,,,"same",1,"Engineering"
"11","149","149s5",5,1,21,3,0,2,1.42857142857143,2.42857142857143,3,1,2,-3,1,1,2,2,2,1,1,1,,2970,"victim","N2",2,2,1,1,"Engineering","Engineering","Engineering","accept","accept","both_accept","ingroup","ingroup",,,,"same",1,"Engineering"
"12","150","150s6",6,1,21,3,1,2,2.85714285714286,3,2.28571428571429,1.14285714285714,1,6,0,1,0,1,2,0,2,0,,2991,"victim","N1",0,1,0,1,"Control","Humanities","Engineering","reject","accept","target_reject_other_accept","outgroup","outgroup",,,,"different",0,"Engineering"
"12","150","150s6",6,1,21,3,1,2,2.85714285714286,3,2.28571428571429,1.14285714285714,2,-7,1,0,1,0,2,2,0,0,,2992,"victim","N2",0,1,0,1,"Control","Humanities","Engineering","accept","reject","target_accept_other_reject","outgroup","outgroup",,,,"different",0,"Engineering"
"12","150","150s7",7,1,21,3,1,2,2.85714285714286,3,2.28571428571429,1.14285714285714,1,5,0,1,2,1,2,1,2,0,,2993,"victim","N1",2,1,0,1,"Engineering","Humanities","Engineering","reject","accept","target_reject_other_accept","ingroup","outgroup",,,,"different",0,"Engineering"
"12","150","150s7",7,1,21,3,1,2,2.85714285714286,3,2.28571428571429,1.14285714285714,2,-6,1,0,1,2,2,2,1,0,,2994,"victim","N2",2,1,0,1,"Engineering","Humanities","Engineering","accept","reject","target_accept_other_reject","ingroup","outgroup",,,,"different",0,"Engineering"
"12","150","150s8",8,1,21,3,1,2,2.85714285714286,3,2.28571428571429,1.14285714285714,1,-7,1,1,2,0,2,1,0,0,,2995,"victim","N1",2,0,1,1,"Engineering","Control","Engineering","accept","accept","both_accept","ingroup","outgroup",,,,"different",0,"Engineering"
"12","150","150s8",8,1,21,3,1,2,2.85714285714286,3,2.28571428571429,1.14285714285714,2,-4,1,1,0,2,2,0,1,0,,2996,"victim","N2",2,0,1,1,"Engineering","Control","Engineering","accept","accept","both_accept","ingroup","outgroup",,,,"different",0,"Engineering"
"12","150","150s9",9,1,21,3,1,2,2.85714285714286,3,2.28571428571429,1.14285714285714,1,4,0,1,1,0,2,2,0,0,,2997,"victim","N1",1,0,0,1,"Humanities","Control","Engineering","reject","accept","target_reject_other_accept","outgroup","outgroup",,,,"different",0,"Engineering"
"12","150","150s9",9,1,21,3,1,2,2.85714285714286,3,2.28571428571429,1.14285714285714,2,-4,1,0,0,1,2,0,2,0,,2998,"victim","N2",1,0,0,1,"Humanities","Control","Engineering","accept","reject","target_accept_other_reject","outgroup","outgroup",,,,"different",0,"Engineering"
"12","150","150s10",10,1,21,3,1,2,2.85714285714286,3,2.28571428571429,1.14285714285714,1,8,0,0,0,0,2,0,0,1,,2999,"victim","N1",0,0,0,0,"Control","Control","Engineering","reject","reject","both_reject","outgroup","outgroup",,,,"same",1,"Engineering"
"12","150","150s10",10,1,21,3,1,2,2.85714285714286,3,2.28571428571429,1.14285714285714,2,8,0,0,0,0,2,0,0,1,,3000,"victim","N2",0,0,0,0,"Control","Control","Engineering","reject","reject","both_reject","outgroup","outgroup",,,,"same",1,"Engineering"
"12","151","151s1",1,1,21,4,1,2,3.71428571428571,3.42857142857143,2.28571428571429,2.14285714285714,1,-9,1,1,0,0,2,0,0,1,,3001,"victim","N1",0,0,1,1,"Control","Control","Engineering","accept","accept","both_accept","outgroup","outgroup",,,,"same",1,"Engineering"
"12","151","151s1",1,1,21,4,1,2,3.71428571428571,3.42857142857143,2.28571428571429,2.14285714285714,2,-9,1,1,0,0,2,0,0,1,,3002,"victim","N2",0,0,1,1,"Control","Control","Engineering","accept","accept","both_accept","outgroup","outgroup",,,,"same",1,"Engineering"
"12","151","151s2",2,1,21,4,1,2,3.71428571428571,3.42857142857143,2.28571428571429,2.14285714285714,1,-2,1,1,2,1,2,1,2,0,,3003,"victim","N1",2,1,1,1,"Engineering","Humanities","Engineering","accept","accept","both_accept","ingroup","outgroup",,,,"different",0,"Engineering"
"12","151","151s2",2,1,21,4,1,2,3.71428571428571,3.42857142857143,2.28571428571429,2.14285714285714,2,-2,1,1,1,2,2,2,1,0,,3004,"victim","N2",2,1,1,1,"Engineering","Humanities","Engineering","accept","accept","both_accept","ingroup","outgroup",,,,"different",0,"Engineering"
"12","151","151s3",3,1,21,4,1,2,3.71428571428571,3.42857142857143,2.28571428571429,2.14285714285714,1,9,0,1,2,0,2,1,0,0,,3005,"victim","N1",2,0,0,1,"Engineering","Control","Engineering","reject","accept","target_reject_other_accept","ingroup","outgroup",,,,"different",0,"Engineering"
"12","151","151s3",3,1,21,4,1,2,3.71428571428571,3.42857142857143,2.28571428571429,2.14285714285714,2,-9,1,0,0,2,2,0,1,0,,3006,"victim","N2",2,0,0,1,"Engineering","Control","Engineering","accept","reject","target_accept_other_reject","ingroup","outgroup",,,,"different",0,"Engineering"
"12","151","151s4",4,1,21,4,1,2,3.71428571428571,3.42857142857143,2.28571428571429,2.14285714285714,1,-3,1,1,1,0,2,2,0,0,,3007,"victim","N1",1,0,1,1,"Humanities","Control","Engineering","accept","accept","both_accept","outgroup","outgroup",,,,"different",0,"Engineering"
"12","151","151s4",4,1,21,4,1,2,3.71428571428571,3.42857142857143,2.28571428571429,2.14285714285714,2,-3,1,1,0,1,2,0,2,0,,3008,"victim","N2",1,0,1,1,"Humanities","Control","Engineering","accept","accept","both_accept","outgroup","outgroup",,,,"different",0,"Engineering"
"12","151","151s5",5,1,21,4,1,2,3.71428571428571,3.42857142857143,2.28571428571429,2.14285714285714,1,6,0,1,0,0,2,0,0,1,,3009,"victim","N1",0,0,0,1,"Control","Control","Engineering","reject","accept","target_reject_other_accept","outgroup","outgroup",,,,"same",1,"Engineering"
"12","151","151s5",5,1,21,4,1,2,3.71428571428571,3.42857142857143,2.28571428571429,2.14285714285714,2,-1,1,0,0,0,2,0,0,1,,3010,"victim","N2",0,0,0,1,"Control","Control","Engineering","accept","reject","target_accept_other_reject","outgroup","outgroup",,,,"same",1,"Engineering"
"12","152","152s1",1,1,21,3,1,2,4,4,2.85714285714286,3.71428571428571,1,-8,1,0,0,1,2,0,2,0,,3021,"victim","N1",0,1,1,0,"Control","Humanities","Engineering","accept","reject","target_accept_other_reject","outgroup","outgroup",,,,"different",0,"Engineering"
"12","152","152s1",1,1,21,3,1,2,4,4,2.85714285714286,3.71428571428571,2,9,0,1,1,0,2,2,0,0,,3022,"victim","N2",0,1,1,0,"Control","Humanities","Engineering","reject","accept","target_reject_other_accept","outgroup","outgroup",,,,"different",0,"Engineering"
"12","152","152s2",2,1,21,3,1,2,4,4,2.85714285714286,3.71428571428571,1,-8,1,0,2,2,2,1,1,1,,3023,"victim","N1",2,2,1,0,"Engineering","Engineering","Engineering","accept","reject","target_accept_other_reject","ingroup","ingroup",,,,"same",1,"Engineering"
"12","152","152s2",2,1,21,3,1,2,4,4,2.85714285714286,3.71428571428571,2,9,0,1,2,2,2,1,1,1,,3024,"victim","N2",2,2,1,0,"Engineering","Engineering","Engineering","reject","accept","target_reject_other_accept","ingroup","ingroup",,,,"same",1,"Engineering"
"12","152","152s3",3,1,21,3,1,2,4,4,2.85714285714286,3.71428571428571,1,-8,1,0,2,2,2,1,1,1,,3025,"victim","N1",2,2,1,0,"Engineering","Engineering","Engineering","accept","reject","target_accept_other_reject","ingroup","ingroup",,,,"same",1,"Engineering"
"12","152","152s3",3,1,21,3,1,2,4,4,2.85714285714286,3.71428571428571,2,9,0,1,2,2,2,1,1,1,,3026,"victim","N2",2,2,1,0,"Engineering","Engineering","Engineering","reject","accept","target_reject_other_accept","ingroup","ingroup",,,,"same",1,"Engineering"
"12","152","152s4",4,1,21,3,1,2,4,4,2.85714285714286,3.71428571428571,1,-8,1,1,1,0,2,2,0,0,,3027,"victim","N1",1,0,1,1,"Humanities","Control","Engineering","accept","accept","both_accept","outgroup","outgroup",,,,"different",0,"Engineering"
"12","152","152s4",4,1,21,3,1,2,4,4,2.85714285714286,3.71428571428571,2,-8,1,1,0,1,2,0,2,0,,3028,"victim","N2",1,0,1,1,"Humanities","Control","Engineering","accept","accept","both_accept","outgroup","outgroup",,,,"different",0,"Engineering"
"12","152","152s5",5,1,21,3,1,2,4,4,2.85714285714286,3.71428571428571,1,-7,1,0,0,0,2,0,0,1,,3029,"victim","N1",0,0,1,0,"Control","Control","Engineering","accept","reject","target_accept_other_reject","outgroup","outgroup",,,,"same",1,"Engineering"
"12","152","152s5",5,1,21,3,1,2,4,4,2.85714285714286,3.71428571428571,2,9,0,1,0,0,2,0,0,1,,3030,"victim","N2",0,0,1,0,"Control","Control","Engineering","reject","accept","target_reject_other_accept","outgroup","outgroup",,,,"same",1,"Engineering"
"12","153","153s1",1,1,20,4,0,2,2.42857142857143,2.57142857142857,2.71428571428571,1.28571428571429,1,9,0,0,2,2,2,1,1,1,,3041,"victim","N1",2,2,0,0,"Engineering","Engineering","Engineering","reject","reject","both_reject","ingroup","ingroup",,,,"same",1,"Engineering"
"12","153","153s1",1,1,20,4,0,2,2.42857142857143,2.57142857142857,2.71428571428571,1.28571428571429,2,9,0,0,2,2,2,1,1,1,,3042,"victim","N2",2,2,0,0,"Engineering","Engineering","Engineering","reject","reject","both_reject","ingroup","ingroup",,,,"same",1,"Engineering"
"12","153","153s2",2,1,20,4,0,2,2.42857142857143,2.57142857142857,2.71428571428571,1.28571428571429,1,9,0,1,1,2,2,2,1,0,,3043,"victim","N1",1,2,0,1,"Humanities","Engineering","Engineering","reject","accept","target_reject_other_accept","outgroup","ingroup",,,,"different",0,"Engineering"
"12","153","153s2",2,1,20,4,0,2,2.42857142857143,2.57142857142857,2.71428571428571,1.28571428571429,2,-5,1,0,2,1,2,1,2,0,,3044,"victim","N2",1,2,0,1,"Humanities","Engineering","Engineering","accept","reject","target_accept_other_reject","outgroup","ingroup",,,,"different",0,"Engineering"
"12","153","153s3",3,1,20,4,0,2,2.42857142857143,2.57142857142857,2.71428571428571,1.28571428571429,1,-5,1,1,0,2,2,0,1,0,,3045,"victim","N1",0,2,1,1,"Control","Engineering","Engineering","accept","accept","both_accept","outgroup","ingroup",,,,"different",0,"Engineering"
"12","153","153s3",3,1,20,4,0,2,2.42857142857143,2.57142857142857,2.71428571428571,1.28571428571429,2,-5,1,1,2,0,2,1,0,0,,3046,"victim","N2",0,2,1,1,"Control","Engineering","Engineering","accept","accept","both_accept","outgroup","ingroup",,,,"different",0,"Engineering"
"12","153","153s4",4,1,20,4,0,2,2.42857142857143,2.57142857142857,2.71428571428571,1.28571428571429,1,9,0,0,2,1,2,1,2,0,,3047,"victim","N1",2,1,0,0,"Engineering","Humanities","Engineering","reject","reject","both_reject","ingroup","outgroup",,,,"different",0,"Engineering"
"12","153","153s4",4,1,20,4,0,2,2.42857142857143,2.57142857142857,2.71428571428571,1.28571428571429,2,9,0,0,1,2,2,2,1,0,,3048,"victim","N2",2,1,0,0,"Engineering","Humanities","Engineering","reject","reject","both_reject","ingroup","outgroup",,,,"different",0,"Engineering"
"12","153","153s5",5,1,20,4,0,2,2.42857142857143,2.57142857142857,2.71428571428571,1.28571428571429,1,9,0,0,2,2,2,1,1,1,,3049,"victim","N1",2,2,0,0,"Engineering","Engineering","Engineering","reject","reject","both_reject","ingroup","ingroup",,,,"same",1,"Engineering"
"12","153","153s5",5,1,20,4,0,2,2.42857142857143,2.57142857142857,2.71428571428571,1.28571428571429,2,9,0,0,2,2,2,1,1,1,,3050,"victim","N2",2,2,0,0,"Engineering","Engineering","Engineering","reject","reject","both_reject","ingroup","ingroup",,,,"same",1,"Engineering"
"12","154","154s1",1,1,20,4,0,2,1.14285714285714,1.85714285714286,2,1.85714285714286,1,9,0,0,0,1,2,0,2,0,,3061,"victim","N1",0,1,0,0,"Control","Humanities","Engineering","reject","reject","both_reject","outgroup","outgroup",,,,"different",0,"Engineering"
"12","154","154s1",1,1,20,4,0,2,1.14285714285714,1.85714285714286,2,1.85714285714286,2,9,0,0,1,0,2,2,0,0,,3062,"victim","N2",0,1,0,0,"Control","Humanities","Engineering","reject","reject","both_reject","outgroup","outgroup",,,,"different",0,"Engineering"
"12","154","154s2",2,1,20,4,0,2,1.14285714285714,1.85714285714286,2,1.85714285714286,1,9,0,0,1,0,2,2,0,0,,3063,"victim","N1",1,0,0,0,"Humanities","Control","Engineering","reject","reject","both_reject","outgroup","outgroup",,,,"different",0,"Engineering"
"12","154","154s2",2,1,20,4,0,2,1.14285714285714,1.85714285714286,2,1.85714285714286,2,9,0,0,0,1,2,0,2,0,,3064,"victim","N2",1,0,0,0,"Humanities","Control","Engineering","reject","reject","both_reject","outgroup","outgroup",,,,"different",0,"Engineering"
"12","154","154s3",3,1,20,4,0,2,1.14285714285714,1.85714285714286,2,1.85714285714286,1,7,0,1,2,0,2,1,0,0,,3065,"victim","N1",2,0,0,1,"Engineering","Control","Engineering","reject","accept","target_reject_other_accept","ingroup","outgroup",,,,"different",0,"Engineering"
"12","154","154s3",3,1,20,4,0,2,1.14285714285714,1.85714285714286,2,1.85714285714286,2,-4,1,0,0,2,2,0,1,0,,3066,"victim","N2",2,0,0,1,"Engineering","Control","Engineering","accept","reject","target_accept_other_reject","ingroup","outgroup",,,,"different",0,"Engineering"
"12","154","154s4",4,1,20,4,0,2,1.14285714285714,1.85714285714286,2,1.85714285714286,1,-9,1,1,2,2,2,1,1,1,,3067,"victim","N1",2,2,1,1,"Engineering","Engineering","Engineering","accept","accept","both_accept","ingroup","ingroup",,,,"same",1,"Engineering"
"12","154","154s4",4,1,20,4,0,2,1.14285714285714,1.85714285714286,2,1.85714285714286,2,-9,1,1,2,2,2,1,1,1,,3068,"victim","N2",2,2,1,1,"Engineering","Engineering","Engineering","accept","accept","both_accept","ingroup","ingroup",,,,"same",1,"Engineering"
"12","154","154s5",5,1,20,4,0,2,1.14285714285714,1.85714285714286,2,1.85714285714286,1,-5,1,0,1,0,2,2,0,0,,3069,"victim","N1",1,0,1,0,"Humanities","Control","Engineering","accept","reject","target_accept_other_reject","outgroup","outgroup",,,,"different",0,"Engineering"
"12","154","154s5",5,1,20,4,0,2,1.14285714285714,1.85714285714286,2,1.85714285714286,2,9,0,1,0,1,2,0,2,0,,3070,"victim","N2",1,0,1,0,"Humanities","Control","Engineering","reject","accept","target_reject_other_accept","outgroup","outgroup",,,,"different",0,"Engineering"
"12","155","155s6",6,1,20,4,0,2,2.14285714285714,2.42857142857143,2.57142857142857,2.28571428571429,1,-9,1,1,1,1,2,2,2,1,,3091,"victim","N1",1,1,1,1,"Humanities","Humanities","Engineering","accept","accept","both_accept","outgroup","outgroup",,,,"same",1,"Engineering"
"12","155","155s6",6,1,20,4,0,2,2.14285714285714,2.42857142857143,2.57142857142857,2.28571428571429,2,-9,1,1,1,1,2,2,2,1,,3092,"victim","N2",1,1,1,1,"Humanities","Humanities","Engineering","accept","accept","both_accept","outgroup","outgroup",,,,"same",1,"Engineering"
"12","155","155s7",7,1,20,4,0,2,2.14285714285714,2.42857142857143,2.57142857142857,2.28571428571429,1,-7,1,0,0,0,2,0,0,1,,3093,"victim","N1",0,0,1,0,"Control","Control","Engineering","accept","reject","target_accept_other_reject","outgroup","outgroup",,,,"same",1,"Engineering"
"12","155","155s7",7,1,20,4,0,2,2.14285714285714,2.42857142857143,2.57142857142857,2.28571428571429,2,8,0,1,0,0,2,0,0,1,,3094,"victim","N2",0,0,1,0,"Control","Control","Engineering","reject","accept","target_reject_other_accept","outgroup","outgroup",,,,"same",1,"Engineering"
"12","155","155s8",8,1,20,4,0,2,2.14285714285714,2.42857142857143,2.57142857142857,2.28571428571429,1,8,0,1,2,0,2,1,0,0,,3095,"victim","N1",2,0,0,1,"Engineering","Control","Engineering","reject","accept","target_reject_other_accept","ingroup","outgroup",,,,"different",0,"Engineering"
"12","155","155s8",8,1,20,4,0,2,2.14285714285714,2.42857142857143,2.57142857142857,2.28571428571429,2,-8,1,0,0,2,2,0,1,0,,3096,"victim","N2",2,0,0,1,"Engineering","Control","Engineering","accept","reject","target_accept_other_reject","ingroup","outgroup",,,,"different",0,"Engineering"
"12","155","155s9",9,1,20,4,0,2,2.14285714285714,2.42857142857143,2.57142857142857,2.28571428571429,1,9,0,1,1,2,2,2,1,0,,3097,"victim","N1",1,2,0,1,"Humanities","Engineering","Engineering","reject","accept","target_reject_other_accept","outgroup","ingroup",,,,"different",0,"Engineering"
"12","155","155s9",9,1,20,4,0,2,2.14285714285714,2.42857142857143,2.57142857142857,2.28571428571429,2,-9,1,0,2,1,2,1,2,0,,3098,"victim","N2",1,2,0,1,"Humanities","Engineering","Engineering","accept","reject","target_accept_other_reject","outgroup","ingroup",,,,"different",0,"Engineering"
"12","155","155s10",10,1,20,4,0,2,2.14285714285714,2.42857142857143,2.57142857142857,2.28571428571429,1,8,0,1,0,0,2,0,0,1,,3099,"victim","N1",0,0,0,1,"Control","Control","Engineering","reject","accept","target_reject_other_accept","outgroup","outgroup",,,,"same",1,"Engineering"
"12","155","155s10",10,1,20,4,0,2,2.14285714285714,2.42857142857143,2.57142857142857,2.28571428571429,2,-8,1,0,0,0,2,0,0,1,,3100,"victim","N2",0,0,0,1,"Control","Control","Engineering","accept","reject","target_accept_other_reject","outgroup","outgroup",,,,"same",1,"Engineering"
"12","156","156s6",6,1,19,3,1,1,1.14285714285714,1.28571428571429,2.14285714285714,1.57142857142857,1,9,0,0,0,0,1,0,0,1,,3111,"victim","N1",0,0,0,0,"Control","Control","Humanities","reject","reject","both_reject","outgroup","outgroup",,,,"same",1,"Humanities"
"12","156","156s6",6,1,19,3,1,1,1.14285714285714,1.28571428571429,2.14285714285714,1.57142857142857,2,9,0,0,0,0,1,0,0,1,,3112,"victim","N2",0,0,0,0,"Control","Control","Humanities","reject","reject","both_reject","outgroup","outgroup",,,,"same",1,"Humanities"
"12","156","156s7",7,1,19,3,1,1,1.14285714285714,1.28571428571429,2.14285714285714,1.57142857142857,1,9,0,1,1,0,1,1,0,0,,3113,"victim","N1",1,0,0,1,"Humanities","Control","Humanities","reject","accept","target_reject_other_accept","ingroup","outgroup",,,,"different",0,"Humanities"
"12","156","156s7",7,1,19,3,1,1,1.14285714285714,1.28571428571429,2.14285714285714,1.57142857142857,2,-9,1,0,0,1,1,0,1,0,,3114,"victim","N2",1,0,0,1,"Humanities","Control","Humanities","accept","reject","target_accept_other_reject","ingroup","outgroup",,,,"different",0,"Humanities"
"12","156","156s8",8,1,19,3,1,1,1.14285714285714,1.28571428571429,2.14285714285714,1.57142857142857,1,5,0,1,0,0,1,0,0,1,,3115,"victim","N1",0,0,0,1,"Control","Control","Humanities","reject","accept","target_reject_other_accept","outgroup","outgroup",,,,"same",1,"Humanities"
"12","156","156s8",8,1,19,3,1,1,1.14285714285714,1.28571428571429,2.14285714285714,1.57142857142857,2,-9,1,0,0,0,1,0,0,1,,3116,"victim","N2",0,0,0,1,"Control","Control","Humanities","accept","reject","target_accept_other_reject","outgroup","outgroup",,,,"same",1,"Humanities"
"12","156","156s9",9,1,19,3,1,1,1.14285714285714,1.28571428571429,2.14285714285714,1.57142857142857,1,-9,1,0,0,2,1,0,2,0,,3117,"victim","N1",0,2,1,0,"Control","Engineering","Humanities","accept","reject","target_accept_other_reject","outgroup","outgroup",,,,"different",0,"Humanities"
"12","156","156s9",9,1,19,3,1,1,1.14285714285714,1.28571428571429,2.14285714285714,1.57142857142857,2,9,0,1,2,0,1,2,0,0,,3118,"victim","N2",0,2,1,0,"Control","Engineering","Humanities","reject","accept","target_reject_other_accept","outgroup","outgroup",,,,"different",0,"Humanities"
"12","156","156s10",10,1,19,3,1,1,1.14285714285714,1.28571428571429,2.14285714285714,1.57142857142857,1,9,0,0,0,2,1,0,2,0,,3119,"victim","N1",0,2,0,0,"Control","Engineering","Humanities","reject","reject","both_reject","outgroup","outgroup",,,,"different",0,"Humanities"
"12","156","156s10",10,1,19,3,1,1,1.14285714285714,1.28571428571429,2.14285714285714,1.57142857142857,2,9,0,0,2,0,1,2,0,0,,3120,"victim","N2",0,2,0,0,"Control","Engineering","Humanities","reject","reject","both_reject","outgroup","outgroup",,,,"different",0,"Humanities"
"12","157","157s6",6,1,20,2,0,1,1.42857142857143,2.57142857142857,2.14285714285714,1.42857142857143,1,9,0,1,2,1,1,2,1,0,,3131,"victim","N1",2,1,0,1,"Engineering","Humanities","Humanities","reject","accept","target_reject_other_accept","outgroup","ingroup",,,,"different",0,"Humanities"
"12","157","157s6",6,1,20,2,0,1,1.42857142857143,2.57142857142857,2.14285714285714,1.42857142857143,2,-9,1,0,1,2,1,1,2,0,,3132,"victim","N2",2,1,0,1,"Engineering","Humanities","Humanities","accept","reject","target_accept_other_reject","outgroup","ingroup",,,,"different",0,"Humanities"
"12","157","157s7",7,1,20,2,0,1,1.42857142857143,2.57142857142857,2.14285714285714,1.42857142857143,1,-9,1,0,0,0,1,0,0,1,,3133,"victim","N1",0,0,1,0,"Control","Control","Humanities","accept","reject","target_accept_other_reject","outgroup","outgroup",,,,"same",1,"Humanities"
"12","157","157s7",7,1,20,2,0,1,1.42857142857143,2.57142857142857,2.14285714285714,1.42857142857143,2,9,0,1,0,0,1,0,0,1,,3134,"victim","N2",0,0,1,0,"Control","Control","Humanities","reject","accept","target_reject_other_accept","outgroup","outgroup",,,,"same",1,"Humanities"
"12","157","157s8",8,1,20,2,0,1,1.42857142857143,2.57142857142857,2.14285714285714,1.42857142857143,1,-9,1,0,2,1,1,2,1,0,,3135,"victim","N1",2,1,1,0,"Engineering","Humanities","Humanities","accept","reject","target_accept_other_reject","outgroup","ingroup",,,,"different",0,"Humanities"
"12","157","157s8",8,1,20,2,0,1,1.42857142857143,2.57142857142857,2.14285714285714,1.42857142857143,2,9,0,1,1,2,1,1,2,0,,3136,"victim","N2",2,1,1,0,"Engineering","Humanities","Humanities","reject","accept","target_reject_other_accept","outgroup","ingroup",,,,"different",0,"Humanities"
"12","157","157s9",9,1,20,2,0,1,1.42857142857143,2.57142857142857,2.14285714285714,1.42857142857143,1,-9,1,1,2,2,1,2,2,1,,3137,"victim","N1",2,2,1,1,"Engineering","Engineering","Humanities","accept","accept","both_accept","outgroup","outgroup",,,,"same",1,"Humanities"
"12","157","157s9",9,1,20,2,0,1,1.42857142857143,2.57142857142857,2.14285714285714,1.42857142857143,2,-9,1,1,2,2,1,2,2,1,,3138,"victim","N2",2,2,1,1,"Engineering","Engineering","Humanities","accept","accept","both_accept","outgroup","outgroup",,,,"same",1,"Humanities"
"12","157","157s10",10,1,20,2,0,1,1.42857142857143,2.57142857142857,2.14285714285714,1.42857142857143,1,9,0,1,1,2,1,1,2,0,,3139,"victim","N1",1,2,0,1,"Humanities","Engineering","Humanities","reject","accept","target_reject_other_accept","ingroup","outgroup",,,,"different",0,"Humanities"
"12","157","157s10",10,1,20,2,0,1,1.42857142857143,2.57142857142857,2.14285714285714,1.42857142857143,2,-9,1,0,2,1,1,2,1,0,,3140,"victim","N2",1,2,0,1,"Humanities","Engineering","Humanities","accept","reject","target_accept_other_reject","ingroup","outgroup",,,,"different",0,"Humanities"
"12","158","158s1",1,1,18,0,0,1,0.857142857142857,1.71428571428571,1.28571428571429,1,1,-3,1,0,1,1,1,1,1,1,,3141,"victim","N1",1,1,1,0,"Humanities","Humanities","Humanities","accept","reject","target_accept_other_reject","ingroup","ingroup",,,,"same",1,"Humanities"
"12","158","158s1",1,1,18,0,0,1,0.857142857142857,1.71428571428571,1.28571428571429,1,2,9,0,1,1,1,1,1,1,1,,3142,"victim","N2",1,1,1,0,"Humanities","Humanities","Humanities","reject","accept","target_reject_other_accept","ingroup","ingroup",,,,"same",1,"Humanities"
"12","158","158s2",2,1,18,0,0,1,0.857142857142857,1.71428571428571,1.28571428571429,1,1,-5,1,1,0,1,1,0,1,0,,3143,"victim","N1",0,1,1,1,"Control","Humanities","Humanities","accept","accept","both_accept","outgroup","ingroup",,,,"different",0,"Humanities"
"12","158","158s2",2,1,18,0,0,1,0.857142857142857,1.71428571428571,1.28571428571429,1,2,-5,1,1,1,0,1,1,0,0,,3144,"victim","N2",0,1,1,1,"Control","Humanities","Humanities","accept","accept","both_accept","outgroup","ingroup",,,,"different",0,"Humanities"
"12","158","158s3",3,1,18,0,0,1,0.857142857142857,1.71428571428571,1.28571428571429,1,1,9,0,0,2,2,1,2,2,1,,3145,"victim","N1",2,2,0,0,"Engineering","Engineering","Humanities","reject","reject","both_reject","outgroup","outgroup",,,,"same",1,"Humanities"
"12","158","158s3",3,1,18,0,0,1,0.857142857142857,1.71428571428571,1.28571428571429,1,2,9,0,0,2,2,1,2,2,1,,3146,"victim","N2",2,2,0,0,"Engineering","Engineering","Humanities","reject","reject","both_reject","outgroup","outgroup",,,,"same",1,"Humanities"
"12","158","158s4",4,1,18,0,0,1,0.857142857142857,1.71428571428571,1.28571428571429,1,1,-5,1,1,1,0,1,1,0,0,,3147,"victim","N1",1,0,1,1,"Humanities","Control","Humanities","accept","accept","both_accept","ingroup","outgroup",,,,"different",0,"Humanities"
"12","158","158s4",4,1,18,0,0,1,0.857142857142857,1.71428571428571,1.28571428571429,1,2,-5,1,1,0,1,1,0,1,0,,3148,"victim","N2",1,0,1,1,"Humanities","Control","Humanities","accept","accept","both_accept","ingroup","outgroup",,,,"different",0,"Humanities"
"12","158","158s5",5,1,18,0,0,1,0.857142857142857,1.71428571428571,1.28571428571429,1,1,-6,1,1,2,0,1,2,0,0,,3149,"victim","N1",2,0,1,1,"Engineering","Control","Humanities","accept","accept","both_accept","outgroup","outgroup",,,,"different",0,"Humanities"
"12","158","158s5",5,1,18,0,0,1,0.857142857142857,1.71428571428571,1.28571428571429,1,2,-6,1,1,0,2,1,0,2,0,,3150,"victim","N2",2,0,1,1,"Engineering","Control","Humanities","accept","accept","both_accept","outgroup","outgroup",,,,"different",0,"Humanities"
"12","159","159s1",1,1,26,2,0,1,2.28571428571429,2.28571428571429,3,1,1,9,0,1,2,2,1,2,2,1,,3161,"victim","N1",2,2,0,1,"Engineering","Engineering","Humanities","reject","accept","target_reject_other_accept","outgroup","outgroup",,,,"same",1,"Humanities"
"12","159","159s1",1,1,26,2,0,1,2.28571428571429,2.28571428571429,3,1,2,0,1,0,2,2,1,2,2,1,,3162,"victim","N2",2,2,0,1,"Engineering","Engineering","Humanities","accept","reject","target_accept_other_reject","outgroup","outgroup",,,,"same",1,"Humanities"
"12","159","159s2",2,1,26,2,0,1,2.28571428571429,2.28571428571429,3,1,1,0,1,1,1,1,1,1,1,1,,3163,"victim","N1",1,1,1,1,"Humanities","Humanities","Humanities","accept","accept","both_accept","ingroup","ingroup",,,,"same",1,"Humanities"
"12","159","159s2",2,1,26,2,0,1,2.28571428571429,2.28571428571429,3,1,2,0,1,1,1,1,1,1,1,1,,3164,"victim","N2",1,1,1,1,"Humanities","Humanities","Humanities","accept","accept","both_accept","ingroup","ingroup",,,,"same",1,"Humanities"
"12","159","159s3",3,1,26,2,0,1,2.28571428571429,2.28571428571429,3,1,1,4,0,0,2,2,1,2,2,1,,3165,"victim","N1",2,2,0,0,"Engineering","Engineering","Humanities","reject","reject","both_reject","outgroup","outgroup",,,,"same",1,"Humanities"
"12","159","159s3",3,1,26,2,0,1,2.28571428571429,2.28571428571429,3,1,2,4,0,0,2,2,1,2,2,1,,3166,"victim","N2",2,2,0,0,"Engineering","Engineering","Humanities","reject","reject","both_reject","outgroup","outgroup",,,,"same",1,"Humanities"
"12","159","159s4",4,1,26,2,0,1,2.28571428571429,2.28571428571429,3,1,1,0,1,0,1,0,1,1,0,0,,3167,"victim","N1",1,0,1,0,"Humanities","Control","Humanities","accept","reject","target_accept_other_reject","ingroup","outgroup",,,,"different",0,"Humanities"
"12","159","159s4",4,1,26,2,0,1,2.28571428571429,2.28571428571429,3,1,2,0,0,1,0,1,1,0,1,0,,3168,"victim","N2",1,0,1,0,"Humanities","Control","Humanities","reject","accept","target_reject_other_accept","ingroup","outgroup",,,,"different",0,"Humanities"
"12","159","159s5",5,1,26,2,0,1,2.28571428571429,2.28571428571429,3,1,1,1,0,0,1,0,1,1,0,0,,3169,"victim","N1",1,0,0,0,"Humanities","Control","Humanities","reject","reject","both_reject","ingroup","outgroup",,,,"different",0,"Humanities"
"12","159","159s5",5,1,26,2,0,1,2.28571428571429,2.28571428571429,3,1,2,1,0,0,0,1,1,0,1,0,,3170,"victim","N2",1,0,0,0,"Humanities","Control","Humanities","reject","reject","both_reject","ingroup","outgroup",,,,"different",0,"Humanities"
"12","160","160s1",1,1,19,0,1,1,1.28571428571429,2.42857142857143,1.57142857142857,0.857142857142857,1,-9,1,0,2,0,1,2,0,0,,3181,"victim","N1",2,0,1,0,"Engineering","Control","Humanities","accept","reject","target_accept_other_reject","outgroup","outgroup",,,,"different",0,"Humanities"
"12","160","160s1",1,1,19,0,1,1,1.28571428571429,2.42857142857143,1.57142857142857,0.857142857142857,2,9,0,1,0,2,1,0,2,0,,3182,"victim","N2",2,0,1,0,"Engineering","Control","Humanities","reject","accept","target_reject_other_accept","outgroup","outgroup",,,,"different",0,"Humanities"
"12","160","160s2",2,1,19,0,1,1,1.28571428571429,2.42857142857143,1.57142857142857,0.857142857142857,1,9,0,1,2,2,1,2,2,1,,3183,"victim","N1",2,2,0,1,"Engineering","Engineering","Humanities","reject","accept","target_reject_other_accept","outgroup","outgroup",,,,"same",1,"Humanities"
"12","160","160s2",2,1,19,0,1,1,1.28571428571429,2.42857142857143,1.57142857142857,0.857142857142857,2,-9,1,0,2,2,1,2,2,1,,3184,"victim","N2",2,2,0,1,"Engineering","Engineering","Humanities","accept","reject","target_accept_other_reject","outgroup","outgroup",,,,"same",1,"Humanities"
"12","160","160s3",3,1,19,0,1,1,1.28571428571429,2.42857142857143,1.57142857142857,0.857142857142857,1,9,0,1,2,1,1,2,1,0,,3185,"victim","N1",2,1,0,1,"Engineering","Humanities","Humanities","reject","accept","target_reject_other_accept","outgroup","ingroup",,,,"different",0,"Humanities"
"12","160","160s3",3,1,19,0,1,1,1.28571428571429,2.42857142857143,1.57142857142857,0.857142857142857,2,-9,1,0,1,2,1,1,2,0,,3186,"victim","N2",2,1,0,1,"Engineering","Humanities","Humanities","accept","reject","target_accept_other_reject","outgroup","ingroup",,,,"different",0,"Humanities"
"12","160","160s4",4,1,19,0,1,1,1.28571428571429,2.42857142857143,1.57142857142857,0.857142857142857,1,-9,1,1,0,2,1,0,2,0,,3187,"victim","N1",0,2,1,1,"Control","Engineering","Humanities","accept","accept","both_accept","outgroup","outgroup",,,,"different",0,"Humanities"
"12","160","160s4",4,1,19,0,1,1,1.28571428571429,2.42857142857143,1.57142857142857,0.857142857142857,2,-9,1,1,2,0,1,2,0,0,,3188,"victim","N2",0,2,1,1,"Control","Engineering","Humanities","accept","accept","both_accept","outgroup","outgroup",,,,"different",0,"Humanities"
"12","160","160s5",5,1,19,0,1,1,1.28571428571429,2.42857142857143,1.57142857142857,0.857142857142857,1,9,0,1,0,2,1,0,2,0,,3189,"victim","N1",0,2,0,1,"Control","Engineering","Humanities","reject","accept","target_reject_other_accept","outgroup","outgroup",,,,"different",0,"Humanities"
"12","160","160s5",5,1,19,0,1,1,1.28571428571429,2.42857142857143,1.57142857142857,0.857142857142857,2,-9,1,0,2,0,1,2,0,0,,3190,"victim","N2",0,2,0,1,"Control","Engineering","Humanities","accept","reject","target_accept_other_reject","outgroup","outgroup",,,,"different",0,"Humanities"
"12","161","161s6",6,1,18,3,1,1,1.57142857142857,3.42857142857143,3.28571428571429,2,1,3,0,0,0,1,1,0,1,0,,3211,"victim","N1",0,1,0,0,"Control","Humanities","Humanities","reject","reject","both_reject","outgroup","ingroup",,,,"different",0,"Humanities"
"12","161","161s6",6,1,18,3,1,1,1.57142857142857,3.42857142857143,3.28571428571429,2,2,3,0,0,1,0,1,1,0,0,,3212,"victim","N2",0,1,0,0,"Control","Humanities","Humanities","reject","reject","both_reject","outgroup","ingroup",,,,"different",0,"Humanities"
"12","161","161s7",7,1,18,3,1,1,1.57142857142857,3.42857142857143,3.28571428571429,2,1,3,0,0,2,1,1,2,1,0,,3213,"victim","N1",2,1,0,0,"Engineering","Humanities","Humanities","reject","reject","both_reject","outgroup","ingroup",,,,"different",0,"Humanities"
"12","161","161s7",7,1,18,3,1,1,1.57142857142857,3.42857142857143,3.28571428571429,2,2,3,0,0,1,2,1,1,2,0,,3214,"victim","N2",2,1,0,0,"Engineering","Humanities","Humanities","reject","reject","both_reject","outgroup","ingroup",,,,"different",0,"Humanities"
"12","161","161s8",8,1,18,3,1,1,1.57142857142857,3.42857142857143,3.28571428571429,2,1,3,0,0,0,2,1,0,2,0,,3215,"victim","N1",0,2,0,0,"Control","Engineering","Humanities","reject","reject","both_reject","outgroup","outgroup",,,,"different",0,"Humanities"
"12","161","161s8",8,1,18,3,1,1,1.57142857142857,3.42857142857143,3.28571428571429,2,2,3,0,0,2,0,1,2,0,0,,3216,"victim","N2",0,2,0,0,"Control","Engineering","Humanities","reject","reject","both_reject","outgroup","outgroup",,,,"different",0,"Humanities"
"12","161","161s9",9,1,18,3,1,1,1.57142857142857,3.42857142857143,3.28571428571429,2,1,4,0,0,0,2,1,0,2,0,,3217,"victim","N1",0,2,0,0,"Control","Engineering","Humanities","reject","reject","both_reject","outgroup","outgroup",,,,"different",0,"Humanities"
"12","161","161s9",9,1,18,3,1,1,1.57142857142857,3.42857142857143,3.28571428571429,2,2,4,0,0,2,0,1,2,0,0,,3218,"victim","N2",0,2,0,0,"Control","Engineering","Humanities","reject","reject","both_reject","outgroup","outgroup",,,,"different",0,"Humanities"
"12","161","161s10",10,1,18,3,1,1,1.57142857142857,3.42857142857143,3.28571428571429,2,1,2,0,1,1,0,1,1,0,0,,3219,"victim","N1",1,0,0,1,"Humanities","Control","Humanities","reject","accept","target_reject_other_accept","ingroup","outgroup",,,,"different",0,"Humanities"
"12","161","161s10",10,1,18,3,1,1,1.57142857142857,3.42857142857143,3.28571428571429,2,2,-3,1,0,0,1,1,0,1,0,,3220,"victim","N2",1,0,0,1,"Humanities","Control","Humanities","accept","reject","target_accept_other_reject","ingroup","outgroup",,,,"different",0,"Humanities"
"12","162","162s6",6,1,22,2,1,2,3.42857142857143,2.85714285714286,3,2.14285714285714,1,-9,1,1,1,0,2,2,0,0,,3231,"victim","N1",1,0,1,1,"Humanities","Control","Engineering","accept","accept","both_accept","outgroup","outgroup",,,,"different",0,"Engineering"
"12","162","162s6",6,1,22,2,1,2,3.42857142857143,2.85714285714286,3,2.14285714285714,2,-9,1,1,0,1,2,0,2,0,,3232,"victim","N2",1,0,1,1,"Humanities","Control","Engineering","accept","accept","both_accept","outgroup","outgroup",,,,"different",0,"Engineering"
"12","162","162s7",7,1,22,2,1,2,3.42857142857143,2.85714285714286,3,2.14285714285714,1,9,0,1,1,1,2,2,2,1,,3233,"victim","N1",1,1,0,1,"Humanities","Humanities","Engineering","reject","accept","target_reject_other_accept","outgroup","outgroup",,,,"same",1,"Engineering"
"12","162","162s7",7,1,22,2,1,2,3.42857142857143,2.85714285714286,3,2.14285714285714,2,-9,1,0,1,1,2,2,2,1,,3234,"victim","N2",1,1,0,1,"Humanities","Humanities","Engineering","accept","reject","target_accept_other_reject","outgroup","outgroup",,,,"same",1,"Engineering"
"12","162","162s8",8,1,22,2,1,2,3.42857142857143,2.85714285714286,3,2.14285714285714,1,9,0,1,0,1,2,0,2,0,,3235,"victim","N1",0,1,0,1,"Control","Humanities","Engineering","reject","accept","target_reject_other_accept","outgroup","outgroup",,,,"different",0,"Engineering"
"12","162","162s8",8,1,22,2,1,2,3.42857142857143,2.85714285714286,3,2.14285714285714,2,-9,1,0,1,0,2,2,0,0,,3236,"victim","N2",0,1,0,1,"Control","Humanities","Engineering","accept","reject","target_accept_other_reject","outgroup","outgroup",,,,"different",0,"Engineering"
"12","162","162s9",9,1,22,2,1,2,3.42857142857143,2.85714285714286,3,2.14285714285714,1,-9,1,1,2,0,2,1,0,0,,3237,"victim","N1",2,0,1,1,"Engineering","Control","Engineering","accept","accept","both_accept","ingroup","outgroup",,,,"different",0,"Engineering"
"12","162","162s9",9,1,22,2,1,2,3.42857142857143,2.85714285714286,3,2.14285714285714,2,-9,1,1,0,2,2,0,1,0,,3238,"victim","N2",2,0,1,1,"Engineering","Control","Engineering","accept","accept","both_accept","ingroup","outgroup",,,,"different",0,"Engineering"
"12","162","162s10",10,1,22,2,1,2,3.42857142857143,2.85714285714286,3,2.14285714285714,1,-9,1,0,0,0,2,0,0,1,,3239,"victim","N1",0,0,1,0,"Control","Control","Engineering","accept","reject","target_accept_other_reject","outgroup","outgroup",,,,"same",1,"Engineering"
"12","162","162s10",10,1,22,2,1,2,3.42857142857143,2.85714285714286,3,2.14285714285714,2,9,0,1,0,0,2,0,0,1,,3240,"victim","N2",0,0,1,0,"Control","Control","Engineering","reject","accept","target_reject_other_accept","outgroup","outgroup",,,,"same",1,"Engineering"
"12","163","163s1",1,1,20,0,0,2,2.71428571428571,3.28571428571429,2.42857142857143,2.71428571428571,1,-5,1,1,2,2,2,1,1,1,,3241,"victim","N1",2,2,1,1,"Engineering","Engineering","Engineering","accept","accept","both_accept","ingroup","ingroup",,,,"same",1,"Engineering"
"12","163","163s1",1,1,20,0,0,2,2.71428571428571,3.28571428571429,2.42857142857143,2.71428571428571,2,-5,1,1,2,2,2,1,1,1,,3242,"victim","N2",2,2,1,1,"Engineering","Engineering","Engineering","accept","accept","both_accept","ingroup","ingroup",,,,"same",1,"Engineering"
"12","163","163s2",2,1,20,0,0,2,2.71428571428571,3.28571428571429,2.42857142857143,2.71428571428571,1,-4,1,1,2,0,2,1,0,0,,3243,"victim","N1",2,0,1,1,"Engineering","Control","Engineering","accept","accept","both_accept","ingroup","outgroup",,,,"different",0,"Engineering"
"12","163","163s2",2,1,20,0,0,2,2.71428571428571,3.28571428571429,2.42857142857143,2.71428571428571,2,-4,1,1,0,2,2,0,1,0,,3244,"victim","N2",2,0,1,1,"Engineering","Control","Engineering","accept","accept","both_accept","ingroup","outgroup",,,,"different",0,"Engineering"
"12","163","163s3",3,1,20,0,0,2,2.71428571428571,3.28571428571429,2.42857142857143,2.71428571428571,1,-3,1,0,0,0,2,0,0,1,,3245,"victim","N1",0,0,1,0,"Control","Control","Engineering","accept","reject","target_accept_other_reject","outgroup","outgroup",,,,"same",1,"Engineering"
"12","163","163s3",3,1,20,0,0,2,2.71428571428571,3.28571428571429,2.42857142857143,2.71428571428571,2,8,0,1,0,0,2,0,0,1,,3246,"victim","N2",0,0,1,0,"Control","Control","Engineering","reject","accept","target_reject_other_accept","outgroup","outgroup",,,,"same",1,"Engineering"
"12","163","163s4",4,1,20,0,0,2,2.71428571428571,3.28571428571429,2.42857142857143,2.71428571428571,1,7,0,0,0,0,2,0,0,1,,3247,"victim","N1",0,0,0,0,"Control","Control","Engineering","reject","reject","both_reject","outgroup","outgroup",,,,"same",1,"Engineering"
"12","163","163s4",4,1,20,0,0,2,2.71428571428571,3.28571428571429,2.42857142857143,2.71428571428571,2,7,0,0,0,0,2,0,0,1,,3248,"victim","N2",0,0,0,0,"Control","Control","Engineering","reject","reject","both_reject","outgroup","outgroup",,,,"same",1,"Engineering"
"12","163","163s5",5,1,20,0,0,2,2.71428571428571,3.28571428571429,2.42857142857143,2.71428571428571,1,7,0,1,1,2,2,2,1,0,,3249,"victim","N1",1,2,0,1,"Humanities","Engineering","Engineering","reject","accept","target_reject_other_accept","outgroup","ingroup",,,,"different",0,"Engineering"
"12","163","163s5",5,1,20,0,0,2,2.71428571428571,3.28571428571429,2.42857142857143,2.71428571428571,2,-4,1,0,2,1,2,1,2,0,,3250,"victim","N2",1,2,0,1,"Humanities","Engineering","Engineering","accept","reject","target_accept_other_reject","outgroup","ingroup",,,,"different",0,"Engineering"
"12","164","164s1",1,1,19,1,0,2,1.57142857142857,2.71428571428571,2.85714285714286,2.14285714285714,1,9,0,0,1,2,2,2,1,0,,3261,"victim","N1",1,2,0,0,"Humanities","Engineering","Engineering","reject","reject","both_reject","outgroup","ingroup",,,,"different",0,"Engineering"
"12","164","164s1",1,1,19,1,0,2,1.57142857142857,2.71428571428571,2.85714285714286,2.14285714285714,2,9,0,0,2,1,2,1,2,0,,3262,"victim","N2",1,2,0,0,"Humanities","Engineering","Engineering","reject","reject","both_reject","outgroup","ingroup",,,,"different",0,"Engineering"
"12","164","164s2",2,1,19,1,0,2,1.57142857142857,2.71428571428571,2.85714285714286,2.14285714285714,1,9,0,0,2,2,2,1,1,1,,3263,"victim","N1",2,2,0,0,"Engineering","Engineering","Engineering","reject","reject","both_reject","ingroup","ingroup",,,,"same",1,"Engineering"
"12","164","164s2",2,1,19,1,0,2,1.57142857142857,2.71428571428571,2.85714285714286,2.14285714285714,2,9,0,0,2,2,2,1,1,1,,3264,"victim","N2",2,2,0,0,"Engineering","Engineering","Engineering","reject","reject","both_reject","ingroup","ingroup",,,,"same",1,"Engineering"
"12","164","164s3",3,1,19,1,0,2,1.57142857142857,2.71428571428571,2.85714285714286,2.14285714285714,1,6,1,1,0,2,2,0,1,0,,3265,"victim","N1",0,2,1,1,"Control","Engineering","Engineering","accept","accept","both_accept","outgroup","ingroup",,,,"different",0,"Engineering"
"12","164","164s3",3,1,19,1,0,2,1.57142857142857,2.71428571428571,2.85714285714286,2.14285714285714,2,6,1,1,2,0,2,1,0,0,,3266,"victim","N2",0,2,1,1,"Control","Engineering","Engineering","accept","accept","both_accept","outgroup","ingroup",,,,"different",0,"Engineering"
"12","164","164s4",4,1,19,1,0,2,1.57142857142857,2.71428571428571,2.85714285714286,2.14285714285714,1,9,0,0,1,1,2,2,2,1,,3267,"victim","N1",1,1,0,0,"Humanities","Humanities","Engineering","reject","reject","both_reject","outgroup","outgroup",,,,"same",1,"Engineering"
"12","164","164s4",4,1,19,1,0,2,1.57142857142857,2.71428571428571,2.85714285714286,2.14285714285714,2,9,0,0,1,1,2,2,2,1,,3268,"victim","N2",1,1,0,0,"Humanities","Humanities","Engineering","reject","reject","both_reject","outgroup","outgroup",,,,"same",1,"Engineering"
"12","164","164s5",5,1,19,1,0,2,1.57142857142857,2.71428571428571,2.85714285714286,2.14285714285714,1,9,0,1,1,0,2,2,0,0,,3269,"victim","N1",1,0,0,1,"Humanities","Control","Engineering","reject","accept","target_reject_other_accept","outgroup","outgroup",,,,"different",0,"Engineering"
"12","164","164s5",5,1,19,1,0,2,1.57142857142857,2.71428571428571,2.85714285714286,2.14285714285714,2,6,1,0,0,1,2,0,2,0,,3270,"victim","N2",1,0,0,1,"Humanities","Control","Engineering","accept","reject","target_accept_other_reject","outgroup","outgroup",,,,"different",0,"Engineering"
"12","165","165s6",6,1,22,2,1,2,2.14285714285714,3,2.28571428571429,2,1,-3,1,1,2,1,2,1,2,0,,3291,"victim","N1",2,1,1,1,"Engineering","Humanities","Engineering","accept","accept","both_accept","ingroup","outgroup",,,,"different",0,"Engineering"
"12","165","165s6",6,1,22,2,1,2,2.14285714285714,3,2.28571428571429,2,2,-3,1,1,1,2,2,2,1,0,,3292,"victim","N2",2,1,1,1,"Engineering","Humanities","Engineering","accept","accept","both_accept","ingroup","outgroup",,,,"different",0,"Engineering"
"12","165","165s7",7,1,22,2,1,2,2.14285714285714,3,2.28571428571429,2,1,-3,1,0,0,0,2,0,0,1,,3293,"victim","N1",0,0,1,0,"Control","Control","Engineering","accept","reject","target_accept_other_reject","outgroup","outgroup",,,,"same",1,"Engineering"
"12","165","165s7",7,1,22,2,1,2,2.14285714285714,3,2.28571428571429,2,2,9,0,1,0,0,2,0,0,1,,3294,"victim","N2",0,0,1,0,"Control","Control","Engineering","reject","accept","target_reject_other_accept","outgroup","outgroup",,,,"same",1,"Engineering"
"12","165","165s8",8,1,22,2,1,2,2.14285714285714,3,2.28571428571429,2,1,-3,1,0,0,0,2,0,0,1,,3295,"victim","N1",0,0,1,0,"Control","Control","Engineering","accept","reject","target_accept_other_reject","outgroup","outgroup",,,,"same",1,"Engineering"
"12","165","165s8",8,1,22,2,1,2,2.14285714285714,3,2.28571428571429,2,2,9,0,1,0,0,2,0,0,1,,3296,"victim","N2",0,0,1,0,"Control","Control","Engineering","reject","accept","target_reject_other_accept","outgroup","outgroup",,,,"same",1,"Engineering"
"12","165","165s9",9,1,22,2,1,2,2.14285714285714,3,2.28571428571429,2,1,4,1,1,0,1,2,0,2,0,,3297,"victim","N1",0,1,1,1,"Control","Humanities","Engineering","accept","accept","both_accept","outgroup","outgroup",,,,"different",0,"Engineering"
"12","165","165s9",9,1,22,2,1,2,2.14285714285714,3,2.28571428571429,2,2,4,1,1,1,0,2,2,0,0,,3298,"victim","N2",0,1,1,1,"Control","Humanities","Engineering","accept","accept","both_accept","outgroup","outgroup",,,,"different",0,"Engineering"
"12","165","165s10",10,1,22,2,1,2,2.14285714285714,3,2.28571428571429,2,1,9,0,1,0,2,2,0,1,0,,3299,"victim","N1",0,2,0,1,"Control","Engineering","Engineering","reject","accept","target_reject_other_accept","outgroup","ingroup",,,,"different",0,"Engineering"
"12","165","165s10",10,1,22,2,1,2,2.14285714285714,3,2.28571428571429,2,2,-4,1,0,2,0,2,1,0,0,,3300,"victim","N2",0,2,0,1,"Control","Engineering","Engineering","accept","reject","target_accept_other_reject","outgroup","ingroup",,,,"different",0,"Engineering"
"12","166","166s6",6,1,19,2,0,2,3.42857142857143,2.14285714285714,2.28571428571429,1.71428571428571,1,-5,1,1,2,1,2,1,2,0,,3311,"victim","N1",2,1,1,1,"Engineering","Humanities","Engineering","accept","accept","both_accept","ingroup","outgroup",,,,"different",0,"Engineering"
"12","166","166s6",6,1,19,2,0,2,3.42857142857143,2.14285714285714,2.28571428571429,1.71428571428571,2,-5,1,1,1,2,2,2,1,0,,3312,"victim","N2",2,1,1,1,"Engineering","Humanities","Engineering","accept","accept","both_accept","ingroup","outgroup",,,,"different",0,"Engineering"
"12","166","166s7",7,1,19,2,0,2,3.42857142857143,2.14285714285714,2.28571428571429,1.71428571428571,1,9,0,0,2,2,2,1,1,1,,3313,"victim","N1",2,2,0,0,"Engineering","Engineering","Engineering","reject","reject","both_reject","ingroup","ingroup",,,,"same",1,"Engineering"
"12","166","166s7",7,1,19,2,0,2,3.42857142857143,2.14285714285714,2.28571428571429,1.71428571428571,2,9,0,0,2,2,2,1,1,1,,3314,"victim","N2",2,2,0,0,"Engineering","Engineering","Engineering","reject","reject","both_reject","ingroup","ingroup",,,,"same",1,"Engineering"
"12","166","166s8",8,1,19,2,0,2,3.42857142857143,2.14285714285714,2.28571428571429,1.71428571428571,1,9,0,0,0,0,2,0,0,1,,3315,"victim","N1",0,0,0,0,"Control","Control","Engineering","reject","reject","both_reject","outgroup","outgroup",,,,"same",1,"Engineering"
"12","166","166s8",8,1,19,2,0,2,3.42857142857143,2.14285714285714,2.28571428571429,1.71428571428571,2,9,0,0,0,0,2,0,0,1,,3316,"victim","N2",0,0,0,0,"Control","Control","Engineering","reject","reject","both_reject","outgroup","outgroup",,,,"same",1,"Engineering"
"12","166","166s9",9,1,19,2,0,2,3.42857142857143,2.14285714285714,2.28571428571429,1.71428571428571,1,-6,1,1,0,2,2,0,1,0,,3317,"victim","N1",0,2,1,1,"Control","Engineering","Engineering","accept","accept","both_accept","outgroup","ingroup",,,,"different",0,"Engineering"
"12","166","166s9",9,1,19,2,0,2,3.42857142857143,2.14285714285714,2.28571428571429,1.71428571428571,2,-6,1,1,2,0,2,1,0,0,,3318,"victim","N2",0,2,1,1,"Control","Engineering","Engineering","accept","accept","both_accept","outgroup","ingroup",,,,"different",0,"Engineering"
"12","166","166s10",10,1,19,2,0,2,3.42857142857143,2.14285714285714,2.28571428571429,1.71428571428571,1,9,0,0,0,2,2,0,1,0,,3319,"victim","N1",0,2,0,0,"Control","Engineering","Engineering","reject","reject","both_reject","outgroup","ingroup",,,,"different",0,"Engineering"
"12","166","166s10",10,1,19,2,0,2,3.42857142857143,2.14285714285714,2.28571428571429,1.71428571428571,2,9,0,0,2,0,2,1,0,0,,3320,"victim","N2",0,2,0,0,"Control","Engineering","Engineering","reject","reject","both_reject","outgroup","ingroup",,,,"different",0,"Engineering"
"12","167","167s1",1,1,21,1,1,2,1.71428571428571,2.57142857142857,2.28571428571429,2,1,8,0,1,0,2,2,0,1,0,,3321,"victim","N1",0,2,0,1,"Control","Engineering","Engineering","reject","accept","target_reject_other_accept","outgroup","ingroup",,,,"different",0,"Engineering"
"12","167","167s1",1,1,21,1,1,2,1.71428571428571,2.57142857142857,2.28571428571429,2,2,-3,1,0,2,0,2,1,0,0,,3322,"victim","N2",0,2,0,1,"Control","Engineering","Engineering","accept","reject","target_accept_other_reject","outgroup","ingroup",,,,"different",0,"Engineering"
"12","167","167s2",2,1,21,1,1,2,1.71428571428571,2.57142857142857,2.28571428571429,2,1,-5,0,1,1,2,2,2,1,0,,3323,"victim","N1",1,2,0,1,"Humanities","Engineering","Engineering","reject","accept","target_reject_other_accept","outgroup","ingroup",,,,"different",0,"Engineering"
"12","167","167s2",2,1,21,1,1,2,1.71428571428571,2.57142857142857,2.28571428571429,2,2,4,1,0,2,1,2,1,2,0,,3324,"victim","N2",1,2,0,1,"Humanities","Engineering","Engineering","accept","reject","target_accept_other_reject","outgroup","ingroup",,,,"different",0,"Engineering"
"12","167","167s3",3,1,21,1,1,2,1.71428571428571,2.57142857142857,2.28571428571429,2,1,6,0,1,2,1,2,1,2,0,,3325,"victim","N1",2,1,0,1,"Engineering","Humanities","Engineering","reject","accept","target_reject_other_accept","ingroup","outgroup",,,,"different",0,"Engineering"
"12","167","167s3",3,1,21,1,1,2,1.71428571428571,2.57142857142857,2.28571428571429,2,2,-5,1,0,1,2,2,2,1,0,,3326,"victim","N2",2,1,0,1,"Engineering","Humanities","Engineering","accept","reject","target_accept_other_reject","ingroup","outgroup",,,,"different",0,"Engineering"
"12","167","167s4",4,1,21,1,1,2,1.71428571428571,2.57142857142857,2.28571428571429,2,1,5,0,1,0,2,2,0,1,0,,3327,"victim","N1",0,2,0,1,"Control","Engineering","Engineering","reject","accept","target_reject_other_accept","outgroup","ingroup",,,,"different",0,"Engineering"
"12","167","167s4",4,1,21,1,1,2,1.71428571428571,2.57142857142857,2.28571428571429,2,2,-4,1,0,2,0,2,1,0,0,,3328,"victim","N2",0,2,0,1,"Control","Engineering","Engineering","accept","reject","target_accept_other_reject","outgroup","ingroup",,,,"different",0,"Engineering"
"12","167","167s5",5,1,21,1,1,2,1.71428571428571,2.57142857142857,2.28571428571429,2,1,5,0,1,0,0,2,0,0,1,,3329,"victim","N1",0,0,0,1,"Control","Control","Engineering","reject","accept","target_reject_other_accept","outgroup","outgroup",,,,"same",1,"Engineering"
"12","167","167s5",5,1,21,1,1,2,1.71428571428571,2.57142857142857,2.28571428571429,2,2,-3,1,0,0,0,2,0,0,1,,3330,"victim","N2",0,0,0,1,"Control","Control","Engineering","accept","reject","target_accept_other_reject","outgroup","outgroup",,,,"same",1,"Engineering"
"12","168","168s6",6,1,24,2,1,1,2.42857142857143,3.71428571428571,3.42857142857143,1.85714285714286,1,-9,1,1,0,2,1,0,2,0,,3351,"victim","N1",0,2,1,1,"Control","Engineering","Humanities","accept","accept","both_accept","outgroup","outgroup",,,,"different",0,"Humanities"
"12","168","168s6",6,1,24,2,1,1,2.42857142857143,3.71428571428571,3.42857142857143,1.85714285714286,2,-9,1,1,2,0,1,2,0,0,,3352,"victim","N2",0,2,1,1,"Control","Engineering","Humanities","accept","accept","both_accept","outgroup","outgroup",,,,"different",0,"Humanities"
"12","168","168s7",7,1,24,2,1,1,2.42857142857143,3.71428571428571,3.42857142857143,1.85714285714286,1,-9,1,0,1,1,1,1,1,1,,3353,"victim","N1",1,1,1,0,"Humanities","Humanities","Humanities","accept","reject","target_accept_other_reject","ingroup","ingroup",,,,"same",1,"Humanities"
"12","168","168s7",7,1,24,2,1,1,2.42857142857143,3.71428571428571,3.42857142857143,1.85714285714286,2,9,0,1,1,1,1,1,1,1,,3354,"victim","N2",1,1,1,0,"Humanities","Humanities","Humanities","reject","accept","target_reject_other_accept","ingroup","ingroup",,,,"same",1,"Humanities"
"12","168","168s8",8,1,24,2,1,1,2.42857142857143,3.71428571428571,3.42857142857143,1.85714285714286,1,-9,1,0,0,2,1,0,2,0,,3355,"victim","N1",0,2,1,0,"Control","Engineering","Humanities","accept","reject","target_accept_other_reject","outgroup","outgroup",,,,"different",0,"Humanities"
"12","168","168s8",8,1,24,2,1,1,2.42857142857143,3.71428571428571,3.42857142857143,1.85714285714286,2,9,0,1,2,0,1,2,0,0,,3356,"victim","N2",0,2,1,0,"Control","Engineering","Humanities","reject","accept","target_reject_other_accept","outgroup","outgroup",,,,"different",0,"Humanities"
"12","168","168s9",9,1,24,2,1,1,2.42857142857143,3.71428571428571,3.42857142857143,1.85714285714286,1,9,0,1,1,0,1,1,0,0,,3357,"victim","N1",1,0,0,1,"Humanities","Control","Humanities","reject","accept","target_reject_other_accept","ingroup","outgroup",,,,"different",0,"Humanities"
"12","168","168s9",9,1,24,2,1,1,2.42857142857143,3.71428571428571,3.42857142857143,1.85714285714286,2,-9,1,0,0,1,1,0,1,0,,3358,"victim","N2",1,0,0,1,"Humanities","Control","Humanities","accept","reject","target_accept_other_reject","ingroup","outgroup",,,,"different",0,"Humanities"
"12","168","168s10",10,1,24,2,1,1,2.42857142857143,3.71428571428571,3.42857142857143,1.85714285714286,1,9,0,0,2,0,1,2,0,0,,3359,"victim","N1",2,0,0,0,"Engineering","Control","Humanities","reject","reject","both_reject","outgroup","outgroup",,,,"different",0,"Humanities"
"12","168","168s10",10,1,24,2,1,1,2.42857142857143,3.71428571428571,3.42857142857143,1.85714285714286,2,9,0,0,0,2,1,0,2,0,,3360,"victim","N2",2,0,0,0,"Engineering","Control","Humanities","reject","reject","both_reject","outgroup","outgroup",,,,"different",0,"Humanities"
"12","169","169s1",1,1,18,1,0,2,1.57142857142857,2.57142857142857,3,1.71428571428571,1,9,0,0,2,1,2,1,2,0,,3361,"victim","N1",2,1,0,0,"Engineering","Humanities","Engineering","reject","reject","both_reject","ingroup","outgroup",,,,"different",0,"Engineering"
"12","169","169s1",1,1,18,1,0,2,1.57142857142857,2.57142857142857,3,1.71428571428571,2,9,0,0,1,2,2,2,1,0,,3362,"victim","N2",2,1,0,0,"Engineering","Humanities","Engineering","reject","reject","both_reject","ingroup","outgroup",,,,"different",0,"Engineering"
"12","169","169s2",2,1,18,1,0,2,1.57142857142857,2.57142857142857,3,1.71428571428571,1,9,0,1,2,1,2,1,2,0,,3363,"victim","N1",2,1,0,1,"Engineering","Humanities","Engineering","reject","accept","target_reject_other_accept","ingroup","outgroup",,,,"different",0,"Engineering"
"12","169","169s2",2,1,18,1,0,2,1.57142857142857,2.57142857142857,3,1.71428571428571,2,-6,1,0,1,2,2,2,1,0,,3364,"victim","N2",2,1,0,1,"Engineering","Humanities","Engineering","accept","reject","target_accept_other_reject","ingroup","outgroup",,,,"different",0,"Engineering"
"12","169","169s3",3,1,18,1,0,2,1.57142857142857,2.57142857142857,3,1.71428571428571,1,-8,1,1,1,0,2,2,0,0,,3365,"victim","N1",1,0,1,1,"Humanities","Control","Engineering","accept","accept","both_accept","outgroup","outgroup",,,,"different",0,"Engineering"
"12","169","169s3",3,1,18,1,0,2,1.57142857142857,2.57142857142857,3,1.71428571428571,2,-8,1,1,0,1,2,0,2,0,,3366,"victim","N2",1,0,1,1,"Humanities","Control","Engineering","accept","accept","both_accept","outgroup","outgroup",,,,"different",0,"Engineering"
"12","169","169s4",4,1,18,1,0,2,1.57142857142857,2.57142857142857,3,1.71428571428571,1,-8,1,0,0,2,2,0,1,0,,3367,"victim","N1",0,2,1,0,"Control","Engineering","Engineering","accept","reject","target_accept_other_reject","outgroup","ingroup",,,,"different",0,"Engineering"
"12","169","169s4",4,1,18,1,0,2,1.57142857142857,2.57142857142857,3,1.71428571428571,2,8,0,1,2,0,2,1,0,0,,3368,"victim","N2",0,2,1,0,"Control","Engineering","Engineering","reject","accept","target_reject_other_accept","outgroup","ingroup",,,,"different",0,"Engineering"
"12","169","169s5",5,1,18,1,0,2,1.57142857142857,2.57142857142857,3,1.71428571428571,1,-8,1,1,1,1,2,2,2,1,,3369,"victim","N1",1,1,1,1,"Humanities","Humanities","Engineering","accept","accept","both_accept","outgroup","outgroup",,,,"same",1,"Engineering"
"12","169","169s5",5,1,18,1,0,2,1.57142857142857,2.57142857142857,3,1.71428571428571,2,-8,1,1,1,1,2,2,2,1,,3370,"victim","N2",1,1,1,1,"Humanities","Humanities","Engineering","accept","accept","both_accept","outgroup","outgroup",,,,"same",1,"Engineering"
"12","170","170s6",6,1,18,3,0,2,0.714285714285714,2,1.85714285714286,1.57142857142857,1,-7,1,0,0,1,2,0,2,0,,3391,"victim","N1",0,1,1,0,"Control","Humanities","Engineering","accept","reject","target_accept_other_reject","outgroup","outgroup",,,,"different",0,"Engineering"
"12","170","170s6",6,1,18,3,0,2,0.714285714285714,2,1.85714285714286,1.57142857142857,2,8,0,1,1,0,2,2,0,0,,3392,"victim","N2",0,1,1,0,"Control","Humanities","Engineering","reject","accept","target_reject_other_accept","outgroup","outgroup",,,,"different",0,"Engineering"
"12","170","170s7",7,1,18,3,0,2,0.714285714285714,2,1.85714285714286,1.57142857142857,1,9,0,0,2,0,2,1,0,0,,3393,"victim","N1",2,0,0,0,"Engineering","Control","Engineering","reject","reject","both_reject","ingroup","outgroup",,,,"different",0,"Engineering"
"12","170","170s7",7,1,18,3,0,2,0.714285714285714,2,1.85714285714286,1.57142857142857,2,9,0,0,0,2,2,0,1,0,,3394,"victim","N2",2,0,0,0,"Engineering","Control","Engineering","reject","reject","both_reject","ingroup","outgroup",,,,"different",0,"Engineering"
"12","170","170s8",8,1,18,3,0,2,0.714285714285714,2,1.85714285714286,1.57142857142857,1,-9,1,0,0,2,2,0,1,0,,3395,"victim","N1",0,2,1,0,"Control","Engineering","Engineering","accept","reject","target_accept_other_reject","outgroup","ingroup",,,,"different",0,"Engineering"
"12","170","170s8",8,1,18,3,0,2,0.714285714285714,2,1.85714285714286,1.57142857142857,2,7,0,1,2,0,2,1,0,0,,3396,"victim","N2",0,2,1,0,"Control","Engineering","Engineering","reject","accept","target_reject_other_accept","outgroup","ingroup",,,,"different",0,"Engineering"
"12","170","170s9",9,1,18,3,0,2,0.714285714285714,2,1.85714285714286,1.57142857142857,1,9,0,1,2,0,2,1,0,0,,3397,"victim","N1",2,0,0,1,"Engineering","Control","Engineering","reject","accept","target_reject_other_accept","ingroup","outgroup",,,,"different",0,"Engineering"
"12","170","170s9",9,1,18,3,0,2,0.714285714285714,2,1.85714285714286,1.57142857142857,2,-5,1,0,0,2,2,0,1,0,,3398,"victim","N2",2,0,0,1,"Engineering","Control","Engineering","accept","reject","target_accept_other_reject","ingroup","outgroup",,,,"different",0,"Engineering"
"12","170","170s10",10,1,18,3,0,2,0.714285714285714,2,1.85714285714286,1.57142857142857,1,-8,1,0,0,0,2,0,0,1,,3399,"victim","N1",0,0,1,0,"Control","Control","Engineering","accept","reject","target_accept_other_reject","outgroup","outgroup",,,,"same",1,"Engineering"
"12","170","170s10",10,1,18,3,0,2,0.714285714285714,2,1.85714285714286,1.57142857142857,2,7,0,1,0,0,2,0,0,1,,3400,"victim","N2",0,0,1,0,"Control","Control","Engineering","reject","accept","target_reject_other_accept","outgroup","outgroup",,,,"same",1,"Engineering"
"12","171","171s1",1,1,23,3,1,1,1.14285714285714,3.28571428571429,2.71428571428571,1.42857142857143,1,0,0,0,1,1,1,1,1,1,,3401,"victim","N1",1,1,0,0,"Humanities","Humanities","Humanities","reject","reject","both_reject","ingroup","ingroup",,,,"same",1,"Humanities"
"12","171","171s1",1,1,23,3,1,1,1.14285714285714,3.28571428571429,2.71428571428571,1.42857142857143,2,0,0,0,1,1,1,1,1,1,,3402,"victim","N2",1,1,0,0,"Humanities","Humanities","Humanities","reject","reject","both_reject","ingroup","ingroup",,,,"same",1,"Humanities"
"12","171","171s2",2,1,23,3,1,1,1.14285714285714,3.28571428571429,2.71428571428571,1.42857142857143,1,0,1,1,2,2,1,2,2,1,,3403,"victim","N1",2,2,1,1,"Engineering","Engineering","Humanities","accept","accept","both_accept","outgroup","outgroup",,,,"same",1,"Humanities"
"12","171","171s2",2,1,23,3,1,1,1.14285714285714,3.28571428571429,2.71428571428571,1.42857142857143,2,0,1,1,2,2,1,2,2,1,,3404,"victim","N2",2,2,1,1,"Engineering","Engineering","Humanities","accept","accept","both_accept","outgroup","outgroup",,,,"same",1,"Humanities"
"12","171","171s3",3,1,23,3,1,1,1.14285714285714,3.28571428571429,2.71428571428571,1.42857142857143,1,0,1,0,2,1,1,2,1,0,,3405,"victim","N1",2,1,1,0,"Engineering","Humanities","Humanities","accept","reject","target_accept_other_reject","outgroup","ingroup",,,,"different",0,"Humanities"
"12","171","171s3",3,1,23,3,1,1,1.14285714285714,3.28571428571429,2.71428571428571,1.42857142857143,2,0,0,1,1,2,1,1,2,0,,3406,"victim","N2",2,1,1,0,"Engineering","Humanities","Humanities","reject","accept","target_reject_other_accept","outgroup","ingroup",,,,"different",0,"Humanities"
"12","171","171s4",4,1,23,3,1,1,1.14285714285714,3.28571428571429,2.71428571428571,1.42857142857143,1,0,0,0,1,1,1,1,1,1,,3407,"victim","N1",1,1,0,0,"Humanities","Humanities","Humanities","reject","reject","both_reject","ingroup","ingroup",,,,"same",1,"Humanities"
"12","171","171s4",4,1,23,3,1,1,1.14285714285714,3.28571428571429,2.71428571428571,1.42857142857143,2,0,0,0,1,1,1,1,1,1,,3408,"victim","N2",1,1,0,0,"Humanities","Humanities","Humanities","reject","reject","both_reject","ingroup","ingroup",,,,"same",1,"Humanities"
"12","171","171s5",5,1,23,3,1,1,1.14285714285714,3.28571428571429,2.71428571428571,1.42857142857143,1,0,0,1,1,0,1,1,0,0,,3409,"victim","N1",1,0,0,1,"Humanities","Control","Humanities","reject","accept","target_reject_other_accept","ingroup","outgroup",,,,"different",0,"Humanities"
"12","171","171s5",5,1,23,3,1,1,1.14285714285714,3.28571428571429,2.71428571428571,1.42857142857143,2,0,1,0,0,1,1,0,1,0,,3410,"victim","N2",1,0,0,1,"Humanities","Control","Humanities","accept","reject","target_accept_other_reject","ingroup","outgroup",,,,"different",0,"Humanities"
"12","172","172s1",1,1,18,3,0,2,0.571428571428571,2.28571428571429,2.85714285714286,1.85714285714286,1,-5,0,1,0,1,2,0,2,0,,3421,"victim","N1",0,1,0,1,"Control","Humanities","Engineering","reject","accept","target_reject_other_accept","outgroup","outgroup",,,,"different",0,"Engineering"
"12","172","172s1",1,1,18,3,0,2,0.571428571428571,2.28571428571429,2.85714285714286,1.85714285714286,2,5,1,0,1,0,2,2,0,0,,3422,"victim","N2",0,1,0,1,"Control","Humanities","Engineering","accept","reject","target_accept_other_reject","outgroup","outgroup",,,,"different",0,"Engineering"
"12","172","172s2",2,1,18,3,0,2,0.571428571428571,2.28571428571429,2.85714285714286,1.85714285714286,1,9,0,1,0,1,2,0,2,0,,3423,"victim","N1",0,1,0,1,"Control","Humanities","Engineering","reject","accept","target_reject_other_accept","outgroup","outgroup",,,,"different",0,"Engineering"
"12","172","172s2",2,1,18,3,0,2,0.571428571428571,2.28571428571429,2.85714285714286,1.85714285714286,2,9,1,0,1,0,2,2,0,0,,3424,"victim","N2",0,1,0,1,"Control","Humanities","Engineering","accept","reject","target_accept_other_reject","outgroup","outgroup",,,,"different",0,"Engineering"
"12","172","172s3",3,1,18,3,0,2,0.571428571428571,2.28571428571429,2.85714285714286,1.85714285714286,1,9,0,0,2,2,2,1,1,1,,3425,"victim","N1",2,2,0,0,"Engineering","Engineering","Engineering","reject","reject","both_reject","ingroup","ingroup",,,,"same",1,"Engineering"
"12","172","172s3",3,1,18,3,0,2,0.571428571428571,2.28571428571429,2.85714285714286,1.85714285714286,2,9,0,0,2,2,2,1,1,1,,3426,"victim","N2",2,2,0,0,"Engineering","Engineering","Engineering","reject","reject","both_reject","ingroup","ingroup",,,,"same",1,"Engineering"
"12","172","172s4",4,1,18,3,0,2,0.571428571428571,2.28571428571429,2.85714285714286,1.85714285714286,1,-1,1,1,0,1,2,0,2,0,,3427,"victim","N1",0,1,1,1,"Control","Humanities","Engineering","accept","accept","both_accept","outgroup","outgroup",,,,"different",0,"Engineering"
"12","172","172s4",4,1,18,3,0,2,0.571428571428571,2.28571428571429,2.85714285714286,1.85714285714286,2,-1,1,1,1,0,2,2,0,0,,3428,"victim","N2",0,1,1,1,"Control","Humanities","Engineering","accept","accept","both_accept","outgroup","outgroup",,,,"different",0,"Engineering"
"12","172","172s5",5,1,18,3,0,2,0.571428571428571,2.28571428571429,2.85714285714286,1.85714285714286,1,1,0,0,2,0,2,1,0,0,,3429,"victim","N1",2,0,0,0,"Engineering","Control","Engineering","reject","reject","both_reject","ingroup","outgroup",,,,"different",0,"Engineering"
"12","172","172s5",5,1,18,3,0,2,0.571428571428571,2.28571428571429,2.85714285714286,1.85714285714286,2,1,0,0,0,2,2,0,1,0,,3430,"victim","N2",2,0,0,0,"Engineering","Control","Engineering","reject","reject","both_reject","ingroup","outgroup",,,,"different",0,"Engineering"
"12","173","173s6",6,1,18,3,1,2,1.28571428571429,2.14285714285714,2.14285714285714,2.14285714285714,1,9,0,0,2,2,2,1,1,1,,3451,"victim","N1",2,2,0,0,"Engineering","Engineering","Engineering","reject","reject","both_reject","ingroup","ingroup",,,,"same",1,"Engineering"
"12","173","173s6",6,1,18,3,1,2,1.28571428571429,2.14285714285714,2.14285714285714,2.14285714285714,2,9,0,0,2,2,2,1,1,1,,3452,"victim","N2",2,2,0,0,"Engineering","Engineering","Engineering","reject","reject","both_reject","ingroup","ingroup",,,,"same",1,"Engineering"
"12","173","173s7",7,1,18,3,1,2,1.28571428571429,2.14285714285714,2.14285714285714,2.14285714285714,1,9,0,0,2,1,2,1,2,0,,3453,"victim","N1",2,1,0,0,"Engineering","Humanities","Engineering","reject","reject","both_reject","ingroup","outgroup",,,,"different",0,"Engineering"
"12","173","173s7",7,1,18,3,1,2,1.28571428571429,2.14285714285714,2.14285714285714,2.14285714285714,2,9,0,0,1,2,2,2,1,0,,3454,"victim","N2",2,1,0,0,"Engineering","Humanities","Engineering","reject","reject","both_reject","ingroup","outgroup",,,,"different",0,"Engineering"
"12","173","173s8",8,1,18,3,1,2,1.28571428571429,2.14285714285714,2.14285714285714,2.14285714285714,1,8,0,0,1,2,2,2,1,0,,3455,"victim","N1",1,2,0,0,"Humanities","Engineering","Engineering","reject","reject","both_reject","outgroup","ingroup",,,,"different",0,"Engineering"
"12","173","173s8",8,1,18,3,1,2,1.28571428571429,2.14285714285714,2.14285714285714,2.14285714285714,2,8,0,0,2,1,2,1,2,0,,3456,"victim","N2",1,2,0,0,"Humanities","Engineering","Engineering","reject","reject","both_reject","outgroup","ingroup",,,,"different",0,"Engineering"
"12","173","173s9",9,1,18,3,1,2,1.28571428571429,2.14285714285714,2.14285714285714,2.14285714285714,1,8,0,1,1,0,2,2,0,0,,3457,"victim","N1",1,0,0,1,"Humanities","Control","Engineering","reject","accept","target_reject_other_accept","outgroup","outgroup",,,,"different",0,"Engineering"
"12","173","173s9",9,1,18,3,1,2,1.28571428571429,2.14285714285714,2.14285714285714,2.14285714285714,2,6,1,0,0,1,2,0,2,0,,3458,"victim","N2",1,0,0,1,"Humanities","Control","Engineering","accept","reject","target_accept_other_reject","outgroup","outgroup",,,,"different",0,"Engineering"
"12","173","173s10",10,1,18,3,1,2,1.28571428571429,2.14285714285714,2.14285714285714,2.14285714285714,1,9,0,0,0,2,2,0,1,0,,3459,"victim","N1",0,2,0,0,"Control","Engineering","Engineering","reject","reject","both_reject","outgroup","ingroup",,,,"different",0,"Engineering"
"12","173","173s10",10,1,18,3,1,2,1.28571428571429,2.14285714285714,2.14285714285714,2.14285714285714,2,9,0,0,2,0,2,1,0,0,,3460,"victim","N2",0,2,0,0,"Control","Engineering","Engineering","reject","reject","both_reject","outgroup","ingroup",,,,"different",0,"Engineering"
"12","174","174s6",6,1,18,3,0,2,3.28571428571429,2.71428571428571,3,0.857142857142857,1,1,0,0,1,1,2,2,2,1,,3471,"victim","N1",1,1,0,0,"Humanities","Humanities","Engineering","reject","reject","both_reject","outgroup","outgroup",,,,"same",1,"Engineering"
"12","174","174s6",6,1,18,3,0,2,3.28571428571429,2.71428571428571,3,0.857142857142857,2,1,0,0,1,1,2,2,2,1,,3472,"victim","N2",1,1,0,0,"Humanities","Humanities","Engineering","reject","reject","both_reject","outgroup","outgroup",,,,"same",1,"Engineering"
"12","174","174s7",7,1,18,3,0,2,3.28571428571429,2.71428571428571,3,0.857142857142857,1,1,0,1,2,0,2,1,0,0,,3473,"victim","N1",2,0,0,1,"Engineering","Control","Engineering","reject","accept","target_reject_other_accept","ingroup","outgroup",,,,"different",0,"Engineering"
"12","174","174s7",7,1,18,3,0,2,3.28571428571429,2.71428571428571,3,0.857142857142857,2,0,1,0,0,2,2,0,1,0,,3474,"victim","N2",2,0,0,1,"Engineering","Control","Engineering","accept","reject","target_accept_other_reject","ingroup","outgroup",,,,"different",0,"Engineering"
"12","174","174s8",8,1,18,3,0,2,3.28571428571429,2.71428571428571,3,0.857142857142857,1,1,0,1,2,2,2,1,1,1,,3475,"victim","N1",2,2,0,1,"Engineering","Engineering","Engineering","reject","accept","target_reject_other_accept","ingroup","ingroup",,,,"same",1,"Engineering"
"12","174","174s8",8,1,18,3,0,2,3.28571428571429,2.71428571428571,3,0.857142857142857,2,-1,1,0,2,2,2,1,1,1,,3476,"victim","N2",2,2,0,1,"Engineering","Engineering","Engineering","accept","reject","target_accept_other_reject","ingroup","ingroup",,,,"same",1,"Engineering"
"12","174","174s9",9,1,18,3,0,2,3.28571428571429,2.71428571428571,3,0.857142857142857,1,-1,1,1,1,1,2,2,2,1,,3477,"victim","N1",1,1,1,1,"Humanities","Humanities","Engineering","accept","accept","both_accept","outgroup","outgroup",,,,"same",1,"Engineering"
"12","174","174s9",9,1,18,3,0,2,3.28571428571429,2.71428571428571,3,0.857142857142857,2,-1,1,1,1,1,2,2,2,1,,3478,"victim","N2",1,1,1,1,"Humanities","Humanities","Engineering","accept","accept","both_accept","outgroup","outgroup",,,,"same",1,"Engineering"
"12","174","174s10",10,1,18,3,0,2,3.28571428571429,2.71428571428571,3,0.857142857142857,1,1,0,1,2,1,2,1,2,0,,3479,"victim","N1",2,1,0,1,"Engineering","Humanities","Engineering","reject","accept","target_reject_other_accept","ingroup","outgroup",,,,"different",0,"Engineering"
"12","174","174s10",10,1,18,3,0,2,3.28571428571429,2.71428571428571,3,0.857142857142857,2,-1,1,0,1,2,2,2,1,0,,3480,"victim","N2",2,1,0,1,"Engineering","Humanities","Engineering","accept","reject","target_accept_other_reject","ingroup","outgroup",,,,"different",0,"Engineering"
"12","175","175s1",1,1,22,1,0,2,2.85714285714286,3.14285714285714,3,2.42857142857143,1,9,0,1,2,1,2,1,2,0,,3481,"victim","N1",2,1,0,1,"Engineering","Humanities","Engineering","reject","accept","target_reject_other_accept","ingroup","outgroup",,,,"different",0,"Engineering"
"12","175","175s1",1,1,22,1,0,2,2.85714285714286,3.14285714285714,3,2.42857142857143,2,9,1,0,1,2,2,2,1,0,,3482,"victim","N2",2,1,0,1,"Engineering","Humanities","Engineering","accept","reject","target_accept_other_reject","ingroup","outgroup",,,,"different",0,"Engineering"
"12","175","175s2",2,1,22,1,0,2,2.85714285714286,3.14285714285714,3,2.42857142857143,1,9,1,1,2,2,2,1,1,1,,3483,"victim","N1",2,2,1,1,"Engineering","Engineering","Engineering","accept","accept","both_accept","ingroup","ingroup",,,,"same",1,"Engineering"
"12","175","175s2",2,1,22,1,0,2,2.85714285714286,3.14285714285714,3,2.42857142857143,2,9,1,1,2,2,2,1,1,1,,3484,"victim","N2",2,2,1,1,"Engineering","Engineering","Engineering","accept","accept","both_accept","ingroup","ingroup",,,,"same",1,"Engineering"
"12","175","175s3",3,1,22,1,0,2,2.85714285714286,3.14285714285714,3,2.42857142857143,1,9,0,0,2,0,2,1,0,0,,3485,"victim","N1",2,0,0,0,"Engineering","Control","Engineering","reject","reject","both_reject","ingroup","outgroup",,,,"different",0,"Engineering"
"12","175","175s3",3,1,22,1,0,2,2.85714285714286,3.14285714285714,3,2.42857142857143,2,9,0,0,0,2,2,0,1,0,,3486,"victim","N2",2,0,0,0,"Engineering","Control","Engineering","reject","reject","both_reject","ingroup","outgroup",,,,"different",0,"Engineering"
"12","175","175s4",4,1,22,1,0,2,2.85714285714286,3.14285714285714,3,2.42857142857143,1,5,0,1,0,0,2,0,0,1,,3487,"victim","N1",0,0,0,1,"Control","Control","Engineering","reject","accept","target_reject_other_accept","outgroup","outgroup",,,,"same",1,"Engineering"
"12","175","175s4",4,1,22,1,0,2,2.85714285714286,3.14285714285714,3,2.42857142857143,2,9,1,0,0,0,2,0,0,1,,3488,"victim","N2",0,0,0,1,"Control","Control","Engineering","accept","reject","target_accept_other_reject","outgroup","outgroup",,,,"same",1,"Engineering"
"12","175","175s5",5,1,22,1,0,2,2.85714285714286,3.14285714285714,3,2.42857142857143,1,9,0,1,1,0,2,2,0,0,,3489,"victim","N1",1,0,0,1,"Humanities","Control","Engineering","reject","accept","target_reject_other_accept","outgroup","outgroup",,,,"different",0,"Engineering"
"12","175","175s5",5,1,22,1,0,2,2.85714285714286,3.14285714285714,3,2.42857142857143,2,9,1,0,0,1,2,0,2,0,,3490,"victim","N2",1,0,0,1,"Humanities","Control","Engineering","accept","reject","target_accept_other_reject","outgroup","outgroup",,,,"different",0,"Engineering"
"12","176","176s6",6,1,23,3,0,2,1.42857142857143,1.71428571428571,1.85714285714286,1.57142857142857,1,9,1,1,0,0,2,0,0,1,,3511,"victim","N1",0,0,1,1,"Control","Control","Engineering","accept","accept","both_accept","outgroup","outgroup",,,,"same",1,"Engineering"
"12","176","176s6",6,1,23,3,0,2,1.42857142857143,1.71428571428571,1.85714285714286,1.57142857142857,2,9,1,1,0,0,2,0,0,1,,3512,"victim","N2",0,0,1,1,"Control","Control","Engineering","accept","accept","both_accept","outgroup","outgroup",,,,"same",1,"Engineering"
"12","176","176s7",7,1,23,3,0,2,1.42857142857143,1.71428571428571,1.85714285714286,1.57142857142857,1,9,0,1,2,1,2,1,2,0,,3513,"victim","N1",2,1,0,1,"Engineering","Humanities","Engineering","reject","accept","target_reject_other_accept","ingroup","outgroup",,,,"different",0,"Engineering"
"12","176","176s7",7,1,23,3,0,2,1.42857142857143,1.71428571428571,1.85714285714286,1.57142857142857,2,9,1,0,1,2,2,2,1,0,,3514,"victim","N2",2,1,0,1,"Engineering","Humanities","Engineering","accept","reject","target_accept_other_reject","ingroup","outgroup",,,,"different",0,"Engineering"
"12","176","176s8",8,1,23,3,0,2,1.42857142857143,1.71428571428571,1.85714285714286,1.57142857142857,1,9,0,1,2,0,2,1,0,0,,3515,"victim","N1",2,0,0,1,"Engineering","Control","Engineering","reject","accept","target_reject_other_accept","ingroup","outgroup",,,,"different",0,"Engineering"
"12","176","176s8",8,1,23,3,0,2,1.42857142857143,1.71428571428571,1.85714285714286,1.57142857142857,2,9,1,0,0,2,2,0,1,0,,3516,"victim","N2",2,0,0,1,"Engineering","Control","Engineering","accept","reject","target_accept_other_reject","ingroup","outgroup",,,,"different",0,"Engineering"
"12","176","176s9",9,1,23,3,0,2,1.42857142857143,1.71428571428571,1.85714285714286,1.57142857142857,1,9,0,0,0,2,2,0,1,0,,3517,"victim","N1",0,2,0,0,"Control","Engineering","Engineering","reject","reject","both_reject","outgroup","ingroup",,,,"different",0,"Engineering"
"12","176","176s9",9,1,23,3,0,2,1.42857142857143,1.71428571428571,1.85714285714286,1.57142857142857,2,9,0,0,2,0,2,1,0,0,,3518,"victim","N2",0,2,0,0,"Control","Engineering","Engineering","reject","reject","both_reject","outgroup","ingroup",,,,"different",0,"Engineering"
"12","176","176s10",10,1,23,3,0,2,1.42857142857143,1.71428571428571,1.85714285714286,1.57142857142857,1,9,1,1,1,0,2,2,0,0,,3519,"victim","N1",1,0,1,1,"Humanities","Control","Engineering","accept","accept","both_accept","outgroup","outgroup",,,,"different",0,"Engineering"
"12","176","176s10",10,1,23,3,0,2,1.42857142857143,1.71428571428571,1.85714285714286,1.57142857142857,2,9,1,1,0,1,2,0,2,0,,3520,"victim","N2",1,0,1,1,"Humanities","Control","Engineering","accept","accept","both_accept","outgroup","outgroup",,,,"different",0,"Engineering"
"12","177","177s1",1,1,20,3,0,2,3.14285714285714,3.42857142857143,1.71428571428571,2.85714285714286,1,9,0,0,2,0,2,1,0,0,,3521,"victim","N1",2,0,0,0,"Engineering","Control","Engineering","reject","reject","both_reject","ingroup","outgroup",,,,"different",0,"Engineering"
"12","177","177s1",1,1,20,3,0,2,3.14285714285714,3.42857142857143,1.71428571428571,2.85714285714286,2,9,0,0,0,2,2,0,1,0,,3522,"victim","N2",2,0,0,0,"Engineering","Control","Engineering","reject","reject","both_reject","ingroup","outgroup",,,,"different",0,"Engineering"
"12","177","177s2",2,1,20,3,0,2,3.14285714285714,3.42857142857143,1.71428571428571,2.85714285714286,1,-2,1,1,0,0,2,0,0,1,,3523,"victim","N1",0,0,1,1,"Control","Control","Engineering","accept","accept","both_accept","outgroup","outgroup",,,,"same",1,"Engineering"
"12","177","177s2",2,1,20,3,0,2,3.14285714285714,3.42857142857143,1.71428571428571,2.85714285714286,2,-2,1,1,0,0,2,0,0,1,,3524,"victim","N2",0,0,1,1,"Control","Control","Engineering","accept","accept","both_accept","outgroup","outgroup",,,,"same",1,"Engineering"
"12","177","177s3",3,1,20,3,0,2,3.14285714285714,3.42857142857143,1.71428571428571,2.85714285714286,1,9,0,0,1,0,2,2,0,0,,3525,"victim","N1",1,0,0,0,"Humanities","Control","Engineering","reject","reject","both_reject","outgroup","outgroup",,,,"different",0,"Engineering"
"12","177","177s3",3,1,20,3,0,2,3.14285714285714,3.42857142857143,1.71428571428571,2.85714285714286,2,9,0,0,0,1,2,0,2,0,,3526,"victim","N2",1,0,0,0,"Humanities","Control","Engineering","reject","reject","both_reject","outgroup","outgroup",,,,"different",0,"Engineering"
"12","177","177s4",4,1,20,3,0,2,3.14285714285714,3.42857142857143,1.71428571428571,2.85714285714286,1,9,0,0,1,1,2,2,2,1,,3527,"victim","N1",1,1,0,0,"Humanities","Humanities","Engineering","reject","reject","both_reject","outgroup","outgroup",,,,"same",1,"Engineering"
"12","177","177s4",4,1,20,3,0,2,3.14285714285714,3.42857142857143,1.71428571428571,2.85714285714286,2,9,0,0,1,1,2,2,2,1,,3528,"victim","N2",1,1,0,0,"Humanities","Humanities","Engineering","reject","reject","both_reject","outgroup","outgroup",,,,"same",1,"Engineering"
"12","177","177s5",5,1,20,3,0,2,3.14285714285714,3.42857142857143,1.71428571428571,2.85714285714286,1,-2,1,1,1,2,2,2,1,0,,3529,"victim","N1",1,2,1,1,"Humanities","Engineering","Engineering","accept","accept","both_accept","outgroup","ingroup",,,,"different",0,"Engineering"
"12","177","177s5",5,1,20,3,0,2,3.14285714285714,3.42857142857143,1.71428571428571,2.85714285714286,2,-2,1,1,2,1,2,1,2,0,,3530,"victim","N2",1,2,1,1,"Humanities","Engineering","Engineering","accept","accept","both_accept","outgroup","ingroup",,,,"different",0,"Engineering"
"12","178","178s6",6,1,22,3,1,2,1,1.85714285714286,2.42857142857143,0.857142857142857,1,9,0,1,1,0,2,2,0,0,,3551,"victim","N1",1,0,0,1,"Humanities","Control","Engineering","reject","accept","target_reject_other_accept","outgroup","outgroup",,,,"different",0,"Engineering"
"12","178","178s6",6,1,22,3,1,2,1,1.85714285714286,2.42857142857143,0.857142857142857,2,-9,1,0,0,1,2,0,2,0,,3552,"victim","N2",1,0,0,1,"Humanities","Control","Engineering","accept","reject","target_accept_other_reject","outgroup","outgroup",,,,"different",0,"Engineering"
"12","178","178s7",7,1,22,3,1,2,1,1.85714285714286,2.42857142857143,0.857142857142857,1,0,1,1,2,0,2,1,0,0,,3553,"victim","N1",2,0,1,1,"Engineering","Control","Engineering","accept","accept","both_accept","ingroup","outgroup",,,,"different",0,"Engineering"
"12","178","178s7",7,1,22,3,1,2,1,1.85714285714286,2.42857142857143,0.857142857142857,2,0,1,1,0,2,2,0,1,0,,3554,"victim","N2",2,0,1,1,"Engineering","Control","Engineering","accept","accept","both_accept","ingroup","outgroup",,,,"different",0,"Engineering"
"12","178","178s8",8,1,22,3,1,2,1,1.85714285714286,2.42857142857143,0.857142857142857,1,5,0,1,1,1,2,2,2,1,,3555,"victim","N1",1,1,0,1,"Humanities","Humanities","Engineering","reject","accept","target_reject_other_accept","outgroup","outgroup",,,,"same",1,"Engineering"
"12","178","178s8",8,1,22,3,1,2,1,1.85714285714286,2.42857142857143,0.857142857142857,2,-5,1,0,1,1,2,2,2,1,,3556,"victim","N2",1,1,0,1,"Humanities","Humanities","Engineering","accept","reject","target_accept_other_reject","outgroup","outgroup",,,,"same",1,"Engineering"
"12","178","178s9",9,1,22,3,1,2,1,1.85714285714286,2.42857142857143,0.857142857142857,1,-5,1,0,1,0,2,2,0,0,,3557,"victim","N1",1,0,1,0,"Humanities","Control","Engineering","accept","reject","target_accept_other_reject","outgroup","outgroup",,,,"different",0,"Engineering"
"12","178","178s9",9,1,22,3,1,2,1,1.85714285714286,2.42857142857143,0.857142857142857,2,6,0,1,0,1,2,0,2,0,,3558,"victim","N2",1,0,1,0,"Humanities","Control","Engineering","reject","accept","target_reject_other_accept","outgroup","outgroup",,,,"different",0,"Engineering"
"12","178","178s10",10,1,22,3,1,2,1,1.85714285714286,2.42857142857143,0.857142857142857,1,9,0,1,0,1,2,0,2,0,,3559,"victim","N1",0,1,0,1,"Control","Humanities","Engineering","reject","accept","target_reject_other_accept","outgroup","outgroup",,,,"different",0,"Engineering"
"12","178","178s10",10,1,22,3,1,2,1,1.85714285714286,2.42857142857143,0.857142857142857,2,-9,1,0,1,0,2,2,0,0,,3560,"victim","N2",0,1,0,1,"Control","Humanities","Engineering","accept","reject","target_accept_other_reject","outgroup","outgroup",,,,"different",0,"Engineering"
"13","179","179s1",1,1,23,3,0,2,2.42857142857143,2.57142857142857,3.57142857142857,1.14285714285714,1,9,0,1,2,1,2,1,2,0,,3561,"victim","N1",2,1,0,1,"Engineering","Humanities","Engineering","reject","accept","target_reject_other_accept","ingroup","outgroup",,,,"different",0,"Engineering"
"13","179","179s1",1,1,23,3,0,2,2.42857142857143,2.57142857142857,3.57142857142857,1.14285714285714,2,9,1,0,1,2,2,2,1,0,,3562,"victim","N2",2,1,0,1,"Engineering","Humanities","Engineering","accept","reject","target_accept_other_reject","ingroup","outgroup",,,,"different",0,"Engineering"
"13","179","179s2",2,1,23,3,0,2,2.42857142857143,2.57142857142857,3.57142857142857,1.14285714285714,1,9,1,1,1,1,2,2,2,1,,3563,"victim","N1",1,1,1,1,"Humanities","Humanities","Engineering","accept","accept","both_accept","outgroup","outgroup",,,,"same",1,"Engineering"
"13","179","179s2",2,1,23,3,0,2,2.42857142857143,2.57142857142857,3.57142857142857,1.14285714285714,2,9,1,1,1,1,2,2,2,1,,3564,"victim","N2",1,1,1,1,"Humanities","Humanities","Engineering","accept","accept","both_accept","outgroup","outgroup",,,,"same",1,"Engineering"
"13","179","179s3",3,1,23,3,0,2,2.42857142857143,2.57142857142857,3.57142857142857,1.14285714285714,1,-2,1,1,0,2,2,0,1,0,,3565,"victim","N1",0,2,1,1,"Control","Engineering","Engineering","accept","accept","both_accept","outgroup","ingroup",,,,"different",0,"Engineering"
"13","179","179s3",3,1,23,3,0,2,2.42857142857143,2.57142857142857,3.57142857142857,1.14285714285714,2,-2,1,1,2,0,2,1,0,0,,3566,"victim","N2",0,2,1,1,"Control","Engineering","Engineering","accept","accept","both_accept","outgroup","ingroup",,,,"different",0,"Engineering"
"13","179","179s4",4,1,23,3,0,2,2.42857142857143,2.57142857142857,3.57142857142857,1.14285714285714,1,3,0,0,1,2,2,2,1,0,,3567,"victim","N1",1,2,0,0,"Humanities","Engineering","Engineering","reject","reject","both_reject","outgroup","ingroup",,,,"different",0,"Engineering"
"13","179","179s4",4,1,23,3,0,2,2.42857142857143,2.57142857142857,3.57142857142857,1.14285714285714,2,3,0,0,2,1,2,1,2,0,,3568,"victim","N2",1,2,0,0,"Humanities","Engineering","Engineering","reject","reject","both_reject","outgroup","ingroup",,,,"different",0,"Engineering"
"13","179","179s5",5,1,23,3,0,2,2.42857142857143,2.57142857142857,3.57142857142857,1.14285714285714,1,3,0,0,2,2,2,1,1,1,,3569,"victim","N1",2,2,0,0,"Engineering","Engineering","Engineering","reject","reject","both_reject","ingroup","ingroup",,,,"same",1,"Engineering"
"13","179","179s5",5,1,23,3,0,2,2.42857142857143,2.57142857142857,3.57142857142857,1.14285714285714,2,3,0,0,2,2,2,1,1,1,,3570,"victim","N2",2,2,0,0,"Engineering","Engineering","Engineering","reject","reject","both_reject","ingroup","ingroup",,,,"same",1,"Engineering"
"13","180","180s1",1,1,18,2,0,2,3,3.14285714285714,2.85714285714286,1.42857142857143,1,-6,1,1,2,0,2,1,0,0,,3581,"victim","N1",2,0,1,1,"Engineering","Control","Engineering","accept","accept","both_accept","ingroup","outgroup",,,,"different",0,"Engineering"
"13","180","180s1",1,1,18,2,0,2,3,3.14285714285714,2.85714285714286,1.42857142857143,2,-6,1,1,0,2,2,0,1,0,,3582,"victim","N2",2,0,1,1,"Engineering","Control","Engineering","accept","accept","both_accept","ingroup","outgroup",,,,"different",0,"Engineering"
"13","180","180s2",2,1,18,2,0,2,3,3.14285714285714,2.85714285714286,1.42857142857143,1,-4,0,1,2,2,2,1,1,1,,3583,"victim","N1",2,2,0,1,"Engineering","Engineering","Engineering","reject","accept","target_reject_other_accept","ingroup","ingroup",,,,"same",1,"Engineering"
"13","180","180s2",2,1,18,2,0,2,3,3.14285714285714,2.85714285714286,1.42857142857143,2,-8,1,0,2,2,2,1,1,1,,3584,"victim","N2",2,2,0,1,"Engineering","Engineering","Engineering","accept","reject","target_accept_other_reject","ingroup","ingroup",,,,"same",1,"Engineering"
"13","180","180s3",3,1,18,2,0,2,3,3.14285714285714,2.85714285714286,1.42857142857143,1,8,0,1,1,0,2,2,0,0,,3585,"victim","N1",1,0,0,1,"Humanities","Control","Engineering","reject","accept","target_reject_other_accept","outgroup","outgroup",,,,"different",0,"Engineering"
"13","180","180s3",3,1,18,2,0,2,3,3.14285714285714,2.85714285714286,1.42857142857143,2,-9,1,0,0,1,2,0,2,0,,3586,"victim","N2",1,0,0,1,"Humanities","Control","Engineering","accept","reject","target_accept_other_reject","outgroup","outgroup",,,,"different",0,"Engineering"
"13","180","180s4",4,1,18,2,0,2,3,3.14285714285714,2.85714285714286,1.42857142857143,1,-8,1,1,1,0,2,2,0,0,,3587,"victim","N1",1,0,1,1,"Humanities","Control","Engineering","accept","accept","both_accept","outgroup","outgroup",,,,"different",0,"Engineering"
"13","180","180s4",4,1,18,2,0,2,3,3.14285714285714,2.85714285714286,1.42857142857143,2,-8,1,1,0,1,2,0,2,0,,3588,"victim","N2",1,0,1,1,"Humanities","Control","Engineering","accept","accept","both_accept","outgroup","outgroup",,,,"different",0,"Engineering"
"13","180","180s5",5,1,18,2,0,2,3,3.14285714285714,2.85714285714286,1.42857142857143,1,9,0,0,0,0,2,0,0,1,,3589,"victim","N1",0,0,0,0,"Control","Control","Engineering","reject","reject","both_reject","outgroup","outgroup",,,,"same",1,"Engineering"
"13","180","180s5",5,1,18,2,0,2,3,3.14285714285714,2.85714285714286,1.42857142857143,2,9,0,0,0,0,2,0,0,1,,3590,"victim","N2",0,0,0,0,"Control","Control","Engineering","reject","reject","both_reject","outgroup","outgroup",,,,"same",1,"Engineering"
"13","181","181s6",6,1,20,3,0,2,3.14285714285714,2.71428571428571,2.28571428571429,2.42857142857143,1,4,0,0,1,1,2,2,2,1,,3611,"victim","N1",1,1,0,0,"Humanities","Humanities","Engineering","reject","reject","both_reject","outgroup","outgroup",,,,"same",1,"Engineering"
"13","181","181s6",6,1,20,3,0,2,3.14285714285714,2.71428571428571,2.28571428571429,2.42857142857143,2,4,0,0,1,1,2,2,2,1,,3612,"victim","N2",1,1,0,0,"Humanities","Humanities","Engineering","reject","reject","both_reject","outgroup","outgroup",,,,"same",1,"Engineering"
"13","181","181s7",7,1,20,3,0,2,3.14285714285714,2.71428571428571,2.28571428571429,2.42857142857143,1,-9,1,1,0,1,2,0,2,0,,3613,"victim","N1",0,1,1,1,"Control","Humanities","Engineering","accept","accept","both_accept","outgroup","outgroup",,,,"different",0,"Engineering"
"13","181","181s7",7,1,20,3,0,2,3.14285714285714,2.71428571428571,2.28571428571429,2.42857142857143,2,-9,1,1,1,0,2,2,0,0,,3614,"victim","N2",0,1,1,1,"Control","Humanities","Engineering","accept","accept","both_accept","outgroup","outgroup",,,,"different",0,"Engineering"
"13","181","181s8",8,1,20,3,0,2,3.14285714285714,2.71428571428571,2.28571428571429,2.42857142857143,1,2,0,1,1,0,2,2,0,0,,3615,"victim","N1",1,0,0,1,"Humanities","Control","Engineering","reject","accept","target_reject_other_accept","outgroup","outgroup",,,,"different",0,"Engineering"
"13","181","181s8",8,1,20,3,0,2,3.14285714285714,2.71428571428571,2.28571428571429,2.42857142857143,2,-5,1,0,0,1,2,0,2,0,,3616,"victim","N2",1,0,0,1,"Humanities","Control","Engineering","accept","reject","target_accept_other_reject","outgroup","outgroup",,,,"different",0,"Engineering"
"13","181","181s9",9,1,20,3,0,2,3.14285714285714,2.71428571428571,2.28571428571429,2.42857142857143,1,2,0,1,1,0,2,2,0,0,,3617,"victim","N1",1,0,0,1,"Humanities","Control","Engineering","reject","accept","target_reject_other_accept","outgroup","outgroup",,,,"different",0,"Engineering"
"13","181","181s9",9,1,20,3,0,2,3.14285714285714,2.71428571428571,2.28571428571429,2.42857142857143,2,-5,1,0,0,1,2,0,2,0,,3618,"victim","N2",1,0,0,1,"Humanities","Control","Engineering","accept","reject","target_accept_other_reject","outgroup","outgroup",,,,"different",0,"Engineering"
"13","181","181s10",10,1,20,3,0,2,3.14285714285714,2.71428571428571,2.28571428571429,2.42857142857143,1,-5,1,0,2,2,2,1,1,1,,3619,"victim","N1",2,2,1,0,"Engineering","Engineering","Engineering","accept","reject","target_accept_other_reject","ingroup","ingroup",,,,"same",1,"Engineering"
"13","181","181s10",10,1,20,3,0,2,3.14285714285714,2.71428571428571,2.28571428571429,2.42857142857143,2,2,0,1,2,2,2,1,1,1,,3620,"victim","N2",2,2,1,0,"Engineering","Engineering","Engineering","reject","accept","target_reject_other_accept","ingroup","ingroup",,,,"same",1,"Engineering"
"13","182","182s6",6,1,19,3,0,1,1.28571428571429,1.85714285714286,2.42857142857143,0.857142857142857,1,9,0,0,1,2,1,1,2,0,,3631,"victim","N1",1,2,0,0,"Humanities","Engineering","Humanities","reject","reject","both_reject","ingroup","outgroup",,,,"different",0,"Humanities"
"13","182","182s6",6,1,19,3,0,1,1.28571428571429,1.85714285714286,2.42857142857143,0.857142857142857,2,9,0,0,2,1,1,2,1,0,,3632,"victim","N2",1,2,0,0,"Humanities","Engineering","Humanities","reject","reject","both_reject","ingroup","outgroup",,,,"different",0,"Humanities"
"13","182","182s7",7,1,19,3,0,1,1.28571428571429,1.85714285714286,2.42857142857143,0.857142857142857,1,9,0,0,1,2,1,1,2,0,,3633,"victim","N1",1,2,0,0,"Humanities","Engineering","Humanities","reject","reject","both_reject","ingroup","outgroup",,,,"different",0,"Humanities"
"13","182","182s7",7,1,19,3,0,1,1.28571428571429,1.85714285714286,2.42857142857143,0.857142857142857,2,9,0,0,2,1,1,2,1,0,,3634,"victim","N2",1,2,0,0,"Humanities","Engineering","Humanities","reject","reject","both_reject","ingroup","outgroup",,,,"different",0,"Humanities"
"13","182","182s8",8,1,19,3,0,1,1.28571428571429,1.85714285714286,2.42857142857143,0.857142857142857,1,-9,1,0,2,0,1,2,0,0,,3635,"victim","N1",2,0,1,0,"Engineering","Control","Humanities","accept","reject","target_accept_other_reject","outgroup","outgroup",,,,"different",0,"Humanities"
"13","182","182s8",8,1,19,3,0,1,1.28571428571429,1.85714285714286,2.42857142857143,0.857142857142857,2,9,0,1,0,2,1,0,2,0,,3636,"victim","N2",2,0,1,0,"Engineering","Control","Humanities","reject","accept","target_reject_other_accept","outgroup","outgroup",,,,"different",0,"Humanities"
"13","182","182s9",9,1,19,3,0,1,1.28571428571429,1.85714285714286,2.42857142857143,0.857142857142857,1,-4,1,1,1,1,1,1,1,1,,3637,"victim","N1",1,1,1,1,"Humanities","Humanities","Humanities","accept","accept","both_accept","ingroup","ingroup",,,,"same",1,"Humanities"
"13","182","182s9",9,1,19,3,0,1,1.28571428571429,1.85714285714286,2.42857142857143,0.857142857142857,2,-4,1,1,1,1,1,1,1,1,,3638,"victim","N2",1,1,1,1,"Humanities","Humanities","Humanities","accept","accept","both_accept","ingroup","ingroup",,,,"same",1,"Humanities"
"13","182","182s10",10,1,19,3,0,1,1.28571428571429,1.85714285714286,2.42857142857143,0.857142857142857,1,9,0,1,0,1,1,0,1,0,,3639,"victim","N1",0,1,0,1,"Control","Humanities","Humanities","reject","accept","target_reject_other_accept","outgroup","ingroup",,,,"different",0,"Humanities"
"13","182","182s10",10,1,19,3,0,1,1.28571428571429,1.85714285714286,2.42857142857143,0.857142857142857,2,-9,1,0,1,0,1,1,0,0,,3640,"victim","N2",0,1,0,1,"Control","Humanities","Humanities","accept","reject","target_accept_other_reject","outgroup","ingroup",,,,"different",0,"Humanities"
"13","183","183s6",6,1,18,4,0,1,3,2.85714285714286,2.14285714285714,0.857142857142857,1,0,1,0,2,2,1,2,2,1,,3651,"victim","N1",2,2,1,0,"Engineering","Engineering","Humanities","accept","reject","target_accept_other_reject","outgroup","outgroup",,,,"same",1,"Humanities"
"13","183","183s6",6,1,18,4,0,1,3,2.85714285714286,2.14285714285714,0.857142857142857,2,0,0,1,2,2,1,2,2,1,,3652,"victim","N2",2,2,1,0,"Engineering","Engineering","Humanities","reject","accept","target_reject_other_accept","outgroup","outgroup",,,,"same",1,"Humanities"
"13","183","183s7",7,1,18,4,0,1,3,2.85714285714286,2.14285714285714,0.857142857142857,1,4,0,1,0,2,1,0,2,0,,3653,"victim","N1",0,2,0,1,"Control","Engineering","Humanities","reject","accept","target_reject_other_accept","outgroup","outgroup",,,,"different",0,"Humanities"
"13","183","183s7",7,1,18,4,0,1,3,2.85714285714286,2.14285714285714,0.857142857142857,2,-2,1,0,2,0,1,2,0,0,,3654,"victim","N2",0,2,0,1,"Control","Engineering","Humanities","accept","reject","target_accept_other_reject","outgroup","outgroup",,,,"different",0,"Humanities"
"13","183","183s8",8,1,18,4,0,1,3,2.85714285714286,2.14285714285714,0.857142857142857,1,4,0,1,0,2,1,0,2,0,,3655,"victim","N1",0,2,0,1,"Control","Engineering","Humanities","reject","accept","target_reject_other_accept","outgroup","outgroup",,,,"different",0,"Humanities"
"13","183","183s8",8,1,18,4,0,1,3,2.85714285714286,2.14285714285714,0.857142857142857,2,-2,1,0,2,0,1,2,0,0,,3656,"victim","N2",0,2,0,1,"Control","Engineering","Humanities","accept","reject","target_accept_other_reject","outgroup","outgroup",,,,"different",0,"Humanities"
"13","183","183s9",9,1,18,4,0,1,3,2.85714285714286,2.14285714285714,0.857142857142857,1,5,0,0,1,1,1,1,1,1,,3657,"victim","N1",1,1,0,0,"Humanities","Humanities","Humanities","reject","reject","both_reject","ingroup","ingroup",,,,"same",1,"Humanities"
"13","183","183s9",9,1,18,4,0,1,3,2.85714285714286,2.14285714285714,0.857142857142857,2,5,0,0,1,1,1,1,1,1,,3658,"victim","N2",1,1,0,0,"Humanities","Humanities","Humanities","reject","reject","both_reject","ingroup","ingroup",,,,"same",1,"Humanities"
"13","183","183s10",10,1,18,4,0,1,3,2.85714285714286,2.14285714285714,0.857142857142857,1,5,0,0,1,1,1,1,1,1,,3659,"victim","N1",1,1,0,0,"Humanities","Humanities","Humanities","reject","reject","both_reject","ingroup","ingroup",,,,"same",1,"Humanities"
"13","183","183s10",10,1,18,4,0,1,3,2.85714285714286,2.14285714285714,0.857142857142857,2,5,0,0,1,1,1,1,1,1,,3660,"victim","N2",1,1,0,0,"Humanities","Humanities","Humanities","reject","reject","both_reject","ingroup","ingroup",,,,"same",1,"Humanities"
"13","184","184s1",1,1,18,2,0,2,1.14285714285714,3.28571428571429,3.85714285714286,1.57142857142857,1,0,1,1,0,0,2,0,0,1,,3661,"victim","N1",0,0,1,1,"Control","Control","Engineering","accept","accept","both_accept","outgroup","outgroup",,,,"same",1,"Engineering"
"13","184","184s1",1,1,18,2,0,2,1.14285714285714,3.28571428571429,3.85714285714286,1.57142857142857,2,0,1,1,0,0,2,0,0,1,,3662,"victim","N2",0,0,1,1,"Control","Control","Engineering","accept","accept","both_accept","outgroup","outgroup",,,,"same",1,"Engineering"
"13","184","184s2",2,1,18,2,0,2,1.14285714285714,3.28571428571429,3.85714285714286,1.57142857142857,1,0,1,1,2,0,2,1,0,0,,3663,"victim","N1",2,0,1,1,"Engineering","Control","Engineering","accept","accept","both_accept","ingroup","outgroup",,,,"different",0,"Engineering"
"13","184","184s2",2,1,18,2,0,2,1.14285714285714,3.28571428571429,3.85714285714286,1.57142857142857,2,0,1,1,0,2,2,0,1,0,,3664,"victim","N2",2,0,1,1,"Engineering","Control","Engineering","accept","accept","both_accept","ingroup","outgroup",,,,"different",0,"Engineering"
"13","184","184s3",3,1,18,2,0,2,1.14285714285714,3.28571428571429,3.85714285714286,1.57142857142857,1,9,0,0,1,0,2,2,0,0,,3665,"victim","N1",1,0,0,0,"Humanities","Control","Engineering","reject","reject","both_reject","outgroup","outgroup",,,,"different",0,"Engineering"
"13","184","184s3",3,1,18,2,0,2,1.14285714285714,3.28571428571429,3.85714285714286,1.57142857142857,2,9,0,0,0,1,2,0,2,0,,3666,"victim","N2",1,0,0,0,"Humanities","Control","Engineering","reject","reject","both_reject","outgroup","outgroup",,,,"different",0,"Engineering"
"13","184","184s4",4,1,18,2,0,2,1.14285714285714,3.28571428571429,3.85714285714286,1.57142857142857,1,9,0,0,1,1,2,2,2,1,,3667,"victim","N1",1,1,0,0,"Humanities","Humanities","Engineering","reject","reject","both_reject","outgroup","outgroup",,,,"same",1,"Engineering"
"13","184","184s4",4,1,18,2,0,2,1.14285714285714,3.28571428571429,3.85714285714286,1.57142857142857,2,9,0,0,1,1,2,2,2,1,,3668,"victim","N2",1,1,0,0,"Humanities","Humanities","Engineering","reject","reject","both_reject","outgroup","outgroup",,,,"same",1,"Engineering"
"13","184","184s5",5,1,18,2,0,2,1.14285714285714,3.28571428571429,3.85714285714286,1.57142857142857,1,9,0,0,0,2,2,0,1,0,,3669,"victim","N1",0,2,0,0,"Control","Engineering","Engineering","reject","reject","both_reject","outgroup","ingroup",,,,"different",0,"Engineering"
"13","184","184s5",5,1,18,2,0,2,1.14285714285714,3.28571428571429,3.85714285714286,1.57142857142857,2,9,0,0,2,0,2,1,0,0,,3670,"victim","N2",0,2,0,0,"Control","Engineering","Engineering","reject","reject","both_reject","outgroup","ingroup",,,,"different",0,"Engineering"
"13","185","185s1",1,1,20,2,0,2,1.42857142857143,1.71428571428571,2.71428571428571,0.571428571428571,1,-1,1,1,0,2,2,0,1,0,,3681,"victim","N1",0,2,1,1,"Control","Engineering","Engineering","accept","accept","both_accept","outgroup","ingroup",,,,"different",0,"Engineering"
"13","185","185s1",1,1,20,2,0,2,1.42857142857143,1.71428571428571,2.71428571428571,0.571428571428571,2,-1,1,1,2,0,2,1,0,0,,3682,"victim","N2",0,2,1,1,"Control","Engineering","Engineering","accept","accept","both_accept","outgroup","ingroup",,,,"different",0,"Engineering"
"13","185","185s2",2,1,20,2,0,2,1.42857142857143,1.71428571428571,2.71428571428571,0.571428571428571,1,-1,1,1,0,2,2,0,1,0,,3683,"victim","N1",0,2,1,1,"Control","Engineering","Engineering","accept","accept","both_accept","outgroup","ingroup",,,,"different",0,"Engineering"
"13","185","185s2",2,1,20,2,0,2,1.42857142857143,1.71428571428571,2.71428571428571,0.571428571428571,2,-1,1,1,2,0,2,1,0,0,,3684,"victim","N2",0,2,1,1,"Control","Engineering","Engineering","accept","accept","both_accept","outgroup","ingroup",,,,"different",0,"Engineering"
"13","185","185s3",3,1,20,2,0,2,1.42857142857143,1.71428571428571,2.71428571428571,0.571428571428571,1,5,0,1,0,2,2,0,1,0,,3685,"victim","N1",0,2,0,1,"Control","Engineering","Engineering","reject","accept","target_reject_other_accept","outgroup","ingroup",,,,"different",0,"Engineering"
"13","185","185s3",3,1,20,2,0,2,1.42857142857143,1.71428571428571,2.71428571428571,0.571428571428571,2,-4,1,0,2,0,2,1,0,0,,3686,"victim","N2",0,2,0,1,"Control","Engineering","Engineering","accept","reject","target_accept_other_reject","outgroup","ingroup",,,,"different",0,"Engineering"
"13","185","185s4",4,1,20,2,0,2,1.42857142857143,1.71428571428571,2.71428571428571,0.571428571428571,1,-2,1,1,2,0,2,1,0,0,,3687,"victim","N1",2,0,1,1,"Engineering","Control","Engineering","accept","accept","both_accept","ingroup","outgroup",,,,"different",0,"Engineering"
"13","185","185s4",4,1,20,2,0,2,1.42857142857143,1.71428571428571,2.71428571428571,0.571428571428571,2,-2,1,1,0,2,2,0,1,0,,3688,"victim","N2",2,0,1,1,"Engineering","Control","Engineering","accept","accept","both_accept","ingroup","outgroup",,,,"different",0,"Engineering"
"13","185","185s5",5,1,20,2,0,2,1.42857142857143,1.71428571428571,2.71428571428571,0.571428571428571,1,7,0,0,1,0,2,2,0,0,,3689,"victim","N1",1,0,0,0,"Humanities","Control","Engineering","reject","reject","both_reject","outgroup","outgroup",,,,"different",0,"Engineering"
"13","185","185s5",5,1,20,2,0,2,1.42857142857143,1.71428571428571,2.71428571428571,0.571428571428571,2,7,0,0,0,1,2,0,2,0,,3690,"victim","N2",1,0,0,0,"Humanities","Control","Engineering","reject","reject","both_reject","outgroup","outgroup",,,,"different",0,"Engineering"
"13","186","186s1",1,1,18,2,0,2,2.85714285714286,3.85714285714286,3.42857142857143,2.57142857142857,1,9,0,0,1,0,2,2,0,0,,3701,"victim","N1",1,0,0,0,"Humanities","Control","Engineering","reject","reject","both_reject","outgroup","outgroup",,,,"different",0,"Engineering"
"13","186","186s1",1,1,18,2,0,2,2.85714285714286,3.85714285714286,3.42857142857143,2.57142857142857,2,9,0,0,0,1,2,0,2,0,,3702,"victim","N2",1,0,0,0,"Humanities","Control","Engineering","reject","reject","both_reject","outgroup","outgroup",,,,"different",0,"Engineering"
"13","186","186s2",2,1,18,2,0,2,2.85714285714286,3.85714285714286,3.42857142857143,2.57142857142857,1,9,0,0,0,1,2,0,2,0,,3703,"victim","N1",0,1,0,0,"Control","Humanities","Engineering","reject","reject","both_reject","outgroup","outgroup",,,,"different",0,"Engineering"
"13","186","186s2",2,1,18,2,0,2,2.85714285714286,3.85714285714286,3.42857142857143,2.57142857142857,2,9,0,0,1,0,2,2,0,0,,3704,"victim","N2",0,1,0,0,"Control","Humanities","Engineering","reject","reject","both_reject","outgroup","outgroup",,,,"different",0,"Engineering"
"13","186","186s3",3,1,18,2,0,2,2.85714285714286,3.85714285714286,3.42857142857143,2.57142857142857,1,5,0,0,2,0,2,1,0,0,,3705,"victim","N1",2,0,0,0,"Engineering","Control","Engineering","reject","reject","both_reject","ingroup","outgroup",,,,"different",0,"Engineering"
"13","186","186s3",3,1,18,2,0,2,2.85714285714286,3.85714285714286,3.42857142857143,2.57142857142857,2,5,0,0,0,2,2,0,1,0,,3706,"victim","N2",2,0,0,0,"Engineering","Control","Engineering","reject","reject","both_reject","ingroup","outgroup",,,,"different",0,"Engineering"
"13","186","186s4",4,1,18,2,0,2,2.85714285714286,3.85714285714286,3.42857142857143,2.57142857142857,1,8,0,1,0,0,2,0,0,1,,3707,"victim","N1",0,0,0,1,"Control","Control","Engineering","reject","accept","target_reject_other_accept","outgroup","outgroup",,,,"same",1,"Engineering"
"13","186","186s4",4,1,18,2,0,2,2.85714285714286,3.85714285714286,3.42857142857143,2.57142857142857,2,-7,1,0,0,0,2,0,0,1,,3708,"victim","N2",0,0,0,1,"Control","Control","Engineering","accept","reject","target_accept_other_reject","outgroup","outgroup",,,,"same",1,"Engineering"
"13","186","186s5",5,1,18,2,0,2,2.85714285714286,3.85714285714286,3.42857142857143,2.57142857142857,1,-7,1,1,0,1,2,0,2,0,,3709,"victim","N1",0,1,1,1,"Control","Humanities","Engineering","accept","accept","both_accept","outgroup","outgroup",,,,"different",0,"Engineering"
"13","186","186s5",5,1,18,2,0,2,2.85714285714286,3.85714285714286,3.42857142857143,2.57142857142857,2,-7,1,1,1,0,2,2,0,0,,3710,"victim","N2",0,1,1,1,"Control","Humanities","Engineering","accept","accept","both_accept","outgroup","outgroup",,,,"different",0,"Engineering"
"13","187","187s6",6,1,18,2,0,2,3.28571428571429,3.57142857142857,2.14285714285714,2.85714285714286,1,-5,1,0,2,1,2,1,2,0,,3731,"victim","N1",2,1,1,0,"Engineering","Humanities","Engineering","accept","reject","target_accept_other_reject","ingroup","outgroup",,,,"different",0,"Engineering"
"13","187","187s6",6,1,18,2,0,2,3.28571428571429,3.57142857142857,2.14285714285714,2.85714285714286,2,9,0,1,1,2,2,2,1,0,,3732,"victim","N2",2,1,1,0,"Engineering","Humanities","Engineering","reject","accept","target_reject_other_accept","ingroup","outgroup",,,,"different",0,"Engineering"
"13","187","187s7",7,1,18,2,0,2,3.28571428571429,3.57142857142857,2.14285714285714,2.85714285714286,1,-5,1,0,2,2,2,1,1,1,,3733,"victim","N1",2,2,1,0,"Engineering","Engineering","Engineering","accept","reject","target_accept_other_reject","ingroup","ingroup",,,,"same",1,"Engineering"
"13","187","187s7",7,1,18,2,0,2,3.28571428571429,3.57142857142857,2.14285714285714,2.85714285714286,2,9,0,1,2,2,2,1,1,1,,3734,"victim","N2",2,2,1,0,"Engineering","Engineering","Engineering","reject","accept","target_reject_other_accept","ingroup","ingroup",,,,"same",1,"Engineering"
"13","187","187s8",8,1,18,2,0,2,3.28571428571429,3.57142857142857,2.14285714285714,2.85714285714286,1,9,0,0,2,1,2,1,2,0,,3735,"victim","N1",2,1,0,0,"Engineering","Humanities","Engineering","reject","reject","both_reject","ingroup","outgroup",,,,"different",0,"Engineering"
"13","187","187s8",8,1,18,2,0,2,3.28571428571429,3.57142857142857,2.14285714285714,2.85714285714286,2,9,0,0,1,2,2,2,1,0,,3736,"victim","N2",2,1,0,0,"Engineering","Humanities","Engineering","reject","reject","both_reject","ingroup","outgroup",,,,"different",0,"Engineering"
"13","187","187s9",9,1,18,2,0,2,3.28571428571429,3.57142857142857,2.14285714285714,2.85714285714286,1,8,0,0,0,0,2,0,0,1,,3737,"victim","N1",0,0,0,0,"Control","Control","Engineering","reject","reject","both_reject","outgroup","outgroup",,,,"same",1,"Engineering"
"13","187","187s9",9,1,18,2,0,2,3.28571428571429,3.57142857142857,2.14285714285714,2.85714285714286,2,8,0,0,0,0,2,0,0,1,,3738,"victim","N2",0,0,0,0,"Control","Control","Engineering","reject","reject","both_reject","outgroup","outgroup",,,,"same",1,"Engineering"
"13","187","187s10",10,1,18,2,0,2,3.28571428571429,3.57142857142857,2.14285714285714,2.85714285714286,1,9,0,0,0,2,2,0,1,0,,3739,"victim","N1",0,2,0,0,"Control","Engineering","Engineering","reject","reject","both_reject","outgroup","ingroup",,,,"different",0,"Engineering"
"13","187","187s10",10,1,18,2,0,2,3.28571428571429,3.57142857142857,2.14285714285714,2.85714285714286,2,9,0,0,2,0,2,1,0,0,,3740,"victim","N2",0,2,0,0,"Control","Engineering","Engineering","reject","reject","both_reject","outgroup","ingroup",,,,"different",0,"Engineering"
"13","188","188s6",6,1,18,2,1,1,1.71428571428571,2.28571428571429,2.42857142857143,1.85714285714286,1,-3,1,1,2,0,1,2,0,0,,3751,"victim","N1",2,0,1,1,"Engineering","Control","Humanities","accept","accept","both_accept","outgroup","outgroup",,,,"different",0,"Humanities"
"13","188","188s6",6,1,18,2,1,1,1.71428571428571,2.28571428571429,2.42857142857143,1.85714285714286,2,-3,1,1,0,2,1,0,2,0,,3752,"victim","N2",2,0,1,1,"Engineering","Control","Humanities","accept","accept","both_accept","outgroup","outgroup",,,,"different",0,"Humanities"
"13","188","188s7",7,1,18,2,1,1,1.71428571428571,2.28571428571429,2.42857142857143,1.85714285714286,1,-3,1,1,1,1,1,1,1,1,,3753,"victim","N1",1,1,1,1,"Humanities","Humanities","Humanities","accept","accept","both_accept","ingroup","ingroup",,,,"same",1,"Humanities"
"13","188","188s7",7,1,18,2,1,1,1.71428571428571,2.28571428571429,2.42857142857143,1.85714285714286,2,-3,1,1,1,1,1,1,1,1,,3754,"victim","N2",1,1,1,1,"Humanities","Humanities","Humanities","accept","accept","both_accept","ingroup","ingroup",,,,"same",1,"Humanities"
"13","188","188s8",8,1,18,2,1,1,1.71428571428571,2.28571428571429,2.42857142857143,1.85714285714286,1,0,0,0,2,2,1,2,2,1,,3755,"victim","N1",2,2,0,0,"Engineering","Engineering","Humanities","reject","reject","both_reject","outgroup","outgroup",,,,"same",1,"Humanities"
"13","188","188s8",8,1,18,2,1,1,1.71428571428571,2.28571428571429,2.42857142857143,1.85714285714286,2,2,0,0,2,2,1,2,2,1,,3756,"victim","N2",2,2,0,0,"Engineering","Engineering","Humanities","reject","reject","both_reject","outgroup","outgroup",,,,"same",1,"Humanities"
"13","188","188s9",9,1,18,2,1,1,1.71428571428571,2.28571428571429,2.42857142857143,1.85714285714286,1,3,0,1,2,1,1,2,1,0,,3757,"victim","N1",2,1,0,1,"Engineering","Humanities","Humanities","reject","accept","target_reject_other_accept","outgroup","ingroup",,,,"different",0,"Humanities"
"13","188","188s9",9,1,18,2,1,1,1.71428571428571,2.28571428571429,2.42857142857143,1.85714285714286,2,-3,1,0,1,2,1,1,2,0,,3758,"victim","N2",2,1,0,1,"Engineering","Humanities","Humanities","accept","reject","target_accept_other_reject","outgroup","ingroup",,,,"different",0,"Humanities"
"13","188","188s10",10,1,18,2,1,1,1.71428571428571,2.28571428571429,2.42857142857143,1.85714285714286,1,3,0,1,1,2,1,1,2,0,,3759,"victim","N1",1,2,0,1,"Humanities","Engineering","Humanities","reject","accept","target_reject_other_accept","ingroup","outgroup",,,,"different",0,"Humanities"
"13","188","188s10",10,1,18,2,1,1,1.71428571428571,2.28571428571429,2.42857142857143,1.85714285714286,2,-2,1,0,2,1,1,2,1,0,,3760,"victim","N2",1,2,0,1,"Humanities","Engineering","Humanities","accept","reject","target_accept_other_reject","ingroup","outgroup",,,,"different",0,"Humanities"
"13","189","189s1",1,1,18,3,1,1,3.85714285714286,3.57142857142857,2.85714285714286,2.85714285714286,1,9,0,1,0,1,1,0,1,0,,3761,"victim","N1",0,1,0,1,"Control","Humanities","Humanities","reject","accept","target_reject_other_accept","outgroup","ingroup",,,,"different",0,"Humanities"
"13","189","189s1",1,1,18,3,1,1,3.85714285714286,3.57142857142857,2.85714285714286,2.85714285714286,2,-1,1,0,1,0,1,1,0,0,,3762,"victim","N2",0,1,0,1,"Control","Humanities","Humanities","accept","reject","target_accept_other_reject","outgroup","ingroup",,,,"different",0,"Humanities"
"13","189","189s2",2,1,18,3,1,1,3.85714285714286,3.57142857142857,2.85714285714286,2.85714285714286,1,-1,1,1,0,0,1,0,0,1,,3763,"victim","N1",0,0,1,1,"Control","Control","Humanities","accept","accept","both_accept","outgroup","outgroup",,,,"same",1,"Humanities"
"13","189","189s2",2,1,18,3,1,1,3.85714285714286,3.57142857142857,2.85714285714286,2.85714285714286,2,-1,1,1,0,0,1,0,0,1,,3764,"victim","N2",0,0,1,1,"Control","Control","Humanities","accept","accept","both_accept","outgroup","outgroup",,,,"same",1,"Humanities"
"13","189","189s3",3,1,18,3,1,1,3.85714285714286,3.57142857142857,2.85714285714286,2.85714285714286,1,8,0,0,2,2,1,2,2,1,,3765,"victim","N1",2,2,0,0,"Engineering","Engineering","Humanities","reject","reject","both_reject","outgroup","outgroup",,,,"same",1,"Humanities"
"13","189","189s3",3,1,18,3,1,1,3.85714285714286,3.57142857142857,2.85714285714286,2.85714285714286,2,8,0,0,2,2,1,2,2,1,,3766,"victim","N2",2,2,0,0,"Engineering","Engineering","Humanities","reject","reject","both_reject","outgroup","outgroup",,,,"same",1,"Humanities"
"13","189","189s4",4,1,18,3,1,1,3.85714285714286,3.57142857142857,2.85714285714286,2.85714285714286,1,9,0,0,0,1,1,0,1,0,,3767,"victim","N1",0,1,0,0,"Control","Humanities","Humanities","reject","reject","both_reject","outgroup","ingroup",,,,"different",0,"Humanities"
"13","189","189s4",4,1,18,3,1,1,3.85714285714286,3.57142857142857,2.85714285714286,2.85714285714286,2,9,0,0,1,0,1,1,0,0,,3768,"victim","N2",0,1,0,0,"Control","Humanities","Humanities","reject","reject","both_reject","outgroup","ingroup",,,,"different",0,"Humanities"
"13","189","189s5",5,1,18,3,1,1,3.85714285714286,3.57142857142857,2.85714285714286,2.85714285714286,1,-1,1,0,2,0,1,2,0,0,,3769,"victim","N1",2,0,1,0,"Engineering","Control","Humanities","accept","reject","target_accept_other_reject","outgroup","outgroup",,,,"different",0,"Humanities"
"13","189","189s5",5,1,18,3,1,1,3.85714285714286,3.57142857142857,2.85714285714286,2.85714285714286,2,8,0,1,0,2,1,0,2,0,,3770,"victim","N2",2,0,1,0,"Engineering","Control","Humanities","reject","accept","target_reject_other_accept","outgroup","outgroup",,,,"different",0,"Humanities"
"13","190","190s1",1,1,18,2,0,1,1,2.42857142857143,2.42857142857143,2.42857142857143,1,5,1,1,0,2,1,0,2,0,,3781,"victim","N1",0,2,1,1,"Control","Engineering","Humanities","accept","accept","both_accept","outgroup","outgroup",,,,"different",0,"Humanities"
"13","190","190s1",1,1,18,2,0,1,1,2.42857142857143,2.42857142857143,2.42857142857143,2,5,1,1,2,0,1,2,0,0,,3782,"victim","N2",0,2,1,1,"Control","Engineering","Humanities","accept","accept","both_accept","outgroup","outgroup",,,,"different",0,"Humanities"
"13","190","190s2",2,1,18,2,0,1,1,2.42857142857143,2.42857142857143,2.42857142857143,1,-4,0,0,1,0,1,1,0,0,,3783,"victim","N1",1,0,0,0,"Humanities","Control","Humanities","reject","reject","both_reject","ingroup","outgroup",,,,"different",0,"Humanities"
"13","190","190s2",2,1,18,2,0,1,1,2.42857142857143,2.42857142857143,2.42857142857143,2,-4,0,0,0,1,1,0,1,0,,3784,"victim","N2",1,0,0,0,"Humanities","Control","Humanities","reject","reject","both_reject","ingroup","outgroup",,,,"different",0,"Humanities"
"13","190","190s3",3,1,18,2,0,1,1,2.42857142857143,2.42857142857143,2.42857142857143,1,-5,0,0,0,0,1,0,0,1,,3785,"victim","N1",0,0,0,0,"Control","Control","Humanities","reject","reject","both_reject","outgroup","outgroup",,,,"same",1,"Humanities"
"13","190","190s3",3,1,18,2,0,1,1,2.42857142857143,2.42857142857143,2.42857142857143,2,-5,0,0,0,0,1,0,0,1,,3786,"victim","N2",0,0,0,0,"Control","Control","Humanities","reject","reject","both_reject","outgroup","outgroup",,,,"same",1,"Humanities"
"13","190","190s4",4,1,18,2,0,1,1,2.42857142857143,2.42857142857143,2.42857142857143,1,-2,1,0,2,2,1,2,2,1,,3787,"victim","N1",2,2,1,0,"Engineering","Engineering","Humanities","accept","reject","target_accept_other_reject","outgroup","outgroup",,,,"same",1,"Humanities"
"13","190","190s4",4,1,18,2,0,1,1,2.42857142857143,2.42857142857143,2.42857142857143,2,4,0,1,2,2,1,2,2,1,,3788,"victim","N2",2,2,1,0,"Engineering","Engineering","Humanities","reject","accept","target_reject_other_accept","outgroup","outgroup",,,,"same",1,"Humanities"
"13","190","190s5",5,1,18,2,0,1,1,2.42857142857143,2.42857142857143,2.42857142857143,1,4,0,1,0,0,1,0,0,1,,3789,"victim","N1",0,0,0,1,"Control","Control","Humanities","reject","accept","target_reject_other_accept","outgroup","outgroup",,,,"same",1,"Humanities"
"13","190","190s5",5,1,18,2,0,1,1,2.42857142857143,2.42857142857143,2.42857142857143,2,-2,1,0,0,0,1,0,0,1,,3790,"victim","N2",0,0,0,1,"Control","Control","Humanities","accept","reject","target_accept_other_reject","outgroup","outgroup",,,,"same",1,"Humanities"
"13","191","191s1",1,1,18,3,0,1,2.57142857142857,3.57142857142857,3.85714285714286,2.42857142857143,1,9,0,1,0,0,1,0,0,1,,3801,"victim","N1",0,0,0,1,"Control","Control","Humanities","reject","accept","target_reject_other_accept","outgroup","outgroup",,,,"same",1,"Humanities"
"13","191","191s1",1,1,18,3,0,1,2.57142857142857,3.57142857142857,3.85714285714286,2.42857142857143,2,-9,1,0,0,0,1,0,0,1,,3802,"victim","N2",0,0,0,1,"Control","Control","Humanities","accept","reject","target_accept_other_reject","outgroup","outgroup",,,,"same",1,"Humanities"
"13","191","191s2",2,1,18,3,0,1,2.57142857142857,3.57142857142857,3.85714285714286,2.42857142857143,1,-9,1,0,1,0,1,1,0,0,,3803,"victim","N1",1,0,1,0,"Humanities","Control","Humanities","accept","reject","target_accept_other_reject","ingroup","outgroup",,,,"different",0,"Humanities"
"13","191","191s2",2,1,18,3,0,1,2.57142857142857,3.57142857142857,3.85714285714286,2.42857142857143,2,9,0,1,0,1,1,0,1,0,,3804,"victim","N2",1,0,1,0,"Humanities","Control","Humanities","reject","accept","target_reject_other_accept","ingroup","outgroup",,,,"different",0,"Humanities"
"13","191","191s3",3,1,18,3,0,1,2.57142857142857,3.57142857142857,3.85714285714286,2.42857142857143,1,-9,1,0,2,1,1,2,1,0,,3805,"victim","N1",2,1,1,0,"Engineering","Humanities","Humanities","accept","reject","target_accept_other_reject","outgroup","ingroup",,,,"different",0,"Humanities"
"13","191","191s3",3,1,18,3,0,1,2.57142857142857,3.57142857142857,3.85714285714286,2.42857142857143,2,9,0,1,1,2,1,1,2,0,,3806,"victim","N2",2,1,1,0,"Engineering","Humanities","Humanities","reject","accept","target_reject_other_accept","outgroup","ingroup",,,,"different",0,"Humanities"
"13","191","191s4",4,1,18,3,0,1,2.57142857142857,3.57142857142857,3.85714285714286,2.42857142857143,1,-9,1,1,2,0,1,2,0,0,,3807,"victim","N1",2,0,1,1,"Engineering","Control","Humanities","accept","accept","both_accept","outgroup","outgroup",,,,"different",0,"Humanities"
"13","191","191s4",4,1,18,3,0,1,2.57142857142857,3.57142857142857,3.85714285714286,2.42857142857143,2,-9,1,1,0,2,1,0,2,0,,3808,"victim","N2",2,0,1,1,"Engineering","Control","Humanities","accept","accept","both_accept","outgroup","outgroup",,,,"different",0,"Humanities"
"13","191","191s5",5,1,18,3,0,1,2.57142857142857,3.57142857142857,3.85714285714286,2.42857142857143,1,-9,1,0,2,1,1,2,1,0,,3809,"victim","N1",2,1,1,0,"Engineering","Humanities","Humanities","accept","reject","target_accept_other_reject","outgroup","ingroup",,,,"different",0,"Humanities"
"13","191","191s5",5,1,18,3,0,1,2.57142857142857,3.57142857142857,3.85714285714286,2.42857142857143,2,9,0,1,1,2,1,1,2,0,,3810,"victim","N2",2,1,1,0,"Engineering","Humanities","Humanities","reject","accept","target_reject_other_accept","outgroup","ingroup",,,,"different",0,"Humanities"
"13","192","192s1",1,1,22,1,1,1,1.14285714285714,3.28571428571429,3,1,1,-1,1,1,0,0,1,0,0,1,,3821,"victim","N1",0,0,1,1,"Control","Control","Humanities","accept","accept","both_accept","outgroup","outgroup",,,,"same",1,"Humanities"
"13","192","192s1",1,1,22,1,1,1,1.14285714285714,3.28571428571429,3,1,2,-1,1,1,0,0,1,0,0,1,,3822,"victim","N2",0,0,1,1,"Control","Control","Humanities","accept","accept","both_accept","outgroup","outgroup",,,,"same",1,"Humanities"
"13","192","192s2",2,1,22,1,1,1,1.14285714285714,3.28571428571429,3,1,1,-3,0,1,2,2,1,2,2,1,,3823,"victim","N1",2,2,0,1,"Engineering","Engineering","Humanities","reject","accept","target_reject_other_accept","outgroup","outgroup",,,,"same",1,"Humanities"
"13","192","192s2",2,1,22,1,1,1,1.14285714285714,3.28571428571429,3,1,2,-3,1,0,2,2,1,2,2,1,,3824,"victim","N2",2,2,0,1,"Engineering","Engineering","Humanities","accept","reject","target_accept_other_reject","outgroup","outgroup",,,,"same",1,"Humanities"
"13","192","192s3",3,1,22,1,1,1,1.14285714285714,3.28571428571429,3,1,1,-3,1,0,0,0,1,0,0,1,,3825,"victim","N1",0,0,1,0,"Control","Control","Humanities","accept","reject","target_accept_other_reject","outgroup","outgroup",,,,"same",1,"Humanities"
"13","192","192s3",3,1,22,1,1,1,1.14285714285714,3.28571428571429,3,1,2,-3,0,1,0,0,1,0,0,1,,3826,"victim","N2",0,0,1,0,"Control","Control","Humanities","reject","accept","target_reject_other_accept","outgroup","outgroup",,,,"same",1,"Humanities"
"13","192","192s4",4,1,22,1,1,1,1.14285714285714,3.28571428571429,3,1,1,-2,1,1,2,1,1,2,1,0,,3827,"victim","N1",2,1,1,1,"Engineering","Humanities","Humanities","accept","accept","both_accept","outgroup","ingroup",,,,"different",0,"Humanities"
"13","192","192s4",4,1,22,1,1,1,1.14285714285714,3.28571428571429,3,1,2,-2,1,1,1,2,1,1,2,0,,3828,"victim","N2",2,1,1,1,"Engineering","Humanities","Humanities","accept","accept","both_accept","outgroup","ingroup",,,,"different",0,"Humanities"
"13","192","192s5",5,1,22,1,1,1,1.14285714285714,3.28571428571429,3,1,1,-3,1,0,0,0,1,0,0,1,,3829,"victim","N1",0,0,1,0,"Control","Control","Humanities","accept","reject","target_accept_other_reject","outgroup","outgroup",,,,"same",1,"Humanities"
"13","192","192s5",5,1,22,1,1,1,1.14285714285714,3.28571428571429,3,1,2,0,0,1,0,0,1,0,0,1,,3830,"victim","N2",0,0,1,0,"Control","Control","Humanities","reject","accept","target_reject_other_accept","outgroup","outgroup",,,,"same",1,"Humanities"
"13","193","193s6",6,1,19,3,1,1,2.14285714285714,2.85714285714286,2,2.42857142857143,1,-1,0,1,2,0,1,2,0,0,,3851,"victim","N1",2,0,0,1,"Engineering","Control","Humanities","reject","accept","target_reject_other_accept","outgroup","outgroup",,,,"different",0,"Humanities"
"13","193","193s6",6,1,19,3,1,1,2.14285714285714,2.85714285714286,2,2.42857142857143,2,-8,1,0,0,2,1,0,2,0,,3852,"victim","N2",2,0,0,1,"Engineering","Control","Humanities","accept","reject","target_accept_other_reject","outgroup","outgroup",,,,"different",0,"Humanities"
"13","193","193s7",7,1,19,3,1,1,2.14285714285714,2.85714285714286,2,2.42857142857143,1,0,0,1,0,2,1,0,2,0,,3853,"victim","N1",0,2,0,1,"Control","Engineering","Humanities","reject","accept","target_reject_other_accept","outgroup","outgroup",,,,"different",0,"Humanities"
"13","193","193s7",7,1,19,3,1,1,2.14285714285714,2.85714285714286,2,2.42857142857143,2,-8,1,0,2,0,1,2,0,0,,3854,"victim","N2",0,2,0,1,"Control","Engineering","Humanities","accept","reject","target_accept_other_reject","outgroup","outgroup",,,,"different",0,"Humanities"
"13","193","193s8",8,1,19,3,1,1,2.14285714285714,2.85714285714286,2,2.42857142857143,1,7,0,0,2,1,1,2,1,0,,3855,"victim","N1",2,1,0,0,"Engineering","Humanities","Humanities","reject","reject","both_reject","outgroup","ingroup",,,,"different",0,"Humanities"
"13","193","193s8",8,1,19,3,1,1,2.14285714285714,2.85714285714286,2,2.42857142857143,2,7,0,0,1,2,1,1,2,0,,3856,"victim","N2",2,1,0,0,"Engineering","Humanities","Humanities","reject","reject","both_reject","outgroup","ingroup",,,,"different",0,"Humanities"
"13","193","193s9",9,1,19,3,1,1,2.14285714285714,2.85714285714286,2,2.42857142857143,1,-8,1,1,1,0,1,1,0,0,,3857,"victim","N1",1,0,1,1,"Humanities","Control","Humanities","accept","accept","both_accept","ingroup","outgroup",,,,"different",0,"Humanities"
"13","193","193s9",9,1,19,3,1,1,2.14285714285714,2.85714285714286,2,2.42857142857143,2,-8,1,1,0,1,1,0,1,0,,3858,"victim","N2",1,0,1,1,"Humanities","Control","Humanities","accept","accept","both_accept","ingroup","outgroup",,,,"different",0,"Humanities"
"13","193","193s10",10,1,19,3,1,1,2.14285714285714,2.85714285714286,2,2.42857142857143,1,-3,0,1,2,1,1,2,1,0,,3859,"victim","N1",2,1,0,1,"Engineering","Humanities","Humanities","reject","accept","target_reject_other_accept","outgroup","ingroup",,,,"different",0,"Humanities"
"13","193","193s10",10,1,19,3,1,1,2.14285714285714,2.85714285714286,2,2.42857142857143,2,-9,1,0,1,2,1,1,2,0,,3860,"victim","N2",2,1,0,1,"Engineering","Humanities","Humanities","accept","reject","target_accept_other_reject","outgroup","ingroup",,,,"different",0,"Humanities"
"13","194","194s1",1,1,20,1,0,1,1,2.57142857142857,2.42857142857143,1.28571428571429,1,-9,1,0,2,1,1,2,1,0,,3861,"victim","N1",2,1,1,0,"Engineering","Humanities","Humanities","accept","reject","target_accept_other_reject","outgroup","ingroup",,,,"different",0,"Humanities"
"13","194","194s1",1,1,20,1,0,1,1,2.57142857142857,2.42857142857143,1.28571428571429,2,9,0,1,1,2,1,1,2,0,,3862,"victim","N2",2,1,1,0,"Engineering","Humanities","Humanities","reject","accept","target_reject_other_accept","outgroup","ingroup",,,,"different",0,"Humanities"
"13","194","194s2",2,1,20,1,0,1,1,2.57142857142857,2.42857142857143,1.28571428571429,1,0,1,0,1,0,1,1,0,0,,3863,"victim","N1",1,0,1,0,"Humanities","Control","Humanities","accept","reject","target_accept_other_reject","ingroup","outgroup",,,,"different",0,"Humanities"
"13","194","194s2",2,1,20,1,0,1,1,2.57142857142857,2.42857142857143,1.28571428571429,2,0,0,1,0,1,1,0,1,0,,3864,"victim","N2",1,0,1,0,"Humanities","Control","Humanities","reject","accept","target_reject_other_accept","ingroup","outgroup",,,,"different",0,"Humanities"
"13","194","194s3",3,1,20,1,0,1,1,2.57142857142857,2.42857142857143,1.28571428571429,1,-9,1,1,1,0,1,1,0,0,,3865,"victim","N1",1,0,1,1,"Humanities","Control","Humanities","accept","accept","both_accept","ingroup","outgroup",,,,"different",0,"Humanities"
"13","194","194s3",3,1,20,1,0,1,1,2.57142857142857,2.42857142857143,1.28571428571429,2,-9,1,1,0,1,1,0,1,0,,3866,"victim","N2",1,0,1,1,"Humanities","Control","Humanities","accept","accept","both_accept","ingroup","outgroup",,,,"different",0,"Humanities"
"13","194","194s4",4,1,20,1,0,1,1,2.57142857142857,2.42857142857143,1.28571428571429,1,9,0,1,2,0,1,2,0,0,,3867,"victim","N1",2,0,0,1,"Engineering","Control","Humanities","reject","accept","target_reject_other_accept","outgroup","outgroup",,,,"different",0,"Humanities"
"13","194","194s4",4,1,20,1,0,1,1,2.57142857142857,2.42857142857143,1.28571428571429,2,-9,1,0,0,2,1,0,2,0,,3868,"victim","N2",2,0,0,1,"Engineering","Control","Humanities","accept","reject","target_accept_other_reject","outgroup","outgroup",,,,"different",0,"Humanities"
"13","194","194s5",5,1,20,1,0,1,1,2.57142857142857,2.42857142857143,1.28571428571429,1,9,0,1,2,2,1,2,2,1,,3869,"victim","N1",2,2,0,1,"Engineering","Engineering","Humanities","reject","accept","target_reject_other_accept","outgroup","outgroup",,,,"same",1,"Humanities"
"13","194","194s5",5,1,20,1,0,1,1,2.57142857142857,2.42857142857143,1.28571428571429,2,-9,1,0,2,2,1,2,2,1,,3870,"victim","N2",2,2,0,1,"Engineering","Engineering","Humanities","accept","reject","target_accept_other_reject","outgroup","outgroup",,,,"same",1,"Humanities"
"13","195","195s6",6,1,22,2,0,1,1.28571428571429,2.85714285714286,2,1.57142857142857,1,2,0,1,0,1,1,0,1,0,,3891,"victim","N1",0,1,0,1,"Control","Humanities","Humanities","reject","accept","target_reject_other_accept","outgroup","ingroup",,,,"different",0,"Humanities"
"13","195","195s6",6,1,22,2,0,1,1.28571428571429,2.85714285714286,2,1.57142857142857,2,-2,1,0,1,0,1,1,0,0,,3892,"victim","N2",0,1,0,1,"Control","Humanities","Humanities","accept","reject","target_accept_other_reject","outgroup","ingroup",,,,"different",0,"Humanities"
"13","195","195s7",7,1,22,2,0,1,1.28571428571429,2.85714285714286,2,1.57142857142857,1,2,0,1,1,1,1,1,1,1,,3893,"victim","N1",1,1,0,1,"Humanities","Humanities","Humanities","reject","accept","target_reject_other_accept","ingroup","ingroup",,,,"same",1,"Humanities"
"13","195","195s7",7,1,22,2,0,1,1.28571428571429,2.85714285714286,2,1.57142857142857,2,-2,1,0,1,1,1,1,1,1,,3894,"victim","N2",1,1,0,1,"Humanities","Humanities","Humanities","accept","reject","target_accept_other_reject","ingroup","ingroup",,,,"same",1,"Humanities"
"13","195","195s8",8,1,22,2,0,1,1.28571428571429,2.85714285714286,2,1.57142857142857,1,2,0,1,0,2,1,0,2,0,,3895,"victim","N1",0,2,0,1,"Control","Engineering","Humanities","reject","accept","target_reject_other_accept","outgroup","outgroup",,,,"different",0,"Humanities"
"13","195","195s8",8,1,22,2,0,1,1.28571428571429,2.85714285714286,2,1.57142857142857,2,-2,1,0,2,0,1,2,0,0,,3896,"victim","N2",0,2,0,1,"Control","Engineering","Humanities","accept","reject","target_accept_other_reject","outgroup","outgroup",,,,"different",0,"Humanities"
"13","195","195s9",9,1,22,2,0,1,1.28571428571429,2.85714285714286,2,1.57142857142857,1,-3,1,0,2,2,1,2,2,1,,3897,"victim","N1",2,2,1,0,"Engineering","Engineering","Humanities","accept","reject","target_accept_other_reject","outgroup","outgroup",,,,"same",1,"Humanities"
"13","195","195s9",9,1,22,2,0,1,1.28571428571429,2.85714285714286,2,1.57142857142857,2,2,0,1,2,2,1,2,2,1,,3898,"victim","N2",2,2,1,0,"Engineering","Engineering","Humanities","reject","accept","target_reject_other_accept","outgroup","outgroup",,,,"same",1,"Humanities"
"13","195","195s10",10,1,22,2,0,1,1.28571428571429,2.85714285714286,2,1.57142857142857,1,-2,1,1,1,2,1,1,2,0,,3899,"victim","N1",1,2,1,1,"Humanities","Engineering","Humanities","accept","accept","both_accept","ingroup","outgroup",,,,"different",0,"Humanities"
"13","195","195s10",10,1,22,2,0,1,1.28571428571429,2.85714285714286,2,1.57142857142857,2,-2,1,1,2,1,1,2,1,0,,3900,"victim","N2",1,2,1,1,"Humanities","Engineering","Humanities","accept","accept","both_accept","ingroup","outgroup",,,,"different",0,"Humanities"
"13","196","196s1",1,1,21,4,1,1,2.14285714285714,3.85714285714286,3.85714285714286,0.428571428571428,1,9,0,1,0,2,1,0,2,0,,3901,"victim","N1",0,2,0,1,"Control","Engineering","Humanities","reject","accept","target_reject_other_accept","outgroup","outgroup",,,,"different",0,"Humanities"
"13","196","196s1",1,1,21,4,1,1,2.14285714285714,3.85714285714286,3.85714285714286,0.428571428571428,2,0,1,0,2,0,1,2,0,0,,3902,"victim","N2",0,2,0,1,"Control","Engineering","Humanities","accept","reject","target_accept_other_reject","outgroup","outgroup",,,,"different",0,"Humanities"
"13","196","196s2",2,1,21,4,1,1,2.14285714285714,3.85714285714286,3.85714285714286,0.428571428571428,1,9,0,1,0,2,1,0,2,0,,3903,"victim","N1",0,2,0,1,"Control","Engineering","Humanities","reject","accept","target_reject_other_accept","outgroup","outgroup",,,,"different",0,"Humanities"
"13","196","196s2",2,1,21,4,1,1,2.14285714285714,3.85714285714286,3.85714285714286,0.428571428571428,2,0,1,0,2,0,1,2,0,0,,3904,"victim","N2",0,2,0,1,"Control","Engineering","Humanities","accept","reject","target_accept_other_reject","outgroup","outgroup",,,,"different",0,"Humanities"
"13","196","196s3",3,1,21,4,1,1,2.14285714285714,3.85714285714286,3.85714285714286,0.428571428571428,1,9,0,1,1,0,1,1,0,0,,3905,"victim","N1",1,0,0,1,"Humanities","Control","Humanities","reject","accept","target_reject_other_accept","ingroup","outgroup",,,,"different",0,"Humanities"
"13","196","196s3",3,1,21,4,1,1,2.14285714285714,3.85714285714286,3.85714285714286,0.428571428571428,2,0,1,0,0,1,1,0,1,0,,3906,"victim","N2",1,0,0,1,"Humanities","Control","Humanities","accept","reject","target_accept_other_reject","ingroup","outgroup",,,,"different",0,"Humanities"
"13","196","196s4",4,1,21,4,1,1,2.14285714285714,3.85714285714286,3.85714285714286,0.428571428571428,1,0,1,1,2,0,1,2,0,0,,3907,"victim","N1",2,0,1,1,"Engineering","Control","Humanities","accept","accept","both_accept","outgroup","outgroup",,,,"different",0,"Humanities"
"13","196","196s4",4,1,21,4,1,1,2.14285714285714,3.85714285714286,3.85714285714286,0.428571428571428,2,0,1,1,0,2,1,0,2,0,,3908,"victim","N2",2,0,1,1,"Engineering","Control","Humanities","accept","accept","both_accept","outgroup","outgroup",,,,"different",0,"Humanities"
"13","196","196s5",5,1,21,4,1,1,2.14285714285714,3.85714285714286,3.85714285714286,0.428571428571428,1,9,0,0,0,1,1,0,1,0,,3909,"victim","N1",0,1,0,0,"Control","Humanities","Humanities","reject","reject","both_reject","outgroup","ingroup",,,,"different",0,"Humanities"
"13","196","196s5",5,1,21,4,1,1,2.14285714285714,3.85714285714286,3.85714285714286,0.428571428571428,2,9,0,0,1,0,1,1,0,0,,3910,"victim","N2",0,1,0,0,"Control","Humanities","Humanities","reject","reject","both_reject","outgroup","ingroup",,,,"different",0,"Humanities"
"13","197","197s6",6,1,23,3,0,2,2.42857142857143,2.57142857142857,3.28571428571429,0.857142857142857,1,9,0,0,1,2,2,2,1,0,,3931,"victim","N1",1,2,0,0,"Humanities","Engineering","Engineering","reject","reject","both_reject","outgroup","ingroup",,,,"different",0,"Engineering"
"13","197","197s6",6,1,23,3,0,2,2.42857142857143,2.57142857142857,3.28571428571429,0.857142857142857,2,9,0,0,2,1,2,1,2,0,,3932,"victim","N2",1,2,0,0,"Humanities","Engineering","Engineering","reject","reject","both_reject","outgroup","ingroup",,,,"different",0,"Engineering"
"13","197","197s7",7,1,23,3,0,2,2.42857142857143,2.57142857142857,3.28571428571429,0.857142857142857,1,9,0,0,2,1,2,1,2,0,,3933,"victim","N1",2,1,0,0,"Engineering","Humanities","Engineering","reject","reject","both_reject","ingroup","outgroup",,,,"different",0,"Engineering"
"13","197","197s7",7,1,23,3,0,2,2.42857142857143,2.57142857142857,3.28571428571429,0.857142857142857,2,9,0,0,1,2,2,2,1,0,,3934,"victim","N2",2,1,0,0,"Engineering","Humanities","Engineering","reject","reject","both_reject","ingroup","outgroup",,,,"different",0,"Engineering"
"13","197","197s8",8,1,23,3,0,2,2.42857142857143,2.57142857142857,3.28571428571429,0.857142857142857,1,9,0,1,1,0,2,2,0,0,,3935,"victim","N1",1,0,0,1,"Humanities","Control","Engineering","reject","accept","target_reject_other_accept","outgroup","outgroup",,,,"different",0,"Engineering"
"13","197","197s8",8,1,23,3,0,2,2.42857142857143,2.57142857142857,3.28571428571429,0.857142857142857,2,-5,1,0,0,1,2,0,2,0,,3936,"victim","N2",1,0,0,1,"Humanities","Control","Engineering","accept","reject","target_accept_other_reject","outgroup","outgroup",,,,"different",0,"Engineering"
"13","197","197s9",9,1,23,3,0,2,2.42857142857143,2.57142857142857,3.28571428571429,0.857142857142857,1,-3,1,0,0,2,2,0,1,0,,3937,"victim","N1",0,2,1,0,"Control","Engineering","Engineering","accept","reject","target_accept_other_reject","outgroup","ingroup",,,,"different",0,"Engineering"
"13","197","197s9",9,1,23,3,0,2,2.42857142857143,2.57142857142857,3.28571428571429,0.857142857142857,2,9,0,1,2,0,2,1,0,0,,3938,"victim","N2",0,2,1,0,"Control","Engineering","Engineering","reject","accept","target_reject_other_accept","outgroup","ingroup",,,,"different",0,"Engineering"
"13","197","197s10",10,1,23,3,0,2,2.42857142857143,2.57142857142857,3.28571428571429,0.857142857142857,1,9,0,1,1,2,2,2,1,0,,3939,"victim","N1",1,2,0,1,"Humanities","Engineering","Engineering","reject","accept","target_reject_other_accept","outgroup","ingroup",,,,"different",0,"Engineering"
"13","197","197s10",10,1,23,3,0,2,2.42857142857143,2.57142857142857,3.28571428571429,0.857142857142857,2,-9,1,0,2,1,2,1,2,0,,3940,"victim","N2",1,2,0,1,"Humanities","Engineering","Engineering","accept","reject","target_accept_other_reject","outgroup","ingroup",,,,"different",0,"Engineering"
"13","198","198s6",6,1,20,4,0,1,1.42857142857143,2.28571428571429,2.14285714285714,0.857142857142857,1,-6,1,1,2,0,1,2,0,0,,3951,"victim","N1",2,0,1,1,"Engineering","Control","Humanities","accept","accept","both_accept","outgroup","outgroup",,,,"different",0,"Humanities"
"13","198","198s6",6,1,20,4,0,1,1.42857142857143,2.28571428571429,2.14285714285714,0.857142857142857,2,-6,1,1,0,2,1,0,2,0,,3952,"victim","N2",2,0,1,1,"Engineering","Control","Humanities","accept","accept","both_accept","outgroup","outgroup",,,,"different",0,"Humanities"
"13","198","198s7",7,1,20,4,0,1,1.42857142857143,2.28571428571429,2.14285714285714,0.857142857142857,1,7,0,0,0,2,1,0,2,0,,3953,"victim","N1",0,2,0,0,"Control","Engineering","Humanities","reject","reject","both_reject","outgroup","outgroup",,,,"different",0,"Humanities"
"13","198","198s7",7,1,20,4,0,1,1.42857142857143,2.28571428571429,2.14285714285714,0.857142857142857,2,7,0,0,2,0,1,2,0,0,,3954,"victim","N2",0,2,0,0,"Control","Engineering","Humanities","reject","reject","both_reject","outgroup","outgroup",,,,"different",0,"Humanities"
"13","198","198s8",8,1,20,4,0,1,1.42857142857143,2.28571428571429,2.14285714285714,0.857142857142857,1,9,0,0,2,1,1,2,1,0,,3955,"victim","N1",2,1,0,0,"Engineering","Humanities","Humanities","reject","reject","both_reject","outgroup","ingroup",,,,"different",0,"Humanities"
"13","198","198s8",8,1,20,4,0,1,1.42857142857143,2.28571428571429,2.14285714285714,0.857142857142857,2,9,0,0,1,2,1,1,2,0,,3956,"victim","N2",2,1,0,0,"Engineering","Humanities","Humanities","reject","reject","both_reject","outgroup","ingroup",,,,"different",0,"Humanities"
"13","198","198s9",9,1,20,4,0,1,1.42857142857143,2.28571428571429,2.14285714285714,0.857142857142857,1,-5,1,0,2,2,1,2,2,1,,3957,"victim","N1",2,2,1,0,"Engineering","Engineering","Humanities","accept","reject","target_accept_other_reject","outgroup","outgroup",,,,"same",1,"Humanities"
"13","198","198s9",9,1,20,4,0,1,1.42857142857143,2.28571428571429,2.14285714285714,0.857142857142857,2,9,0,1,2,2,1,2,2,1,,3958,"victim","N2",2,2,1,0,"Engineering","Engineering","Humanities","reject","accept","target_reject_other_accept","outgroup","outgroup",,,,"same",1,"Humanities"
"13","198","198s10",10,1,20,4,0,1,1.42857142857143,2.28571428571429,2.14285714285714,0.857142857142857,1,-5,1,0,1,2,1,1,2,0,,3959,"victim","N1",1,2,1,0,"Humanities","Engineering","Humanities","accept","reject","target_accept_other_reject","ingroup","outgroup",,,,"different",0,"Humanities"
"13","198","198s10",10,1,20,4,0,1,1.42857142857143,2.28571428571429,2.14285714285714,0.857142857142857,2,8,0,1,2,1,1,2,1,0,,3960,"victim","N2",1,2,1,0,"Humanities","Engineering","Humanities","reject","accept","target_reject_other_accept","ingroup","outgroup",,,,"different",0,"Humanities"
"14","199","199s1",1,1,19,3,0,2,1.57142857142857,1.28571428571429,2.28571428571429,1.14285714285714,1,-9,1,0,2,1,2,1,2,0,,3961,"victim","N1",2,1,1,0,"Engineering","Humanities","Engineering","accept","reject","target_accept_other_reject","ingroup","outgroup",,,,"different",0,"Engineering"
"14","199","199s1",1,1,19,3,0,2,1.57142857142857,1.28571428571429,2.28571428571429,1.14285714285714,2,9,0,1,1,2,2,2,1,0,,3962,"victim","N2",2,1,1,0,"Engineering","Humanities","Engineering","reject","accept","target_reject_other_accept","ingroup","outgroup",,,,"different",0,"Engineering"
"14","199","199s2",2,1,19,3,0,2,1.57142857142857,1.28571428571429,2.28571428571429,1.14285714285714,1,9,0,0,1,1,2,2,2,1,,3963,"victim","N1",1,1,0,0,"Humanities","Humanities","Engineering","reject","reject","both_reject","outgroup","outgroup",,,,"same",1,"Engineering"
"14","199","199s2",2,1,19,3,0,2,1.57142857142857,1.28571428571429,2.28571428571429,1.14285714285714,2,9,0,0,1,1,2,2,2,1,,3964,"victim","N2",1,1,0,0,"Humanities","Humanities","Engineering","reject","reject","both_reject","outgroup","outgroup",,,,"same",1,"Engineering"
"14","199","199s3",3,1,19,3,0,2,1.57142857142857,1.28571428571429,2.28571428571429,1.14285714285714,1,9,0,0,1,2,2,2,1,0,,3965,"victim","N1",1,2,0,0,"Humanities","Engineering","Engineering","reject","reject","both_reject","outgroup","ingroup",,,,"different",0,"Engineering"
"14","199","199s3",3,1,19,3,0,2,1.57142857142857,1.28571428571429,2.28571428571429,1.14285714285714,2,9,0,0,2,1,2,1,2,0,,3966,"victim","N2",1,2,0,0,"Humanities","Engineering","Engineering","reject","reject","both_reject","outgroup","ingroup",,,,"different",0,"Engineering"
"14","199","199s4",4,1,19,3,0,2,1.57142857142857,1.28571428571429,2.28571428571429,1.14285714285714,1,9,1,1,0,2,2,0,1,0,,3967,"victim","N1",0,2,1,1,"Control","Engineering","Engineering","accept","accept","both_accept","outgroup","ingroup",,,,"different",0,"Engineering"
"14","199","199s4",4,1,19,3,0,2,1.57142857142857,1.28571428571429,2.28571428571429,1.14285714285714,2,9,1,1,2,0,2,1,0,0,,3968,"victim","N2",0,2,1,1,"Control","Engineering","Engineering","accept","accept","both_accept","outgroup","ingroup",,,,"different",0,"Engineering"
"14","199","199s5",5,1,19,3,0,2,1.57142857142857,1.28571428571429,2.28571428571429,1.14285714285714,1,-9,1,1,0,2,2,0,1,0,,3969,"victim","N1",0,2,1,1,"Control","Engineering","Engineering","accept","accept","both_accept","outgroup","ingroup",,,,"different",0,"Engineering"
"14","199","199s5",5,1,19,3,0,2,1.57142857142857,1.28571428571429,2.28571428571429,1.14285714285714,2,-9,1,1,2,0,2,1,0,0,,3970,"victim","N2",0,2,1,1,"Control","Engineering","Engineering","accept","accept","both_accept","outgroup","ingroup",,,,"different",0,"Engineering"
"14","200","200s1",1,1,18,3,0,2,2.57142857142857,2.42857142857143,3,1.14285714285714,1,-9,1,0,2,1,2,1,2,0,,3981,"victim","N1",2,1,1,0,"Engineering","Humanities","Engineering","accept","reject","target_accept_other_reject","ingroup","outgroup",,,,"different",0,"Engineering"
"14","200","200s1",1,1,18,3,0,2,2.57142857142857,2.42857142857143,3,1.14285714285714,2,9,0,1,1,2,2,2,1,0,,3982,"victim","N2",2,1,1,0,"Engineering","Humanities","Engineering","reject","accept","target_reject_other_accept","ingroup","outgroup",,,,"different",0,"Engineering"
"14","200","200s2",2,1,18,3,0,2,2.57142857142857,2.42857142857143,3,1.14285714285714,1,-9,1,0,2,0,2,1,0,0,,3983,"victim","N1",2,0,1,0,"Engineering","Control","Engineering","accept","reject","target_accept_other_reject","ingroup","outgroup",,,,"different",0,"Engineering"
"14","200","200s2",2,1,18,3,0,2,2.57142857142857,2.42857142857143,3,1.14285714285714,2,9,0,1,0,2,2,0,1,0,,3984,"victim","N2",2,0,1,0,"Engineering","Control","Engineering","reject","accept","target_reject_other_accept","ingroup","outgroup",,,,"different",0,"Engineering"
"14","200","200s3",3,1,18,3,0,2,2.57142857142857,2.42857142857143,3,1.14285714285714,1,-9,1,0,0,2,2,0,1,0,,3985,"victim","N1",0,2,1,0,"Control","Engineering","Engineering","accept","reject","target_accept_other_reject","outgroup","ingroup",,,,"different",0,"Engineering"
"14","200","200s3",3,1,18,3,0,2,2.57142857142857,2.42857142857143,3,1.14285714285714,2,9,0,1,2,0,2,1,0,0,,3986,"victim","N2",0,2,1,0,"Control","Engineering","Engineering","reject","accept","target_reject_other_accept","outgroup","ingroup",,,,"different",0,"Engineering"
"14","200","200s4",4,1,18,3,0,2,2.57142857142857,2.42857142857143,3,1.14285714285714,1,9,0,1,0,0,2,0,0,1,,3987,"victim","N1",0,0,0,1,"Control","Control","Engineering","reject","accept","target_reject_other_accept","outgroup","outgroup",,,,"same",1,"Engineering"
"14","200","200s4",4,1,18,3,0,2,2.57142857142857,2.42857142857143,3,1.14285714285714,2,-9,1,0,0,0,2,0,0,1,,3988,"victim","N2",0,0,0,1,"Control","Control","Engineering","accept","reject","target_accept_other_reject","outgroup","outgroup",,,,"same",1,"Engineering"
"14","200","200s5",5,1,18,3,0,2,2.57142857142857,2.42857142857143,3,1.14285714285714,1,-9,1,0,1,0,2,2,0,0,,3989,"victim","N1",1,0,1,0,"Humanities","Control","Engineering","accept","reject","target_accept_other_reject","outgroup","outgroup",,,,"different",0,"Engineering"
"14","200","200s5",5,1,18,3,0,2,2.57142857142857,2.42857142857143,3,1.14285714285714,2,9,0,1,0,1,2,0,2,0,,3990,"victim","N2",1,0,1,0,"Humanities","Control","Engineering","reject","accept","target_reject_other_accept","outgroup","outgroup",,,,"different",0,"Engineering"
"14","201","201s6",6,1,18,3,0,2,1.14285714285714,2.57142857142857,3.14285714285714,1.42857142857143,1,-8,1,1,0,2,2,0,1,0,,4011,"victim","N1",0,2,1,1,"Control","Engineering","Engineering","accept","accept","both_accept","outgroup","ingroup",,,,"different",0,"Engineering"
"14","201","201s6",6,1,18,3,0,2,1.14285714285714,2.57142857142857,3.14285714285714,1.42857142857143,2,-8,1,1,2,0,2,1,0,0,,4012,"victim","N2",0,2,1,1,"Control","Engineering","Engineering","accept","accept","both_accept","outgroup","ingroup",,,,"different",0,"Engineering"
"14","201","201s7",7,1,18,3,0,2,1.14285714285714,2.57142857142857,3.14285714285714,1.42857142857143,1,9,0,0,2,1,2,1,2,0,,4013,"victim","N1",2,1,0,0,"Engineering","Humanities","Engineering","reject","reject","both_reject","ingroup","outgroup",,,,"different",0,"Engineering"
"14","201","201s7",7,1,18,3,0,2,1.14285714285714,2.57142857142857,3.14285714285714,1.42857142857143,2,9,0,0,1,2,2,2,1,0,,4014,"victim","N2",2,1,0,0,"Engineering","Humanities","Engineering","reject","reject","both_reject","ingroup","outgroup",,,,"different",0,"Engineering"
"14","201","201s8",8,1,18,3,0,2,1.14285714285714,2.57142857142857,3.14285714285714,1.42857142857143,1,-6,1,1,2,2,2,1,1,1,,4015,"victim","N1",2,2,1,1,"Engineering","Engineering","Engineering","accept","accept","both_accept","ingroup","ingroup",,,,"same",1,"Engineering"
"14","201","201s8",8,1,18,3,0,2,1.14285714285714,2.57142857142857,3.14285714285714,1.42857142857143,2,-6,1,1,2,2,2,1,1,1,,4016,"victim","N2",2,2,1,1,"Engineering","Engineering","Engineering","accept","accept","both_accept","ingroup","ingroup",,,,"same",1,"Engineering"
"14","201","201s9",9,1,18,3,0,2,1.14285714285714,2.57142857142857,3.14285714285714,1.42857142857143,1,-9,1,0,0,2,2,0,1,0,,4017,"victim","N1",0,2,1,0,"Control","Engineering","Engineering","accept","reject","target_accept_other_reject","outgroup","ingroup",,,,"different",0,"Engineering"
"14","201","201s9",9,1,18,3,0,2,1.14285714285714,2.57142857142857,3.14285714285714,1.42857142857143,2,6,0,1,2,0,2,1,0,0,,4018,"victim","N2",0,2,1,0,"Control","Engineering","Engineering","reject","accept","target_reject_other_accept","outgroup","ingroup",,,,"different",0,"Engineering"
"14","201","201s10",10,1,18,3,0,2,1.14285714285714,2.57142857142857,3.14285714285714,1.42857142857143,1,8,0,1,2,0,2,1,0,0,,4019,"victim","N1",2,0,0,1,"Engineering","Control","Engineering","reject","accept","target_reject_other_accept","ingroup","outgroup",,,,"different",0,"Engineering"
"14","201","201s10",10,1,18,3,0,2,1.14285714285714,2.57142857142857,3.14285714285714,1.42857142857143,2,-8,1,0,0,2,2,0,1,0,,4020,"victim","N2",2,0,0,1,"Engineering","Control","Engineering","accept","reject","target_accept_other_reject","ingroup","outgroup",,,,"different",0,"Engineering"
"14","202","202s1",1,1,18,1,0,1,1.85714285714286,2.85714285714286,1.85714285714286,1.28571428571429,1,0,0,0,1,1,1,1,1,1,,4021,"victim","N1",1,1,0,0,"Humanities","Humanities","Humanities","reject","reject","both_reject","ingroup","ingroup",,,,"same",1,"Humanities"
"14","202","202s1",1,1,18,1,0,1,1.85714285714286,2.85714285714286,1.85714285714286,1.28571428571429,2,9,0,0,1,1,1,1,1,1,,4022,"victim","N2",1,1,0,0,"Humanities","Humanities","Humanities","reject","reject","both_reject","ingroup","ingroup",,,,"same",1,"Humanities"
"14","202","202s2",2,1,18,1,0,1,1.85714285714286,2.85714285714286,1.85714285714286,1.28571428571429,1,-5,1,0,2,1,1,2,1,0,,4023,"victim","N1",2,1,1,0,"Engineering","Humanities","Humanities","accept","reject","target_accept_other_reject","outgroup","ingroup",,,,"different",0,"Humanities"
"14","202","202s2",2,1,18,1,0,1,1.85714285714286,2.85714285714286,1.85714285714286,1.28571428571429,2,5,0,1,1,2,1,1,2,0,,4024,"victim","N2",2,1,1,0,"Engineering","Humanities","Humanities","reject","accept","target_reject_other_accept","outgroup","ingroup",,,,"different",0,"Humanities"
"14","202","202s3",3,1,18,1,0,1,1.85714285714286,2.85714285714286,1.85714285714286,1.28571428571429,1,5,0,1,1,2,1,1,2,0,,4025,"victim","N1",1,2,0,1,"Humanities","Engineering","Humanities","reject","accept","target_reject_other_accept","ingroup","outgroup",,,,"different",0,"Humanities"
"14","202","202s3",3,1,18,1,0,1,1.85714285714286,2.85714285714286,1.85714285714286,1.28571428571429,2,-5,1,0,2,1,1,2,1,0,,4026,"victim","N2",1,2,0,1,"Humanities","Engineering","Humanities","accept","reject","target_accept_other_reject","ingroup","outgroup",,,,"different",0,"Humanities"
"14","202","202s4",4,1,18,1,0,1,1.85714285714286,2.85714285714286,1.85714285714286,1.28571428571429,1,5,0,1,0,1,1,0,1,0,,4027,"victim","N1",0,1,0,1,"Control","Humanities","Humanities","reject","accept","target_reject_other_accept","outgroup","ingroup",,,,"different",0,"Humanities"
"14","202","202s4",4,1,18,1,0,1,1.85714285714286,2.85714285714286,1.85714285714286,1.28571428571429,2,-5,1,0,1,0,1,1,0,0,,4028,"victim","N2",0,1,0,1,"Control","Humanities","Humanities","accept","reject","target_accept_other_reject","outgroup","ingroup",,,,"different",0,"Humanities"
"14","202","202s5",5,1,18,1,0,1,1.85714285714286,2.85714285714286,1.85714285714286,1.28571428571429,1,5,0,0,2,0,1,2,0,0,,4029,"victim","N1",2,0,0,0,"Engineering","Control","Humanities","reject","reject","both_reject","outgroup","outgroup",,,,"different",0,"Humanities"
"14","202","202s5",5,1,18,1,0,1,1.85714285714286,2.85714285714286,1.85714285714286,1.28571428571429,2,5,0,0,0,2,1,0,2,0,,4030,"victim","N2",2,0,0,0,"Engineering","Control","Humanities","reject","reject","both_reject","outgroup","outgroup",,,,"different",0,"Humanities"
"14","203","203s6",6,1,24,2,1,2,2.28571428571429,2.57142857142857,2.85714285714286,1.28571428571429,1,9,0,0,0,0,2,0,0,1,,4051,"victim","N1",0,0,0,0,"Control","Control","Engineering","reject","reject","both_reject","outgroup","outgroup",,,,"same",1,"Engineering"
"14","203","203s6",6,1,24,2,1,2,2.28571428571429,2.57142857142857,2.85714285714286,1.28571428571429,2,9,0,0,0,0,2,0,0,1,,4052,"victim","N2",0,0,0,0,"Control","Control","Engineering","reject","reject","both_reject","outgroup","outgroup",,,,"same",1,"Engineering"
"14","203","203s7",7,1,24,2,1,2,2.28571428571429,2.57142857142857,2.85714285714286,1.28571428571429,1,-9,1,0,1,1,2,2,2,1,,4053,"victim","N1",1,1,1,0,"Humanities","Humanities","Engineering","accept","reject","target_accept_other_reject","outgroup","outgroup",,,,"same",1,"Engineering"
"14","203","203s7",7,1,24,2,1,2,2.28571428571429,2.57142857142857,2.85714285714286,1.28571428571429,2,9,0,1,1,1,2,2,2,1,,4054,"victim","N2",1,1,1,0,"Humanities","Humanities","Engineering","reject","accept","target_reject_other_accept","outgroup","outgroup",,,,"same",1,"Engineering"
"14","203","203s8",8,1,24,2,1,2,2.28571428571429,2.57142857142857,2.85714285714286,1.28571428571429,1,-9,1,0,2,0,2,1,0,0,,4055,"victim","N1",2,0,1,0,"Engineering","Control","Engineering","accept","reject","target_accept_other_reject","ingroup","outgroup",,,,"different",0,"Engineering"
"14","203","203s8",8,1,24,2,1,2,2.28571428571429,2.57142857142857,2.85714285714286,1.28571428571429,2,9,0,1,0,2,2,0,1,0,,4056,"victim","N2",2,0,1,0,"Engineering","Control","Engineering","reject","accept","target_reject_other_accept","ingroup","outgroup",,,,"different",0,"Engineering"
"14","203","203s9",9,1,24,2,1,2,2.28571428571429,2.57142857142857,2.85714285714286,1.28571428571429,1,9,0,1,1,1,2,2,2,1,,4057,"victim","N1",1,1,0,1,"Humanities","Humanities","Engineering","reject","accept","target_reject_other_accept","outgroup","outgroup",,,,"same",1,"Engineering"
"14","203","203s9",9,1,24,2,1,2,2.28571428571429,2.57142857142857,2.85714285714286,1.28571428571429,2,-9,1,0,1,1,2,2,2,1,,4058,"victim","N2",1,1,0,1,"Humanities","Humanities","Engineering","accept","reject","target_accept_other_reject","outgroup","outgroup",,,,"same",1,"Engineering"
"14","203","203s10",10,1,24,2,1,2,2.28571428571429,2.57142857142857,2.85714285714286,1.28571428571429,1,-9,1,1,2,1,2,1,2,0,,4059,"victim","N1",2,1,1,1,"Engineering","Humanities","Engineering","accept","accept","both_accept","ingroup","outgroup",,,,"different",0,"Engineering"
"14","203","203s10",10,1,24,2,1,2,2.28571428571429,2.57142857142857,2.85714285714286,1.28571428571429,2,-9,1,1,1,2,2,2,1,0,,4060,"victim","N2",2,1,1,1,"Engineering","Humanities","Engineering","accept","accept","both_accept","ingroup","outgroup",,,,"different",0,"Engineering"
"14","204","204s1",1,1,23,3,1,2,2.14285714285714,2.85714285714286,2.85714285714286,1.85714285714286,1,9,0,0,2,0,2,1,0,0,,4061,"victim","N1",2,0,0,0,"Engineering","Control","Engineering","reject","reject","both_reject","ingroup","outgroup",,,,"different",0,"Engineering"
"14","204","204s1",1,1,23,3,1,2,2.14285714285714,2.85714285714286,2.85714285714286,1.85714285714286,2,9,0,0,0,2,2,0,1,0,,4062,"victim","N2",2,0,0,0,"Engineering","Control","Engineering","reject","reject","both_reject","ingroup","outgroup",,,,"different",0,"Engineering"
"14","204","204s2",2,1,23,3,1,2,2.14285714285714,2.85714285714286,2.85714285714286,1.85714285714286,1,9,0,1,2,0,2,1,0,0,,4063,"victim","N1",2,0,0,1,"Engineering","Control","Engineering","reject","accept","target_reject_other_accept","ingroup","outgroup",,,,"different",0,"Engineering"
"14","204","204s2",2,1,23,3,1,2,2.14285714285714,2.85714285714286,2.85714285714286,1.85714285714286,2,6,1,0,0,2,2,0,1,0,,4064,"victim","N2",2,0,0,1,"Engineering","Control","Engineering","accept","reject","target_accept_other_reject","ingroup","outgroup",,,,"different",0,"Engineering"
"14","204","204s3",3,1,23,3,1,2,2.14285714285714,2.85714285714286,2.85714285714286,1.85714285714286,1,9,0,0,0,1,2,0,2,0,,4065,"victim","N1",0,1,0,0,"Control","Humanities","Engineering","reject","reject","both_reject","outgroup","outgroup",,,,"different",0,"Engineering"
"14","204","204s3",3,1,23,3,1,2,2.14285714285714,2.85714285714286,2.85714285714286,1.85714285714286,2,9,0,0,1,0,2,2,0,0,,4066,"victim","N2",0,1,0,0,"Control","Humanities","Engineering","reject","reject","both_reject","outgroup","outgroup",,,,"different",0,"Engineering"
"14","204","204s4",4,1,23,3,1,2,2.14285714285714,2.85714285714286,2.85714285714286,1.85714285714286,1,9,0,1,1,2,2,2,1,0,,4067,"victim","N1",1,2,0,1,"Humanities","Engineering","Engineering","reject","accept","target_reject_other_accept","outgroup","ingroup",,,,"different",0,"Engineering"
"14","204","204s4",4,1,23,3,1,2,2.14285714285714,2.85714285714286,2.85714285714286,1.85714285714286,2,4,1,0,2,1,2,1,2,0,,4068,"victim","N2",1,2,0,1,"Humanities","Engineering","Engineering","accept","reject","target_accept_other_reject","outgroup","ingroup",,,,"different",0,"Engineering"
"14","204","204s5",5,1,23,3,1,2,2.14285714285714,2.85714285714286,2.85714285714286,1.85714285714286,1,9,0,0,2,1,2,1,2,0,,4069,"victim","N1",2,1,0,0,"Engineering","Humanities","Engineering","reject","reject","both_reject","ingroup","outgroup",,,,"different",0,"Engineering"
"14","204","204s5",5,1,23,3,1,2,2.14285714285714,2.85714285714286,2.85714285714286,1.85714285714286,2,9,0,0,1,2,2,2,1,0,,4070,"victim","N2",2,1,0,0,"Engineering","Humanities","Engineering","reject","reject","both_reject","ingroup","outgroup",,,,"different",0,"Engineering"
"14","205","205s1",1,1,23,1,1,2,2,3.28571428571429,2.42857142857143,1.85714285714286,1,9,0,0,0,1,2,0,2,0,,4081,"victim","N1",0,1,0,0,"Control","Humanities","Engineering","reject","reject","both_reject","outgroup","outgroup",,,,"different",0,"Engineering"
"14","205","205s1",1,1,23,1,1,2,2,3.28571428571429,2.42857142857143,1.85714285714286,2,9,0,0,1,0,2,2,0,0,,4082,"victim","N2",0,1,0,0,"Control","Humanities","Engineering","reject","reject","both_reject","outgroup","outgroup",,,,"different",0,"Engineering"
"14","205","205s2",2,1,23,1,1,2,2,3.28571428571429,2.42857142857143,1.85714285714286,1,-3,1,1,1,2,2,2,1,0,,4083,"victim","N1",1,2,1,1,"Humanities","Engineering","Engineering","accept","accept","both_accept","outgroup","ingroup",,,,"different",0,"Engineering"
"14","205","205s2",2,1,23,1,1,2,2,3.28571428571429,2.42857142857143,1.85714285714286,2,-3,1,1,2,1,2,1,2,0,,4084,"victim","N2",1,2,1,1,"Humanities","Engineering","Engineering","accept","accept","both_accept","outgroup","ingroup",,,,"different",0,"Engineering"
"14","205","205s3",3,1,23,1,1,2,2,3.28571428571429,2.42857142857143,1.85714285714286,1,-3,1,1,2,2,2,1,1,1,,4085,"victim","N1",2,2,1,1,"Engineering","Engineering","Engineering","accept","accept","both_accept","ingroup","ingroup",,,,"same",1,"Engineering"
"14","205","205s3",3,1,23,1,1,2,2,3.28571428571429,2.42857142857143,1.85714285714286,2,-3,1,1,2,2,2,1,1,1,,4086,"victim","N2",2,2,1,1,"Engineering","Engineering","Engineering","accept","accept","both_accept","ingroup","ingroup",,,,"same",1,"Engineering"
"14","205","205s4",4,1,23,1,1,2,2,3.28571428571429,2.42857142857143,1.85714285714286,1,9,0,1,1,2,2,2,1,0,,4087,"victim","N1",1,2,0,1,"Humanities","Engineering","Engineering","reject","accept","target_reject_other_accept","outgroup","ingroup",,,,"different",0,"Engineering"
"14","205","205s4",4,1,23,1,1,2,2,3.28571428571429,2.42857142857143,1.85714285714286,2,-3,1,0,2,1,2,1,2,0,,4088,"victim","N2",1,2,0,1,"Humanities","Engineering","Engineering","accept","reject","target_accept_other_reject","outgroup","ingroup",,,,"different",0,"Engineering"
"14","205","205s5",5,1,23,1,1,2,2,3.28571428571429,2.42857142857143,1.85714285714286,1,9,0,0,2,2,2,1,1,1,,4089,"victim","N1",2,2,0,0,"Engineering","Engineering","Engineering","reject","reject","both_reject","ingroup","ingroup",,,,"same",1,"Engineering"
"14","205","205s5",5,1,23,1,1,2,2,3.28571428571429,2.42857142857143,1.85714285714286,2,9,0,0,2,2,2,1,1,1,,4090,"victim","N2",2,2,0,0,"Engineering","Engineering","Engineering","reject","reject","both_reject","ingroup","ingroup",,,,"same",1,"Engineering"
"14","206","206s6",6,1,21,2,0,1,1,3.14285714285714,2,1.57142857142857,1,-9,1,0,1,1,1,1,1,1,,4111,"victim","N1",1,1,1,0,"Humanities","Humanities","Humanities","accept","reject","target_accept_other_reject","ingroup","ingroup",,,,"same",1,"Humanities"
"14","206","206s6",6,1,21,2,0,1,1,3.14285714285714,2,1.57142857142857,2,9,0,1,1,1,1,1,1,1,,4112,"victim","N2",1,1,1,0,"Humanities","Humanities","Humanities","reject","accept","target_reject_other_accept","ingroup","ingroup",,,,"same",1,"Humanities"
"14","206","206s7",7,1,21,2,0,1,1,3.14285714285714,2,1.57142857142857,1,9,0,0,1,0,1,1,0,0,,4113,"victim","N1",1,0,0,0,"Humanities","Control","Humanities","reject","reject","both_reject","ingroup","outgroup",,,,"different",0,"Humanities"
"14","206","206s7",7,1,21,2,0,1,1,3.14285714285714,2,1.57142857142857,2,9,0,0,0,1,1,0,1,0,,4114,"victim","N2",1,0,0,0,"Humanities","Control","Humanities","reject","reject","both_reject","ingroup","outgroup",,,,"different",0,"Humanities"
"14","206","206s8",8,1,21,2,0,1,1,3.14285714285714,2,1.57142857142857,1,-9,1,1,0,2,1,0,2,0,,4115,"victim","N1",0,2,1,1,"Control","Engineering","Humanities","accept","accept","both_accept","outgroup","outgroup",,,,"different",0,"Humanities"
"14","206","206s8",8,1,21,2,0,1,1,3.14285714285714,2,1.57142857142857,2,-9,1,1,2,0,1,2,0,0,,4116,"victim","N2",0,2,1,1,"Control","Engineering","Humanities","accept","accept","both_accept","outgroup","outgroup",,,,"different",0,"Humanities"
"14","206","206s9",9,1,21,2,0,1,1,3.14285714285714,2,1.57142857142857,1,-9,1,1,2,0,1,2,0,0,,4117,"victim","N1",2,0,1,1,"Engineering","Control","Humanities","accept","accept","both_accept","outgroup","outgroup",,,,"different",0,"Humanities"
"14","206","206s9",9,1,21,2,0,1,1,3.14285714285714,2,1.57142857142857,2,-9,1,1,0,2,1,0,2,0,,4118,"victim","N2",2,0,1,1,"Engineering","Control","Humanities","accept","accept","both_accept","outgroup","outgroup",,,,"different",0,"Humanities"
"14","206","206s10",10,1,21,2,0,1,1,3.14285714285714,2,1.57142857142857,1,-9,1,1,1,1,1,1,1,1,,4119,"victim","N1",1,1,1,1,"Humanities","Humanities","Humanities","accept","accept","both_accept","ingroup","ingroup",,,,"same",1,"Humanities"
"14","206","206s10",10,1,21,2,0,1,1,3.14285714285714,2,1.57142857142857,2,-9,1,1,1,1,1,1,1,1,,4120,"victim","N2",1,1,1,1,"Humanities","Humanities","Humanities","accept","accept","both_accept","ingroup","ingroup",,,,"same",1,"Humanities"
"14","207","207s6",6,1,22,1,0,2,1.71428571428571,1.42857142857143,2.71428571428571,1.85714285714286,1,-4,1,1,0,0,2,0,0,1,,4131,"victim","N1",0,0,1,1,"Control","Control","Engineering","accept","accept","both_accept","outgroup","outgroup",,,,"same",1,"Engineering"
"14","207","207s6",6,1,22,1,0,2,1.71428571428571,1.42857142857143,2.71428571428571,1.85714285714286,2,3,1,1,0,0,2,0,0,1,,4132,"victim","N2",0,0,1,1,"Control","Control","Engineering","accept","accept","both_accept","outgroup","outgroup",,,,"same",1,"Engineering"
"14","207","207s7",7,1,22,1,0,2,1.71428571428571,1.42857142857143,2.71428571428571,1.85714285714286,1,2,1,1,1,1,2,2,2,1,,4133,"victim","N1",1,1,1,1,"Humanities","Humanities","Engineering","accept","accept","both_accept","outgroup","outgroup",,,,"same",1,"Engineering"
"14","207","207s7",7,1,22,1,0,2,1.71428571428571,1.42857142857143,2.71428571428571,1.85714285714286,2,3,1,1,1,1,2,2,2,1,,4134,"victim","N2",1,1,1,1,"Humanities","Humanities","Engineering","accept","accept","both_accept","outgroup","outgroup",,,,"same",1,"Engineering"
"14","207","207s8",8,1,22,1,0,2,1.71428571428571,1.42857142857143,2.71428571428571,1.85714285714286,1,-7,1,0,2,2,2,1,1,1,,4135,"victim","N1",2,2,1,0,"Engineering","Engineering","Engineering","accept","reject","target_accept_other_reject","ingroup","ingroup",,,,"same",1,"Engineering"
"14","207","207s8",8,1,22,1,0,2,1.71428571428571,1.42857142857143,2.71428571428571,1.85714285714286,2,-7,0,1,2,2,2,1,1,1,,4136,"victim","N2",2,2,1,0,"Engineering","Engineering","Engineering","reject","accept","target_reject_other_accept","ingroup","ingroup",,,,"same",1,"Engineering"
"14","207","207s9",9,1,22,1,0,2,1.71428571428571,1.42857142857143,2.71428571428571,1.85714285714286,1,-7,0,0,0,1,2,0,2,0,,4137,"victim","N1",0,1,0,0,"Control","Humanities","Engineering","reject","reject","both_reject","outgroup","outgroup",,,,"different",0,"Engineering"
"14","207","207s9",9,1,22,1,0,2,1.71428571428571,1.42857142857143,2.71428571428571,1.85714285714286,2,-7,0,0,1,0,2,2,0,0,,4138,"victim","N2",0,1,0,0,"Control","Humanities","Engineering","reject","reject","both_reject","outgroup","outgroup",,,,"different",0,"Engineering"
"14","207","207s10",10,1,22,1,0,2,1.71428571428571,1.42857142857143,2.71428571428571,1.85714285714286,1,5,0,1,0,2,2,0,1,0,,4139,"victim","N1",0,2,0,1,"Control","Engineering","Engineering","reject","accept","target_reject_other_accept","outgroup","ingroup",,,,"different",0,"Engineering"
"14","207","207s10",10,1,22,1,0,2,1.71428571428571,1.42857142857143,2.71428571428571,1.85714285714286,2,-5,1,0,2,0,2,1,0,0,,4140,"victim","N2",0,2,0,1,"Control","Engineering","Engineering","accept","reject","target_accept_other_reject","outgroup","ingroup",,,,"different",0,"Engineering"
"14","208","208s1",1,1,18,3,0,1,3,2.28571428571429,2,2,1,9,0,0,0,0,1,0,0,1,,4141,"victim","N1",0,0,0,0,"Control","Control","Humanities","reject","reject","both_reject","outgroup","outgroup",,,,"same",1,"Humanities"
"14","208","208s1",1,1,18,3,0,1,3,2.28571428571429,2,2,2,9,0,0,0,0,1,0,0,1,,4142,"victim","N2",0,0,0,0,"Control","Control","Humanities","reject","reject","both_reject","outgroup","outgroup",,,,"same",1,"Humanities"
"14","208","208s2",2,1,18,3,0,1,3,2.28571428571429,2,2,1,9,0,0,0,2,1,0,2,0,,4143,"victim","N1",0,2,0,0,"Control","Engineering","Humanities","reject","reject","both_reject","outgroup","outgroup",,,,"different",0,"Humanities"
"14","208","208s2",2,1,18,3,0,1,3,2.28571428571429,2,2,2,9,0,0,2,0,1,2,0,0,,4144,"victim","N2",0,2,0,0,"Control","Engineering","Humanities","reject","reject","both_reject","outgroup","outgroup",,,,"different",0,"Humanities"
"14","208","208s3",3,1,18,3,0,1,3,2.28571428571429,2,2,1,-9,1,0,1,2,1,1,2,0,,4145,"victim","N1",1,2,1,0,"Humanities","Engineering","Humanities","accept","reject","target_accept_other_reject","ingroup","outgroup",,,,"different",0,"Humanities"
"14","208","208s3",3,1,18,3,0,1,3,2.28571428571429,2,2,2,9,0,1,2,1,1,2,1,0,,4146,"victim","N2",1,2,1,0,"Humanities","Engineering","Humanities","reject","accept","target_reject_other_accept","ingroup","outgroup",,,,"different",0,"Humanities"
"14","208","208s4",4,1,18,3,0,1,3,2.28571428571429,2,2,1,9,0,0,1,1,1,1,1,1,,4147,"victim","N1",1,1,0,0,"Humanities","Humanities","Humanities","reject","reject","both_reject","ingroup","ingroup",,,,"same",1,"Humanities"
"14","208","208s4",4,1,18,3,0,1,3,2.28571428571429,2,2,2,9,0,0,1,1,1,1,1,1,,4148,"victim","N2",1,1,0,0,"Humanities","Humanities","Humanities","reject","reject","both_reject","ingroup","ingroup",,,,"same",1,"Humanities"
"14","208","208s5",5,1,18,3,0,1,3,2.28571428571429,2,2,1,-9,1,1,2,0,1,2,0,0,,4149,"victim","N1",2,0,1,1,"Engineering","Control","Humanities","accept","accept","both_accept","outgroup","outgroup",,,,"different",0,"Humanities"
"14","208","208s5",5,1,18,3,0,1,3,2.28571428571429,2,2,2,-9,1,1,0,2,1,0,2,0,,4150,"victim","N2",2,0,1,1,"Engineering","Control","Humanities","accept","accept","both_accept","outgroup","outgroup",,,,"different",0,"Humanities"
"14","209","209s6",6,1,19,1,0,1,2.28571428571429,3.14285714285714,3.14285714285714,2.14285714285714,1,-2,1,1,0,1,1,0,1,0,,4171,"victim","N1",0,1,1,1,"Control","Humanities","Humanities","accept","accept","both_accept","outgroup","ingroup",,,,"different",0,"Humanities"
"14","209","209s6",6,1,19,1,0,1,2.28571428571429,3.14285714285714,3.14285714285714,2.14285714285714,2,-2,1,1,1,0,1,1,0,0,,4172,"victim","N2",0,1,1,1,"Control","Humanities","Humanities","accept","accept","both_accept","outgroup","ingroup",,,,"different",0,"Humanities"
"14","209","209s7",7,1,19,1,0,1,2.28571428571429,3.14285714285714,3.14285714285714,2.14285714285714,1,-2,1,1,1,0,1,1,0,0,,4173,"victim","N1",1,0,1,1,"Humanities","Control","Humanities","accept","accept","both_accept","ingroup","outgroup",,,,"different",0,"Humanities"
"14","209","209s7",7,1,19,1,0,1,2.28571428571429,3.14285714285714,3.14285714285714,2.14285714285714,2,-2,1,1,0,1,1,0,1,0,,4174,"victim","N2",1,0,1,1,"Humanities","Control","Humanities","accept","accept","both_accept","ingroup","outgroup",,,,"different",0,"Humanities"
"14","209","209s8",8,1,19,1,0,1,2.28571428571429,3.14285714285714,3.14285714285714,2.14285714285714,1,-2,1,0,1,0,1,1,0,0,,4175,"victim","N1",1,0,1,0,"Humanities","Control","Humanities","accept","reject","target_accept_other_reject","ingroup","outgroup",,,,"different",0,"Humanities"
"14","209","209s8",8,1,19,1,0,1,2.28571428571429,3.14285714285714,3.14285714285714,2.14285714285714,2,4,0,1,0,1,1,0,1,0,,4176,"victim","N2",1,0,1,0,"Humanities","Control","Humanities","reject","accept","target_reject_other_accept","ingroup","outgroup",,,,"different",0,"Humanities"
"14","209","209s9",9,1,19,1,0,1,2.28571428571429,3.14285714285714,3.14285714285714,2.14285714285714,1,-3,1,1,2,2,1,2,2,1,,4177,"victim","N1",2,2,1,1,"Engineering","Engineering","Humanities","accept","accept","both_accept","outgroup","outgroup",,,,"same",1,"Humanities"
"14","209","209s9",9,1,19,1,0,1,2.28571428571429,3.14285714285714,3.14285714285714,2.14285714285714,2,-3,1,1,2,2,1,2,2,1,,4178,"victim","N2",2,2,1,1,"Engineering","Engineering","Humanities","accept","accept","both_accept","outgroup","outgroup",,,,"same",1,"Humanities"
"14","209","209s10",10,1,19,1,0,1,2.28571428571429,3.14285714285714,3.14285714285714,2.14285714285714,1,-2,1,0,1,0,1,1,0,0,,4179,"victim","N1",1,0,1,0,"Humanities","Control","Humanities","accept","reject","target_accept_other_reject","ingroup","outgroup",,,,"different",0,"Humanities"
"14","209","209s10",10,1,19,1,0,1,2.28571428571429,3.14285714285714,3.14285714285714,2.14285714285714,2,2,0,1,0,1,1,0,1,0,,4180,"victim","N2",1,0,1,0,"Humanities","Control","Humanities","reject","accept","target_reject_other_accept","ingroup","outgroup",,,,"different",0,"Humanities"
"14","210","210s6",6,1,18,3,1,2,3.28571428571429,3,1.85714285714286,2.71428571428571,1,9,0,0,1,2,2,2,1,0,,4191,"victim","N1",1,2,0,0,"Humanities","Engineering","Engineering","reject","reject","both_reject","outgroup","ingroup",,,,"different",0,"Engineering"
"14","210","210s6",6,1,18,3,1,2,3.28571428571429,3,1.85714285714286,2.71428571428571,2,9,0,0,2,1,2,1,2,0,,4192,"victim","N2",1,2,0,0,"Humanities","Engineering","Engineering","reject","reject","both_reject","outgroup","ingroup",,,,"different",0,"Engineering"
"14","210","210s7",7,1,18,3,1,2,3.28571428571429,3,1.85714285714286,2.71428571428571,1,-9,1,1,2,0,2,1,0,0,,4193,"victim","N1",2,0,1,1,"Engineering","Control","Engineering","accept","accept","both_accept","ingroup","outgroup",,,,"different",0,"Engineering"
"14","210","210s7",7,1,18,3,1,2,3.28571428571429,3,1.85714285714286,2.71428571428571,2,9,1,1,0,2,2,0,1,0,,4194,"victim","N2",2,0,1,1,"Engineering","Control","Engineering","accept","accept","both_accept","ingroup","outgroup",,,,"different",0,"Engineering"
"14","210","210s8",8,1,18,3,1,2,3.28571428571429,3,1.85714285714286,2.71428571428571,1,-5,1,0,0,1,2,0,2,0,,4195,"victim","N1",0,1,1,0,"Control","Humanities","Engineering","accept","reject","target_accept_other_reject","outgroup","outgroup",,,,"different",0,"Engineering"
"14","210","210s8",8,1,18,3,1,2,3.28571428571429,3,1.85714285714286,2.71428571428571,2,9,0,1,1,0,2,2,0,0,,4196,"victim","N2",0,1,1,0,"Control","Humanities","Engineering","reject","accept","target_reject_other_accept","outgroup","outgroup",,,,"different",0,"Engineering"
"14","210","210s9",9,1,18,3,1,2,3.28571428571429,3,1.85714285714286,2.71428571428571,1,-9,1,1,1,1,2,2,2,1,,4197,"victim","N1",1,1,1,1,"Humanities","Humanities","Engineering","accept","accept","both_accept","outgroup","outgroup",,,,"same",1,"Engineering"
"14","210","210s9",9,1,18,3,1,2,3.28571428571429,3,1.85714285714286,2.71428571428571,2,-9,1,1,1,1,2,2,2,1,,4198,"victim","N2",1,1,1,1,"Humanities","Humanities","Engineering","accept","accept","both_accept","outgroup","outgroup",,,,"same",1,"Engineering"
"14","210","210s10",10,1,18,3,1,2,3.28571428571429,3,1.85714285714286,2.71428571428571,1,-5,1,0,0,1,2,0,2,0,,4199,"victim","N1",0,1,1,0,"Control","Humanities","Engineering","accept","reject","target_accept_other_reject","outgroup","outgroup",,,,"different",0,"Engineering"
"14","210","210s10",10,1,18,3,1,2,3.28571428571429,3,1.85714285714286,2.71428571428571,2,9,0,1,1,0,2,2,0,0,,4200,"victim","N2",0,1,1,0,"Control","Humanities","Engineering","reject","accept","target_reject_other_accept","outgroup","outgroup",,,,"different",0,"Engineering"
"14","211","211s1",1,1,18,3,0,1,3.57142857142857,3.14285714285714,1.85714285714286,1.28571428571429,1,0,1,1,1,0,1,1,0,0,,4201,"victim","N1",1,0,1,1,"Humanities","Control","Humanities","accept","accept","both_accept","ingroup","outgroup",,,,"different",0,"Humanities"
"14","211","211s1",1,1,18,3,0,1,3.57142857142857,3.14285714285714,1.85714285714286,1.28571428571429,2,0,1,1,0,1,1,0,1,0,,4202,"victim","N2",1,0,1,1,"Humanities","Control","Humanities","accept","accept","both_accept","ingroup","outgroup",,,,"different",0,"Humanities"
"14","211","211s2",2,1,18,3,0,1,3.57142857142857,3.14285714285714,1.85714285714286,1.28571428571429,1,8,0,0,1,0,1,1,0,0,,4203,"victim","N1",1,0,0,0,"Humanities","Control","Humanities","reject","reject","both_reject","ingroup","outgroup",,,,"different",0,"Humanities"
"14","211","211s2",2,1,18,3,0,1,3.57142857142857,3.14285714285714,1.85714285714286,1.28571428571429,2,8,0,0,0,1,1,0,1,0,,4204,"victim","N2",1,0,0,0,"Humanities","Control","Humanities","reject","reject","both_reject","ingroup","outgroup",,,,"different",0,"Humanities"
"14","211","211s3",3,1,18,3,0,1,3.57142857142857,3.14285714285714,1.85714285714286,1.28571428571429,1,9,0,0,0,1,1,0,1,0,,4205,"victim","N1",0,1,0,0,"Control","Humanities","Humanities","reject","reject","both_reject","outgroup","ingroup",,,,"different",0,"Humanities"
"14","211","211s3",3,1,18,3,0,1,3.57142857142857,3.14285714285714,1.85714285714286,1.28571428571429,2,9,0,0,1,0,1,1,0,0,,4206,"victim","N2",0,1,0,0,"Control","Humanities","Humanities","reject","reject","both_reject","outgroup","ingroup",,,,"different",0,"Humanities"
"14","211","211s4",4,1,18,3,0,1,3.57142857142857,3.14285714285714,1.85714285714286,1.28571428571429,1,-2,1,0,0,0,1,0,0,1,,4207,"victim","N1",0,0,1,0,"Control","Control","Humanities","accept","reject","target_accept_other_reject","outgroup","outgroup",,,,"same",1,"Humanities"
"14","211","211s4",4,1,18,3,0,1,3.57142857142857,3.14285714285714,1.85714285714286,1.28571428571429,2,-2,0,1,0,0,1,0,0,1,,4208,"victim","N2",0,0,1,0,"Control","Control","Humanities","reject","accept","target_reject_other_accept","outgroup","outgroup",,,,"same",1,"Humanities"
"14","211","211s5",5,1,18,3,0,1,3.57142857142857,3.14285714285714,1.85714285714286,1.28571428571429,1,-8,1,0,0,0,1,0,0,1,,4209,"victim","N1",0,0,1,0,"Control","Control","Humanities","accept","reject","target_accept_other_reject","outgroup","outgroup",,,,"same",1,"Humanities"
"14","211","211s5",5,1,18,3,0,1,3.57142857142857,3.14285714285714,1.85714285714286,1.28571428571429,2,8,0,1,0,0,1,0,0,1,,4210,"victim","N2",0,0,1,0,"Control","Control","Humanities","reject","accept","target_reject_other_accept","outgroup","outgroup",,,,"same",1,"Humanities"
"14","212","212s6",6,1,18,3,1,1,2.14285714285714,1.85714285714286,2,2.14285714285714,1,-9,1,0,1,2,1,1,2,0,,4231,"victim","N1",1,2,1,0,"Humanities","Engineering","Humanities","accept","reject","target_accept_other_reject","ingroup","outgroup",,,,"different",0,"Humanities"
"14","212","212s6",6,1,18,3,1,1,2.14285714285714,1.85714285714286,2,2.14285714285714,2,9,0,1,2,1,1,2,1,0,,4232,"victim","N2",1,2,1,0,"Humanities","Engineering","Humanities","reject","accept","target_reject_other_accept","ingroup","outgroup",,,,"different",0,"Humanities"
"14","212","212s7",7,1,18,3,1,1,2.14285714285714,1.85714285714286,2,2.14285714285714,1,9,0,0,2,2,1,2,2,1,,4233,"victim","N1",2,2,0,0,"Engineering","Engineering","Humanities","reject","reject","both_reject","outgroup","outgroup",,,,"same",1,"Humanities"
"14","212","212s7",7,1,18,3,1,1,2.14285714285714,1.85714285714286,2,2.14285714285714,2,9,0,0,2,2,1,2,2,1,,4234,"victim","N2",2,2,0,0,"Engineering","Engineering","Humanities","reject","reject","both_reject","outgroup","outgroup",,,,"same",1,"Humanities"
"14","212","212s8",8,1,18,3,1,1,2.14285714285714,1.85714285714286,2,2.14285714285714,1,-9,1,0,2,0,1,2,0,0,,4235,"victim","N1",2,0,1,0,"Engineering","Control","Humanities","accept","reject","target_accept_other_reject","outgroup","outgroup",,,,"different",0,"Humanities"
"14","212","212s8",8,1,18,3,1,1,2.14285714285714,1.85714285714286,2,2.14285714285714,2,9,0,1,0,2,1,0,2,0,,4236,"victim","N2",2,0,1,0,"Engineering","Control","Humanities","reject","accept","target_reject_other_accept","outgroup","outgroup",,,,"different",0,"Humanities"
"14","212","212s9",9,1,18,3,1,1,2.14285714285714,1.85714285714286,2,2.14285714285714,1,9,0,0,1,2,1,1,2,0,,4237,"victim","N1",1,2,0,0,"Humanities","Engineering","Humanities","reject","reject","both_reject","ingroup","outgroup",,,,"different",0,"Humanities"
"14","212","212s9",9,1,18,3,1,1,2.14285714285714,1.85714285714286,2,2.14285714285714,2,9,0,0,2,1,1,2,1,0,,4238,"victim","N2",1,2,0,0,"Humanities","Engineering","Humanities","reject","reject","both_reject","ingroup","outgroup",,,,"different",0,"Humanities"
"14","212","212s10",10,1,18,3,1,1,2.14285714285714,1.85714285714286,2,2.14285714285714,1,9,0,0,0,0,1,0,0,1,,4239,"victim","N1",0,0,0,0,"Control","Control","Humanities","reject","reject","both_reject","outgroup","outgroup",,,,"same",1,"Humanities"
"14","212","212s10",10,1,18,3,1,1,2.14285714285714,1.85714285714286,2,2.14285714285714,2,9,0,0,0,0,1,0,0,1,,4240,"victim","N2",0,0,0,0,"Control","Control","Humanities","reject","reject","both_reject","outgroup","outgroup",,,,"same",1,"Humanities"
"15","213","213s6",6,1,27,3,0,2,1.42857142857143,1.85714285714286,2.28571428571429,1.57142857142857,1,-9,1,0,2,1,2,1,2,0,,4251,"victim","N1",2,1,1,0,"Engineering","Humanities","Engineering","accept","reject","target_accept_other_reject","ingroup","outgroup",,,,"different",0,"Engineering"
"15","213","213s6",6,1,27,3,0,2,1.42857142857143,1.85714285714286,2.28571428571429,1.57142857142857,2,-9,0,1,1,2,2,2,1,0,,4252,"victim","N2",2,1,1,0,"Engineering","Humanities","Engineering","reject","accept","target_reject_other_accept","ingroup","outgroup",,,,"different",0,"Engineering"
"15","213","213s7",7,1,27,3,0,2,1.42857142857143,1.85714285714286,2.28571428571429,1.57142857142857,1,-9,1,1,2,1,2,1,2,0,,4253,"victim","N1",2,1,1,1,"Engineering","Humanities","Engineering","accept","accept","both_accept","ingroup","outgroup",,,,"different",0,"Engineering"
"15","213","213s7",7,1,27,3,0,2,1.42857142857143,1.85714285714286,2.28571428571429,1.57142857142857,2,-9,1,1,1,2,2,2,1,0,,4254,"victim","N2",2,1,1,1,"Engineering","Humanities","Engineering","accept","accept","both_accept","ingroup","outgroup",,,,"different",0,"Engineering"
"15","213","213s8",8,1,27,3,0,2,1.42857142857143,1.85714285714286,2.28571428571429,1.57142857142857,1,0,0,1,0,1,2,0,2,0,,4255,"victim","N1",0,1,0,1,"Control","Humanities","Engineering","reject","accept","target_reject_other_accept","outgroup","outgroup",,,,"different",0,"Engineering"
"15","213","213s8",8,1,27,3,0,2,1.42857142857143,1.85714285714286,2.28571428571429,1.57142857142857,2,-9,1,0,1,0,2,2,0,0,,4256,"victim","N2",0,1,0,1,"Control","Humanities","Engineering","accept","reject","target_accept_other_reject","outgroup","outgroup",,,,"different",0,"Engineering"
"15","213","213s9",9,1,27,3,0,2,1.42857142857143,1.85714285714286,2.28571428571429,1.57142857142857,1,-9,1,1,1,2,2,2,1,0,,4257,"victim","N1",1,2,1,1,"Humanities","Engineering","Engineering","accept","accept","both_accept","outgroup","ingroup",,,,"different",0,"Engineering"
"15","213","213s9",9,1,27,3,0,2,1.42857142857143,1.85714285714286,2.28571428571429,1.57142857142857,2,-9,1,1,2,1,2,1,2,0,,4258,"victim","N2",1,2,1,1,"Humanities","Engineering","Engineering","accept","accept","both_accept","outgroup","ingroup",,,,"different",0,"Engineering"
"15","213","213s10",10,1,27,3,0,2,1.42857142857143,1.85714285714286,2.28571428571429,1.57142857142857,1,-9,1,0,2,2,2,1,1,1,,4259,"victim","N1",2,2,1,0,"Engineering","Engineering","Engineering","accept","reject","target_accept_other_reject","ingroup","ingroup",,,,"same",1,"Engineering"
"15","213","213s10",10,1,27,3,0,2,1.42857142857143,1.85714285714286,2.28571428571429,1.57142857142857,2,0,0,1,2,2,2,1,1,1,,4260,"victim","N2",2,2,1,0,"Engineering","Engineering","Engineering","reject","accept","target_reject_other_accept","ingroup","ingroup",,,,"same",1,"Engineering"
"15","214","214s6",6,1,19,4,1,1,1.28571428571429,2.28571428571429,2.42857142857143,1.57142857142857,1,9,0,1,1,0,1,1,0,0,,4271,"victim","N1",1,0,0,1,"Humanities","Control","Humanities","reject","accept","target_reject_other_accept","ingroup","outgroup",,,,"different",0,"Humanities"
"15","214","214s6",6,1,19,4,1,1,1.28571428571429,2.28571428571429,2.42857142857143,1.57142857142857,2,-3,1,0,0,1,1,0,1,0,,4272,"victim","N2",1,0,0,1,"Humanities","Control","Humanities","accept","reject","target_accept_other_reject","ingroup","outgroup",,,,"different",0,"Humanities"
"15","214","214s7",7,1,19,4,1,1,1.28571428571429,2.28571428571429,2.42857142857143,1.57142857142857,1,9,0,0,1,0,1,1,0,0,,4273,"victim","N1",1,0,0,0,"Humanities","Control","Humanities","reject","reject","both_reject","ingroup","outgroup",,,,"different",0,"Humanities"
"15","214","214s7",7,1,19,4,1,1,1.28571428571429,2.28571428571429,2.42857142857143,1.57142857142857,2,9,0,0,0,1,1,0,1,0,,4274,"victim","N2",1,0,0,0,"Humanities","Control","Humanities","reject","reject","both_reject","ingroup","outgroup",,,,"different",0,"Humanities"
"15","214","214s8",8,1,19,4,1,1,1.28571428571429,2.28571428571429,2.42857142857143,1.57142857142857,1,9,0,0,0,2,1,0,2,0,,4275,"victim","N1",0,2,0,0,"Control","Engineering","Humanities","reject","reject","both_reject","outgroup","outgroup",,,,"different",0,"Humanities"
"15","214","214s8",8,1,19,4,1,1,1.28571428571429,2.28571428571429,2.42857142857143,1.57142857142857,2,9,0,0,2,0,1,2,0,0,,4276,"victim","N2",0,2,0,0,"Control","Engineering","Humanities","reject","reject","both_reject","outgroup","outgroup",,,,"different",0,"Humanities"
"15","214","214s9",9,1,19,4,1,1,1.28571428571429,2.28571428571429,2.42857142857143,1.57142857142857,1,-2,1,1,0,0,1,0,0,1,,4277,"victim","N1",0,0,1,1,"Control","Control","Humanities","accept","accept","both_accept","outgroup","outgroup",,,,"same",1,"Humanities"
"15","214","214s9",9,1,19,4,1,1,1.28571428571429,2.28571428571429,2.42857142857143,1.57142857142857,2,-2,1,1,0,0,1,0,0,1,,4278,"victim","N2",0,0,1,1,"Control","Control","Humanities","accept","accept","both_accept","outgroup","outgroup",,,,"same",1,"Humanities"
"15","214","214s10",10,1,19,4,1,1,1.28571428571429,2.28571428571429,2.42857142857143,1.57142857142857,1,9,0,0,0,0,1,0,0,1,,4279,"victim","N1",0,0,0,0,"Control","Control","Humanities","reject","reject","both_reject","outgroup","outgroup",,,,"same",1,"Humanities"
"15","214","214s10",10,1,19,4,1,1,1.28571428571429,2.28571428571429,2.42857142857143,1.57142857142857,2,9,0,0,0,0,1,0,0,1,,4280,"victim","N2",0,0,0,0,"Control","Control","Humanities","reject","reject","both_reject","outgroup","outgroup",,,,"same",1,"Humanities"
"15","215","215s1",1,1,19,2,0,2,2.71428571428571,3.42857142857143,3,2.14285714285714,1,9,0,1,1,1,2,2,2,1,,4281,"victim","N1",1,1,0,1,"Humanities","Humanities","Engineering","reject","accept","target_reject_other_accept","outgroup","outgroup",,,,"same",1,"Engineering"
"15","215","215s1",1,1,19,2,0,2,2.71428571428571,3.42857142857143,3,2.14285714285714,2,-4,1,0,1,1,2,2,2,1,,4282,"victim","N2",1,1,0,1,"Humanities","Humanities","Engineering","accept","reject","target_accept_other_reject","outgroup","outgroup",,,,"same",1,"Engineering"
"15","215","215s2",2,1,19,2,0,2,2.71428571428571,3.42857142857143,3,2.14285714285714,1,9,0,0,1,2,2,2,1,0,,4283,"victim","N1",1,2,0,0,"Humanities","Engineering","Engineering","reject","reject","both_reject","outgroup","ingroup",,,,"different",0,"Engineering"
"15","215","215s2",2,1,19,2,0,2,2.71428571428571,3.42857142857143,3,2.14285714285714,2,9,0,0,2,1,2,1,2,0,,4284,"victim","N2",1,2,0,0,"Humanities","Engineering","Engineering","reject","reject","both_reject","outgroup","ingroup",,,,"different",0,"Engineering"
"15","215","215s3",3,1,19,2,0,2,2.71428571428571,3.42857142857143,3,2.14285714285714,1,-5,1,0,0,1,2,0,2,0,,4285,"victim","N1",0,1,1,0,"Control","Humanities","Engineering","accept","reject","target_accept_other_reject","outgroup","outgroup",,,,"different",0,"Engineering"
"15","215","215s3",3,1,19,2,0,2,2.71428571428571,3.42857142857143,3,2.14285714285714,2,4,0,1,1,0,2,2,0,0,,4286,"victim","N2",0,1,1,0,"Control","Humanities","Engineering","reject","accept","target_reject_other_accept","outgroup","outgroup",,,,"different",0,"Engineering"
"15","215","215s4",4,1,19,2,0,2,2.71428571428571,3.42857142857143,3,2.14285714285714,1,-4,1,0,2,0,2,1,0,0,,4287,"victim","N1",2,0,1,0,"Engineering","Control","Engineering","accept","reject","target_accept_other_reject","ingroup","outgroup",,,,"different",0,"Engineering"
"15","215","215s4",4,1,19,2,0,2,2.71428571428571,3.42857142857143,3,2.14285714285714,2,4,0,1,0,2,2,0,1,0,,4288,"victim","N2",2,0,1,0,"Engineering","Control","Engineering","reject","accept","target_reject_other_accept","ingroup","outgroup",,,,"different",0,"Engineering"
"15","215","215s5",5,1,19,2,0,2,2.71428571428571,3.42857142857143,3,2.14285714285714,1,9,0,0,0,0,2,0,0,1,,4289,"victim","N1",0,0,0,0,"Control","Control","Engineering","reject","reject","both_reject","outgroup","outgroup",,,,"same",1,"Engineering"
"15","215","215s5",5,1,19,2,0,2,2.71428571428571,3.42857142857143,3,2.14285714285714,2,9,0,0,0,0,2,0,0,1,,4290,"victim","N2",0,0,0,0,"Control","Control","Engineering","reject","reject","both_reject","outgroup","outgroup",,,,"same",1,"Engineering"
"15","216","216s6",6,1,23,3,0,1,2.85714285714286,2.57142857142857,2.57142857142857,1.71428571428571,1,6,0,0,1,1,1,1,1,1,,4311,"victim","N1",1,1,0,0,"Humanities","Humanities","Humanities","reject","reject","both_reject","ingroup","ingroup",,,,"same",1,"Humanities"
"15","216","216s6",6,1,23,3,0,1,2.85714285714286,2.57142857142857,2.57142857142857,1.71428571428571,2,6,0,0,1,1,1,1,1,1,,4312,"victim","N2",1,1,0,0,"Humanities","Humanities","Humanities","reject","reject","both_reject","ingroup","ingroup",,,,"same",1,"Humanities"
"15","216","216s7",7,1,23,3,0,1,2.85714285714286,2.57142857142857,2.57142857142857,1.71428571428571,1,-5,1,1,1,2,1,1,2,0,,4313,"victim","N1",1,2,1,1,"Humanities","Engineering","Humanities","accept","accept","both_accept","ingroup","outgroup",,,,"different",0,"Humanities"
"15","216","216s7",7,1,23,3,0,1,2.85714285714286,2.57142857142857,2.57142857142857,1.71428571428571,2,4,1,1,2,1,1,2,1,0,,4314,"victim","N2",1,2,1,1,"Humanities","Engineering","Humanities","accept","accept","both_accept","ingroup","outgroup",,,,"different",0,"Humanities"
"15","216","216s8",8,1,23,3,0,1,2.85714285714286,2.57142857142857,2.57142857142857,1.71428571428571,1,7,1,1,0,1,1,0,1,0,,4315,"victim","N1",0,1,1,1,"Control","Humanities","Humanities","accept","accept","both_accept","outgroup","ingroup",,,,"different",0,"Humanities"
"15","216","216s8",8,1,23,3,0,1,2.85714285714286,2.57142857142857,2.57142857142857,1.71428571428571,2,-7,1,1,1,0,1,1,0,0,,4316,"victim","N2",0,1,1,1,"Control","Humanities","Humanities","accept","accept","both_accept","outgroup","ingroup",,,,"different",0,"Humanities"
"15","216","216s9",9,1,23,3,0,1,2.85714285714286,2.57142857142857,2.57142857142857,1.71428571428571,1,3,1,1,2,1,1,2,1,0,,4317,"victim","N1",2,1,1,1,"Engineering","Humanities","Humanities","accept","accept","both_accept","outgroup","ingroup",,,,"different",0,"Humanities"
"15","216","216s9",9,1,23,3,0,1,2.85714285714286,2.57142857142857,2.57142857142857,1.71428571428571,2,-4,1,1,1,2,1,1,2,0,,4318,"victim","N2",2,1,1,1,"Engineering","Humanities","Humanities","accept","accept","both_accept","outgroup","ingroup",,,,"different",0,"Humanities"
"15","216","216s10",10,1,23,3,0,1,2.85714285714286,2.57142857142857,2.57142857142857,1.71428571428571,1,8,0,1,1,0,1,1,0,0,,4319,"victim","N1",1,0,0,1,"Humanities","Control","Humanities","reject","accept","target_reject_other_accept","ingroup","outgroup",,,,"different",0,"Humanities"
"15","216","216s10",10,1,23,3,0,1,2.85714285714286,2.57142857142857,2.57142857142857,1.71428571428571,2,4,1,0,0,1,1,0,1,0,,4320,"victim","N2",1,0,0,1,"Humanities","Control","Humanities","accept","reject","target_accept_other_reject","ingroup","outgroup",,,,"different",0,"Humanities"
"15","217","217s1",1,1,21,1,0,1,2.28571428571429,1.14285714285714,1.28571428571429,0.428571428571428,1,4,1,0,1,1,1,1,1,1,,4321,"victim","N1",1,1,1,0,"Humanities","Humanities","Humanities","accept","reject","target_accept_other_reject","ingroup","ingroup",,,,"same",1,"Humanities"
"15","217","217s1",1,1,21,1,0,1,2.28571428571429,1.14285714285714,1.28571428571429,0.428571428571428,2,4,0,1,1,1,1,1,1,1,,4322,"victim","N2",1,1,1,0,"Humanities","Humanities","Humanities","reject","accept","target_reject_other_accept","ingroup","ingroup",,,,"same",1,"Humanities"
"15","217","217s2",2,1,21,1,0,1,2.28571428571429,1.14285714285714,1.28571428571429,0.428571428571428,1,-5,1,1,1,0,1,1,0,0,,4323,"victim","N1",1,0,1,1,"Humanities","Control","Humanities","accept","accept","both_accept","ingroup","outgroup",,,,"different",0,"Humanities"
"15","217","217s2",2,1,21,1,0,1,2.28571428571429,1.14285714285714,1.28571428571429,0.428571428571428,2,-5,1,1,0,1,1,0,1,0,,4324,"victim","N2",1,0,1,1,"Humanities","Control","Humanities","accept","accept","both_accept","ingroup","outgroup",,,,"different",0,"Humanities"
"15","217","217s3",3,1,21,1,0,1,2.28571428571429,1.14285714285714,1.28571428571429,0.428571428571428,1,0,1,0,0,0,1,0,0,1,,4325,"victim","N1",0,0,1,0,"Control","Control","Humanities","accept","reject","target_accept_other_reject","outgroup","outgroup",,,,"same",1,"Humanities"
"15","217","217s3",3,1,21,1,0,1,2.28571428571429,1.14285714285714,1.28571428571429,0.428571428571428,2,0,0,1,0,0,1,0,0,1,,4326,"victim","N2",0,0,1,0,"Control","Control","Humanities","reject","accept","target_reject_other_accept","outgroup","outgroup",,,,"same",1,"Humanities"
"15","217","217s4",4,1,21,1,0,1,2.28571428571429,1.14285714285714,1.28571428571429,0.428571428571428,1,7,0,0,2,1,1,2,1,0,,4327,"victim","N1",2,1,0,0,"Engineering","Humanities","Humanities","reject","reject","both_reject","outgroup","ingroup",,,,"different",0,"Humanities"
"15","217","217s4",4,1,21,1,0,1,2.28571428571429,1.14285714285714,1.28571428571429,0.428571428571428,2,7,0,0,1,2,1,1,2,0,,4328,"victim","N2",2,1,0,0,"Engineering","Humanities","Humanities","reject","reject","both_reject","outgroup","ingroup",,,,"different",0,"Humanities"
"15","217","217s5",5,1,21,1,0,1,2.28571428571429,1.14285714285714,1.28571428571429,0.428571428571428,1,-3,1,0,1,1,1,1,1,1,,4329,"victim","N1",1,1,1,0,"Humanities","Humanities","Humanities","accept","reject","target_accept_other_reject","ingroup","ingroup",,,,"same",1,"Humanities"
"15","217","217s5",5,1,21,1,0,1,2.28571428571429,1.14285714285714,1.28571428571429,0.428571428571428,2,-3,0,1,1,1,1,1,1,1,,4330,"victim","N2",1,1,1,0,"Humanities","Humanities","Humanities","reject","accept","target_reject_other_accept","ingroup","ingroup",,,,"same",1,"Humanities"
"16","218","218s1",1,1,23,1,1,2,2.42857142857143,2.57142857142857,3.57142857142857,1.71428571428571,1,9,1,1,1,1,2,2,2,1,,4341,"victim","N1",1,1,1,1,"Humanities","Humanities","Engineering","accept","accept","both_accept","outgroup","outgroup",,,,"same",1,"Engineering"
"16","218","218s1",1,1,23,1,1,2,2.42857142857143,2.57142857142857,3.57142857142857,1.71428571428571,2,9,1,1,1,1,2,2,2,1,,4342,"victim","N2",1,1,1,1,"Humanities","Humanities","Engineering","accept","accept","both_accept","outgroup","outgroup",,,,"same",1,"Engineering"
"16","218","218s2",2,1,23,1,1,2,2.42857142857143,2.57142857142857,3.57142857142857,1.71428571428571,1,0,0,0,2,2,2,1,1,1,,4343,"victim","N1",2,2,0,0,"Engineering","Engineering","Engineering","reject","reject","both_reject","ingroup","ingroup",,,,"same",1,"Engineering"
"16","218","218s2",2,1,23,1,1,2,2.42857142857143,2.57142857142857,3.57142857142857,1.71428571428571,2,0,0,0,2,2,2,1,1,1,,4344,"victim","N2",2,2,0,0,"Engineering","Engineering","Engineering","reject","reject","both_reject","ingroup","ingroup",,,,"same",1,"Engineering"
"16","218","218s3",3,1,23,1,1,2,2.42857142857143,2.57142857142857,3.57142857142857,1.71428571428571,1,0,0,0,1,0,2,2,0,0,,4345,"victim","N1",1,0,0,0,"Humanities","Control","Engineering","reject","reject","both_reject","outgroup","outgroup",,,,"different",0,"Engineering"
"16","218","218s3",3,1,23,1,1,2,2.42857142857143,2.57142857142857,3.57142857142857,1.71428571428571,2,0,0,0,0,1,2,0,2,0,,4346,"victim","N2",1,0,0,0,"Humanities","Control","Engineering","reject","reject","both_reject","outgroup","outgroup",,,,"different",0,"Engineering"
"16","218","218s4",4,1,23,1,1,2,2.42857142857143,2.57142857142857,3.57142857142857,1.71428571428571,1,-2,1,0,0,0,2,0,0,1,,4347,"victim","N1",0,0,1,0,"Control","Control","Engineering","accept","reject","target_accept_other_reject","outgroup","outgroup",,,,"same",1,"Engineering"
"16","218","218s4",4,1,23,1,1,2,2.42857142857143,2.57142857142857,3.57142857142857,1.71428571428571,2,0,0,1,0,0,2,0,0,1,,4348,"victim","N2",0,0,1,0,"Control","Control","Engineering","reject","accept","target_reject_other_accept","outgroup","outgroup",,,,"same",1,"Engineering"
"16","218","218s5",5,1,23,1,1,2,2.42857142857143,2.57142857142857,3.57142857142857,1.71428571428571,1,0,1,1,2,0,2,1,0,0,,4349,"victim","N1",2,0,1,1,"Engineering","Control","Engineering","accept","accept","both_accept","ingroup","outgroup",,,,"different",0,"Engineering"
"16","218","218s5",5,1,23,1,1,2,2.42857142857143,2.57142857142857,3.57142857142857,1.71428571428571,2,0,1,1,0,2,2,0,1,0,,4350,"victim","N2",2,0,1,1,"Engineering","Control","Engineering","accept","accept","both_accept","ingroup","outgroup",,,,"different",0,"Engineering"
"16","219","219s1",1,1,20,2,1,1,2.28571428571429,3.85714285714286,4,1.57142857142857,1,9,0,0,2,0,1,2,0,0,,4361,"victim","N1",2,0,0,0,"Engineering","Control","Humanities","reject","reject","both_reject","outgroup","outgroup",,,,"different",0,"Humanities"
"16","219","219s1",1,1,20,2,1,1,2.28571428571429,3.85714285714286,4,1.57142857142857,2,9,0,0,0,2,1,0,2,0,,4362,"victim","N2",2,0,0,0,"Engineering","Control","Humanities","reject","reject","both_reject","outgroup","outgroup",,,,"different",0,"Humanities"
"16","219","219s2",2,1,20,2,1,1,2.28571428571429,3.85714285714286,4,1.57142857142857,1,9,0,0,1,1,1,1,1,1,,4363,"victim","N1",1,1,0,0,"Humanities","Humanities","Humanities","reject","reject","both_reject","ingroup","ingroup",,,,"same",1,"Humanities"
"16","219","219s2",2,1,20,2,1,1,2.28571428571429,3.85714285714286,4,1.57142857142857,2,9,0,0,1,1,1,1,1,1,,4364,"victim","N2",1,1,0,0,"Humanities","Humanities","Humanities","reject","reject","both_reject","ingroup","ingroup",,,,"same",1,"Humanities"
"16","219","219s3",3,1,20,2,1,1,2.28571428571429,3.85714285714286,4,1.57142857142857,1,5,1,1,1,1,1,1,1,1,,4365,"victim","N1",1,1,1,1,"Humanities","Humanities","Humanities","accept","accept","both_accept","ingroup","ingroup",,,,"same",1,"Humanities"
"16","219","219s3",3,1,20,2,1,1,2.28571428571429,3.85714285714286,4,1.57142857142857,2,5,1,1,1,1,1,1,1,1,,4366,"victim","N2",1,1,1,1,"Humanities","Humanities","Humanities","accept","accept","both_accept","ingroup","ingroup",,,,"same",1,"Humanities"
"16","219","219s4",4,1,20,2,1,1,2.28571428571429,3.85714285714286,4,1.57142857142857,1,9,0,1,2,1,1,2,1,0,,4367,"victim","N1",2,1,0,1,"Engineering","Humanities","Humanities","reject","accept","target_reject_other_accept","outgroup","ingroup",,,,"different",0,"Humanities"
"16","219","219s4",4,1,20,2,1,1,2.28571428571429,3.85714285714286,4,1.57142857142857,2,2,1,0,1,2,1,1,2,0,,4368,"victim","N2",2,1,0,1,"Engineering","Humanities","Humanities","accept","reject","target_accept_other_reject","outgroup","ingroup",,,,"different",0,"Humanities"
"16","219","219s5",5,1,20,2,1,1,2.28571428571429,3.85714285714286,4,1.57142857142857,1,9,0,1,1,1,1,1,1,1,,4369,"victim","N1",1,1,0,1,"Humanities","Humanities","Humanities","reject","accept","target_reject_other_accept","ingroup","ingroup",,,,"same",1,"Humanities"
"16","219","219s5",5,1,20,2,1,1,2.28571428571429,3.85714285714286,4,1.57142857142857,2,2,1,0,1,1,1,1,1,1,,4370,"victim","N2",1,1,0,1,"Humanities","Humanities","Humanities","accept","reject","target_accept_other_reject","ingroup","ingroup",,,,"same",1,"Humanities"
"16","220","220s1",1,1,21,2,1,1,2.14285714285714,2.14285714285714,3.14285714285714,1.42857142857143,1,2,0,0,2,0,1,2,0,0,,4381,"victim","N1",2,0,0,0,"Engineering","Control","Humanities","reject","reject","both_reject","outgroup","outgroup",,,,"different",0,"Humanities"
"16","220","220s1",1,1,21,2,1,1,2.14285714285714,2.14285714285714,3.14285714285714,1.42857142857143,2,2,0,0,0,2,1,0,2,0,,4382,"victim","N2",2,0,0,0,"Engineering","Control","Humanities","reject","reject","both_reject","outgroup","outgroup",,,,"different",0,"Humanities"
"16","220","220s2",2,1,21,2,1,1,2.14285714285714,2.14285714285714,3.14285714285714,1.42857142857143,1,-3,1,0,0,0,1,0,0,1,,4383,"victim","N1",0,0,1,0,"Control","Control","Humanities","accept","reject","target_accept_other_reject","outgroup","outgroup",,,,"same",1,"Humanities"
"16","220","220s2",2,1,21,2,1,1,2.14285714285714,2.14285714285714,3.14285714285714,1.42857142857143,2,2,0,1,0,0,1,0,0,1,,4384,"victim","N2",0,0,1,0,"Control","Control","Humanities","reject","accept","target_reject_other_accept","outgroup","outgroup",,,,"same",1,"Humanities"
"16","220","220s3",3,1,21,2,1,1,2.14285714285714,2.14285714285714,3.14285714285714,1.42857142857143,1,4,0,0,2,0,1,2,0,0,,4385,"victim","N1",2,0,0,0,"Engineering","Control","Humanities","reject","reject","both_reject","outgroup","outgroup",,,,"different",0,"Humanities"
"16","220","220s3",3,1,21,2,1,1,2.14285714285714,2.14285714285714,3.14285714285714,1.42857142857143,2,4,0,0,0,2,1,0,2,0,,4386,"victim","N2",2,0,0,0,"Engineering","Control","Humanities","reject","reject","both_reject","outgroup","outgroup",,,,"different",0,"Humanities"
"16","220","220s4",4,1,21,2,1,1,2.14285714285714,2.14285714285714,3.14285714285714,1.42857142857143,1,-5,1,0,2,1,1,2,1,0,,4387,"victim","N1",2,1,1,0,"Engineering","Humanities","Humanities","accept","reject","target_accept_other_reject","outgroup","ingroup",,,,"different",0,"Humanities"
"16","220","220s4",4,1,21,2,1,1,2.14285714285714,2.14285714285714,3.14285714285714,1.42857142857143,2,3,0,1,1,2,1,1,2,0,,4388,"victim","N2",2,1,1,0,"Engineering","Humanities","Humanities","reject","accept","target_reject_other_accept","outgroup","ingroup",,,,"different",0,"Humanities"
"16","220","220s5",5,1,21,2,1,1,2.14285714285714,2.14285714285714,3.14285714285714,1.42857142857143,1,5,0,0,0,1,1,0,1,0,,4389,"victim","N1",0,1,0,0,"Control","Humanities","Humanities","reject","reject","both_reject","outgroup","ingroup",,,,"different",0,"Humanities"
"16","220","220s5",5,1,21,2,1,1,2.14285714285714,2.14285714285714,3.14285714285714,1.42857142857143,2,5,0,0,1,0,1,1,0,0,,4390,"victim","N2",0,1,0,0,"Control","Humanities","Humanities","reject","reject","both_reject","outgroup","ingroup",,,,"different",0,"Humanities"
"16","221","221s6",6,1,21,3,1,1,1.28571428571429,3.14285714285714,3.14285714285714,0.857142857142857,1,-5,1,0,0,2,1,0,2,0,,4411,"victim","N1",0,2,1,0,"Control","Engineering","Humanities","accept","reject","target_accept_other_reject","outgroup","outgroup",,,,"different",0,"Humanities"
"16","221","221s6",6,1,21,3,1,1,1.28571428571429,3.14285714285714,3.14285714285714,0.857142857142857,2,9,0,1,2,0,1,2,0,0,,4412,"victim","N2",0,2,1,0,"Control","Engineering","Humanities","reject","accept","target_reject_other_accept","outgroup","outgroup",,,,"different",0,"Humanities"
"16","221","221s7",7,1,21,3,1,1,1.28571428571429,3.14285714285714,3.14285714285714,0.857142857142857,1,9,0,1,2,0,1,2,0,0,,4413,"victim","N1",2,0,0,1,"Engineering","Control","Humanities","reject","accept","target_reject_other_accept","outgroup","outgroup",,,,"different",0,"Humanities"
"16","221","221s7",7,1,21,3,1,1,1.28571428571429,3.14285714285714,3.14285714285714,0.857142857142857,2,-6,1,0,0,2,1,0,2,0,,4414,"victim","N2",2,0,0,1,"Engineering","Control","Humanities","accept","reject","target_accept_other_reject","outgroup","outgroup",,,,"different",0,"Humanities"
"16","221","221s8",8,1,21,3,1,1,1.28571428571429,3.14285714285714,3.14285714285714,0.857142857142857,1,-5,1,0,0,2,1,0,2,0,,4415,"victim","N1",0,2,1,0,"Control","Engineering","Humanities","accept","reject","target_accept_other_reject","outgroup","outgroup",,,,"different",0,"Humanities"
"16","221","221s8",8,1,21,3,1,1,1.28571428571429,3.14285714285714,3.14285714285714,0.857142857142857,2,9,0,1,2,0,1,2,0,0,,4416,"victim","N2",0,2,1,0,"Control","Engineering","Humanities","reject","accept","target_reject_other_accept","outgroup","outgroup",,,,"different",0,"Humanities"
"16","221","221s9",9,1,21,3,1,1,1.28571428571429,3.14285714285714,3.14285714285714,0.857142857142857,1,9,0,1,0,0,1,0,0,1,,4417,"victim","N1",0,0,0,1,"Control","Control","Humanities","reject","accept","target_reject_other_accept","outgroup","outgroup",,,,"same",1,"Humanities"
"16","221","221s9",9,1,21,3,1,1,1.28571428571429,3.14285714285714,3.14285714285714,0.857142857142857,2,-3,1,0,0,0,1,0,0,1,,4418,"victim","N2",0,0,0,1,"Control","Control","Humanities","accept","reject","target_accept_other_reject","outgroup","outgroup",,,,"same",1,"Humanities"
"16","221","221s10",10,1,21,3,1,1,1.28571428571429,3.14285714285714,3.14285714285714,0.857142857142857,1,7,0,0,1,0,1,1,0,0,,4419,"victim","N1",1,0,0,0,"Humanities","Control","Humanities","reject","reject","both_reject","ingroup","outgroup",,,,"different",0,"Humanities"
"16","221","221s10",10,1,21,3,1,1,1.28571428571429,3.14285714285714,3.14285714285714,0.857142857142857,2,7,0,0,0,1,1,0,1,0,,4420,"victim","N2",1,0,0,0,"Humanities","Control","Humanities","reject","reject","both_reject","ingroup","outgroup",,,,"different",0,"Humanities"
"16","222","222s1",1,1,19,1,1,2,2.14285714285714,2.57142857142857,2.57142857142857,1.57142857142857,1,7,0,0,0,0,2,0,0,1,,4421,"victim","N1",0,0,0,0,"Control","Control","Engineering","reject","reject","both_reject","outgroup","outgroup",,,,"same",1,"Engineering"
"16","222","222s1",1,1,19,1,1,2,2.14285714285714,2.57142857142857,2.57142857142857,1.57142857142857,2,7,0,0,0,0,2,0,0,1,,4422,"victim","N2",0,0,0,0,"Control","Control","Engineering","reject","reject","both_reject","outgroup","outgroup",,,,"same",1,"Engineering"
"16","222","222s2",2,1,19,1,1,2,2.14285714285714,2.57142857142857,2.57142857142857,1.57142857142857,1,2,1,1,1,0,2,2,0,0,,4423,"victim","N1",1,0,1,1,"Humanities","Control","Engineering","accept","accept","both_accept","outgroup","outgroup",,,,"different",0,"Engineering"
"16","222","222s2",2,1,19,1,1,2,2.14285714285714,2.57142857142857,2.57142857142857,1.57142857142857,2,2,1,1,0,1,2,0,2,0,,4424,"victim","N2",1,0,1,1,"Humanities","Control","Engineering","accept","accept","both_accept","outgroup","outgroup",,,,"different",0,"Engineering"
"16","222","222s3",3,1,19,1,1,2,2.14285714285714,2.57142857142857,2.57142857142857,1.57142857142857,1,3,1,1,1,2,2,2,1,0,,4425,"victim","N1",1,2,1,1,"Humanities","Engineering","Engineering","accept","accept","both_accept","outgroup","ingroup",,,,"different",0,"Engineering"
"16","222","222s3",3,1,19,1,1,2,2.14285714285714,2.57142857142857,2.57142857142857,1.57142857142857,2,3,1,1,2,1,2,1,2,0,,4426,"victim","N2",1,2,1,1,"Humanities","Engineering","Engineering","accept","accept","both_accept","outgroup","ingroup",,,,"different",0,"Engineering"
"16","222","222s4",4,1,19,1,1,2,2.14285714285714,2.57142857142857,2.57142857142857,1.57142857142857,1,5,0,1,0,0,2,0,0,1,,4427,"victim","N1",0,0,0,1,"Control","Control","Engineering","reject","accept","target_reject_other_accept","outgroup","outgroup",,,,"same",1,"Engineering"
"16","222","222s4",4,1,19,1,1,2,2.14285714285714,2.57142857142857,2.57142857142857,1.57142857142857,2,1,1,0,0,0,2,0,0,1,,4428,"victim","N2",0,0,0,1,"Control","Control","Engineering","accept","reject","target_accept_other_reject","outgroup","outgroup",,,,"same",1,"Engineering"
"16","222","222s5",5,1,19,1,1,2,2.14285714285714,2.57142857142857,2.57142857142857,1.57142857142857,1,-1,1,0,1,2,2,2,1,0,,4429,"victim","N1",1,2,1,0,"Humanities","Engineering","Engineering","accept","reject","target_accept_other_reject","outgroup","ingroup",,,,"different",0,"Engineering"
"16","222","222s5",5,1,19,1,1,2,2.14285714285714,2.57142857142857,2.57142857142857,1.57142857142857,2,3,0,1,2,1,2,1,2,0,,4430,"victim","N2",1,2,1,0,"Humanities","Engineering","Engineering","reject","accept","target_reject_other_accept","outgroup","ingroup",,,,"different",0,"Engineering"
"16","223","223s6",6,1,20,2,1,2,1.14285714285714,3.14285714285714,1.71428571428571,2.85714285714286,1,-5,1,1,1,2,2,2,1,0,,4451,"victim","N1",1,2,1,1,"Humanities","Engineering","Engineering","accept","accept","both_accept","outgroup","ingroup",,,,"different",0,"Engineering"
"16","223","223s6",6,1,20,2,1,2,1.14285714285714,3.14285714285714,1.71428571428571,2.85714285714286,2,-5,1,1,2,1,2,1,2,0,,4452,"victim","N2",1,2,1,1,"Humanities","Engineering","Engineering","accept","accept","both_accept","outgroup","ingroup",,,,"different",0,"Engineering"
"16","223","223s7",7,1,20,2,1,2,1.14285714285714,3.14285714285714,1.71428571428571,2.85714285714286,1,-5,1,0,0,2,2,0,1,0,,4453,"victim","N1",0,2,1,0,"Control","Engineering","Engineering","accept","reject","target_accept_other_reject","outgroup","ingroup",,,,"different",0,"Engineering"
"16","223","223s7",7,1,20,2,1,2,1.14285714285714,3.14285714285714,1.71428571428571,2.85714285714286,2,7,0,1,2,0,2,1,0,0,,4454,"victim","N2",0,2,1,0,"Control","Engineering","Engineering","reject","accept","target_reject_other_accept","outgroup","ingroup",,,,"different",0,"Engineering"
"16","223","223s8",8,1,20,2,1,2,1.14285714285714,3.14285714285714,1.71428571428571,2.85714285714286,1,-6,1,1,1,0,2,2,0,0,,4455,"victim","N1",1,0,1,1,"Humanities","Control","Engineering","accept","accept","both_accept","outgroup","outgroup",,,,"different",0,"Engineering"
"16","223","223s8",8,1,20,2,1,2,1.14285714285714,3.14285714285714,1.71428571428571,2.85714285714286,2,-6,1,1,0,1,2,0,2,0,,4456,"victim","N2",1,0,1,1,"Humanities","Control","Engineering","accept","accept","both_accept","outgroup","outgroup",,,,"different",0,"Engineering"
"16","223","223s9",9,1,20,2,1,2,1.14285714285714,3.14285714285714,1.71428571428571,2.85714285714286,1,-5,1,0,0,0,2,0,0,1,,4457,"victim","N1",0,0,1,0,"Control","Control","Engineering","accept","reject","target_accept_other_reject","outgroup","outgroup",,,,"same",1,"Engineering"
"16","223","223s9",9,1,20,2,1,2,1.14285714285714,3.14285714285714,1.71428571428571,2.85714285714286,2,-5,0,1,0,0,2,0,0,1,,4458,"victim","N2",0,0,1,0,"Control","Control","Engineering","reject","accept","target_reject_other_accept","outgroup","outgroup",,,,"same",1,"Engineering"
"16","223","223s10",10,1,20,2,1,2,1.14285714285714,3.14285714285714,1.71428571428571,2.85714285714286,1,-6,1,0,0,1,2,0,2,0,,4459,"victim","N1",0,1,1,0,"Control","Humanities","Engineering","accept","reject","target_accept_other_reject","outgroup","outgroup",,,,"different",0,"Engineering"
"16","223","223s10",10,1,20,2,1,2,1.14285714285714,3.14285714285714,1.71428571428571,2.85714285714286,2,9,0,1,1,0,2,2,0,0,,4460,"victim","N2",0,1,1,0,"Control","Humanities","Engineering","reject","accept","target_reject_other_accept","outgroup","outgroup",,,,"different",0,"Engineering"
"16","224","224s1",1,1,19,2,0,2,1.57142857142857,2.85714285714286,3.42857142857143,1.14285714285714,1,-4,1,1,1,0,2,2,0,0,,4461,"victim","N1",1,0,1,1,"Humanities","Control","Engineering","accept","accept","both_accept","outgroup","outgroup",,,,"different",0,"Engineering"
"16","224","224s1",1,1,19,2,0,2,1.57142857142857,2.85714285714286,3.42857142857143,1.14285714285714,2,-4,1,1,0,1,2,0,2,0,,4462,"victim","N2",1,0,1,1,"Humanities","Control","Engineering","accept","accept","both_accept","outgroup","outgroup",,,,"different",0,"Engineering"
"16","224","224s2",2,1,19,2,0,2,1.57142857142857,2.85714285714286,3.42857142857143,1.14285714285714,1,9,0,0,0,0,2,0,0,1,,4463,"victim","N1",0,0,0,0,"Control","Control","Engineering","reject","reject","both_reject","outgroup","outgroup",,,,"same",1,"Engineering"
"16","224","224s2",2,1,19,2,0,2,1.57142857142857,2.85714285714286,3.42857142857143,1.14285714285714,2,9,0,0,0,0,2,0,0,1,,4464,"victim","N2",0,0,0,0,"Control","Control","Engineering","reject","reject","both_reject","outgroup","outgroup",,,,"same",1,"Engineering"
"16","224","224s3",3,1,19,2,0,2,1.57142857142857,2.85714285714286,3.42857142857143,1.14285714285714,1,9,0,0,2,2,2,1,1,1,,4465,"victim","N1",2,2,0,0,"Engineering","Engineering","Engineering","reject","reject","both_reject","ingroup","ingroup",,,,"same",1,"Engineering"
"16","224","224s3",3,1,19,2,0,2,1.57142857142857,2.85714285714286,3.42857142857143,1.14285714285714,2,9,0,0,2,2,2,1,1,1,,4466,"victim","N2",2,2,0,0,"Engineering","Engineering","Engineering","reject","reject","both_reject","ingroup","ingroup",,,,"same",1,"Engineering"
"16","224","224s4",4,1,19,2,0,2,1.57142857142857,2.85714285714286,3.42857142857143,1.14285714285714,1,-7,1,0,0,0,2,0,0,1,,4467,"victim","N1",0,0,1,0,"Control","Control","Engineering","accept","reject","target_accept_other_reject","outgroup","outgroup",,,,"same",1,"Engineering"
"16","224","224s4",4,1,19,2,0,2,1.57142857142857,2.85714285714286,3.42857142857143,1.14285714285714,2,9,0,1,0,0,2,0,0,1,,4468,"victim","N2",0,0,1,0,"Control","Control","Engineering","reject","accept","target_reject_other_accept","outgroup","outgroup",,,,"same",1,"Engineering"
"16","224","224s5",5,1,19,2,0,2,1.57142857142857,2.85714285714286,3.42857142857143,1.14285714285714,1,8,1,1,0,1,2,0,2,0,,4469,"victim","N1",0,1,1,1,"Control","Humanities","Engineering","accept","accept","both_accept","outgroup","outgroup",,,,"different",0,"Engineering"
"16","224","224s5",5,1,19,2,0,2,1.57142857142857,2.85714285714286,3.42857142857143,1.14285714285714,2,-6,1,1,1,0,2,2,0,0,,4470,"victim","N2",0,1,1,1,"Control","Humanities","Engineering","accept","accept","both_accept","outgroup","outgroup",,,,"different",0,"Engineering"
"16","225","225s1",1,1,23,2,1,2,0.571428571428571,1.85714285714286,2,1,1,-4,1,0,0,1,2,0,2,0,,4481,"victim","N1",0,1,1,0,"Control","Humanities","Engineering","accept","reject","target_accept_other_reject","outgroup","outgroup",,,,"different",0,"Engineering"
"16","225","225s1",1,1,23,2,1,2,0.571428571428571,1.85714285714286,2,1,2,8,0,1,1,0,2,2,0,0,,4482,"victim","N2",0,1,1,0,"Control","Humanities","Engineering","reject","accept","target_reject_other_accept","outgroup","outgroup",,,,"different",0,"Engineering"
"16","225","225s2",2,1,23,2,1,2,0.571428571428571,1.85714285714286,2,1,1,-5,1,1,1,2,2,2,1,0,,4483,"victim","N1",1,2,1,1,"Humanities","Engineering","Engineering","accept","accept","both_accept","outgroup","ingroup",,,,"different",0,"Engineering"
"16","225","225s2",2,1,23,2,1,2,0.571428571428571,1.85714285714286,2,1,2,-5,1,1,2,1,2,1,2,0,,4484,"victim","N2",1,2,1,1,"Humanities","Engineering","Engineering","accept","accept","both_accept","outgroup","ingroup",,,,"different",0,"Engineering"
"16","225","225s3",3,1,23,2,1,2,0.571428571428571,1.85714285714286,2,1,1,-5,1,0,2,2,2,1,1,1,,4485,"victim","N1",2,2,1,0,"Engineering","Engineering","Engineering","accept","reject","target_accept_other_reject","ingroup","ingroup",,,,"same",1,"Engineering"
"16","225","225s3",3,1,23,2,1,2,0.571428571428571,1.85714285714286,2,1,2,5,0,1,2,2,2,1,1,1,,4486,"victim","N2",2,2,1,0,"Engineering","Engineering","Engineering","reject","accept","target_reject_other_accept","ingroup","ingroup",,,,"same",1,"Engineering"
"16","225","225s4",4,1,23,2,1,2,0.571428571428571,1.85714285714286,2,1,1,5,0,1,2,1,2,1,2,0,,4487,"victim","N1",2,1,0,1,"Engineering","Humanities","Engineering","reject","accept","target_reject_other_accept","ingroup","outgroup",,,,"different",0,"Engineering"
"16","225","225s4",4,1,23,2,1,2,0.571428571428571,1.85714285714286,2,1,2,-5,1,0,1,2,2,2,1,0,,4488,"victim","N2",2,1,0,1,"Engineering","Humanities","Engineering","accept","reject","target_accept_other_reject","ingroup","outgroup",,,,"different",0,"Engineering"
"16","225","225s5",5,1,23,2,1,2,0.571428571428571,1.85714285714286,2,1,1,5,0,1,2,2,2,1,1,1,,4489,"victim","N1",2,2,0,1,"Engineering","Engineering","Engineering","reject","accept","target_reject_other_accept","ingroup","ingroup",,,,"same",1,"Engineering"
"16","225","225s5",5,1,23,2,1,2,0.571428571428571,1.85714285714286,2,1,2,-5,1,0,2,2,2,1,1,1,,4490,"victim","N2",2,2,0,1,"Engineering","Engineering","Engineering","accept","reject","target_accept_other_reject","ingroup","ingroup",,,,"same",1,"Engineering"
"16","226","226s6",6,1,23,3,0,2,1.14285714285714,2.71428571428571,2.57142857142857,1,1,-9,1,0,2,2,2,1,1,1,,4511,"victim","N1",2,2,1,0,"Engineering","Engineering","Engineering","accept","reject","target_accept_other_reject","ingroup","ingroup",,,,"same",1,"Engineering"
"16","226","226s6",6,1,23,3,0,2,1.14285714285714,2.71428571428571,2.57142857142857,1,2,9,0,1,2,2,2,1,1,1,,4512,"victim","N2",2,2,1,0,"Engineering","Engineering","Engineering","reject","accept","target_reject_other_accept","ingroup","ingroup",,,,"same",1,"Engineering"
"16","226","226s7",7,1,23,3,0,2,1.14285714285714,2.71428571428571,2.57142857142857,1,1,9,0,0,2,2,2,1,1,1,,4513,"victim","N1",2,2,0,0,"Engineering","Engineering","Engineering","reject","reject","both_reject","ingroup","ingroup",,,,"same",1,"Engineering"
"16","226","226s7",7,1,23,3,0,2,1.14285714285714,2.71428571428571,2.57142857142857,1,2,9,0,0,2,2,2,1,1,1,,4514,"victim","N2",2,2,0,0,"Engineering","Engineering","Engineering","reject","reject","both_reject","ingroup","ingroup",,,,"same",1,"Engineering"
"16","226","226s8",8,1,23,3,0,2,1.14285714285714,2.71428571428571,2.57142857142857,1,1,9,0,1,0,0,2,0,0,1,,4515,"victim","N1",0,0,0,1,"Control","Control","Engineering","reject","accept","target_reject_other_accept","outgroup","outgroup",,,,"same",1,"Engineering"
"16","226","226s8",8,1,23,3,0,2,1.14285714285714,2.71428571428571,2.57142857142857,1,2,-9,1,0,0,0,2,0,0,1,,4516,"victim","N2",0,0,0,1,"Control","Control","Engineering","accept","reject","target_accept_other_reject","outgroup","outgroup",,,,"same",1,"Engineering"
"16","226","226s9",9,1,23,3,0,2,1.14285714285714,2.71428571428571,2.57142857142857,1,1,-9,1,0,1,2,2,2,1,0,,4517,"victim","N1",1,2,1,0,"Humanities","Engineering","Engineering","accept","reject","target_accept_other_reject","outgroup","ingroup",,,,"different",0,"Engineering"
"16","226","226s9",9,1,23,3,0,2,1.14285714285714,2.71428571428571,2.57142857142857,1,2,9,0,1,2,1,2,1,2,0,,4518,"victim","N2",1,2,1,0,"Humanities","Engineering","Engineering","reject","accept","target_reject_other_accept","outgroup","ingroup",,,,"different",0,"Engineering"
"16","226","226s10",10,1,23,3,0,2,1.14285714285714,2.71428571428571,2.57142857142857,1,1,0,1,1,0,1,2,0,2,0,,4519,"victim","N1",0,1,1,1,"Control","Humanities","Engineering","accept","accept","both_accept","outgroup","outgroup",,,,"different",0,"Engineering"
"16","226","226s10",10,1,23,3,0,2,1.14285714285714,2.71428571428571,2.57142857142857,1,2,0,1,1,1,0,2,2,0,0,,4520,"victim","N2",0,1,1,1,"Control","Humanities","Engineering","accept","accept","both_accept","outgroup","outgroup",,,,"different",0,"Engineering"
"16","227","227s6",6,1,22,2,1,2,1.42857142857143,3.28571428571429,2.42857142857143,2,1,-7,1,0,2,2,2,1,1,1,,4531,"victim","N1",2,2,1,0,"Engineering","Engineering","Engineering","accept","reject","target_accept_other_reject","ingroup","ingroup",,,,"same",1,"Engineering"
"16","227","227s6",6,1,22,2,1,2,1.42857142857143,3.28571428571429,2.42857142857143,2,2,7,0,1,2,2,2,1,1,1,,4532,"victim","N2",2,2,1,0,"Engineering","Engineering","Engineering","reject","accept","target_reject_other_accept","ingroup","ingroup",,,,"same",1,"Engineering"
"16","227","227s7",7,1,22,2,1,2,1.42857142857143,3.28571428571429,2.42857142857143,2,1,8,0,0,0,2,2,0,1,0,,4533,"victim","N1",0,2,0,0,"Control","Engineering","Engineering","reject","reject","both_reject","outgroup","ingroup",,,,"different",0,"Engineering"
"16","227","227s7",7,1,22,2,1,2,1.42857142857143,3.28571428571429,2.42857142857143,2,2,8,0,0,2,0,2,1,0,0,,4534,"victim","N2",0,2,0,0,"Control","Engineering","Engineering","reject","reject","both_reject","outgroup","ingroup",,,,"different",0,"Engineering"
"16","227","227s8",8,1,22,2,1,2,1.42857142857143,3.28571428571429,2.42857142857143,2,1,-7,1,0,2,0,2,1,0,0,,4535,"victim","N1",2,0,1,0,"Engineering","Control","Engineering","accept","reject","target_accept_other_reject","ingroup","outgroup",,,,"different",0,"Engineering"
"16","227","227s8",8,1,22,2,1,2,1.42857142857143,3.28571428571429,2.42857142857143,2,2,7,0,1,0,2,2,0,1,0,,4536,"victim","N2",2,0,1,0,"Engineering","Control","Engineering","reject","accept","target_reject_other_accept","ingroup","outgroup",,,,"different",0,"Engineering"
"16","227","227s9",9,1,22,2,1,2,1.42857142857143,3.28571428571429,2.42857142857143,2,1,-9,1,1,0,2,2,0,1,0,,4537,"victim","N1",0,2,1,1,"Control","Engineering","Engineering","accept","accept","both_accept","outgroup","ingroup",,,,"different",0,"Engineering"
"16","227","227s9",9,1,22,2,1,2,1.42857142857143,3.28571428571429,2.42857142857143,2,2,-9,1,1,2,0,2,1,0,0,,4538,"victim","N2",0,2,1,1,"Control","Engineering","Engineering","accept","accept","both_accept","outgroup","ingroup",,,,"different",0,"Engineering"
"16","227","227s10",10,1,22,2,1,2,1.42857142857143,3.28571428571429,2.42857142857143,2,1,8,0,1,1,2,2,2,1,0,,4539,"victim","N1",1,2,0,1,"Humanities","Engineering","Engineering","reject","accept","target_reject_other_accept","outgroup","ingroup",,,,"different",0,"Engineering"
"16","227","227s10",10,1,22,2,1,2,1.42857142857143,3.28571428571429,2.42857142857143,2,2,-9,1,0,2,1,2,1,2,0,,4540,"victim","N2",1,2,0,1,"Humanities","Engineering","Engineering","accept","reject","target_accept_other_reject","outgroup","ingroup",,,,"different",0,"Engineering"
"16","228","228s1",1,1,22,1,1,2,1.28571428571429,2.42857142857143,2.71428571428571,1.28571428571429,1,0,1,1,0,0,2,0,0,1,,4541,"victim","N1",0,0,1,1,"Control","Control","Engineering","accept","accept","both_accept","outgroup","outgroup",,,,"same",1,"Engineering"
"16","228","228s1",1,1,22,1,1,2,1.28571428571429,2.42857142857143,2.71428571428571,1.28571428571429,2,0,1,1,0,0,2,0,0,1,,4542,"victim","N2",0,0,1,1,"Control","Control","Engineering","accept","accept","both_accept","outgroup","outgroup",,,,"same",1,"Engineering"
"16","228","228s2",2,1,22,1,1,2,1.28571428571429,2.42857142857143,2.71428571428571,1.28571428571429,1,-1,1,0,0,0,2,0,0,1,,4543,"victim","N1",0,0,1,0,"Control","Control","Engineering","accept","reject","target_accept_other_reject","outgroup","outgroup",,,,"same",1,"Engineering"
"16","228","228s2",2,1,22,1,1,2,1.28571428571429,2.42857142857143,2.71428571428571,1.28571428571429,2,0,0,1,0,0,2,0,0,1,,4544,"victim","N2",0,0,1,0,"Control","Control","Engineering","reject","accept","target_reject_other_accept","outgroup","outgroup",,,,"same",1,"Engineering"
"16","228","228s3",3,1,22,1,1,2,1.28571428571429,2.42857142857143,2.71428571428571,1.28571428571429,1,0,0,0,0,0,2,0,0,1,,4545,"victim","N1",0,0,0,0,"Control","Control","Engineering","reject","reject","both_reject","outgroup","outgroup",,,,"same",1,"Engineering"
"16","228","228s3",3,1,22,1,1,2,1.28571428571429,2.42857142857143,2.71428571428571,1.28571428571429,2,0,0,0,0,0,2,0,0,1,,4546,"victim","N2",0,0,0,0,"Control","Control","Engineering","reject","reject","both_reject","outgroup","outgroup",,,,"same",1,"Engineering"
"16","228","228s4",4,1,22,1,1,2,1.28571428571429,2.42857142857143,2.71428571428571,1.28571428571429,1,1,1,0,2,1,2,1,2,0,,4547,"victim","N1",2,1,1,0,"Engineering","Humanities","Engineering","accept","reject","target_accept_other_reject","ingroup","outgroup",,,,"different",0,"Engineering"
"16","228","228s4",4,1,22,1,1,2,1.28571428571429,2.42857142857143,2.71428571428571,1.28571428571429,2,1,0,1,1,2,2,2,1,0,,4548,"victim","N2",2,1,1,0,"Engineering","Humanities","Engineering","reject","accept","target_reject_other_accept","ingroup","outgroup",,,,"different",0,"Engineering"
"16","228","228s5",5,1,22,1,1,2,1.28571428571429,2.42857142857143,2.71428571428571,1.28571428571429,1,-1,1,1,0,1,2,0,2,0,,4549,"victim","N1",0,1,1,1,"Control","Humanities","Engineering","accept","accept","both_accept","outgroup","outgroup",,,,"different",0,"Engineering"
"16","228","228s5",5,1,22,1,1,2,1.28571428571429,2.42857142857143,2.71428571428571,1.28571428571429,2,-1,1,1,1,0,2,2,0,0,,4550,"victim","N2",0,1,1,1,"Control","Humanities","Engineering","accept","accept","both_accept","outgroup","outgroup",,,,"different",0,"Engineering"
"16","229","229s1",1,1,21,3,0,1,1,2.85714285714286,2.28571428571429,1.42857142857143,1,-4,0,1,1,0,1,1,0,0,,4561,"victim","N1",1,0,0,1,"Humanities","Control","Humanities","reject","accept","target_reject_other_accept","ingroup","outgroup",,,,"different",0,"Humanities"
"16","229","229s1",1,1,21,3,0,1,1,2.85714285714286,2.28571428571429,1.42857142857143,2,4,1,0,0,1,1,0,1,0,,4562,"victim","N2",1,0,0,1,"Humanities","Control","Humanities","accept","reject","target_accept_other_reject","ingroup","outgroup",,,,"different",0,"Humanities"
"16","229","229s2",2,1,21,3,0,1,1,2.85714285714286,2.28571428571429,1.42857142857143,1,1,1,1,1,2,1,1,2,0,,4563,"victim","N1",1,2,1,1,"Humanities","Engineering","Humanities","accept","accept","both_accept","ingroup","outgroup",,,,"different",0,"Humanities"
"16","229","229s2",2,1,21,3,0,1,1,2.85714285714286,2.28571428571429,1.42857142857143,2,1,1,1,2,1,1,2,1,0,,4564,"victim","N2",1,2,1,1,"Humanities","Engineering","Humanities","accept","accept","both_accept","ingroup","outgroup",,,,"different",0,"Humanities"
"16","229","229s3",3,1,21,3,0,1,1,2.85714285714286,2.28571428571429,1.42857142857143,1,-9,0,1,1,1,1,1,1,1,,4565,"victim","N1",1,1,0,1,"Humanities","Humanities","Humanities","reject","accept","target_reject_other_accept","ingroup","ingroup",,,,"same",1,"Humanities"
"16","229","229s3",3,1,21,3,0,1,1,2.85714285714286,2.28571428571429,1.42857142857143,2,9,1,0,1,1,1,1,1,1,,4566,"victim","N2",1,1,0,1,"Humanities","Humanities","Humanities","accept","reject","target_accept_other_reject","ingroup","ingroup",,,,"same",1,"Humanities"
"16","229","229s4",4,1,21,3,0,1,1,2.85714285714286,2.28571428571429,1.42857142857143,1,9,0,0,2,0,1,2,0,0,,4567,"victim","N1",2,0,0,0,"Engineering","Control","Humanities","reject","reject","both_reject","outgroup","outgroup",,,,"different",0,"Humanities"
"16","229","229s4",4,1,21,3,0,1,1,2.85714285714286,2.28571428571429,1.42857142857143,2,9,0,0,0,2,1,0,2,0,,4568,"victim","N2",2,0,0,0,"Engineering","Control","Humanities","reject","reject","both_reject","outgroup","outgroup",,,,"different",0,"Humanities"
"16","229","229s5",5,1,21,3,0,1,1,2.85714285714286,2.28571428571429,1.42857142857143,1,-1,1,0,0,1,1,0,1,0,,4569,"victim","N1",0,1,1,0,"Control","Humanities","Humanities","accept","reject","target_accept_other_reject","outgroup","ingroup",,,,"different",0,"Humanities"
"16","229","229s5",5,1,21,3,0,1,1,2.85714285714286,2.28571428571429,1.42857142857143,2,-1,0,1,1,0,1,1,0,0,,4570,"victim","N2",0,1,1,0,"Control","Humanities","Humanities","reject","accept","target_reject_other_accept","outgroup","ingroup",,,,"different",0,"Humanities"
"16","230","230s6",6,1,18,3,1,1,0.857142857142857,1.71428571428571,1.71428571428571,1.14285714285714,1,0,0,1,0,0,1,0,0,1,,4591,"victim","N1",0,0,0,1,"Control","Control","Humanities","reject","accept","target_reject_other_accept","outgroup","outgroup",,,,"same",1,"Humanities"
"16","230","230s6",6,1,18,3,1,1,0.857142857142857,1.71428571428571,1.71428571428571,1.14285714285714,2,-1,1,0,0,0,1,0,0,1,,4592,"victim","N2",0,0,0,1,"Control","Control","Humanities","accept","reject","target_accept_other_reject","outgroup","outgroup",,,,"same",1,"Humanities"
"16","230","230s7",7,1,18,3,1,1,0.857142857142857,1.71428571428571,1.71428571428571,1.14285714285714,1,-1,1,0,0,0,1,0,0,1,,4593,"victim","N1",0,0,1,0,"Control","Control","Humanities","accept","reject","target_accept_other_reject","outgroup","outgroup",,,,"same",1,"Humanities"
"16","230","230s7",7,1,18,3,1,1,0.857142857142857,1.71428571428571,1.71428571428571,1.14285714285714,2,0,0,1,0,0,1,0,0,1,,4594,"victim","N2",0,0,1,0,"Control","Control","Humanities","reject","accept","target_reject_other_accept","outgroup","outgroup",,,,"same",1,"Humanities"
"16","230","230s8",8,1,18,3,1,1,0.857142857142857,1.71428571428571,1.71428571428571,1.14285714285714,1,0,0,0,0,0,1,0,0,1,,4595,"victim","N1",0,0,0,0,"Control","Control","Humanities","reject","reject","both_reject","outgroup","outgroup",,,,"same",1,"Humanities"
"16","230","230s8",8,1,18,3,1,1,0.857142857142857,1.71428571428571,1.71428571428571,1.14285714285714,2,0,0,0,0,0,1,0,0,1,,4596,"victim","N2",0,0,0,0,"Control","Control","Humanities","reject","reject","both_reject","outgroup","outgroup",,,,"same",1,"Humanities"
"16","230","230s9",9,1,18,3,1,1,0.857142857142857,1.71428571428571,1.71428571428571,1.14285714285714,1,0,0,1,0,2,1,0,2,0,,4597,"victim","N1",0,2,0,1,"Control","Engineering","Humanities","reject","accept","target_reject_other_accept","outgroup","outgroup",,,,"different",0,"Humanities"
"16","230","230s9",9,1,18,3,1,1,0.857142857142857,1.71428571428571,1.71428571428571,1.14285714285714,2,-1,1,0,2,0,1,2,0,0,,4598,"victim","N2",0,2,0,1,"Control","Engineering","Humanities","accept","reject","target_accept_other_reject","outgroup","outgroup",,,,"different",0,"Humanities"
"16","230","230s10",10,1,18,3,1,1,0.857142857142857,1.71428571428571,1.71428571428571,1.14285714285714,1,-1,1,1,2,2,1,2,2,1,,4599,"victim","N1",2,2,1,1,"Engineering","Engineering","Humanities","accept","accept","both_accept","outgroup","outgroup",,,,"same",1,"Humanities"
"16","230","230s10",10,1,18,3,1,1,0.857142857142857,1.71428571428571,1.71428571428571,1.14285714285714,2,-1,1,1,2,2,1,2,2,1,,4600,"victim","N2",2,2,1,1,"Engineering","Engineering","Humanities","accept","accept","both_accept","outgroup","outgroup",,,,"same",1,"Humanities"
"16","231","231s6",6,1,19,1,0,2,1.57142857142857,2.28571428571429,2.57142857142857,1.14285714285714,1,1,0,0,2,1,2,1,2,0,,4611,"victim","N1",2,1,0,0,"Engineering","Humanities","Engineering","reject","reject","both_reject","ingroup","outgroup",,,,"different",0,"Engineering"
"16","231","231s6",6,1,19,1,0,2,1.57142857142857,2.28571428571429,2.57142857142857,1.14285714285714,2,1,0,0,1,2,2,2,1,0,,4612,"victim","N2",2,1,0,0,"Engineering","Humanities","Engineering","reject","reject","both_reject","ingroup","outgroup",,,,"different",0,"Engineering"
"16","231","231s7",7,1,19,1,0,2,1.57142857142857,2.28571428571429,2.57142857142857,1.14285714285714,1,0,0,1,2,0,2,1,0,0,,4613,"victim","N1",2,0,0,1,"Engineering","Control","Engineering","reject","accept","target_reject_other_accept","ingroup","outgroup",,,,"different",0,"Engineering"
"16","231","231s7",7,1,19,1,0,2,1.57142857142857,2.28571428571429,2.57142857142857,1.14285714285714,2,0,1,0,0,2,2,0,1,0,,4614,"victim","N2",2,0,0,1,"Engineering","Control","Engineering","accept","reject","target_accept_other_reject","ingroup","outgroup",,,,"different",0,"Engineering"
"16","231","231s8",8,1,19,1,0,2,1.57142857142857,2.28571428571429,2.57142857142857,1.14285714285714,1,1,1,0,1,2,2,2,1,0,,4615,"victim","N1",1,2,1,0,"Humanities","Engineering","Engineering","accept","reject","target_accept_other_reject","outgroup","ingroup",,,,"different",0,"Engineering"
"16","231","231s8",8,1,19,1,0,2,1.57142857142857,2.28571428571429,2.57142857142857,1.14285714285714,2,1,0,1,2,1,2,1,2,0,,4616,"victim","N2",1,2,1,0,"Humanities","Engineering","Engineering","reject","accept","target_reject_other_accept","outgroup","ingroup",,,,"different",0,"Engineering"
"16","231","231s9",9,1,19,1,0,2,1.57142857142857,2.28571428571429,2.57142857142857,1.14285714285714,1,0,0,1,0,2,2,0,1,0,,4617,"victim","N1",0,2,0,1,"Control","Engineering","Engineering","reject","accept","target_reject_other_accept","outgroup","ingroup",,,,"different",0,"Engineering"
"16","231","231s9",9,1,19,1,0,2,1.57142857142857,2.28571428571429,2.57142857142857,1.14285714285714,2,0,1,0,2,0,2,1,0,0,,4618,"victim","N2",0,2,0,1,"Control","Engineering","Engineering","accept","reject","target_accept_other_reject","outgroup","ingroup",,,,"different",0,"Engineering"
"16","231","231s10",10,1,19,1,0,2,1.57142857142857,2.28571428571429,2.57142857142857,1.14285714285714,1,1,0,0,2,0,2,1,0,0,,4619,"victim","N1",2,0,0,0,"Engineering","Control","Engineering","reject","reject","both_reject","ingroup","outgroup",,,,"different",0,"Engineering"
"16","231","231s10",10,1,19,1,0,2,1.57142857142857,2.28571428571429,2.57142857142857,1.14285714285714,2,1,0,0,0,2,2,0,1,0,,4620,"victim","N2",2,0,0,0,"Engineering","Control","Engineering","reject","reject","both_reject","ingroup","outgroup",,,,"different",0,"Engineering"
"16","232","232s1",1,1,18,2,1,2,2.57142857142857,2.85714285714286,3.14285714285714,0.714285714285714,1,9,1,1,1,0,2,2,0,0,,4621,"victim","N1",1,0,1,1,"Humanities","Control","Engineering","accept","accept","both_accept","outgroup","outgroup",,,,"different",0,"Engineering"
"16","232","232s1",1,1,18,2,1,2,2.57142857142857,2.85714285714286,3.14285714285714,0.714285714285714,2,9,1,1,0,1,2,0,2,0,,4622,"victim","N2",1,0,1,1,"Humanities","Control","Engineering","accept","accept","both_accept","outgroup","outgroup",,,,"different",0,"Engineering"
"16","232","232s2",2,1,18,2,1,2,2.57142857142857,2.85714285714286,3.14285714285714,0.714285714285714,1,9,0,0,1,0,2,2,0,0,,4623,"victim","N1",1,0,0,0,"Humanities","Control","Engineering","reject","reject","both_reject","outgroup","outgroup",,,,"different",0,"Engineering"
"16","232","232s2",2,1,18,2,1,2,2.57142857142857,2.85714285714286,3.14285714285714,0.714285714285714,2,9,0,0,0,1,2,0,2,0,,4624,"victim","N2",1,0,0,0,"Humanities","Control","Engineering","reject","reject","both_reject","outgroup","outgroup",,,,"different",0,"Engineering"
"16","232","232s3",3,1,18,2,1,2,2.57142857142857,2.85714285714286,3.14285714285714,0.714285714285714,1,4,1,1,1,1,2,2,2,1,,4625,"victim","N1",1,1,1,1,"Humanities","Humanities","Engineering","accept","accept","both_accept","outgroup","outgroup",,,,"same",1,"Engineering"
"16","232","232s3",3,1,18,2,1,2,2.57142857142857,2.85714285714286,3.14285714285714,0.714285714285714,2,4,1,1,1,1,2,2,2,1,,4626,"victim","N2",1,1,1,1,"Humanities","Humanities","Engineering","accept","accept","both_accept","outgroup","outgroup",,,,"same",1,"Engineering"
"16","232","232s4",4,1,18,2,1,2,2.57142857142857,2.85714285714286,3.14285714285714,0.714285714285714,1,3,1,1,1,0,2,2,0,0,,4627,"victim","N1",1,0,1,1,"Humanities","Control","Engineering","accept","accept","both_accept","outgroup","outgroup",,,,"different",0,"Engineering"
"16","232","232s4",4,1,18,2,1,2,2.57142857142857,2.85714285714286,3.14285714285714,0.714285714285714,2,3,1,1,0,1,2,0,2,0,,4628,"victim","N2",1,0,1,1,"Humanities","Control","Engineering","accept","accept","both_accept","outgroup","outgroup",,,,"different",0,"Engineering"
"16","232","232s5",5,1,18,2,1,2,2.57142857142857,2.85714285714286,3.14285714285714,0.714285714285714,1,5,1,0,2,0,2,1,0,0,,4629,"victim","N1",2,0,1,0,"Engineering","Control","Engineering","accept","reject","target_accept_other_reject","ingroup","outgroup",,,,"different",0,"Engineering"
"16","232","232s5",5,1,18,2,1,2,2.57142857142857,2.85714285714286,3.14285714285714,0.714285714285714,2,9,0,1,0,2,2,0,1,0,,4630,"victim","N2",2,0,1,0,"Engineering","Control","Engineering","reject","accept","target_reject_other_accept","ingroup","outgroup",,,,"different",0,"Engineering"
"16","233","233s1",1,1,20,1,1,1,2,2.71428571428571,2.71428571428571,1.28571428571429,1,-9,1,0,0,0,1,0,0,1,,4641,"victim","N1",0,0,1,0,"Control","Control","Humanities","accept","reject","target_accept_other_reject","outgroup","outgroup",,,,"same",1,"Humanities"
"16","233","233s1",1,1,20,1,1,1,2,2.71428571428571,2.71428571428571,1.28571428571429,2,9,0,1,0,0,1,0,0,1,,4642,"victim","N2",0,0,1,0,"Control","Control","Humanities","reject","accept","target_reject_other_accept","outgroup","outgroup",,,,"same",1,"Humanities"
"16","233","233s2",2,1,20,1,1,1,2,2.71428571428571,2.71428571428571,1.28571428571429,1,-9,1,1,2,2,1,2,2,1,,4643,"victim","N1",2,2,1,1,"Engineering","Engineering","Humanities","accept","accept","both_accept","outgroup","outgroup",,,,"same",1,"Humanities"
"16","233","233s2",2,1,20,1,1,1,2,2.71428571428571,2.71428571428571,1.28571428571429,2,-9,1,1,2,2,1,2,2,1,,4644,"victim","N2",2,2,1,1,"Engineering","Engineering","Humanities","accept","accept","both_accept","outgroup","outgroup",,,,"same",1,"Humanities"
"16","233","233s3",3,1,20,1,1,1,2,2.71428571428571,2.71428571428571,1.28571428571429,1,9,0,1,1,1,1,1,1,1,,4645,"victim","N1",1,1,0,1,"Humanities","Humanities","Humanities","reject","accept","target_reject_other_accept","ingroup","ingroup",,,,"same",1,"Humanities"
"16","233","233s3",3,1,20,1,1,1,2,2.71428571428571,2.71428571428571,1.28571428571429,2,-9,1,0,1,1,1,1,1,1,,4646,"victim","N2",1,1,0,1,"Humanities","Humanities","Humanities","accept","reject","target_accept_other_reject","ingroup","ingroup",,,,"same",1,"Humanities"
"16","233","233s4",4,1,20,1,1,1,2,2.71428571428571,2.71428571428571,1.28571428571429,1,-9,1,0,2,1,1,2,1,0,,4647,"victim","N1",2,1,1,0,"Engineering","Humanities","Humanities","accept","reject","target_accept_other_reject","outgroup","ingroup",,,,"different",0,"Humanities"
"16","233","233s4",4,1,20,1,1,1,2,2.71428571428571,2.71428571428571,1.28571428571429,2,9,0,1,1,2,1,1,2,0,,4648,"victim","N2",2,1,1,0,"Engineering","Humanities","Humanities","reject","accept","target_reject_other_accept","outgroup","ingroup",,,,"different",0,"Humanities"
"16","233","233s5",5,1,20,1,1,1,2,2.71428571428571,2.71428571428571,1.28571428571429,1,-9,1,0,1,0,1,1,0,0,,4649,"victim","N1",1,0,1,0,"Humanities","Control","Humanities","accept","reject","target_accept_other_reject","ingroup","outgroup",,,,"different",0,"Humanities"
"16","233","233s5",5,1,20,1,1,1,2,2.71428571428571,2.71428571428571,1.28571428571429,2,9,0,1,0,1,1,0,1,0,,4650,"victim","N2",1,0,1,0,"Humanities","Control","Humanities","reject","accept","target_reject_other_accept","ingroup","outgroup",,,,"different",0,"Humanities"
"16","234","234s1",1,1,19,1,1,1,2.71428571428571,2.71428571428571,1.71428571428571,2.14285714285714,1,-9,1,1,2,1,1,2,1,0,,4661,"victim","N1",2,1,1,1,"Engineering","Humanities","Humanities","accept","accept","both_accept","outgroup","ingroup",,,,"different",0,"Humanities"
"16","234","234s1",1,1,19,1,1,1,2.71428571428571,2.71428571428571,1.71428571428571,2.14285714285714,2,-9,1,1,1,2,1,1,2,0,,4662,"victim","N2",2,1,1,1,"Engineering","Humanities","Humanities","accept","accept","both_accept","outgroup","ingroup",,,,"different",0,"Humanities"
"16","234","234s2",2,1,19,1,1,1,2.71428571428571,2.71428571428571,1.71428571428571,2.14285714285714,1,9,0,0,0,0,1,0,0,1,,4663,"victim","N1",0,0,0,0,"Control","Control","Humanities","reject","reject","both_reject","outgroup","outgroup",,,,"same",1,"Humanities"
"16","234","234s2",2,1,19,1,1,1,2.71428571428571,2.71428571428571,1.71428571428571,2.14285714285714,2,9,0,0,0,0,1,0,0,1,,4664,"victim","N2",0,0,0,0,"Control","Control","Humanities","reject","reject","both_reject","outgroup","outgroup",,,,"same",1,"Humanities"
"16","234","234s3",3,1,19,1,1,1,2.71428571428571,2.71428571428571,1.71428571428571,2.14285714285714,1,-9,1,1,2,2,1,2,2,1,,4665,"victim","N1",2,2,1,1,"Engineering","Engineering","Humanities","accept","accept","both_accept","outgroup","outgroup",,,,"same",1,"Humanities"
"16","234","234s3",3,1,19,1,1,1,2.71428571428571,2.71428571428571,1.71428571428571,2.14285714285714,2,-9,1,1,2,2,1,2,2,1,,4666,"victim","N2",2,2,1,1,"Engineering","Engineering","Humanities","accept","accept","both_accept","outgroup","outgroup",,,,"same",1,"Humanities"
"16","234","234s4",4,1,19,1,1,1,2.71428571428571,2.71428571428571,1.71428571428571,2.14285714285714,1,-9,1,0,1,2,1,1,2,0,,4667,"victim","N1",1,2,1,0,"Humanities","Engineering","Humanities","accept","reject","target_accept_other_reject","ingroup","outgroup",,,,"different",0,"Humanities"
"16","234","234s4",4,1,19,1,1,1,2.71428571428571,2.71428571428571,1.71428571428571,2.14285714285714,2,9,0,1,2,1,1,2,1,0,,4668,"victim","N2",1,2,1,0,"Humanities","Engineering","Humanities","reject","accept","target_reject_other_accept","ingroup","outgroup",,,,"different",0,"Humanities"
"16","234","234s5",5,1,19,1,1,1,2.71428571428571,2.71428571428571,1.71428571428571,2.14285714285714,1,9,0,1,1,1,1,1,1,1,,4669,"victim","N1",1,1,0,1,"Humanities","Humanities","Humanities","reject","accept","target_reject_other_accept","ingroup","ingroup",,,,"same",1,"Humanities"
"16","234","234s5",5,1,19,1,1,1,2.71428571428571,2.71428571428571,1.71428571428571,2.14285714285714,2,-9,1,0,1,1,1,1,1,1,,4670,"victim","N2",1,1,0,1,"Humanities","Humanities","Humanities","accept","reject","target_accept_other_reject","ingroup","ingroup",,,,"same",1,"Humanities"
"16","235","235s6",6,1,19,4,0,2,2.42857142857143,3.85714285714286,3.71428571428571,0.571428571428571,1,9,0,1,2,0,2,1,0,0,,4691,"victim","N1",2,0,0,1,"Engineering","Control","Engineering","reject","accept","target_reject_other_accept","ingroup","outgroup",,,,"different",0,"Engineering"
"16","235","235s6",6,1,19,4,0,2,2.42857142857143,3.85714285714286,3.71428571428571,0.571428571428571,2,7,1,0,0,2,2,0,1,0,,4692,"victim","N2",2,0,0,1,"Engineering","Control","Engineering","accept","reject","target_accept_other_reject","ingroup","outgroup",,,,"different",0,"Engineering"
"16","235","235s7",7,1,19,4,0,2,2.42857142857143,3.85714285714286,3.71428571428571,0.571428571428571,1,7,1,0,0,1,2,0,2,0,,4693,"victim","N1",0,1,1,0,"Control","Humanities","Engineering","accept","reject","target_accept_other_reject","outgroup","outgroup",,,,"different",0,"Engineering"
"16","235","235s7",7,1,19,4,0,2,2.42857142857143,3.85714285714286,3.71428571428571,0.571428571428571,2,9,0,1,1,0,2,2,0,0,,4694,"victim","N2",0,1,1,0,"Control","Humanities","Engineering","reject","accept","target_reject_other_accept","outgroup","outgroup",,,,"different",0,"Engineering"
"16","235","235s8",8,1,19,4,0,2,2.42857142857143,3.85714285714286,3.71428571428571,0.571428571428571,1,7,1,0,2,1,2,1,2,0,,4695,"victim","N1",2,1,1,0,"Engineering","Humanities","Engineering","accept","reject","target_accept_other_reject","ingroup","outgroup",,,,"different",0,"Engineering"
"16","235","235s8",8,1,19,4,0,2,2.42857142857143,3.85714285714286,3.71428571428571,0.571428571428571,2,9,0,1,1,2,2,2,1,0,,4696,"victim","N2",2,1,1,0,"Engineering","Humanities","Engineering","reject","accept","target_reject_other_accept","ingroup","outgroup",,,,"different",0,"Engineering"
"16","235","235s9",9,1,19,4,0,2,2.42857142857143,3.85714285714286,3.71428571428571,0.571428571428571,1,7,1,1,0,2,2,0,1,0,,4697,"victim","N1",0,2,1,1,"Control","Engineering","Engineering","accept","accept","both_accept","outgroup","ingroup",,,,"different",0,"Engineering"
"16","235","235s9",9,1,19,4,0,2,2.42857142857143,3.85714285714286,3.71428571428571,0.571428571428571,2,7,1,1,2,0,2,1,0,0,,4698,"victim","N2",0,2,1,1,"Control","Engineering","Engineering","accept","accept","both_accept","outgroup","ingroup",,,,"different",0,"Engineering"
"16","235","235s10",10,1,19,4,0,2,2.42857142857143,3.85714285714286,3.71428571428571,0.571428571428571,1,7,1,1,2,0,2,1,0,0,,4699,"victim","N1",2,0,1,1,"Engineering","Control","Engineering","accept","accept","both_accept","ingroup","outgroup",,,,"different",0,"Engineering"
"16","235","235s10",10,1,19,4,0,2,2.42857142857143,3.85714285714286,3.71428571428571,0.571428571428571,2,7,1,1,0,2,2,0,1,0,,4700,"victim","N2",2,0,1,1,"Engineering","Control","Engineering","accept","accept","both_accept","ingroup","outgroup",,,,"different",0,"Engineering"
"16","236","236s6",6,1,21,1,0,2,2.28571428571429,2.42857142857143,2.28571428571429,1.85714285714286,1,5,1,0,0,1,2,0,2,0,,4711,"victim","N1",0,1,1,0,"Control","Humanities","Engineering","accept","reject","target_accept_other_reject","outgroup","outgroup",,,,"different",0,"Engineering"
"16","236","236s6",6,1,21,1,0,2,2.28571428571429,2.42857142857143,2.28571428571429,1.85714285714286,2,5,0,1,1,0,2,2,0,0,,4712,"victim","N2",0,1,1,0,"Control","Humanities","Engineering","reject","accept","target_reject_other_accept","outgroup","outgroup",,,,"different",0,"Engineering"
"16","236","236s7",7,1,21,1,0,2,2.28571428571429,2.42857142857143,2.28571428571429,1.85714285714286,1,5,1,0,0,1,2,0,2,0,,4713,"victim","N1",0,1,1,0,"Control","Humanities","Engineering","accept","reject","target_accept_other_reject","outgroup","outgroup",,,,"different",0,"Engineering"
"16","236","236s7",7,1,21,1,0,2,2.28571428571429,2.42857142857143,2.28571428571429,1.85714285714286,2,5,0,1,1,0,2,2,0,0,,4714,"victim","N2",0,1,1,0,"Control","Humanities","Engineering","reject","accept","target_reject_other_accept","outgroup","outgroup",,,,"different",0,"Engineering"
"16","236","236s8",8,1,21,1,0,2,2.28571428571429,2.42857142857143,2.28571428571429,1.85714285714286,1,4,1,0,0,0,2,0,0,1,,4715,"victim","N1",0,0,1,0,"Control","Control","Engineering","accept","reject","target_accept_other_reject","outgroup","outgroup",,,,"same",1,"Engineering"
"16","236","236s8",8,1,21,1,0,2,2.28571428571429,2.42857142857143,2.28571428571429,1.85714285714286,2,4,0,1,0,0,2,0,0,1,,4716,"victim","N2",0,0,1,0,"Control","Control","Engineering","reject","accept","target_reject_other_accept","outgroup","outgroup",,,,"same",1,"Engineering"
"16","236","236s9",9,1,21,1,0,2,2.28571428571429,2.42857142857143,2.28571428571429,1.85714285714286,1,4,0,1,2,0,2,1,0,0,,4717,"victim","N1",2,0,0,1,"Engineering","Control","Engineering","reject","accept","target_reject_other_accept","ingroup","outgroup",,,,"different",0,"Engineering"
"16","236","236s9",9,1,21,1,0,2,2.28571428571429,2.42857142857143,2.28571428571429,1.85714285714286,2,4,1,0,0,2,2,0,1,0,,4718,"victim","N2",2,0,0,1,"Engineering","Control","Engineering","accept","reject","target_accept_other_reject","ingroup","outgroup",,,,"different",0,"Engineering"
"16","236","236s10",10,1,21,1,0,2,2.28571428571429,2.42857142857143,2.28571428571429,1.85714285714286,1,5,0,1,1,2,2,2,1,0,,4719,"victim","N1",1,2,0,1,"Humanities","Engineering","Engineering","reject","accept","target_reject_other_accept","outgroup","ingroup",,,,"different",0,"Engineering"
"16","236","236s10",10,1,21,1,0,2,2.28571428571429,2.42857142857143,2.28571428571429,1.85714285714286,2,5,1,0,2,1,2,1,2,0,,4720,"victim","N2",1,2,0,1,"Humanities","Engineering","Engineering","accept","reject","target_accept_other_reject","outgroup","ingroup",,,,"different",0,"Engineering"
"16","237","237s6",6,1,18,5,1,2,2,3.57142857142857,3.28571428571429,1.42857142857143,1,5,0,0,0,1,2,0,2,0,,4731,"victim","N1",0,1,0,0,"Control","Humanities","Engineering","reject","reject","both_reject","outgroup","outgroup",,,,"different",0,"Engineering"
"16","237","237s6",6,1,18,5,1,2,2,3.57142857142857,3.28571428571429,1.42857142857143,2,5,0,0,1,0,2,2,0,0,,4732,"victim","N2",0,1,0,0,"Control","Humanities","Engineering","reject","reject","both_reject","outgroup","outgroup",,,,"different",0,"Engineering"
"16","237","237s7",7,1,18,5,1,2,2,3.57142857142857,3.28571428571429,1.42857142857143,1,-1,1,1,2,2,2,1,1,1,,4733,"victim","N1",2,2,1,1,"Engineering","Engineering","Engineering","accept","accept","both_accept","ingroup","ingroup",,,,"same",1,"Engineering"
"16","237","237s7",7,1,18,5,1,2,2,3.57142857142857,3.28571428571429,1.42857142857143,2,-1,1,1,2,2,2,1,1,1,,4734,"victim","N2",2,2,1,1,"Engineering","Engineering","Engineering","accept","accept","both_accept","ingroup","ingroup",,,,"same",1,"Engineering"
"16","237","237s8",8,1,18,5,1,2,2,3.57142857142857,3.28571428571429,1.42857142857143,1,5,0,0,2,1,2,1,2,0,,4735,"victim","N1",2,1,0,0,"Engineering","Humanities","Engineering","reject","reject","both_reject","ingroup","outgroup",,,,"different",0,"Engineering"
"16","237","237s8",8,1,18,5,1,2,2,3.57142857142857,3.28571428571429,1.42857142857143,2,5,0,0,1,2,2,2,1,0,,4736,"victim","N2",2,1,0,0,"Engineering","Humanities","Engineering","reject","reject","both_reject","ingroup","outgroup",,,,"different",0,"Engineering"
"16","237","237s9",9,1,18,5,1,2,2,3.57142857142857,3.28571428571429,1.42857142857143,1,-1,1,1,2,1,2,1,2,0,,4737,"victim","N1",2,1,1,1,"Engineering","Humanities","Engineering","accept","accept","both_accept","ingroup","outgroup",,,,"different",0,"Engineering"
"16","237","237s9",9,1,18,5,1,2,2,3.57142857142857,3.28571428571429,1.42857142857143,2,-1,1,1,1,2,2,2,1,0,,4738,"victim","N2",2,1,1,1,"Engineering","Humanities","Engineering","accept","accept","both_accept","ingroup","outgroup",,,,"different",0,"Engineering"
"16","237","237s10",10,1,18,5,1,2,2,3.57142857142857,3.28571428571429,1.42857142857143,1,5,0,0,1,1,2,2,2,1,,4739,"victim","N1",1,1,0,0,"Humanities","Humanities","Engineering","reject","reject","both_reject","outgroup","outgroup",,,,"same",1,"Engineering"
"16","237","237s10",10,1,18,5,1,2,2,3.57142857142857,3.28571428571429,1.42857142857143,2,5,0,0,1,1,2,2,2,1,,4740,"victim","N2",1,1,0,0,"Humanities","Humanities","Engineering","reject","reject","both_reject","outgroup","outgroup",,,,"same",1,"Engineering"
"16","238","238s1",1,1,19,3,1,1,2.71428571428571,3.14285714285714,3.42857142857143,2.28571428571429,1,-1,1,1,1,0,1,1,0,0,,4741,"victim","N1",1,0,1,1,"Humanities","Control","Humanities","accept","accept","both_accept","ingroup","outgroup",,,,"different",0,"Humanities"
"16","238","238s1",1,1,19,3,1,1,2.71428571428571,3.14285714285714,3.42857142857143,2.28571428571429,2,2,1,1,0,1,1,0,1,0,,4742,"victim","N2",1,0,1,1,"Humanities","Control","Humanities","accept","accept","both_accept","ingroup","outgroup",,,,"different",0,"Humanities"
"16","238","238s2",2,1,19,3,1,1,2.71428571428571,3.14285714285714,3.42857142857143,2.28571428571429,1,-6,1,0,2,2,1,2,2,1,,4743,"victim","N1",2,2,1,0,"Engineering","Engineering","Humanities","accept","reject","target_accept_other_reject","outgroup","outgroup",,,,"same",1,"Humanities"
"16","238","238s2",2,1,19,3,1,1,2.71428571428571,3.14285714285714,3.42857142857143,2.28571428571429,2,5,0,1,2,2,1,2,2,1,,4744,"victim","N2",2,2,1,0,"Engineering","Engineering","Humanities","reject","accept","target_reject_other_accept","outgroup","outgroup",,,,"same",1,"Humanities"
"16","238","238s3",3,1,19,3,1,1,2.71428571428571,3.14285714285714,3.42857142857143,2.28571428571429,1,-3,1,0,0,1,1,0,1,0,,4745,"victim","N1",0,1,1,0,"Control","Humanities","Humanities","accept","reject","target_accept_other_reject","outgroup","ingroup",,,,"different",0,"Humanities"
"16","238","238s3",3,1,19,3,1,1,2.71428571428571,3.14285714285714,3.42857142857143,2.28571428571429,2,-2,0,1,1,0,1,1,0,0,,4746,"victim","N2",0,1,1,0,"Control","Humanities","Humanities","reject","accept","target_reject_other_accept","outgroup","ingroup",,,,"different",0,"Humanities"
"16","238","238s4",4,1,19,3,1,1,2.71428571428571,3.14285714285714,3.42857142857143,2.28571428571429,1,9,0,0,2,0,1,2,0,0,,4747,"victim","N1",2,0,0,0,"Engineering","Control","Humanities","reject","reject","both_reject","outgroup","outgroup",,,,"different",0,"Humanities"
"16","238","238s4",4,1,19,3,1,1,2.71428571428571,3.14285714285714,3.42857142857143,2.28571428571429,2,9,0,0,0,2,1,0,2,0,,4748,"victim","N2",2,0,0,0,"Engineering","Control","Humanities","reject","reject","both_reject","outgroup","outgroup",,,,"different",0,"Humanities"
"16","238","238s5",5,1,19,3,1,1,2.71428571428571,3.14285714285714,3.42857142857143,2.28571428571429,1,-6,1,1,0,0,1,0,0,1,,4749,"victim","N1",0,0,1,1,"Control","Control","Humanities","accept","accept","both_accept","outgroup","outgroup",,,,"same",1,"Humanities"
"16","238","238s5",5,1,19,3,1,1,2.71428571428571,3.14285714285714,3.42857142857143,2.28571428571429,2,-6,1,1,0,0,1,0,0,1,,4750,"victim","N2",0,0,1,1,"Control","Control","Humanities","accept","accept","both_accept","outgroup","outgroup",,,,"same",1,"Humanities"
"16","239","239s6",6,1,19,2,0,1,2.57142857142857,2.85714285714286,2.85714285714286,1,1,-9,1,1,0,2,1,0,2,0,,4771,"victim","N1",0,2,1,1,"Control","Engineering","Humanities","accept","accept","both_accept","outgroup","outgroup",,,,"different",0,"Humanities"
"16","239","239s6",6,1,19,2,0,1,2.57142857142857,2.85714285714286,2.85714285714286,1,2,-9,1,1,2,0,1,2,0,0,,4772,"victim","N2",0,2,1,1,"Control","Engineering","Humanities","accept","accept","both_accept","outgroup","outgroup",,,,"different",0,"Humanities"
"16","239","239s7",7,1,19,2,0,1,2.57142857142857,2.85714285714286,2.85714285714286,1,1,-9,1,0,2,0,1,2,0,0,,4773,"victim","N1",2,0,1,0,"Engineering","Control","Humanities","accept","reject","target_accept_other_reject","outgroup","outgroup",,,,"different",0,"Humanities"
"16","239","239s7",7,1,19,2,0,1,2.57142857142857,2.85714285714286,2.85714285714286,1,2,9,0,1,0,2,1,0,2,0,,4774,"victim","N2",2,0,1,0,"Engineering","Control","Humanities","reject","accept","target_reject_other_accept","outgroup","outgroup",,,,"different",0,"Humanities"
"16","239","239s8",8,1,19,2,0,1,2.57142857142857,2.85714285714286,2.85714285714286,1,1,9,0,0,0,0,1,0,0,1,,4775,"victim","N1",0,0,0,0,"Control","Control","Humanities","reject","reject","both_reject","outgroup","outgroup",,,,"same",1,"Humanities"
"16","239","239s8",8,1,19,2,0,1,2.57142857142857,2.85714285714286,2.85714285714286,1,2,9,0,0,0,0,1,0,0,1,,4776,"victim","N2",0,0,0,0,"Control","Control","Humanities","reject","reject","both_reject","outgroup","outgroup",,,,"same",1,"Humanities"
"16","239","239s9",9,1,19,2,0,1,2.57142857142857,2.85714285714286,2.85714285714286,1,1,-9,1,0,0,2,1,0,2,0,,4777,"victim","N1",0,2,1,0,"Control","Engineering","Humanities","accept","reject","target_accept_other_reject","outgroup","outgroup",,,,"different",0,"Humanities"
"16","239","239s9",9,1,19,2,0,1,2.57142857142857,2.85714285714286,2.85714285714286,1,2,9,0,1,2,0,1,2,0,0,,4778,"victim","N2",0,2,1,0,"Control","Engineering","Humanities","reject","accept","target_reject_other_accept","outgroup","outgroup",,,,"different",0,"Humanities"
"16","239","239s10",10,1,19,2,0,1,2.57142857142857,2.85714285714286,2.85714285714286,1,1,-9,1,1,2,0,1,2,0,0,,4779,"victim","N1",2,0,1,1,"Engineering","Control","Humanities","accept","accept","both_accept","outgroup","outgroup",,,,"different",0,"Humanities"
"16","239","239s10",10,1,19,2,0,1,2.57142857142857,2.85714285714286,2.85714285714286,1,2,9,1,1,0,2,1,0,2,0,,4780,"victim","N2",2,0,1,1,"Engineering","Control","Humanities","accept","accept","both_accept","outgroup","outgroup",,,,"different",0,"Humanities"
"16","240","240s6",6,1,18,2,1,2,1.85714285714286,2.28571428571429,1.71428571428571,2.28571428571429,1,9,0,0,1,1,2,2,2,1,,4791,"victim","N1",1,1,0,0,"Humanities","Humanities","Engineering","reject","reject","both_reject","outgroup","outgroup",,,,"same",1,"Engineering"
"16","240","240s6",6,1,18,2,1,2,1.85714285714286,2.28571428571429,1.71428571428571,2.28571428571429,2,9,0,0,1,1,2,2,2,1,,4792,"victim","N2",1,1,0,0,"Humanities","Humanities","Engineering","reject","reject","both_reject","outgroup","outgroup",,,,"same",1,"Engineering"
"16","240","240s7",7,1,18,2,1,2,1.85714285714286,2.28571428571429,1.71428571428571,2.28571428571429,1,-9,1,0,1,0,2,2,0,0,,4793,"victim","N1",1,0,1,0,"Humanities","Control","Engineering","accept","reject","target_accept_other_reject","outgroup","outgroup",,,,"different",0,"Engineering"
"16","240","240s7",7,1,18,2,1,2,1.85714285714286,2.28571428571429,1.71428571428571,2.28571428571429,2,9,0,1,0,1,2,0,2,0,,4794,"victim","N2",1,0,1,0,"Humanities","Control","Engineering","reject","accept","target_reject_other_accept","outgroup","outgroup",,,,"different",0,"Engineering"
"16","240","240s8",8,1,18,2,1,2,1.85714285714286,2.28571428571429,1.71428571428571,2.28571428571429,1,-9,1,0,1,0,2,2,0,0,,4795,"victim","N1",1,0,1,0,"Humanities","Control","Engineering","accept","reject","target_accept_other_reject","outgroup","outgroup",,,,"different",0,"Engineering"
"16","240","240s8",8,1,18,2,1,2,1.85714285714286,2.28571428571429,1.71428571428571,2.28571428571429,2,9,0,1,0,1,2,0,2,0,,4796,"victim","N2",1,0,1,0,"Humanities","Control","Engineering","reject","accept","target_reject_other_accept","outgroup","outgroup",,,,"different",0,"Engineering"
"16","240","240s9",9,1,18,2,1,2,1.85714285714286,2.28571428571429,1.71428571428571,2.28571428571429,1,9,0,1,0,1,2,0,2,0,,4797,"victim","N1",0,1,0,1,"Control","Humanities","Engineering","reject","accept","target_reject_other_accept","outgroup","outgroup",,,,"different",0,"Engineering"
"16","240","240s9",9,1,18,2,1,2,1.85714285714286,2.28571428571429,1.71428571428571,2.28571428571429,2,-9,1,0,1,0,2,2,0,0,,4798,"victim","N2",0,1,0,1,"Control","Humanities","Engineering","accept","reject","target_accept_other_reject","outgroup","outgroup",,,,"different",0,"Engineering"
"16","240","240s10",10,1,18,2,1,2,1.85714285714286,2.28571428571429,1.71428571428571,2.28571428571429,1,-9,1,1,2,1,2,1,2,0,,4799,"victim","N1",2,1,1,1,"Engineering","Humanities","Engineering","accept","accept","both_accept","ingroup","outgroup",,,,"different",0,"Engineering"
"16","240","240s10",10,1,18,2,1,2,1.85714285714286,2.28571428571429,1.71428571428571,2.28571428571429,2,-9,1,1,1,2,2,2,1,0,,4800,"victim","N2",2,1,1,1,"Engineering","Humanities","Engineering","accept","accept","both_accept","ingroup","outgroup",,,,"different",0,"Engineering"
"16","241","241s1",1,1,19,2,1,2,1.57142857142857,3.28571428571429,2.28571428571429,2.14285714285714,1,9,0,0,0,1,2,0,2,0,,4801,"victim","N1",0,1,0,0,"Control","Humanities","Engineering","reject","reject","both_reject","outgroup","outgroup",,,,"different",0,"Engineering"
"16","241","241s1",1,1,19,2,1,2,1.57142857142857,3.28571428571429,2.28571428571429,2.14285714285714,2,9,0,0,1,0,2,2,0,0,,4802,"victim","N2",0,1,0,0,"Control","Humanities","Engineering","reject","reject","both_reject","outgroup","outgroup",,,,"different",0,"Engineering"
"16","241","241s2",2,1,19,2,1,2,1.57142857142857,3.28571428571429,2.28571428571429,2.14285714285714,1,0,1,0,0,1,2,0,2,0,,4803,"victim","N1",0,1,1,0,"Control","Humanities","Engineering","accept","reject","target_accept_other_reject","outgroup","outgroup",,,,"different",0,"Engineering"
"16","241","241s2",2,1,19,2,1,2,1.57142857142857,3.28571428571429,2.28571428571429,2.14285714285714,2,8,0,1,1,0,2,2,0,0,,4804,"victim","N2",0,1,1,0,"Control","Humanities","Engineering","reject","accept","target_reject_other_accept","outgroup","outgroup",,,,"different",0,"Engineering"
"16","241","241s3",3,1,19,2,1,2,1.57142857142857,3.28571428571429,2.28571428571429,2.14285714285714,1,8,0,0,1,1,2,2,2,1,,4805,"victim","N1",1,1,0,0,"Humanities","Humanities","Engineering","reject","reject","both_reject","outgroup","outgroup",,,,"same",1,"Engineering"
"16","241","241s3",3,1,19,2,1,2,1.57142857142857,3.28571428571429,2.28571428571429,2.14285714285714,2,8,0,0,1,1,2,2,2,1,,4806,"victim","N2",1,1,0,0,"Humanities","Humanities","Engineering","reject","reject","both_reject","outgroup","outgroup",,,,"same",1,"Engineering"
"16","241","241s4",4,1,19,2,1,2,1.57142857142857,3.28571428571429,2.28571428571429,2.14285714285714,1,9,0,0,0,1,2,0,2,0,,4807,"victim","N1",0,1,0,0,"Control","Humanities","Engineering","reject","reject","both_reject","outgroup","outgroup",,,,"different",0,"Engineering"
"16","241","241s4",4,1,19,2,1,2,1.57142857142857,3.28571428571429,2.28571428571429,2.14285714285714,2,9,0,0,1,0,2,2,0,0,,4808,"victim","N2",0,1,0,0,"Control","Humanities","Engineering","reject","reject","both_reject","outgroup","outgroup",,,,"different",0,"Engineering"
"16","241","241s5",5,1,19,2,1,2,1.57142857142857,3.28571428571429,2.28571428571429,2.14285714285714,1,-4,1,0,1,0,2,2,0,0,,4809,"victim","N1",1,0,1,0,"Humanities","Control","Engineering","accept","reject","target_accept_other_reject","outgroup","outgroup",,,,"different",0,"Engineering"
"16","241","241s5",5,1,19,2,1,2,1.57142857142857,3.28571428571429,2.28571428571429,2.14285714285714,2,9,0,1,0,1,2,0,2,0,,4810,"victim","N2",1,0,1,0,"Humanities","Control","Engineering","reject","accept","target_reject_other_accept","outgroup","outgroup",,,,"different",0,"Engineering"
"16","242","242s6",6,1,19,2,0,2,1.71428571428571,2.71428571428571,2.14285714285714,2.14285714285714,1,-6,1,0,0,1,2,0,2,0,,4831,"victim","N1",0,1,1,0,"Control","Humanities","Engineering","accept","reject","target_accept_other_reject","outgroup","outgroup",,,,"different",0,"Engineering"
"16","242","242s6",6,1,19,2,0,2,1.71428571428571,2.71428571428571,2.14285714285714,2.14285714285714,2,7,0,1,1,0,2,2,0,0,,4832,"victim","N2",0,1,1,0,"Control","Humanities","Engineering","reject","accept","target_reject_other_accept","outgroup","outgroup",,,,"different",0,"Engineering"
"16","242","242s7",7,1,19,2,0,2,1.71428571428571,2.71428571428571,2.14285714285714,2.14285714285714,1,8,0,0,1,2,2,2,1,0,,4833,"victim","N1",1,2,0,0,"Humanities","Engineering","Engineering","reject","reject","both_reject","outgroup","ingroup",,,,"different",0,"Engineering"
"16","242","242s7",7,1,19,2,0,2,1.71428571428571,2.71428571428571,2.14285714285714,2.14285714285714,2,8,0,0,2,1,2,1,2,0,,4834,"victim","N2",1,2,0,0,"Humanities","Engineering","Engineering","reject","reject","both_reject","outgroup","ingroup",,,,"different",0,"Engineering"
"16","242","242s8",8,1,19,2,0,2,1.71428571428571,2.71428571428571,2.14285714285714,2.14285714285714,1,8,0,0,1,1,2,2,2,1,,4835,"victim","N1",1,1,0,0,"Humanities","Humanities","Engineering","reject","reject","both_reject","outgroup","outgroup",,,,"same",1,"Engineering"
"16","242","242s8",8,1,19,2,0,2,1.71428571428571,2.71428571428571,2.14285714285714,2.14285714285714,2,8,0,0,1,1,2,2,2,1,,4836,"victim","N2",1,1,0,0,"Humanities","Humanities","Engineering","reject","reject","both_reject","outgroup","outgroup",,,,"same",1,"Engineering"
"16","242","242s9",9,1,19,2,0,2,1.71428571428571,2.71428571428571,2.14285714285714,2.14285714285714,1,-7,1,0,1,1,2,2,2,1,,4837,"victim","N1",1,1,1,0,"Humanities","Humanities","Engineering","accept","reject","target_accept_other_reject","outgroup","outgroup",,,,"same",1,"Engineering"
"16","242","242s9",9,1,19,2,0,2,1.71428571428571,2.71428571428571,2.14285714285714,2.14285714285714,2,7,0,1,1,1,2,2,2,1,,4838,"victim","N2",1,1,1,0,"Humanities","Humanities","Engineering","reject","accept","target_reject_other_accept","outgroup","outgroup",,,,"same",1,"Engineering"
"16","242","242s10",10,1,19,2,0,2,1.71428571428571,2.71428571428571,2.14285714285714,2.14285714285714,1,8,0,0,1,1,2,2,2,1,,4839,"victim","N1",1,1,0,0,"Humanities","Humanities","Engineering","reject","reject","both_reject","outgroup","outgroup",,,,"same",1,"Engineering"
"16","242","242s10",10,1,19,2,0,2,1.71428571428571,2.71428571428571,2.14285714285714,2.14285714285714,2,8,0,0,1,1,2,2,2,1,,4840,"victim","N2",1,1,0,0,"Humanities","Humanities","Engineering","reject","reject","both_reject","outgroup","outgroup",,,,"same",1,"Engineering"
"16","243","243s1",1,1,19,1,1,1,3.42857142857143,2.85714285714286,2.28571428571429,3.57142857142857,1,0,1,1,2,1,1,2,1,0,,4841,"victim","N1",2,1,1,1,"Engineering","Humanities","Humanities","accept","accept","both_accept","outgroup","ingroup",,,,"different",0,"Humanities"
"16","243","243s1",1,1,19,1,1,1,3.42857142857143,2.85714285714286,2.28571428571429,3.57142857142857,2,0,1,1,1,2,1,1,2,0,,4842,"victim","N2",2,1,1,1,"Engineering","Humanities","Humanities","accept","accept","both_accept","outgroup","ingroup",,,,"different",0,"Humanities"
"16","243","243s2",2,1,19,1,1,1,3.42857142857143,2.85714285714286,2.28571428571429,3.57142857142857,1,9,0,0,1,2,1,1,2,0,,4843,"victim","N1",1,2,0,0,"Humanities","Engineering","Humanities","reject","reject","both_reject","ingroup","outgroup",,,,"different",0,"Humanities"
"16","243","243s2",2,1,19,1,1,1,3.42857142857143,2.85714285714286,2.28571428571429,3.57142857142857,2,9,0,0,2,1,1,2,1,0,,4844,"victim","N2",1,2,0,0,"Humanities","Engineering","Humanities","reject","reject","both_reject","ingroup","outgroup",,,,"different",0,"Humanities"
"16","243","243s3",3,1,19,1,1,1,3.42857142857143,2.85714285714286,2.28571428571429,3.57142857142857,1,-9,1,0,1,1,1,1,1,1,,4845,"victim","N1",1,1,1,0,"Humanities","Humanities","Humanities","accept","reject","target_accept_other_reject","ingroup","ingroup",,,,"same",1,"Humanities"
"16","243","243s3",3,1,19,1,1,1,3.42857142857143,2.85714285714286,2.28571428571429,3.57142857142857,2,9,0,1,1,1,1,1,1,1,,4846,"victim","N2",1,1,1,0,"Humanities","Humanities","Humanities","reject","accept","target_reject_other_accept","ingroup","ingroup",,,,"same",1,"Humanities"
"16","243","243s4",4,1,19,1,1,1,3.42857142857143,2.85714285714286,2.28571428571429,3.57142857142857,1,9,0,1,1,1,1,1,1,1,,4847,"victim","N1",1,1,0,1,"Humanities","Humanities","Humanities","reject","accept","target_reject_other_accept","ingroup","ingroup",,,,"same",1,"Humanities"
"16","243","243s4",4,1,19,1,1,1,3.42857142857143,2.85714285714286,2.28571428571429,3.57142857142857,2,-9,1,0,1,1,1,1,1,1,,4848,"victim","N2",1,1,0,1,"Humanities","Humanities","Humanities","accept","reject","target_accept_other_reject","ingroup","ingroup",,,,"same",1,"Humanities"
"16","243","243s5",5,1,19,1,1,1,3.42857142857143,2.85714285714286,2.28571428571429,3.57142857142857,1,9,0,1,2,0,1,2,0,0,,4849,"victim","N1",2,0,0,1,"Engineering","Control","Humanities","reject","accept","target_reject_other_accept","outgroup","outgroup",,,,"different",0,"Humanities"
"16","243","243s5",5,1,19,1,1,1,3.42857142857143,2.85714285714286,2.28571428571429,3.57142857142857,2,-9,1,0,0,2,1,0,2,0,,4850,"victim","N2",2,0,0,1,"Engineering","Control","Humanities","accept","reject","target_accept_other_reject","outgroup","outgroup",,,,"different",0,"Humanities"
